timestamp,speed_sift_ma,speed_sift_lp,speed_gt
0.049996,0.004491,0.004491,0.000000
0.100002,0.004496,0.004492,0.000000
0.150008,0.004542,0.004519,0.000000
0.200012,0.004712,0.004646,0.000000
0.250006,0.004691,0.004641,0.000000
0.300015,0.005019,0.005036,0.000000
0.350004,0.004198,0.003891,0.000000
0.400019,0.003993,0.003694,0.000000
0.450020,0.003296,0.003031,0.000000
0.500014,0.003205,0.002839,0.000000
0.550026,0.003591,0.003386,0.000000
0.600027,0.004585,0.003769,0.000000
0.650039,0.005179,0.003627,0.000000
0.700040,0.004911,0.003053,0.000000
0.750001,0.005019,0.002824,0.000000
0.800005,0.003614,0.002553,0.000000
0.850006,0.003813,0.003034,0.000000
0.900011,0.003146,0.002771,0.000000
0.950012,0.003208,0.003269,0.000000
1.000015,0.003738,0.003893,0.000000
1.050030,0.004601,0.004405,0.000000
1.100020,0.004858,0.004538,0.000000
1.150024,0.005129,0.004468,0.000000
1.200032,0.005165,0.004480,0.000000
1.250029,0.005036,0.004088,0.000000
1.300031,0.004614,0.003847,0.000000
1.350032,0.003734,0.003131,0.000000
1.400034,0.003057,0.002906,0.000000
1.450040,0.002653,0.002797,0.000000
1.500013,0.002551,0.002793,0.000000
1.552030,0.001852,0.001930,0.000000
1.600016,0.001780,0.001890,0.000000
1.650012,0.002326,0.002256,0.000000
1.700020,0.003141,0.003393,0.000000
1.750024,0.005229,0.005474,0.000000
1.800025,0.006445,0.005901,0.000000
1.850026,0.007587,0.006040,0.000000
1.900028,0.007810,0.006052,0.000000
1.950416,0.008464,0.006184,0.000000
2.000039,0.008263,0.006103,0.000000
2.050038,0.007774,0.006182,0.000000
2.100043,0.006621,0.006165,0.000000
2.150032,0.006268,0.006078,0.000000
2.200036,0.005300,0.004824,0.000000
2.250015,0.004462,0.003858,0.000000
2.300019,0.003336,0.002911,0.000000
2.350021,0.002613,0.002595,0.000000
2.400029,0.002071,0.002180,0.000000
2.450026,0.002070,0.001881,0.000000
2.500030,0.002517,0.001980,0.000000
2.550030,0.002405,0.001722,0.000000
2.600036,0.002301,0.001477,0.000000
2.650038,0.001990,0.001229,0.000000
2.700042,0.001622,0.001127,0.000000
2.750041,0.001295,0.000776,0.000000
2.800045,0.000777,0.000458,0.000000
2.850044,0.000899,0.000426,0.000000
2.900053,0.000628,0.000215,0.000000
2.950052,0.000610,0.000911,0.000000
3.000023,0.001016,0.001098,0.000000
3.055429,0.001335,0.000988,0.000000
3.100031,0.001176,0.000714,0.000000
3.150039,0.001366,0.000975,0.000000
3.200034,0.001337,0.000665,0.000000
3.250042,0.000899,0.000724,0.000000
3.300041,0.000849,0.001087,0.000000
3.350037,0.001285,0.001276,0.000000
3.400044,0.001486,0.001176,0.000000
3.450049,0.002016,0.001766,0.000000
3.500039,0.002638,0.002126,0.000000
3.551865,0.003220,0.002769,0.000000
3.600060,0.003303,0.002942,0.000000
3.650048,0.003369,0.003168,0.000000
3.700066,0.003560,0.003140,0.000000
3.750033,0.003865,0.002995,0.000000
3.800037,0.003274,0.002533,0.000000
3.850064,0.003191,0.002669,0.000000
3.900040,0.002802,0.002499,0.000000
3.950042,0.002503,0.002365,0.000000
4.000044,0.002444,0.002602,0.000000
4.050045,0.002724,0.003085,0.000000
4.100047,0.002672,0.002928,0.000000
4.150052,0.003024,0.003026,0.000000
4.200059,0.003354,0.003384,0.000000
4.250054,0.003523,0.003292,0.000000
4.300061,0.003796,0.003382,0.000000
4.350062,0.003583,0.003183,0.000000
4.400071,0.003533,0.003257,0.000000
4.450073,0.003688,0.003336,0.000000
4.500038,0.003603,0.003378,0.000000
4.550044,0.003383,0.003388,0.000000
4.600050,0.003157,0.003053,0.000000
4.650045,0.002908,0.002757,0.000000
4.700048,0.002825,0.002722,0.000000
4.750051,0.002790,0.002864,0.000000
4.800060,0.002920,0.002901,0.000000
4.850058,0.002716,0.002643,0.000000
4.900065,0.002554,0.002491,0.000000
4.950068,0.002184,0.001912,0.000000
5.000066,0.001675,0.001215,0.000000
5.050912,0.000895,0.000460,0.000000
5.100075,0.000333,0.000302,0.000000
5.150062,0.000695,0.000460,0.000000
5.200077,0.001074,0.000590,0.000000
5.250043,0.001361,0.000585,0.000000
5.300046,0.001350,0.000810,0.000000
5.350051,0.001317,0.001034,0.000000
5.400058,0.001183,0.000940,0.000000
5.450054,0.001224,0.001235,0.000000
5.500057,0.001619,0.001446,0.000000
5.550063,0.001871,0.001521,0.000000
5.600069,0.002248,0.001982,0.000000
5.650656,0.002539,0.002460,0.000000
5.700076,0.002787,0.002615,0.000000
5.762931,0.002902,0.002513,0.000000
5.800077,0.002900,0.002315,0.000000
5.850067,0.003207,0.002623,0.000000
5.900085,0.003044,0.002422,0.000000
5.950082,0.002506,0.002000,0.000000
6.000056,0.002050,0.001963,0.000000
6.050060,0.001889,0.001787,0.000000
6.100057,0.001435,0.001326,0.000000
6.150059,0.001236,0.000967,0.000000
6.200069,0.001498,0.000998,0.000000
6.250069,0.001733,0.001169,0.000000
6.300069,0.001874,0.001314,0.000000
6.350071,0.002394,0.001842,0.000000
6.400078,0.002611,0.001850,0.000000
6.450083,0.002949,0.002343,0.000000
6.500079,0.003061,0.002352,0.000000
6.550087,0.002637,0.002143,0.000000
6.600084,0.002599,0.002130,0.000000
6.650091,0.002423,0.001902,0.000000
6.700090,0.001789,0.001447,0.000000
6.750067,0.001787,0.001502,0.000000
6.800067,0.001232,0.001208,0.000000
6.850066,0.001090,0.001361,0.000000
6.900068,0.001029,0.001199,0.000000
6.950085,0.001068,0.001132,0.000000
7.000072,0.001319,0.001285,0.000000
7.050074,0.001362,0.001370,0.000000
7.100076,0.001118,0.000636,0.000000
7.150087,0.001070,0.000676,0.000000
7.200072,0.000770,0.000677,0.000000
7.250084,0.001008,0.000946,0.000000
7.300095,0.001005,0.000684,0.000000
7.350080,0.000675,0.000440,0.000000
7.400098,0.001505,0.001385,0.000000
7.450094,0.001537,0.001447,0.000000
7.500067,0.002367,0.002307,0.000000
7.550073,0.002842,0.002605,0.000000
7.600074,0.003479,0.003274,0.000000
7.650076,0.003780,0.003206,0.000000
7.700076,0.004077,0.003273,0.000000
7.750083,0.003680,0.003108,0.000000
7.801523,0.004102,0.003135,0.000000
7.850086,0.003672,0.003129,0.000000
7.900089,0.003389,0.002967,0.000000
7.950081,0.001596,0.001094,0.000000
8.000098,0.000530,0.001024,0.000000
8.050104,0.001773,0.002217,0.000000
8.100082,0.002936,0.003027,0.000000
8.150085,0.004293,0.003751,0.000000
8.200104,0.005705,0.004432,0.000000
8.250079,0.006635,0.004448,0.000000
8.300074,0.006205,0.004348,0.000000
8.350074,0.005689,0.004206,0.000000
8.400084,0.005005,0.003812,0.000000
8.450083,0.004588,0.003728,0.000000
8.500088,0.004020,0.003624,0.000000
8.550087,0.003330,0.003374,0.000000
8.600099,0.001972,0.001694,0.000000
8.650091,0.001122,0.000898,0.000000
8.700106,0.000843,0.000690,0.000000
8.750102,0.001646,0.001525,0.000000
8.800097,0.002649,0.002034,0.000000
8.850109,0.003527,0.002348,0.000000
8.900112,0.004241,0.002528,0.000000
8.952668,0.003599,0.002347,0.000000
9.000083,0.003551,0.002763,0.000000
9.052032,0.003613,0.002792,0.000000
9.100088,0.003436,0.002769,0.000000
9.150107,0.003447,0.002981,0.000000
9.200093,0.003457,0.003241,0.000000
9.250096,0.003429,0.003243,0.000000
9.300102,0.003622,0.003278,0.000000
9.350106,0.003343,0.003183,0.000000
9.400092,0.003461,0.003322,0.000000
9.450108,0.003327,0.002993,0.000000
9.500111,0.002953,0.002646,0.000000
9.550116,0.002846,0.002915,0.000000
9.600115,0.002823,0.002928,0.000000
9.650117,0.002932,0.002996,0.000000
9.700125,0.002881,0.002809,0.000000
9.750090,0.002708,0.002587,0.000000
9.800090,0.002927,0.002527,0.000000
9.850105,0.002750,0.002174,0.000000
9.900100,0.002282,0.002028,0.000000
9.950100,0.002016,0.001754,0.000000
10.000105,0.001092,0.000724,0.000000
10.050111,0.000701,0.000330,0.000000
10.100105,0.000832,0.000665,0.000000
10.150109,0.001415,0.001103,0.000000
10.200112,0.001889,0.001576,0.000000
10.250120,0.001704,0.001305,0.000000
10.300119,0.001967,0.001705,0.000000
10.350121,0.001997,0.001844,0.000000
10.400125,0.002034,0.001847,0.000000
10.450129,0.002037,0.001623,0.000000
10.500091,0.002220,0.001622,0.000000
10.550100,0.002065,0.001279,0.000000
10.600105,0.001444,0.000826,0.000000
10.650106,0.000960,0.000520,0.000000
10.700106,0.000968,0.000673,0.000000
10.750113,0.000816,0.000845,0.000000
10.800115,0.000938,0.000890,0.000000
10.850120,0.001161,0.001037,0.000000
10.900114,0.001151,0.001160,0.000000
10.950121,0.001559,0.001404,0.000000
11.000121,0.001826,0.001574,0.000000
11.050123,0.001865,0.001621,0.000000
11.100129,0.001766,0.001535,0.000000
11.150136,0.001670,0.001368,0.000000
11.200126,0.001549,0.001269,0.000000
11.250104,0.001520,0.001296,0.000000
11.320603,0.001489,0.001324,0.000000
11.350112,0.001600,0.001439,0.000000
11.400117,0.001534,0.001426,0.000000
11.450113,0.001620,0.001302,0.000000
11.500119,0.001638,0.001264,0.000000
11.550123,0.001835,0.001501,0.000000
11.600127,0.001785,0.001438,0.000000
11.650565,0.001472,0.001092,0.000000
11.700127,0.001304,0.000913,0.000000
11.750132,0.001130,0.000725,0.000000
11.800122,0.000971,0.000531,0.000000
11.850136,0.000740,0.000429,0.000000
11.900140,0.000517,0.000474,0.000000
11.950145,0.000765,0.000720,0.000000
12.000111,0.001045,0.000978,0.000000
12.051157,0.001283,0.001108,0.000000
12.100121,0.001320,0.001028,0.000000
12.150119,0.001282,0.001031,0.000000
12.200125,0.001168,0.000830,0.000000
12.250124,0.001077,0.000819,0.000000
12.300127,0.000994,0.000890,0.000000
12.350125,0.001106,0.000940,0.000000
12.400136,0.001107,0.000939,0.000000
12.450128,0.001139,0.000989,0.000000
12.500130,0.001094,0.001003,0.000000
12.550142,0.001054,0.000875,0.000000
12.600145,0.000833,0.000664,0.000000
12.650136,0.000777,0.000645,0.000000
12.700140,0.000920,0.000864,0.000000
12.750114,0.000605,0.000588,0.000000
12.800128,0.000607,0.000713,0.000000
12.850126,0.000933,0.001016,0.000000
12.900131,0.001263,0.001401,0.000000
12.950132,0.001640,0.001721,0.000000
13.000133,0.002049,0.001907,0.000000
13.050127,0.002542,0.002122,0.000000
13.100134,0.002892,0.002234,0.000000
13.150145,0.002808,0.002346,0.000000
13.200136,0.002596,0.002047,0.000000
13.250140,0.002036,0.001487,0.000000
13.300142,0.001746,0.001446,0.000000
13.350137,0.001535,0.001464,0.000000
13.400157,0.001338,0.001433,0.000000
13.450161,0.001479,0.001672,0.000000
13.500124,0.001384,0.001558,0.000000
13.550127,0.001370,0.001585,0.000000
13.600137,0.001295,0.001097,0.000000
13.650128,0.001103,0.001040,0.000000
13.700141,0.000955,0.000670,0.000000
13.750145,0.000716,0.000452,0.000000
13.800142,0.000593,0.000298,0.000000
13.850145,0.000733,0.000388,0.000000
13.900146,0.000739,0.000249,0.000000
13.950157,0.001006,0.000752,0.000000
14.000156,0.001042,0.000674,0.000000
14.050163,0.001007,0.000757,0.000000
14.100156,0.000868,0.000611,0.000000
14.150167,0.000868,0.000696,0.000000
14.200157,0.000828,0.000723,0.000000
14.250132,0.000937,0.000625,0.000000
14.300133,0.000666,0.000601,0.000000
14.350140,0.000733,0.000715,0.000000
14.400136,0.000755,0.000908,0.000000
14.450145,0.000947,0.001013,0.000000
14.500145,0.001148,0.001260,0.000000
14.561581,0.001362,0.001450,0.000000
14.600156,0.001808,0.001690,0.000000
14.650156,0.001962,0.001744,0.000000
14.700160,0.001958,0.001551,0.000000
14.750157,0.001808,0.001473,0.000000
14.800164,0.001800,0.001427,0.000000
14.850162,0.001441,0.001141,0.000000
14.900170,0.000949,0.000676,0.000000
14.950169,0.000499,0.000349,0.000000
15.000149,0.000212,0.000183,0.000000
15.050145,0.000144,0.000224,0.000000
15.100148,0.000230,0.000105,0.000000
15.150147,0.000476,0.000286,0.000000
15.200154,0.000375,0.000227,0.000000
15.250156,0.000315,0.000318,0.000000
15.300154,0.000335,0.000425,0.000000
15.350159,0.000591,0.000676,0.000000
15.400160,0.000765,0.000824,0.000000
15.450166,0.001056,0.001046,0.000000
15.500170,0.001076,0.000899,0.000000
15.550177,0.001107,0.000864,0.000000
15.600164,0.001163,0.000896,0.000000
15.650176,0.000985,0.000707,0.000000
15.700183,0.000711,0.000517,0.000000
15.750154,0.000580,0.000516,0.000000
15.800147,0.000416,0.000466,0.000000
15.850152,0.000387,0.000350,0.000000
15.900156,0.000435,0.000395,0.000000
15.950160,0.000585,0.000328,0.000000
16.000158,0.000547,0.000311,0.000000
16.050167,0.000378,0.000199,0.000000
16.100173,0.000257,0.000173,0.000000
16.150164,0.000282,0.000430,0.000000
16.200171,0.000276,0.000458,0.000000
16.250177,0.000735,0.000683,0.000000
16.300181,0.000780,0.000671,0.000000
16.350176,0.000924,0.000672,0.000000
16.400183,0.000943,0.000675,0.000000
16.450185,0.000889,0.000697,0.000000
16.500157,0.000898,0.000733,0.000000
16.550161,0.001001,0.000822,0.000000
16.600159,0.001017,0.000926,0.000000
16.650168,0.000898,0.000859,0.000000
16.700168,0.001056,0.001035,0.000000
16.750170,0.001125,0.001047,0.000000
16.800172,0.001197,0.001007,0.000000
16.850171,0.001221,0.000898,0.000000
16.900179,0.001156,0.000767,0.000000
16.960123,0.001108,0.000638,0.000000
17.000175,0.000904,0.000579,0.000000
17.050191,0.000558,0.000406,0.000000
17.100180,0.000364,0.000416,0.000000
17.150197,0.000227,0.000367,0.000000
17.200192,0.000116,0.000235,0.000000
17.250160,0.000212,0.000139,0.000000
17.300167,0.000308,0.000286,0.000000
17.350170,0.000563,0.000516,0.000000
17.400169,0.000549,0.000477,0.000000
17.450176,0.000668,0.000591,0.000000
17.500173,0.000749,0.000595,0.000000
17.550171,0.000736,0.000657,0.000000
17.600179,0.000867,0.000679,0.000000
17.650183,0.000735,0.000579,0.000000
17.700182,0.000669,0.000617,0.000000
17.750194,0.000642,0.000542,0.000000
17.800187,0.000478,0.000409,0.000000
17.850198,0.000340,0.000335,0.000000
17.900191,0.000293,0.000273,0.000000
17.950201,0.000239,0.000139,0.000000
18.000176,0.000235,0.000270,0.000000
18.050175,0.000264,0.000288,0.000000
18.100180,0.000305,0.000272,0.000000
18.150178,0.000470,0.000435,0.000000
18.200178,0.000504,0.000431,0.000000
18.250188,0.000572,0.000566,0.000000
18.300188,0.000702,0.000631,0.000000
18.350189,0.000878,0.000675,0.000000
18.400190,0.000873,0.000597,0.000000
18.450199,0.000830,0.000663,0.000000
18.500188,0.000684,0.000634,0.000000
18.550202,0.000515,0.000353,0.000000
18.600201,0.000578,0.000349,0.000000
18.650195,0.000383,0.000363,0.000000
18.700208,0.000282,0.000388,0.000000
18.750175,0.000344,0.000506,0.000000
18.800176,0.000366,0.000572,0.000000
18.869976,0.000508,0.000622,0.000000
18.900185,0.000742,0.000840,0.000000
18.950187,0.000867,0.000764,0.000000
19.000197,0.001022,0.000917,0.000000
19.059959,0.001006,0.000796,0.000000
19.100203,0.001225,0.001059,0.000000
19.150200,0.001240,0.000967,0.000000
19.200204,0.001154,0.000795,0.000000
19.250206,0.000922,0.000713,0.000000
19.300198,0.000911,0.000738,0.000000
19.350200,0.000993,0.000977,0.000000
19.400203,0.000915,0.000840,0.000000
19.450208,0.000757,0.000780,0.000000
19.500191,0.000818,0.000726,0.000000
19.550187,0.001215,0.001137,0.000000
19.600185,0.001361,0.001316,0.000000
19.650198,0.001260,0.001063,0.000000
19.700195,0.001277,0.001109,0.000000
19.750205,0.001478,0.001221,0.000000
19.800202,0.001498,0.001088,0.000000
19.850196,0.001330,0.000931,0.000000
19.900202,0.001055,0.000929,0.000000
19.950209,0.000843,0.000807,0.000000
20.000215,0.000965,0.000811,0.000000
20.050224,0.000893,0.000831,0.000000
20.100208,0.000849,0.000886,0.000000
20.150217,0.001004,0.000993,0.000000
20.200234,0.000969,0.000956,0.000000
20.250191,0.001181,0.001111,0.000000
20.300195,0.001390,0.001235,0.000000
20.350198,0.001651,0.001467,0.000000
20.400200,0.002055,0.001875,0.000000
20.451708,0.002276,0.001947,0.000000
20.500206,0.002575,0.002069,0.000000
20.550206,0.002646,0.002157,0.000000
20.609827,0.002458,0.001895,0.000000
20.650220,0.002128,0.001513,0.000000
20.700214,0.001813,0.001317,0.000000
20.750218,0.001466,0.001101,0.000000
20.800219,0.001101,0.000768,0.000000
20.850219,0.000886,0.000566,0.000000
20.900227,0.001142,0.000849,0.000000
20.950237,0.001395,0.001020,0.000000
21.000197,0.001642,0.001304,0.000000
21.051583,0.001945,0.001537,0.000000
21.100205,0.002221,0.001697,0.000000
21.150204,0.002710,0.002257,0.000000
21.200205,0.002659,0.002255,0.000000
21.250210,0.002497,0.001985,0.000000
21.300214,0.002445,0.001967,0.000000
21.370390,0.002147,0.001653,0.000000
21.400213,0.002019,0.001658,0.000000
21.450221,0.001621,0.001258,0.000000
21.500217,0.000866,0.000835,0.000000
21.550223,0.000784,0.000850,0.000000
21.600229,0.000637,0.000596,0.000000
21.650239,0.000924,0.000667,0.000000
21.700225,0.000929,0.000515,0.000000
21.750204,0.000984,0.000447,0.000000
21.800210,0.000927,0.000347,0.000000
21.850213,0.000626,0.000135,0.000000
21.900214,0.000489,0.000246,0.000000
21.969705,0.000388,0.000315,0.000000
22.000221,0.000800,0.000758,0.000000
22.050223,0.001192,0.001258,0.000000
22.100223,0.001355,0.001215,0.000000
22.150229,0.001423,0.001194,0.000000
22.200227,0.001145,0.000746,0.000000
22.250235,0.001092,0.000614,0.000000
22.300232,0.000933,0.000310,0.000000
22.350235,0.000503,0.000338,0.000000
22.400235,0.000402,0.000349,0.000000
22.450240,0.000777,0.000606,0.000000
22.500210,0.001211,0.000839,0.000000
22.550212,0.001325,0.001068,0.000000
22.600222,0.001688,0.001344,0.000000
22.650217,0.001925,0.001601,0.000000
22.700222,0.001930,0.001787,0.000000
22.750229,0.002203,0.001880,0.000000
22.800224,0.002244,0.001952,0.000000
22.850229,0.001823,0.001377,0.000000
22.900237,0.001448,0.000920,0.000000
22.950233,0.001123,0.000678,0.000000
23.000242,0.000710,0.000577,0.000000
23.059614,0.000640,0.000572,0.000000
23.100245,0.000898,0.000602,0.000000
23.150254,0.000916,0.000420,0.000000
23.200256,0.000758,0.000388,0.000000
23.250280,0.000748,0.000494,0.000000
23.300229,0.000728,0.000517,0.000000
23.350227,0.000428,0.000516,0.000000
23.400227,0.000503,0.000592,0.000000
23.450227,0.000516,0.000665,0.000000
23.500237,0.000861,0.000796,0.000000
23.550240,0.001119,0.000998,0.000000
23.600239,0.001161,0.000952,0.000000
23.650244,0.001153,0.001039,0.000000
23.700239,0.001403,0.001310,0.000000
23.750237,0.001420,0.001281,0.000000
23.809551,0.001445,0.001253,0.000000
23.850256,0.001103,0.000820,0.000000
23.900256,0.000968,0.000824,0.000000
23.950257,0.000810,0.000609,0.000000
24.000226,0.000611,0.000447,0.000000
24.050240,0.000430,0.000330,0.000000
24.100229,0.000653,0.000560,0.000000
24.159521,0.000890,0.000647,0.000000
24.209670,0.000962,0.000816,0.000000
24.250242,0.001284,0.000955,0.000000
24.300237,0.001426,0.001043,0.000000
24.350246,0.001518,0.001105,0.000000
24.400268,0.001591,0.001236,0.000000
24.450245,0.001477,0.001275,0.000000
24.500248,0.001618,0.001448,0.000000
24.550248,0.001796,0.001700,0.000000
24.600261,0.001734,0.001567,0.000000
24.650259,0.001703,0.001496,0.000000
24.700276,0.001575,0.001279,0.000000
24.750229,0.001651,0.001425,0.000000
24.800241,0.001551,0.001363,0.000000
24.850238,0.001369,0.001232,0.000000
24.900243,0.001151,0.001189,0.000000
24.950250,0.001015,0.000989,0.000000
25.000250,0.000959,0.000989,0.000000
25.050251,0.000816,0.000707,0.000000
25.100253,0.000471,0.000498,0.000000
25.150255,0.000327,0.000384,0.000000
25.200254,0.000245,0.000333,0.000000
25.250253,0.000160,0.000439,0.000000
25.300267,0.000245,0.000379,0.000000
25.350257,0.000598,0.000506,0.000000
25.400271,0.000771,0.000646,0.000000
25.450262,0.000778,0.000612,0.000000
25.500244,0.000844,0.000591,0.000000
25.550246,0.000929,0.000587,0.000000
25.600246,0.000934,0.000707,0.000000
25.650251,0.000934,0.000760,0.000000
25.700257,0.000921,0.000824,0.000000
25.750252,0.000992,0.001112,0.000000
25.800263,0.000986,0.001044,0.000000
25.850257,0.001195,0.001046,0.000000
25.900280,0.001241,0.000883,0.000000
25.950279,0.001119,0.000647,0.000000
26.000270,0.001203,0.000932,0.000000
26.050272,0.001261,0.001120,0.000000
26.100263,0.001334,0.001442,0.000000
26.150280,0.001404,0.001422,0.000000
26.200306,0.001620,0.001608,0.000000
26.250242,0.001847,0.001668,0.000000
26.300252,0.001979,0.001591,0.000000
26.350258,0.001794,0.001423,0.000000
26.400258,0.001494,0.001149,0.000000
26.450269,0.001229,0.001034,0.000000
26.500281,0.001135,0.000956,0.000000
26.550262,0.001121,0.001018,0.000000
26.609944,0.001172,0.001041,0.000000
26.650266,0.001289,0.001066,0.000000
26.700284,0.001358,0.000988,0.000000
26.760576,0.001135,0.000775,0.000000
26.800282,0.001039,0.000747,0.000000
26.850284,0.001042,0.000846,0.000000
26.900290,0.000729,0.000672,0.000000
26.950295,0.000548,0.000544,0.000000
27.000259,0.000648,0.000634,0.000000
27.050262,0.000894,0.000820,0.000000
27.100266,0.001195,0.001230,0.000000
27.150267,0.001530,0.001483,0.000000
27.200268,0.002043,0.001672,0.000000
27.259268,0.002459,0.001975,0.000000
27.319273,0.003696,0.003592,0.000000
27.350277,0.004515,0.004551,0.000000
27.407345,0.005401,0.005289,0.000000
27.451429,0.006635,0.006530,0.000000
27.500287,0.009265,0.009349,0.000000
27.550287,0.011425,0.011042,0.000000
27.609863,0.012842,0.011453,0.000000
27.650292,0.014961,0.014179,0.000000
27.700289,0.017198,0.016110,0.000000
27.750264,0.019397,0.017590,0.000000
27.800270,0.021052,0.018624,0.000000
27.850267,0.021377,0.019537,0.000000
27.900272,0.022080,0.020209,0.000000
27.950277,0.023323,0.020562,0.000000
28.000280,0.022764,0.020673,0.000000
28.050288,0.022386,0.020747,0.000000
28.100281,0.021138,0.019532,0.000000
28.150287,0.020111,0.018742,0.000000
28.200280,0.019079,0.018198,0.000000
28.250293,0.017808,0.017376,0.000000
28.300289,0.016750,0.016844,0.000000
28.350286,0.015668,0.016184,0.000000
28.400293,0.014695,0.015789,0.000000
28.450301,0.014652,0.015507,0.000000
28.519803,0.014446,0.015238,0.000000
28.550273,0.014271,0.015152,0.000000
28.600280,0.014636,0.015442,0.000000
28.650277,0.014470,0.015061,0.000000
28.700281,0.014369,0.014610,0.000000
28.750282,0.013949,0.013944,0.000000
28.800281,0.013301,0.013118,0.000000
28.850315,0.012558,0.012277,0.000000
28.900289,0.011645,0.011478,0.000000
28.950296,0.010269,0.010573,0.000000
29.000300,0.009575,0.010185,0.000000
29.050295,0.008879,0.009751,0.000000
29.100307,0.008268,0.009189,0.000000
29.150303,0.007052,0.007593,0.000000
29.200313,0.006188,0.006661,0.000000
29.250274,0.005225,0.005575,0.000000
29.300276,0.004414,0.004700,0.000000
29.350279,0.003232,0.003848,0.000000
29.400283,0.002129,0.003245,0.000000
29.450292,0.001414,0.002925,0.000000
29.500293,0.001791,0.002700,0.000000
29.550290,0.002034,0.002551,0.000000
29.624876,0.002332,0.002359,0.000000
29.650298,0.003120,0.002887,0.000000
29.700302,0.003099,0.002544,0.000000
29.750295,0.002961,0.002355,0.000000
29.800303,0.002537,0.002125,0.000000
29.850313,0.002304,0.001816,0.000000
29.900322,0.002081,0.001618,0.000000
29.950314,0.001842,0.001454,0.000000
30.000281,0.001243,0.001521,0.000000
30.050282,0.001220,0.001552,0.000000
30.100289,0.001399,0.001507,0.000000
30.150291,0.001250,0.001320,0.000000
30.200294,0.001279,0.000870,0.000000
30.250294,0.001399,0.000863,0.000000
30.300302,0.001223,0.000902,0.000000
30.350315,0.001068,0.000823,0.000000
30.400315,0.001063,0.001072,0.000000
30.450309,0.001529,0.001596,0.000000
30.500317,0.001867,0.001737,0.000000
30.550324,0.002666,0.002797,0.000000
30.600337,0.003850,0.004287,0.000000
30.650318,0.005093,0.005457,0.000000
30.700327,0.006676,0.006800,0.000000
30.750291,0.008309,0.008047,0.000000
30.800293,0.010212,0.009468,0.000000
30.850297,0.012341,0.010813,0.000000
30.900299,0.013875,0.012458,0.000000
30.950310,0.015380,0.014206,0.000000
31.000300,0.016765,0.015381,0.000000
31.050351,0.017792,0.016164,0.000000
31.100317,0.018875,0.017005,0.000000
31.150312,0.019776,0.017925,0.000000
31.200428,0.022899,0.021999,0.000000
31.250323,0.025877,0.025619,0.000000
31.300330,0.028611,0.028576,0.000000
31.350319,0.031711,0.031224,0.000000
31.400322,0.034811,0.033164,0.000000
31.450333,0.037809,0.034797,0.000000
31.500303,0.040864,0.036481,0.000000
31.550297,0.044033,0.041279,0.000000
31.600301,0.047929,0.046495,0.000000
31.650309,0.052951,0.052304,0.000000
31.700382,0.056155,0.054652,0.000000
31.750312,0.060186,0.057605,0.000000
31.800310,0.069300,0.067108,0.000000
31.850324,0.077225,0.073433,0.000000
31.900315,0.082440,0.078107,0.000000
31.950325,0.085797,0.080650,0.000000
32.000350,0.088902,0.083987,0.000000
32.050326,0.094183,0.087373,0.000000
32.100334,0.100825,0.093027,0.000000
32.150331,0.103036,0.098521,0.000000
32.200336,0.107069,0.104226,0.000000
32.250304,0.111801,0.109415,0.000000
32.300313,0.119533,0.116547,0.000000
32.350309,0.124391,0.119528,0.000000
32.400317,0.133059,0.127838,0.000000
32.450317,0.141004,0.136610,0.000000
32.500319,0.147558,0.142569,0.000000
32.550318,0.154776,0.149586,0.000000
32.600320,0.160487,0.153652,0.000000
32.650330,0.165505,0.158963,0.000000
32.700319,0.173670,0.164916,0.000000
32.750343,0.176678,0.168314,0.000000
32.800331,0.178943,0.172209,0.000000
32.850338,0.184174,0.178359,0.000000
32.900332,0.186000,0.180797,0.000000
32.950327,0.187602,0.180874,0.000000
33.010663,0.190311,0.184574,0.000000
33.050320,0.191043,0.186408,0.000000
33.100321,0.193483,0.188907,0.000000
33.150647,0.193118,0.188131,0.000000
33.200325,0.188368,0.184436,0.000000
33.250327,0.184015,0.179575,0.000000
33.300334,0.181599,0.176521,0.000000
33.350328,0.176035,0.173252,0.000000
33.400331,0.172222,0.172026,0.000000
33.450333,0.167735,0.171175,0.000000
33.518748,0.164514,0.169440,0.000000
33.558739,0.164050,0.168831,0.000000
33.600346,0.169499,0.174687,0.000000
33.650345,0.170690,0.174286,0.000000
33.700359,0.170105,0.170621,0.000000
33.750319,0.169690,0.169373,0.000000
33.800320,0.169215,0.168384,0.000000
33.850329,0.168703,0.166488,0.000000
33.900331,0.168170,0.165709,0.000000
33.950328,0.161988,0.163552,0.000000
34.000332,0.157842,0.159580,0.000000
34.050332,0.154357,0.153979,0.000000
34.100338,0.149204,0.148846,0.000000
34.150337,0.142455,0.142520,0.000000
34.200339,0.137884,0.139405,0.000000
34.250343,0.132584,0.136648,0.000000
34.300352,0.121447,0.124692,0.000000
34.369923,0.112888,0.116471,0.000000
34.400351,0.105752,0.109468,0.000000
34.450367,0.099137,0.103934,0.000000
34.500332,0.089845,0.093482,0.000000
34.550329,0.077000,0.082363,0.000000
34.600335,0.066170,0.075869,0.000000
34.650341,0.057729,0.064253,0.000000
34.700342,0.046933,0.053008,0.000000
34.750341,0.035332,0.042456,0.000000
34.800347,0.022354,0.032157,0.000000
34.850344,0.014464,0.025000,0.000000
34.900349,0.008962,0.019826,0.000000
34.950347,0.001366,0.015239,0.000000
35.000359,0.001389,0.011948,0.000000
35.050359,0.003460,0.008317,0.000000
35.100356,0.004072,0.005829,0.000000
35.150359,0.003194,0.004112,0.000000
35.200353,0.002770,0.003423,0.000000
35.250333,0.002754,0.002708,0.000000
35.300335,0.002429,0.002267,0.000000
35.350337,0.002732,0.001957,0.000000
35.400348,0.002456,0.001884,0.000000
35.450344,0.002323,0.001822,0.000000
35.500353,0.001871,0.001462,0.000000
35.550347,0.001593,0.001282,0.000000
35.600350,0.001642,0.001303,0.000000
35.650356,0.001561,0.001109,0.000000
35.700370,0.001384,0.001240,0.000000
35.750361,0.001190,0.001037,0.000000
35.800358,0.001362,0.001027,0.000000
35.850364,0.001314,0.001031,0.000000
35.900373,0.001480,0.001365,0.000000
35.950368,0.001372,0.001168,0.000000
36.000339,0.001355,0.001169,0.000000
36.050347,0.001322,0.001066,0.000000
36.100344,0.001169,0.000882,0.000000
36.150351,0.000977,0.000863,0.000000
36.200348,0.000996,0.000865,0.000000
36.250351,0.000649,0.000553,0.000000
36.300353,0.000669,0.000765,0.000000
36.356903,0.000743,0.000787,0.000000
36.400365,0.001146,0.001066,0.000000
36.450373,0.001120,0.000884,0.000000
36.500362,0.001396,0.000994,0.000000
36.550371,0.001321,0.000810,0.000000
36.600384,0.001327,0.000862,0.000000
36.650367,0.000945,0.000916,0.000000
36.700372,0.000959,0.001037,0.000000
36.750346,0.001176,0.001275,0.000000
36.800350,0.001530,0.001395,0.000000
36.850357,0.002457,0.002366,0.000000
36.900362,0.002817,0.002780,0.000000
36.950367,0.003501,0.003556,0.000000
37.000369,0.004295,0.004252,0.000000
37.050376,0.005182,0.004967,0.000000
37.100365,0.005626,0.005036,0.000000
37.150377,0.006177,0.005151,0.000000
37.200371,0.005825,0.004998,0.000000
37.250366,0.006026,0.005110,0.000000
37.300373,0.005969,0.005066,0.000000
37.360698,0.005421,0.004786,0.000000
37.400383,0.004925,0.004558,0.000000
37.450394,0.004701,0.004312,0.000000
37.500353,0.003336,0.002720,0.000000
37.550362,0.001902,0.001320,0.000000
37.600367,0.000617,0.000396,0.000000
37.650361,0.001242,0.001295,0.000000
37.700368,0.002764,0.002486,0.000000
37.750367,0.004230,0.003224,0.000000
37.800372,0.005680,0.003924,0.000000
37.868382,0.006115,0.004520,0.000000
37.900381,0.006448,0.005250,0.000000
37.950386,0.006402,0.004869,0.000000
38.001025,0.005991,0.004581,0.000000
38.050385,0.005505,0.004421,0.000000
38.100393,0.005104,0.004245,0.000000
38.150378,0.004621,0.004071,0.000000
38.200390,0.003818,0.003507,0.000000
38.250361,0.002323,0.002218,0.000000
38.300368,0.001869,0.001994,0.000000
38.350370,0.001749,0.002022,0.000000
38.400368,0.001900,0.002037,0.000000
38.450376,0.002453,0.002057,0.000000
38.500378,0.003149,0.002408,0.000000
38.550376,0.003516,0.002486,0.000000
38.600381,0.003300,0.002242,0.000000
38.655586,0.003070,0.002134,0.000000
38.700394,0.002866,0.002088,0.000000
38.750387,0.002476,0.002058,0.000000
38.800391,0.002345,0.002227,0.000000
38.850398,0.001989,0.002086,0.000000
38.900407,0.001820,0.001837,0.000000
38.950405,0.001975,0.001899,0.000000
39.000369,0.002248,0.002130,0.000000
39.050375,0.002847,0.002762,0.000000
39.100380,0.003321,0.003274,0.000000
39.150874,0.004498,0.004298,0.000000
39.200382,0.005801,0.005220,0.000000
39.250385,0.006643,0.005945,0.000000
39.300390,0.007443,0.006685,0.000000
39.350385,0.008166,0.007172,0.000000
39.400387,0.009352,0.008686,0.000000
39.450405,0.010423,0.009535,0.000000
39.500400,0.010866,0.009965,0.000000
39.550404,0.011390,0.010528,0.000000
39.600402,0.011509,0.010361,0.000000
39.650411,0.011468,0.010112,0.000000
39.720100,0.011568,0.010038,0.000000
39.750377,0.010945,0.010142,0.000000
39.800387,0.010574,0.010208,0.000000
39.850387,0.010433,0.010349,0.000000
39.900392,0.011165,0.011838,0.000000
39.950394,0.012218,0.012844,0.000000
40.000392,0.013641,0.013990,0.000000
40.050392,0.015049,0.015107,0.000000
40.118196,0.016074,0.015683,0.000000
40.150395,0.017409,0.016526,0.000000
40.200398,0.019038,0.017695,0.000000
40.278189,0.018781,0.017371,0.000000
40.300407,0.019710,0.018594,0.000000
40.350415,0.020982,0.020350,0.000000
40.400416,0.022516,0.022352,0.000000
40.450418,0.025790,0.026054,0.000000
40.500388,0.028512,0.028666,0.000000
40.550389,0.030643,0.030403,0.000000
40.600394,0.033916,0.032137,0.000000
40.650396,0.036315,0.033614,0.000000
40.700411,0.037896,0.034623,0.000000
40.750408,0.039295,0.035766,0.000000
40.800406,0.039136,0.036559,0.000000
40.850405,0.039261,0.037244,0.000000
40.900421,0.040793,0.039406,0.000000
40.950408,0.042025,0.041078,0.000000
41.000417,0.043389,0.042691,0.000000
41.050423,0.044959,0.044092,0.000000
41.100431,0.046643,0.045706,0.000000
41.150420,0.048409,0.046978,0.000000
41.200433,0.051381,0.049738,0.000000
41.250393,0.052804,0.051396,0.000000
41.300395,0.054672,0.053272,0.000000
41.350399,0.056645,0.055222,0.000000
41.400403,0.059650,0.058318,0.000000
41.450406,0.062144,0.060543,0.000000
41.500403,0.064702,0.062460,0.000000
41.550404,0.066222,0.064264,0.000000
41.600422,0.068341,0.065987,0.000000
41.650418,0.071699,0.069646,0.000000
41.700417,0.075468,0.073615,0.000000
41.750423,0.077322,0.075615,0.000000
41.800421,0.079290,0.077083,0.000000
41.850426,0.081219,0.078382,0.000000
41.900422,0.082918,0.079409,0.000000
41.950437,0.084582,0.080450,0.000000
42.000416,0.085182,0.082058,0.000000
42.050431,0.085725,0.084312,0.000000
42.100402,0.086811,0.085698,0.000000
42.150413,0.088063,0.086896,0.000000
42.200424,0.089705,0.088517,0.000000
42.250409,0.091464,0.089953,0.000000
42.300429,0.094775,0.093541,0.000000
42.350416,0.097341,0.096102,0.000000
42.400418,0.098604,0.097328,0.000000
42.468629,0.100710,0.099093,0.000000
42.500434,0.103776,0.101866,0.000000
42.578211,0.104967,0.102194,0.000000
42.600432,0.109212,0.107108,0.000000
42.650423,0.109896,0.108097,0.000000
42.700451,0.110963,0.109148,0.000000
42.750407,0.113511,0.111198,0.000000
42.800414,0.114591,0.111484,0.000000
42.850411,0.114870,0.112416,0.000000
42.905341,0.116374,0.112526,0.000000
42.950421,0.114942,0.113495,0.000000
43.000413,0.116861,0.115947,0.000000
43.050421,0.118159,0.117292,0.000000
43.100423,0.118301,0.117929,0.000000
43.150429,0.118830,0.117634,0.000000
43.200435,0.119733,0.118587,0.000000
43.250428,0.120371,0.118376,0.000000
43.300434,0.119959,0.117527,0.000000
43.350440,0.118359,0.116916,0.000000
43.400456,0.117003,0.116160,0.000000
43.450444,0.115615,0.115093,0.000000
43.500414,0.114219,0.113420,0.000000
43.550417,0.111543,0.111451,0.000000
43.609158,0.110210,0.110860,0.000000
43.650421,0.109230,0.110155,0.000000
43.700429,0.107015,0.107903,0.000000
43.750433,0.105267,0.106513,0.000000
43.800432,0.103614,0.105064,0.000000
43.850433,0.102699,0.104114,0.000000
43.900435,0.102911,0.104315,0.000000
43.950433,0.102373,0.104394,0.000000
44.000450,0.102572,0.105295,0.000000
44.050447,0.103704,0.105578,0.000000
44.100451,0.105428,0.107021,0.000000
44.150448,0.106911,0.107471,0.000000
44.200452,0.108045,0.107599,0.000000
44.250419,0.108781,0.108157,0.000000
44.300424,0.109304,0.108243,0.000000
44.350426,0.109239,0.108358,0.000000
44.400434,0.110122,0.109265,0.000000
44.450432,0.109923,0.109691,0.000000
44.500441,0.109656,0.109232,0.000000
44.550438,0.109605,0.108929,0.000000
44.600451,0.109140,0.108564,0.000000
44.650436,0.108920,0.108237,0.000000
44.700447,0.108570,0.107880,0.000000
44.750451,0.107601,0.107524,0.000000
44.800453,0.106757,0.107125,0.000000
44.850448,0.106127,0.106294,0.000000
44.900449,0.105315,0.105453,0.000000
44.950462,0.104996,0.105343,0.000000
45.000423,0.104405,0.104840,0.000000
45.050431,0.104360,0.105097,0.000000
45.100432,0.104824,0.105917,0.000000
45.159028,0.104544,0.105452,0.000000
45.200438,0.104965,0.105544,0.000000
45.250441,0.105481,0.105598,0.000000
45.300445,0.106658,0.107121,0.000000
45.350443,0.107368,0.107248,0.000000
45.400440,0.105053,0.103720,0.000000
45.450454,0.106003,0.106148,0.000000
45.508997,0.106050,0.105740,0.000000
45.550464,0.107278,0.107536,0.000000
45.600469,0.108062,0.108308,0.000000
45.650468,0.110989,0.113361,0.000000
45.700465,0.115051,0.117920,0.000000
45.750440,0.122246,0.122297,0.000000
45.800438,0.123717,0.123090,0.000000
45.850442,0.127794,0.125014,0.000000
45.900448,0.131279,0.127824,0.000000
45.950444,0.137778,0.133587,0.000000
46.000452,0.142923,0.140819,0.000000
46.050447,0.148294,0.147416,0.000000
46.107693,0.149643,0.147793,0.000000
46.150455,0.155035,0.151027,0.000000
46.200456,0.162947,0.158405,0.000000
46.250457,0.168489,0.162330,0.000000
46.300461,0.167671,0.160064,0.000000
46.350470,0.169242,0.164228,0.000000
46.400467,0.170722,0.168203,0.000000
46.450474,0.171952,0.166129,0.000000
46.500442,0.173389,0.167629,0.000000
46.550447,0.170826,0.168105,0.000000
46.600443,0.171963,0.171693,0.000000
46.650453,0.177394,0.175198,0.000000
46.700452,0.177627,0.176665,0.000000
46.750458,0.177020,0.177306,0.000000
46.800457,0.181382,0.179522,0.000000
46.850458,0.183256,0.180971,0.000000
46.900460,0.186447,0.183242,0.000000
46.950466,0.191892,0.191428,0.000000
47.000467,0.194997,0.195318,0.000000
47.050473,0.200035,0.199748,0.000000
47.100467,0.213319,0.214331,0.000000
47.150477,0.225326,0.226038,0.000000
47.200475,0.237550,0.235291,0.000000
47.250452,0.248392,0.241909,0.000000
47.300455,0.255761,0.248685,0.000000
47.350452,0.264434,0.253266,0.000000
47.400470,0.272757,0.257721,0.000000
47.450457,0.275442,0.264480,0.000000
47.500459,0.277896,0.269602,0.000000
47.550463,0.282277,0.276242,0.000000
47.600471,0.286031,0.279918,0.000000
47.650474,0.292470,0.288095,0.000000
47.700458,0.298151,0.292766,0.000000
47.750474,0.303758,0.297155,0.000000
47.800480,0.307287,0.301024,0.000000
47.850496,0.311381,0.304618,0.000000
47.900483,0.317562,0.312789,0.000000
47.950485,0.331997,0.329361,0.000000
48.000457,0.347561,0.349308,0.000000
48.050461,0.366461,0.368184,0.000000
48.100463,0.389372,0.389528,0.000000
48.150460,0.411565,0.406061,0.000000
48.200464,0.428143,0.411825,0.000000
48.250490,0.439432,0.414217,0.000000
48.300468,0.445602,0.419407,0.000000
48.350474,0.457895,0.438729,0.000000
48.400555,0.470165,0.456344,0.000000
48.450476,0.478515,0.471838,0.000000
48.500483,0.487706,0.484921,0.000000
48.576265,0.498404,0.489930,0.000000
48.600470,0.518056,0.504538,0.000000
48.650495,0.530304,0.508800,0.000000
48.700481,0.530788,0.510898,0.000000
48.750459,0.527121,0.508943,0.000000
48.800470,0.512690,0.493751,0.000000
48.850462,0.499917,0.484540,0.000000
48.900469,0.490319,0.476200,0.000000
48.950470,0.476964,0.474308,0.000000
49.000473,0.465415,0.468511,0.000000
49.050481,0.453770,0.462613,0.000000
49.100477,0.443834,0.456476,0.000000
49.166891,0.441806,0.448964,0.000000
49.200478,0.436670,0.441568,0.000000
49.250482,0.436510,0.441610,0.000000
49.300484,0.423362,0.428184,0.000000
49.350498,0.417466,0.423399,0.000000
49.400497,0.402904,0.406135,0.000000
49.450501,0.396182,0.401949,0.000000
49.500474,0.380634,0.383717,0.000000
49.550470,0.364170,0.366103,0.000000
49.600473,0.356309,0.370087,0.000000
49.650476,0.348278,0.359668,0.000000
49.700477,0.338226,0.354397,0.000000
49.766745,0.332151,0.342411,0.000000
49.800489,0.336459,0.357329,0.000000
49.850493,0.336545,0.348175,0.000000
49.900495,0.343232,0.347035,0.000000
49.950493,0.334731,0.342871,0.000000
50.000497,0.340946,0.346351,0.000000
50.050497,0.338648,0.340506,0.000000
50.100497,0.344429,0.339535,0.000000
50.150509,0.333689,0.340156,0.000000
50.200501,0.332608,0.332934,0.000000
50.250472,0.336525,0.340325,0.000000
50.300477,0.330972,0.329702,0.000000
50.350484,0.320798,0.321574,0.000000
50.400482,0.319869,0.319342,0.000000
50.450480,0.314548,0.315246,0.000000
50.500487,0.302792,0.304182,0.000000
50.550496,0.310137,0.314407,0.000000
50.600492,0.310570,0.326082,0.000000
50.650498,0.317074,0.327357,0.000000
50.700512,0.324987,0.330822,0.000000
50.750497,0.335695,0.341748,0.000000
50.800504,0.343229,0.343800,0.000000
50.850507,0.354619,0.342976,0.000000
50.900497,0.331408,0.312952,2.056704
50.950521,0.317891,0.305889,6.357965
51.000487,0.282750,0.261692,6.357965
51.050487,0.261862,0.248763,6.357965
51.100493,0.234909,0.237984,6.357965
51.150489,0.221640,0.241970,6.357965
51.200491,0.226382,0.268644,6.357965
51.250498,0.227637,0.255404,6.357965
51.300495,0.218885,0.247877,6.357965
51.350507,0.239684,0.244547,6.357965
51.400507,0.249157,0.248472,6.357965
51.457872,0.255428,0.246514,6.357965
51.500513,0.251425,0.243311,6.357965
51.550516,0.231118,0.240819,6.357965
51.600519,0.241515,0.247869,6.357965
51.650519,0.249052,0.252559,6.357965
51.700523,0.254854,0.256506,6.357965
51.750492,0.256749,0.260856,6.357965
51.800494,0.265456,0.268626,6.357965
51.850495,0.279896,0.281022,6.357965
51.900500,0.292421,0.288497,5.097325
51.950506,0.312014,0.313397,2.629525
52.000504,0.341638,0.346287,2.629525
52.050510,0.387122,0.395251,2.629525
52.100514,0.405401,0.397651,2.629525
52.150515,0.422052,0.401410,2.629525
52.200512,0.442228,0.415480,2.629525
52.250523,0.459902,0.420701,2.629525
52.300513,0.461824,0.421855,2.629525
52.350526,0.460534,0.431284,2.629525
52.400527,0.443510,0.439441,2.629525
52.450526,0.460274,0.456412,2.629525
52.500499,0.482494,0.479620,2.629525
52.550504,0.492460,0.491999,2.629525
52.600500,0.498252,0.490016,2.629525
52.672255,0.514267,0.499699,2.629525
52.700507,0.522796,0.505434,2.629525
52.750504,0.553471,0.541782,2.629525
52.800519,0.539934,0.519342,2.629525
52.850512,0.549241,0.542996,2.629525
52.900521,0.513628,0.492835,2.858636
52.950522,0.556679,0.550956,3.343982
53.000525,0.586033,0.589437,3.343982
53.050529,0.607699,0.607662,3.343982
53.100525,0.622631,0.644512,3.343982
53.150535,0.657541,0.650351,3.343982
53.200540,0.666820,0.660828,3.343982
53.250506,0.726405,0.670404,3.343982
53.300510,0.720005,0.684138,3.343982
53.350517,0.719113,0.694766,3.343982
53.400507,0.723850,0.698580,3.343982
53.450513,0.715692,0.705636,3.343982
53.500515,0.730713,0.720216,3.343982
53.550521,0.736121,0.724537,3.343982
53.600526,0.756694,0.749986,3.343982
53.650532,0.784414,0.786712,3.343982
53.700528,0.788840,0.783094,3.343982
53.750530,0.804629,0.791394,3.343982
53.800535,0.817537,0.797784,3.343982
53.850544,0.824484,0.803556,3.343982
53.900532,0.836534,0.808127,3.531816
53.950541,0.834157,0.813628,3.929462
54.000510,0.818501,0.815775,3.929462
54.050509,0.847845,0.847386,3.929462
54.100522,0.857219,0.855974,3.929462
54.157646,0.873631,0.872328,3.929462
54.200518,0.891232,0.887479,3.929462
54.250527,0.914659,0.908004,3.929462
54.300529,0.932401,0.918965,3.929462
54.367638,0.947054,0.920680,3.929462
54.400536,1.033714,1.052609,3.929462
54.450540,1.052688,1.046627,3.929462
54.500545,1.103973,1.096637,3.929462
54.574363,1.086581,1.042599,3.929462
54.600545,1.093858,1.042365,3.929462
54.650543,1.084055,1.012792,3.929462
54.700543,1.092920,1.007664,3.929462
54.767611,0.971964,0.952868,3.929462
54.800521,0.954952,0.942885,3.929462
54.850533,0.904963,0.943948,3.929462
54.900533,0.916932,0.937306,3.922570
54.950530,0.884174,0.911990,3.910941
55.000529,0.874547,0.895201,3.910941
55.050541,0.837442,0.861706,3.910941
55.100543,0.842821,0.843653,3.910941
55.150540,0.836617,0.846762,3.910941
55.200538,0.820110,0.843895,3.910941
55.250538,0.814239,0.849140,3.910941
55.300548,0.822761,0.853415,3.910941
55.350560,0.828749,0.856619,3.910941
55.400557,0.847838,0.857522,3.910941
55.450553,0.867756,0.868236,3.910941
55.500531,0.873218,0.873710,3.910941
55.550529,0.886695,0.883948,3.910941
55.600529,0.902102,0.902112,3.910941
55.650532,0.910416,0.907533,3.910941
55.700540,0.939952,0.941625,3.910941
55.750545,0.965864,0.961751,3.910941
55.800541,0.996127,0.994314,3.910941
55.850548,1.030841,1.024021,3.910941
55.900555,1.071216,1.060500,4.081329
55.950555,1.094703,1.076242,4.445921
56.000556,1.122174,1.085410,4.445921
56.050558,1.139234,1.108022,4.445921
56.100562,1.163577,1.128792,4.445921
56.150566,1.172795,1.140861,4.445921
56.200558,1.123908,1.072115,4.445921
56.250535,1.071618,1.025676,4.445921
56.300536,1.027501,0.987051,4.445921
56.350540,0.987664,0.958036,4.445921
56.400541,0.937340,0.936381,4.445921
56.450542,0.886269,0.920075,4.445921
56.500539,0.841682,0.910309,4.445921
56.550543,0.862723,0.916895,4.445921
56.600553,0.888147,0.937089,4.445921
56.650545,0.908354,0.944419,4.445921
56.700562,0.928042,0.951799,4.445921
56.750566,0.948826,0.960327,4.445921
56.800566,0.976604,0.978475,4.445921
56.850561,1.000102,0.990480,4.445921
56.900564,1.033146,1.027009,4.378866
56.968139,1.015323,1.000385,4.283099
57.000545,1.041117,1.030782,4.283099
57.050545,1.066342,1.055769,4.283099
57.100544,1.096098,1.085345,4.283099
57.166141,1.107882,1.095391,4.283099
57.200554,1.210979,1.228917,4.283099
57.250552,1.215509,1.224100,4.283099
57.300562,1.253365,1.211176,4.283099
57.350555,1.261244,1.209497,4.283099
57.400558,1.281097,1.226774,4.283099
57.450563,1.309795,1.262496,4.283099
57.500564,1.316620,1.247018,4.283099
57.550566,1.254664,1.263457,4.283099
57.600577,1.269003,1.271796,4.283099
57.650571,1.284274,1.270744,4.283099
57.700581,1.302894,1.283197,4.283099
57.750548,1.304322,1.287743,4.283099
57.800554,1.292096,1.294114,4.283099
57.850554,1.312058,1.300270,4.283099
57.908584,1.305837,1.297245,4.192204
57.950563,1.315385,1.312194,4.073925
58.000565,1.335881,1.331939,4.073925
58.050568,1.330381,1.324447,4.073925
58.107320,1.342024,1.336978,4.073925
58.150575,1.385153,1.393888,4.073925
58.200568,1.412982,1.418989,4.073925
58.250572,1.434438,1.422280,4.073925
58.300575,1.500498,1.504693,4.073925
58.350576,1.520936,1.514408,4.073925
58.400584,1.551319,1.513077,4.073925
58.450589,1.571539,1.516265,4.073925
58.500553,1.547319,1.503484,4.073925
58.550562,1.535432,1.490113,4.073925
58.600559,1.534488,1.477299,4.073925
58.650563,1.481358,1.474343,4.073925
58.700569,1.445489,1.439917,4.073925
58.750583,1.394021,1.381457,4.073925
58.800575,1.346751,1.345106,4.073925
58.850575,1.326676,1.338436,4.073925
58.900574,1.302916,1.324731,3.951408
58.950575,1.241432,1.259228,3.702098
59.000583,1.207809,1.252075,3.702098
59.050590,1.185236,1.230542,3.702098
59.100581,1.184304,1.212801,3.702098
59.150595,1.207344,1.242526,3.702098
59.200595,1.203788,1.251302,3.702098
59.250560,1.203177,1.254671,3.702098
59.300567,1.220597,1.227498,3.702098
59.350572,1.187961,1.180948,3.702098
59.400569,1.153103,1.124839,3.702098
59.451392,1.162613,1.141469,3.702098
59.500579,1.098064,1.095215,3.702098
59.550574,1.061613,1.082490,3.702098
59.600587,1.022861,1.064881,3.702098
59.650581,0.984415,1.021933,3.702098
59.700589,0.979144,1.009023,3.702098
59.750593,0.953415,0.951316,3.702098
59.800586,0.880064,0.899336,3.702098
59.850605,0.854512,0.865895,3.702098
59.900600,0.808137,0.833653,3.524019
59.950586,0.760997,0.799535,3.158310
60.000574,0.735435,0.773571,3.158310
60.050578,0.694720,0.755103,3.158310
60.100579,0.705131,0.762738,3.158310
60.150577,0.683263,0.717851,3.158310
60.200580,0.653090,0.678375,3.158310
60.250582,0.640441,0.666201,3.158310
60.300583,0.600753,0.610072,3.158310
60.350588,0.578975,0.591488,3.158310
60.400602,0.550885,0.569447,3.158310
60.450591,0.512700,0.560731,3.158310
60.500594,0.490362,0.524974,3.158310
60.550602,0.480707,0.510761,3.158310
60.600607,0.460835,0.504339,3.158310
60.650594,0.475041,0.500650,3.158310
60.700606,0.473808,0.502274,3.158310
60.750576,0.474656,0.499342,3.158310
60.800581,0.462517,0.487358,3.158310
60.850587,0.476507,0.486107,3.158310
60.900586,0.463500,0.461539,3.043698
60.950584,0.451007,0.447538,2.810062
61.006456,0.423341,0.416132,2.810062
61.050596,0.420865,0.431009,2.810062
61.100611,0.403646,0.418142,2.810062
61.150594,0.393631,0.408574,2.810062
61.200604,0.384019,0.409914,2.810062
61.250597,0.397116,0.418948,2.810062
61.300607,0.406729,0.427081,2.810062
61.350603,0.428579,0.430236,2.810062
61.400612,0.421273,0.432107,2.810062
61.456419,0.402191,0.392335,2.810062
61.500587,0.387116,0.366984,2.810062
61.550591,0.375251,0.360062,2.810062
61.600589,0.350211,0.343996,2.810062
61.650594,0.336009,0.345609,2.810062
61.700594,0.303706,0.320003,2.810062
61.750604,0.274454,0.303616,2.810062
61.800605,0.279862,0.297349,2.810062
61.850598,0.280428,0.291972,2.810062
61.900607,0.275935,0.293763,2.632075
61.950610,0.274343,0.288789,2.266179
62.000622,0.251774,0.269583,2.266179
62.050610,0.257666,0.267591,2.266179
62.100633,0.251010,0.252440,2.266179
62.150616,0.244041,0.246657,2.266179
62.200616,0.232971,0.235891,2.266179
62.250587,0.221518,0.232637,2.266179
62.300596,0.214960,0.230895,2.266179
62.350597,0.218735,0.228613,2.266179
62.400598,0.213084,0.226874,2.266179
62.450598,0.206824,0.211092,2.266179
62.500602,0.196082,0.198456,2.266179
62.550611,0.197305,0.198972,2.266179
62.600609,0.198279,0.204584,2.266179
62.650618,0.194907,0.203852,2.266179
62.700616,0.198298,0.211725,2.266179
62.750618,0.199160,0.214574,2.266179
62.800612,0.209611,0.215902,2.266179
62.860418,0.220957,0.218171,2.266179
62.900628,0.220570,0.214235,2.179812
62.950630,0.219831,0.215776,2.056188
63.000603,0.222309,0.216236,2.056188
63.050601,0.215866,0.212590,2.056188
63.100602,0.212337,0.210277,2.056188
63.150609,0.208233,0.206650,2.056188
63.200612,0.207737,0.210068,2.056188
63.250613,0.206346,0.205906,2.056188
63.300612,0.203309,0.204877,2.056188
63.350620,0.199439,0.202117,2.056188
63.400620,0.195056,0.195053,2.056188
63.450622,0.194050,0.194891,2.056188
63.500632,0.191085,0.190215,2.056188
63.550626,0.188494,0.193266,2.056188
63.600634,0.192607,0.198264,2.056188
63.650624,0.191497,0.197215,2.056188
63.700635,0.193420,0.198713,2.056188
63.750610,0.191192,0.189216,2.056188
63.800611,0.193839,0.193901,2.056188
63.850615,0.204215,0.203867,2.056188
63.900612,0.208602,0.210324,1.945091
63.950612,0.211220,0.215638,1.723496
64.000620,0.214123,0.215239,1.723496
64.050626,0.220327,0.221818,1.723496
64.100629,0.232219,0.224336,1.723496
64.150625,0.240710,0.233926,1.723496
64.200641,0.244511,0.241192,1.723496
64.250627,0.250674,0.248832,1.723496
64.300627,0.256267,0.254241,1.723496
64.366174,0.264674,0.257815,1.723496
64.400644,0.268152,0.260806,1.723496
64.450650,0.271396,0.260108,1.723496
64.500609,0.269816,0.260258,1.723496
64.558030,0.272419,0.265981,1.723496
64.600622,0.280478,0.279928,1.723496
64.650620,0.285413,0.286005,1.723496
64.700628,0.285763,0.283782,1.723496
64.750624,0.285499,0.280973,1.723496
64.800635,0.291727,0.284828,1.723496
64.850630,0.306510,0.300789,1.723496
64.900633,0.311028,0.304908,1.770270
64.950631,0.305931,0.303819,1.873374
65.000642,0.305754,0.305014,1.873374
65.050648,0.315683,0.312875,1.873374
65.100646,0.321058,0.311755,1.873374
65.150663,0.322511,0.311619,1.873374
65.216730,0.302981,0.294812,1.873374
65.266727,0.300874,0.297170,1.873374
65.300623,0.302039,0.299246,1.873374
65.350625,0.297530,0.295045,1.873374
65.400632,0.287247,0.290360,1.873374
65.450630,0.282879,0.287678,1.873374
65.500638,0.278157,0.285991,1.873374
65.550637,0.285137,0.284033,1.873374
65.600638,0.281395,0.283090,1.873374
65.650641,0.280656,0.286486,1.873374
65.700646,0.285484,0.291833,1.873374
65.750655,0.289482,0.293653,1.873374
65.800656,0.293561,0.296067,1.873374
65.850644,0.285448,0.281366,1.873374
65.900650,0.288603,0.284856,1.884261
65.950662,0.299091,0.297985,1.926239
66.000632,0.307504,0.310329,1.926239
66.057417,0.319507,0.327371,1.926239
66.100633,0.337317,0.346989,1.926239
66.150639,0.347448,0.352378,1.926239
66.200634,0.368844,0.356636,1.926239
66.250637,0.382209,0.364476,1.926239
66.300640,0.392891,0.376837,1.926239
66.350650,0.425387,0.419437,1.926239
66.400649,0.445087,0.442600,1.926239
66.450647,0.460720,0.460492,1.926239
66.500656,0.461070,0.442967,1.926239
66.550653,0.468984,0.439439,1.926239
66.600664,0.473879,0.436917,1.926239
66.650665,0.475354,0.437299,1.926239
66.700672,0.449755,0.433543,1.926239
66.750631,0.433916,0.431431,1.926239
66.800635,0.418977,0.430296,1.926239
66.850637,0.404906,0.399111,1.926239
66.900640,0.397783,0.393421,1.975440
66.950644,0.397677,0.400193,2.085371
67.000647,0.403904,0.416810,2.085371
67.050654,0.429400,0.453771,2.085371
67.100658,0.422712,0.438057,2.085371
67.167817,0.414723,0.424777,2.085371
67.200659,0.437683,0.426714,2.085371
67.250653,0.445876,0.426429,2.085371
67.300655,0.446951,0.427681,2.085371
67.350661,0.440588,0.429658,2.085371
67.400676,0.442614,0.467422,2.085371
67.450672,0.507871,0.539579,2.085371
67.500640,0.559503,0.578356,2.085371
67.550643,0.612407,0.624635,2.085371
67.600651,0.660969,0.651794,2.085371
67.650648,0.718006,0.688409,2.085371
67.700653,0.775744,0.719838,2.085371
67.750659,0.798068,0.729877,2.085371
67.800654,0.800579,0.753572,2.085371
67.850660,0.783472,0.725601,2.085371
67.900666,0.774265,0.729707,2.144374
67.950660,0.789255,0.757135,2.266179
68.025215,0.777786,0.756758,2.266179
68.050669,0.764650,0.755125,2.266179
68.100678,0.757460,0.747898,2.266179
68.150677,0.745911,0.751708,2.266179
68.200675,0.771958,0.761218,2.266179
68.250654,0.776141,0.764202,2.266179
68.300652,0.749643,0.747194,2.266179
68.350652,0.747040,0.745644,2.266179
68.400655,0.748633,0.748283,2.266179
68.450662,0.728172,0.714042,2.266179
68.500660,0.700201,0.685190,2.266179
68.550666,0.667065,0.661694,2.266179
68.600666,0.637241,0.640860,2.266179
68.650667,0.621264,0.626468,2.266179
68.700669,0.596898,0.614931,2.266179
68.750675,0.569566,0.605772,2.266179
68.800680,0.568232,0.599164,2.266179
68.850688,0.572054,0.598883,2.266179
68.900681,0.576250,0.598607,2.375029
68.950684,0.608138,0.635143,2.606441
69.000656,0.627056,0.648569,2.606441
69.066419,0.621425,0.624670,2.606441
69.100666,0.640672,0.640401,2.606441
69.150671,0.663534,0.658664,2.606441
69.200663,0.682679,0.673398,2.606441
69.250670,0.710994,0.698202,2.606441
69.300671,0.701416,0.701333,2.606441
69.350678,0.693219,0.690104,2.606441
69.417002,0.706717,0.676841,2.606441
69.450684,0.708802,0.684908,2.606441
69.500683,0.741193,0.739626,2.606441
69.550688,0.771233,0.780569,2.606441
69.600694,0.802033,0.827411,2.606441
69.650689,0.858080,0.882164,2.606441
69.700704,0.912842,0.909613,2.606441
69.750665,0.952420,0.906692,2.606441
69.800665,0.988470,0.921004,2.606441
69.850680,0.992908,0.935407,2.606441
69.900690,1.000690,0.948165,2.739862
69.950676,0.997511,0.957311,3.025247
70.000675,0.973656,0.953158,3.025247
70.050677,0.975812,0.969354,3.025247
70.100685,1.011711,1.004806,3.025247
70.150683,1.018952,1.009750,3.025247
70.200685,1.008288,0.991423,3.025247
70.250689,1.009080,0.994063,3.025247
70.300690,1.011811,0.997794,3.025247
70.350691,1.022955,1.001173,3.025247
70.400695,1.020294,1.004107,3.025247
70.450704,1.004528,1.010337,3.025247
70.500673,1.002833,1.011789,3.025247
70.557529,1.002795,0.992937,3.025247
70.600680,1.008038,1.002791,3.025247
70.650683,1.013673,1.012723,3.025247
70.700675,1.020815,1.023165,3.025247
70.750682,1.046698,1.057972,3.025247
70.800691,1.093650,1.119304,3.025247
70.850694,1.153342,1.182734,3.025247
70.900693,1.198332,1.192016,3.073501
70.950695,1.219185,1.191678,3.177386
71.000703,1.244824,1.199026,3.177386
71.050700,1.300248,1.249875,3.177386
71.100701,1.330991,1.282456,3.177386
71.150703,1.328063,1.295229,3.177386
71.200710,1.302258,1.287766,3.177386
71.250676,1.339493,1.328001,3.177386
71.300695,1.383349,1.361344,3.177386
71.372242,1.410452,1.371873,3.177386
71.400685,1.399057,1.371860,3.177386
71.450687,1.421328,1.409931,3.177386
71.500689,1.442053,1.427712,3.177386
71.550693,1.491199,1.462697,3.177386
71.600701,1.515121,1.500804,3.177386
71.650711,1.539625,1.534617,3.177386
71.700694,1.564518,1.543866,3.177386
71.750693,1.591795,1.549442,3.177386
71.807425,1.592680,1.553518,3.177386
71.850706,1.586360,1.533000,3.177386
71.900716,1.592729,1.556177,3.184614
71.950707,1.615170,1.607737,3.201718
72.000695,1.614744,1.620088,3.201718
72.050684,1.639719,1.646975,3.201718
72.100685,1.659124,1.658996,3.201718
72.150692,1.665082,1.649966,3.201718
72.200692,1.684442,1.637819,3.201718
72.250695,1.538335,1.433786,3.201718
72.300704,1.337613,1.226041,3.201718
72.372769,1.147019,1.045009,3.201718
72.400711,1.026000,1.012928,3.201718
72.450703,0.862292,0.923253,3.201718
72.500709,0.699538,0.833878,3.201718
72.550710,0.535917,0.759471,3.201718
72.600719,0.531816,0.726147,3.201718
72.650698,0.541678,0.675139,3.201718
72.700725,0.558066,0.627849,3.201718
72.750687,0.498365,0.596702,3.201718
72.800699,0.486636,0.574022,3.201718
72.850700,0.478631,0.543875,3.201718
72.900704,0.463891,0.507356,3.024699
72.957331,0.432619,0.480541,2.664510
73.000710,0.423830,0.466537,2.664510
73.050708,0.417239,0.451799,2.664510
73.100718,0.405707,0.439746,2.664510
73.150714,0.399534,0.439775,2.664510
73.203346,0.395161,0.430426,2.664510
73.250739,0.407533,0.433870,2.664510
73.300727,0.416346,0.434317,2.664510
73.350725,0.420761,0.435963,2.664510
73.416836,0.427817,0.437305,2.664510
73.450727,0.446203,0.453923,2.664510
73.500699,0.443035,0.446806,2.664510
73.550705,0.421655,0.406084,2.664510
73.600702,0.412612,0.401733,2.664510
73.650706,0.381525,0.365215,2.664510
73.700708,0.366177,0.359177,2.664510
73.750718,0.363384,0.371938,2.664510
73.816036,0.336816,0.364491,2.664510
73.850718,0.325196,0.358950,2.664510
73.900720,0.358410,0.382321,2.592573
73.950722,0.368656,0.397091,2.447606
74.000726,0.389436,0.390574,2.447606
74.050726,0.416425,0.417295,2.447606
74.100733,0.411941,0.412094,2.447606
74.150725,0.445198,0.443131,2.447606
74.200731,0.477126,0.466424,2.447606
74.250711,0.484070,0.478298,2.447606
74.300706,0.499997,0.496243,2.447606
74.350712,0.529636,0.510649,2.447606
74.400710,0.536192,0.522697,2.447606
74.450722,0.568421,0.540140,2.447606
74.500721,0.593305,0.580518,2.447606
74.550719,0.596943,0.581630,2.447606
74.617198,0.611154,0.591749,2.447606
74.650728,0.621050,0.600851,2.447606
74.700731,0.599385,0.564090,2.447606
74.750735,0.607771,0.577240,2.447606
74.800740,0.593148,0.563291,2.447606
74.850739,0.573497,0.571214,2.447606
74.900745,0.562693,0.559268,2.446485
74.950731,0.545787,0.550317,2.445563
75.017164,0.527901,0.542620,2.445563
75.050714,0.541668,0.536803,2.445563
75.100719,0.561177,0.582867,2.445563
75.150723,0.563880,0.571491,2.445563
75.200720,0.543960,0.549898,2.445563
75.250732,0.542665,0.540287,2.445563
75.300730,0.538245,0.528963,2.445563
75.350728,0.536301,0.522687,2.445563
75.400726,0.527149,0.508200,2.445563
75.450740,0.483341,0.498635,2.445563
75.500731,0.455575,0.465089,2.445563
75.550740,0.427247,0.425027,2.445563
75.600742,0.394045,0.393133,2.445563
75.650747,0.371696,0.378820,2.445563
75.700753,0.344210,0.363713,2.445563
75.750719,0.325750,0.353344,2.445563
75.800723,0.309272,0.351857,2.445563
75.850725,0.306668,0.344270,2.445563
75.900734,0.311543,0.337201,2.326574
75.950733,0.322502,0.339429,2.085372
76.000734,0.330955,0.348145,2.085372
76.050735,0.337743,0.348894,2.085372
76.100742,0.344783,0.351412,2.085372
76.150747,0.346517,0.352750,2.085372
76.200745,0.349761,0.349554,2.085372
76.250751,0.368530,0.367678,2.085372
76.300739,0.374092,0.371604,2.085372
76.350753,0.382360,0.385521,2.085372
76.400754,0.390048,0.389471,2.085372
76.450760,0.396816,0.393327,2.085372
76.500729,0.402901,0.394922,2.085372
76.550730,0.412816,0.396683,2.085372
76.600731,0.417853,0.412681,2.085372
76.650742,0.449044,0.451172,2.085372
76.700737,0.460019,0.464725,2.085372
76.750739,0.471892,0.468851,2.085372
76.800746,0.500611,0.496228,2.085372
76.850740,0.532864,0.523203,2.085372
76.900750,0.563265,0.542330,2.070847
76.950752,0.571980,0.540841,2.061890
77.000750,0.561721,0.539870,2.061890
77.050754,0.574203,0.553240,2.061890
77.100766,0.581497,0.549781,2.061890
77.150764,0.571786,0.547687,2.061890
77.200770,0.559079,0.547213,2.061890
77.250733,0.578639,0.589191,2.061890
77.300749,0.640129,0.663751,2.061890
77.350740,0.679429,0.691481,2.061890
77.400741,0.700290,0.700841,2.061890
77.450747,0.782602,0.781258,2.061890
77.500743,0.837201,0.811577,2.061890
77.550750,0.895428,0.841294,2.061890
77.600748,0.939938,0.887208,2.061890
77.650758,0.945044,0.910337,2.061890
77.700756,0.969831,0.924627,2.061890
77.750758,0.997163,0.926143,2.061890
77.800761,0.966816,0.918621,2.061890
77.850754,0.935057,0.876754,2.061890
77.900765,0.888254,0.827432,1.989538
77.950771,0.843817,0.813613,1.855536
78.000740,0.795012,0.783397,1.855536
78.050747,0.758370,0.772410,1.855536
78.100745,0.730265,0.763692,1.855536
78.150750,0.734617,0.795319,1.855536
78.200750,0.747644,0.796309,1.855536
78.250755,0.771118,0.795767,1.855536
78.300754,0.786282,0.810121,1.855536
78.350764,0.798207,0.797327,1.855536
78.400754,0.820255,0.814734,1.855536
78.450757,0.826700,0.806319,1.855536
78.500769,0.804659,0.797779,1.855536
78.550768,0.792525,0.780913,1.855536
78.600775,0.783506,0.770737,1.855536
78.650781,0.766189,0.766245,1.855536
78.715887,0.758190,0.751079,1.855536
78.750749,0.737995,0.748241,1.855536
78.800756,0.731980,0.746286,1.855536
78.850758,0.746139,0.769711,1.855536
78.900755,0.762908,0.782334,1.855827
78.950761,0.776216,0.790508,1.858228
79.000766,0.786521,0.796520,1.858228
79.050763,0.803652,0.799461,1.858228
79.100771,0.814340,0.802067,1.858228
79.164054,0.776589,0.736322,1.858228
79.200777,0.730527,0.696704,1.858228
79.250775,0.687929,0.663534,1.858228
79.300781,0.648545,0.639567,1.858228
79.350769,0.607986,0.619723,1.858228
79.400796,0.572597,0.609292,1.858228
79.450799,0.533594,0.595610,1.858228
79.500752,0.544068,0.585855,1.858228
79.550760,0.545409,0.578249,1.858228
79.600765,0.548640,0.573379,1.858228
79.650766,0.551750,0.571686,1.858228
79.700768,0.555703,0.570909,1.858228
79.750773,0.574015,0.595862,1.858228
79.800772,0.600489,0.621783,1.858228
79.850775,0.626421,0.642535,1.858228
79.900782,0.665902,0.679245,1.796128
79.950778,0.688572,0.686267,1.671243
80.000780,0.705373,0.685271,1.671243
80.050788,0.712262,0.671469,1.671243
80.100795,0.721110,0.688844,1.671243
80.150802,0.732001,0.711564,1.671243
80.200790,0.746780,0.735041,1.671243
80.250759,0.739945,0.743497,1.671243
80.300768,0.747333,0.748139,1.671243
80.350773,0.762901,0.756772,1.671243
80.400770,0.787773,0.763481,1.671243
80.450775,0.796450,0.774494,1.671243
80.500777,0.796822,0.780303,1.671243
80.550777,0.800997,0.795608,1.671243
80.600779,0.803944,0.795669,1.671243
80.650790,0.811125,0.799764,1.671243
80.700788,0.802560,0.786988,1.671243
80.750788,0.810010,0.797902,1.671243
80.800791,0.816379,0.810605,1.671243
80.850800,0.811875,0.803504,1.671243
80.900795,0.795389,0.791251,1.671243
80.950791,0.792835,0.788467,1.671243
81.001534,0.770840,0.763418,1.671243
81.050777,0.768567,0.754510,1.671243
81.100776,0.754993,0.752019,1.671243
81.150777,0.714554,0.717014,1.671243
81.200776,0.675568,0.673997,1.671243
81.250783,0.655460,0.659807,1.671243
81.300783,0.624030,0.639778,1.671243
81.350805,0.606306,0.619698,1.671243
81.400787,0.583662,0.608064,1.671243
81.450790,0.554547,0.594117,1.671243
81.500797,0.548750,0.582637,1.671243
81.550805,0.526793,0.535897,1.671243
81.600797,0.482135,0.486736,1.671243
81.650809,0.444793,0.449094,1.671243
81.700808,0.412147,0.421426,1.671243
81.750778,0.377355,0.400742,1.671243
81.800784,0.341550,0.378132,1.671243
81.850785,0.307747,0.362567,1.671243
81.900786,0.302222,0.352039,1.606818
81.950791,0.311913,0.353190,1.479641
82.000790,0.308277,0.337230,1.479641
82.050797,0.320036,0.348384,1.479641
82.100796,0.336170,0.364857,1.479641
82.150802,0.351837,0.371436,1.479641
82.200796,0.358801,0.366981,1.479641
82.250811,0.368252,0.368841,1.479641
82.300812,0.368501,0.366846,1.479641
82.350807,0.385945,0.372504,1.479641
82.400810,0.389470,0.381503,1.479641
82.450816,0.388905,0.390409,1.479641
82.500788,0.379882,0.378927,1.479641
82.550796,0.388017,0.384284,1.479641
82.600790,0.393884,0.390968,1.479641
82.650797,0.401041,0.394826,1.479641
82.700795,0.402917,0.397750,1.479641
82.750800,0.396862,0.393212,1.479641
82.800799,0.392676,0.394029,1.479641
82.850801,0.395424,0.385648,1.479641
82.900815,0.386692,0.377520,1.480455
82.950814,0.379010,0.374773,1.487115
83.000810,0.370990,0.370682,1.487115
83.050814,0.362666,0.366760,1.487115
83.100817,0.352718,0.354386,1.487115
83.150822,0.339270,0.344231,1.487115
83.200820,0.332481,0.336301,1.487115
83.250793,0.326829,0.330058,1.487115
83.300795,0.320306,0.327491,1.487115
83.350800,0.314942,0.325513,1.487115
83.400802,0.306287,0.318389,1.487115
83.450807,0.301276,0.308718,1.487115
83.500806,0.312201,0.322965,1.487115
83.550805,0.325210,0.337448,1.487115
83.600808,0.327328,0.333867,1.487115
83.650824,0.331156,0.336119,1.487115
83.700817,0.334535,0.337240,1.487115
83.750830,0.342013,0.338212,1.487115
83.800824,0.352597,0.339333,1.487115
83.850822,0.347821,0.340711,1.487115
83.900831,0.341645,0.343077,1.419501
83.950824,0.344743,0.342693,1.303221
84.000798,0.343648,0.341646,1.303221
84.050804,0.344412,0.342811,1.303221
84.100806,0.344512,0.342783,1.303221
84.166402,0.343762,0.341856,1.303221
84.200809,0.347991,0.348667,1.303221
84.250818,0.343882,0.343492,1.303221
84.300825,0.321480,0.311801,1.303221
84.350821,0.303147,0.291378,1.303221
84.400831,0.280094,0.270358,1.303221
84.450825,0.258582,0.254711,1.303221
84.505119,0.237605,0.242037,1.303221
84.550830,0.211183,0.231841,1.303221
84.600832,0.198710,0.232546,1.303221
84.650841,0.196040,0.219357,1.303221
84.700838,0.193234,0.213500,1.303221
84.750804,0.191716,0.205903,1.303221
84.800817,0.196851,0.210435,1.303221
84.850810,0.196513,0.206096,1.303221
84.900819,0.196828,0.203491,1.303638
84.950815,0.190656,0.201225,1.307052
85.000824,0.197830,0.204033,1.307052
85.050819,0.197333,0.200332,1.307052
85.100827,0.201808,0.202031,1.307052
85.150834,0.195807,0.199019,1.307052
85.200835,0.194862,0.195610,1.307052
85.250834,0.194279,0.194310,1.307052
85.300835,0.195304,0.195352,1.307052
85.350840,0.191417,0.193918,1.307052
85.400842,0.193142,0.194640,1.307052
85.450844,0.190447,0.193616,1.307052
85.500816,0.188204,0.189049,1.307052
85.550817,0.190928,0.191291,1.307052
85.600819,0.190152,0.189917,1.307052
85.650820,0.188288,0.189223,1.307052
85.700828,0.183465,0.182417,1.307052
85.750833,0.176702,0.175997,1.307052
85.800826,0.171832,0.171953,1.307052
85.850836,0.169121,0.167839,1.307052
85.900836,0.161893,0.164124,1.198806
85.950843,0.155415,0.158812,1.031877
86.000842,0.149466,0.155862,1.031877
86.050836,0.147720,0.153393,1.031877
86.115959,0.150458,0.156356,1.031877
86.150846,0.152354,0.158847,1.031877
86.200848,0.158703,0.165611,1.031877
86.250819,0.164394,0.170251,1.031877
86.300823,0.168425,0.170023,1.031877
86.350831,0.174922,0.173823,1.031877
86.400828,0.182424,0.178181,1.031877
86.450829,0.194225,0.193058,1.031877
86.500834,0.204493,0.202699,1.031877
86.550835,0.209915,0.208391,1.031877
86.600834,0.219181,0.217345,1.031877
86.650861,0.229677,0.222395,1.031877
86.700837,0.228822,0.214634,1.031877
86.750851,0.228594,0.210896,1.031877
86.800855,0.219122,0.205367,1.031877
86.850848,0.214995,0.206836,1.031877
86.900854,0.206390,0.199115,0.953086
86.950852,0.193616,0.191869,0.797513
87.000829,0.183325,0.187033,0.797513
87.050832,0.180023,0.182324,0.797513
87.104281,0.174650,0.177921,0.797513
87.150837,0.172247,0.176241,0.797513
87.200847,0.166205,0.174696,0.797513
87.250840,0.164071,0.170776,0.797513
87.300851,0.162340,0.165626,0.797513
87.350848,0.157932,0.160728,0.797513
87.400855,0.152843,0.154181,0.797513
87.450857,0.145878,0.145957,0.797513
87.522234,0.140632,0.143475,0.797513
87.554876,0.140620,0.148474,0.797513
87.600863,0.137251,0.145099,0.797513
87.650862,0.131857,0.137491,0.797513
87.700867,0.125882,0.129803,0.797513
87.750834,0.119909,0.121012,0.797513
87.800847,0.118070,0.116773,0.797513
87.850840,0.113056,0.113269,0.797513
87.900840,0.102257,0.109163,0.534109
87.950847,0.093317,0.101211,0.000000
88.000851,0.087291,0.093846,0.000000
88.050852,0.082257,0.087889,0.000000
88.100853,0.081504,0.086317,0.000000
88.150860,0.078128,0.084390,0.000000
88.200858,0.073665,0.081181,0.000000
88.250862,0.073614,0.083439,0.000000
88.300864,0.075554,0.083335,0.000000
88.350856,0.080177,0.086019,0.000000
88.400867,0.088022,0.092655,0.000000
88.450870,0.095432,0.100446,0.000000
88.500845,0.102017,0.104953,0.000000
88.550841,0.112793,0.112746,0.000000
88.600853,0.120236,0.118814,0.000000
88.650848,0.129567,0.124746,0.000000
88.700859,0.134810,0.126664,0.000000
88.750864,0.137844,0.129435,0.000000
88.800857,0.139448,0.132083,0.000000
88.850858,0.140230,0.131454,0.000000
88.900857,0.139048,0.132252,0.000000
88.950863,0.132302,0.124996,0.000000
89.000874,0.126964,0.122121,0.000000
89.050861,0.130543,0.129391,0.000000
89.100883,0.131825,0.133577,0.000000
89.150872,0.131818,0.135075,0.000000
89.200875,0.139797,0.145963,0.000000
89.250848,0.141653,0.146025,0.000000
89.300847,0.150846,0.148358,0.000000
89.350851,0.159615,0.152719,0.000000
89.400864,0.177197,0.178892,0.000000
89.450857,0.193176,0.195910,0.000000
89.500860,0.211115,0.210061,0.000000
89.550875,0.221562,0.220278,0.000000
89.600869,0.236041,0.225719,0.000000
89.650866,0.249400,0.230828,0.000000
89.700883,0.260912,0.234809,0.000000
89.750869,0.257105,0.238819,0.000000
89.800883,0.255985,0.242405,0.000000
89.850871,0.255191,0.244902,0.000000
89.900879,0.253417,0.246236,0.000000
89.950879,0.251123,0.243804,0.000000
90.000854,0.247004,0.240035,0.000000
90.050854,0.242346,0.236058,0.000000
90.100863,0.237618,0.233218,0.000000
90.150861,0.228506,0.224693,0.000000
90.200864,0.226093,0.227121,0.000000
90.250870,0.219899,0.222971,0.000000
90.300879,0.214047,0.217375,0.000000
90.350872,0.210571,0.213893,0.000000
90.400880,0.207328,0.211050,0.000000
90.450879,0.207367,0.213345,0.000000
90.500881,0.212747,0.216386,0.000000
90.550881,0.211448,0.218829,0.000000
90.600894,0.215576,0.222008,0.000000
90.650889,0.222343,0.225597,0.000000
90.700893,0.226459,0.225787,0.000000
90.750873,0.230515,0.225635,0.000000
90.800862,0.227532,0.221113,0.000000
90.850871,0.221535,0.214655,0.000000
90.900877,0.214704,0.208093,0.000000
90.975828,0.204884,0.200191,0.000000
91.000877,0.199916,0.201612,0.000000
91.050882,0.200724,0.207509,0.000000
91.100880,0.199987,0.209765,0.000000
91.150888,0.202924,0.212512,0.000000
91.200883,0.206810,0.213281,0.000000
91.250886,0.211372,0.213529,0.000000
91.300890,0.218549,0.214627,0.000000
91.350899,0.220961,0.215766,0.000000
91.400893,0.215342,0.211163,0.000000
91.450904,0.213651,0.210452,0.000000
91.500871,0.208911,0.206580,0.000000
91.550869,0.205792,0.204230,0.000000
91.600879,0.202353,0.201548,0.000000
91.650875,0.190493,0.188432,0.000000
91.700877,0.180371,0.180651,0.000000
91.750879,0.173013,0.172736,0.000000
91.800891,0.163927,0.166941,0.000000
91.850901,0.157011,0.162075,0.000000
91.900889,0.148809,0.157109,0.000000
91.950896,0.141839,0.154017,0.000000
92.000900,0.153541,0.166802,0.000000
92.055114,0.158907,0.171056,0.000000
92.100898,0.167237,0.176791,0.000000
92.150908,0.175032,0.181146,0.000000
92.214480,0.183159,0.184598,0.000000
92.253850,0.193146,0.189027,0.000000
92.300880,0.201205,0.190529,0.000000
92.350878,0.198219,0.191780,0.000000
92.400886,0.190276,0.179965,0.000000
92.450888,0.181779,0.171902,0.000000
92.500889,0.173166,0.165348,0.000000
92.550900,0.164656,0.160183,0.000000
92.600887,0.154751,0.155701,0.000000
92.650893,0.146446,0.152250,0.000000
92.700899,0.138389,0.149811,0.000000
92.750902,0.135982,0.142824,0.000000
92.800907,0.131757,0.136531,0.000000
92.875060,0.129227,0.133426,0.000000
92.900916,0.125827,0.129688,0.000000
92.950918,0.121037,0.124662,0.000000
93.000881,0.117086,0.121844,0.000000
93.050883,0.105094,0.108827,0.000000
93.100892,0.095962,0.097459,0.000000
93.150888,0.086450,0.086866,0.000000
93.200899,0.078084,0.082039,0.000000
93.250906,0.069397,0.076592,0.000000
93.300900,0.062288,0.072224,0.000000
93.350902,0.052553,0.066152,0.000000
93.400913,0.051371,0.062504,0.000000
93.450905,0.048457,0.056373,0.000000
93.500906,0.048677,0.054393,0.000000
93.550922,0.046227,0.052693,0.000000
93.600906,0.044894,0.051378,0.000000
93.650919,0.043736,0.050423,0.000000
93.700925,0.044801,0.049851,0.000000
93.750893,0.045835,0.050763,0.000000
93.800895,0.049589,0.051785,0.000000
93.850905,0.051369,0.052805,0.000000
93.900904,0.052296,0.052962,0.000000
93.963709,0.053063,0.053004,0.000000
94.000902,0.055019,0.054158,0.000000
94.050905,0.054177,0.052195,0.000000
94.100907,0.052224,0.050042,0.000000
94.150917,0.050474,0.048819,0.000000
94.200921,0.048496,0.047799,0.000000
94.250918,0.046799,0.046282,0.000000
94.300930,0.044701,0.045062,0.000000
94.350923,0.041389,0.043297,0.000000
94.400940,0.040295,0.041942,0.000000
94.450926,0.039411,0.040523,0.000000
94.500901,0.038889,0.040413,0.000000
94.550910,0.038826,0.040904,0.000000
94.600902,0.039325,0.041664,0.000000
94.650909,0.038984,0.040888,0.000000
94.700909,0.039551,0.040734,0.000000
94.777565,0.039961,0.040484,0.000000
94.800916,0.040926,0.040702,0.000000
94.850916,0.041410,0.041223,0.000000
94.900923,0.040404,0.040159,0.000000
94.950926,0.039685,0.040061,0.000000
95.000934,0.039912,0.039929,0.000000
95.050925,0.041003,0.041487,0.000000
95.100928,0.041218,0.041296,0.000000
95.150921,0.041211,0.041383,0.000000
95.200935,0.040398,0.040677,0.000000
95.250902,0.041326,0.041024,0.000000
95.300911,0.041202,0.040587,0.000000
95.350915,0.041408,0.040633,0.000000
95.400912,0.040040,0.040133,0.000000
95.450920,0.039726,0.039658,0.000000
95.500920,0.036091,0.034971,0.000000
95.550920,0.033750,0.032319,0.000000
95.600929,0.031105,0.030594,0.000000
95.650928,0.028570,0.028693,0.000000
95.700927,0.024975,0.026100,0.000000
95.750929,0.018820,0.019955,0.000000
95.800932,0.012632,0.014866,0.000000
95.850932,0.010059,0.011508,0.000000
95.900945,0.006381,0.008250,0.000000
95.950947,0.002967,0.005644,0.000000
96.000910,0.005482,0.002190,0.000000
96.050918,0.011469,0.006894,0.000000
96.100916,0.014774,0.011027,0.000000
96.150922,0.018179,0.014678,0.000000
96.200921,0.024905,0.021628,0.000000
96.250929,0.030209,0.025823,0.000000
96.300930,0.035401,0.029163,0.000000
96.350930,0.039796,0.035054,0.000000
96.400935,0.044885,0.040728,0.000000
96.450941,0.049955,0.045254,0.000000
96.500940,0.056074,0.050603,0.000000
96.550942,0.058076,0.053223,0.000000
96.600950,0.061119,0.055395,0.000000
96.650947,0.068681,0.063421,0.000000
96.700957,0.076187,0.072952,0.000000
96.750922,0.083243,0.080946,0.000000
96.800924,0.088681,0.085043,0.000000
96.850929,0.093847,0.089677,0.000000
96.900931,0.100108,0.093252,0.000000
96.950934,0.107414,0.097637,0.000000
97.000933,0.110936,0.102142,0.000000
97.050940,0.110486,0.103294,0.000000
97.100935,0.112442,0.107963,0.000000
97.150942,0.114641,0.109714,0.000000
97.200944,0.116317,0.111793,0.000000
97.250941,0.119239,0.115040,0.000000
97.300946,0.125025,0.123130,0.000000
97.350968,0.133442,0.134311,0.000000
97.400945,0.142019,0.141050,0.000000
97.464663,0.147275,0.145540,0.000000
97.500927,0.154221,0.149510,0.000000
97.550931,0.161950,0.154453,0.000000
97.613405,0.168523,0.158360,0.000000
97.650937,0.170365,0.160375,0.000000
97.700938,0.170112,0.163659,0.000000
97.750941,0.172775,0.168335,0.000000
97.800947,0.176243,0.172282,0.000000
97.850953,0.181080,0.177579,0.000000
97.900947,0.185329,0.182792,0.000000
97.950950,0.190561,0.188307,0.000000
98.000956,0.196102,0.192094,0.000000
98.050956,0.200020,0.194548,0.000000
98.100960,0.202985,0.197128,0.000000
98.150977,0.205835,0.199460,0.000000
98.200962,0.210443,0.205783,0.000000
98.250935,0.217110,0.214668,0.000000
98.300938,0.224146,0.223556,0.000000
98.350942,0.233318,0.233238,0.000000
98.414585,0.240966,0.238110,0.000000
98.450944,0.248245,0.242315,0.000000
98.500945,0.254425,0.244318,0.000000
98.550946,0.258331,0.247094,0.000000
98.600952,0.260147,0.250029,0.000000
98.650954,0.260169,0.251749,0.000000
98.700961,0.258595,0.253523,0.000000
98.750964,0.254644,0.248650,0.000000
98.800954,0.246416,0.239349,0.000000
98.875177,0.242627,0.236714,0.000000
98.900972,0.238316,0.234957,0.000000
98.950976,0.225842,0.222719,0.000000
99.000943,0.213478,0.212606,0.000000
99.050944,0.200905,0.204749,0.000000
99.100956,0.193225,0.198959,0.000000
99.150945,0.189509,0.194396,0.000000
99.200961,0.181653,0.189555,0.000000
99.250962,0.173543,0.186308,0.000000
99.300954,0.173032,0.183053,0.000000
99.350963,0.171741,0.179059,0.000000
99.400973,0.165353,0.169057,0.000000
99.450966,0.157561,0.159487,0.000000
99.500965,0.151218,0.153848,0.000000
99.550972,0.145685,0.149439,0.000000
99.600971,0.139982,0.146146,0.000000
99.650983,0.134902,0.143587,0.000000
99.700986,0.133480,0.145657,0.000000
99.750949,0.135654,0.145469,0.000000
99.800947,0.136056,0.141181,0.000000
99.850954,0.137909,0.141836,0.000000
99.900954,0.137018,0.138591,0.000000
99.950963,0.136063,0.136122,0.000000
100.000960,0.134873,0.133901,0.000000
100.050961,0.130447,0.131673,0.000000
100.100963,0.126546,0.128855,0.000000
100.150975,0.122675,0.122490,0.000000
100.200965,0.113831,0.114518,0.000000
100.255056,0.106502,0.106472,0.000000
100.300977,0.103222,0.105792,0.000000
100.350969,0.099547,0.104442,0.000000
100.400983,0.095726,0.102779,0.000000
100.450987,0.095561,0.105504,0.000000
100.500958,0.098650,0.108060,0.000000
100.550953,0.103667,0.110072,0.000000
100.600964,0.110636,0.112712,0.000000
100.650967,0.113082,0.114222,0.000000
100.700963,0.116058,0.115394,0.000000
100.750968,0.119110,0.115823,0.000000
100.800968,0.119109,0.115905,0.000000
100.850988,0.119338,0.116573,0.000000
100.900972,0.119233,0.116757,0.000000
100.950982,0.118006,0.116356,0.000000
101.000975,0.111945,0.108655,0.000000
101.050984,0.103376,0.099004,0.000000
101.100985,0.095528,0.091708,0.000000
101.151004,0.086767,0.084338,0.000000
101.200990,0.078134,0.079244,0.000000
101.250965,0.070006,0.075529,0.000000
101.300966,0.061917,0.072060,0.000000
101.350964,0.057978,0.067718,0.000000
101.400981,0.056669,0.064420,0.000000
101.450972,0.052527,0.058225,0.000000
101.500978,0.048255,0.051559,0.000000
101.550974,0.045106,0.048626,0.000000
101.600983,0.039197,0.042745,0.000000
101.650979,0.033395,0.037651,0.000000
101.700987,0.029323,0.034532,0.000000
101.750991,0.024566,0.031235,0.000000
101.813062,0.020479,0.025953,0.000000
101.853052,0.017600,0.021725,0.000000
101.903045,0.012968,0.018269,0.000000
101.953043,0.010683,0.015267,0.000000
102.000970,0.009327,0.013685,0.000000
102.050969,0.007020,0.012179,0.000000
102.100976,0.004916,0.010406,0.000000
102.150980,0.005041,0.009500,0.000000
102.200977,0.005652,0.009387,0.000000
102.250989,0.006362,0.009375,0.000000
102.300986,0.009714,0.012904,0.000000
102.350986,0.013254,0.016735,0.000000
102.400990,0.017953,0.021197,0.000000
102.451006,0.021511,0.022592,0.000000
102.500993,0.025359,0.024660,0.000000
102.551000,0.033270,0.032568,0.000000
102.600995,0.041722,0.039763,0.000000
102.654854,0.046189,0.043482,0.000000
102.701010,0.051951,0.049258,0.000000
102.750980,0.056543,0.053645,0.000000
102.800977,0.062703,0.057193,0.000000
102.850979,0.068213,0.060050,0.000000
102.900980,0.071030,0.064829,0.000000
102.950986,0.073174,0.068552,0.000000
103.000987,0.077956,0.073208,0.000000
103.050997,0.079621,0.075400,0.000000
103.100987,0.081619,0.077361,0.000000
103.150996,0.084424,0.080031,0.000000
103.201002,0.087616,0.082765,0.000000
103.250997,0.092459,0.089839,0.000000
103.301002,0.097246,0.095274,0.000000
103.351002,0.101763,0.100973,0.000000
103.401013,0.107662,0.105891,0.000000
103.451016,0.112633,0.108659,0.000000
103.512917,0.116687,0.110682,0.000000
103.550984,0.120570,0.112664,0.000000
103.600988,0.123352,0.117343,0.000000
103.651007,0.125704,0.120829,0.000000
103.700996,0.128964,0.126087,0.000000
103.750998,0.130777,0.128587,0.000000
103.800998,0.136108,0.134168,0.000000
103.851003,0.141047,0.137772,0.000000
103.901006,0.145606,0.140936,0.000000
103.951002,0.148423,0.143911,0.000000
104.001008,0.152694,0.148089,0.000000
104.051012,0.153744,0.149358,0.000000
104.101011,0.155520,0.149728,0.000000
104.151031,0.155244,0.150646,0.000000
104.201015,0.151438,0.145673,0.000000
104.250993,0.145506,0.138927,0.000000
104.300997,0.140965,0.135927,0.000000
104.350992,0.134706,0.132961,0.000000
104.401000,0.128357,0.128365,0.000000
104.451011,0.122150,0.124207,0.000000
104.501002,0.115290,0.120673,0.000000
104.551009,0.111378,0.116248,0.000000
104.601012,0.109355,0.112574,0.000000
104.651012,0.102567,0.105277,0.000000
104.701064,0.098862,0.103288,0.000000
104.751017,0.093469,0.097042,0.000000
104.801025,0.086905,0.089865,0.000000
104.851021,0.082314,0.086827,0.000000
104.901026,0.078019,0.083137,0.000000
104.951027,0.073526,0.079870,0.000000
105.000999,0.071309,0.075994,0.000000
105.051004,0.066035,0.072464,0.000000
105.101001,0.058762,0.062191,0.000000
105.151009,0.052269,0.052890,0.000000
105.201015,0.042896,0.044151,0.000000
105.251008,0.033695,0.036061,0.000000
105.301011,0.024098,0.028746,0.000000
105.351016,0.014867,0.022201,0.000000
105.414629,0.005243,0.015960,0.000000
105.451026,0.002236,0.012676,0.000000
105.501018,0.002378,0.007169,0.000000
105.551022,0.007227,0.002111,0.000000
105.601017,0.012394,0.006392,0.000000
105.651028,0.015472,0.009361,0.000000
105.701021,0.019247,0.013546,0.000000
105.751004,0.023319,0.018330,0.000000
105.801012,0.027695,0.020902,0.000000
105.851014,0.030107,0.023572,0.000000
105.901017,0.037454,0.034343,0.000000
105.951018,0.045072,0.044415,0.000000
106.001019,0.057757,0.057324,0.000000
106.051037,0.069110,0.067622,0.000000
106.101023,0.069526,0.062021,0.000000
106.151029,0.072235,0.059747,0.000000
106.201044,0.088319,0.077328,0.000000
106.251025,0.085520,0.073468,0.000000
106.301026,0.086550,0.077212,0.000000
106.351040,0.081940,0.077122,0.000000
106.401025,0.087795,0.091555,0.000000
106.451044,0.093967,0.089796,0.000000
106.501016,0.108256,0.101856,0.000000
106.551016,0.110817,0.114620,0.000000
106.601018,0.121914,0.118902,0.000000
106.652651,0.128479,0.122924,0.000000
106.701020,0.143104,0.134058,0.000000
106.751030,0.146049,0.141173,0.000000
106.801041,0.156649,0.144243,0.000000
106.851034,0.170677,0.164787,0.000000
106.901039,0.182381,0.180915,0.000000
106.951033,0.198823,0.195445,0.000000
107.001034,0.214195,0.205877,0.000000
107.051047,0.225727,0.216594,0.000000
107.101029,0.238233,0.224720,0.000000
107.151048,0.258763,0.239789,0.000000
107.201042,0.269043,0.255608,0.000000
107.251014,0.276805,0.264532,0.000000
107.301018,0.283333,0.271559,0.000000
107.351020,0.291984,0.278908,0.000000
107.401026,0.299289,0.285203,0.000000
107.451027,0.315118,0.301667,0.000000
107.501029,0.329114,0.320813,0.000000
107.551030,0.343189,0.339977,0.000000
107.601036,0.359732,0.354897,0.000000
107.651040,0.377797,0.368850,0.000000
107.701033,0.395843,0.381772,0.000000
107.751043,0.413499,0.392637,0.000000
107.801049,0.422886,0.400430,0.000000
107.851050,0.427669,0.407388,0.000000
107.901052,0.430603,0.413722,1.169346
107.951050,0.433750,0.418539,3.495737
108.001025,0.431784,0.416737,3.495737
108.051030,0.428517,0.415252,3.495737
108.101029,0.422800,0.411306,3.495737
108.151036,0.421318,0.412512,3.495737
108.201036,0.416650,0.410650,3.495737
108.251035,0.413374,0.412114,3.495737
108.301037,0.413860,0.418072,3.495737
108.351040,0.413789,0.416571,3.495737
108.401047,0.413367,0.414624,3.495737
108.451049,0.418907,0.418732,3.495737
108.501054,0.420972,0.421302,3.495737
108.552488,0.422407,0.419700,3.495737
108.601061,0.427605,0.426660,3.495737
108.651059,0.431361,0.434884,3.495737
108.701066,0.440386,0.442701,3.495737
108.751030,0.454424,0.454891,3.495737
108.801038,0.457786,0.455740,3.495737
108.851035,0.470209,0.468288,3.495737
108.901043,0.492242,0.487728,2.664961
108.951044,0.496915,0.487202,2.299037
109.001046,0.497442,0.483541,2.299037
109.051050,0.496011,0.480083,2.299037
109.101053,0.482886,0.466818,2.299037
109.151052,0.483254,0.466370,2.299037
109.201052,0.474795,0.464854,2.299037
109.251062,0.442619,0.440220,2.299037
109.301062,0.425922,0.425630,2.299037
109.351061,0.407705,0.408496,2.299037
109.401068,0.390472,0.395492,2.299037
109.451075,0.379475,0.384112,2.299037
109.501037,0.363399,0.377849,2.299037
109.551044,0.345526,0.369099,2.299037
109.601048,0.342297,0.359089,2.299037
109.654272,0.336315,0.352543,2.299037
109.701052,0.334730,0.347883,2.299037
109.751050,0.328854,0.338578,2.299037
109.801055,0.326308,0.334749,2.299037
109.851061,0.320601,0.330230,2.299037
109.901047,0.318602,0.327755,2.214166
109.951063,0.320421,0.328776,2.058619
110.001065,0.318827,0.326674,2.058619
110.051075,0.317433,0.325242,2.058619
110.101072,0.322296,0.327477,2.058619
110.151067,0.329075,0.335315,2.058619
110.201077,0.337251,0.342181,2.058619
110.251044,0.344237,0.347153,2.058619
110.301047,0.349401,0.351500,2.058619
110.351055,0.354592,0.352161,2.058619
110.401059,0.366032,0.361341,2.058619
110.451055,0.364272,0.353436,2.058619
110.501060,0.366462,0.359397,2.058619
110.551056,0.370584,0.367529,2.058619
110.601065,0.370940,0.367940,2.058619
110.651070,0.374708,0.373420,2.058619
110.701067,0.380136,0.377331,2.058619
110.751070,0.379586,0.380669,2.058619
110.801076,0.390109,0.383752,2.058619
110.851075,0.388224,0.381012,2.058619
110.901082,0.394084,0.393040,2.115306
110.951082,0.400200,0.396898,2.233425
111.001055,0.396459,0.391298,2.233425
111.051062,0.396957,0.392162,2.233425
111.101060,0.397164,0.392705,2.233425
111.151057,0.395326,0.390782,2.233425
111.201066,0.401823,0.395683,2.233425
111.251064,0.397611,0.399083,2.233425
111.301071,0.394033,0.396795,2.233425
111.351068,0.394702,0.392190,2.233425
111.402252,0.395237,0.393633,2.233425
111.451075,0.399035,0.399189,2.233425
111.501077,0.400371,0.397839,2.233425
111.551078,0.396235,0.395509,2.233425
111.601083,0.390979,0.391613,2.233425
111.651090,0.391589,0.391679,2.233425
111.701093,0.393181,0.390287,2.233425
111.751059,0.387312,0.383839,2.233425
111.801061,0.379634,0.380635,2.233425
111.851062,0.370927,0.370812,2.233425
111.901066,0.368144,0.369951,2.287979
111.951074,0.364051,0.365522,2.411099
112.001081,0.356280,0.359877,2.411099
112.051086,0.352112,0.359004,2.411099
112.101077,0.350361,0.356469,2.411099
112.151084,0.347368,0.354571,2.411099
112.201085,0.343824,0.344870,2.411099
112.251085,0.332172,0.332720,2.411099
112.301085,0.324937,0.325708,2.411099
112.351085,0.321758,0.323548,2.411099
112.401078,0.314500,0.319934,2.411099
112.451097,0.308661,0.317033,2.411099
112.501073,0.303544,0.315817,2.411099
112.551072,0.304277,0.314827,2.411099
112.601072,0.310253,0.317077,2.411099
112.651078,0.320717,0.327845,2.411099
112.701085,0.324390,0.330409,2.411099
112.751087,0.327820,0.330254,2.411099
112.801085,0.332917,0.332440,2.411099
112.851090,0.336542,0.333223,2.411099
112.901094,0.346685,0.342970,2.345428
112.951094,0.352377,0.347579,2.219463
113.001099,0.352670,0.352619,2.219463
113.051102,0.357650,0.357209,2.219463
113.101100,0.364364,0.361162,2.219463
113.151102,0.371290,0.366585,2.219463
113.201099,0.388300,0.384236,2.219463
113.251073,0.409329,0.412855,2.219463
113.301081,0.416335,0.413067,2.219463
113.351085,0.413759,0.402005,2.219463
113.401075,0.411339,0.393198,2.219463
113.451085,0.413720,0.393872,2.219463
113.501095,0.423114,0.405742,2.219463
113.551081,0.425422,0.418657,2.219463
113.601091,0.414230,0.424313,2.219463
113.651102,0.415501,0.424074,2.219463
113.701094,0.425233,0.424779,2.219463
113.751094,0.434099,0.424095,2.219463
113.801107,0.439659,0.426410,2.219463
113.863320,0.436858,0.427684,2.219463
113.901107,0.430223,0.426672,2.305825
113.951106,0.440799,0.445111,2.424854
114.001077,0.450121,0.453747,2.424854
114.051085,0.462578,0.465601,2.424854
114.101085,0.476826,0.477000,2.424854
114.151096,0.492741,0.491554,2.424854
114.201092,0.504754,0.496808,2.424854
114.251092,0.519014,0.501926,2.424854
114.301102,0.519163,0.505621,2.424854
114.351099,0.510215,0.489699,2.424854
114.401108,0.507713,0.490831,2.424854
114.451105,0.497592,0.483079,2.424854
114.501116,0.480847,0.472723,2.424854
114.551117,0.471754,0.468934,2.424854
114.601112,0.468569,0.475212,2.424854
114.651119,0.478176,0.497645,2.424854
114.701128,0.482891,0.490070,2.424854
114.751090,0.476940,0.482894,2.424854
114.801100,0.468210,0.464486,2.424854
114.851098,0.472693,0.464141,2.424854
114.901096,0.470761,0.459465,2.422928
114.951105,0.469044,0.464666,2.427632
115.001105,0.435120,0.441383,2.427632
115.051104,0.438342,0.450112,2.427632
115.113820,0.436657,0.448478,2.427632
115.151105,0.451920,0.458155,2.427632
115.201112,0.455126,0.463514,2.427632
115.251116,0.447829,0.449117,2.427632
115.301110,0.452741,0.463255,2.427632
115.351112,0.449974,0.436413,2.427632
115.401129,0.439225,0.431072,2.427632
115.451129,0.431721,0.422840,2.427632
115.501095,0.404416,0.399532,2.427632
115.552084,0.381539,0.384606,2.427632
115.601107,0.366032,0.364241,2.427632
115.651104,0.338861,0.356966,2.427632
115.701110,0.333966,0.344613,2.427632
115.751107,0.323860,0.343380,2.427632
115.801103,0.314508,0.339683,2.427632
115.851118,0.315932,0.335231,2.427632
115.903131,0.306276,0.319657,2.419760
115.951122,0.312307,0.320703,2.411099
116.001125,0.316425,0.327936,2.411099
116.051126,0.312805,0.316091,2.411099
116.101130,0.306880,0.312367,2.411099
116.151131,0.293118,0.295445,2.411099
116.201134,0.284499,0.287898,2.411099
116.251106,0.289090,0.288198,2.411099
116.301103,0.281699,0.285041,2.411099
116.351105,0.278927,0.295780,2.411099
116.401115,0.284856,0.298627,2.411099
116.451117,0.292753,0.309558,2.411099
116.501117,0.308365,0.315039,2.411099
116.551109,0.315896,0.314092,2.411099
116.601117,0.314968,0.307823,2.411099
116.651112,0.317539,0.304419,2.411099
116.701135,0.311598,0.302963,2.411099
116.751135,0.306321,0.296983,2.411099
116.801131,0.298053,0.296683,2.411099
116.851125,0.291320,0.295268,2.411099
116.901143,0.291860,0.299077,2.474704
116.951159,0.299928,0.307094,2.601351
117.001110,0.307860,0.314914,2.601351
117.051118,0.314739,0.321004,2.601351
117.101110,0.327162,0.328849,2.601351
117.151121,0.333082,0.330283,2.601351
117.201119,0.340986,0.333456,2.601351
117.251121,0.355782,0.350432,2.601351
117.301130,0.364079,0.359382,2.601351
117.361765,0.371261,0.366652,2.601351
117.401135,0.378956,0.372941,2.601351
117.451135,0.389288,0.385289,2.601351
117.501136,0.405113,0.397670,2.601351
117.551145,0.420325,0.408773,2.601351
117.601142,0.427920,0.421273,2.601351
117.651140,0.437671,0.429765,2.601351
117.701142,0.445674,0.434159,2.601351
117.751125,0.453372,0.437651,2.601351
117.801118,0.458200,0.443710,2.601351
117.852967,0.460576,0.447723,2.601351
117.901129,0.461398,0.450095,2.537127
117.951130,0.449543,0.437739,2.417312
118.002959,0.446774,0.439086,2.417312
118.051141,0.447157,0.442159,2.417312
118.101134,0.447242,0.444150,2.417312
118.151134,0.444413,0.444819,2.417312
118.201143,0.454813,0.463487,2.417312
118.251157,0.462482,0.473206,2.417312
118.301142,0.458637,0.450797,2.417312
118.351162,0.451529,0.439886,2.417312
118.401137,0.440924,0.428065,2.417312
118.451140,0.431895,0.420405,2.417312
118.501121,0.424120,0.414596,2.417312
118.551140,0.402701,0.408053,2.417312
118.601124,0.385570,0.404463,2.417312
118.652275,0.378817,0.386600,2.417312
118.701136,0.372002,0.379786,2.417312
118.751133,0.367646,0.374685,2.417312
118.801137,0.394758,0.416031,2.417312
118.851148,0.432272,0.463876,2.417312
118.901148,0.462017,0.488871,2.418367
118.951624,0.497770,0.518103,2.424854
119.001150,0.546112,0.542115,2.424854
119.051145,0.596783,0.574735,2.424854
119.101155,0.642538,0.597503,2.424854
119.151166,0.654675,0.611795,2.424854
119.201151,0.657840,0.625350,2.424854
119.251128,0.672786,0.638442,2.424854
119.301133,0.680714,0.649063,2.424854
119.351133,0.674259,0.638310,2.424854
119.401135,0.666820,0.641324,2.424854
119.451145,0.649839,0.626988,2.424854
119.501149,0.642358,0.624964,2.424854
119.551145,0.628084,0.616018,2.424854
119.601155,0.609318,0.604913,2.424854
119.651164,0.535938,0.519400,2.424854
119.701156,0.480589,0.456153,2.424854
119.751154,0.416101,0.404198,2.424854
119.801166,0.357286,0.354064,2.424854
119.851162,0.292647,0.317129,2.424854
119.901167,0.233021,0.286069,2.356119
119.951169,0.176775,0.262811,2.224452
120.001137,0.181090,0.252282,2.224452
120.051141,0.175781,0.234851,2.224452
120.101145,0.171613,0.220722,2.224452
120.151146,0.172909,0.209543,2.224452
120.201146,0.178921,0.209769,2.224452
120.251153,0.185067,0.209823,2.224452
120.301147,0.187746,0.205482,2.224452
120.351506,0.182421,0.199126,2.224452
120.401162,0.190463,0.203702,2.224452
120.451166,0.198504,0.206815,2.224452
120.501161,0.207646,0.211365,2.224452
120.551169,0.211054,0.216055,2.224452
120.601171,0.211903,0.215983,2.224452
120.651171,0.216929,0.217382,2.224452
120.701171,0.224999,0.220070,2.224452
120.751147,0.232868,0.231601,2.224452
120.801146,0.239664,0.238476,2.224452
120.851150,0.249883,0.250902,2.224452
120.901157,0.255736,0.255122,2.290624
120.951154,0.263506,0.258578,2.424854
121.001155,0.271530,0.262887,2.424854
121.051159,0.278932,0.267017,2.424854
121.101160,0.279153,0.269509,2.424854
121.151162,0.280557,0.270668,2.424854
121.201167,0.277743,0.272817,2.424854
121.251177,0.277853,0.272756,2.424854
121.313309,0.269552,0.261091,2.424854
121.351179,0.269195,0.264398,2.424854
121.401163,0.268499,0.267261,2.424854
121.451180,0.277486,0.282306,2.424854
121.501156,0.280686,0.285417,2.424854
121.551158,0.294177,0.303405,2.424854
121.601157,0.298167,0.302871,2.424854
121.651162,0.309845,0.301471,2.424854
121.701159,0.312408,0.300372,2.424854
121.762638,0.315274,0.300071,2.424854
121.801169,0.309249,0.300150,2.424854
121.851172,0.311013,0.302062,2.424854
121.901171,0.301203,0.302874,2.418046
121.951171,0.302446,0.304045,2.409024
122.001185,0.310093,0.313110,2.409024
122.051180,0.318075,0.321099,2.409024
122.101182,0.321615,0.321621,2.409024
122.151206,0.333773,0.334357,2.409024
122.201190,0.342797,0.341945,2.409024
122.251158,0.349749,0.344639,2.409024
122.301168,0.358906,0.350258,2.409024
122.351163,0.372033,0.368579,2.409024
122.401166,0.380305,0.377046,2.409024
122.451168,0.395775,0.388036,2.409024
122.501180,0.402515,0.396965,2.409024
122.551173,0.407773,0.399463,2.409024
122.601176,0.411276,0.395390,2.409024
122.651193,0.404515,0.381218,2.409024
122.701181,0.395953,0.381337,2.409024
122.751188,0.390633,0.380001,2.409024
122.801190,0.383757,0.380828,2.409024
122.853171,0.377680,0.382721,2.409024
122.901199,0.373900,0.382709,2.344174
122.951195,0.374774,0.383134,2.224452
123.001166,0.381886,0.381454,2.224452
123.051172,0.382486,0.382700,2.224452
123.101171,0.383164,0.381682,2.224452
123.153148,0.388601,0.389909,2.224452
123.201181,0.391773,0.393870,2.224452
123.251177,0.397642,0.399468,2.224452
123.301187,0.427262,0.437838,2.224452
123.353133,0.442429,0.447067,2.224452
123.401184,0.471253,0.476084,2.224452
123.451196,0.500290,0.496920,2.224452
123.501199,0.522896,0.513547,2.224452
123.551204,0.537522,0.512852,2.224452
123.601191,0.549825,0.512870,2.224452
123.651206,0.552984,0.532974,2.224452
123.701198,0.570858,0.548662,2.224452
123.751173,0.577272,0.564990,2.224452
123.801177,0.581945,0.573899,2.224452
123.851184,0.588671,0.584160,2.224452
123.901183,0.597320,0.581136,2.290490
123.951201,0.607325,0.582961,2.422791
124.001190,0.603716,0.584285,2.422791
124.051187,0.598152,0.582255,2.422791
124.101194,0.596226,0.589218,2.422791
124.151195,0.588297,0.582114,2.422791
124.201208,0.587287,0.589355,2.422791
124.251207,0.589111,0.588001,2.422791
124.301211,0.596507,0.597836,2.422791
124.351207,0.606305,0.609229,2.422791
124.411793,0.590133,0.580511,2.422791
124.451227,0.613029,0.620448,2.422791
124.501179,0.625433,0.624444,2.422791
124.551182,0.619451,0.614633,2.422791
124.601189,0.608437,0.592448,2.422791
124.651193,0.604756,0.595259,2.422791
124.701189,0.562874,0.548551,2.422791
124.751192,0.565442,0.535049,2.422791
124.801201,0.524568,0.528114,2.422791
124.851199,0.460239,0.459716,2.422791
124.903002,0.413811,0.417300,2.417048
124.951218,0.366636,0.368678,2.411099
125.001212,0.317568,0.347529,2.411099
125.051220,0.297242,0.322459,2.411099
125.101218,0.261663,0.301455,2.411099
125.151217,0.226118,0.286593,2.411099
125.201223,0.223087,0.267327,2.411099
125.251188,0.212084,0.250415,2.411099
125.301193,0.215261,0.241918,2.411099
125.351198,0.205704,0.234023,2.411099
125.401197,0.204827,0.228806,2.411099
125.451196,0.207647,0.224931,2.411099
125.501207,0.211069,0.223349,2.411099
125.551204,0.211217,0.221719,2.411099
125.601206,0.215529,0.220450,2.411099
125.651205,0.210764,0.211646,2.411099
125.701212,0.208573,0.209311,2.411099
125.751215,0.205328,0.205478,2.411099
125.801215,0.199538,0.199250,2.411099
125.851223,0.194420,0.196561,2.411099
125.901227,0.188433,0.192321,2.348763
125.951223,0.183038,0.189461,2.226698
126.001194,0.183379,0.187338,2.226698
126.051199,0.180246,0.185621,2.226698
126.101195,0.178420,0.184017,2.226698
126.151203,0.178740,0.182541,2.226698
126.201208,0.177376,0.181265,2.226698
126.251205,0.179929,0.183626,2.226698
126.303754,0.185033,0.189675,2.226698
126.351218,0.189638,0.194037,2.226698
126.401216,0.193603,0.196494,2.226698
126.451217,0.198005,0.198841,2.226698
126.501234,0.204321,0.203320,2.226698
126.551222,0.208647,0.203796,2.226698
126.601222,0.210913,0.204765,2.226698
126.651233,0.205398,0.198842,2.226698
126.701231,0.204421,0.200192,2.226698
126.751200,0.201420,0.197234,2.226698
126.801205,0.194751,0.190077,2.226698
126.851205,0.186918,0.185354,2.226698
126.901206,0.183874,0.185163,2.235674
126.951208,0.181734,0.186869,2.266180
127.001213,0.182786,0.185990,2.266180
127.051217,0.177660,0.182710,2.266180
127.101221,0.179113,0.185280,2.266180
127.151221,0.183467,0.186621,2.266180
127.201224,0.187212,0.187856,2.266180
127.251229,0.185510,0.184783,2.266180
127.301214,0.184950,0.185791,2.266180
127.351220,0.186393,0.187090,2.266180
127.401234,0.190713,0.189623,2.266180
127.451239,0.188676,0.188010,2.266180
127.501211,0.189934,0.190554,2.266180
127.551209,0.187978,0.188253,2.266180
127.601210,0.187371,0.184308,2.266180
127.651220,0.185832,0.183209,2.266180
127.701219,0.180022,0.176838,2.266180
127.751220,0.175906,0.175764,2.266180
127.801225,0.174158,0.174362,2.266180
127.851225,0.171759,0.176366,2.266180
127.901232,0.173387,0.179174,2.369029
127.951222,0.174039,0.177940,2.641406
128.002744,0.174998,0.179322,2.641406
128.051246,0.184488,0.187086,2.641406
128.101241,0.197058,0.201631,2.641406
128.151252,0.202785,0.203058,2.641406
128.201239,0.202131,0.198454,2.641406
128.251216,0.198627,0.191886,2.641406
128.301222,0.196883,0.185729,2.641406
128.351224,0.196728,0.185354,2.641406
128.401227,0.192141,0.185489,2.641406
128.451234,0.180903,0.184413,2.641406
128.501222,0.177069,0.183895,2.641406
128.551236,0.178414,0.185106,2.641406
128.601236,0.195988,0.205838,2.641406
128.651233,0.214032,0.222254,2.641406
128.701243,0.236050,0.245453,2.641406
128.761431,0.234652,0.231575,2.641406
128.801241,0.250407,0.243301,2.641406
128.851251,0.265555,0.252164,2.641406
128.901257,0.267660,0.242352,2.434808
128.951245,0.256598,0.236313,2.049730
129.001223,0.247661,0.233755,2.049730
129.051229,0.231520,0.231930,2.049730
129.101229,0.236676,0.228189,2.049730
129.151234,0.227356,0.227678,2.049730
129.201395,0.218298,0.227314,2.049730
129.251236,0.232372,0.242081,2.049730
129.301242,0.251509,0.262930,2.049730
129.351242,0.268960,0.279556,2.049730
129.401247,0.274587,0.276651,2.049730
129.451254,0.282733,0.275380,2.049730
129.501255,0.290234,0.275573,2.049730
129.551259,0.299658,0.278112,2.049730
129.601255,0.294819,0.276476,2.049730
129.651263,0.284871,0.276438,2.049730
129.701257,0.279324,0.282639,2.049730
129.751234,0.285018,0.287354,2.049730
129.801234,0.290278,0.291379,2.049730
129.851235,0.294896,0.294760,2.049730
129.901232,0.307150,0.310621,1.986423
129.951247,0.314876,0.313170,1.873375
130.001246,0.326294,0.321457,1.873375
130.051249,0.332401,0.327466,1.873375
130.101247,0.343370,0.338815,1.873375
130.151316,0.354944,0.348765,1.873375
130.201256,0.376121,0.370378,1.873375
130.251251,0.382187,0.379631,1.873375
130.301262,0.394291,0.385380,1.873375
130.351262,0.399559,0.386407,1.873375
130.410668,0.408139,0.390850,1.873375
130.451275,0.411742,0.394545,1.873375
130.501240,0.409509,0.389927,1.873375
130.551242,0.401784,0.392423,1.873375
130.601244,0.404555,0.401428,1.873375
130.651248,0.409526,0.409983,1.873375
130.701256,0.420903,0.422419,1.873375
130.751251,0.432461,0.435939,1.873375
130.801259,0.436181,0.435844,1.873375
130.851260,0.446846,0.437901,1.873375
130.901270,0.452973,0.439400,1.935566
130.951254,0.457934,0.445958,2.058619
131.001293,0.453395,0.439238,2.058619
131.051267,0.448041,0.438326,2.058619
131.101364,0.428673,0.421553,2.058619
131.151284,0.420583,0.413008,2.058619
131.201281,0.409510,0.404100,2.058619
131.251240,0.400269,0.399450,2.058619
131.321224,0.385374,0.393144,2.058619
131.351254,0.379049,0.388119,2.058619
131.401256,0.367791,0.381646,2.058619
131.451259,0.370348,0.379809,2.058619
131.501275,0.362577,0.368754,2.058619
131.551257,0.358418,0.362854,2.058619
131.601262,0.348376,0.352409,2.058619
131.651260,0.341347,0.345665,2.058619
131.701263,0.330158,0.334358,2.058619
131.751268,0.322661,0.328241,2.058619
131.801266,0.310641,0.320263,2.058619
131.851269,0.307732,0.316996,2.058619
131.911167,0.301471,0.312680,2.058619
131.951282,0.299407,0.309352,2.058619
132.001249,0.295075,0.305174,2.058619
132.051250,0.299163,0.307719,2.058619
132.101264,0.298927,0.306574,2.058619
132.151262,0.300876,0.305634,2.058619
132.201261,0.302557,0.307718,2.058619
132.251262,0.303124,0.306010,2.058619
132.301265,0.299608,0.299131,2.058619
132.351273,0.310248,0.311938,2.058619
132.401269,0.323419,0.331546,2.058619
132.451282,0.339338,0.347896,2.058619
132.501269,0.368153,0.378992,2.058619
132.551283,0.381391,0.385019,2.058619
132.601289,0.397272,0.390015,2.058619
132.651275,0.417665,0.394763,2.058619
132.701288,0.434753,0.412437,2.058619
132.751256,0.451800,0.435926,2.058619
132.801265,0.462144,0.445884,2.058619
132.851264,0.467708,0.465168,2.058619
132.901270,0.476380,0.466087,2.060543
132.951271,0.487500,0.470453,2.065893
133.001271,0.500671,0.477512,2.065893
133.051277,0.504384,0.483897,2.065893
133.101271,0.502352,0.490000,2.065893
133.171064,0.505163,0.493114,2.065893
133.201286,0.499852,0.495630,2.065893
133.251319,0.505535,0.498337,2.065893
133.301289,0.528294,0.528060,2.065893
133.351295,0.530039,0.526035,2.065893
133.401288,0.530022,0.522734,2.065893
133.451291,0.515140,0.500121,2.065893
133.501270,0.509576,0.493495,2.065893
133.551268,0.498161,0.480067,2.065893
133.601266,0.509766,0.502053,2.065893
133.651271,0.496878,0.513091,2.065893
133.701277,0.490721,0.505475,2.065893
133.751276,0.482089,0.494251,2.065893
133.801285,0.489517,0.487747,2.065893
133.851290,0.488211,0.481763,2.065893
133.901285,0.491564,0.475405,1.989643
133.951292,0.474364,0.474189,1.858229
134.001277,0.460143,0.470809,1.858229
134.051296,0.457617,0.468147,1.858229
134.101301,0.457764,0.464546,1.858229
134.151299,0.450658,0.454070,1.858229
134.201306,0.440894,0.441151,1.858229
134.251272,0.427393,0.424080,1.858229
134.301272,0.425574,0.430670,1.858229
134.351275,0.420333,0.428588,1.858229
134.401278,0.412466,0.423251,1.858229
134.451283,0.405382,0.418757,1.858229
134.501284,0.399135,0.408748,1.858229
134.580328,0.400905,0.407388,1.858229
134.601287,0.407470,0.406253,1.858229
134.651284,0.391746,0.394298,1.858229
134.701298,0.392123,0.400107,1.858229
134.751309,0.387529,0.394045,1.858229
134.801305,0.380030,0.384896,1.858229
134.851305,0.382738,0.385457,1.858229
134.901305,0.379528,0.384265,1.792940
134.951304,0.376434,0.383383,1.683169
135.001276,0.379647,0.380483,1.683169
135.051281,0.371084,0.377086,1.683169
135.101284,0.367809,0.371055,1.683169
135.151287,0.365223,0.362899,1.683169
135.201287,0.362395,0.363888,1.683169
135.251289,0.360205,0.363862,1.683169
135.301294,0.353061,0.357060,1.683169
135.351301,0.343933,0.346705,1.683169
135.401303,0.339820,0.344286,1.683169
135.451301,0.337695,0.341824,1.683169
135.501305,0.338158,0.340147,1.683169
135.551309,0.333720,0.339652,1.683169
135.601316,0.330626,0.340176,1.683169
135.651317,0.345817,0.359105,1.683169
135.710852,0.353937,0.359259,1.683169
135.751291,0.368745,0.374847,1.683169
135.801291,0.386400,0.390432,1.683169
135.851300,0.392830,0.388258,1.683169
135.901296,0.401542,0.391229,1.679474
135.951294,0.420846,0.408730,1.674233
136.001306,0.423339,0.417467,1.674233
136.051293,0.437752,0.426092,1.674233
136.101310,0.434088,0.423090,1.674233
136.151301,0.431964,0.425925,1.674233
136.201312,0.440821,0.429206,1.674233
136.251360,0.443389,0.427631,1.674233
136.301317,0.431499,0.421179,1.674233
136.362076,0.419431,0.410546,1.674233
136.401320,0.414268,0.413331,1.674233
136.460185,0.414644,0.413409,1.674233
136.501293,0.409121,0.410465,1.674233
136.551295,0.408104,0.415403,1.674233
136.601301,0.409569,0.418525,1.674233
136.651306,0.412192,0.417741,1.674233
136.701305,0.421310,0.420505,1.674233
136.751304,0.423370,0.423613,1.674233
136.801307,0.426482,0.426388,1.674233
136.851310,0.433994,0.431252,1.674233
136.901311,0.431990,0.429154,1.610366
136.951310,0.438532,0.438827,1.493098
137.001321,0.443220,0.440784,1.493098
137.061991,0.446502,0.443547,1.493098
137.101339,0.447978,0.444128,1.493098
137.151329,0.449765,0.445116,1.493098
137.201327,0.450855,0.447930,1.493098
137.251326,0.452561,0.444697,1.493098
137.301304,0.450226,0.447949,1.493098
137.351965,0.451518,0.450008,1.493098
137.401309,0.450511,0.449611,1.493098
137.461387,0.451894,0.450924,1.493098
137.511340,0.452213,0.450990,1.493098
137.551320,0.452975,0.453803,1.493098
137.601313,0.460631,0.459911,1.493098
137.651321,0.461955,0.462009,1.493098
137.701328,0.470187,0.472873,1.493098
137.751331,0.480566,0.482311,1.493098
137.801329,0.490226,0.490441,1.493098
137.851337,0.499577,0.495851,1.493098
137.901363,0.507084,0.500243,1.498898
137.951341,0.510989,0.502549,1.517074
138.001308,0.517030,0.504906,1.517074
138.051319,0.502639,0.487154,1.517074
138.101901,0.486074,0.470445,1.517074
138.151322,0.470755,0.458329,1.517074
138.201324,0.459190,0.453094,1.517074
138.251888,0.445367,0.445281,1.517074
138.301326,0.430433,0.439128,1.517074
138.351318,0.414859,0.433380,1.517074
138.401325,0.406251,0.418251,1.517074
138.451334,0.392855,0.396814,1.517074
138.501330,0.380132,0.381433,1.517074
138.551332,0.361912,0.365758,1.517074
138.601342,0.343115,0.348992,1.517074
138.651342,0.328230,0.341313,1.517074
138.701340,0.312094,0.332412,1.517074
138.751312,0.288074,0.304127,1.517074
138.801320,0.265022,0.273461,1.517074
138.851316,0.245255,0.255416,1.517074
138.901322,0.226171,0.237862,1.449207
138.951419,0.210140,0.223837,1.318479
139.001328,0.183076,0.203066,1.318479
139.051330,0.158407,0.187532,1.318479
139.101329,0.148271,0.173777,1.318479
139.151335,0.143558,0.162223,1.318479
139.201333,0.133975,0.153494,1.318479
139.251340,0.127007,0.146795,1.318479
139.301340,0.121132,0.143057,1.318479
139.351348,0.121704,0.139406,1.318479
139.401336,0.122382,0.137578,1.318479
139.451352,0.123524,0.135435,1.318479
139.501317,0.125823,0.134758,1.318479
139.551325,0.126552,0.132556,1.318479
139.601324,0.127228,0.130966,1.318479
139.651333,0.126672,0.129630,1.318479
139.701334,0.126639,0.128669,1.318479
139.751335,0.125824,0.127796,1.318479
139.801339,0.125451,0.127104,1.318479
139.851337,0.122787,0.124305,1.318479
139.901341,0.121960,0.122952,1.325158
139.951347,0.118960,0.119164,1.343468
140.001353,0.116415,0.116620,1.343468
140.051350,0.114274,0.115310,1.343468
140.101354,0.112886,0.115157,1.343468
140.151357,0.111283,0.114740,1.343468
140.201355,0.111259,0.114404,1.343468
140.251723,0.111090,0.114795,1.343468
140.301327,0.112994,0.115311,1.343468
140.351337,0.114458,0.115587,1.343468
140.421720,0.115335,0.115710,1.343468
140.451343,0.115975,0.116363,1.343468
140.501338,0.117429,0.117762,1.343468
140.551345,0.119728,0.120041,1.343468
140.601349,0.122410,0.123057,1.343468
140.651345,0.124418,0.124739,1.343468
140.701348,0.125175,0.124194,1.343468
140.751350,0.125687,0.123306,1.343468
140.801362,0.126637,0.123706,1.343468
140.851359,0.126043,0.122835,1.343468
140.901359,0.124621,0.122140,1.277839
140.951366,0.122469,0.121701,1.159171
141.001336,0.120735,0.121229,1.159171
141.051341,0.120448,0.120985,1.159171
141.101342,0.120299,0.120531,1.159171
141.151341,0.118311,0.118703,1.159171
141.201350,0.118413,0.118990,1.159171
141.251352,0.117829,0.118253,1.159171
141.301348,0.118329,0.119291,1.159171
141.351354,0.120757,0.122713,1.159171
141.401353,0.121336,0.122974,1.159171
141.451357,0.123982,0.125792,1.159171
141.501357,0.128846,0.129678,1.159171
141.551361,0.130470,0.130062,1.159171
141.601363,0.131908,0.129170,1.159171
141.651369,0.133067,0.129664,1.159171
141.701371,0.134705,0.133294,1.159171
141.751345,0.137984,0.136042,1.159171
141.801343,0.139165,0.137897,1.159171
141.851351,0.139157,0.139349,1.159171
141.901353,0.140937,0.140282,0.764444
141.951352,0.143632,0.141172,0.000000
142.001363,0.145569,0.142013,0.000000
142.051359,0.145203,0.142590,0.000000
142.101361,0.145089,0.143127,0.000000
142.151367,0.145446,0.144083,0.000000
142.201369,0.145779,0.144782,0.000000
142.251367,0.145342,0.144132,0.000000
142.301375,0.145653,0.144717,0.000000
142.351371,0.145952,0.145255,0.000000
142.401542,0.145158,0.144092,0.000000
142.451371,0.144406,0.143257,0.000000
142.501349,0.143727,0.143213,0.000000
142.551355,0.142431,0.142251,0.000000
142.601355,0.142082,0.141628,0.000000
142.651358,0.140936,0.141129,0.000000
142.701356,0.139376,0.140220,0.000000
142.751368,0.139115,0.139699,0.000000
142.801358,0.139111,0.139726,0.000000
142.851375,0.139329,0.140688,0.000000
142.901375,0.139995,0.141096,0.000000
142.951377,0.140244,0.141122,0.000000
143.001384,0.139768,0.140057,0.000000
143.051371,0.139545,0.139053,0.000000
143.101372,0.139336,0.138484,0.000000
143.151376,0.138827,0.138043,0.000000
143.201380,0.137666,0.137726,0.000000
143.251358,0.136914,0.137677,0.000000
143.301361,0.137312,0.138900,0.000000
143.351368,0.138823,0.140416,0.000000
143.401369,0.140501,0.141669,0.000000
143.451370,0.141983,0.142641,0.000000
143.501376,0.143640,0.143699,0.000000
143.551371,0.145819,0.145320,0.000000
143.601371,0.147853,0.146600,0.000000
143.651372,0.149523,0.148366,0.000000
143.701376,0.151586,0.150881,0.000000
143.751385,0.153071,0.152120,0.000000
143.820184,0.154349,0.152748,0.000000
143.851393,0.155929,0.154011,0.000000
143.901382,0.156528,0.154463,0.000000
143.951408,0.156635,0.154032,0.000000
144.001365,0.155499,0.152738,0.000000
144.051361,0.154197,0.152562,0.000000
144.101368,0.153463,0.152441,0.000000
144.151370,0.151649,0.150422,0.000000
144.201373,0.148260,0.147427,0.000000
144.251374,0.145563,0.145421,0.000000
144.301394,0.144355,0.145092,0.000000
144.351391,0.144209,0.145375,0.000000
144.401381,0.142751,0.144636,0.000000
144.451397,0.140914,0.143509,0.000000
144.501393,0.140019,0.142044,0.000000
144.551405,0.140648,0.141624,0.000000
144.601417,0.140746,0.140928,0.000000
144.651419,0.138222,0.137965,0.000000
144.701421,0.136244,0.136910,0.000000
144.751372,0.134874,0.135971,0.000000
144.801372,0.133931,0.135276,0.000000
144.851377,0.135243,0.137272,0.000000
144.901378,0.135590,0.138203,0.000000
144.951385,0.136287,0.139031,0.000000
145.001388,0.140288,0.141955,0.000000
145.051385,0.141560,0.142051,0.000000
145.101392,0.142665,0.141711,0.000000
145.151397,0.143696,0.141343,0.000000
145.201395,0.144465,0.143202,0.000000
145.251402,0.147878,0.147733,0.000000
145.301403,0.149336,0.148710,0.000000
145.351402,0.145909,0.144903,0.000000
145.401405,0.144593,0.142558,0.000000
145.451393,0.143599,0.140700,0.000000
145.501375,0.142899,0.139505,0.000000
145.551387,0.140818,0.138839,0.000000
145.601387,0.136759,0.138617,0.000000
145.651383,0.136459,0.140995,0.000000
145.701391,0.139429,0.142897,0.000000
145.751388,0.140749,0.142791,0.000000
145.801390,0.146434,0.148835,0.000000
145.851401,0.147032,0.146853,0.000000
145.901402,0.145517,0.142607,0.000000
145.951401,0.145954,0.142208,0.000000
146.001399,0.144830,0.142326,0.000000
146.051409,0.147458,0.147594,0.000000
146.101407,0.151400,0.152074,0.000000
146.151415,0.149225,0.153253,0.000000
146.201412,0.153018,0.155692,0.000000
146.251381,0.158655,0.157552,0.000000
146.301383,0.162224,0.159149,0.000000
146.351394,0.165215,0.160096,0.000000
146.401390,0.163685,0.159674,0.000000
146.451402,0.162050,0.159429,0.000000
146.501405,0.159647,0.155774,0.000000
146.559323,0.158186,0.155659,0.000000
146.601408,0.158101,0.157414,0.000000
146.651395,0.155677,0.155641,0.000000
146.701411,0.157251,0.159520,0.000000
146.759305,0.154338,0.155140,0.000000
146.801416,0.155544,0.157486,0.000000
146.851422,0.156019,0.154881,0.000000
146.901415,0.154297,0.152524,0.000000
146.951426,0.151978,0.151656,0.000000
147.001389,0.151592,0.150510,0.000000
147.051394,0.148041,0.150411,0.000000
147.101393,0.148270,0.148134,0.000000
147.151397,0.145902,0.148606,0.000000
147.201401,0.147194,0.149594,0.000000
147.251407,0.149256,0.151245,0.000000
147.301402,0.150169,0.151949,0.000000
147.351414,0.153499,0.155368,0.000000
147.401418,0.161576,0.165556,0.000000
147.451420,0.172225,0.175061,0.000000
147.501418,0.181806,0.183409,0.000000
147.551423,0.198653,0.200791,0.000000
147.601431,0.215934,0.216777,0.000000
147.651424,0.233413,0.228894,0.000000
147.701436,0.251341,0.241905,0.000000
147.751399,0.263960,0.252378,0.000000
147.801401,0.275891,0.261190,0.000000
147.851409,0.285336,0.265836,0.000000
147.901403,0.288915,0.271734,0.000000
147.951408,0.291187,0.276677,0.000000
148.001422,0.299748,0.288823,0.000000
148.051413,0.303511,0.295169,0.000000
148.101416,0.303788,0.295344,0.000000
148.151422,0.306542,0.299414,0.000000
148.201424,0.314053,0.306869,0.000000
148.251423,0.320856,0.314101,0.000000
148.301430,0.331200,0.325075,0.000000
148.351429,0.334985,0.332858,0.000000
148.401432,0.342358,0.340689,0.000000
148.451433,0.354536,0.348863,0.000000
148.501409,0.364825,0.356702,0.000000
148.551408,0.375565,0.367610,0.000000
148.601418,0.382348,0.372162,0.000000
148.651417,0.385434,0.375899,0.000000
148.701416,0.385772,0.374135,0.000000
148.751422,0.385437,0.373325,0.000000
148.801428,0.385195,0.374475,0.000000
148.851420,0.377437,0.365879,0.000000
148.901433,0.369814,0.364028,2.619820
148.951439,0.364652,0.361904,7.659154
149.001429,0.358881,0.360162,7.659154
149.051439,0.356702,0.358598,7.659154
149.101442,0.353714,0.356756,7.659154
149.151436,0.349842,0.355413,7.659154
149.201444,0.353988,0.356536,7.659154
149.251410,0.352853,0.354995,7.659154
149.301413,0.349746,0.350381,7.659154
149.351418,0.347778,0.348150,7.659154
149.401422,0.348633,0.350259,7.659154
149.451425,0.349414,0.351358,7.659154
149.501773,0.349925,0.351896,7.659154
149.551431,0.351511,0.356111,7.659154
149.601427,0.368585,0.378603,7.659154
149.651435,0.395704,0.407075,7.659154
149.701445,0.423719,0.432305,7.659154
149.751439,0.447378,0.450332,7.659154
149.801441,0.469981,0.463442,7.659154
149.851434,0.494563,0.476032,7.659154
149.901442,0.515131,0.484496,5.604855
149.951450,0.522085,0.491081,1.667599
150.001530,0.520426,0.494679,1.667599
150.051421,0.518178,0.499194,1.667599
150.101463,0.517120,0.502482,1.667599
150.151429,0.517099,0.505177,1.667599
150.201426,0.537957,0.538630,1.667599
150.251436,0.551819,0.553929,1.667599
150.301435,0.571215,0.573447,1.667599
150.351438,0.619766,0.628357,1.667599
150.401445,0.666189,0.671170,1.667599
150.451441,0.711655,0.703592,1.667599
150.501442,0.766150,0.742533,1.667599
150.551443,0.797698,0.772477,1.667599
150.601449,0.845310,0.808264,1.667599
150.651452,0.877982,0.822666,1.667599
150.701462,0.886378,0.839526,1.667599
150.751426,0.893858,0.850586,1.667599
150.801430,0.906430,0.864659,1.667599
150.851429,0.921612,0.892542,1.667599
150.901433,0.943567,0.923216,1.730765
150.951437,0.958702,0.950124,1.852254
151.001444,0.981189,0.967656,1.852254
151.051438,0.998470,0.979690,1.852254
151.101445,1.023821,0.998258,1.852254
151.151444,1.046132,1.014150,1.852254
151.201449,1.057260,1.027694,1.852254
151.251452,1.062691,1.038806,1.852254
151.301460,1.071593,1.054939,1.852254
151.368931,1.081297,1.065044,1.852254
151.401458,1.111672,1.099668,1.852254
151.451458,1.128233,1.117198,1.852254
151.501430,1.149150,1.138627,1.852254
151.551438,1.169372,1.155691,1.852254
151.601435,1.193243,1.174720,1.852254
151.658900,1.205218,1.180599,1.852254
151.708894,1.220393,1.187056,1.852254
151.758892,1.215717,1.190161,1.852254
151.801454,1.222287,1.199367,1.852254
151.851448,1.226462,1.210517,1.852254
151.901453,1.231149,1.219788,1.916747
151.951457,1.236087,1.232813,2.056190
152.001470,1.250583,1.246938,2.056190
152.051458,1.261657,1.255442,2.056190
152.101470,1.272775,1.260361,2.056190
152.151456,1.277848,1.263083,2.056190
152.201469,1.282040,1.267427,2.056190
152.251444,1.285765,1.270385,2.056190
152.320098,1.276867,1.261052,2.056190
152.354541,1.277781,1.270483,2.056190
152.418838,1.270169,1.263342,2.056190
152.451448,1.368124,1.404230,2.056190
152.501450,1.356493,1.361993,2.056190
152.551455,1.344112,1.329283,2.056190
152.601457,1.338923,1.312611,2.056190
152.651464,1.336303,1.291278,2.056190
152.701461,1.341529,1.302020,2.056190
152.751472,1.354738,1.306993,2.056190
152.801464,1.253317,1.297088,2.056190
152.851461,1.262584,1.289394,2.056190
152.901478,1.275009,1.288529,2.002013
152.951490,1.284552,1.293226,1.905362
153.001453,1.299434,1.296373,1.905362
153.051450,1.292320,1.295889,1.905362
153.101451,1.291252,1.300810,1.905362
153.151457,1.298587,1.302332,1.905362
153.233688,1.295666,1.289946,1.905362
153.251466,1.339143,1.351573,1.905362
153.301464,1.333035,1.334691,1.905362
153.359380,1.324972,1.318244,1.905362
153.401472,1.355670,1.355906,1.905362
153.451464,1.340153,1.326328,1.905362
153.501476,1.325189,1.301167,1.905362
153.551477,1.324322,1.282663,1.905362
153.601467,1.263646,1.265430,1.905362
153.651483,1.253840,1.252315,1.905362
153.701487,1.246591,1.242625,1.905362
153.751455,1.203781,1.235512,1.905362
153.829341,1.193192,1.215768,1.905362
153.851462,1.221081,1.252337,1.905362
153.901461,1.224127,1.247532,1.903870
153.951462,1.225855,1.239614,1.902736
154.001472,1.232247,1.240467,1.902736
154.051467,1.235983,1.238597,1.902736
154.101470,1.242355,1.241636,1.902736
154.151479,1.257670,1.242849,1.902736
154.201483,1.237070,1.239937,1.902736
154.251481,1.200113,1.185964,1.902736
154.301488,1.155228,1.126935,1.902736
154.351490,1.099414,1.072363,1.902736
154.401488,1.053405,1.040235,1.902736
154.451496,0.986785,0.989369,1.902736
154.501462,0.920880,0.948255,1.902736
154.551464,0.856049,0.913739,1.902736
154.601469,0.829349,0.885788,1.902736
154.651472,0.812844,0.862476,1.902736
154.701474,0.800426,0.843289,1.902736
154.751472,0.771369,0.818801,1.902736
154.801494,0.754566,0.789313,1.902736
154.851480,0.735958,0.762839,1.902736
154.901481,0.725524,0.752827,1.903045
154.951491,0.722282,0.753742,1.905361
155.001499,0.711684,0.741869,1.905361
155.051488,0.698468,0.728000,1.905361
155.101499,0.698103,0.725913,1.905361
155.151495,0.701811,0.720232,1.905361
155.201500,0.706980,0.715143,1.905361
155.251466,0.703920,0.710155,1.905361
155.301475,0.691648,0.702508,1.905361
155.351471,0.653791,0.647241,1.905361
155.401576,0.620344,0.605675,1.905361
155.451475,0.588740,0.583976,1.905361
155.501486,0.551977,0.555357,1.905361
155.551482,0.516980,0.534597,1.905361
155.601493,0.489361,0.527287,1.905361
155.651485,0.468611,0.527278,1.905361
155.701492,0.482520,0.526475,1.905361
155.751497,0.497961,0.530420,1.905361
155.801489,0.503435,0.531430,1.905361
155.851499,0.515676,0.530668,1.905361
155.901507,0.527705,0.531736,1.841294
155.951506,0.543308,0.546720,1.726395
156.001474,0.552491,0.555777,1.726395
156.051482,0.561406,0.561672,1.726395
156.101483,0.567572,0.567289,1.726395
156.151480,0.575233,0.571729,1.726395
156.201488,0.578904,0.568069,1.726395
156.251492,0.580223,0.563462,1.726395
156.301492,0.572501,0.561261,1.726395
156.351491,0.564321,0.555724,1.726395
156.401514,0.557840,0.552282,1.726395
156.451497,0.549613,0.548403,1.726395
156.501496,0.537503,0.539875,1.726395
156.551507,0.536750,0.541549,1.726395
156.601513,0.529595,0.532223,1.726395
156.651505,0.522175,0.525972,1.726395
156.701513,0.517941,0.521502,1.726395
156.751483,0.515350,0.521395,1.726395
156.801483,0.510909,0.517565,1.726395
156.851491,0.510714,0.514746,1.726395
156.901493,0.504967,0.513274,1.713879
156.951492,0.506961,0.512222,1.693983
157.001498,0.506581,0.509145,1.693983
157.051502,0.503058,0.502659,1.693983
157.101500,0.495978,0.496419,1.693983
157.151499,0.491381,0.491332,1.693983
157.201511,0.485152,0.485510,1.693983
157.251504,0.479441,0.482389,1.693983
157.301506,0.475239,0.481492,1.693983
157.351516,0.470712,0.478268,1.693983
157.401505,0.469792,0.476596,1.693983
157.451525,0.471185,0.477473,1.693983
157.501492,0.471761,0.477054,1.693983
157.551491,0.466764,0.467216,1.693983
157.601494,0.460809,0.459454,1.693983
157.651494,0.453358,0.452728,1.693983
157.701501,0.428434,0.420451,1.693983
157.751494,0.406552,0.399839,1.693983
157.801507,0.388507,0.390543,1.693983
157.851508,0.383932,0.400781,1.693983
157.901511,0.380251,0.400845,1.691209
157.951516,0.376052,0.400417,1.697957
158.001524,0.368323,0.395091,1.697957
158.051520,0.376990,0.386734,1.697957
158.101513,0.383646,0.382086,1.697957
158.151527,0.379508,0.370591,1.697957
158.201525,0.368763,0.369399,1.697957
158.251499,0.358934,0.361906,1.697957
158.301499,0.347136,0.352633,1.697957
158.351501,0.342138,0.350009,1.697957
158.401507,0.337728,0.344548,1.697957
158.451500,0.331797,0.340190,1.697957
158.501514,0.330514,0.335336,1.697957
158.551503,0.323604,0.331555,1.697957
158.628428,0.321356,0.328426,1.697957
158.651522,0.318922,0.322529,1.697957
158.701521,0.314819,0.320212,1.697957
158.751526,0.313142,0.318390,1.697957
158.801525,0.315884,0.323113,1.697957
158.851532,0.323684,0.332591,1.697957
158.910932,0.320337,0.324659,1.701918
158.951540,0.332891,0.340474,1.711983
159.001506,0.347555,0.352722,1.711983
159.051505,0.351657,0.350159,1.711983
159.101512,0.358177,0.351515,1.711983
159.151511,0.353913,0.343516,1.711983
159.201514,0.347079,0.339273,1.711983
159.251514,0.352477,0.337485,1.711983
159.301517,0.344765,0.339681,1.711983
159.351517,0.334390,0.337810,1.711983
159.401523,0.329460,0.331396,1.711983
159.451523,0.321222,0.325085,1.711983
159.501534,0.322043,0.323514,1.711983
159.551537,0.323797,0.325720,1.711983
159.601522,0.325525,0.329038,1.711983
159.651540,0.327615,0.335863,1.711983
159.701534,0.334400,0.344248,1.711983
159.751509,0.339647,0.343825,1.711983
159.801511,0.355260,0.356961,1.711983
159.879467,0.363867,0.361133,1.711983
159.901523,0.370060,0.364454,1.678795
159.951522,0.382831,0.377862,1.682065
160.010324,0.383831,0.376278,1.682065
160.051530,0.388632,0.383389,1.682065
160.101532,0.399610,0.390413,1.682065
160.151528,0.404021,0.400271,1.682065
160.201538,0.407640,0.400798,1.682065
160.251545,0.410803,0.400467,1.682065
160.301535,0.407680,0.402215,1.682065
160.351552,0.416795,0.408529,1.682065
160.401531,0.412937,0.404114,1.682065
160.482968,0.410173,0.403241,1.682065
160.501515,0.404083,0.402043,1.682065
160.551520,0.399455,0.395784,1.682065
160.601519,0.398066,0.394497,1.682065
160.651535,0.398679,0.398326,1.682065
160.701525,0.383037,0.383448,1.682065
160.751530,0.383103,0.384124,1.682065
160.801535,0.377787,0.379873,1.682065
160.851539,0.377897,0.383480,1.682065
160.920007,0.363294,0.360460,1.331016
160.951538,0.355638,0.355592,1.124134
161.001539,0.346958,0.355271,1.124134
161.051547,0.351700,0.355314,1.124134
161.101546,0.351367,0.360662,1.124134
161.151552,0.351019,0.360639,1.124134
161.201558,0.346655,0.362166,1.124134
161.251520,0.359191,0.360923,1.124134
161.301532,0.362659,0.361224,1.124134
161.351526,0.368348,0.367764,1.124134
161.409961,0.369681,0.367121,1.124134
161.451536,0.368015,0.367701,1.124134
161.501544,0.373784,0.374369,1.124134
161.559946,0.377494,0.378338,1.124134
161.601548,0.385971,0.385743,1.124134
161.651550,0.385683,0.380729,1.124134
161.701545,0.387809,0.386372,1.124134
161.751546,0.391322,0.386811,1.124134
161.801538,0.399201,0.394473,1.124134
161.859965,0.399826,0.396747,1.124134
161.901561,0.400375,0.397038,1.046374
161.951553,0.406886,0.409825,0.946156
162.001530,0.411523,0.406450,0.946156
162.051541,0.407581,0.401479,0.946156
162.101538,0.397806,0.385233,0.946156
162.151536,0.383913,0.373771,0.946156
162.201543,0.380250,0.375109,0.946156
162.251543,0.377904,0.376015,0.946156
162.301545,0.357369,0.363799,0.946156
162.351547,0.347455,0.355309,0.946156
162.401560,0.337671,0.347148,0.946156
162.451554,0.337023,0.341024,0.946156
162.501555,0.335158,0.335904,0.946156
162.551565,0.330875,0.338801,0.946156
162.601565,0.323764,0.336986,0.946156
162.651570,0.325734,0.335391,0.946156
162.701560,0.328216,0.335759,0.946156
162.751537,0.329774,0.334051,0.946156
162.828925,0.332042,0.333378,0.946156
162.851544,0.334351,0.333577,0.946156
162.901550,0.331629,0.333133,0.620263
162.951548,0.322777,0.320609,0.000000
163.001560,0.314032,0.309945,0.000000
163.051565,0.304554,0.301934,0.000000
163.101556,0.296647,0.295833,0.000000
163.151556,0.289084,0.291046,0.000000
163.201560,0.273154,0.278529,0.000000
163.251564,0.262326,0.273936,0.000000
163.301569,0.259422,0.269301,0.000000
163.351569,0.255639,0.263609,0.000000
163.401569,0.254678,0.263454,0.000000
163.451576,0.251917,0.261275,0.000000
163.501545,0.249341,0.259886,0.000000
163.551544,0.252145,0.257516,0.000000
163.601552,0.244671,0.246696,0.000000
163.651557,0.240214,0.241279,0.000000
163.701553,0.234696,0.233441,0.000000
163.751563,0.226262,0.227449,0.000000
163.801562,0.219366,0.222756,0.000000
163.851561,0.212129,0.218949,0.000000
163.901565,0.206329,0.216697,0.000000
163.951568,0.206652,0.214522,0.000000
164.001570,0.215635,0.228053,0.000000
164.051583,0.228541,0.240763,0.000000
164.101577,0.241511,0.251278,0.000000
164.151581,0.254056,0.259052,0.000000
164.201582,0.266627,0.265367,0.000000
164.251546,0.277087,0.268726,0.000000
164.301554,0.278573,0.258937,0.000000
164.351561,0.267808,0.248736,0.000000
164.401564,0.254161,0.237923,0.000000
164.467839,0.239134,0.226971,0.000000
164.501572,0.227162,0.222991,0.000000
164.551573,0.212771,0.216525,0.000000
164.629066,0.200055,0.212072,0.000000
164.651567,0.195884,0.207910,0.000000
164.701578,0.196717,0.209189,0.000000
164.751584,0.196996,0.206695,0.000000
164.801585,0.200317,0.206855,0.000000
164.851586,0.200194,0.206791,0.000000
164.901585,0.203820,0.208709,0.000000
164.951602,0.206084,0.209033,0.000000
165.001558,0.208544,0.208803,0.000000
165.051566,0.208342,0.209645,0.000000
165.101566,0.212382,0.212694,0.000000
165.151570,0.214649,0.214812,0.000000
165.209674,0.217259,0.216619,0.000000
165.251570,0.218170,0.218088,0.000000
165.301574,0.222307,0.222334,0.000000
165.351577,0.230397,0.230761,0.000000
165.401579,0.235863,0.234856,0.000000
165.451587,0.239294,0.237683,0.000000
165.501581,0.245248,0.243102,0.000000
165.551586,0.249544,0.245265,0.000000
165.601592,0.258451,0.253495,0.000000
165.651592,0.266061,0.261349,0.000000
165.701600,0.265541,0.261326,0.000000
165.751566,0.267765,0.262453,0.000000
165.801571,0.271345,0.264801,0.000000
165.851572,0.269385,0.261871,0.000000
165.901577,0.269456,0.260050,0.000000
165.969703,0.266507,0.260826,0.000000
166.001586,0.260936,0.260045,0.000000
166.059572,0.255291,0.252490,0.000000
166.101589,0.256827,0.257563,0.000000
166.151596,0.251739,0.253736,0.000000
166.201587,0.254351,0.256544,0.000000
166.251596,0.257133,0.259645,0.000000
166.301595,0.257770,0.261384,0.000000
166.351609,0.254426,0.256092,0.000000
166.401597,0.260261,0.257425,0.000000
166.451604,0.258422,0.258902,0.000000
166.501573,0.261969,0.259943,0.000000
166.551579,0.252947,0.249108,0.000000
166.601582,0.250880,0.250432,0.000000
166.651579,0.249429,0.251968,0.000000
166.701586,0.252692,0.253053,0.000000
166.751584,0.264083,0.271369,0.000000
166.801590,0.276975,0.288127,0.000000
166.851589,0.278844,0.285183,0.000000
166.901594,0.289521,0.282996,0.000000
166.951600,0.297617,0.289779,0.000000
167.001595,0.309478,0.300589,0.000000
167.051609,0.321487,0.308914,0.000000
167.101605,0.318289,0.311410,0.000000
167.151611,0.324969,0.328874,0.000000
167.201612,0.344894,0.345898,0.000000
167.251582,0.367325,0.363059,0.000000
167.301581,0.379400,0.370713,0.000000
167.351588,0.390054,0.380445,0.000000
167.401589,0.402709,0.390721,0.000000
167.451592,0.412773,0.391055,0.000000
167.501591,0.415587,0.396554,0.000000
167.551594,0.416785,0.401744,0.000000
167.601597,0.414674,0.404768,0.000000
167.651607,0.416644,0.406718,0.000000
167.701604,0.409455,0.398968,0.000000
167.751609,0.409704,0.405956,0.000000
167.801615,0.413340,0.408425,0.000000
167.851613,0.418108,0.417093,0.000000
167.901616,0.418037,0.417998,2.260842
167.951615,0.417002,0.416317,6.538360
168.001585,0.416456,0.415302,6.538360
168.051587,0.423696,0.415950,6.538360
168.101598,0.421112,0.416048,6.538360
168.151601,0.419890,0.414793,6.538360
168.201588,0.415831,0.416321,6.538360
168.251592,0.414349,0.414953,6.538360
168.301597,0.405934,0.401981,6.538360
168.351610,0.397149,0.391779,6.538360
168.401611,0.400082,0.401098,6.538360
168.451603,0.400707,0.405078,6.538360
168.501619,0.398569,0.403417,6.538360
168.551613,0.402440,0.412686,6.538360
168.601615,0.406041,0.417299,6.538360
168.651620,0.418413,0.421202,6.538360
168.701622,0.435983,0.431795,6.538360
168.751594,0.439976,0.438616,6.538360
168.827482,0.446590,0.443672,6.538360
168.851598,0.456511,0.448418,6.538360
168.901599,0.454510,0.446141,4.859022
168.957467,0.458362,0.449530,1.691029
169.001610,0.463536,0.454274,1.691029
169.051608,0.455558,0.447074,1.691029
169.117463,0.437451,0.425481,1.691029
169.151618,0.430370,0.423245,1.691029
169.201619,0.423386,0.422119,1.691029
169.251621,0.427536,0.431023,1.691029
169.301628,0.423526,0.431835,1.691029
169.351624,0.409049,0.419909,1.691029
169.401636,0.408852,0.419139,1.691029
169.453495,0.416194,0.413425,1.691029
169.501600,0.413720,0.410363,1.691029
169.558661,0.403561,0.397541,1.691029
169.601604,0.399177,0.404995,1.691029
169.651611,0.391866,0.400288,1.691029
169.701614,0.395780,0.399699,1.691029
169.751613,0.392941,0.399351,1.691029
169.801615,0.393513,0.398730,1.691029
169.851622,0.393826,0.398533,1.691029
169.901623,0.401524,0.398595,1.739864
169.951623,0.395745,0.398255,1.852255
170.001637,0.397505,0.397633,1.852255
170.051628,0.389886,0.386928,1.852255
170.101635,0.381953,0.378295,1.852255
170.167362,0.374711,0.371905,1.852255
170.201637,0.367295,0.366636,1.852255
170.251606,0.359586,0.362342,1.852255
170.327352,0.351704,0.358199,1.852255
170.351617,0.340148,0.349411,1.852255
170.401618,0.331005,0.335587,1.852255
170.451622,0.323512,0.326749,1.852255
170.501619,0.316184,0.320418,1.852255
170.551615,0.309658,0.316289,1.852255
170.601623,0.302495,0.311934,1.852255
170.651628,0.292653,0.304149,1.852255
170.701637,0.291068,0.303905,1.852255
170.751625,0.293935,0.303224,1.852255
170.801644,0.293913,0.300850,1.852255
170.851645,0.291172,0.295842,1.852255
170.901626,0.288660,0.293091,1.914513
170.951642,0.285692,0.289242,2.042400
171.001617,0.288084,0.289304,2.042400
171.051618,0.285156,0.288049,2.042400
171.101618,0.282655,0.287082,2.042400
171.151629,0.289106,0.296980,2.042400
171.201626,0.297289,0.304178,2.042400
171.251625,0.305556,0.311047,2.042400
171.301628,0.315658,0.317457,2.042400
171.351629,0.328136,0.329078,2.042400
171.401635,0.349290,0.349552,2.042400
171.451640,0.367052,0.361290,2.042400
171.501644,0.374865,0.367512,2.042400
171.551640,0.386575,0.377496,2.042400
171.601650,0.394748,0.381449,2.042400
171.651654,0.402256,0.384448,2.042400
171.701652,0.410072,0.392416,2.042400
171.751623,0.406389,0.393749,2.042400
171.801624,0.412727,0.405516,2.042400
171.851623,0.422367,0.415721,2.042400
171.901634,0.427534,0.423246,1.985235
171.951631,0.435541,0.429180,1.884022
172.001634,0.442940,0.434098,1.884022
172.051641,0.446680,0.437550,1.884022
172.101636,0.453100,0.439381,1.884022
172.151643,0.451755,0.440702,1.884022
172.201643,0.449969,0.441742,1.884022
172.251643,0.445050,0.437247,1.884022
172.301648,0.439458,0.432387,1.884022
172.351651,0.434913,0.430051,1.884022
172.401654,0.433310,0.431750,1.884022
172.451653,0.431093,0.431733,1.884022
172.501635,0.431101,0.434582,1.884022
172.551635,0.430031,0.435366,1.884022
172.619025,0.432666,0.435946,1.884022
172.651640,0.435257,0.435168,1.884022
172.701639,0.445292,0.446421,1.884022
172.751641,0.450182,0.451803,1.884022
172.801645,0.459472,0.460844,1.884022
172.851648,0.467208,0.468523,1.884022
172.901654,0.475747,0.474251,1.930608
172.951650,0.484613,0.479427,2.036965
173.001649,0.494044,0.483075,2.036965
173.051660,0.495080,0.486479,2.036965
173.101661,0.498844,0.489024,2.036965
173.151666,0.499223,0.491274,2.036965
173.201660,0.499401,0.493206,2.036965
173.251640,0.505556,0.502643,2.036965
173.301640,0.511419,0.510364,2.036965
173.351642,0.518651,0.517934,2.036965
173.401638,0.530994,0.531680,2.036965
173.451646,0.542334,0.541066,2.036965
173.501647,0.557147,0.553658,2.036965
173.551657,0.577774,0.571976,2.036965
173.601662,0.586736,0.578199,2.036965
173.651649,0.598848,0.587774,2.036965
173.701662,0.613049,0.599736,2.036965
173.751656,0.625246,0.614138,2.036965
173.801653,0.639044,0.626393,2.036965
173.851674,0.646825,0.632898,2.036965
173.901675,0.649747,0.639505,1.977634
173.951676,0.661647,0.648778,1.884022
174.001639,0.667897,0.652883,1.884022
174.051651,0.671713,0.657032,1.884022
174.101648,0.685120,0.678988,1.884022
174.151647,0.697920,0.696271,1.884022
174.201654,0.708929,0.704103,1.884022
174.251655,0.716476,0.706724,1.884022
174.301655,0.726630,0.716766,1.884022
174.351659,0.738547,0.724147,1.884022
174.401669,0.749878,0.729910,1.884022
174.451680,0.745331,0.731031,1.884022
174.501672,0.724991,0.709355,1.884022
174.551675,0.719411,0.706785,1.884022
174.601672,0.707407,0.692054,1.884022
174.651671,0.679492,0.665953,1.884022
174.701685,0.662494,0.659653,1.884022
174.751653,0.645317,0.654416,1.884022
174.801659,0.647006,0.673041,1.884022
174.851658,0.663513,0.686146,1.884022
174.901659,0.669192,0.696181,1.880658
174.988837,0.684190,0.704326,1.876043
175.014514,0.710140,0.711669,1.876043
175.078822,0.726572,0.718811,1.876043
175.107406,0.741979,0.723534,1.876043
175.158851,0.736400,0.720505,1.876043
175.201675,0.757070,0.753462,1.876043
175.251668,0.762684,0.758182,1.876043
175.301684,0.769014,0.762632,1.876043
175.351681,0.773520,0.764706,1.876043
175.401669,0.777774,0.767149,1.876043
175.451672,0.782530,0.768930,1.876043
175.501656,0.792153,0.770359,1.876043
175.551665,0.756852,0.743950,1.876043
175.608153,0.749547,0.740346,1.876043
175.651668,0.734228,0.726937,1.876043
175.701668,0.727537,0.726814,1.876043
175.758144,0.710058,0.712364,1.876043
175.801673,0.722802,0.742947,1.876043
175.851679,0.717395,0.741902,1.876043
175.901683,0.731579,0.741063,1.733330
175.951684,0.733152,0.740283,1.479642
176.001683,0.742985,0.740708,1.479642
176.051688,0.745783,0.741632,1.479642
176.101685,0.758827,0.742369,1.479642
176.151700,0.741539,0.742755,1.479642
176.226903,0.742109,0.742329,1.479642
176.251666,0.745967,0.746531,1.479642
176.301667,0.744206,0.741703,1.479642
176.351671,0.738692,0.734242,1.479642
176.401665,0.729072,0.723165,1.479642
176.451671,0.722437,0.718729,1.479642
176.501684,0.716142,0.715285,1.479642
176.551677,0.697154,0.693496,1.479642
176.626841,0.676969,0.679612,1.479642
176.651677,0.663371,0.669329,1.479642
176.701682,0.660829,0.672831,1.479642
176.751683,0.658696,0.670974,1.479642
176.801696,0.652972,0.668853,1.479642
176.851692,0.650884,0.672286,1.479642
176.901702,0.660561,0.672607,1.479642
176.951693,0.668354,0.673394,1.479642
177.001675,0.674413,0.673432,1.479642
177.051680,0.675928,0.678135,1.479642
177.101679,0.677787,0.677860,1.479642
177.151683,0.680281,0.677888,1.479642
177.201680,0.680187,0.679310,1.479642
177.251684,0.681155,0.679506,1.479642
177.301687,0.683997,0.682829,1.479642
177.351695,0.685592,0.683314,1.479642
177.401691,0.684294,0.684228,1.479642
177.451700,0.686134,0.685199,1.479642
177.501694,0.687264,0.685209,1.479642
177.551704,0.686662,0.684497,1.479642
177.601703,0.686396,0.683432,1.479642
177.651710,0.684271,0.683069,1.479642
177.701699,0.682169,0.680583,1.479642
177.751679,0.679337,0.678012,1.479642
177.807972,0.675867,0.675329,1.479642
177.851686,0.673969,0.674669,1.479642
177.901685,0.678603,0.682617,1.482173
177.951688,0.687710,0.694711,1.500505
178.001691,0.697709,0.706050,1.500505
178.051691,0.707774,0.713046,1.500505
178.117947,0.718090,0.718375,1.500505
178.151693,0.730468,0.724685,1.500505
178.201697,0.741120,0.729201,1.500505
178.251709,0.737452,0.721180,1.500505
178.301711,0.726948,0.710880,1.500505
178.351706,0.724094,0.714961,1.500505
178.417922,0.718258,0.712042,1.500505
178.451715,0.711640,0.708164,1.500505
178.501688,0.709228,0.713418,1.500505
178.551688,0.707436,0.717612,1.500505
178.601696,0.714742,0.722057,1.500505
178.651691,0.724342,0.724667,1.500505
178.701697,0.724835,0.726712,1.500505
178.751703,0.728485,0.726829,1.500505
178.801697,0.714123,0.699336,1.500505
178.851708,0.694594,0.679473,1.500505
178.901708,0.673765,0.661009,1.432717
178.951705,0.653525,0.648208,1.307053
179.017886,0.633840,0.638368,1.307053
179.051717,0.614862,0.631467,1.307053
179.101719,0.594666,0.622413,1.307053
179.151727,0.592819,0.613245,1.307053
179.201716,0.590700,0.607618,1.307053
179.251690,0.589527,0.601792,1.307053
179.301695,0.587797,0.598410,1.307053
179.351697,0.584920,0.594381,1.307053
179.401710,0.580838,0.590743,1.307053
179.451710,0.571261,0.576450,1.307053
179.501709,0.561510,0.562820,1.307053
179.551711,0.550579,0.551974,1.307053
179.601710,0.540260,0.542849,1.307053
179.651715,0.529878,0.536713,1.307053
179.701712,0.519816,0.530900,1.307053
179.757251,0.509715,0.525810,1.307053
179.801722,0.507395,0.521267,1.307053
179.851723,0.507171,0.518386,1.307053
179.901731,0.508809,0.518631,1.231522
179.951732,0.510876,0.518767,1.124134
180.001698,0.510997,0.517683,1.124134
180.051705,0.513839,0.519859,1.124134
180.101703,0.515907,0.519898,1.124134
180.151713,0.518397,0.520015,1.124134
180.217774,0.521355,0.521537,1.124134
180.251710,0.523269,0.523846,1.124134
180.301717,0.520549,0.519148,1.124134
180.351719,0.518926,0.515704,1.124134
180.401724,0.503417,0.496575,1.124134
180.451716,0.484234,0.474390,1.124134
180.501720,0.466331,0.458591,1.124134
180.551720,0.445332,0.442987,1.124134
180.601731,0.420346,0.426048,1.124134
180.651723,0.402159,0.415465,1.124134
180.701722,0.384934,0.408731,1.124134
180.751706,0.379545,0.403495,1.124134
180.801709,0.379350,0.399516,1.124134
180.851710,0.402098,0.430199,1.124134
180.901713,0.431808,0.461605,1.115882
180.951710,0.464934,0.487153,1.109732
181.001721,0.490573,0.499899,1.109732
181.051725,0.493954,0.481723,1.109732
181.101726,0.497522,0.467179,1.109732
181.151719,0.500718,0.454933,1.109732
181.201729,0.479598,0.444924,1.109732
181.251732,0.453284,0.436729,1.109732
181.301721,0.413682,0.411845,1.109732
181.351743,0.380195,0.392785,1.109732
181.401740,0.366236,0.376435,1.109732
181.451736,0.350214,0.360308,1.109732
181.501712,0.341466,0.357236,1.109732
181.551716,0.328180,0.348254,1.109732
181.601723,0.316379,0.342879,1.109732
181.651721,0.318792,0.340202,1.109732
181.701721,0.316094,0.331702,1.109732
181.751730,0.314400,0.325189,1.109732
181.801725,0.315505,0.320827,1.109732
181.851729,0.309570,0.317328,1.109732
181.901737,0.308547,0.314933,0.723363
181.951734,0.306334,0.313103,0.000000
182.001746,0.312794,0.325389,0.000000
182.051741,0.320700,0.330891,0.000000
182.101748,0.329393,0.336592,0.000000
182.151754,0.342393,0.348122,0.000000
182.201744,0.357119,0.359793,0.000000
182.251721,0.372347,0.370330,0.000000
182.301725,0.385213,0.375484,0.000000
182.351728,0.390785,0.383092,0.000000
182.401726,0.398477,0.387818,0.000000
182.451736,0.405442,0.391887,0.000000
182.501727,0.404539,0.391100,0.000000
182.551742,0.401770,0.390336,0.000000
182.601741,0.391154,0.379928,0.000000
182.651741,0.387532,0.378102,0.000000
182.701737,0.384900,0.381513,0.000000
182.751746,0.383417,0.384493,0.000000
182.801747,0.379859,0.384291,0.000000
182.851738,0.384694,0.391737,0.000000
182.901755,0.387239,0.394255,0.000000
182.951754,0.398597,0.398647,0.000000
183.001729,0.403885,0.400403,0.000000
183.051734,0.405234,0.401350,0.000000
183.101730,0.408727,0.405464,0.000000
183.166272,0.408982,0.401504,0.000000
183.201737,0.408030,0.404164,0.000000
183.251738,0.417941,0.417985,0.000000
183.317548,0.426034,0.428886,0.000000
183.351748,0.444541,0.450396,0.000000
183.401742,0.434086,0.426716,0.000000
183.451737,0.420760,0.407303,0.000000
183.501755,0.413613,0.393114,0.000000
183.551752,0.401545,0.380553,0.000000
183.601749,0.381270,0.370696,0.000000
183.651767,0.360582,0.362194,0.000000
183.701753,0.326896,0.349704,0.000000
183.751738,0.318266,0.334123,0.000000
183.801736,0.310054,0.321716,0.000000
183.851737,0.305013,0.317607,0.000000
183.901745,0.298058,0.310511,0.000000
183.951747,0.291110,0.304885,0.000000
184.001749,0.284587,0.300368,0.000000
184.051751,0.288069,0.305023,0.000000
184.101754,0.290620,0.302110,0.000000
184.151753,0.299285,0.308276,0.000000
184.201765,0.304238,0.313797,0.000000
184.258059,0.310699,0.316405,0.000000
184.301757,0.312614,0.312344,0.000000
184.351762,0.319570,0.316045,0.000000
184.401773,0.327177,0.328228,0.000000
184.451795,0.339729,0.338066,0.000000
184.501742,0.350490,0.352005,0.000000
184.551749,0.356506,0.357391,0.000000
184.601753,0.364675,0.362698,0.000000
184.651748,0.376707,0.366082,0.000000
184.701746,0.385460,0.371242,0.000000
184.751755,0.389318,0.377496,0.000000
184.802008,0.396023,0.386871,0.000000
184.851754,0.395372,0.390256,0.000000
184.901759,0.398720,0.392795,0.000000
184.951765,0.398764,0.391409,0.000000
185.001773,0.401318,0.392677,0.000000
185.051768,0.400331,0.391152,0.000000
185.101774,0.398042,0.390265,0.000000
185.151763,0.391413,0.387636,0.000000
185.201764,0.395564,0.396670,0.000000
185.251746,0.396302,0.398978,0.000000
185.301754,0.399489,0.400769,0.000000
185.351754,0.403091,0.405184,0.000000
185.401753,0.410781,0.411885,0.000000
185.451762,0.416503,0.414663,0.000000
185.501765,0.427987,0.423530,0.000000
185.551763,0.434508,0.434619,0.000000
185.601761,0.447064,0.446964,0.000000
185.651775,0.458906,0.455749,0.000000
185.701759,0.470137,0.464813,0.000000
185.751781,0.477745,0.470147,0.000000
185.801784,0.488679,0.476717,0.000000
185.851772,0.495837,0.483328,0.000000
185.901792,0.500990,0.489551,0.000000
185.951777,0.535473,0.538365,0.000000
186.001753,0.573308,0.581592,0.000000
186.051759,0.605567,0.609741,0.000000
186.101755,0.638124,0.630017,0.000000
186.151761,0.661278,0.638796,0.000000
186.201764,0.682440,0.643583,0.000000
186.251760,0.707041,0.652751,0.000000
186.301773,0.697286,0.655557,0.000000
186.351777,0.681269,0.653103,0.000000
186.401779,0.674890,0.657658,0.000000
186.451773,0.671972,0.663358,0.000000
186.501773,0.675364,0.670021,0.000000
186.551777,0.677375,0.670993,0.000000
186.601778,0.681114,0.678735,0.000000
186.651779,0.686014,0.683153,0.000000
186.701800,0.693801,0.686633,0.000000
186.751761,0.696491,0.688822,0.000000
186.801765,0.642914,0.613959,0.000000
186.851768,0.586411,0.552004,0.000000
186.901770,0.531489,0.499972,0.000000
186.951777,0.475845,0.464254,0.000000
187.001776,0.423543,0.438350,0.000000
187.051779,0.368167,0.413258,0.000000
187.107198,0.313140,0.393017,0.000000
187.151788,0.314176,0.378786,0.000000
187.201781,0.318556,0.370020,0.000000
187.251794,0.325355,0.363877,0.000000
187.327175,0.328991,0.360502,0.000000
187.351785,0.331308,0.358622,0.000000
187.427339,0.311412,0.321658,0.000000
187.451808,0.342142,0.362822,0.000000
187.501767,0.331901,0.340193,0.000000
187.551770,0.321067,0.323731,0.000000
187.601785,0.306380,0.306272,0.000000
187.651778,0.287540,0.288038,0.000000
187.701786,0.272917,0.280166,0.000000
187.751785,0.290265,0.283208,0.000000
187.801787,0.254854,0.282570,0.000000
187.851795,0.259685,0.282731,0.000000
187.901789,0.261124,0.279768,0.000000
187.951789,0.263403,0.274304,0.000000
188.001802,0.272601,0.275312,0.000000
188.051809,0.271100,0.267969,0.000000
188.101793,0.266058,0.266265,0.000000
188.151799,0.262282,0.263554,0.000000
188.201805,0.256198,0.259045,0.000000
188.251777,0.252545,0.255836,0.000000
188.301779,0.253050,0.255914,0.000000
188.351784,0.249767,0.256013,0.000000
188.401782,0.252954,0.256987,0.000000
188.451788,0.252676,0.256995,0.000000
188.501786,0.252349,0.255647,0.000000
188.551791,0.257866,0.260601,0.000000
188.601792,0.267297,0.270304,0.000000
188.651799,0.272540,0.274807,0.000000
188.701798,0.275554,0.275409,0.000000
188.751801,0.278840,0.276804,0.000000
188.801805,0.282211,0.277940,0.000000
188.856421,0.286972,0.278980,0.000000
188.901811,0.286652,0.278897,0.000000
188.951814,0.276671,0.271025,0.000000
189.001779,0.267193,0.262121,0.000000
189.051782,0.259000,0.253784,0.000000
189.105859,0.250923,0.248173,0.000000
189.151802,0.244709,0.246379,0.000000
189.201793,0.248387,0.258868,0.000000
189.251795,0.250176,0.265295,0.000000
189.301794,0.257658,0.270498,0.000000
189.351804,0.266411,0.273736,0.000000
189.401805,0.276473,0.277413,0.000000
189.451803,0.285241,0.279494,0.000000
189.502463,0.288949,0.276673,0.000000
189.551809,0.280008,0.270498,0.000000
189.601811,0.276022,0.269142,0.000000
189.651820,0.281277,0.281025,0.000000
189.701829,0.288297,0.292195,0.000000
189.751793,0.293960,0.299891,0.000000
189.801796,0.300226,0.306008,0.000000
189.851792,0.302747,0.301107,0.000000
189.901806,0.315806,0.308086,0.000000
189.951804,0.326962,0.314995,0.000000
190.001803,0.304252,0.285917,0.000000
190.051805,0.288407,0.273519,0.000000
190.101806,0.267880,0.256137,0.000000
190.151805,0.256760,0.256043,0.000000
190.201816,0.249413,0.250943,0.000000
190.251810,0.234318,0.246673,0.000000
190.301818,0.218467,0.243377,0.000000
190.351822,0.220018,0.231248,0.000000
190.401824,0.218006,0.227104,0.000000
190.451834,0.220266,0.222163,0.000000
190.501793,0.212095,0.217437,0.000000
190.551796,0.208111,0.214495,0.000000
190.601805,0.202061,0.209054,0.000000
190.651808,0.193525,0.201235,0.000000
190.726266,0.194262,0.198485,0.000000
190.751812,0.188547,0.192885,0.000000
190.801807,0.183938,0.188358,0.000000
190.856255,0.197421,0.209316,0.000000
190.901815,0.232066,0.256320,0.000000
190.951824,0.257042,0.277525,0.000000
191.001817,0.281912,0.290661,0.000000
191.051819,0.308787,0.307356,0.000000
191.101842,0.337881,0.321015,0.000000
191.151829,0.368008,0.332245,0.000000
191.201841,0.380196,0.341729,0.000000
191.251801,0.378690,0.360897,0.000000
191.301803,0.389207,0.375876,0.000000
191.351808,0.401303,0.385917,0.000000
191.401807,0.409248,0.394454,0.000000
191.451813,0.416667,0.400891,0.000000
191.501814,0.423085,0.405810,0.000000
191.551821,0.417185,0.392531,0.000000
191.601822,0.404197,0.383560,0.000000
191.651820,0.389891,0.373888,0.000000
191.701823,0.375177,0.363232,0.000000
191.751824,0.361550,0.357238,0.000000
191.801837,0.347950,0.352164,0.000000
191.851835,0.332232,0.344956,0.000000
191.901842,0.306081,0.306754,0.000000
191.951827,0.293497,0.297603,0.000000
192.006165,0.281519,0.288427,0.000000
192.051814,0.268763,0.276685,0.000000
192.101814,0.253446,0.266534,0.000000
192.151815,0.239097,0.259956,0.000000
192.201824,0.229937,0.258736,0.000000
192.251827,0.244121,0.257563,0.000000
192.301825,0.255052,0.273707,0.000000
192.351833,0.267803,0.287505,0.000000
192.401847,0.284587,0.298527,0.000000
192.451851,0.303357,0.309014,0.000000
192.501851,0.329325,0.330693,0.000000
192.551834,0.351877,0.347437,0.000000
192.601846,0.378338,0.365785,0.000000
192.651837,0.389244,0.375704,0.000000
192.701837,0.403626,0.389566,0.000000
192.751816,0.424884,0.409968,0.000000
192.801824,0.445183,0.426581,0.000000
192.851826,0.446920,0.427168,0.000000
192.901829,0.457114,0.438893,0.000000
192.951831,0.463055,0.447247,0.000000
193.001829,0.471623,0.452872,0.000000
193.067337,0.469304,0.448183,0.000000
193.110259,0.459112,0.442747,0.000000
193.177315,0.413653,0.388972,0.000000
193.201836,0.389150,0.362519,0.000000
193.251848,0.365346,0.353140,0.000000
193.301842,0.341719,0.345370,0.000000
193.351839,0.311495,0.329567,0.000000
193.401859,0.297713,0.330574,0.000000
193.451855,0.282702,0.327865,0.000000
193.501820,0.303195,0.325712,0.000000
193.551828,0.325145,0.342330,0.000000
193.601835,0.336647,0.353465,0.000000
193.651834,0.350325,0.364896,0.000000
193.701836,0.370713,0.373729,0.000000
193.751843,0.387085,0.388738,0.000000
193.801843,0.407994,0.403596,0.000000
193.851837,0.423231,0.407363,0.000000
193.901852,0.428068,0.414396,0.000000
193.951844,0.434929,0.421007,0.000000
194.001858,0.438995,0.424756,0.000000
194.051857,0.429145,0.407830,0.000000
194.101856,0.415082,0.396329,0.000000
194.151851,0.398186,0.385980,0.000000
194.201870,0.387811,0.378714,0.000000
194.251831,0.373282,0.371080,0.000000
194.301835,0.357057,0.363685,0.000000
194.351836,0.339752,0.354711,0.000000
194.401837,0.326938,0.333874,0.000000
194.457207,0.309750,0.313081,0.000000
194.507209,0.293212,0.296115,0.000000
194.567199,0.270995,0.275696,0.000000
194.617081,0.253021,0.263631,0.000000
194.665329,0.238444,0.257166,0.000000
194.701861,0.225520,0.251249,0.000000
194.751855,0.226332,0.252304,0.000000
194.801861,0.220902,0.240110,0.000000
194.851864,0.217550,0.232908,0.000000
194.901871,0.221376,0.230535,0.000000
194.951873,0.218423,0.223467,0.000000
195.001833,0.209896,0.213262,0.000000
195.051837,0.205238,0.209649,0.000000
195.101846,0.190739,0.198570,0.000000
195.151850,0.183028,0.186468,0.000000
195.201852,0.176873,0.181464,0.000000
195.251857,0.167326,0.176018,0.000000
195.301857,0.153379,0.160302,0.000000
195.351857,0.141205,0.145677,0.000000
195.401852,0.125938,0.134250,0.000000
195.451869,0.114644,0.122496,0.000000
195.501850,0.105141,0.112325,0.000000
195.551860,0.091614,0.103183,0.000000
195.601868,0.078810,0.095456,0.000000
195.651863,0.075149,0.090726,0.000000
195.701878,0.070434,0.083454,0.000000
195.751847,0.065526,0.077612,0.000000
195.801853,0.062358,0.072747,0.000000
195.851853,0.059905,0.069071,0.000000
195.901854,0.058121,0.066032,0.000000
195.951850,0.056554,0.063541,0.000000
196.001860,0.051848,0.058519,0.000000
196.065213,0.050809,0.056188,0.000000
196.101860,0.048997,0.053286,0.000000
196.151861,0.046831,0.050290,0.000000
196.201869,0.038041,0.038851,0.000000
196.251871,0.028073,0.027968,0.000000
196.301882,0.017494,0.018250,0.000000
196.351871,0.007448,0.008212,0.000000
196.401879,0.005155,0.001512,0.000000
196.451885,0.018409,0.011580,0.000000
196.501850,0.032063,0.020773,0.000000
196.551849,0.041528,0.031281,0.000000
196.601861,0.050219,0.040313,0.000000
196.651877,0.059785,0.049751,0.000000
196.701869,0.070137,0.060698,0.000000
196.751871,0.075598,0.063938,0.000000
196.801868,0.080563,0.068729,0.000000
196.851867,0.094470,0.085932,0.000000
196.901875,0.105638,0.099031,0.000000
196.951877,0.119601,0.113984,0.000000
197.006372,0.132953,0.127294,0.000000
197.051881,0.140718,0.133546,0.000000
197.101886,0.154648,0.141838,0.000000
197.166357,0.162359,0.141952,0.000000
197.201898,0.180107,0.169404,0.000000
197.251858,0.188868,0.178159,0.000000
197.301863,0.193260,0.183454,0.000000
197.351868,0.203263,0.196722,0.000000
197.401867,0.221813,0.214872,0.000000
197.451875,0.238177,0.229602,0.000000
197.501874,0.254775,0.235537,0.000000
197.551877,0.251355,0.239637,0.000000
197.601883,0.263258,0.251067,0.000000
197.651877,0.276296,0.260015,0.000000
197.701891,0.286237,0.271912,0.000000
197.760890,0.284650,0.272865,0.000000
197.801892,0.287401,0.279939,0.000000
197.851893,0.299939,0.293313,0.000000
197.901887,0.314458,0.306025,0.000000
197.951892,0.317015,0.307743,0.000000
198.001871,0.322457,0.313052,0.000000
198.051874,0.325449,0.318559,0.000000
198.101876,0.334925,0.323451,0.000000
198.151873,0.348675,0.339669,0.000000
198.201880,0.355242,0.350145,0.000000
198.256269,0.362594,0.361749,0.000000
198.301882,0.365024,0.355871,0.000000
198.351889,0.364235,0.350559,0.000000
198.401900,0.365294,0.350140,0.000000
198.451890,0.366689,0.350653,0.000000
198.501891,0.360023,0.352031,0.000000
198.551895,0.355627,0.353737,0.000000
198.601900,0.354314,0.362133,0.000000
198.651904,0.365757,0.372487,0.000000
198.701894,0.377029,0.379853,0.000000
198.764980,0.382653,0.381678,0.000000
198.801880,0.396690,0.395590,0.000000
198.854964,0.414226,0.412608,0.000000
198.901880,0.440617,0.439132,0.000000
198.951885,0.471422,0.473390,0.000000
199.001883,0.483446,0.478359,0.000000
199.051891,0.496958,0.484193,0.000000
199.114953,0.467521,0.424073,0.000000
199.151893,0.454675,0.410770,0.000000
199.201896,0.420300,0.376176,0.000000
199.251897,0.377438,0.348952,0.000000
199.301907,0.326083,0.326904,0.000000
199.351901,0.287300,0.309675,0.000000
199.401913,0.248301,0.295584,0.000000
199.451914,0.254925,0.282529,0.000000
199.501877,0.236143,0.271190,0.000000
199.551887,0.233102,0.260159,0.000000
199.601884,0.233629,0.256697,0.000000
199.651885,0.233390,0.252436,0.000000
199.701895,0.232956,0.248897,0.000000
199.751891,0.237808,0.253368,0.000000
199.801904,0.245447,0.259974,0.000000
199.851897,0.253190,0.264410,0.000000
199.901910,0.264331,0.270655,0.000000
199.951901,0.272369,0.276507,0.000000
200.001908,0.279347,0.278040,0.000000
200.051912,0.286608,0.279558,0.000000
200.101930,0.281172,0.270360,0.000000
200.151900,0.273876,0.263473,0.000000
200.201916,0.267276,0.258003,0.000000
200.251884,0.259038,0.253635,0.000000
200.301887,0.256071,0.258440,0.000000
200.351894,0.255581,0.262975,0.000000
200.401891,0.255387,0.267138,0.000000
200.451899,0.268648,0.279131,0.000000
200.501901,0.282311,0.289897,0.000000
200.551909,0.287954,0.287176,0.000000
200.601903,0.298453,0.291765,0.000000
200.674819,0.302621,0.294880,0.000000
200.705730,0.302967,0.292568,0.000000
200.751919,0.309597,0.300090,0.000000
200.801930,0.305428,0.299612,0.000000
200.851916,0.297785,0.295466,0.000000
200.901922,0.297577,0.291322,0.000000
200.951910,0.297005,0.294198,0.000000
201.001895,0.294029,0.292576,0.000000
201.051896,0.295048,0.292288,0.000000
201.101898,0.285550,0.286668,0.000000
201.151902,0.284341,0.287207,0.000000
201.201904,0.284661,0.286009,0.000000
201.251911,0.286377,0.286180,0.000000
201.301912,0.286167,0.289914,0.000000
201.351908,0.293495,0.299414,0.000000
201.401922,0.299554,0.305903,0.000000
201.451919,0.310979,0.313412,0.000000
201.501919,0.315831,0.315336,0.000000
201.551930,0.321685,0.316921,0.000000
201.601924,0.327158,0.318539,0.000000
201.651929,0.315467,0.299554,0.000000
201.701944,0.301291,0.287042,0.000000
201.751898,0.290255,0.280181,0.000000
201.801903,0.275556,0.272102,0.000000
201.851904,0.263126,0.265486,0.000000
201.901905,0.253619,0.264067,0.000000
201.951908,0.244547,0.263557,0.000000
202.001914,0.249072,0.261757,0.000000
202.051917,0.251972,0.260748,0.000000
202.101917,0.252460,0.259934,0.000000
202.151921,0.244084,0.244215,0.000000
202.201926,0.237895,0.234557,0.000000
202.256557,0.225740,0.222341,0.000000
202.301934,0.214906,0.215022,0.000000
202.356666,0.202850,0.206050,0.000000
202.401936,0.195401,0.205699,0.000000
202.451934,0.183220,0.198737,0.000000
202.501904,0.181856,0.193357,0.000000
202.551918,0.172219,0.180440,0.000000
202.601912,0.165834,0.170130,0.000000
202.651922,0.157536,0.161665,0.000000
202.701918,0.151335,0.154691,0.000000
202.751926,0.140664,0.149681,0.000000
202.801920,0.134643,0.145502,0.000000
202.851927,0.128667,0.142391,0.000000
202.901935,0.128295,0.139157,0.000000
202.951931,0.127875,0.136507,0.000000
203.001938,0.123894,0.129184,0.000000
203.051945,0.119646,0.122759,0.000000
203.101939,0.115251,0.117976,0.000000
203.151941,0.110362,0.113279,0.000000
203.201945,0.105891,0.110335,0.000000
203.251920,0.101750,0.107731,0.000000
203.301915,0.097031,0.104754,0.000000
203.351923,0.097331,0.104183,0.000000
203.401920,0.098043,0.103740,0.000000
203.451924,0.097830,0.102467,0.000000
203.501928,0.099059,0.102630,0.000000
203.554574,0.099560,0.102517,0.000000
203.605861,0.100306,0.102525,0.000000
203.651934,0.100638,0.101039,0.000000
203.701948,0.098401,0.098080,0.000000
203.751943,0.097808,0.097990,0.000000
203.814556,0.097499,0.097427,0.000000
203.851953,0.093511,0.092977,0.000000
203.901955,0.086295,0.084610,0.000000
203.951951,0.082388,0.082651,0.000000
204.001922,0.072622,0.071538,0.000000
204.051926,0.062851,0.060867,0.000000
204.101927,0.050051,0.050358,0.000000
204.156399,0.040297,0.045677,0.000000
204.201933,0.032077,0.040135,0.000000
204.251945,0.022268,0.028586,0.000000
204.306388,0.006927,0.016284,0.000000
204.353966,0.004682,0.004606,0.000000
204.416388,0.013165,0.007211,0.000000
204.451945,0.019545,0.013041,0.000000
204.501956,0.029341,0.018855,0.000000
204.551963,0.042439,0.029879,0.000000
204.601956,0.052104,0.040978,0.000000
204.654482,0.059449,0.049807,0.000000
204.701965,0.067686,0.060992,0.000000
204.751934,0.073859,0.065999,0.000000
204.801932,0.080815,0.069725,0.000000
204.851936,0.087063,0.073071,0.000000
204.901935,0.089043,0.076350,0.000000
204.951940,0.091054,0.080933,0.000000
205.003623,0.093459,0.085126,0.000000
205.051943,0.092719,0.088162,0.000000
205.101951,0.094691,0.090609,0.000000
205.151954,0.100788,0.097992,0.000000
205.201951,0.108385,0.106349,0.000000
205.251965,0.115236,0.112588,0.000000
205.301966,0.122380,0.119933,0.000000
205.351956,0.130933,0.128293,0.000000
205.401970,0.136863,0.130995,0.000000
205.464426,0.143241,0.133782,0.000000
205.501933,0.146848,0.137639,0.000000
205.551942,0.155413,0.150056,0.000000
205.601945,0.163238,0.158491,0.000000
205.651939,0.169517,0.165424,0.000000
205.701953,0.178586,0.177334,0.000000
205.751950,0.192439,0.189601,0.000000
205.823185,0.202329,0.194606,0.000000
205.855666,0.211271,0.198718,0.000000
205.901957,0.214513,0.203485,0.000000
205.951964,0.221378,0.210867,0.000000
206.001971,0.228761,0.217576,0.000000
206.051967,0.229276,0.219573,0.000000
206.101969,0.228075,0.221654,0.000000
206.151970,0.229184,0.221794,0.000000
206.201964,0.229560,0.221158,0.000000
206.251943,0.230542,0.222526,0.000000
206.301950,0.227715,0.222345,0.000000
206.351951,0.224317,0.222172,0.000000
206.401958,0.223328,0.222054,0.000000
206.451958,0.223071,0.223299,0.000000
206.501961,0.232434,0.236139,0.000000
206.551958,0.238687,0.241223,0.000000
206.601964,0.243502,0.244925,0.000000
206.651969,0.241843,0.238159,0.000000
206.701974,0.234801,0.225355,0.000000
206.751964,0.239007,0.230463,0.000000
206.801977,0.241492,0.233512,0.000000
206.851976,0.233417,0.232902,0.000000
206.901984,0.235180,0.240986,0.000000
206.956165,0.228932,0.236214,0.000000
207.001951,0.231455,0.234730,0.000000
207.051959,0.236685,0.229652,0.000000
207.101960,0.229916,0.224518,0.000000
207.151969,0.221320,0.216873,0.000000
207.201963,0.218285,0.215358,0.000000
207.251977,0.207590,0.211933,0.000000
207.301966,0.205754,0.210368,0.000000
207.351979,0.201485,0.207990,0.000000
207.401975,0.194931,0.199005,0.000000
207.451972,0.186146,0.187689,0.000000
207.501990,0.181462,0.180981,0.000000
207.551978,0.174671,0.179333,0.000000
207.601988,0.180634,0.195332,0.000000
207.651986,0.174213,0.184104,0.000000
207.701999,0.200360,0.219792,0.000000
207.751959,0.213311,0.224899,0.000000
207.801960,0.236667,0.240585,0.000000
207.851966,0.276396,0.279067,0.000000
207.901969,0.312470,0.314706,0.000000
207.951974,0.350210,0.345122,0.000000
208.001974,0.392690,0.364375,0.000000
208.051981,0.405113,0.386085,0.000000
208.101979,0.439076,0.407044,0.000000
208.151987,0.502835,0.476866,0.000000
208.201984,0.543858,0.525093,0.000000
208.257575,0.584328,0.567364,0.000000
208.306176,0.635365,0.618395,0.000000
208.351992,0.721206,0.703581,0.000000
208.402003,0.798409,0.764822,0.000000
208.452003,0.904490,0.860104,0.000000
208.501961,0.908898,0.847896,0.000000
208.551964,0.927479,0.843795,0.000000
208.601973,0.993078,0.905132,0.000000
208.651968,1.001791,0.906462,0.000000
208.701971,0.987184,0.920073,0.000000
208.751977,0.993242,0.945993,0.000000
208.801980,0.928751,0.911749,0.000000
208.851985,0.907465,0.860576,0.000000
208.901989,0.873339,0.806917,0.000000
208.951993,0.770765,0.732508,0.000000
209.009284,0.718626,0.695258,0.000000
209.054119,0.687762,0.708455,0.000000
209.102001,0.641114,0.711203,0.000000
209.152015,0.671881,0.767233,0.000000
209.202021,0.715744,0.806297,0.000000
209.251974,0.716475,0.764468,0.000000
209.301977,0.754696,0.751977,0.000000
209.351976,0.789709,0.759815,0.000000
209.401983,0.799934,0.774122,0.000000
209.451980,0.816941,0.786494,0.000000
209.502003,0.804601,0.810401,0.000000
209.551992,0.782442,0.809906,0.000000
209.601989,0.826525,0.829402,0.000000
209.651996,0.828844,0.807049,0.000000
209.702003,0.807615,0.774487,0.000000
209.752001,0.796602,0.770647,0.000000
209.801998,0.785973,0.769094,0.000000
209.852000,0.798919,0.814746,0.000000
209.934065,0.782840,0.790996,0.000000
209.952010,0.803957,0.845530,0.000000
210.001979,0.816512,0.836264,0.000000
210.051986,0.840936,0.831115,0.000000
210.101987,0.834243,0.805974,0.000000
210.151990,0.872819,0.852767,0.000000
210.201987,0.855549,0.856138,0.000000
210.252474,0.897468,0.878970,0.000000
210.302003,0.879628,0.893581,0.000000
210.351996,0.888849,0.888363,0.000000
210.401996,0.901406,0.891128,0.000000
210.451997,0.917235,0.876305,0.000000
210.502009,0.903406,0.889994,0.000000
210.552006,0.907485,0.890606,0.000000
210.602010,0.896896,0.891988,0.000000
210.652008,0.890348,0.895229,0.000000
210.702027,0.905674,0.911355,0.000000
210.751989,0.925064,0.936761,0.000000
210.801984,0.951427,0.950005,0.000000
210.851995,0.967255,0.970203,0.000000
210.902242,0.981019,0.974249,0.000000
210.951994,0.994220,0.977639,0.000000
211.001997,1.003509,0.976398,0.000000
211.052007,0.993202,0.961939,0.000000
211.102011,0.981470,0.960946,0.000000
211.152007,0.970659,0.954387,0.000000
211.202014,0.950403,0.945333,0.000000
211.252015,0.937803,0.936656,0.000000
211.302013,0.921647,0.925098,0.000000
211.352014,0.898466,0.902140,0.000000
211.402018,0.876290,0.871477,0.000000
211.452015,0.828674,0.821876,0.000000
211.501992,0.793512,0.793812,0.000000
211.551995,0.770753,0.784870,0.000000
211.602002,0.736191,0.759864,0.000000
211.652012,0.704691,0.739835,0.000000
211.702019,0.671834,0.707876,0.000000
211.752004,0.657163,0.695443,0.000000
211.802006,0.665747,0.693151,0.000000
211.852007,0.659127,0.681610,0.000000
211.902010,0.640048,0.668363,1.819767
211.952012,0.634684,0.659131,5.145554
212.002021,0.636817,0.662273,5.145554
212.052024,0.642509,0.653837,5.145554
212.102022,0.640043,0.648798,5.145554
212.152032,0.634094,0.647638,5.145554
212.202033,0.646989,0.662874,5.145554
212.251998,0.680090,0.699687,5.145554
212.302000,0.703234,0.716500,5.145554
212.352010,0.718109,0.729089,5.145554
212.402003,0.735556,0.731550,5.145554
212.452005,0.740991,0.718741,5.145554
212.502011,0.752553,0.720213,5.145554
212.552012,0.730880,0.690747,5.145554
212.602020,0.700431,0.679540,5.145554
212.652016,0.667331,0.653681,5.145554
212.702021,0.631750,0.627619,5.145554
212.752022,0.603291,0.609064,5.145554
212.802024,0.583408,0.592473,5.145554
212.852027,0.552989,0.577852,5.145554
212.902038,0.544927,0.565625,3.213433
212.952047,0.521263,0.547792,1.522508
213.002008,0.503999,0.523970,1.522508
213.052008,0.474891,0.483269,1.522508
213.102014,0.455351,0.465692,1.522508
213.152016,0.408644,0.412357,1.522508
213.202028,0.366531,0.375110,1.522508
213.265015,0.324507,0.344992,1.522508
213.302020,0.288940,0.320672,1.522508
213.352023,0.259863,0.301374,1.522508
213.402024,0.247971,0.288503,1.522508
213.452024,0.224986,0.278556,1.522508
213.502041,0.237767,0.280851,1.522508
213.552043,0.249625,0.286582,1.522508
213.602033,0.250209,0.274948,1.522508
213.652044,0.258301,0.275995,1.522508
213.702039,0.262784,0.271872,1.522508
213.752011,0.268130,0.272502,1.522508
213.802014,0.268042,0.265689,1.522508
213.852019,0.256477,0.254292,1.522508
213.902024,0.256999,0.265879,1.382562
213.952027,0.258943,0.261248,1.149566
214.002028,0.257235,0.262628,1.149566
214.052029,0.265749,0.273205,1.149566
214.102025,0.266569,0.274557,1.149566
214.152036,0.275037,0.279101,1.149566
214.227484,0.287308,0.282081,1.149566
214.252029,0.283002,0.282224,1.149566
214.302045,0.290150,0.284448,1.149566
214.352040,0.290901,0.282227,1.149566
214.402044,0.284424,0.279834,1.149566
214.452052,0.277050,0.269540,1.149566
214.502017,0.280147,0.279420,1.149566
214.552025,0.276748,0.277552,1.149566
214.602023,0.274727,0.275788,1.149566
214.652030,0.264186,0.264555,1.149566
214.702030,0.256438,0.255436,1.149566
214.752037,0.252095,0.252321,1.149566
214.802035,0.252620,0.248296,1.149566
214.852035,0.242763,0.248554,1.149566
214.902043,0.247040,0.258881,1.160516
214.952041,0.243452,0.255866,1.188981
215.002043,0.245775,0.251868,1.188981
215.052052,0.250500,0.251889,1.188981
215.102060,0.251730,0.251212,1.188981
215.152049,0.253578,0.249997,1.188981
215.202055,0.254780,0.251563,1.188981
215.252027,0.253944,0.260156,1.188981
215.302032,0.251256,0.253119,1.188981
215.352033,0.249254,0.246875,1.188981
215.402035,0.249850,0.248732,1.188981
215.452047,0.255860,0.257099,1.188981
215.502036,0.251778,0.248986,1.188981
215.552042,0.248009,0.245458,1.188981
215.602046,0.245411,0.251552,1.188981
215.652047,0.249032,0.251414,1.188981
215.702053,0.259506,0.260184,1.188981
215.752052,0.266148,0.268637,1.188981
215.802063,0.255424,0.258042,1.188981
215.852061,0.256728,0.251604,1.188981
215.902065,0.254122,0.243990,1.161468
215.952065,0.247380,0.240897,1.127609
216.002036,0.244129,0.238294,1.127609
216.054157,0.236082,0.238276,1.127609
216.102040,0.231875,0.244922,1.127609
216.152043,0.240931,0.251995,1.127609
216.202043,0.248355,0.257283,1.127609
216.252041,0.259368,0.263974,1.127609
216.302045,0.266569,0.266969,1.127609
216.352051,0.275850,0.272087,1.127609
216.402049,0.283277,0.275740,1.127609
216.452071,0.286558,0.279538,1.127609
216.502059,0.288679,0.282727,1.127609
216.552069,0.289290,0.282656,1.127609
216.602068,0.285543,0.278965,1.127609
216.652073,0.282262,0.274300,1.127609
216.702059,0.290067,0.288744,1.127609
216.752039,0.296075,0.297381,1.127609
216.802048,0.298123,0.299962,1.127609
216.865359,0.291915,0.290487,1.127609
216.902049,0.296567,0.295401,0.582918
216.952051,0.306751,0.303250,0.000000
217.002056,0.319490,0.311329,0.000000
217.052061,0.317331,0.315445,0.000000
217.102060,0.318300,0.320226,0.000000
217.152055,0.316602,0.315758,0.000000
217.202063,0.335162,0.329051,0.000000
217.252070,0.341293,0.335107,0.000000
217.302068,0.350478,0.347991,0.000000
217.352068,0.354692,0.352855,0.000000
217.405294,0.361719,0.358542,0.000000
217.452078,0.375089,0.373377,0.000000
217.502047,0.398529,0.391164,0.000000
217.552053,0.412637,0.409155,0.000000
217.602052,0.421058,0.411019,0.000000
217.652056,0.426702,0.416634,0.000000
217.702062,0.436212,0.420739,0.000000
217.752058,0.435298,0.411530,0.000000
217.802069,0.431816,0.411209,0.000000
217.852064,0.420544,0.405653,0.000000
217.902062,0.406471,0.401028,0.999918
217.952069,0.410554,0.410280,2.818791
218.002067,0.431771,0.445740,2.818791
218.052072,0.455836,0.477643,2.818791
218.102081,0.459109,0.461523,2.818791
218.152078,0.490528,0.495172,2.818791
218.225228,0.519220,0.513159,2.818791
218.252058,0.550496,0.530872,2.818791
218.302060,0.591196,0.571103,2.818791
218.352063,0.596370,0.581557,2.818791
218.402065,0.605797,0.599559,2.818791
218.452062,0.652858,0.624889,2.818791
218.502069,0.667836,0.646826,2.818791
218.552061,0.691711,0.667613,2.818791
218.602080,0.711711,0.682762,2.818791
218.652073,0.713167,0.694634,2.818791
218.702080,0.728321,0.701680,2.818791
218.775194,0.735836,0.706291,2.818791
218.802077,0.740154,0.716219,2.818791
218.852088,0.731664,0.707958,2.818791
218.902091,0.706893,0.681722,2.538836
218.952090,0.693745,0.675686,2.058618
219.002065,0.705591,0.705619,2.058618
219.052060,0.712365,0.720147,2.058618
219.102063,0.710186,0.717446,2.058618
219.152073,0.714953,0.732466,2.058618
219.202069,0.728520,0.739775,2.058618
219.252076,0.747040,0.732264,2.058618
219.302075,0.754428,0.726088,2.058618
219.352075,0.736369,0.721180,2.058618
219.402081,0.720387,0.710514,2.058618
219.452081,0.715104,0.702517,2.058618
219.502083,0.699440,0.698647,2.058618
219.552086,0.683605,0.690409,2.058618
219.602093,0.680199,0.688088,2.058618
219.652087,0.676942,0.686256,2.058618
219.702082,0.680271,0.694010,2.058618
219.753222,0.688960,0.700900,2.058618
219.802067,0.698073,0.707514,2.058618
219.852078,0.702188,0.708562,2.058618
219.902079,0.712352,0.712561,2.053674
219.952076,0.718279,0.714113,2.049729
220.002085,0.723634,0.714560,2.049729
220.052084,0.722055,0.714434,2.049729
220.102080,0.721123,0.715943,2.049729
220.152102,0.716382,0.712838,2.049729
220.202095,0.716217,0.712644,2.049729
220.252096,0.712799,0.711067,2.049729
220.302093,0.712454,0.712431,2.049729
220.352102,0.710343,0.710276,2.049729
220.402089,0.706604,0.705780,2.049729
220.452100,0.702123,0.702736,2.049729
220.502070,0.704090,0.704949,2.049729
220.552081,0.705226,0.707876,2.049729
220.602085,0.691992,0.688708,2.049729
220.652080,0.684153,0.683709,2.049729
220.702086,0.683088,0.685811,2.049729
220.752090,0.688099,0.693256,2.049729
220.802094,0.692321,0.698512,2.049729
220.852099,0.696279,0.707248,2.049729
220.902095,0.697512,0.711452,2.046624
220.952104,0.712333,0.712302,2.058618
221.002110,0.718887,0.711668,2.058618
221.073116,0.720014,0.709846,2.058618
221.102107,0.723040,0.716396,2.058618
221.152532,0.721110,0.714609,2.058618
221.202118,0.712558,0.708203,2.058618
221.252085,0.714009,0.714162,2.058618
221.302087,0.723387,0.727586,2.058618
221.352091,0.718522,0.717048,2.058618
221.414335,0.696293,0.683136,2.058618
221.452095,0.729093,0.740670,2.058618
221.502091,0.718251,0.718909,2.058618
221.552099,0.710858,0.701491,2.058618
221.602100,0.708660,0.705686,2.058618
221.652101,0.683523,0.685606,2.058618
221.702109,0.683010,0.682904,2.058618
221.752107,0.698783,0.677912,2.058618
221.802123,0.685631,0.718191,2.058618
221.852100,0.717441,0.744825,2.058618
221.904917,0.738966,0.751464,2.051025
221.952107,0.746949,0.757055,2.042398
222.002091,0.776252,0.767506,2.042398
222.052095,0.810663,0.797451,2.042398
222.102100,0.830634,0.797682,2.042398
222.152099,0.813493,0.790304,2.042398
222.202097,0.813195,0.802090,2.042398
222.252102,0.820522,0.807455,2.042398
222.302098,0.839287,0.828107,2.042398
222.352114,0.842890,0.829384,2.042398
222.402110,0.830280,0.829383,2.042398
222.452103,0.832726,0.826625,2.042398
222.502115,0.834562,0.816052,2.042398
222.552108,0.839959,0.830264,2.042398
222.602106,0.836986,0.825940,2.042398
222.652124,0.813190,0.809365,2.042398
222.702110,0.807596,0.806344,2.042398
222.752094,0.819682,0.827703,2.042398
222.802093,0.833459,0.844727,2.042398
222.852102,0.852989,0.857983,2.042398
222.902104,0.856561,0.868659,2.054913
222.952106,0.873236,0.880215,2.094733
223.002116,0.896866,0.885917,2.094733
223.052107,0.904520,0.878278,2.094733
223.102114,0.896161,0.873629,2.094733
223.153127,0.889465,0.872092,2.094733
223.202118,0.884106,0.872340,2.094733
223.252696,0.875813,0.868497,2.094733
223.302131,0.864563,0.864417,2.094733
223.352116,0.855041,0.859959,2.094733
223.402120,0.854118,0.856347,2.094733
223.452146,0.862248,0.867420,2.094733
223.502098,0.862650,0.867620,2.094733
223.552910,0.861881,0.867333,2.094733
223.602106,0.874984,0.882754,2.094733
223.652108,0.883212,0.887448,2.094733
223.704165,0.899806,0.901769,2.094733
223.752113,0.913228,0.908735,2.094733
223.802114,0.910212,0.905023,2.094733
223.852116,0.911692,0.899647,2.094733
223.902130,0.906792,0.886347,2.075393
223.952126,0.883024,0.864608,2.049729
224.002130,0.883105,0.872976,2.049729
224.052126,0.882304,0.889096,2.049729
224.102131,0.867195,0.877567,2.049729
224.152137,0.861340,0.871891,2.049729
224.202143,0.853851,0.862491,2.049729
224.252105,0.851047,0.852705,2.049729
224.302110,0.853100,0.840672,2.049729
224.352113,0.841066,0.836971,2.049729
224.402115,0.822164,0.833856,2.049729
224.452119,0.818771,0.828590,2.049729
224.502120,0.810118,0.820605,2.049729
224.552121,0.799341,0.806230,2.049729
224.602126,0.762680,0.756281,2.049729
224.652134,0.734254,0.723877,2.049729
224.702129,0.713803,0.714515,2.049729
224.752133,0.694919,0.708885,2.049729
224.802137,0.675939,0.702121,2.049729
224.852139,0.634219,0.661785,2.049729
224.902144,0.595414,0.623797,1.981057
224.952143,0.585406,0.596898,1.858228
225.002112,0.569857,0.574863,1.858228
225.052117,0.541847,0.556127,1.858228
225.102119,0.512269,0.540803,1.858228
225.152127,0.479744,0.522248,1.858228
225.202123,0.477816,0.515268,1.858228
225.252126,0.488282,0.521179,1.858228
225.302131,0.492635,0.520816,1.858228
225.352134,0.494530,0.516746,1.858228
225.402139,0.491536,0.505572,1.858228
225.452144,0.487336,0.494560,1.858228
225.502133,0.494152,0.494789,1.858228
225.554616,0.497397,0.497870,1.858228
225.602153,0.486404,0.491858,1.858228
225.652150,0.478870,0.486884,1.858228
225.702156,0.474663,0.483520,1.858228
225.752120,0.485198,0.493967,1.858228
225.802127,0.498533,0.503894,1.858228
225.852129,0.493656,0.495168,1.858228
225.902131,0.483613,0.483622,1.922269
225.952131,0.469374,0.460818,2.039948
226.002141,0.472059,0.466142,2.039948
226.052133,0.470596,0.464928,2.039948
226.102134,0.466564,0.473471,2.039948
226.152146,0.461384,0.480206,2.039948
226.202150,0.468233,0.485848,2.039948
226.252139,0.478852,0.491075,2.039948
226.302151,0.500330,0.496747,2.039948
226.352160,0.506724,0.503915,2.039948
226.402166,0.524115,0.519417,2.039948
226.452153,0.532099,0.528215,2.039948
226.502127,0.520501,0.507821,2.039948
226.552134,0.528469,0.519130,2.039948
226.602135,0.535278,0.527360,2.039948
226.652135,0.539340,0.531369,2.039948
226.702140,0.540971,0.533420,2.039948
226.752150,0.538041,0.539267,2.039948
226.802140,0.536717,0.542015,2.039948
226.852150,0.552216,0.540722,2.039948
226.902150,0.536928,0.524190,1.974197
226.952154,0.531546,0.523975,1.855536
227.002157,0.526871,0.521932,1.855536
227.064598,0.523471,0.521087,1.855536
227.102158,0.512732,0.513975,1.855536
227.152165,0.503888,0.509269,1.855536
227.202165,0.500800,0.510556,1.855536
227.252133,0.524582,0.533489,1.855536
227.302138,0.513932,0.516606,1.855536
227.352141,0.497522,0.493076,1.855536
227.402149,0.475334,0.466994,1.855536
227.452147,0.474940,0.470101,1.855536
227.502149,0.468890,0.465715,1.855536
227.562571,0.457652,0.459854,1.855536
227.602152,0.431374,0.456415,1.855536
227.652160,0.442971,0.471133,1.855536
227.702157,0.465475,0.487992,1.855536
227.752163,0.505074,0.517887,1.855536
227.802165,0.517125,0.527952,1.855536
227.852168,0.535277,0.537485,1.855536
227.902160,0.544068,0.529683,1.855879
227.974422,0.560908,0.536044,1.858228
228.002141,0.577014,0.558846,1.858228
228.052149,0.603036,0.593247,1.858228
228.102147,0.587684,0.579948,1.858228
228.152150,0.602337,0.598121,1.858228
228.202157,0.623881,0.624542,1.858228
228.252158,0.637310,0.617432,1.858228
228.302157,0.655666,0.631070,1.858228
228.352161,0.656442,0.635151,1.858228
228.402167,0.645642,0.639431,1.858228
228.452163,0.640550,0.611108,1.858228
228.502170,0.615634,0.588079,1.858228
228.552169,0.585315,0.575042,1.858228
228.602172,0.574875,0.563975,1.858228
228.652178,0.549616,0.552917,1.858228
228.702179,0.527598,0.540809,1.858228
228.752152,0.508856,0.535830,1.858228
228.802157,0.519639,0.543056,1.858228
228.852155,0.528082,0.546440,1.858228
228.902164,0.550201,0.574221,1.725248
228.952160,0.566949,0.585644,1.487115
229.002168,0.587935,0.599641,1.487115
229.052165,0.596739,0.590844,1.487115
229.102170,0.592960,0.569941,1.487115
229.152164,0.593283,0.571112,1.487115
229.202167,0.569712,0.536386,1.487115
229.252179,0.537319,0.520887,1.487115
229.302184,0.523817,0.523941,1.487115
229.352182,0.510703,0.532061,1.487115
229.402184,0.505773,0.529897,1.487115
229.452183,0.491462,0.501181,1.487115
229.502158,0.472204,0.489135,1.487115
229.562409,0.460940,0.455044,1.487115
229.602162,0.465250,0.461849,1.487115
229.652164,0.443482,0.446156,1.487115
229.702170,0.427094,0.446611,1.487115
229.752170,0.410415,0.438492,1.487115
229.802178,0.412210,0.430593,1.487115
229.852171,0.407084,0.425463,1.487115
229.902172,0.419274,0.421159,1.559213
229.952179,0.407855,0.418640,1.693981
230.002183,0.410740,0.415649,1.693981
230.052182,0.406499,0.416081,1.693981
230.102186,0.407237,0.414969,1.693981
230.152190,0.418760,0.427908,1.693981
230.202194,0.427616,0.435739,1.693981
230.252162,0.440400,0.447419,1.693981
230.302165,0.449049,0.451976,1.693981
230.352169,0.463963,0.463269,1.693981
230.402175,0.474072,0.468305,1.693981
230.452170,0.483616,0.470136,1.693981
230.502182,0.484064,0.472756,1.693981
230.552174,0.486539,0.474983,1.693981
230.602187,0.485168,0.476747,1.693981
230.652182,0.487276,0.478399,1.693981
230.702187,0.484296,0.480163,1.693981
230.752193,0.487044,0.485942,1.693981
230.802192,0.499516,0.501723,1.693981
230.852198,0.511070,0.514164,1.693981
230.902198,0.519117,0.519306,1.629063
230.952203,0.532199,0.530209,1.512623
231.002168,0.543635,0.537049,1.512623
231.052170,0.554329,0.542417,1.512623
231.102173,0.567490,0.554199,1.512623
231.152179,0.575712,0.567842,1.512623
231.202186,0.587270,0.583286,1.512623
231.252179,0.598209,0.589893,1.512623
231.302186,0.604613,0.595710,1.512623
231.352193,0.609133,0.595770,1.512623
231.402197,0.612809,0.594545,1.512623
231.452184,0.614067,0.597673,1.512623
231.502194,0.612188,0.600006,1.512623
231.552208,0.600426,0.592585,1.512623
231.602203,0.597460,0.593084,1.512623
231.652202,0.593134,0.591967,1.512623
231.702211,0.589709,0.588003,1.512623
231.752177,0.584865,0.581620,1.512623
231.802184,0.575901,0.574850,1.512623
231.852185,0.569230,0.572256,1.512623
231.902185,0.568286,0.569083,1.575443
231.952185,0.564112,0.568451,1.691027
232.002189,0.560471,0.567351,1.691027
232.052194,0.559579,0.567082,1.691027
232.102201,0.565806,0.573644,1.691027
232.152196,0.587440,0.598707,1.691027
232.202212,0.604617,0.615389,1.691027
232.252197,0.636428,0.648077,1.691027
232.302218,0.663067,0.668947,1.691027
232.352213,0.685603,0.679358,1.691027
232.402219,0.711630,0.693132,1.691027
232.452217,0.722395,0.689675,1.691027
232.502198,0.722788,0.691954,1.691027
232.552191,0.728395,0.697894,1.691027
232.602200,0.716018,0.696639,1.691027
232.652192,0.708121,0.695845,1.691027
232.702196,0.709847,0.703144,1.691027
232.752201,0.703919,0.703607,1.691027
232.802199,0.733984,0.740916,1.691027
232.852204,0.756124,0.763951,1.691027
232.902210,0.775911,0.782795,1.692539
232.952205,0.803784,0.803573,1.702813
233.002213,0.826566,0.813656,1.702813
233.052206,0.857868,0.841923,1.702813
233.113359,0.883035,0.849907,1.702813
233.152231,0.906478,0.890591,1.702813
233.202209,0.911168,0.890353,1.702813
233.252189,0.903293,0.872886,1.702813
233.302193,0.902809,0.874820,1.702813
233.352195,0.914500,0.886885,1.702813
233.402199,0.885742,0.860482,1.702813
233.452199,0.882188,0.859607,1.702813
233.502202,0.869326,0.880479,1.702813
233.552207,0.869180,0.882103,1.702813
233.602207,0.874350,0.873570,1.702813
233.652224,0.870548,0.870027,1.702813
233.702214,0.874048,0.887695,1.702813
233.752219,0.906484,0.906638,1.702813
233.813309,0.920755,0.916666,1.702813
233.852227,0.920103,0.925311,1.702813
233.902233,0.943167,0.949769,1.833381
233.952231,0.966424,0.960152,2.085371
234.002200,0.984508,0.964572,2.085371
234.052200,1.011733,1.001689,2.085371
234.102202,1.051776,1.053700,2.085371
234.152210,1.094259,1.093659,2.085371
234.202208,1.130445,1.117809,2.085371
234.252211,1.154833,1.137961,2.085371
234.302234,1.179918,1.146217,2.085371
234.352215,1.200954,1.142729,2.085371
234.402218,1.212431,1.160007,2.085371
234.452227,1.204851,1.169863,2.085371
234.502223,1.199499,1.179201,2.085371
234.552231,1.176409,1.154028,2.085371
234.602232,1.165033,1.151149,2.085371
234.652230,1.172484,1.167236,2.085371
234.702232,1.178913,1.168410,2.085371
234.752205,1.176784,1.177172,2.085371
234.802211,1.168184,1.171116,2.085371
234.852208,1.165557,1.176783,2.085371
234.902220,1.188436,1.184682,2.139547
234.952216,1.297833,1.329729,2.241584
235.002217,1.308485,1.325190,2.241584
235.052220,1.314157,1.301310,2.241584
235.102222,1.364084,1.351127,2.241584
235.152224,1.390618,1.347935,2.241584
235.202227,1.394441,1.321718,2.241584
235.252232,1.387336,1.290867,2.241584
235.302427,1.279505,1.265741,2.241584
235.352248,1.255072,1.241392,2.241584
235.402234,1.249925,1.226820,2.241584
235.452243,1.200252,1.222280,2.241584
235.502214,1.179193,1.215189,2.241584
235.552215,1.173387,1.207817,2.241584
235.602217,1.170369,1.195960,2.241584
235.652225,1.174735,1.195650,2.241584
235.702227,1.183037,1.194373,2.241584
235.752227,1.175998,1.179966,2.241584
235.802232,1.165670,1.167522,2.241584
235.852228,1.153578,1.154609,2.241584
235.902230,1.121656,1.113637,2.295847
235.952236,1.084354,1.070826,2.406495
236.002241,1.052958,1.052136,2.406495
236.052248,1.009648,1.020170,2.406495
236.102241,0.975915,0.994218,2.406495
236.152243,0.942408,0.972321,2.406495
236.202264,0.909870,0.953163,2.406495
236.252224,0.833580,0.845544,2.406495
236.302219,0.781826,0.783524,2.406495
236.352227,0.722630,0.738924,2.406495
236.402230,0.672004,0.698714,2.406495
236.452227,0.615727,0.658460,2.406495
236.502227,0.575273,0.647567,2.406495
236.552231,0.528823,0.628245,2.406495
236.602238,0.545629,0.608667,2.406495
236.652238,0.553893,0.605428,2.406495
236.702241,0.557321,0.601070,2.406495
236.752250,0.563761,0.597720,2.406495
236.802245,0.563680,0.577725,2.406495
236.852246,0.556764,0.573646,2.406495
236.902252,0.555442,0.567369,2.278291
236.952263,0.559141,0.565162,2.056506
237.002226,0.549768,0.557508,2.056506
237.052230,0.540436,0.549675,2.056506
237.102236,0.531029,0.543596,2.056506
237.152236,0.534595,0.539314,2.056506
237.202236,0.528902,0.534528,2.056506
237.252242,0.524482,0.529798,2.056506
237.302248,0.520856,0.530230,2.056506
237.352248,0.509642,0.513975,2.056506
237.402254,0.502293,0.504657,2.056506
237.453078,0.496478,0.499527,2.056506
237.502254,0.489317,0.493957,2.056506
237.552260,0.486810,0.494659,2.056506
237.602258,0.493736,0.507204,2.056506
237.654867,0.517243,0.545154,2.056506
237.702268,0.520524,0.529981,2.056506
237.752231,0.531125,0.532968,2.056506
237.802237,0.522783,0.510442,2.056506
237.852236,0.525270,0.506132,2.056506
237.902245,0.517497,0.493927,2.041227
237.952244,0.515935,0.504415,2.042398
238.002277,0.499834,0.520133,2.042398
238.052248,0.525642,0.546405,2.042398
238.102251,0.509865,0.523913,2.042398
238.152256,0.506019,0.497847,2.042398
238.202252,0.508828,0.499971,2.042398
238.252258,0.515850,0.498766,2.042398
238.302260,0.512469,0.503514,2.042398
238.352254,0.492496,0.491554,2.042398
238.402253,0.467339,0.488189,2.042398
238.452269,0.484139,0.501017,2.042398
238.502236,0.489898,0.487472,2.042398
238.552242,0.467760,0.460732,2.042398
238.602242,0.471192,0.472174,2.042398
238.652247,0.439184,0.437408,2.042398
238.702251,0.437757,0.436654,2.042398
238.752250,0.432448,0.436787,2.042398
238.802251,0.409469,0.427861,2.042398
238.852258,0.414086,0.435439,2.042398
238.902262,0.436390,0.450086,1.979575
238.952268,0.416415,0.435872,1.873374
239.002281,0.432008,0.430181,1.873374
239.052271,0.416927,0.409819,1.873374
239.102284,0.401487,0.393742,1.873374
239.152262,0.405726,0.399339,1.873374
239.202281,0.393220,0.395139,1.873374
239.252250,0.370614,0.386343,1.873374
239.302250,0.366709,0.379301,1.873374
239.352252,0.372555,0.392691,1.873374
239.402253,0.370718,0.377510,1.873374
239.452262,0.388470,0.392797,1.873374
239.502260,0.420501,0.443420,1.873374
239.552253,0.446938,0.467426,1.873374
239.602263,0.447220,0.444341,1.873374
239.652264,0.479176,0.470656,1.873374
239.702275,0.474550,0.459258,1.873374
239.752266,0.511085,0.481925,1.873374
239.802267,0.526801,0.498364,1.873374
239.852282,0.512871,0.508364,1.873374
239.902282,0.514797,0.522160,1.947910
239.952278,0.539143,0.522400,2.082972
240.002253,0.531433,0.522659,2.082972
240.052257,0.551915,0.529844,2.082972
240.102262,0.533391,0.511555,2.082972
240.152265,0.506722,0.483111,2.082972
240.202265,0.487562,0.468934,2.082972
240.252266,0.470897,0.466936,2.082972
240.302267,0.460890,0.469287,2.082972
240.352268,0.451552,0.465640,2.082972
240.402269,0.447704,0.477367,2.082972
240.452279,0.464396,0.490513,2.082972
240.502276,0.489138,0.499104,2.082972
240.552280,0.536121,0.544666,2.082972
240.602291,0.572002,0.583061,2.082972
240.652280,0.589285,0.588872,2.082972
240.702280,0.630304,0.619829,2.082972
240.752267,0.649573,0.625111,2.082972
240.802263,0.664495,0.631144,2.082972
240.852264,0.687502,0.643165,2.082972
240.902270,0.690000,0.658373,2.007368
240.952274,0.693106,0.673374,1.876041
241.002285,0.725210,0.712786,1.876041
241.052276,0.734067,0.734131,1.876041
241.127001,0.746569,0.734839,1.876041
241.152285,0.774108,0.759674,1.876041
241.202277,0.771506,0.740461,1.876041
241.252290,0.794153,0.761964,1.876041
241.302295,0.804179,0.772053,1.876041
241.352294,0.792021,0.777401,1.876041
241.402293,0.791327,0.786497,1.876041
241.452289,0.803965,0.794037,1.876041
241.502269,0.798208,0.796894,1.876041
241.552272,0.824418,0.807974,1.876041
241.602277,0.806634,0.791644,1.876041
241.652280,0.787196,0.769383,1.876041
241.702279,0.771174,0.752406,1.876041
241.752273,0.753264,0.740324,1.876041
241.802290,0.730489,0.725246,1.876041
241.852281,0.712105,0.714197,1.876041
241.902279,0.687885,0.710366,1.934068
241.952290,0.680896,0.704117,2.042398
242.002297,0.666308,0.678992,2.042398
242.052300,0.656305,0.666303,2.042398
242.102311,0.636992,0.644626,2.042398
242.152314,0.633226,0.642737,2.042398
242.202296,0.634889,0.649413,2.042398
242.252279,0.658126,0.690667,2.042398
242.302280,0.695294,0.739022,2.042398
242.352284,0.715017,0.734343,2.042398
242.402288,0.738205,0.746552,2.042398
242.452286,0.741445,0.712770,2.042398
242.502303,0.756666,0.719243,2.042398
242.552282,0.775882,0.736586,2.042398
242.602290,0.755013,0.731289,2.042398
242.652302,0.762353,0.781821,2.042398
242.702300,0.778692,0.791827,2.042398
242.752297,0.776883,0.789953,2.042398
242.802305,0.798077,0.777133,2.042398
242.852324,0.800352,0.773987,2.042398
242.902311,0.785853,0.760013,1.973785
242.952307,0.789745,0.755476,1.858228
243.002287,0.751310,0.747519,1.858228
243.062548,0.734122,0.740397,1.858228
243.102286,0.728439,0.740885,1.858228
243.171907,0.721840,0.728667,1.858228
243.211865,0.723383,0.737388,1.858228
243.261889,0.726578,0.735207,1.858228
243.312006,0.722679,0.730164,1.858228
243.361882,0.734240,0.743409,1.858228
243.411877,0.736714,0.740628,1.858228
243.481876,0.732024,0.733912,1.858228
243.502315,0.751373,0.751126,1.858228
243.552302,0.735951,0.733570,1.858228
243.602319,0.743056,0.741986,1.858228
243.652320,0.727833,0.714267,1.858228
243.702305,0.714003,0.711327,1.858228
243.752288,0.700038,0.695418,1.858228
243.802286,0.693158,0.687586,1.858228
243.852322,0.652708,0.657321,1.858228
243.902298,0.644773,0.647611,1.923246
243.952299,0.619083,0.637070,2.044313
244.002306,0.635464,0.653409,2.044313
244.052306,0.615959,0.635130,2.044313
244.102316,0.589067,0.596821,2.044313
244.152307,0.602213,0.627032,2.044313
244.211189,0.580887,0.579055,2.044313
244.252317,0.582846,0.588300,2.044313
244.302315,0.579795,0.585263,2.044313
244.352313,0.565286,0.591480,2.044313
244.402324,0.583642,0.611603,2.044313
244.452324,0.606157,0.609562,2.044313
244.502298,0.572643,0.590241,2.044313
244.552297,0.578094,0.557280,2.044313
244.602303,0.563195,0.550035,2.044313
244.652303,0.545174,0.529387,2.044313
244.702304,0.518292,0.509123,2.044313
244.752306,0.478534,0.489605,2.044313
244.802309,0.451585,0.474439,2.044313
244.852318,0.438289,0.463484,2.044313
244.902314,0.438209,0.455875,1.974785
244.952316,0.427297,0.453619,1.852252
245.002322,0.414997,0.434913,1.852252
245.052328,0.411740,0.429313,1.852252
245.102329,0.416285,0.432143,1.852252
245.152326,0.412762,0.423618,1.852252
245.202335,0.404753,0.411670,1.852252
245.252302,0.399776,0.407184,1.852252
245.302305,0.392796,0.404793,1.852252
245.352305,0.403496,0.410974,1.852252
245.402313,0.391104,0.392853,1.852252
245.452313,0.380608,0.388366,1.852252
245.502316,0.409241,0.428761,1.852252
245.552322,0.424312,0.436774,1.852252
245.602320,0.413705,0.412435,1.852252
245.652326,0.408295,0.401305,1.852252
245.712935,0.389553,0.381967,1.852252
245.752330,0.408079,0.395560,1.852252
245.802335,0.411725,0.395571,1.852252
245.852338,0.378380,0.388024,1.852252
245.902335,0.356631,0.373694,1.985313
245.952345,0.357744,0.363610,2.221713
246.002313,0.360853,0.366582,2.221713
246.052313,0.362561,0.356541,2.221713
246.102311,0.345626,0.351362,2.221713
246.152319,0.337459,0.348958,2.221713
246.202316,0.354041,0.374009,2.221713
246.252325,0.372937,0.388935,2.221713
246.302322,0.382666,0.389357,2.221713
246.352325,0.391540,0.399602,2.221713
246.402326,0.409485,0.408151,2.221713
246.452334,0.412908,0.397541,2.221713
246.502867,0.418558,0.393602,2.221713
246.552341,0.403607,0.388671,2.221713
246.602360,0.394323,0.387917,2.221713
246.662413,0.381919,0.371121,2.221713
246.702351,0.385081,0.390002,2.221713
246.752316,0.393567,0.411673,2.221713
246.802322,0.399705,0.408106,2.221713
246.852317,0.409331,0.415944,2.221713
246.902319,0.426005,0.429445,2.224269
246.952332,0.436424,0.435928,2.233424
247.003944,0.453843,0.433911,2.233424
247.052334,0.450253,0.435058,2.233424
247.102337,0.442766,0.437229,2.233424
247.152349,0.455394,0.446250,2.233424
247.202348,0.464116,0.458765,2.233424
247.252344,0.476062,0.480448,2.233424
247.302343,0.484059,0.488037,2.233424
247.352343,0.498451,0.495890,2.233424
247.402363,0.516428,0.509675,2.233424
247.452418,0.530458,0.516491,2.233424
247.502321,0.545743,0.530837,2.233424
247.552322,0.575020,0.567305,2.233424
247.620906,0.580879,0.575143,2.233424
247.652332,0.602686,0.594872,2.233424
247.702333,0.609567,0.591321,2.233424
247.752343,0.647092,0.638187,2.233424
247.802345,0.672032,0.654041,2.233424
247.852335,0.698372,0.678104,2.233424
247.902342,0.702553,0.690520,2.168543
247.952347,0.714784,0.691496,2.058618
248.002352,0.712124,0.683671,2.058618
248.052353,0.750623,0.716689,2.058618
248.102351,0.741215,0.725272,2.058618
248.152359,0.739106,0.720554,2.058618
248.202346,0.712656,0.693987,2.058618
248.252332,0.709349,0.698208,2.058618
248.302330,0.695474,0.679116,2.058618
248.352339,0.701829,0.682681,2.058618
248.402337,0.677805,0.682138,2.058618
248.452340,0.656048,0.667055,2.058618
248.502341,0.652820,0.669535,2.058618
248.552342,0.656028,0.657821,2.058618
248.602346,0.648414,0.658588,2.058618
248.652348,0.651584,0.651671,2.058618
248.702354,0.637358,0.640916,2.058618
248.752359,0.627776,0.635407,2.058618
248.802353,0.629592,0.632199,2.058618
248.852361,0.627550,0.638814,2.058618
248.902362,0.614114,0.614234,1.985393
248.952358,0.607716,0.614688,1.858228
249.002335,0.588773,0.590146,1.858228
249.052336,0.579165,0.578076,1.858228
249.102346,0.565880,0.566842,1.858228
249.152344,0.553229,0.559719,1.858228
249.202346,0.526235,0.543044,1.858228
249.252347,0.528867,0.541303,1.858228
249.302349,0.516153,0.538561,1.858228
249.352359,0.532209,0.551711,1.858228
249.402353,0.547517,0.568766,1.858228
249.452358,0.565010,0.583875,1.858228
249.502368,0.576296,0.589152,1.858228
249.552353,0.594377,0.591953,1.858228
249.602376,0.606819,0.597786,1.858228
249.652380,0.610893,0.589465,1.858228
249.702374,0.603507,0.582113,1.858228
249.752343,0.589411,0.573337,1.858228
249.802351,0.576654,0.569642,1.858228
249.852349,0.567039,0.564344,1.858228
249.902357,0.558554,0.560249,1.861712
249.952357,0.522114,0.521418,1.873374
250.002357,0.487900,0.480384,1.873374
250.052357,0.459382,0.454773,1.873374
250.102362,0.435116,0.437272,1.873374
250.152365,0.407352,0.421435,1.873374
250.202370,0.384060,0.413630,1.873374
250.252366,0.356460,0.401173,1.873374
250.302377,0.354947,0.392072,1.873374
250.352363,0.361364,0.386110,1.873374
250.402382,0.356678,0.372817,1.873374
250.452380,0.354529,0.368719,1.873374
250.502351,0.354346,0.366354,1.873374
250.552357,0.352330,0.366919,1.873374
250.602359,0.357898,0.371469,1.873374
250.652354,0.376186,0.393396,1.873374
250.702366,0.358602,0.362759,1.873374
250.752361,0.350352,0.342461,1.873374
250.802361,0.352915,0.348052,1.873374
250.852372,0.328426,0.315880,1.873374
250.902368,0.319892,0.314505,1.675989
250.952374,0.302150,0.304695,1.328496
251.002375,0.277281,0.304998,1.328496
251.052490,0.283298,0.300640,1.328496
251.102386,0.285488,0.295884,1.328496
251.152373,0.267259,0.285267,1.328496
251.202394,0.282467,0.286994,1.328496
251.252353,0.278831,0.286286,1.328496
251.302364,0.280989,0.285067,1.328496
251.352361,0.274009,0.279489,1.328496
251.402370,0.270933,0.275906,1.328496
251.452367,0.267820,0.271875,1.328496
251.502368,0.269127,0.267949,1.328496
251.552369,0.267070,0.270150,1.328496
251.602379,0.258045,0.260097,1.328496
251.662438,0.239252,0.237852,1.328496
251.702383,0.229147,0.227499,1.328496
251.752381,0.219067,0.220099,1.328496
251.802387,0.198901,0.199175,1.328496
251.852398,0.189900,0.197241,1.328496
251.902394,0.177277,0.195931,1.242487
251.952390,0.172382,0.193832,1.109731
252.002365,0.173335,0.186188,1.109731
252.052367,0.166929,0.177218,1.109731
252.102374,0.168310,0.181813,1.109731
252.152374,0.176834,0.180471,1.109731
252.202380,0.166118,0.167288,1.109731
252.252380,0.160734,0.164330,1.109731
252.302392,0.164337,0.173683,1.109731
252.352388,0.170872,0.179189,1.109731
252.402382,0.166574,0.165559,1.109731
252.452396,0.151949,0.152085,1.109731
252.502387,0.142338,0.143237,1.109731
252.552390,0.143610,0.139244,1.109731
252.602413,0.137988,0.134023,1.109731
252.652397,0.124754,0.130935,1.109731
252.702400,0.115244,0.131626,1.109731
252.752372,0.117087,0.130133,1.109731
252.802371,0.124216,0.133729,1.109731
252.852373,0.129713,0.136269,1.109731
252.902443,0.132700,0.137853,0.978041
252.952384,0.136922,0.138787,0.761254
253.002387,0.140186,0.139333,0.761254
253.052389,0.132313,0.127254,0.761254
253.102387,0.127550,0.119839,0.761254
253.152392,0.122121,0.117800,0.761254
253.202391,0.109111,0.105457,0.761254
253.252401,0.099553,0.099557,0.761254
253.302409,0.091631,0.097040,0.761254
253.352398,0.083489,0.094750,0.761254
253.402411,0.080739,0.087722,0.761254
253.452425,0.078683,0.085535,0.761254
253.502379,0.073956,0.083740,0.761254
253.552381,0.076888,0.082322,0.761254
253.602387,0.075620,0.079268,0.761254
253.652387,0.071654,0.075245,0.761254
253.702390,0.068746,0.073220,0.761254
253.752387,0.066867,0.067880,0.761254
253.802395,0.062487,0.063499,0.761254
253.852401,0.058261,0.060242,0.761254
253.902401,0.054032,0.057621,0.486060
253.976530,0.051159,0.055478,0.000000
254.002394,0.049465,0.053821,0.000000
254.052403,0.046400,0.051734,0.000000
254.102416,0.048465,0.053632,0.000000
254.152412,0.047845,0.051248,0.000000
254.202415,0.046395,0.048429,0.000000
254.252382,0.045989,0.047584,0.000000
254.302384,0.045888,0.047280,0.000000
254.352387,0.045363,0.046572,0.000000
254.402391,0.045332,0.045911,0.000000
254.452397,0.042831,0.045496,0.000000
254.502399,0.043420,0.045569,0.000000
254.552403,0.045722,0.047091,0.000000
254.602401,0.047091,0.048388,0.000000
254.652401,0.048227,0.049434,0.000000
254.702413,0.049871,0.050525,0.000000
254.770324,0.051289,0.051105,0.000000
254.802417,0.052681,0.051692,0.000000
254.852420,0.056605,0.056031,0.000000
254.902434,0.056713,0.055610,0.000000
254.952418,0.057038,0.055596,0.000000
255.002389,0.062384,0.062711,0.000000
255.052391,0.062259,0.060951,0.000000
255.102394,0.065698,0.064283,0.000000
255.152404,0.070475,0.068974,0.000000
255.202402,0.073685,0.074353,0.000000
255.252404,0.078579,0.077018,0.000000
255.302409,0.082895,0.078801,0.000000
255.352412,0.082416,0.080631,0.000000
255.402411,0.087271,0.082018,0.000000
255.452426,0.089724,0.084645,0.000000
255.502418,0.091187,0.087333,0.000000
255.552417,0.091177,0.089041,0.000000
255.602421,0.092569,0.090716,0.000000
255.652424,0.098580,0.098183,0.000000
255.702427,0.102876,0.102164,0.000000
255.752395,0.104342,0.101296,0.000000
255.802402,0.104818,0.100670,0.000000
255.852402,0.106448,0.102433,0.000000
255.902406,0.110923,0.107333,0.000000
255.952406,0.113948,0.109645,0.000000
256.002414,0.106821,0.103369,0.000000
256.052419,0.104753,0.103419,0.000000
256.102413,0.106055,0.104154,0.000000
256.152429,0.101288,0.096298,0.000000
256.202433,0.097090,0.093071,0.000000
256.252428,0.089841,0.089659,0.000000
256.302424,0.084970,0.088623,0.000000
256.352432,0.083802,0.084913,0.000000
256.402437,0.078780,0.081547,0.000000
256.452430,0.074049,0.080133,0.000000
256.503708,0.074393,0.077589,0.000000
256.552404,0.073482,0.076839,0.000000
256.602408,0.072912,0.075885,0.000000
256.652416,0.071757,0.075988,0.000000
256.702413,0.072570,0.075943,0.000000
256.752414,0.073851,0.076140,0.000000
256.802426,0.080405,0.084959,0.000000
256.852423,0.083113,0.085211,0.000000
256.902436,0.082693,0.082320,0.000000
256.952432,0.085921,0.084940,0.000000
257.002430,0.089465,0.088181,0.000000
257.052431,0.091154,0.088033,0.000000
257.102448,0.092720,0.087953,0.000000
257.152449,0.087160,0.086541,0.000000
257.202440,0.087182,0.086489,0.000000
257.252413,0.089725,0.086958,0.000000
257.302417,0.088530,0.087066,0.000000
257.352421,0.086924,0.087653,0.000000
257.402424,0.091124,0.093509,0.000000
257.452429,0.092545,0.094318,0.000000
257.502424,0.094455,0.094289,0.000000
257.552436,0.094794,0.093093,0.000000
257.602432,0.097589,0.096152,0.000000
257.652429,0.097402,0.094184,0.000000
257.702447,0.098164,0.094447,0.000000
257.752433,0.096648,0.096808,0.000000
257.802449,0.095953,0.095977,0.000000
257.870054,0.094567,0.093691,0.000000
257.930049,0.097814,0.097164,0.000000
257.960829,0.097802,0.099404,0.000000
258.020047,0.099089,0.098569,0.000000
258.052419,0.099372,0.098365,0.000000
258.103443,0.103027,0.105056,0.000000
258.159232,0.104491,0.104603,0.000000
258.202429,0.115441,0.115921,0.000000
258.252432,0.123335,0.126005,0.000000
258.302432,0.130849,0.133024,0.000000
258.352443,0.132908,0.128326,0.000000
258.402445,0.135936,0.126391,0.000000
258.452441,0.137502,0.129719,0.000000
258.502452,0.140982,0.129213,0.000000
258.552451,0.138278,0.131815,0.000000
258.602444,0.130552,0.127826,0.000000
258.652449,0.124296,0.125654,0.000000
258.702458,0.120242,0.116724,0.000000
258.752425,0.119146,0.115600,0.000000
258.802427,0.110511,0.109139,0.000000
258.852429,0.100198,0.098267,0.000000
258.903527,0.088884,0.090989,0.000000
258.952434,0.085420,0.090288,0.000000
259.002448,0.078578,0.086161,0.000000
259.052442,0.078596,0.085196,0.000000
259.102441,0.072794,0.082070,0.000000
259.152465,0.071845,0.081029,0.000000
259.202462,0.071917,0.076045,0.000000
259.252453,0.071731,0.073011,0.000000
259.302459,0.069891,0.073296,0.000000
259.352448,0.072844,0.076775,0.000000
259.402459,0.076050,0.082168,0.000000
259.452472,0.074472,0.077483,0.000000
259.502431,0.071170,0.072733,0.000000
259.552439,0.071172,0.069403,0.000000
259.602440,0.070196,0.066294,0.000000
259.652439,0.067597,0.064281,0.000000
259.702448,0.062301,0.062177,0.000000
259.752445,0.055188,0.060526,0.000000
259.802446,0.053429,0.057698,0.000000
259.852448,0.050716,0.053086,0.000000
259.902458,0.047691,0.049484,0.000000
259.952453,0.045011,0.046607,0.000000
260.002841,0.045126,0.048677,0.000000
260.052461,0.041783,0.045028,0.000000
260.102465,0.039955,0.044197,0.000000
260.152489,0.042268,0.047884,0.000000
260.202479,0.042956,0.046250,0.000000
260.276955,0.042948,0.043985,0.000000
260.302444,0.043718,0.043258,0.000000
260.352450,0.041462,0.042806,0.000000
260.402448,0.042834,0.042318,0.000000
260.471082,0.043341,0.042747,0.000000
260.502452,0.040244,0.042421,0.000000
260.552452,0.042069,0.044397,0.000000
260.602453,0.043453,0.044446,0.000000
260.652457,0.042540,0.042368,0.000000
260.702467,0.040707,0.039361,0.000000
260.752461,0.045065,0.045760,0.000000
260.802473,0.046932,0.048128,0.000000
260.861671,0.047251,0.047182,0.000000
260.902491,0.047944,0.049158,0.000000
260.952491,0.045599,0.044980,0.000000
261.002451,0.048829,0.047342,0.000000
261.052448,0.046341,0.039870,0.000000
261.102449,0.040273,0.037636,0.000000
261.152457,0.038193,0.038730,0.000000
261.202454,0.037504,0.038701,0.000000
261.252464,0.033457,0.036696,0.000000
261.302463,0.034665,0.036692,0.000000
261.352469,0.031774,0.036699,0.000000
261.421005,0.035937,0.037178,0.000000
261.452468,0.037480,0.037650,0.000000
261.502479,0.040626,0.043206,0.000000
261.552479,0.050764,0.056454,0.000000
261.602479,0.061835,0.066262,0.000000
261.652482,0.072708,0.075377,0.000000
261.702487,0.082819,0.081946,0.000000
261.752451,0.093657,0.088706,0.000000
261.802453,0.105256,0.095078,0.000000
261.852463,0.114926,0.102706,0.000000
261.902465,0.114839,0.103937,0.000000
261.952466,0.116513,0.106526,0.000000
262.025596,0.113777,0.103774,0.000000
262.052468,0.115468,0.107067,0.000000
262.102474,0.118106,0.112500,0.000000
262.152473,0.125171,0.124023,0.000000
262.202472,0.127587,0.129241,0.000000
262.252491,0.134044,0.134138,0.000000
262.302532,0.135857,0.133287,0.000000
262.352481,0.146494,0.140090,0.000000
262.402491,0.150240,0.141384,0.000000
262.452494,0.152543,0.143154,0.000000
262.502459,0.151538,0.147099,0.000000
262.552464,0.153657,0.150654,0.000000
262.602468,0.154636,0.152635,0.000000
262.652468,0.159162,0.154468,0.000000
262.702471,0.159155,0.157044,0.000000
262.752470,0.161561,0.158194,0.000000
262.802479,0.163208,0.159002,0.000000
262.852483,0.163302,0.159872,0.000000
262.902482,0.162981,0.160497,0.000000
262.952486,0.167147,0.166302,0.000000
263.002488,0.166692,0.164785,0.000000
263.052489,0.167205,0.165811,0.000000
263.102489,0.169322,0.168290,0.000000
263.152493,0.170411,0.168657,0.000000
263.202498,0.171643,0.169326,0.000000
263.252465,0.172871,0.169780,0.000000
263.302471,0.171561,0.171917,0.000000
263.369589,0.174440,0.173298,0.000000
263.420034,0.170755,0.167451,0.000000
263.470211,0.163796,0.159883,0.000000
263.515169,0.166610,0.165850,0.000000
263.560198,0.167118,0.167800,0.000000
263.620197,0.160981,0.159929,0.000000
263.652486,0.156288,0.157608,0.000000
263.702493,0.158052,0.164318,0.000000
263.752494,0.161581,0.165143,0.000000
263.802501,0.173760,0.174947,0.000000
263.852498,0.172254,0.175792,0.000000
263.902503,0.181977,0.189089,0.000000
263.952524,0.191805,0.190448,0.000000
264.002476,0.197329,0.190392,0.000000
264.052475,0.196534,0.189459,0.000000
264.102477,0.198237,0.187763,0.000000
264.152484,0.188194,0.178927,0.000000
264.202485,0.173576,0.158540,0.000000
264.252492,0.156466,0.150755,0.000000
264.311384,0.130622,0.123020,0.000000
264.352493,0.114406,0.115036,0.000000
264.402499,0.089676,0.094122,0.000000
264.452506,0.064005,0.075735,0.000000
264.502503,0.045479,0.063486,0.000000
264.552504,0.036899,0.054183,0.000000
264.602509,0.051778,0.087353,0.000000
264.652512,0.078423,0.109003,0.000000
264.702513,0.095299,0.128827,0.000000
264.752496,0.121379,0.141476,0.000000
264.802488,0.151160,0.154686,0.000000
264.852485,0.181617,0.169758,0.000000
264.902489,0.205331,0.172577,0.000000
264.952490,0.205054,0.181782,0.000000
265.002498,0.199218,0.176265,0.000000
265.052501,0.194329,0.175782,0.000000
265.121322,0.187953,0.170149,0.000000
265.152514,0.184368,0.172636,0.000000
265.202506,0.177274,0.174145,0.000000
265.252505,0.177715,0.176424,0.000000
265.302510,0.182288,0.191627,0.000000
265.352515,0.190454,0.195498,0.000000
265.402514,0.206427,0.213408,0.000000
265.452513,0.225147,0.226425,0.000000
265.527271,0.237565,0.235363,0.000000
265.552491,0.248170,0.239095,0.000000
265.602497,0.256558,0.239678,0.000000
265.652506,0.273765,0.266505,0.000000
265.702496,0.305328,0.299833,0.000000
265.752506,0.311838,0.305990,0.000000
265.802501,0.319677,0.311487,0.000000
265.852510,0.324945,0.310691,0.000000
265.911252,0.334693,0.312920,0.000000
265.952510,0.348217,0.317411,0.000000
266.029999,0.341109,0.319038,0.000000
266.052512,0.326295,0.321216,0.000000
266.102517,0.331938,0.330976,0.000000
266.152536,0.347720,0.353570,0.000000
266.202528,0.360304,0.361938,0.000000
266.252491,0.367532,0.364073,0.000000
266.302495,0.374966,0.368755,0.000000
266.352502,0.383158,0.371576,0.000000
266.402502,0.396433,0.381740,0.000000
266.452504,0.409083,0.397182,0.000000
266.502516,0.417101,0.417739,0.000000
266.552514,0.431106,0.432922,0.000000
266.602517,0.442075,0.436216,0.000000
266.669314,0.438441,0.421154,0.000000
266.702521,0.451897,0.432592,0.000000
266.752537,0.471216,0.457477,0.000000
266.802519,0.473427,0.460877,0.000000
266.852523,0.454388,0.442085,0.000000
266.902525,0.448825,0.444657,0.000000
266.952541,0.441126,0.434918,0.000000
267.002503,0.468850,0.458910,0.000000
267.052501,0.472541,0.467593,0.000000
267.102514,0.437696,0.436611,0.000000
267.152514,0.421487,0.421459,0.000000
267.202512,0.419072,0.407302,0.000000
267.270349,0.399018,0.388698,0.000000
267.302515,0.394078,0.383571,0.000000
267.352523,0.366611,0.379393,0.000000
267.402518,0.347883,0.377835,0.000000
267.452524,0.374937,0.402593,0.000000
267.502527,0.395105,0.422404,0.000000
267.552525,0.416035,0.437147,0.000000
267.602538,0.443985,0.451583,0.000000
267.652537,0.464288,0.462568,0.000000
267.702537,0.482723,0.468506,0.000000
267.752507,0.500614,0.474106,0.000000
267.802514,0.487362,0.461110,0.000000
267.852512,0.471527,0.447078,0.000000
267.902522,0.469085,0.453469,4.622192
267.952535,0.457632,0.448506,12.703641
268.002519,0.450737,0.450344,12.703641
268.052528,0.443907,0.449103,12.703641
268.102525,0.439003,0.451905,12.703641
268.152534,0.443614,0.449773,12.703641
268.202550,0.452612,0.450691,12.703641
268.252527,0.448495,0.450566,12.703641
268.302537,0.441793,0.436516,12.703641
268.352543,0.430666,0.425214,12.703641
268.402550,0.419474,0.413507,12.703641
268.452545,0.405337,0.403218,12.703641
268.502515,0.396218,0.398353,12.703641
268.552517,0.385279,0.394396,12.703641
268.602515,0.372940,0.387839,12.703641
268.652530,0.370865,0.383408,12.703641
268.702527,0.368002,0.378867,12.703641
268.752534,0.361225,0.367028,12.703641
268.802537,0.351907,0.353041,12.703641
268.852540,0.347877,0.352506,12.703641
268.902537,0.336787,0.342125,8.700286
268.955802,0.342308,0.353852,1.726394
269.002543,0.340309,0.353598,1.726394
269.052549,0.342718,0.358439,1.726394
269.102553,0.353410,0.365632,1.726394
269.152557,0.367943,0.372280,1.726394
269.202557,0.374726,0.377466,1.726394
269.252525,0.385328,0.376947,1.726394
269.302529,0.383673,0.379350,1.726394
269.352531,0.389079,0.381427,1.726394
269.402533,0.390596,0.382922,1.726394
269.452539,0.389853,0.384191,1.726394
269.502542,0.396354,0.396244,1.726394
269.552544,0.411391,0.417658,1.726394
269.602547,0.429564,0.434489,1.726394
269.675420,0.442348,0.443240,1.726394
269.702548,0.455470,0.451028,1.726394
269.752553,0.470851,0.460095,1.726394
269.802561,0.486671,0.468077,1.726394
269.860925,0.465497,0.433730,1.726394
269.902554,0.459134,0.438887,1.881241
269.952553,0.452951,0.442786,2.082972
270.002535,0.450213,0.446032,2.082972
270.052533,0.447549,0.449678,2.082972
270.102538,0.442925,0.452787,2.082972
270.152543,0.437926,0.455166,2.082972
270.202547,0.480347,0.482157,2.082972
270.252539,0.480651,0.477414,2.082972
270.302552,0.483251,0.477302,2.082972
270.352544,0.492636,0.486602,2.082972
270.402546,0.496968,0.489276,2.082972
270.452556,0.496216,0.483476,2.082972
270.502551,0.495240,0.478278,2.082972
270.552558,0.477320,0.475298,2.082972
270.602564,0.477420,0.472225,2.082972
270.652557,0.475335,0.470211,2.082972
270.702569,0.466350,0.468229,2.082972
270.752538,0.460483,0.466548,2.082972
270.802537,0.464958,0.471570,2.082972
270.852543,0.465156,0.469033,2.082972
270.902543,0.465501,0.468374,2.063713
270.956508,0.460599,0.459848,2.049729
271.002545,0.461823,0.461890,2.049729
271.052552,0.463086,0.463330,2.049729
271.102550,0.465242,0.465756,2.049729
271.169562,0.462262,0.466800,2.049729
271.202559,0.464552,0.468552,2.049729
271.252563,0.472312,0.478771,2.049729
271.302562,0.484172,0.484438,2.049729
271.352562,0.490693,0.490755,2.049729
271.402566,0.498205,0.496432,2.049729
271.452582,0.506373,0.504123,2.049729
271.502538,0.515964,0.510651,2.049729
271.552545,0.523635,0.514681,2.049729
271.602550,0.526503,0.519456,2.049729
271.652553,0.530254,0.522073,2.049729
271.702551,0.532515,0.524042,2.049729
271.752554,0.534619,0.526207,2.049729
271.802560,0.534779,0.528310,2.049729
271.852558,0.533073,0.527705,2.049729
271.902565,0.533053,0.528229,1.973415
271.952564,0.530940,0.527512,1.849551
272.002565,0.529150,0.526047,1.849551
272.052569,0.528072,0.525632,1.849551
272.102574,0.526337,0.525089,1.849551
272.152577,0.527052,0.528477,1.849551
272.202576,0.528748,0.530172,1.849551
272.252550,0.535006,0.538891,1.849551
272.302553,0.537841,0.540013,1.849551
272.372838,0.540535,0.539936,1.849551
272.402552,0.544769,0.542568,1.849551
272.452559,0.551312,0.547908,1.849551
272.502562,0.554495,0.551200,1.849551
272.552562,0.551931,0.544767,1.849551
272.602568,0.549967,0.547797,1.849551
272.652565,0.554996,0.554208,1.849551
272.702578,0.561040,0.559436,1.849551
272.752573,0.562039,0.559859,1.849551
272.802576,0.559334,0.557867,1.849551
272.852575,0.553008,0.550095,1.849551
272.902593,0.559481,0.552460,1.920996
272.952590,0.555864,0.549367,2.061889
273.002553,0.548883,0.546068,2.061889
273.052564,0.539775,0.540162,2.061889
273.130460,0.531101,0.532332,2.061889
273.160027,0.519683,0.519659,2.061889
273.202566,0.514905,0.512769,2.061889
273.252573,0.503896,0.506739,2.061889
273.302578,0.503097,0.512119,2.061889
273.352571,0.496965,0.507475,2.061889
273.402573,0.494662,0.505760,2.061889
273.452581,0.499402,0.511249,2.061889
273.502588,0.498988,0.503188,2.061889
273.552587,0.505813,0.508772,2.061889
273.602591,0.514108,0.515482,2.061889
273.652595,0.514273,0.519036,2.061889
273.702592,0.514996,0.514398,2.061889
273.752564,0.514620,0.510718,2.061889
273.802564,0.503154,0.498997,2.061889
273.852569,0.501634,0.490631,2.061889
273.902576,0.479103,0.466888,1.978473
273.952575,0.444069,0.433972,1.849551
274.002574,0.416369,0.414952,1.849551
274.052585,0.391620,0.396625,1.849551
274.102576,0.366027,0.380649,1.849551
274.152600,0.343592,0.362959,1.849551
274.202591,0.318514,0.346871,1.849551
274.252588,0.307941,0.337440,1.849551
274.302592,0.305284,0.326880,1.849551
274.352583,0.298474,0.319899,1.849551
274.402601,0.303480,0.327511,1.849551
274.452596,0.322259,0.351506,1.849551
274.502574,0.343170,0.367504,1.849551
274.552577,0.348786,0.358185,1.849551
274.602576,0.365297,0.369727,1.849551
274.652579,0.386505,0.383760,1.849551
274.702580,0.406394,0.393547,1.849551
274.752581,0.416243,0.400419,1.849551
274.802583,0.413949,0.406030,1.849551
274.852584,0.409914,0.404573,1.849551
274.902590,0.425440,0.409613,1.849911
274.952729,0.425618,0.410146,1.852252
275.002600,0.419896,0.409289,1.852252
275.052600,0.415717,0.408463,1.852252
275.102604,0.424986,0.425562,1.852252
275.152610,0.435163,0.440567,1.852252
275.202603,0.449443,0.452195,1.852252
275.252574,0.458286,0.460032,1.852252
275.302582,0.471827,0.469230,1.852252
275.352583,0.483838,0.473566,1.852252
275.402582,0.492492,0.472061,1.852252
275.452587,0.476659,0.454219,1.852252
275.518591,0.459388,0.439341,1.852252
275.552597,0.444079,0.429779,1.852252
275.602595,0.439065,0.434675,1.852252
275.652589,0.430281,0.437093,1.852252
275.702600,0.431589,0.449606,1.852252
275.752609,0.428982,0.448972,1.852252
275.802611,0.437612,0.448025,1.852252
275.852613,0.447096,0.447808,1.852252
275.902610,0.457377,0.450926,1.851439
275.952619,0.453234,0.445804,1.855535
276.002582,0.442702,0.431238,1.855535
276.052591,0.425857,0.421384,1.855535
276.102588,0.422915,0.422220,1.855535
276.152590,0.426854,0.432057,1.855535
276.202599,0.418358,0.422990,1.855535
276.252594,0.403517,0.410476,1.855535
276.302598,0.401405,0.410541,1.855535
276.352598,0.408457,0.412914,1.855535
276.402606,0.404741,0.401535,1.855535
276.452601,0.401129,0.401381,1.855535
276.502610,0.397980,0.410832,1.855535
276.552610,0.409214,0.421485,1.855535
276.602614,0.421308,0.426082,1.855535
276.652622,0.421093,0.422684,1.855535
276.702622,0.428428,0.433321,1.855535
276.752593,0.441309,0.436152,1.855535
276.802595,0.438780,0.425663,1.855535
276.852598,0.431973,0.419622,1.855535
276.902596,0.436966,0.435602,1.782416
276.952607,0.428175,0.425140,1.671243
277.002604,0.428576,0.423235,1.671243
277.052605,0.421526,0.423939,1.671243
277.102605,0.427623,0.437150,1.671243
277.152610,0.433733,0.434925,1.671243
277.202612,0.434568,0.427599,1.671243
277.252622,0.416034,0.416212,1.671243
277.302622,0.426480,0.424215,1.671243
277.352621,0.425709,0.421688,1.671243
277.402632,0.419961,0.414695,1.671243
277.452616,0.398698,0.399857,1.671243
277.504299,0.383400,0.383601,1.671243
277.552600,0.372118,0.370696,1.671243
277.602605,0.365868,0.362020,1.671243
277.652601,0.345955,0.352639,1.671243
277.719024,0.331874,0.345061,1.671243
277.752617,0.323531,0.341938,1.671243
277.802610,0.310929,0.323992,1.671243
277.852616,0.300747,0.308669,1.671243
277.902622,0.291977,0.298491,1.667272
277.952619,0.281643,0.289655,1.664596
278.002625,0.274848,0.285362,1.664596
278.052630,0.269044,0.283037,1.664596
278.102628,0.254782,0.272451,1.664596
278.152629,0.275353,0.297206,1.664596
278.202635,0.282177,0.296744,1.664596
278.252599,0.292325,0.303373,1.664596
278.302608,0.308179,0.315753,1.664596
278.352608,0.320229,0.323026,1.664596
278.402616,0.341906,0.343124,1.664596
278.452616,0.356894,0.341660,1.664596
278.502620,0.329993,0.314627,1.664596
278.552617,0.308872,0.280894,1.664596
278.602619,0.295072,0.272073,1.664596
278.652623,0.272292,0.258740,1.664596
278.702627,0.240116,0.232113,1.664596
278.752641,0.211075,0.228878,1.664596
278.802634,0.193234,0.226161,1.664596
278.852652,0.192280,0.220913,1.664596
278.902632,0.200165,0.217050,1.596853
278.952657,0.190697,0.207722,1.479641
279.002608,0.186014,0.200705,1.479641
279.052619,0.188153,0.188821,1.479641
279.102614,0.179579,0.182241,1.479641
279.152618,0.170920,0.176606,1.479641
279.202623,0.164991,0.172808,1.479641
279.252622,0.163731,0.176989,1.479641
279.302625,0.162170,0.173505,1.479641
279.352629,0.179109,0.197067,1.479641
279.402635,0.203976,0.220793,1.479641
279.452633,0.219631,0.229762,1.479641
279.502637,0.238882,0.241521,1.479641
279.552641,0.251310,0.242121,1.479641
279.602644,0.263944,0.250058,1.479641
279.652629,0.274348,0.246633,1.479641
279.702655,0.268675,0.247610,1.479641
279.752616,0.257813,0.246039,1.479641
279.808844,0.251898,0.241692,1.479641
279.852628,0.245370,0.242126,1.479641
279.902630,0.240758,0.236058,1.480644
279.952625,0.234795,0.236731,1.487114
280.002630,0.237408,0.239605,1.487114
280.052632,0.231581,0.233794,1.487114
280.102631,0.229758,0.232467,1.487114
280.152635,0.230969,0.232566,1.487114
280.202638,0.225872,0.227463,1.487114
280.252638,0.225056,0.223312,1.487114
280.302648,0.221468,0.221595,1.487114
280.352647,0.219798,0.225156,1.487114
280.402657,0.219164,0.221331,1.487114
280.452657,0.216594,0.218882,1.487114
280.502623,0.214995,0.219499,1.487114
280.552630,0.216855,0.219606,1.487114
280.602633,0.219028,0.220062,1.487114
280.652633,0.220341,0.220849,1.487114
280.702638,0.218297,0.221694,1.487114
280.752636,0.220103,0.221102,1.487114
280.819395,0.222109,0.221506,1.487114
280.852641,0.223143,0.223073,1.487114
280.902649,0.227474,0.228488,1.488919
280.952652,0.230097,0.230755,1.500503
281.002645,0.237049,0.239165,1.500503
281.052651,0.238963,0.239073,1.500503
281.102661,0.243199,0.240983,1.500503
281.152661,0.245322,0.240416,1.500503
281.202662,0.237902,0.227621,1.500503
281.252631,0.232938,0.225220,1.500503
281.302638,0.226457,0.219102,1.500503
281.352637,0.215687,0.214880,1.500503
281.402638,0.212778,0.215557,1.500503
281.452644,0.211179,0.219912,1.500503
281.502648,0.216264,0.230603,1.500503
281.552653,0.227225,0.235059,1.500503
281.602648,0.230103,0.235211,1.500503
281.652653,0.237051,0.236843,1.500503
281.702660,0.246174,0.241932,1.500503
281.759309,0.251723,0.244962,1.500503
281.802658,0.253965,0.246576,1.500503
281.852664,0.247910,0.243458,1.500503
281.902669,0.260567,0.263117,1.425263
281.952667,0.255633,0.250808,1.303221
282.002636,0.251725,0.243574,1.303221
282.052643,0.247814,0.241665,1.303221
282.102641,0.239718,0.233597,1.303221
282.152645,0.231453,0.225849,1.303221
282.202646,0.229049,0.223487,1.303221
282.252654,0.205761,0.214722,1.303221
282.302649,0.206095,0.212586,1.303221
282.352656,0.202747,0.208304,1.303221
282.402662,0.198377,0.207330,1.303221
282.452659,0.194282,0.200373,1.303221
282.502667,0.191236,0.195019,1.303221
282.552663,0.183353,0.187806,1.303221
282.602675,0.182203,0.184573,1.303221
282.652661,0.177684,0.182134,1.303221
282.702662,0.174897,0.179979,1.303221
282.752641,0.166899,0.173523,1.303221
282.802653,0.165491,0.171364,1.303221
282.852650,0.159707,0.163686,1.303221
282.902651,0.156495,0.158259,1.231068
282.952654,0.153046,0.156099,1.114227
283.002662,0.149102,0.153839,1.114227
283.052661,0.144645,0.151107,1.114227
283.102661,0.143104,0.148271,1.114227
283.152667,0.138471,0.144651,1.114227
283.202667,0.140541,0.145260,1.114227
283.252677,0.139229,0.141688,1.114227
283.302678,0.140477,0.144569,1.114227
283.352674,0.141161,0.145573,1.114227
283.402683,0.141609,0.145125,1.114227
283.452684,0.144305,0.147255,1.114227
283.502651,0.147033,0.147654,1.114227
283.553757,0.145637,0.145718,1.114227
283.602674,0.146455,0.143218,1.114227
283.652658,0.142135,0.139730,1.114227
283.702665,0.141765,0.141174,1.114227
283.752664,0.139336,0.138204,1.114227
283.802671,0.136754,0.138114,1.114227
283.852667,0.135483,0.138547,1.114227
283.902672,0.134552,0.137116,1.112877
283.952671,0.135449,0.137616,1.119676
284.007868,0.137120,0.137589,1.119676
284.052697,0.135783,0.137592,1.119676
284.102674,0.135885,0.135490,1.119676
284.152698,0.134566,0.134092,1.119676
284.202687,0.134326,0.134997,1.119676
284.252664,0.136467,0.137253,1.119676
284.302665,0.136054,0.137127,1.119676
284.352666,0.135927,0.137055,1.119676
284.402669,0.135854,0.137054,1.119676
284.452667,0.137142,0.136858,1.119676
284.502669,0.138321,0.136843,1.119676
284.552674,0.138067,0.136835,1.119676
284.602675,0.136774,0.136923,1.119676
284.652674,0.137679,0.138133,1.119676
284.702686,0.141671,0.143456,1.119676
284.752687,0.143589,0.144860,1.119676
284.802690,0.146646,0.147391,1.119676
284.852688,0.149773,0.149643,1.119676
284.902701,0.156934,0.157096,0.708303
284.952697,0.162001,0.160210,0.000000
285.002663,0.169863,0.167776,0.000000
285.052665,0.177805,0.178298,0.000000
285.102674,0.187652,0.186541,0.000000
285.152677,0.193137,0.188421,0.000000
285.202676,0.199880,0.191884,0.000000
285.252680,0.202614,0.194676,0.000000
285.302687,0.207377,0.196912,0.000000
285.352688,0.204147,0.192584,0.000000
285.402677,0.189634,0.177755,0.000000
285.474981,0.180396,0.173280,0.000000
285.502673,0.174141,0.169051,0.000000
285.552694,0.163956,0.162222,0.000000
285.602697,0.156224,0.160153,0.000000
285.652700,0.140937,0.147863,0.000000
285.702696,0.135077,0.145080,0.000000
285.752675,0.135980,0.141027,0.000000
285.802675,0.132934,0.139618,0.000000
285.852679,0.125960,0.132390,0.000000
285.902679,0.124056,0.130197,0.959533
285.952686,0.118714,0.126946,2.614103
286.002679,0.120756,0.124306,2.614103
286.052685,0.116142,0.119725,2.614103
286.102695,0.116407,0.121113,2.614103
286.152698,0.116137,0.123335,2.614103
286.202688,0.118755,0.123086,2.614103
286.252683,0.119501,0.123749,2.614103
286.307105,0.119667,0.121924,2.614103
286.352707,0.123229,0.125396,2.614103
286.402702,0.128061,0.127324,2.614103
286.452710,0.128609,0.127926,2.614103
286.502679,0.128078,0.128096,2.614103
286.552680,0.127872,0.126579,2.614103
286.602707,0.128407,0.127323,2.614103
286.652683,0.130128,0.127208,2.614103
286.702691,0.128783,0.127700,2.614103
286.752691,0.125505,0.124547,2.614103
286.802692,0.120865,0.119232,2.614103
286.852700,0.117944,0.117011,2.614103
286.902695,0.116899,0.116209,2.254186
286.952703,0.114496,0.115610,1.683167
287.002701,0.116512,0.120674,1.683167
287.052708,0.120482,0.128109,1.683167
287.102713,0.126906,0.133878,1.683167
287.152719,0.136937,0.140676,1.683167
287.202717,0.145258,0.145750,1.683167
287.252683,0.151993,0.148782,1.683167
287.302684,0.158883,0.151294,1.683167
287.352692,0.161989,0.153478,1.683167
287.402696,0.164999,0.158338,1.683167
287.452699,0.167545,0.161020,1.683167
287.502705,0.169607,0.165400,1.683167
287.552699,0.170591,0.167875,1.683167
287.602702,0.163872,0.157177,1.683167
287.652703,0.165833,0.160663,1.683167
287.702702,0.164924,0.159706,1.683167
287.752719,0.151501,0.144146,1.683167
287.802711,0.145106,0.140477,1.683167
287.852705,0.139722,0.141503,1.683167
287.902725,0.133335,0.140176,1.749135
287.952726,0.136205,0.139055,1.873374
288.002692,0.130735,0.138499,1.873374
288.052699,0.128253,0.138551,1.873374
288.102696,0.141133,0.145265,1.873374
288.152698,0.147274,0.149994,1.873374
288.202707,0.153578,0.158041,1.873374
288.252708,0.160466,0.163093,1.873374
288.302705,0.167818,0.167644,1.873374
288.352716,0.178293,0.175772,1.873374
288.402710,0.187094,0.180504,1.873374
288.452720,0.189763,0.182903,1.873374
288.502719,0.197707,0.191957,1.873374
288.552719,0.204427,0.200998,1.873374
288.602727,0.221239,0.219688,1.873374
288.652733,0.232584,0.227787,1.873374
288.702730,0.242217,0.236920,1.873374
288.752704,0.252459,0.244858,1.873374
288.802706,0.271312,0.260909,1.873374
288.852703,0.292786,0.285301,1.873374
288.902704,0.305761,0.293746,1.865456
288.953724,0.306341,0.294030,1.855535
289.002715,0.317462,0.303285,1.855535
289.052716,0.324607,0.307443,1.855535
289.107441,0.333920,0.314449,1.855535
289.152724,0.337526,0.321894,1.855535
289.202724,0.333560,0.327714,1.855535
289.252729,0.337892,0.334133,1.855535
289.317428,0.350618,0.343763,1.855535
289.352737,0.358787,0.355008,1.855535
289.402721,0.387766,0.389044,1.855535
289.452739,0.418332,0.422370,1.855535
289.502704,0.462496,0.469937,1.855535
289.552713,0.518485,0.524820,1.855535
289.602714,0.577372,0.574328,1.855535
289.652719,0.642930,0.627986,1.855535
289.702715,0.711046,0.678233,1.855535
289.752718,0.753766,0.707757,1.855535
289.802718,0.822097,0.772554,1.855535
289.852730,0.882192,0.833531,1.855535
289.909250,0.910151,0.854369,1.856059
289.952735,0.958635,0.904148,1.858228
290.002737,1.005656,0.960362,1.858228
290.052740,1.171088,1.174012,1.858228
290.102744,1.360341,1.370781,1.858228
290.152742,1.488646,1.481790,1.858228
290.202740,1.629585,1.595780,1.858228
290.252711,1.884283,1.819425,1.858228
290.302719,2.124989,2.017978,1.858228
290.352729,2.338556,2.150881,1.858228
290.402720,2.530156,2.394626,1.858228
290.452721,2.721875,2.615487,1.858228
290.507331,2.917213,2.750668,1.858228
290.552742,3.132522,2.911909,1.858228
290.602736,3.236888,3.017945,1.858228
290.652733,3.258923,3.010220,1.858228
290.702732,3.295399,2.998577,1.858228
290.752742,3.180152,2.914471,1.858228
290.802746,2.900607,2.631837,1.858228
290.852741,2.523117,2.228294,1.858228
290.902745,2.145387,1.952579,1.716281
290.952755,1.857589,1.837787,1.512623
291.002720,1.544992,1.652558,1.512623
291.052722,1.305710,1.583270,1.512623
291.102727,1.029280,1.391512,1.512623
291.152725,0.946531,1.300708,1.512623
291.202736,0.963253,1.186604,1.512623
291.252734,0.927643,1.069641,1.512623
291.302733,0.819990,0.980654,1.512623
291.352743,0.778503,0.908675,1.512623
291.402740,0.638877,0.793485,1.512623
291.452741,0.672955,0.807110,1.512623
291.502754,0.626085,0.767357,1.512623
291.552749,0.614192,0.742791,1.512623
291.602762,0.620874,0.723940,1.512623
291.652757,0.615061,0.696071,1.512623
291.702753,0.605438,0.666013,1.512623
291.752729,0.641346,0.648768,1.512623
291.802733,0.598080,0.632109,1.512623
291.852734,0.598530,0.628406,1.512623
291.902735,0.580337,0.606370,1.483210
291.952746,0.561501,0.588648,1.655473
292.002739,0.552432,0.575131,1.655473
292.052739,0.548140,0.563500,1.655473
292.102746,0.537311,0.551997,1.655473
292.152764,0.524733,0.536993,1.655473
292.202747,0.505113,0.524845,1.655473
292.252749,0.493628,0.507380,1.655473
292.302756,0.476960,0.485918,1.655473
292.352761,0.469762,0.483025,1.655473
292.402761,0.462807,0.480442,1.655473
292.452765,0.443296,0.458216,1.655473
292.502734,0.444475,0.463597,1.655473
292.552738,0.445319,0.467423,1.655473
292.602737,0.454663,0.474545,1.655473
292.652745,0.465790,0.475263,1.655473
292.702751,0.461963,0.469188,1.655473
292.752750,0.470686,0.480679,1.655473
292.802750,0.495292,0.493250,1.655473
292.852761,0.491891,0.486892,1.655473
292.902757,0.477794,0.466461,1.547743
292.952759,0.451903,0.437470,1.453929
293.002759,0.438669,0.427288,1.453929
293.052768,0.431177,0.420407,1.453929
293.102771,0.410289,0.412446,1.453929
293.152768,0.383061,0.400524,1.453929
293.202770,0.360583,0.381102,1.453929
293.252741,0.355521,0.374578,1.453929
293.302742,0.355788,0.364009,1.453929
293.352745,0.343467,0.350827,1.453929
293.402751,0.300069,0.299102,1.453929
293.452750,0.255970,0.253882,1.453929
293.502755,0.209713,0.209142,1.453929
293.552757,0.170091,0.172646,1.453929
293.602762,0.120268,0.138094,1.453929
293.652762,0.076005,0.112928,1.453929
293.702767,0.032337,0.088173,1.453929
293.752770,0.024588,0.077647,1.453929
293.802771,0.016232,0.064828,1.453929
293.852770,0.012585,0.052651,1.453929
293.902776,0.010689,0.024771,1.425817
293.952788,0.026459,0.014372,1.404588
294.002752,0.053571,0.043831,1.404588
294.052750,0.080541,0.075092,1.404588
294.102759,0.100686,0.083226,1.404588
294.152760,0.100926,0.066214,1.404588
294.202757,0.094179,0.049131,1.404588
294.252764,0.072288,0.045381,1.404588
294.302762,0.057047,0.067780,1.404588
294.358880,0.082993,0.095536,1.404588
294.402772,0.148277,0.140656,1.404588
294.452771,0.192130,0.166341,1.404588
294.502772,0.218851,0.178489,1.404588
294.567015,0.236999,0.188264,1.404588
294.602777,0.257269,0.209465,1.404588
294.652792,0.267121,0.228017,1.404588
294.702775,0.267193,0.226900,1.404588
294.752754,0.257135,0.232035,1.404588
294.802756,0.253830,0.235047,1.404588
294.866994,0.254583,0.235144,1.404588
294.902760,0.250486,0.228108,1.111171
294.952770,0.236428,0.221239,0.865182
295.002774,0.212218,0.203780,0.865182
295.052774,0.195328,0.183326,0.865182
295.102773,0.171905,0.165892,0.865182
295.152773,0.159916,0.164965,0.865182
295.207037,0.181033,0.208676,0.865182
295.252778,0.240126,0.280509,0.865182
295.302779,0.284961,0.319014,0.865182
295.352790,0.347186,0.357278,0.865182
295.402805,0.394875,0.377293,0.865182
295.452792,0.440542,0.396152,0.865182
295.502761,0.479696,0.409206,0.865182
295.552767,0.486881,0.416664,0.865182
295.602772,0.443385,0.388516,0.865182
295.652768,0.405925,0.353767,0.865182
295.702776,0.371043,0.336718,0.865182
295.752775,0.340193,0.317386,0.865182
295.808136,0.284430,0.269095,0.865182
295.852784,0.230964,0.233503,0.865182
295.902776,0.176104,0.199985,0.644927
295.958780,0.144956,0.171378,0.310454
296.002797,0.122984,0.148929,0.310454
296.052794,0.090318,0.127126,0.310454
296.102791,0.062206,0.110229,0.310454
296.152798,0.055924,0.094514,0.310454
296.202799,0.045968,0.079913,0.310454
296.252764,0.038927,0.067425,0.310454
296.302768,0.031155,0.054580,0.310454
296.352777,0.022216,0.043238,0.310454
296.426847,0.015711,0.033702,0.310454
296.452774,0.007384,0.023800,0.310454
296.502784,0.002209,0.017194,0.310454
296.567451,0.002524,0.012703,0.310454
296.602782,0.006507,0.008502,0.310454
296.652795,0.009791,0.005097,0.310454
296.734325,0.016074,0.007956,0.310454
296.752784,0.023465,0.017716,0.310454
296.802790,0.029475,0.025253,0.310454
296.852797,0.036621,0.032043,0.310454
296.902805,0.052904,0.049898,0.195734
296.952803,0.070921,0.067661,0.000000
297.002772,0.089979,0.084455,0.000000
297.052781,0.106253,0.099720,0.000000
297.102786,0.123233,0.113773,0.000000
297.152798,0.140442,0.126742,0.000000
297.202786,0.154779,0.133279,0.000000
297.252797,0.161272,0.140475,0.000000
297.308635,0.170892,0.153634,0.000000
297.352794,0.176810,0.161446,0.000000
297.408629,0.185674,0.173631,0.000000
297.458622,0.192234,0.181948,0.000000
297.508618,0.198875,0.190393,0.000000
297.559919,0.218723,0.211961,0.000000
297.602800,0.234506,0.225608,0.000000
297.652812,0.255363,0.251040,0.000000
297.702811,0.277993,0.271269,0.000000
297.752779,0.295927,0.286817,0.000000
297.802782,0.315543,0.299876,0.000000
297.852790,0.335546,0.312404,0.000000
297.902790,0.345631,0.323457,0.000000
297.952789,0.360031,0.334181,0.000000
298.002801,0.368403,0.348299,0.000000
298.052798,0.380121,0.365321,0.000000
298.102797,0.392751,0.379682,0.000000
298.152800,0.402603,0.388682,0.000000
298.202801,0.410155,0.394633,0.000000
298.252806,0.420391,0.404212,0.000000
298.302809,0.430979,0.413332,0.000000
298.352811,0.436209,0.419439,0.000000
298.402813,0.434571,0.420521,0.000000
298.452822,0.435525,0.425327,0.000000
298.502789,0.452414,0.449092,0.000000
298.568528,0.460649,0.454763,0.000000
298.602796,0.469602,0.464686,0.000000
298.652797,0.493386,0.493313,0.000000
298.728515,0.485403,0.472267,0.000000
298.752800,0.504538,0.490360,0.000000
298.802799,0.513103,0.493486,0.000000
298.852807,0.513727,0.504791,0.000000
298.902822,0.525567,0.515970,0.000000
298.952822,0.532402,0.522908,0.000000
299.002815,0.526800,0.531207,0.000000
299.052820,0.549420,0.534684,0.000000
299.102826,0.545868,0.535633,0.000000
299.152823,0.550632,0.536584,0.000000
299.202837,0.534375,0.516186,0.000000
299.252799,0.516996,0.500720,0.000000
299.302797,0.485948,0.467219,0.000000
299.352798,0.402850,0.369749,0.000000
299.402807,0.322493,0.292994,0.000000
299.452805,0.244700,0.232959,0.000000
299.502809,0.168391,0.186437,0.000000
299.552813,0.104657,0.144255,0.000000
299.602818,0.053141,0.112018,0.000000
299.652819,0.040950,0.089382,0.000000
299.702819,0.036750,0.071738,0.000000
299.752823,0.029430,0.059534,0.000000
299.802822,0.024279,0.045878,0.000000
299.852824,0.017336,0.038076,0.000000
299.902835,0.014155,0.032974,0.000000
299.952821,0.013716,0.030465,0.000000
300.002802,0.016493,0.024477,0.000000
300.052803,0.017868,0.022012,0.000000
300.102811,0.021233,0.020868,0.000000
300.167777,0.016805,0.018852,0.000000
300.202815,0.016757,0.022957,0.000000
300.252818,0.019377,0.028196,0.000000
300.302815,0.018601,0.026268,0.000000
300.352824,0.024792,0.026464,0.000000
300.402817,0.029304,0.025776,0.000000
300.452825,0.038308,0.030714,0.000000
300.502832,0.039183,0.031420,0.000000
300.552829,0.035876,0.032288,0.000000
300.602835,0.043839,0.045535,0.000000
300.652827,0.053145,0.053358,0.000000
300.702840,0.058354,0.056778,0.000000
300.752814,0.064537,0.059695,0.000000
300.802812,0.065909,0.060514,0.000000
300.866466,0.070709,0.062305,0.000000
300.902816,0.078361,0.067786,0.000000
300.952823,0.075142,0.069511,0.000000
301.002820,0.075743,0.073540,0.000000
301.052832,0.076648,0.073864,0.000000
301.102821,0.078877,0.076615,0.000000
301.152830,0.082396,0.078951,0.000000
301.202834,0.090163,0.087748,0.000000
301.252840,0.095800,0.096248,0.000000
301.302835,0.104341,0.104280,0.000000
301.352846,0.114615,0.115761,0.000000
301.402839,0.125666,0.123138,0.000000
301.452856,0.137218,0.132160,0.000000
301.502814,0.147026,0.137116,0.000000
301.552818,0.150849,0.139612,0.000000
301.602819,0.152736,0.140253,0.000000
301.652823,0.145470,0.129148,0.000000
301.717028,0.130848,0.115177,0.000000
301.755726,0.121023,0.108996,0.000000
301.802829,0.110046,0.105675,0.000000
301.852830,0.099157,0.100900,0.000000
301.902842,0.091127,0.099254,0.000000
301.952841,0.082560,0.095595,0.000000
302.002841,0.081880,0.092557,0.000000
302.052849,0.084568,0.089757,0.000000
302.102845,0.078900,0.080736,0.000000
302.152859,0.072567,0.074259,0.000000
302.202851,0.067453,0.068603,0.000000
302.252820,0.062377,0.066258,0.000000
302.302834,0.058802,0.064205,0.000000
302.352829,0.055010,0.062058,0.000000
302.427582,0.051416,0.060442,0.000000
302.452831,0.053288,0.059902,0.000000
302.502835,0.050537,0.053818,0.000000
302.552839,0.052368,0.054888,0.000000
302.602844,0.048451,0.049853,0.000000
302.652836,0.045777,0.047339,0.000000
302.702845,0.045508,0.047953,0.000000
302.752852,0.041756,0.043513,0.000000
302.806926,0.036551,0.039287,0.000000
302.852862,0.036612,0.037373,0.000000
302.902851,0.033172,0.037121,0.000000
302.952850,0.032788,0.035217,0.000000
303.002831,0.032763,0.035634,0.000000
303.052835,0.029693,0.034308,0.000000
303.102835,0.030889,0.034279,0.000000
303.152839,0.030229,0.030982,0.000000
303.202839,0.026452,0.025462,0.000000
303.252840,0.022902,0.022660,0.000000
303.302842,0.019734,0.019248,0.000000
303.352850,0.016096,0.017580,0.000000
303.402849,0.014795,0.017849,0.000000
303.452853,0.012614,0.017553,0.000000
303.502847,0.011450,0.016296,0.000000
303.552865,0.013078,0.016326,0.000000
303.602866,0.013488,0.016056,0.000000
303.652867,0.015072,0.016057,0.000000
303.702875,0.015751,0.015965,0.000000
303.752841,0.013518,0.013546,0.000000
303.802843,0.012268,0.012396,0.000000
303.852836,0.011536,0.011167,0.000000
303.902849,0.010387,0.010602,0.000000
303.952854,0.009543,0.010170,0.000000
304.002861,0.008503,0.009791,0.000000
304.052851,0.007328,0.009104,0.000000
304.102850,0.007394,0.008446,0.000000
304.152868,0.006543,0.007222,0.000000
304.202855,0.006038,0.006317,0.000000
304.252856,0.005098,0.005409,0.000000
304.302858,0.004399,0.005052,0.000000
304.352860,0.003213,0.004048,0.000000
304.402868,0.002162,0.002996,0.000000
304.452879,0.001542,0.002358,0.000000
304.502849,0.001093,0.001586,0.000000
304.552845,0.000607,0.000702,0.000000
304.602850,0.001236,0.000593,0.000000
304.652853,0.002783,0.002120,0.000000
304.706730,0.003973,0.003522,0.000000
304.752868,0.004681,0.004164,0.000000
304.802860,0.005777,0.004951,0.000000
304.852864,0.008341,0.007807,0.000000
304.902867,0.011215,0.010615,0.000000
304.952865,0.013042,0.012095,0.000000
305.018003,0.014553,0.013376,0.000000
305.052873,0.016012,0.014616,0.000000
305.102879,0.018875,0.017072,0.000000
305.152874,0.021488,0.018924,0.000000
305.202875,0.022471,0.020351,0.000000
305.252849,0.020559,0.017981,0.000000
305.302856,0.019590,0.016645,0.000000
305.352861,0.019113,0.016350,0.000000
305.402860,0.018931,0.016725,0.000000
305.452859,0.017577,0.016858,0.000000
305.502862,0.016586,0.017361,0.000000
305.552863,0.015358,0.017385,0.000000
305.602866,0.017246,0.018254,0.000000
305.652874,0.018381,0.018459,0.000000
305.702873,0.019342,0.019147,0.000000
305.757933,0.021309,0.021712,0.000000
305.802883,0.024068,0.024715,0.000000
305.852896,0.026560,0.027136,0.000000
305.902886,0.029166,0.028858,0.000000
305.952888,0.031320,0.030447,0.000000
306.002856,0.034348,0.032452,0.000000
306.052858,0.035441,0.031886,0.000000
306.102868,0.035581,0.032091,0.000000
306.152862,0.036670,0.034548,0.000000
306.202871,0.037902,0.036715,0.000000
306.252868,0.038907,0.037906,0.000000
306.302870,0.040146,0.039442,0.000000
306.352873,0.040712,0.040425,0.000000
306.402881,0.043037,0.041535,0.000000
306.452878,0.045735,0.043582,0.000000
306.502888,0.046256,0.044479,0.000000
306.552876,0.047523,0.046432,0.000000
306.605984,0.049025,0.047782,0.000000
306.652890,0.049962,0.048650,0.000000
306.702895,0.051834,0.050395,0.000000
306.752861,0.053525,0.051908,0.000000
306.802870,0.054460,0.053192,0.000000
306.852868,0.056049,0.054383,0.000000
306.915958,0.056823,0.055357,0.000000
306.952868,0.058119,0.056605,0.000000
307.002872,0.059200,0.057123,0.000000
307.053486,0.060545,0.059027,0.000000
307.102890,0.061846,0.060643,0.000000
307.152882,0.062948,0.061760,0.000000
307.202885,0.065093,0.064287,0.000000
307.252899,0.066723,0.065551,0.000000
307.302881,0.068563,0.067506,0.000000
307.352891,0.070017,0.067986,0.000000
307.402896,0.070750,0.068558,0.000000
307.467170,0.071186,0.068991,0.000000
307.502868,0.072060,0.069660,0.000000
307.552876,0.070028,0.067788,0.000000
307.602874,0.067665,0.065089,0.000000
307.652883,0.067497,0.066871,0.000000
307.702881,0.065885,0.065153,0.000000
307.752884,0.066756,0.067535,0.000000
307.802893,0.067158,0.068839,0.000000
307.852884,0.066832,0.068995,0.000000
307.902894,0.068387,0.069377,0.000000
307.952893,0.070771,0.069713,0.000000
308.002906,0.067774,0.066419,0.000000
308.052902,0.067835,0.064972,0.000000
308.102900,0.062075,0.059238,0.000000
308.152902,0.059483,0.058126,0.000000
308.202905,0.058687,0.059639,0.000000
308.252875,0.058971,0.062424,0.000000
308.302880,0.063207,0.070121,0.000000
308.352887,0.067195,0.072325,0.000000
308.402885,0.074385,0.079579,0.000000
308.452885,0.083950,0.084230,0.000000
308.502896,0.090379,0.087153,0.000000
308.552889,0.097831,0.093286,0.000000
308.602901,0.102031,0.095085,0.000000
308.652898,0.103719,0.098435,0.000000
308.702896,0.108643,0.102341,0.000000
308.752906,0.105884,0.099826,0.000000
308.805815,0.108736,0.104189,0.000000
308.866066,0.104753,0.097334,0.000000
308.902915,0.108372,0.106606,0.000000
308.956026,0.104414,0.100250,0.000000
309.002889,0.098636,0.093857,0.000000
309.052889,0.091124,0.088679,0.000000
309.102898,0.088298,0.085238,0.000000
309.152893,0.081579,0.083289,0.000000
309.202893,0.081535,0.079956,0.000000
309.252896,0.072050,0.078952,0.000000
309.302900,0.077727,0.084354,0.000000
309.365767,0.080270,0.084819,0.000000
309.402903,0.085265,0.089570,0.000000
309.452908,0.095171,0.099715,0.000000
309.502915,0.107742,0.112612,0.000000
309.552914,0.120793,0.121282,0.000000
309.602917,0.132707,0.128660,0.000000
309.652919,0.140926,0.134849,0.000000
309.702925,0.150203,0.138360,0.000000
309.752891,0.158202,0.143126,0.000000
309.802896,0.158385,0.143165,0.000000
309.866344,0.146848,0.131578,0.000000
309.902904,0.143035,0.131496,0.000000
309.952897,0.149998,0.146560,0.000000
310.002905,0.155253,0.156596,0.000000
310.056322,0.160832,0.164244,0.000000
310.102914,0.168295,0.175787,0.000000
310.152911,0.175425,0.179870,0.000000
310.202916,0.193322,0.185919,0.000000
310.252922,0.207029,0.190644,0.000000
310.302909,0.211327,0.200230,0.000000
310.352924,0.219470,0.210491,0.000000
310.402925,0.225756,0.216936,0.000000
310.452914,0.225984,0.218759,0.000000
310.502895,0.231021,0.221693,0.000000
310.552905,0.235239,0.225191,0.000000
310.602903,0.233494,0.219620,0.000000
310.652904,0.225234,0.212223,0.000000
310.702906,0.219195,0.211833,0.000000
310.752912,0.212421,0.208788,0.000000
310.802916,0.209140,0.207756,0.000000
310.852915,0.205804,0.208227,0.000000
310.902917,0.203713,0.211547,1.917309
310.952918,0.203041,0.207745,5.156763
311.002926,0.209133,0.211132,5.156763
311.052923,0.210001,0.212325,5.156763
311.102936,0.214422,0.215346,5.156763
311.152928,0.217710,0.217602,5.156763
311.202932,0.220264,0.219669,5.156763
311.252905,0.222830,0.224352,5.156763
311.302912,0.237938,0.239112,5.156763
311.352909,0.237941,0.236219,5.156763
311.402914,0.243298,0.239849,5.156763
311.452915,0.244429,0.239015,5.156763
311.502917,0.246442,0.239354,5.156763
311.552920,0.253914,0.247307,5.156763
311.602922,0.258252,0.252645,5.156763
311.652932,0.255420,0.257772,5.156763
311.702930,0.263002,0.261864,5.156763
311.752921,0.266356,0.265121,5.156763
311.802941,0.272252,0.267500,5.156763
311.852937,0.277410,0.269447,5.156763
311.926167,0.279443,0.274250,3.116904
311.952946,0.282906,0.279013,1.873724
312.002915,0.285398,0.282284,1.873724
312.056781,0.288280,0.285377,1.873724
312.102921,0.291018,0.287736,1.873724
312.152922,0.293642,0.289314,1.873724
312.202921,0.296413,0.290831,1.873724
312.252927,0.296907,0.292115,1.873724
312.302924,0.296127,0.291984,1.873724
312.352933,0.302682,0.301786,1.873724
312.402938,0.305827,0.305417,1.873724
312.452933,0.307131,0.305680,1.873724
312.502945,0.311407,0.309725,1.873724
312.552930,0.315860,0.313595,1.873724
312.607360,0.323845,0.321652,1.873724
312.652948,0.377116,0.389793,1.873724
312.702954,0.395989,0.406117,1.873724
312.752916,0.417708,0.418568,1.873724
312.802920,0.448093,0.437706,1.873724
312.852921,0.472802,0.450846,1.873724
312.902931,0.495065,0.458801,2.030105
312.952933,0.510075,0.459252,2.303950
313.002934,0.466939,0.439546,2.303950
313.052934,0.453646,0.427155,2.303950
313.102942,0.443408,0.420695,2.303950
313.152938,0.422283,0.408860,2.303950
313.202938,0.403614,0.400687,2.303950
313.252946,0.386928,0.396488,2.303950
313.302951,0.377563,0.396646,2.303950
313.356673,0.387603,0.403762,2.303950
313.402955,0.395513,0.409788,2.303950
313.452946,0.400608,0.413971,2.303950
313.502924,0.410914,0.417963,2.303950
313.552928,0.420103,0.420914,2.303950
313.602929,0.427992,0.423752,2.303950
313.652929,0.448427,0.447079,2.303950
313.702935,0.458801,0.458676,2.303950
313.752938,0.471619,0.471689,2.303950
313.802946,0.481686,0.477610,2.303950
313.852938,0.494191,0.486314,2.303950
313.902946,0.504401,0.489851,2.423698
313.952955,0.513847,0.491976,2.636958
314.002960,0.485055,0.461387,2.636958
314.052955,0.456111,0.429799,2.636958
314.102961,0.424379,0.404069,2.636958
314.152962,0.395710,0.383202,2.636958
314.202965,0.364746,0.367585,2.636958
314.252935,0.336334,0.354843,2.636958
314.302943,0.308648,0.344780,2.636958
314.352936,0.320285,0.360279,2.636958
314.402938,0.331044,0.364148,2.636958
314.452946,0.343364,0.368917,2.636958
314.516576,0.355753,0.372514,2.636958
314.552951,0.368069,0.376285,2.636958
314.602943,0.373436,0.369314,2.636958
314.652954,0.387881,0.376565,2.636958
314.702964,0.377614,0.371337,2.636958
314.752957,0.372461,0.365793,2.636958
314.802964,0.367030,0.362648,2.636958
314.852965,0.362180,0.360696,2.636958
314.902972,0.356263,0.358514,2.649702
314.952965,0.357625,0.357003,2.674774
315.002939,0.350031,0.356086,2.674774
315.052940,0.350347,0.355417,2.674774
315.102942,0.351634,0.354865,2.674774
315.152949,0.350827,0.352704,2.674774
315.202947,0.353068,0.355922,2.674774
315.252951,0.350674,0.351335,2.674774
315.302954,0.348302,0.347934,2.674774
315.352981,0.345776,0.345308,2.674774
315.402958,0.347285,0.348895,2.674774
315.452966,0.349736,0.353068,2.674774
315.502983,0.352506,0.355128,2.674774
315.552967,0.351673,0.356705,2.674774
315.602986,0.356104,0.358125,2.674774
315.652963,0.351333,0.346666,2.674774
315.702981,0.347371,0.338731,2.674774
315.752948,0.340938,0.334666,2.674774
315.802948,0.332175,0.329469,2.674774
315.852953,0.325246,0.326461,2.674774
315.902954,0.316513,0.321442,2.658495
315.952962,0.310256,0.321234,2.641407
316.007077,0.312013,0.319696,2.641407
316.052970,0.315723,0.322396,2.641407
316.102969,0.317788,0.324571,2.641407
316.152960,0.321084,0.325946,2.641407
316.202978,0.319099,0.320682,2.641407
316.252964,0.322841,0.321974,2.641407
316.302968,0.325703,0.325730,2.641407
316.352991,0.329693,0.328989,2.641407
316.402972,0.328192,0.327783,2.641407
316.452974,0.329658,0.330999,2.641407
316.502953,0.331257,0.333305,2.641407
316.552957,0.337479,0.335227,2.641407
316.602961,0.339739,0.336640,2.641407
316.652960,0.337880,0.334903,2.641407
316.702967,0.337739,0.336247,2.641407
316.752966,0.340277,0.337126,2.641407
316.802974,0.344414,0.344183,2.641407
316.852973,0.341734,0.339826,2.641407
316.902982,0.343118,0.342547,2.696307
316.952986,0.345579,0.345784,2.794472
317.002981,0.356459,0.357631,2.794472
317.052987,0.366671,0.368814,2.794472
317.102976,0.379237,0.380836,2.794472
317.152993,0.384604,0.386658,2.794472
317.202993,0.397170,0.391340,2.794472
317.252962,0.405079,0.394547,2.794472
317.302968,0.409817,0.394267,2.794472
317.352965,0.408163,0.394215,2.794472
317.402966,0.405743,0.394729,2.794472
317.475098,0.400075,0.393639,2.794472
317.502971,0.398766,0.395100,2.794472
317.552990,0.396543,0.394975,2.794472
317.602976,0.392930,0.392065,2.794472
317.652978,0.404891,0.409300,2.794472
317.702983,0.406087,0.407929,2.794472
317.752984,0.405644,0.404833,2.794472
317.802985,0.407026,0.403776,2.794472
317.852993,0.404819,0.400175,2.794472
317.902997,0.403664,0.397455,2.932711
317.953000,0.405221,0.396252,3.177389
318.002970,0.393002,0.395256,3.177389
318.052969,0.390088,0.392609,3.177389
318.102974,0.381991,0.381360,3.177389
318.152974,0.378216,0.379799,3.177389
318.202992,0.372108,0.372456,3.177389
318.252978,0.372303,0.375623,3.177389
318.302979,0.366585,0.370878,3.177389
318.352983,0.359270,0.364790,3.177389
318.402986,0.353085,0.359410,3.177389
318.452994,0.354432,0.356294,3.177389
318.502998,0.351202,0.355078,3.177389
318.553015,0.352924,0.355320,3.177389
318.603004,0.347724,0.354780,3.177389
318.653013,0.347487,0.353960,3.177389
318.703002,0.348444,0.352669,3.177389
318.752975,0.349994,0.351918,3.177389
318.802980,0.351193,0.351976,3.177389
318.856213,0.351067,0.351408,3.177389
318.902984,0.349244,0.349909,3.175876
318.952987,0.345859,0.345465,3.182107
319.006203,0.336891,0.333957,3.182107
319.053003,0.338532,0.338906,3.182107
319.102996,0.339655,0.342550,3.182107
319.152996,0.335398,0.338447,3.182107
319.203002,0.323201,0.323588,3.182107
319.253006,0.319237,0.322207,3.182107
319.303000,0.312112,0.313369,3.182107
319.353009,0.315566,0.313128,3.182107
319.403000,0.310822,0.315620,3.182107
319.454917,0.299614,0.308233,3.182107
319.502982,0.295500,0.305226,3.182107
319.568714,0.299426,0.302506,3.182107
319.602987,0.296582,0.301402,3.182107
319.652988,0.305303,0.309011,3.182107
319.702997,0.309063,0.314793,3.182107
319.752997,0.312286,0.321422,3.182107
319.802993,0.320347,0.324080,3.182107
319.853001,0.326706,0.326685,3.182107
319.902997,0.333304,0.328613,3.162117
319.953005,0.343857,0.337438,3.162027
320.003013,0.346038,0.341058,3.162027
320.053014,0.347001,0.341791,3.162027
320.106111,0.346487,0.342283,3.162027
320.153016,0.349134,0.344445,3.162027
320.203017,0.351967,0.346866,3.162027
320.252985,0.354714,0.348710,3.162027
320.302994,0.357125,0.356898,3.162027
320.352997,0.374107,0.380377,3.162027
320.402998,0.383444,0.386365,3.162027
320.453003,0.394164,0.392946,3.162027
320.506705,0.402871,0.397170,3.162027
320.553007,0.409546,0.398379,3.162027
320.602999,0.402155,0.379418,3.162027
320.653006,0.396097,0.373007,3.162027
320.703013,0.377563,0.367376,3.162027
320.753023,0.368371,0.363102,3.162027
320.803014,0.357482,0.359022,3.162027
320.853024,0.347462,0.356123,3.162027
320.903022,0.339742,0.354696,3.154994
320.953022,0.350141,0.359015,3.214934
321.002998,0.355295,0.363941,3.214934
321.052999,0.361695,0.369132,3.214934
321.116027,0.367073,0.372026,3.214934
321.153005,0.372526,0.373850,3.214934
321.203006,0.377003,0.374037,3.214934
321.253012,0.384245,0.379074,3.214934
321.303011,0.384321,0.378758,3.214934
321.353023,0.385755,0.381669,3.214934
321.403015,0.386624,0.384527,3.214934
321.453016,0.387530,0.385518,3.214934
321.503016,0.388432,0.386122,3.214934
321.553030,0.390118,0.386262,3.214934
321.603025,0.389866,0.388507,3.214934
321.653027,0.394705,0.393089,3.214934
321.703030,0.398502,0.398454,3.214934
321.753005,0.403816,0.405306,3.214934
321.826599,0.406591,0.406089,3.214934
321.853008,0.412290,0.410720,3.214934
321.903007,0.419840,0.416497,2.972431
321.953022,0.425880,0.421120,2.614106
322.003012,0.427790,0.421821,2.614106
322.053018,0.434105,0.430029,2.614106
322.103024,0.432777,0.428498,2.614106
322.153018,0.436568,0.430177,2.614106
322.203026,0.441823,0.437392,2.614106
322.253033,0.445624,0.443209,2.614106
322.303022,0.449561,0.447905,2.614106
322.353030,0.470740,0.472978,2.614106
322.403038,0.485012,0.490989,2.614106
322.453026,0.498575,0.496282,2.614106
322.503004,0.511778,0.502800,2.614106
322.553008,0.526191,0.515755,2.614106
322.603012,0.540118,0.525283,2.614106
322.653020,0.553827,0.532734,2.614106
322.703017,0.559783,0.549216,2.614106
322.753018,0.552881,0.542296,2.614106
322.803028,0.559302,0.546465,2.614106
322.853022,0.566135,0.552492,2.614106
322.903031,0.566309,0.555721,2.744404
322.953034,0.571293,0.564095,2.980949
323.003034,0.574224,0.567551,2.980949
323.053040,0.574710,0.577791,2.980949
323.103032,0.587486,0.582282,2.980949
323.153039,0.595530,0.589654,2.980949
323.203049,0.608514,0.605085,2.980949
323.253013,0.619573,0.613278,2.980949
323.303020,0.620028,0.611282,2.980949
323.353021,0.626597,0.615037,2.980949
323.403024,0.630232,0.620848,2.980949
323.453023,0.634314,0.622696,2.980949
323.503027,0.620281,0.602359,2.980949
323.553035,0.600025,0.587072,2.980949
323.603037,0.544097,0.520626,2.980949
323.653035,0.481363,0.449249,2.980949
323.703033,0.409061,0.383508,2.980949
323.753050,0.336525,0.333580,2.980949
323.803041,0.267085,0.296238,2.980949
323.853040,0.215934,0.268707,2.980949
323.903050,0.170062,0.256856,2.836911
323.953045,0.156023,0.236641,2.614106
324.003023,0.156349,0.221623,2.614106
324.053025,0.174169,0.226594,2.614106
324.103027,0.194595,0.237135,2.614106
324.153028,0.205996,0.235104,2.614106
324.203035,0.221605,0.241921,2.614106
324.253034,0.227017,0.242801,2.614106
324.304514,0.240235,0.244080,2.614106
324.353038,0.256072,0.249874,2.614106
324.403052,0.259712,0.254360,2.614106
324.455747,0.258052,0.257107,2.614106
324.503065,0.257334,0.250188,2.614106
324.553047,0.248568,0.241786,2.614106
324.603053,0.248212,0.242237,2.614106
324.653056,0.244458,0.238376,2.614106
324.703060,0.237097,0.235006,2.614106
324.753028,0.230144,0.232739,2.614106
324.803035,0.226490,0.234634,2.614106
324.853031,0.229581,0.236574,2.614106
324.903039,0.229540,0.230856,2.674530
324.953039,0.225975,0.228467,2.780122
325.003040,0.223162,0.223409,2.780122
325.053047,0.226904,0.228334,2.780122
325.103045,0.223550,0.222743,2.780122
325.153045,0.219558,0.220982,2.780122
325.203062,0.218002,0.223242,2.780122
325.253062,0.217837,0.219877,2.780122
325.303061,0.216683,0.218180,2.780122
325.353071,0.215828,0.214018,2.780122
325.403057,0.210350,0.213267,2.780122
325.453079,0.211838,0.212804,2.780122
325.503031,0.211496,0.212599,2.780122
325.553035,0.208572,0.212436,2.780122
325.603038,0.211910,0.215911,2.780122
325.653040,0.212619,0.215977,2.780122
325.703044,0.219053,0.221251,2.780122
325.753056,0.222299,0.223599,2.780122
325.803053,0.225373,0.225357,2.780122
325.853059,0.231716,0.231555,2.780122
325.903058,0.237996,0.236406,2.786643
325.953046,0.239525,0.237238,2.811843
326.003071,0.245083,0.240824,2.811843
326.053065,0.247065,0.243915,2.811843
326.103068,0.249882,0.245625,2.811843
326.153072,0.255659,0.251065,2.811843
326.203060,0.256561,0.253402,2.811843
326.256222,0.253988,0.250288,2.811843
326.303047,0.255750,0.250844,2.811843
326.353049,0.257057,0.253527,2.811843
326.403051,0.258565,0.256121,2.811843
326.453057,0.260168,0.257645,2.811843
326.503051,0.263587,0.265513,2.811843
326.553056,0.268289,0.271562,2.811843
326.603065,0.274192,0.273075,2.811843
326.653058,0.277707,0.273969,2.811843
326.714944,0.276249,0.269960,2.811843
326.753072,0.280914,0.275924,2.811843
326.803068,0.296805,0.295858,2.811843
326.853079,0.311814,0.317069,2.811843
326.903076,0.327698,0.334670,2.811843
326.953074,0.345729,0.348620,2.811843
327.003052,0.363535,0.359551,2.811843
327.053051,0.385066,0.368535,2.811843
327.116163,0.398001,0.372712,2.811843
327.153060,0.402702,0.380063,2.811843
327.203057,0.408406,0.392303,2.811843
327.253060,0.410086,0.397440,2.811843
327.303064,0.425017,0.419811,2.811843
327.353065,0.418830,0.408015,2.811843
327.403068,0.404241,0.386824,2.811843
327.453070,0.388097,0.364631,2.811843
327.503072,0.371212,0.349854,2.811843
327.553082,0.357918,0.349219,2.811843
327.603067,0.345393,0.345341,2.811843
327.666104,0.325384,0.350642,2.811843
327.703075,0.321365,0.346974,2.811843
327.753056,0.329160,0.348857,2.811843
327.803059,0.334905,0.342248,2.811843
327.853065,0.338897,0.337566,2.811843
327.903063,0.340179,0.340817,2.753115
327.953072,0.334878,0.331388,2.658877
328.003068,0.330562,0.333500,2.658877
328.053073,0.332717,0.336341,2.658877
328.103079,0.330597,0.337445,2.658877
328.153077,0.334452,0.338498,2.658877
328.203077,0.333149,0.332654,2.658877
328.253081,0.331598,0.334713,2.658877
328.303080,0.344811,0.345015,2.658877
328.353078,0.360308,0.366177,2.658877
328.403079,0.369445,0.375327,2.658877
328.453082,0.386262,0.392243,2.658877
328.503062,0.402360,0.404895,2.658877
328.553067,0.422906,0.414341,2.658877
328.603069,0.439282,0.422912,2.658877
328.653076,0.442774,0.420554,2.658877
328.703076,0.433966,0.414465,2.658877
328.753074,0.440327,0.422865,2.658877
328.803087,0.427088,0.411718,2.658877
328.853086,0.420645,0.411343,2.658877
328.903085,0.411444,0.406541,2.593065
328.989540,0.398129,0.398119,2.485155
329.003073,0.383708,0.380571,2.485155
329.084117,0.355422,0.342952,2.485155
329.103106,0.330851,0.331244,2.485155
329.153098,0.322180,0.326306,2.485155
329.203097,0.309419,0.325147,2.485155
329.253075,0.315230,0.345689,2.485155
329.303080,0.323610,0.361128,2.485155
329.353075,0.338839,0.372361,2.485155
329.403082,0.372255,0.383161,2.485155
329.453084,0.392739,0.391868,2.485155
329.503091,0.409913,0.398983,2.485155
329.553091,0.424666,0.403982,2.485155
329.614076,0.422998,0.406431,2.485155
329.653090,0.429339,0.418650,2.485155
329.703104,0.415211,0.398619,2.485155
329.753105,0.405061,0.389967,2.485155
329.803107,0.393137,0.380518,2.485155
329.853093,0.395439,0.393022,2.485155
329.903098,0.405269,0.412940,2.485155
329.953095,0.408194,0.417678,2.485155
330.003079,0.406596,0.425509,2.485155
330.053084,0.429273,0.435884,2.485155
330.103089,0.438028,0.431988,2.485155
330.153085,0.456388,0.439915,2.485155
330.203089,0.454685,0.438185,2.485155
330.253089,0.448573,0.440526,2.485155
330.303098,0.450177,0.442003,2.485155
330.353095,0.446486,0.439776,2.485155
330.403101,0.434629,0.430681,2.485155
330.453100,0.434244,0.427296,2.485155
330.503102,0.427333,0.426443,2.485155
330.553108,0.422288,0.420333,2.485155
330.603112,0.414752,0.415644,2.485155
330.653115,0.407401,0.411862,2.485155
330.703120,0.403999,0.410944,2.485155
330.753084,0.401099,0.403572,2.485155
330.803087,0.398573,0.402062,2.485155
330.853086,0.398580,0.406215,2.485155
330.903089,0.403098,0.410497,2.525930
330.953095,0.406695,0.412908,2.608361
331.003096,0.413623,0.419368,2.608361
331.053098,0.426186,0.434495,2.608361
331.103100,0.441628,0.443910,2.608361
331.153111,0.455175,0.453228,2.608361
331.203105,0.464565,0.460269,2.608361
331.253105,0.471987,0.464206,2.608361
331.303112,0.480172,0.467473,2.608361
331.353125,0.478195,0.460214,2.608361
331.403112,0.468619,0.453786,2.608361
331.453127,0.463703,0.452470,2.608361
331.503087,0.457407,0.451256,2.608361
331.553096,0.451449,0.450378,2.608361
331.603097,0.446904,0.449932,2.608361
331.653096,0.442485,0.449827,2.608361
331.703102,0.445298,0.449938,2.608361
331.753122,0.450662,0.453047,2.608361
331.803104,0.454697,0.457458,2.608361
331.853117,0.459405,0.461899,2.608361
331.903107,0.468047,0.471006,2.676215
331.953112,0.476302,0.478094,2.790268
332.003122,0.486074,0.486132,2.790268
332.053125,0.508624,0.510530,2.790268
332.103121,0.529218,0.530335,2.790268
332.153133,0.548470,0.546165,2.790268
332.203126,0.567157,0.558916,2.790268
332.253095,0.581481,0.568606,2.790268
332.303103,0.598426,0.579975,2.790268
332.353103,0.617466,0.594521,2.790268
332.403109,0.625195,0.608007,2.790268
332.453111,0.639831,0.628703,2.790268
332.503111,0.647908,0.635996,2.790268
332.553111,0.656392,0.641980,2.790268
332.603117,0.688470,0.680046,2.790268
332.653117,0.705113,0.692622,2.790268
332.703127,0.718084,0.703097,2.790268
332.753122,0.729924,0.711438,2.790268
332.803128,0.735004,0.718544,2.790268
332.853145,0.746583,0.724283,2.790268
332.903131,0.757736,0.728204,2.785100
332.953149,0.744613,0.730373,2.780121
333.003105,0.753311,0.745226,2.780121
333.053113,0.761224,0.756130,2.780121
333.103109,0.769264,0.765201,2.780121
333.153118,0.777212,0.772854,2.780121
333.203115,0.817568,0.824358,2.780121
333.253116,0.853783,0.859114,2.780121
333.303120,0.894859,0.892560,2.780121
333.353120,0.923120,0.914460,2.780121
333.403124,0.956583,0.938338,2.780121
333.453134,0.990042,0.957892,2.780121
333.503134,1.040082,0.997204,2.780121
333.553137,1.057308,1.027846,2.780121
333.603135,1.078945,1.052070,2.780121
333.653155,1.097923,1.073347,2.780121
333.703145,1.111165,1.077513,2.780121
333.753107,1.120333,1.081841,2.780121
333.803117,1.128607,1.084352,2.780121
333.853116,1.119771,1.085948,2.780121
333.903115,1.112021,1.088110,2.778433
333.953125,1.104463,1.089631,2.780121
334.003131,1.094912,1.089795,2.780121
334.053135,1.073818,1.061108,2.780121
334.103130,1.052891,1.039491,2.780121
334.153130,1.037261,1.028697,2.780121
334.203147,1.016427,1.012262,2.780121
334.253135,0.994387,0.998125,2.780121
334.303141,0.972308,0.986584,2.780121
334.353148,0.918166,0.931663,2.780121
334.403141,0.884222,0.887017,2.780121
334.453155,0.843999,0.843855,2.780121
334.503119,0.799161,0.808874,2.780121
334.553119,0.738764,0.752458,2.780121
334.603127,0.687664,0.718924,2.780121
334.653125,0.630280,0.682650,2.780121
334.703131,0.604059,0.651156,2.780121
334.753129,0.579439,0.628399,2.780121
334.803135,0.569580,0.623630,2.780121
334.853140,0.559150,0.618435,2.780121
334.903147,0.569176,0.614131,2.853068
334.953150,0.571445,0.611263,2.975913
335.003147,0.580098,0.608726,2.975913
335.053151,0.590472,0.606582,2.975913
335.103148,0.578745,0.576332,2.975913
335.153157,0.557614,0.552369,2.975913
335.203151,0.537574,0.533136,2.975913
335.253128,0.526051,0.529204,2.975913
335.303130,0.514099,0.526721,2.975913
335.353136,0.501261,0.523046,2.975913
335.403135,0.489399,0.521501,2.975913
335.453137,0.497264,0.519540,2.975913
335.503153,0.505354,0.518565,2.975913
335.553142,0.513557,0.517700,2.975913
335.603145,0.505008,0.504946,2.975913
335.653143,0.496017,0.494725,2.975913
335.703153,0.491523,0.491160,2.975913
335.753149,0.483752,0.485122,2.975913
335.803150,0.476356,0.480064,2.975913
335.853158,0.470515,0.478832,2.975913
335.903153,0.481531,0.501345,2.899833
335.953159,0.499767,0.517407,2.780121
336.003131,0.512503,0.522489,2.780121
336.053130,0.524025,0.529457,2.780121
336.103132,0.537525,0.534632,2.780121
336.153140,0.555050,0.544250,2.780121
336.203141,0.581371,0.567027,2.780121
336.253148,0.591474,0.586044,2.780121
336.323527,0.602338,0.600348,2.780121
336.363524,0.619456,0.612770,2.780121
336.403154,0.634808,0.623381,2.780121
336.453151,0.639585,0.616533,2.780121
336.503153,0.645356,0.617885,2.780121
336.553160,0.644925,0.625140,2.780121
336.603159,0.642645,0.629106,2.780121
336.653185,0.637126,0.626720,2.780121
336.703170,0.626343,0.619173,2.780121
336.753140,0.614554,0.612279,2.780121
336.803143,0.626937,0.624905,2.780121
336.853150,0.636581,0.637887,2.780121
336.903148,0.641809,0.648434,2.848534
336.953149,0.649823,0.658900,2.963028
337.003151,0.663362,0.669645,2.963028
337.053160,0.677916,0.674005,2.963028
337.103160,0.692986,0.677261,2.963028
337.153165,0.694688,0.679300,2.963028
337.203169,0.685192,0.667967,2.963028
337.253165,0.676781,0.660426,2.963028
337.303168,0.668199,0.656673,2.963028
337.353178,0.656827,0.652104,2.963028
337.403172,0.648403,0.648159,2.963028
337.453179,0.641796,0.647177,2.963028
337.503144,0.663989,0.685831,2.963028
337.553149,0.685293,0.703281,2.963028
337.603156,0.710137,0.723598,2.963028
337.664871,0.729247,0.734187,2.963028
337.703155,0.749853,0.743046,2.963028
337.753157,0.785459,0.770763,2.963028
337.803162,0.825608,0.801322,2.963028
337.853164,0.841098,0.830888,2.963028
337.903170,0.863766,0.851184,2.823819
337.953175,0.886495,0.873969,2.593652
338.005352,0.913196,0.891949,2.593652
338.053170,0.982670,0.966454,2.593652
338.103181,1.023368,1.006237,2.593652
338.153180,1.061992,1.043452,2.593652
338.203186,1.093999,1.068903,2.593652
338.253158,1.124584,1.085278,2.593652
338.303153,1.154617,1.103326,2.593652
338.353169,1.182927,1.114586,2.593652
338.403159,1.167533,1.122916,2.593652
338.453173,1.119135,1.063999,2.593652
338.503164,1.081818,1.036837,2.593652
338.553170,1.049095,1.016558,2.593652
338.603177,1.020010,1.003874,2.593652
338.653177,0.985272,0.988858,2.593652
338.705184,0.953940,0.979481,2.593652
338.753183,0.925070,0.975160,2.593652
338.803179,0.968981,1.007715,2.593652
338.853187,0.995943,1.029643,2.593652
338.903215,1.021739,1.046686,2.663641
338.953187,1.045165,1.060818,2.780121
339.003165,1.074057,1.074954,2.780121
339.053166,1.105824,1.093107,2.780121
339.105152,1.160757,1.142422,2.780121
339.153166,1.189890,1.181972,2.780121
339.203168,1.221637,1.214106,2.780121
339.253171,1.253899,1.240139,2.780121
339.303169,1.238686,1.194260,2.780121
339.353173,1.226282,1.163569,2.780121
339.403182,1.198914,1.124786,2.780121
339.453184,1.154175,1.102903,2.780121
339.503193,1.086066,1.056790,2.780121
339.553198,1.029846,1.036207,2.780121
339.603187,0.975827,1.022494,2.780121
339.653201,0.963591,1.003081,2.780121
339.703202,0.939598,0.976922,2.780121
339.753168,0.920892,0.948956,2.780121
339.803173,0.901622,0.935520,2.780121
339.853175,0.893516,0.911621,2.780121
339.903178,0.868843,0.885578,2.783693
339.953176,0.845221,0.868895,2.792059
340.003187,0.829911,0.858641,2.792059
340.053188,0.822786,0.850997,2.792059
340.103179,0.819855,0.844436,2.792059
340.153200,0.810803,0.839348,2.792059
340.203182,0.871615,0.919980,2.792059
340.253191,0.934636,0.980763,2.792059
340.303197,1.001015,1.038152,2.792059
340.353202,1.063902,1.081900,2.792059
340.403203,1.125294,1.114896,2.792059
340.453212,1.186816,1.140970,2.792059
340.503170,1.246109,1.158659,2.792059
340.553177,1.215175,1.132878,2.792059
340.603178,1.196753,1.126095,2.792059
340.653181,1.172310,1.120463,2.792059
340.703181,1.159088,1.129410,2.792059
340.753185,1.150370,1.140415,2.792059
340.803188,1.140502,1.147539,2.792059
340.854322,1.136040,1.157383,2.792059
340.903770,1.158170,1.162761,2.931278
340.953203,1.171255,1.167851,3.149352
341.003199,1.186363,1.175407,3.149352
341.053204,1.206262,1.201591,3.149352
341.103210,1.224572,1.223655,3.149352
341.153212,1.244358,1.241309,3.149352
341.203207,1.267413,1.264623,3.149352
341.253180,1.293659,1.285444,3.149352
341.303179,1.316684,1.298398,3.149352
341.353185,1.331454,1.300459,3.149352
341.403186,1.336989,1.309510,3.149352
341.454954,1.338192,1.311776,3.149352
341.503193,1.339385,1.313869,3.149352
341.553198,1.334965,1.316588,3.149352
341.603197,1.346371,1.343041,3.149352
341.653203,1.363392,1.368318,3.149352
341.703200,1.383918,1.385271,3.149352
341.753215,1.401138,1.401344,3.149352
341.803226,1.417497,1.408265,3.149352
341.853208,1.401298,1.368510,3.149352
341.903217,1.395680,1.352237,3.223594
341.953223,1.328073,1.276524,3.348467
342.003186,1.273129,1.237705,3.348467
342.053185,1.202249,1.182130,3.348467
342.103192,1.138917,1.149814,3.348467
342.153193,1.073610,1.115715,3.348467
342.203201,1.047167,1.097630,3.348467
342.288449,0.972757,1.031780,3.348467
342.303193,0.986643,1.040273,3.348467
342.353198,0.997302,1.063056,3.348467
342.403204,1.027714,1.084739,3.348467
342.453213,1.046106,1.097241,3.348467
342.503237,1.065234,1.100924,3.348467
342.553210,1.087630,1.117585,3.348467
342.603224,1.140242,1.121554,3.348467
342.653217,1.151875,1.125840,3.348467
342.703223,1.148335,1.127111,3.348467
342.753193,1.143516,1.129744,3.348467
342.803195,1.142780,1.132586,3.348467
342.853203,1.145180,1.132633,3.348467
342.903200,1.115982,1.102252,3.485359
342.953203,1.089898,1.072852,3.714237
343.003224,1.070504,1.059833,3.714237
343.053211,1.039981,1.031626,3.714237
343.103207,1.013731,1.016187,3.714237
343.153217,0.987088,1.003902,3.714237
343.203214,0.956566,0.987043,3.714237
343.253217,0.905312,0.914075,3.714237
343.303217,0.861969,0.861820,3.714237
343.353225,0.811223,0.820137,3.714237
343.403230,0.773019,0.786692,3.714237
343.453240,0.761070,0.803716,3.714237
343.503199,0.737525,0.801108,3.714237
343.553204,0.721778,0.802608,3.714237
343.614156,0.730449,0.778472,3.714237
343.653209,0.761857,0.797215,3.714237
343.703209,0.795717,0.815660,3.714237
343.753212,0.823762,0.822564,3.714237
343.803227,0.826393,0.836114,3.714237
343.853213,0.869079,0.886854,3.714237
343.903225,0.895312,0.908060,3.708898
343.953227,0.948560,0.937375,3.703452
344.003227,0.965891,0.948573,3.703452
344.053224,1.000585,0.985200,3.703452
344.103232,1.048721,1.025437,3.703452
344.153225,1.094578,1.062944,3.703452
344.203236,1.100286,1.076317,3.703452
344.253207,1.120565,1.088011,3.703452
344.303980,1.138899,1.106976,3.703452
344.353210,1.225416,1.205327,3.703452
344.403211,1.256642,1.234478,3.703452
344.454706,1.291197,1.273285,3.703452
344.503222,1.343292,1.334341,3.703452
344.553220,1.369825,1.330701,3.703452
344.603225,1.412556,1.350395,3.703452
344.653226,1.436541,1.350629,3.703452
344.703233,1.332841,1.255021,3.703452
344.753226,1.248237,1.155665,3.703452
344.803250,1.145824,1.067239,3.703452
344.853237,1.027993,1.004805,3.703452
344.903247,0.934342,0.935265,3.706145
344.953239,0.826257,0.883269,3.712422
345.003208,0.729005,0.840688,3.712422
345.053212,0.706539,0.815697,3.712422
345.103217,0.695086,0.788130,3.712422
345.153221,0.689779,0.765731,3.712422
345.203219,0.683534,0.754913,3.712422
345.253224,0.689585,0.743888,3.712422
345.303219,0.695487,0.738507,3.712422
345.354632,0.703928,0.736747,3.712422
345.403243,0.715302,0.748442,3.712422
345.453232,0.715618,0.734609,3.712422
345.503234,0.705481,0.708616,3.712422
345.553243,0.699336,0.700653,3.712422
345.603254,0.689707,0.687043,3.712422
345.654607,0.689749,0.693218,3.712422
345.703249,0.680982,0.688329,3.712422
345.753220,0.683814,0.713703,3.712422
345.803223,0.695627,0.723374,3.712422
345.853225,0.719672,0.733129,3.712422
345.903222,0.726805,0.729961,3.638606
345.953229,0.752598,0.746341,3.518725
346.003244,0.759483,0.750409,3.518725
346.053236,0.773194,0.753543,3.518725
346.103241,0.766594,0.756812,3.518725
346.153240,0.746591,0.729884,3.518725
346.210013,0.721432,0.703042,3.518725
346.253241,0.708300,0.687481,3.518725
346.303262,0.689350,0.685788,3.518725
346.353256,0.679833,0.688706,3.518725
346.403265,0.680624,0.705452,3.518725
346.453290,0.681680,0.719659,3.518725
346.503234,0.694264,0.717705,3.518725
346.553227,0.710860,0.716534,3.518725
346.603229,0.756782,0.762781,3.518725
346.653229,0.783520,0.783414,3.518725
346.703229,0.806924,0.799597,3.518725
346.753243,0.828216,0.824061,3.518725
346.803248,0.842783,0.834909,3.518725
346.853241,0.872354,0.851059,3.518725
346.912625,0.899867,0.861836,3.430704
346.953245,0.912465,0.896299,3.334024
347.003255,0.903618,0.878036,3.334024
347.053270,0.891956,0.859074,3.334024
347.103263,0.872678,0.844617,3.334024
347.153255,0.859305,0.832629,3.334024
347.203265,0.840693,0.822901,3.334024
347.253229,0.821951,0.813420,3.334024
347.303236,0.748516,0.754442,3.334024
347.353239,0.706666,0.706116,3.334024
347.403249,0.670289,0.670310,3.334024
347.453244,0.636783,0.646625,3.334024
347.503250,0.600188,0.623062,3.334024
347.553251,0.563557,0.604078,3.334024
347.603250,0.530271,0.591956,3.334024
347.653255,0.540670,0.591849,3.334024
347.703257,0.550151,0.589362,3.334024
347.753256,0.559297,0.589643,3.334024
347.809208,0.568376,0.594930,3.334024
347.853286,0.603356,0.630796,3.334024
347.903270,0.621928,0.636261,3.335116
347.953269,0.640098,0.643119,3.342685
348.003246,0.660851,0.661731,3.342685
348.053242,0.683857,0.677298,3.342685
348.103243,0.714924,0.703503,3.342685
348.153248,0.755693,0.743501,3.342685
348.203252,0.750155,0.741997,3.342685
348.253253,0.771697,0.755259,3.342685
348.303251,0.834130,0.825359,3.342685
348.353255,0.888492,0.883469,3.342685
348.403257,0.944080,0.932099,3.342685
348.453269,0.992486,0.974934,3.342685
348.503264,1.022340,1.002886,3.342685
348.553272,1.080664,1.031323,3.342685
348.603275,1.128631,1.053999,3.342685
348.653272,1.133739,1.071688,3.342685
348.703278,1.137531,1.085936,3.342685
348.753245,1.120132,1.069741,3.342685
348.803248,1.100451,1.057427,3.342685
348.853250,1.085046,1.047229,3.342685
348.903253,1.081708,1.061942,3.339501
348.953261,1.080930,1.077248,3.335198
349.003266,1.077708,1.085959,3.335198
349.053262,1.075307,1.094090,3.335198
349.103263,1.094283,1.103016,3.335198
349.164313,1.113158,1.110403,3.335198
349.203273,1.132206,1.116307,3.335198
349.262445,1.142240,1.131265,3.335198
349.303276,1.180816,1.186616,3.335198
349.353279,1.182722,1.176004,3.335198
349.403276,1.204072,1.196078,3.335198
349.453285,1.220940,1.208292,3.335198
349.503252,1.248222,1.232821,3.335198
349.553253,1.279238,1.257652,3.335198
349.603256,1.300399,1.273992,3.335198
349.653258,1.291056,1.287801,3.335198
349.703262,1.320490,1.298237,3.335198
349.753270,1.330496,1.307807,3.335198
349.803270,1.350341,1.325228,3.335198
349.853268,1.340991,1.312969,3.335198
349.903272,1.345644,1.328412,3.190708
349.953273,1.342507,1.326259,2.964716
350.003284,1.334723,1.318847,2.964716
350.053281,1.334568,1.322802,2.964716
350.103283,1.339569,1.334680,2.964716
350.153288,1.328422,1.331035,2.964716
350.203296,1.338435,1.331718,2.964716
350.253256,1.352719,1.363331,2.964716
350.303257,1.375083,1.385598,2.964716
350.353262,1.402903,1.405367,2.964716
350.403263,1.424923,1.423109,2.964716
350.453275,1.444797,1.442656,2.964716
350.503272,1.479478,1.465506,2.964716
350.553274,1.528026,1.506167,2.964716
350.603277,1.549212,1.531520,2.964716
350.682319,1.568186,1.545503,2.964716
350.703290,1.587827,1.561224,2.964716
350.753291,1.604112,1.571800,2.964716
350.803295,1.618233,1.581606,2.964716
350.853296,1.627929,1.590342,2.964716
350.903290,1.622815,1.599912,2.966238
350.953295,1.637503,1.627322,2.969771
351.003265,1.647945,1.635595,2.969771
351.063535,1.634394,1.615199,2.969771
351.112279,1.668927,1.663522,2.969771
351.153275,1.692600,1.688969,2.969771
351.203278,1.732424,1.732044,2.969771
351.253283,1.767098,1.761005,2.969771
351.303282,1.784467,1.779617,2.969771
351.353290,1.823556,1.810199,2.969771
351.407827,1.876582,1.826983,2.969771
351.453291,1.877283,1.834421,2.969771
351.503288,1.887288,1.841886,2.969771
351.553300,1.881837,1.848039,2.969771
351.603301,1.887380,1.862169,2.969771
351.653306,1.941433,1.935961,2.969771
351.712278,1.974124,1.979641,2.969771
351.753273,2.011617,2.015239,2.969771
351.803279,2.057990,2.050020,2.969771
351.853276,2.049514,2.002845,2.969771
351.903279,2.087943,2.030945,3.037376
351.953286,2.159576,2.108865,3.149352
352.003284,2.196155,2.184640,3.149352
352.053297,2.207401,2.194824,3.149352
352.103297,2.209774,2.190741,3.149352
352.153305,2.216416,2.199711,3.149352
352.203304,2.276106,2.206829,3.149352
352.253315,2.308133,2.239089,3.149352
352.303306,2.282145,2.238426,3.149352
352.354129,2.246242,2.238075,3.149352
352.403301,2.246391,2.237898,3.149352
352.453300,2.124365,2.054284,3.149352
352.503284,1.993638,1.907365,3.149352
352.553282,1.861749,1.787857,3.149352
352.603288,1.712557,1.694357,3.149352
352.653290,1.570635,1.604126,3.149352
352.703291,1.433010,1.537931,3.149352
352.753292,1.281995,1.465985,3.149352
352.803302,1.270951,1.421728,3.149352
352.853296,1.266889,1.395533,3.149352
352.903300,1.260068,1.368982,3.160352
352.953309,1.250093,1.345597,3.206402
353.003296,1.251236,1.327253,3.206402
353.053307,1.249100,1.313203,3.206402
353.103302,1.248557,1.285582,3.206402
353.153319,1.231903,1.253932,3.206402
353.203319,1.212993,1.235110,3.206402
353.253292,1.192393,1.212210,3.206402
353.303291,1.173252,1.193578,3.206402
353.353307,1.112242,1.119957,3.206402
353.407057,1.062549,1.077575,3.206402
353.453297,1.016413,1.032548,3.206402
353.503303,0.976399,0.995819,3.206402
353.553303,0.931704,0.966081,3.206402
353.603310,0.911803,0.969124,3.206402
353.653304,0.837669,0.895247,3.206402
353.703301,0.802459,0.832124,3.206402
353.753309,0.759365,0.787106,3.206402
353.803320,0.735523,0.766817,3.206402
353.853315,0.710656,0.748359,3.206402
353.903330,0.677375,0.720846,3.157055
353.962046,0.637977,0.716755,3.091211
354.003294,0.651440,0.712496,3.091211
354.053292,0.671987,0.714786,3.091211
354.103306,0.697114,0.728425,3.091211
354.153303,0.773716,0.827311,3.091211
354.203307,0.861145,0.919766,3.091211
354.253309,0.955742,0.990474,3.091211
354.303304,1.034279,1.041858,3.091211
354.353310,1.108654,1.078028,3.091211
354.403326,1.184998,1.114482,3.091211
354.453329,1.254407,1.144522,3.091211
354.512036,1.267279,1.177802,3.091211
354.553322,1.289050,1.229327,3.091211
354.603323,1.311243,1.267946,3.091211
354.653338,1.346752,1.312195,3.091211
354.703345,1.380490,1.343868,3.091211
354.753304,1.406568,1.364432,3.091211
354.803307,1.436920,1.387848,3.091211
354.853309,1.451157,1.392738,3.091211
354.903312,1.449449,1.398447,2.908386
354.953311,1.452967,1.407356,2.622535
355.003317,1.444967,1.412631,2.622535
355.053321,1.421989,1.392322,2.622535
355.103321,1.403335,1.377222,2.622535
355.171947,1.378599,1.363910,2.622535
355.203328,1.365236,1.355101,2.622535
355.253333,1.348940,1.345587,2.622535
355.303319,1.329397,1.337681,2.622535
355.353333,1.283587,1.292763,2.622535
355.403334,1.246169,1.244061,2.622535
355.453342,1.221869,1.224594,2.622535
355.503309,1.199436,1.210419,2.622535
355.553315,1.171544,1.193197,2.622535
355.603313,1.144692,1.178433,2.622535
355.653314,1.120450,1.170221,2.622535
355.703339,1.124442,1.164420,2.622535
355.753319,1.124983,1.141822,2.622535
355.803342,1.114074,1.127501,2.622535
355.853322,1.100252,1.113639,2.622535
355.903323,1.090573,1.102523,2.492348
355.953322,1.058210,1.060720,2.294708
356.003325,1.020580,1.022564,2.294708
356.053338,0.985536,0.996920,2.294708
356.103339,0.958875,0.970755,2.294708
356.153340,0.928869,0.950292,2.294708
356.203336,0.865506,0.882501,2.294708
356.253317,0.804379,0.831341,2.294708
356.303318,0.772791,0.798804,2.294708
356.353326,0.722252,0.741791,2.294708
356.403322,0.670083,0.699458,2.294708
356.453326,0.620053,0.663775,2.294708
356.503330,0.570354,0.635429,2.294708
356.553336,0.557515,0.612630,2.294708
356.603334,0.543108,0.594675,2.294708
356.653329,0.514452,0.568895,2.294708
356.703347,0.525312,0.573022,2.294708
356.753341,0.517440,0.553825,2.294708
356.803353,0.532584,0.568579,2.294708
356.853352,0.547569,0.580416,2.294708
356.903331,0.561682,0.587772,2.167798
356.953338,0.569502,0.585574,1.966557
357.003321,0.595234,0.597976,1.966557
357.053324,0.609107,0.616227,1.966557
357.103328,0.641082,0.633572,1.966557
357.153329,0.655347,0.651918,1.966557
357.203330,0.665271,0.660495,1.966557
357.253333,0.677263,0.668950,1.966557
357.303339,0.695209,0.675989,1.966557
357.353338,0.700133,0.677148,1.966557
357.403353,0.697325,0.675530,1.966557
357.453339,0.693850,0.675978,1.966557
357.503351,0.686946,0.676065,1.966557
357.553341,0.683959,0.675635,1.966557
357.603354,0.657727,0.644375,1.966557
357.653355,0.630304,0.618185,1.966557
357.703344,0.606074,0.596488,1.966557
357.753328,0.582871,0.578293,1.966557
357.803329,0.562975,0.568664,1.966557
357.853333,0.538345,0.555865,1.966557
357.903340,0.515569,0.548046,1.818453
357.953339,0.514047,0.540707,1.595025
358.003345,0.515526,0.537788,1.595025
358.053343,0.516688,0.534221,1.595025
358.103341,0.517964,0.530394,1.595025
358.153351,0.517039,0.528686,1.595025
358.203349,0.522950,0.532215,1.595025
358.261701,0.519625,0.524461,1.595025
358.303350,0.519559,0.521758,1.595025
358.353367,0.519471,0.522436,1.595025
358.411679,0.517245,0.519219,1.595025
358.453359,0.517417,0.518426,1.595025
358.503337,0.519856,0.522210,1.595025
358.553337,0.516172,0.521384,1.595025
358.603343,0.517815,0.518388,1.595025
358.672735,0.517041,0.516534,1.595025
358.703345,0.519548,0.521214,1.595025
358.753348,0.516572,0.514542,1.595025
358.803350,0.512517,0.509242,1.595025
358.853356,0.502340,0.500671,1.595025
358.903357,0.495193,0.494053,1.443253
358.953357,0.490645,0.490234,1.196269
359.003365,0.475216,0.472142,1.196269
359.053356,0.455340,0.458181,1.196269
359.103367,0.443661,0.447691,1.196269
359.153367,0.431863,0.439180,1.196269
359.203370,0.423158,0.432361,1.196269
359.253341,0.413660,0.426022,1.196269
359.303348,0.404662,0.423572,1.196269
359.353349,0.406152,0.420938,1.196269
359.403352,0.407444,0.418998,1.196269
359.453355,0.406879,0.415563,1.196269
359.503352,0.406368,0.412783,1.196269
359.553358,0.405809,0.410489,1.196269
359.603365,0.398714,0.398575,1.196269
359.653426,0.390600,0.390205,1.196269
359.703370,0.383860,0.384679,1.196269
359.753381,0.377503,0.381132,1.196269
359.803374,0.371464,0.376943,1.196269
359.853378,0.364641,0.372333,1.196269
359.903379,0.358260,0.369088,1.110013
359.953366,0.359209,0.366704,0.971546
360.003351,0.359265,0.364730,0.971546
360.053353,0.357777,0.362325,0.971546
360.103353,0.356772,0.361926,0.971546
360.172155,0.355848,0.360390,0.971546
360.203357,0.357961,0.361971,0.971546
360.253366,0.359322,0.362588,0.971546
360.303362,0.359156,0.361384,0.971546
360.353362,0.360052,0.361746,0.971546
360.403362,0.361631,0.362094,0.971546
360.453377,0.361440,0.361406,0.971546
360.503375,0.362276,0.360934,0.971546
360.553387,0.360441,0.360145,0.971546
360.603394,0.361815,0.363086,0.971546
360.653388,0.366516,0.368376,0.971546
360.703381,0.371355,0.374088,0.971546
360.753357,0.376580,0.379273,0.971546
360.803359,0.381503,0.382014,0.971546
360.853361,0.386317,0.384214,0.971546
360.903376,0.392191,0.387002,0.925753
360.953363,0.395298,0.388891,0.869994
361.003368,0.398916,0.394058,0.869994
361.053375,0.404688,0.402727,0.869994
361.112692,0.402871,0.399686,0.869994
361.153374,0.407108,0.404292,0.869994
361.203377,0.411956,0.408779,0.869994
361.253380,0.424348,0.423919,0.869994
361.303392,0.437988,0.437515,0.869994
361.353377,0.453343,0.454249,0.869994
361.403387,0.462896,0.464347,0.869994
361.453395,0.482119,0.475864,0.869994
361.503359,0.496487,0.485391,0.869994
361.553367,0.509563,0.491989,0.869994
361.603370,0.514710,0.497731,0.869994
361.653368,0.519740,0.503471,0.869994
361.703376,0.539149,0.534236,0.869994
361.753378,0.563659,0.562300,0.869994
361.803374,0.571190,0.564705,0.869994
361.853384,0.580828,0.569868,0.869994
361.903379,0.591852,0.575317,0.538441
361.953389,0.608903,0.588600,0.000000
362.003393,0.618582,0.589784,0.000000
362.053390,0.615498,0.598966,0.000000
362.103394,0.621730,0.622804,0.000000
362.153399,0.632505,0.628183,0.000000
362.203396,0.639255,0.630170,0.000000
362.253371,0.646641,0.634008,0.000000
362.322597,0.646180,0.634849,0.000000
362.353378,0.656920,0.641834,0.000000
362.403381,0.659776,0.644319,0.000000
362.453377,0.657057,0.653047,0.000000
362.503381,0.667956,0.666418,0.000000
362.553389,0.674616,0.670711,0.000000
362.603384,0.683964,0.679598,0.000000
362.653394,0.695131,0.686984,0.000000
362.703396,0.731754,0.736918,0.000000
362.753400,0.774213,0.780574,0.000000
362.803391,0.808077,0.809676,0.000000
362.882546,0.837523,0.832722,0.000000
362.903401,0.884594,0.870055,0.000000
362.953420,0.923527,0.893700,0.000000
363.003372,0.964937,0.916261,0.000000
363.053384,0.975418,0.935000,0.000000
363.103383,0.987490,0.955636,0.000000
363.153381,0.992650,0.956575,0.000000
363.203396,1.004459,0.965398,0.000000
363.253391,1.002683,0.974891,0.000000
363.303391,1.007587,0.984723,0.000000
363.353392,1.007753,0.989375,0.000000
363.403394,1.006050,0.991127,0.000000
363.453397,0.997703,0.988904,0.000000
363.503406,1.000603,0.987318,0.000000
363.553409,0.996357,0.983975,0.000000
363.603408,0.984414,0.973076,0.000000
363.653409,0.963997,0.954739,0.000000
363.703414,0.941638,0.933640,0.000000
363.753378,0.861415,0.833526,0.000000
363.803387,0.783479,0.752783,0.000000
363.853388,0.705902,0.688346,0.000000
363.903390,0.629877,0.637081,1.439568
363.953395,0.556858,0.595972,3.775768
364.003399,0.490946,0.562148,3.775768
364.053398,0.429514,0.534243,3.775768
364.103404,0.401034,0.474126,3.775768
364.153403,0.375186,0.429055,3.775768
364.203403,0.347590,0.390348,3.775768
364.253413,0.322888,0.363820,3.775768
364.303411,0.300358,0.345699,3.775768
364.353410,0.275066,0.326971,3.775768
364.403414,0.256631,0.320541,3.775768
364.453418,0.266413,0.316904,3.775768
364.503388,0.272461,0.311782,3.775768
364.553389,0.273063,0.297422,3.775768
364.603400,0.270423,0.285817,3.775768
364.653402,0.268149,0.280116,3.775768
364.741451,0.266318,0.271824,3.775768
364.753398,0.259151,0.266497,3.775768
364.823044,0.246449,0.255846,3.775768
364.853420,0.239570,0.253392,3.775768
364.903406,0.248580,0.263137,2.820892
364.953411,0.257302,0.270317,1.275251
365.003419,0.255763,0.265342,1.275251
365.053411,0.255991,0.260067,1.275251
365.103423,0.256070,0.257950,1.275251
365.153424,0.261265,0.256343,1.275251
365.203424,0.262472,0.255438,1.275251
365.253393,0.255074,0.254445,1.275251
365.303402,0.248203,0.253766,1.275251
365.353400,0.249140,0.253463,1.275251
365.403407,0.251383,0.253705,1.275251
365.472329,0.252879,0.254954,1.275251
365.503417,0.254550,0.256274,1.275251
365.553410,0.253370,0.253733,1.275251
365.612941,0.253734,0.253614,1.275251
365.653424,0.259474,0.261134,1.275251
365.703422,0.259209,0.258978,1.275251
365.772303,0.248236,0.242731,1.275251
365.803421,0.263599,0.267714,1.275251
365.853430,0.258944,0.259905,1.275251
365.903440,0.254724,0.250748,1.275251
365.953424,0.247236,0.240776,1.275251
366.003401,0.237649,0.237439,1.275251
366.053412,0.232524,0.232818,1.275251
366.103407,0.238328,0.229922,1.275251
366.171645,0.216415,0.226789,1.275251
366.203417,0.214606,0.224678,1.275251
366.253417,0.215285,0.223537,1.275251
366.303429,0.222777,0.229478,1.275251
366.353414,0.225869,0.232729,1.275251
366.403423,0.228428,0.232626,1.275251
366.453445,0.230298,0.232413,1.275251
366.505352,0.231595,0.230611,1.275251
366.553438,0.236835,0.235004,1.275251
366.603423,0.238901,0.234642,1.275251
366.672230,0.235979,0.234280,1.275251
366.703437,0.234260,0.234240,1.275251
366.781604,0.229100,0.226643,1.275251
366.803410,0.232455,0.232348,1.275251
366.853413,0.240396,0.241581,1.275251
366.903417,0.240464,0.243863,1.337152
366.953424,0.246117,0.249679,1.439088
367.012824,0.245740,0.245783,1.439088
367.053428,0.257134,0.259426,1.439088
367.103423,0.266907,0.260469,1.439088
367.172816,0.268331,0.261297,1.439088
367.203439,0.266563,0.262432,1.439088
367.253426,0.265687,0.259445,1.439088
367.303451,0.261481,0.256222,1.439088
367.353446,0.264201,0.254493,1.439088
367.403438,0.255191,0.253227,1.439088
367.453452,0.253098,0.252132,1.439088
367.503416,0.250822,0.251443,1.439088
367.553418,0.246584,0.249062,1.439088
367.603426,0.245044,0.246712,1.439088
367.653427,0.244995,0.246002,1.439088
367.712766,0.243693,0.244547,1.439088
367.753433,0.241856,0.242799,1.439088
367.832765,0.239499,0.240566,1.439088
367.853434,0.239396,0.241855,1.439088
367.903438,0.230423,0.229010,1.439088
367.953440,0.220201,0.216466,1.439088
368.003443,0.209462,0.206984,1.439088
368.053451,0.197262,0.196236,1.439088
368.132736,0.187461,0.190423,1.439088
368.153453,0.180926,0.188848,1.439088
368.203449,0.164630,0.178456,1.439088
368.253426,0.157759,0.168552,1.439088
368.303429,0.154710,0.163807,1.439088
368.353427,0.149092,0.156880,1.439088
368.403436,0.146466,0.152432,1.439088
368.462704,0.141833,0.148724,1.439088
368.503435,0.133846,0.144641,1.439088
368.553437,0.133165,0.142105,1.439088
368.603440,0.133532,0.139978,1.439088
368.653442,0.126613,0.131304,1.439088
368.703444,0.122271,0.124778,1.439088
368.753452,0.117907,0.120654,1.439088
368.803451,0.113477,0.117139,1.439088
368.853455,0.110485,0.115182,1.439088
368.903462,0.106175,0.112501,1.377158
368.953461,0.102836,0.111627,1.318479
369.003430,0.104500,0.110980,1.318479
369.053431,0.103378,0.106906,1.318479
369.103434,0.104241,0.107504,1.318479
369.153441,0.101267,0.102500,1.318479
369.203445,0.102040,0.104438,1.318479
369.253443,0.101683,0.103190,1.318479
369.303444,0.102543,0.105491,1.318479
369.353446,0.104360,0.108340,1.318479
369.403453,0.110864,0.113724,1.318479
369.453454,0.113508,0.116709,1.318479
369.503456,0.121962,0.122018,1.318479
369.553464,0.124452,0.123399,1.318479
369.603459,0.127617,0.123030,1.318479
369.653471,0.131279,0.126362,1.318479
369.703464,0.134840,0.130189,1.318479
369.762597,0.132488,0.127927,1.318479
369.803438,0.134585,0.131161,1.318479
369.853441,0.131948,0.129849,1.318479
369.903449,0.135116,0.133781,1.313268
369.953445,0.140724,0.138900,1.310044
370.003449,0.143773,0.143690,1.310044
370.053461,0.153365,0.157198,1.310044
370.103497,0.163931,0.164065,1.310044
370.153465,0.165219,0.162170,1.310044
370.203457,0.168009,0.158572,1.310044
370.253460,0.167449,0.155899,1.310044
370.303467,0.172066,0.163578,1.310044
370.353470,0.171557,0.163164,1.310044
370.403477,0.163589,0.161875,1.310044
370.453496,0.158785,0.161356,1.310044
370.503445,0.160456,0.161984,1.310044
370.553444,0.164870,0.162634,1.310044
370.603451,0.168347,0.161777,1.310044
370.653457,0.161142,0.159671,1.310044
370.703460,0.161702,0.161481,1.310044
370.753460,0.163041,0.162616,1.310044
370.803460,0.158738,0.156444,1.310044
370.853464,0.151508,0.148161,1.310044
370.903467,0.142819,0.139448,1.352556
370.953475,0.133298,0.129981,1.471806
371.003472,0.125428,0.123641,1.471806
371.053478,0.112792,0.115200,1.471806
371.103474,0.102840,0.111650,1.471806
371.153480,0.097052,0.107465,1.471806
371.203485,0.094653,0.105523,1.471806
371.261855,0.091014,0.100422,1.471806
371.303457,0.091832,0.100191,1.471806
371.353460,0.088548,0.094796,1.471806
371.421838,0.087202,0.089197,1.471806
371.453465,0.086286,0.089293,1.471806
371.511826,0.082439,0.084696,1.471806
371.553482,0.070787,0.070747,1.471806
371.603472,0.060013,0.057750,1.471806
371.653475,0.049326,0.051170,1.471806
371.703475,0.043464,0.046346,1.471806
371.753483,0.043308,0.046420,1.471806
371.803482,0.036701,0.046132,1.471806
371.853499,0.034874,0.044481,1.471806
371.903495,0.035289,0.043786,1.262652
371.953498,0.036902,0.041737,1.123231
372.003460,0.037628,0.038900,1.123231
372.053463,0.038531,0.038077,1.123231
372.103466,0.040673,0.042554,1.123231
372.153467,0.041401,0.044109,1.123231
372.203470,0.042421,0.044767,1.123231
372.253475,0.045592,0.048743,1.123231
372.303478,0.049661,0.051453,1.123231
372.353475,0.054479,0.053471,1.123231
372.403477,0.057459,0.053784,1.123231
372.453484,0.056105,0.053290,1.123231
372.503477,0.056635,0.053432,1.123231
372.553488,0.058341,0.054517,1.123231
372.610496,0.057931,0.055844,1.123231
372.653483,0.072452,0.078094,1.123231
372.703502,0.083880,0.090618,1.123231
372.753464,0.095154,0.099059,1.123231
372.803470,0.104420,0.102589,1.123231
372.853475,0.115855,0.108079,1.123231
372.903472,0.118549,0.101076,1.159607
372.960654,0.118449,0.091627,1.246727
373.003482,0.100638,0.084459,1.246727
373.053481,0.084616,0.073625,1.246727
373.103483,0.073236,0.069566,1.246727
373.153483,0.065026,0.067040,1.246727
373.203489,0.042531,0.048620,1.246727
373.253497,0.031690,0.037474,1.246727
373.303498,0.026528,0.029472,1.246727
373.353502,0.037863,0.040139,1.246727
373.403488,0.056577,0.057980,1.246727
373.453501,0.079395,0.070842,1.246727
373.503476,0.101377,0.080674,1.246727
373.561029,0.109893,0.089227,1.246727
373.603475,0.124849,0.095057,1.246727
373.653484,0.125537,0.099303,1.246727
373.703484,0.124297,0.102907,1.246727
373.753491,0.122810,0.109237,1.246727
373.803490,0.122209,0.112559,1.246727
373.853479,0.124066,0.117230,1.246727
373.904044,0.125885,0.121274,1.482493
373.958661,0.129943,0.124231,2.007825
374.003504,0.136380,0.131617,2.007825
374.053509,0.137051,0.128436,2.007825
374.103500,0.132273,0.123583,2.007825
374.153502,0.125602,0.114791,2.007825
374.203518,0.112200,0.100629,2.007825
374.253478,0.107280,0.101719,2.007825
374.303480,0.092268,0.087536,2.007825
374.353488,0.074903,0.078733,2.007825
374.403487,0.063307,0.066905,2.007825
374.453494,0.051381,0.053039,2.007825
374.503496,0.042515,0.046744,2.007825
374.553493,0.036835,0.038927,2.007825
374.603493,0.034725,0.038718,2.007825
374.653499,0.035829,0.036891,2.007825
374.703510,0.038577,0.034617,2.007825
374.753514,0.061989,0.062783,2.007825
374.803503,0.078001,0.079183,2.007825
374.853520,0.100527,0.097450,2.007825
374.903509,0.110907,0.099789,2.194844
374.953521,0.144946,0.133312,2.533349
375.003487,0.149460,0.118349,2.533349
375.053487,0.165482,0.123830,2.533349
375.103490,0.128839,0.095964,2.533349
375.166011,0.109066,0.078877,2.533349
375.210273,0.080809,0.060042,2.533349
375.260284,0.063852,0.046348,2.533349
375.303500,0.026355,0.039021,2.533349
375.353519,0.018151,0.029748,2.533349
375.403511,0.015314,0.021864,2.533349
375.453513,0.011410,0.015778,2.533349
375.503513,0.010765,0.024962,2.533349
375.553518,0.014476,0.032252,2.533349
375.603521,0.023917,0.038274,2.533349
375.653522,0.032120,0.044801,2.533349
375.703513,0.044832,0.051942,2.533349
375.753487,0.061209,0.059425,2.533349
375.803495,0.074957,0.066128,2.533349
375.860225,0.084404,0.079010,2.533349
375.903505,0.097826,0.095128,2.665188
375.953507,0.109645,0.105167,2.835222
376.003516,0.124897,0.119054,2.835222
376.053508,0.134822,0.125492,2.835222
376.103510,0.145750,0.134927,2.835222
376.171451,0.162415,0.149098,2.835222
376.203524,0.175347,0.163493,2.835222
376.253518,0.197224,0.190296,2.835222
376.303526,0.223496,0.218254,2.835222
376.353525,0.239915,0.233244,2.835222
376.403524,0.266098,0.254661,2.835222
376.453532,0.278970,0.256761,2.835222
376.503498,0.284222,0.254022,2.835222
376.555192,0.295737,0.262941,2.835222
376.603500,0.290312,0.262529,2.835222
376.655976,0.287077,0.271373,2.835222
376.703512,0.283153,0.270514,2.835222
376.753515,0.290178,0.294273,2.835222
376.803515,0.303151,0.306656,2.835222
376.853520,0.306636,0.298768,2.835222
376.903524,0.310385,0.304066,3.175169
376.953512,0.316961,0.304666,3.727978
377.003524,0.322826,0.313159,3.727978
377.053525,0.330511,0.314792,3.727978
377.103534,0.324151,0.320912,3.727978
377.153545,0.317947,0.319493,3.727978
377.203546,0.322022,0.314654,3.727978
377.253505,0.325114,0.320711,3.727978
377.303511,0.324595,0.317025,3.727978
377.353512,0.312057,0.305717,3.727978
377.403517,0.310510,0.307218,3.727978
377.453515,0.314193,0.319999,3.727978
377.503520,0.322661,0.329729,3.727978
377.553520,0.341754,0.349359,3.727978
377.603524,0.353007,0.363598,3.727978
377.653525,0.365727,0.369235,3.727978
377.703533,0.382100,0.370777,3.727978
377.753526,0.385079,0.364101,3.727978
377.803551,0.384397,0.364660,3.727978
377.853540,0.381992,0.362348,3.727978
377.903543,0.371586,0.361002,3.841669
377.953533,0.368827,0.368879,4.037400
378.003516,0.357270,0.356804,4.037400
378.053517,0.343464,0.341179,4.037400
378.103521,0.335379,0.329157,4.037400
378.153520,0.324456,0.321673,4.037400
378.203522,0.319828,0.322178,4.037400
378.253529,0.318598,0.326925,4.037400
378.303527,0.309238,0.328280,4.037400
378.353535,0.319706,0.338239,4.037400
378.403529,0.329319,0.339996,4.037400
378.453543,0.337513,0.339766,4.037400
378.503533,0.344821,0.340830,4.037400
378.553525,0.345050,0.337996,4.037400
378.603549,0.347872,0.343554,4.037400
378.653544,0.355518,0.352306,4.037400
378.721852,0.349265,0.348588,4.037400
378.753524,0.357506,0.359850,4.037400
378.803523,0.357817,0.356243,4.037400
378.853529,0.357781,0.353902,4.037400
378.903532,0.360723,0.352479,4.255297
378.953528,0.355180,0.347285,4.616036
379.003535,0.344904,0.340484,4.616036
379.053537,0.328556,0.316201,4.616036
379.103536,0.293249,0.283803,4.616036
379.161252,0.271687,0.266404,4.616036
379.203544,0.250348,0.250990,4.616036
379.253547,0.234730,0.247030,4.616036
379.303552,0.216242,0.237441,4.616036
379.353549,0.196595,0.226487,4.616036
379.403566,0.195951,0.224370,4.616036
379.453559,0.202788,0.220126,4.616036
379.503529,0.206813,0.221086,4.616036
379.553527,0.208977,0.217681,4.616036
379.603534,0.206963,0.217637,4.616036
379.653538,0.208655,0.215819,4.616036
379.703533,0.223280,0.229815,4.616036
379.753537,0.230548,0.237415,4.616036
379.803547,0.237964,0.241253,4.616036
379.853543,0.246356,0.249753,4.616036
379.903554,0.260858,0.261021,4.673985
379.953548,0.274527,0.271447,4.769577
380.003552,0.286813,0.276080,4.769577
380.053553,0.287686,0.279303,4.769577
380.103562,0.289694,0.279760,4.769577
380.153554,0.275163,0.254454,4.769577
380.203565,0.258147,0.236753,4.769577
380.253534,0.237997,0.222402,4.769577
380.303532,0.217039,0.211265,4.769577
380.353540,0.209848,0.217946,4.769577
380.403544,0.203041,0.223343,4.769577
380.453540,0.197881,0.227365,4.769577
380.503547,0.212302,0.232025,4.769577
380.553546,0.222345,0.233663,4.769577
380.603549,0.230573,0.231441,4.769577
380.653559,0.240692,0.232756,4.769577
380.703554,0.237860,0.231111,4.769577
380.753559,0.234293,0.229004,4.769577
380.803562,0.230792,0.226986,4.769577
380.853565,0.226178,0.225288,4.769577
380.903568,0.221103,0.221159,4.880923
380.953573,0.209516,0.205224,5.063737
381.003545,0.195292,0.191843,5.063737
381.053542,0.182199,0.180082,5.063737
381.103548,0.168901,0.169555,5.063737
381.153548,0.157282,0.163135,5.063737
381.203547,0.146123,0.158168,5.063737
381.253561,0.136141,0.153597,5.063737
381.303556,0.136910,0.152242,5.063737
381.353557,0.144178,0.159791,5.063737
381.403556,0.149876,0.162454,5.063737
381.453571,0.156819,0.165294,5.063737
381.503562,0.163107,0.168352,5.063737
381.553564,0.166391,0.167106,5.063737
381.603577,0.182900,0.183949,5.063737
381.653574,0.190948,0.187802,5.063737
381.703582,0.183735,0.178112,5.063737
381.753550,0.177424,0.168291,5.063737
381.803547,0.163595,0.150626,5.063737
381.853555,0.183225,0.184009,5.063737
381.903553,0.175563,0.168953,5.063123
381.953564,0.158414,0.161217,5.062749
382.003557,0.146499,0.152677,5.062749
382.053559,0.144649,0.148012,5.062749
382.103560,0.145573,0.145546,5.062749
382.153564,0.161730,0.154959,5.062749
382.203565,0.147864,0.167826,5.062749
382.253569,0.156049,0.167710,5.062749
382.303584,0.168730,0.177846,5.062749
382.370300,0.180016,0.181399,5.062749
382.403582,0.191722,0.188247,5.062749
382.453807,0.225031,0.224243,5.062749
382.509772,0.255691,0.260528,5.062749
382.553557,0.286905,0.295757,5.062749
382.603563,0.319471,0.315694,5.062749
382.653558,0.353370,0.343916,5.062749
382.703560,0.376704,0.346857,5.062749
382.753565,0.405578,0.360921,5.062749
382.803571,0.406087,0.363190,5.062749
382.853576,0.393748,0.354436,5.062749
382.903574,0.392538,0.369218,5.066068
382.953582,0.394993,0.377677,5.085102
383.003577,0.383815,0.377906,5.085102
383.053582,0.388476,0.380447,5.085102
383.103585,0.398416,0.401945,5.085102
383.153585,0.414058,0.417921,5.085102
383.203591,0.436749,0.430033,5.085102
383.253562,0.445926,0.442514,5.085102
383.303560,0.458710,0.454259,5.085102
383.353562,0.495024,0.489974,5.085102
383.403573,0.509033,0.489659,5.085102
383.453575,0.527622,0.515389,5.085102
383.503572,0.546523,0.535367,5.085102
383.553583,0.510107,0.473147,5.085102
383.603577,0.479421,0.433837,5.085102
383.653586,0.444263,0.397138,5.085102
383.703579,0.387262,0.364016,5.085102
383.753591,0.354161,0.342669,5.085102
383.803591,0.301392,0.324263,5.085102
383.853596,0.248791,0.309227,5.085102
383.903593,0.252377,0.297196,5.142411
383.953604,0.238103,0.273089,5.241107
384.003575,0.222773,0.247060,5.241107
384.070160,0.207446,0.222640,5.241107
384.103580,0.196137,0.214019,5.241107
384.153578,0.184652,0.205306,5.241107
384.203575,0.176174,0.202211,5.241107
384.253585,0.168061,0.200173,5.241107
384.303596,0.170128,0.198339,5.241107
384.353583,0.176903,0.196630,5.241107
384.403583,0.186345,0.195418,5.241107
384.453589,0.187609,0.194269,5.241107
384.503588,0.190281,0.193302,5.241107
384.553596,0.189947,0.192184,5.241107
384.603599,0.189684,0.191580,5.241107
384.653607,0.189703,0.191478,5.241107
384.720100,0.189409,0.190776,5.241107
384.753579,0.191819,0.194003,5.241107
384.803578,0.194226,0.196630,5.241107
384.853585,0.188798,0.187675,5.241107
384.903588,0.177122,0.171359,5.258244
384.953590,0.166992,0.160639,5.294010
385.003591,0.159074,0.155347,5.294010
385.053590,0.150230,0.149554,5.294010
385.103588,0.137497,0.143405,5.294010
385.153598,0.125010,0.138630,5.294010
385.203592,0.121394,0.136197,5.294010
385.253610,0.130020,0.142339,5.294010
385.303595,0.133532,0.142271,5.294010
385.353595,0.142040,0.152659,5.294010
385.403599,0.147059,0.154418,5.294010
385.453629,0.153424,0.156262,5.294010
385.510658,0.159775,0.157664,5.294010
385.553587,0.161567,0.153856,5.294010
385.603589,0.153376,0.145042,5.294010
385.653589,0.147647,0.136560,5.294010
385.703607,0.139401,0.136307,5.294010
385.753591,0.131742,0.130661,5.294010
385.803602,0.124051,0.126541,5.294010
385.853606,0.117488,0.124649,5.294010
385.903603,0.113071,0.121396,5.293088
385.953606,0.120646,0.129727,5.296842
386.003614,0.123750,0.128670,5.296842
386.053609,0.123569,0.129560,5.296842
386.103615,0.126792,0.129849,5.296842
386.153612,0.135921,0.138800,5.296842
386.203622,0.138842,0.138554,5.296842
386.253589,0.142915,0.138336,5.296842
386.303591,0.135020,0.132181,5.296842
386.353596,0.128325,0.120986,5.296842
386.403596,0.129441,0.124466,5.296842
386.453603,0.136504,0.135877,5.296842
386.503607,0.127293,0.130886,5.296842
386.553618,0.124231,0.127619,5.296842
386.603611,0.140069,0.152378,5.296842
386.653618,0.141550,0.145365,5.296842
386.703616,0.148204,0.140641,5.296842
386.753614,0.145497,0.136738,5.296842
386.803606,0.132613,0.127471,5.296842
386.853621,0.134577,0.126802,5.296842
386.903623,0.134804,0.125174,5.351001
386.953620,0.116874,0.124758,5.471946
387.003599,0.141488,0.157625,5.471946
387.053597,0.158407,0.174219,5.471946
387.103601,0.176288,0.188829,5.471946
387.153603,0.196898,0.198210,5.471946
387.203614,0.201725,0.190008,5.471946
387.253607,0.207471,0.183711,5.471946
387.303615,0.215008,0.181900,5.471946
387.353611,0.196118,0.177073,5.471946
387.403627,0.194994,0.187701,5.471946
387.453621,0.181578,0.181247,5.471946
387.503624,0.165751,0.170045,5.471946
387.553631,0.168366,0.171023,5.471946
387.603619,0.156680,0.152215,5.471946
387.653625,0.140921,0.134745,5.471946
387.703635,0.130154,0.124169,5.471946
387.753612,0.107564,0.113138,5.471946
387.803600,0.093985,0.102507,5.471946
387.853609,0.088861,0.100243,5.471946
387.930505,0.069991,0.088863,5.438857
387.953615,0.069550,0.086792,5.421314
388.003620,0.067756,0.079818,5.421314
388.053616,0.070482,0.083651,5.421314
388.103626,0.080741,0.093292,5.421314
388.153625,0.080361,0.087484,5.421314
388.211060,0.071937,0.076478,5.421314
388.253631,0.072091,0.070149,5.421314
388.303626,0.066795,0.064716,5.421314
388.353628,0.065746,0.060785,5.421314
388.403637,0.061975,0.063150,5.421314
388.453631,0.053190,0.064234,5.421314
388.503611,0.051447,0.061862,5.421314
388.553626,0.050674,0.055110,5.421314
388.621025,0.046929,0.047843,5.421314
388.653621,0.040407,0.037728,5.421314
388.703616,0.036353,0.033563,5.421314
388.753618,0.028671,0.030614,5.421314
388.803635,0.016995,0.021859,5.421314
388.853625,0.011118,0.020011,5.421314
388.903627,0.006389,0.013206,5.402264
388.953632,0.009030,0.011302,5.373779
389.003644,0.011109,0.011200,5.373779
389.053637,0.016478,0.013163,5.373779
389.103651,0.022307,0.016142,5.373779
389.153639,0.023602,0.018177,5.373779
389.203640,0.022505,0.017500,5.373779
389.253616,0.021569,0.018590,5.373779
389.303619,0.019868,0.019346,5.373779
389.353624,0.021737,0.022234,5.373779
389.403623,0.024758,0.023192,5.373779
389.453621,0.026026,0.021730,5.373779
389.503630,0.027147,0.021865,5.373779
389.553632,0.030467,0.027913,5.373779
389.603633,0.030023,0.028077,5.373779
389.653650,0.028629,0.025981,5.373779
389.703633,0.026790,0.025378,5.373779
389.753644,0.027694,0.027126,5.373779
389.803650,0.027486,0.024796,5.373779
389.853645,0.028101,0.025334,5.373779
389.903652,0.023584,0.023354,5.373779
389.960915,0.021836,0.022265,5.373778
390.003621,0.022020,0.022510,5.373778
390.053627,0.023451,0.024483,5.373778
390.103627,0.022208,0.024179,5.373778
390.153628,0.024419,0.025172,5.373778
390.203634,0.025862,0.025891,5.373778
390.280278,0.028339,0.026315,5.373778
390.303640,0.029033,0.027321,5.373778
390.353641,0.026456,0.024019,5.373778
390.403642,0.023401,0.020313,5.373778
390.453649,0.019955,0.017349,5.373778
390.503641,0.016370,0.015031,5.373778
390.560863,0.011334,0.010758,5.373778
390.603651,0.009345,0.010931,5.373778
390.653652,0.009107,0.013951,5.373778
390.703653,0.012093,0.017123,5.373778
390.753630,0.016724,0.021412,5.373778
390.803631,0.016392,0.018440,5.373778
390.853633,0.018193,0.018641,5.373778
390.903633,0.022747,0.020664,5.297994
390.970212,0.026079,0.022936,5.183905
391.003639,0.028756,0.027535,5.183905
391.053641,0.029726,0.029226,5.183905
391.103646,0.029817,0.030731,5.183905
391.153653,0.048298,0.052347,5.183905
391.203650,0.066981,0.072384,5.183905
391.253654,0.080568,0.082931,5.183905
391.303648,0.095744,0.093835,5.183905
391.353661,0.109270,0.101255,5.183905
391.403668,0.122290,0.106989,5.183905
391.453656,0.134065,0.109767,5.183905
391.503634,0.120755,0.096920,5.183905
391.553649,0.107124,0.088523,5.183905
391.603640,0.098111,0.082787,5.183905
391.660189,0.083886,0.073265,5.183905
391.703643,0.071281,0.067819,5.183905
391.753653,0.059866,0.065130,5.183905
391.803649,0.059152,0.075208,5.183905
391.853658,0.065988,0.079085,5.183905
391.903649,0.069215,0.078340,5.070929
391.953660,0.070539,0.076674,4.892454
392.003672,0.077952,0.078360,4.892454
392.053664,0.079575,0.074168,4.892454
392.103664,0.082171,0.073741,4.892454
392.153671,0.074405,0.071628,4.892454
392.220738,0.071207,0.071511,4.892454
392.253643,0.068942,0.069381,4.892454
392.303645,0.064702,0.063686,4.892454
392.353643,0.062634,0.065135,4.892454
392.403652,0.062520,0.063612,4.892454
392.453646,0.060341,0.062007,4.892454
392.503654,0.056295,0.056512,4.892454
392.553660,0.058157,0.062355,4.892454
392.603665,0.058929,0.063485,4.892454
392.668818,0.062158,0.063443,4.892454
392.703662,0.066910,0.071505,4.892454
392.753667,0.067979,0.070078,4.892454
392.803671,0.070140,0.070170,4.892454
392.853671,0.073341,0.067550,4.892454
392.903679,0.069886,0.066490,4.892607
392.953675,0.066642,0.062252,4.893475
393.003652,0.064932,0.060042,4.893475
393.053649,0.058189,0.059340,4.893475
393.103652,0.056980,0.058771,4.893475
393.153654,0.054772,0.058153,4.893475
393.203657,0.055411,0.058665,4.893475
393.253665,0.056967,0.061087,4.893475
393.303659,0.057112,0.057960,4.893475
393.353666,0.057939,0.057611,4.893475
393.403668,0.057548,0.057092,4.893475
393.453673,0.060597,0.061644,4.893475
393.503676,0.063918,0.065251,4.893475
393.553680,0.064358,0.064823,4.893475
393.603685,0.065943,0.068210,4.893475
393.654206,0.070319,0.069758,4.893475
393.703690,0.072671,0.070334,4.893475
393.753655,0.076124,0.071888,4.893475
393.803660,0.073868,0.070504,4.893475
393.853666,0.071597,0.069195,4.893475
393.903664,0.071231,0.067371,4.622124
393.953665,0.068781,0.066934,4.207265
394.003670,0.067190,0.066690,4.207265
394.053688,0.066555,0.066873,4.207265
394.103675,0.065952,0.068227,4.207265
394.153678,0.065017,0.066276,4.207265
394.203671,0.067343,0.069147,4.207265
394.253677,0.069506,0.070349,4.207265
394.303695,0.071728,0.072461,4.207265
394.353687,0.075084,0.075820,4.207265
394.403692,0.077737,0.077894,4.207265
394.453695,0.079846,0.080044,4.207265
394.503659,0.084846,0.082703,4.207265
394.553670,0.084236,0.081404,4.207265
394.603669,0.087361,0.084446,4.207265
394.659938,0.091700,0.089769,4.207265
394.718710,0.092966,0.091553,4.207265
394.753676,0.095044,0.093403,4.207265
394.803675,0.098390,0.097212,4.207265
394.853682,0.103988,0.104222,4.207265
394.903681,0.112085,0.109819,4.149307
394.959499,0.120505,0.119025,4.069594
395.003687,0.118424,0.114166,4.069594
395.053701,0.120557,0.114557,4.069594
395.103699,0.111866,0.099916,4.069594
395.153692,0.110066,0.099883,4.069594
395.203688,0.107890,0.103289,4.069594
395.253670,0.098853,0.095257,4.069594
395.303673,0.089752,0.092801,4.069594
395.353680,0.086904,0.089752,4.069594
395.403677,0.078204,0.084147,4.069594
395.453684,0.081404,0.080267,4.069594
395.503682,0.076857,0.077711,4.069594
395.553686,0.070324,0.076219,4.069594
395.603685,0.071189,0.074910,4.069594
395.653692,0.067985,0.072340,4.069594
395.703689,0.067169,0.071773,4.069594
395.753684,0.068165,0.071247,4.069594
395.803690,0.068348,0.070635,4.069594
395.853700,0.068954,0.070784,4.069594
395.903694,0.067184,0.068532,4.020445
395.953714,0.067749,0.069523,3.946633
396.003680,0.067032,0.067060,3.946633
396.053677,0.065574,0.065501,3.946633
396.103684,0.068553,0.070382,3.946633
396.153680,0.065931,0.066354,3.946633
396.203688,0.067716,0.069784,3.946633
396.253696,0.070268,0.071484,3.946633
396.303698,0.070649,0.072392,3.946633
396.353694,0.071907,0.071083,3.946633
396.403697,0.074205,0.071924,3.946633
396.453707,0.068887,0.068050,3.946633
396.503711,0.069178,0.064984,3.946633
396.553712,0.062082,0.058709,3.946633
396.603701,0.057726,0.056567,3.946633
396.653697,0.053765,0.054930,3.946633
396.703722,0.051360,0.053769,3.946633
396.753683,0.053074,0.060467,3.946633
396.803691,0.054947,0.061479,3.946633
396.853689,0.053971,0.058325,3.946633
396.903692,0.053939,0.053195,3.877091
396.953692,0.051620,0.049077,3.769039
397.004443,0.053138,0.051052,3.769039
397.053698,0.054337,0.052370,3.769039
397.103708,0.048556,0.051265,3.769039
397.153705,0.049869,0.055958,3.769039
397.203712,0.053882,0.059517,3.769039
397.253709,0.057150,0.058697,3.769039
397.303712,0.060345,0.057843,3.769039
397.353723,0.058122,0.055071,3.769039
397.403717,0.062438,0.061643,3.769039
397.460290,0.066957,0.065005,3.769039
397.503689,0.061614,0.059475,3.769039
397.553696,0.061161,0.061691,3.769039
397.619025,0.060271,0.059184,3.769039
397.653705,0.062447,0.061261,3.769039
397.703706,0.066082,0.062928,3.769039
397.753701,0.063421,0.064185,3.769039
397.803714,0.062103,0.065175,3.769039
397.853712,0.064012,0.062281,3.769039
397.903711,0.062205,0.061436,3.728393
397.953716,0.064239,0.061850,3.671330
398.003715,0.063404,0.062131,3.671330
398.053719,0.063122,0.063272,3.671330
398.103722,0.062369,0.063399,3.671330
398.153727,0.062213,0.064321,3.671330
398.203720,0.064422,0.064613,3.671330
398.253695,0.065807,0.065344,3.671330
398.303699,0.068970,0.069402,3.671330
398.353703,0.071574,0.071834,3.671330
398.403708,0.072658,0.072565,3.671330
398.453706,0.074594,0.073545,3.671330
398.503715,0.076542,0.075159,3.671330
398.553720,0.078207,0.075602,3.671330
398.603711,0.079223,0.075492,3.671330
398.653713,0.075586,0.072455,3.671330
398.703717,0.074867,0.073295,3.671330
398.753721,0.076214,0.075638,3.671330
398.803726,0.073774,0.072565,3.671330
398.853726,0.070413,0.069635,3.671330
398.903730,0.072957,0.074771,3.700905
398.953733,0.072889,0.074768,3.757198
399.008302,0.074583,0.074120,3.757198
399.053710,0.076043,0.076586,3.757198
399.103707,0.076227,0.078599,3.757198
399.153713,0.079791,0.079964,3.757198
399.203710,0.083515,0.080867,3.757198
399.253713,0.082080,0.081704,3.757198
399.303722,0.083588,0.082480,3.757198
399.353717,0.087497,0.085798,3.757198
399.403726,0.089404,0.088523,3.757198
399.453729,0.091479,0.090976,3.757198
399.503728,0.093002,0.091956,3.757198
399.553737,0.094008,0.091938,3.757198
399.603740,0.094349,0.091080,3.757198
399.653733,0.094498,0.090199,3.757198
399.703739,0.094293,0.091763,3.757198
399.753706,0.093552,0.092089,3.757198
399.803714,0.091683,0.091287,3.757198
399.853722,0.087605,0.086266,3.757198
399.903721,0.080510,0.077459,3.544098
399.953723,0.077934,0.075460,3.214953
400.003724,0.076571,0.075252,3.214953
400.053731,0.072434,0.074903,3.214953
400.103729,0.068918,0.074013,3.214953
400.153732,0.068324,0.076128,3.214953
400.203738,0.069527,0.075856,3.214953
400.258807,0.078260,0.081457,3.214953
400.303744,0.088048,0.092071,3.214953
400.353757,0.094502,0.096826,3.214953
400.403742,0.100888,0.101121,3.214953
400.453747,0.107733,0.105128,3.214953
400.503718,0.112349,0.107671,3.214953
400.553721,0.118528,0.109735,3.214953
400.603737,0.120155,0.110888,3.214953
400.653724,0.112492,0.104896,3.214953
400.703730,0.107502,0.100072,3.214953
400.753732,0.105163,0.100398,3.214953
400.803734,0.099238,0.096318,3.214953
400.853742,0.094266,0.093594,3.214953
400.903738,0.089165,0.091344,3.167524
400.953739,0.086303,0.092195,3.105771
401.003748,0.087262,0.091271,3.105771
401.059363,0.087369,0.089430,3.105771
401.103750,0.082254,0.084741,3.105771
401.153751,0.084844,0.087325,3.105771
401.203752,0.088205,0.090850,3.105771
401.253730,0.089427,0.090592,3.105771
401.303726,0.088961,0.091297,3.105771
401.369970,0.089769,0.091879,3.105771
401.403738,0.091720,0.092695,3.105771
401.488087,0.092095,0.087827,3.105771
401.503741,0.091411,0.088889,3.105771
401.553743,0.090534,0.090726,3.105771
401.603744,0.090645,0.090528,3.105771
401.653746,0.089154,0.089276,3.105771
401.703748,0.086402,0.086462,3.105771
401.753750,0.085366,0.086998,3.105771
401.803757,0.088507,0.087792,3.105771
401.853756,0.088235,0.088564,3.105771
401.904015,0.097625,0.103613,3.040163
401.953768,0.112148,0.120901,3.000969
402.019916,0.122456,0.127147,3.000969
402.053741,0.136920,0.135990,3.000969
402.129904,0.147002,0.141309,3.000969
402.153760,0.157386,0.146558,3.000969
402.203743,0.162305,0.142767,3.000969
402.253743,0.157797,0.140770,3.000969
402.303758,0.146798,0.135406,3.000969
402.353758,0.142531,0.132757,3.000969
402.403759,0.139464,0.135896,3.000969
402.453751,0.135316,0.135521,3.000969
402.503764,0.129880,0.134261,3.000969
402.553766,0.129853,0.132917,3.000969
402.603770,0.129023,0.131840,3.000969
402.653765,0.129151,0.128494,3.000969
402.703774,0.127955,0.125561,3.000969
402.753744,0.124309,0.124994,3.000969
402.803741,0.119645,0.120270,3.000969
402.853748,0.114388,0.114667,3.000969
402.903750,0.109856,0.110924,2.962646
402.953762,0.105916,0.108821,2.944848
403.003748,0.104397,0.107985,2.944848
403.053753,0.106364,0.111851,2.944848
403.103753,0.104234,0.111028,2.944848
403.153756,0.106015,0.111502,2.944848
403.203758,0.109250,0.112234,2.944848
403.253761,0.110900,0.111201,2.944848
403.303768,0.111094,0.109434,2.944848
403.353768,0.110332,0.107331,2.944848
403.403768,0.106961,0.106646,2.944848
403.453771,0.106035,0.105602,2.944848
403.503741,0.104899,0.105563,2.944848
403.553752,0.103397,0.105393,2.944848
403.603750,0.103099,0.105351,2.944848
403.653755,0.111693,0.116768,2.944848
403.703757,0.121170,0.126457,2.944848
403.753761,0.127381,0.130656,2.944848
403.803757,0.135572,0.136300,2.944848
403.853759,0.144160,0.142122,2.944848
403.903760,0.152771,0.146653,2.723927
403.953763,0.161566,0.150609,2.411012
404.003767,0.172271,0.167970,2.411012
404.053769,0.178663,0.176372,2.411012
404.103777,0.185578,0.180340,2.411012
404.153780,0.195439,0.189910,2.411012
404.203776,0.202295,0.194542,2.411012
404.253750,0.219300,0.212319,2.411012
404.303751,0.227776,0.214965,2.411012
404.353757,0.226151,0.217233,2.411012
404.403754,0.222143,0.210181,2.411012
404.453771,0.229697,0.217962,2.411012
404.503762,0.225003,0.213357,2.411012
404.553776,0.226495,0.215434,2.411012
404.603772,0.200959,0.193318,2.411012
404.679062,0.194504,0.190804,2.411012
404.703783,0.184609,0.184239,2.411012
404.753786,0.189410,0.190434,2.411012
404.803768,0.177358,0.185304,2.411012
404.853776,0.172035,0.179744,2.411012
404.903781,0.161828,0.173978,2.462270
404.953789,0.165319,0.164855,2.652071
405.019667,0.163124,0.164093,2.652071
405.053764,0.163914,0.165362,2.652071
405.103767,0.161028,0.171093,2.652071
405.153767,0.156054,0.162807,2.652071
405.203773,0.150427,0.153779,2.652071
405.253770,0.150221,0.152886,2.652071
405.303778,0.164894,0.168472,2.652071
405.353782,0.173476,0.179290,2.652071
405.403778,0.172631,0.176164,2.652071
405.453791,0.169514,0.175159,2.652071
405.503790,0.176221,0.175582,2.652071
405.553784,0.186965,0.179087,2.652071
405.603802,0.188003,0.174599,2.652071
405.653790,0.179128,0.173450,2.652071
405.703802,0.171771,0.173047,2.652071
405.753764,0.167876,0.165764,2.652071
405.803770,0.163128,0.160202,2.652071
405.853773,0.153730,0.150462,2.652071
405.903771,0.150607,0.154602,2.276653
405.959582,0.146434,0.149159,2.026609
406.003777,0.142100,0.147009,2.026609
406.053784,0.137427,0.145351,2.026609
406.103790,0.138753,0.145477,2.026609
406.153784,0.140080,0.145799,2.026609
406.203789,0.145444,0.146491,2.026609
406.253795,0.142067,0.146669,2.026609
406.303794,0.144172,0.145757,2.026609
406.353808,0.144416,0.144670,2.026609
406.403787,0.145471,0.144962,2.026609
406.479540,0.144452,0.143763,2.026609
406.503773,0.144765,0.144891,2.026609
406.553776,0.142342,0.142372,2.026609
406.603775,0.139636,0.139595,2.026609
406.653781,0.139450,0.139818,2.026609
406.703783,0.138055,0.137907,2.026609
406.753785,0.136255,0.136970,2.026609
406.803791,0.135566,0.136086,2.026609
406.853788,0.132800,0.135260,2.026609
406.903793,0.132689,0.134534,2.015094
406.953795,0.132586,0.133193,2.034617
407.003798,0.129725,0.130695,2.034617
407.053810,0.131465,0.133023,2.034617
407.119486,0.127195,0.127045,2.034617
407.153809,0.123666,0.123303,2.034617
407.203818,0.127804,0.130769,2.034617
407.253777,0.126517,0.129146,2.034617
407.303784,0.123457,0.124583,2.034617
407.353785,0.119562,0.118377,2.034617
407.403792,0.109758,0.109402,2.034617
407.453789,0.103947,0.100029,2.034617
407.503788,0.095836,0.090329,2.034617
407.553800,0.083926,0.087739,2.034617
407.603793,0.077378,0.085516,2.034617
407.653803,0.073775,0.084413,2.034617
407.703797,0.082521,0.098473,2.034617
407.753802,0.093019,0.108369,2.034617
407.803809,0.103834,0.114445,2.034617
407.853813,0.114792,0.117307,2.034617
407.903819,0.121393,0.118530,1.762002
407.953805,0.128654,0.120184,1.446652
408.003784,0.134661,0.120004,1.446652
408.053792,0.129636,0.120112,1.446652
408.119404,0.116616,0.107692,1.446652
408.153798,0.108928,0.103222,1.446652
408.203799,0.105634,0.103694,1.446652
408.269397,0.102772,0.103555,1.446652
408.303806,0.105276,0.111812,1.446652
408.353814,0.103738,0.111201,1.446652
408.403806,0.102433,0.111123,1.446652
408.453820,0.108599,0.109192,1.446652
408.503812,0.109604,0.105928,1.446652
408.553820,0.109268,0.105324,1.446652
408.603833,0.110610,0.106852,1.446652
408.653818,0.099838,0.099453,1.446652
408.703829,0.101668,0.103763,1.446652
408.759347,0.105584,0.110234,1.446652
408.804129,0.107917,0.111680,1.446652
408.853799,0.113597,0.116024,1.446652
408.903802,0.119144,0.121159,1.424584
408.953806,0.122882,0.125236,1.511373
409.003806,0.133751,0.129434,1.511373
409.053832,0.149557,0.149746,1.511373
409.103813,0.164455,0.167664,1.511373
409.153811,0.179003,0.177347,1.511373
409.213845,0.189939,0.184271,1.511373
409.253833,0.199819,0.189630,1.511373
409.303830,0.204561,0.187143,1.511373
409.353824,0.210469,0.187090,1.511373
409.403829,0.198660,0.179356,1.511373
409.453830,0.184575,0.171172,1.511373
409.503799,0.182653,0.177029,1.511373
409.553806,0.178219,0.177755,1.511373
409.603807,0.173682,0.177133,1.511373
409.653813,0.171807,0.175482,1.511373
409.703812,0.170694,0.176354,1.511373
409.753817,0.177127,0.179743,1.511373
409.803824,0.181503,0.177691,1.511373
409.853824,0.180633,0.180728,1.511373
409.903818,0.179950,0.180451,1.374745
409.953823,0.182117,0.182818,1.203961
410.003836,0.185974,0.185690,1.203961
410.053840,0.194717,0.196597,1.203961
410.103825,0.205145,0.210229,1.203961
410.153834,0.219465,0.221310,1.203961
410.203835,0.226828,0.224539,1.203961
410.253809,0.236365,0.230591,1.203961
410.303813,0.246909,0.237961,1.203961
410.353814,0.256031,0.242751,1.203961
410.403816,0.259975,0.247753,1.203961
410.453823,0.260023,0.251329,1.203961
410.503824,0.261524,0.256173,1.203961
410.553827,0.264725,0.256744,1.203961
410.603828,0.261154,0.250969,1.203961
410.653838,0.266193,0.261387,1.203961
410.703836,0.277931,0.277810,1.203961
410.753826,0.287388,0.289502,1.203961
410.803836,0.294445,0.294698,1.203961
410.853849,0.301741,0.301120,1.203961
410.903847,0.309526,0.303597,1.168903
410.953852,0.323076,0.307412,1.118021
411.003812,0.324446,0.308503,1.118021
411.053819,0.320182,0.309515,1.118021
411.103822,0.311367,0.302514,1.118021
411.167906,0.302484,0.292673,1.118021
411.217912,0.292375,0.285414,1.118021
411.257887,0.286572,0.282951,1.118021
411.307885,0.280876,0.282745,1.118021
411.367893,0.276253,0.281929,1.118021
411.417893,0.273526,0.284273,1.118021
411.453844,0.282645,0.294936,1.118021
411.517867,0.289379,0.295996,1.118021
411.567882,0.295207,0.296454,1.118021
411.603845,0.299531,0.298151,1.118021
411.677881,0.300841,0.297027,1.118021
411.717852,0.330263,0.334557,1.118021
411.768056,0.329060,0.324687,1.118021
411.817842,0.333437,0.333284,1.118021
411.859238,0.346137,0.344590,1.118021
411.918467,0.344023,0.332347,1.021141
411.968463,0.366775,0.358636,1.016809
412.008616,0.393646,0.383182,1.016809
412.053840,0.379935,0.384315,1.016809
412.129073,0.403138,0.397163,1.016809
412.153852,0.441250,0.444688,1.016809
412.218458,0.450700,0.445426,1.016809
412.269228,0.463260,0.430916,1.016809
412.303849,0.479963,0.460781,1.016809
412.379065,0.459688,0.436691,1.016809
412.409044,0.460414,0.429099,1.016809
412.453866,0.496583,0.483809,1.016809
412.503829,0.487338,0.500975,1.016809
412.553827,0.523488,0.540468,1.016809
412.603833,0.524955,0.509025,1.016809
412.653832,0.501283,0.490022,1.016809
412.703843,0.504984,0.465422,1.016809
412.753838,0.497895,0.442265,1.016809
412.803846,0.442788,0.417222,1.016809
412.853850,0.406489,0.396846,1.016809
412.903848,0.347446,0.374299,0.619792
412.953848,0.334097,0.357553,0.000000
413.003856,0.326390,0.358036,0.000000
413.053854,0.320374,0.351443,0.000000
413.103857,0.315897,0.344856,0.000000
413.153859,0.328965,0.357598,0.000000
413.203869,0.340165,0.364790,0.000000
413.253834,0.356879,0.372052,0.000000
413.303833,0.373274,0.378622,0.000000
413.353841,0.385631,0.391820,0.000000
413.403842,0.400032,0.398300,0.000000
413.453848,0.411785,0.398378,0.000000
413.503852,0.408896,0.396137,0.000000
413.553848,0.417519,0.407417,0.000000
413.603857,0.417714,0.406440,0.000000
413.653849,0.417895,0.406488,0.000000
413.703887,0.408650,0.401304,0.000000
413.753866,0.402825,0.398006,0.000000
413.803859,0.403138,0.398952,0.000000
413.853873,0.401940,0.395025,0.000000
413.908918,0.391005,0.391476,0.000000
413.953880,0.387883,0.389803,0.000000
414.003844,0.383520,0.387182,0.000000
414.053844,0.375578,0.374778,0.000000
414.103848,0.363040,0.359199,0.000000
414.153851,0.356149,0.358265,0.000000
414.203857,0.344680,0.346405,0.000000
414.253857,0.334411,0.337977,0.000000
414.303855,0.326959,0.336800,0.000000
414.353865,0.326847,0.344204,0.000000
414.403860,0.342229,0.362037,0.000000
414.453870,0.360569,0.374462,0.000000
414.503871,0.370488,0.384592,0.000000
414.553868,0.388500,0.392349,0.000000
414.603870,0.408208,0.402814,0.000000
414.653878,0.414756,0.397886,0.000000
414.703885,0.430663,0.415384,0.000000
414.753847,0.427539,0.414542,0.000000
414.803852,0.432581,0.423348,0.000000
414.853856,0.424387,0.412049,0.000000
414.903870,0.423977,0.413887,0.000000
414.953857,0.422099,0.417040,0.000000
415.003868,0.413566,0.397012,0.000000
415.053869,0.392264,0.385185,0.000000
415.103882,0.375817,0.367580,0.000000
415.153872,0.362641,0.366727,0.000000
415.203882,0.361625,0.365894,0.000000
415.253881,0.349629,0.360141,0.000000
415.303870,0.333145,0.351094,0.000000
415.353885,0.339872,0.354053,0.000000
415.403874,0.345496,0.358805,0.000000
415.453887,0.345602,0.346543,0.000000
415.508161,0.334862,0.334893,0.000000
415.568167,0.317343,0.315952,0.000000
415.608159,0.323679,0.328908,0.000000
415.678223,0.300917,0.294286,0.000000
415.728338,0.276315,0.274310,0.000000
415.758142,0.258000,0.268796,0.000000
415.805233,0.256090,0.271947,0.000000
415.858198,0.252250,0.269917,0.000000
415.903877,0.265216,0.282323,0.000000
415.953877,0.234272,0.258782,0.000000
416.003877,0.234186,0.238059,0.000000
416.053880,0.227498,0.219876,0.000000
416.103890,0.212284,0.203898,0.000000
416.153888,0.190368,0.189332,0.000000
416.203898,0.171144,0.176914,0.000000
416.253860,0.141366,0.166343,0.000000
416.303867,0.135122,0.157250,0.000000
416.353863,0.130511,0.150412,0.000000
416.403874,0.126794,0.144596,0.000000
416.453871,0.124222,0.140003,0.000000
416.503872,0.123038,0.136429,0.000000
416.553880,0.128226,0.141719,0.000000
416.603878,0.133781,0.145643,0.000000
416.653889,0.138635,0.147159,0.000000
416.703880,0.144269,0.149993,0.000000
416.758055,0.149876,0.152347,0.000000
416.803886,0.155641,0.154406,0.000000
416.853899,0.163553,0.158954,0.000000
416.903894,0.165670,0.162815,0.000000
416.953895,0.167591,0.165368,0.000000
417.017410,0.170895,0.167598,0.000000
417.053867,0.173171,0.169617,0.000000
417.103876,0.175195,0.170924,0.000000
417.153877,0.179548,0.175583,0.000000
417.203880,0.174405,0.168842,0.000000
417.277391,0.164165,0.156457,0.000000
417.303887,0.163191,0.158943,0.000000
417.353893,0.159757,0.157564,0.000000
417.403887,0.158450,0.159749,0.000000
417.453889,0.154822,0.157475,0.000000
417.503888,0.145230,0.151266,0.000000
417.553902,0.143446,0.146612,0.000000
417.603904,0.154267,0.154051,0.000000
417.653906,0.149170,0.150307,0.000000
417.703908,0.146128,0.146607,0.000000
417.767358,0.137320,0.138802,0.000000
417.803878,0.136650,0.139807,0.000000
417.853881,0.145941,0.150160,0.000000
417.903882,0.155423,0.158999,0.000000
417.953888,0.158127,0.167785,0.000000
418.003886,0.165776,0.172040,0.000000
418.053892,0.176384,0.178842,0.000000
418.103898,0.191595,0.185734,0.000000
418.153893,0.202163,0.191493,0.000000
418.203900,0.201859,0.191353,0.000000
418.253899,0.204243,0.195497,0.000000
418.303904,0.205381,0.198696,0.000000
418.358548,0.209093,0.201981,0.000000
418.403909,0.211806,0.206669,0.000000
418.453897,0.208221,0.203002,0.000000
418.503878,0.206007,0.202195,0.000000
418.553886,0.206289,0.200308,0.000000
418.608527,0.206755,0.203263,0.000000
418.653891,0.205951,0.203609,0.000000
418.703891,0.208397,0.209405,0.000000
418.753892,0.208047,0.212228,0.000000
418.803900,0.216319,0.219026,0.000000
418.853896,0.222515,0.223662,0.000000
418.903902,0.231518,0.230093,0.000000
418.953906,0.237506,0.235491,0.000000
419.003911,0.244513,0.239322,0.000000
419.053912,0.248857,0.244011,0.000000
419.103903,0.259235,0.254325,0.000000
419.153913,0.265358,0.261076,0.000000
419.203919,0.271097,0.265224,0.000000
419.253886,0.274157,0.267679,0.000000
419.303896,0.277218,0.269969,0.000000
419.353894,0.274108,0.262639,0.000000
419.403895,0.272326,0.260129,0.000000
419.453902,0.259310,0.248974,0.000000
419.503900,0.249992,0.243618,0.000000
419.553907,0.240376,0.237893,0.000000
419.603906,0.233319,0.236133,0.000000
419.653906,0.225533,0.233853,0.000000
419.703914,0.220826,0.227140,0.000000
419.753921,0.218299,0.228121,0.000000
419.803925,0.223415,0.230514,0.000000
419.853918,0.221575,0.226233,0.000000
419.903912,0.220058,0.221907,0.000000
419.953931,0.215416,0.216888,0.000000
420.003896,0.213336,0.215532,0.000000
420.053900,0.215314,0.215304,0.000000
420.103903,0.212704,0.214985,0.000000
420.153903,0.207893,0.213257,0.000000
420.203904,0.207071,0.211316,0.000000
420.253908,0.200581,0.200902,0.000000
420.303908,0.194952,0.192229,0.000000
420.353912,0.187453,0.185288,0.000000
420.403929,0.179256,0.179588,0.000000
420.453915,0.172906,0.177321,0.000000
420.503914,0.165415,0.172827,0.000000
420.553928,0.158074,0.168845,0.000000
420.603931,0.157442,0.166022,0.000000
420.653926,0.156675,0.163104,0.000000
420.703922,0.154670,0.159038,0.000000
420.753902,0.140376,0.138115,0.000000
420.803906,0.121200,0.117222,0.000000
420.853913,0.100806,0.096360,0.000000
420.903915,0.088390,0.090516,4.467624
420.953912,0.080440,0.089199,11.403856
421.003920,0.074023,0.080665,11.403856
421.053924,0.100923,0.103114,11.403856
421.103924,0.142685,0.145765,11.403856
421.153924,0.167987,0.159923,11.403856
421.203934,0.201943,0.186988,11.403856
421.253927,0.261257,0.240826,11.403856
421.303943,0.305167,0.269402,11.403856
421.353943,0.329626,0.298144,11.403856
421.403927,0.363909,0.328454,11.403856
421.453930,0.357637,0.301803,11.403856
421.503912,0.359645,0.284329,11.403856
421.553919,0.361712,0.293774,11.403856
421.603917,0.337766,0.321976,11.403856
421.667037,0.315682,0.302919,11.403856
421.717026,0.323476,0.320093,11.403856
421.767058,0.327605,0.321660,11.403856
421.824708,0.344024,0.322128,11.403856
421.857007,0.444550,0.436788,11.403856
421.923786,0.455012,0.436018,5.476275
422.010335,0.427447,0.414397,2.226889
422.023136,0.683609,0.729505,2.226889
422.066561,0.662608,0.630731,2.226889
422.103951,0.663653,0.575768,2.226889
422.166359,0.642893,0.498739,2.226889
422.232909,0.541844,0.444417,2.226889
422.278062,0.524409,0.418677,2.226889
422.303922,0.574262,0.471681,2.226889
422.377234,0.344591,0.436917,2.226889
422.427050,0.328775,0.375043,2.226889
422.558874,0.291414,0.320154,2.226889
422.577983,0.341524,0.365862,2.226889
422.607988,0.368480,0.378142,2.226889
422.627591,0.420555,0.444383,2.226889
422.657882,0.364933,0.397767,2.226889
422.717687,0.362368,0.370683,2.226889
422.753946,0.370029,0.341663,2.226889
422.816308,0.368867,0.295654,2.226889
422.876467,0.321482,0.259889,2.226889
422.916300,0.273930,0.241216,2.755741
422.953959,0.195352,0.237299,2.907808
423.003920,0.190996,0.229401,2.907808
423.053924,0.176504,0.218960,2.907808
423.103926,0.174253,0.215527,2.907808
423.153932,0.187686,0.212525,2.907808
423.203937,0.202943,0.213614,2.907808
423.253933,0.209634,0.211582,2.907808
423.303948,0.206736,0.210199,2.907808
423.353938,0.197298,0.195073,2.907808
423.407289,0.191999,0.188115,2.907808
423.463806,0.189326,0.189246,2.907808
423.511922,0.178988,0.178459,2.907808
423.553951,0.182005,0.190513,2.907808
423.603956,0.180568,0.191404,2.907808
423.653954,0.180264,0.193687,2.907808
423.703966,0.195742,0.203240,2.907808
423.753928,0.232043,0.245527,2.907808
423.803935,0.258736,0.272385,2.907808
423.853936,0.291094,0.289535,2.907808
423.903943,0.310806,0.307455,3.082039
423.953944,0.339155,0.323884,3.382123
424.003939,0.364976,0.335774,3.382123
424.053947,0.384969,0.344523,3.382123
424.103949,0.376546,0.347681,3.382123
424.153948,0.353668,0.322584,3.382123
424.203949,0.331076,0.298259,3.382123
424.253961,0.310787,0.286220,3.382123
424.303956,0.286977,0.273715,3.382123
424.353969,0.263832,0.263371,3.382123
424.403973,0.251406,0.269231,3.382123
424.453959,0.243734,0.276729,3.382123
424.503935,0.253829,0.279980,3.382123
424.557410,0.266969,0.282495,3.382123
424.603942,0.275614,0.285837,3.382123
424.653942,0.264631,0.257698,3.382123
424.703944,0.253551,0.235066,3.382123
424.753943,0.227796,0.210435,3.382123
424.803959,0.200765,0.191782,3.382123
424.853958,0.172616,0.172333,3.382123
424.903962,0.147425,0.160843,3.516294
424.953949,0.130216,0.165146,3.725115
425.003966,0.125940,0.154979,3.725115
425.053975,0.129178,0.157486,3.725115
425.107365,0.135079,0.156703,3.725115
425.153968,0.143297,0.160124,3.725115
425.207360,0.154933,0.162986,3.725115
425.253942,0.161298,0.162509,3.725115
425.303949,0.157998,0.162056,3.725115
425.353945,0.160542,0.156315,3.725115
425.403948,0.150852,0.145079,3.725115
425.453958,0.148002,0.142775,3.725115
425.503956,0.142205,0.140862,3.725115
425.553963,0.139788,0.144190,3.725115
425.603958,0.135055,0.140841,3.725115
425.653968,0.130490,0.138302,3.725115
425.703964,0.129158,0.135433,3.725115
425.753966,0.131527,0.131716,3.725115
425.803972,0.129924,0.129901,3.725115
425.853979,0.128885,0.128967,3.725115
425.903977,0.124275,0.128194,3.697957
425.953976,0.123975,0.127572,3.661776
426.003947,0.123237,0.126962,3.661776
426.053954,0.125813,0.130198,3.661776
426.103961,0.131431,0.135260,3.661776
426.153955,0.152854,0.162274,3.661776
426.203963,0.177935,0.189681,3.661776
426.253967,0.198388,0.205089,3.661776
426.303966,0.226188,0.227456,3.661776
426.353977,0.250548,0.242101,3.661776
426.417253,0.257469,0.232231,3.661776
426.453975,0.279116,0.247178,3.661776
426.503963,0.270941,0.240396,3.661776
426.553976,0.259990,0.236869,3.661776
426.603983,0.253555,0.233878,3.661776
426.653987,0.238875,0.229918,3.661776
426.703986,0.247940,0.256825,3.661776
426.753955,0.267223,0.271028,3.661776
426.803955,0.261282,0.269643,3.661776
426.853961,0.264540,0.262759,3.661776
426.903967,0.268170,0.259610,3.587446
426.967207,0.274202,0.260210,3.475204
427.003971,0.273259,0.249900,3.475204
427.053969,0.244983,0.233487,3.475204
427.103970,0.218218,0.215044,3.475204
427.153977,0.206021,0.207830,3.475204
427.203979,0.197871,0.201932,3.475204
427.253980,0.193846,0.205290,3.475204
427.303989,0.186607,0.206713,3.475204
427.353990,0.182128,0.200898,3.475204
427.403992,0.188289,0.202885,3.475204
427.453993,0.198501,0.204756,3.475204
427.517164,0.204055,0.207400,3.475204
427.553968,0.208997,0.208603,3.475204
427.603965,0.225525,0.233882,3.475204
427.656523,0.229121,0.234575,3.475204
427.703980,0.244260,0.244289,3.475204
427.753975,0.279114,0.286223,3.475204
427.803982,0.302193,0.303786,3.475204
427.853983,0.315895,0.305899,3.475204
427.905875,0.325678,0.301161,3.405337
427.953993,0.320924,0.301088,3.310323
428.003992,0.331799,0.303450,3.310323
428.053994,0.334075,0.302784,3.310323
428.103998,0.322702,0.317025,3.310323
428.153988,0.336737,0.348119,3.310323
428.204005,0.335063,0.339070,3.310323
428.253970,0.373047,0.380855,3.310323
428.303971,0.370222,0.360891,3.310323
428.353978,0.358194,0.334549,3.310323
428.403977,0.369239,0.343109,3.310323
428.453978,0.360540,0.337045,3.310323
428.503980,0.335367,0.328812,3.310323
428.553983,0.334770,0.322303,3.310323
428.603987,0.282077,0.294093,3.310323
428.653993,0.308263,0.328309,3.310323
428.703992,0.338562,0.350811,3.310323
428.754004,0.342402,0.361561,3.310323
428.803997,0.338244,0.345966,3.310323
428.854002,0.328250,0.321886,3.310323
428.904001,0.343679,0.338333,3.373819
428.954003,0.344203,0.307615,3.475203
429.003979,0.304355,0.283442,3.475203
429.053983,0.266536,0.262020,3.475203
429.103983,0.235237,0.246620,3.475203
429.153987,0.221415,0.234698,3.475203
429.203990,0.215836,0.225056,3.475203
429.253990,0.189683,0.223972,3.475203
429.303996,0.192967,0.220634,3.475203
429.353995,0.196332,0.218428,3.475203
429.403996,0.197446,0.211516,3.475203
429.454004,0.200640,0.210655,3.475203
429.505759,0.202657,0.209192,3.475203
429.554012,0.202673,0.204678,3.475203
429.604000,0.213641,0.223261,3.475203
429.655731,0.220131,0.229194,3.475203
429.704024,0.225638,0.232935,3.475203
429.753985,0.231531,0.231289,3.475203
429.806342,0.232322,0.227582,3.475203
429.853988,0.234781,0.226271,3.475203
429.925719,0.240176,0.225649,3.896749
429.953998,0.229244,0.224594,4.207253
430.004003,0.222752,0.221300,4.207253
430.056017,0.218018,0.220076,4.207253
430.103999,0.218044,0.220973,4.207253
430.154008,0.249058,0.262784,4.207253
430.204006,0.278045,0.294991,4.207253
430.254014,0.307380,0.321737,4.207253
430.304020,0.336990,0.343140,4.207253
430.354004,0.342438,0.323787,4.207253
430.404012,0.373964,0.346257,4.207253
430.454012,0.384108,0.335885,4.207253
430.503990,0.358823,0.319332,4.207253
430.553993,0.334862,0.306703,4.207253
430.603998,0.310944,0.297660,4.207253
430.655251,0.287053,0.290493,4.207253
430.704004,0.288393,0.283607,4.207253
430.754003,0.262360,0.277502,4.207253
430.804004,0.263458,0.282308,4.207253
430.854007,0.257887,0.268590,4.207253
430.904011,0.247377,0.251398,4.506376
430.954017,0.239469,0.242371,4.970210
431.016891,0.222182,0.222158,4.970210
431.054023,0.215098,0.219092,4.970210
431.104029,0.208380,0.216482,4.970210
431.154029,0.205185,0.228924,4.970210
431.204019,0.212543,0.236271,4.970210
431.254001,0.226680,0.245325,4.970210
431.304005,0.236897,0.251869,4.970210
431.354002,0.256550,0.257278,4.970210
431.404007,0.267015,0.262034,4.970210
431.454006,0.278017,0.266251,4.970210
431.504013,0.306121,0.307813,4.970210
431.554020,0.336027,0.341059,4.970210
431.604014,0.363756,0.367730,4.970210
431.654017,0.391576,0.388732,4.970210
431.704019,0.365865,0.331097,4.970210
431.754017,0.341287,0.286648,4.970210
431.804031,0.323540,0.261102,4.970210
431.854022,0.278329,0.240586,4.970210
431.904034,0.233086,0.224261,5.212634
431.954031,0.215052,0.248948,5.586511
432.004007,0.199135,0.271282,5.586511
432.054012,0.236452,0.289230,5.586511
432.104017,0.270529,0.300633,5.586511
432.154008,0.266100,0.266469,5.586511
432.204016,0.275287,0.257697,5.586511
432.254016,0.284495,0.250918,5.586511
432.306764,0.289047,0.276729,5.586511
432.354030,0.294325,0.300979,5.586511
432.404029,0.299114,0.319659,5.586511
432.454035,0.306320,0.334722,5.586511
432.504026,0.343991,0.346059,5.586511
432.554034,0.365804,0.352413,5.586511
432.604045,0.375428,0.340267,5.586511
432.654041,0.354553,0.318723,5.586511
432.704045,0.331427,0.302046,5.586511
432.755744,0.308853,0.288930,5.586511
432.804014,0.293609,0.288809,5.586511
432.876729,0.270445,0.277027,5.586511
432.904022,0.273845,0.301958,5.885246
432.954021,0.253264,0.270959,6.001919
433.004032,0.244712,0.251505,6.001919
433.054026,0.238552,0.239853,6.001919
433.104033,0.239505,0.240209,6.001919
433.154030,0.219683,0.222068,6.001919
433.204034,0.211659,0.212379,6.001919
433.267316,0.182010,0.208959,6.001919
433.304057,0.196199,0.216512,6.001919
433.354046,0.234348,0.261122,6.001919
433.404036,0.269146,0.296117,6.001919
433.454039,0.295183,0.321361,6.001919
433.504017,0.337152,0.345550,6.001919
433.554023,0.374454,0.364210,6.001919
433.604024,0.411158,0.381920,6.001919
433.654033,0.443706,0.400125,6.001919
433.704034,0.443666,0.408008,6.001919
433.754035,0.446444,0.417504,6.001919
433.804042,0.449138,0.422294,6.001919
433.854033,0.450798,0.428693,6.001919
433.904042,0.453357,0.434368,6.069642
433.954032,0.453866,0.438770,6.175504
434.004040,0.463708,0.459377,6.175504
434.054054,0.479129,0.477012,6.175504
434.104050,0.494462,0.494177,6.175504
434.154055,0.511628,0.507722,6.175504
434.204057,0.524019,0.514320,6.175504
434.254029,0.537025,0.520896,6.175504
434.304033,0.550363,0.526465,6.175504
434.354034,0.550564,0.529819,6.175504
434.404035,0.550753,0.533569,6.175504
434.454041,0.549111,0.536906,6.175504
434.504040,0.547273,0.539286,6.175504
434.554042,0.547313,0.539779,6.175504
434.604049,0.542779,0.535289,6.175504
434.654052,0.527395,0.516606,6.175504
434.704051,0.462425,0.430962,6.175504
434.754056,0.406227,0.375879,6.175504
434.804061,0.350186,0.331918,6.175504
434.854056,0.293923,0.296542,6.175504
434.904057,0.293527,0.345204,6.186854
434.954066,0.296768,0.384213,6.205895
435.004033,0.310924,0.415520,6.205895
435.054034,0.342201,0.393785,6.205895
435.104034,0.346725,0.352669,6.205895
435.154043,0.345563,0.312076,6.205895
435.204045,0.344261,0.278367,6.205895
435.254044,0.287913,0.250309,6.205895
435.304051,0.234242,0.231860,6.205895
435.354048,0.182171,0.217429,6.205895
435.404050,0.165334,0.209508,6.205895
435.454068,0.169620,0.207716,6.205895
435.504058,0.178225,0.207255,6.205895
435.554064,0.238369,0.284179,6.205895
435.604066,0.285150,0.323250,6.205895
435.654066,0.332375,0.358223,6.205895
435.704066,0.385317,0.394769,6.205895
435.754035,0.449251,0.443316,6.205895
435.804046,0.517013,0.487289,6.205895
435.854043,0.592811,0.533032,6.205895
435.904043,0.598442,0.555500,6.308562
435.954047,0.623294,0.574736,6.469295
436.004057,0.642881,0.586958,6.469295
436.066102,0.654949,0.595031,6.469295
436.104055,0.669072,0.623840,6.469295
436.154058,0.653552,0.610066,6.469295
436.204075,0.621513,0.587119,6.469295
436.254064,0.591963,0.557786,6.469295
436.304070,0.566574,0.541306,6.469295
436.354073,0.540480,0.523547,6.469295
436.404073,0.522011,0.516809,6.469295
436.454077,0.489344,0.515188,6.469295
436.504043,0.467680,0.493059,6.469295
436.554050,0.460380,0.483979,6.469295
436.604050,0.472890,0.493463,6.469295
436.655772,0.450798,0.458823,6.469295
436.704061,0.435399,0.436065,6.469295
436.754060,0.407431,0.407431,6.469295
436.804059,0.379790,0.389357,6.469295
436.854064,0.371759,0.381322,6.469295
436.904066,0.360190,0.377670,6.422543
436.954070,0.392773,0.453379,6.354795
437.004071,0.436385,0.489068,6.354795
437.054074,0.461289,0.495708,6.354795
437.104082,0.507647,0.520540,6.354795
437.154086,0.515357,0.490238,6.354795
437.205736,0.543440,0.500180,6.354795
437.254055,0.565664,0.500643,6.354795
437.304053,0.515438,0.480725,6.354795
437.354061,0.489696,0.477397,6.354795
437.404062,0.468728,0.457908,6.354795
437.454062,0.435188,0.444171,6.354795
437.504084,0.442399,0.439377,6.354795
437.554065,0.421741,0.430615,6.354795
437.604070,0.401273,0.416331,6.354795
437.654085,0.397655,0.408135,6.354795
437.705685,0.381984,0.396969,6.354795
437.754083,0.372638,0.380652,6.354795
437.804090,0.356352,0.359377,6.354795
437.854086,0.350934,0.363946,6.354795
437.904085,0.345750,0.362736,6.400470
437.954093,0.334699,0.345944,6.472384
438.004060,0.309242,0.316617,6.472384
438.054064,0.293366,0.301871,6.472384
438.104069,0.280408,0.286666,6.472384
438.154078,0.276183,0.278329,6.472384
438.204068,0.256663,0.271914,6.472384
438.265032,0.250018,0.279655,6.472384
438.304081,0.277572,0.317979,6.472384
438.354072,0.287699,0.308236,6.472384
438.404077,0.310849,0.327681,6.472384
438.454091,0.324200,0.325798,6.472384
438.504084,0.318923,0.302471,6.472384
438.554086,0.313002,0.283087,6.472384
438.604083,0.316224,0.293185,6.472384
438.654089,0.297622,0.302779,6.472384
438.704113,0.307153,0.309511,6.472384
438.754068,0.293058,0.308937,6.472384
438.804069,0.294717,0.312901,6.472384
438.854069,0.313112,0.318271,6.472384
438.904074,0.332381,0.322773,6.590070
438.954080,0.358323,0.361206,6.770825
439.004074,0.381538,0.389752,6.770825
439.054080,0.403434,0.409746,6.770825
439.104090,0.430074,0.426355,6.770825
439.154083,0.453047,0.439254,6.770825
439.215583,0.478755,0.455398,6.770825
439.254095,0.500749,0.463041,6.770825
439.305553,0.517938,0.497492,6.770825
439.354103,0.531587,0.516621,6.770825
439.404101,0.544016,0.527481,6.770825
439.454114,0.558491,0.540955,6.770825
439.504073,0.585276,0.569607,6.770825
439.554081,0.601405,0.583037,6.770825
439.604080,0.626216,0.600142,6.770825
439.654083,0.632626,0.616146,6.770825
439.704077,0.635772,0.615966,6.770825
439.754086,0.649870,0.626510,6.770825
439.804095,0.616712,0.573751,6.770825
439.854093,0.592453,0.562034,6.770825
439.904089,0.562419,0.534963,6.709511
439.954103,0.542128,0.533193,6.617456
440.004096,0.503317,0.508162,6.617456
440.054102,0.462792,0.473065,6.617456
440.104113,0.408595,0.436160,6.617456
440.154103,0.401781,0.411550,6.617456
440.204104,0.376558,0.396771,6.617456
440.254082,0.380157,0.406861,6.617456
440.304084,0.356039,0.396675,6.617456
440.354089,0.356935,0.401046,6.617456
440.404093,0.368686,0.404771,6.617456
440.454095,0.406213,0.434381,6.617456
440.504092,0.427833,0.439707,6.617456
440.554096,0.464119,0.469419,6.617456
440.604097,0.459112,0.457947,6.617456
440.654110,0.459477,0.437400,6.617456
440.704098,0.450838,0.421564,6.617456
440.754097,0.430378,0.393845,6.617456
440.804128,0.413856,0.403224,6.617456
440.854117,0.398472,0.393298,6.617456
440.904131,0.366224,0.386521,6.734233
440.954136,0.370501,0.397522,6.912432
441.004088,0.376391,0.397651,6.912432
441.054090,0.388242,0.406394,6.912432
441.104093,0.410850,0.413432,6.912432
441.154094,0.411255,0.419107,6.912432
441.204099,0.423002,0.422322,6.912432
441.254101,0.429994,0.419946,6.912432
441.304104,0.429655,0.423970,6.912432
441.354105,0.429671,0.418659,6.912432
441.404105,0.432907,0.427721,6.912432
441.454109,0.429971,0.426258,6.912432
441.504110,0.433399,0.433508,6.912432
441.554123,0.427324,0.426211,6.912432
441.604118,0.428420,0.424707,6.912432
441.654121,0.417462,0.412295,6.912432
441.704125,0.410328,0.398732,6.912432
441.754090,0.392147,0.386456,6.912432
441.804097,0.390775,0.391225,6.912432
441.854096,0.376199,0.385057,6.912432
441.904102,0.373466,0.383991,6.795747
441.954107,0.366428,0.381165,6.617454
442.004107,0.367525,0.379033,6.617454
442.054116,0.379284,0.388614,6.617454
442.104106,0.391674,0.395730,6.617454
442.154116,0.391562,0.398408,6.617454
442.204114,0.399212,0.401504,6.617454
442.254121,0.403652,0.403343,6.617454
442.304127,0.399156,0.390287,6.617454
442.354133,0.388387,0.371183,6.617454
442.404126,0.371080,0.358159,6.617454
442.454120,0.357886,0.352963,6.617454
442.504101,0.349687,0.352664,6.617454
442.554100,0.336715,0.346913,6.617454
442.604108,0.324506,0.342542,6.617454
442.654110,0.323460,0.340071,6.617454
442.704110,0.328123,0.337554,6.617454
442.754117,0.330663,0.334961,6.617454
442.804118,0.330560,0.334366,6.617454
442.854121,0.319927,0.322826,6.617454
442.904121,0.305360,0.302518,6.628799
442.954117,0.284547,0.277620,6.648081
443.004133,0.272230,0.270811,6.648081
443.054139,0.250257,0.251510,6.648081
443.104127,0.227179,0.234071,6.648081
443.154155,0.204158,0.221409,6.648081
443.204152,0.189724,0.212159,6.648081
443.254106,0.182556,0.203980,6.648081
443.304111,0.181733,0.197882,6.648081
443.354117,0.171048,0.192157,6.648081
443.404122,0.175813,0.194987,6.648081
443.456457,0.171599,0.182969,6.648081
443.504126,0.180781,0.193416,6.648081
443.554122,0.186095,0.197426,6.648081
443.604131,0.190328,0.198423,6.648081
443.654119,0.195305,0.199667,6.648081
443.704132,0.192904,0.189272,6.648081
443.754141,0.192693,0.192487,6.648081
443.804133,0.216821,0.215254,6.648081
443.854146,0.222243,0.227293,6.648081
443.904145,0.234036,0.241300,6.705191
443.954142,0.244782,0.248484,6.792665
444.004120,0.266265,0.269334,6.792665
444.054116,0.288408,0.275465,6.792665
444.104117,0.306596,0.287516,6.792665
444.154125,0.305397,0.289390,6.792665
444.204130,0.307132,0.288580,6.792665
444.254125,0.308431,0.291608,6.792665
444.304130,0.312711,0.294017,6.792665
444.354131,0.316559,0.311701,6.792665
444.404140,0.321387,0.316758,6.792665
444.454135,0.326898,0.328921,6.792665
444.504146,0.354261,0.360881,6.792665
444.554149,0.384983,0.388779,6.792665
444.604152,0.410169,0.407042,6.792665
444.654146,0.429523,0.413494,6.792665
444.704155,0.440254,0.422498,6.792665
444.754124,0.460981,0.434515,6.792665
444.804127,0.475101,0.442815,6.792665
444.854136,0.490609,0.473679,6.792665
444.904131,0.503610,0.497514,6.781080
444.954138,0.514861,0.509973,6.764909
445.004140,0.533079,0.521009,6.764909
445.054137,0.550259,0.531619,6.764909
445.104163,0.547635,0.517939,6.764909
445.154140,0.542588,0.502456,6.764909
445.204150,0.520292,0.490577,6.764909
445.254156,0.500092,0.483339,6.764909
445.304155,0.481042,0.471982,6.764909
445.354160,0.452398,0.450562,6.764909
445.404165,0.411267,0.417796,6.764909
445.454154,0.409881,0.424660,6.764909
445.504129,0.403779,0.419058,6.764909
445.554130,0.394424,0.410982,6.764909
445.604136,0.392514,0.415125,6.764909
445.654145,0.377042,0.396114,6.764909
445.704145,0.381404,0.395921,6.764909
445.754142,0.377185,0.369384,6.764909
445.804148,0.343551,0.338356,6.764909
445.854144,0.325551,0.325183,6.764909
445.904151,0.310343,0.315272,6.833008
445.954151,0.288179,0.308254,6.939593
446.004160,0.285047,0.306295,6.939593
446.054164,0.280165,0.315884,6.939593
446.104156,0.302650,0.336162,6.939593
446.154165,0.347621,0.374415,6.939593
446.204931,0.365351,0.378614,6.939593
446.254134,0.401056,0.409525,6.939593
446.304136,0.441846,0.441213,6.939593
446.354281,0.473232,0.455586,6.939593
446.404145,0.498117,0.470724,6.939593
446.464341,0.516148,0.485421,6.939593
446.504348,0.519344,0.498464,6.939593
446.564327,0.527452,0.489303,6.939593
446.604157,0.508857,0.471971,6.939593
446.664335,0.502301,0.482109,6.939593
446.714311,0.463128,0.433355,6.939593
446.774317,0.415592,0.386530,6.939593
446.814306,0.369999,0.354170,6.939593
446.864308,0.331993,0.339351,6.939593
446.924344,0.307612,0.327018,6.904454
446.954165,0.284356,0.310380,6.890121
447.004139,0.245391,0.299093,6.890121
447.054148,0.250287,0.293610,6.890121
447.104151,0.264075,0.294133,6.890121
447.154148,0.264883,0.281584,6.890121
447.204160,0.277143,0.298360,6.890121
447.254150,0.275478,0.292064,6.890121
447.314331,0.285033,0.296375,6.890121
447.364416,0.286652,0.289948,6.890121
447.404167,0.322839,0.336511,6.890121
447.454171,0.353319,0.370879,6.890121
447.504176,0.393465,0.398955,6.890121
447.554186,0.375563,0.367037,6.890121
447.604179,0.376493,0.348922,6.890121
447.654191,0.376102,0.341032,6.890121
447.704175,0.378645,0.329353,6.890121
447.754147,0.342471,0.317156,6.890121
447.804158,0.303869,0.301710,6.890121
447.854153,0.273262,0.300583,6.890121
447.904159,0.281163,0.299362,6.897922
447.954157,0.287720,0.304154,6.911703
448.004161,0.295415,0.315966,6.911703
448.054169,0.339668,0.371303,6.911703
448.104171,0.361131,0.380651,6.911703
448.154168,0.386478,0.387721,6.911703
448.204175,0.391069,0.376171,6.911703
448.254167,0.405230,0.379535,6.911703
448.304178,0.415485,0.382731,6.911703
448.354184,0.420590,0.386002,6.911703
448.404185,0.393684,0.389770,6.911703
448.454190,0.390118,0.390359,6.911703
448.504154,0.389978,0.395337,6.911703
448.554156,0.390708,0.383042,6.911703
448.604162,0.425326,0.433135,6.911703
448.654162,0.429033,0.430845,6.911703
448.704170,0.468350,0.479586,6.911703
448.754179,0.461155,0.454834,6.911703
448.825384,0.482156,0.471286,6.911703
448.854179,0.503773,0.491252,6.911703
448.904180,0.551785,0.526880,6.911817
448.954178,0.571307,0.575371,6.912426
449.004189,0.579140,0.555540,6.912426
449.054191,0.532485,0.514109,6.912426
449.104184,0.563144,0.525552,6.912426
449.154193,0.575464,0.545184,6.912426
449.204190,0.573744,0.546866,6.912426
449.254161,0.518769,0.494508,6.912426
449.304163,0.419429,0.409935,6.912426
449.354165,0.407124,0.405770,6.912426
449.404176,0.410457,0.398787,6.912426
449.484082,0.358580,0.360718,6.912426
449.504179,0.312445,0.349181,6.912426
449.554176,0.270917,0.332390,6.912426
449.604180,0.271510,0.323865,6.912426
449.654182,0.304283,0.319499,6.912426
449.704181,0.303262,0.331804,6.912426
449.754199,0.305789,0.343386,6.912426
449.804173,0.318096,0.333869,6.912426
449.854185,0.310691,0.316960,6.912426
449.904188,0.315570,0.313839,6.923325
449.954194,0.319118,0.314264,6.941751
450.004237,0.320117,0.311871,6.941751
450.054170,0.308166,0.308768,6.941751
450.104178,0.304273,0.318860,6.941751
450.154182,0.305228,0.315638,6.941751
450.204180,0.301292,0.296475,6.941751
450.254198,0.297731,0.292718,6.941751
450.304183,0.293603,0.292284,6.941751
450.354190,0.291659,0.292082,6.941751
450.404196,0.287235,0.287204,6.941751
450.454187,0.274320,0.283422,6.941751
450.504202,0.276652,0.290747,6.941751
450.564010,0.274409,0.273629,6.941751
450.604190,0.275285,0.275685,6.941751
450.654200,0.269910,0.271102,6.941751
450.704203,0.264963,0.268249,6.941751
450.754176,0.273705,0.280408,6.941751
450.825237,0.272117,0.275744,6.941751
450.854179,0.263262,0.272207,6.941751
450.904182,0.262880,0.258221,6.870915
450.954186,0.267337,0.269499,6.764905
451.004186,0.286800,0.293463,6.764905
451.054197,0.294195,0.296577,6.764905
451.104193,0.281929,0.285830,6.764905
451.154195,0.293325,0.295879,6.764905
451.204197,0.292541,0.287057,6.764905
451.254204,0.302227,0.283599,6.764905
451.304210,0.302373,0.290066,6.764905
451.354212,0.292212,0.296114,6.764905
451.404214,0.285488,0.289280,6.764905
451.454215,0.284533,0.278423,6.764905
451.504182,0.265047,0.262537,6.764905
451.554189,0.247392,0.235756,6.764905
451.604184,0.232368,0.221494,6.764905
451.654190,0.216478,0.218078,6.764905
451.704191,0.199753,0.214988,6.764905
451.754197,0.203338,0.229526,6.764905
451.804201,0.236571,0.277061,6.764905
451.854200,0.251110,0.281726,6.764905
451.904200,0.262334,0.266299,6.657823
451.954211,0.294541,0.291578,6.498301
452.004214,0.323877,0.315710,6.498301
452.073869,0.333231,0.306248,6.498301
452.104216,0.335441,0.305801,6.498301
452.154211,0.324362,0.322262,6.498301
452.214475,0.337039,0.335404,6.498301
452.254191,0.344665,0.319512,6.498301
452.304191,0.350153,0.342376,6.498301
452.354202,0.353603,0.361508,6.498301
452.404198,0.373446,0.371105,6.498301
452.454199,0.414286,0.414569,6.498301
452.504203,0.421365,0.419212,6.498301
452.554207,0.427242,0.420254,6.498301
452.604207,0.435118,0.397803,6.498301
452.654212,0.429814,0.398338,6.498301
452.704215,0.431736,0.409329,6.498301
452.754220,0.439128,0.419591,6.498301
452.804226,0.406090,0.406985,6.498301
452.854215,0.404948,0.411614,6.498301
452.933790,0.404173,0.413342,6.296799
452.954227,0.424233,0.420510,6.174681
453.023794,0.404445,0.388703,6.174681
453.054203,0.396079,0.389931,6.174681
453.104203,0.375293,0.374124,6.174681
453.154203,0.363709,0.354078,6.174681
453.204216,0.331855,0.323942,6.174681
453.254216,0.314262,0.314531,6.174681
453.304210,0.309005,0.337471,6.174681
453.354219,0.342668,0.369828,6.174681
453.433749,0.326585,0.354490,6.174681
453.454217,0.355248,0.385769,6.174681
453.504224,0.384959,0.405198,6.174681
453.554223,0.432184,0.431216,6.174681
453.604233,0.470701,0.454219,6.174681
453.654233,0.489143,0.475141,6.174681
453.704236,0.501667,0.497471,6.174681
453.754207,0.540758,0.511345,6.174681
453.804210,0.553864,0.528056,6.174681
453.883710,0.563730,0.532518,6.174681
453.904216,0.581303,0.559947,6.175442
453.974957,0.585123,0.562201,6.175490
454.004217,0.591607,0.570767,6.175490
454.054222,0.607774,0.596227,6.175490
454.104220,0.582061,0.554548,6.175490
454.154224,0.556072,0.526947,6.175490
454.204229,0.536212,0.503977,6.175490
454.254228,0.500010,0.482095,6.175490
454.304237,0.475086,0.466489,6.175490
454.354238,0.446662,0.450528,6.175490
454.404238,0.407832,0.446099,6.175490
454.454250,0.404527,0.431463,6.175490
454.523663,0.399202,0.422676,6.175490
454.554211,0.409998,0.435617,6.175490
454.604214,0.400288,0.413828,6.175490
454.654216,0.397350,0.408523,6.175490
454.704226,0.390074,0.394294,6.175490
454.773657,0.366982,0.368214,6.175490
454.833643,0.354284,0.351252,6.175490
454.863632,0.346492,0.347446,6.175490
454.904234,0.342907,0.371541,6.045132
454.954239,0.341176,0.360351,5.912310
455.004237,0.329433,0.348983,5.912310
455.054246,0.337793,0.358655,5.912310
455.104234,0.352982,0.361028,5.912310
455.154246,0.368034,0.366683,5.912310
455.204253,0.372359,0.365772,5.912310
455.254215,0.357481,0.365237,5.912310
455.304216,0.365053,0.365913,5.912310
455.354230,0.373198,0.364806,5.912310
455.404223,0.368388,0.364562,5.912310
455.454229,0.363432,0.358779,5.912310
455.504236,0.343439,0.336806,5.912310
455.554242,0.329316,0.322090,5.912310
455.604244,0.311443,0.305625,5.912310
455.654243,0.296822,0.297787,5.912310
455.704239,0.283257,0.291192,5.912310
455.754246,0.268814,0.285498,5.912310
455.804252,0.271379,0.299159,5.912310
455.854244,0.286344,0.310101,5.912310
455.904255,0.299945,0.319661,5.898920
455.954259,0.319295,0.330746,5.880400
456.004220,0.330623,0.333963,5.880400
456.054227,0.342714,0.336989,5.880400
456.104229,0.348081,0.329626,5.880400
456.154230,0.347775,0.333880,5.880400
456.204228,0.348100,0.338244,5.880400
456.254238,0.345564,0.338886,5.880400
456.304249,0.327031,0.320036,5.880400
456.354240,0.329881,0.329108,5.880400
456.404242,0.329492,0.333000,5.880400
456.454252,0.328066,0.324135,5.880400
456.504246,0.307284,0.300261,5.880400
456.554254,0.281779,0.275638,5.880400
456.604255,0.269948,0.272553,5.880400
456.654257,0.264558,0.259497,5.880400
456.704265,0.252688,0.264123,5.880400
456.754230,0.238194,0.260666,5.880400
456.804232,0.232434,0.257978,5.880400
456.854250,0.241047,0.259320,5.880400
456.904243,0.250454,0.255579,5.880940
456.964078,0.237571,0.238365,5.883800
457.004251,0.271984,0.280350,5.883800
457.074070,0.262836,0.268151,5.883800
457.104250,0.291086,0.303935,5.883800
457.154255,0.290777,0.292383,5.883800
457.204252,0.280976,0.273146,5.883800
457.254261,0.283185,0.269740,5.883800
457.304257,0.303543,0.278181,5.883800
457.354265,0.288450,0.290939,5.883800
457.404274,0.298907,0.291137,5.883800
457.454267,0.283379,0.300776,5.883800
457.504237,0.296649,0.308468,5.883800
457.554245,0.313158,0.309135,5.883800
457.604244,0.302715,0.283730,5.883800
457.654250,0.283531,0.262492,5.883800
457.704247,0.264414,0.251761,5.883800
457.754250,0.252446,0.243016,5.883800
457.804251,0.242249,0.248047,5.883800
457.854262,0.219741,0.234766,5.883800
457.914001,0.200889,0.223758,5.824642
457.954261,0.214086,0.233939,5.766986
458.004268,0.227733,0.241751,5.766986
458.054267,0.250152,0.266632,5.766986
458.104271,0.265292,0.276147,5.766986
458.154269,0.272472,0.284558,5.766986
458.204282,0.287850,0.285450,5.766986
458.254247,0.304648,0.287758,5.766986
458.304251,0.311404,0.294249,5.766986
458.354260,0.322943,0.306542,5.766986
458.404254,0.315032,0.307436,5.766986
458.454256,0.316353,0.310669,5.766986
458.504261,0.309553,0.302477,5.766986
458.573946,0.312864,0.304525,5.766986
458.604260,0.316493,0.307878,5.766986
458.654267,0.315798,0.309635,5.766986
458.704267,0.327460,0.335199,5.766986
458.754279,0.341195,0.349590,5.766986
458.804265,0.345744,0.350781,5.766986
458.854276,0.356207,0.349200,5.766986
458.904285,0.357989,0.344305,5.635815
458.954284,0.372845,0.360569,5.439701
459.004259,0.385836,0.369783,5.439701
459.054259,0.374794,0.367943,5.439701
459.104257,0.365683,0.363068,5.439701
459.154256,0.365182,0.360888,5.439701
459.204268,0.366184,0.358791,5.439701
459.254268,0.368009,0.354513,5.439701
459.304273,0.355567,0.351326,5.439701
459.354274,0.345073,0.347633,5.439701
459.404273,0.330644,0.329860,5.439701
459.454279,0.314589,0.309986,5.439701
459.504281,0.291896,0.286896,5.439701
459.554283,0.272546,0.272534,5.439701
459.604286,0.251287,0.255755,5.439701
459.654287,0.235344,0.250167,5.439701
459.704298,0.226158,0.253734,5.439701
459.754262,0.219875,0.245942,5.439701
459.804264,0.230893,0.258337,5.439701
459.854268,0.237648,0.255129,5.439701
459.904267,0.240818,0.251636,5.193170
459.954274,0.253427,0.256662,4.821995
460.004274,0.246467,0.240000,4.821995
460.054282,0.226878,0.218585,4.821995
460.104278,0.211700,0.196547,4.821995
460.154288,0.181358,0.176726,4.821995
460.204280,0.161092,0.161759,4.821995
460.254282,0.142861,0.151515,4.821995
460.304293,0.119980,0.143081,4.821995
460.354299,0.115106,0.142134,4.821995
460.404297,0.113916,0.138989,4.821995
460.454295,0.116179,0.136550,4.821995
460.504264,0.117493,0.130924,4.821995
460.554274,0.117071,0.124760,4.821995
460.604272,0.115701,0.119007,4.821995
460.654277,0.114372,0.115281,4.821995
460.705020,0.108331,0.111887,4.821995
460.783828,0.104269,0.109282,4.821995
460.804284,0.100622,0.107919,4.821995
460.854285,0.105076,0.114299,4.821995
460.904287,0.108271,0.115809,4.645857
460.954289,0.110849,0.115372,4.381110
461.004291,0.114773,0.117746,4.381110
461.054299,0.119157,0.120321,4.381110
461.105715,0.122293,0.120503,4.381110
461.154305,0.125288,0.120661,4.381110
461.214393,0.123428,0.121887,4.381110
461.274535,0.124570,0.123571,4.381110
461.314608,0.128649,0.127382,4.381110
461.354284,0.146067,0.151791,4.381110
461.404281,0.154593,0.159463,4.381110
461.454279,0.171392,0.175284,4.381110
461.504288,0.186408,0.185521,4.381110
461.554287,0.206455,0.201899,4.381110
461.604294,0.221918,0.209216,4.381110
461.654306,0.241989,0.223965,4.381110
461.704296,0.250699,0.241344,4.381110
461.754294,0.261284,0.245894,4.381110
461.804294,0.262655,0.246207,4.381110
461.854312,0.266715,0.247740,4.381110
461.904303,0.263932,0.247680,4.088954
461.954297,0.265673,0.248092,3.654928
462.004281,0.260820,0.248346,3.654928
462.054287,0.251393,0.248087,3.654928
462.104289,0.248911,0.247859,3.654928
462.154287,0.242415,0.238757,3.654928
462.204295,0.238307,0.236081,3.654928
462.254310,0.235140,0.233996,3.654928
462.304296,0.241878,0.246526,3.654928
462.354288,0.246005,0.252681,3.654928
462.404315,0.248923,0.255470,3.654928
462.454299,0.252243,0.258136,3.654928
462.504324,0.261840,0.260245,3.654928
462.554316,0.267226,0.261222,3.654928
462.604301,0.272823,0.262169,3.654928
462.654316,0.268182,0.262671,3.654928
462.704320,0.266181,0.262872,3.654928
462.754293,0.265161,0.262222,3.654928
462.804290,0.272350,0.273446,3.654928
462.854297,0.280880,0.284433,3.654928
462.904293,0.274046,0.270985,3.301506
462.954295,0.284660,0.284898,2.844990
463.004304,0.291392,0.290425,2.844990
463.054301,0.297176,0.293108,2.844990
463.104308,0.299465,0.289195,2.844990
463.154313,0.287735,0.278789,2.844990
463.204313,0.287227,0.288026,2.844990
463.254313,0.299855,0.291426,2.844990
463.304314,0.290145,0.287605,2.844990
463.354317,0.280340,0.279108,2.844990
463.404322,0.274014,0.275138,2.844990
463.454319,0.282237,0.286433,2.844990
463.504296,0.286720,0.282878,2.844990
463.573535,0.279078,0.280708,2.844990
463.604301,0.283228,0.291233,2.844990
463.654301,0.284179,0.288612,2.844990
463.704305,0.281573,0.276011,2.844990
463.754305,0.265690,0.250111,2.844990
463.804308,0.253675,0.249621,2.844990
463.854308,0.253921,0.253729,2.844990
463.904318,0.251009,0.253452,2.751140
463.954314,0.234890,0.246955,2.679167
464.004323,0.230457,0.246828,2.679167
464.054315,0.233581,0.247179,2.679167
464.133488,0.246668,0.245266,2.679167
464.154322,0.244975,0.243738,2.679167
464.204330,0.249838,0.255724,2.679167
464.254305,0.256855,0.264917,2.679167
464.304301,0.259707,0.260191,2.679167
464.354305,0.255968,0.252458,2.679167
464.404313,0.272911,0.275521,2.679167
464.468973,0.279748,0.277719,2.679167
464.504318,0.287806,0.280105,2.679167
464.554320,0.289014,0.286523,2.679167
464.604317,0.301301,0.306475,2.679167
464.654323,0.322582,0.323374,2.679167
464.704323,0.348751,0.339905,2.679167
464.773439,0.352057,0.350165,2.679167
464.832802,0.366418,0.357824,2.679167
464.854322,0.383859,0.369357,2.679167
464.904340,0.412110,0.397286,2.832598
464.954334,0.436585,0.429022,3.150256
465.004307,0.464377,0.459541,3.150256
465.054315,0.486662,0.480081,3.150256
465.104314,0.510476,0.494840,3.150256
465.154319,0.535442,0.507903,3.150256
465.204312,0.556347,0.521020,3.150256
465.254344,0.570919,0.538805,3.150256
465.304323,0.583975,0.560248,3.150256
465.354334,0.597131,0.581978,3.150256
465.404329,0.624445,0.616725,3.150256
465.454330,0.642105,0.629676,3.150256
465.512745,0.650364,0.627560,3.150256
465.554333,0.688830,0.670207,3.150256
465.604348,0.696777,0.666756,3.150256
465.654344,0.696291,0.660201,3.150256
465.704345,0.691911,0.656529,3.150256
465.754320,0.672078,0.648844,3.150256
465.804318,0.610349,0.570353,3.150256
465.855306,0.586102,0.545920,3.150256
465.904327,0.525777,0.519289,3.215293
465.954323,0.481873,0.484349,3.418815
466.004328,0.450956,0.470272,3.418815
466.072726,0.418378,0.459998,3.418815
466.104335,0.388348,0.449113,3.418815
466.154335,0.412493,0.445199,3.418815
466.204334,0.407366,0.439387,3.418815
466.254355,0.408401,0.436126,3.418815
466.304343,0.431047,0.450614,3.418815
466.354355,0.436875,0.452093,3.418815
466.404354,0.447391,0.460780,3.418815
466.454361,0.460830,0.468314,3.418815
466.504325,0.553466,0.589021,3.418815
466.554323,0.594901,0.610199,3.418815
466.604329,0.649634,0.647179,3.418815
466.654328,0.680179,0.661834,3.418815
466.704337,0.683071,0.626029,3.418815
466.754339,0.712431,0.642319,3.418815
466.804430,0.719243,0.624467,3.418815
466.854344,0.653779,0.624116,3.418815
466.904346,0.623794,0.595987,3.472612
466.954341,0.602345,0.605278,3.562014
467.012751,0.571513,0.584892,3.562014
467.054349,0.582937,0.580904,3.562014
467.104361,0.557865,0.571526,3.562014
467.154369,0.556127,0.565511,3.562014
467.204355,0.558746,0.580686,3.562014
467.254327,0.569427,0.576265,3.562014
467.304334,0.552340,0.565413,3.562014
467.354339,0.556226,0.558497,3.562014
467.413839,0.547745,0.547503,3.562014
467.454341,0.547972,0.545466,3.562014
467.504344,0.544748,0.540267,3.562014
467.554342,0.526560,0.535015,3.562014
467.604352,0.520704,0.531467,3.562014
467.654345,0.519658,0.528048,3.562014
467.704353,0.525953,0.537565,3.562014
467.754356,0.528347,0.534068,3.562014
467.804365,0.526171,0.531641,3.562014
467.854359,0.514336,0.512676,3.562014
467.904359,0.516489,0.516023,3.981417
467.954364,0.512788,0.511082,4.643165
468.004333,0.521478,0.523944,4.643165
468.054341,0.523092,0.536419,4.643165
468.104337,0.533596,0.547684,4.643165
468.154345,0.541671,0.554002,4.643165
468.204344,0.562358,0.559540,4.643165
468.254358,0.570461,0.564741,4.643165
468.304348,0.584843,0.570310,4.643165
468.354352,0.593427,0.583450,4.643165
468.404352,0.601285,0.594985,4.643165
468.454364,0.607139,0.602624,4.643165
468.504363,0.615086,0.609111,4.643165
468.554363,0.636140,0.633190,4.643165
468.604371,0.671110,0.672680,4.643165
468.654369,0.701512,0.699285,4.643165
468.704378,0.735883,0.734648,4.643165
468.754339,0.751411,0.737599,4.643165
468.804342,0.782073,0.759471,4.643165
468.854346,0.813876,0.778761,4.643165
468.904353,0.841190,0.807289,4.938034
468.954372,0.840261,0.810833,5.383202
469.004355,0.846171,0.818299,5.383202
469.054356,0.843620,0.826462,5.383202
469.104377,0.852997,0.824123,5.383202
469.154359,0.868728,0.850659,5.383202
469.204369,0.885766,0.875585,5.383202
469.254371,0.883432,0.881262,5.383202
469.304372,0.890040,0.879467,5.383202
469.354380,0.895134,0.880375,5.383202
469.404372,0.895870,0.876851,5.383202
469.454377,0.904968,0.877263,5.383202
469.504349,0.892789,0.876185,5.383202
469.554356,0.875645,0.872069,5.383202
469.604358,0.860719,0.857585,5.383202
469.654367,0.849561,0.844957,5.383202
469.704364,0.818507,0.809330,5.383202
469.754370,0.775134,0.759419,5.383202
469.804361,0.748253,0.745106,5.383202
469.854369,0.726290,0.739308,5.383202
469.904374,0.693070,0.715995,5.609958
469.954364,0.673265,0.705246,5.949305
470.004373,0.652039,0.693663,5.949305
470.054395,0.634370,0.663825,5.949305
470.104393,0.640609,0.651536,5.949305
470.154392,0.619572,0.629330,5.949305
470.204393,0.589766,0.605191,5.949305
470.254356,0.574217,0.586901,5.949305
470.304363,0.557225,0.578223,5.949305
470.354359,0.546731,0.577340,5.949305
470.404365,0.556308,0.584173,5.949305
470.454373,0.567840,0.604058,5.949305
470.504370,0.590371,0.622785,5.949305
470.554369,0.614385,0.633476,5.949305
470.604378,0.638210,0.642985,5.949305
470.654380,0.652624,0.642941,5.949305
470.704379,0.672225,0.656384,5.949305
470.754384,0.681490,0.660764,5.949305
470.804384,0.647450,0.617808,5.949305
470.854381,0.658839,0.649777,5.949305
470.904394,0.674587,0.677079,6.233924
470.954399,0.683846,0.690833,6.665048
471.004360,0.707336,0.714225,6.665048
471.054369,0.716532,0.726205,6.665048
471.104366,0.720173,0.721673,6.665048
471.154372,0.755577,0.716237,6.665048
471.204374,0.746970,0.715954,6.665048
471.254379,0.730677,0.707220,6.665048
471.304380,0.724300,0.705468,6.665048
471.354384,0.709990,0.706574,6.665048
471.404382,0.703575,0.710004,6.665048
471.454383,0.697991,0.701352,6.665048
471.504381,0.679240,0.674267,6.665048
471.554396,0.685369,0.691401,6.665048
471.604383,0.693177,0.698377,6.665048
471.654401,0.698527,0.705911,6.665048
471.704404,0.727494,0.747431,6.665048
471.754373,0.769280,0.801233,6.665048
471.804369,0.805579,0.825289,6.665048
471.854375,0.872160,0.866463,6.665048
471.904381,0.914650,0.904412,6.659449
471.954379,0.960499,0.932604,6.660056
472.004382,1.035478,0.999195,6.660056
472.054385,1.140518,1.129231,6.660056
472.112205,1.216409,1.213523,6.660056
472.154400,1.256258,1.210472,6.660056
472.204397,1.278178,1.205197,6.660056
472.254395,1.208709,1.075735,6.660056
472.304403,1.202087,1.059017,6.660056
472.354401,1.143908,1.020972,6.660056
472.404406,0.983448,0.922063,6.660056
472.454408,0.866175,0.884794,6.660056
472.542873,0.770155,0.813054,6.660056
472.554383,0.718462,0.816153,6.660056
472.604379,0.712806,0.755712,6.660056
472.690228,0.648026,0.709865,6.660056
472.704379,0.628845,0.709268,6.660056
472.754389,0.640957,0.687760,6.660056
472.804392,0.611540,0.655921,6.660056
472.854393,0.627407,0.648823,6.660056
472.904404,0.610319,0.673792,6.669809
472.954396,0.622626,0.659283,6.700633
473.004408,0.661895,0.687026,6.700633
473.054406,0.763221,0.831988,6.700633
473.104402,0.822049,0.867983,6.700633
473.154418,0.941822,0.968456,6.700633
473.204416,1.049973,1.048142,6.700633
473.254383,1.120165,1.092465,6.700633
473.304384,1.213067,1.125036,6.700633
473.354396,1.278608,1.150421,6.700633
473.404393,1.258062,1.175413,6.700633
473.454393,1.295399,1.195210,6.700633
473.504394,1.301883,1.239691,6.700633
473.554399,1.288833,1.247145,6.700633
473.604409,1.318728,1.293641,6.700633
473.654407,1.340424,1.315887,6.700633
473.704415,1.256208,1.185289,6.700633
473.754415,1.143066,1.044464,6.700633
473.804407,1.027757,0.928909,6.700633
473.854414,0.899687,0.847619,6.700633
473.904421,0.792412,0.783484,6.725819
473.954417,0.705780,0.801721,6.775927
474.004387,0.596350,0.769142,6.775927
474.054389,0.597674,0.749744,6.775927
474.104394,0.620053,0.727413,6.775927
474.154401,0.655148,0.723913,6.775927
474.204401,0.677022,0.714638,6.775927
474.254400,0.698437,0.706897,6.775927
474.304410,0.694541,0.735026,6.775927
474.354407,0.743182,0.783251,6.775927
474.404409,0.776154,0.807745,6.775927
474.454410,0.808167,0.818202,6.775927
474.504413,0.847321,0.851022,6.775927
474.554428,0.874980,0.856001,6.775927
474.604431,0.898635,0.853518,6.775927
474.654432,0.904656,0.860182,6.775927
474.704433,0.892329,0.866807,6.775927
474.754399,0.879767,0.857362,6.775927
474.804399,0.881948,0.861218,6.775927
474.854408,0.891152,0.895327,6.775927
474.904407,0.900003,0.901382,6.734879
474.954410,0.890500,0.878861,6.684174
475.004417,0.906133,0.894276,6.684174
475.054422,0.949688,0.955012,6.684174
475.104413,0.968465,0.957765,6.684174
475.154418,1.032815,1.030694,6.684174
475.204423,1.072720,1.085696,6.684174
475.254418,1.112706,1.114178,6.684174
475.304427,1.177554,1.142243,6.684174
475.354440,1.218854,1.164422,6.684174
475.404426,1.091992,0.994088,6.684174
475.454444,0.999017,0.859117,6.684174
475.504406,0.853151,0.746395,6.684174
475.554407,0.708662,0.652028,6.684174
475.604410,0.575439,0.584016,6.684174
475.654419,0.436562,0.524000,6.684174
475.704420,0.304010,0.484430,6.684174
475.754416,0.296059,0.438468,6.684174
475.804423,0.293220,0.410972,6.684174
475.854421,0.298506,0.395915,6.684174
475.904428,0.302288,0.377299,6.599920
475.954437,0.303056,0.364980,6.499361
476.004426,0.307701,0.355208,6.499361
476.054447,0.306348,0.347709,6.499361
476.104442,0.321186,0.349966,6.499361
476.154434,0.306257,0.319330,6.499361
476.204437,0.284870,0.292693,6.499361
476.254410,0.269673,0.273533,6.499361
476.320550,0.252364,0.257657,6.499361
476.354413,0.235801,0.245911,6.499361
476.404448,0.219098,0.236581,6.499361
476.463084,0.200183,0.234439,6.499361
476.605553,0.184614,0.205398,6.499361
476.631845,0.190471,0.209867,6.499361
476.644231,0.201011,0.222316,6.499361
476.656507,0.219183,0.241650,6.499361
476.704432,0.233084,0.252700,6.499361
476.754436,0.245024,0.258569,6.499361
476.804438,0.248763,0.257449,6.499361
476.854443,0.265002,0.246587,6.499361
476.904443,0.271552,0.252694,6.495888
476.954453,0.264077,0.246986,6.537746
477.004416,0.265301,0.258080,6.537746
477.054417,0.267795,0.270609,6.537746
477.104423,0.274464,0.283023,6.537746
477.154425,0.276243,0.280352,6.537746
477.204425,0.283123,0.274349,6.537746
477.254429,0.287391,0.281546,6.537746
477.304432,0.302434,0.291363,6.537746
477.354432,0.303853,0.295616,6.537746
477.404435,0.285158,0.274506,6.537746
477.454441,0.270365,0.265371,6.537746
477.504444,0.263528,0.256721,6.537746
477.554446,0.260626,0.251464,6.537746
477.604447,0.249925,0.248071,6.537746
477.654452,0.236623,0.245167,6.537746
477.721826,0.225229,0.242548,6.537746
477.782049,0.230292,0.239689,6.537746
477.822352,0.237262,0.247457,6.537746
477.882338,0.226539,0.227540,6.537746
477.904434,0.222235,0.222025,6.288517
477.954435,0.222426,0.224604,6.275202
478.013992,0.219610,0.222751,6.275202
478.054441,0.227383,0.235304,6.275202
478.104463,0.222828,0.227128,6.275202
478.154449,0.213786,0.224653,6.275202
478.204450,0.223584,0.222655,6.275202
478.254452,0.225282,0.221605,6.275202
478.313554,0.222578,0.220481,6.275202
478.354458,0.224182,0.221755,6.275202
478.404455,0.214749,0.221330,6.275202
478.454457,0.217747,0.220024,6.275202
478.504435,0.224230,0.228070,6.275202
478.554433,0.231626,0.235791,6.275202
478.604442,0.237093,0.239837,6.275202
478.654439,0.245265,0.246548,6.275202
478.721649,0.249936,0.248804,6.275202
478.754449,0.257097,0.252868,6.275202
478.804445,0.262808,0.253350,6.275202
478.854454,0.263720,0.256098,6.275202
478.904447,0.266274,0.261791,6.283797
478.954450,0.263285,0.256485,6.387997
479.004463,0.266148,0.263884,6.387997
479.054454,0.271287,0.269684,6.387997
479.104459,0.272327,0.271266,6.387997
479.154472,0.279768,0.278553,6.387997
479.204474,0.285121,0.283715,6.387997
479.254444,0.287577,0.287348,6.387997
479.304442,0.296892,0.289880,6.387997
479.354448,0.298862,0.293397,6.387997
479.404445,0.300905,0.295875,6.387997
479.454450,0.304799,0.297605,6.387997
479.504455,0.305797,0.301237,6.387997
479.554450,0.307255,0.303958,6.387997
479.604455,0.307831,0.304426,6.387997
479.654457,0.307498,0.303149,6.387997
479.704467,0.312525,0.310972,6.387997
479.754470,0.314298,0.312463,6.387997
479.804472,0.299020,0.289467,6.387997
479.854472,0.284712,0.274608,6.387997
479.904471,0.273287,0.266531,6.530614
479.954482,0.244518,0.234246,6.853311
480.004446,0.217545,0.209476,6.853311
480.054452,0.185486,0.191155,6.853311
480.104446,0.155150,0.174056,6.853311
480.154449,0.141615,0.159854,6.853311
480.204451,0.150804,0.183079,6.853311
480.263091,0.141127,0.179724,6.853311
480.323388,0.142249,0.166820,6.853311
480.363382,0.138985,0.150998,6.853311
480.404464,0.156222,0.168360,6.853311
480.454471,0.163871,0.166233,6.853311
480.504471,0.171835,0.164982,6.853311
480.554469,0.150310,0.157628,6.853311
480.604480,0.143816,0.150379,6.853311
480.654479,0.141873,0.140328,6.853311
480.704482,0.143967,0.132540,6.853311
480.754453,0.129673,0.133049,6.853311
480.804456,0.128167,0.136222,6.853311
480.854456,0.125388,0.137499,6.853311
480.904467,0.130911,0.143341,6.959209
480.954460,0.133627,0.142666,7.151547
481.004464,0.140396,0.143638,7.151547
481.054470,0.147534,0.145249,7.151547
481.123323,0.148170,0.144163,7.151547
481.154478,0.139836,0.133489,7.151547
481.204479,0.150327,0.150000,7.151547
481.254475,0.156611,0.161997,7.151547
481.304477,0.170220,0.176538,7.151547
481.354490,0.176186,0.179519,7.151547
481.404485,0.179321,0.177748,7.151547
481.454493,0.185897,0.179095,7.151547
481.504456,0.201282,0.182232,7.151547
481.554459,0.196504,0.182557,7.151547
481.604475,0.192789,0.183004,7.151547
481.654465,0.205267,0.210782,7.151547
481.704469,0.225465,0.235746,7.151547
481.754474,0.245198,0.250746,7.151547
481.804471,0.263400,0.263034,7.151547
481.854483,0.279940,0.272386,7.151547
481.904484,0.297862,0.280098,7.265254
481.954483,0.315625,0.285878,7.450749
482.004490,0.300708,0.272017,7.450749
482.054487,0.288628,0.267532,7.450749
482.104487,0.269138,0.248769,7.450749
482.154499,0.255011,0.242196,7.450749
482.204502,0.251778,0.251359,7.450749
482.254463,0.242498,0.249894,7.450749
482.304472,0.228560,0.242015,7.450749
482.354470,0.232705,0.242389,7.450749
482.404473,0.239336,0.252567,7.450749
482.454479,0.255703,0.259452,7.450749
482.504480,0.278915,0.284421,7.450749
482.554477,0.279582,0.286223,7.450749
482.604481,0.263583,0.255564,7.450749
482.654484,0.242693,0.216942,7.450749
482.704494,0.226827,0.200332,7.450749
482.754499,0.238630,0.235577,7.450749
482.804493,0.237428,0.244196,7.450749
482.854504,0.211325,0.235590,7.450749
482.904501,0.190487,0.217844,7.642182
482.954503,0.225671,0.250239,7.925480
483.004470,0.270213,0.274897,7.925480
483.054483,0.297909,0.285715,7.925480
483.104473,0.276634,0.274235,7.925480
483.154483,0.273879,0.271252,7.925480
483.204480,0.292639,0.283257,7.925480
483.254488,0.338867,0.320601,7.925480
483.304487,0.354116,0.353418,7.925480
483.354491,0.367577,0.376467,7.925480
483.404489,0.387548,0.395273,7.925480
483.454500,0.422865,0.411375,7.925480
483.504498,0.463359,0.437709,7.925480
483.554498,0.506388,0.476701,7.925480
483.604501,0.507056,0.475967,7.925480
483.654507,0.496847,0.463391,7.925480
483.704509,0.503561,0.473516,7.925480
483.754477,0.494279,0.460234,7.925480
483.804481,0.480050,0.443914,7.925480
483.854486,0.461036,0.436858,7.925480
483.921260,0.425771,0.426333,8.190715
483.956648,0.427496,0.438482,8.405373
484.031209,0.423362,0.427653,8.405373
484.081201,0.404036,0.418001,8.405373
484.104490,0.392312,0.399530,8.405373
484.154493,0.363953,0.354229,8.405373
484.204500,0.333656,0.322631,8.405373
484.254508,0.307261,0.297727,8.405373
484.304510,0.270493,0.284986,8.405373
484.354498,0.236413,0.257034,8.405373
484.431176,0.199339,0.229306,8.405373
484.454526,0.183413,0.226035,8.405373
484.504488,0.176780,0.206303,8.405373
484.554489,0.163010,0.185294,8.405373
484.604496,0.153771,0.175212,8.405373
484.654493,0.141390,0.168128,8.405373
484.704499,0.154007,0.178915,8.405373
484.754490,0.167212,0.184723,8.405373
484.804502,0.162975,0.186257,8.405373
484.854507,0.172467,0.189177,8.405373
484.904511,0.184230,0.189038,8.460516
484.954508,0.191063,0.188934,8.543496
485.004515,0.205057,0.198409,8.543496
485.054498,0.194541,0.187933,8.543496
485.104515,0.189073,0.183878,8.543496
485.154518,0.178731,0.171436,8.543496
485.204523,0.172701,0.169385,8.543496
485.254497,0.180398,0.183721,8.543496
485.304492,0.188854,0.195638,8.543496
485.354495,0.187024,0.200238,8.543496
485.404499,0.191636,0.196320,8.543496
485.454500,0.197728,0.199794,8.543496
485.504505,0.209783,0.201668,8.543496
485.554513,0.213160,0.198610,8.543496
485.604513,0.209268,0.201572,8.543496
485.654518,0.200958,0.198018,8.543496
485.704518,0.202894,0.204799,8.543496
485.754515,0.213484,0.214907,8.543496
485.804524,0.218895,0.222589,8.543496
485.854531,0.230274,0.235710,8.543496
485.921055,0.240077,0.239195,8.521972
485.954531,0.251931,0.249952,8.505372
486.004504,0.265818,0.256605,8.505372
486.054502,0.269962,0.257252,8.505372
486.104505,0.273704,0.261987,8.505372
486.154506,0.275500,0.263558,8.505372
486.204507,0.271691,0.263328,8.505372
486.254513,0.275544,0.266630,8.505372
486.304515,0.273206,0.268638,8.505372
486.354517,0.275193,0.274370,8.505372
486.404522,0.283890,0.283880,8.505372
486.454519,0.281140,0.279172,8.505372
486.504526,0.285396,0.283146,8.505372
486.556129,0.282706,0.274381,8.505372
486.610985,0.275127,0.265330,8.505372
486.663705,0.285777,0.282950,8.505372
486.704536,0.288508,0.289591,8.505372
486.754512,0.294487,0.304600,8.505372
486.804512,0.307958,0.314589,8.505372
486.854509,0.312501,0.317860,8.505372
486.904509,0.325335,0.320076,8.639008
486.954521,0.347064,0.333091,8.837218
487.004518,0.350799,0.342807,8.837218
487.054524,0.364371,0.354086,8.837218
487.104524,0.370150,0.363516,8.837218
487.154530,0.384310,0.380357,8.837218
487.204528,0.401561,0.395033,8.837218
487.254532,0.459294,0.462938,8.837218
487.304537,0.504715,0.511983,8.837218
487.354538,0.550366,0.550630,8.837218
487.404537,0.595341,0.583618,8.837218
487.454551,0.637983,0.606232,8.837218
487.504513,0.669588,0.618832,8.837218
487.554514,0.704543,0.634459,8.837218
487.604521,0.686184,0.629419,8.837218
487.654522,0.671891,0.625394,8.837218
487.704522,0.661434,0.626207,8.837218
487.754524,0.661601,0.644788,8.837218
487.804528,0.709506,0.722178,8.837218
487.854537,0.719280,0.725306,8.837218
487.904528,0.715796,0.714574,8.746855
487.954534,0.707315,0.681724,8.617723
488.004540,0.690388,0.642539,8.617723
488.054545,0.676579,0.621269,8.617723
488.104542,0.596428,0.529745,8.617723
488.154550,0.466674,0.448276,8.617723
488.204550,0.371814,0.373505,8.617723
488.254516,0.290604,0.319615,8.617723
488.304520,0.220995,0.266280,8.617723
488.354528,0.165147,0.224806,8.617723
488.404524,0.099167,0.200718,8.617723
488.454536,0.089038,0.178932,8.617723
488.504535,0.085372,0.162578,8.617723
488.554534,0.086122,0.146492,8.617723
488.604542,0.081742,0.131444,8.617723
488.654547,0.086909,0.123119,8.617723
488.704541,0.088135,0.112417,8.617723
488.754546,0.082512,0.103152,8.617723
488.804558,0.078482,0.096137,8.617723
488.854547,0.073755,0.090146,8.617723
488.904559,0.071109,0.084731,8.591790
488.954563,0.069826,0.080154,8.559632
489.012036,0.069742,0.082532,8.559632
489.054527,0.066370,0.075490,8.559632
489.104531,0.072242,0.081712,8.559632
489.154532,0.087908,0.100959,8.559632
489.204535,0.099322,0.110064,8.559632
489.254536,0.104740,0.108339,8.559632
489.304540,0.108336,0.103823,8.559632
489.354551,0.107472,0.100109,8.559632
489.404546,0.109796,0.093130,8.559632
489.454556,0.109375,0.095070,8.559632
489.504548,0.093302,0.089263,8.559632
489.561990,0.087335,0.092361,8.559632
489.604564,0.088452,0.095792,8.559632
489.654566,0.087399,0.092313,8.559632
489.704563,0.089982,0.094423,8.559632
489.754551,0.093796,0.093947,8.559632
489.804540,0.098454,0.102183,8.559632
489.854536,0.100756,0.098242,8.559632
489.904540,0.098227,0.096026,8.440372
489.954541,0.097533,0.097745,8.265036
490.004542,0.099814,0.097032,8.265036
490.054538,0.097077,0.094400,8.265036
490.104553,0.096771,0.093559,8.265036
490.154557,0.093015,0.096518,8.265036
490.204559,0.098794,0.101598,8.265036
490.261304,0.095523,0.094102,8.265036
490.304565,0.089396,0.087633,8.265036
490.354565,0.091693,0.092442,8.265036
490.404565,0.095583,0.096301,8.265036
490.454606,0.095532,0.095020,8.265036
490.504544,0.099320,0.102883,8.265036
490.554542,0.104040,0.113021,8.265036
490.604548,0.112022,0.114538,8.265036
490.654551,0.119961,0.115177,8.265036
490.704558,0.129853,0.128435,8.265036
490.761312,0.135041,0.132236,8.265036
490.804556,0.138339,0.128288,8.265036
490.854558,0.127787,0.114804,8.265036
490.904559,0.124125,0.117500,8.204943
490.954567,0.120249,0.112617,8.116902
491.004566,0.115991,0.107706,8.116902
491.054575,0.105769,0.108110,8.116902
491.104567,0.095239,0.101326,8.116902
491.154575,0.093792,0.101647,8.116902
491.204577,0.100326,0.102584,8.116902
491.254545,0.103751,0.112258,8.116902
491.304554,0.108549,0.115115,8.116902
491.354556,0.115418,0.119267,8.116902
491.404553,0.130810,0.138817,8.116902
491.454562,0.150521,0.153315,8.116902
491.504557,0.162085,0.160073,8.116902
491.554561,0.173498,0.165450,8.116902
491.604563,0.177369,0.168403,8.116902
491.654566,0.185797,0.171880,8.116902
491.704569,0.188136,0.166888,8.116902
491.754570,0.171402,0.152481,8.116902
491.804575,0.162224,0.150575,8.116902
491.854576,0.152975,0.146533,8.116902
491.904584,0.146834,0.146337,7.927968
491.954579,0.142614,0.147659,7.652693
492.011158,0.131971,0.139904,7.652693
492.054560,0.133388,0.143338,7.652693
492.104559,0.145698,0.150410,7.652693
492.154561,0.144085,0.146193,7.652693
492.204562,0.150171,0.152653,7.652693
492.254567,0.154650,0.157350,7.652693
492.304568,0.157885,0.161161,7.652693
492.354570,0.168398,0.165438,7.652693
492.404574,0.171300,0.167842,7.652693
492.454574,0.173578,0.173213,7.652693
492.504578,0.180684,0.174395,7.652693
492.554582,0.180836,0.175464,7.652693
492.604589,0.183923,0.179897,7.652693
492.654574,0.182028,0.176361,7.652693
492.704589,0.174348,0.166824,7.652693
492.754564,0.158245,0.146427,7.652693
492.804566,0.150955,0.145548,7.652693
492.854565,0.137119,0.132981,7.652693
492.904572,0.127214,0.128580,7.601400
492.954577,0.110097,0.118667,7.527991
493.004571,0.098657,0.111400,7.527991
493.054574,0.097345,0.113018,7.527991
493.104567,0.108218,0.118593,7.527991
493.154580,0.111280,0.127584,7.527991
493.204581,0.117772,0.127694,7.527991
493.254585,0.124861,0.134308,7.527991
493.320424,0.133488,0.135338,7.527991
493.354587,0.143147,0.138212,7.527991
493.404581,0.141131,0.131658,7.527991
493.454598,0.138085,0.129174,7.527991
493.504565,0.118972,0.109097,7.527991
493.554569,0.118807,0.112729,7.527991
493.604574,0.116889,0.119853,7.527991
493.654573,0.113515,0.118842,7.527991
493.704582,0.116169,0.128923,7.527991
493.754582,0.112482,0.119093,7.527991
493.804582,0.120417,0.129855,7.527991
493.854586,0.138868,0.135606,7.527991
493.904594,0.134966,0.128332,7.397787
493.954578,0.129177,0.124314,7.207545
494.004595,0.126633,0.119020,7.207545
494.054601,0.123629,0.124903,7.207545
494.104600,0.131222,0.126422,7.207545
494.154601,0.121873,0.122411,7.207545
494.204610,0.116063,0.121914,7.207545
494.254576,0.122665,0.126700,7.207545
494.330975,0.118208,0.116779,7.207545
494.354584,0.125568,0.123297,7.207545
494.404576,0.132957,0.138396,7.207545
494.460954,0.139531,0.146473,7.207545
494.504591,0.137207,0.135244,7.207545
494.554595,0.143657,0.141365,7.207545
494.604592,0.147458,0.147824,7.207545
494.654601,0.160176,0.151540,7.207545
494.704602,0.162963,0.153647,7.207545
494.754607,0.143285,0.135305,7.207545
494.804609,0.131698,0.128125,7.207545
494.854612,0.130898,0.119408,7.207545
494.920920,0.117367,0.109871,6.993192
494.954608,0.106169,0.107500,6.825233
495.004583,0.099813,0.110319,6.825233
495.054590,0.088755,0.105006,6.825233
495.104592,0.092887,0.102014,6.825233
495.154591,0.092330,0.100761,6.825233
495.204602,0.091280,0.095967,6.825233
495.254595,0.099716,0.103092,6.825233
495.304596,0.099018,0.101114,6.825233
495.354601,0.096500,0.101738,6.825233
495.404600,0.099234,0.102023,6.825233
495.454612,0.112819,0.118660,6.825233
495.504600,0.125203,0.131423,6.825233
495.554615,0.140168,0.141446,6.825233
495.604615,0.147609,0.149788,6.825233
495.654627,0.159813,0.155682,6.825233
495.704615,0.170600,0.160444,6.825233
495.760848,0.175021,0.154954,6.825233
495.804593,0.175044,0.161125,6.825233
495.854599,0.165142,0.151606,6.825233
495.904602,0.155701,0.144329,6.661782
495.954604,0.146532,0.139190,6.427295
496.004606,0.137532,0.134724,6.427295
496.054611,0.128519,0.131103,6.427295
496.104611,0.126924,0.129250,6.427295
496.154609,0.117781,0.127752,6.427295
496.204615,0.124355,0.134054,6.427295
496.254618,0.137320,0.148479,6.427295
496.304614,0.148690,0.158546,6.427295
496.354622,0.160816,0.167340,6.427295
496.404623,0.155301,0.149664,6.427295
496.454628,0.151014,0.137745,6.427295
496.504595,0.154851,0.139851,6.427295
496.554602,0.145941,0.129980,6.427295
496.604606,0.136864,0.132804,6.427295
496.654604,0.133698,0.142334,6.427295
496.704609,0.124883,0.142203,6.427295
496.754608,0.134379,0.143010,6.427295
496.804616,0.142696,0.143989,6.427295
496.854618,0.141068,0.142523,6.427295
496.904615,0.145658,0.138203,6.349847
496.954631,0.147966,0.142439,6.285244
497.004628,0.145484,0.146178,6.285244
497.054623,0.151035,0.153509,6.285244
497.104631,0.154240,0.156577,6.285244
497.154638,0.156517,0.157859,6.285244
497.204629,0.157589,0.155409,6.285244
497.254606,0.163723,0.157412,6.285244
497.304602,0.165378,0.160237,6.285244
497.354607,0.166919,0.162439,6.285244
497.404614,0.171784,0.173209,6.285244
497.454611,0.162862,0.159656,6.285244
497.504619,0.157914,0.153531,6.285244
497.554624,0.167871,0.166114,6.285244
497.604620,0.161231,0.156760,6.285244
497.654626,0.157356,0.154174,6.285244
497.704622,0.150293,0.147365,6.285244
497.754628,0.143084,0.151211,6.285244
497.804646,0.149168,0.150830,6.285244
497.854647,0.152042,0.150659,6.285244
497.911293,0.145297,0.154319,6.176203
497.954666,0.153054,0.157867,6.099712
498.004609,0.162998,0.168080,6.099712
498.054617,0.171240,0.170096,6.099712
498.104617,0.176597,0.177319,6.099712
498.154618,0.180863,0.178173,6.099712
498.204620,0.186292,0.180234,6.099712
498.254623,0.185624,0.177160,6.099712
498.304625,0.185179,0.175181,6.099712
498.354630,0.176355,0.169269,6.099712
498.404629,0.177793,0.173017,6.099712
498.454634,0.166842,0.164598,6.099712
498.504640,0.168748,0.170870,6.099712
498.554636,0.170047,0.176313,6.099712
498.604640,0.176127,0.182460,6.099712
498.654641,0.180667,0.185791,6.099712
498.704649,0.188213,0.188171,6.099712
498.754620,0.189893,0.190259,6.099712
498.804621,0.201759,0.194809,6.099712
498.861838,0.199281,0.191682,6.099712
498.904629,0.200218,0.194347,5.990386
498.954640,0.193306,0.187339,5.969828
499.004629,0.183055,0.175419,5.969828
499.054637,0.174418,0.167697,5.969828
499.104632,0.171928,0.170483,5.969828
499.171188,0.157851,0.159441,5.969828
499.204644,0.151783,0.154887,5.969828
499.254639,0.139160,0.147275,5.969828
499.304644,0.142439,0.154246,5.969828
499.354655,0.138440,0.143313,5.969828
499.404655,0.137836,0.141066,5.969828
499.454651,0.134332,0.144312,5.969828
499.504626,0.133807,0.137728,5.969828
499.554630,0.135063,0.139164,5.969828
499.604626,0.136601,0.136981,5.969828
499.654640,0.126475,0.131632,5.969828
499.704628,0.123774,0.121600,5.969828
499.754655,0.111705,0.106939,5.969828
499.804647,0.104261,0.106503,5.969828
499.854640,0.102620,0.104998,5.969828
499.904650,0.097127,0.105235,5.974660
499.954652,0.092637,0.103881,6.079240
500.004643,0.091771,0.103975,6.079240
500.054648,0.095088,0.104111,6.079240
500.104664,0.104619,0.106231,6.079240
500.154655,0.105955,0.107773,6.079240
500.204664,0.109301,0.110755,6.079240
500.254630,0.112879,0.114875,6.079240
500.304635,0.115453,0.115128,6.079240
500.354635,0.118699,0.117536,6.079240
500.404643,0.122968,0.120922,6.079240
500.454649,0.128708,0.127668,6.079240
500.504643,0.147487,0.151412,6.079240
500.554654,0.164829,0.170203,6.079240
500.604646,0.181521,0.185797,6.079240
500.654660,0.188346,0.181347,6.079240
500.704660,0.196317,0.181091,6.079240
500.754662,0.206621,0.185511,6.079240
500.804663,0.210242,0.184564,6.079240
500.854673,0.204521,0.189224,6.079240
500.904675,0.199384,0.193843,6.147984
500.954665,0.202520,0.209185,6.325755
501.004638,0.218911,0.222777,6.325755
501.054642,0.227963,0.226688,6.325755
501.104644,0.236778,0.234504,6.325755
501.154645,0.254340,0.248459,6.325755
501.204647,0.255709,0.242100,6.325755
501.254648,0.250081,0.228512,6.325755
501.304657,0.242344,0.226009,6.325755
501.354658,0.233899,0.224421,6.325755
501.404656,0.246089,0.245000,6.325755
501.454662,0.240464,0.241563,6.325755
501.504663,0.261510,0.283656,6.325755
501.554666,0.283478,0.300826,6.325755
501.604667,0.313105,0.316437,6.325755
501.654676,0.335566,0.327531,6.325755
501.704676,0.381535,0.370062,6.325755
501.754650,0.408467,0.398981,6.325755
501.804646,0.438851,0.408161,6.325755
501.854650,0.453402,0.437351,6.325755
501.904651,0.474288,0.453028,6.328546
501.954652,0.496805,0.469364,6.393863
502.004658,0.530634,0.497155,6.393863
502.054662,0.527725,0.501856,6.393863
502.104678,0.517973,0.490784,6.393863
502.154661,0.538989,0.511110,6.393863
502.204664,0.529425,0.506004,6.393863
502.254667,0.530295,0.509213,6.393863
502.304676,0.528996,0.512701,6.393863
502.354673,0.547643,0.558105,6.393863
502.404697,0.587721,0.606633,6.393863
502.454681,0.640937,0.649115,6.393863
502.504651,0.670768,0.679157,6.393863
502.554654,0.741002,0.738784,6.393863
502.604650,0.810139,0.792558,6.393863
502.654661,0.882210,0.839254,6.393863
502.704666,0.900382,0.844560,6.393863
502.754667,0.925739,0.870440,6.393863
502.804668,0.948010,0.891532,6.393863
502.854676,0.918973,0.833073,6.393863
502.904668,0.877971,0.805196,6.515470
502.954672,0.877662,0.845690,6.703658
503.004686,0.806546,0.782477,6.703658
503.054687,0.773480,0.752722,6.703658
503.104682,0.724942,0.729006,6.703658
503.154691,0.662692,0.691256,6.703658
503.204680,0.634850,0.634018,6.703658
503.254662,0.597190,0.593228,6.703658
503.304666,0.516302,0.562830,6.703658
503.354665,0.502591,0.537044,6.703658
503.404670,0.490471,0.539656,6.703658
503.454666,0.535442,0.621600,6.703658
503.504670,0.592360,0.684952,6.703658
503.554671,0.669583,0.736631,6.703658
503.604674,0.737280,0.769978,6.703658
503.654676,0.769406,0.749288,6.703658
503.704676,0.837476,0.780697,6.703658
503.754678,0.897805,0.819614,6.703658
503.804696,0.895303,0.842537,6.703658
503.854703,0.891213,0.856083,6.703658
503.904705,0.897490,0.881980,6.932768
503.954684,0.908797,0.901949,7.283776
504.004665,0.955907,0.920863,7.283776
504.054671,1.001454,0.981710,7.283776
504.104676,1.024756,1.013066,7.283776
504.154672,1.061942,1.049580,7.283776
504.204678,1.114712,1.095515,7.283776
504.254679,1.153200,1.127049,7.283776
504.304679,1.194157,1.155383,7.283776
504.354691,1.246094,1.196788,7.283776
504.404688,1.255052,1.215035,7.283776
504.454686,1.276126,1.229149,7.283776
504.504694,1.312418,1.274091,7.283776
504.554695,1.356410,1.337423,7.283776
504.604706,1.424141,1.412315,7.283776
504.661359,1.464563,1.440578,7.283776
504.704718,1.493126,1.465781,7.283776
504.754679,1.536849,1.491836,7.283776
504.804681,1.550343,1.470350,7.283776
504.854682,1.579211,1.507228,7.283776
504.904680,1.589920,1.534774,7.182812
504.954683,1.573786,1.548313,7.046075
505.004690,1.580686,1.560481,7.046075
505.054690,1.588854,1.573484,7.046075
505.104695,1.591011,1.581392,7.046075
505.154695,1.652524,1.628378,7.046075
505.204695,1.645464,1.624337,7.046075
505.254715,1.667407,1.658716,7.046075
505.304706,1.699332,1.692480,7.046075
505.354702,1.737183,1.729339,7.046075
505.404711,1.762910,1.744048,7.046075
505.454712,1.796699,1.764564,7.046075
505.504678,1.814290,1.798050,7.046075
505.554685,1.837204,1.794776,7.046075
505.604684,1.847348,1.807650,7.046075
505.660651,1.850262,1.817255,7.046075
505.704690,1.856007,1.837028,7.046075
505.754691,1.840740,1.807712,7.046075
505.804693,1.856481,1.836116,7.046075
505.854697,1.872175,1.878492,7.046075
505.904698,1.881215,1.872745,7.193957
505.954702,1.889423,1.881469,7.410526
506.004707,1.831317,1.795095,7.410526
506.054719,1.784120,1.753510,7.410526
506.109986,1.794389,1.755476,7.410526
506.154708,1.757844,1.742917,7.410526
506.204720,1.739401,1.775165,7.410526
506.254683,1.710408,1.750012,7.410526
506.304694,1.670813,1.728454,7.410526
506.354696,1.671370,1.674306,7.410526
506.404695,1.647975,1.624674,7.410526
506.454696,1.623983,1.619140,7.410526
506.504702,1.556700,1.539139,7.410526
506.554700,1.524077,1.566623,7.410526
506.604708,1.515030,1.571052,7.410526
506.654708,1.534163,1.611716,7.410526
506.709933,1.494940,1.526232,7.410526
506.754712,1.490526,1.499966,7.410526
506.804719,1.479471,1.503191,7.410526
506.879459,1.425549,1.370832,7.410526
506.904725,1.358194,1.338416,7.429709
506.954728,1.335647,1.356546,7.435945
507.004690,1.254033,1.326660,7.435945
507.054698,1.318036,1.387346,7.435945
507.104697,1.340088,1.419899,7.435945
507.154700,1.360446,1.466861,7.435945
507.204705,1.459969,1.480478,7.435945
507.254711,1.511072,1.497858,7.435945
507.304705,1.529948,1.509846,7.435945
507.354713,1.504085,1.415038,7.435945
507.404708,1.473186,1.414301,7.435945
507.454707,1.412491,1.356232,7.435945
507.504735,1.366208,1.351212,7.435945
507.554718,1.337401,1.344754,7.435945
507.604721,1.323469,1.369339,7.435945
507.654723,1.275587,1.338071,7.435945
507.704755,1.339736,1.367112,7.435945
507.754696,1.336399,1.373705,7.435945
507.804702,1.417777,1.440404,7.435945
507.854709,1.452366,1.466476,7.435945
507.904706,1.446325,1.429693,7.354293
507.954710,1.444804,1.435125,7.236709
508.004716,1.444956,1.391708,7.236709
508.054715,1.452691,1.421796,7.236709
508.104716,1.478822,1.451266,7.236709
508.154718,1.421582,1.420500,7.236709
508.204721,1.382783,1.393836,7.236709
508.254732,1.381074,1.367240,7.236709
508.304719,1.308051,1.287803,7.236709
508.354732,1.272463,1.226307,7.236709
508.404732,1.191859,1.176367,7.236709
508.454733,1.109849,1.140042,7.236709
508.504704,1.070646,1.116545,7.236709
508.554706,1.044495,1.114261,7.236709
508.604723,1.029234,1.122681,7.236709
508.654712,1.056329,1.129981,7.236709
508.704723,1.082670,1.136469,7.236709
508.754719,1.132098,1.173005,7.236709
508.804723,1.146742,1.156829,7.236709
508.854726,1.193551,1.196492,7.236709
508.904733,1.202711,1.191329,7.389884
508.954730,1.223820,1.213804,7.612765
509.004735,1.252484,1.242999,7.612765
509.054730,1.237241,1.204438,7.612765
509.109735,1.215098,1.198673,7.612765
509.154745,1.242393,1.214528,7.612765
509.204746,1.120759,1.072230,7.612765
509.254711,1.092306,1.052181,7.612765
509.304723,1.029872,1.014979,7.612765
509.354718,0.950097,0.971587,7.612765
509.404718,0.927995,0.956491,7.612765
509.454728,0.885862,0.942521,7.612765
509.504725,0.828977,0.930594,7.612765
509.569071,0.868514,0.900338,7.612765
509.604737,0.856588,0.896399,7.612765
509.654738,0.841496,0.870313,7.612765
509.704736,0.818331,0.824235,7.612765
509.754745,0.777815,0.782528,7.612765
509.804749,0.728128,0.733261,7.612765
509.854739,0.674406,0.685429,7.612765
509.904755,0.640072,0.649961,7.537517
509.954758,0.598219,0.636600,7.428547
510.004724,0.590236,0.637410,7.428547
510.054726,0.548848,0.587958,7.428547
510.104727,0.562102,0.614952,7.428547
510.154732,0.587498,0.644605,7.428547
510.204734,0.625236,0.670761,7.428547
510.254739,0.631500,0.646902,7.428547
510.350263,0.604554,0.595025,7.428547
510.359064,0.673877,0.714147,7.428547
510.418964,0.671181,0.643355,7.428547
510.470252,0.639157,0.610464,7.428547
510.504746,0.633110,0.625056,7.428547
510.554754,0.582790,0.579793,7.428547
510.604756,0.564397,0.547279,7.428547
510.654750,0.574496,0.526145,7.428547
510.704762,0.477412,0.521184,7.428547
510.754733,0.493004,0.513430,7.428547
510.804729,0.491114,0.508828,7.428547
510.854738,0.472265,0.520666,7.428547
510.928961,0.488491,0.519517,7.527526
510.954740,0.529766,0.558357,7.594956
511.004738,0.566907,0.585850,7.594956
511.054751,0.581549,0.588914,7.594956
511.104742,0.584009,0.571049,7.594956
511.154763,0.596272,0.572248,7.594956
511.204759,0.582101,0.552716,7.594956
511.254757,0.583699,0.547444,7.594956
511.304753,0.569658,0.555186,7.594956
511.354768,0.537122,0.539838,7.594956
511.404765,0.522626,0.532548,7.594956
511.454764,0.522270,0.526176,7.594956
511.508913,0.509033,0.517818,7.594956
511.554739,0.517442,0.521382,7.594956
511.604739,0.519667,0.526817,7.594956
511.654742,0.527397,0.549591,7.594956
511.704749,0.543590,0.558163,7.594956
511.754751,0.555976,0.564752,7.594956
511.820278,0.568328,0.569576,7.594956
511.854765,0.599208,0.595692,7.594956
511.904748,0.613853,0.604085,7.591309
511.954755,0.621904,0.602850,7.587282
512.004764,0.625380,0.614338,7.587282
512.054768,0.638320,0.629659,7.587282
512.104762,0.652002,0.641668,7.587282
512.154768,0.665138,0.650373,7.587282
512.204781,0.680609,0.679289,7.587282
512.254737,0.714631,0.715875,7.587282
512.304744,0.753434,0.746898,7.587282
512.354744,0.784616,0.773928,7.587282
512.404748,0.800238,0.779366,7.587282
512.454756,0.815676,0.783358,7.587282
512.504754,0.773518,0.705634,7.587282
512.560072,0.713360,0.640324,7.587282
512.604763,0.646350,0.591897,7.587282
512.654766,0.572284,0.543395,7.587282
512.704766,0.490868,0.497085,7.587282
512.754765,0.428419,0.470335,7.587282
512.804774,0.383776,0.473230,7.587282
512.854773,0.379899,0.452905,7.587282
512.904791,0.378195,0.435898,7.739714
512.954766,0.414323,0.479182,7.964540
513.004746,0.485179,0.552063,7.964540
513.054751,0.513446,0.542804,7.964540
513.104757,0.546969,0.554063,7.964540
513.154753,0.554775,0.551485,7.964540
513.204763,0.570665,0.537595,7.964540
513.254759,0.591869,0.533426,7.964540
513.304760,0.573135,0.530903,7.964540
513.354765,0.543092,0.551941,7.964540
513.404769,0.547089,0.548376,7.964540
513.454777,0.545930,0.556711,7.964540
513.504782,0.560917,0.574757,7.964540
513.554775,0.585545,0.590493,7.964540
513.604779,0.614708,0.616553,7.964540
513.654801,0.637383,0.629139,7.964540
513.704771,0.635520,0.628095,7.964540
513.769974,0.651553,0.631743,7.964540
513.804763,0.660991,0.636859,7.964540
513.854764,0.660979,0.638822,7.964540
513.904760,0.710628,0.711463,8.036374
513.954763,0.693814,0.689449,8.141871
514.004771,0.667140,0.649785,8.141871
514.054768,0.671520,0.650346,8.141871
514.104784,0.690364,0.675405,8.141871
514.154782,0.697542,0.683189,8.141871
514.204778,0.698982,0.677582,8.141871
514.254788,0.657959,0.684554,8.141871
514.304789,0.678919,0.697565,8.141871
514.354789,0.711386,0.701929,8.141871
514.404799,0.721563,0.706098,8.141871
514.454784,0.713932,0.709775,8.141871
514.504760,0.710419,0.705584,8.141871
514.554765,0.706085,0.688941,8.141871
514.604778,0.683507,0.662435,8.141871
514.654770,0.677405,0.671467,8.141871
514.704778,0.654431,0.648926,8.141871
514.754779,0.640617,0.644397,8.141871
514.808636,0.637917,0.656598,8.141871
514.854780,0.628726,0.650230,8.141871
514.904783,0.635978,0.654450,8.141871
514.954787,0.655280,0.661649,8.141871
515.004791,0.688042,0.716909,8.141871
515.079868,0.712602,0.719456,8.141871
515.104791,0.747599,0.749920,8.141871
515.154801,0.798608,0.812383,8.141871
515.204801,0.807494,0.787741,8.141871
515.254768,0.814353,0.774138,8.141871
515.304776,0.836275,0.787948,8.141871
515.379847,0.798338,0.764067,8.141871
515.404780,0.797384,0.756822,8.141871
515.454787,0.783104,0.759046,8.141871
515.504780,0.740665,0.761000,8.141871
515.554790,0.753667,0.764276,8.141871
515.604785,0.734030,0.727059,8.141871
515.654788,0.684080,0.681065,8.141871
515.704798,0.669210,0.658526,8.141871
515.754802,0.670949,0.674281,8.141871
515.804797,0.660546,0.678663,8.141871
515.854806,0.663640,0.700657,8.141871
515.904793,0.667012,0.720989,8.144323
515.954809,0.688940,0.722979,8.149024
516.004777,0.740633,0.750506,8.149024
516.054778,0.769480,0.754972,8.149024
516.104779,0.778899,0.764358,8.149024
516.154782,0.776319,0.746934,8.149024
516.204788,0.735692,0.698027,8.149024
516.254792,0.703340,0.673856,8.149024
516.304790,0.706213,0.689590,8.149024
516.354799,0.687234,0.697283,8.149024
516.404800,0.687662,0.712084,8.149024
516.454803,0.687608,0.729957,8.149024
516.504797,0.697102,0.733100,8.149024
516.554807,0.734665,0.739876,8.149024
516.604794,0.791541,0.786800,8.149024
516.654929,0.820628,0.820190,8.149024
516.709977,0.852971,0.847139,8.149024
516.754782,0.879308,0.868877,8.149024
516.804784,0.901458,0.886276,8.149024
516.854787,0.906299,0.865257,8.149024
516.904794,0.902804,0.840827,7.923886
516.954792,0.870385,0.821883,7.599565
517.004803,0.823696,0.782822,7.599565
517.054798,0.772535,0.745879,7.599565
517.104803,0.745041,0.749538,7.599565
517.154809,0.689498,0.713252,7.599565
517.204811,0.664299,0.691308,7.599565
517.254809,0.650519,0.682593,7.599565
517.304818,0.645988,0.689150,7.599565
517.354811,0.662378,0.699016,7.599565
517.404816,0.685113,0.709369,7.599565
517.454818,0.687849,0.724966,7.599565
517.504786,0.712151,0.728075,7.599565
517.554792,0.731784,0.730651,7.599565
517.604798,0.744559,0.732154,7.599565
517.654804,0.737113,0.718454,7.599565
517.704802,0.715851,0.692725,7.599565
517.754808,0.692784,0.671917,7.599565
517.804802,0.673765,0.668231,7.599565
517.854808,0.651581,0.651817,7.599565
517.904815,0.660334,0.681998,7.070330
517.954815,0.671957,0.709548,6.308238
518.004821,0.692621,0.729322,6.308238
518.054834,0.720894,0.740827,6.308238
518.104818,0.748896,0.749339,6.308238
518.154831,0.774246,0.765915,6.308238
518.204824,0.806252,0.774887,6.308238
518.254794,0.804115,0.777463,6.308238
518.304801,0.799116,0.778828,6.308238
518.354804,0.777069,0.753710,6.308238
518.404804,0.768980,0.748952,6.308238
518.454807,0.763420,0.748161,6.308238
518.504807,0.748803,0.744433,6.308238
518.554814,0.736142,0.739824,6.308238
518.604822,0.726547,0.736340,6.308238
518.678937,0.720054,0.737131,6.308238
518.704824,0.732339,0.737575,6.308238
518.754831,0.711687,0.706550,6.308238
518.804847,0.698037,0.694890,6.308238
518.854837,0.686262,0.685010,6.308238
518.904831,0.679210,0.683080,5.925237
518.954830,0.661473,0.666480,5.375700
519.004806,0.648814,0.663485,5.375700
519.054805,0.636811,0.660694,5.375700
519.104808,0.645446,0.657810,5.375700
519.154814,0.654810,0.669427,5.375700
519.204814,0.667216,0.682222,5.375700
519.254815,0.678944,0.697127,5.375700
519.304818,0.697099,0.702719,5.375700
519.354822,0.708473,0.707506,5.375700
519.404824,0.720220,0.711173,5.375700
519.454831,0.717695,0.695222,5.375700
519.504838,0.702380,0.678709,5.375700
519.554837,0.684801,0.665541,5.375700
519.604841,0.663651,0.654571,5.375700
519.658237,0.657297,0.659911,5.375700
519.704842,0.650802,0.664355,5.375700
519.754810,0.654812,0.682416,5.375700
519.804813,0.672192,0.696136,5.375700
519.854819,0.691570,0.705446,5.375700
519.904822,0.710507,0.713442,4.994282
519.954821,0.729193,0.719725,4.445936
520.004829,0.737563,0.724202,4.445936
520.060071,0.723846,0.696578,4.445936
520.104827,0.700105,0.675120,4.445936
520.154834,0.677666,0.659195,4.445936
520.204841,0.658930,0.650164,4.445936
520.254840,0.653930,0.661482,4.445936
520.304831,0.666428,0.693805,4.445936
520.354846,0.678917,0.720022,4.445936
520.404837,0.694562,0.715487,4.445936
520.454846,0.708470,0.710523,4.445936
520.504819,0.723542,0.709851,4.445936
520.554825,0.742731,0.717806,4.445936
520.604826,0.742496,0.715171,4.445936
520.654826,0.726505,0.714365,4.445936
520.704828,0.710203,0.713631,4.445936
520.754833,0.713750,0.715440,4.445936
520.804839,0.716488,0.714208,4.445936
520.854840,0.715108,0.711000,4.445936
520.904835,0.704062,0.703321,4.294438
520.954839,0.698827,0.696589,4.076660
521.004845,0.699561,0.700240,4.076660
521.054851,0.693901,0.693441,4.076660
521.104857,0.701384,0.707844,4.076660
521.154854,0.709089,0.718654,4.076660
521.204844,0.718720,0.727660,4.076660
521.254824,0.732782,0.734696,4.076660
521.304827,0.744391,0.740326,4.076660
521.354831,0.750367,0.744519,4.076660
521.404835,0.744632,0.721967,4.076660
521.454838,0.710794,0.683601,4.076660
521.504843,0.688377,0.668358,4.076660
521.554845,0.670286,0.661130,4.076660
521.604849,0.642886,0.642992,4.076660
521.654840,0.620209,0.635484,4.076660
521.704846,0.593966,0.623320,4.076660
521.754855,0.590799,0.620377,4.076660
521.809347,0.601385,0.617552,4.076660
521.854858,0.597582,0.610588,4.076660
521.904861,0.593198,0.609082,3.846453
521.954858,0.599093,0.609814,3.522995
522.004834,0.614330,0.630394,3.522995
522.054831,0.645050,0.662043,3.522995
522.104832,0.762060,0.815200,3.522995
522.154837,0.900857,0.967512,3.522995
522.204838,1.025250,1.065550,3.522995
522.254849,1.147612,1.143967,3.522995
522.304851,1.269321,1.208367,3.522995
522.354852,1.252325,1.084437,3.522995
522.404858,1.250727,1.022935,3.522995
522.454852,1.140100,0.948849,3.522995
522.504855,1.029374,0.919409,3.522995
522.554872,0.936082,0.899375,3.522995
522.604865,0.849674,0.885700,3.522995
522.654863,0.825845,0.963911,3.522995
522.704870,0.886533,0.975743,3.522995
522.754837,1.073674,1.202116,3.522995
522.804840,1.179764,1.242464,3.522995
522.854847,1.263770,1.271786,3.522995
522.904848,1.330795,1.272899,3.454449
522.954849,1.285319,1.116478,3.387969
523.004850,1.154847,0.968177,3.387969
523.054858,1.073632,0.865884,3.387969
523.104858,0.837410,0.785793,3.387969
523.154867,0.707324,0.728540,3.387969
523.204865,0.584682,0.689035,3.387969
523.254869,0.495864,0.677813,3.387969
523.304878,0.490097,0.632724,3.387969
523.358548,0.497393,0.591617,3.387969
523.404871,0.494132,0.559862,3.387969
523.454867,0.492179,0.539024,3.387969
523.504850,0.478800,0.514373,3.387969
523.554848,0.464203,0.497137,3.387969
523.604854,0.434501,0.482407,3.387969
523.654854,0.412916,0.446242,3.387969
523.704855,0.392136,0.413667,3.387969
523.754859,0.376299,0.395545,3.387969
523.804857,0.351031,0.372127,3.387969
523.854872,0.321973,0.339910,3.387969
523.904860,0.292851,0.317051,3.427638
523.954865,0.261127,0.294183,3.501424
524.004867,0.252663,0.283353,3.501424
524.054874,0.240611,0.266375,3.501424
524.104878,0.222069,0.250595,3.501424
524.154877,0.207656,0.236601,3.501424
524.204901,0.201215,0.222769,3.501424
524.254853,0.195775,0.215966,3.501424
524.304855,0.193512,0.210547,3.501424
524.354863,0.186086,0.206459,3.501424
524.404862,0.179689,0.195939,3.501424
524.454867,0.168767,0.178953,3.501424
524.504873,0.150645,0.153818,3.501424
524.554871,0.145952,0.149951,3.501424
524.604869,0.139314,0.148166,3.501424
524.679121,0.126560,0.138720,3.501424
524.704882,0.116082,0.134634,3.501424
524.754885,0.115152,0.137088,3.501424
524.804883,0.117265,0.134461,3.501424
524.854883,0.130140,0.136299,3.501424
524.904892,0.135022,0.142634,3.521580
524.954892,0.142765,0.153269,3.756902
525.004864,0.157713,0.163773,3.756902
525.054859,0.174253,0.178288,3.756902
525.104870,0.175752,0.173821,3.756902
525.154866,0.194713,0.190509,3.756902
525.204871,0.205181,0.195706,3.756902
525.254876,0.211782,0.199561,3.756902
525.304878,0.214720,0.202933,3.756902
525.354876,0.222980,0.214997,3.756902
525.404888,0.227039,0.224667,3.756902
525.454888,0.243862,0.234380,3.756902
525.504884,0.253677,0.252660,3.756902
525.554891,0.281407,0.284239,3.756902
525.604901,0.308153,0.307957,3.756902
525.654893,0.338284,0.332087,3.756902
525.704899,0.364637,0.355318,3.756902
525.754870,0.389064,0.371203,3.756902
525.808342,0.412141,0.383627,3.756902
525.854873,0.431125,0.398351,3.756902
525.904879,0.436714,0.408821,3.960551
525.954877,0.431698,0.400691,4.325695
526.004883,0.425586,0.397948,4.325695
526.054888,0.436082,0.422763,4.325695
526.104882,0.448655,0.442635,4.325695
526.154891,0.461612,0.458769,4.325695
526.204889,0.471027,0.470673,4.325695
526.254893,0.480530,0.480048,4.325695
526.304904,0.501930,0.488017,4.325695
526.354889,0.519546,0.492676,4.325695
526.404901,0.527676,0.509336,4.325695
526.454911,0.525982,0.509268,4.325695
526.504876,0.522071,0.506536,4.325695
526.554880,0.524464,0.512184,4.325695
526.604877,0.523743,0.512670,4.325695
526.654888,0.537816,0.533406,4.325695
526.704889,0.537879,0.529854,4.325695
526.754886,0.528262,0.525921,4.325695
526.804896,0.527313,0.521373,4.325695
526.854895,0.528943,0.518653,4.325695
526.904894,0.525374,0.516906,4.593893
526.954902,0.524382,0.515039,5.053253
527.004900,0.509272,0.514209,5.053253
527.054901,0.508003,0.512738,5.053253
527.104903,0.507844,0.511978,5.053253
527.154909,0.524259,0.533187,5.053253
527.204911,0.576032,0.600585,5.053253
527.254883,0.625161,0.651241,5.053253
527.304884,0.670446,0.685922,5.053253
527.354885,0.729249,0.733191,5.053253
527.404893,0.778829,0.757169,5.053253
527.454888,0.824681,0.771681,5.053253
527.504889,0.854822,0.783257,5.053253
527.554900,0.880348,0.836314,5.053253
527.604898,0.893573,0.858414,5.053253
527.654907,0.924712,0.895225,5.053253
527.704901,0.935668,0.915984,5.053253
527.754904,0.957344,0.933773,5.053253
527.804908,0.988431,0.956433,5.053253
527.854915,1.050526,1.018080,5.053253
527.904902,1.073734,1.056689,5.360161
527.958168,1.111326,1.087355,5.802531
528.004893,1.134855,1.111556,5.802531
528.054891,1.142031,1.099129,5.802531
528.104890,1.132171,1.066086,5.802531
528.154891,1.110402,1.031486,5.802531
528.204901,1.063548,1.012094,5.802531
528.254898,1.043106,1.023518,5.802531
528.304908,1.019995,1.028906,5.802531
528.354903,0.997322,1.032965,5.802531
528.404902,0.997509,1.036586,5.802531
528.454909,1.016681,1.042981,5.802531
528.504915,1.086579,1.110761,5.802531
528.554912,1.147082,1.160111,5.802531
528.604921,1.185846,1.196554,5.802531
528.654923,1.227698,1.225990,5.802531
528.704911,1.269784,1.249487,5.802531
528.757473,1.250491,1.182975,5.802531
528.804903,1.231961,1.134161,5.802531
528.854907,1.168375,1.094414,5.802531
528.904905,1.107609,1.060626,6.114120
528.954909,1.012356,0.983588,6.562036
529.004910,0.924145,0.931194,6.562036
529.054907,0.822728,0.871658,6.562036
529.104918,0.796729,0.845163,6.562036
529.154928,0.759012,0.811866,6.562036
529.204915,0.727901,0.793560,6.562036
529.254918,0.700993,0.782588,6.562036
529.304930,0.753592,0.834893,6.562036
529.354929,0.792335,0.866452,6.562036
529.404925,0.850892,0.901410,6.562036
529.454928,0.894117,0.929357,6.562036
529.504904,0.959760,0.970119,6.562036
529.554901,0.984781,0.955538,6.562036
529.604909,1.049267,1.002702,6.562036
529.654908,1.051241,1.014045,6.562036
529.704916,1.063530,1.027189,6.562036
529.754911,1.068456,1.037291,6.562036
529.804915,1.070885,1.041582,6.562036
529.854918,1.011714,0.976649,6.562036
529.904910,0.988533,0.928419,6.792305
529.954922,0.917691,0.881210,7.125975
530.004925,0.863988,0.841571,7.125975
530.054929,0.808670,0.811644,7.125975
530.104923,0.753717,0.788067,7.125975
530.154944,0.716004,0.789234,7.125975
530.204932,0.729880,0.793650,7.125975
530.254917,0.738393,0.794361,7.125975
530.304908,0.750968,0.792235,7.125975
530.354916,0.767861,0.794299,7.125975
530.404917,0.787108,0.800702,7.125975
530.454924,0.801400,0.799879,7.125975
530.504921,0.805102,0.803730,7.125975
530.554924,0.865197,0.887336,7.125975
530.604927,0.927134,0.956445,7.125975
530.654927,0.989355,1.009874,7.125975
530.704937,1.049642,1.051905,7.125975
530.754936,1.106531,1.085182,7.125975
530.804940,1.160214,1.105095,7.125975
530.854942,1.213074,1.123023,7.125975
530.904941,1.214719,1.144711,7.234934
530.954945,1.219665,1.167665,7.392578
531.004917,1.215553,1.172513,7.392578
531.054920,1.228247,1.200155,7.392578
531.104918,1.252412,1.237766,7.392578
531.154926,1.269257,1.250755,7.392578
531.204924,1.286016,1.263981,7.392578
531.254925,1.271302,1.237172,7.392578
531.304934,1.288865,1.265850,7.392578
531.354929,1.313412,1.284264,7.392578
531.404936,1.309825,1.284950,7.392578
531.454943,1.239863,1.208408,7.392578
531.504938,1.183536,1.148557,7.392578
531.554942,1.141669,1.123674,7.392578
531.604941,1.137236,1.118700,7.392578
531.654948,1.119683,1.146346,7.392578
531.704948,1.071928,1.122060,7.392578
531.754924,1.045591,1.118353,7.392578
531.804921,1.119014,1.177935,7.392578
531.854923,1.192206,1.226828,7.392578
531.904927,1.277288,1.305266,7.482488
531.954934,1.330801,1.338755,7.614625
532.027203,1.360518,1.363603,7.614625
532.054936,1.422554,1.383535,7.614625
532.104941,1.526929,1.473385,7.614625
532.154944,1.590131,1.550499,7.614625
532.204946,1.573463,1.501672,7.614625
532.254938,1.598913,1.560916,7.614625
532.304946,1.651147,1.616255,7.614625
532.354964,1.698539,1.651937,7.614625
532.404940,1.604809,1.481157,7.614625
532.454937,1.520221,1.434260,7.614625
532.504927,1.386288,1.331965,7.614625
532.554926,1.306776,1.215510,7.614625
532.604932,1.165505,1.132953,7.614625
532.654939,1.018593,1.067949,7.614625
532.704955,0.875882,1.012711,7.614625
532.754938,0.876767,0.971552,7.614625
532.804942,0.816206,0.941151,7.614625
532.854946,0.800424,0.915470,7.614625
532.904943,0.822560,0.913802,7.536929
532.978379,0.842396,0.919954,7.445252
533.004962,0.891303,0.965574,7.445252
533.054954,0.997260,1.079159,7.445252
533.104952,1.096854,1.165077,7.445252
533.154956,1.234511,1.289425,7.445252
533.204949,1.362051,1.373361,7.445252
533.254939,1.493102,1.464034,7.445252
533.304937,1.614506,1.530202,7.445252
533.354939,1.713147,1.586951,7.445252
533.404947,1.750183,1.628616,7.445252
533.454944,1.744223,1.598523,7.445252
533.504952,1.694395,1.567199,7.445252
533.554952,1.697746,1.600423,7.445252
533.604952,1.700477,1.649502,7.445252
533.654953,1.705454,1.685436,7.445252
533.704960,1.704476,1.709856,7.445252
533.754956,1.705380,1.728319,7.445252
533.804971,1.751924,1.743415,7.445252
533.854975,1.807168,1.760094,7.445252
533.904969,1.819417,1.771247,7.399747
533.955061,1.854455,1.835684,7.349355
534.004945,1.897484,1.894499,7.349355
534.054945,1.939371,1.934867,7.349355
534.104951,1.982616,1.967751,7.349355
534.154945,2.024626,1.993620,7.349355
534.205109,1.974377,1.890332,7.349355
534.254954,1.923835,1.806758,7.349355
534.304953,1.856739,1.771184,7.349355
534.354960,1.774532,1.727070,7.349355
534.404959,1.709387,1.708179,7.349355
534.454968,1.628715,1.670964,7.349355
534.504970,1.549246,1.644141,7.349355
534.554960,1.557343,1.623048,7.349355
534.604979,1.561442,1.600435,7.349355
534.654974,1.525084,1.555217,7.349355
534.704963,1.478885,1.490220,7.349355
534.754954,1.404000,1.414335,7.349355
534.804953,1.346107,1.354958,7.349355
534.854957,1.293483,1.318183,7.349355
534.904962,1.258995,1.313846,7.465000
534.954964,1.218352,1.294759,7.630359
535.004968,1.189844,1.270699,7.630359
535.054967,1.206169,1.285391,7.630359
535.104978,1.244637,1.305371,7.630359
535.154966,1.277831,1.314302,7.630359
535.204990,1.308693,1.329232,7.630359
535.254977,1.348783,1.379188,7.630359
535.304970,1.372951,1.381050,7.630359
535.354991,1.419976,1.405662,7.630359
535.404982,1.388840,1.349769,7.630359
535.454990,1.331917,1.277167,7.630359
535.504955,1.264199,1.196845,7.630359
535.554955,1.219500,1.172607,7.630359
535.604962,1.148849,1.155157,7.630359
535.654964,1.148620,1.201361,7.630359
535.704963,1.079562,1.165361,7.630359
535.754967,1.074320,1.150086,7.630359
535.815695,1.060077,1.097445,7.630359
535.876596,1.036802,1.020510,7.630359
535.915342,1.044240,1.042024,7.504159
535.954979,1.034822,1.037470,7.481920
536.004981,1.040043,1.114658,7.481920
536.054987,1.022473,1.071264,7.481920
536.104993,1.026481,1.080433,7.481920
536.154986,1.080117,1.117007,7.481920
536.204998,1.110867,1.079161,7.481920
536.254957,1.156314,1.152083,7.481920
536.304965,1.240821,1.243137,7.481920
536.366848,1.210956,1.238218,7.481920
536.404970,1.263116,1.243154,7.481920
536.454976,1.308007,1.280936,7.481920
536.504977,1.344576,1.328542,7.481920
536.554987,1.415174,1.347048,7.481920
536.604986,1.426354,1.382355,7.481920
536.654988,1.427093,1.428440,7.481920
536.704995,1.471877,1.449194,7.481920
536.754989,1.534631,1.499755,7.481920
536.805002,1.600413,1.578700,7.481920
536.854995,1.643504,1.627493,7.481920
536.904994,1.693304,1.655559,7.389696
536.954999,1.756038,1.716062,7.276841
537.016826,1.787431,1.738002,7.276841
537.054974,1.832649,1.758714,7.276841
537.104976,1.821052,1.732782,7.276841
537.154979,1.789375,1.722544,7.276841
537.204985,1.799469,1.757155,7.276841
537.254982,1.815530,1.781245,7.276841
537.304981,1.782659,1.769104,7.276841
537.354985,1.775965,1.770629,7.276841
537.404988,1.771386,1.779331,7.276841
537.454997,1.797818,1.786543,7.276841
537.504990,1.825993,1.805716,7.276841
537.555003,1.813445,1.806160,7.276841
537.605006,1.800850,1.802890,7.276841
537.655004,1.811160,1.800902,7.276841
537.705007,1.813435,1.799019,7.276841
537.754974,1.762296,1.729572,7.276841
537.804979,1.688169,1.641425,7.276841
537.854984,1.609527,1.580780,7.276841
537.904984,1.520155,1.500846,7.383777
537.954988,1.432976,1.437630,7.560375
538.004992,1.371329,1.422663,7.560375
538.054987,1.268883,1.353188,7.560375
538.104994,1.230790,1.319276,7.560375
538.154997,1.215644,1.291795,7.560375
538.205011,1.215347,1.301047,7.560375
538.254993,1.231423,1.299765,7.560375
538.305005,1.244533,1.294791,7.560375
538.355008,1.233857,1.293545,7.560375
538.405001,1.268685,1.298463,7.560375
538.455011,1.285261,1.298230,7.560375
538.504989,1.302413,1.298793,7.560375
538.555000,1.300469,1.304898,7.560375
538.604993,1.340126,1.358242,7.560375
538.654994,1.370515,1.384177,7.560375
538.704994,1.415704,1.428319,7.560375
538.754998,1.458107,1.465588,7.560375
538.805007,1.511042,1.505140,7.560375
538.855007,1.553195,1.523442,7.560375
538.905008,1.576664,1.518355,7.661868
538.955013,1.570736,1.520427,7.871780
539.005014,1.580481,1.527741,7.871780
539.055010,1.574463,1.534873,7.871780
539.105021,1.561189,1.532185,7.871780
539.155010,1.536209,1.522250,7.871780
539.205022,1.529207,1.528239,7.871780
539.254989,1.532824,1.527584,7.871780
539.305002,1.535435,1.531565,7.871780
539.354996,1.546870,1.552880,7.871780
539.405001,1.542490,1.549006,7.871780
539.455009,1.563332,1.571657,7.871780
539.505001,1.594370,1.597148,7.871780
539.555009,1.609869,1.610098,7.871780
539.605004,1.630331,1.621857,7.871780
539.655011,1.646877,1.630506,7.871780
539.705011,1.622574,1.597829,7.871780
539.755020,1.581867,1.527107,7.871780
539.805015,1.526408,1.477033,7.871780
539.867797,1.470441,1.443113,7.871780
539.905028,1.415783,1.410641,7.720421
539.955024,1.379668,1.411432,7.612218
540.005002,1.345077,1.414241,7.612218
540.054999,1.357347,1.442764,7.612218
540.105001,1.423552,1.495501,7.612218
540.155003,1.496320,1.553200,7.612218
540.205005,1.564459,1.598542,7.612218
540.255011,1.641791,1.642372,7.612218
540.305004,1.708082,1.689915,7.612218
540.355007,1.759945,1.710506,7.612218
540.405023,1.786922,1.718009,7.612218
540.455027,1.794579,1.726253,7.612218
540.505028,1.785873,1.725625,7.612218
540.555025,1.775450,1.721726,7.612218
540.605023,1.760188,1.719531,7.612218
540.655038,1.735426,1.716983,7.612218
540.705021,1.721388,1.712807,7.612218
540.755007,1.701357,1.691474,7.612218
540.805008,1.687315,1.685625,7.612218
540.855014,1.663240,1.658531,7.612218
540.927722,1.640280,1.635917,7.784554
540.956532,1.619226,1.622347,7.911488
541.005014,1.614054,1.632239,7.911488
541.055019,1.618437,1.651704,7.911488
541.105018,1.647106,1.682073,7.911488
541.155031,1.675122,1.715626,7.911488
541.205028,1.739331,1.773406,7.911488
541.255028,1.766346,1.765429,7.911488
541.305044,1.791753,1.762379,7.911488
541.355036,1.817128,1.779846,7.911488
541.405032,1.830055,1.787483,7.911488
541.455047,1.803866,1.753603,7.911488
541.505016,1.809302,1.781014,7.911488
541.555017,1.782176,1.787667,7.911488
541.605010,1.800822,1.803081,7.911488
541.655017,1.812574,1.808755,7.911488
541.705025,1.794931,1.792448,7.911488
541.755029,1.772374,1.765687,7.911488
541.805033,1.789715,1.760745,7.911488
541.855031,1.764366,1.750922,7.911488
541.905033,1.737729,1.726629,8.233803
541.955031,1.585465,1.540971,8.737730
542.005041,1.453885,1.414269,8.737730
542.055041,1.316800,1.283978,8.737730
542.105054,1.206222,1.204232,8.737730
542.155040,1.081366,1.137476,8.737730
542.205051,0.952375,1.072429,8.737730
542.255019,0.843407,1.030360,8.737730
542.305021,0.874646,1.027889,8.737730
542.355018,0.869125,0.996792,8.737730
542.405027,0.954954,1.070569,8.737730
542.455021,0.994522,1.088686,8.737730
542.505040,1.029054,1.092934,8.737730
542.555030,1.128918,1.176114,8.737730
542.628207,1.131626,1.117228,8.737730
542.655035,1.155602,1.131094,8.737730
542.705040,1.184270,1.119925,8.737730
542.778189,1.090966,1.038956,8.737730
542.805045,1.213387,1.234961,8.737730
542.855053,1.231509,1.235016,8.737730
542.905055,1.208540,1.256165,8.360653
542.955056,1.283730,1.286021,7.861602
543.005029,1.291449,1.278150,7.861602
543.055027,1.355594,1.327582,7.861602
543.105037,1.476085,1.373762,7.861602
543.155035,1.395538,1.390332,7.861602
543.205041,1.407537,1.376362,7.861602
543.255042,1.438205,1.411802,7.861602
543.305035,1.453333,1.431786,7.861602
543.355040,1.525310,1.495944,7.861602
543.405049,1.520490,1.495330,7.861602
543.455037,1.563535,1.568340,7.861602
543.505055,1.613820,1.615861,7.861602
543.555046,1.677988,1.643763,7.861602
543.605048,1.718780,1.682904,7.861602
543.655055,1.759363,1.706181,7.861602
543.705066,1.766304,1.725471,7.861602
543.755032,1.803203,1.730982,7.861602
543.808094,1.670438,1.571550,7.861602
543.855036,1.575250,1.484787,7.861602
543.905046,1.466267,1.386690,7.745259
543.955045,1.327444,1.283547,7.590827
544.005048,1.219543,1.235765,7.590827
544.055055,1.105625,1.189608,7.590827
544.105054,0.992190,1.143350,7.590827
544.155045,1.004374,1.118451,7.590827
544.205079,0.992534,1.105727,7.590827
544.255060,0.990997,1.081294,7.590827
544.305061,1.010661,1.066862,7.590827
544.355064,1.004686,1.054129,7.590827
544.405075,1.007115,1.047593,7.590827
544.455060,1.033773,1.067045,7.590827
544.505039,1.048272,1.077675,7.590827
544.555050,1.063111,1.093908,7.590827
544.605040,1.083230,1.100038,7.590827
544.655046,1.102158,1.108406,7.590827
544.705048,1.132133,1.129342,7.590827
544.758019,1.157588,1.143408,7.590827
544.805053,1.167292,1.157278,7.590827
544.855062,1.187026,1.177439,7.590827
544.905067,1.244204,1.253813,7.585814
544.955066,1.318463,1.331948,7.580278
545.005062,1.378025,1.377364,7.580278
545.055067,1.446008,1.439648,7.580278
545.105079,1.517162,1.491151,7.580278
545.155070,1.585189,1.530665,7.580278
545.205073,1.647646,1.563532,7.580278
545.255042,1.691826,1.624577,7.580278
545.305045,1.701633,1.642428,7.580278
545.355051,1.751066,1.694995,7.580278
545.405052,1.783530,1.739303,7.580278
545.455054,1.792571,1.743468,7.580278
545.505059,1.800630,1.743706,7.580278
545.555065,1.807661,1.743566,7.580278
545.605059,1.792098,1.746683,7.580278
545.655066,1.799034,1.750005,7.580278
545.705074,1.806916,1.791802,7.580278
545.755064,1.813239,1.825883,7.580278
545.805074,1.842874,1.854314,7.580278
545.855080,1.875594,1.878098,7.580278
545.905085,1.905591,1.893083,7.582034
545.955086,1.932091,1.903693,7.584892
546.007283,1.951938,1.903277,7.584892
546.055057,1.915986,1.863909,7.584892
546.105060,1.769152,1.678019,7.584892
546.155064,1.620928,1.528529,7.584892
546.205067,1.466168,1.400270,7.584892
546.255068,1.327308,1.316324,7.584892
546.305069,1.186866,1.246099,7.584892
546.355077,1.052782,1.189549,7.584892
546.405071,0.950418,1.149026,7.584892
546.455079,0.957103,1.115286,7.584892
546.505083,0.963237,1.086807,7.584892
546.555084,0.973190,1.061991,7.584892
546.605085,0.969923,1.041152,7.584892
546.655094,0.985872,1.048261,7.584892
546.705074,1.014008,1.070698,7.584892
546.755061,1.040436,1.090965,7.584892
546.805059,1.049983,1.082240,7.584892
546.855067,1.065301,1.081748,7.584892
546.905069,1.082403,1.081767,7.443480
546.955074,1.110777,1.096671,7.244684
547.005072,1.144596,1.140051,7.244684
547.055073,1.161861,1.168349,7.244684
547.105075,1.171894,1.183214,7.244684
547.155080,1.205333,1.202900,7.244684
547.205086,1.235771,1.220926,7.244684
547.255084,1.269678,1.240580,7.244684
547.305089,1.288800,1.250547,7.244684
547.355093,1.289657,1.264290,7.244684
547.405090,1.303167,1.286561,7.244684
547.455110,1.360469,1.357782,7.244684
547.505063,1.409845,1.411974,7.244684
547.555067,1.457240,1.454596,7.244684
547.605075,1.501139,1.488889,7.244684
547.655074,1.560046,1.531513,7.244684
547.705076,1.613966,1.564479,7.244684
547.755092,1.660973,1.592604,7.244684
547.805084,1.669899,1.615192,7.244684
547.855084,1.681093,1.633587,7.244684
547.905089,1.707977,1.669235,7.045970
547.955081,1.733614,1.696720,6.766308
548.005091,1.748602,1.718965,6.766308
548.055100,1.768085,1.741804,6.766308
548.105088,1.813078,1.797149,6.766308
548.155097,1.850585,1.830956,6.766308
548.205103,1.888883,1.858695,6.766308
548.255072,1.911524,1.880640,6.766308
548.305074,1.894387,1.842229,6.766308
548.355077,1.884891,1.822331,6.766308
548.405078,1.864191,1.795532,6.766308
548.455082,1.759765,1.694237,6.766308
548.505090,1.690507,1.652439,6.766308
548.555083,1.621137,1.618812,6.766308
548.607693,1.550147,1.589361,6.766308
548.655087,1.494732,1.531640,6.766308
548.705103,1.398415,1.439163,6.766308
548.755090,1.353570,1.426251,6.766308
548.805089,1.356890,1.403300,6.766308
548.855110,1.300264,1.340367,6.766308
548.905111,1.275799,1.334914,6.547736
548.955101,1.253157,1.330509,6.243778
549.005084,1.254829,1.327146,6.243778
549.055082,1.228233,1.238445,6.243778
549.105087,1.174976,1.191021,6.243778
549.155091,1.125911,1.146378,6.243778
549.205095,1.096517,1.093546,6.243778
549.255091,0.969679,0.959797,6.243778
549.305100,0.841122,0.850554,6.243778
549.355103,0.723284,0.778298,6.243778
549.405099,0.671529,0.726947,6.243778
549.455109,0.591009,0.668919,6.243778
549.505116,0.515216,0.622402,6.243778
549.555115,0.457092,0.592722,6.243778
549.615962,0.463666,0.568630,6.243778
549.666999,0.470699,0.547672,6.243778
549.705124,0.463442,0.525860,6.243778
549.755092,0.483659,0.553380,6.243778
549.805095,0.535857,0.603188,6.243778
549.855092,0.567329,0.613881,6.243778
549.905095,0.580791,0.604771,6.064009
549.955096,0.602034,0.608057,5.812087
550.005106,0.628971,0.616995,5.812087
550.055099,0.639179,0.595510,5.812087
550.105111,0.625422,0.589759,5.812087
550.155105,0.586698,0.577914,5.812087
550.205105,0.567390,0.566359,5.812087
550.255117,0.566833,0.565764,5.812087
550.305110,0.552139,0.556579,5.812087
550.355112,0.537803,0.555832,5.812087
550.405114,0.543199,0.554181,5.812087
550.455139,0.541271,0.554062,5.812087
550.505095,0.545320,0.555265,5.812087
550.555096,0.553705,0.560133,5.812087
550.605107,0.557684,0.566261,5.812087
550.655103,0.569043,0.572377,5.812087
550.705105,0.577030,0.579248,5.812087
550.755112,0.595066,0.597583,5.812087
550.805112,0.660744,0.679787,5.812087
550.855109,0.727027,0.748667,5.812087
550.905120,0.787756,0.799659,5.600461
550.955122,0.844089,0.837369,5.307919
551.005123,0.843621,0.790693,5.307919
551.055125,0.833558,0.740285,5.307919
551.124559,0.812356,0.696216,5.307919
551.155132,0.749377,0.669289,5.307919
551.205131,0.696353,0.665259,5.307919
551.255098,0.660929,0.682922,5.307919
551.305105,0.648108,0.726990,5.307919
551.355108,0.670026,0.733618,5.307919
551.405113,0.713043,0.755105,5.307919
551.455117,0.730857,0.733188,5.307919
551.505114,0.747908,0.723013,5.307919
551.555125,0.783614,0.758316,5.307919
551.605123,0.798896,0.778777,5.307919
551.655124,0.776991,0.773074,5.307919
551.705131,0.754976,0.739692,5.307919
551.755121,0.754839,0.759487,5.307919
551.805136,0.785485,0.779474,5.307919
551.855137,0.808675,0.791721,5.307919
551.905136,0.813181,0.820729,5.314471
551.955146,0.805026,0.817361,5.363497
552.005106,0.822793,0.828660,5.363497
552.055114,0.853426,0.826476,5.363497
552.105116,0.874943,0.859989,5.363497
552.155117,0.881391,0.864384,5.363497
552.205121,0.873621,0.848024,5.363497
552.255121,0.855330,0.842605,5.363497
552.305127,0.856970,0.837636,5.363497
552.355124,0.848667,0.833958,5.363497
552.405126,0.849214,0.831828,5.363497
552.455137,0.819164,0.822807,5.363497
552.505142,0.806794,0.817464,5.363497
552.555139,0.818054,0.826432,5.363497
552.605144,0.818041,0.825333,5.363497
552.655484,0.824423,0.832485,5.363497
552.705148,0.855242,0.873087,5.363497
552.755117,0.876680,0.893317,5.363497
552.805122,0.911009,0.920040,5.363497
552.855124,0.925272,0.915280,5.363497
552.905126,0.944066,0.930933,5.364294
552.955127,0.968582,0.943164,5.403773
553.005127,0.985110,0.949686,5.403773
553.055135,0.954762,0.924378,5.403773
553.105138,0.933277,0.904239,5.403773
553.155139,0.904154,0.887963,5.403773
553.205144,0.893073,0.874114,5.403773
553.255139,0.943765,0.968926,5.403773
553.305143,0.988233,1.036185,5.403773
553.355146,0.987236,1.022523,5.403773
553.405149,0.997497,0.997305,5.403773
553.455154,1.002386,0.969388,5.403773
553.505127,0.991099,0.924115,5.403773
553.555125,0.977752,0.884614,5.403773
553.605136,0.908205,0.879434,5.403773
553.655126,0.800040,0.813130,5.403773
553.705133,0.721833,0.733175,5.403773
553.755134,0.647150,0.662532,5.403773
553.805144,0.584894,0.614729,5.403773
553.855145,0.540604,0.578430,5.403773
553.905142,0.497909,0.547046,5.526784
553.955144,0.428321,0.512556,5.699297
554.006707,0.407405,0.487193,5.699297
554.055161,0.403941,0.467307,5.699297
554.105169,0.388206,0.427339,5.699297
554.155154,0.365518,0.395393,5.699297
554.205157,0.339816,0.367092,5.699297
554.255128,0.316180,0.345712,5.699297
554.305130,0.298101,0.326828,5.699297
554.355137,0.279438,0.313278,5.699297
554.405141,0.261357,0.303184,5.699297
554.455137,0.261313,0.296531,5.699297
554.505149,0.256793,0.284515,5.699297
554.555142,0.263902,0.288594,5.699297
554.605149,0.272213,0.294635,5.699297
554.655161,0.278579,0.295269,5.699297
554.705150,0.270812,0.277235,5.699297
554.755153,0.276944,0.282578,5.699297
554.805170,0.280652,0.285189,5.699297
554.869029,0.269167,0.259338,5.699297
554.937165,0.246205,0.236197,5.207710
554.962065,0.227206,0.226455,5.071393
555.007240,0.214350,0.223997,5.071393
555.055140,0.215617,0.222532,5.071393
555.105141,0.238886,0.270513,5.071393
555.155142,0.266596,0.311971,5.071393
555.205145,0.314215,0.345710,5.071393
555.255156,0.367528,0.378169,5.071393
555.307135,0.410301,0.400828,5.071393
555.355157,0.448854,0.421244,5.071393
555.405155,0.517383,0.476642,5.071393
555.455159,0.552736,0.523445,5.071393
555.505163,0.584795,0.559378,5.071393
555.555166,0.613883,0.584487,5.071393
555.605165,0.640563,0.606215,5.071393
555.655172,0.667049,0.620110,5.071393
555.705157,0.694725,0.634159,5.071393
555.755144,0.699318,0.653388,5.071393
555.805148,0.699937,0.665793,5.071393
555.855149,0.703250,0.678124,5.071393
555.905149,0.709442,0.687826,4.856903
555.955156,0.703707,0.680955,4.705607
556.005156,0.714271,0.695323,4.705607
556.076445,0.712506,0.691907,4.705607
556.105162,0.704367,0.688708,4.705607
556.155160,0.708454,0.699852,4.705607
556.216437,0.684080,0.671307,4.705607
556.255168,0.645351,0.628232,4.705607
556.305163,0.617433,0.594206,4.705607
556.355177,0.554309,0.537380,4.705607
556.405180,0.507282,0.499058,4.705607
556.455191,0.458813,0.467428,4.705607
556.505148,0.399397,0.439425,4.705607
556.555159,0.367757,0.417679,4.705607
556.605312,0.349014,0.398802,4.705607
556.655158,0.339646,0.397694,4.705607
556.705189,0.349387,0.394633,4.705607
556.755166,0.354425,0.392435,4.705607
556.810020,0.360196,0.390261,4.705607
556.855175,0.351577,0.365022,4.705607
556.905175,0.342838,0.345864,4.726377
556.955174,0.334269,0.329743,4.812781
557.005374,0.290212,0.281368,4.812781
557.055187,0.252593,0.248576,4.812781
557.105735,0.248346,0.269777,4.812781
557.155185,0.231340,0.268757,4.812781
557.205184,0.221753,0.254491,4.812781
557.255159,0.215377,0.248082,4.812781
557.305157,0.206654,0.238250,4.812781
557.355166,0.223266,0.228400,4.812781
557.405186,0.234109,0.222552,4.812781
557.455176,0.211276,0.218610,4.812781
557.505175,0.196179,0.207112,4.812781
557.555171,0.183005,0.186674,4.812781
557.605178,0.164723,0.168179,4.812781
557.655182,0.147085,0.149255,4.812781
557.705180,0.133646,0.137901,4.812781
557.755188,0.121939,0.131787,4.812781
557.806925,0.100051,0.114607,4.812781
557.855197,0.088962,0.107908,4.812781
557.905247,0.084508,0.101776,4.566927
557.955196,0.083896,0.098697,4.560877
558.005164,0.116368,0.140358,4.560877
558.055171,0.147592,0.175429,4.560877
558.105170,0.178135,0.206509,4.560877
558.155170,0.220477,0.232057,4.560877
558.205178,0.254224,0.250460,4.560877
558.255173,0.288476,0.262356,4.560877
558.305178,0.325135,0.274521,4.560877
558.355180,0.338919,0.303818,4.560877
558.405185,0.347015,0.318902,4.560877
558.455193,0.340944,0.312289,4.560877
558.505198,0.345981,0.322689,4.560877
558.556869,0.338832,0.312601,4.560877
558.605198,0.336316,0.309510,4.560877
558.655200,0.337610,0.313863,4.560877
558.705195,0.316300,0.306582,4.560877
558.755174,0.294670,0.291068,4.560877
558.805174,0.293183,0.288516,4.560877
558.855182,0.280054,0.285780,4.560877
558.905177,0.244659,0.234148,4.624058
558.955184,0.225506,0.220037,5.014735
559.005182,0.198615,0.204477,5.014735
559.055190,0.169851,0.176190,5.014735
559.105193,0.149872,0.153460,5.014735
559.155201,0.175638,0.210816,5.014735
559.205194,0.195208,0.247657,5.014735
559.255194,0.247679,0.288969,5.014735
559.305205,0.288369,0.322611,5.014735
559.355195,0.305997,0.311886,5.014735
559.406793,0.326445,0.290982,5.014735
559.455207,0.364661,0.297048,5.014735
559.505182,0.336735,0.294892,5.014735
559.555182,0.301836,0.265680,5.014735
559.605181,0.261190,0.237825,5.014735
559.665521,0.224317,0.207459,5.014735
559.705187,0.237260,0.227793,5.014735
559.755194,0.248951,0.230902,5.014735
559.806767,0.261679,0.231192,5.014735
559.855196,0.254184,0.243683,5.014735
559.905202,0.271565,0.253738,5.080275
559.955201,0.300784,0.278469,5.357733
560.005204,0.308283,0.263893,5.357733
560.055206,0.312671,0.266913,5.357733
560.105214,0.309706,0.268269,5.357733
560.155226,0.287468,0.248831,5.357733
560.224855,0.255076,0.229420,5.357733
560.294845,0.240443,0.230928,5.357733
560.305187,0.407329,0.507479,5.357733
560.355187,0.441469,0.482916,5.357733
560.405189,0.482889,0.484308,5.357733
560.455200,0.540872,0.502426,5.357733
560.505196,0.585303,0.512585,5.357733
560.555206,0.599637,0.469065,5.357733
560.605201,0.602450,0.432599,5.357733
560.655204,0.406438,0.398327,5.357733
560.705209,0.358145,0.334423,5.357733
560.766686,0.313943,0.305617,5.357733
560.805213,0.295303,0.322119,5.357733
560.855209,0.308695,0.337340,5.357733
560.905217,0.361324,0.354634,5.396587
560.955226,0.411313,0.363468,5.579289
561.005193,0.467646,0.379702,5.579289
561.056654,0.451072,0.393475,5.579289
561.105201,0.458935,0.403158,5.579289
561.155195,0.449499,0.413767,5.579289
561.206642,0.445025,0.414585,5.579289
561.255209,0.438548,0.414286,5.579289
561.305205,0.436567,0.412045,5.579289
561.355207,0.432058,0.413911,5.579289
561.405217,0.427319,0.414967,5.579289
561.455207,0.423456,0.416409,5.579289
561.505216,0.416345,0.415384,5.579289
561.555219,0.399289,0.392737,5.579289
561.605210,0.400383,0.398556,5.579289
561.655222,0.399773,0.398891,5.579289
561.705229,0.382499,0.379229,5.579289
561.755203,0.365877,0.363916,5.579289
561.806592,0.368846,0.379748,5.579289
561.855208,0.369449,0.386935,5.579289
561.905205,0.379989,0.384879,5.775564
561.956582,0.398569,0.418141,6.049513
562.005215,0.419805,0.444350,6.049513
562.055210,0.458218,0.469294,6.049513
562.105217,0.493758,0.485510,6.049513
562.155363,0.510178,0.500127,6.049513
562.205223,0.532307,0.514167,6.049513
562.255238,0.559750,0.525093,6.049513
562.305218,0.566909,0.540363,6.049513
562.355235,0.578645,0.558562,6.049513
562.405219,0.629883,0.632368,6.049513
562.455232,0.697441,0.710645,6.049513
562.505211,0.760960,0.769322,6.049513
562.555212,0.818002,0.809780,6.049513
562.605212,0.869548,0.833716,6.049513
562.655212,0.925028,0.863424,6.049513
562.705216,0.960170,0.866779,6.049513
562.755217,0.962631,0.882149,6.049513
562.805225,0.875628,0.787284,6.049513
562.855222,0.809479,0.736153,6.049513
562.905232,0.748307,0.699543,6.061589
562.955222,0.712694,0.694805,6.106137
563.005231,0.660034,0.679839,6.106137
563.055249,0.614128,0.654532,6.106137
563.105238,0.568893,0.649544,6.106137
563.155237,0.600142,0.646122,6.106137
563.205247,0.631570,0.666685,6.106137
563.255212,0.684088,0.716291,6.106137
563.305214,0.685006,0.710577,6.106137
563.355216,0.720692,0.740883,6.106137
563.405217,0.778242,0.781813,6.106137
563.455226,0.821837,0.812616,6.106137
563.505229,0.859402,0.831277,6.106137
563.555237,0.869476,0.829973,6.106137
563.614567,0.849743,0.819752,6.106137
563.655235,0.880464,0.836945,6.106137
563.705234,0.921419,0.899940,6.106137
563.755241,0.942648,0.939362,6.106137
563.805248,0.964133,0.969132,6.106137
563.855237,0.991844,0.995194,6.106137
563.924552,1.039506,1.025563,6.210852
563.955261,1.085822,1.040865,6.322636
564.005220,1.089266,1.017194,6.322636
564.055223,1.020498,0.948122,6.322636
564.105223,0.998532,0.946727,6.322636
564.155227,1.009720,0.991796,6.322636
564.205226,1.030652,1.043822,6.322636
564.255244,1.033665,1.069876,6.322636
564.324509,1.043313,1.089937,6.322636
564.355236,1.079988,1.107793,6.322636
564.405237,1.139660,1.103246,6.322636
564.474498,1.143487,1.075503,6.322636
564.505253,1.132689,1.080891,6.322636
564.555245,1.147246,1.135999,6.322636
564.605247,1.123380,1.110102,6.322636
564.655249,1.101946,1.091631,6.322636
564.705241,1.080131,1.079060,6.322636
564.755228,1.181586,1.222385,6.322636
564.805230,1.196125,1.190941,6.322636
564.855233,1.195753,1.172831,6.322636
564.915083,1.162020,1.162556,6.311416
564.955240,1.277450,1.292903,6.333194
565.005238,1.429949,1.450921,6.333194
565.055237,1.463601,1.414201,6.333194
565.105248,1.471949,1.500059,6.333194
565.155253,1.595033,1.586258,6.333194
565.205251,1.712263,1.652934,6.333194
565.255258,1.831051,1.714224,6.333194
565.305261,1.845431,1.753557,6.333194
565.355268,1.843413,1.816529,6.333194
565.405260,1.986768,1.908161,6.333194
565.455260,2.061168,1.999421,6.333194
565.525038,2.084359,2.017405,6.333194
565.555239,2.111748,2.037297,6.333194
565.605240,2.115493,2.026989,6.333194
565.655239,2.116119,2.004343,6.333194
565.705247,2.012816,1.872171,6.333194
565.755252,1.918277,1.819275,6.333194
565.805253,1.767157,1.715894,6.333194
565.855247,1.655941,1.636597,6.333194
565.905264,1.551379,1.587600,6.535135
565.955259,1.464583,1.544759,6.844087
566.005259,1.392704,1.514671,6.844087
566.055269,1.403198,1.494827,6.844087
566.105269,1.418356,1.538498,6.844087
566.174984,1.476945,1.573296,6.844087
566.205276,1.546704,1.619790,6.844087
566.255239,1.613100,1.668207,6.844087
566.314968,1.628164,1.631995,6.844087
566.355248,1.747436,1.751799,6.844087
566.405241,1.801440,1.761368,6.844087
566.455250,1.814164,1.769753,6.844087
566.505257,1.819975,1.766361,6.844087
566.555254,1.819942,1.771387,6.844087
566.605258,1.805935,1.771719,6.844087
566.655258,1.842082,1.765499,6.844087
566.705261,1.803850,1.805112,6.844087
566.755261,1.806184,1.807418,6.844087
566.805267,1.804366,1.803474,6.844087
566.855267,1.753932,1.722650,6.844087
566.905270,1.755817,1.737790,6.920845
566.955283,1.711994,1.683956,7.029023
567.005244,1.701359,1.680826,7.029023
567.055247,1.669940,1.693598,7.029023
567.105254,1.673457,1.722913,7.029023
567.155259,1.669004,1.730651,7.029023
567.205254,1.718050,1.733089,7.029023
567.255266,1.740189,1.777108,7.029023
567.305264,1.784554,1.777057,7.029023
567.355272,1.810451,1.791973,7.029023
567.405271,1.821547,1.798170,7.029023
567.455276,1.827499,1.814800,7.029023
567.514867,1.838033,1.818752,7.029023
567.555278,1.849458,1.820106,7.029023
567.605362,1.830689,1.820538,7.029023
567.655285,1.827813,1.807634,7.029023
567.705299,1.821202,1.807179,7.029023
567.755255,1.735587,1.690051,7.029023
567.824841,1.714414,1.698798,7.029023
567.855259,1.669933,1.664267,7.029023
567.905262,1.588685,1.581878,7.263224
567.955264,1.496733,1.500224,7.590571
568.005270,1.406652,1.424989,7.590571
568.055277,1.282507,1.327706,7.590571
568.105270,1.276821,1.299491,7.590571
568.155277,1.198906,1.277236,7.590571
568.205278,1.241026,1.385828,7.590571
568.255277,1.330491,1.483906,7.590571
568.305279,1.428464,1.558842,7.590571
568.355289,1.541908,1.631039,7.590571
568.405287,1.671576,1.674040,7.590571
568.455297,1.762313,1.704408,7.590571
568.505261,1.858625,1.736142,7.590571
568.574162,1.861639,1.757206,7.590571
568.605267,1.856825,1.774173,7.590571
568.655272,1.821839,1.742160,7.590571
568.714143,1.770033,1.705221,7.590571
568.755273,1.853101,1.849710,7.590571
568.805285,1.872522,1.872131,7.590571
568.855287,1.810145,1.782815,7.590571
568.905290,1.746293,1.705489,7.584826
568.955288,1.683219,1.645084,7.583838
569.005290,1.658279,1.603332,7.583838
569.055291,1.640843,1.569934,7.583838
569.105296,1.497593,1.540497,7.583838
569.155304,1.442540,1.547386,7.583838
569.205302,1.507306,1.614131,7.583838
569.255268,1.581094,1.674324,7.583838
569.305269,1.650781,1.716015,7.583838
569.355274,1.765691,1.820575,7.583838
569.405274,1.880516,1.905515,7.583838
569.455279,1.997635,1.972884,7.583838
569.505282,2.077258,2.004705,7.583838
569.555289,2.108906,2.024500,7.583838
569.605287,2.138956,2.044826,7.583838
569.655287,2.169301,2.055309,7.583838
569.705296,2.155422,2.072367,7.583838
569.755296,2.130999,2.072716,7.583838
569.805320,2.089151,2.048414,7.583838
569.855304,2.093295,2.070756,7.583838
569.905295,2.110534,2.101353,7.583482
569.955309,2.114427,2.111915,7.589111
570.005276,2.107838,2.099829,7.589111
570.055280,2.097138,2.092945,7.589111
570.105287,2.106815,2.102149,7.589111
570.155287,2.122192,2.092727,7.589111
570.205289,2.080084,2.048008,7.589111
570.255290,2.001140,1.972572,7.589111
570.305296,1.962368,1.955154,7.589111
570.355305,1.934698,1.935730,7.589111
570.405304,1.916597,1.936414,7.589111
570.455309,1.887296,1.936027,7.589111
570.505296,1.859656,1.921292,7.589111
570.555315,1.862587,1.914439,7.589111
570.605299,1.929790,1.958806,7.589111
570.655312,1.945571,1.966651,7.589111
570.724601,1.963130,1.969984,7.589111
570.755283,1.973847,1.979496,7.589111
570.805284,1.969769,1.964856,7.589111
570.855287,1.962404,1.933795,7.589111
570.905293,1.989482,1.961566,7.590884
570.955296,1.949306,1.939398,7.593722
571.005292,1.917321,1.906422,7.593722
571.055298,1.894038,1.889597,7.593722
571.105302,1.878256,1.893511,7.593722
571.155304,1.879757,1.897745,7.593722
571.205302,1.885788,1.889593,7.593722
571.255316,1.851127,1.876944,7.593722
571.305313,1.848603,1.864017,7.593722
571.355315,1.854013,1.855736,7.593722
571.405314,1.860670,1.858453,7.593722
571.455340,1.848288,1.851432,7.593722
571.505291,1.846363,1.860658,7.593722
571.555290,1.853302,1.871608,7.593722
571.605291,1.869693,1.886304,7.593722
571.655301,1.892689,1.901539,7.593722
571.705296,1.939149,1.952039,7.593722
571.755300,1.960556,1.966376,7.593722
571.805306,1.997159,1.988252,7.593722
571.855304,2.014961,1.995722,7.593722
571.905312,2.030753,2.003227,7.512474
571.955313,2.041721,2.007771,7.402425
572.005318,2.069526,2.036105,7.402425
572.055317,2.042930,2.019166,7.402425
572.105317,2.044780,2.018690,7.402425
572.155326,2.032162,2.014041,7.402425
572.205329,2.045284,2.036427,7.402425
572.255299,2.013196,1.991139,7.402425
572.305296,2.007189,1.990525,7.402425
572.355299,1.969848,1.970275,7.402425
572.405308,1.951136,1.941381,7.402425
572.455305,1.926044,1.922706,7.402425
572.505312,1.913228,1.919227,7.402425
572.555312,1.871901,1.902825,7.402425
572.605319,1.889157,1.908067,7.402425
572.655319,1.876721,1.906780,7.402425
572.705324,1.878085,1.905006,7.402425
572.755323,1.885953,1.900034,7.402425
572.805322,1.871403,1.869069,7.402425
572.855332,1.848578,1.843716,7.402425
572.905320,1.733468,1.683073,7.405907
572.955332,1.610320,1.559052,7.415102
573.005304,1.496434,1.466232,7.415102
573.055303,1.381537,1.389999,7.415102
573.105311,1.269978,1.331380,7.415102
573.155314,1.180289,1.289068,7.415102
573.205309,1.086707,1.249979,7.415102
573.255319,1.096487,1.223577,7.415102
573.305324,1.108593,1.210410,7.415102
573.355321,1.129981,1.217715,7.415102
573.405330,1.204528,1.294430,7.415102
573.455327,1.277536,1.355411,7.415102
573.505328,1.350601,1.407018,7.415102
573.555335,1.435037,1.459575,7.415102
573.605327,1.484027,1.462388,7.415102
573.663731,1.544626,1.489461,7.415102
573.705334,1.599175,1.518261,7.415102
573.755306,1.600965,1.536999,7.415102
573.805308,1.614780,1.566576,7.415102
573.855320,1.640066,1.609334,7.415102
573.905319,1.649942,1.638136,7.251597
573.955318,1.668018,1.632108,7.035331
574.005328,1.660825,1.619918,7.035331
574.055330,1.655333,1.614694,7.035331
574.105327,1.674308,1.640794,7.035331
574.155337,1.623294,1.573839,7.035331
574.205329,1.561225,1.521800,7.035331
574.255337,1.510317,1.486132,7.035331
574.305335,1.463513,1.453554,7.035331
574.355346,1.419347,1.422957,7.035331
574.405340,1.379421,1.397421,7.035331
574.455620,1.281829,1.327186,7.035331
574.505319,1.245700,1.273043,7.035331
574.555318,1.215605,1.237691,7.035331
574.605318,1.186760,1.216313,7.035331
574.655328,1.163370,1.207399,7.035331
574.705324,1.139123,1.193352,7.035331
574.755332,1.112882,1.180107,7.035331
574.805332,1.124532,1.170957,7.035331
574.855345,1.134947,1.163735,7.035331
574.905333,1.142164,1.161148,7.031146
574.955347,1.144092,1.157947,7.029026
575.005345,1.139769,1.155099,7.029026
575.055355,1.142366,1.155657,7.029026
575.105338,1.145923,1.154889,7.029026
575.155346,1.147980,1.153745,7.029026
575.205345,1.153334,1.157673,7.029026
575.255322,1.154317,1.157761,7.029026
575.305323,1.155742,1.157201,7.029026
575.355325,1.156905,1.156290,7.029026
575.405344,1.158650,1.159140,7.029026
575.455349,1.162801,1.163495,7.029026
575.505352,1.168660,1.168938,7.029026
575.555339,1.173579,1.176879,7.029026
575.635000,1.176956,1.177877,7.029026
575.663336,1.181140,1.178965,7.029026
575.705351,1.187447,1.181690,7.029026
575.755360,1.197749,1.192673,7.029026
575.805353,1.212591,1.211214,7.029026
575.864819,1.200308,1.190125,7.029026
575.905353,1.256863,1.273184,6.837590
575.955363,1.282805,1.291344,6.660818
576.023547,1.297925,1.290263,6.660818
576.055334,1.313812,1.292554,6.660818
576.105336,1.330335,1.305060,6.660818
576.155336,1.340629,1.316154,6.660818
576.205348,1.375086,1.322677,6.660818
576.255339,1.328970,1.314935,6.660818
576.305366,1.306559,1.294043,6.660818
576.355356,1.297703,1.280947,6.660818
576.405351,1.284486,1.265867,6.660818
576.455354,1.269560,1.261556,6.660818
576.505362,1.253517,1.255612,6.660818
576.555358,1.237132,1.250464,6.660818
576.605366,1.232495,1.247946,6.660818
576.655375,1.237907,1.248108,6.660818
576.705373,1.254669,1.270031,6.660818
576.755333,1.288373,1.307007,6.660818
576.805343,1.320047,1.340276,6.660818
576.855342,1.352797,1.365768,6.660818
576.905346,1.387567,1.387258,6.661582
576.955351,1.420244,1.403244,6.663070
577.005349,1.452018,1.416418,6.663070
577.064072,1.468376,1.427202,6.663070
577.105360,1.463579,1.425781,6.663070
577.184685,1.456317,1.424464,6.663070
577.205346,1.447338,1.421198,6.663070
577.255357,1.438148,1.417447,6.663070
577.305384,1.416555,1.398200,6.663070
577.355368,1.397777,1.385847,6.663070
577.405370,1.384172,1.384304,6.663070
577.463417,1.377930,1.382835,6.663070
577.505347,1.367019,1.374295,6.663070
577.555347,1.359775,1.370828,6.663070
577.605348,1.355028,1.370661,6.663070
577.655355,1.362256,1.371188,6.663070
577.705356,1.371011,1.376740,6.663070
577.787151,1.372533,1.379406,6.663070
577.805358,1.372736,1.379156,6.663070
577.855362,1.362743,1.357711,6.663070
577.905362,1.357885,1.350840,6.661965
577.955385,1.362428,1.361003,6.661407
578.005367,1.376655,1.382948,6.661407
578.055376,1.383257,1.394690,6.661407
578.105380,1.390961,1.404604,6.661407
578.155375,1.401274,1.414062,6.661407
578.205382,1.426171,1.420886,6.661407
578.255353,1.444736,1.427596,6.661407
578.305356,1.449863,1.429656,6.661407
578.384586,1.445318,1.431772,6.661407
578.405362,1.445133,1.433930,6.661407
578.455364,1.442829,1.432400,6.661407
578.524583,1.390134,1.361623,6.661407
578.555372,1.367496,1.345943,6.661407
578.605369,1.393284,1.400948,6.661407
578.655374,1.406331,1.428031,6.661407
578.705379,1.418923,1.448686,6.661407
578.755385,1.425826,1.458638,6.661407
578.805380,1.438664,1.469803,6.661407
578.855381,1.499566,1.476849,6.661407
578.905386,1.531886,1.484385,6.662804
578.955524,1.516544,1.490375,6.665159
579.005359,1.515869,1.498863,6.665159
579.055362,1.507611,1.493673,6.665159
579.105361,1.512361,1.502010,6.665159
579.155368,1.507708,1.498476,6.665159
579.205372,1.518154,1.514011,6.665159
579.264513,1.501227,1.487428,6.665159
579.305375,1.495449,1.480914,6.665159
579.355374,1.489639,1.481546,6.665159
579.405399,1.491356,1.482393,6.665159
579.474505,1.479827,1.483822,6.665159
579.505388,1.478563,1.483960,6.665159
579.555393,1.461467,1.475355,6.665159
579.605387,1.481707,1.479813,6.665159
579.655397,1.490039,1.488719,6.665159
579.705383,1.493031,1.493522,6.665159
579.755363,1.495670,1.496198,6.665159
579.805369,1.499374,1.500027,6.665159
579.855368,1.502439,1.502428,6.665159
579.905375,1.513753,1.506499,6.441876
579.955376,1.515404,1.507725,6.315995
580.005378,1.512763,1.507664,6.315995
580.055385,1.509927,1.504616,6.315995
580.105398,1.501641,1.493443,6.315995
580.173192,1.498327,1.493114,6.315995
580.205395,1.489435,1.484449,6.315995
580.255389,1.506759,1.516356,6.315995
580.305406,1.519394,1.533412,6.315995
580.355397,1.524428,1.535325,6.315995
580.405404,1.543613,1.553415,6.315995
580.455400,1.559957,1.555325,6.315995
580.505369,1.576838,1.566006,6.315995
580.555375,1.598427,1.573248,6.315995
580.605377,1.584257,1.567714,6.315995
580.655379,1.568436,1.552392,6.315995
580.705386,1.587373,1.577012,6.315995
580.755385,1.592092,1.593054,6.315995
580.805388,1.600994,1.598830,6.315995
580.855389,1.604627,1.605643,6.315995
580.905402,1.608051,1.609702,6.380832
580.955409,1.625013,1.620788,6.479905
581.005399,1.648137,1.627168,6.479905
581.055413,1.643784,1.631788,6.479905
581.105401,1.640506,1.632553,6.479905
581.155403,1.643616,1.634901,6.479905
581.205419,1.646693,1.638916,6.479905
581.255376,1.654072,1.644779,6.479905
581.305382,1.655370,1.650571,6.479905
581.355388,1.654486,1.651517,6.479905
581.405397,1.656533,1.655727,6.479905
581.455389,1.628929,1.614756,6.479905
581.505396,1.602036,1.583040,6.479905
581.555393,1.575763,1.558109,6.479905
581.605397,1.552075,1.537562,6.479905
581.655416,1.534654,1.525173,6.479905
581.705415,1.497388,1.510141,6.479905
581.755405,1.465925,1.502703,6.479905
581.805412,1.459065,1.486448,6.479905
581.855425,1.461306,1.485629,6.479905
581.905413,1.463961,1.484442,6.447216
581.955420,1.484032,1.507967,6.466636
582.005387,1.500292,1.525124,6.466636
582.055386,1.532936,1.555791,6.466636
582.105395,1.569443,1.591456,6.466636
582.155394,1.596365,1.594986,6.466636
582.205397,1.619811,1.604457,6.466636
582.255394,1.638484,1.604241,6.466636
582.305407,1.647242,1.614846,6.466636
582.355422,1.656078,1.622285,6.466636
582.424879,1.645876,1.621306,6.466636
582.455418,1.630088,1.622118,6.466636
582.505416,1.601983,1.580518,6.466636
582.555414,1.581421,1.562342,6.466636
582.605416,1.548422,1.524350,6.466636
582.655423,1.516027,1.503797,6.466636
582.734224,1.481920,1.486558,6.466636
582.755397,1.462896,1.484415,6.466636
582.805398,1.449422,1.497082,6.466636
582.855396,1.462678,1.500159,6.466636
582.905406,1.469927,1.509500,6.389694
582.955494,1.495220,1.517712,6.285161
583.005405,1.513815,1.524516,6.285161
583.055412,1.531890,1.529352,6.285161
583.105408,1.544693,1.530831,6.285161
583.155418,1.549846,1.539357,6.285161
583.205415,1.554681,1.540349,6.285161
583.255428,1.511724,1.485514,6.285161
583.305425,1.482329,1.458221,6.285161
583.355421,1.444706,1.424766,6.285161
583.405435,1.408561,1.399686,6.285161
583.455419,1.388616,1.398445,6.285161
583.505399,1.361094,1.395339,6.285161
583.555399,1.343142,1.399072,6.285161
583.605406,1.359648,1.396288,6.285161
583.655409,1.372305,1.404498,6.285161
583.705413,1.383029,1.397294,6.285161
583.755410,1.408493,1.413412,6.285161
583.805415,1.421074,1.427190,6.285161
583.855423,1.429255,1.429506,6.285161
583.905416,1.428068,1.424255,6.118537
583.955419,1.434465,1.425019,5.993146
584.005425,1.424214,1.413484,5.993146
584.055423,1.444179,1.433262,5.993146
584.105428,1.440290,1.436309,5.993146
584.155432,1.454409,1.465048,5.993146
584.205443,1.480610,1.496110,5.993146
584.255408,1.498594,1.502226,5.993146
584.305406,1.513163,1.508151,5.993146
584.355415,1.520626,1.490553,5.993146
584.405417,1.538805,1.520859,5.993146
584.455414,1.577994,1.560967,5.993146
584.505430,1.546159,1.520641,5.993146
584.555432,1.521499,1.506340,5.993146
584.605425,1.508894,1.492781,5.993146
584.655430,1.488209,1.471692,5.993146
584.705435,1.469399,1.435379,5.993146
584.755435,1.425349,1.414261,5.993146
584.805453,1.378640,1.407886,5.993146
584.855445,1.371122,1.388810,5.993146
584.905452,1.333619,1.348459,5.594171
584.955457,1.310507,1.334568,5.194884
585.005417,1.286052,1.311851,5.194884
585.055417,1.269845,1.284979,5.194884
585.105423,1.234044,1.243119,5.194884
585.155425,1.190048,1.208961,5.194884
585.205427,1.169385,1.201724,5.194884
585.255430,1.167268,1.196332,5.194884
585.305435,1.151714,1.191446,5.194884
585.355433,1.143129,1.184555,5.194884
585.405437,1.169960,1.220680,5.194884
585.455443,1.213201,1.252657,5.194884
585.505435,1.264705,1.290339,5.194884
585.583365,1.302879,1.319342,5.194884
585.605449,1.336691,1.336377,5.194884
585.655458,1.471447,1.486485,5.194884
585.705449,1.620137,1.625861,5.194884
585.755425,1.731426,1.732911,5.194884
585.805427,1.827856,1.795928,5.194884
585.855425,1.935814,1.877764,5.194884
585.905431,2.042778,1.937103,4.879785
585.955437,2.148195,1.985810,4.479310
586.005437,2.168626,2.034668,4.479310
586.074580,2.171419,2.068090,4.479310
586.105438,2.180323,2.098408,4.479310
586.155442,2.192376,2.103286,4.479310
586.205444,2.193371,2.126164,4.479310
586.255449,2.138873,2.060554,4.479310
586.305454,2.080749,2.003926,4.479310
586.355449,2.017659,1.960571,4.479310
586.405452,1.795346,1.697726,4.479310
586.455452,1.586105,1.507419,4.479310
586.505424,1.408536,1.381393,4.479310
586.555433,1.219715,1.284667,4.479310
586.605432,1.061761,1.165170,4.479310
586.655442,0.917066,1.087122,4.479310
586.705445,0.738757,0.977850,4.479310
586.755443,0.725303,0.892761,4.479310
586.805444,0.711458,0.844188,4.479310
586.855444,0.655020,0.771725,4.479310
586.905444,0.606081,0.728462,4.605932
586.955447,0.612260,0.728910,4.931463
587.005462,0.598870,0.719877,4.931463
587.055459,0.640393,0.741373,4.931463
587.105460,0.670522,0.745195,4.931463
587.155464,0.675825,0.733866,4.931463
587.205456,0.693235,0.707441,4.931463
587.255431,0.721987,0.718133,4.931463
587.305436,0.704088,0.695880,4.931463
587.355444,0.687909,0.668183,4.931463
587.405440,0.646249,0.641908,4.931463
587.455444,0.626214,0.638163,4.931463
587.505445,0.598318,0.608979,4.931463
587.555457,0.591508,0.598594,4.931463
587.605451,0.553070,0.577632,4.931463
587.655460,0.520649,0.537989,4.931463
587.705460,0.537505,0.565139,4.931463
587.755456,0.514950,0.528278,4.931463
587.805466,0.481321,0.499582,4.931463
587.855462,0.484936,0.503574,4.931463
587.905468,0.475232,0.500908,4.722346
587.955474,0.474282,0.498710,4.459024
588.005458,0.490376,0.497454,4.459024
588.064404,0.472460,0.507987,4.459024
588.105448,0.491663,0.509575,4.459024
588.155450,0.515574,0.517874,4.459024
588.214391,0.529248,0.536666,4.459024
588.255461,0.558716,0.568643,4.459024
588.305473,0.578137,0.580355,4.459024
588.364378,0.602323,0.597044,4.459024
588.405470,0.619078,0.611321,4.459024
588.455461,0.641164,0.623147,4.459024
588.505484,0.665852,0.644175,4.459024
588.555474,0.742160,0.743673,4.459024
588.605477,0.807842,0.823504,4.459024
588.655488,0.874638,0.877957,4.459024
588.705469,0.935488,0.924453,4.459024
588.755454,1.048071,1.033369,4.459024
588.805466,1.175380,1.139339,4.459024
588.855457,1.290566,1.212349,4.459024
588.905473,1.345694,1.271203,4.065830
588.955460,1.403177,1.316743,3.530086
589.005462,1.455420,1.353171,3.530086
589.055470,1.507376,1.382425,3.530086
589.105473,1.497757,1.387607,3.530086
589.155469,1.424429,1.320420,3.530086
589.205498,1.338048,1.236097,3.530086
589.255487,1.253048,1.171505,3.530086
589.305477,1.146837,1.088375,3.530086
589.355480,1.051091,1.036383,3.530086
589.405476,0.959252,1.000138,3.530086
589.455485,0.878327,0.968065,3.530086
589.505460,0.847574,0.942092,3.530086
589.555465,0.836580,0.917662,3.530086
589.613666,0.823254,0.898102,3.530086
589.655465,0.833846,0.882999,3.530086
589.705464,0.811322,0.842302,3.530086
589.755468,0.780359,0.802104,3.530086
589.805475,0.749593,0.766797,3.530086
589.855492,0.724034,0.745211,3.530086
589.905478,0.699402,0.725562,2.982673
589.955475,0.671907,0.705971,2.239655
590.005488,0.642115,0.687948,2.239655
590.055483,0.613873,0.646830,2.239655
590.105488,0.578066,0.595228,2.239655
590.155481,0.547568,0.558267,2.239655
590.205490,0.508098,0.521984,2.239655
590.255465,0.467195,0.490196,2.239655
590.305468,0.427500,0.462446,2.239655
590.355466,0.392897,0.445075,2.239655
590.405469,0.375129,0.427829,2.239655
590.455477,0.369766,0.412666,2.239655
590.505473,0.351811,0.387135,2.239655
590.555480,0.338820,0.366880,2.239655
590.605478,0.319735,0.339167,2.239655
590.673576,0.305473,0.321784,2.239655
590.706182,0.284313,0.303022,2.239655
590.755487,0.260946,0.281479,2.239655
590.805491,0.242205,0.269293,2.239655
590.855492,0.228900,0.253740,2.239655
590.905494,0.212406,0.237082,1.776325
590.955501,0.204330,0.224104,1.159173
591.005472,0.192816,0.213540,1.159173
591.055477,0.184821,0.205282,1.159173
591.105474,0.181307,0.198369,1.159173
591.155481,0.173880,0.192375,1.159173
591.205488,0.167621,0.183442,1.159173
591.255480,0.162786,0.174077,1.159173
591.305489,0.159208,0.168716,1.159173
591.355490,0.154110,0.162135,1.159173
591.405499,0.148576,0.156374,1.159173
591.455490,0.136026,0.141673,1.159173
591.505501,0.124299,0.130633,1.159173
591.555496,0.115288,0.121417,1.159173
591.614109,0.106385,0.111938,1.159173
591.655501,0.095752,0.104171,1.159173
591.705511,0.087309,0.098696,1.159173
591.755475,0.078259,0.092949,1.159173
591.805485,0.076845,0.088953,1.159173
591.855484,0.073738,0.084109,1.159173
591.905485,0.069847,0.078748,0.837614
591.955490,0.066760,0.073483,0.446099
592.005488,0.063574,0.068954,0.446099
592.064070,0.058905,0.063973,0.446099
592.105508,0.056173,0.061352,0.446099
592.155501,0.053015,0.059261,0.446099
592.205498,0.050953,0.057457,0.446099
592.255512,0.047137,0.052083,0.446099
592.305499,0.045303,0.049591,0.446099
592.355504,0.042474,0.045863,0.446099
592.405514,0.039155,0.040859,0.446099
592.455500,0.034781,0.036732,0.446099
592.505479,0.030078,0.032966,0.446099
592.555489,0.025277,0.029723,0.446099
592.605498,0.023134,0.026888,0.446099
592.655492,0.020049,0.025150,0.446099
592.705508,0.018179,0.023662,0.446099
592.755493,0.017564,0.022222,0.446099
592.805496,0.017053,0.021081,0.446099
592.855519,0.016689,0.019978,0.446099
592.905508,0.015282,0.017382,0.407320
592.955507,0.014195,0.015497,0.382594
593.005520,0.012784,0.014017,0.382594
593.055515,0.011331,0.012729,0.382594
593.105510,0.009975,0.011594,0.382594
593.155537,0.007940,0.009738,0.382594
593.205506,0.005476,0.007449,0.382594
593.255489,0.004868,0.006511,0.382594
593.305496,0.004104,0.005734,0.382594
593.355495,0.003286,0.005067,0.382594
593.405497,0.002753,0.004713,0.382594
593.455505,0.003017,0.005587,0.382594
593.505505,0.005246,0.008095,0.382594
593.555503,0.007897,0.009881,0.382594
593.605512,0.009491,0.010734,0.382594
593.655508,0.011533,0.011960,0.382594
593.705511,0.016984,0.017678,0.382594
593.755526,0.019608,0.018363,0.382594
593.805524,0.023622,0.022183,0.382594
593.855518,0.026789,0.025815,0.382594
593.905529,0.030016,0.028590,0.220387
593.955522,0.033675,0.030902,0.000000
594.005496,0.040370,0.037436,0.000000
594.055496,0.042699,0.041294,0.000000
594.105505,0.048551,0.045395,0.000000
594.155504,0.052452,0.049172,0.000000
594.205511,0.058551,0.055983,0.000000
594.255509,0.064606,0.061267,0.000000
594.305513,0.071395,0.066582,0.000000
594.355517,0.077239,0.074221,0.000000
594.405521,0.083308,0.079171,0.000000
594.455516,0.090063,0.085133,0.000000
594.505527,0.100911,0.096146,0.000000
594.555518,0.109554,0.105573,0.000000
594.613859,0.116072,0.110117,0.000000
594.655543,0.123183,0.115660,0.000000
594.705537,0.128577,0.120965,0.000000
594.755508,0.135170,0.125796,0.000000
594.805505,0.152441,0.146723,0.000000
594.855508,0.168493,0.167816,0.000000
594.905513,0.181254,0.180776,0.891661
594.955526,0.195933,0.190908,2.104466
595.005516,0.208213,0.197527,2.104466
595.055524,0.227487,0.213347,2.104466
595.105919,0.252435,0.234235,2.104466
595.155523,0.265180,0.251609,2.104466
595.205531,0.270613,0.259075,2.104466
595.255536,0.278960,0.265836,2.104466
595.305536,0.291875,0.277307,2.104466
595.355543,0.306765,0.287676,2.104466
595.405536,0.324776,0.310526,2.104466
595.455541,0.341011,0.334087,2.104466
595.505509,0.358359,0.355276,2.104466
595.555518,0.382703,0.376142,2.104466
595.605517,0.404719,0.390990,2.104466
595.655517,0.419171,0.397802,2.104466
595.705523,0.426786,0.394245,2.104466
595.755525,0.440532,0.415486,2.104466
595.805528,0.447331,0.427694,2.104466
595.855529,0.454699,0.439876,2.104466
595.905537,0.464634,0.455657,2.207118
595.955531,0.470320,0.462681,2.411255
596.005534,0.485186,0.475890,2.411255
596.055544,0.498576,0.475810,2.411255
596.105542,0.494098,0.475644,2.411255
596.155546,0.501409,0.486073,2.411255
596.205538,0.506181,0.493432,2.411255
596.263734,0.481004,0.463371,2.411255
596.305522,0.484259,0.473593,2.411255
596.355523,0.476537,0.474117,2.411255
596.405523,0.462023,0.453914,2.411255
596.455532,0.445691,0.435181,2.411255
596.505531,0.405860,0.398430,2.411255
596.555541,0.362075,0.362009,2.411255
596.605539,0.344833,0.334204,2.411255
596.655535,0.303673,0.312163,2.411255
596.705539,0.266910,0.293528,2.411255
596.755543,0.245312,0.278665,2.411255
596.805558,0.203808,0.237476,2.411255
596.855544,0.189332,0.220650,2.411255
596.905554,0.182609,0.210005,2.926491
596.955554,0.174361,0.199246,3.712889
597.005521,0.208607,0.251125,3.712889
597.055529,0.247814,0.299659,3.712889
597.105529,0.282981,0.334574,3.712889
597.155538,0.339752,0.363877,3.712889
597.205534,0.387488,0.389417,3.712889
597.255542,0.482471,0.475501,3.712889
597.305537,0.584434,0.552359,3.712889
597.355554,0.642621,0.614637,3.712889
597.405542,0.694427,0.662143,3.712889
597.455550,0.740326,0.691269,3.712889
597.505553,0.791052,0.719746,3.712889
597.555550,0.843158,0.746251,3.712889
597.605554,0.833190,0.749338,3.712889
597.655560,0.814471,0.745612,3.712889
597.705564,0.788892,0.733377,3.712889
597.755533,0.780042,0.744439,3.712889
597.805532,0.781456,0.759537,3.712889
597.855539,0.771288,0.759912,3.712889
597.905540,0.763484,0.767545,4.055329
597.955557,0.768367,0.772636,4.550419
598.005543,0.772287,0.769282,4.550419
598.055544,0.798952,0.789813,4.550419
598.105556,0.800192,0.791251,4.550419
598.155549,0.801655,0.799626,4.550419
598.205559,0.813002,0.807194,4.550419
598.255555,0.818975,0.814218,4.550419
598.305558,0.825577,0.817341,4.550419
598.355567,0.838693,0.822133,4.550419
598.405556,0.838739,0.834564,4.550419
598.473541,0.849710,0.842452,4.550419
598.505535,0.858886,0.854487,4.550419
598.555543,0.859568,0.851200,4.550419
598.605541,0.878793,0.874475,4.550419
598.655549,0.894663,0.889544,4.550419
598.705548,0.912389,0.904456,4.550419
598.755552,0.919505,0.911179,4.550419
598.805556,0.926563,0.914511,4.550419
598.855553,0.935857,0.922515,4.550419
598.905555,0.950761,0.928169,4.841394
598.955568,0.939441,0.917867,5.236970
599.005561,0.928386,0.910394,5.236970
599.055567,0.916371,0.905335,5.236970
599.105566,0.907807,0.900209,5.236970
599.155571,0.902691,0.897763,5.236970
599.205571,0.891483,0.893899,5.236970
599.255548,0.882330,0.892132,5.236970
599.305551,0.878455,0.884149,5.236970
599.355548,0.883972,0.888161,5.236970
599.405557,0.886973,0.887958,5.236970
599.455554,0.888087,0.882483,5.236970
599.505555,0.887742,0.881197,5.236970
599.555566,0.886220,0.880102,5.236970
599.605560,0.877814,0.870380,5.236970
599.655564,0.870151,0.857662,5.236970
599.705578,0.869684,0.866023,5.236970
599.755580,0.880823,0.887256,5.236970
599.805571,0.883138,0.887957,5.236970
599.855581,0.851207,0.846112,5.236970
599.905577,0.825962,0.818621,5.246512
599.955590,0.804854,0.794360,5.263017
600.005551,0.782114,0.769281,5.263017
600.055565,0.751263,0.752140,5.263017
600.105558,0.736152,0.754443,5.263017
600.155557,0.715309,0.738420,5.263017
600.205563,0.695691,0.705836,5.263017
600.255563,0.678396,0.682783,5.263017
600.305568,0.662713,0.666821,5.263017
600.355576,0.642700,0.647711,5.263017
600.405570,0.625679,0.641060,5.263017
600.483376,0.610294,0.633618,5.263017
600.505578,0.600133,0.634575,5.263017
600.555582,0.602616,0.634977,5.263017
600.605591,0.605701,0.632149,5.263017
600.655590,0.609781,0.625221,5.263017
600.705590,0.627992,0.628538,5.263017
600.755554,0.638668,0.627987,5.263017
600.805563,0.653528,0.626333,5.263017
600.855568,0.625853,0.626893,5.263017
600.933331,0.623298,0.626410,5.586271
600.955572,0.651388,0.666441,5.796557
601.005569,0.651503,0.649269,5.796557
601.055580,0.655403,0.653903,5.796557
601.105581,0.653348,0.644138,5.796557
601.155580,0.647964,0.629508,5.796557
601.205596,0.640295,0.617350,5.796557
601.255584,0.666439,0.648454,5.796557
601.305586,0.657320,0.688449,5.796557
601.355594,0.690404,0.707161,5.796557
601.405598,0.721460,0.741505,5.796557
601.455592,0.769491,0.773225,5.796557
601.505564,0.796903,0.759169,5.796557
601.555566,0.856519,0.789389,5.796557
601.605569,0.796378,0.721907,5.796557
601.655573,0.743488,0.685539,5.796557
601.705578,0.689355,0.636129,5.796557
601.755578,0.625380,0.600479,5.796557
601.805587,0.575615,0.586454,5.796557
601.855584,0.553768,0.573468,5.796557
601.905594,0.519519,0.563976,5.740286
601.955589,0.527230,0.558352,5.764249
602.005607,0.527110,0.552050,5.764249
602.055594,0.528646,0.539115,5.764249
602.105599,0.532990,0.534574,5.764249
602.155608,0.531244,0.536406,5.764249
602.205594,0.535750,0.544149,5.764249
602.255570,0.541491,0.551523,5.764249
602.305576,0.544525,0.554115,5.764249
602.355580,0.546294,0.552548,5.764249
602.405580,0.555216,0.553063,5.764249
602.455581,0.559723,0.552323,5.764249
602.505586,0.559944,0.550885,5.764249
602.555588,0.555085,0.548697,5.764249
602.605591,0.548827,0.546156,5.764249
602.655591,0.538075,0.534615,5.764249
602.705601,0.530757,0.526839,5.764249
602.763180,0.520987,0.518709,5.764249
602.805616,0.516564,0.518906,5.764249
602.855596,0.507679,0.511522,5.764249
602.905605,0.491110,0.494055,5.664981
602.955616,0.480273,0.487900,5.653683
603.005578,0.489436,0.501109,5.653683
603.055586,0.495317,0.508694,5.653683
603.105589,0.499992,0.510850,5.653683
603.155589,0.503233,0.516821,5.653683
603.205598,0.507621,0.515427,5.653683
603.255722,0.521115,0.515284,5.653683
603.305601,0.526505,0.513113,5.653683
603.355596,0.518989,0.510974,5.653683
603.405598,0.512442,0.507729,5.653683
603.455608,0.509996,0.506735,5.653683
603.505605,0.504539,0.505943,5.653683
603.555612,0.503580,0.505406,5.653683
603.605618,0.501837,0.504818,5.653683
603.655612,0.500314,0.502452,5.653683
603.705621,0.497643,0.498625,5.653683
603.755585,0.498093,0.498448,5.653683
603.805586,0.499538,0.501208,5.653683
603.855596,0.498698,0.500233,5.653683
603.932461,0.495827,0.496839,5.677161
603.955597,0.498412,0.501258,5.764902
604.005604,0.495359,0.495239,5.764902
604.071198,0.496587,0.494620,5.764902
604.105613,0.524372,0.534213,5.764902
604.155607,0.519819,0.523407,5.764902
604.205611,0.516668,0.513635,5.764902
604.255615,0.515074,0.505571,5.764902
604.313084,0.497409,0.482793,5.764902
604.355628,0.507451,0.494808,5.764902
604.405631,0.504668,0.490632,5.764902
604.455622,0.473150,0.486862,5.764902
604.505591,0.469685,0.480732,5.764902
604.555596,0.461820,0.468576,5.764902
604.605596,0.454982,0.459920,5.764902
604.655598,0.460810,0.454382,5.764902
604.705608,0.444965,0.449844,5.764902
604.755607,0.438111,0.445197,5.764902
604.822385,0.430449,0.439873,5.764902
604.855620,0.428555,0.440503,5.764902
604.905613,0.427271,0.434489,5.655551
604.973005,0.420809,0.423663,5.570139
605.006402,0.415394,0.418114,5.570139
605.055627,0.412261,0.416745,5.570139
605.105623,0.408354,0.413553,5.570139
605.155634,0.403819,0.408461,5.570139
605.205628,0.400433,0.408496,5.570139
605.255605,0.401659,0.408454,5.570139
605.305608,0.403822,0.407407,5.570139
605.355604,0.397409,0.395810,5.570139
605.405612,0.386496,0.384606,5.570139
605.455610,0.378438,0.377090,5.570139
605.505610,0.372454,0.371368,5.570139
605.555623,0.363319,0.366313,5.570139
605.605621,0.355061,0.363245,5.570139
605.655619,0.353527,0.369135,5.570139
605.705625,0.359302,0.373229,5.570139
605.755620,0.366913,0.377230,5.570139
605.805629,0.373290,0.380198,5.570139
605.855634,0.379789,0.382916,5.570139
605.905647,0.386737,0.385261,5.583827
605.955637,0.392791,0.386869,5.757754
606.005611,0.392993,0.388303,5.757754
606.055610,0.419592,0.425841,5.757754
606.105616,0.439377,0.447038,5.757754
606.155619,0.455446,0.458612,5.757754
606.205615,0.475184,0.473258,5.757754
606.255624,0.493249,0.482762,5.757754
606.305623,0.502180,0.477306,5.757754
606.362879,0.503211,0.462023,5.757754
606.405634,0.495682,0.474363,5.757754
606.455629,0.482645,0.467622,5.757754
606.505634,0.467787,0.454136,5.757754
606.555641,0.444074,0.436662,5.757754
606.605640,0.423446,0.424586,5.757754
606.655639,0.410624,0.412779,5.757754
606.705651,0.406977,0.405257,5.757754
606.755614,0.386509,0.400419,5.757754
606.805617,0.377539,0.396010,5.757754
606.855622,0.374473,0.392444,5.757754
606.922837,0.389926,0.408777,5.619053
606.955629,0.407742,0.426844,5.590832
607.005627,0.433603,0.450238,5.590832
607.055631,0.481125,0.501237,5.590832
607.105631,0.524456,0.538843,5.590832
607.155633,0.575404,0.578391,5.590832
607.205646,0.639915,0.628855,5.590832
607.255639,0.677606,0.650684,5.590832
607.305642,0.692602,0.641460,5.590832
607.355649,0.697412,0.628564,5.590832
607.405653,0.679516,0.618708,5.590832
607.455655,0.667125,0.615428,5.590832
607.522783,0.644260,0.607732,5.590832
607.555629,0.609805,0.604274,5.590832
607.605630,0.584588,0.595788,5.590832
607.655629,0.581697,0.593387,5.590832
607.705629,0.576126,0.582408,5.590832
607.755639,0.568042,0.570499,5.590832
607.805635,0.550750,0.552665,5.590832
607.855645,0.539358,0.541596,5.590832
607.905638,0.536940,0.547623,5.591082
607.955645,0.533086,0.545140,5.604230
608.005648,0.530100,0.548789,5.604230
608.055652,0.537421,0.557171,5.604230
608.105654,0.538877,0.552128,5.604230
608.155654,0.548056,0.550764,5.604230
608.205655,0.553545,0.547948,5.604230
608.255627,0.548118,0.545387,5.604230
608.305634,0.546643,0.541278,5.604230
608.355638,0.511042,0.495457,5.604230
608.405636,0.477765,0.467802,5.604230
608.455635,0.452576,0.445529,5.604230
608.505641,0.426380,0.428463,5.604230
608.555642,0.399297,0.412487,5.604230
608.605648,0.377730,0.406235,5.604230
608.655648,0.355412,0.398004,5.604230
608.705661,0.361443,0.389541,5.604230
608.755653,0.362081,0.384377,5.604230
608.805656,0.364925,0.383417,5.604230
608.855658,0.373944,0.390584,5.604230
608.905665,0.547813,0.626226,5.429034
608.955665,0.750559,0.861945,5.228284
609.005634,0.826265,0.868457,5.228284
609.055642,0.948378,0.936806,5.228284
609.105642,1.021151,0.924209,5.228284
609.155644,1.105807,0.933185,5.228284
609.205645,1.161420,0.906797,5.228284
609.255647,1.076080,0.921579,5.228284
609.305651,0.959539,0.933851,5.228284
609.355654,0.959801,0.926814,5.228284
609.405653,0.925782,0.935907,5.228284
609.462656,0.887444,0.869332,5.228284
609.505661,0.874514,0.871251,5.228284
609.555675,0.897567,0.890001,5.228284
609.605665,0.877417,0.880039,5.228284
609.655668,0.865228,0.883920,5.228284
609.705675,0.856553,0.874715,5.228284
609.762597,0.842938,0.875464,5.228284
609.805649,0.887165,0.883180,5.228284
609.855649,0.947705,0.967368,5.228284
609.905652,0.998774,1.037815,5.185664
609.955655,1.053841,1.074631,5.147128
610.005657,1.104733,1.108121,5.147128
610.072302,1.171882,1.147315,5.147128
610.105664,1.236232,1.186155,5.147128
610.155668,1.386576,1.343735,5.147128
610.205663,1.509092,1.507966,5.147128
610.255669,1.645307,1.657110,5.147128
610.305669,1.771855,1.739480,5.147128
610.355675,1.904013,1.817847,5.147128
610.405677,2.001758,1.863148,5.147128
610.455683,2.100311,1.900942,5.147128
610.505646,1.967234,1.730435,5.147128
610.555658,1.812322,1.600356,5.147128
610.605653,1.644927,1.491514,5.147128
610.681901,1.499406,1.395889,5.147128
610.711891,1.341527,1.324107,5.147128
610.761889,1.176778,1.239253,5.147128
610.805682,1.036006,1.205437,5.147128
610.855664,1.013288,1.143150,5.147128
610.905668,0.978401,1.084155,5.263000
610.955670,0.961629,1.057642,5.595346
611.005770,0.947880,1.031543,5.595346
611.055674,0.937155,1.010750,5.595346
611.105686,0.944168,0.994320,5.595346
611.155675,0.939235,0.996384,5.595346
611.205696,0.949099,0.996884,5.595346
611.255654,0.976515,1.010592,5.595346
611.305661,0.999605,1.030606,5.595346
611.355660,1.135702,1.199438,5.595346
611.405667,1.254779,1.314912,5.595346
611.455666,1.369000,1.399018,5.595346
611.505667,1.482382,1.478388,5.595346
611.555669,1.657679,1.630160,5.595346
611.605673,1.825574,1.752946,5.595346
611.655682,1.983201,1.846017,5.595346
611.705677,2.031086,1.918957,5.595346
611.755690,2.023414,1.877570,5.595346
611.805678,2.049943,1.887012,5.595346
611.855690,2.030598,1.842844,5.595346
611.905685,1.976111,1.845039,5.609532
611.955694,1.920794,1.846851,5.750962
612.005667,1.873633,1.855430,5.750962
612.055665,1.826157,1.859905,5.750962
612.105667,1.852098,1.866089,5.750962
612.155669,1.844455,1.868249,5.750962
612.211143,1.798878,1.764199,5.750962
612.255675,1.757386,1.724835,5.750962
612.305682,1.758092,1.751077,5.750962
612.355679,1.736408,1.748096,5.750962
612.405686,1.725248,1.759001,5.750962
612.455681,1.718547,1.776195,5.750962
612.505693,1.716739,1.794513,5.750962
612.555688,1.782570,1.795925,5.750962
612.605697,1.811558,1.789384,5.750962
612.655697,1.797427,1.784695,5.750962
612.705698,1.764137,1.728775,5.750962
612.755668,1.700640,1.654634,5.750962
612.805676,1.628717,1.590067,5.750962
612.855675,1.571146,1.559678,5.750962
612.905681,1.486144,1.488533,5.663814
612.955683,1.400851,1.424104,5.600584
613.005684,1.319129,1.378038,5.600584
613.055686,1.272045,1.337816,5.600584
613.105686,1.245635,1.306861,5.600584
613.155693,1.222647,1.282125,5.600584
613.212308,1.180074,1.256391,5.600584
613.255695,1.176224,1.241024,5.600584
613.305702,1.174527,1.221246,5.600584
613.355692,1.148383,1.177768,5.600584
613.405703,1.128793,1.151758,5.600584
613.455709,1.103463,1.123460,5.600584
613.505677,1.078770,1.101110,5.600584
613.571654,1.058418,1.083180,5.600584
613.605683,1.034625,1.068750,5.600584
613.655683,1.030956,1.078222,5.600584
613.705689,1.043106,1.080149,5.600584
613.755689,1.045708,1.077529,5.600584
613.805692,1.056761,1.079646,5.600584
613.855702,1.067751,1.081224,5.600584
613.905698,1.082281,1.087509,5.338836
613.955699,1.096634,1.092677,5.013751
614.005710,1.099306,1.101241,5.013751
614.084125,1.102474,1.103300,5.013751
614.105710,1.111098,1.108443,5.013751
614.155713,1.115897,1.111051,5.013751
614.205710,1.159089,1.166440,5.013751
614.255686,1.242591,1.272217,5.013751
614.305690,1.355053,1.397169,5.013751
614.355691,1.482561,1.522767,5.013751
614.405707,1.599537,1.603270,5.013751
614.455701,1.694704,1.642316,5.013751
614.505701,1.791887,1.673874,5.013751
614.555707,1.868350,1.724176,5.013751
614.605704,1.911436,1.779051,5.013751
614.655704,1.913537,1.806352,5.013751
614.705714,1.921821,1.862208,5.013751
614.755719,1.895470,1.838442,5.013751
614.805718,1.902862,1.841216,5.013751
614.855714,1.899677,1.827965,5.013751
614.905708,1.886053,1.827945,5.181554
614.955714,1.852086,1.814698,5.579291
615.030294,1.823931,1.796188,5.579291
615.055692,1.739121,1.735051,5.579291
615.105694,1.722727,1.713366,5.579291
615.163748,1.658671,1.650663,5.579291
615.211520,1.659806,1.676270,5.579291
615.272114,1.602696,1.628072,5.579291
615.321513,1.599557,1.650964,5.579291
615.355714,1.588075,1.649351,5.579291
615.405710,1.638188,1.687957,5.579291
615.455715,1.663933,1.711623,5.579291
615.505720,1.702167,1.702223,5.579291
615.555721,1.703245,1.719284,5.579291
615.605736,1.740875,1.715333,5.579291
615.655717,1.711065,1.679705,5.579291
615.705730,1.717439,1.681029,5.579291
615.755696,1.692846,1.678124,5.579291
615.805697,1.703822,1.718859,5.579291
615.855707,1.742107,1.762463,5.579291
615.905705,1.770356,1.807671,5.549193
615.955712,1.792532,1.816659,5.552332
616.005709,1.825347,1.806383,5.552332
616.055711,1.832448,1.791166,5.552332
616.105719,1.859281,1.803990,5.552332
616.155722,1.842027,1.796230,5.552332
616.205718,1.818819,1.791863,5.552332
616.255723,1.789035,1.788644,5.552332
616.305731,1.787799,1.799571,5.552332
616.355730,1.805524,1.817820,5.552332
616.405728,1.809589,1.806150,5.552332
616.455738,1.816452,1.826078,5.552332
616.505705,1.828760,1.830694,5.552332
616.555708,1.848038,1.845484,5.552332
616.605711,1.887633,1.887117,5.552332
616.655712,1.910245,1.911015,5.552332
616.705714,1.902608,1.896037,5.552332
616.755714,1.938301,1.918420,5.552332
616.805720,1.950115,1.933018,5.552332
616.855724,1.955901,1.924521,5.552332
616.905729,1.963279,1.931026,5.283766
616.955731,1.950548,1.937780,4.931466
617.005731,1.942464,1.939678,4.931466
617.055736,1.927884,1.898868,4.931466
617.105735,1.901021,1.883193,4.931466
617.155736,1.876221,1.870132,4.931466
617.205748,1.854001,1.843261,4.931466
617.255710,1.798019,1.787455,4.931466
617.305712,1.756601,1.764764,4.931466
617.355714,1.689920,1.707250,4.931466
617.405717,1.668687,1.684006,4.931466
617.455727,1.617341,1.640089,4.931466
617.505733,1.542339,1.570326,4.931466
617.555725,1.509962,1.557015,4.931466
617.605738,1.484870,1.522539,4.931466
617.655727,1.459319,1.514679,4.931466
617.705733,1.460490,1.508918,4.931466
617.755738,1.462507,1.530261,4.931466
617.805744,1.489057,1.555322,4.931466
617.855740,1.554009,1.594390,4.931466
617.905745,1.592041,1.629570,4.153522
617.955753,1.645182,1.654400,3.673237
618.005717,1.701770,1.698218,3.673237
618.055724,1.741557,1.712321,3.673237
618.105728,1.765959,1.726890,3.673237
618.161900,1.785690,1.740116,3.673237
618.205730,1.774152,1.727068,3.673237
618.255734,1.768179,1.728174,3.673237
618.305733,1.758280,1.719490,3.673237
618.355735,1.676554,1.634886,3.673237
618.405739,1.597098,1.549392,3.673237
618.455751,1.509859,1.472385,3.673237
618.505744,1.401983,1.381086,3.673237
618.555753,1.334826,1.348326,3.673237
618.605751,1.264531,1.328902,3.673237
618.655753,1.206866,1.320484,3.673237
618.705760,1.207570,1.317025,3.673237
618.755727,1.215201,1.306721,3.673237
618.805729,1.239842,1.313099,3.673237
618.855734,1.283632,1.315064,3.673237
618.905741,1.299714,1.317526,4.047137
618.955736,1.304568,1.311491,6.229916
619.005737,1.306812,1.310370,6.229916
619.055741,1.306563,1.308914,6.229916
619.105747,1.295128,1.283894,6.229916
619.155756,1.281422,1.274452,6.229916
619.205748,1.261998,1.254582,6.229916
619.255756,1.247569,1.246016,6.229916
619.305754,1.232666,1.238016,6.229916
619.355753,1.215040,1.227825,6.229916
619.405767,1.177903,1.191508,6.229916
619.455768,1.179554,1.192650,6.229916
619.505734,1.165484,1.181578,6.229916
619.555737,1.152353,1.160290,6.229916
619.605738,1.107203,1.105268,6.229916
619.655737,1.100906,1.115694,6.229916
619.705742,1.097595,1.125681,6.229916
619.755747,1.163448,1.202282,6.229916
619.805753,1.220645,1.282195,6.229916
619.855750,1.265174,1.316344,6.229916
619.905753,1.342681,1.377514,5.163756
619.955757,1.426697,1.397356,3.810336
620.005757,1.438396,1.366538,3.810336
620.055765,1.448039,1.340680,3.810336
620.105757,1.425797,1.342492,3.810336
620.155767,1.417651,1.381495,3.810336
620.205773,1.381590,1.342578,3.810336
620.255746,1.330712,1.324090,3.810336
620.305741,1.297190,1.309174,3.810336
620.355742,1.216627,1.184968,3.810336
620.405750,1.143473,1.096061,3.810336
620.455748,1.050618,1.017402,3.810336
620.505756,0.924800,0.944634,3.810336
620.555762,0.842829,0.877912,3.810336
620.605756,0.749785,0.822289,3.810336
620.655761,0.663988,0.787610,3.810336
620.705762,0.663604,0.767315,3.810336
620.755767,0.652309,0.746388,3.810336
620.805784,0.640703,0.721604,3.810336
620.855764,0.639390,0.706177,3.810336
620.905775,0.643127,0.692325,3.788297
620.955780,0.649141,0.682361,3.959550
621.005753,0.647625,0.673430,3.959550
621.055746,0.616341,0.631874,3.959550
621.105748,0.613783,0.634518,3.959550
621.155759,0.620410,0.641603,3.959550
621.205755,0.605052,0.620796,3.959550
621.255759,0.605814,0.625072,3.959550
621.305771,0.611105,0.635971,3.959550
621.355767,0.611232,0.636554,3.959550
621.405768,0.637188,0.638332,3.959550
621.455774,0.635559,0.637714,3.959550
621.505765,0.630836,0.637711,3.959550
621.561616,0.625943,0.610849,3.959550
621.605798,0.634641,0.629248,3.959550
621.655787,0.634718,0.639419,3.959550
621.705792,0.644164,0.652593,3.959550
621.755752,0.648740,0.657432,3.959550
621.805755,0.654969,0.661812,3.959550
621.855762,0.651384,0.651390,3.959550
621.905761,0.672944,0.651774,3.819269
621.955769,0.660616,0.644822,3.651102
622.005772,0.637715,0.620081,3.651102
622.055767,0.622488,0.616051,3.651102
622.105768,0.613351,0.615195,3.651102
622.155773,0.602739,0.613064,3.651102
622.205787,0.601256,0.610546,3.651102
622.255785,0.593974,0.609060,3.651102
622.305790,0.591508,0.607028,3.651102
622.355789,0.601897,0.604580,3.651102
622.405784,0.592775,0.590799,3.651102
622.455789,0.570161,0.562939,3.651102
622.519690,0.546840,0.538209,3.651102
622.555762,0.534818,0.534273,3.651102
622.605763,0.540852,0.556349,3.651102
622.669662,0.523527,0.540971,3.651102
622.705771,0.507087,0.529213,3.651102
622.755775,0.499386,0.519184,3.651102
622.805772,0.527137,0.543601,3.651102
622.855778,0.554845,0.562127,3.651102
622.905782,0.550316,0.547637,4.648071
622.955783,0.530221,0.538922,5.977777
623.005784,0.543286,0.545430,5.977777
623.055796,0.545312,0.535321,5.977777
623.105798,0.549154,0.528738,5.977777
623.155798,0.529020,0.522512,5.977777
623.205798,0.497279,0.500895,5.977777
623.255770,0.485372,0.482124,5.977777
623.305773,0.470800,0.465282,5.977777
623.355770,0.447751,0.455034,5.977777
623.405781,0.442720,0.456750,5.977777
623.455779,0.429995,0.448575,5.977777
623.505779,0.435328,0.466019,5.977777
623.555790,0.449323,0.475031,5.977777
623.605781,0.467560,0.486738,5.977777
623.655783,0.479957,0.485760,5.977777
623.705800,0.495798,0.493923,5.977777
623.755797,0.505311,0.500770,5.977777
623.805794,0.520019,0.505130,5.977777
623.855804,0.515817,0.505501,5.977777
623.905802,0.519070,0.511142,5.609787
623.955802,0.517704,0.513693,5.751006
624.005778,0.523874,0.515988,5.751006
624.055779,0.534716,0.533223,5.751006
624.105781,0.542948,0.543790,5.751006
624.155782,0.552638,0.553051,5.751006
624.205784,0.566361,0.562988,5.751006
624.255786,0.576252,0.571004,5.751006
624.335961,0.598242,0.592576,5.751006
624.355796,0.622164,0.612538,5.751006
624.405803,0.634663,0.628015,5.751006
624.455788,0.658187,0.652666,5.751006
624.505795,0.687501,0.680905,5.751006
624.555804,0.713185,0.700951,5.751006
624.631365,0.738472,0.716968,5.751006
624.655810,0.749143,0.724532,5.751006
624.705809,0.764023,0.737178,5.751006
624.755781,0.821692,0.809134,5.751006
624.805782,0.872689,0.869528,5.751006
624.855789,0.917037,0.916603,5.751006
624.905794,0.963356,0.954406,6.152481
624.955790,1.010050,0.984980,6.687986
625.005792,1.061620,1.011127,6.687986
625.055797,1.118512,1.046523,6.687986
625.105804,1.166852,1.124396,6.687986
625.155807,1.211806,1.184743,6.687986
625.205809,1.257056,1.231961,6.687986
625.255809,1.304821,1.273127,6.687986
625.305817,1.380098,1.345205,6.687986
625.355815,1.458443,1.408952,6.687986
625.405810,1.515215,1.444575,6.687986
625.455811,1.539890,1.477770,6.687986
625.505787,1.562148,1.498808,6.687986
625.555796,1.585655,1.516188,6.687986
625.605793,1.609841,1.534262,6.687986
625.655795,1.625331,1.575009,6.687986
625.705803,1.624352,1.590316,6.687986
625.755802,1.623110,1.588810,6.687986
625.805807,1.626166,1.598119,6.687986
625.855811,1.633957,1.605984,6.687986
625.905809,1.644434,1.616147,6.606574
625.955816,1.665237,1.643129,6.501166
626.005816,1.671606,1.671061,6.501166
626.055821,1.685803,1.687044,6.501166
626.105824,1.722247,1.717455,6.501166
626.155825,1.763492,1.758978,6.501166
626.205831,1.815039,1.806998,6.501166
626.255795,1.851525,1.828105,6.501166
626.305805,1.887791,1.863532,6.501166
626.359065,1.891698,1.852747,6.501166
626.405804,1.916553,1.867289,6.501166
626.455808,1.944516,1.900742,6.501166
626.505818,1.962490,1.930844,6.501166
626.555816,1.971022,1.956397,6.501166
626.605813,1.989958,1.974135,6.501166
626.655816,1.988319,1.978280,6.501166
626.705824,2.021437,1.990832,6.501166
626.755819,2.037647,2.000417,6.501166
626.805830,2.034542,2.002776,6.501166
626.855840,1.985560,1.943440,6.501166
626.919324,1.902528,1.850097,6.597657
626.955826,1.836193,1.796211,6.677060
627.005802,1.822186,1.817386,6.677060
627.055807,1.764265,1.780593,6.677060
627.105809,1.752206,1.815280,6.677060
627.155814,1.741793,1.839481,6.677060
627.205815,1.774703,1.859522,6.677060
627.255813,1.838097,1.871873,6.677060
627.305819,1.895813,1.893982,6.677060
627.355828,1.908292,1.911510,6.677060
627.405822,1.952020,1.918870,6.677060
627.455825,1.971308,1.952929,6.677060
627.505825,2.005088,1.996666,6.677060
627.555831,1.995687,1.972299,6.677060
627.605843,1.999745,1.967794,6.677060
627.655842,2.011921,1.987858,6.677060
627.705841,2.032163,2.014944,6.677060
627.755807,2.069163,2.053399,6.677060
627.805809,2.110231,2.118099,6.677060
627.855820,2.104068,2.120313,6.677060
627.905820,2.162766,2.153381,6.445137
627.955817,2.209485,2.177932,6.140189
628.021085,2.237352,2.194757,6.140189
628.055831,2.260441,2.212927,6.140189
628.105829,2.267648,2.221960,6.140189
628.155834,2.132457,2.063388,6.140189
628.205840,2.043778,1.951399,6.140189
628.255842,1.923111,1.848393,6.140189
628.305846,1.713853,1.639936,6.140189
628.355838,1.491417,1.454022,6.140189
628.405843,1.271140,1.308862,6.140189
628.455843,1.049775,1.190577,6.140189
628.505819,0.950347,1.100970,6.140189
628.555819,0.840041,1.027472,6.140189
628.605827,0.739678,0.969216,6.140189
628.655823,0.728891,0.922105,6.140189
628.705829,0.732130,0.884253,6.140189
628.755831,0.732716,0.853984,6.140189
628.805831,0.725645,0.816764,6.140189
628.855834,0.721840,0.796552,6.140189
628.905835,0.712786,0.771279,6.516282
628.971002,0.703319,0.751055,7.032745
629.005846,0.694500,0.735323,7.032745
629.055850,0.704137,0.748149,7.032745
629.105841,0.714647,0.759713,7.032745
629.155855,0.727080,0.758593,7.032745
629.205853,0.732090,0.756484,7.032745
629.255822,0.740690,0.751439,7.032745
629.305830,0.752754,0.752068,7.032745
629.355827,0.770453,0.761372,7.032745
629.405837,0.759570,0.753807,7.032745
629.455834,0.742821,0.740735,7.032745
629.520956,0.738811,0.737948,7.032745
629.555836,0.734571,0.734311,7.032745
629.605845,0.740235,0.741509,7.032745
629.655848,0.736355,0.738487,7.032745
629.705848,0.764678,0.790002,7.032745
629.755853,0.855436,0.903805,7.032745
629.805843,1.001867,1.065125,7.032745
629.855855,1.088231,1.118331,7.032745
629.905855,1.168629,1.151809,7.189195
629.955860,1.250378,1.189502,7.402435
630.005828,1.338912,1.220722,7.402435
630.055830,1.388483,1.245304,7.402435
630.105840,1.386261,1.265369,7.402435
630.155838,1.425736,1.409756,7.402435
630.205840,1.536780,1.549626,7.402435
630.255845,1.634859,1.634282,7.402435
630.305850,1.681860,1.641156,7.402435
630.355845,1.633764,1.514568,7.402435
630.405857,1.576444,1.399504,7.402435
630.455845,1.513362,1.300793,7.402435
630.505853,1.380074,1.251128,7.402435
630.555859,1.226396,1.206613,7.402435
630.605860,1.088210,1.166194,7.402435
630.655862,0.974383,1.107860,7.402435
630.705865,0.953266,1.058622,7.402435
630.755840,0.936266,1.011105,7.402435
630.805838,0.936600,0.990751,7.402435
630.855845,0.915913,0.974454,7.402435
630.905845,0.894356,0.955222,7.402712
630.969582,0.863363,0.921874,7.404315
631.005854,0.870484,0.922318,7.404315
631.055854,0.877822,0.920667,7.404315
631.105852,0.916021,0.954204,7.404315
631.155862,0.964067,1.012516,7.404315
631.205849,1.013106,1.060660,7.404315
631.255858,1.066047,1.098644,7.404315
631.306234,1.130274,1.126816,7.404315
631.355870,1.152971,1.116738,7.404315
631.405870,1.171222,1.101260,7.404315
631.455871,1.165227,1.090565,7.404315
631.505840,1.128344,1.069611,7.404315
631.555843,1.092325,1.056461,7.404315
631.605853,1.061353,1.052459,7.404315
631.655851,1.031572,1.048233,7.404315
631.705852,1.023955,1.043188,7.404315
631.769515,1.018521,1.034812,7.404315
631.805868,1.012022,1.028358,7.404315
631.855863,0.991087,0.990543,7.404315
631.905865,0.964922,0.956548,7.404316
631.955872,0.933161,0.928148,7.404316
632.005863,0.899042,0.900851,7.404316
632.055869,0.870488,0.885037,7.404316
632.105878,0.844495,0.872077,7.404316
632.155881,0.825850,0.872083,7.404316
632.205878,0.829608,0.870713,7.404316
632.255852,0.826179,0.855998,7.404316
632.305856,0.828519,0.851089,7.404316
632.355853,0.835211,0.848669,7.404316
632.405863,0.840554,0.850641,7.404316
632.455859,0.835438,0.837168,7.404316
632.505862,0.829763,0.836257,7.404316
632.555870,0.818720,0.826703,7.404316
632.605872,0.805518,0.802403,7.404316
632.655874,0.795882,0.794814,7.404316
632.705897,0.792226,0.798401,7.404316
632.755882,0.780902,0.794512,7.404316
632.805877,0.781142,0.792479,7.404316
632.855883,0.772431,0.788073,7.404316
632.905891,0.772338,0.788380,7.402973
632.955885,0.783860,0.788185,7.402437
633.005859,0.786919,0.787617,7.402437
633.055862,0.783359,0.787690,7.402437
633.105861,0.785021,0.788512,7.402437
633.155869,0.788251,0.792129,7.402437
633.205866,0.815984,0.826475,7.402437
633.255868,0.834137,0.844304,7.402437
633.305872,0.853723,0.859984,7.402437
633.355886,0.870714,0.869275,7.402437
633.405876,0.888982,0.878731,7.402437
633.455887,0.910661,0.891042,7.402437
633.505882,0.926049,0.895524,7.402437
633.555884,0.925305,0.908146,7.402437
633.605888,0.929781,0.916244,7.402437
633.655892,0.933162,0.922499,7.402437
633.705891,0.938416,0.926301,7.402437
633.755861,0.957706,0.951425,7.402437
633.805864,0.954253,0.944431,7.402437
633.855867,0.960839,0.947260,7.402437
633.905869,0.948583,0.932620,7.319464
633.955872,0.958600,0.949684,7.214817
634.005883,0.968473,0.963098,7.214817
634.055888,0.979788,0.975094,7.214817
634.105881,0.973696,0.981796,7.214817
634.155890,0.987860,0.988542,7.214817
634.205889,0.997222,0.995634,7.214817
634.255890,1.080499,1.087704,7.214817
634.305901,1.141582,1.159095,7.214817
634.355925,1.214104,1.232249,7.214817
634.405924,1.290251,1.296924,7.214817
634.455909,1.454379,1.469039,7.214817
634.505868,1.626636,1.619673,7.214817
634.555875,1.788699,1.727451,7.214817
634.605876,1.887771,1.811910,7.214817
634.655881,1.987461,1.878364,7.214817
634.705883,1.977340,1.793619,7.214817
634.755888,1.949502,1.706731,7.214817
634.805891,1.803456,1.592396,7.214817
634.869258,1.692994,1.563379,7.214817
634.905889,1.580885,1.525959,7.215702
634.955899,1.476526,1.503701,7.219516
635.005898,1.349224,1.453520,7.219516
635.055904,1.294174,1.375775,7.219516
635.120516,1.215844,1.263437,7.219516
635.155906,1.232604,1.260824,7.219516
635.205908,1.154160,1.187867,7.219516
635.255875,1.165158,1.242755,7.219516
635.305880,1.161634,1.272356,7.219516
635.355886,1.220079,1.349888,7.219516
635.405882,1.307531,1.415526,7.219516
635.455893,1.432118,1.469951,7.219516
635.505891,1.492431,1.510168,7.219516
635.555892,1.602664,1.541202,7.219516
635.605906,1.634038,1.569390,7.219516
635.655899,1.789199,1.750184,7.219516
635.705900,1.903809,1.892970,7.219516
635.755910,2.016008,2.005886,7.219516
635.805911,2.125062,2.095091,7.219516
635.855906,2.234857,2.164632,7.219516
635.905911,2.329934,2.199333,7.296530
635.955922,2.411936,2.210652,7.400410
636.005885,2.282142,2.081353,7.400410
636.055890,2.145130,1.964281,7.400410
636.105891,2.031996,1.903215,7.400410
636.155891,1.905364,1.833491,7.400410
636.205900,1.766517,1.761223,7.400410
636.255899,1.640542,1.700724,7.400410
636.305905,1.527546,1.654472,7.400410
636.355907,1.513007,1.616838,7.400410
636.405903,1.505568,1.583183,7.400410
636.455908,1.479815,1.562662,7.400410
636.505908,1.470073,1.548096,7.400410
636.555914,1.494974,1.568808,7.400410
636.605919,1.521508,1.583821,7.400410
636.655919,1.453369,1.465220,7.400410
636.705919,1.410107,1.405337,7.400410
636.755927,1.383660,1.377168,7.400410
636.805894,1.351270,1.352083,7.400410
636.855901,1.318827,1.332947,7.400410
636.905898,1.262586,1.318245,7.401981
636.955902,1.207815,1.307423,7.404902
637.005909,1.246763,1.296963,7.404902
637.055908,1.258805,1.288361,7.404902
637.105914,1.257293,1.281706,7.404902
637.155917,1.257719,1.276213,7.404902
637.205915,1.212028,1.208654,7.404902
637.255916,1.168829,1.158335,7.404902
637.305919,1.123907,1.117063,7.404902
637.355922,1.085393,1.091135,7.404902
637.405923,1.042635,1.063760,7.404902
637.455945,1.005090,1.049550,7.404902
637.505895,0.987945,1.066441,7.404902
637.555904,1.021071,1.087422,7.404902
637.605904,1.205547,1.319077,7.404902
637.655905,1.395891,1.511082,7.404902
637.705907,1.576025,1.656617,7.404902
637.755914,1.761448,1.774000,7.404902
637.805914,1.943244,1.873974,7.404902
637.855921,2.104980,1.954365,7.404902
637.905919,2.262288,2.018648,7.402595
637.955920,2.271217,2.076816,7.400410
638.005935,2.270151,2.116063,7.400410
638.055930,2.267984,2.137642,7.400410
638.105927,2.259539,2.146860,7.400410
638.155940,2.249434,2.158268,7.400410
638.205928,2.248666,2.180866,7.400410
638.255903,2.260903,2.216690,7.400410
638.305928,2.236787,2.201525,7.400410
638.355914,2.249707,2.234199,7.400410
638.405910,2.247532,2.229574,7.400410
638.455914,2.259189,2.236368,7.400410
638.505917,2.219764,2.174058,7.400410
638.555925,2.157908,2.106501,7.400410
638.605930,2.136466,2.127376,7.400410
638.655926,2.149394,2.148725,7.400410
638.705931,2.117710,2.147714,7.400410
638.755947,2.115622,2.156680,7.400410
638.805932,2.102819,2.160559,7.400410
638.855939,2.139879,2.165366,7.400410
638.905933,2.188303,2.167299,7.319009
638.955947,2.182302,2.168027,7.213280
639.005916,2.174078,2.169637,7.213280
639.055917,2.187050,2.182392,7.213280
639.105916,2.195296,2.195526,7.213280
639.155928,2.203659,2.203311,7.213280
639.205936,2.209729,2.207690,7.213280
639.255924,2.215036,2.209465,7.213280
639.305927,2.197211,2.177274,7.213280
639.355939,2.133136,2.087359,7.213280
639.405941,1.999620,1.929266,7.213280
639.455931,1.849107,1.781348,7.213280
639.505938,1.715398,1.683171,7.213280
639.555939,1.582542,1.605193,7.213280
639.605943,1.458312,1.553104,7.213280
639.655950,1.354853,1.508308,7.213280
639.705936,1.295983,1.471295,7.213280
639.755916,1.298115,1.439395,7.213280
639.805924,1.316109,1.415672,7.213280
639.855926,1.329183,1.409395,7.213280
639.905930,1.352249,1.418259,7.293318
639.955933,1.374537,1.434733,7.398912
640.005937,1.382299,1.424288,7.398912
640.055933,1.392609,1.418670,7.398912
640.105945,1.403480,1.412790,7.398912
640.155937,1.448333,1.455970,7.398912
640.205948,1.463724,1.462045,7.398912
640.255958,1.464202,1.461663,7.398912
640.305946,1.461056,1.465196,7.398912
640.355953,1.476797,1.471520,7.398912
640.405955,1.489430,1.474476,7.398912
640.455953,1.506856,1.481315,7.398912
640.505926,1.488442,1.484736,7.398912
640.555934,1.492163,1.490399,7.398912
640.605931,1.499796,1.496232,7.398912
640.655935,1.503438,1.497829,7.398912
640.705935,1.496294,1.487485,7.398912
640.755939,1.485153,1.471461,7.398912
640.805941,1.471966,1.460373,7.398912
640.855943,1.474656,1.472030,7.398912
640.905959,1.465831,1.468147,7.399903
640.955948,1.442136,1.440863,7.402437
641.005953,1.446241,1.460228,7.402437
641.055948,1.443004,1.453262,7.402437
641.105965,1.458929,1.467116,7.402437
641.155957,1.420964,1.404219,7.402437
641.205979,1.368431,1.353853,7.402437
641.255930,1.338281,1.331731,7.402437
641.305945,1.281173,1.251086,7.402437
641.355944,1.189614,1.179402,7.402437
641.408717,1.110645,1.118426,7.402437
641.468707,1.017367,1.068550,7.402437
641.505949,0.982953,1.037802,7.402437
641.559949,0.936178,0.995052,7.402437
641.605950,0.886482,0.975198,7.402437
641.655959,0.877655,0.953652,7.402437
641.705956,0.883219,0.949641,7.402437
641.755962,0.885558,0.938115,7.402437
641.805967,0.889654,0.930191,7.402437
641.855962,0.887507,0.924315,7.402437
641.905971,0.913515,0.940595,7.483727
641.955971,0.919937,0.940669,7.590585
642.005942,0.914109,0.917954,7.590585
642.055942,0.902208,0.904391,7.590585
642.105952,0.916476,0.922054,7.590585
642.155948,0.929812,0.935991,7.590585
642.205950,0.918112,0.912510,7.590585
642.255958,0.893922,0.897213,7.590585
642.305956,0.903886,0.919887,7.590585
642.368012,0.925319,0.931078,7.590585
642.405962,0.956473,0.957788,7.590585
642.455970,0.941088,0.944344,7.590585
642.505963,0.922170,0.926857,7.590585
642.555972,0.937091,0.925560,7.590585
642.605978,0.944893,0.918706,7.590585
642.657981,0.926943,0.912709,7.590585
642.705978,0.914099,0.907478,7.590585
642.755949,0.879577,0.890436,7.590585
642.827966,0.843265,0.839704,7.590585
642.855953,0.832276,0.827677,7.590585
642.905955,0.824840,0.835755,7.518512
642.955955,0.811045,0.827564,7.428499
643.005959,0.799374,0.823446,7.428499
643.055967,0.782944,0.813191,7.428499
643.105970,0.776479,0.805738,7.428499
643.155964,0.798642,0.802925,7.428499
643.205974,0.797319,0.796663,7.428499
643.255973,0.794314,0.806749,7.428499
643.305975,0.801166,0.813952,7.428499
643.355980,0.799670,0.810307,7.428499
643.405979,0.806873,0.812826,7.428499
643.455984,0.806913,0.804940,7.428499
643.505950,0.811698,0.809209,7.428499
643.555955,0.818590,0.811417,7.428499
643.605957,0.822640,0.824460,7.428499
643.655964,0.819245,0.823251,7.428499
643.705963,0.850517,0.861651,7.428499
643.755967,0.886486,0.904226,7.428499
643.805969,0.932252,0.942220,7.428499
643.855975,0.964745,0.963916,7.428499
643.905986,1.001716,0.987158,7.417950
643.955978,1.031855,1.007043,7.409044
644.005986,1.128991,1.105384,7.409044
644.055988,1.236389,1.238421,7.409044
644.105987,1.357225,1.375380,7.409044
644.155996,1.455427,1.456301,7.409044
644.205985,1.557422,1.517135,7.409044
644.267847,1.657698,1.566109,7.409044
644.305973,1.780819,1.643032,7.409044
644.355968,1.796049,1.635894,7.409044
644.405973,1.778219,1.640575,7.409044
644.455969,1.719570,1.615847,7.409044
644.505979,1.708272,1.631946,7.409044
644.568164,1.692549,1.636327,7.409044
644.605982,1.673011,1.634842,7.409044
644.655987,1.633208,1.642493,7.409044
644.705995,1.733834,1.775982,7.409044
644.755996,1.803721,1.850151,7.409044
644.805989,1.908930,1.929792,7.409044
644.856003,1.967674,1.964801,7.409044
644.906000,2.033978,1.995242,6.933578
644.956007,2.105611,2.024569,6.470147
645.005969,2.184528,2.065228,6.470147
645.055970,2.184795,2.113871,6.470147
645.105978,2.219313,2.167395,6.470147
645.155981,2.202274,2.158092,6.470147
645.205977,2.231555,2.188801,6.470147
645.255987,2.200100,2.130871,6.470147
645.305980,2.173073,2.096837,6.470147
645.355989,2.154586,2.097444,6.470147
645.405994,2.119393,2.090355,6.470147
645.455988,2.072523,2.083079,6.470147
645.505989,2.037798,2.041767,6.470147
645.555994,1.987293,2.024453,6.470147
645.606012,1.978459,1.986928,6.470147
645.656007,1.952129,1.944885,6.470147
645.706007,1.922302,1.934340,6.470147
645.755972,1.908384,1.940734,6.470147
645.805981,1.878359,1.921620,6.470147
645.855979,1.899743,1.942611,6.470147
645.905982,1.907048,1.953879,6.550483
645.955985,1.929484,1.961546,6.656575
646.005989,1.984434,2.001487,6.656575
646.055996,2.031803,2.046522,6.656575
646.106001,2.048592,2.054656,6.656575
646.156002,2.086711,2.066551,6.656575
646.207684,2.102081,2.080044,6.656575
646.256012,2.109688,2.074250,6.656575
646.306000,2.124422,2.078086,6.656575
646.358297,2.107213,2.070873,6.656575
646.406011,2.101523,2.094302,6.656575
646.455997,2.034376,1.998892,6.656575
646.505981,1.965251,1.925062,6.656575
646.555983,1.894433,1.867487,6.656575
646.605994,1.887772,1.895052,6.656575
646.657648,1.858209,1.893371,6.656575
646.705988,1.838062,1.894621,6.656575
646.755993,1.782838,1.876370,6.656575
646.805996,1.796606,1.843908,6.656575
646.856001,1.804981,1.812804,6.656575
646.905990,1.810807,1.785932,6.356101
646.955998,1.769400,1.771744,5.973175
647.006010,1.751399,1.769593,5.973175
647.056017,1.722247,1.754929,5.973175
647.106016,1.736308,1.784302,5.973175
647.177606,1.742094,1.778034,5.973175
647.206017,1.757555,1.782058,5.973175
647.255984,1.778024,1.789332,5.973175
647.305991,1.852085,1.878075,5.973175
647.356000,1.904577,1.928086,5.973175
647.405999,1.990995,2.003076,5.973175
647.455999,2.035160,2.044512,5.973175
647.506004,2.100209,2.076437,5.973175
647.556016,2.159146,2.104366,5.973175
647.606007,2.213192,2.122891,5.973175
647.656012,2.210313,2.141020,5.973175
647.706004,2.254498,2.200202,5.973175
647.756024,2.243909,2.205737,5.973175
647.806020,2.244057,2.207059,5.973175
647.856027,2.255483,2.222474,5.973175
647.906014,2.274599,2.247942,5.924212
647.956022,2.302289,2.276752,5.868503
648.005996,2.310392,2.275405,5.868503
648.056003,2.320885,2.322702,5.868503
648.105998,2.335142,2.325835,5.868503
648.156008,2.376390,2.359154,5.868503
648.206005,2.407670,2.385547,5.868503
648.256008,2.431087,2.407512,5.868503
648.306008,2.215168,2.097188,5.868503
648.356013,2.013191,1.845009,5.868503
648.406013,1.767725,1.631840,5.868503
648.456017,1.548528,1.476905,5.868503
648.506027,1.299132,1.332612,5.868503
648.556023,1.082800,1.263608,5.868503
648.606030,0.860044,1.198730,5.868503
648.656035,0.842006,1.105509,5.868503
648.706036,0.866125,1.085832,5.868503
648.756000,0.910624,1.087216,5.868503
648.806020,0.912018,1.043257,5.868503
648.856010,0.933243,1.016031,5.868503
648.906017,0.937881,1.016985,5.570138
648.956015,0.957782,1.028410,5.331843
649.006022,0.992753,1.018201,5.331843
649.056026,0.966876,0.977453,5.331843
649.106019,0.956059,0.985809,5.331843
649.156027,0.958930,0.967679,5.331843
649.206020,0.990907,1.000402,5.331843
649.256034,0.983593,0.994803,5.331843
649.306031,0.932498,0.939535,5.331843
649.356035,0.886546,0.882640,5.331843
649.406042,0.860675,0.832691,5.331843
649.456044,0.805424,0.792356,5.331843
649.506014,0.773047,0.767558,5.331843
649.556017,0.710285,0.752551,5.331843
649.606018,0.665248,0.733596,5.331843
649.656019,0.656626,0.718225,5.331843
649.706020,0.653138,0.700565,5.331843
649.756029,0.656606,0.692009,5.331843
649.827583,0.659931,0.684707,5.331843
649.856034,0.654560,0.673725,5.331843
649.906036,0.643609,0.662339,4.952054
649.956038,0.637862,0.653555,4.459163
650.006044,0.632910,0.647186,4.459163
650.056038,0.627938,0.636687,4.459163
650.106047,0.613733,0.621106,4.459163
650.156039,0.608366,0.620548,4.459163
650.206049,0.603647,0.615671,4.459163
650.256020,0.591521,0.599041,4.459163
650.306019,0.574944,0.579671,4.459163
650.356022,0.553125,0.557707,4.459163
650.406032,0.536847,0.542028,4.459163
650.456029,0.525343,0.529076,4.459163
650.506029,0.505203,0.518813,4.459163
650.556037,0.485180,0.506165,4.459163
650.606035,0.472200,0.493328,4.459163
650.656035,0.462962,0.482371,4.459163
650.706038,0.460468,0.476481,4.459163
650.756039,0.455540,0.470131,4.459163
650.806049,0.452085,0.466704,4.459163
650.856053,0.448466,0.463867,4.459163
650.906055,0.467108,0.488251,4.066623
650.956052,0.482920,0.501164,3.566812
651.006027,0.500602,0.513441,3.566812
651.056027,0.521822,0.531099,3.566812
651.106028,0.536807,0.534914,3.566812
651.156029,0.551889,0.539592,3.566812
651.206033,0.567105,0.543472,3.566812
651.256035,0.569435,0.554877,3.566812
651.306037,0.598633,0.595331,3.566812
651.356044,0.617560,0.615345,3.566812
651.406042,0.633680,0.635028,3.566812
651.456050,0.658347,0.652143,3.566812
651.506049,0.685637,0.672016,3.566812
651.556062,0.725253,0.705188,3.566812
651.606051,0.738700,0.703137,3.566812
651.656054,0.729692,0.701218,3.566812
651.706076,0.718160,0.683958,3.566812
651.756036,0.710598,0.679251,3.566812
651.806031,0.695279,0.665934,3.566812
651.856039,0.689462,0.675072,3.566812
651.906039,0.663743,0.671668,3.263640
651.956039,0.652019,0.659810,2.868939
652.006049,0.615462,0.615194,2.868939
652.056044,0.588781,0.577702,2.868939
652.106050,0.556995,0.549640,2.868939
652.156053,0.529064,0.523087,2.868939
652.206051,0.484596,0.499023,2.868939
652.277187,0.449768,0.482078,2.868939
652.306065,0.421213,0.468192,2.868939
652.356063,0.417408,0.456653,2.868939
652.406066,0.419508,0.453877,2.868939
652.456068,0.423748,0.456375,2.868939
652.506036,0.428306,0.454469,2.868939
652.556039,0.432320,0.449256,2.868939
652.606045,0.436836,0.448708,2.868939
652.656048,0.440696,0.446686,2.868939
652.706047,0.444335,0.445082,2.868939
652.756054,0.438347,0.436521,2.868939
652.806058,0.432622,0.434680,2.868939
652.856054,0.430770,0.434483,2.868939
652.906056,0.433807,0.437431,2.615970
652.956066,0.434194,0.439830,2.423994
653.006068,0.431339,0.435632,2.423994
653.056069,0.430644,0.435241,2.423994
653.106066,0.435175,0.434991,2.423994
653.156077,0.433945,0.431688,2.423994
653.206076,0.413133,0.403022,2.423994
653.256048,0.392523,0.383448,2.423994
653.306053,0.367080,0.361012,2.423994
653.356047,0.348540,0.346486,2.423994
653.406056,0.325711,0.331973,2.423994
653.456060,0.304132,0.321974,2.423994
653.506057,0.282938,0.311690,2.423994
653.556066,0.281783,0.305543,2.423994
653.606061,0.278363,0.300682,2.423994
653.656065,0.278613,0.295208,2.423994
653.706070,0.277696,0.292561,2.423994
653.756063,0.277258,0.288212,2.423994
653.807053,0.279526,0.290128,2.423994
653.856071,0.279907,0.286738,2.423994
653.906078,0.277020,0.281518,2.081632
653.956080,0.274007,0.277078,1.645252
654.006058,0.273581,0.275863,1.645252
654.056056,0.272526,0.275603,1.645252
654.106056,0.273504,0.275994,1.645252
654.156060,0.266861,0.270937,1.645252
654.206067,0.261685,0.264085,1.645252
654.267638,0.256561,0.256306,1.645252
654.306064,0.255134,0.255041,1.645252
654.356068,0.253902,0.256559,1.645252
654.406073,0.250491,0.255408,1.645252
654.456083,0.249147,0.258003,1.645252
654.506071,0.248403,0.255411,1.645252
654.556091,0.248199,0.251215,1.645252
654.606079,0.249086,0.247266,1.645252
654.656082,0.248529,0.246882,1.645252
654.706090,0.244364,0.244414,1.645252
654.756063,0.241618,0.241875,1.645252
654.806066,0.228490,0.228851,1.645252
654.856064,0.220818,0.221368,1.645252
654.906066,0.212623,0.212507,1.410969
654.956067,0.202767,0.202449,1.129608
655.006071,0.192945,0.197274,1.129608
655.056076,0.184635,0.193138,1.129608
655.106073,0.173221,0.184879,1.129608
655.156086,0.167544,0.175311,1.129608
655.206092,0.158428,0.165752,1.129608
655.256084,0.153628,0.161318,1.129608
655.326944,0.150060,0.156492,1.129608
655.356086,0.147152,0.156459,1.129608
655.406094,0.133620,0.141541,1.129608
655.456098,0.122038,0.127395,1.129608
655.506068,0.111956,0.115179,1.129608
655.556070,0.101846,0.103484,1.129608
655.606072,0.088723,0.093109,1.129608
655.656075,0.075662,0.083589,1.129608
655.706084,0.058471,0.074125,1.129608
655.756083,0.054126,0.069582,1.129608
655.806082,0.050441,0.064692,1.129608
655.856092,0.046093,0.058958,1.129608
655.906086,0.036902,0.045639,0.637944
655.956088,0.027399,0.033528,0.000000
656.006097,0.020841,0.026748,0.000000
656.056094,0.016580,0.022705,0.000000
656.106096,0.010267,0.019583,0.000000
656.156104,0.003886,0.015582,0.000000
656.206101,0.002400,0.011831,0.000000
656.256090,0.001965,0.008284,0.000000
656.306080,0.000232,0.006169,0.000000
656.356088,0.000270,0.004694,0.000000
656.406088,0.001317,0.003322,0.000000
656.456083,0.002702,0.002247,0.000000
656.506083,0.002733,0.001596,0.000000
656.556093,0.002697,0.000538,0.000000
656.606101,0.001926,0.000292,0.000000
656.656094,0.001350,0.000550,0.000000
656.706092,0.000957,0.000745,0.000000
656.756101,0.000627,0.000663,0.000000
656.818682,0.000587,0.000261,0.000000
656.856107,0.000785,0.000414,0.000000
656.906107,0.000381,0.000469,0.000000
656.956120,0.000491,0.000601,0.000000
657.006079,0.000646,0.000776,0.000000
657.056081,0.000675,0.000778,0.000000
657.106090,0.000928,0.001011,0.000000
657.156091,0.001387,0.001336,0.000000
657.206729,0.001746,0.001529,0.000000
657.256097,0.001685,0.001289,0.000000
657.306089,0.001500,0.001030,0.000000
657.366758,0.001194,0.000896,0.000000
657.406105,0.001122,0.000765,0.000000
657.456106,0.000772,0.000548,0.000000
657.506109,0.000242,0.000149,0.000000
657.556114,0.000202,0.000153,0.000000
657.606115,0.000158,0.000191,0.000000
657.666734,0.000258,0.000107,0.000000
657.706112,0.000367,0.000132,0.000000
657.756085,0.000361,0.000091,0.000000
657.806090,0.000337,0.000221,0.000000
657.856094,0.000209,0.000209,0.000000
657.906094,0.000287,0.000365,0.000000
657.956100,0.000522,0.000657,0.000000
658.006105,0.000720,0.000782,0.000000
658.056100,0.000842,0.000762,0.000000
658.106103,0.001027,0.000952,0.000000
658.156110,0.001217,0.001054,0.000000
658.206114,0.001611,0.001491,0.000000
658.256110,0.001510,0.001178,0.000000
658.306114,0.001229,0.000798,0.000000
658.356123,0.001216,0.001004,0.000000
658.407292,0.001403,0.001257,0.000000
658.456121,0.001258,0.001134,0.000000
658.506096,0.001140,0.001040,0.000000
658.556094,0.000744,0.000937,0.000000
658.606101,0.000786,0.000792,0.000000
658.656105,0.000933,0.000700,0.000000
658.706104,0.000745,0.000656,0.000000
658.756106,0.000280,0.000311,0.000000
658.806113,0.000296,0.000269,0.000000
658.856115,0.000472,0.000444,0.000000
658.906116,0.000710,0.000646,0.000000
658.956116,0.000958,0.000818,0.000000
659.006125,0.001195,0.000907,0.000000
659.056128,0.001501,0.001064,0.000000
659.106110,0.001555,0.001205,0.000000
659.156123,0.001273,0.000917,0.000000
659.206130,0.001391,0.001199,0.000000
659.256099,0.001785,0.001802,0.000000
659.306103,0.002183,0.002300,0.000000
659.356102,0.002156,0.002043,0.000000
659.406112,0.002343,0.002233,0.000000
659.456119,0.002270,0.002039,0.000000
659.506119,0.002788,0.002332,0.000000
659.556119,0.002420,0.001779,0.000000
659.606123,0.001776,0.001383,0.000000
659.656119,0.001240,0.001184,0.000000
659.706123,0.001116,0.000986,0.000000
659.756132,0.000755,0.000868,0.000000
659.806133,0.000614,0.000742,0.000000
659.856135,0.000233,0.000689,0.000000
659.906130,0.000390,0.000780,0.000000
659.956146,0.000367,0.000558,0.000000
660.006106,0.000233,0.000392,0.000000
660.056111,0.000367,0.000499,0.000000
660.106115,0.000497,0.000639,0.000000
660.156111,0.000406,0.000442,0.000000
660.206118,0.000252,0.000056,0.000000
660.256119,0.000243,0.000129,0.000000
660.306119,0.000302,0.000330,0.000000
660.356128,0.000508,0.000691,0.000000
660.406127,0.000709,0.000617,0.000000
660.456129,0.001055,0.000732,0.000000
660.506144,0.001128,0.000750,0.000000
660.556139,0.000998,0.000725,0.000000
660.606138,0.000996,0.000731,0.000000
660.656140,0.000923,0.000719,0.000000
660.706151,0.000711,0.000715,0.000000
660.756113,0.000795,0.000789,0.000000
660.806115,0.000962,0.001024,0.000000
660.856123,0.000952,0.000928,0.000000
660.927839,0.000990,0.000955,0.000000
660.956123,0.001225,0.001279,0.000000
661.006132,0.001223,0.001156,0.000000
661.056132,0.001232,0.001098,0.000000
661.106137,0.001250,0.001055,0.000000
661.156138,0.001197,0.001130,0.000000
661.206137,0.001466,0.001472,0.000000
661.256144,0.001406,0.001306,0.000000
661.306143,0.001182,0.001242,0.000000
661.356144,0.001175,0.001111,0.000000
661.406148,0.001159,0.001025,0.000000
661.456147,0.001130,0.000959,0.000000
661.506390,0.001000,0.000877,0.000000
661.556127,0.000760,0.000926,0.000000
661.606129,0.000892,0.001034,0.000000
661.658271,0.001163,0.001387,0.000000
661.706138,0.001303,0.001492,0.000000
661.756138,0.001587,0.001766,0.000000
661.806134,0.002571,0.002918,0.000000
661.856141,0.003271,0.003423,0.000000
661.906138,0.003882,0.003764,0.000000
661.956141,0.004432,0.004007,0.000000
662.017623,0.004698,0.004158,0.000000
662.056156,0.005025,0.004248,0.000000
662.106151,0.005312,0.004277,0.000000
662.156165,0.004229,0.003471,0.000000
662.206166,0.003322,0.002588,0.000000
662.256126,0.002571,0.001988,0.000000
662.306129,0.001675,0.001296,0.000000
662.356132,0.000933,0.001005,0.000000
662.406138,0.000215,0.000689,0.000000
662.456139,0.000557,0.000448,0.000000
662.506140,0.000800,0.000500,0.000000
662.556145,0.000949,0.000580,0.000000
662.606142,0.001381,0.001013,0.000000
662.676319,0.001406,0.001121,0.000000
662.736308,0.001539,0.001125,0.000000
662.756157,0.001846,0.001524,0.000000
662.806157,0.001976,0.001506,0.000000
662.856179,0.002079,0.001536,0.000000
662.906153,0.002070,0.001517,0.000000
662.977537,0.001826,0.001505,0.000000
663.006139,0.001521,0.001131,0.000000
663.056141,0.001226,0.000798,0.000000
663.106137,0.000772,0.000690,0.000000
663.156146,0.000484,0.000491,0.000000
663.206143,0.000248,0.000472,0.000000
663.256147,0.000265,0.000510,0.000000
663.306155,0.000420,0.000523,0.000000
663.356149,0.000527,0.000495,0.000000
663.406162,0.000557,0.000445,0.000000
663.456162,0.000682,0.000459,0.000000
663.506465,0.000593,0.000488,0.000000
663.556162,0.000657,0.000624,0.000000
663.606173,0.000745,0.000775,0.000000
663.656164,0.001064,0.001032,0.000000
663.706169,0.001240,0.001165,0.000000
663.756142,0.001583,0.001465,0.000000
663.806149,0.001648,0.001346,0.000000
663.856145,0.001857,0.001570,0.000000
663.906153,0.001924,0.001556,0.000000
663.956156,0.001912,0.001427,0.000000
664.016212,0.001594,0.001292,0.000000
664.056163,0.001537,0.001308,0.000000
664.106162,0.001297,0.001293,0.000000
664.156156,0.001351,0.001291,0.000000
664.206163,0.001242,0.001291,0.000000
664.256172,0.001248,0.001348,0.000000
664.306172,0.001389,0.001470,0.000000
664.356179,0.001641,0.001725,0.000000
664.406184,0.001561,0.001549,0.000000
664.456200,0.001535,0.001439,0.000000
664.506148,0.001458,0.001291,0.000000
664.556160,0.001468,0.001268,0.000000
664.606161,0.001413,0.001237,0.000000
664.656161,0.001315,0.001298,0.000000
664.706163,0.001165,0.001482,0.000000
664.756166,0.002047,0.002532,0.000000
664.806171,0.002613,0.002991,0.000000
664.856170,0.003392,0.003580,0.000000
664.907380,0.004368,0.004469,0.000000
664.956180,0.004720,0.004327,0.000000
665.006173,0.004757,0.003848,0.000000
665.056184,0.005142,0.003964,0.000000
665.106182,0.004006,0.002999,0.000000
665.156183,0.003436,0.002548,0.000000
665.206190,0.002920,0.002413,0.000000
665.256155,0.002045,0.002216,0.000000
665.306162,0.001795,0.002322,0.000000
665.357347,0.001885,0.002403,0.000000
665.406166,0.001355,0.002086,0.000000
665.456167,0.001574,0.001819,0.000000
665.506166,0.001619,0.001630,0.000000
665.556176,0.001495,0.001463,0.000000
665.606170,0.001446,0.001366,0.000000
665.656175,0.001197,0.001347,0.000000
665.706176,0.000865,0.001144,0.000000
665.756179,0.000795,0.001007,0.000000
665.806187,0.000643,0.000766,0.000000
665.856194,0.000535,0.000697,0.000000
665.906188,0.000543,0.000773,0.000000
665.956195,0.000618,0.000719,0.000000
666.006170,0.000813,0.000578,0.000000
666.056170,0.000848,0.000525,0.000000
666.106180,0.000738,0.000361,0.000000
666.156174,0.000550,0.000368,0.000000
666.206171,0.000331,0.000425,0.000000
666.256184,0.000279,0.000581,0.000000
666.317270,0.000439,0.000663,0.000000
666.356174,0.000810,0.000710,0.000000
666.406185,0.000991,0.000759,0.000000
666.456187,0.000973,0.000820,0.000000
666.506196,0.000688,0.000573,0.000000
666.556190,0.000649,0.000495,0.000000
666.606187,0.000743,0.000707,0.000000
666.656205,0.000832,0.000768,0.000000
666.706201,0.000903,0.000692,0.000000
666.756167,0.001015,0.000669,0.000000
666.806167,0.001255,0.000940,0.000000
666.856176,0.001278,0.001100,0.000000
666.906173,0.001289,0.001073,0.000000
666.956176,0.001273,0.001151,0.000000
667.006179,0.001294,0.001264,0.000000
667.056185,0.001450,0.001340,0.000000
667.106180,0.001407,0.000975,0.000000
667.156184,0.000973,0.000550,0.000000
667.206192,0.000720,0.000435,0.000000
667.256201,0.000599,0.000306,0.000000
667.306204,0.000250,0.000119,0.000000
667.356198,0.000431,0.000212,0.000000
667.406565,0.000683,0.000281,0.000000
667.456211,0.000559,0.000197,0.000000
667.506174,0.000480,0.000288,0.000000
667.557159,0.000458,0.000256,0.000000
667.606188,0.000388,0.000135,0.000000
667.656184,0.000196,0.000356,0.000000
667.706183,0.000253,0.000254,0.000000
667.756191,0.000484,0.000535,0.000000
667.806191,0.000912,0.001062,0.000000
667.856199,0.001325,0.001278,0.000000
667.906207,0.001452,0.001182,0.000000
667.956212,0.001457,0.001065,0.000000
668.006210,0.001167,0.000850,0.000000
668.056192,0.001256,0.000737,0.000000
668.106212,0.001034,0.000663,0.000000
668.156206,0.000574,0.000475,0.000000
668.206207,0.000435,0.000589,0.000000
668.256186,0.000505,0.000654,0.000000
668.306187,0.000489,0.000502,0.000000
668.356189,0.000655,0.000683,0.000000
668.406197,0.000811,0.000924,0.000000
668.456195,0.000874,0.000951,0.000000
668.506191,0.001076,0.001049,0.000000
668.556191,0.001197,0.001207,0.000000
668.606212,0.001291,0.001263,0.000000
668.656209,0.001611,0.001421,0.000000
668.706208,0.001529,0.001281,0.000000
668.756214,0.001493,0.001353,0.000000
668.806216,0.001581,0.001446,0.000000
668.856210,0.001694,0.001606,0.000000
668.906218,0.001460,0.001346,0.000000
668.956229,0.001100,0.000861,0.000000
669.006187,0.000924,0.000775,0.000000
669.067046,0.000862,0.000723,0.000000
669.108855,0.000655,0.000643,0.000000
669.157648,0.000392,0.000547,0.000000
669.217661,0.000248,0.000432,0.000000
669.261851,0.000174,0.000429,0.000000
669.327646,0.000321,0.000313,0.000000
669.377639,0.000342,0.000276,0.000000
669.406216,0.000254,0.000324,0.000000
669.456226,0.000420,0.000599,0.000000
669.506220,0.000446,0.000534,0.000000
669.556222,0.000539,0.000584,0.000000
669.606223,0.000715,0.000835,0.000000
669.656220,0.000929,0.000942,0.000000
669.706225,0.001109,0.001016,0.000000
669.756200,0.001144,0.000953,0.000000
669.806204,0.001080,0.000978,0.000000
669.856207,0.001302,0.001117,0.000000
669.906210,0.001229,0.001007,0.000000
669.956206,0.001176,0.001083,0.000000
670.017579,0.001285,0.001305,0.000000
670.056212,0.001325,0.001369,0.000000
670.106220,0.001446,0.001419,0.000000
670.156215,0.001248,0.001063,0.000000
670.206224,0.001189,0.001112,0.000000
670.256228,0.001208,0.001031,0.000000
670.306217,0.000981,0.000756,0.000000
670.361534,0.000604,0.000520,0.000000
670.406236,0.000358,0.000433,0.000000
670.456226,0.000371,0.000569,0.000000
670.506207,0.000534,0.000611,0.000000
670.556202,0.000453,0.000531,0.000000
670.606210,0.000386,0.000378,0.000000
670.656216,0.000427,0.000476,0.000000
670.706215,0.000373,0.000212,0.000000
670.756220,0.000259,0.000181,0.000000
670.806221,0.000225,0.000213,0.000000
670.856223,0.000201,0.000301,0.000000
670.906229,0.000153,0.000201,0.000000
670.956227,0.000186,0.000167,0.000000
671.006229,0.000366,0.000214,0.000000
671.056237,0.000277,0.000300,0.000000
671.106235,0.000305,0.000373,0.000000
671.156241,0.000397,0.000422,0.000000
671.206246,0.000597,0.000434,0.000000
671.256218,0.000560,0.000431,0.000000
671.306214,0.000600,0.000505,0.000000
671.356217,0.000500,0.000375,0.000000
671.406218,0.000442,0.000343,0.000000
671.456228,0.000310,0.000216,0.000000
671.506228,0.000248,0.000137,0.000000
671.556232,0.000193,0.000177,0.000000
671.606232,0.000089,0.000111,0.000000
671.656245,0.000050,0.000276,0.000000
671.706228,0.000221,0.000332,0.000000
671.756233,0.000467,0.000577,0.000000
671.806232,0.000574,0.000501,0.000000
671.856245,0.000606,0.000510,0.000000
671.906242,0.000607,0.000455,0.000000
671.956243,0.000517,0.000263,0.000000
672.006222,0.000262,0.000078,0.000000
672.056223,0.000301,0.000190,0.000000
672.106222,0.000195,0.000326,0.000000
672.156226,0.000167,0.000276,0.000000
672.206236,0.000074,0.000065,0.000000
672.256230,0.000054,0.000093,0.000000
672.306239,0.000132,0.000182,0.000000
672.356236,0.000239,0.000144,0.000000
672.406244,0.000206,0.000212,0.000000
672.456248,0.000250,0.000272,0.000000
672.506250,0.000310,0.000270,0.000000
672.556237,0.000245,0.000266,0.000000
672.606253,0.000368,0.000343,0.000000
672.656261,0.000471,0.000345,0.000000
672.706249,0.000445,0.000283,0.000000
672.756224,0.000426,0.000271,0.000000
672.806228,0.000354,0.000394,0.000000
672.856231,0.000369,0.000334,0.000000
672.906240,0.000322,0.000291,0.000000
672.956236,0.000353,0.000287,0.000000
673.006244,0.000433,0.000392,0.000000
673.056243,0.000409,0.000343,0.000000
673.106250,0.000485,0.000359,0.000000
673.156249,0.000557,0.000425,0.000000
673.206246,0.000425,0.000225,0.000000
673.256248,0.000334,0.000247,0.000000
673.306253,0.000288,0.000272,0.000000
673.360320,0.000181,0.000203,0.000000
673.406256,0.000317,0.000375,0.000000
673.456251,0.000528,0.000483,0.000000
673.506233,0.000731,0.000527,0.000000
673.556239,0.000662,0.000494,0.000000
673.606235,0.000592,0.000427,0.000000
673.656242,0.000556,0.000390,0.000000
673.706246,0.000464,0.000312,0.000000
673.756239,0.000331,0.000263,0.000000
673.806241,0.000384,0.000456,0.000000
673.856249,0.000169,0.000260,0.000000
673.906259,0.000173,0.000144,0.000000
673.956255,0.000221,0.000170,0.000000
674.006252,0.000202,0.000147,0.000000
674.056266,0.000322,0.000256,0.000000
674.106265,0.000334,0.000302,0.000000
674.156258,0.000412,0.000289,0.000000
674.206274,0.000311,0.000265,0.000000
674.256239,0.000288,0.000321,0.000000
674.306240,0.000427,0.000435,0.000000
674.356243,0.000567,0.000445,0.000000
674.406245,0.000484,0.000313,0.000000
674.476590,0.000362,0.000266,0.000000
674.506306,0.000475,0.000428,0.000000
674.556260,0.000490,0.000453,0.000000
674.606266,0.000504,0.000498,0.000000
674.656263,0.000414,0.000444,0.000000
674.706447,0.000395,0.000436,0.000000
674.756254,0.000660,0.000674,0.000000
674.813136,0.000880,0.000866,0.000000
674.856279,0.001072,0.001208,0.000000
674.906549,0.001058,0.001019,0.000000
674.956274,0.001102,0.000940,0.000000
675.006242,0.001217,0.001021,0.000000
675.056245,0.001330,0.001083,0.000000
675.106259,0.001302,0.001130,0.000000
675.156257,0.001144,0.001027,0.000000
675.206259,0.000909,0.001005,0.000000
675.256256,0.000951,0.000964,0.000000
675.306270,0.001003,0.000954,0.000000
675.356269,0.000898,0.000828,0.000000
675.406265,0.000904,0.000798,0.000000
675.466509,0.000839,0.000856,0.000000
675.506277,0.000690,0.000741,0.000000
675.556275,0.000515,0.000548,0.000000
675.640237,0.000546,0.000537,0.000000
675.656263,0.000602,0.000622,0.000000
675.706280,0.000605,0.000581,0.000000
675.786475,0.000556,0.000549,0.000000
675.806256,0.000473,0.000626,0.000000
675.856259,0.000389,0.000376,0.000000
675.906261,0.000458,0.000325,0.000000
675.956265,0.000474,0.000308,0.000000
676.006265,0.000472,0.000353,0.000000
676.056276,0.000480,0.000369,0.000000
676.106275,0.000505,0.000324,0.000000
676.176259,0.000435,0.000232,0.000000
676.207073,0.000326,0.000298,0.000000
676.256288,0.000340,0.000222,0.000000
676.306289,0.000284,0.000582,0.000000
676.359131,0.000573,0.000684,0.000000
676.406296,0.000692,0.000605,0.000000
676.456297,0.000771,0.000687,0.000000
676.506256,0.000957,0.000836,0.000000
676.556261,0.001172,0.000889,0.000000
676.606263,0.001307,0.000931,0.000000
676.656273,0.001037,0.000982,0.000000
676.706279,0.001039,0.001016,0.000000
676.756279,0.000782,0.000545,0.000000
676.806280,0.000469,0.000284,0.000000
676.856280,0.000342,0.000370,0.000000
676.906280,0.000512,0.000511,0.000000
676.956286,0.000785,0.000675,0.000000
677.006286,0.000955,0.000602,0.000000
677.056288,0.001221,0.000663,0.000000
677.106291,0.000970,0.000496,0.000000
677.156295,0.000951,0.000667,0.000000
677.206297,0.000770,0.000568,0.000000
677.256270,0.000566,0.000457,0.000000
677.306271,0.000372,0.000377,0.000000
677.365089,0.000388,0.000377,0.000000
677.406277,0.000334,0.000415,0.000000
677.456281,0.000385,0.000378,0.000000
677.506280,0.000241,0.000335,0.000000
677.556285,0.000239,0.000314,0.000000
677.606290,0.000299,0.000351,0.000000
677.656289,0.000283,0.000224,0.000000
677.706288,0.000199,0.000098,0.000000
677.756341,0.000092,0.000103,0.000000
677.806297,0.000195,0.000206,0.000000
677.856300,0.000313,0.000370,0.000000
677.906457,0.000545,0.000534,0.000000
677.956310,0.000765,0.000716,0.000000
678.006277,0.000912,0.000822,0.000000
678.056293,0.000953,0.000864,0.000000
678.106284,0.001021,0.000798,0.000000
678.156286,0.001053,0.000852,0.000000
678.206287,0.000935,0.000731,0.000000
678.256285,0.000767,0.000550,0.000000
678.306293,0.000570,0.000372,0.000000
678.356292,0.000381,0.000161,0.000000
678.406294,0.000283,0.000112,0.000000
678.456297,0.000211,0.000205,0.000000
678.506293,0.000230,0.000151,0.000000
678.556299,0.000236,0.000100,0.000000
678.606308,0.000207,0.000181,0.000000
678.656301,0.000248,0.000345,0.000000
678.706312,0.000413,0.000482,0.000000
678.756284,0.000452,0.000423,0.000000
678.806287,0.000530,0.000561,0.000000
678.866837,0.000703,0.000684,0.000000
678.906294,0.000848,0.000710,0.000000
678.956295,0.000824,0.000606,0.000000
679.006291,0.000645,0.000442,0.000000
679.056302,0.000476,0.000393,0.000000
679.106302,0.000395,0.000245,0.000000
679.156301,0.000259,0.000221,0.000000
679.206300,0.000220,0.000255,0.000000
679.256304,0.000286,0.000247,0.000000
679.306305,0.000303,0.000212,0.000000
679.356311,0.000244,0.000244,0.000000
679.406311,0.000281,0.000314,0.000000
679.456317,0.000262,0.000231,0.000000
679.506291,0.000315,0.000316,0.000000
679.556294,0.000376,0.000350,0.000000
679.635569,0.000288,0.000226,0.000000
679.656296,0.000350,0.000327,0.000000
679.706301,0.000537,0.000395,0.000000
679.756297,0.000472,0.000436,0.000000
679.806309,0.000438,0.000305,0.000000
679.856306,0.000249,0.000215,0.000000
679.906305,0.000177,0.000155,0.000000
679.956309,0.000211,0.000165,0.000000
680.008273,0.000265,0.000251,0.000000
680.056314,0.000261,0.000184,0.000000
680.106323,0.000190,0.000140,0.000000
680.156327,0.000221,0.000300,0.000000
680.206321,0.000280,0.000339,0.000000
680.256294,0.000326,0.000278,0.000000
680.306299,0.000222,0.000179,0.000000
680.356300,0.000211,0.000249,0.000000
680.406305,0.000181,0.000225,0.000000
680.456304,0.000279,0.000320,0.000000
680.506304,0.000381,0.000317,0.000000
680.556307,0.000422,0.000291,0.000000
680.606314,0.000463,0.000329,0.000000
680.656312,0.000381,0.000326,0.000000
680.706323,0.000539,0.000370,0.000000
680.756327,0.000399,0.000319,0.000000
680.806322,0.000291,0.000318,0.000000
680.856324,0.000277,0.000293,0.000000
680.906332,0.000358,0.000341,0.000000
680.956333,0.000359,0.000283,0.000000
681.006305,0.000401,0.000286,0.000000
681.056305,0.000496,0.000376,0.000000
681.106306,0.000461,0.000346,0.000000
681.156311,0.000510,0.000424,0.000000
681.206312,0.000504,0.000405,0.000000
681.256313,0.000408,0.000256,0.000000
681.306323,0.000273,0.000176,0.000000
681.356323,0.000270,0.000208,0.000000
681.406322,0.000279,0.000299,0.000000
681.456327,0.000308,0.000262,0.000000
681.506334,0.000379,0.000342,0.000000
681.556330,0.000374,0.000427,0.000000
681.606333,0.000572,0.000548,0.000000
681.656335,0.000582,0.000432,0.000000
681.706336,0.000489,0.000376,0.000000
681.756304,0.000605,0.000545,0.000000
681.806314,0.000509,0.000423,0.000000
681.856313,0.000550,0.000521,0.000000
681.906315,0.000633,0.000479,0.000000
681.956316,0.000659,0.000461,0.000000
682.006319,0.000462,0.000468,0.000000
682.056325,0.000627,0.000582,0.000000
682.106332,0.000773,0.000668,0.000000
682.156326,0.000766,0.000635,0.000000
682.206331,0.000699,0.000700,0.000000
682.256339,0.000679,0.000586,0.000000
682.306340,0.000549,0.000258,0.000000
682.366556,0.000342,0.000107,0.000000
682.406328,0.000337,0.000430,0.000000
682.476538,0.000380,0.000455,0.000000
682.506316,0.000402,0.000323,0.000000
682.556318,0.000350,0.000179,0.000000
682.606322,0.000399,0.000205,0.000000
682.656329,0.000390,0.000258,0.000000
682.706325,0.000337,0.000164,0.000000
682.756329,0.000170,0.000078,0.000000
682.806332,0.000127,0.000173,0.000000
682.856330,0.000221,0.000271,0.000000
682.906336,0.000250,0.000202,0.000000
682.994630,0.000164,0.000129,0.000000
683.006357,0.000421,0.000567,0.000000
683.056343,0.000500,0.000573,0.000000
683.106355,0.000606,0.000481,0.000000
683.156340,0.000397,0.000343,0.000000
683.215852,0.000345,0.000264,0.000000
683.256323,0.000475,0.000381,0.000000
683.306320,0.000593,0.000455,0.000000
683.356330,0.000571,0.000717,0.000000
683.406326,0.000711,0.001006,0.000000
683.456330,0.000894,0.001061,0.000000
683.506338,0.001353,0.001149,0.000000
683.556337,0.001480,0.001228,0.000000
683.606342,0.001564,0.001252,0.000000
683.656341,0.001637,0.001317,0.000000
683.706344,0.001563,0.001356,0.000000
683.756348,0.001459,0.001379,0.000000
683.806346,0.001429,0.001315,0.000000
683.856350,0.001331,0.001217,0.000000
683.906352,0.001266,0.001174,0.000000
683.956369,0.001180,0.001097,0.000000
684.006333,0.001286,0.001347,0.000000
684.056405,0.001226,0.001298,0.000000
684.106337,0.001101,0.001157,0.000000
684.156331,0.001077,0.001078,0.000000
684.206392,0.001073,0.001059,0.000000
684.256347,0.001094,0.001082,0.000000
684.306343,0.001072,0.000965,0.000000
684.356349,0.000872,0.000928,0.000000
684.406343,0.001027,0.001210,0.000000
684.456349,0.001154,0.001314,0.000000
684.506365,0.001395,0.001568,0.000000
684.556384,0.001497,0.001562,0.000000
684.606358,0.001683,0.001651,0.000000
684.656359,0.001953,0.001811,0.000000
684.706359,0.002133,0.001830,0.000000
684.756340,0.002413,0.002347,0.000000
684.806339,0.002490,0.002368,0.000000
684.856345,0.002275,0.002126,0.000000
684.906346,0.002384,0.002171,0.000000
684.956352,0.002371,0.002133,0.000000
685.006353,0.001913,0.001532,0.000000
685.056369,0.001356,0.000824,0.000000
685.106356,0.000694,0.000547,0.000000
685.156364,0.000713,0.000707,0.000000
685.206349,0.001076,0.000990,0.000000
685.256357,0.001573,0.001224,0.000000
685.306358,0.002399,0.001837,0.000000
685.356363,0.002961,0.002360,0.000000
685.425676,0.002890,0.002145,0.000000
685.456368,0.002747,0.002086,0.000000
685.506341,0.002696,0.002128,0.000000
685.556345,0.002775,0.002329,0.000000
685.616274,0.002840,0.002388,0.000000
685.656350,0.002574,0.002313,0.000000
685.716269,0.002084,0.001849,0.000000
685.764394,0.001897,0.001508,0.000000
685.834398,0.001594,0.001215,0.000000
685.874395,0.001207,0.000978,0.000000
685.914381,0.000947,0.001066,0.000000
685.974403,0.000477,0.000779,0.000000
686.034380,0.000146,0.000273,0.000000
686.064368,0.000324,0.000196,0.000000
686.106372,0.000442,0.000252,0.000000
686.156378,0.000598,0.000436,0.000000
686.206379,0.000802,0.000647,0.000000
686.256349,0.001144,0.000699,0.000000
686.306356,0.001256,0.000805,0.000000
686.356360,0.001129,0.000856,0.000000
686.406354,0.001163,0.000936,0.000000
686.456371,0.001277,0.001079,0.000000
686.506359,0.001383,0.001292,0.000000
686.566196,0.001455,0.001404,0.000000
686.606369,0.001561,0.001486,0.000000
686.666188,0.001637,0.001518,0.000000
686.706375,0.001607,0.001375,0.000000
686.756380,0.001551,0.001260,0.000000
686.816174,0.001364,0.001096,0.000000
686.856393,0.001067,0.000905,0.000000
686.906387,0.000863,0.000806,0.000000
686.956382,0.000658,0.000685,0.000000
687.006358,0.000348,0.000480,0.000000
687.056365,0.000121,0.000244,0.000000
687.124275,0.000114,0.000191,0.000000
687.156367,0.000311,0.000248,0.000000
687.206365,0.000507,0.000394,0.000000
687.274291,0.000680,0.000481,0.000000
687.306375,0.000910,0.000648,0.000000
687.356373,0.000848,0.000570,0.000000
687.424287,0.000841,0.000640,0.000000
687.456380,0.000607,0.000221,0.000000
687.506383,0.000413,0.000264,0.000000
687.556388,0.000341,0.000279,0.000000
687.606394,0.000326,0.000305,0.000000
687.656391,0.000378,0.000241,0.000000
687.725492,0.000347,0.000247,0.000000
687.756359,0.000397,0.000254,0.000000
687.806368,0.000449,0.000351,0.000000
687.856369,0.000304,0.000280,0.000000
687.906374,0.000307,0.000260,0.000000
687.956372,0.000290,0.000274,0.000000
688.006377,0.000381,0.000354,0.000000
688.056381,0.000356,0.000265,0.000000
688.106384,0.000282,0.000206,0.000000
688.164188,0.000246,0.000244,0.000000
688.206385,0.000369,0.000387,0.000000
688.256392,0.000367,0.000416,0.000000
688.306390,0.000500,0.000552,0.000000
688.356395,0.000651,0.000703,0.000000
688.406389,0.000603,0.000522,0.000000
688.456399,0.000750,0.000609,0.000000
688.506375,0.000651,0.000468,0.000000
688.556374,0.000532,0.000392,0.000000
688.621793,0.000328,0.000190,0.000000
688.656380,0.000225,0.000109,0.000000
688.706379,0.000190,0.000186,0.000000
688.756383,0.000191,0.000158,0.000000
688.806385,0.000331,0.000189,0.000000
688.856386,0.000293,0.000173,0.000000
688.906393,0.000384,0.000275,0.000000
688.956406,0.000254,0.000136,0.000000
689.006398,0.000145,0.000187,0.000000
689.056398,0.000255,0.000316,0.000000
689.106409,0.000413,0.000391,0.000000
689.156409,0.000697,0.000692,0.000000
689.206408,0.000901,0.000941,0.000000
689.256380,0.000960,0.000770,0.000000
689.306381,0.001100,0.000929,0.000000
689.356380,0.001257,0.001106,0.000000
689.406806,0.001373,0.001200,0.000000
689.456386,0.001584,0.001416,0.000000
689.506393,0.001564,0.001487,0.000000
689.556392,0.001518,0.001496,0.000000
689.606400,0.001616,0.001325,0.000000
689.656400,0.001386,0.001061,0.000000
689.706392,0.001224,0.001006,0.000000
689.756398,0.001094,0.000948,0.000000
689.806407,0.000904,0.000940,0.000000
689.856405,0.000636,0.000710,0.000000
689.906404,0.000590,0.000828,0.000000
689.956405,0.000578,0.000769,0.000000
690.006389,0.000569,0.000660,0.000000
690.056388,0.000409,0.000425,0.000000
690.106392,0.000463,0.000471,0.000000
690.156395,0.000618,0.000777,0.000000
690.206396,0.000689,0.000676,0.000000
690.256401,0.000594,0.000714,0.000000
690.306402,0.000583,0.000711,0.000000
690.374644,0.000642,0.000686,0.000000
690.414404,0.000868,0.000653,0.000000
690.474633,0.000691,0.000452,0.000000
690.506408,0.000306,0.000264,0.000000
690.556412,0.000252,0.000098,0.000000
690.625245,0.000116,0.000088,0.000000
690.675435,0.000286,0.000346,0.000000
690.706683,0.000481,0.000376,0.000000
690.765464,0.000570,0.000297,0.000000
690.815222,0.000576,0.000312,0.000000
690.865219,0.000435,0.000181,0.000000
690.912799,0.000411,0.000282,0.000000
690.975830,0.000270,0.000446,0.000000
691.025830,0.000335,0.000364,0.000000
691.073947,0.000404,0.000275,0.000000
691.106411,0.000135,0.000192,0.000000
691.156409,0.000232,0.000118,0.000000
691.206444,0.000232,0.000105,0.000000
691.256419,0.000296,0.000151,0.000000
691.306424,0.000173,0.000153,0.000000
691.356424,0.000162,0.000187,0.000000
691.406420,0.000173,0.000207,0.000000
691.456430,0.000133,0.000100,0.000000
691.506395,0.000168,0.000285,0.000000
691.556400,0.000292,0.000388,0.000000
691.606406,0.000500,0.000500,0.000000
691.656407,0.000731,0.000683,0.000000
691.706408,0.000809,0.000777,0.000000
691.756414,0.000933,0.000762,0.000000
691.835760,0.001039,0.000855,0.000000
691.865757,0.001119,0.001016,0.000000
691.906424,0.001001,0.000805,0.000000
691.956427,0.000909,0.000697,0.000000
692.006418,0.000767,0.000643,0.000000
692.056429,0.000642,0.000582,0.000000
692.114483,0.000661,0.000623,0.000000
692.156429,0.000656,0.000739,0.000000
692.206432,0.000574,0.000793,0.000000
692.256405,0.000684,0.000799,0.000000
692.306409,0.000875,0.000904,0.000000
692.356414,0.000970,0.000910,0.000000
692.406413,0.001076,0.000945,0.000000
692.456417,0.001079,0.000948,0.000000
692.506417,0.000908,0.000719,0.000000
692.556418,0.000813,0.000672,0.000000
692.606431,0.000806,0.000742,0.000000
692.656426,0.000697,0.000715,0.000000
692.706422,0.000518,0.000493,0.000000
692.756433,0.000418,0.000473,0.000000
692.839883,0.000324,0.000438,0.000000
692.856419,0.000408,0.000431,0.000000
692.906438,0.000255,0.000252,0.000000
692.956434,0.000155,0.000243,0.000000
693.006418,0.000155,0.000315,0.000000
693.056414,0.000295,0.000394,0.000000
693.124408,0.000268,0.000352,0.000000
693.156428,0.000314,0.000394,0.000000
693.206423,0.000352,0.000425,0.000000
693.256431,0.000599,0.000604,0.000000
693.306426,0.000566,0.000509,0.000000
693.356431,0.000629,0.000566,0.000000
693.424385,0.000649,0.000666,0.000000
693.456438,0.000667,0.000587,0.000000
693.506430,0.000559,0.000398,0.000000
693.556446,0.000702,0.000625,0.000000
693.606449,0.000553,0.000562,0.000000
693.656447,0.000494,0.000414,0.000000
693.706444,0.000236,0.000151,0.000000
693.756419,0.000190,0.000259,0.000000
693.806425,0.000200,0.000248,0.000000
693.856431,0.000183,0.000112,0.000000
693.906439,0.000308,0.000310,0.000000
693.956428,0.000467,0.000389,0.000000
694.006434,0.000502,0.000378,0.000000
694.056437,0.000451,0.000422,0.000000
694.106440,0.000659,0.000538,0.000000
694.156443,0.000691,0.000427,0.000000
694.206438,0.000511,0.000280,0.000000
694.256447,0.000412,0.000320,0.000000
694.306453,0.000396,0.000396,0.000000
694.356456,0.000312,0.000323,0.000000
694.406454,0.000199,0.000194,0.000000
694.456461,0.000146,0.000212,0.000000
694.506425,0.000223,0.000392,0.000000
694.556432,0.000246,0.000223,0.000000
694.606436,0.000185,0.000140,0.000000
694.656436,0.000316,0.000314,0.000000
694.706446,0.000493,0.000516,0.000000
694.756443,0.000501,0.000529,0.000000
694.806443,0.000617,0.000524,0.000000
694.893631,0.000810,0.000533,0.000000
694.923638,0.000809,0.000542,0.000000
694.973648,0.000728,0.000475,0.000000
695.023622,0.000335,0.000111,0.000000
695.086682,0.000320,0.000175,0.000000
695.113613,0.000245,0.000237,0.000000
695.163610,0.000344,0.000382,0.000000
695.206460,0.000598,0.000553,0.000000
695.256438,0.000812,0.000621,0.000000
695.306436,0.000981,0.000684,0.000000
695.356441,0.000962,0.000802,0.000000
695.406444,0.001074,0.000824,0.000000
695.456436,0.001010,0.000801,0.000000
695.506452,0.000982,0.000821,0.000000
695.556451,0.001086,0.001051,0.000000
695.606450,0.001104,0.001042,0.000000
695.656457,0.001126,0.001056,0.000000
695.706464,0.001127,0.001101,0.000000
695.756459,0.001169,0.001118,0.000000
695.806469,0.001230,0.001107,0.000000
695.856452,0.001240,0.001085,0.000000
695.906464,0.000852,0.000736,0.000000
695.956465,0.000521,0.000333,0.000000
696.006444,0.000315,0.000286,0.000000
696.056444,0.000351,0.000376,0.000000
696.106449,0.000545,0.000420,0.000000
696.156451,0.000922,0.000712,0.000000
696.206451,0.001208,0.000771,0.000000
696.256453,0.001396,0.001025,0.000000
696.306453,0.001337,0.001041,0.000000
696.356455,0.001294,0.000949,0.000000
696.406464,0.001231,0.000938,0.000000
696.456466,0.001254,0.000938,0.000000
696.506464,0.001086,0.000933,0.000000
696.556465,0.001050,0.000924,0.000000
696.606478,0.000879,0.000852,0.000000
696.656476,0.000876,0.000813,0.000000
696.706480,0.000716,0.000625,0.000000
696.756447,0.000625,0.000507,0.000000
696.806452,0.000781,0.000886,0.000000
696.856455,0.000856,0.001037,0.000000
696.906456,0.000740,0.000830,0.000000
696.956455,0.000790,0.000860,0.000000
697.006461,0.000811,0.000827,0.000000
697.056467,0.000841,0.000693,0.000000
697.106461,0.000857,0.000563,0.000000
697.156480,0.000597,0.000595,0.000000
697.206466,0.000555,0.000678,0.000000
697.264056,0.000667,0.000650,0.000000
697.306475,0.000509,0.000500,0.000000
697.356468,0.000398,0.000440,0.000000
697.406471,0.000493,0.000547,0.000000
697.456487,0.000524,0.000497,0.000000
697.506461,0.000403,0.000386,0.000000
697.556456,0.000309,0.000352,0.000000
697.606458,0.000329,0.000383,0.000000
697.656463,0.000394,0.000361,0.000000
697.706465,0.000335,0.000297,0.000000
697.756471,0.000195,0.000260,0.000000
697.806470,0.000152,0.000211,0.000000
697.856468,0.000117,0.000150,0.000000
697.906478,0.000050,0.000135,0.000000
697.956489,0.000220,0.000173,0.000000
698.006478,0.000279,0.000171,0.000000
698.056483,0.000266,0.000151,0.000000
698.106493,0.000329,0.000290,0.000000
698.156487,0.000271,0.000236,0.000000
698.206495,0.000242,0.000197,0.000000
698.256460,0.000237,0.000103,0.000000
698.306466,0.000134,0.000045,0.000000
698.356476,0.000212,0.000154,0.000000
698.414646,0.000240,0.000190,0.000000
698.456475,0.000352,0.000320,0.000000
698.506480,0.000362,0.000373,0.000000
698.556475,0.000383,0.000382,0.000000
698.606474,0.000492,0.000480,0.000000
698.656486,0.000505,0.000406,0.000000
698.706490,0.000293,0.000134,0.000000
698.756493,0.000219,0.000173,0.000000
698.806493,0.000161,0.000309,0.000000
698.856487,0.000202,0.000284,0.000000
698.906484,0.000287,0.000280,0.000000
698.956512,0.000504,0.000281,0.000000
699.006471,0.000531,0.000256,0.000000
699.056471,0.000412,0.000242,0.000000
699.106475,0.000106,0.000150,0.000000
699.156479,0.000151,0.000195,0.000000
699.206479,0.000392,0.000468,0.000000
699.256488,0.000557,0.000564,0.000000
699.306484,0.000724,0.000663,0.000000
699.356498,0.000917,0.000782,0.000000
699.406507,0.001069,0.000802,0.000000
699.456489,0.001054,0.000856,0.000000
699.506489,0.000911,0.000612,0.000000
699.556518,0.000754,0.000535,0.000000
699.606502,0.000815,0.000671,0.000000
699.659450,0.000613,0.000531,0.000000
699.706513,0.000389,0.000322,0.000000
699.756469,0.000343,0.000391,0.000000
699.825388,0.000208,0.000325,0.000000
699.856478,0.000371,0.000466,0.000000
699.906482,0.000390,0.000434,0.000000
699.956484,0.000349,0.000519,0.000000
700.017192,0.000471,0.000594,0.000000
700.056489,0.000839,0.000869,0.000000
700.106508,0.001018,0.001066,0.000000
700.156495,0.001214,0.001153,0.000000
700.206496,0.001407,0.001423,0.000000
700.256505,0.001494,0.001313,0.000000
700.306509,0.001694,0.001498,0.000000
700.356500,0.001863,0.001640,0.000000
700.406508,0.002013,0.001895,0.000000
700.456517,0.002080,0.001963,0.000000
700.506479,0.001879,0.001609,0.000000
700.556493,0.001838,0.001707,0.000000
700.606497,0.001738,0.001415,0.000000
700.656483,0.001310,0.000996,0.000000
700.706496,0.001023,0.000823,0.000000
700.756493,0.000608,0.000625,0.000000
700.806499,0.000315,0.000508,0.000000
700.856504,0.000393,0.000595,0.000000
700.906500,0.000289,0.000655,0.000000
700.956502,0.000330,0.000665,0.000000
701.006503,0.000526,0.000684,0.000000
701.056503,0.000570,0.000632,0.000000
701.106514,0.000572,0.000583,0.000000
701.156513,0.000687,0.000607,0.000000
701.206522,0.000687,0.000587,0.000000
701.256488,0.000358,0.000263,0.000000
701.306502,0.000338,0.000233,0.000000
701.356490,0.000387,0.000251,0.000000
701.406498,0.000367,0.000223,0.000000
701.456499,0.000499,0.000376,0.000000
701.506499,0.000452,0.000378,0.000000
701.556514,0.000510,0.000509,0.000000
701.606509,0.000443,0.000524,0.000000
701.656510,0.000441,0.000444,0.000000
701.706511,0.000833,0.000950,0.000000
701.756519,0.001598,0.001903,0.000000
701.806517,0.002332,0.002427,0.000000
701.856517,0.002742,0.002707,0.000000
701.906527,0.002961,0.002583,0.000000
701.964912,0.003261,0.002613,0.000000
702.006496,0.003734,0.002804,0.000000
702.056502,0.003700,0.002918,0.000000
702.106497,0.002813,0.002235,0.000000
702.156515,0.001949,0.001492,0.000000
702.206501,0.001392,0.001196,0.000000
702.256513,0.001434,0.001381,0.000000
702.306508,0.001341,0.001402,0.000000
702.356515,0.001369,0.001564,0.000000
702.406516,0.001581,0.002055,0.000000
702.456531,0.002535,0.002981,0.000000
702.506518,0.003234,0.003261,0.000000
702.556519,0.003777,0.003548,0.000000
702.606522,0.003821,0.003441,0.000000
702.656524,0.004218,0.003693,0.000000
702.706529,0.004416,0.003605,0.000000
702.756497,0.004410,0.003682,0.000000
702.806507,0.004004,0.003580,0.000000
702.873588,0.003856,0.003518,0.000000
702.906512,0.003605,0.003314,0.000000
702.956523,0.002344,0.001523,0.000000
703.006517,0.001670,0.001398,0.000000
703.056518,0.002601,0.002615,0.000000
703.106526,0.003571,0.003174,0.000000
703.156520,0.004128,0.003054,0.000000
703.206526,0.004675,0.002899,0.000000
703.256527,0.005007,0.002681,0.000000
703.306529,0.004364,0.002820,0.000000
703.356533,0.003769,0.002868,0.000000
703.406529,0.002646,0.002293,0.000000
703.456537,0.002079,0.002096,0.000000
703.506507,0.002157,0.002140,0.000000
703.556512,0.002330,0.002399,0.000000
703.606511,0.002272,0.002235,0.000000
703.656521,0.001818,0.002052,0.000000
703.706518,0.001931,0.002131,0.000000
703.756521,0.001739,0.001666,0.000000
703.806522,0.001582,0.001305,0.000000
703.856523,0.001494,0.001029,0.000000
703.906530,0.001299,0.001455,0.000000
703.956537,0.001573,0.002086,0.000000
704.006538,0.002022,0.002609,0.000000
704.056534,0.002459,0.002960,0.000000
704.106545,0.003333,0.003359,0.000000
704.156541,0.003907,0.003840,0.000000
704.206545,0.004558,0.004202,0.000000
704.256519,0.004992,0.004465,0.000000
704.306521,0.005241,0.004176,0.000000
704.356517,0.004938,0.003922,0.000000
704.406526,0.004795,0.003921,0.000000
704.456533,0.004615,0.003963,0.000000
704.506527,0.003802,0.003422,0.000000
704.556541,0.003184,0.003100,0.000000
704.606537,0.002833,0.002834,0.000000
704.656530,0.002566,0.002186,0.000000
704.706537,0.002931,0.002022,0.000000
704.756545,0.002944,0.002257,0.000000
704.806535,0.003000,0.003977,0.000000
704.882804,0.003857,0.005423,0.000000
704.922797,0.006697,0.008589,0.000000
704.962794,0.008646,0.009486,0.000000
705.032785,0.011016,0.010649,0.000000
705.062783,0.013443,0.011711,0.000000
705.112781,0.017678,0.015310,0.000000
705.169297,0.018934,0.017128,0.000000
705.212769,0.022962,0.021710,0.000000
705.260087,0.022106,0.020601,0.000000
705.306538,0.021195,0.017795,0.000000
705.356539,0.019002,0.014271,0.000000
705.406541,0.015651,0.009916,0.000000
705.456541,0.009803,0.005806,0.000000
705.506547,0.006341,0.004656,0.000000
705.556551,0.001513,0.002396,0.000000
705.624635,0.008227,0.005798,0.000000
705.656562,0.013156,0.010348,0.000000
705.706559,0.018397,0.015559,0.000000
705.764608,0.023298,0.020844,0.000000
705.806536,0.039787,0.042174,0.000000
705.856536,0.055074,0.055086,0.000000
705.906537,0.069501,0.065812,0.000000
705.956538,0.081169,0.076323,0.000000
706.006546,0.095084,0.086237,0.000000
706.056541,0.110390,0.097726,0.000000
706.106548,0.121607,0.102174,0.000000
706.156555,0.121668,0.107252,0.000000
706.206550,0.132565,0.122352,0.000000
706.256557,0.143037,0.134381,0.000000
706.306545,0.153049,0.145220,0.000000
706.356564,0.160981,0.152466,0.000000
706.406567,0.167787,0.160206,0.000000
706.456551,0.178108,0.166706,0.000000
706.506532,0.186119,0.170144,0.000000
706.556536,0.198304,0.189857,0.000000
706.606538,0.208869,0.203213,0.000000
706.656542,0.223330,0.220450,0.000000
706.706543,0.234292,0.227971,0.000000
706.756546,0.249269,0.240890,0.000000
706.806550,0.271409,0.260551,0.000000
706.856554,0.284916,0.265160,0.000000
706.906560,0.290292,0.274000,2.284817
706.956555,0.299259,0.283339,5.138731
707.006562,0.301896,0.288408,5.138731
707.056553,0.307210,0.290327,5.138731
707.106567,0.313546,0.299652,5.138731
707.156580,0.309955,0.301711,5.138731
707.206575,0.315518,0.305711,5.138731
707.256539,0.329213,0.325413,5.138731
707.306550,0.339997,0.339597,5.138731
707.356553,0.350171,0.347849,5.138731
707.406548,0.363832,0.357415,5.138731
707.456553,0.372580,0.365704,5.138731
707.506559,0.386506,0.373932,5.138731
707.556556,0.406277,0.391309,5.138731
707.606568,0.425144,0.420294,5.138731
707.656564,0.439931,0.436124,5.138731
707.706565,0.463811,0.458445,5.138731
707.756568,0.486183,0.477475,5.138731
707.806582,0.505818,0.489278,5.138731
707.856576,0.523879,0.498178,5.138731
707.906585,0.530894,0.500202,2.661422
707.956583,0.529619,0.505527,2.682342
708.006547,0.534799,0.511262,2.682342
708.056560,0.531857,0.514610,2.682342
708.106555,0.527294,0.516205,2.682342
708.156555,0.524344,0.516247,2.682342
708.206568,0.525626,0.521611,2.682342
708.256570,0.530369,0.525599,2.682342
708.313759,0.526150,0.519942,2.682342
708.356566,0.525619,0.522079,2.682342
708.406585,0.536422,0.538282,2.682342
708.456578,0.550024,0.554165,2.682342
708.506592,0.559848,0.560407,2.682342
708.556576,0.571896,0.573905,2.682342
708.623113,0.581447,0.580923,2.682342
708.656585,0.596758,0.585573,2.682342
708.706582,0.600366,0.579339,2.682342
708.756564,0.598440,0.581387,2.682342
708.806564,0.590454,0.577312,2.682342
708.856560,0.591336,0.580214,2.682342
708.906570,0.582817,0.577949,2.946862
708.956573,0.575209,0.573682,3.284062
709.023084,0.569648,0.571801,3.284062
709.056578,0.571117,0.570272,3.284062
709.106579,0.568669,0.570892,3.284062
709.156583,0.615692,0.634888,3.284062
709.206585,0.656423,0.683346,3.284062
709.256575,0.704358,0.727554,3.284062
709.306589,0.751997,0.760100,3.284062
709.356595,0.801863,0.790818,3.284062
709.406578,0.850432,0.813652,3.284062
709.456593,0.898407,0.832655,3.284062
709.506568,0.901155,0.847598,3.284062
709.556568,0.906267,0.859831,3.284062
709.606572,0.907524,0.870140,3.284062
709.656577,0.930360,0.906384,3.284062
709.706579,0.941085,0.922663,3.284062
709.756582,0.955168,0.939253,3.284062
709.806582,0.994341,0.988239,3.284062
709.856589,1.027766,1.019103,3.284062
709.906579,1.049359,1.027617,3.761091
709.973000,1.081929,1.050041,4.441455
710.023014,1.098428,1.073566,4.441455
710.066241,1.120408,1.087144,4.441455
710.113766,1.140054,1.098017,4.441455
710.161060,1.213419,1.217777,4.441455
710.206594,1.318176,1.349349,4.441455
710.256573,1.430502,1.449297,4.441455
710.306579,1.510051,1.498953,4.441455
710.356569,1.548425,1.486473,4.441455
710.406579,1.649371,1.558865,4.441455
710.456581,1.708134,1.557682,4.441455
710.506579,1.643579,1.495131,4.441455
710.556576,1.644307,1.572274,4.441455
710.606581,1.585385,1.545130,4.441455
710.656598,1.564788,1.546765,4.441455
710.706600,1.762155,1.801154,4.441455
710.756606,1.940717,2.060618,4.441455
710.806599,2.118802,2.208435,4.441455
710.856597,2.243562,2.190390,4.441455
710.906599,2.376036,2.313948,4.408284
710.956614,2.597327,2.448458,4.510713
711.006579,2.838017,2.607466,4.510713
711.056587,2.909037,2.748914,4.510713
711.106588,2.997583,2.939211,4.510713
711.156590,3.119383,3.078470,4.510713
711.206587,3.290191,3.123721,4.510713
711.256595,3.261190,3.022063,4.510713
711.306597,3.194511,2.923659,4.510713
711.356596,3.099166,2.856370,4.510713
711.406603,2.991845,2.798233,4.510713
711.456607,2.824649,2.745614,4.510713
711.506593,2.674049,2.712462,4.510713
711.556598,2.794468,2.999181,4.510713
711.606597,2.920511,3.098761,4.510713
711.656602,3.059913,3.179916,4.510713
711.706608,2.830116,2.738297,4.510713
711.756590,2.575590,2.347952,4.510713
711.806590,2.310847,2.016337,4.510713
711.856591,2.038536,1.746037,4.510713
711.906598,1.560565,1.557577,4.510154
711.956602,1.171261,1.400702,4.539055
712.006598,0.772318,1.261411,4.539055
712.056602,0.732494,1.148527,4.539055
712.106598,0.741692,1.089627,4.539055
712.156603,0.744836,1.014276,4.539055
712.206610,0.736210,0.932668,4.539055
712.256603,0.720565,0.885249,4.539055
712.322806,0.673648,0.797326,4.539055
712.356621,0.673200,0.778389,4.539055
712.406619,0.668669,0.755341,4.539055
712.456624,0.651781,0.748913,4.539055
712.506594,0.657231,0.748432,4.539055
712.556592,0.665861,0.731916,4.539055
712.606600,0.683478,0.749931,4.539055
712.656604,0.718216,0.737760,4.539055
712.706599,0.717422,0.730669,4.539055
712.756602,0.718435,0.718738,4.539055
712.806604,0.680059,0.667200,4.539055
712.856609,0.633396,0.618244,4.539055
712.906618,0.609918,0.594933,4.684183
712.956612,0.560289,0.570825,4.868666
713.006615,0.519655,0.536978,4.868666
713.056619,0.479499,0.514009,4.868666
713.106617,0.444345,0.496305,4.868666
713.156622,0.438770,0.481211,4.868666
713.206632,0.440128,0.471321,4.868666
713.256598,0.429517,0.462465,4.868666
713.306597,0.413313,0.442567,4.868666
713.356607,0.407833,0.426997,4.868666
713.406606,0.392593,0.404748,4.868666
713.456604,0.380619,0.392006,4.868666
713.506613,0.370673,0.383923,4.868666
713.556609,0.354730,0.371130,4.868666
713.612691,0.340678,0.362279,4.868666
713.656615,0.336730,0.356936,4.868666
713.706626,0.334203,0.355420,4.868666
713.757513,0.344423,0.361747,4.868666
713.806624,0.355582,0.373167,4.868666
713.856634,0.365890,0.383346,4.868666
713.906623,0.380863,0.391524,5.223842
713.963916,0.393120,0.396040,5.669454
714.006607,0.406184,0.402124,5.669454
714.056609,0.418470,0.408713,5.669454
714.106606,0.425524,0.414396,5.669454
714.156612,0.425823,0.415651,5.669454
714.206619,0.432316,0.426326,5.669454
714.256615,0.439108,0.434821,5.669454
714.306616,0.438331,0.428699,5.669454
714.356624,0.442918,0.435287,5.669454
714.422001,0.444714,0.438272,5.669454
714.456635,0.450423,0.446141,5.669454
714.506625,0.472714,0.472254,5.669454
714.556641,0.479185,0.480841,5.669454
714.606632,0.491783,0.496147,5.669454
714.656648,0.513016,0.507273,5.669454
714.706640,0.527646,0.518744,5.669454
714.756612,0.542558,0.525855,5.669454
714.824117,0.551943,0.529344,5.669454
714.873858,0.545260,0.529186,5.669454
714.912750,0.549267,0.532360,6.035454
714.973208,0.537550,0.520968,6.176092
715.021991,0.547019,0.540373,6.176092
715.056626,0.544274,0.541485,6.176092
715.106642,0.545586,0.545827,6.176092
715.156628,0.544077,0.543055,6.176092
715.206631,0.523066,0.511022,6.176092
715.256643,0.515070,0.506402,6.176092
715.306639,0.518603,0.505286,6.176092
715.356643,0.498816,0.500199,6.176092
715.406650,0.491108,0.497629,6.176092
715.456639,0.483229,0.499763,6.176092
715.506615,0.475351,0.495247,6.176092
715.556624,0.490753,0.494948,6.176092
715.606622,0.490946,0.493836,6.176092
715.656622,0.494796,0.500620,6.176092
715.706634,0.492553,0.493329,6.176092
715.756635,0.491544,0.490778,6.176092
715.806633,0.479880,0.477988,6.176092
715.856638,0.472252,0.467201,6.176092
715.906635,0.463729,0.460325,6.264279
715.956640,0.455936,0.454938,6.379105
716.006647,0.442744,0.450554,6.379105
716.056647,0.448409,0.461019,6.379105
716.106647,0.448721,0.465732,6.379105
716.156660,0.450845,0.461090,6.379105
716.206654,0.462078,0.469906,6.379105
716.256626,0.473750,0.479000,6.379105
716.306630,0.503974,0.512206,6.379105
716.356629,0.536643,0.542103,6.379105
716.406630,0.558939,0.565354,6.379105
716.456639,0.585987,0.586923,6.379105
716.506631,0.626467,0.613638,6.379105
716.582452,0.657052,0.634211,6.379105
716.606642,0.708700,0.685864,6.379105
716.656641,0.739134,0.718165,6.379105
716.706649,0.753669,0.723575,6.379105
716.756651,0.776081,0.740452,6.379105
716.806647,0.807525,0.768199,6.379105
716.882422,0.822078,0.776649,6.379105
716.906662,0.899624,0.862168,6.793854
716.956658,0.885448,0.869095,6.847928
717.006631,0.872871,0.849822,6.847928
717.056633,0.847457,0.792381,6.847928
717.106637,0.814211,0.755731,6.847928
717.156636,0.787917,0.749794,6.847928
717.206644,0.759678,0.726266,6.847928
717.256644,0.708657,0.696795,6.847928
717.306645,0.672698,0.663740,6.847928
717.356650,0.627978,0.637698,6.847928
717.406650,0.626554,0.627713,6.847928
717.456651,0.621724,0.628246,6.847928
717.506657,0.588188,0.613679,6.847928
717.556665,0.572211,0.600756,6.847928
717.606670,0.632984,0.684930,6.847928
717.656671,0.699900,0.751437,6.847928
717.706666,0.767564,0.803229,6.847928
717.772989,0.828754,0.845874,6.847928
717.806640,0.883991,0.880081,6.847928
717.856647,0.981388,0.951942,6.847928
717.906648,1.091389,1.025087,7.092969
717.956654,1.152487,1.109843,7.400430
718.006647,1.178815,1.128152,7.400430
718.056648,1.227148,1.172772,7.400430
718.106662,1.260666,1.187729,7.400430
718.156656,1.301405,1.210719,7.400430
718.206653,1.329556,1.257044,7.400430
718.256657,1.356467,1.308459,7.400430
718.306651,1.362325,1.344975,7.400430
718.356675,1.397728,1.363619,7.400430
718.406658,1.390915,1.345339,7.400430
718.456663,1.423285,1.365843,7.400430
718.506638,1.415694,1.347511,7.400430
718.556646,1.393923,1.339241,7.400430
718.606654,1.358755,1.325781,7.400430
718.656647,1.326699,1.314085,7.400430
718.706661,1.312046,1.319352,7.400430
718.756655,1.319403,1.320209,7.400430
718.806663,1.340652,1.376382,7.400430
718.862885,1.378614,1.410066,7.400430
718.906671,1.434291,1.466778,7.311709
718.956674,1.453209,1.453709,7.238177
719.006670,1.483624,1.456675,7.238177
719.056680,1.504176,1.463840,7.238177
719.106674,1.520952,1.457176,7.238177
719.156679,1.496543,1.454961,7.238177
719.206692,1.479621,1.450325,7.238177
719.256650,1.448431,1.453526,7.238177
719.306652,1.454726,1.450494,7.238177
719.356662,1.451937,1.448011,7.238177
719.406658,1.448807,1.453590,7.238177
719.456669,1.451020,1.451250,7.238177
719.506672,1.453391,1.454656,7.238177
719.556670,1.453915,1.453320,7.238177
719.606673,1.460450,1.465769,7.238177
719.656677,1.479402,1.486388,7.238177
719.711564,1.487528,1.487051,7.238177
719.764851,1.506821,1.507229,7.238177
719.811576,1.518082,1.511475,7.238177
719.863745,1.539014,1.533580,7.238177
719.912168,1.558681,1.543304,7.646353
719.956688,1.573760,1.559283,7.955640
720.006660,1.579519,1.569883,7.955640
720.056661,1.608728,1.596540,7.955640
720.106671,1.579626,1.554851,7.955640
720.156672,1.571153,1.538002,7.955640
720.212017,1.559553,1.537942,7.955640
720.256674,1.543941,1.524318,7.955640
720.306679,1.551416,1.552937,7.955640
720.356677,1.578197,1.603478,7.955640
720.406686,1.579322,1.625403,7.955640
720.456684,1.628550,1.647372,7.955640
720.506684,1.682189,1.687109,7.955640
720.556692,1.735017,1.730732,7.955640
720.606683,1.793183,1.760072,7.955640
720.656696,1.809891,1.765184,7.955640
720.706692,1.807615,1.770179,7.955640
720.756664,1.820140,1.776661,7.955640
720.806665,1.830674,1.782972,7.955640
720.856669,1.823793,1.785310,7.955640
720.906676,1.799020,1.774983,8.203668
720.956674,1.761965,1.742808,8.513791
721.006676,1.743069,1.725792,8.513791
721.056680,1.712832,1.696679,8.513791
721.106689,1.686852,1.680657,8.513791
721.156689,1.653285,1.657372,8.513791
721.206689,1.632630,1.652939,8.513791
721.256689,1.602554,1.630735,8.513791
721.306696,1.600233,1.624872,8.513791
721.356693,1.596913,1.626948,8.513791
721.406698,1.596118,1.616357,8.513791
721.456706,1.595826,1.616294,8.513791
721.506670,1.603186,1.615983,8.513791
721.556676,1.601589,1.618295,8.513791
721.606684,1.635199,1.650862,8.513791
721.656679,1.659593,1.667079,8.513791
721.706684,1.666511,1.663537,8.513791
721.756682,1.682524,1.672737,8.513791
721.806685,1.689678,1.678625,8.513791
721.856689,1.697381,1.676804,8.513791
721.906693,1.649354,1.604308,8.595954
721.956694,1.596288,1.563458,8.700349
722.006696,1.540538,1.508393,8.700349
722.056701,1.483671,1.465415,8.700349
722.121394,1.431498,1.434392,8.700349
722.156710,1.374894,1.405316,8.700349
722.206713,1.309100,1.367739,8.700349
722.256684,1.299647,1.348173,8.700349
722.306687,1.277178,1.330809,8.700349
722.356690,1.243984,1.277168,8.700349
722.406693,1.246585,1.284235,8.700349
722.456692,1.237889,1.277272,8.700349
722.506695,1.209332,1.240105,8.700349
722.556702,1.184130,1.200521,8.700349
722.606689,1.164184,1.186123,8.700349
722.656698,1.138279,1.165293,8.700349
722.706713,1.155969,1.169796,8.700349
722.756712,1.125927,1.155799,8.700349
722.806704,1.133976,1.185640,8.700349
722.856720,1.167057,1.213694,8.700349
722.906712,1.209398,1.238804,8.624532
722.956719,1.239554,1.258228,8.542843
723.006682,1.276186,1.272932,8.542843
723.056695,1.301299,1.290032,8.542843
723.106690,1.331891,1.296716,8.542843
723.156699,1.333762,1.301748,8.542843
723.206699,1.310766,1.274752,8.542843
723.256699,1.279225,1.243610,8.542843
723.306708,1.248713,1.218883,8.542843
723.356710,1.225020,1.207291,8.542843
723.406712,1.197846,1.197136,8.542843
723.456713,1.169134,1.182654,8.542843
723.506705,1.140066,1.171390,8.542843
723.556721,1.146408,1.179827,8.542843
723.606707,1.169259,1.200519,8.542843
723.656722,1.181727,1.201851,8.542843
723.706725,1.188663,1.203414,8.542843
723.756697,1.196122,1.204616,8.542843
723.806700,1.174247,1.158259,8.542843
723.856699,1.154446,1.123754,8.542843
723.906697,1.122206,1.096671,8.613211
723.956711,1.080047,1.074690,8.718768
724.006712,1.075479,1.095299,8.718768
724.056715,1.069388,1.109471,8.718768
724.106716,1.066195,1.124520,8.718768
724.156715,1.093746,1.132093,8.718768
724.232610,1.118624,1.138268,8.718768
724.256716,1.144300,1.144677,8.718768
724.306720,1.171320,1.150867,8.718768
724.356732,1.172498,1.157764,8.718768
724.406712,1.177538,1.166435,8.718768
724.456750,1.179048,1.172354,8.718768
724.506704,1.184488,1.177773,8.718768
724.556708,1.189702,1.181974,8.718768
724.606707,1.195220,1.186725,8.718768
724.656712,1.214664,1.211529,8.718768
724.706724,1.220783,1.215789,8.718768
724.756722,1.225724,1.220736,8.718768
724.806723,1.230939,1.223649,8.718768
724.856717,1.217034,1.198568,8.718768
724.931173,1.192502,1.163146,8.247270
724.971354,1.165907,1.132497,7.975393
725.006726,1.124980,1.108491,7.975393
725.056734,1.104388,1.107795,7.975393
725.106727,1.087604,1.112236,7.975393
725.156737,1.077273,1.122579,7.975393
725.206737,1.069445,1.106695,7.975393
725.256708,1.084756,1.111118,7.975393
725.306708,1.086090,1.092969,7.975393
725.356713,1.088723,1.080825,7.975393
725.406713,1.078247,1.071065,7.975393
725.456718,1.064606,1.063144,7.975393
725.506722,1.047105,1.056847,7.975393
725.556723,1.042978,1.047885,7.975393
725.606726,1.026383,1.042417,7.975393
725.656732,1.047470,1.068844,7.975393
725.706736,1.062946,1.083523,7.975393
725.756730,1.085113,1.103575,7.975393
725.806746,1.103766,1.114220,7.975393
725.856731,1.119565,1.117889,7.975393
725.906746,1.136227,1.120711,7.797465
725.956745,1.153500,1.125584,7.585334
726.006719,1.138272,1.115066,7.585334
726.056713,1.136653,1.118532,7.585334
726.106717,1.109238,1.093352,7.585334
726.156720,1.089821,1.078685,7.585334
726.206726,1.074007,1.066973,7.585334
726.256724,1.062875,1.064768,7.585334
726.306728,1.055133,1.070063,7.585334
726.356734,1.053796,1.068922,7.585334
726.406732,1.044716,1.068922,7.585334
726.456740,1.053744,1.066316,7.585334
726.506737,1.059926,1.065628,7.585334
726.556748,1.072531,1.073823,7.585334
726.606751,1.082610,1.084443,7.585334
726.656744,1.077982,1.079675,7.585334
726.706747,1.057865,1.048536,7.585334
726.756721,1.036345,1.022459,7.585334
726.806723,1.024561,1.013507,7.585334
726.856724,1.003326,0.993135,7.585334
726.906726,0.979325,0.980422,7.750555
726.956733,0.958361,0.975312,7.954520
727.006732,0.944377,0.975494,7.954520
727.056741,0.951019,0.975848,7.954520
727.106737,0.955456,0.971496,7.954520
727.156744,0.951571,0.967940,7.954520
727.206746,0.955552,0.962822,7.954520
727.256748,0.951727,0.950801,7.954520
727.306754,0.948833,0.947758,7.954520
727.356752,0.951378,0.956375,7.954520
727.406761,0.962416,0.976586,7.954520
727.456749,0.983281,1.001937,7.954520
727.506728,1.003821,1.021500,7.954520
727.556732,1.019358,1.026768,7.954520
727.606733,1.057763,1.054552,7.954520
727.656739,1.099106,1.085996,7.954520
727.706739,1.141013,1.124073,7.954520
727.756742,1.181150,1.167235,7.954520
727.806747,1.170828,1.141956,7.954520
727.856752,1.161408,1.122267,7.954520
727.906739,1.158374,1.103287,7.787411
727.956759,1.140615,1.092845,7.585335
728.006756,1.117237,1.083962,7.585335
728.056750,1.086168,1.076722,7.585335
728.106751,1.047870,1.069991,7.585335
728.156766,1.046110,1.064616,7.585335
728.206765,1.044666,1.060422,7.585335
728.256730,1.033790,1.039542,7.585335
728.306734,1.026389,1.031763,7.585335
728.356745,1.021806,1.028625,7.585335
728.406745,1.011088,1.017857,7.585335
728.456740,0.994152,0.998919,7.585335
728.506748,0.969203,0.971865,7.585335
728.556748,0.949710,0.959342,7.585335
728.606761,0.951622,0.961986,7.585335
728.656750,0.936098,0.947705,7.585335
728.706768,0.915337,0.931818,7.585335
728.756764,0.905792,0.927703,7.585335
728.806771,0.904266,0.923809,7.585335
728.856772,0.913298,0.924270,7.585335
728.906757,0.910140,0.917028,7.588654
728.956789,0.901042,0.915295,7.594986
729.006751,0.899897,0.908631,7.594986
729.056748,0.899323,0.899432,7.594986
729.106752,0.893521,0.894199,7.594986
729.156753,0.888677,0.891259,7.594986
729.206755,0.881966,0.888817,7.594986
729.256758,0.876884,0.881280,7.594986
729.306760,0.868113,0.874597,7.594986
729.356765,0.869077,0.877553,7.594986
729.406774,0.869858,0.875797,7.594986
729.456777,0.865639,0.869412,7.594986
729.506786,0.862772,0.867356,7.594986
729.556771,0.859805,0.865602,7.594986
729.606783,0.858525,0.860835,7.594986
729.656779,0.861113,0.861965,7.594986
729.706794,0.855104,0.859097,7.594986
729.756753,0.854306,0.859815,7.594986
729.806757,0.875446,0.886107,7.594986
729.856768,0.887346,0.897374,7.594986
729.906759,0.901548,0.909418,7.670542
729.956761,0.913420,0.912484,7.783572
730.006766,0.924217,0.918634,7.783572
730.056763,0.929254,0.911520,7.783572
730.106765,0.940750,0.917824,7.783572
730.156772,0.939456,0.930675,7.783572
730.222781,0.944713,0.940192,7.783572
730.256775,0.949202,0.949438,7.783572
730.306782,0.938651,0.929483,7.783572
730.356763,0.924055,0.912550,7.783572
730.406776,0.926902,0.910630,7.783572
730.456768,0.900999,0.881103,7.783572
730.506762,0.871795,0.859959,7.783572
730.556760,0.833390,0.830438,7.783572
730.606767,0.806172,0.823398,7.783572
730.661902,0.795029,0.812950,7.783572
730.706764,0.790557,0.812242,7.783572
730.756777,0.773036,0.804824,7.783572
730.806769,0.774198,0.800098,7.783572
730.856771,0.777084,0.798995,7.783572
730.906774,0.846277,0.878696,7.801696
730.956786,0.903110,0.940763,7.837772
731.006785,0.963155,0.991283,7.837772
731.056785,1.017049,1.030535,7.837772
731.139149,1.075830,1.061911,7.837772
731.156791,1.136550,1.092500,7.837772
731.206784,1.162330,1.067743,7.837772
731.270604,1.106326,1.014120,7.837772
731.306785,1.103504,1.044383,7.837772
731.356775,1.090185,1.054638,7.837772
731.406771,1.074763,1.059358,7.837772
731.456780,1.068416,1.075272,7.837772
731.506784,1.033802,1.058300,7.837772
731.560572,1.040678,1.049924,7.837772
731.606786,1.100056,1.082887,7.837772
731.656788,1.093630,1.090294,7.837772
731.706788,1.079759,1.072511,7.837772
731.756788,1.070982,1.061128,7.837772
731.806798,1.055009,1.052671,7.837772
731.856797,1.058344,1.046021,7.837772
731.906799,1.058784,1.041075,7.748768
731.956803,1.035201,1.041304,7.646121
732.006768,1.033879,1.051465,7.646121
732.056775,1.043829,1.054351,7.646121
732.106778,1.091286,1.106243,7.646121
732.182401,1.128282,1.139858,7.646121
732.206778,1.194562,1.194861,7.646121
732.256787,1.275018,1.286355,7.646121
732.320508,1.312159,1.296685,7.646121
732.356785,1.382926,1.359117,7.646121
732.406774,1.402915,1.334766,7.646121
732.470503,1.328031,1.225315,7.646121
732.506791,1.337592,1.250222,7.646121
732.556811,1.303125,1.224407,7.646121
732.606797,1.204593,1.167255,7.646121
732.656812,1.135744,1.097310,7.646121
732.706811,1.062262,1.098724,7.646121
732.756775,0.999455,1.050083,7.646121
732.806777,1.030523,1.040473,7.646121
732.856780,0.987519,1.042761,7.646121
732.906783,0.964665,1.027684,7.529440
732.956791,0.961912,1.005813,7.404248
733.006790,0.982668,0.997226,7.404248
733.060447,0.960752,0.990735,7.404248
733.106797,0.968019,0.973120,7.404248
733.156792,0.956072,0.962884,7.404248
733.206800,0.937580,0.955585,7.404248
733.256801,0.951952,0.978759,7.404248
733.306803,0.972379,0.995682,7.404248
733.356805,0.989122,1.010704,7.404248
733.406813,1.009099,1.026504,7.404248
733.456809,1.039674,1.041420,7.404248
733.506781,1.055308,1.043068,7.404248
733.556790,1.075746,1.050068,7.404248
733.606787,1.079719,1.060890,7.404248
733.656790,1.085482,1.069651,7.404248
733.706798,1.092308,1.079550,7.404248
733.756802,1.095052,1.085313,7.404248
733.811010,1.098054,1.092258,7.404248
733.856807,1.107141,1.096935,7.404248
733.906810,1.105864,1.091297,7.411386
733.956818,1.101489,1.087633,7.424884
734.022244,1.095516,1.082822,7.424884
734.056816,1.093733,1.087763,7.424884
734.122242,1.063410,1.049129,7.424884
734.156824,1.061944,1.060816,7.424884
734.206816,1.066688,1.078352,7.424884
734.256788,1.085144,1.101812,7.424884
734.306801,1.105994,1.124857,7.424884
734.356793,1.126552,1.139855,7.424884
734.406800,1.137452,1.151486,7.424884
734.456804,1.179837,1.159461,7.424884
734.506800,1.192105,1.166430,7.424884
734.556814,1.187105,1.155827,7.424884
734.606816,1.179981,1.153798,7.424884
734.656813,1.168024,1.149684,7.424884
734.706810,1.158934,1.147015,7.424884
734.756828,1.160005,1.158704,7.424884
734.806818,1.160911,1.166491,7.424884
734.856824,1.159352,1.169948,7.424884
734.906825,1.168794,1.171987,7.422217
734.956832,1.173658,1.173635,7.424884
735.006946,1.181112,1.175813,7.424884
735.056800,1.184737,1.172552,7.424884
735.106806,1.178959,1.170727,7.424884
735.156806,1.175849,1.171983,7.424884
735.206813,1.178567,1.178419,7.424884
735.256814,1.177935,1.178140,7.424884
735.306813,1.177865,1.178428,7.424884
735.356819,1.168799,1.166887,7.424884
735.406816,1.162265,1.156197,7.424884
735.456818,1.161796,1.156783,7.424884
735.506828,1.153277,1.149064,7.424884
735.556827,1.140964,1.143025,7.424884
735.606826,1.131047,1.135983,7.424884
735.656835,1.120243,1.129528,7.424884
735.706848,1.116245,1.121986,7.424884
735.756808,1.111828,1.113965,7.424884
735.833081,1.099613,1.105442,7.424884
735.856824,1.098949,1.107821,7.424884
735.906814,1.096102,1.106037,7.426841
735.956820,1.094038,1.103549,7.435976
736.006820,1.096329,1.106747,7.435976
736.056821,1.105438,1.116590,7.435976
736.109341,1.113575,1.121050,7.435976
736.156831,1.123553,1.124825,7.435976
736.206822,1.126691,1.127598,7.435976
736.256829,1.142836,1.144547,7.435976
736.306840,1.156870,1.154067,7.435976
736.356828,1.165875,1.159829,7.435976
736.406836,1.170829,1.166067,7.435976
736.456845,1.178771,1.171728,7.435976
736.506811,1.185794,1.175065,7.435976
736.556813,1.190106,1.173779,7.435976
736.606819,1.186432,1.176357,7.435976
736.656823,1.187561,1.181150,7.435976
736.706824,1.178036,1.168148,7.435976
736.756831,1.174791,1.168298,7.435976
736.806823,1.168233,1.164328,7.435976
736.856827,1.167400,1.168001,7.435976
736.906830,1.180108,1.185905,7.537568
736.956833,1.182119,1.188906,7.751248
737.006843,1.178462,1.186097,7.751248
737.056847,1.181276,1.175971,7.751248
737.106848,1.182353,1.176036,7.751248
737.156842,1.183239,1.171747,7.751248
737.206856,1.173241,1.159839,7.751248
737.256818,1.155235,1.154133,7.751248
737.311345,1.142500,1.145664,7.751248
737.356832,1.133517,1.138848,7.751248
737.406833,1.134002,1.138819,7.751248
737.456830,1.132416,1.144144,7.751248
737.506834,1.123901,1.134328,7.751248
737.556839,1.127111,1.134539,7.751248
737.606832,1.126332,1.132914,7.751248
737.656842,1.130360,1.134297,7.751248
737.706840,1.132982,1.133419,7.751248
737.756843,1.133967,1.135867,7.751248
737.806849,1.128610,1.134424,7.751248
737.856873,1.129157,1.127426,7.751248
737.906854,1.124559,1.122264,7.575944
737.956853,1.121439,1.118323,7.411729
738.006827,1.104856,1.098421,7.411729
738.056832,1.093581,1.088674,7.411729
738.106831,1.081736,1.083786,7.411729
738.156830,1.070360,1.077490,7.411729
738.206834,1.062856,1.071773,7.411729
738.256837,1.055132,1.067204,7.411729
738.306853,1.049293,1.066188,7.411729
738.356838,1.061011,1.072462,7.411729
738.406848,1.070246,1.081310,7.411729
738.456851,1.082809,1.095484,7.411729
738.506850,1.093744,1.102513,7.411729
738.556858,1.103742,1.105696,7.411729
738.606858,1.113850,1.107490,7.411729
738.656856,1.124357,1.113878,7.411729
738.706863,1.130826,1.119800,7.411729
738.756829,1.136949,1.127481,7.411729
738.806832,1.137413,1.133114,7.411729
738.856835,1.137442,1.132822,7.411729
738.906844,1.143498,1.138851,7.408539
738.956849,1.158850,1.155496,7.406949
739.006846,1.163644,1.158212,7.406949
739.056851,1.185001,1.184694,7.406949
739.106850,1.206765,1.209554,7.406949
739.156854,1.225050,1.224102,7.406949
739.206861,1.249725,1.239894,7.406949
739.256852,1.264759,1.246559,7.406949
739.306865,1.271514,1.251660,7.406949
739.356872,1.285788,1.255677,7.406949
739.406872,1.271073,1.242071,7.406949
739.456868,1.246875,1.221189,7.406949
739.506846,1.233313,1.213797,7.406949
739.556844,1.216499,1.207301,7.406949
739.606845,1.203219,1.202905,7.406949
739.656846,1.191617,1.201070,7.406949
739.706850,1.175450,1.192660,7.406949
739.756856,1.171801,1.186432,7.406949
739.825616,1.178102,1.185224,7.406949
739.859888,1.174667,1.180364,7.406949
739.906867,1.169013,1.172623,7.339325
739.970072,1.164395,1.168872,7.299171
740.006867,1.195379,1.217196,7.299171
740.056868,1.186843,1.193373,7.299171
740.106868,1.177599,1.173697,7.299171
740.156868,1.162445,1.153845,7.299171
740.206879,1.153322,1.142516,7.299171
740.256849,1.141964,1.126619,7.299171
740.306847,1.134849,1.122040,7.299171
740.356862,1.092956,1.121451,7.299171
740.406851,1.086277,1.107483,7.299171
740.456855,1.076075,1.090720,7.299171
740.506862,1.075395,1.086254,7.299171
740.556879,1.072133,1.083780,7.299171
740.606872,1.067082,1.072444,7.299171
740.656869,1.052585,1.058443,7.299171
740.706863,1.036145,1.047038,7.299171
740.787571,1.033010,1.043530,7.299171
740.806875,1.030820,1.037328,7.299171
740.856876,1.022028,1.031029,7.299171
740.906881,1.006681,1.017627,7.085176
740.956882,1.003308,1.014836,6.849864
741.006854,0.997316,1.004551,6.849864
741.056856,1.006695,1.017109,6.849864
741.106862,1.011466,1.026368,6.849864
741.156861,1.018719,1.033531,6.849864
741.206863,1.021195,1.031481,6.849864
741.256866,1.039060,1.042888,6.849864
741.306874,1.048114,1.047535,6.849864
741.356868,1.053838,1.039029,6.849864
741.421001,1.010193,0.983092,6.849864
741.456878,1.002833,0.988594,6.849864
741.506877,0.966692,0.951113,6.849864
741.556880,0.937977,0.926203,6.849864
741.606888,0.891988,0.894943,6.849864
741.656892,0.861981,0.886656,6.849864
741.706885,0.827168,0.862001,6.849864
741.756865,0.843178,0.864098,6.849864
741.806864,0.832540,0.879168,6.849864
741.856980,0.836356,0.868981,6.849864
741.906868,0.835848,0.859388,6.598091
741.956874,0.848820,0.859865,6.297432
742.006878,0.841092,0.848178,6.297432
742.069698,0.851073,0.845159,6.297432
742.106884,0.847551,0.845564,6.297432
742.156880,0.821566,0.827897,6.297432
742.206880,0.816022,0.820358,6.297432
742.256882,0.816454,0.821107,6.297432
742.306888,0.807211,0.816505,6.297432
742.356894,0.808735,0.815364,6.297432
742.406894,0.804334,0.812918,6.297432
742.456902,0.800058,0.811986,6.297432
742.520296,0.819788,0.827747,6.297432
742.556874,0.833408,0.841401,6.297432
742.606875,0.844502,0.853701,6.297432
742.670896,0.840370,0.836521,6.297432
742.706882,0.854715,0.851143,6.297432
742.756880,0.852836,0.838418,6.297432
742.806887,0.860061,0.844167,6.297432
742.856884,0.884647,0.888148,6.297432
742.906891,0.898730,0.908999,6.371514
742.956885,0.874448,0.872598,6.707271
743.006900,0.885720,0.867972,6.707271
743.056896,0.872795,0.854213,6.707271
743.106898,0.894947,0.873959,6.707271
743.156897,0.888397,0.864865,6.707271
743.206911,0.860146,0.865189,6.707271
743.256878,0.840655,0.863845,6.707271
743.310219,0.860462,0.863623,6.707271
743.356883,0.860870,0.862044,6.707271
743.406884,0.868551,0.860816,6.707271
743.456884,0.854767,0.859964,6.707271
743.506890,0.805126,0.784092,6.707271
743.556892,0.756999,0.733449,6.707271
743.606899,0.697085,0.671789,6.707271
743.656893,0.642341,0.634219,6.707271
743.706901,0.585838,0.599273,6.707271
743.771455,0.530164,0.571453,6.707271
743.806903,0.472838,0.545028,6.707271
743.856903,0.462773,0.519827,6.707271
743.906909,0.421453,0.465184,6.294458
743.956918,0.408982,0.440880,5.800574
744.006880,0.381904,0.410846,5.800574
744.056893,0.346324,0.371852,5.800574
744.106888,0.301033,0.326591,5.800574
744.156894,0.265936,0.301355,5.800574
744.206894,0.238973,0.286312,5.800574
744.256892,0.236267,0.274640,5.800574
744.306895,0.219324,0.264676,5.800574
744.356903,0.209860,0.256979,5.800574
744.406894,0.211005,0.250386,5.800574
744.456914,0.221880,0.244790,5.800574
744.506906,0.227274,0.243351,5.800574
744.556916,0.225737,0.237762,5.800574
744.606909,0.227378,0.238328,5.800574
744.656907,0.227500,0.235965,5.800574
744.720744,0.227336,0.233770,5.800574
744.770772,0.231215,0.237375,5.800574
744.830720,0.231051,0.233909,5.800574
744.856897,0.238447,0.246648,5.800574
744.906902,0.252208,0.258971,4.824962
744.956903,0.247316,0.247260,4.011934
745.006900,0.251195,0.247705,4.011934
745.056903,0.257949,0.250818,4.011934
745.106912,0.269147,0.269543,4.011934
745.156914,0.272605,0.263569,4.011934
745.206915,0.278062,0.278132,4.011934
745.256919,0.305818,0.322987,4.011934
745.306920,0.322102,0.321472,4.011934
745.356920,0.333917,0.323948,4.011934
745.406926,0.323777,0.296641,4.011934
745.456924,0.301170,0.274308,4.011934
745.506901,0.305700,0.273939,4.011934
745.556903,0.283068,0.255232,4.011934
745.606900,0.238827,0.243506,4.011934
745.656903,0.220560,0.232048,4.011934
745.706904,0.201392,0.225815,4.011934
745.756916,0.211085,0.231761,4.011934
745.806910,0.224205,0.240676,4.011934
745.856919,0.221138,0.242852,4.011934
745.906920,0.218661,0.226934,3.738077
745.956915,0.225302,0.230222,3.536864
746.006926,0.230982,0.229325,3.536864
746.056917,0.221180,0.209921,3.536864
746.106948,0.219671,0.216921,3.536864
746.156928,0.204087,0.207012,3.536864
746.206927,0.199143,0.209067,3.536864
746.256906,0.194356,0.193195,3.536864
746.306909,0.178595,0.181146,3.536864
746.356905,0.164973,0.170904,3.536864
746.429348,0.164445,0.162433,3.536864
746.456912,0.147389,0.155095,3.536864
746.506912,0.148310,0.158896,3.536864
746.556909,0.137717,0.155706,3.536864
746.606919,0.138193,0.151157,3.536864
746.656926,0.138876,0.148493,3.536864
746.706927,0.141860,0.148914,3.536864
746.756921,0.144340,0.148177,3.536864
746.806922,0.146543,0.146961,3.536864
746.856928,0.140595,0.144057,3.536864
746.906943,0.137299,0.139233,3.282487
746.956935,0.134196,0.133646,2.974470
747.006913,0.131448,0.130664,2.974470
747.056917,0.126025,0.127049,2.974470
747.106918,0.121321,0.123991,2.974470
747.156918,0.115431,0.119396,2.974470
747.206924,0.110298,0.114830,2.974470
747.256920,0.111122,0.117061,2.974470
747.306922,0.109225,0.113258,2.974470
747.356923,0.107039,0.111229,2.974470
747.406922,0.105785,0.109612,2.974470
747.456923,0.112404,0.119372,2.974470
747.506936,0.115059,0.119425,2.974470
747.556951,0.118747,0.119964,2.974470
747.606945,0.119444,0.122173,2.974470
747.656942,0.118524,0.116024,2.974470
747.706935,0.130328,0.130047,2.974470
747.756918,0.145292,0.145665,2.974470
747.806913,0.149458,0.154068,2.974470
747.856920,0.161100,0.163471,2.974470
747.906925,0.170778,0.168678,2.966818
747.956925,0.181557,0.176352,3.034299
748.006935,0.199135,0.183962,3.034299
748.056937,0.206323,0.194411,3.034299
748.106930,0.205183,0.195585,3.034299
748.156940,0.207588,0.197322,3.034299
748.206935,0.211287,0.203309,3.034299
748.256936,0.212900,0.202834,3.034299
748.306964,0.213559,0.204562,3.034299
748.356968,0.212052,0.204284,3.034299
748.406948,0.209751,0.207438,3.034299
748.456959,0.213617,0.211555,3.034299
748.506921,0.215037,0.212117,3.034299
748.556932,0.215678,0.216070,3.034299
748.606926,0.222998,0.223236,3.034299
748.656929,0.228645,0.228845,3.034299
748.706932,0.230633,0.226435,3.034299
748.756933,0.227611,0.220924,3.034299
748.806942,0.224496,0.218047,3.034299
748.856947,0.226130,0.219565,3.034299
748.906943,0.219464,0.212625,3.336325
748.956946,0.214761,0.214006,3.713139
749.006949,0.210839,0.216079,3.713139
749.056957,0.215773,0.223029,3.713139
749.106952,0.214131,0.215822,3.713139
749.156961,0.224613,0.228530,3.713139
749.206961,0.228184,0.233117,3.713139
749.256927,0.240030,0.239864,3.713139
749.306936,0.245730,0.243942,3.713139
749.356934,0.249940,0.245844,3.713139
749.406935,0.253948,0.252503,3.713139
749.456941,0.266010,0.256339,3.713139
749.506941,0.261616,0.254822,3.713139
749.556951,0.263352,0.256684,3.713139
749.606952,0.260645,0.254670,3.713139
749.656954,0.265743,0.262738,3.713139
749.706946,0.265355,0.260412,3.713139
749.756966,0.266120,0.265308,3.713139
749.809057,0.267450,0.268467,3.713139
749.859049,0.275115,0.275475,3.713139
749.930297,0.278671,0.278047,3.333068
749.980294,0.285197,0.280858,3.159911
750.009262,0.288959,0.289068,3.159911
750.056939,0.310967,0.312088,3.159911
750.106939,0.313847,0.310515,3.159911
750.156942,0.332136,0.330123,3.159911
750.206945,0.335411,0.329882,3.159911
750.256955,0.341988,0.330628,3.159911
750.306955,0.342718,0.323949,3.159911
750.356949,0.336849,0.315218,3.159911
750.406954,0.326742,0.318888,3.159911
750.456961,0.328751,0.318779,3.159911
750.506972,0.319740,0.324026,3.159911
750.556964,0.317957,0.322632,3.159911
750.606971,0.324076,0.333360,3.159911
750.656981,0.330798,0.335699,3.159911
750.706974,0.340669,0.338453,3.159911
750.756946,0.332002,0.325314,3.159911
750.806955,0.349034,0.347739,3.159911
750.856946,0.367153,0.372584,3.159911
750.906956,0.378505,0.377393,3.066535
750.956957,0.386869,0.388885,2.960992
751.006955,0.392010,0.387237,2.960992
751.056963,0.401258,0.392662,2.960992
751.106958,0.407271,0.377199,2.960992
751.156965,0.379770,0.350697,2.960992
751.206973,0.346299,0.328030,2.960992
751.256960,0.326532,0.314026,2.960992
751.306972,0.299211,0.299982,2.960992
751.356974,0.280632,0.290191,2.960992
751.406983,0.255805,0.280116,2.960992
751.456980,0.247525,0.275538,2.960992
751.506953,0.249091,0.271680,2.960992
751.556953,0.247314,0.262355,2.960992
751.606955,0.251155,0.266779,2.960992
751.656962,0.251444,0.262626,2.960992
751.706952,0.247022,0.254184,2.960992
751.756962,0.241098,0.243005,2.960992
751.806971,0.242148,0.247319,2.960992
751.856967,0.243285,0.250613,2.960992
751.906967,0.244391,0.247168,2.747416
751.956979,0.227950,0.231610,2.573092
752.006980,0.224057,0.229007,2.573092
752.056985,0.213323,0.212200,2.573092
752.106991,0.218545,0.216711,2.573092
752.156986,0.209306,0.213384,2.573092
752.206986,0.206131,0.219017,2.573092
752.256954,0.206615,0.222683,2.573092
752.306963,0.211629,0.218930,2.573092
752.356962,0.202941,0.206501,2.573092
752.406965,0.221187,0.219820,2.573092
752.456966,0.209889,0.206969,2.573092
752.506971,0.222862,0.223749,2.573092
752.578824,0.205576,0.203163,2.573092
752.606968,0.201244,0.204573,2.573092
752.656977,0.206148,0.210852,2.573092
752.710687,0.229674,0.232773,2.573092
752.756993,0.238691,0.253318,2.573092
752.806999,0.265290,0.270875,2.573092
752.856994,0.268695,0.279682,2.573092
752.906993,0.298401,0.289257,2.433749
752.957001,0.315760,0.298184,2.279967
753.007900,0.326023,0.300286,2.279967
753.056967,0.316696,0.291389,2.279967
753.106976,0.297484,0.273126,2.279967
753.156970,0.295592,0.283888,2.279967
753.206971,0.299004,0.294847,2.279967
753.256974,0.289562,0.287635,2.279967
753.306984,0.285605,0.292160,2.279967
753.356983,0.261006,0.261203,2.279967
753.406989,0.243704,0.235862,2.279967
753.456991,0.255074,0.248115,2.279967
753.518744,0.229349,0.227222,2.279967
753.556996,0.204984,0.213187,2.279967
753.606999,0.189408,0.199335,2.279967
753.656998,0.177967,0.192725,2.279967
753.706996,0.180398,0.189851,2.279967
753.756972,0.183948,0.186171,2.279967
753.806973,0.164870,0.187795,2.279967
753.856976,0.174363,0.190835,2.279967
753.906986,0.195442,0.213980,2.257551
753.956986,0.227612,0.242610,2.259369
754.009329,0.229599,0.230205,2.259369
754.056990,0.256246,0.259530,2.259369
754.106989,0.277467,0.271697,2.259369
754.156992,0.319223,0.314820,2.259369
754.206999,0.350628,0.336887,2.259369
754.257001,0.363206,0.348504,2.259369
754.306996,0.384370,0.379838,2.259369
754.357000,0.431676,0.406265,2.259369
754.407005,0.467811,0.450826,2.259369
754.457019,0.501958,0.472811,2.259369
754.506981,0.532700,0.518696,2.259369
754.556988,0.574713,0.558639,2.259369
754.606983,0.610710,0.576332,2.259369
754.656990,0.625607,0.582964,2.259369
754.706986,0.636765,0.584422,2.259369
754.756991,0.634574,0.590251,2.259369
754.806991,0.637508,0.588358,2.259369
754.857004,0.620359,0.587255,2.259369
754.907001,0.600308,0.585528,2.413799
754.957000,0.600592,0.598032,2.683274
755.007007,0.588526,0.583308,2.683274
755.057009,0.569544,0.557956,2.683274
755.107009,0.555913,0.549901,2.683274
755.157015,0.546150,0.541979,2.683274
755.207006,0.518212,0.511711,2.683274
755.256983,0.489890,0.485483,2.683274
755.306994,0.448320,0.459913,2.683274
755.356991,0.427456,0.443444,2.683274
755.406994,0.418196,0.433154,2.683274
755.457001,0.398843,0.422684,2.683274
755.507001,0.378908,0.412092,2.683274
755.557000,0.380366,0.409890,2.683274
755.607007,0.379020,0.402262,2.683274
755.657011,0.358626,0.364253,2.683274
755.707013,0.347064,0.350587,2.683274
755.757011,0.321550,0.322948,2.683274
755.807020,0.306753,0.313628,2.683274
755.857016,0.292831,0.305937,2.683274
755.939055,0.263052,0.283753,3.256522
755.957031,0.241911,0.271764,3.567137
756.006995,0.241084,0.259161,3.567137
756.056996,0.249235,0.278129,3.567137
756.107003,0.266692,0.289451,3.567137
756.156998,0.276825,0.301219,3.567137
756.207000,0.287472,0.311347,3.567137
756.257008,0.310076,0.320585,3.567137
756.307012,0.332475,0.328547,3.567137
756.357020,0.361871,0.345595,3.567137
756.407019,0.365185,0.352212,3.567137
756.457023,0.367050,0.351961,3.567137
756.507021,0.376428,0.364261,3.567137
756.557027,0.378415,0.365320,3.567137
756.607030,0.387378,0.377077,3.567137
756.657027,0.394487,0.383494,3.567137
756.707031,0.393934,0.388912,3.567137
756.757005,0.397820,0.392399,3.567137
756.809096,0.418421,0.412787,3.567137
756.857004,0.415810,0.409392,3.567137
756.907006,0.420987,0.408677,3.795623
756.957013,0.393797,0.373600,4.291320
757.007018,0.377577,0.358296,4.291320
757.057018,0.347868,0.327370,4.291320
757.107022,0.335284,0.325099,4.291320
757.157016,0.301594,0.311481,4.291320
757.207036,0.283772,0.303755,4.291320
757.257025,0.289717,0.330014,4.291320
757.308540,0.308133,0.335957,4.291320
757.357019,0.358951,0.400420,4.291320
757.407039,0.442348,0.479238,4.291320
757.457037,0.519962,0.555824,4.291320
757.507004,0.616485,0.632989,4.291320
757.557009,0.708783,0.689174,4.291320
757.607018,0.786829,0.746085,4.291320
757.657013,0.872442,0.784469,4.291320
757.707021,0.905872,0.805753,4.291320
757.757024,0.932123,0.842460,4.291320
757.807023,0.952316,0.874387,4.291320
757.857028,0.952700,0.890402,4.291320
757.907032,0.960515,0.906675,4.766633
757.957031,0.960109,0.919513,5.442698
758.007035,0.966920,0.932943,5.442698
758.057039,0.994994,0.963533,5.442698
758.107045,1.003296,0.980429,5.442698
758.157046,1.018592,1.006480,5.442698
758.207045,1.037247,1.021625,5.442698
758.257010,1.052728,1.033384,5.442698
758.307019,1.071012,1.046641,5.442698
758.357023,1.079302,1.046585,5.442698
758.407019,1.057225,1.023728,5.442698
758.457023,1.050450,1.018799,5.442698
758.507029,1.055205,1.043878,5.442698
758.557031,1.038344,1.027905,5.442698
758.607031,1.049096,1.053694,5.442698
758.657041,1.057189,1.074448,5.442698
758.707037,1.075147,1.094017,5.442698
758.757037,1.112423,1.113823,5.442698
758.807041,1.135321,1.122841,5.442698
758.857048,1.138975,1.132350,5.442698
758.907046,1.168406,1.139759,6.141959
758.957046,1.173179,1.149961,7.007321
759.007023,1.168238,1.144516,7.007321
759.057020,1.185425,1.174102,7.007321
759.107022,1.213014,1.216413,7.007321
759.157031,1.207512,1.196953,7.007321
759.207025,1.256886,1.260897,7.007321
759.257029,1.235862,1.213421,7.007321
759.307038,1.220382,1.187068,7.007321
759.357041,1.191728,1.134023,7.007321
759.407039,1.166913,1.131211,7.007321
759.457048,1.123528,1.121651,7.007321
759.507041,1.078011,1.057773,7.007321
759.557040,1.032604,1.083463,7.007321
759.607044,1.038126,1.079706,7.007321
759.657046,0.991699,1.015792,7.007321
759.707053,0.973814,0.972535,7.007321
759.757027,0.957017,0.978787,7.007321
759.807028,0.939816,0.975646,7.007321
759.857034,0.960045,0.969008,7.007321
759.907029,0.928838,0.967961,7.408723
759.979463,0.914445,0.967174,7.893022
760.009505,0.940741,0.963945,7.893022
760.069519,0.934652,0.922561,7.893022
760.107045,0.911873,0.907034,7.893022
760.157054,0.930046,0.943214,7.893022
760.207047,0.940569,0.957228,7.893022
760.257062,0.943563,0.962271,7.893022
760.307048,0.950391,0.972708,7.893022
760.357065,0.968716,0.994378,7.893022
760.407052,0.994860,0.983451,7.893022
760.457070,1.015408,0.983824,7.893022
760.518381,1.037994,1.035770,7.893022
760.557045,1.047270,1.044482,7.893022
760.629566,1.084402,1.084243,7.893022
760.657040,1.231180,1.276475,7.893022
760.719391,1.222720,1.225653,7.893022
760.769392,1.258657,1.218887,7.893022
760.807050,1.318683,1.256112,7.893022
760.857056,1.329399,1.268472,7.893022
760.907055,1.318286,1.215268,8.365722
760.957059,1.326434,1.231756,8.935281
761.007066,1.219225,1.244799,8.935281
761.057063,1.260589,1.258082,8.935281
761.107066,1.276453,1.267237,8.935281
761.157054,1.261594,1.273647,8.935281
761.207070,1.246734,1.261000,8.935281
761.257044,1.312322,1.300683,8.935281
761.307050,1.271256,1.243236,8.935281
761.357044,1.240681,1.211248,8.935281
761.407055,1.209990,1.189380,8.935281
761.457050,1.181488,1.172416,8.935281
761.507055,1.154537,1.159883,8.935281
761.557053,1.143322,1.152211,8.935281
761.607058,1.182873,1.266258,8.935281
761.657074,1.240479,1.292890,8.935281
761.707061,1.332277,1.379183,8.935281
761.757064,1.387169,1.400802,8.935281
761.807074,1.434275,1.410950,8.935281
761.857070,1.394619,1.298302,8.935281
761.907078,1.361609,1.219232,9.341608
761.957095,1.247717,1.160418,9.828382
762.007043,1.166483,1.094216,9.828382
762.057055,1.036079,1.034389,9.828382
762.107050,0.949462,0.998149,9.828382
762.157055,0.879605,0.993440,9.828382
762.207060,0.905408,1.001764,9.828382
762.257061,0.905308,0.983464,9.828382
762.307061,0.930169,1.007399,9.828382
762.357065,0.971157,1.029953,9.828382
762.407071,0.991664,1.011934,9.828382
762.457075,0.992163,0.981593,9.828382
762.507072,0.977915,0.960537,9.828382
762.557077,0.964378,0.956497,9.828382
762.607084,0.976212,0.963765,9.828382
762.657098,0.943692,0.946028,9.828382
762.707101,0.908812,0.932070,9.828382
762.757051,0.919525,0.948608,9.828382
762.807058,0.927735,0.942524,9.828382
762.857056,0.947589,0.957175,9.828382
762.907063,0.943892,0.948685,10.234465
762.957065,0.947377,0.962362,10.721516
763.007065,0.977668,0.987270,10.721516
763.057073,1.070827,1.095316,10.721516
763.107074,1.217378,1.284345,10.721516
763.157090,1.220268,1.215187,10.721516
763.207077,1.266964,1.240522,10.721516
763.257085,1.293742,1.213111,10.721516
763.307084,1.290839,1.168722,10.721516
763.357083,1.322216,1.196847,10.721516
763.407086,1.247068,1.157927,10.721516
763.457092,1.103099,1.128463,10.721516
763.507058,1.116511,1.109981,10.721516
763.557066,1.078613,1.096817,10.721516
763.607069,1.086873,1.103054,10.721516
763.657072,1.080944,1.072261,10.721516
763.707069,1.034171,1.048295,10.721516
763.759762,1.010426,1.021409,10.721516
763.807081,0.991593,1.002156,10.721516
763.857084,0.984685,1.007037,10.721516
763.907081,0.995335,1.024153,11.059855
763.957090,1.000343,1.024766,11.465998
764.007079,1.024639,1.044263,11.465998
764.057090,1.034645,1.039624,11.465998
764.107109,1.044926,1.036854,11.465998
764.157095,1.037245,1.009565,11.465998
764.207095,1.002793,0.972067,11.465998
764.257069,0.961951,0.940072,11.465998
764.307070,0.921464,0.901391,11.465998
764.357071,0.876780,0.883177,11.465998
764.407074,0.843316,0.863489,11.465998
764.457086,0.813013,0.853668,11.465998
764.519846,0.828792,0.884984,11.465998
764.557086,0.924504,1.006379,11.465998
764.607091,0.975198,1.038708,11.465998
764.657083,1.051581,1.086999,11.465998
764.707090,1.076739,1.067044,11.465998
764.757100,1.166897,1.137126,11.465998
764.807086,1.236722,1.169981,11.465998
764.857098,1.301855,1.228665,11.465998
764.907109,1.252769,1.213194,11.602849
764.957091,1.289030,1.255134,11.768079
765.007083,1.309354,1.288658,11.768079
765.057082,1.325972,1.251518,11.768079
765.107083,1.266267,1.201067,11.768079
765.157089,1.245528,1.191756,11.768079
765.207085,1.220444,1.209769,11.768079
765.257090,1.218944,1.196361,11.768079
765.307090,1.224323,1.248802,11.768079
765.386205,1.207422,1.258711,11.768079
765.407097,1.244852,1.276897,11.768079
765.457102,1.328786,1.341393,11.768079
765.507107,1.327805,1.302704,11.768079
765.557109,1.295003,1.253805,11.768079
765.607108,1.373627,1.345298,11.768079
765.670122,1.331570,1.308784,11.768079
765.707111,1.313788,1.280433,11.768079
765.757082,1.293292,1.258371,11.768079
765.807088,1.188956,1.184302,11.768079
765.857090,1.130996,1.096854,11.768079
765.907094,1.185553,1.166422,11.765312
765.957093,1.082278,1.130791,11.763718
766.007100,1.074578,1.125936,11.763718
766.057112,1.023940,1.063853,11.763718
766.107114,0.964416,1.003171,11.763718
766.157119,0.936816,0.942016,11.763718
766.207104,0.945547,0.915103,11.763718
766.257106,0.855074,0.894777,11.763718
766.307128,0.829171,0.877633,11.763718
766.357114,0.790327,0.864029,11.763718
766.407107,0.846353,0.933912,11.763718
766.457136,0.896913,0.970052,11.763718
766.507089,1.004602,1.066896,11.763718
766.557095,1.045462,1.072713,11.763718
766.607101,1.145692,1.160912,11.763718
766.657102,1.235370,1.216373,11.763718
766.707105,1.325664,1.261404,11.763718
766.757103,1.347303,1.282050,11.763718
766.807103,1.393325,1.313688,11.763718
766.857108,1.346520,1.276880,11.763718
766.907116,1.389120,1.299488,11.697092
766.957125,1.353119,1.292527,11.619276
767.007112,1.314129,1.267289,11.619276
767.057120,1.299358,1.281841,11.619276
767.107117,1.305786,1.307435,11.619276
767.157125,1.271940,1.286460,11.619276
767.207128,1.291743,1.283014,11.619276
767.257100,1.274797,1.280375,11.619276
767.307100,1.262316,1.259427,11.619276
767.357102,1.276785,1.260868,11.619276
767.407102,1.267041,1.262993,11.619276
767.457115,1.320378,1.367137,11.619276
767.507107,1.393402,1.436465,11.619276
767.557109,1.441571,1.471058,11.619276
767.607117,1.506267,1.520728,11.619276
767.657135,1.589867,1.569327,11.619276
767.707119,1.656326,1.601608,11.619276
767.757129,1.722579,1.628366,11.619276
767.807127,1.834531,1.814000,11.619276
767.857128,1.938299,1.937504,11.619276
767.907138,2.069227,2.052834,11.616896
767.957128,2.193880,2.159910,11.614859
768.007109,2.214649,2.108443,11.614859
768.059404,2.242809,2.072862,11.614859
768.107118,2.276621,2.048908,11.614859
768.157114,2.179752,2.017882,11.614859
768.207111,2.220104,2.165492,11.614859
768.257129,2.182037,2.181638,11.614859
768.307119,2.109274,2.166507,11.614859
768.357120,2.215511,2.259877,11.614859
768.407122,2.320912,2.336814,11.614859
768.457122,2.398246,2.354869,11.614859
768.507130,2.345848,2.181405,11.614859
768.557133,2.245385,2.158431,11.614859
768.607141,2.180739,2.076666,11.614859
768.658731,2.064637,1.933286,11.614859
768.707142,1.912131,1.866525,11.614859
768.757112,1.758150,1.811557,11.614859
768.807113,1.552314,1.651422,11.614859
768.857121,1.475077,1.511719,11.614859
768.907123,1.313238,1.395339,11.548650
768.957120,1.208704,1.317539,11.470475
769.007123,1.165938,1.265522,11.470475
769.057133,1.073148,1.201004,11.470475
769.107134,1.008220,1.189229,11.470475
769.157135,1.013079,1.162508,11.470475
769.207136,1.039644,1.158803,11.470475
769.257139,1.082375,1.167880,11.470475
769.307135,1.104212,1.167022,11.470475
769.357139,1.165688,1.231844,11.470475
769.407152,1.255264,1.298279,11.470475
769.457146,1.342244,1.388409,11.470475
769.507116,1.390738,1.392047,11.470475
769.557122,1.412346,1.374275,11.470475
769.607139,1.415128,1.345002,11.470475
769.657123,1.418905,1.313765,11.470475
769.707131,1.385590,1.303456,11.470475
769.757131,1.343630,1.295553,11.470475
769.807133,1.273965,1.288494,11.470475
769.857133,1.252735,1.283174,11.470475
769.907148,1.323206,1.385942,11.535671
769.957146,1.395202,1.454801,11.614430
770.007143,1.473890,1.512386,11.614430
770.057142,1.550834,1.569560,11.614430
770.107151,1.673039,1.678852,11.614430
770.157152,1.788792,1.757663,11.614430
770.207168,1.910580,1.829448,11.614430
770.257126,1.962587,1.895980,11.614430
770.307125,2.056918,1.995198,11.614430
770.357128,2.142787,2.064614,11.614430
770.407140,2.248064,2.158200,11.614430
770.457132,2.276162,2.188948,11.614430
770.507146,2.315744,2.219314,11.614430
770.557141,2.379455,2.286482,11.614430
770.607142,2.377520,2.259165,11.614430
770.657141,2.396048,2.312711,11.614430
770.707150,2.388182,2.309666,11.614430
770.757157,2.215790,2.112876,11.614430
770.807153,2.065146,1.941773,11.614430
770.857162,1.991521,1.918975,11.614430
770.907166,1.837234,1.826775,11.682784
770.957163,1.739279,1.755014,11.764996
771.007146,1.648306,1.778704,11.764996
771.057134,1.586734,1.796741,11.764996
771.107143,1.664256,1.810972,11.764996
771.157145,1.752231,1.823260,11.764996
771.207145,1.770505,1.853158,11.764996
771.257144,1.835464,1.867028,11.764996
771.307154,1.851667,1.809352,11.764996
771.357157,1.832214,1.794932,11.764996
771.407148,1.778888,1.735204,11.764996
771.457157,1.735496,1.699663,11.764996
771.507157,1.661752,1.627301,11.764996
771.557163,1.600910,1.608455,11.764996
771.607164,1.537780,1.581635,11.764996
771.657172,1.458363,1.471631,11.764996
771.707158,1.392201,1.437950,11.764996
771.757138,1.373573,1.426942,11.764996
771.807145,1.380466,1.460930,11.764996
771.857146,1.423656,1.492433,11.764996
771.907142,1.456031,1.545596,11.901780
771.957151,1.524040,1.628526,12.065697
772.007153,1.611262,1.633627,12.065697
772.069079,1.661096,1.638476,12.065697
772.107165,1.679678,1.613977,12.065697
772.157160,1.646187,1.562072,12.065697
772.207161,1.673416,1.610182,12.065697
772.257159,1.636813,1.584431,12.065697
772.307179,1.529400,1.507905,12.065697
772.357177,1.460554,1.445777,12.065697
772.407169,1.374889,1.371173,12.065697
772.457201,1.299838,1.295586,12.065697
772.507146,1.327270,1.343307,12.065697
772.568407,1.243888,1.315229,12.065697
772.607154,1.205826,1.293868,12.065697
772.657159,1.255528,1.346968,12.065697
772.718395,1.306119,1.389490,12.065697
772.757193,1.375578,1.423990,12.065697
772.807172,1.554045,1.586889,12.065697
772.857164,1.746171,1.846387,12.065697
772.907176,1.860816,1.879459,12.133687
772.957171,1.991876,1.928942,12.214507
773.007176,2.074212,1.970692,12.214507
773.057170,2.009942,1.799500,12.214507
773.107180,1.927836,1.638106,12.214507
773.157167,1.806544,1.587358,12.214507
773.207245,1.595759,1.549054,12.214507
773.257150,1.475104,1.473025,12.214507
773.307158,1.369201,1.457550,12.214507
773.357156,1.259128,1.441408,12.214507
773.407156,1.303833,1.433592,12.214507
773.457169,1.397364,1.469264,12.214507
773.507161,1.445088,1.514497,12.214507
773.557174,1.479334,1.546053,12.214507
773.607177,1.542804,1.561407,12.214507
773.657174,1.578668,1.580516,12.214507
773.718933,1.652111,1.644621,12.214507
773.757180,1.725448,1.698583,12.214507
773.807185,1.843010,1.846690,12.214507
773.857198,1.950234,1.966743,12.214507
773.907190,2.104187,2.123470,12.350627
773.957188,2.206131,2.165999,12.512133
774.007158,2.316845,2.218173,12.512133
774.057165,2.396061,2.263532,12.512133
774.107162,2.472239,2.301245,12.512133
774.157163,2.473730,2.331441,12.512133
774.207175,2.471608,2.352418,12.512133
774.257177,2.401306,2.334389,12.512133
774.307171,2.347004,2.258448,12.512133
774.357179,2.235207,2.135289,12.512133
774.407182,2.246983,2.213438,12.512133
774.457178,2.188920,2.179500,12.512133
774.507185,2.227464,2.288260,12.512133
774.557193,2.323631,2.453907,12.512133
774.607179,2.401265,2.523848,12.512133
774.658231,2.544673,2.610566,12.512133
774.707203,2.745880,2.697592,12.512133
774.757165,2.846929,2.803925,12.512133
774.807166,2.991354,2.854612,12.512133
774.857168,3.075950,2.947984,12.512133
774.907170,3.086732,2.997804,12.647717
774.957177,3.145248,3.040896,12.809766
775.007176,3.179975,3.073417,12.809766
775.057179,3.090466,2.941134,12.809766
775.107184,2.979725,2.841354,12.809766
775.157186,2.871243,2.728213,12.809766
775.207194,2.749683,2.673532,12.809766
775.257193,2.637579,2.626702,12.809766
775.308801,2.523266,2.586080,12.809766
775.357203,2.412692,2.557770,12.809766
775.407211,2.314070,2.390305,12.809766
775.457200,2.198445,2.236627,12.809766
775.507171,2.156071,2.182787,12.809766
775.557178,2.007734,2.031733,12.809766
775.607184,1.880318,1.935756,12.809766
775.657180,1.765298,1.873034,12.809766
775.707192,1.678919,1.866949,12.809766
775.757187,1.697208,1.862121,12.809766
775.807251,1.763736,1.906441,12.809766
775.857195,1.752992,1.899540,12.809766
775.907192,1.775441,1.836998,13.013620
775.957195,1.680782,1.646531,13.257357
776.009134,1.593241,1.517000,13.257357
776.057201,1.535601,1.500756,13.257357
776.107205,1.457022,1.462083,13.257357
776.157209,1.342325,1.431378,13.257357
776.207199,1.261135,1.407357,13.257357
776.257176,1.412651,1.654740,13.257357
776.312955,1.652142,1.829174,13.257357
776.357182,1.853753,1.945124,13.257357
776.407187,2.028572,2.089375,13.257357
776.457191,2.230931,2.217315,13.257357
776.507200,2.422013,2.306162,13.257357
776.557199,2.615037,2.379856,13.257357
776.607195,2.619714,2.440290,13.257357
776.657204,2.425064,2.184373,13.257357
776.707204,2.217841,1.936016,13.257357
776.757204,1.983163,1.750605,13.257357
776.807208,1.814938,1.709156,13.257357
776.857210,1.591130,1.589712,13.257357
776.907213,1.411479,1.557961,13.325469
776.957222,1.233234,1.531912,13.406168
777.007191,1.363407,1.636930,13.406168
777.057187,1.518504,1.711486,13.406168
777.107250,1.602548,1.691025,13.406168
777.157190,1.730301,1.842364,13.406168
777.207196,1.889872,1.918954,13.406168
777.257197,2.009613,1.989198,13.406168
777.307216,2.096379,2.001201,13.406168
777.357208,2.095935,2.012808,13.406168
777.407208,2.169987,2.115886,13.406168
777.457212,2.257745,2.137361,13.406168
777.507218,2.146719,2.042997,13.406168
777.557215,2.130595,2.057708,13.406168
777.607220,2.090224,2.043777,13.406168
777.657212,2.097883,2.055702,13.406168
777.708601,2.107175,2.069073,13.406168
777.757192,2.048854,2.078569,13.406168
777.807202,2.034010,2.085575,13.406168
777.857198,2.148616,2.163006,13.406168
777.907201,2.192858,2.216344,13.405564
777.957210,2.241211,2.238535,13.405050
778.007214,2.316890,2.317706,13.405050
778.057212,2.338170,2.308869,13.405050
778.107206,2.383259,2.333775,13.405050
778.157215,2.468617,2.408765,13.405050
778.207219,2.506276,2.473824,13.405050
778.257219,2.547441,2.521121,13.405050
778.307217,2.601585,2.558844,13.405050
778.357230,2.612256,2.588969,13.405050
778.407226,2.586289,2.490296,13.405050
778.457223,2.534092,2.406348,13.405050
778.507198,2.437995,2.332686,13.405050
778.557199,2.334543,2.267675,13.405050
778.607209,2.199091,2.165852,13.405050
778.657207,2.093169,2.125018,13.405050
778.707208,1.963578,2.058567,13.405050
778.757217,1.873734,1.941146,13.405050
778.827888,1.759067,1.807931,13.405050
778.857216,1.728683,1.807749,13.405050
778.907231,1.615643,1.687371,13.543680
778.957221,1.631648,1.723334,13.708575
779.007231,1.574794,1.685671,13.708575
779.057220,1.503217,1.607736,13.708575
779.107228,1.495047,1.575327,13.708575
779.157234,1.517821,1.551192,13.708575
779.207243,1.452750,1.516228,13.708575
779.257206,1.489399,1.504126,13.708575
779.307207,1.434784,1.495974,13.708575
779.357209,1.576029,1.690280,13.708575
779.407214,1.725705,1.825320,13.708575
779.457220,1.854240,1.933698,13.708575
779.507225,1.982562,2.020143,13.708575
779.557222,1.977893,1.885766,13.708575
779.607232,1.913481,1.712651,13.708575
779.657227,1.874993,1.609616,13.708575
779.707231,1.696319,1.527669,13.708575
779.757232,1.544338,1.479284,13.708575
779.807245,1.443528,1.516092,13.708575
779.857237,1.303223,1.490438,13.708575
779.907242,1.326540,1.496890,13.705406
779.957255,1.397749,1.502909,13.702336
780.007212,1.373253,1.407017,13.702336
780.057217,1.350119,1.330606,13.702336
780.107225,1.314593,1.270098,13.702336
780.157219,1.232856,1.224936,13.702336
780.207228,1.212862,1.234264,13.702336
780.257231,1.133800,1.183133,13.702336
780.307233,1.068251,1.160177,13.702336
780.357230,1.059634,1.122397,13.702336
780.407239,1.077870,1.132164,13.702336
780.457235,1.054309,1.080044,13.702336
780.507238,1.045395,1.060644,13.702336
780.557244,1.018027,1.064615,13.702336
780.607251,1.064914,1.112837,13.702336
780.657246,1.137068,1.205041,13.702336
780.707254,1.212990,1.264531,13.702336
780.757226,1.263582,1.316885,13.702336
780.807225,1.358154,1.359560,13.702336
780.857224,1.434684,1.391883,13.702336
780.907229,1.504684,1.427835,13.634478
780.957227,1.608844,1.549024,13.554982
781.007232,1.686911,1.664348,13.554982
781.057241,1.750364,1.721088,13.554982
781.107251,1.822265,1.783485,13.554982
781.177703,1.884591,1.817931,13.554982
781.207247,1.997579,1.915028,13.554982
781.257240,1.950897,1.778029,13.554982
781.307251,1.811690,1.633188,13.554982
781.357258,1.663335,1.527510,13.554982
781.407255,1.572711,1.485129,13.554982
781.457256,1.455837,1.433951,13.554982
781.507231,1.351152,1.391190,13.554982
781.557227,1.217071,1.385654,13.554982
781.607231,1.232322,1.371745,13.554982
781.657234,1.298204,1.401158,13.554982
781.707248,1.333355,1.392884,13.554982
781.767638,1.339234,1.386504,13.554982
781.807246,1.351999,1.373203,13.554982
781.857250,1.365294,1.362380,13.554982
781.907249,1.280784,1.243093,13.625775
781.957249,1.214251,1.164760,13.710035
782.007253,1.111810,1.092588,13.710035
782.057263,1.039221,1.045267,13.710035
782.107261,0.967822,1.009254,13.710035
782.157267,1.052692,1.190209,13.710035
782.207266,1.106135,1.287781,13.710035
782.257236,1.202952,1.316646,13.710035
782.307236,1.249559,1.287281,13.710035
782.357237,1.396134,1.397442,13.710035
782.407246,1.528133,1.476290,13.710035
782.457246,1.637259,1.508365,13.710035
782.507247,1.532214,1.442394,13.710035
782.557253,1.463967,1.394202,13.710035
782.607251,1.489859,1.438024,13.710035
782.657253,1.564607,1.488758,13.710035
782.707267,1.518756,1.494079,13.710035
782.757270,1.408045,1.398684,13.710035
782.817550,1.390714,1.421494,13.710035
782.857266,1.367905,1.341222,13.710035
782.907284,1.290137,1.204678,13.569685
782.957267,1.156350,1.099299,13.405053
783.007239,1.021593,1.029152,13.405053
783.057246,0.912386,0.973793,13.405053
783.107245,0.911439,0.981139,13.405053
783.157250,0.936557,1.122541,13.405053
783.207248,0.991509,1.178756,13.405053
783.257254,1.121721,1.256910,13.405053
783.307257,1.267001,1.344321,13.405053
783.357264,1.387332,1.394015,13.405053
783.407264,1.487460,1.405281,13.405053
783.457263,1.560807,1.430461,13.405053
783.507283,1.543431,1.456025,13.405053
783.557367,1.559242,1.466248,13.405053
783.607261,1.483509,1.381533,13.405053
783.657277,1.378557,1.298758,13.405053
783.707276,1.294869,1.241611,13.405053
783.757252,1.232315,1.194564,13.405053
783.807252,1.156261,1.149677,13.405053
783.857258,1.070043,1.113221,13.405053
783.907260,0.991753,1.084299,13.408660
783.957258,1.128158,1.267562,13.414413
784.007260,1.244522,1.370828,13.414413
784.057263,1.252198,1.310327,13.414413
784.107266,1.326023,1.352515,13.414413
784.157276,1.403015,1.383496,13.414413
784.207266,1.491350,1.424437,13.414413
784.257273,1.570720,1.444293,13.414413
784.307282,1.502093,1.459899,13.414413
784.357283,1.474158,1.485568,13.414413
784.407280,1.527242,1.476299,13.414413
784.457284,1.456130,1.385819,13.414413
784.507253,1.401233,1.333802,13.414413
784.557256,1.322207,1.273855,13.414413
784.607258,1.308181,1.303387,13.414413
784.657268,1.282136,1.310287,13.414413
784.707270,1.219019,1.275355,13.414413
784.757267,1.253034,1.356366,13.414413
784.807276,1.308312,1.367808,13.414413
784.857267,1.365538,1.400016,13.414413
784.907278,1.453927,1.449978,13.420770
784.957277,1.487691,1.491551,13.431822
785.007281,1.556285,1.557307,13.431822
785.057281,1.694212,1.667451,13.431822
785.107286,1.782523,1.793666,13.431822
785.157287,1.928803,1.920708,13.431822
785.207288,2.010869,1.955396,13.431822
785.257260,2.027907,1.919615,13.431822
785.307263,2.005747,1.838319,13.431822
785.357264,1.886815,1.666843,13.431822
785.407269,1.826475,1.670004,13.431822
785.457278,1.763588,1.709156,13.431822
785.507275,1.668136,1.719974,13.431822
785.567320,1.556499,1.638800,13.431822
785.607289,1.529209,1.628156,13.431822
785.657286,1.528645,1.604062,13.431822
785.707283,1.598404,1.576954,13.431822
785.757286,1.557885,1.539802,13.431822
785.807289,1.519899,1.551265,13.431822
785.857292,1.489907,1.551421,13.431822
785.907295,1.516830,1.543653,13.431559
785.957298,1.463181,1.476942,13.431451
786.007268,1.437122,1.447200,13.431451
786.057270,1.411656,1.415850,13.431451
786.107281,1.403135,1.398048,13.431451
786.157283,1.359234,1.376235,13.431451
786.207283,1.335826,1.379274,13.431451
786.257280,1.309089,1.368261,13.431451
786.317888,1.335358,1.373041,13.431451
786.357287,1.344818,1.376961,13.431451
786.407298,1.346202,1.361196,13.431451
786.457290,1.365934,1.381140,13.431451
786.507340,1.414215,1.430237,13.431451
786.557312,1.379998,1.374219,13.431451
786.607305,1.374953,1.358402,13.431451
786.657301,1.355787,1.337693,13.431451
786.707308,1.330440,1.314358,13.431451
786.757274,1.325369,1.304024,13.431451
786.807280,1.299712,1.300444,13.431451
786.857285,1.258107,1.308555,13.431451
786.907300,1.398112,1.472062,13.295002
786.957290,1.523501,1.610747,13.134407
787.007299,1.665381,1.734178,13.134407
787.057288,1.823537,1.847540,13.134407
787.107291,2.055493,2.055345,13.134407
787.157298,2.268942,2.206207,13.134407
787.207305,2.489483,2.345692,13.134407
787.257303,2.595584,2.450420,13.134407
787.307304,2.695487,2.534325,13.134407
787.357314,2.781618,2.594017,13.134407
787.407315,2.903211,2.704311,13.134407
787.457319,2.924242,2.770251,13.134407
787.507281,2.971939,2.843763,13.134407
787.557287,3.002674,2.898083,13.134407
787.607295,3.026366,2.924752,13.134407
787.657293,3.013574,2.897046,13.134407
787.707299,3.013365,2.886138,13.134407
787.757295,2.931741,2.823879,13.134407
787.807299,2.888665,2.804883,13.134407
787.857302,2.794208,2.740268,13.134407
787.907301,2.742274,2.740780,13.128778
787.957307,2.667901,2.696349,13.123064
788.007305,2.580184,2.591084,13.123064
788.057305,2.611568,2.684882,13.123064
788.107324,2.656318,2.721932,13.123064
788.157315,2.692241,2.776121,13.123064
788.207324,2.766303,2.818249,13.123064
788.257294,2.784942,2.829141,13.123064
788.307292,2.834944,2.838295,13.123064
788.357292,2.722370,2.545912,13.123064
788.407300,2.476261,2.306844,13.123064
788.457298,2.263472,2.123739,13.123064
788.507298,2.034500,1.978159,13.123064
788.557322,1.817634,1.876665,13.123064
788.607303,1.726381,1.945643,13.123064
788.657319,1.541406,1.867252,13.123064
788.707324,1.613243,1.865850,13.123064
788.757314,1.871460,2.121207,13.123064
788.815805,2.125544,2.341335,13.123064
788.857321,2.307230,2.410775,13.123064
788.907324,2.383242,2.330894,13.045891
788.957314,2.457596,2.412255,12.958209
789.007299,2.438693,2.212153,12.958209
789.057303,2.346255,2.003674,12.958209
789.107303,2.086194,1.858874,12.958209
789.157306,1.807864,1.752315,12.958209
789.207317,1.588627,1.636553,12.958209
789.257315,1.461870,1.535287,12.958209
789.307315,1.237587,1.462547,12.958209
789.357314,1.244357,1.461882,12.958209
789.408703,1.289834,1.467241,12.958209
789.457327,1.337046,1.495761,12.958209
789.507320,1.396639,1.545223,12.958209
789.558451,1.421590,1.505700,12.958209
789.607335,1.482965,1.516178,12.958209
789.657335,1.538097,1.524524,12.958209
789.707338,1.558456,1.540121,12.958209
789.757299,1.546475,1.512848,12.958209
789.807311,1.499851,1.467294,12.958209
789.857314,1.469946,1.480563,12.958209
789.907318,1.470079,1.454306,12.960997
789.957317,1.447305,1.443281,12.965193
790.007322,1.424434,1.434170,12.965193
790.057316,1.362086,1.380418,12.965193
790.107323,1.365370,1.389428,12.965193
790.157327,1.361875,1.364311,12.965193
790.207332,1.330417,1.354208,12.965193
790.257330,1.314914,1.330312,12.965193
790.307335,1.303051,1.327387,12.965193
790.357336,1.283754,1.314288,12.965193
790.407342,1.300026,1.306812,12.965193
790.457340,1.278448,1.301122,12.965193
790.507315,1.277790,1.293512,12.965193
790.557316,1.281703,1.303155,12.965193
790.607314,1.286837,1.296617,12.965193
790.657321,1.281288,1.292496,12.965193
790.707324,1.259962,1.256438,12.965193
790.757329,1.215996,1.199084,12.965193
790.807329,1.196691,1.187978,12.965193
790.857335,1.150939,1.138900,12.965193
790.907335,1.108055,1.119516,12.824621
790.957334,1.078393,1.108097,12.660566
791.007336,1.022816,1.063896,12.660566
791.057339,1.033249,1.088248,12.660566
791.107350,1.049248,1.086961,12.660566
791.157355,1.039171,1.084358,12.660566
791.207347,1.041426,1.059099,12.660566
791.257316,1.063182,1.086094,12.660566
791.307318,1.080032,1.104504,12.660566
791.357333,1.066504,1.041745,12.660566
791.407325,1.017328,1.002036,12.660566
791.457332,0.986486,0.975008,12.660566
791.507329,0.985428,0.993399,12.660566
791.557334,0.997030,1.002595,12.660566
791.607335,0.975102,1.010030,12.660566
791.657492,0.955101,1.015807,12.660566
791.707341,0.989402,1.018951,12.660566
791.757358,1.016899,1.022211,12.660566
791.807341,1.032989,1.013292,12.660566
791.857347,1.023786,1.011233,12.660566
791.907350,1.015732,1.005301,12.455077
791.957357,1.007048,1.000477,12.214520
792.007323,1.003939,1.004073,12.214520
792.057326,1.001467,1.005500,12.214520
792.107334,0.998123,1.006662,12.214520
792.157328,0.995518,0.997372,12.214520
792.207333,1.017235,1.028052,12.214520
792.257338,1.013381,1.013212,12.214520
792.307344,1.007197,0.998726,12.214520
792.357341,0.997259,0.989254,12.214520
792.407345,1.036024,1.048716,12.214520
792.457347,1.072079,1.091890,12.214520
792.507365,1.098373,1.101366,12.214520
792.557350,1.096383,1.107223,12.214520
792.607360,1.136640,1.133069,12.214520
792.657353,1.176303,1.150675,12.214520
792.707362,1.241862,1.202764,12.214520
792.757336,1.252381,1.234768,12.214520
792.807340,1.236062,1.218155,12.214520
792.857339,1.259668,1.235425,12.214520
792.907340,1.284703,1.249254,12.077414
792.957341,1.303886,1.272541,11.920259
793.007350,1.375094,1.361421,11.920259
793.057351,1.416767,1.429648,11.920259
793.107361,1.464980,1.483963,11.920259
793.157350,1.543564,1.527924,11.920259
793.207359,1.522781,1.454551,11.920259
793.257364,1.570470,1.492180,11.920259
793.307359,1.573025,1.471377,11.920259
793.357371,1.550400,1.488548,11.920259
793.407365,1.652124,1.672907,11.920259
793.457551,1.752935,1.816959,11.920259
793.507342,1.845670,1.922524,11.920259
793.557346,2.023640,2.016537,11.920259
793.607350,2.235577,2.238984,11.920259
793.657355,2.463421,2.393703,11.920259
793.707348,2.665379,2.511606,11.920259
793.757355,2.747582,2.606457,11.920259
793.807357,2.688225,2.476288,11.920259
793.857355,2.545980,2.252398,11.920259
793.907368,2.383378,2.050943,11.711920
793.957363,2.114919,1.885746,11.470055
794.007361,1.893602,1.797423,11.470055
794.057368,1.646748,1.690838,11.470055
794.107369,1.397649,1.604524,11.470055
794.157371,1.295480,1.533454,11.470055
794.207374,1.310444,1.519622,11.470055
794.257348,1.265369,1.403656,11.470055
794.307350,1.253516,1.352034,11.470055
794.367212,1.181632,1.270013,11.470055
794.407361,1.148524,1.222835,11.470055
794.457362,1.178312,1.271841,11.470055
794.507357,1.190835,1.284968,11.470055
794.557360,1.146993,1.259819,11.470055
794.607367,1.207916,1.281035,11.470055
794.657367,1.265351,1.334885,11.470055
794.707380,1.332954,1.350993,11.470055
794.757375,1.387502,1.364061,11.470055
794.807375,1.379910,1.374075,11.470055
794.857374,1.390596,1.381400,11.470055
794.907384,1.388518,1.334433,11.401539
794.957384,1.361619,1.302930,11.321691
795.007352,1.318131,1.291855,11.321691
795.057358,1.299168,1.289819,11.321691
795.107363,1.275821,1.282086,11.321691
795.157367,1.265609,1.294358,11.321691
795.207362,1.246025,1.290550,11.321691
795.257367,1.272768,1.299391,11.321691
795.307366,1.302256,1.315898,11.321691
795.357376,1.329857,1.340815,11.321691
795.407373,1.312802,1.305378,11.321691
795.457376,1.257961,1.217837,11.321691
795.507379,1.227984,1.201175,11.321691
795.557375,1.194711,1.169155,11.321691
795.607386,1.190571,1.195017,11.321691
795.657387,1.170162,1.203662,11.321691
795.707389,1.152773,1.226908,11.321691
795.757360,1.173085,1.243628,11.321691
795.825234,1.233127,1.252623,11.321691
795.857370,1.258670,1.264920,11.321691
795.907366,1.282463,1.253427,11.321378
795.957375,1.260515,1.231781,11.321250
796.007372,1.231114,1.192091,11.321250
796.057381,1.210223,1.188263,11.321250
796.107377,1.197729,1.195043,11.321250
796.157380,1.181344,1.190927,11.321250
796.207386,1.158319,1.182505,11.321250
796.265184,1.125555,1.142007,11.321250
796.307389,1.153986,1.182821,11.321250
796.357390,1.160800,1.162416,11.321250
796.407403,1.161698,1.165668,11.321250
796.457406,1.153899,1.166204,11.321250
796.507368,1.156485,1.171477,11.321250
796.557371,1.159981,1.171940,11.321250
796.607377,1.187116,1.171636,11.321250
796.657379,1.162743,1.172081,11.321250
796.707378,1.176187,1.172567,11.321250
796.775151,1.164969,1.157631,11.321250
796.807385,1.166683,1.161233,11.321250
796.857390,1.183099,1.190009,11.321250
796.907391,1.209634,1.224543,11.389986
796.957385,1.246137,1.266033,11.470492
797.007392,1.257612,1.263923,11.470492
797.057399,1.263032,1.253748,11.470492
797.107438,1.292162,1.263430,11.470492
797.157444,1.328554,1.295721,11.470492
797.207399,1.354395,1.333937,11.470492
797.257379,1.366123,1.355735,11.470492
797.307378,1.365166,1.370223,11.470492
797.357380,1.389225,1.380945,11.470492
797.407383,1.409926,1.376114,11.470492
797.457389,1.392661,1.337398,11.470492
797.507390,1.360944,1.310660,11.470492
797.557388,1.319559,1.287348,11.470492
797.607524,1.267021,1.245081,11.470492
797.657401,1.289114,1.312551,11.470492
797.707391,1.251446,1.281965,11.470492
797.757396,1.263792,1.314900,11.470492
797.807460,1.310130,1.353690,11.470492
797.857413,1.324712,1.343777,11.470492
797.907398,1.343667,1.340409,11.607860
797.957410,1.425297,1.401895,11.768099
798.007389,1.426148,1.437624,11.768099
798.057386,1.463439,1.433889,11.768099
798.107387,1.461233,1.431238,11.768099
798.175655,1.422533,1.393005,11.768099
798.207389,1.464835,1.433691,11.768099
798.257397,1.554431,1.539665,11.768099
798.316257,1.568397,1.581596,11.768099
798.357401,1.665823,1.718541,11.768099
798.407408,1.665580,1.659050,11.768099
798.457402,1.740702,1.717180,11.768099
798.507405,1.820448,1.733899,11.768099
798.557407,1.869572,1.774716,11.768099
798.607417,1.871315,1.811681,11.768099
798.657398,1.877186,1.807870,11.768099
798.716224,1.812501,1.804622,11.768099
798.757391,1.861621,1.801818,11.768099
798.807391,1.770719,1.706333,11.768099
798.857394,1.707551,1.636654,11.768099
798.907398,1.615407,1.567275,11.834879
798.957396,1.482140,1.457827,11.913858
799.007400,1.376104,1.377341,11.913858
799.057403,1.302137,1.357441,11.913858
799.107411,1.237378,1.353457,11.913858
799.157400,1.198191,1.291863,11.913858
799.224955,1.154777,1.244184,11.913858
799.257408,1.121902,1.206887,11.913858
799.307425,1.146900,1.205099,11.913858
799.357420,1.207140,1.260082,11.913858
799.407417,1.239925,1.309682,11.913858
799.457431,1.245018,1.322270,11.913858
799.526787,1.306513,1.352546,11.913858
799.557399,1.353415,1.358075,11.913858
799.607404,1.413007,1.381481,11.913858
799.657403,1.436265,1.378005,11.913858
799.707403,1.385471,1.327415,11.913858
799.757407,1.359316,1.326645,11.913858
799.807410,1.323651,1.285958,11.913858
799.857413,1.269694,1.247863,11.913858
799.907425,1.238963,1.231371,12.052289
799.957421,1.188526,1.209487,12.214524
800.007416,1.153542,1.191593,12.214524
800.057426,1.149691,1.172935,12.214524
800.107420,1.122752,1.165232,12.214524
800.157420,1.082135,1.099823,12.214524
800.236669,1.051358,1.055675,12.214524
800.257397,1.012007,1.023587,12.214524
800.307405,0.975930,0.992497,12.214524
800.366712,0.933891,0.958775,12.214524
800.407410,0.896275,0.934288,12.214524
800.457416,0.907922,0.990572,12.214524
800.507411,0.962544,1.036643,12.214524
800.557426,0.987909,1.040067,12.214524
800.607418,1.014902,1.048710,12.214524
800.657422,1.088233,1.115559,12.214524
800.707429,1.156880,1.153478,12.214524
800.757430,1.212825,1.168375,12.214524
800.807424,1.232942,1.205636,12.214524
800.857430,1.236184,1.212709,12.214524
800.907449,1.278089,1.240171,12.144541
800.957428,1.309886,1.253420,12.064776
801.007406,1.229876,1.167146,12.064776
801.057415,1.179772,1.124326,12.064776
801.107425,1.116917,1.057461,12.064776
801.157417,1.034208,1.001525,12.064776
801.207419,0.971949,0.962366,12.064776
801.257426,0.892532,0.928423,12.064776
801.307429,0.818072,0.899745,12.064776
801.365380,0.811182,0.874766,12.064776
801.407439,0.784898,0.854398,12.064776
801.457433,0.845543,0.925333,12.064776
801.507436,0.903905,0.973303,12.064776
801.557434,0.926324,0.975246,12.064776
801.607437,0.982561,1.012782,12.064776
801.657444,1.034905,1.039788,12.064776
801.707443,1.091463,1.068919,12.064776
801.757418,1.144651,1.088564,12.064776
801.816592,1.115409,1.071917,12.064776
801.857425,1.120642,1.096294,12.064776
801.907425,1.183033,1.156221,12.065329
801.957426,1.196032,1.174075,12.066957
802.007840,1.199584,1.176868,12.066957
802.057437,1.238787,1.235856,12.066957
802.107433,1.214657,1.189011,12.066957
802.157439,1.248137,1.199628,12.066957
802.207438,1.259104,1.212726,12.066957
802.257445,1.275938,1.273383,12.066957
802.307442,1.333177,1.346134,12.066957
802.357448,1.339147,1.323816,12.066957
802.407465,1.309070,1.312529,12.066957
802.457450,1.355221,1.314744,12.066957
802.507425,1.352939,1.297045,12.066957
802.557427,1.342912,1.276608,12.066957
802.607431,1.302675,1.268283,12.066957
802.657429,1.250570,1.268922,12.066957
802.707439,1.240730,1.248199,12.066957
802.757429,1.234948,1.244329,12.066957
802.807438,1.265847,1.303275,12.066957
802.857440,1.301183,1.337336,12.066957
802.907441,1.354415,1.381978,11.929386
802.957446,1.479418,1.528915,11.769374
803.007445,1.655054,1.722974,11.769374
803.057454,1.846174,1.873773,11.769374
803.107454,2.023831,1.992237,11.769374
803.157455,2.165131,2.094973,11.769374
803.207462,2.304866,2.171548,11.769374
803.257432,2.442690,2.244456,11.769374
803.307431,2.489153,2.285507,11.769374
803.357432,2.477643,2.312536,11.769374
803.407434,2.471499,2.337729,11.769374
803.457439,2.395787,2.258540,11.769374
803.507448,2.359666,2.257662,11.769374
803.557443,2.345129,2.281265,11.769374
803.607449,2.331913,2.313377,11.769374
803.657453,2.345773,2.360670,11.769374
803.707453,2.363512,2.397173,11.769374
803.757455,2.373940,2.419219,11.769374
803.807459,2.453869,2.435598,11.769374
803.857465,2.484717,2.442829,11.769374
803.907465,2.498717,2.449486,11.700518
803.957464,2.506457,2.458847,11.620586
804.007440,2.497681,2.464553,11.620586
804.057439,2.493451,2.474118,11.620586
804.107442,2.512376,2.506006,11.620586
804.157448,2.518075,2.512775,11.620586
804.207553,2.517963,2.505383,11.620586
804.257454,2.516498,2.497741,11.620586
804.307455,2.514661,2.494667,11.620586
804.357457,2.510641,2.487498,11.620586
804.407456,2.503350,2.482847,11.620586
804.457461,2.479773,2.480190,11.620586
804.507467,2.474743,2.485226,11.620586
804.557464,2.481267,2.492763,11.620586
804.607471,2.506084,2.522166,11.620586
804.657475,2.528273,2.545363,11.620586
804.707474,2.561513,2.575195,11.620586
804.757449,2.737704,2.799960,11.620586
804.807447,2.915499,2.982583,11.620586
804.857447,3.065274,3.095462,11.620586
804.907462,3.216695,3.189260,11.550231
804.957459,3.351690,3.269244,11.469507
805.007454,3.267949,3.027693,11.469507
805.057460,3.133648,2.775503,11.469507
805.107464,2.866691,2.586810,11.469507
805.157465,2.572734,2.401313,11.469507
805.207469,2.347010,2.308210,11.469507
805.257472,2.090886,2.190103,11.469507
805.307466,1.657740,1.851808,11.469507
805.357482,1.472236,1.633867,11.469507
805.424447,1.338604,1.475415,11.469507
805.464442,1.205592,1.353250,11.469507
805.507449,1.231832,1.447857,11.469507
805.557454,1.166421,1.466325,11.469507
805.607455,1.186123,1.515231,11.469507
805.657460,1.410046,1.641829,11.469507
805.707465,1.580149,1.714963,11.469507
805.757469,1.783760,1.849858,11.469507
805.807465,1.918972,1.858507,11.469507
805.857472,1.933989,1.866025,11.469507
805.907475,2.012974,1.879607,11.469506
805.965625,1.900176,1.669744,11.469506
806.007478,1.728461,1.532901,11.469506
806.057478,1.580988,1.415784,11.469506
806.107484,1.360929,1.320283,11.469506
806.157486,1.355594,1.439119,11.469506
806.207498,1.350339,1.532104,11.469506
806.264971,1.356733,1.621226,11.469506
806.307462,1.507521,1.672684,11.469506
806.357460,1.639338,1.721355,11.469506
806.407461,1.773470,1.755627,11.469506
806.457471,2.041669,1.968776,11.469506
806.507468,2.168448,2.135951,11.469506
806.557480,2.251238,2.199374,11.469506
806.607483,2.349782,2.286643,11.469506
806.657477,2.425848,2.314134,11.469506
806.707484,2.534771,2.386614,11.469506
806.757479,2.639920,2.437664,11.469506
806.807493,2.584536,2.435329,11.469506
806.857491,2.390732,2.238026,11.469506
806.907497,2.295867,2.146306,11.403577
806.957483,2.063484,1.924036,11.328315
807.007467,1.873654,1.760750,11.328315
807.057473,1.637946,1.611181,11.328315
807.107474,1.402940,1.477222,11.328315
807.157474,1.205681,1.390736,11.328315
807.207480,1.149485,1.322687,11.328315
807.257479,1.067357,1.304592,11.328315
807.307480,1.078075,1.269050,11.328315
807.357487,1.079390,1.241840,11.328315
807.407487,1.083102,1.203549,11.328315
807.457489,1.110900,1.190104,11.328315
807.536122,1.122131,1.177053,11.328315
807.557492,1.125085,1.156300,11.328315
807.607496,1.139535,1.191633,11.328315
807.657504,1.186791,1.244842,11.328315
807.707503,1.205663,1.248798,11.328315
807.757473,1.231325,1.244713,11.328315
807.807470,1.256549,1.258972,11.328315
807.857479,1.276894,1.260501,11.328315
807.907480,1.305025,1.261995,11.393190
807.957481,1.291341,1.257283,11.469506
808.007488,1.275793,1.275589,11.469506
808.057477,1.278266,1.276813,11.469506
808.107494,1.286256,1.278284,11.469506
808.157499,1.282122,1.279798,11.469506
808.207494,1.284718,1.280990,11.469506
808.257496,1.303531,1.304805,11.469506
808.307507,1.349380,1.355516,11.469506
808.357498,1.385280,1.404686,11.469506
808.407503,1.480298,1.513675,11.469506
808.457519,1.519882,1.522806,11.469506
808.507480,1.524003,1.479639,11.469506
808.557483,1.524393,1.440165,11.469506
808.616028,1.489048,1.382215,11.469506
808.657490,1.483776,1.411945,11.469506
808.707489,1.384991,1.314396,11.469506
808.757497,1.291729,1.308323,11.469506
808.807500,1.215009,1.246527,11.469506
808.857505,1.142200,1.157096,11.469506
808.907497,1.050350,1.054376,11.471208
808.957503,1.003600,1.009567,11.473979
809.007501,0.901753,0.972201,11.473979
809.057511,0.885467,0.940431,11.473979
809.107520,0.815302,0.911592,11.473979
809.157508,0.791344,0.895816,11.473979
809.207505,0.918642,1.054876,11.473979
809.257493,1.064474,1.177011,11.473979
809.307489,1.107246,1.167658,11.473979
809.357491,1.177428,1.197286,11.473979
809.407491,1.290955,1.279109,11.473979
809.475963,1.319206,1.221595,11.473979
809.507508,1.367989,1.212653,11.473979
809.557492,1.319644,1.239155,11.473979
809.607510,1.290391,1.284161,11.473979
809.657506,1.337635,1.320147,11.473979
809.707514,1.326075,1.302498,11.473979
809.757518,1.269904,1.285103,11.473979
809.807514,1.328729,1.308550,11.473979
809.857518,1.353621,1.317175,11.473979
809.925925,1.339554,1.303300,11.382185
809.957528,1.313145,1.298609,11.323784
810.007489,1.300009,1.311738,11.323784
810.057498,1.303526,1.301454,11.323784
810.107503,1.306744,1.289444,11.323784
810.157500,1.284827,1.281538,11.323784
810.207511,1.263282,1.265550,11.323784
810.257506,1.266763,1.266606,11.323784
810.307513,1.264673,1.265289,11.323784
810.357506,1.272573,1.295742,11.323784
810.407507,1.268247,1.282783,11.323784
810.457511,1.266274,1.271573,11.323784
810.507520,1.236501,1.226596,11.323784
810.575875,1.197590,1.167271,11.323784
810.607524,1.191818,1.179042,11.323784
810.657535,1.190464,1.193434,11.323784
810.713988,1.133294,1.158709,11.323784
810.757500,1.076446,1.093574,11.323784
810.807504,1.111634,1.169137,11.323784
810.857506,1.124292,1.162693,11.323784
810.907511,1.201294,1.223968,11.186013
810.957510,1.259080,1.305468,11.027726
811.007518,1.301478,1.354059,11.027726
811.057521,1.366435,1.378163,11.027726
811.107515,1.469171,1.412980,11.027726
811.157525,1.499176,1.466367,11.027726
811.207525,1.540708,1.458690,11.027726
811.257528,1.551405,1.475933,11.027726
811.307533,1.539783,1.491132,11.027726
811.357537,1.574672,1.551492,11.027726
811.407536,1.586884,1.553239,11.027726
811.457541,1.638651,1.625111,11.027726
811.507507,1.681753,1.694268,11.027726
811.557511,1.753116,1.740098,11.027726
811.607511,1.814221,1.784213,11.027726
811.657520,1.882772,1.836099,11.027726
811.707516,2.042845,2.052254,11.027726
811.757520,2.251981,2.249493,11.027726
811.823927,2.385598,2.370462,11.027726
811.857523,2.516718,2.472145,11.027726
811.907526,2.659668,2.559740,10.749067
811.957536,2.735633,2.545565,10.427856
812.007539,2.626233,2.291663,10.427856
812.057538,2.354882,2.037965,10.427856
812.107538,2.098409,1.881038,10.427856
812.157539,1.900769,1.799847,10.427856
812.207550,1.686116,1.713719,10.427856
812.257514,1.433164,1.598752,10.427856
812.307521,1.280993,1.563389,10.427856
812.357519,1.276065,1.499104,10.427856
812.407522,1.322463,1.468080,10.427856
812.457521,1.335498,1.443421,10.427856
812.507529,1.316105,1.424109,10.427856
812.557531,1.324439,1.425422,10.427856
812.607535,1.532781,1.660047,10.427856
812.657532,1.712394,1.864127,10.427856
812.707534,1.918657,2.028484,10.427856
812.757537,2.041196,2.062800,10.427856
812.807539,2.089281,1.987202,10.427856
812.857542,2.133108,1.920452,10.427856
812.907549,2.163275,1.863281,10.082355
812.957555,2.030535,1.822719,9.683893
813.007520,1.887412,1.795154,9.683893
813.057519,1.732247,1.756641,9.683893
813.107523,1.654505,1.737228,9.683893
813.157532,1.761332,1.876544,9.683893
813.207529,1.846205,1.950722,9.683893
813.257536,1.955544,2.040465,9.683893
813.307540,2.060273,2.110633,9.683893
813.357537,2.164249,2.171397,9.683893
813.407538,2.276636,2.215269,9.683893
813.457547,2.359142,2.219929,9.683893
813.507546,2.071533,1.859926,9.683893
813.557555,1.817265,1.580942,9.683893
813.607551,1.575344,1.405110,9.683893
813.657553,1.333035,1.263631,9.683893
813.707555,1.062489,1.115646,9.683893
813.757532,0.820755,1.032965,9.683893
813.807529,0.603869,0.968908,9.683893
813.857538,0.719348,1.020466,9.683893
813.907542,0.859760,1.105004,9.404172
813.973402,0.927810,1.118690,9.083823
814.007541,1.067971,1.229774,9.083823
814.057541,1.150516,1.208423,9.083823
814.107544,1.232852,1.223378,9.083823
814.157560,1.294930,1.207282,9.083823
814.207555,1.289227,1.202248,9.083823
814.257554,1.224822,1.155676,9.083823
814.307560,1.183637,1.102950,9.083823
814.357556,1.083280,1.076684,9.083823
814.407568,1.065272,1.062444,9.083823
814.457564,1.020137,1.043574,9.083823
814.507539,0.994990,1.028727,9.083823
814.557538,0.968989,1.023219,9.083823
814.607542,0.973748,1.020799,9.083823
814.657547,1.036203,1.082400,9.083823
814.707547,1.059940,1.092768,9.083823
814.757545,1.108866,1.143408,9.083823
814.807554,1.162768,1.183451,9.083823
814.857568,1.220012,1.219817,9.083823
814.907555,1.292415,1.277090,8.669293
814.957570,1.359877,1.321109,8.193165
815.007562,1.408129,1.390587,8.193165
815.064240,1.418370,1.354176,8.193165
815.107569,1.445891,1.392217,8.193165
815.157569,1.468517,1.411302,8.193165
815.207572,1.491307,1.428075,8.193165
815.257546,1.507655,1.465895,8.193165
815.307544,1.486115,1.443458,8.193165
815.357545,1.457500,1.449019,8.193165
815.407560,1.500744,1.462065,8.193165
815.457550,1.491978,1.468264,8.193165
815.507552,1.447561,1.410901,8.193165
815.557562,1.396297,1.356595,8.193165
815.607557,1.296044,1.268678,8.193165
815.657563,1.270391,1.250016,8.193165
815.707570,1.221390,1.225860,8.193165
815.757576,1.167276,1.207789,8.193165
815.807568,1.070722,1.129574,8.193165
815.857581,0.999255,1.039902,8.193165
815.907574,0.928927,0.961226,7.847191
815.957582,0.902150,0.915006,7.449196
816.007556,0.851078,0.895631,7.449196
816.057549,0.793124,0.861196,7.449196
816.107552,0.741508,0.843781,7.449196
816.157560,0.718980,0.806907,7.449196
816.212352,0.730220,0.797601,7.449196
816.257565,0.746007,0.789737,7.449196
816.307566,0.750687,0.783977,7.449196
816.357567,0.691153,0.707186,7.449196
816.407573,0.682815,0.698232,7.449196
816.457573,0.667878,0.690936,7.449196
816.507581,0.670180,0.688306,7.449196
816.557574,0.656144,0.683755,7.449196
816.607582,0.643446,0.681482,7.449196
816.657588,0.638048,0.689604,7.449196
816.707578,0.684304,0.696134,7.449196
816.757553,0.694762,0.705108,7.449196
816.807562,0.741343,0.761677,7.449196
816.857559,0.790800,0.813634,7.449196
816.907564,0.840740,0.854170,6.965179
816.957569,0.890673,0.887987,6.415820
817.007570,0.938683,0.922040,6.415820
817.057573,1.103081,1.112297,6.415820
817.107574,1.229084,1.214730,6.415820
817.157579,1.330424,1.311270,6.415820
817.207581,1.427085,1.388453,6.415820
817.257582,1.513445,1.434873,6.415820
817.307590,1.451784,1.266013,6.415820
817.357591,1.366182,1.104563,6.415820
817.414045,1.164453,0.976227,6.415820
817.457598,1.008993,0.887796,6.415820
817.507566,0.842414,0.816401,6.415820
817.557563,0.676037,0.759302,6.415820
817.607573,0.521894,0.713777,6.415820
817.657568,0.513127,0.677356,6.415820
817.707573,0.523005,0.648281,6.415820
817.757581,0.522401,0.610766,6.415820
817.807578,0.530956,0.607779,6.415820
817.857583,0.509774,0.562882,6.415820
817.907581,0.485695,0.522977,6.435386
817.957583,0.468486,0.500854,6.582631
818.007587,0.429858,0.453003,6.582631
818.057594,0.406249,0.435735,6.582631
818.107601,0.392351,0.421276,6.582631
818.163357,0.335008,0.375923,6.582631
818.207605,0.306534,0.337519,6.582631
818.257822,0.277670,0.302280,6.582631
818.307571,0.249309,0.284534,6.582631
818.357577,0.238912,0.265396,6.582631
818.407593,0.211763,0.247676,6.582631
818.457579,0.183362,0.231087,6.582631
818.507589,0.177822,0.215697,6.582631
818.557589,0.170962,0.199698,6.582631
818.607587,0.169264,0.189347,6.582631
818.657589,0.160640,0.182267,6.582631
818.707600,0.160316,0.183276,6.582631
818.757596,0.156861,0.177374,6.582631
818.807598,0.148566,0.163353,6.582631
818.857605,0.163994,0.182921,6.582631
818.907609,0.148233,0.151307,6.576334
818.957606,0.153931,0.158617,6.672173
819.007574,0.154146,0.157742,6.672173
819.057586,0.149265,0.157139,6.672173
819.107579,0.158525,0.169805,6.672173
819.157589,0.161288,0.160945,6.672173
819.207587,0.150302,0.165116,6.672173
819.257587,0.166388,0.160196,6.672173
819.307597,0.175695,0.178495,6.672173
819.357591,0.174988,0.172545,6.672173
819.407598,0.173882,0.167626,6.672173
819.457610,0.153475,0.149599,6.672173
819.507594,0.182251,0.185135,6.672173
819.557607,0.221644,0.239803,6.672173
819.607610,0.259247,0.272395,6.672173
819.657613,0.290747,0.312325,6.672173
819.707610,0.326520,0.329414,6.672173
819.757590,0.378324,0.365908,6.672173
819.813220,0.434150,0.386164,6.672173
819.857593,0.468510,0.422399,6.672173
819.907591,0.462581,0.421473,6.947671
819.957591,0.466899,0.423852,7.315136
820.007598,0.480653,0.452752,7.315136
820.057602,0.504504,0.475095,7.315136
820.107610,0.511904,0.492912,7.315136
820.157604,0.525424,0.506674,7.315136
820.207614,0.524469,0.517485,7.315136
820.257615,0.544948,0.526279,7.315136
820.307610,0.559862,0.528714,7.315136
820.357616,0.550749,0.523945,7.315136
820.407601,0.566741,0.554295,7.315136
820.457620,0.592207,0.591949,7.315136
820.507588,0.618693,0.623024,7.315136
820.557590,0.661915,0.671132,7.315136
820.607593,0.696775,0.698164,7.315136
820.657604,0.737642,0.723049,7.315136
820.707606,0.783132,0.742518,7.315136
820.787714,0.801414,0.754956,7.315136
820.807611,0.813583,0.769394,7.315136
820.857606,0.820077,0.774485,7.315136
820.907609,0.802311,0.767507,7.430900
820.957619,0.790927,0.759525,7.566756
821.007620,0.783083,0.761208,7.566756
821.057621,0.764136,0.746373,7.566756
821.107625,0.752443,0.741512,7.566756
821.157626,0.737266,0.735821,7.566756
821.207630,0.731168,0.739869,7.566756
821.257599,0.720511,0.724708,7.566756
821.307603,0.711925,0.711542,7.566756
821.357602,0.698478,0.700776,7.566756
821.407609,0.690607,0.691997,7.566756
821.457610,0.682230,0.685019,7.566756
821.507607,0.622604,0.607302,7.566756
821.557620,0.563487,0.555169,7.566756
821.607620,0.515495,0.510250,7.566756
821.657621,0.468512,0.474678,7.566756
821.707636,0.440379,0.472137,7.566756
821.757619,0.414851,0.473557,7.566756
821.823677,0.399308,0.488239,7.566756
821.857633,0.428452,0.490548,7.566756
821.907629,0.437489,0.474122,7.550571
821.983661,0.457759,0.474720,7.550305
822.007601,0.479168,0.476693,7.550305
822.057605,0.480423,0.475549,7.550305
822.107617,0.488833,0.487249,7.550305
822.157611,0.476672,0.479053,7.550305
822.207613,0.472934,0.478652,7.550305
822.257614,0.480550,0.475587,7.550305
822.307623,0.478403,0.474041,7.550305
822.357622,0.477142,0.475355,7.550305
822.407629,0.478825,0.477024,7.550305
822.457622,0.484818,0.497556,7.550305
822.507634,0.508846,0.520259,7.550305
822.557637,0.524249,0.532648,7.550305
822.607636,0.541617,0.542837,7.550305
822.657638,0.548384,0.536217,7.550305
822.707637,0.558369,0.539296,7.550305
822.757615,0.565504,0.538957,7.550305
822.807614,0.555126,0.533376,7.550305
822.857620,0.540461,0.528460,7.550305
822.907619,0.527073,0.520349,7.365384
822.957618,0.516506,0.517448,7.218709
823.007630,0.517314,0.517810,7.218709
823.057626,0.511394,0.516499,7.218709
823.113566,0.499975,0.504565,7.218709
823.157635,0.498563,0.503128,7.218709
823.207634,0.497425,0.502255,7.218709
823.257642,0.507289,0.513244,7.218709
823.307637,0.515221,0.522911,7.218709
823.357641,0.514063,0.521673,7.218709
823.407643,0.510278,0.514308,7.218709
823.457648,0.512073,0.505374,7.218709
823.507618,0.499840,0.485709,7.218709
823.557620,0.489044,0.472022,7.218709
823.607624,0.471903,0.465823,7.218709
823.673527,0.450076,0.455310,7.218709
823.707630,0.429595,0.439170,7.218709
823.757636,0.413419,0.425861,7.218709
823.813509,0.378683,0.384689,7.218709
823.857641,0.359554,0.362631,7.218709
823.907632,0.335067,0.339180,6.959765
823.957639,0.303556,0.316017,6.762066
824.007646,0.279520,0.301948,6.762066
824.057654,0.255906,0.283483,6.762066
824.107648,0.234592,0.271538,6.762066
824.157652,0.227372,0.251136,6.762066
824.207659,0.208485,0.229330,6.762066
824.257622,0.196392,0.215413,6.762066
824.307625,0.187673,0.204620,6.762066
824.357633,0.173405,0.192261,6.762066
824.423467,0.161449,0.178471,6.762066
824.457640,0.153841,0.174695,6.762066
824.507631,0.152300,0.170336,6.762066
824.557640,0.150896,0.162299,6.762066
824.607647,0.143693,0.150215,6.762066
824.657652,0.141556,0.147193,6.762066
824.723434,0.138989,0.139444,6.762066
824.757654,0.147671,0.146688,6.762066
824.807646,0.136868,0.140926,6.762066
824.864048,0.130128,0.134573,6.762066
824.907657,0.128058,0.133724,6.599526
824.957666,0.127309,0.128551,6.553978
825.007633,0.122006,0.123813,6.553978
825.057637,0.118849,0.116934,6.553978
825.107646,0.106791,0.110526,6.553978
825.157643,0.115679,0.122937,6.553978
825.207646,0.120793,0.127314,6.553978
825.257645,0.124010,0.129963,6.553978
825.307653,0.139979,0.145552,6.553978
825.357651,0.153060,0.154551,6.553978
825.407651,0.177844,0.177064,6.553978
825.457653,0.195413,0.185513,6.553978
825.507658,0.199308,0.191555,6.553978
825.557668,0.210576,0.197743,6.553978
825.607656,0.228885,0.212202,6.553978
825.657667,0.225419,0.206824,6.553978
825.707673,0.219573,0.195971,6.553978
825.757637,0.203123,0.187818,6.553978
825.807647,0.198462,0.187923,6.553978
825.857642,0.193580,0.186613,6.553978
825.907655,0.187953,0.185803,6.529621
825.957653,0.172512,0.180440,6.615665
826.007650,0.172072,0.181099,6.615665
826.057661,0.176444,0.181459,6.615665
826.107655,0.175013,0.173828,6.615665
826.157659,0.177497,0.180410,6.615665
826.207659,0.182505,0.187644,6.615665
826.257661,0.186206,0.191923,6.615665
826.307668,0.194154,0.196852,6.615665
826.358972,0.210660,0.216619,6.615665
826.407674,0.234962,0.244496,6.615665
826.457675,0.272039,0.276476,6.615665
826.507646,0.294810,0.294905,6.615665
826.557655,0.311379,0.303981,6.615665
826.607656,0.370562,0.367691,6.615665
826.657655,0.442857,0.435639,6.615665
826.707661,0.506370,0.490347,6.615665
826.772705,0.537011,0.508006,6.615665
826.812703,0.577380,0.541388,6.615665
826.857664,0.623336,0.569632,6.615665
826.907672,0.666257,0.591826,6.468375
826.957672,0.672600,0.608428,6.449013
827.007673,0.654055,0.602336,6.449013
827.057674,0.578722,0.517914,6.449013
827.107680,0.541422,0.477828,6.449013
827.157680,0.467787,0.414311,6.449013
827.207689,0.397510,0.369180,6.449013
827.257651,0.327215,0.333100,6.449013
827.307664,0.256367,0.302483,6.449013
827.357660,0.170248,0.236846,6.449013
827.407661,0.149717,0.196876,6.449013
827.457664,0.128852,0.191785,6.449013
827.507668,0.111220,0.160996,6.449013
827.557665,0.120739,0.179790,6.449013
827.607673,0.103243,0.156237,6.449013
827.657674,0.108383,0.167660,6.449013
827.707670,0.157525,0.197503,6.449013
827.757684,0.199289,0.223966,6.449013
827.807682,0.212151,0.230922,6.449013
827.857676,0.246991,0.242309,6.449013
827.913169,0.252292,0.252637,6.506129
827.957690,0.283621,0.258668,6.668378
828.007665,0.305262,0.280376,6.668378
828.085495,0.305612,0.288310,6.668378
828.107668,0.307943,0.299968,6.668378
828.157671,0.321608,0.310640,6.668378
828.207674,0.335553,0.327483,6.668378
828.257684,0.373600,0.372170,6.668378
828.307667,0.477087,0.498191,6.668378
828.357683,0.551443,0.575085,6.668378
828.407680,0.641367,0.649466,6.668378
828.457690,0.726349,0.709693,6.668378
828.507693,0.799672,0.741883,6.668378
828.557686,0.865996,0.766125,6.668378
828.607696,0.860898,0.715801,6.668378
828.657699,0.819454,0.715084,6.668378
828.707696,0.751989,0.654028,6.668378
828.757667,0.670072,0.597497,6.668378
828.807676,0.564644,0.514597,6.668378
828.857675,0.472774,0.462098,6.668378
828.907680,0.418936,0.465849,6.629170
828.957675,0.376749,0.416537,6.679132
829.007682,0.326345,0.406269,6.679132
829.057683,0.307768,0.380418,6.679132
829.107690,0.286121,0.349910,6.679132
829.157682,0.306154,0.344333,6.679132
829.207693,0.312771,0.335573,6.679132
829.257698,0.269505,0.302549,6.679132
829.307699,0.298683,0.326460,6.679132
829.357697,0.306767,0.343535,6.679132
829.407699,0.335942,0.366913,6.679132
829.457708,0.344806,0.357003,6.679132
829.507672,0.369379,0.382028,6.679132
829.557680,0.394551,0.402716,6.679132
829.607689,0.428717,0.406201,6.679132
829.657683,0.434333,0.416760,6.679132
829.707687,0.424487,0.402750,6.679132
829.757692,0.418256,0.405606,6.679132
829.813009,0.413384,0.380950,6.679132
829.857696,0.405661,0.390616,6.679132
829.907703,0.378395,0.371163,6.723436
829.957703,0.365074,0.362810,6.850787
830.007704,0.327610,0.329321,6.850787
830.057696,0.306331,0.303256,6.850787
830.107709,0.274453,0.281767,6.850787
830.157706,0.264031,0.267070,6.850787
830.207716,0.231272,0.253263,6.850787
830.257681,0.217900,0.241985,6.850787
830.307683,0.202414,0.233806,6.850787
830.357683,0.201167,0.227127,6.850787
830.407692,0.200524,0.221858,6.850787
830.457698,0.201082,0.217748,6.850787
830.507707,0.200192,0.214675,6.850787
830.557698,0.197835,0.208245,6.850787
830.607702,0.192781,0.199174,6.850787
830.657705,0.180999,0.183560,6.850787
830.707710,0.176331,0.177414,6.850787
830.757708,0.160544,0.159706,6.850787
830.807718,0.151702,0.151898,6.850787
830.857702,0.165814,0.182697,6.850787
830.907712,0.216611,0.255551,6.924874
830.957731,0.264793,0.306342,7.087704
831.007691,0.320111,0.348822,7.087704
831.057691,0.373154,0.383194,7.087704
831.107695,0.432710,0.408040,7.087704
831.157703,0.485328,0.423513,7.087704
831.207700,0.514344,0.438712,7.087704
831.257708,0.504094,0.446939,7.087704
831.307704,0.498021,0.452058,7.087704
831.357715,0.494242,0.460619,7.087704
831.407717,0.503696,0.484428,7.087704
831.457720,0.518855,0.509182,7.087704
831.507718,0.522408,0.509864,7.087704
831.557720,0.544951,0.539390,7.087704
831.607722,0.553979,0.542148,7.087704
831.657730,0.560058,0.536700,7.087704
831.722225,0.557210,0.523902,7.087704
831.757698,0.546761,0.520924,7.087704
831.807702,0.542610,0.532640,7.087704
831.857706,0.558646,0.550899,7.087704
831.907710,0.567130,0.584202,7.204113
831.957710,0.567050,0.578145,7.473974
832.010903,0.565765,0.563996,7.473974
832.057713,0.570986,0.553301,7.473974
832.107713,0.577891,0.552373,7.473974
832.157714,0.573016,0.549521,7.473974
832.207716,0.569168,0.558839,7.473974
832.257722,0.550142,0.563753,7.473974
832.307726,0.556262,0.572315,7.473974
832.357723,0.563113,0.569129,7.473974
832.407728,0.574869,0.574233,7.473974
832.457733,0.580740,0.577227,7.473974
832.507703,0.586334,0.577657,7.473974
832.557702,0.586643,0.581138,7.473974
832.607711,0.587713,0.583088,7.473974
832.657716,0.585642,0.584743,7.473974
832.707711,0.580286,0.570168,7.473974
832.757721,0.575179,0.568446,7.473974
832.807711,0.563294,0.556609,7.473974
832.857719,0.559922,0.557291,7.473974
832.907730,0.547236,0.547128,7.466052
832.957721,0.521416,0.519723,7.576255
833.007729,0.494585,0.496352,7.576255
833.057734,0.475698,0.473250,7.576255
833.107739,0.453226,0.458988,7.576255
833.163979,0.435586,0.443471,7.576255
833.207745,0.401915,0.419661,7.576255
833.257707,0.366605,0.388087,7.576255
833.307711,0.352534,0.373130,7.576255
833.357712,0.349873,0.375782,7.576255
833.407714,0.346346,0.372228,7.576255
833.457717,0.336395,0.364015,7.576255
833.507721,0.336195,0.366569,7.576255
833.557722,0.340592,0.363221,7.576255
833.607730,0.352102,0.356709,7.576255
833.657735,0.351886,0.347371,7.576255
833.707732,0.345275,0.346898,7.576255
833.757731,0.345396,0.350274,7.576255
833.807743,0.351029,0.354081,7.576255
833.862119,0.337535,0.339906,7.576255
833.907750,0.336098,0.340996,7.631897
833.957756,0.336745,0.340842,7.803033
834.007719,0.308827,0.295689,7.803033
834.062034,0.279036,0.264186,7.803033
834.107724,0.241480,0.231438,7.803033
834.157722,0.209180,0.212547,7.803033
834.207722,0.186771,0.194896,7.803033
834.257734,0.148805,0.172848,7.803033
834.307736,0.112884,0.156399,7.803033
834.357741,0.108764,0.142203,7.803033
834.407736,0.101695,0.131052,7.803033
834.457739,0.101272,0.123881,7.803033
834.507730,0.096547,0.117969,7.803033
834.557748,0.092368,0.112486,7.803033
834.607744,0.089452,0.101965,7.803033
834.663853,0.087925,0.097877,7.803033
834.707752,0.091797,0.099679,7.803033
834.757725,0.090833,0.097271,7.803033
834.807725,0.090177,0.097340,7.803033
834.857727,0.092320,0.100483,7.803033
834.907734,0.098805,0.108202,7.796772
834.957740,0.107504,0.111899,7.937879
835.007738,0.111364,0.111270,7.937879
835.057732,0.114047,0.114101,7.937879
835.107744,0.121523,0.119183,7.937879
835.157750,0.127588,0.123323,7.937879
835.207750,0.136223,0.133078,7.937879
835.257752,0.136055,0.133999,7.937879
835.307740,0.133317,0.128751,7.937879
835.357756,0.141034,0.135609,7.937879
835.407745,0.144150,0.138179,7.937879
835.457764,0.146723,0.141922,7.937879
835.507728,0.147367,0.142657,7.937879
835.573794,0.141189,0.139874,7.937879
835.607731,0.139261,0.136608,7.937879
835.657743,0.135116,0.125132,7.937879
835.713149,0.125341,0.118833,7.937879
835.757749,0.118384,0.115137,7.937879
835.807743,0.109380,0.110444,7.937879
835.857747,0.099194,0.101829,7.937879
835.907749,0.095528,0.098304,7.691144
835.957745,0.088684,0.094998,7.514024
836.007759,0.086494,0.090020,7.514024
836.057766,0.086128,0.089981,7.514024
836.107759,0.082660,0.086754,7.514024
836.173740,0.077828,0.080048,7.514024
836.207763,0.082592,0.086211,7.514024
836.257733,0.077930,0.079251,7.514024
836.307743,0.073437,0.074031,7.514024
836.357743,0.074389,0.076095,7.514024
836.407746,0.074175,0.078904,7.514024
836.457753,0.077250,0.081533,7.514024
836.507763,0.079192,0.078626,7.514024
836.557753,0.073440,0.076458,7.514024
836.607762,0.075858,0.075768,7.514024
836.657756,0.078743,0.075830,7.514024
836.707758,0.079802,0.078717,7.514024
836.757760,0.077538,0.077501,7.514024
836.807774,0.077412,0.080336,7.514024
836.857765,0.079957,0.082042,7.514024
836.907773,0.085397,0.087198,7.553463
836.971792,0.088573,0.086216,7.721839
837.007747,0.102124,0.103026,7.721839
837.057747,0.111843,0.114785,7.721839
837.107743,0.114588,0.109529,7.721839
837.157752,0.113339,0.102700,7.721839
837.207761,0.112677,0.098399,7.721839
837.257762,0.109442,0.094063,7.721839
837.307761,0.112533,0.095648,7.721839
837.357759,0.097959,0.094807,7.721839
837.433634,0.081017,0.085647,7.721839
837.457768,0.093163,0.101080,7.721839
837.523002,0.094256,0.099074,7.721839
837.557772,0.102879,0.108252,7.721839
837.607764,0.105043,0.105143,7.721839
837.657771,0.102977,0.101666,7.721839
837.707768,0.101681,0.097897,7.721839
837.757751,0.102293,0.089065,7.721839
837.807755,0.091616,0.088102,7.721839
837.857758,0.087128,0.082830,7.721839
837.907767,0.078029,0.082372,7.570856
837.957767,0.076525,0.082395,7.613972
838.007766,0.069502,0.073484,7.613972
838.057771,0.065965,0.070185,7.613972
838.107768,0.061612,0.060753,7.613972
838.181769,0.052739,0.052543,7.613972
838.207775,0.050549,0.050919,7.613972
838.257781,0.045555,0.048626,7.613972
838.313552,0.039287,0.044045,7.613972
838.357787,0.040548,0.045497,7.613972
838.407779,0.041165,0.046009,7.613972
838.457778,0.042154,0.043121,7.613972
838.507756,0.044460,0.041285,7.613972
838.557761,0.047208,0.044707,7.613972
838.607766,0.051865,0.047788,7.613972
838.657771,0.049653,0.045866,7.613972
838.707772,0.048530,0.045463,7.613972
838.757775,0.056284,0.054074,7.613972
838.807773,0.064748,0.060949,7.613972
838.857774,0.065373,0.057616,7.613972
838.921648,0.061533,0.055021,7.561016
838.957776,0.055587,0.049018,7.590172
839.007779,0.049082,0.038254,7.590172
839.057795,0.049450,0.040209,7.590172
839.107790,0.041153,0.039510,7.590172
839.157787,0.032614,0.037921,7.590172
839.207798,0.030376,0.036317,7.590172
839.257770,0.027222,0.033539,7.590172
839.307782,0.027318,0.031922,7.590172
839.357772,0.032471,0.032203,7.590172
839.407773,0.030247,0.032431,7.590172
839.457780,0.029394,0.032039,7.590172
839.507773,0.027221,0.028731,7.590172
839.557786,0.034825,0.039746,7.590172
839.607780,0.032762,0.033436,7.590172
839.657788,0.033311,0.032658,7.590172
839.733443,0.039783,0.041621,7.590172
839.757792,0.040714,0.041071,7.590172
839.807792,0.055604,0.059578,7.590172
839.857782,0.071435,0.072708,7.590172
839.907806,0.076572,0.082382,7.505427
839.957804,0.093572,0.091434,7.484023
840.007773,0.108456,0.100195,7.484023
840.057775,0.115819,0.105958,7.484023
840.107777,0.129069,0.110582,7.484023
840.185555,0.118113,0.100370,7.484023
840.207779,0.133123,0.126614,7.484023
840.257781,0.125313,0.114361,7.484023
840.307789,0.123862,0.114611,7.484023
840.357796,0.121449,0.115338,7.484023
840.407794,0.119273,0.114619,7.484023
840.457797,0.124445,0.124241,7.484023
840.507801,0.134386,0.125446,7.484023
840.557788,0.114186,0.118049,7.484023
840.607803,0.127749,0.126108,7.484023
840.663357,0.135760,0.134091,7.484023
840.707804,0.133491,0.130775,7.484023
840.757777,0.133536,0.126245,7.484023
840.807785,0.118933,0.113448,7.484023
840.857785,0.108139,0.101547,7.484023
840.907789,0.101878,0.090158,7.483694
840.971506,0.084482,0.079762,7.498786
841.007793,0.066529,0.069922,7.498786
841.060459,0.055040,0.063795,7.498786
841.107799,0.044913,0.059208,7.498786
841.157790,0.041270,0.054494,7.498786
841.207795,0.032921,0.042936,7.498786
841.257813,0.031612,0.041114,7.498786
841.307809,0.027757,0.035642,7.498786
841.362678,0.025215,0.031473,7.498786
841.407825,0.024550,0.032225,7.498786
841.457804,0.027828,0.038692,7.498786
841.519729,0.028641,0.039271,7.498786
841.557793,0.035347,0.040095,7.498786
841.607796,0.043555,0.050403,7.498786
841.657799,0.051817,0.054763,7.498786
841.707797,0.057836,0.055112,7.498786
841.757797,0.078389,0.079861,7.498786
841.807801,0.094253,0.098904,7.498786
841.857805,0.097916,0.092461,7.498786
841.907811,0.106538,0.094816,7.644959
841.957808,0.105687,0.092853,7.813495
842.036484,0.110249,0.095404,7.813495
842.057808,0.127003,0.111879,7.813495
842.107822,0.118705,0.113065,7.813495
842.157820,0.114120,0.118005,7.813495
842.207819,0.139988,0.143985,7.813495
842.257787,0.151963,0.153339,7.813495
842.307798,0.180100,0.179462,7.813495
842.371341,0.197374,0.189160,7.813495
842.407803,0.206545,0.198864,7.813495
842.457802,0.217187,0.197009,7.813495
842.507808,0.231206,0.202883,7.813495
842.557812,0.247193,0.235736,7.813495
842.607817,0.268288,0.257031,7.813495
842.657816,0.280469,0.279617,7.813495
842.707817,0.299723,0.296027,7.813495
842.757826,0.320273,0.311752,7.813495
842.807824,0.347109,0.324429,7.813495
842.857824,0.412396,0.395132,7.813495
842.907830,0.467754,0.468890,7.827557
842.957833,0.505345,0.495388,7.884489
843.007799,0.545141,0.527674,7.884489
843.057800,0.580409,0.542988,7.884489
843.107803,0.634324,0.585132,7.884489
843.157809,0.680575,0.608596,7.884489
843.207808,0.677582,0.619055,7.884489
843.257834,0.668828,0.635629,7.884489
843.307813,0.715115,0.693652,7.884489
843.371448,0.742570,0.724799,7.884489
843.407821,0.783519,0.758252,7.884489
843.457827,0.817098,0.803878,7.884489
843.507824,0.846063,0.824301,7.884489
843.557827,0.873039,0.829494,7.884489
843.607836,0.899731,0.841217,7.884489
843.657838,0.894430,0.850063,7.884489
843.707840,0.892780,0.849821,7.884489
843.757810,0.899104,0.864810,7.884489
843.807811,0.886222,0.867871,7.884489
843.857811,0.912932,0.915489,7.884489
843.907822,0.954306,0.954401,8.040509
843.957820,0.998769,1.000402,8.293773
844.007821,1.070980,1.074106,8.293773
844.057828,1.136772,1.133427,8.293773
844.107831,1.201996,1.182510,8.293773
844.157832,1.283486,1.237981,8.293773
844.207829,1.317260,1.259215,8.293773
844.257837,1.438121,1.399592,8.293773
844.307836,1.562987,1.531838,8.293773
844.357840,1.731083,1.734210,8.293773
844.407826,1.941367,1.951232,8.293773
844.471179,2.035546,1.972267,8.293773
844.507813,2.128006,1.997849,8.293773
844.557812,2.410578,2.261395,8.293773
844.631153,2.485565,2.307328,8.293773
844.657822,2.613444,2.436737,8.293773
844.707824,2.684400,2.557268,8.293773
844.781762,2.573207,2.454549,8.293773
844.807832,2.733516,2.594486,8.293773
844.857832,2.781040,2.570196,8.293773
844.907835,2.479082,2.295333,8.621269
844.957840,2.467214,2.319783,9.089458
845.007844,2.069418,1.881610,9.089458
845.057844,1.643455,1.518501,9.089458
845.107842,1.370121,1.241466,9.089458
845.157849,0.936486,1.009630,9.089458
845.207850,0.596121,0.825688,9.089458
845.257820,0.440951,0.680304,9.089458
845.307822,0.134414,0.567882,9.089458
845.357825,0.147638,0.483649,9.089458
845.407828,0.162746,0.418353,9.089458
845.457836,0.369885,0.684618,9.089458
845.507834,0.634838,0.943880,9.089458
845.557841,0.898767,1.145984,9.089458
845.607836,1.141238,1.284735,9.089458
845.657843,1.381028,1.395728,9.089458
845.707845,1.622485,1.486507,9.089458
845.757852,1.782054,1.440257,9.089458
845.821051,1.637809,1.301942,9.089458
845.857855,1.359886,1.046741,9.089458
845.907854,1.078323,0.830350,9.573086
845.957856,1.023552,0.958605,10.126300
846.007834,1.000866,1.104239,10.126300
846.057831,0.982927,1.227455,10.126300
846.107830,1.060309,1.341110,10.126300
846.157843,1.216549,1.441702,10.126300
846.207839,1.460873,1.500005,10.126300
846.257843,1.724226,1.561661,10.126300
846.307843,1.804628,1.657898,10.126300
846.358026,1.848039,1.725254,10.126300
846.407854,1.888923,1.781233,10.126300
846.457854,1.924661,1.832966,10.126300
846.507859,2.010863,1.954944,10.126300
846.557859,2.116415,2.058519,10.126300
846.607860,2.211746,2.143358,10.126300
846.657865,2.068026,1.923359,10.126300
846.707864,1.988492,1.828449,10.126300
846.757840,1.864598,1.690421,10.126300
846.807842,1.846894,1.730119,10.126300
846.857839,1.794908,1.795790,10.126300
846.907844,1.740229,1.849308,10.483148
846.957843,1.695163,1.912208,10.890040
847.007850,1.870771,1.989269,10.890040
847.057848,1.948692,1.994280,10.890040
847.107854,2.097212,2.032405,10.890040
847.157856,2.207792,2.157513,10.890040
847.207858,2.284261,2.244640,10.890040
847.257864,2.360992,2.313960,10.890040
847.312179,2.423132,2.372016,10.890040
847.357872,2.121659,1.934954,10.890040
847.407874,1.876912,1.606935,10.890040
847.457872,1.605776,1.341872,10.890040
847.507840,1.267662,1.138785,10.890040
847.557851,0.947560,0.991697,10.890040
847.607847,0.832017,1.136427,10.890040
847.657852,0.695896,1.212777,10.890040
847.707859,0.898096,1.306922,10.890040
847.757855,1.157527,1.473115,10.890040
847.807864,1.229446,1.343213,10.890040
847.857861,1.311345,1.256209,10.890040
847.907870,1.284966,1.041830,11.302928
847.957868,1.083124,0.896183,11.769356
848.007874,0.873094,0.727805,11.769356
848.057874,0.643683,0.596362,11.769356
848.120964,0.361563,0.495098,11.769356
848.157879,0.317967,0.480799,11.769356
848.212727,0.285240,0.455449,11.769356
848.257849,0.353969,0.480891,11.769356
848.307859,0.581608,0.859518,11.769356
848.357856,0.879671,1.146831,11.769356
848.407863,1.199156,1.402151,11.769356
848.457863,1.536253,1.621670,11.769356
848.507860,1.864704,1.818255,11.769356
848.557869,2.079625,1.788890,11.769356
848.607870,2.126760,1.532594,11.769356
848.657866,1.756712,1.252103,11.769356
848.707868,1.455302,1.044385,11.769356
848.757870,1.125478,0.876830,11.769356
848.807872,0.774920,0.716327,11.769356
848.857874,0.409424,0.576247,11.769356
848.907887,0.219201,0.494551,12.118356
848.957893,0.247348,0.486712,12.511227
849.007861,0.262226,0.426939,12.511227
849.057863,0.266441,0.386599,12.511227
849.107868,0.309162,0.414858,12.511227
849.157869,0.517482,0.734668,12.511227
849.207862,0.778558,0.982611,12.511227
849.257870,1.034829,1.181935,12.511227
849.307875,1.291837,1.372626,12.511227
849.357879,1.711431,1.711512,12.511227
849.407877,2.128553,1.986466,12.511227
849.457881,2.520257,2.206306,12.511227
849.507885,2.651074,2.380883,12.511227
849.557886,2.803614,2.522708,12.511227
849.607894,2.952224,2.637173,12.511227
849.657889,3.088348,2.734712,12.511227
849.707896,2.871914,2.504068,12.511227
849.757867,2.660870,2.324886,12.511227
849.807865,2.496499,2.235442,12.511227
849.857868,2.352310,2.177486,12.511227
849.907874,2.220525,2.164857,12.722672
849.957873,2.122466,2.209970,12.960409
850.007892,1.953624,2.150935,12.960409
850.057875,2.072477,2.232755,12.960409
850.107879,2.109024,2.174781,12.960409
850.157887,2.159403,2.191703,12.960409
850.207880,2.199523,2.199994,12.960409
850.268622,1.934875,1.807632,12.960409
850.307899,1.728819,1.636805,12.960409
850.357883,1.576690,1.482712,12.960409
850.407898,1.286371,1.297134,12.960409
850.457901,1.152303,1.239625,12.960409
850.507876,1.005041,1.203928,12.960409
850.557871,0.892124,1.158230,12.960409
850.607878,0.977498,1.111931,12.960409
850.657883,1.121388,1.342125,12.960409
850.707881,1.350173,1.607292,12.960409
850.757889,1.580894,1.730069,12.960409
850.807891,1.727720,1.787382,12.960409
850.857889,1.824344,1.754268,12.960409
850.907895,2.066951,1.923590,12.956816
850.957900,2.252249,1.970726,12.954621
851.007896,2.209777,1.992678,12.954621
851.057900,2.123754,2.022546,12.954621
851.107903,2.099561,2.032983,12.954621
851.162480,2.090014,2.018076,12.954621
851.207914,2.151934,2.026034,12.954621
851.257876,2.086357,2.042945,12.954621
851.307880,2.067702,2.037861,12.954621
851.357881,2.049594,2.025482,12.954621
851.407883,2.146157,2.187996,12.954621
851.457888,2.257167,2.320660,12.954621
851.507891,2.386429,2.428853,12.954621
851.557898,2.504199,2.517278,12.954621
851.607895,2.619375,2.589057,12.954621
851.657903,2.724317,2.618873,12.954621
851.707897,2.817571,2.622360,12.954621
851.781803,2.751129,2.577502,12.954621
851.807908,2.675785,2.528472,12.954621
851.857915,2.401880,2.211565,12.954621
851.907910,2.133972,1.965901,12.954343
851.957923,1.868624,1.775243,12.954235
852.007888,1.658641,1.678514,12.954235
852.057885,1.515928,1.669130,12.954235
852.107903,1.469598,1.742221,12.954235
852.157890,1.340914,1.680581,12.954235
852.207894,1.510331,1.767676,12.954235
852.257900,1.625794,1.772672,12.954235
852.307897,1.742821,1.792036,12.954235
852.357900,1.935698,1.969048,12.954235
852.407910,2.091046,2.123045,12.954235
852.457913,2.180100,2.228456,12.954235
852.507909,2.371484,2.324878,12.954235
852.557914,2.465765,2.396400,12.954235
852.607919,2.588652,2.459763,12.954235
852.657916,2.692144,2.495346,12.954235
852.707923,2.681678,2.521187,12.954235
852.757897,2.564674,2.403096,12.954235
852.807894,2.460994,2.308326,12.954235
852.857894,2.347005,2.230606,12.954235
852.907898,2.248196,2.181054,12.820903
852.957901,2.142676,2.137940,12.688458
853.007910,2.055906,2.111449,12.688458
853.057903,1.956989,2.073424,12.688458
853.107907,1.976588,2.069975,12.688458
853.157917,2.058697,2.162266,12.688458
853.207906,2.092076,2.165616,12.688458
853.257915,2.148788,2.209931,12.688458
853.307921,2.207661,2.243004,12.688458
853.357912,2.198026,2.179339,12.688458
853.407927,2.254480,2.207495,12.688458
853.457937,2.287670,2.223131,12.688458
853.507902,2.257954,2.244380,12.688458
853.557900,2.267163,2.244455,12.688458
853.607908,2.244054,2.241072,12.688458
853.657915,2.230636,2.249569,12.688458
853.707910,2.282400,2.256767,12.688458
853.757915,2.275667,2.260412,12.688458
853.807911,2.232101,2.204844,12.688458
853.857916,2.171089,2.144981,12.688458
853.907926,2.123660,2.098279,12.739493
853.971012,2.091496,2.076131,12.806929
854.007931,2.060812,2.070911,12.806929
854.057920,2.012266,2.042715,12.806929
854.110363,1.928096,1.969262,12.806929
854.157931,2.042606,2.142485,12.806929
854.207932,2.139199,2.236578,12.806929
854.257906,2.218360,2.288146,12.806929
854.307907,2.341675,2.397396,12.806929
854.357914,2.481272,2.496735,12.806929
854.407910,2.554284,2.464906,12.806929
854.457920,2.616228,2.415591,12.806929
854.507918,2.526443,2.384308,12.806929
854.557917,2.486037,2.377349,12.806929
854.607927,2.447338,2.350519,12.806929
854.657927,2.376179,2.345016,12.806929
854.707929,2.281761,2.320255,12.806929
854.757935,2.279261,2.318266,12.806929
854.807929,2.294331,2.321368,12.806929
854.857937,2.271027,2.278327,12.806929
854.907941,2.245038,2.256706,12.808489
854.957953,2.251454,2.264266,12.810936
855.007911,2.290168,2.330539,12.810936
855.057914,2.224431,2.216667,12.810936
855.107918,2.185823,2.181394,12.810936
855.157923,2.078287,2.061726,12.810936
855.207925,1.999722,1.961391,12.810936
855.260265,1.934565,1.912889,12.810936
855.307930,1.854540,1.873417,12.810936
855.357936,1.730534,1.837092,12.810936
855.407929,1.756198,1.856768,12.810936
855.457931,1.726927,1.852610,12.810936
855.507948,1.906098,2.056326,12.810936
855.557935,1.987826,2.072110,12.810936
855.607949,2.061158,2.106370,12.810936
855.657938,2.118128,2.108555,12.810936
855.707959,2.153672,2.074627,12.810936
855.757920,2.194379,2.102168,12.810936
855.807928,2.243181,2.117715,12.810936
855.857925,2.142672,2.128318,12.810936
855.907927,2.140127,2.126696,12.741529
855.957932,2.143586,2.153561,12.664107
856.007937,2.154657,2.162557,12.664107
856.057939,2.183520,2.157797,12.664107
856.107951,2.282909,2.308230,12.664107
856.157942,2.325843,2.343343,12.664107
856.207943,2.364792,2.361689,12.664107
856.280188,2.413775,2.379318,12.664107
856.307947,2.448558,2.395621,12.664107
856.357974,2.138760,1.914492,12.664107
856.407961,1.831927,1.534925,12.664107
856.457949,1.417574,1.229771,12.664107
856.507927,1.065239,0.988597,12.664107
856.557932,0.713673,0.794636,12.664107
856.607933,0.362442,0.638785,12.664107
856.657935,0.053170,0.516260,12.664107
856.707936,0.055725,0.414531,12.664107
856.757948,0.079886,0.344883,12.664107
856.807944,0.112610,0.302334,12.664107
856.857949,0.135137,0.285251,12.664107
856.907949,0.155161,0.267702,12.592766
856.957957,0.168489,0.248300,12.514026
857.007962,0.180908,0.236715,12.514026
857.057963,0.201876,0.232276,12.514026
857.107960,0.210005,0.233231,12.514026
857.157956,0.230590,0.260567,12.514026
857.207958,0.273938,0.312005,12.514026
857.257932,0.284097,0.298214,12.514026
857.307937,0.384771,0.424063,12.514026
857.357943,0.456901,0.485156,12.514026
857.407943,0.611312,0.648945,12.514026
857.457943,0.865522,0.933033,12.514026
857.507948,1.077924,1.099424,12.514026
857.557946,1.304035,1.255911,12.514026
857.607970,1.556594,1.401070,12.514026
857.657954,1.692831,1.535733,12.514026
857.707950,1.886135,1.648183,12.514026
857.757961,2.024484,1.765969,12.514026
857.807960,2.038578,1.857138,12.514026
857.857963,2.101039,1.926026,12.514026
857.907970,2.133164,1.962540,12.229900
857.957967,2.164379,2.010404,11.913843
858.007947,2.188472,2.055522,11.913843
858.057947,2.247628,2.145540,11.913843
858.107957,2.141696,2.018083,11.913843
858.157953,2.132512,2.046319,11.913843
858.207951,2.099216,2.030666,11.913843
858.257954,2.053481,1.983039,11.913843
858.307953,1.990475,1.936403,11.913843
858.357955,1.986114,1.989398,11.913843
858.407964,1.928042,2.012798,11.913843
858.457957,1.990971,2.002209,11.913843
858.507959,1.957300,1.986156,11.913843
858.557986,1.944278,1.964784,11.913843
858.607960,1.964388,1.958125,11.913843
858.657978,1.995340,1.958527,11.913843
858.707970,1.907080,1.884044,11.913843
858.757947,1.803702,1.784498,11.913843
858.807954,1.629460,1.576206,11.913843
858.857954,1.677463,1.710131,11.913843
858.907953,1.682929,1.753242,11.702976
858.957967,1.671891,1.772789,11.470478
859.007960,1.679959,1.819018,11.470478
859.070215,1.723138,1.833946,11.470478
859.107977,1.805589,1.862174,11.470478
859.157966,1.978822,1.880253,11.470478
859.207969,1.960591,1.928866,11.470478
859.257977,2.028598,2.023288,11.470478
859.307971,2.092930,2.078977,11.470478
859.357978,2.133567,2.121186,11.470478
859.407986,2.167848,2.123357,11.470478
859.457983,2.188213,2.122377,11.470478
859.519911,2.135915,2.014742,11.470478
859.557958,2.070118,1.945671,11.470478
859.607960,2.015997,1.961351,11.470478
859.657960,1.984901,1.985387,11.470478
859.707967,1.959583,2.007185,11.470478
859.757976,2.003870,2.093561,11.470478
859.807969,2.072268,2.194508,11.470478
859.857977,2.149842,2.179548,11.470478
859.907975,2.252977,2.225851,11.256431
859.957977,2.307990,2.262762,11.020790
860.007983,2.363690,2.304018,11.020790
860.057983,2.562926,2.542636,11.020790
860.107989,2.377561,2.262839,11.020790
860.157993,2.370052,2.321245,11.020790
860.207986,2.470510,2.418050,11.020790
860.257963,2.137227,1.941893,11.020790
860.307976,1.800500,1.564104,11.020790
860.357965,1.574360,1.419476,11.020790
860.407974,1.200084,1.315763,11.020790
860.457973,1.191623,1.264924,11.020790
860.507977,0.954604,1.192552,11.020790
860.557978,0.677392,1.142653,11.020790
860.607983,0.801042,1.094644,11.020790
860.691278,0.921765,1.054952,11.020790
860.707991,0.795204,0.835407,11.020790
860.757982,0.672617,0.675773,11.020790
860.807992,0.529324,0.550516,11.020790
860.857994,0.406349,0.444161,11.020790
860.907986,0.272523,0.362101,10.950348
860.957995,0.136693,0.280650,10.871952
861.007973,0.056033,0.219264,10.871952
861.057970,0.051014,0.172499,10.871952
861.107975,0.057132,0.138176,10.871952
861.157985,0.071402,0.114649,10.871952
861.207980,0.078877,0.094569,10.871952
861.257980,0.067256,0.070056,10.871952
861.307986,0.048119,0.052775,10.871952
861.357991,0.029487,0.048813,10.871952
861.407993,0.032470,0.056156,10.871952
861.457998,0.036278,0.061151,10.871952
861.508000,0.036996,0.059698,10.871952
861.557997,0.038909,0.050964,10.871952
861.608013,0.041238,0.041392,10.871952
861.658006,0.055818,0.054131,10.871952
861.708008,0.061040,0.060125,10.871952
861.757977,0.058175,0.059155,10.871952
861.807983,0.051250,0.051184,10.871952
861.857982,0.049011,0.050789,10.871952
861.907983,0.059344,0.060578,10.801533
861.957990,0.080305,0.077290,10.723116
862.022458,0.067102,0.065686,10.723116
862.057994,0.063884,0.064285,10.723116
862.107995,0.055105,0.049534,10.723116
862.157993,0.069516,0.067020,10.723116
862.207996,0.074219,0.071843,10.723116
862.258005,0.083906,0.089815,10.723116
862.308007,0.108854,0.120807,10.723116
862.370298,0.210239,0.266537,10.723116
862.419670,0.311453,0.380622,10.723116
862.458019,0.468757,0.519648,10.723116
862.507981,0.610304,0.645845,10.723116
862.557984,0.904576,0.924672,10.723116
862.607986,1.204007,1.148591,10.723116
862.658002,1.487622,1.332170,10.723116
862.707992,1.625720,1.473516,10.723116
862.757993,1.780908,1.582224,10.723116
862.807997,1.915771,1.676049,10.723116
862.857998,2.051769,1.761815,10.723116
862.908001,2.061698,1.831562,10.725971
862.958004,2.074181,1.891043,10.730230
863.008006,2.093785,1.952970,10.730230
863.058008,2.106035,1.987874,10.730230
863.108011,2.150492,2.056934,10.730230
863.158017,2.224217,2.158855,10.730230
863.208016,2.314597,2.273510,10.730230
863.257993,2.326900,2.255693,10.730230
863.308003,2.355079,2.272122,10.730230
863.357993,2.437284,2.373074,10.730230
863.407999,2.495799,2.406171,10.730230
863.457999,2.515020,2.418535,10.730230
863.508003,2.491645,2.415522,10.730230
863.558005,2.445759,2.414847,10.730230
863.608008,2.478611,2.413686,10.730230
863.658013,2.478837,2.400441,10.730230
863.721440,2.315554,2.246919,10.730230
863.758025,2.188654,2.125704,10.730230
863.808017,2.074841,2.032512,10.730230
863.858020,1.967586,1.954791,10.730230
863.908027,1.855181,1.890568,10.796143
863.958023,1.744093,1.841376,10.872679
864.007994,1.645120,1.805353,10.872679
864.058003,1.676044,1.814378,10.872679
864.108006,1.701966,1.815605,10.872679
864.158001,1.736666,1.833058,10.872679
864.208014,1.782513,1.859385,10.872679
864.258007,1.831605,1.882896,10.872679
864.308009,1.885581,1.911011,10.872679
864.358018,1.957410,1.960811,10.872679
864.408023,1.975615,1.964224,10.872679
864.458020,2.007915,1.981073,10.872679
864.508026,2.046052,2.019390,10.872679
864.558026,2.127580,2.122613,10.872679
864.608034,2.268703,2.291212,10.872679
864.658020,2.370106,2.379830,10.872679
864.708033,2.499239,2.517278,10.872679
864.758009,2.643277,2.608097,10.872679
864.808005,2.747851,2.639313,10.872679
864.858006,2.866811,2.710681,10.872679
864.908016,2.959569,2.800606,10.870135
864.958014,2.956331,2.839511,10.876671
865.021336,2.988409,2.864645,10.876671
865.058025,2.922900,2.812903,10.876671
865.108022,2.762849,2.617827,10.876671
865.171325,2.608446,2.432137,10.876671
865.208026,2.443867,2.314572,10.876671
865.258033,2.312599,2.298577,10.876671
865.308028,2.242054,2.339985,10.876671
865.358056,2.165864,2.357592,10.876671
865.408034,2.133673,2.363405,10.876671
865.458040,2.204464,2.362948,10.876671
865.508006,2.306196,2.376442,10.876671
865.558018,2.404144,2.400855,10.876671
865.608016,2.466479,2.450782,10.876671
865.658024,2.615738,2.665033,10.876671
865.708019,2.735024,2.778113,10.876671
865.758023,2.849883,2.863017,10.876671
865.808067,2.939573,2.906419,10.876671
865.858028,2.838426,2.657101,10.876671
865.908030,2.730946,2.469779,11.017727
865.958039,2.601244,2.323620,11.174222
866.008044,2.354802,2.204347,11.174222
866.058043,2.152306,2.113236,11.174222
866.108049,1.945196,2.041626,11.174222
866.158038,1.749423,1.981959,11.174222
866.208048,1.748994,1.929844,11.174222
866.258028,1.763376,1.913947,11.174222
866.308021,1.872941,2.040378,11.174222
866.381215,1.849545,1.946593,11.174222
866.408031,1.934866,2.027017,11.174222
866.458032,1.898497,1.923337,11.174222
866.521204,1.804668,1.757001,11.174222
866.558035,1.881939,1.857590,11.174222
866.609943,1.854074,1.816526,11.174222
866.679318,1.712403,1.757187,11.174222
866.708034,1.728839,1.739604,11.174222
866.758046,1.680612,1.802059,11.174222
866.808058,1.726267,1.809875,11.174222
866.858048,1.924835,1.946527,11.174222
866.908060,1.853468,1.907840,11.312165
866.958047,1.913424,1.937593,11.466002
867.008023,1.956965,1.915723,11.466002
867.058029,2.075085,2.017673,11.466002
867.108036,2.221336,2.236326,11.466002
867.158035,2.251836,2.201566,11.466002
867.208036,2.072347,2.015229,11.466002
867.258034,2.040609,1.922512,11.466002
867.308047,1.975788,1.858846,11.466002
867.358049,1.955023,1.818998,11.466002
867.408051,1.864796,1.812100,11.466002
867.469261,1.629064,1.725853,11.466002
867.508050,1.559443,1.686647,11.466002
867.558056,1.580031,1.656184,11.466002
867.608056,1.697331,1.813940,11.466002
867.670496,1.787052,1.894885,11.466002
867.708059,1.923597,2.022315,11.466002
867.758033,2.060135,2.131783,11.466002
867.808037,2.292449,2.319092,11.466002
867.858038,2.409893,2.328630,11.466002
867.908044,2.523822,2.344675,11.536522
867.958049,2.607271,2.493621,11.618305
868.008052,2.687332,2.551007,11.618305
868.058048,2.730201,2.607025,11.618305
868.111067,2.616198,2.429847,11.618305
868.158055,2.467770,2.347064,11.618305
868.208059,2.418620,2.286685,11.618305
868.258061,2.358930,2.232011,11.618305
868.308066,2.201103,2.179614,11.618305
868.358062,2.092648,2.141677,11.618305
868.408069,1.974637,2.117376,11.618305
868.458075,2.021400,2.110850,11.618305
868.508038,2.036147,2.115159,11.618305
868.558044,2.050125,2.120830,11.618305
868.608040,2.262906,2.396492,11.618305
868.658046,2.474417,2.606528,11.618305
868.708054,2.531867,2.560786,11.618305
868.758057,2.527062,2.440837,11.618305
868.808051,2.513817,2.355235,11.618305
868.858063,2.482486,2.267989,11.618305
868.908056,2.456405,2.209135,11.758519
868.958061,2.256503,2.189670,11.916469
869.008072,2.065426,2.171318,11.916469
869.058084,2.028283,2.155250,11.916469
869.108072,2.030842,2.121420,11.916469
869.160981,2.032954,2.103107,11.916469
869.208080,2.063039,2.109239,11.916469
869.258049,2.135613,2.184857,11.916469
869.308045,2.192376,2.250818,11.916469
869.358055,2.257436,2.312688,11.916469
869.408052,2.321608,2.357677,11.916469
869.458059,2.397985,2.390941,11.916469
869.508061,2.458701,2.404420,11.916469
869.558061,2.367549,2.224071,11.916469
869.608063,2.248212,2.109866,11.916469
869.658067,2.134426,2.028444,11.916469
869.708069,1.998488,1.938176,11.916469
869.758076,1.862182,1.857789,11.916469
869.808072,1.763313,1.847894,11.916469
869.858084,1.626080,1.783680,11.916469
869.908082,1.633814,1.749975,11.844201
869.958082,1.696887,1.824446,11.767120
870.008053,1.705292,1.812752,11.767120
870.058062,1.776896,1.856285,11.767120
870.108060,1.833858,1.871900,11.767120
870.158062,1.873649,1.910914,11.767120
870.208066,1.933794,1.923211,11.767120
870.258070,1.984269,1.931863,11.767120
870.308075,1.965250,1.945585,11.767120
870.358074,2.059011,2.043975,11.767120
870.408072,2.114488,2.119362,11.767120
870.458086,2.215384,2.215838,11.767120
870.520871,2.301257,2.292903,11.767120
870.558078,2.371016,2.326823,11.767120
870.608089,2.450685,2.372107,11.767120
870.658089,2.561279,2.456340,11.767120
870.708095,2.577051,2.484999,11.767120
870.758067,2.629638,2.548313,11.767120
870.808059,2.642492,2.576018,11.767120
870.858070,2.636680,2.568228,11.767120
870.908071,2.665586,2.580116,11.765519
870.958068,2.676961,2.591341,11.768081
871.008076,2.649056,2.590212,11.768081
871.058076,2.584998,2.504922,11.768081
871.108074,2.470217,2.408945,11.768081
871.158086,2.425753,2.399416,11.768081
871.208077,2.391187,2.382063,11.768081
871.258091,2.323758,2.340602,11.768081
871.308090,2.230474,2.268932,11.768081
871.358096,2.172037,2.249307,11.768081
871.408100,2.196047,2.266465,11.768081
871.458114,2.268690,2.319731,11.768081
871.508066,2.209168,2.244762,11.768081
871.558072,2.332482,2.432761,11.768081
871.608068,2.330221,2.378884,11.768081
871.658070,2.323894,2.289370,11.768081
871.708071,2.273443,2.196282,11.768081
871.758072,2.213851,2.140894,11.768081
871.808100,2.142558,2.119117,11.768081
871.858086,2.147656,2.091427,11.768081
871.908084,1.974701,2.063809,11.838710
871.958089,1.939017,2.031344,11.920243
872.008100,1.942524,2.018186,11.920243
872.058099,2.004484,2.068566,11.920243
872.108100,2.008156,2.047253,11.920243
872.158108,2.030983,2.076426,11.920243
872.208102,2.073046,2.115342,11.920243
872.258074,2.175677,2.224850,11.920243
872.308083,2.342797,2.393799,11.920243
872.358084,2.498546,2.525075,11.920243
872.408088,2.210102,2.061134,11.920243
872.458087,2.037367,1.811727,11.920243
872.518842,1.913507,1.714072,11.920243
872.558090,1.917858,1.829640,11.920243
872.608096,1.793275,1.826745,11.920243
872.658100,1.571125,1.764845,11.920243
872.708102,1.363511,1.714866,11.920243
872.758099,1.639677,1.800766,11.920243
872.808109,1.829700,1.869120,11.920243
872.858100,1.872190,1.828844,11.920243
872.908113,1.862016,1.911453,12.063683
872.958094,1.913421,1.962579,12.222730
873.008086,1.999028,1.989968,12.222730
873.058083,1.793809,1.603409,12.222730
873.120665,1.493080,1.292104,12.222730
873.158092,1.201850,1.055480,12.222730
873.208095,0.970808,0.858122,12.222730
873.258092,0.669622,0.712152,12.222730
873.308101,0.378275,0.592954,12.222730
873.358101,0.089143,0.493057,12.222730
873.418792,0.092682,0.410758,12.222730
873.458107,0.140103,0.382098,12.222730
873.508107,0.223505,0.404673,12.222730
873.558113,0.325347,0.455053,12.222730
873.608118,0.510475,0.683765,12.222730
873.658113,0.674791,0.825934,12.222730
873.718787,0.844233,0.937501,12.222730
873.758089,1.036407,1.043737,12.222730
873.808096,1.020443,0.884412,12.222730
873.858100,1.006224,0.769768,12.222730
873.908091,0.993638,0.672226,12.216010
873.958102,0.849114,0.672706,12.211529
874.008104,0.685263,0.610918,12.211529
874.058109,0.527604,0.557233,12.211529
874.108107,0.427442,0.595941,12.211529
874.158112,0.472935,0.589763,12.211529
874.208109,0.501914,0.575793,12.211529
874.258109,0.574155,0.619962,12.211529
874.308107,0.614505,0.686657,12.211529
874.358122,0.704205,0.745803,12.211529
874.408118,0.770947,0.757690,12.211529
874.458134,0.799074,0.797845,12.211529
874.508101,0.866335,0.847819,12.211529
874.558099,1.022458,1.002241,12.211529
874.608107,1.151030,1.142064,12.211529
874.658105,1.271422,1.271293,12.211529
874.708105,1.456912,1.470787,12.211529
874.758105,1.645440,1.599610,12.211529
874.808111,1.826613,1.722728,12.211529
874.858109,2.050615,1.898508,12.211529
874.908103,2.182114,2.035815,12.424850
874.958121,2.285887,2.116481,12.660942
875.008126,2.396920,2.195173,12.660942
875.058135,2.454524,2.283664,12.660942
875.108124,2.604237,2.458104,12.660942
875.158134,2.729857,2.585026,12.660942
875.208138,2.804902,2.689501,12.660942
875.258105,2.874627,2.759519,12.660942
875.308107,2.516376,2.214965,12.660942
875.358109,2.163010,1.787038,12.660942
875.408111,1.794000,1.439419,12.660942
875.458113,1.353133,1.160571,12.660942
875.508120,0.916153,0.937445,12.660942
875.558117,0.484767,0.763274,12.660942
875.608117,0.173694,0.641745,12.660942
875.658114,0.247506,0.570269,12.660942
875.708121,0.358887,0.726609,12.660942
875.758134,0.580476,0.948499,12.660942
875.808122,0.794424,1.088894,12.660942
875.858124,1.024496,1.209644,12.660942
875.908128,1.221807,1.269724,12.731493
875.958150,1.461811,1.398390,12.809367
876.008110,1.691875,1.490479,12.809367
876.058111,1.716117,1.501353,12.809367
876.108118,1.684996,1.529356,12.809367
876.158116,1.697983,1.576368,12.809367
876.208122,1.939303,1.939802,12.809367
876.258141,2.308622,2.351162,12.809367
876.308121,2.460493,2.459854,12.809367
876.358121,2.610235,2.526435,12.809367
876.408132,2.859074,2.696648,12.809367
876.458139,3.022591,2.731472,12.809367
876.508143,2.824359,2.271626,12.809367
876.558146,2.435088,1.954148,12.809367
876.608142,1.943088,1.668368,12.809367
876.658147,1.601090,1.437847,12.809367
876.708148,1.204408,1.153319,12.809367
876.758111,0.726768,0.930579,12.809367
876.808118,0.323986,0.753068,12.809367
876.858140,0.266899,0.609995,12.809367
876.908138,0.198163,0.526643,12.880245
876.958125,0.272157,0.631179,12.958189
877.008126,0.269361,0.600936,12.958189
877.058128,0.407831,0.677394,12.958189
877.108132,0.545284,0.744400,12.958189
877.158133,0.682761,0.798780,12.958189
877.208147,0.816817,0.834603,12.958189
877.258156,0.867908,0.779541,12.958189
877.308143,0.921822,0.906179,12.958189
877.358166,1.090801,1.057958,12.958189
877.408167,1.208028,1.207819,12.958189
877.458149,1.335082,1.346653,12.958189
877.508125,1.436422,1.422565,12.958189
877.558126,1.543793,1.482199,12.958189
877.619657,1.713773,1.538820,12.958189
877.658132,1.658434,1.435809,12.958189
877.708132,1.518599,1.286471,12.958189
877.758138,1.257116,1.024466,12.958189
877.808146,1.077965,0.949212,12.958189
877.858138,1.022563,1.024143,12.958189
877.908143,0.889425,0.981957,12.958276
877.958148,0.942093,1.208576,12.958574
878.008150,1.105222,1.399750,12.958574
878.058150,1.346699,1.593009,12.958574
878.108171,1.626643,1.668722,12.958574
878.158171,1.898368,1.845604,12.958574
878.208156,2.031326,1.926507,12.958574
878.258134,2.243946,1.994472,12.958574
878.308132,2.032701,1.721578,12.958574
878.358132,1.732558,1.383899,12.958574
878.408134,1.409310,1.120779,12.958574
878.458137,1.119784,0.899167,12.958574
878.508146,0.752768,0.716179,12.958574
878.558147,0.428978,0.571446,12.958574
878.608152,0.123381,0.452967,12.958574
878.658144,0.094209,0.360803,12.958574
878.708156,0.103156,0.291263,12.958574
878.758170,0.140132,0.259301,12.958574
878.808146,0.160775,0.228480,12.958574
878.858161,0.161533,0.197685,12.958574
878.908175,0.184947,0.197601,12.958260
878.958161,0.183951,0.184233,12.959732
879.008135,0.179251,0.175285,12.959732
879.058142,0.179189,0.175825,12.959732
879.108141,0.163435,0.182909,12.959732
879.158144,0.202901,0.235342,12.959732
879.208146,0.266418,0.298424,12.959732
879.258149,0.328603,0.370583,12.959732
879.308152,0.504665,0.572018,12.959732
879.358155,0.667403,0.723589,12.959732
879.408162,0.827677,0.851352,12.959732
879.458162,1.000161,0.967528,12.959732
879.508167,1.285087,1.246314,12.959732
879.558164,1.483740,1.342904,12.959732
879.608169,1.749735,1.522163,12.959732
879.658170,1.864834,1.683060,12.959732
879.708180,1.651838,1.335539,12.959732
879.758142,1.472813,1.106082,12.959732
879.808149,1.305785,0.941254,12.959732
879.858149,1.008792,0.817629,12.959732
879.908150,0.805838,0.727338,12.956395
879.958165,0.558079,0.675430,12.954227
880.008156,0.405081,0.698876,12.954227
880.070070,0.635406,0.942223,12.954227
880.108164,0.884404,1.159904,12.954227
880.158164,1.214757,1.458761,12.954227
880.208164,1.459758,1.587111,12.954227
880.258168,1.894315,1.935333,12.954227
880.308183,2.239769,2.091516,12.954227
880.358178,2.688188,2.425088,12.954227
880.408183,2.626118,2.258170,12.954227
880.458169,2.806656,2.468655,12.954227
880.508147,2.593891,2.220038,12.954227
880.558156,2.495896,2.086517,12.954227
880.608159,2.275855,2.024448,12.954227
880.658159,2.155910,1.990966,12.954227
880.708163,1.923644,2.010695,12.954227
880.758170,2.013234,2.053410,12.954227
880.808166,1.901157,2.152661,12.954227
880.858171,2.022056,2.142317,12.954227
880.908218,2.194585,2.267608,12.813669
880.958178,2.341766,2.375197,12.660544
881.008178,2.470576,2.449560,12.660544
881.058181,2.527897,2.457076,12.660544
881.108185,2.601941,2.514883,12.660544
881.158184,2.535520,2.429955,12.660544
881.208197,2.592636,2.445127,12.660544
881.258153,2.388365,2.225818,12.660544
881.308162,2.170412,2.043000,12.660544
881.358165,1.965695,1.891119,12.660544
881.429333,1.837295,1.825556,12.660544
881.458174,1.684145,1.770073,12.660544
881.508160,1.619612,1.724377,12.660544
881.558172,1.640002,1.914343,12.660544
881.608182,1.877782,2.163620,12.660544
881.658179,2.106170,2.332372,12.660544
881.708183,2.238451,2.301963,12.660544
881.758186,2.368033,2.333805,12.660544
881.808204,2.540871,2.393692,12.660544
881.858186,2.397312,2.018308,12.660544
881.908194,2.025083,1.635664,12.660634
881.958191,1.618566,1.379114,12.660938
882.008163,1.211549,1.148337,12.660938
882.058170,0.908072,0.925806,12.660938
882.108170,0.566314,0.751486,12.660938
882.158174,0.208916,0.626283,12.660938
882.208181,0.162188,0.530053,12.660938
882.258179,0.156969,0.436618,12.660938
882.308180,0.116494,0.363359,12.660938
882.358186,0.113386,0.332668,12.660938
882.408186,0.135677,0.307778,12.660938
882.458186,0.152014,0.281805,12.660938
882.508195,0.161579,0.271921,12.660938
882.558185,0.169500,0.260883,12.660938
882.609861,0.189682,0.250586,12.660938
882.658201,0.209114,0.241422,12.660938
882.708185,0.181167,0.196610,12.660938
882.758178,0.160832,0.170683,12.660938
882.808182,0.141391,0.144606,12.660938
882.858177,0.115306,0.125346,12.660938
882.908180,0.093817,0.111879,12.730137
882.958188,0.074402,0.103267,12.806920
883.008183,0.055394,0.095074,12.806920
883.058187,0.058924,0.083352,12.806920
883.108195,0.057232,0.077670,12.806920
883.158190,0.062398,0.077658,12.806920
883.208191,0.063950,0.074988,12.806920
883.258214,0.069578,0.081896,12.806920
883.308199,0.071579,0.083278,12.806920
883.358197,0.075833,0.084120,12.806920
883.408203,0.083364,0.085457,12.806920
883.458200,0.100846,0.105213,12.806920
883.508179,0.113880,0.118624,12.806920
883.558182,0.130022,0.130585,12.806920
883.608183,0.137374,0.136852,12.806920
883.658190,0.149642,0.144228,12.806920
883.708207,0.162775,0.150723,12.806920
883.758195,0.179102,0.160709,12.806920
883.808196,0.184522,0.173340,12.806920
883.858198,0.185374,0.173127,12.806920
883.908196,0.188561,0.179068,12.806263
883.958209,0.195099,0.185085,12.805748
884.008203,0.196066,0.183176,12.805748
884.058204,0.193690,0.180403,12.805748
884.108208,0.194492,0.186397,12.805748
884.158221,0.191961,0.190108,12.805748
884.208210,0.201712,0.199591,12.805748
884.258183,0.199401,0.195904,12.805748
884.308191,0.198496,0.196536,12.805748
884.358189,0.201899,0.197428,12.805748
884.408198,0.188587,0.173753,12.805748
884.458201,0.175286,0.160140,12.805748
884.538449,0.156317,0.140511,12.805748
884.558207,0.149173,0.145877,12.805748
884.608211,0.137502,0.138813,12.805748
884.658212,0.137373,0.154044,12.805748
884.739836,0.136975,0.161709,12.805748
884.788427,0.161821,0.174762,12.805748
884.808209,0.214741,0.233898,12.805748
884.858222,0.251551,0.253341,12.805748
884.908222,0.275742,0.282415,12.736194
884.958214,0.262181,0.231050,12.660938
885.008200,0.321927,0.303352,12.660938
885.058199,0.328807,0.290201,12.660938
885.108198,0.330526,0.284364,12.660938
885.158200,0.286340,0.259787,12.660938
885.208204,0.266887,0.251704,12.660938
885.258210,0.241905,0.240997,12.660938
885.308214,0.312353,0.244970,12.660938
885.358224,0.245706,0.245676,12.660938
885.408209,0.255707,0.251133,12.660938
885.458233,0.256545,0.254818,12.660938
885.508213,0.261305,0.255113,12.660938
885.558215,0.263291,0.254558,12.660938
885.608236,0.268398,0.256611,12.660938
885.658219,0.239732,0.223670,12.660938
885.708219,0.221905,0.204918,12.660938
885.758204,0.182907,0.166419,12.660938
885.808205,0.187828,0.194175,12.660938
885.858209,0.166051,0.176149,12.660938
885.908206,0.140949,0.156570,12.590329
885.958210,0.116921,0.143805,12.513322
886.008222,0.117730,0.138111,12.513322
886.058220,0.176682,0.211588,12.513322
886.108223,0.219598,0.235927,12.513322
886.158217,0.281542,0.317392,12.513322
886.218322,0.376491,0.404795,12.513322
886.258240,0.492224,0.498970,12.513322
886.308223,0.615414,0.601083,12.513322
886.358236,0.696336,0.629419,12.513322
886.408240,0.729060,0.649001,12.513322
886.458243,0.815740,0.712506,12.513322
886.508208,0.839508,0.731096,12.513322
886.558213,0.851152,0.746847,12.513322
886.608217,0.848338,0.763622,12.513322
886.658216,0.824191,0.787266,12.513322
886.708217,0.858475,0.829157,12.513322
886.758219,0.920279,0.892953,12.513322
886.808221,1.101884,1.161720,12.513322
886.887641,1.264623,1.318873,12.500608
886.908226,1.443135,1.463914,12.210296
886.958236,1.410872,1.290542,12.210296
887.008237,1.315563,1.073737,12.210296
887.058240,1.299061,1.033256,12.210296
887.108237,1.275479,1.021028,12.210296
887.158251,1.102439,1.023574,12.210296
887.208238,0.958007,1.011982,12.210296
887.258211,0.802975,0.991765,12.210296
887.308222,0.867054,1.002839,12.210296
887.358225,0.969245,0.984203,12.210296
887.428834,0.980180,0.984168,12.210296
887.458227,0.978304,0.986364,12.210296
887.508224,0.967607,0.985105,12.210296
887.559447,1.082796,1.142891,12.210296
887.608240,1.218022,1.282390,12.210296
887.658235,1.373551,1.450171,12.210296
887.708236,1.555985,1.593611,12.210296
887.758239,1.736639,1.724015,12.210296
887.808247,1.897445,1.810152,12.210296
887.858243,2.063245,1.875831,12.210296
887.908254,2.119903,1.935686,12.211659
887.958259,1.998194,1.746141,12.214088
888.008218,1.847351,1.609639,12.214088
888.058228,1.737795,1.566716,12.214088
888.108229,1.615881,1.530680,12.214088
888.158227,1.521534,1.524744,12.214088
888.208232,1.381440,1.451648,12.214088
888.258232,1.347733,1.549523,12.214088
888.308237,1.465750,1.601898,12.214088
888.358245,1.592569,1.671256,12.214088
888.408239,1.626485,1.664224,12.214088
888.458242,1.700417,1.712496,12.214088
888.508253,1.754607,1.746121,12.214088
888.558256,1.815259,1.713753,12.214088
888.608253,1.780966,1.711179,12.214088
888.658262,1.762538,1.705582,12.214088
888.708251,1.828226,1.846459,12.214088
888.758228,1.915897,1.926373,12.214088
888.808236,1.984640,2.018480,12.214088
888.858243,2.149259,2.221374,12.214088
888.908239,2.260517,2.248651,12.214463
888.958241,2.410670,2.350023,12.215725
889.008246,2.514927,2.363605,12.215725
889.058241,2.490329,2.338898,12.215725
889.108252,2.540164,2.389283,12.215725
889.158243,2.573572,2.433309,12.215725
889.208250,2.492732,2.441289,12.215725
889.258256,2.504679,2.441737,12.215725
889.308251,2.497669,2.494278,12.215725
889.358261,2.503253,2.491021,12.215725
889.408265,2.561575,2.517029,12.215725
889.458272,2.628367,2.625992,12.215725
889.508235,2.688235,2.709327,12.215725
889.558242,2.762688,2.764705,12.215725
889.608240,2.853058,2.821546,12.215725
889.658242,2.897990,2.860870,12.215725
889.708276,2.791365,2.642598,12.215725
889.758251,2.711300,2.521887,12.215725
889.817385,2.519618,2.356330,12.215725
889.858260,2.274812,2.148701,12.215725
889.908261,2.087790,2.048113,12.212172
889.958257,1.879065,1.961408,12.209886
890.008274,1.902140,2.227306,12.209886
890.058254,1.817945,2.011832,12.209886
890.108267,1.668229,1.800639,12.209886
890.158275,1.526815,1.580093,12.209886
890.208271,1.415612,1.372745,12.209886
890.258239,1.293874,1.262496,12.209886
890.308252,1.179970,1.181993,12.209886
890.358249,0.879712,1.119602,12.209886
890.408249,0.855680,1.079819,12.209886
890.458259,0.893992,1.124512,12.209886
890.508253,1.205633,1.514978,12.209886
890.567946,1.441327,1.653895,12.209886
890.608266,1.732243,1.892590,12.209886
890.658267,1.936014,1.972805,12.209886
890.708263,2.087846,1.966164,12.209886
890.758269,2.248134,1.978032,12.209886
890.808272,2.370112,2.015646,12.209886
890.858273,2.189872,1.982367,12.209886
890.908278,2.167794,1.996790,12.141764
890.958265,2.030816,1.974952,12.071901
891.027915,1.957637,1.936295,12.071901
891.058255,1.939202,1.911305,12.071901
891.108252,1.937641,1.933409,12.071901
891.158263,2.031769,2.112305,12.071901
891.208257,2.134171,2.198212,12.071901
891.258269,2.245710,2.323011,12.071901
891.308262,2.362557,2.399086,12.071901
891.358266,2.442392,2.389686,12.071901
891.408269,2.545427,2.418919,12.071901
891.458279,2.573324,2.378856,12.071901
891.508268,2.508988,2.380810,12.071901
891.558269,2.454974,2.337471,12.071901
891.608276,2.356910,2.295257,12.071901
891.658289,2.297976,2.295372,12.071901
891.708296,2.276555,2.277825,12.071901
891.758257,2.237815,2.274685,12.071901
891.808260,2.244421,2.272226,12.071901
891.858262,2.221048,2.263293,12.071901
891.908257,2.351600,2.426872,12.065607
891.958270,2.321517,2.324375,12.061432
892.008271,2.286249,2.269477,12.061432
892.077222,2.190437,2.123007,12.061432
892.108273,2.154067,2.100665,12.061432
892.158280,2.158311,2.138973,12.061432
892.208285,2.174668,2.180080,12.061432
892.258278,2.067696,2.206823,12.061432
892.308288,2.111885,2.211328,12.061432
892.358275,2.133567,2.211336,12.061432
892.408281,2.240045,2.225452,12.061432
892.458292,2.288851,2.250375,12.061432
892.508265,2.347514,2.341058,12.061432
892.558264,2.400626,2.415014,12.061432
892.608264,2.450460,2.462739,12.061432
892.658265,2.531715,2.532152,12.061432
892.708272,2.600269,2.564827,12.061432
892.758277,2.653912,2.584487,12.061432
892.808388,2.519846,2.348252,12.061432
892.858281,2.358928,2.194435,12.061432
892.908281,2.190553,2.066197,11.990608
892.958375,2.060109,1.997342,11.913829
893.008295,1.911582,1.946717,11.913829
893.058295,1.755075,1.873715,11.913829
893.108292,1.626760,1.836087,11.913829
893.158302,1.664500,1.808522,11.913829
893.208305,1.591957,1.673288,11.913829
893.258272,1.548787,1.592661,11.913829
893.308274,1.482208,1.525317,11.913829
893.358278,1.418282,1.477641,11.913829
893.428969,1.367825,1.430399,11.913829
893.458280,1.305176,1.392014,11.913829
893.508282,1.164547,1.254942,11.913829
893.558288,1.343753,1.484648,11.913829
893.608284,1.440862,1.578235,11.913829
893.658298,1.498942,1.594456,11.913829
893.708298,1.580374,1.646324,11.913829
893.758303,1.723205,1.766014,11.913829
893.808299,1.897263,1.902873,11.913829
893.858312,2.123330,1.976165,11.913829
893.908308,2.068861,1.989289,11.700130
893.958310,2.051412,1.957609,11.470029
894.008279,2.104310,1.972968,11.470029
894.058288,2.128908,1.983673,11.470029
894.108297,2.094725,1.989174,11.470029
894.158286,2.009770,1.961899,11.470029
894.208285,1.971795,1.969860,11.470029
894.258289,1.999833,2.023381,11.470029
894.308291,2.104478,2.131877,11.470029
894.358302,2.180044,2.218777,11.470029
894.408289,2.237354,2.260494,11.470029
894.477631,2.293675,2.289203,11.470029
894.508297,2.391261,2.338425,11.470029
894.558303,2.492594,2.412533,11.470029
894.608315,2.538332,2.441193,11.470029
894.658305,2.675753,2.659162,11.470029
894.708319,2.603664,2.540478,11.470029
894.758278,2.708192,2.665982,11.470029
894.808285,2.738990,2.658899,11.470029
894.858287,2.453055,2.224561,11.470029
894.908291,2.129439,1.867069,11.327395
894.958292,1.830177,1.583641,11.172419
895.008295,1.396389,1.365615,11.172419
895.058302,1.192942,1.217085,11.172419
895.108300,0.815135,1.079811,11.172419
895.158302,0.517593,0.977453,11.172419
895.208291,0.539534,0.913071,11.172419
895.266929,0.577198,0.873812,11.172419
895.308317,0.720249,0.989469,11.172419
895.358313,0.862515,1.088629,11.172419
895.408315,0.985526,1.165621,11.172419
895.458318,1.140574,1.250788,11.172419
895.508287,1.241267,1.259245,11.172419
895.577555,1.410993,1.380055,11.172419
895.608297,1.575325,1.478128,11.172419
895.658294,1.623210,1.540012,11.172419
895.726890,1.509322,1.369065,11.172419
895.758300,1.411882,1.254688,11.172419
895.808304,1.300230,1.168242,11.172419
895.877513,1.318159,1.217180,11.172419
895.908318,1.270625,1.276825,11.173505
895.958317,1.225767,1.328397,11.174209
896.008306,1.196385,1.378275,11.174209
896.058316,1.421281,1.556859,11.174209
896.108323,1.576245,1.624882,11.174209
896.190189,1.640431,1.552775,11.174209
896.208308,1.724761,1.645129,11.174209
896.258293,1.836947,1.775399,11.174209
896.308305,1.969820,1.913161,11.174209
896.358302,2.112788,2.046292,11.174209
896.408305,2.128722,2.114643,11.174209
896.458311,2.212473,2.188639,11.174209
896.508308,2.379739,2.238557,11.174209
896.558318,2.442926,2.275212,11.174209
896.608317,2.405599,2.230726,11.174209
896.658320,2.344140,2.192546,11.174209
896.708319,2.229185,2.108313,11.174209
896.758323,2.067154,1.935652,11.174209
896.808321,1.849104,1.737329,11.174209
896.858326,1.625667,1.566790,11.174209
896.908339,1.399948,1.424084,11.027050
896.958338,1.230255,1.311708,10.870559
897.008302,1.061480,1.222332,10.870559
897.058305,0.934009,1.153122,10.870559
897.108307,0.879525,1.095229,10.870559
897.158317,0.868053,1.049243,10.870559
897.208315,0.865095,1.012465,10.870559
897.258317,0.856726,0.970282,10.870559
897.308316,0.859779,0.952815,10.870559
897.358320,1.030279,1.170311,10.870559
897.408322,1.231266,1.393910,10.870559
897.458335,1.470770,1.623993,10.870559
897.508327,1.656133,1.731510,10.870559
897.558338,1.855394,1.836455,10.870559
897.608341,2.032555,1.879048,10.870559
897.658352,2.230563,1.958059,10.870559
897.708340,2.278048,2.040879,10.870559
897.758313,2.278760,2.091326,10.870559
897.817342,2.229200,2.111072,10.870559
897.858315,2.233198,2.127560,10.870559
897.908316,2.307123,2.258834,10.729277
897.958323,2.291748,2.195397,10.577228
898.017324,2.210859,2.097002,10.577228
898.058324,2.154837,2.073184,10.577228
898.108334,2.101806,2.037684,10.577228
898.158328,2.070017,2.027047,10.577228
898.208337,2.031487,2.007894,10.577228
898.258336,1.925916,2.015205,10.577228
898.308344,1.932383,2.009722,10.577228
898.358343,1.973854,2.006735,10.577228
898.408349,1.984781,2.016750,10.577228
898.458457,2.046012,2.078069,10.577228
898.508317,2.105934,2.142791,10.577228
898.558318,2.182964,2.207936,10.577228
898.608329,2.278117,2.308111,10.577228
898.658328,2.375680,2.380814,10.577228
898.708327,2.507218,2.487595,10.577228
898.758335,2.617121,2.554378,10.577228
898.808335,2.686771,2.607576,10.577228
898.858334,2.724393,2.619313,10.577228
898.908340,2.748744,2.622409,10.217137
898.958340,2.575172,2.394421,9.828078
899.027251,2.366575,2.156807,9.828078
899.058352,2.125919,1.975061,9.828078
899.108358,1.995942,1.963000,9.828078
899.158349,1.864124,1.950460,9.828078
899.208361,1.762946,1.949434,9.828078
899.258329,1.665328,1.942359,9.828078
899.317215,1.707631,1.910191,9.828078
899.358332,1.801955,1.904143,9.828078
899.408340,1.893239,1.906634,9.828078
899.458333,1.963304,2.007234,9.828078
899.508343,2.032460,2.081247,9.828078
899.558344,2.100122,2.147563,9.828078
899.608341,2.172663,2.199611,9.828078
899.658348,2.257505,2.234225,9.828078
899.708350,2.183830,2.062247,9.828078
899.758357,2.114851,1.937859,9.828078
899.808355,2.006383,1.880631,9.828078
899.858357,1.893037,1.821614,9.828078
899.908358,1.760430,1.754645,9.399299
899.958369,1.692492,1.790045,8.937186
900.008434,1.652188,1.850589,8.937186
900.058332,1.768762,1.918811,8.937186
900.108335,1.877464,1.974354,8.937186
900.158339,1.978014,2.048518,8.937186
900.208342,2.060312,2.071001,8.937186
900.258345,2.158404,2.093792,8.937186
900.308348,2.189013,2.105325,8.937186
900.358348,2.213418,2.136963,8.937186
900.408349,2.266747,2.222285,8.937186
900.477125,2.320004,2.290033,8.937186
900.508360,2.384503,2.391221,8.937186
900.558366,2.476660,2.472212,8.937186
900.627111,2.532564,2.491140,8.937186
900.658366,2.666369,2.614874,8.937186
900.708383,2.615373,2.473277,8.937186
900.758338,2.541325,2.387642,8.937186
900.808346,2.479750,2.336663,8.937186
900.858353,2.386317,2.298350,8.937186
900.908347,2.295941,2.271715,8.655120
900.958357,2.234061,2.244309,8.355941
901.008350,2.098961,2.227738,8.355941
901.058355,2.138259,2.218111,8.355941
901.108356,2.204238,2.275916,8.355941
901.158361,2.232725,2.287446,8.355941
901.208368,2.264219,2.302440,8.355941
901.258369,2.301684,2.327680,8.355941
901.308366,2.333009,2.332586,8.355941
901.358375,2.355244,2.329709,8.355941
901.408381,2.248172,2.149424,8.355941
901.458377,2.114508,2.033772,8.355941
901.508349,1.992895,1.922199,8.355941
901.558352,1.924484,1.914753,8.355941
901.608351,1.858745,1.926939,8.355941
901.658359,1.816189,1.952581,8.355941
901.708354,1.764251,1.953114,8.355941
901.787009,1.838403,1.951780,8.355941
901.808357,1.894782,1.954698,8.355941
901.858364,1.980928,1.980142,8.355941
901.927120,2.004416,1.994195,7.701654
901.958379,2.003596,1.989340,7.305367
902.008379,2.066578,2.090282,7.305367
902.058380,2.102729,2.113086,7.305367
902.108386,2.149444,2.143959,7.305367
902.158391,2.210581,2.194501,7.305367
902.208374,2.288158,2.281399,7.305367
902.258353,2.389541,2.376854,7.305367
902.308351,2.420595,2.339472,7.305367
902.358364,2.366268,2.293705,7.305367
902.408362,2.373288,2.287069,7.305367
902.458364,2.321091,2.210091,7.305367
902.524194,2.290142,2.203957,7.305367
902.587583,2.211962,2.179682,7.305367
902.617595,2.087183,2.119724,7.305367
902.658380,1.786557,1.713861,7.305367
902.727580,1.494111,1.383661,7.305367
902.758377,1.188493,1.130116,7.305367
902.826460,0.921610,0.909486,7.305367
902.867188,0.616638,0.736611,7.305367
902.908386,0.329067,0.605208,6.973606
902.958389,0.069496,0.496722,6.759057
903.008358,0.062851,0.406040,6.759057
903.058369,0.064674,0.339772,6.759057
903.108368,0.060709,0.289443,6.759057
903.158371,0.067615,0.246461,6.759057
903.208375,0.072305,0.212373,6.759057
903.258378,0.073182,0.186594,6.759057
903.308376,0.077703,0.167858,6.759057
903.358383,0.084691,0.152780,6.759057
903.408379,0.088940,0.143320,6.759057
903.458382,0.095364,0.141018,6.759057
903.508384,0.107189,0.144170,6.759057
903.558383,0.115860,0.143094,6.759057
903.608398,0.122313,0.140660,6.759057
903.658386,0.128230,0.139919,6.759057
903.708388,0.135413,0.140669,6.759057
903.758575,0.140957,0.141497,6.759057
903.808369,0.143985,0.143760,6.759057
903.858376,0.140410,0.141644,6.759057
903.908378,0.138925,0.139020,6.414504
903.958384,0.138382,0.136568,6.095284
904.008385,0.132993,0.129339,6.095284
904.058381,0.129301,0.127166,6.095284
904.108388,0.127359,0.127991,6.095284
904.158390,0.121993,0.125441,6.095284
904.208392,0.120712,0.125177,6.095284
904.258397,0.120127,0.125051,6.095284
904.308391,0.118644,0.123377,6.095284
904.358410,0.125030,0.127563,6.095284
904.408405,0.129277,0.131702,6.095284
904.458409,0.130406,0.133217,6.095284
904.526613,0.132946,0.133359,6.095284
904.558380,0.136287,0.136135,6.095284
904.608384,0.136592,0.134186,6.095284
904.658385,0.136038,0.129872,6.095284
904.715210,0.130010,0.124346,6.095284
904.758393,0.122359,0.118384,6.095284
904.830854,0.118471,0.116920,6.095284
904.858378,0.115662,0.116639,6.095284
904.908394,0.107366,0.111270,6.092972
904.958393,0.109388,0.117296,6.148137
905.008392,0.105704,0.110973,6.148137
905.058411,0.104546,0.107064,6.148137
905.108395,0.096259,0.093212,6.148137
905.158402,0.088944,0.086356,6.148137
905.208412,0.081577,0.082328,6.148137
905.258377,0.077334,0.078029,6.148137
905.308385,0.065934,0.074081,6.148137
905.358383,0.064145,0.071640,6.148137
905.408533,0.061212,0.070553,6.148137
905.458390,0.066320,0.071119,6.148137
905.508394,0.068933,0.072127,6.148137
905.558402,0.070065,0.071791,6.148137
905.608405,0.066451,0.065830,6.148137
905.658403,0.063365,0.061313,6.148137
905.708407,0.057389,0.054125,6.148137
905.777942,0.050423,0.047111,6.148137
905.808419,0.043532,0.042956,6.148137
905.858415,0.034973,0.037821,6.148137
905.908417,0.026694,0.032316,6.066013
905.958425,0.022883,0.028926,6.000109
906.008392,0.019956,0.026661,6.000109
906.058388,0.018409,0.024697,6.000109
906.108400,0.017495,0.023080,6.000109
906.158398,0.017356,0.023743,6.000109
906.208400,0.019134,0.025093,6.000109
906.258399,0.022116,0.026336,6.000109
906.308406,0.024468,0.027273,6.000109
906.358417,0.024769,0.025737,6.000109
906.408407,0.025814,0.025288,6.000109
906.458421,0.026534,0.024658,6.000109
906.508431,0.025729,0.023643,6.000109
906.558415,0.023816,0.022689,6.000109
906.608418,0.022182,0.022182,6.000109
906.658434,0.021363,0.022743,6.000109
906.708430,0.024197,0.026028,6.000109
906.758394,0.024017,0.025356,6.000109
906.808399,0.028466,0.030755,6.000109
906.858400,0.031713,0.033295,6.000109
906.908413,0.035405,0.035313,6.025075
906.958407,0.039391,0.038059,6.055958
907.008407,0.040796,0.037650,6.055958
907.058408,0.045151,0.043512,6.055958
907.108412,0.047924,0.043648,6.055958
907.158414,0.048205,0.044754,6.055958
907.208417,0.049467,0.046224,6.055958
907.258420,0.051236,0.047227,6.055958
907.308430,0.053712,0.051738,6.055958
907.358431,0.057812,0.054425,6.055958
907.408439,0.064354,0.066841,6.055958
907.475914,0.072850,0.075716,6.055958
907.508398,0.085257,0.087633,6.055958
907.558409,0.096282,0.096142,6.055958
907.608405,0.106347,0.100283,6.055958
907.658407,0.116405,0.106723,6.055958
907.708420,0.129858,0.115379,6.055958
907.758417,0.129667,0.118517,6.055958
907.817762,0.130084,0.117781,6.055958
907.864317,0.130988,0.122515,6.055958
907.908417,0.130884,0.123910,5.912714
907.976495,0.126504,0.116381,5.912407
908.008433,0.133954,0.130105,5.912407
908.058434,0.128330,0.125131,5.912407
908.108431,0.126608,0.124188,5.912407
908.158441,0.128061,0.123375,5.912407
908.241510,0.118066,0.113252,5.912407
908.267720,0.129198,0.130701,5.912407
908.327722,0.129885,0.121733,5.912407
908.397714,0.113771,0.110377,5.912407
908.408418,0.148248,0.158453,5.912407
908.458423,0.142819,0.144406,5.912407
908.508447,0.137127,0.131927,5.912407
908.558429,0.140185,0.121813,5.912407
908.626523,0.118996,0.109677,5.912407
908.658437,0.128582,0.116870,5.912407
908.708431,0.131019,0.109199,5.912407
908.758432,0.090279,0.101641,5.912407
908.808439,0.090389,0.098858,5.912407
908.858444,0.091659,0.096832,5.912407
908.908438,0.088330,0.091381,5.892335
908.958444,0.090671,0.088953,5.974363
909.008419,0.083047,0.088487,5.974363
909.058417,0.085294,0.090226,5.974363
909.108425,0.089103,0.092185,5.974363
909.158425,0.093266,0.096820,5.974363
909.208431,0.095693,0.101957,5.974363
909.258427,0.104408,0.104524,5.974363
909.308436,0.110280,0.104301,5.974363
909.358433,0.116182,0.108218,5.974363
909.408436,0.121536,0.114948,5.974363
909.458436,0.128748,0.123413,5.974363
909.508439,0.133716,0.130173,5.974363
909.558440,0.143767,0.144463,5.974363
909.608452,0.162101,0.163429,5.974363
909.658456,0.168946,0.160087,5.974363
909.708452,0.179968,0.167830,5.974363
909.758425,0.192483,0.180364,5.974363
909.808429,0.205270,0.194810,5.974363
909.858430,0.217027,0.204740,5.974363
909.908437,0.217123,0.204750,5.791790
909.958432,0.211906,0.204836,5.733838
910.008434,0.199225,0.175281,5.733838
910.058446,0.184341,0.159013,5.733838
910.108440,0.163567,0.144268,5.733838
910.158439,0.132879,0.122979,5.733838
910.208451,0.110485,0.114546,5.733838
910.258460,0.090761,0.106093,5.733838
910.308451,0.069560,0.096898,5.733838
910.358456,0.069532,0.088877,5.733838
910.408450,0.063303,0.081124,5.733838
910.458472,0.050354,0.064109,5.733838
910.508429,0.045898,0.053054,5.733838
910.558436,0.035213,0.042037,5.733838
910.608436,0.027815,0.032814,5.733838
910.677525,0.021542,0.022464,5.733838
910.717518,0.029703,0.026122,5.733838
910.766893,0.044924,0.034011,5.733838
910.825600,0.050123,0.040072,5.733838
910.875666,0.055371,0.044122,5.733838
910.925735,0.062322,0.048215,5.662891
910.975805,0.066670,0.050464,5.697295
911.016873,0.068833,0.057566,5.697295
911.062840,0.069073,0.060468,5.697295
911.117092,0.071803,0.067510,5.697295
911.166859,0.066785,0.059724,5.697295
911.216855,0.063526,0.056264,5.697295
911.258437,0.060643,0.054505,5.697295
911.308438,0.060441,0.053965,5.697295
911.358444,0.059135,0.053614,5.697295
911.408443,0.064327,0.057185,5.697295
911.458450,0.067810,0.059587,5.697295
911.508453,0.070291,0.066800,5.697295
911.558452,0.074375,0.072720,5.697295
911.608463,0.072562,0.067890,5.697295
911.658447,0.071165,0.066806,5.697295
911.708460,0.071319,0.066830,5.697295
911.758472,0.075193,0.072609,5.697295
911.808473,0.080234,0.078391,5.697295
911.858521,0.076778,0.074831,5.697295
911.908472,0.073763,0.073372,5.454805
911.958475,0.078921,0.073856,5.346112
912.008442,0.080854,0.079212,5.346112
912.076161,0.079940,0.075108,5.346112
912.108452,0.090333,0.091744,5.346112
912.158456,0.088488,0.089500,5.346112
912.208451,0.092305,0.091531,5.346112
912.258463,0.098140,0.094191,5.346112
912.308466,0.104879,0.097499,5.346112
912.358466,0.112526,0.109451,5.346112
912.408469,0.129998,0.125370,5.346112
912.458468,0.133140,0.132786,5.346112
912.526138,0.140973,0.132989,5.346112
912.558471,0.155462,0.148733,5.346112
912.608489,0.162634,0.150736,5.346112
912.658481,0.175857,0.161497,5.346112
912.708489,0.172367,0.155745,5.346112
912.758451,0.168393,0.159441,5.346112
912.808459,0.169489,0.161673,5.346112
912.858457,0.178399,0.169003,5.346112
912.908458,0.180772,0.176484,5.081155
912.958464,0.186957,0.180620,4.958215
913.008470,0.187046,0.186131,4.958215
913.058471,0.214707,0.215850,4.958215
913.108468,0.237399,0.240641,4.958215
913.158477,0.248722,0.243989,4.958215
913.208473,0.264350,0.256929,4.958215
913.258475,0.277633,0.264335,4.958215
913.308480,0.285319,0.260723,4.958215
913.358480,0.294610,0.261669,4.958215
913.408489,0.274429,0.248123,4.958215
913.458487,0.234224,0.210865,4.958215
913.508457,0.230727,0.217230,4.958215
913.558458,0.207448,0.203277,4.958215
913.608466,0.189612,0.196664,4.958215
913.658469,0.173409,0.183506,4.958215
913.708466,0.164173,0.184084,4.958215
913.758476,0.154368,0.171987,4.958215
913.808471,0.171245,0.174255,4.958215
913.858480,0.169979,0.184658,4.958215
913.908478,0.176923,0.186908,4.834348
913.958490,0.195503,0.209778,4.819119
914.008479,0.204410,0.206187,4.819119
914.058486,0.199964,0.198160,4.819119
914.108486,0.204082,0.189933,4.819119
914.158499,0.198095,0.185097,4.819119
914.208508,0.188567,0.178514,4.819119
914.258462,0.191990,0.183480,4.819119
914.308465,0.177972,0.181640,4.819119
914.358473,0.165143,0.169058,4.819119
914.408475,0.173740,0.184482,4.819119
914.458473,0.213165,0.235638,4.819119
914.508476,0.246897,0.265213,4.819119
914.558489,0.267804,0.272103,4.819119
914.608481,0.275999,0.271541,4.819119
914.658489,0.281480,0.259209,4.819119
914.708500,0.315355,0.278876,4.819119
914.758498,0.289059,0.236048,4.819119
914.808496,0.241846,0.212520,4.819119
914.858494,0.186255,0.173776,4.819119
914.908498,0.161654,0.153138,4.787327
914.958513,0.136379,0.137676,4.814153
915.008475,0.149443,0.162135,4.814153
915.058471,0.146792,0.186407,4.814153
915.108481,0.148346,0.179619,4.814153
915.158481,0.145192,0.169178,4.814153
915.208479,0.133353,0.133362,4.814153
915.258485,0.151817,0.162560,4.814153
915.308496,0.213545,0.226571,4.814153
915.358492,0.273331,0.304537,4.814153
915.408489,0.366671,0.366449,4.814153
915.458494,0.460729,0.411389,4.814153
915.508488,0.555238,0.446059,4.814153
915.558505,0.594110,0.478765,4.814153
915.608502,0.625683,0.528704,4.814153
915.658521,0.657552,0.581221,4.814153
915.708492,0.673717,0.619226,4.814153
915.758477,0.682830,0.634761,4.814153
915.808484,0.708076,0.662258,4.814153
915.858484,0.729297,0.675566,4.814153
915.908487,0.729388,0.661643,4.758616
915.958489,0.709933,0.648227,4.793041
916.008491,0.681049,0.637131,4.793041
916.058495,0.653014,0.624771,4.793041
916.108494,0.630463,0.608245,4.793041
916.158504,0.607372,0.608578,4.793041
916.208504,0.572672,0.583835,4.793041
916.258502,0.565334,0.576764,4.793041
916.308504,0.559990,0.572908,4.793041
916.358515,0.550404,0.563149,4.793041
916.408509,0.543421,0.556011,4.793041
916.458520,0.547335,0.558745,4.793041
916.508489,0.542551,0.562801,4.793041
916.558487,0.550887,0.559375,4.793041
916.608490,0.551452,0.558380,4.793041
916.658499,0.552252,0.559570,4.793041
916.708493,0.558019,0.560739,4.793041
916.758501,0.562232,0.559870,4.793041
916.808511,0.558836,0.556933,4.793041
916.885129,0.550628,0.549778,4.793866
916.908507,0.547623,0.544748,5.011720
916.958506,0.540074,0.536082,5.011720
917.015744,0.529505,0.526984,5.011720
917.058522,0.515281,0.514788,5.011720
917.108520,0.490914,0.489208,5.011720
917.158520,0.468813,0.469503,5.011720
917.208521,0.447695,0.450247,5.011720
917.258497,0.428146,0.437800,5.011720
917.308500,0.412441,0.427775,5.011720
917.358503,0.395370,0.416929,5.011720
917.408503,0.375278,0.398683,5.011720
917.458503,0.356244,0.369756,5.011720
917.508508,0.343484,0.356227,5.011720
917.558509,0.342144,0.357783,5.011720
917.625273,0.325187,0.340126,5.011720
917.658513,0.335124,0.363531,5.011720
917.726313,0.315420,0.337845,5.011720
917.758516,0.341909,0.372343,5.011720
917.808523,0.351270,0.361667,5.011720
917.858532,0.351054,0.349370,5.011720
917.908529,0.335143,0.330061,4.818939
917.958531,0.332068,0.313820,4.684091
918.008502,0.305242,0.305085,4.684091
918.058501,0.307879,0.294797,4.684091
918.108502,0.270998,0.286240,4.684091
918.158505,0.261918,0.280063,4.684091
918.208515,0.257891,0.278408,4.684091
918.258512,0.258556,0.274217,4.684091
918.308517,0.259430,0.270463,4.684091
918.358516,0.257345,0.267527,4.684091
918.408523,0.257551,0.265018,4.684091
918.458519,0.248457,0.249641,4.684091
918.508528,0.239672,0.238546,4.684091
918.558525,0.227065,0.227513,4.684091
918.608530,0.217310,0.219780,4.684091
918.658531,0.207764,0.213575,4.684091
918.708534,0.197722,0.207867,4.684091
918.758504,0.186788,0.201700,4.684091
918.808507,0.176003,0.183892,4.684091
918.858512,0.163480,0.168303,4.684091
918.908514,0.153628,0.157511,4.563828
918.958516,0.145375,0.151240,4.508691
919.008520,0.137831,0.146775,4.508691
919.058521,0.130547,0.142714,4.508691
919.108527,0.120571,0.132672,4.508691
919.158533,0.117055,0.124264,4.508691
919.208525,0.115839,0.118334,4.508691
919.258535,0.110585,0.112603,4.508691
919.308534,0.110573,0.117723,4.508691
919.358537,0.108553,0.118636,4.508691
919.408546,0.106378,0.116965,4.508691
919.458546,0.112504,0.119604,4.508691
919.508517,0.118300,0.122670,4.508691
919.558517,0.117138,0.115876,4.508691
919.608519,0.116049,0.109093,4.508691
919.658518,0.109161,0.105670,4.508691
919.708523,0.103943,0.101980,4.508691
919.758534,0.099643,0.097635,4.508691
919.808531,0.091476,0.093058,4.508691
919.858532,0.079943,0.085380,4.508691
919.908545,0.073781,0.077424,4.470983
919.958534,0.067320,0.069314,4.481822
920.008533,0.061909,0.065243,4.481822
920.058543,0.056972,0.062484,4.481822
920.108549,0.052591,0.058923,4.481822
920.158547,0.045364,0.052001,4.481822
920.208551,0.041894,0.047387,4.481822
920.258521,0.038794,0.045052,4.481822
920.308526,0.041555,0.049313,4.481822
920.358525,0.047164,0.055783,4.481822
920.408525,0.065226,0.079153,4.481822
920.458529,0.079529,0.091945,4.481822
920.508542,0.098230,0.104342,4.481822
920.558536,0.115130,0.112382,4.481822
920.608542,0.127963,0.117475,4.481822
920.658538,0.138794,0.120798,4.481822
920.708546,0.148004,0.120916,4.481822
920.758559,0.138047,0.119700,4.481822
920.808556,0.135540,0.123209,4.481822
920.858550,0.131646,0.124684,4.481822
920.908556,0.130331,0.126830,4.539603
920.958557,0.135940,0.136565,4.649724
921.008525,0.143794,0.147466,4.649724
921.074796,0.154544,0.156963,4.649724
921.108538,0.166278,0.165292,4.649724
921.158537,0.172298,0.167583,4.649724
921.208537,0.180798,0.172088,4.649724
921.258539,0.204306,0.197753,4.649724
921.308547,0.221499,0.217922,4.649724
921.358547,0.236073,0.232979,4.649724
921.408550,0.252185,0.247848,4.649724
921.458545,0.271110,0.264565,4.649724
921.508552,0.295032,0.280496,4.649724
921.558563,0.313843,0.288807,4.649724
921.608563,0.315342,0.293629,4.649724
921.658560,0.320338,0.301282,4.649724
921.708561,0.324795,0.306354,4.649724
921.758539,0.328209,0.310480,4.649724
921.811291,0.328383,0.313494,4.649724
921.870198,0.317473,0.302731,4.649724
921.908544,0.314230,0.303091,4.499609
921.958543,0.324301,0.320865,4.425752
922.008550,0.326342,0.325464,4.425752
922.058553,0.326057,0.325589,4.425752
922.108554,0.339199,0.344254,4.425752
922.158556,0.346819,0.351324,4.425752
922.208565,0.363410,0.356548,4.425752
922.258560,0.373372,0.360420,4.425752
922.308566,0.371528,0.364034,4.425752
922.375303,0.376689,0.366988,4.425752
922.408576,0.384956,0.369668,4.425752
922.458573,0.377301,0.369225,4.425752
922.508545,0.379306,0.374276,4.425752
922.558552,0.385251,0.383537,4.425752
922.608547,0.387054,0.384656,4.425752
922.675286,0.378575,0.371594,4.425752
922.708554,0.380571,0.376126,4.425752
922.758565,0.380356,0.376965,4.425752
922.808559,0.378544,0.372168,4.425752
922.858558,0.376784,0.373314,4.425752
922.908561,0.385765,0.394864,4.504509
922.958570,0.392576,0.402410,4.644672
923.008570,0.410392,0.411064,4.644672
923.058569,0.415658,0.416280,4.644672
923.108583,0.426366,0.424088,4.644672
923.158574,0.440839,0.429715,4.644672
923.208584,0.451683,0.434258,4.644672
923.258550,0.448010,0.439242,4.644672
923.308552,0.450177,0.440953,4.644672
923.358557,0.454998,0.448425,4.644672
923.408558,0.460290,0.453847,4.644672
923.458559,0.454842,0.446769,4.644672
923.508564,0.476383,0.478116,4.644672
923.558563,0.475395,0.471547,4.644672
923.608566,0.496170,0.497520,4.644672
923.658566,0.521501,0.523291,4.644672
923.708579,0.535153,0.533136,4.644672
923.758577,0.548853,0.541119,4.644672
923.808575,0.583707,0.564311,4.644672
923.858601,0.588205,0.577716,4.644672
923.908589,0.614517,0.588290,4.907706
923.958588,0.611567,0.585431,5.189200
924.008554,0.605102,0.585529,5.189200
924.058563,0.620366,0.606119,5.189200
924.108561,0.622321,0.602020,5.189200
924.158565,0.611890,0.598516,5.189200
924.208564,0.642879,0.648999,5.189200
924.258574,0.656369,0.664329,5.189200
924.308570,0.652062,0.640832,5.189200
924.358581,0.660036,0.641034,5.189200
924.408574,0.673922,0.667647,5.189200
924.458577,0.691935,0.677516,5.189200
924.508580,0.697262,0.667210,5.189200
924.558584,0.668490,0.664639,5.189200
924.608588,0.652875,0.653391,5.189200
924.658592,0.678631,0.666877,5.189200
924.708592,0.690810,0.678998,5.189200
924.758562,0.691572,0.700058,5.189200
924.808569,0.690650,0.703216,5.189200
924.858571,0.704554,0.707134,5.189200
924.908571,0.716673,0.712212,5.319560
924.958578,0.752730,0.742383,5.459283
925.008583,0.769489,0.760704,5.459283
925.058579,0.772489,0.759039,5.459283
925.108583,0.768922,0.759430,5.459283
925.158591,0.763757,0.743173,5.459283
925.208583,0.750886,0.721452,5.459283
925.264431,0.742683,0.712218,5.459283
925.308599,0.709817,0.695630,5.459283
925.358590,0.687114,0.691746,5.459283
925.408597,0.676515,0.689423,5.459283
925.458603,0.676925,0.704511,5.459283
925.508574,0.689464,0.716849,5.459283
925.558571,0.713680,0.734368,5.459283
925.608574,0.748466,0.771036,5.459283
925.658583,0.804778,0.821647,5.459283
925.708577,0.846715,0.851265,5.459283
925.758583,0.904977,0.898651,5.459283
925.808595,0.953062,0.939250,5.459283
925.858587,1.015481,0.992020,5.459283
925.908593,1.057108,1.012238,5.697019
925.958597,1.083896,1.031323,5.955612
926.008590,1.112235,1.068835,5.955612
926.058596,1.227116,1.209925,5.955612
926.108608,1.314226,1.307846,5.955612
926.158606,1.391551,1.374598,5.955612
926.208605,1.462319,1.439500,5.955612
926.258582,1.548216,1.491008,5.955612
926.308582,1.612599,1.504982,5.955612
926.358580,1.669434,1.527088,5.955612
926.408589,1.637065,1.531249,5.955612
926.458590,1.515580,1.394460,5.955612
926.508590,1.403312,1.285073,5.955612
926.558591,1.288778,1.205196,5.955612
926.608605,1.162018,1.127070,5.955612
926.658597,1.059677,1.070915,5.955612
926.708601,0.948012,1.024477,5.955612
926.758605,0.845796,0.987030,5.955612
926.808617,0.840671,0.952107,5.955612
926.858613,0.831810,0.918670,5.955612
926.908613,0.813671,0.887044,6.073432
926.958624,0.809196,0.866491,6.233249
927.008585,0.803907,0.855054,6.233249
927.074915,0.795694,0.840291,6.233249
927.108589,0.788458,0.829532,6.233249
927.158605,0.789053,0.826968,6.233249
927.214892,0.815498,0.855617,6.233249
927.258603,0.911178,0.970395,6.233249
927.308601,0.959168,1.000276,6.233249
927.358607,1.012258,1.035949,6.233249
927.408613,1.065897,1.060374,6.233249
927.458612,1.086003,1.033508,6.233249
927.508610,1.087791,0.993293,6.233249
927.558623,1.070666,0.964922,6.233249
927.608620,0.984900,0.937651,6.233249
927.658615,0.943976,0.916522,6.233249
927.708624,0.895819,0.900081,6.233249
927.758597,0.849446,0.886413,6.233249
927.808602,0.845815,0.889497,6.233249
927.858595,0.851639,0.887047,6.233249
927.908599,0.849066,0.876078,6.453263
927.958607,0.855761,0.876037,6.716693
928.008603,0.843290,0.849748,6.716693
928.058606,0.884831,0.905441,6.716693
928.108607,0.893295,0.902953,6.716693
928.158608,0.877788,0.881056,6.716693
928.208611,0.832759,0.817211,6.716693
928.258614,0.798204,0.771831,6.716693
928.308627,0.750126,0.725373,6.716693
928.358620,0.744177,0.720770,6.716693
928.408623,0.668790,0.696535,6.716693
928.458635,0.625260,0.675229,6.716693
928.508594,0.619084,0.690244,6.716693
928.558607,0.677942,0.746807,6.716693
928.608608,0.756216,0.824696,6.716693
928.658605,0.824068,0.862915,6.716693
928.709084,0.855074,0.874312,6.716693
928.758615,0.904071,0.887636,6.716693
928.808613,0.958184,0.904204,6.716693
928.858615,0.985167,0.911295,6.716693
928.908622,0.966200,0.897018,7.156388
928.958627,0.917863,0.877266,7.627530
929.008628,0.895012,0.872993,7.627530
929.058632,0.877356,0.857690,7.627530
929.108633,0.842864,0.826025,7.627530
929.158631,0.809349,0.807732,7.627530
929.208642,0.770648,0.780281,7.627530
929.258606,0.750409,0.763776,7.627530
929.324736,0.742582,0.759658,7.627530
929.358613,0.720573,0.748092,7.627530
929.408613,0.712017,0.746063,7.627530
929.458616,0.718814,0.746317,7.627530
929.508615,0.735335,0.765725,7.627530
929.558639,0.792655,0.827498,7.627530
929.608620,0.852664,0.884765,7.627530
929.658629,0.900610,0.923747,7.627530
929.708616,0.955882,0.956236,7.627530
929.758638,1.043771,1.036433,7.627530
929.824052,1.122459,1.089370,7.627530
929.858643,1.189165,1.133793,7.627530
929.908647,1.251713,1.209563,7.685972
929.958641,1.274299,1.222103,7.761120
930.008618,1.279572,1.201447,7.761120
930.058619,1.308967,1.219365,7.761120
930.108617,1.346986,1.299283,7.761120
930.158623,1.404621,1.379254,7.761120
930.208629,1.477445,1.467016,7.761120
930.258631,1.530768,1.550774,7.761120
930.308626,1.622494,1.622734,7.761120
930.358638,1.739381,1.687052,7.761120
930.408628,1.827813,1.731398,7.761120
930.458635,1.869528,1.767826,7.761120
930.508644,1.900880,1.798816,7.761120
930.558647,1.919547,1.829206,7.761120
930.608647,1.958629,1.895071,7.761120
930.658647,1.980524,1.929318,7.761120
930.708658,1.996514,1.956029,7.761120
930.758622,2.029980,1.993125,7.761120
930.808620,2.132713,2.119598,7.761120
930.858631,2.262441,2.260084,7.761120
930.908629,2.391181,2.377175,7.755000
930.984594,2.487905,2.463394,7.749990
931.008624,2.667662,2.639751,7.749990
931.058635,2.609772,2.446971,7.749990
931.108644,2.545082,2.296396,7.749990
931.158641,2.442641,2.219243,7.749990
931.208649,2.314358,2.159195,7.749990
931.258644,2.176115,2.103775,7.749990
931.308649,2.056115,2.072483,7.749990
931.358653,1.851621,2.041602,7.749990
931.408653,1.883450,2.013504,7.749990
931.458657,1.930792,2.016465,7.749990
931.508623,1.929916,1.995348,7.749990
931.558627,1.973641,2.042018,7.749990
931.608632,2.020869,2.076244,7.749990
931.658638,2.061293,2.106273,7.749990
931.708642,2.106892,2.131368,7.749990
931.758637,2.154966,2.153081,7.749990
931.808641,2.188060,2.175061,7.749990
931.858655,2.209834,2.153823,7.749990
931.908642,2.191147,2.142785,7.897312
931.958645,2.165337,2.120160,8.053835
932.008662,2.131024,2.093967,8.053835
932.058653,2.086347,2.059943,8.053835
932.108662,1.906455,1.844423,8.053835
932.158665,1.740816,1.694740,8.053835
932.208669,1.566789,1.522151,8.053835
932.263846,1.411029,1.415046,8.053835
932.308639,1.383182,1.502869,8.053835
932.358637,1.329223,1.527648,8.053835
932.413834,1.323353,1.599282,8.053835
932.458665,1.487557,1.705696,8.053835
932.508650,1.599738,1.740637,8.053835
932.558649,1.748628,1.767598,8.053835
932.608654,1.872973,1.785468,8.053835
932.658659,1.874150,1.800901,8.053835
932.708664,1.900589,1.803097,8.053835
932.758663,1.880827,1.791953,8.053835
932.808663,1.716456,1.629725,8.053835
932.858667,1.625414,1.552155,8.053835
932.908669,1.573734,1.544476,8.050202
932.958677,1.571565,1.604577,8.047462
933.008647,1.586747,1.677391,8.047462
933.073788,1.546972,1.646945,8.047462
933.108666,1.528671,1.640827,8.047462
933.158648,1.678167,1.715353,8.047462
933.208652,1.799953,1.788126,8.047462
933.258650,1.868690,1.830440,8.047462
933.308671,1.889860,1.864230,8.047462
933.358662,1.894056,1.891283,8.047462
933.408658,1.959906,1.910649,8.047462
933.458680,2.015098,1.932874,8.047462
933.508670,2.013578,1.947273,8.047462
933.563740,1.971413,1.914049,8.047462
933.608671,1.979445,1.942622,8.047462
933.658674,1.903372,1.847312,8.047462
933.708683,1.829279,1.774604,8.047462
933.758646,1.755209,1.713668,8.047462
933.808655,1.635309,1.607031,8.047462
933.858667,1.521787,1.526828,8.047462
933.908656,1.454705,1.483463,8.192250
933.958665,1.321824,1.414440,8.344954
934.008675,1.289109,1.375558,8.344954
934.058673,1.255652,1.348639,8.344954
934.108667,1.235280,1.342769,8.344954
934.158671,1.267231,1.355808,8.344954
934.208679,1.422303,1.543624,8.344954
934.258677,1.608730,1.758860,8.344954
934.308681,1.786447,1.886918,8.344954
934.358677,1.929832,1.953482,8.344954
934.408691,2.085357,2.027153,8.344954
934.458675,2.244076,2.107722,8.344954
934.508655,2.418955,2.212526,8.344954
934.558656,2.451025,2.274468,8.344954
934.608664,2.395463,2.268231,8.344954
934.684270,2.398146,2.298726,8.344954
934.708671,2.489929,2.410969,8.344954
934.758673,2.519215,2.433775,8.344954
934.814259,2.382309,2.242038,8.344954
934.858670,2.220940,2.094033,8.344954
934.908683,2.074918,1.972785,8.490703
934.958677,2.024506,1.956459,8.645510
935.008687,1.951193,1.942357,8.645510
935.058688,1.820652,1.946692,8.645510
935.108690,1.759022,1.974538,8.645510
935.158687,1.850806,2.004039,8.645510
935.208696,1.930784,2.018108,8.645510
935.258662,2.010631,2.024650,8.645510
935.308670,2.038504,2.037300,8.645510
935.358665,2.068708,2.048738,8.645510
935.408666,2.106827,2.084433,8.645510
935.458676,2.125098,2.110489,8.645510
935.508666,2.154904,2.154138,8.645510
935.558678,2.171948,2.160315,8.645510
935.608679,2.232910,2.225104,8.645510
935.658689,2.293743,2.284346,8.645510
935.708672,2.337510,2.309296,8.645510
935.758686,2.336554,2.290516,8.645510
935.808685,2.345710,2.283596,8.645510
935.858700,2.320283,2.256237,8.645510
935.908703,2.314574,2.231683,8.719262
935.958702,2.275583,2.229566,8.797063
936.008670,2.224156,2.219195,8.797063
936.058675,2.202837,2.229200,8.797063
936.108682,2.196751,2.217890,8.797063
936.158678,2.184125,2.207812,8.797063
936.208684,2.190747,2.204845,8.797063
936.258682,2.212204,2.220514,8.797063
936.308683,2.220282,2.231929,8.797063
936.358694,2.231091,2.235553,8.797063
936.408696,2.225420,2.233440,8.797063
936.458689,2.231487,2.229849,8.797063
936.508702,2.240167,2.229878,8.797063
936.558688,2.240646,2.223989,8.797063
936.608705,2.169050,2.136644,8.797063
936.658698,2.080519,2.041091,8.797063
936.708709,1.991452,1.957127,8.797063
936.758678,1.779024,1.711447,8.797063
936.808681,1.593337,1.552904,8.797063
936.858686,1.409797,1.432398,8.797063
936.908684,1.231006,1.338236,8.867972
936.958692,1.237719,1.437438,8.943908
937.008692,1.294567,1.559526,8.943908
937.058698,1.338790,1.632009,8.943908
937.108697,1.508502,1.689267,8.943908
937.158702,1.647089,1.731221,8.943908
937.208706,1.724942,1.684012,8.943908
937.258711,1.788624,1.626775,8.943908
937.308701,1.739552,1.599671,8.943908
937.375318,1.610370,1.509698,8.943908
937.408710,1.506889,1.448123,8.943908
937.458715,1.459945,1.475665,8.943908
937.510552,1.424241,1.505979,8.943908
937.558687,1.497997,1.607894,8.943908
937.608687,1.597895,1.705523,8.943908
937.658696,1.700784,1.806770,8.943908
937.708699,1.847904,1.881726,8.943908
937.758695,1.980386,1.934006,8.943908
937.808703,2.057396,1.972292,8.943908
937.858706,2.130777,2.006128,8.943908
937.908717,2.148720,2.033238,8.940077
937.958705,2.155821,2.055646,8.937197
938.008715,2.140781,2.065872,8.937197
938.058718,2.151060,2.103331,8.937197
938.108727,2.169694,2.137210,8.937197
938.158716,2.196018,2.171331,8.937197
938.208722,2.219751,2.198938,8.937197
938.258692,2.253557,2.235324,8.937197
938.308693,2.266186,2.234648,8.937197
938.358697,2.285720,2.237944,8.937197
938.408699,2.285767,2.242577,8.937197
938.458699,2.103863,1.993377,8.937197
938.508707,1.909698,1.780503,8.937197
938.558706,1.717210,1.610515,8.937197
938.608711,1.543924,1.511671,8.937197
938.690976,1.361491,1.409100,8.937197
938.708710,1.183681,1.336429,8.937197
938.758722,1.016651,1.289133,8.937197
938.825196,1.030004,1.249103,8.937197
938.858727,1.105053,1.290068,8.937197
938.908728,1.134002,1.258580,8.937285
938.958720,1.145076,1.245614,8.942937
939.008698,1.166304,1.225404,8.942937
939.058701,1.226294,1.273787,8.942937
939.108696,1.270442,1.301217,8.942937
939.158708,1.345947,1.364624,8.942937
939.208710,1.344455,1.378897,8.942937
939.258717,1.398182,1.404168,8.942937
939.308711,1.514483,1.523499,8.942937
939.358718,1.601990,1.570191,8.942937
939.408726,1.703037,1.690957,8.942937
939.458727,1.833020,1.816644,8.942937
939.508721,1.941855,1.930265,8.942937
939.565119,2.041688,1.973108,8.942937
939.608732,2.136094,2.012973,8.942937
939.658736,2.166820,2.054116,8.942937
939.708730,2.227315,2.079978,8.942937
939.758704,2.298917,2.196530,8.942937
939.808712,2.337329,2.274229,8.942937
939.858711,2.369428,2.338438,8.942937
939.908715,2.440957,2.398073,9.011090
939.958722,2.510114,2.446795,9.086883
940.008717,2.567150,2.479821,9.086883
940.058720,2.568622,2.431244,9.086883
940.108727,2.502529,2.385136,9.086883
940.158732,2.458170,2.359649,9.086883
940.223189,2.404922,2.331484,9.086883
940.258728,2.337167,2.301047,9.086883
940.308733,2.274315,2.282837,9.086883
940.358738,2.242282,2.304164,9.086883
940.408747,2.268461,2.328251,9.086883
940.458726,2.295858,2.341173,9.086883
940.508711,2.323319,2.361927,9.086883
940.558714,2.341822,2.359298,9.086883
940.608718,2.368960,2.362020,9.086883
940.658721,2.390385,2.362006,9.086883
940.708722,2.385487,2.360322,9.086883
940.758730,2.427796,2.432709,9.086883
940.808724,2.457399,2.463247,9.086883
940.858729,2.494650,2.508607,9.086883
940.908736,2.548647,2.548313,9.163027
940.958738,2.340276,2.219869,9.246878
941.008740,2.218477,2.079926,9.246878
941.058741,2.055428,1.913125,9.246878
941.108744,1.841455,1.776898,9.246878
941.158739,1.813146,1.900740,9.246878
941.208744,1.750934,1.970096,9.246878
941.258721,1.733515,2.090692,9.246878
941.308718,1.993335,2.216890,9.246878
941.373097,2.051216,2.159934,9.246878
941.408724,2.222321,2.218168,9.246878
941.458726,2.453824,2.345213,9.246878
941.508728,2.493109,2.412134,9.246878
941.558739,2.546425,2.452779,9.246878
941.608732,2.591039,2.539155,9.246878
941.658737,2.614354,2.608230,9.246878
941.708743,2.581251,2.427093,9.246878
941.758744,2.497266,2.310232,9.246878
941.808752,2.364809,2.238924,9.246878
941.858749,2.228820,2.136102,9.246878
941.908758,2.181400,2.160126,9.231436
941.958746,2.091025,2.174065,9.240387
942.008725,2.005164,2.189830,9.240387
942.058731,2.082232,2.205088,9.240387
942.108734,2.132419,2.206697,9.240387
942.163023,2.168522,2.209159,9.240387
942.208739,2.242791,2.218328,9.240387
942.258738,2.272742,2.267831,9.240387
942.308748,2.318475,2.325055,9.240387
942.358745,2.348106,2.353181,9.240387
942.408752,2.382167,2.383519,9.240387
942.458763,2.540535,2.573224,9.240387
942.508759,2.607221,2.595935,9.240387
942.558747,2.723196,2.687051,9.240387
942.608750,2.825847,2.782659,9.240387
942.658771,2.794907,2.692310,9.240387
942.708755,2.776049,2.625671,9.240387
942.758738,2.745210,2.559595,9.240387
942.808731,2.602548,2.506072,9.240387
942.858740,2.545852,2.466557,9.240387
942.908742,2.446272,2.439351,9.093098
942.958747,2.324915,2.413679,8.941261
943.008746,2.319286,2.392231,8.941261
943.058749,2.305171,2.369179,8.941261
943.114819,2.304437,2.356687,8.941261
943.158753,2.319922,2.366530,8.941261
943.208757,2.315144,2.346838,8.941261
943.258754,2.328062,2.360772,8.941261
943.308758,2.343525,2.369896,8.941261
943.358752,2.363702,2.384551,8.941261
943.408772,2.383348,2.395067,8.941261
943.458760,2.395400,2.395241,8.941261
943.508745,2.397875,2.399358,8.941261
943.558744,2.365920,2.328116,8.941261
943.608753,2.314585,2.271101,8.941261
943.658748,2.264739,2.226535,8.941261
943.708750,2.243526,2.241582,8.941261
943.758751,2.216464,2.244242,8.941261
943.808758,2.193745,2.242013,8.941261
943.858756,2.187921,2.268040,8.941261
943.908764,2.219006,2.269351,9.013517
943.958768,2.264081,2.287535,9.091661
944.008772,2.293374,2.282041,9.091661
944.058771,2.365768,2.388143,9.091661
944.108767,2.430748,2.452055,9.091661
944.158778,2.506637,2.508940,9.091661
944.208779,2.548392,2.535840,9.091661
944.258750,2.615749,2.577971,9.091661
944.308750,2.659088,2.591758,9.091661
944.358756,2.570559,2.411350,9.091661
944.408757,2.430955,2.299290,9.091661
944.458752,2.289494,2.183026,9.091661
944.508762,2.145628,2.089530,9.091661
944.558764,2.017910,2.019140,9.091661
944.608763,1.886693,1.974607,9.091661
944.658772,1.806233,1.992125,9.091661
944.708767,1.858383,2.008296,9.091661
944.758775,1.888142,2.019876,9.091661
944.808788,1.928485,2.020024,9.091661
944.858774,1.964587,2.013262,9.091661
944.908772,1.994146,2.002782,9.022154
944.958774,1.958943,1.912004,8.950821
945.008754,1.920959,1.888060,8.950821
945.058756,1.891406,1.882881,8.950821
945.108761,1.874105,1.894746,8.950821
945.158762,1.869001,1.914147,8.950821
945.208765,1.879788,1.944217,8.950821
945.258768,1.879887,1.945094,8.950821
945.308770,1.953289,1.967925,8.950821
945.358782,1.995729,1.992891,8.950821
945.408773,2.023508,2.006014,8.950821
945.458781,2.033399,2.007789,8.950821
945.508790,2.067561,2.052697,8.950821
945.558778,2.118320,2.126439,8.950821
945.608791,2.161822,2.151886,8.950821
945.673981,2.202844,2.190415,8.950821
945.713980,2.234992,2.215292,8.950821
945.774131,2.221539,2.165231,8.950821
945.814127,2.335588,2.295525,8.950821
945.893977,2.192960,2.083113,8.911994
945.913965,2.168394,2.119726,8.637838
945.963960,2.156980,2.129203,8.637838
946.014127,2.097941,2.086623,8.637838
946.084094,1.975425,1.962366,8.637838
946.114059,1.992386,1.983942,8.637838
946.158783,1.917777,2.042044,8.637838
946.213946,2.011592,2.011531,8.637838
946.258775,2.012823,2.069981,8.637838
946.308787,2.005382,2.079557,8.637838
946.358803,2.030186,2.082040,8.637838
946.408796,2.167346,2.152126,8.637838
946.458803,2.163087,2.126034,8.637838
946.508767,2.150045,2.137203,8.637838
946.558772,2.274713,2.259136,8.637838
946.608773,2.316944,2.323138,8.637838
946.658779,2.400577,2.391255,8.637838
946.708782,2.491382,2.456213,8.637838
946.758783,2.524531,2.503898,8.637838
946.808789,2.595056,2.510938,8.637838
946.858792,2.620466,2.486689,8.637838
946.908788,2.611399,2.528075,8.354260
946.958792,2.577353,2.491628,8.064449
947.008796,2.532399,2.464242,8.064449
947.058795,2.481031,2.441177,8.064449
947.108806,2.271931,2.196846,8.064449
947.158807,2.156964,2.103172,8.064449
947.208805,2.002694,1.942416,8.064449
947.278113,1.808786,1.821033,8.064449
947.308779,1.663758,1.727259,8.064449
947.358783,1.519467,1.652809,8.064449
947.412595,1.423355,1.657182,8.064449
947.458786,1.442977,1.597311,8.064449
947.508787,1.495860,1.697154,8.064449
947.558787,1.524001,1.657472,8.064449
947.608798,1.567335,1.655186,8.064449
947.658798,1.529240,1.540903,8.064449
947.708804,1.504763,1.467534,8.064449
947.758799,1.406948,1.369242,8.064449
947.808798,1.386148,1.334550,8.064449
947.858799,1.277406,1.339106,8.064449
947.908815,1.230852,1.308039,7.763564
947.958803,1.215753,1.354312,7.453392
948.008785,1.254767,1.354934,7.453392
948.058790,1.296711,1.377558,7.453392
948.108790,1.376170,1.408481,7.453392
948.173262,1.406054,1.406556,7.453392
948.208794,1.651186,1.739664,7.453392
948.258795,1.858054,1.919590,7.453392
948.308798,1.985389,2.021341,7.453392
948.364382,2.151597,2.121691,7.453392
948.408791,2.274283,2.162856,7.453392
948.464378,2.335582,2.122352,7.453392
948.508811,2.478275,2.177519,7.453392
948.558818,2.332395,2.152241,7.453392
948.608826,2.285024,2.183169,7.453392
948.658811,2.292869,2.242802,7.453392
948.708811,2.239501,2.223812,7.453392
948.758800,2.218837,2.216235,7.453392
948.808791,2.248294,2.206716,7.453392
948.858792,2.306042,2.326096,7.453392
948.914345,2.396644,2.396683,7.127718
948.958798,2.442076,2.442072,6.851897
949.008801,2.462152,2.479858,6.851897
949.058807,2.460730,2.409860,6.851897
949.108808,2.400768,2.281942,6.851897
949.158813,2.354245,2.197162,6.851897
949.208814,2.214395,2.120736,6.851897
949.258816,2.101631,2.061206,6.851897
949.308822,1.981795,2.007432,6.851897
949.358814,1.867298,1.971984,6.851897
949.408823,1.831600,1.945397,6.851897
949.458830,1.837536,1.924751,6.851897
949.508794,1.821008,1.893125,6.851897
949.558798,1.811123,1.868032,6.851897
949.608804,1.804598,1.852950,6.851897
949.658799,1.842469,1.893889,6.851897
949.708803,1.897231,1.958736,6.851897
949.758810,1.945763,2.001642,6.851897
949.808810,1.996102,2.037139,6.851897
949.858812,2.058514,2.071083,6.851897
949.908822,2.120547,2.098165,6.705368
949.958804,2.298129,2.286553,6.554276
950.008812,2.357115,2.316304,6.554276
950.058826,2.413804,2.374675,6.554276
950.108833,2.483694,2.423072,6.554276
950.158846,2.451149,2.335882,6.554276
950.208832,2.391851,2.230863,6.554276
950.258805,2.366384,2.196075,6.554276
950.308809,2.177047,2.101458,6.554276
950.358810,2.121608,2.089840,6.554276
950.408814,2.033514,2.071738,6.554276
950.458811,1.955841,2.071237,6.554276
950.508815,1.981642,2.090110,6.554276
950.558831,2.021618,2.090817,6.554276
950.608821,2.001656,2.058096,6.554276
950.658820,1.998758,1.989380,6.554276
950.708830,1.964608,1.954259,6.554276
950.758829,1.956259,1.943522,6.554276
950.808831,1.937994,1.930322,6.554276
950.858836,1.923128,1.957369,6.554276
950.908843,1.938278,2.010966,6.554276
950.958841,1.966150,2.038682,6.554276
951.008811,2.011440,2.040554,6.554276
951.058813,2.038956,2.033707,6.554276
951.113526,2.061893,2.037347,6.554276
951.158816,2.083529,2.037228,6.554276
951.208824,2.014828,1.946138,6.554276
951.258822,1.922414,1.873546,6.554276
951.308833,1.842248,1.816557,6.554276
951.358831,1.793975,1.795102,6.554276
951.408826,1.750806,1.776176,6.554276
951.458839,1.719651,1.786244,6.554276
951.508827,1.685750,1.786950,6.554276
951.558837,1.727745,1.801701,6.554276
951.608841,1.747518,1.785487,6.554276
951.658854,1.778387,1.789637,6.554276
951.708833,1.785535,1.785545,6.554276
951.758815,1.792725,1.778058,6.554276
951.808817,1.779242,1.769793,6.554276
951.858825,1.768223,1.759521,6.554276
951.908826,1.754501,1.758964,6.557459
951.958824,1.754073,1.752475,6.562101
952.008832,1.741658,1.746707,6.562101
952.058831,1.741989,1.752200,6.562101
952.108840,1.737404,1.746518,6.562101
952.158833,1.749495,1.762160,6.562101
952.222975,1.763792,1.773632,6.562101
952.258845,1.769779,1.778201,6.562101
952.308830,1.799299,1.808756,6.562101
952.358847,1.844297,1.854045,6.562101
952.408850,1.844092,1.836926,6.562101
952.458859,1.866629,1.847381,6.562101
952.508827,1.865285,1.841897,6.562101
952.558824,1.856233,1.825853,6.562101
952.608834,1.855685,1.815913,6.562101
952.658832,1.830861,1.802584,6.562101
952.708831,1.789632,1.785522,6.562101
952.758833,1.780709,1.773038,6.562101
952.808836,1.750505,1.757001,6.562101
952.858830,1.761034,1.788943,6.562101
952.908842,1.832556,1.884478,6.702883
952.958863,1.877269,1.921547,6.851169
953.008842,1.977932,2.020457,6.851169
953.058852,2.057140,2.071202,6.851169
953.108863,2.172526,2.160392,6.851169
953.158845,2.268361,2.200761,6.851169
953.208863,2.326020,2.229359,6.851169
953.258830,2.335292,2.252350,6.851169
953.308830,2.372553,2.266473,6.851169
953.358834,2.359157,2.279032,6.851169
953.408837,2.136265,1.962182,6.851169
953.458838,1.872095,1.705913,6.851169
953.508844,1.636278,1.505768,6.851169
953.558851,1.397994,1.338207,6.851169
953.608848,1.161194,1.210162,6.851169
953.658844,0.926587,1.107872,6.851169
953.708854,0.693814,1.028130,6.851169
953.758859,0.730310,1.012869,6.851169
953.808859,0.768943,1.000861,6.851169
953.858859,0.804635,0.991130,6.851169
953.908870,0.815569,0.941536,6.851344
953.958873,0.838190,0.925053,6.851898
954.008836,0.859760,0.910157,6.851898
954.058843,0.878035,0.894817,6.851898
954.108846,0.836617,0.848394,6.851898
954.158844,0.795736,0.811719,6.851898
954.208847,0.756032,0.784409,6.851898
954.258847,0.746293,0.762651,6.851898
954.308851,0.720627,0.745879,6.851898
954.372006,0.697619,0.734979,6.851898
954.408855,0.686046,0.738764,6.851898
954.458866,0.699460,0.742254,6.851898
954.508865,0.715632,0.749393,6.851898
954.558871,0.756847,0.792434,6.851898
954.608856,0.774769,0.794297,6.851898
954.658875,0.820327,0.834007,6.851898
954.708874,0.863482,0.865650,6.851898
954.758842,0.894188,0.886634,6.851898
954.808850,0.927909,0.907279,6.851898
954.858854,0.924675,0.877498,6.851898
954.908855,0.880770,0.834072,6.776289
954.958856,0.886173,0.835444,6.700534
955.008862,0.870352,0.844677,6.700534
955.058856,0.862342,0.862752,6.700534
955.108861,0.832293,0.840875,6.700534
955.158871,0.804297,0.831201,6.700534
955.208874,0.816335,0.834173,6.700534
955.258890,0.842584,0.836605,6.700534
955.308880,0.868532,0.874314,6.700534
955.358880,0.901446,0.922541,6.700534
955.408883,0.919188,0.950637,6.700534
955.458886,0.967250,0.977525,6.700534
955.508852,1.002566,0.988031,6.700534
955.558852,1.039416,1.008759,6.700534
955.608859,1.080270,1.029803,6.700534
955.658865,1.094659,1.048123,6.700534
955.708866,1.091462,1.059475,6.700534
955.758872,1.121055,1.101796,6.700534
955.808872,1.149164,1.138603,6.700534
955.858872,1.175515,1.157225,6.700534
955.908866,1.195014,1.173937,6.700596
955.958876,1.144111,1.091096,6.702340
956.008875,1.146934,1.099208,6.702340
956.058878,1.120194,1.060791,6.702340
956.108882,1.052792,1.004497,6.702340
956.158895,1.006451,0.990136,6.702340
956.208888,0.962541,0.983935,6.702340
956.258860,0.917951,0.976094,6.702340
956.308859,0.950169,0.978762,6.702340
956.358869,0.926843,0.977339,6.702340
956.408875,0.935222,0.975271,6.702340
956.458869,0.966190,0.979520,6.702340
956.508870,0.973905,0.980504,6.702340
956.558872,0.975525,0.978804,6.702340
956.608873,0.968320,0.962444,6.702340
956.658884,0.947654,0.938907,6.702340
956.708871,0.922213,0.909855,6.702340
956.758890,0.910126,0.904436,6.702340
956.808886,0.871264,0.868412,6.702340
956.861807,0.847170,0.857896,6.702340
956.908897,0.834716,0.863167,6.624890
956.958895,0.827804,0.860119,6.554277
957.008868,0.823562,0.851105,6.554277
957.058875,0.828217,0.846283,6.554277
957.108877,0.824056,0.846729,6.554277
957.158876,0.856605,0.868213,6.554277
957.213646,0.872637,0.880423,6.554277
957.258878,0.881256,0.893355,6.554277
957.308879,0.896659,0.905468,6.554277
957.361776,0.948863,0.959058,6.554277
957.408891,1.000016,1.005091,6.554277
957.458888,1.045736,1.036793,6.554277
957.508888,1.068964,1.054375,6.554277
957.558891,1.048919,1.001833,6.554277
957.608902,1.064685,1.013169,6.554277
957.658904,1.065816,1.002977,6.554277
957.721725,1.027365,0.982887,6.554277
957.758879,0.989450,0.970228,6.554277
957.808878,0.978514,0.992015,6.554277
957.861712,0.978468,1.019766,6.554277
957.908883,1.012229,1.021515,6.551505
957.958885,1.025673,1.047578,6.551667
958.008885,1.051397,1.066445,6.551667
958.058898,1.085633,1.081766,6.551667
958.108889,1.161506,1.156521,6.551667
958.158893,1.212569,1.212510,6.551667
958.208899,1.259631,1.262129,6.551667
958.258890,1.324464,1.305627,6.551667
958.308900,1.426402,1.416437,6.551667
958.358901,1.532640,1.510769,6.551667
958.408911,1.644920,1.594782,6.551667
958.458917,1.711271,1.660111,6.551667
958.508881,1.765210,1.691159,6.551667
958.558885,1.815726,1.716034,6.551667
958.608888,1.865362,1.738070,6.551667
958.658888,1.858250,1.752158,6.551667
958.708899,1.847976,1.764937,6.551667
958.758890,1.832665,1.776844,6.551667
958.808905,1.822091,1.791054,6.551667
958.858901,1.821685,1.795490,6.551667
958.908904,1.830531,1.811779,6.551535
958.958908,1.844182,1.833524,6.554277
959.008905,1.858098,1.847564,6.554277
959.058901,1.866053,1.852098,6.554277
959.108907,1.874373,1.857815,6.554277
959.158913,1.872219,1.854236,6.554277
959.208907,1.874079,1.848359,6.554277
959.258887,1.864979,1.841224,6.554277
959.308890,1.686835,1.605888,6.554277
959.358892,1.510032,1.416173,6.554277
959.408896,1.343159,1.270671,6.554277
959.458904,1.187394,1.168835,6.554277
959.508906,1.030631,1.086501,6.554277
959.558902,0.865217,1.007554,6.554277
959.608895,0.707713,0.949733,6.554277
959.658914,0.724251,0.916468,6.554277
959.708915,0.733189,0.877469,6.554277
959.758913,0.742247,0.852742,6.554277
959.808909,0.734254,0.823317,6.554277
959.858921,0.731959,0.806952,6.554277
959.908925,0.731969,0.783814,6.480302
959.958922,0.732148,0.771649,6.405472
960.008891,0.725658,0.765059,6.405472
960.058896,0.727694,0.759632,6.405472
960.108897,0.723546,0.753013,6.405472
960.158899,0.726290,0.747383,6.405472
960.208899,0.726231,0.746160,6.405472
960.258915,0.733655,0.745453,6.405472
960.308923,0.759132,0.776683,6.405472
960.358913,0.777855,0.795249,6.405472
960.408907,0.800087,0.814747,6.405472
960.472766,0.824834,0.831812,6.405472
960.522744,0.851436,0.847121,6.405472
960.558916,0.876892,0.861971,6.405472
960.633365,0.882933,0.846792,6.405472
960.658925,0.896391,0.876696,6.405472
960.708918,0.930831,0.923019,6.405472
960.772726,0.935863,0.922827,6.405472
960.808907,1.075720,1.112815,6.405472
960.858906,1.146665,1.171755,6.405472
960.908909,1.216139,1.220203,6.402711
960.958914,1.294500,1.242983,6.402801
961.008912,1.353673,1.277670,6.402801
961.058917,1.399085,1.307353,6.402801
961.108918,1.472950,1.333800,6.402801
961.158919,1.411058,1.354721,6.402801
961.208923,1.454230,1.425363,6.402801
961.258929,1.498018,1.484242,6.402801
961.308930,1.557586,1.537115,6.402801
961.358937,1.609007,1.584525,6.402801
961.408933,1.650057,1.610586,6.402801
961.458942,1.688358,1.630935,6.402801
961.508912,1.729745,1.650913,6.402801
961.558908,1.769649,1.718596,6.402801
961.608912,1.798089,1.759424,6.402801
961.658915,1.847864,1.825927,6.402801
961.708918,1.886047,1.867383,6.402801
961.758923,1.930784,1.897909,6.402801
961.808921,1.943242,1.878180,6.402801
961.858923,1.882987,1.764716,6.402801
961.908937,1.805596,1.700670,6.475923
961.958924,1.717472,1.622672,6.554278
962.008939,1.606590,1.559105,6.554278
962.058938,1.497111,1.502027,6.554278
962.108946,1.394110,1.462109,6.554278
962.158947,1.322260,1.428203,6.554278
962.223233,1.313833,1.394693,6.554278
962.258919,1.285843,1.366463,6.554278
962.308915,1.274115,1.339642,6.554278
962.358919,1.261118,1.314416,6.554278
962.408927,1.252558,1.293967,6.554278
962.458923,1.240436,1.278030,6.554278
962.537739,1.231847,1.268625,6.554278
962.558931,1.249339,1.291331,6.554278
962.608933,1.251087,1.286175,6.554278
962.658938,1.332298,1.388378,6.554278
962.708943,1.402122,1.450133,6.554278
962.758946,1.484160,1.516378,6.554278
962.808943,1.569453,1.574775,6.554278
962.858955,1.657509,1.627787,6.554278
962.908943,1.711810,1.660386,6.553711
962.958955,1.790969,1.691564,6.553515
963.008921,1.791636,1.713907,6.553515
963.058937,1.800998,1.723582,6.553515
963.108926,1.802479,1.735978,6.553515
963.158936,1.757551,1.687500,6.553515
963.208933,1.594187,1.487857,6.553515
963.258934,1.444954,1.337313,6.553515
963.308939,1.261641,1.174256,6.553515
963.358943,1.101405,1.074064,6.553515
963.408940,0.950972,1.004642,6.553515
963.458946,0.803059,0.954497,6.553515
963.508959,0.691155,0.908154,6.553515
963.558950,0.701629,0.880080,6.553515
963.608956,0.688403,0.833289,6.553515
963.658961,0.723652,0.820939,6.553515
963.708954,0.727371,0.796825,6.553515
963.758929,0.723170,0.777125,6.553515
963.808931,0.726406,0.775131,6.553515
963.858938,0.732460,0.774186,6.553515
963.932461,0.715169,0.748674,6.651272
963.958946,0.732848,0.753438,6.703087
964.008942,0.738429,0.764797,6.703087
964.058944,0.767996,0.793508,6.703087
964.108944,0.811242,0.835726,6.703087
964.158954,0.841779,0.863998,6.703087
964.208952,0.870463,0.885613,6.703087
964.258953,0.898716,0.877234,6.703087
964.308957,0.904303,0.864554,6.703087
964.358962,0.912378,0.865064,6.703087
964.432416,0.903006,0.860659,6.703087
964.458968,0.875882,0.851729,6.703087
964.508946,0.856335,0.848374,6.703087
964.558937,0.836838,0.845470,6.703087
964.608945,0.827922,0.832594,6.703087
964.658949,0.816903,0.813199,6.703087
964.712391,0.784701,0.778575,6.703087
964.758954,0.771883,0.772295,6.703087
964.808951,0.759809,0.766248,6.703087
964.858951,0.785721,0.816746,6.703087
964.908961,0.831668,0.884390,6.849698
964.958965,0.856474,0.899140,7.000715
965.040574,0.913172,0.946167,7.000715
965.058967,0.967935,0.962092,7.000715
965.108958,0.975708,0.928444,7.000715
965.158967,0.994686,0.915864,7.000715
965.208972,0.963664,0.894111,7.000715
965.258947,0.916623,0.880071,7.000715
965.308945,0.899174,0.872185,7.000715
965.358953,0.854748,0.862554,7.000715
965.408955,0.819694,0.846546,7.000715
965.458954,0.821937,0.838958,7.000715
965.508956,0.812572,0.831230,7.000715
965.558957,0.814958,0.829677,7.000715
965.608963,0.794739,0.800053,7.000715
965.658974,0.786310,0.796549,7.000715
965.708963,0.782184,0.796434,7.000715
965.758971,0.783677,0.795589,7.000715
965.808973,0.748308,0.748508,7.000715
965.858977,0.726034,0.727654,7.000715
965.908976,0.730473,0.753388,7.074084
965.958981,0.741092,0.753321,7.149534
966.008948,0.742517,0.760609,7.149534
966.058953,0.729626,0.750434,7.149534
966.108956,0.715691,0.737823,7.149534
966.158956,0.727210,0.718167,7.149534
966.208958,0.740605,0.723766,7.149534
966.258962,0.709918,0.707608,7.149534
966.308972,0.702574,0.706400,7.149534
966.358981,0.704298,0.726012,7.149534
966.408971,0.702316,0.719311,7.149534
966.458969,0.715322,0.731579,7.149534
966.508980,0.736942,0.743806,7.149534
966.558978,0.743880,0.753912,7.149534
966.608988,0.764612,0.760935,7.149534
966.658980,0.774669,0.762676,7.149534
966.708990,0.774045,0.767288,7.149534
966.758957,0.783105,0.766883,7.149534
966.808963,0.775210,0.759131,7.149534
966.871591,0.765602,0.752576,7.149534
966.908967,0.767708,0.763929,7.248858
966.958980,0.746818,0.739503,7.300411
967.008973,0.740064,0.736183,7.300411
967.058975,0.707853,0.701007,7.300411
967.108981,0.681435,0.676640,7.300411
967.158976,0.676629,0.680365,7.300411
967.208986,0.674992,0.687605,7.300411
967.258977,0.658762,0.689279,7.300411
967.308995,0.674609,0.701937,7.300411
967.358984,0.670047,0.699751,7.300411
967.409003,0.692515,0.703012,7.300411
967.459002,0.729805,0.729989,7.300411
967.508962,0.735997,0.732056,7.300411
967.558965,0.741725,0.737273,7.300411
967.608967,0.754199,0.746527,7.300411
967.658970,0.758419,0.753721,7.300411
967.708975,0.768939,0.755600,7.300411
967.758978,0.783281,0.767932,7.300411
967.808982,0.770629,0.764273,7.300411
967.858983,0.777131,0.768611,7.300411
967.908980,0.767164,0.752441,7.300411
967.958986,0.742801,0.724639,7.300411
968.008993,0.736804,0.727660,7.300411
968.058983,0.735862,0.733608,7.300411
968.108991,0.731582,0.744222,7.300411
968.158995,0.744282,0.763128,7.300411
968.209010,0.732586,0.751447,7.300411
968.258971,0.743345,0.753719,7.300411
968.308972,0.744274,0.726964,7.300411
968.358981,0.757571,0.748119,7.300411
968.408978,0.738802,0.723663,7.300411
968.458981,0.727481,0.720433,7.300411
968.508982,0.715202,0.726905,7.300411
968.558986,0.723250,0.733384,7.300411
968.608990,0.723555,0.740093,7.300411
968.658993,0.741800,0.741671,7.300411
968.708991,0.730199,0.743371,7.300411
968.759000,0.748097,0.745123,7.300411
968.808998,0.719413,0.697405,7.300411
968.859011,0.700438,0.681724,7.300411
968.908993,0.693411,0.687704,7.443559
968.959011,0.677663,0.682823,7.593095
969.008982,0.664953,0.677885,7.593095
969.058985,0.668649,0.697058,7.593095
969.138113,0.721758,0.780588,7.593095
969.158990,0.844694,0.892069,7.593095
969.208991,0.901950,0.912860,7.593095
969.262638,1.037606,1.068627,7.593095
969.308994,1.125578,1.118413,7.593095
969.359001,1.229245,1.175702,7.593095
969.408993,1.295520,1.183884,7.593095
969.459002,1.314673,1.198189,7.593095
969.509012,1.318619,1.193273,7.593095
969.559010,1.332066,1.188909,7.593095
969.609016,1.272386,1.196795,7.593095
969.659030,1.252760,1.202029,7.593095
969.709003,1.214837,1.195930,7.593095
969.758986,1.205009,1.190909,7.593095
969.808996,1.130333,1.102399,7.593095
969.858992,1.038109,0.989174,7.593095
969.909000,1.008112,0.985011,7.814163
969.959002,0.940501,0.940476,8.042497
970.008992,0.894040,0.932254,8.042497
970.059001,0.823558,0.881547,8.042497
970.109009,0.760923,0.851790,8.042497
970.159006,0.757975,0.826988,8.042497
970.209012,0.785274,0.807033,8.042497
970.259010,0.750134,0.790211,8.042497
970.309020,0.762223,0.801648,8.042497
970.359023,0.751418,0.805903,8.042497
970.409025,0.777327,0.816585,8.042497
970.459023,0.799083,0.829908,8.042497
970.508990,0.811524,0.826279,8.042497
970.558997,0.822897,0.822555,8.042497
970.608999,0.835287,0.820235,8.042497
970.659003,0.829977,0.818738,8.042497
970.709012,0.828297,0.817217,8.042497
970.759014,0.821035,0.815548,8.042497
970.809009,0.808655,0.811755,8.042497
970.859015,0.813699,0.818931,8.042497
970.909023,0.807138,0.807581,8.262543
970.959021,0.805152,0.805486,8.490772
971.009023,0.817034,0.823497,8.490772
971.059028,0.835028,0.845933,8.490772
971.109020,0.861079,0.875094,8.490772
971.159030,0.877100,0.882198,8.490772
971.230604,0.889750,0.893204,8.490772
971.259000,0.910826,0.896283,8.490772
971.309000,0.931584,0.905233,8.490772
971.359006,0.938434,0.912344,8.490772
971.409006,0.939670,0.918906,8.490772
971.459013,0.937541,0.930659,8.490772
971.539598,0.942216,0.933556,8.490772
971.559013,0.942823,0.935051,8.490772
971.609011,0.924240,0.903922,8.490772
971.659024,0.892642,0.866974,8.490772
971.709028,0.878121,0.860965,8.490772
971.759027,0.859380,0.851803,8.490772
971.809028,0.837024,0.845282,8.490772
971.859031,0.820423,0.841228,8.490772
971.909040,0.807804,0.843465,8.639290
971.962415,0.889243,0.943855,8.792523
972.009009,1.000853,1.053700,8.792523
972.059009,1.064985,1.100360,8.792523
972.109010,1.159816,1.175880,8.792523
972.159017,1.251407,1.233898,8.792523
972.209015,1.344927,1.284399,8.792523
972.259019,1.437961,1.329270,8.792523
972.309021,1.464363,1.370000,8.792523
972.359028,1.475188,1.410135,8.792523
972.409027,1.587962,1.541749,8.792523
972.459029,1.688741,1.668352,8.792523
972.509040,1.771002,1.741878,8.792523
972.559042,1.883563,1.848425,8.792523
972.609036,2.000868,1.945800,8.792523
972.659041,2.098832,2.002491,8.792523
972.709050,2.193577,2.049629,8.792523
972.759012,2.227824,2.101316,8.792523
972.809013,2.312707,2.234865,8.792523
972.859024,2.418824,2.343099,8.792523
972.921721,2.492728,2.431743,8.877330
972.959030,2.555777,2.498119,8.935528
973.009031,2.634055,2.552747,8.935528
973.059028,2.689122,2.567859,8.935528
973.109037,2.682753,2.506628,8.935528
973.159037,2.739637,2.637852,8.935528
973.209039,2.825895,2.788260,8.935528
973.259048,2.850637,2.821432,8.935528
973.309039,2.752255,2.675524,8.935528
973.359049,2.579943,2.455277,8.935528
973.409047,2.519399,2.406078,8.935528
973.459050,2.497645,2.348171,8.935528
973.509030,2.354397,2.310091,8.935528
973.559024,2.208771,2.310769,8.935528
973.609029,2.117547,2.303502,8.935528
973.659027,2.133188,2.287586,8.935528
973.709029,2.246707,2.303774,8.935528
973.759040,2.262762,2.312234,8.935528
973.809035,2.289066,2.314272,8.935528
973.859036,2.294452,2.293311,8.935528
973.909043,2.294770,2.299544,8.863919
973.959040,2.296720,2.296908,8.791955
974.011620,2.329776,2.327154,8.791955
974.059046,2.386685,2.413223,8.791955
974.109052,2.347997,2.343945,8.791955
974.159055,2.369977,2.365633,8.791955
974.209061,2.366412,2.336688,8.791955
974.259031,2.149661,2.029361,8.791955
974.309029,1.947744,1.792261,8.791955
974.359035,1.720791,1.610765,8.791955
974.409035,1.454432,1.470553,8.791955
974.459042,1.284403,1.352886,8.791955
974.509040,1.209963,1.469253,8.791955
974.559043,1.160019,1.544988,8.791955
974.609056,1.326686,1.627155,8.791955
974.659052,1.473971,1.672410,8.791955
974.709053,1.610372,1.710138,8.791955
974.759064,1.748177,1.748069,8.791955
974.809055,2.051590,2.001619,8.791955
974.859062,2.164723,2.145939,8.791955
974.909049,2.315999,2.297152,8.862181
974.959061,2.462522,2.429932,8.934969
975.009040,2.590661,2.491103,8.934969
975.059041,2.714805,2.543746,8.934969
975.109038,2.766859,2.489184,8.934969
975.159045,2.617471,2.386669,8.934969
975.209047,2.553121,2.363099,8.934969
975.259051,2.449219,2.325048,8.934969
975.309051,2.313098,2.257215,8.934969
975.359057,2.056647,1.995358,8.934969
975.409053,1.812177,1.802723,8.934969
975.459065,1.614479,1.620961,8.934969
975.509059,1.452799,1.468012,8.934969
975.559062,1.260368,1.360132,8.934969
975.609065,1.077506,1.267327,8.934969
975.659080,0.930604,1.205113,8.934969
975.709065,0.928399,1.149835,8.934969
975.759043,0.920189,1.115061,8.934969
975.809049,0.950199,1.113178,8.934969
975.860227,0.977079,1.098967,8.934969
975.920218,1.016793,1.120862,8.938145
975.970214,1.060822,1.137897,8.941269
976.020216,1.130440,1.199289,8.941269
976.070197,1.198748,1.240843,8.941269
976.109056,1.257525,1.269909,8.941269
976.159063,1.266480,1.249308,8.941269
976.209065,1.289846,1.240595,8.941269
976.259077,1.272445,1.209451,8.941269
976.309071,1.230916,1.151652,8.941269
976.359066,1.173808,1.130463,8.941269
976.409077,1.131933,1.127330,8.941269
976.459069,1.089654,1.120078,8.941269
976.509054,1.078505,1.114558,8.941269
976.559051,1.049531,1.091632,8.941269
976.609058,1.026779,1.057735,8.941269
976.659058,1.034263,1.040024,8.941269
976.709063,1.030803,1.036104,8.941269
976.759069,1.020943,1.037505,8.941269
976.809067,1.006393,1.029870,8.941269
976.859070,1.004597,1.038717,8.941269
976.909074,1.010268,1.039834,8.937534
976.959081,1.028820,1.042107,8.934969
977.009064,1.042760,1.045082,8.934969
977.059073,1.046012,1.043772,8.934969
977.109072,1.046101,1.043435,8.934969
977.159080,1.025781,1.009094,8.934969
977.209096,0.993573,0.978305,8.934969
977.259078,0.966193,0.953956,8.934969
977.309062,0.938432,0.932581,8.934969
977.359066,0.908528,0.911042,8.934969
977.409067,0.880482,0.900194,8.934969
977.459066,0.869002,0.912781,8.934969
977.509067,0.881065,0.922490,8.934969
977.559071,0.896519,0.931018,8.934969
977.609077,0.891623,0.908992,8.934969
977.659077,0.870571,0.867550,8.934969
977.709083,0.855190,0.837536,8.934969
977.759089,0.850614,0.834605,8.934969
977.809080,0.829936,0.831683,8.934969
977.859093,0.792994,0.805940,8.934969
977.909088,0.757647,0.788225,8.787520
977.959089,0.740736,0.771101,8.637267
978.009063,0.740856,0.757429,8.637267
978.059065,0.738674,0.746373,8.637267
978.109069,0.735061,0.756598,8.637267
978.159536,0.721311,0.749997,8.637267
978.209079,0.732437,0.756239,8.637267
978.259077,0.741780,0.761547,8.637267
978.309078,0.754256,0.767281,8.637267
978.359083,0.765501,0.770136,8.637267
978.409090,0.766772,0.758278,8.637267
978.459090,0.776531,0.780166,8.637267
978.509084,0.788538,0.785826,8.637267
978.559096,0.778099,0.770169,8.637267
978.609080,0.768403,0.758758,8.637267
978.659090,0.786552,0.789636,8.637267
978.709111,0.786669,0.787986,8.637267
978.759077,0.796692,0.786703,8.637267
978.809072,0.783905,0.785748,8.637267
978.859076,0.829176,0.853608,8.637267
978.909079,0.820114,0.811808,8.416212
978.959084,0.784506,0.742434,8.190722
979.009079,0.763108,0.746486,8.190722
979.059092,0.761203,0.750735,8.190722
979.109093,0.757727,0.752344,8.190722
979.159094,0.754489,0.753801,8.190722
979.209099,0.698546,0.749423,8.190722
979.259088,0.715331,0.751143,8.190722
979.309104,0.769554,0.768610,8.190722
979.359100,0.768203,0.765514,8.190722
979.409154,0.751577,0.743861,8.190722
979.459115,0.735469,0.724866,8.190722
979.509081,0.732422,0.727579,8.190722
979.580543,0.733172,0.729618,8.190722
979.609084,0.719504,0.716381,8.190722
979.659085,0.712067,0.730461,8.190722
979.709093,0.710949,0.733412,8.190722
979.759096,0.728008,0.741927,8.190722
979.809093,0.746768,0.749035,8.190722
979.859880,0.752762,0.755051,8.190722
979.909094,0.749762,0.747181,8.116202
979.959103,0.753852,0.737041,8.051819
980.009103,0.732825,0.717611,8.051819
980.059101,0.720950,0.706502,8.051819
980.109122,0.714062,0.710685,8.051819
980.159114,0.698415,0.702179,8.051819
980.209109,0.698272,0.717343,8.051819
980.259089,0.701174,0.721076,8.051819
980.309085,0.703474,0.719386,8.051819
980.359087,0.710496,0.713310,8.051819
980.409094,0.724509,0.722733,8.051819
980.459100,0.722339,0.720634,8.051819
980.509096,0.729994,0.720816,8.051819
980.559113,0.720716,0.719268,8.051819
980.609095,0.718927,0.720080,8.051819
980.659103,0.737967,0.745220,8.051819
980.709106,0.749646,0.750336,8.051819
980.759109,0.769669,0.780488,8.051819
980.809112,0.788914,0.793792,8.051819
980.859117,0.816502,0.817871,8.051819
980.909118,0.835801,0.824024,7.902048
980.959116,0.862281,0.840477,7.749999
981.009094,0.872336,0.855163,7.749999
981.059098,0.894059,0.868370,7.749999
981.109098,0.885475,0.863651,7.749999
981.159102,0.885726,0.860750,7.749999
981.209102,0.899232,0.890666,7.749999
981.259105,0.921519,0.913502,7.749999
981.309761,0.935268,0.931375,7.749999
981.359113,0.948172,0.945841,7.749999
981.409114,0.960158,0.957708,7.749999
981.459114,0.984586,0.969251,7.749999
981.509120,1.007428,0.977121,7.749999
981.559116,1.021858,1.004148,7.749999
981.611527,1.010730,0.988783,7.749999
981.659127,1.010075,0.990579,7.749999
981.709127,1.015244,1.000558,7.749999
981.759098,1.081508,1.093028,7.749999
981.809105,1.105174,1.108323,7.749999
981.859107,1.223879,1.255134,7.749999
981.909105,1.334870,1.379224,7.525367
981.959112,1.465898,1.469921,7.298070
982.009116,1.581565,1.537433,7.298070
982.061571,1.685879,1.589255,7.298070
982.109123,1.738031,1.638472,7.298070
982.159126,1.860031,1.717192,7.298070
982.209127,1.890522,1.784178,7.298070
982.259120,1.903543,1.819385,7.298070
982.309131,1.919317,1.842790,7.298070
982.359121,1.948916,1.877333,7.298070
982.409129,1.971522,1.894994,7.298070
982.459137,1.981905,1.898026,7.298070
982.509103,1.959356,1.893009,7.298070
982.559106,1.819641,1.726864,7.298070
982.609113,1.677554,1.571749,7.298070
982.659116,1.537640,1.441537,7.298070
982.709112,1.353942,1.292087,7.298070
982.759118,1.184961,1.193611,7.298070
982.809131,1.029353,1.121269,7.298070
982.864379,0.884713,1.074458,7.298070
982.909124,0.847762,1.026071,7.217338
982.959129,0.821698,0.976907,7.152739
983.009130,0.823721,0.969467,7.152739
983.059138,0.853972,0.956965,7.152739
983.109140,0.869472,0.947151,7.152739
983.159130,0.901154,0.968223,7.152739
983.209142,0.914704,0.971125,7.152739
983.259115,0.919894,0.950707,7.152739
983.321466,0.937920,0.941726,7.152739
983.359119,0.957578,0.969034,7.152739
983.409120,0.969280,0.972651,7.152739
983.459121,0.932617,0.908503,7.152739
983.520825,0.888810,0.875702,7.152739
983.559132,0.850985,0.844111,7.152739
983.609129,0.830914,0.820778,7.152739
983.659137,0.802725,0.797769,7.152739
983.719560,0.751221,0.782508,7.152739
983.759138,0.713606,0.770862,7.152739
983.809153,0.725379,0.764019,7.152739
983.859146,0.725811,0.760942,7.152739
983.909155,0.730159,0.757876,7.003685
983.959148,0.733254,0.755423,6.854092
984.009122,0.739848,0.754786,6.854092
984.059123,0.744087,0.754266,6.854092
984.117811,0.755003,0.763286,6.854092
984.159128,0.765714,0.773295,6.854092
984.209134,0.772642,0.778284,6.854092
984.259130,0.786591,0.791243,6.854092
984.309138,0.795515,0.794984,6.854092
984.359135,0.784647,0.771113,6.854092
984.409693,0.799903,0.789008,6.854092
984.459142,0.812172,0.808260,6.854092
984.509133,0.816543,0.815275,6.854092
984.559149,0.811007,0.803762,6.854092
984.609153,0.793776,0.786604,6.854092
984.659142,0.774469,0.764221,6.854092
984.729479,0.766089,0.735096,6.854092
984.759130,0.744026,0.731710,6.854092
984.809130,0.720172,0.729300,6.854092
984.859134,0.702897,0.727181,6.854092
984.909142,0.785000,0.847052,6.853858
984.959142,0.871909,0.940266,6.855244
985.009140,0.967883,1.016379,6.855244
985.090696,1.065265,1.072059,6.855244
985.109149,1.146435,1.121813,6.855244
985.169454,1.230400,1.158297,6.855244
985.209142,1.331740,1.212895,6.855244
985.259153,1.290198,1.178833,6.855244
985.309157,1.260799,1.164613,6.855244
985.359162,1.216146,1.133285,6.855244
985.409160,1.196904,1.137841,6.855244
985.463427,1.183699,1.156828,6.855244
985.509133,1.159602,1.151843,6.855244
985.559135,1.118248,1.150944,6.855244
985.609137,1.158413,1.185832,6.855244
985.659143,1.149218,1.158128,6.855244
985.709139,1.177354,1.167912,6.855244
985.760016,1.114715,1.077292,6.855244
985.809153,1.036868,0.998060,6.855244
985.859150,0.972632,0.929988,6.855244
985.919377,0.906821,0.881343,6.940374
985.959160,0.815859,0.841637,7.002862
986.009151,0.744268,0.786296,7.002862
986.059163,0.622921,0.701777,7.002862
986.109163,0.571507,0.633100,7.002862
986.159161,0.533514,0.589872,7.002862
986.209172,0.503155,0.561409,7.002862
986.259137,0.465665,0.534149,7.002862
986.309141,0.432873,0.517735,7.002862
986.359146,0.428131,0.520763,7.002862
986.409149,0.440459,0.506841,7.002862
986.459157,0.457953,0.501655,7.002862
986.509154,0.462841,0.491556,7.002862
986.559155,0.463786,0.484047,7.002862
986.609156,0.450840,0.452864,7.002862
986.659164,0.478040,0.490833,7.002862
986.709155,0.495822,0.523815,7.002862
986.759161,0.531067,0.559505,7.002862
986.809162,0.568854,0.596348,7.002862
986.859178,0.599058,0.608920,7.002862
986.909180,0.653221,0.653435,7.223508
986.959182,0.721605,0.684817,7.447183
987.009150,0.724469,0.681163,7.447183
987.059155,0.735726,0.691928,7.447183
987.109159,0.740743,0.700996,7.447183
987.159161,0.731973,0.697573,7.447183
987.209156,0.742768,0.705071,7.447183
987.259169,0.728833,0.710649,7.447183
987.309163,0.718302,0.715700,7.447183
987.359163,0.729056,0.720761,7.447183
987.409175,0.722069,0.714154,7.447183
987.459168,0.726493,0.725046,7.447183
987.509178,0.745847,0.744072,7.447183
987.559182,0.768286,0.773681,7.447183
987.609182,0.797471,0.806328,7.447183
987.659179,0.844922,0.858347,7.447183
987.709190,0.860047,0.856086,7.447183
987.759155,0.884059,0.856023,7.447183
987.809164,0.901058,0.862563,7.447183
987.859162,0.892226,0.841769,7.447183
987.909167,0.903107,0.867083,7.742434
987.959168,0.924604,0.911161,8.041879
988.009160,0.901485,0.909823,8.041879
988.059178,0.891959,0.883965,8.041879
988.109174,0.879723,0.861145,8.041879
988.159175,0.882045,0.870001,8.041879
988.209182,0.890508,0.859523,8.041879
988.259177,0.870001,0.852401,8.041879
988.309178,0.841682,0.859857,8.041879
988.359185,0.839994,0.866578,8.041879
988.409195,0.856040,0.871763,8.041879
988.459192,0.866076,0.865075,8.041879
988.509162,0.862545,0.868415,8.041879
988.559166,0.881541,0.884547,8.041879
988.609169,0.898640,0.896629,8.041879
988.659170,0.901630,0.899519,8.041879
988.709180,0.910659,0.910882,8.041879
988.759173,0.918340,0.918011,8.041879
988.821020,0.933071,0.922706,8.041879
988.859179,0.942630,0.927461,8.041879
988.909182,0.938236,0.926154,8.114294
988.959182,0.938818,0.930764,8.188637
989.009193,0.973585,0.975886,8.188637
989.059197,0.996278,1.003372,8.188637
989.109205,1.021166,1.026139,8.188637
989.159182,1.036875,1.030803,8.188637
989.209208,1.063431,1.049493,8.188637
989.259165,1.095002,1.066303,8.188637
989.309166,1.124291,1.080456,8.188637
989.359176,1.188719,1.187775,8.188637
989.409178,1.285070,1.308821,8.188637
989.459172,1.347362,1.358239,8.188637
989.509176,1.437031,1.420836,8.188637
989.559189,1.507705,1.460730,8.188637
989.609186,1.582324,1.502910,8.188637
989.659195,1.619333,1.482929,8.188637
989.709193,1.600913,1.484672,8.188637
989.759188,1.543491,1.466049,8.188637
989.809200,1.498469,1.420963,8.188637
989.859208,1.495623,1.466894,8.188637
989.909196,1.498531,1.500652,8.485426
989.959210,1.435249,1.445673,8.786121
990.009180,1.454696,1.465195,8.786121
990.059182,1.462782,1.483518,8.786121
990.109179,1.487778,1.499883,8.786121
990.159186,1.465859,1.414374,8.786121
990.209188,1.363451,1.317632,8.786121
990.259193,1.282220,1.266323,8.786121
990.309204,1.257433,1.222447,8.786121
990.359202,1.186153,1.190789,8.786121
990.409201,1.115463,1.164924,8.786121
990.459204,1.034593,1.132311,8.786121
990.509194,1.052267,1.145557,8.786121
990.559212,1.096294,1.164288,8.786121
990.609205,1.116197,1.171514,8.786121
990.660857,1.131657,1.168104,8.786121
990.709216,1.109317,1.115200,8.786121
990.759183,1.118407,1.117108,8.786121
990.810847,1.078798,1.039572,8.786121
990.859188,1.036321,1.012070,8.786121
990.909199,1.045466,1.070297,8.934323
990.959198,1.016530,1.055813,9.084376
991.009203,1.030044,1.094540,9.084376
991.059203,1.035981,1.064634,9.084376
991.109206,1.043940,1.087473,9.084376
991.159211,1.070668,1.053184,9.084376
991.209214,1.051879,0.996996,9.084376
991.259210,0.972606,0.947381,9.084376
991.309200,0.947617,0.922486,9.084376
991.359222,0.868815,0.877448,9.084376
991.409220,0.844371,0.856850,9.084376
991.459209,0.786701,0.840517,9.084376
991.509189,0.805548,0.881894,9.084376
991.559200,0.863525,0.941073,9.084376
991.609202,0.891293,0.941239,9.084376
991.659199,0.945586,0.994240,9.084376
991.709203,1.026843,1.048981,9.084376
991.759205,1.100410,1.097260,9.084376
991.809210,1.171453,1.131466,9.084376
991.859217,1.203445,1.158395,9.084376
991.909205,1.209455,1.169361,9.382565
991.959222,1.246361,1.174907,9.684547
992.009223,1.196114,1.112561,9.684547
992.059223,1.131922,1.054256,9.684547
992.109227,1.062262,1.004813,9.684547
992.159227,0.997144,0.966253,9.684547
992.209237,0.932731,0.935891,9.684547
992.260721,0.876910,0.913375,9.684547
992.309194,0.823972,0.895765,9.684547
992.359203,0.884304,0.973871,9.684547
992.409205,0.921696,0.995538,9.684547
992.459207,0.967632,1.022207,9.684547
992.509210,0.992259,1.014605,9.684547
992.559214,1.029951,1.027693,9.684547
992.609212,1.037117,0.996897,9.684547
992.659230,1.078910,1.020785,9.684547
992.709225,1.023937,0.995641,9.684547
992.759229,0.997643,0.975999,9.684547
992.809215,0.964369,0.960092,9.684547
992.859345,0.926931,0.912557,9.684547
992.909244,0.887592,0.891535,9.681974
992.959223,0.862783,0.853513,9.681313
993.009206,0.809505,0.830987,9.681313
993.059214,0.786280,0.811480,9.681313
993.109211,0.761840,0.794607,9.681313
993.159207,0.740295,0.784228,9.681313
993.209222,0.742434,0.774381,9.681313
993.259219,0.739857,0.776661,9.681313
993.309226,0.751525,0.778210,9.681313
993.359405,0.764397,0.790240,9.681313
993.409214,0.778726,0.799772,9.681313
993.459236,0.798032,0.812215,9.681313
993.509227,0.811871,0.817977,9.681313
993.559226,0.827711,0.823283,9.681313
993.609246,0.846056,0.841291,9.681313
993.659230,0.871645,0.865224,9.681313
993.709251,0.882464,0.875544,9.681313
993.759212,0.891600,0.881327,9.681313
993.809218,0.899279,0.888367,9.681313
993.859224,0.914262,0.900549,9.681313
993.909225,0.946061,0.934795,9.606295
993.959224,0.972240,0.962379,9.530915
994.009232,0.972956,0.955719,9.530915
994.059234,1.033639,1.029569,9.530915
994.109231,1.095475,1.096270,9.530915
994.159234,1.136606,1.117246,9.530915
994.209235,1.182511,1.153118,9.530915
994.259233,1.214311,1.184919,9.530915
994.319941,1.245946,1.207754,9.530915
994.359250,1.307383,1.238811,9.530915
994.409236,1.296858,1.240069,9.530915
994.459250,1.267980,1.218218,9.530915
994.509216,1.261154,1.207850,9.530915
994.559221,1.273355,1.243432,9.530915
994.609225,1.245087,1.217700,9.530915
994.659229,1.212888,1.189196,9.530915
994.709231,1.180692,1.179614,9.530915
994.759241,1.171237,1.179799,9.530915
994.809237,1.204995,1.217496,9.530915
994.859239,1.230104,1.242701,9.530915
994.909255,1.179777,1.201008,9.531569
994.959249,1.166295,1.165153,9.532489
995.009243,1.161119,1.140096,9.532489
995.059249,1.147919,1.121799,9.532489
995.109259,1.131189,1.108280,9.532489
995.159248,1.085337,1.097219,9.532489
995.209244,1.077614,1.135407,9.532489
995.259242,1.112030,1.163842,9.532489
995.309230,1.148646,1.186846,9.532489
995.359236,1.184969,1.208895,9.532489
995.409245,1.219034,1.224016,9.532489
995.459243,1.252688,1.237467,9.532489
995.509244,1.303463,1.271009,9.532489
995.560449,1.327764,1.308238,9.532489
995.609250,1.352994,1.335058,9.532489
995.659250,1.381080,1.363131,9.532489
995.709255,1.473163,1.481733,9.532489
995.759263,1.585599,1.597931,9.532489
995.809262,1.712249,1.712247,9.532489
995.859259,1.820501,1.798903,9.532489
995.909266,1.912562,1.859276,9.458267
995.959274,2.028299,1.941648,9.383666
996.009231,2.121708,1.982519,9.383666
996.059239,2.152872,2.021391,9.383666
996.109239,2.167976,2.052179,9.383666
996.159243,2.169499,2.078549,9.383666
996.209249,2.099390,1.991314,9.383666
996.259254,2.035192,1.919402,9.383666
996.309243,1.946785,1.863193,9.383666
996.359251,1.928978,1.895041,9.383666
996.409256,1.916178,1.938395,9.383666
996.459259,1.919691,1.992864,9.383666
996.509264,1.900774,2.004225,9.383666
996.559267,1.971525,2.029617,9.383666
996.628487,2.038445,2.042085,9.383666
996.659271,2.121744,2.075727,9.383666
996.709258,2.156510,2.114026,9.383666
996.759239,2.198617,2.175461,9.383666
996.809244,2.261838,2.273449,9.383666
996.859246,2.381704,2.399102,9.383666
996.909246,2.428396,2.409527,9.235322
996.959255,2.470788,2.406564,9.086027
997.009256,2.562902,2.484795,9.086027
997.059258,2.619662,2.513832,9.086027
997.109256,2.633141,2.517644,9.086027
997.159268,2.647990,2.573237,9.086027
997.209263,2.629867,2.618372,9.086027
997.259268,2.658816,2.625138,9.086027
997.309274,2.643056,2.559423,9.086027
997.359275,2.579504,2.517295,9.086027
997.409288,2.542741,2.487716,9.086027
997.459281,2.518153,2.463036,9.086027
997.509249,2.457901,2.445143,9.086027
997.559249,2.401299,2.436937,9.086027
997.609254,2.367532,2.433069,9.086027
997.659259,2.381052,2.424804,9.086027
997.709257,2.387579,2.418348,9.086027
997.759268,2.385373,2.404446,9.086027
997.809266,2.390207,2.402593,9.086027
997.888378,2.388494,2.395209,9.063359
997.909288,2.404471,2.419902,8.645523
997.959272,2.451993,2.486076,8.645523
998.009273,2.374275,2.358881,8.645523
998.059282,2.355705,2.339392,8.645523
998.109291,2.241555,2.181472,8.645523
998.159280,2.061232,1.971852,8.645523
998.209297,2.010033,1.978628,8.645523
998.259259,1.916570,1.952532,8.645523
998.309254,1.783692,1.928503,8.645523
998.359264,1.782680,1.911482,8.645523
998.409263,1.726041,1.902892,8.645523
998.459267,1.770639,1.894830,8.645523
998.509278,1.874867,1.887759,8.645523
998.559270,1.853393,1.880393,8.645523
998.609267,1.855639,1.877081,8.645523
998.659284,1.852571,1.864692,8.645523
998.709272,1.846764,1.853003,8.645523
998.759286,1.830608,1.833997,8.645523
998.809295,1.783778,1.774132,8.645523
998.859284,1.746287,1.738302,8.645523
998.909287,1.714444,1.715735,8.270762
998.959296,1.672098,1.685732,7.895569
999.009262,1.644017,1.673560,7.895569
999.059262,1.641415,1.696252,7.895569
999.109269,1.652149,1.722983,7.895569
999.159272,1.705520,1.759557,7.895569
999.238271,1.733461,1.766027,7.895569
999.259264,1.779713,1.801759,7.895569
999.309272,1.814884,1.805068,7.895569
999.359286,1.849700,1.818387,7.895569
999.409286,1.856269,1.820580,7.895569
999.459293,1.796322,1.738746,7.895569
999.509295,1.722052,1.669164,7.895569
999.559293,1.692164,1.652121,7.895569
999.609291,1.644909,1.641675,7.895569
999.659298,1.590859,1.601135,7.895569
999.709294,1.523184,1.559408,7.895569
999.759269,1.457435,1.518865,7.895569
999.809269,1.457120,1.499286,7.895569
999.859281,1.454960,1.476699,7.895569
999.909279,1.428330,1.461588,7.598532
999.968204,1.398076,1.447158,7.300415
1000.009283,1.395408,1.441928,7.300415
1000.059283,1.406346,1.447518,7.300415
1000.109282,1.468571,1.516251,7.300415
1000.159287,1.543723,1.602078,7.300415
1000.209293,1.626039,1.674039,7.300415
1000.259290,1.717023,1.747400,7.300415
1000.309294,1.798131,1.789569,7.300415
1000.359303,1.874126,1.821904,7.300415
1000.419421,1.943446,1.846443,7.300415
1000.459302,1.970978,1.873749,7.300415
1000.509273,1.982137,1.905360,7.300415
1000.559355,1.979371,1.912698,7.300415
1000.609284,1.947538,1.894957,7.300415
1000.659282,1.931312,1.885214,7.300415
1000.709282,1.912344,1.871218,7.300415
1000.759296,1.902522,1.870614,7.300415
1000.809292,1.876803,1.856487,7.300415
1000.888751,1.840995,1.841639,7.250702
1000.909298,1.843043,1.862997,6.407818
1000.959300,1.832498,1.842072,6.407818
1001.009305,1.810147,1.813851,6.407818
1001.059307,1.721698,1.691374,6.407818
1001.109317,1.598169,1.554674,6.407818
1001.159308,1.520068,1.495441,6.407818
1001.209317,1.450474,1.457289,6.407818
1001.259285,1.362956,1.410570,6.407818
1001.309284,1.283976,1.360301,6.407818
1001.359292,1.187380,1.304044,6.407818
1001.409288,1.149767,1.234882,6.407818
1001.459293,1.137230,1.175527,6.407818
1001.509299,1.115783,1.166079,6.407818
1001.559301,1.111022,1.189278,6.407818
1001.609301,1.140376,1.236871,6.407818
1001.659310,1.096365,1.161123,6.407818
1001.709320,1.115221,1.171184,6.407818
1001.759311,1.139765,1.162156,6.407818
1001.809320,1.162579,1.147097,6.407818
1001.859321,1.186643,1.177509,6.407818
1001.928041,1.164575,1.167518,5.845032
1001.959340,1.126152,1.162789,5.524746
1002.009306,1.122521,1.098209,5.524746
1002.059296,1.063914,1.041234,5.524746
1002.109298,1.025587,1.004461,5.524746
1002.159303,0.992112,0.974592,5.524746
1002.209299,0.878660,0.881367,5.524746
1002.259303,0.804014,0.825869,5.524746
1002.309311,0.718110,0.770300,5.524746
1002.359301,0.670841,0.718046,5.524746
1002.409311,0.635019,0.687047,5.524746
1002.459318,0.590190,0.658153,5.524746
1002.509321,0.546567,0.636163,5.524746
1002.559316,0.553486,0.620540,5.524746
1002.609332,0.567844,0.637179,5.524746
1002.659326,0.593785,0.655685,5.524746
1002.709325,0.619508,0.661345,5.524746
1002.759293,0.643409,0.674310,5.524746
1002.809302,0.665738,0.680775,5.524746
1002.859304,0.684523,0.681447,5.524746
1002.909308,0.680660,0.651305,5.235478
1002.959306,0.642968,0.608738,4.948458
1003.009313,0.616525,0.595390,4.948458
1003.059318,0.592607,0.579606,4.948458
1003.109322,0.564290,0.569757,4.948458
1003.159317,0.537316,0.559545,4.948458
1003.209327,0.495583,0.526060,4.948458
1003.259327,0.486332,0.514103,4.948458
1003.309323,0.490338,0.504554,4.948458
1003.359331,0.476720,0.493008,4.948458
1003.409315,0.449424,0.459427,4.948458
1003.459337,0.412617,0.422101,4.948458
1003.509298,0.378632,0.393833,4.948458
1003.559310,0.369521,0.380801,4.948458
1003.609308,0.350118,0.370787,4.948458
1003.659314,0.338311,0.373342,4.948458
1003.709316,0.323345,0.366501,4.948458
1003.759319,0.331382,0.368850,4.948458
1003.809321,0.348585,0.372853,4.948458
1003.859323,0.391671,0.415136,4.948458
1003.909325,0.434335,0.458193,4.492880
1003.959330,0.463676,0.474343,4.086663
1004.009330,0.476642,0.474760,4.086663
1004.078501,0.505527,0.488425,4.086663
1004.109333,0.528730,0.498365,4.086663
1004.159332,0.489864,0.421531,4.086663
1004.209343,0.399955,0.329068,4.086663
1004.288479,0.314633,0.270311,4.086663
1004.309316,0.230758,0.210858,4.086663
1004.359315,0.201436,0.219030,4.086663
1004.409315,0.156448,0.207953,4.086663
1004.459316,0.109487,0.177517,4.086663
1004.509322,0.125362,0.200016,4.086663
1004.559323,0.165192,0.228253,4.086663
1004.609340,0.196733,0.240924,4.086663
1004.659325,0.248212,0.260707,4.086663
1004.709332,0.259689,0.275104,4.086663
1004.759343,0.286149,0.287071,4.086663
1004.809335,0.329372,0.296253,4.086663
1004.859343,0.359047,0.338242,4.086663
1004.909346,0.397232,0.392611,3.962569
1004.959342,0.425626,0.412511,3.949272
1005.009315,0.448087,0.428379,3.949272
1005.059320,0.472543,0.445229,3.949272
1005.109320,0.494594,0.453916,3.949272
1005.160801,0.508098,0.451723,3.949272
1005.209328,0.503614,0.457325,3.949272
1005.259331,0.490402,0.470196,3.949272
1005.309332,0.489192,0.473487,3.949272
1005.359335,0.502243,0.495532,3.949272
1005.409340,0.525267,0.531011,3.949272
1005.459344,0.529472,0.528587,3.949272
1005.509343,0.549893,0.540037,3.949272
1005.559347,0.560913,0.542931,3.949272
1005.609345,0.566329,0.545951,3.949272
1005.659355,0.626751,0.619331,3.949272
1005.709355,0.684959,0.693351,3.949272
1005.759321,0.711267,0.725342,3.949272
1005.809328,0.749358,0.736949,3.949272
1005.859331,0.798058,0.770113,3.949272
1005.909336,0.843921,0.791875,3.834246
1005.959333,0.898163,0.823404,3.998776
1006.009334,0.891683,0.834110,3.998776
1006.059341,0.865638,0.829318,3.998776
1006.109335,0.858334,0.824014,3.998776
1006.159343,0.858446,0.816399,3.998776
1006.209343,0.844260,0.813592,3.998776
1006.259341,0.832392,0.810233,3.998776
1006.309350,0.808182,0.804250,3.998776
1006.359354,0.772540,0.768169,3.998776
1006.409344,0.737168,0.727914,3.998776
1006.459359,0.684876,0.669530,3.998776
1006.509328,0.659959,0.657988,3.998776
1006.559329,0.603864,0.608323,3.998776
1006.609334,0.551295,0.572352,3.998776
1006.659340,0.499752,0.541898,3.998776
1006.709348,0.472546,0.519729,3.998776
1006.759340,0.484822,0.545581,3.998776
1006.809348,0.517313,0.569323,3.998776
1006.859345,0.520929,0.583108,3.998776
1006.909350,0.553353,0.594088,4.067804
1006.959352,0.585310,0.605911,4.261299
1007.009354,0.619849,0.617848,4.261299
1007.059359,0.652232,0.625812,4.261299
1007.109363,0.704950,0.704226,4.261299
1007.159364,0.759579,0.772506,4.261299
1007.209363,0.837365,0.855521,4.261299
1007.259334,0.923231,0.932415,4.261299
1007.309345,1.004900,0.990180,4.261299
1007.359339,1.082789,1.032632,4.261299
1007.409348,1.158887,1.063842,4.261299
1007.459347,1.186253,1.093140,4.261299
1007.509350,1.208441,1.116304,4.261299
1007.559353,1.211522,1.134650,4.261299
1007.609360,1.201159,1.141127,4.261299
1007.659358,1.193353,1.146094,4.261299
1007.709366,1.163864,1.116442,4.261299
1007.759355,1.141891,1.100366,4.261299
1007.809359,1.123242,1.096126,4.261299
1007.859423,1.103064,1.090350,4.261299
1007.909373,1.080304,1.081689,4.346743
1007.959374,1.066150,1.079338,4.445951
1008.009346,1.050377,1.074548,4.445951
1008.059349,1.061334,1.074184,4.445951
1008.109347,1.066190,1.073057,4.445951
1008.159349,1.065022,1.072751,4.445951
1008.209358,1.064642,1.071371,4.445951
1008.259367,1.063884,1.065914,4.445951
1008.309359,1.056791,1.056916,4.445951
1008.359367,1.048279,1.044659,4.445951
1008.409359,1.041306,1.040217,4.445951
1008.459365,1.034819,1.036210,4.445951
1008.509376,1.031963,1.037808,4.445951
1008.559374,1.031474,1.041742,4.445951
1008.609372,1.034804,1.048572,4.445951
1008.659435,1.045138,1.057873,4.445951
1008.709370,1.061587,1.069036,4.445951
1008.759352,1.076030,1.080260,4.445951
1008.809357,1.090636,1.088677,4.445951
1008.859362,1.100640,1.093860,4.445951
1008.909363,1.110192,1.099833,4.746601
1008.959364,1.117261,1.105017,5.073093
1009.009377,1.125600,1.114694,5.073093
1009.059364,1.148172,1.146082,5.073093
1009.110500,1.163332,1.163167,5.073093
1009.159369,1.178992,1.176815,5.073093
1009.209376,1.197867,1.190747,5.073093
1009.259383,1.214177,1.200465,5.073093
1009.327426,1.231347,1.209592,5.073093
1009.359381,1.244744,1.217021,5.073093
1009.409382,1.248187,1.232669,5.073093
1009.459389,1.256355,1.243783,5.073093
1009.509364,1.272328,1.263232,5.073093
1009.559359,1.286099,1.278869,5.073093
1009.609365,1.302196,1.293721,5.073093
1009.659369,1.321500,1.310774,5.073093
1009.709379,1.335723,1.316855,5.073093
1009.759370,1.343096,1.324160,5.073093
1009.809371,1.354043,1.332927,5.073093
1009.859374,1.358260,1.340591,5.073093
1009.909380,1.360400,1.343777,5.324318
1009.959383,1.363251,1.349691,5.581457
1010.009383,1.362187,1.354119,5.581457
1010.059383,1.364710,1.354832,5.581457
1010.109388,1.369950,1.361935,5.581457
1010.194119,1.356580,1.344475,5.581457
1010.210092,1.343608,1.332134,5.581457
1010.259361,1.359603,1.359167,5.581457
1010.309368,1.356814,1.357485,5.581457
1010.359369,1.366134,1.372016,5.581457
1010.409375,1.378226,1.385903,5.581457
1010.459373,1.388855,1.402141,5.581457
1010.509381,1.414437,1.410263,5.581457
1010.559386,1.432151,1.413209,5.581457
1010.609386,1.426195,1.415858,5.581457
1010.659388,1.398464,1.364090,5.581457
1010.709395,1.367739,1.333923,5.581457
1010.759397,1.331557,1.304873,5.581457
1010.809396,1.293221,1.282946,5.581457
1010.859397,1.257711,1.265195,5.581457
1010.909396,1.239081,1.271827,5.666311
1010.959401,1.213306,1.266801,5.751890
1011.009373,1.232212,1.271232,5.751890
1011.069154,1.241084,1.271868,5.751890
1011.109383,1.253355,1.272560,5.751890
1011.159383,1.272140,1.282983,5.751890
1011.229149,1.284757,1.283064,5.751890
1011.259380,1.283137,1.284419,5.751890
1011.309387,1.296445,1.295730,5.751890
1011.359390,1.297189,1.295036,5.751890
1011.409396,1.296397,1.289323,5.751890
1011.459389,1.288236,1.274763,5.751890
1011.509409,1.279007,1.271436,5.751890
1011.559405,1.279799,1.274389,5.751890
1011.609404,1.277651,1.275634,5.751890
1011.659402,1.270063,1.278453,5.751890
1011.709410,1.264566,1.273583,5.751890
1011.759388,1.265077,1.272794,5.751890
1011.809380,1.272415,1.271889,5.751890
1011.859382,1.273766,1.271051,5.751890
1011.909385,1.274939,1.275722,5.645357
1011.959394,1.273100,1.274064,5.549594
1012.009393,1.269688,1.272629,5.549594
1012.059392,1.263849,1.260638,5.549594
1012.109399,1.252352,1.246298,5.549594
1012.169062,1.243957,1.238978,5.549594
1012.209408,1.232738,1.228994,5.549594
1012.259405,1.217390,1.220808,5.549594
1012.309407,1.216486,1.228957,5.549594
1012.359427,1.202615,1.216449,5.549594
1012.409414,1.204213,1.217934,5.549594
1012.459414,1.201500,1.208603,5.549594
1012.509388,1.196981,1.202664,5.549594
1012.559392,1.195587,1.197928,5.549594
1012.609391,1.193390,1.192673,5.549594
1012.659397,1.194383,1.207774,5.549594
1012.709401,1.207385,1.218160,5.549594
1012.759397,1.219321,1.235848,5.549594
1012.809405,1.231336,1.239893,5.549594
1012.859408,1.242470,1.243246,5.549594
1012.909405,1.252017,1.243514,5.456428
1012.959412,1.247845,1.223519,5.366734
1013.009411,1.237587,1.218168,5.366734
1013.059432,1.230052,1.215919,5.366734
1013.109419,1.215692,1.214117,5.366734
1013.159423,1.207052,1.210050,5.366734
1013.209426,1.189681,1.194553,5.366734
1013.259390,1.176400,1.185698,5.366734
1013.309403,1.177460,1.178974,5.366734
1013.359397,1.169183,1.171358,5.366734
1013.428332,1.159952,1.165681,5.366734
1013.459410,1.151050,1.161582,5.366734
1013.509408,1.145072,1.159507,5.366734
1013.559406,1.164266,1.180971,5.366734
1013.609409,1.175922,1.191114,5.366734
1013.659410,1.189874,1.202898,5.366734
1013.709414,1.205078,1.211588,5.366734
1013.759416,1.218545,1.216784,5.366734
1013.809427,1.241184,1.234066,5.366734
1013.878928,1.252561,1.233230,5.366734
1013.909429,1.242248,1.225637,5.067552
1013.959424,1.233883,1.215077,5.003693
1014.018908,1.193361,1.165594,5.003693
1014.059407,1.212670,1.208780,5.003693
1014.109406,1.197055,1.192672,5.003693
1014.159405,1.156085,1.157750,5.003693
1014.209410,1.119274,1.120840,5.003693
1014.259410,1.086714,1.089568,5.003693
1014.309414,1.067834,1.079310,5.003693
1014.359421,1.062265,1.048609,5.003693
1014.409417,1.001904,1.029320,5.003693
1014.468246,0.979894,1.016893,5.003693
1014.509423,0.970543,1.005164,5.003693
1014.559422,0.961430,0.986750,5.003693
1014.609424,0.965222,0.987721,5.003693
1014.659434,0.954301,0.981295,5.003693
1014.709437,0.975974,1.001510,5.003693
1014.759407,0.990690,1.013226,5.003693
1014.809410,1.004268,1.023281,5.003693
1014.859416,1.018949,1.031631,5.003693
1014.909417,1.040500,1.038403,5.091768
1014.959415,1.041516,1.030419,5.180920
1015.009423,1.047414,1.023649,5.180920
1015.059420,1.036648,1.020354,5.180920
1015.109423,1.027424,1.015513,5.180920
1015.159427,1.018586,1.012720,5.180920
1015.209424,1.010947,1.012006,5.180920
1015.259441,1.007417,1.016624,5.180920
1015.309444,1.029629,1.043966,5.180920
1015.359446,1.038925,1.047468,5.180920
1015.409437,1.047749,1.051709,5.180920
1015.459451,1.052452,1.047865,5.180920
1015.509414,1.048660,1.033522,5.180920
1015.559414,1.045496,1.024835,5.180920
1015.609422,1.039693,1.018971,5.180920
1015.659428,1.017130,1.014293,5.180920
1015.727522,1.007661,1.010485,5.180920
1015.759434,0.997426,1.007929,5.180920
1015.809428,0.981347,0.990244,5.180920
1015.859430,0.973964,0.977135,5.180920
1015.909434,0.958925,0.958849,5.090317
1015.959437,0.941953,0.942508,5.005041
1016.009443,0.923364,0.927072,5.005041
1016.059441,0.906709,0.916837,5.005041
1016.109443,0.890756,0.908504,5.005041
1016.159445,0.883242,0.901756,5.005041
1016.209452,0.875872,0.896525,5.005041
1016.259424,0.889390,0.913765,5.005041
1016.309422,0.903855,0.926636,5.005041
1016.359432,0.920043,0.936845,5.005041
1016.409428,0.934879,0.945113,5.005041
1016.459430,0.936700,0.933795,5.005041
1016.509432,0.944171,0.932662,5.005041
1016.559439,0.947375,0.925775,5.005041
1016.609441,0.938120,0.924241,5.005041
1016.659444,0.927356,0.919957,5.005041
1016.709450,0.918785,0.919489,5.005041
1016.759449,0.910165,0.919028,5.005041
1016.809449,0.910168,0.912782,5.005041
1016.859456,0.906437,0.910729,5.005041
1016.909456,0.902179,0.902147,4.733227
1016.959454,0.892313,0.891695,4.466876
1017.009429,0.885156,0.883988,4.466876
1017.059431,0.872822,0.873461,4.466876
1017.109470,0.864804,0.870856,4.466876
1017.159435,0.860234,0.867987,4.466876
1017.209437,0.853993,0.866060,4.466876
1017.259439,0.852637,0.864580,4.466876
1017.309448,0.854537,0.864043,4.466876
1017.359460,0.856271,0.863474,4.466876
1017.409448,0.856582,0.857319,4.466876
1017.459455,0.851201,0.850757,4.466876
