frame,x_sp_ma,y_sp_ma,z_sp_ma,x_sp_lp,y_sp_lp,z_sp_lp,x_sift_ma,y_sift_ma,z_sift_ma,x_sift_lp,y_sift_lp,z_sift_lp
1,0.10213195929122341,0.04422281629691389,0.12200231278459081,0.10213195929122341,0.04422281629691389,0.12200231278459081,0.9980716581570934,0.8805559395155228,0.4590429154295169,0.9980716581570934,0.8805559395155228,0.4590429154295169
2,0.23725927965866167,0.09545041093470337,0.217085385023362,0.22106078967669993,0.08165413102482386,0.23398247410612105,1.7219895455501475,1.1575749790357,0.5894345572198277,1.9653601049690907,1.423864144797364,0.7903141876629498
3,0.40643195058776704,0.12941899296806003,0.28867079010562063,0.36434976730761015,0.10220467274396727,0.328428047052091,2.18974406255765,1.2479332497329518,0.8156893536430687,2.785990562838837,1.6874184339256626,1.1405934246068388
4,0.6017015550589913,0.1273587180862681,0.3370785177129213,0.5325458343810575,0.0936107994805118,0.399718251320785,3.547848587708179,0.9732084902274294,1.0872918962681988,4.274731647700883,1.5340049194403396,1.5015273025869624
5,0.3854165737694515,0.1670246036709172,0.36564158093562577,0.33833489256034177,0.13397817948084323,0.4466400164603729,2.47614041664571,1.3736901831298645,1.2768436565171737,3.0809867186027535,1.8611620653287893,1.7615937009526834
6,0.6151562576504868,0.08861498760856551,0.3855998525143131,0.5548140509628405,0.057826660652304726,0.47957952970530965,3.304810790336685,0.8840931196602825,1.4305157203429204,3.9835889435106897,1.4317877962292258,1.9639335518807641
7,0.8415171728098131,-0.02627963939287417,0.40014268000688574,0.7763943410616067,-0.05402760879739346,0.5020639314649032,3.8663638905244175,0.40087748961840525,1.5576301241736301,4.541535521276217,1.038435320590335,2.118395723104367
8,1.077173851150321,-0.19192769678872068,0.39453310110817386,0.995455873051541,-0.2078042721477652,0.516719071073927,4.80954726942584,-0.6548149274093302,1.5885854748476023,5.813401340543711,-0.17305068184604755,2.2007634264401266
9,1.3007181399674006,-0.4128220839233343,0.3750882026916432,1.2010779448959377,-0.40783974528138667,0.5227889932943498,5.440552400647923,-1.6326542485092412,1.6892000857128706,6.486868669900501,-1.0516560438181966,2.3252804282090813
10,1.4914836104372358,-0.6900088690799573,0.34868029534905737,1.3751160426788227,-0.6593506083628023,0.5225424336543011,5.898541595118952,-2.8390363375891168,1.7604040304423156,6.937325575984455,-1.9883932935335369,2.4655651829565843
11,1.6395853035991799,-1.0043501457292083,0.32353557824248264,1.5065383203101679,-0.9415713911186319,0.5195513480866272,6.218126531332119,-3.628830924539604,1.7887340546879047,7.26948529909165,-2.944147854667458,2.5962321033185933
12,1.7373408161057942,-1.3503521090982589,0.3087763325320387,1.5902116870830643,-1.2616438481352332,0.5218422971003415,6.3357666655252,-4.464370074598686,1.8491871677500789,7.362306291009355,-3.7926740118374367,2.7224367696144443
13,1.7716744962367101,-1.7159884126596314,0.3254622433377995,1.6106978521016588,-1.6061621051284867,0.5623699633431685,5.411428672974941,-5.454943465294093,1.9596094672480318,6.062673702340577,-4.681511676937582,2.883459468178343
14,1.7313851269277925,-2.0911484643466736,0.3745710297151854,1.5598065407475272,-1.9593958569892167,0.6359207188689948,4.741488195307221,-6.238789689453814,2.0900608070501328,5.545864350540171,-5.064973670318642,3.0323250292853343
15,1.623717378563758,-2.458831870196401,0.45647367377989456,1.4497835085605482,-2.303294589124975,0.7376682681614465,4.076328300045067,-6.1132596327719355,2.2377202136370005,4.664092204211693,-5.248221149627977,3.1440325937802203
16,1.4762845281857893,-2.8210680789360483,0.5687492659515745,1.3081743620651547,-2.651160549659801,0.8579127980176349,3.1847163216588834,-6.015192622231855,2.357255735045941,3.834730121521196,-5.257991603211099,3.2535316499445055
17,1.3131777781963014,-3.1898554977568634,0.7093844008730679,1.1507797787373515,-3.010584709129569,0.9910285998763636,2.3252262113406053,-6.0940494978345985,2.407875846938023,3.1304695609200976,-5.657373169355047,3.2900222254840306
18,1.14167363677431,-3.5725572965158148,0.8785519793020591,0.990724842979342,-3.378852034542613,1.135033149184844,1.1762685066303014,-5.8606190459625935,2.5038954269666767,2.1268257449467978,-5.724098991934226,3.4054515946044135
19,0.9714764122747577,-3.96270700679744,1.0749107860898457,0.8271397938163981,-3.757397189855387,1.2902792490135935,0.042178592968984185,-5.398464608260833,2.6501869883463307,1.2837048843378325,-5.469875463794683,3.589637110634505
20,0.804749364466061,-4.3589328809689905,1.2730282241696385,0.6614134994909157,-4.140182233938761,1.4535231459741536,-0.21629917212113092,-5.118063877306565,2.841470304274104,0.6410844966577737,-5.082649521966536,3.8216384849775413
21,0.6376840117553821,-4.762396735470066,1.4677165130207943,0.49303619729013193,-4.528915278954238,1.6187303550517793,-1.3832495309469062,-5.124363391146479,3.0530084019913875,-0.4998471635497638,-5.28829240574658,4.0739769371819925
22,0.46257232509948376,-5.168118753941234,1.6499259165057758,0.3192936446718402,-4.917256356763438,1.776436204017565,-2.1137701362865493,-5.232251318333329,3.3027893879611727,-1.215495795233343,-5.492095931775029,4.3153847363100475
23,0.2769604631585538,-5.5739713835444755,1.8094328198156038,0.13859058405371225,-5.3103919652743725,1.9069737951041057,-2.498718417405364,-5.294863668079372,3.600633688366062,-1.4105773785002254,-5.531099628164722,4.592834258042744
24,0.09275737620044269,-5.97714277019252,1.9408074374197886,-0.04087404072151399,-5.7053663613683945,2.0111334430791175,-2.4926559383647384,-5.147359554532626,3.9639945063148168,-1.0782367849743906,-5.681872538944664,4.864501452300364
25,-0.09240496010245941,-6.382102307687238,2.039211841819642,-0.22264014879980917,-6.101532574292538,2.0882125197956007,-2.7713015863392156,-4.679261695250275,4.344045780113943,-1.6389587335279092,-5.0732629080184335,5.19640365990158
26,-0.27842977892203435,-6.788127187263264,2.106423834734186,-0.4084201469970422,-6.500501154078992,2.1460799865263356,-3.3435348988829023,-4.304541067791894,4.644247607116979,-2.515840173224139,-4.403175434165493,5.443772483667389
27,-0.46996868784645,-7.18887844517087,2.1495556276717327,-0.6007047162090273,-6.89312146351733,2.1982946707019106,-3.987875180971021,-4.1651566478428075,4.903279978886334,-3.2747096309385255,-4.022751304635355,5.665362909480361
28,-0.6669601498755705,-7.5918748266120115,2.165678513700011,-0.7952869875814808,-7.2876593604702755,2.2376678429004073,-4.200329006788027,-3.852941694951104,5.106207213323189,-3.9382161389289334,-3.9414421737618115,5.829017205324095
29,-0.8605250702133393,-7.98934116281469,2.15702110167245,-0.9889957607962248,-7.6809527324021305,2.2650306459254494,-4.919409120171691,-3.265347526343176,5.254987199220283,-5.0040131588303405,-3.5571403932458234,5.927816811526876
30,-1.0555903368321125,-8.387532615000133,2.1516949368150096,-1.1877270891851266,-8.07515263601385,2.292448947020463,-5.743119283981372,-3.34687299164052,5.328824845997205,-5.606709825398715,-4.095308341657932,5.96837988748315
31,-1.2523176487447514,-8.780542219660257,2.1812804536087382,-1.386498526990538,-8.464283649510056,2.3594564211389173,-7.042283850543794,-3.6209631335798425,5.382278163150669,-6.270916463645197,-4.940989320572311,6.0110740559650635
32,-1.4425270701901247,-9.167374724290815,2.2437839286860903,-1.577827786703303,-8.843993683270407,2.4518093073825624,-7.789423087418135,-4.562732960577723,5.3596568042687185,-6.828509374846179,-5.775243777709364,6.083609601486002
33,-1.6141595548161547,-9.538700364306608,2.3309340885364564,-1.7473103192963924,-9.206172536124626,2.557036296608029,-8.123781002503947,-5.5035671061875,5.394777387982809,-7.151100778577137,-6.256002588907222,6.200014215436492
34,-1.7676626857089686,-9.889195791338269,2.4330374320457224,-1.8963743437366465,-9.544776074487164,2.6689106592077576,-8.318982368662414,-6.19545586884372,5.3845788843385245,-7.287717525034097,-6.457529427637692,6.259179344520435
35,-1.9237120467145494,-10.207551935342188,2.5617231599715113,-2.0450713254702175,-9.856216498747024,2.794746867666644,-8.515567972812262,-6.743751832115944,5.3960462950729084,-7.423873768448313,-6.659092354796172,6.325393312016426
36,-2.0944523942839606,-10.492381996929158,2.7148903625601837,-2.2115736278653526,-10.144018016560018,2.928337130286333,-8.336790882400832,-7.518959667081702,5.441879072384205,-7.488116171258337,-6.81063715712104,6.378909865263496
37,-2.2737095897496706,-10.749599654703058,2.867237619708618,-2.398898050936784,-10.416446982145787,3.0405106275797102,-8.318303180963598,-7.419035604695572,5.523830257788512,-7.546761919352277,-6.555555635437107,6.443265187247729
38,-2.4479179483600797,-10.996546957027613,2.9889063503097315,-2.5898162004349334,-10.688586008649626,3.1305820086528486,-8.166649490779623,-6.7742834731699215,5.657538678086652,-7.644045664307792,-5.971414332382844,6.575103549484578
39,-2.6123929746740093,-11.247398989603012,3.080702718115422,-2.7753350112641404,-10.968696076957258,3.1973216241416345,-7.929173235810918,-6.095783247047926,5.821322881659402,-7.651476362032732,-5.599612585880888,6.754871391202356
40,-2.7743155606107663,-11.511787884904006,3.1475891180623496,-2.9565406538654475,-11.261461034515216,3.247026500346191,-8.144563518405372,-5.891310280710053,5.941110911028247,-8.140831896955634,-5.797507484063104,6.900758843364838
41,-2.938737316122731,-11.797099720752662,3.1959026276898603,-3.1319917772633237,-11.567659872786484,3.2876610792638483,-8.726496113619458,-5.68356575538343,6.163418873267698,-8.892473554545282,-5.78304430803231,7.130141186200887
42,-3.1097710832398797,-12.103077293817911,3.215697503732991,-3.3074241577850367,-11.882724671559094,3.3169236634498023,-9.292986014327017,-5.400410850405567,6.421880634279507,-9.49228486768587,-5.7060723664303685,7.385608774285264
43,-3.288736947771528,-12.422460957682674,3.2103484123492847,-3.4878480430303105,-12.202720432418275,3.337761760541231,-9.835028546623985,-5.149197934665596,6.737176511343524,-9.886248893802124,-5.690600084819477,7.667743211460979
44,-3.4750652508754154,-12.751192910581125,3.199337385060114,-3.674676940351097,-12.526983677180647,3.3510908157472334,-10.298087502501328,-5.2061916675271425,7.0149398547790245,-10.11249402690965,-5.7435880530635375,7.8601499806876
45,-3.668758385643367,-13.078856588550575,3.1848643520052944,-3.8654223978683593,-12.847428428129001,3.359073493125587,-10.620198129722414,-5.512492082559378,7.219292084835637,-10.171301037809474,-5.765530431229962,8.001333331633353
46,-3.868065609151179,-13.409763174671053,3.1702736217279384,-4.058320957937483,-13.169434324441436,3.3625586235405707,-11.010361299118383,-5.603276643576515,7.399807446372285,-10.23086552348228,-5.573568701995139,8.15131567669647
47,-4.060339659634737,-13.747430390056753,3.160432754342827,-4.245767129908228,-13.498515501814001,3.3678345232493396,-11.1166236368881,-5.348430275595545,7.586074579759493,-10.349115454771413,-5.4334721918623075,8.276564888052523
48,-4.241794320919439,-14.090709703675072,3.1572508531754027,-4.425322212595461,-13.834247045008697,3.3791559763816204,-10.922666126524934,-5.083323111066835,7.706002269523807,-10.387060764295942,-5.12803610764653,8.399040368660591
49,-4.416605067599578,-14.4350347524485,3.1797706623784596,-4.600913209851836,-14.171834498406747,3.4198141815352754,-10.628817138970009,-4.956801346596178,7.783049463236238,-10.270723810678417,-5.014991676513528,8.515380924439842
50,-4.592549635869481,-14.782038657178747,3.2292272541440763,-4.778237993619819,-14.515191992031173,3.487355595296504,-10.311911990802825,-4.85553541698408,7.819419702706036,-10.057315029196328,-5.009668418926462,8.625225467882625
51,-4.776674916085629,-15.130208324171443,3.3058053296608634,-4.963440681243511,-14.86340678443689,3.5756435929774404,-10.066029575391005,-4.7123082478024205,7.900747596172751,-9.89408994689732,-5.007751868387076,8.739808502383573
52,-4.965009900970524,-15.480723125836462,3.4044964103346245,-5.150967588240147,-15.212340745960345,3.6760897990157084,-9.84371820777389,-4.6001874304960575,8.003429911925208,-9.675992444632499,-5.021398439680751,8.848934633955588
53,-5.154853799546715,-15.832961119239704,3.525233252999142,-5.336780865048882,-15.561848763272298,3.78596928241837,-9.628432492956772,-4.61727824011598,8.098803705461632,-9.54249566329203,-5.006997457119681,8.96339144477041
54,-5.346695578633531,-16.183370580948726,3.6661304686858123,-5.521309646122666,-15.909886125438934,3.9049377172052933,-9.576067624179025,-4.7919858805752975,8.20458975167582,-9.729435110152329,-5.234720221073478,9.07109036504268
55,-5.534597969625498,-16.531398212610373,3.810879500090556,-5.698903040190472,-16.25571480065342,4.0115272296474735,-9.554075267410793,-5.2819102650203185,8.325384065838076,-9.872131734249338,-5.658314909106535,9.196917315889227
56,-5.718668058541273,-16.875146014107273,3.935948352525202,-5.873662595636197,-16.59473870696096,4.100321067785675,-9.509335651271279,-5.4801432926691005,8.430795858863421,-9.795988636039604,-5.7157430663442605,9.300098969387234
57,-5.906309979844959,-17.21060032672261,4.035697142467417,-6.054909296588811,-16.926749226285757,4.170426629222174,-9.469663758440877,-5.6388307981261585,8.5382863637319,-9.617123839760788,-5.7968731006271605,9.403728566429672
58,-6.0954533269065525,-17.539932145757692,4.10738843772821,-6.243626966741815,-17.25825895861397,4.222106170437575,-9.392186957516117,-5.751796999760046,8.64436058777825,-9.426007425137703,-5.801123261466147,9.512784638796568
59,-6.28177897676441,-17.867384293313485,4.153728778461847,-6.432577196487309,-17.588550742468925,4.258206148804624,-9.43475289038795,-5.792546682879269,8.756955088853816,-9.353664075090698,-5.723144957774165,9.626786032859266
60,-6.466140752506573,-18.19432029329529,4.180056055927922,-6.621069434617634,-17.917460628018432,4.289231918527327,-9.417813588789542,-5.863169500112086,8.843414206747013,-9.250436715822394,-5.6767950835982095,9.705540155179316
61,-6.652138276905694,-18.523942825095855,4.17814698699616,-6.814356276692281,-18.250537286119094,4.306310686405432,-9.180632769571192,-5.801030914318085,8.927826793589409,-9.170558135489284,-5.669578790723029,9.784588770553734
62,-6.840191495464182,-18.85435109244447,4.166982991057717,-7.007603746880905,-18.58438945626717,4.315481428563308,-9.031801407871427,-5.5560977849364175,8.985092276452857,-9.241531175993464,-5.649532352102677,9.850636469121074
63,-7.027186256700223,-19.187175915954278,4.149863803006023,-7.196353350437297,-18.916164346379865,4.3173846396342075,-8.984458106248555,-5.499660429782216,9.039830917738486,-9.227508922719041,-5.632116094391094,9.900260073994554
64,-7.211459476673518,-19.526921453508074,4.122706721078657,-7.382537490714114,-19.253404876179623,4.307576735474452,-9.059823069175872,-5.43335919228016,9.074449021191837,-9.268588976587239,-5.640386667578435,9.932713781468017
65,-7.389208735716618,-19.87218146434794,4.091121309585116,-7.563614356240322,-19.599392368414335,4.291882685782764,-9.112818743738512,-5.419015592930884,9.08817755069738,-9.219900779978532,-5.652775332242699,9.956125866497855
66,-7.565135216099974,-20.22367894474774,4.063097203827797,-7.740784351332798,-19.95039735843527,4.276229144362516,-9.061070657665415,-5.458136948825123,9.086909301258876,-9.117977572401799,-5.65721967710092,9.979353007437698
67,-7.742443944152824,-20.5819609574262,4.031459522424596,-7.916896676300057,-20.30730199734769,4.259183266284523,-9.034435003623615,-5.48908309473043,9.100170195170538,-9.025894506856154,-5.6629951973952455,10.005881118201764
68,-7.918638282461917,-20.939724132902587,4.008851618887924,-8.091921953724905,-20.665352288777378,4.250791957952607,-9.171008981047994,-5.588131429590348,9.089423024556622,-9.182378750352173,-5.79261270734714,10.009369602397916
69,-8.104589869687826,-21.29518376051271,3.995269568812765,-8.277493920386497,-21.020730894496424,4.2502248212415,-9.22909097109146,-5.631335426851678,9.063958635694739,-9.332451792286538,-5.810843894925775,9.99463268995693
70,-8.298463264049918,-21.654149781413665,3.989788888509066,-8.469612642758097,-21.375964319779246,4.254739705961255,-9.303542675824872,-5.647043560795016,9.033248091861603,-9.403477057111564,-5.783654868253369,9.972756446145247
71,-8.494400001233256,-22.011788214567748,3.994225215995009,-8.664938799142517,-21.728859865403635,4.265265902955057,-9.260862070148159,-5.604349688116561,9.00266449216294,-9.34812083369313,-5.701968258464143,9.948009360370397
72,-8.6920129499691,-22.373512606051296,4.009164623184251,-8.862692884054336,-22.088755816798052,4.2805268597665185,-9.31657654817251,-5.48060091171127,8.966804986741492,-9.360408358589202,-5.530488305283717,9.91828753796074
73,-8.891430028424523,-22.737621778621712,4.035794883620013,-9.062174430775194,-22.449961099420428,4.301725967065844,-9.458098463516329,-5.089324672711589,8.930830440190643,-9.427386141624073,-5.016343375847123,9.898971638787563
74,-9.091846381566805,-23.106493307219296,4.069484867289543,-9.263511918133847,-22.816800542236344,4.3250400193564165,-9.636430839065316,-4.862711010220524,8.878377704329882,-9.521126126751195,-4.837519595055678,9.867699163322278
75,-9.287848420145796,-23.482946483716105,4.103210137234236,-9.458942157347355,-23.191028809426843,4.350194688709695,-9.86163591913984,-4.64038124781389,8.827556574883923,-9.888853361939153,-4.81959155724533,9.826302188528516
76,-9.478419603523271,-23.86464851538418,4.138859612817527,-9.648872147021416,-23.569137286433648,4.378958623345711,-10.018749250136308,-4.439086308043235,8.787445363243153,-10.106884091997003,-4.7511398567336895,9.791688031211967
77,-9.671064672929704,-24.245595628903754,4.176990897717372,-9.83903382897245,-23.94661370854617,4.4106685178314535,-10.230012214813138,-4.289130656815947,8.725011279304136,-10.31000183467818,-4.725978930492234,9.723144387490203
78,-9.869844657340261,-24.62670865530618,4.21475395086309,-10.034609831910105,-24.323325546858147,4.443451731110584,-10.674776649560734,-4.116326347641617,8.696465202275533,-10.692814590468807,-4.610878600365897,9.706117872846015
79,-10.07718142779247,-25.005244217302803,4.254255720481041,-10.237976137655926,-24.699964229546698,4.477699301136344,-11.171690620026254,-3.974999645511841,8.684634023690888,-11.132730977063824,-4.463048479202319,9.707155712532511
80,-10.285473270827046,-25.384305416022425,4.292521693827791,-10.44187341183499,-25.07657841527215,4.511185978986316,-11.512411414039082,-4.257963706165883,8.63908428851883,-11.334273779659801,-4.563045059121795,9.666372152833272
81,-10.489208268228978,-25.76316862821576,4.322016794237445,-10.641489331302148,-25.452383072076856,4.536095832983439,-11.797801217948736,-4.4665177253977015,8.607740899474736,-11.447683591843832,-4.769442589690952,9.642476973570849
82,-10.682614711666119,-26.13478757081374,4.343161354597256,-10.831970266120845,-25.821722139873867,4.55156127603697,-11.876359678469704,-4.687817308136346,8.618519478102643,-11.54001149615301,-5.076719388932855,9.662413633698682
83,-10.873723788310107,-26.5133168681595,4.3646102393538175,-11.021607834675342,-26.199586658433784,4.567879624437463,-11.986814674136008,-4.898691947646496,8.625273054121807,-11.583052443759483,-5.246833140226276,9.668846908851437
84,-11.064013994847176,-26.890197720901416,4.3786257622838205,-11.210502050849383,-26.575193016236682,4.579105572917099,-11.96419897347095,-5.152545378603496,8.612545952736985,-11.460167307143147,-5.4730670527031755,9.606056360159629
85,-11.254534149061072,-27.262603717081586,4.3828548108704135,-11.399973480636712,-26.948622413533087,4.583660080262784,-11.778406897936627,-5.5057773186910115,8.595719582876656,-11.352158414085341,-5.701723361981803,9.585245862982818
86,-11.447219073461847,-27.635933639865055,4.379210673742443,-11.593562197185216,-27.3250971103672,4.584006975745506,-11.619704136030602,-5.8199791981710955,8.622293995691725,-11.433266389165064,-5.775621592282167,9.642865905125875
87,-11.642724312311008,-28.00857379818138,4.3694773178348605,-11.790924705916396,-27.701760644356476,4.581378659736447,-11.814525714338647,-6.088063889197261,8.666958318760706,-11.841729976622672,-5.984757205753689,9.676969001646397
88,-11.840072425378692,-28.384433652850433,4.358915842003115,-11.989097743088257,-28.077201208354996,4.582365516632833,-12.047604665773749,-6.0631688036515445,8.768514531328707,-12.176251257600786,-5.867171428676463,9.79594849516985
89,-12.034285926532355,-28.762543746819023,4.351808114787369,-12.185569143121697,-28.454118785572174,4.584705309286756,-12.323056979563203,-5.961255440417155,8.858474417540002,-12.51252636244035,-5.811464098305268,9.914733459226323
90,-12.227551358072963,-29.14209442762933,4.349214228103628,-12.382534421897155,-28.832707565386894,4.589340270661964,-12.587241215204097,-5.883051866487813,8.982111933065555,-12.733442922691356,-5.720793767038544,10.043568880802791
91,-12.415672335901004,-29.52638635276179,4.3495405187131455,-12.574036718656297,-29.213795177552637,4.59522545250042,-12.9627611186932,-5.7530717640848605,9.153378104416287,-12.909133884370469,-5.662795673946498,10.143352601172364
92,-12.595519071784395,-29.915388555931248,4.356389701565484,-12.755508148594387,-29.599380662963572,4.605939930698298,-13.388636486935674,-5.572752418890156,9.314262951822027,-13.103734291543384,-5.584001484169854,10.237295381344998
93,-12.774223407116244,-30.30529643693448,4.371985153867632,-12.93514670683335,-29.987767069199172,4.6224067610978015,-13.694946914334983,-5.420729745379101,9.411642629044305,-13.258589240453983,-5.455150274217717,10.301851003657434
94,-12.959251793609988,-30.69587557281441,4.39627227314313,-13.1188262623551,-30.379483732672828,4.644062047661226,-13.758091889014734,-5.11642685819782,9.543451802290592,-13.376282560315008,-5.309560317807054,10.387111359594407
95,-13.150979883459332,-31.084060612083054,4.422297414816616,-13.30789272892731,-30.768904356086875,4.6667247054179795,-13.79562018967055,-5.014914402101896,9.58810906663564,-13.46068048418915,-5.194167952306147,10.426343465980448
96,-13.352329195904561,-31.468519378532434,4.450986501794625,-13.506899416652157,-31.15415239811155,4.690706260592457,-13.769531450256755,-4.896278775834477,9.604145893357797,-13.508285153434556,-5.113476119682667,10.442789272141361
97,-13.55809977737123,-31.85519209451096,4.482732282923946,-13.712381175020601,-31.5424603847972,4.7167657499535895,-13.844891396893763,-4.74783700739248,9.61545223470285,-13.640413899109708,-4.95948224826749,10.482614819056902
98,-13.766059184501156,-32.24869653857119,4.509849109424258,-13.921055647951981,-31.935667140308098,4.737513982368495,-14.022833237693494,-4.578037223187169,9.620935831772044,-13.888145345535303,-4.817882828639994,10.501160425275433
99,-13.970063847905758,-32.64437147783046,4.533514823957488,-14.124512206323452,-32.328544676899156,4.756751398781101,-14.154313336771413,-4.3427140087501055,9.612367964631153,-14.071624920051754,-4.57350013539068,10.509593720096122
100,-14.168339415282448,-33.04378675139797,4.559824447176924,-14.322100620505953,-32.72174039309273,4.7806804542681425,-14.369650516881432,-4.10343472775007,9.620998920786203,-14.328644467669854,-4.305655850691764,10.531119575200442
101,-14.366145277413274,-33.44611256697961,4.5848783521336,-14.52094489842508,-33.121976301949,4.805424056977431,-14.451534043690653,-3.6658010793073372,9.623317098789277,-14.340706945505085,-3.7717594240879886,10.573449600104619
102,-14.567653893779738,-33.845825768002506,4.610570651406949,-14.720769623237885,-33.51861966477543,4.82948491948557,-14.52943764287046,-3.319856845218085,9.654977174685673,-14.339433686073507,-3.4768648694279607,10.619552132451476
103,-14.778764188357469,-34.23887333468239,4.631888341879432,-14.929154932492041,-33.90781500798061,4.849708853546462,-14.667364556478173,-3.0051389178915002,9.684334206315247,-14.41177046082843,-3.2993092456539386,10.637014814834703
104,-14.997702492077279,-34.63073915234007,4.655225895783179,-15.147162273702284,-34.29879322946727,4.874001034148504,-14.705249608714828,-2.7548937167552365,9.697337053336677,-14.426279559614109,-3.1612337396827828,10.654990916888867
105,-15.2117637237006,-35.02171821663062,4.684976434768742,-15.36218011687731,-34.68987703140541,4.905537886703816,-14.570496453715926,-2.4166511975249954,9.723276000486935,-14.334508930480746,-2.9060878923764877,10.67685962662935
106,-15.421128746949837,-35.4179335396393,4.714583480409368,-15.573037801746814,-35.08592806362397,4.935714653704774,-14.474532059312146,-2.1783084251487415,9.75731439324287,-14.294784949953335,-2.709906136364275,10.697848658167324
107,-15.627261876455774,-35.82262495935545,4.748001392629608,-15.780193745162826,-35.48862046838841,4.970342175856628,-14.403436401142327,-2.1329892261049417,9.732114791487835,-14.402941867020097,-2.752098979813907,10.64610495010434
108,-15.833147490669365,-36.22729385938649,4.781251590638823,-15.988343473624136,-35.89446205634,5.003559315027461,-14.562928324778353,-2.2612153048132395,9.684577514434965,-14.620064118135565,-2.7098414152140684,10.602085298702159
109,-16.044881506748826,-36.632114234599015,4.816188927152553,-16.20025615345578,-36.29877996446109,5.035443354604507,-14.677212174275358,-2.43310097989127,9.60590747483391,-14.72112839974124,-2.868749691023556,10.533827102739133
110,-16.262136892981687,-37.037140281485236,4.85478924858934,-16.415421613970008,-36.70122248479033,5.068590014686759,-14.620967411138313,-2.629659676960408,9.53183481598153,-14.639592912313967,-3.0899695558657454,10.464247609578003
111,-16.482050744697432,-37.440803266423195,4.892595867147954,-16.63186382108146,-37.10329876047222,5.101535582461782,-14.582819428088648,-2.9106690318817816,9.442675543289718,-14.557201295840423,-3.389189312621278,10.390973400498819
112,-16.703179138999126,-37.842277365500436,4.9292558106409095,-16.846781827431695,-37.50272165770351,5.135876357611805,-14.531025160332353,-3.3028861409262116,9.337713012579533,-14.374141885275037,-3.6346768536809964,10.318227535564297
113,-16.924029192557857,-38.24512497167847,4.962270140333104,-17.06201498264833,-37.905293040117634,5.165887728555021,-14.414932072865787,-3.251877663844858,9.231303721651246,-14.168917963114762,-3.221123227086212,10.263958993027039
114,-17.14198947905528,-38.65357104440222,4.991237675132276,-17.2758870571095,-38.31551295302938,5.195101350559743,-14.160527877451868,-3.07418190592238,9.15398691880552,-13.946265121338575,-2.9154695063255387,10.192851944694945
115,-17.350798128522147,-39.062132782768465,5.021387258404234,-17.480810135025827,-38.72485896041542,5.227657092092449,-13.740113268317096,-2.9662500163808345,9.084021483632299,-13.669650946566271,-2.698319777985812,10.146103265436468
116,-17.54923649530508,-39.46599178727379,5.062357466900551,-17.676544193032996,-39.12723606451629,5.275563942164578,-13.439344629385166,-2.7659037177150614,9.08034194318396,-13.53582987042024,-2.589524650331063,10.166180008733514
117,-17.742811390748656,-39.872941576025404,5.1166857654186515,-17.869406004222814,-39.532507014664375,5.336949030055426,-13.107686735212578,-2.4700805101404137,9.139016789800584,-13.216539972124119,-2.454989928795768,10.251090857544435
118,-17.93548341896415,-40.28150182317202,5.183217520505532,-18.061683946026715,-39.94096534332292,5.4071013679394255,-12.747862834476047,-1.9947496510408926,9.285307477171356,-12.897594910431367,-2.2212304750582654,10.423908786800867
119,-18.130694591001763,-40.6854224253448,5.253962652912636,-18.25467607085404,-40.34330472436842,5.476958774745458,-12.384125777270473,-1.562712949626502,9.40634561343692,-12.52196402807723,-2.0911269795795113,10.511371931151817
120,-18.32863981375755,-41.08577234019017,5.327176247104992,-18.451925621016642,-40.7457280741899,5.541948359301475,-11.992296436854318,-1.5080161655232662,9.53398148928789,-12.149023384556846,-1.9012747288925826,10.595434177030864
121,-18.528817556207954,-41.48138946776198,5.403238613810515,-18.654543728467896,-41.14934312073496,5.602143995923867,-11.76118189878779,-1.4450059775060515,9.698593001287726,-12.011073987904608,-1.7616586040910374,10.687010043828813
122,-18.73567484800489,-41.875741573983504,5.475980683472043,-18.86269017139033,-41.548705338108626,5.652695076096304,-11.644695060886999,-1.4306552306192626,9.805163141098342,-11.960714284048853,-1.7486436341438627,10.692397908495778
123,-18.948320614060155,-42.27195812729952,5.530099976691747,-19.07471296810768,-41.944277099289565,5.691364272935738,-11.45991553184363,-1.1915635508300089,9.89579705773457,-11.913748387543398,-1.482569721959004,10.730909130000851
124,-19.1612629740398,-42.66682364003358,5.566121349241478,-19.28908541071378,-42.33935455780878,5.7209639017674965,-11.527466110365596,-1.2234120462701963,9.937789865550508,-12.013550701726135,-1.6168927303360099,10.76258646413396
125,-19.37026833240198,-43.06357951908895,5.589046871582537,-19.500139906052635,-42.735022238838354,5.746005850420856,-11.727722036745858,-1.2468476176227135,9.942242390145484,-12.207955871727238,-1.5932369648657114,10.838325067732688
126,-19.580490298524133,-43.46637254835588,5.6026126280298225,-19.71309200843686,-43.1336654843654,5.768873818192393,-11.942508444106004,-1.2100856537204343,9.980869205797065,-12.267188255832677,-1.552704459174514,10.896318778175077
127,-19.793895737610974,-43.864409298911895,5.612913684057503,-19.930237311630005,-43.52801293187857,5.793796578027313,-11.92946910898216,-0.8643393098459645,10.018165430985269,-11.919644431765759,-1.0035212347240325,10.953254857925874
128,-20.010080083903535,-44.260772569769784,5.618127810479657,-20.149499735905284,-43.924624042531846,5.813543194710146,-11.785499726308155,-0.4665392750650932,10.054903376230962,-11.62166215048604,-0.49161992174709923,11.02369199202093
129,-20.22574960121778,-44.65603211416096,5.629805832012917,-20.366325168315807,-44.31973245987644,5.840338698076636,-11.558050847261203,0.03483719967620069,10.154422896913417,-11.3320476840088,-0.03080084802952532,11.099225072079626
130,-20.441723505372536,-45.049863621881336,5.651937325045961,-20.582871874679245,-44.711733353796035,5.87460415359362,-11.261875417070708,0.35675988384074997,10.232163855813463,-10.993346468295734,0.34201167590279113,11.165337731591713
131,-20.656194721387507,-45.43990933726142,5.689368119124166,-20.796679388910505,-45.100065355920684,5.919452039409123,-10.880462721207946,0.8434804592438648,10.307650010176888,-10.740185936083684,0.5251604774334854,11.213282462273241
132,-20.872306104267764,-45.82977548771409,5.739316391231817,-21.01080938100512,-45.488739710048726,5.971965513465494,-10.62410071706107,1.2402374043864577,10.33196115141029,-10.828645832656566,0.6731692174655439,11.233317943673326
133,-21.08969903232288,-46.220561444860714,5.790948492654392,-21.22701594622318,-45.88114906259865,6.021163083181804,-10.356738672471632,1.5181281191931313,10.376395379603723,-10.788765459473474,0.6490541175838573,11.267681827688067
134,-21.30932000757287,-46.61329486196871,5.847883895893536,-21.44756152680293,-46.276202615363665,6.074099268704301,-10.16264024821038,1.4410002394731216,10.410833189277387,-10.463376513886294,0.6484062489822933,11.302829538966133
135,-21.53016990271009,-47.007446210479024,5.921090523679521,-21.67025461665177,-46.6760974751012,6.1359000764363225,-9.930808928044518,1.3193114829291503,10.417295816548028,-10.132130236748553,0.6586407713557674,11.314743777026301
136,-21.75299511206784,-47.39952229595948,5.995283336001002,-21.893200359276776,-47.0720959172064,6.199249563130006,-9.82495121014098,1.2317700146688995,10.419320646570537,-9.991668514437189,0.7674401254717034,11.33477677854416
137,-21.977284088808222,-47.80141132177039,6.057447606305317,-22.11834548809365,-47.47454006705962,6.248206089714385,-9.860232471543192,1.22264830895029,10.437545731079096,-9.969504278527243,0.96649688901599,11.376943717625519
138,-22.199190052647406,-48.20621739250763,6.108067496200042,-22.340366831780443,-47.8768785430118,6.287591140208441,-9.88210853390821,1.240068815250121,10.471540206769186,-9.95036530548151,1.0479682992570654,11.4301423280008
139,-22.42308891527377,-48.615105275753216,6.145912541751184,-22.564097412580832,-48.28027034549452,6.317570307735631,-9.78215254677364,1.1702801406133907,10.501123090493357,-10.05589470901071,0.9920972798954482,11.44786981001012
140,-22.646113459939137,-49.020837864262454,6.173914768255305,-22.784956542180442,-48.68064134569042,6.341128946222363,-9.732475502232532,1.2510011337299105,10.513214899648599,-10.099980527789386,1.01588492029989,11.456550401038639
141,-22.866792179086524,-49.422153094476585,6.193008674759979,-23.002404188153765,-49.076999354351614,6.361804615573452,-9.572779330135456,1.869515752867861,10.555927901362933,-9.687447064757839,1.8101877562005115,11.51274579645427
142,-23.086295396545047,-49.81905881661379,6.201093022277434,-23.219990563802046,-49.473377884532646,6.378389929470962,-9.438035123977425,2.3999947746630332,10.603896834690426,-9.32185478107685,2.334513665350017,11.548475218891868
143,-23.302137458800743,-50.21750086346664,6.199099645288005,-23.43417031837444,-49.8698456357428,6.391264745285068,-9.040219715555082,2.819420166094755,10.656041127438519,-8.784573182260175,2.6982921489465355,11.593250469920036
144,-23.51324448216515,-50.612330938755804,6.203738872047864,-23.64596780021001,-50.26409256420437,6.409916034315478,-8.698920943698871,3.2902114668115083,10.672400766322047,-8.523717554868933,3.1657280931116385,11.60420090791025
145,-23.72327487099707,-51.01000679390351,6.2177976233831975,-23.85787353904042,-50.66355611557364,6.43708668574572,-8.239066884688517,3.880173308674947,10.689143433340474,-8.141874924787654,3.6248375567341293,11.630528831781824
146,-23.93283533805438,-51.407095917279136,6.243412028123267,-24.070781155183735,-51.06600813729917,6.473352020405121,-7.61615914961658,4.565746190704138,10.733067413777103,-7.721389357637092,4.000817759763963,11.666778224198076
147,-24.13923686233267,-51.80281795719317,6.275760316710123,-24.277012198375424,-51.465004714445215,6.5109719524429925,-7.052421081873987,5.09599262763412,10.777210613707615,-7.425923534048447,4.1512620233014,11.693030653245165
148,-24.34395752690984,-52.20127260291568,6.310175295299047,-24.478265421813195,-51.86448352440792,6.543970398465546,-6.789453859591819,5.115772115959155,10.784457028090443,-7.200372100572081,4.3484807023315755,11.715453069083164
149,-24.550817624759848,-52.60002661510694,6.353650950043171,-24.68056694706431,-52.26601669088578,6.58203977503873,-6.551545839434642,4.975414001215918,10.767156772639131,-7.013494311171405,4.175361905082754,11.688804942988055
150,-24.764670915793264,-52.996342125060245,6.390220254263904,-24.890958081528836,-52.66626098390411,6.603994283668596,-6.501374841850307,5.0748420966624606,10.741132157983285,-6.873240134382564,4.3226205688998345,11.674060899120677
151,-24.98544539730644,-53.394521199551114,6.413722703360485,-25.110439790665122,-53.06484548563173,6.613279945114437,-6.386814886511362,4.951770742370504,10.713393857804505,-6.833909668893835,4.3006536295497995,11.630572179533845
152,-25.20830388312952,-53.794052842920195,6.4269992801527325,-25.335025870366003,-53.46532769490122,6.617837251127789,-6.566586355978907,4.9005725237845335,10.698116387623218,-7.035766784040505,4.459871634383602,11.626333851027168
153,-25.428026142469154,-54.19776292679508,6.427021497505609,-25.559957506434884,-53.87248170306086,6.616452870423274,-6.973950921878061,4.819649331319492,10.616848186425948,-7.401188190237488,4.552949072221351,11.54747061352603
154,-25.640926063572127,-54.608719945427374,6.415937321754242,-25.774403986374576,-54.281454554473896,6.608782292065368,-7.394482915064786,4.852554166595787,10.534220735929948,-7.75627053213395,4.640091797242416,11.482986879271222
155,-25.849246999620565,-55.0223266570128,6.394944078233969,-25.98165663201117,-54.6906688289998,6.594041950869955,-7.623027302784403,4.849944727620155,10.44010422421112,-7.780106993716564,4.737817692855923,11.415801740249128
156,-26.059699961431797,-55.43776215500073,6.361970818973975,-26.188325510461727,-55.10171758044977,6.576116682568251,-7.626128911107381,4.999066553456128,10.364399605135233,-7.4811922038143885,4.697617215454088,11.342561452427905
157,-26.27232641079047,-55.853200903089025,6.329758411943733,-26.39739750669345,-55.51451758835704,6.557210196515588,-7.556452478098189,4.770340060816764,10.305635130635576,-7.149277776001246,4.422902238036467,11.31083189957095
158,-26.49069710133766,-56.266803894383,6.310564505498991,-26.613125700839493,-55.925680985072525,6.554485075860789,-7.5752796665296085,4.459440341691894,10.282590044903712,-7.079810412715612,3.947152374480647,11.30642080273012
159,-26.710086988202576,-56.674738090195284,6.304942515852369,-26.831888556632393,-56.33200652470405,6.565548908293923,-7.320267343867507,3.9892654010598587,10.2389833475265,-6.874227201155864,3.517954187074085,11.308177143093602
160,-26.92379158414167,-57.08274491967847,6.318033028395441,-27.049864593686443,-56.74098620767143,6.5926070695463705,-6.757632152556363,3.45380429826382,10.226080216213102,-6.484943242604403,3.050429336823409,11.277109213655653
161,-27.12627279163074,-57.49605950048904,6.348443875279947,-27.255904663247506,-57.15266076740705,6.630239794015602,-6.191222571665656,2.977700987798338,10.23485341953634,-6.240358414717041,2.7626948823042485,11.280185580089388
162,-27.32075652164099,-57.91500942850607,6.39301181717701,-27.452267786808502,-57.56837572699209,6.672581978124408,-5.695838928163919,2.141217264445605,10.253401333626552,-5.895708849236957,2.050014708377111,11.277391405888377
163,-27.514864187121685,-58.334147616639825,6.449201904389203,-27.646050258772004,-57.98609533211331,6.7148634332237584,-5.365062723132451,1.4255917634252278,10.278798427460426,-5.530348994829051,1.5408788974721213,11.264431537607479
164,-27.714490988442527,-58.74808316283105,6.522874199331443,-27.844494398896153,-58.40222525350784,6.7652557000160165,-5.212804863378772,0.8449217622537919,10.312288763096134,-5.378176003743947,1.085435495904511,11.293017885288775
165,-27.922276744123113,-59.157919321187144,6.596782074280259,-28.050558275265377,-58.81368960302088,6.819878994758762,-4.881992681107272,0.48484882757834613,10.326172443217738,-5.186014341819542,0.7794062505052278,11.309039020428102
166,-28.144923335609334,-59.56105307294418,6.653696451486051,-28.27097708330252,-59.218550193851016,6.857845336239143,-5.066773580131617,-0.004328657724204987,10.34388954454944,-5.589937081453294,0.3144635467896283,11.337265135241996
167,-28.375040984783194,-59.95881730289846,6.692852256673073,-28.501107989227116,-59.61820125549281,6.8822107125136425,-5.389967615584385,-0.6434498160343952,10.386689593073886,-5.883317262562466,-0.4010159293092793,11.362871405252093
168,-28.605577107189223,-60.35345541144036,6.712894253051377,-28.731918131544035,-60.01084254412872,6.891423119725851,-5.739553977075328,-1.3448747432677983,10.366470461797393,-6.224599925634964,-0.9794107860728826,11.320296936989088
169,-28.837888672021705,-60.75026836802445,6.715104904402264,-28.966376901821484,-60.404806149714474,6.888597810834365,-6.2768179756372575,-1.827095077449925,10.322803012291837,-6.666854500068455,-1.6355442805440297,11.255601836590106
170,-29.067249851712777,-61.14823003640055,6.706384740813055,-29.198441831998483,-60.80165988036623,6.879204985730071,-6.7042036432286665,-2.2051225131891488,10.310509539732498,-6.776381638558734,-1.960609453721707,11.233986204769641
171,-29.294786235799304,-61.544699704808025,6.68422561723255,-29.42827127205434,-61.199010103084454,6.867346692588036,-6.991226268461973,-2.577495943141747,10.286421179980888,-6.806213822150547,-2.244250713784279,11.235691135093042
172,-29.52370601118835,-61.942592255431606,6.645590418469995,-29.656889167387636,-61.59703448963205,6.84919175386632,-7.303772809276614,-2.710671676885421,10.298456644636993,-6.780705786595801,-2.076850138163655,11.281370319473472
173,-29.74597315397965,-62.33405878349954,6.619745150280749,-29.876515051977428,-61.98825365389823,6.845714816862199,-7.204483680302175,-2.7940636826846714,10.27353070189118,-6.738140228394129,-2.0791957320978947,11.280842995746122
174,-29.972292134591864,-62.69441131832068,6.609520300974568,-30.09662655774706,-62.34242363100207,6.857063163885916,-6.973342744484637,-2.6429014189101925,10.281047444473517,-6.4879176391588835,-2.1007832655453083,11.325396697821098
175,-30.22738408686457,-63.00143687786272,6.619323764422566,-30.34143615691575,-62.63758632962462,6.883044773615411,-6.5788473710727535,-2.3594205289259262,10.344801374948085,-6.192365446589653,-1.905131321539602,11.377557857679452
176,-30.511250460950045,-63.22690184101928,6.649983432484821,-30.614452588307614,-62.852937465533394,6.92311538614698,-5.999434125415058,-2.087313455295796,10.42181009975597,-5.963672314834345,-1.8153486978981461,11.424936481170052
177,-30.801013664141614,-63.35455658095854,6.698438312425394,-30.897976682479268,-62.97492360683737,6.972950188041169,-5.6124144425964015,-1.984052923669899,10.482395997302998,-5.795683044497281,-1.7920771768478034,11.466092324254662
178,-31.065691192684927,-63.39425563560887,6.75845622996796,-31.16593466571867,-63.01242683646091,7.025345418014356,-5.235888792748101,-1.9381696833493844,10.532055924877678,-5.678474714992017,-1.8051237091287147,11.498245956903276
179,-31.278898183648714,-63.37236840124803,6.8285254602463406,-31.395184302842473,-62.988077795084344,7.077677143198395,-5.139056057754599,-2.06830908203618,10.566339761344162,-5.603485019303133,-1.831495350668742,11.53573341322274
180,-31.431071702768627,-63.316716099869595,6.8819882263716945,-31.57777871976804,-62.92503161100026,7.108472278412104,-4.9829079232451114,-2.1659337176480595,10.61914149583032,-5.554012316854426,-1.8528453872180328,11.555739573070333
181,-31.536800154658355,-63.24936656949428,6.917961074122586,-31.717251173073763,-62.844720704137394,7.123559187711943,-4.855881781389465,-2.123414257251843,10.629715806489344,-5.518823215483575,-1.8656678954167518,11.56079231862853
182,-31.61325115935677,-63.18870450302632,6.934444964153105,-31.83370842490148,-62.768746562698084,7.124920902667863,-4.9153091475736765,-2.055899363377988,10.623168240770607,-5.500168699826015,-1.872893683189391,11.553155019298346
183,-31.68867772886193,-63.14023778366122,6.933936745061392,-31.961518680977594,-62.70480953022949,7.115677832315829,-4.955865869081611,-1.5794760322806456,10.602522987302695,-5.4856420448250995,-1.2787806806506978,11.537261494640974
184,-31.778868101488612,-63.09879458911219,6.916035490406769,-32.11109207154227,-62.64840489527687,7.097410630829454,-5.028739335391516,-1.0858289129527925,10.578774189404262,-5.526770661076727,-0.7564596141510654,11.522623272687932
185,-31.88943005363717,-63.04616494108525,6.881110658925962,-32.27926328985015,-62.57726123101542,7.0726790343119115,-5.05056325028819,-0.7415254066747201,10.545710481657677,-5.504247655583659,-0.5352447347232248,11.49662698332096
186,-32.015944774873134,-62.965560923056294,6.828189063450249,-32.44857783482105,-62.47321046173267,7.041973095711282,-5.003882200752036,-0.31522334393781093,10.507250977909113,-5.4395142271142225,-0.23916714046363713,11.48454356998979
187,-32.15420698352812,-62.84379124169358,6.788608967901825,-32.608470686649525,-62.32835243195047,7.026126015311208,-4.909981047776023,0.10677095736792253,10.480591932072576,-5.386458073114966,0.013423035056382149,11.481954010519507
188,-32.30541173096911,-62.672716004524716,6.766099207649749,-32.76122722626248,-62.14277517320718,7.026850170143206,-4.709968141553685,0.6652362450038978,10.47319453184597,-5.246760909583126,0.4324248568659607,11.490537100004232
189,-32.47222084781687,-62.45785363417984,6.761473431562111,-32.91654685429283,-61.92898994402784,7.040867286716789,-4.487184206988453,1.150285410297882,10.486808081087355,-5.128909317055224,0.6824812994320686,11.514957284825313
190,-32.66583455631904,-62.226924679805514,6.771153415945977,-33.097856606351726,-61.71059960352536,7.062680601688771,-4.36747445678083,1.1787279413351106,10.510033795554866,-4.931705870644739,0.7877193520315674,11.5407622754424
191,-32.90481121292666,-62.014563569000764,6.795435448348955,-33.32390738430192,-61.516417011344124,7.090435257315953,-4.153398453941023,1.215319780890451,10.551122214156672,-4.654249290680678,0.9313473726347382,11.574441281262875
192,-33.19141411415008,-61.84068020491966,6.838274776238067,-33.59528097626824,-61.35665421526414,7.12622020655348,-3.8790961395813293,1.452029758270238,10.591176233207504,-4.3258201345414395,1.111783113888695,11.590736272136773
193,-33.50716194241934,-61.69253305247844,6.898093614046059,-33.88798567390604,-61.21995900954443,7.167470662773218,-3.389279471078337,1.765964857683042,10.641269281800197,-3.733139141484095,1.477057530567702,11.629869607390718
194,-33.835134072443054,-61.537478224839475,6.958741851452824,-34.190575444261675,-61.07533515478742,7.211470454815692,-2.7221648618284755,2.122960852228507,10.69982971451471,-3.0567381662323156,1.8419699625312114,11.681026965197976
195,-34.160380253784936,-61.36170923677716,7.014280547935349,-34.495012902281836,-60.91073013352349,7.252005418322055,-1.8808868791599964,2.2833638775462344,10.758229737617855,-2.3091841213925655,2.1132124126518286,11.729500055638765
196,-34.479293145624204,-61.15979931274615,7.064608657135062,-34.7997693350275,-60.71788038113067,7.289283118972689,-1.0983587826952765,2.3506230081687876,10.82634104684119,-1.7714361647207353,2.1699474783906747,11.801435142153606
197,-34.7887353527375,-60.93610349129285,7.108422841700371,-35.097963892155775,-60.50393428443511,7.322660689542505,-0.43530194537644207,2.293790447191575,10.929406981639382,-1.370643978824372,2.018338723505005,11.917802281171436
198,-35.099870777343774,-60.695475961743924,7.145571162427992,-35.40039939187781,-60.275644178398956,7.352565743375416,0.20636737543022143,2.0030432243487537,11.016187743381986,-0.9528708714445993,1.6328824018818038,12.000672502971296
199,-35.41859494539463,-60.4554617604138,7.176438969492351,-35.712844842258896,-60.0470065889531,7.379827570522102,0.52608061809111,1.5834721049499831,11.135231172533969,-0.9376875476597806,1.152109912080483,12.09823358758347
200,-35.759201631799506,-60.22450518443763,7.201831981330693,-36.04521037179384,-59.82436731694949,7.4055865738472955,0.5552716544900539,1.1069052821889027,11.239428235971078,-0.9639062909841276,0.801379058291031,12.17600899563973
201,-36.12054141529056,-60.012886101394116,7.2210809836802206,-36.39413279520692,-59.61591270093539,7.429082917860262,0.4293365484370465,0.4382403440600363,11.331118464085035,-1.0089659773033324,0.2871171454912713,12.241816306702974
202,-36.49499763358286,-59.81530967483661,7.239473215564776,-36.75371875969562,-59.42033133452934,7.451069869994086,0.1379160012633716,-0.23906385190596824,11.405197369598351,-1.105909841307031,-0.1304707895235364,12.284945917310944
203,-36.87233778270202,-59.623845352271026,7.259111781558444,-37.117472278966055,-59.23012676806884,7.473813825938331,-0.17172788393816463,-0.878467258878193,11.425737805837914,-1.290336491019656,-0.5192297356559493,12.280125747024423
204,-37.25219003891588,-59.42906764968301,7.277201677905697,-37.485067911534735,-59.03822729524895,7.493825745602416,-0.5334781515366604,-1.3489986915460361,11.405234537442704,-1.5200007052417686,-0.7650351340469901,12.276960726694373
205,-37.63362469302832,-59.225793508885104,7.295775840230762,-37.856835574413026,-58.83899141949449,7.515535542698986,-0.9049919481687245,-1.6262496413915737,11.397651978283964,-1.578090128080936,-0.9286915881676161,12.279449423630998
206,-38.017703864844215,-59.013190926509225,7.315812543604684,-38.23347243421658,-58.63008466901524,7.5388309793196635,-1.118228211516652,-1.7274879755849475,11.378988433620368,-1.69300489285419,-1.035236379877553,12.294528597454502
207,-38.39720348563277,-58.80060125597727,7.336858284015763,-38.61006177493299,-58.41910690716187,7.562694636188374,-1.4134164797688349,-1.9282667718413986,11.362583419050372,-1.9576572644292636,-1.233401043255292,12.308906133621655
208,-38.7835316925164,-58.58938751336205,7.36041758837818,-38.995204223035834,-58.21001414685177,7.588244171661383,-1.7692018615695488,-1.9194591845089073,11.345440231521486,-2.28232936345811,-1.3307194711733292,12.322827506380865
209,-39.17738109485256,-58.3805520770415,7.388133346947409,-39.38523582435842,-58.00352119769956,7.616179758610663,-1.9904781463147148,-1.8541067734711156,11.34975976699358,-2.428914982694799,-1.3317125238859793,12.355785560579005
210,-39.57870031838944,-58.175198872504424,7.415380900209197,-39.77920406823034,-57.8012269200803,7.642010410481153,-2.0728741978505707,-1.7592920300406707,11.39677781595577,-2.4631453703593995,-1.3422120633212096,12.4036113913704
211,-39.984206680199584,-57.97552976700166,7.443066088052162,-40.17816964231495,-57.60651878603535,7.665738443509273,-2.101855642934213,-1.6522091510667913,11.453730052436606,-2.4988495787564253,-1.2702158840310174,12.456018859900407
212,-40.39472495117587,-57.77659408135948,7.469803320183842,-40.58515756240907,-57.41197934685319,7.6895011953094246,-2.1813147240905426,-1.471261397378004,11.499498876032092,-2.4711544832707286,-1.0738640885171997,12.4865453929319
213,-40.79948430055983,-57.5767819574942,7.494387700441889,-40.98580527721371,-57.21503795353184,7.712173971553803,-2.2317506381882466,-1.3371871589744178,11.541199191393634,-2.477379696798038,-0.9612722720390882,12.518702350992045
214,-41.205860482415076,-57.3679493273168,7.5151724595329235,-41.38818442520852,-57.00792202437529,7.73223277398834,-2.1600231039212083,-1.076408905034753,11.573554748247236,-2.4833043811377933,-0.815493810393783,12.533965881700679
215,-41.60555133561156,-57.15449756088305,7.533721161422465,-41.78482891577555,-56.79601137893695,7.7515631286833235,-2.1300689929666,-0.807583784511474,11.600641763219967,-2.6631193287547466,-0.6234142531548531,12.541220461385116
216,-42.00643032972594,-56.94367449318876,7.550729970787446,-42.180783854810855,-56.585130485607074,7.770927299007875,-2.1679161448049906,-0.6857374009616022,11.61342865881172,-2.7884617368371916,-0.594666370152624,12.548417386562026
217,-42.4041665284035,-56.737231296949794,7.5668656846252444,-42.57186418312111,-56.3773970252216,7.7889421803332555,-2.299050832301425,-0.6197506122504147,11.611178923281626,-2.9358541846901964,-0.6592842936442618,12.55500370229279
218,-42.79515210863172,-56.53076230050962,7.58133477432327,-42.957554765915816,-56.17123272644087,7.8048016675111125,-2.428748211937888,-0.7530286311140937,11.600248709645895,-3.058028843810251,-0.9082546647663781,12.562402881873435
219,-43.18706456311285,-56.327424159951164,7.596474482569498,-43.35098052679911,-55.968516947465616,7.821166957968989,-3.0535701633001766,-1.0212911903988542,11.583986542144507,-3.791438798003832,-1.1577540801538286,12.549152170513128
220,-43.579358778282554,-56.13146918760587,7.613765553305904,-43.744330066367255,-55.77506789160307,7.84032788654764,-3.6675045054942554,-1.271946609704339,11.56278780503418,-4.394739237621087,-1.372158923226428,12.53944125505428
221,-43.97237660207432,-55.942009369352924,7.633341075206089,-44.14190472968316,-55.587687394227466,7.862501011129751,-4.1506068606883915,-1.7461641050337218,11.555752815626713,-4.7012934448893935,-1.797960304965124,12.542222315855032
222,-44.36895797874819,-55.75775267193664,7.659620104493375,-44.54351951130115,-55.40423224681481,7.892513932904782,-4.535307423411829,-2.207205092845584,11.561991686828877,-4.9924150988788885,-2.051293501836918,12.557268287772212
223,-44.77062388860443,-55.5750027092356,7.695015273667212,-44.952144192009065,-55.222004796816336,7.931421072574627,-4.9272163864051866,-2.6163697842362295,11.584141461023577,-5.209161952492308,-2.3013011507528485,12.593059301814886
224,-45.17170918630085,-55.39046278981834,7.7385225960236035,-45.354970119467275,-55.038282852664025,7.976885281179526,-5.2558673632674875,-2.957039003311511,11.62318194134313,-5.334235593974192,-2.498911053144594,12.646048362738886
225,-45.57181115408285,-55.201375499701,7.789042071660569,-45.751402730577375,-54.847912681843304,8.026395509471337,-5.6588295034896285,-3.1001000947034703,11.684166613795108,-5.53272531402637,-2.5828102177429813,12.72036998107855
226,-45.966969735359136,-55.0082850857373,7.847531660317975,-46.14631457781426,-54.65167966663955,8.079731258767895,-5.669733002390796,-3.265723728936564,11.775104884550112,-5.778655123438243,-2.7417629352483,12.802344225491336
227,-46.35895196303152,-54.81213086011035,7.911791244934477,-46.53386817567681,-54.455044311299126,8.136164141683084,-5.712422152887685,-3.5140142760579094,11.878689513098662,-6.039457624402168,-2.9894626414993772,12.88623056435601
228,-46.7473012682246,-54.6151071715104,7.979473113279814,-46.919303029529445,-54.258995814672026,8.194819796941916,-6.115560058315099,-3.658418400476272,11.984623786933101,-6.584364340050146,-3.294673736166129,12.96862789456701
229,-47.13534330036182,-54.419216331932454,8.047781107457947,-47.30745577254453,-54.06405629383369,8.254354729501777,-6.446733692547341,-3.880290051167627,12.09514859642823,-6.96563067026213,-3.5550691774252656,13.053763914596733
230,-47.52208227760818,-54.222636407885865,8.101980579517113,-47.69945190738168,-53.86675635038014,8.295348162621659,-6.854793964603298,-3.983909887379119,12.207281734433273,-7.364449125511476,-3.6427357980100328,13.147472442213672
231,-47.913813168126616,-54.02433746518485,8.14058437925577,-48.09639026982642,-53.66773198021071,8.320658848211911,-7.151752428412547,-4.108017500540047,12.319750703647209,-7.478916814230939,-3.7411381114982656,13.245764466831213
232,-48.313160675525594,-53.82632829757987,8.164873026262843,-48.499528115710184,-53.46830092377372,8.335572697467905,-7.256917975641175,-4.187902974493607,12.427869150243538,-7.3973242181034395,-3.6820609835984954,13.35112303986227
233,-48.71585251520877,-53.63386109587802,8.179998531044522,-48.90747863913611,-53.27380346692252,8.349170020981356,-7.295287240822933,-4.066141716159469,12.5344505709193,-7.326509696280545,-3.4464557878564834,13.456727882897784
234,-49.12649166367133,-53.441354586355395,8.179663516998394,-49.31757375818259,-53.08119010899301,8.35373436474789,-7.198577853237167,-3.9599440919297626,12.65468449215543,-7.140741173953345,-3.402453779826099,13.57768072493632
235,-49.54281289810152,-53.25044740288597,8.161888214838166,-49.729629929149205,-52.89400839128038,8.348895754453752,-6.705389950570791,-3.6589763464605065,12.79120894287904,-6.769460902723883,-3.2125739112216385,13.710350471818632
236,-49.963456031263014,-53.062819683552284,8.145493858531838,-50.14616733921057,-52.71133058250727,8.359475617303223,-6.172066319236631,-3.345000313346883,12.943114256562657,-6.356756283686247,-3.059477593883366,13.853519841791176
237,-50.385819364641286,-52.88285908161764,8.146729573652438,-50.56380714358695,-52.53399143226192,8.38353210021058,-5.403177654445131,-3.246968884084635,13.102526287303755,-5.791932236404034,-3.1288203812234463,14.001418780190235
238,-50.80748398873578,-52.70918635317963,8.165439642442706,-50.980160595047046,-52.3605624721158,8.417503400156956,-4.787404787635387,-3.1868799762706534,13.257745541891943,-5.348826217598291,-3.260043348784561,14.142763105882889
239,-51.23074082139346,-52.53949002392528,8.200577311548777,-51.398719327750435,-52.18935877227217,8.460525237593165,-4.301281157227477,-3.313667863528248,13.412712761500954,-5.0131788162218625,-3.482881821108469,14.286187079782582
240,-51.64920645120695,-52.369231460970695,8.249200315008455,-51.81525488115696,-52.01717647170576,8.512365312300915,-3.8540001882098847,-3.651282758389956,13.566246087498202,-4.800001930851761,-3.765611123999816,14.420911250577518
241,-52.06348969902863,-52.19364778347932,8.315479743010231,-52.22924455077558,-51.83959965820638,8.57124129420419,-3.2259310026394945,-3.892598187623866,13.688154084046332,-4.238350276382936,-3.989668305347517,14.524662227545297
242,-52.47038643727957,-52.00063064147899,8.397346365643898,-52.63559757013347,-51.64737128659492,8.632993423365283,-2.7907621731479475,-4.211329513021517,13.767611953507892,-3.8291280387588156,-4.112040508697232,14.583090282096503
243,-52.8684912979973,-51.79505655785576,8.467287861594048,-53.03636022425496,-51.44192935964837,8.681735615093674,-2.5618070778486555,-4.2937737901584425,13.806184135504003,-3.6600067562795022,-3.8781939118646838,14.606526923269058
244,-53.268046099599346,-51.580208117263666,8.524535423706752,-53.44021876044548,-51.22445791994172,8.720291008971556,-2.468353714423153,-4.12558239475675,13.81201134806039,-3.489706102216384,-3.5547754914400365,14.609722818530964
245,-53.66757472063578,-51.36128307518178,8.56753110721039,-53.83998365515413,-51.003147838805845,8.748939923450322,-1.9356085746714524,-3.8511971462249255,13.798298889672932,-2.756718569382244,-3.2275309765638145,14.607840046273783
246,-54.06900910117559,-51.1434497475469,8.594878889214462,-54.2405132222856,-50.78494807030027,8.76812662605184,-1.2041711672833955,-3.444376058530372,13.756987208653008,-1.9266418717190332,-2.897252380714015,14.59762219759073
247,-54.47205096960375,-50.93089585546708,8.607749658577545,-54.64227120710937,-50.57240292554384,8.780522889653582,-0.4901230620602608,-2.8688706010955487,13.694536164308186,-1.3453467016078047,-2.495991045378005,14.579913503000489
248,-54.88006687297722,-50.72154209243702,8.607055189580189,-55.04877983401454,-50.365879710731896,8.788738069150371,-0.13293916390970173,-2.455383541502098,13.65364010649577,-0.9817095043299681,-2.4344741940606927,14.588258611736284
249,-55.28800765372989,-50.51530292579247,8.602613511360435,-55.453039063554115,-50.162078175250656,8.804194524033239,0.024431219305786178,-2.1384025617533844,13.585000787144379,-0.9995739093643914,-2.4460022932075054,14.532691355931393
250,-55.692000528375466,-50.31147180477909,8.606853867117064,-55.85271546558737,-49.96165801631012,8.82559615653953,0.3378487149296995,-2.135372492420607,13.556343651843278,-0.951976735718638,-2.552627072210047,14.522211828389626
251,-56.08995248281437,-50.11075622780468,8.620199995796693,-56.25164982074478,-49.761192954307205,8.851819769217222,0.6799309361827635,-2.1477905267262742,13.517673210378751,-0.844668086523404,-2.517679928128411,14.484768803135776
252,-56.48289773053613,-49.91052353572041,8.642313379602092,-56.6442875409433,-49.56018850315767,8.882085954015633,0.36246994682370526,-2.1890173583547483,13.475592198366979,-1.0875410017743175,-2.451065669545353,14.452099282353084
253,-56.871362352978906,-49.704621864454275,8.674108789069095,-57.03341550932333,-49.35388889570034,8.916535877854596,-0.0997575202681995,-2.4955116997342457,13.493592961625941,-1.2371376093420994,-2.708675112014216,14.502425776913585
254,-57.25858039115835,-49.494117340726255,8.711269427398483,-57.42471268774364,-49.139810504400096,8.948229624718754,-0.48537658819944574,-2.729729414809909,13.531325622858661,-1.318912002471022,-2.6849460339851845,14.557369649557295
255,-57.64935001747142,-49.27823704651452,8.750098494277182,-57.82041355363789,-48.91855547609778,8.9752032537922,-0.620003881082654,-2.8700160202308633,13.57227168785375,-1.14728794932952,-2.797190232553045,14.625972781943393
256,-58.04780044408795,-49.06173816024092,8.780091555417584,-58.22295273277598,-48.694439123207815,8.995845931949026,-0.7484801691186905,-2.881639127909111,13.661650694106068,-1.3119494359523098,-2.7520355544032356,14.687520710069789
257,-58.45239630273414,-48.848811568852454,8.80442195373434,-58.627903860618915,-48.47551733973821,9.01465043689381,-1.0508830614980542,-2.7399718724899773,13.74537355166429,-1.628689747583977,-2.599130836502488,14.763082116649352
258,-58.8631889388406,-48.64335460611571,8.822781958473847,-59.03804016579849,-48.26658540875629,9.029503352335336,-1.4594109762356566,-2.7542939727278877,13.859943252385326,-1.9609411010854276,-2.5683387913090616,14.837237688230099
259,-59.28226010821306,-48.44010074278361,8.836179118286342,-59.4533839644102,-48.06520526493882,9.043529640978631,-1.5239233515458668,-3.1044720800949337,13.990770406016383,-2.07728700371195,-2.983240718972984,14.918161146971936
260,-59.706662584587164,-48.23694034533515,8.842391990476354,-59.87186940095739,-47.86788473447131,9.054839067896003,-1.615544511032162,-3.1742692253723277,14.09463517624048,-2.140187165772663,-3.233526572937346,15.019718436408347
261,-60.13210523214387,-48.0378722454269,8.84537178319448,-60.2935493702013,-47.67641286841993,9.063038740643481,-1.5484955678503163,-3.4853927873954347,14.216320123615525,-1.950805901501688,-3.5397745440907307,15.141116104940403
262,-60.557233363956996,-47.84242020244627,8.845701499511787,-60.71805484934115,-47.48721447733096,9.068424827053153,-1.6285428774993487,-3.5532487255964096,14.344031259481781,-1.7555461772797893,-3.5496804424213875,15.272306095845709
263,-60.980588546977636,-47.64593185212876,8.847300545109167,-61.14173171430212,-47.29522022954036,9.074543862687458,-1.543037688297016,-3.445716534327363,14.495409588794976,-1.679586878498042,-3.2079328747444493,15.416076450314227
264,-61.40287302946531,-47.44842140751036,8.857089132295988,-61.56425087863418,-47.09975311877149,9.092827738131147,-1.4074246412801348,-3.4298278937659323,14.634471629806523,-1.739395404099042,-2.9538200587463876,15.541432192474614
265,-61.82031532548419,-47.250399582394486,8.876020330172183,-61.97957504354625,-46.90331630003285,9.11867715670446,-1.3705498466394606,-3.3629755951418163,14.80761218549001,-1.9976996757356933,-2.7609548466329974,15.701859580234672
266,-62.231941144947136,-47.05052799550175,8.901131295977164,-62.38703634551068,-46.70534147759031,9.14909868472232,-1.3033881163789534,-3.011762827029792,14.946428123890467,-2.01941687681076,-2.640387427690671,15.805714324339249
267,-62.64342876101888,-46.848429694831005,8.934672641715547,-62.79585606314034,-46.50243529020854,9.184458972883618,-1.4621003278442446,-2.7957208918696987,15.005555544822206,-2.328688136429626,-2.6525795232528453,15.812534075247616
268,-63.047731474461095,-46.64573103312338,8.978788685912575,-63.198363647636604,-46.297777379265696,9.226141770831475,-2.0397765505040457,-2.4353568097914247,15.04214741881881,-2.9326312224727817,-2.5786225120304596,15.82613815728961
269,-63.42652393592682,-46.43910661997136,9.032327606285389,-63.57091767280753,-46.09124678559561,9.27269940931081,-2.81001320448071,-2.2558021956688465,15.075541121305816,-3.6331957436918363,-2.550073473463555,15.865174014347925
270,-63.75116145979061,-46.210149028570676,9.091844591180248,-63.8847418854612,-45.86491561874461,9.321762795998449,-3.59607743895255,-2.3328474794962824,15.107080365226738,-4.259091252614744,-2.580573857033787,15.930288786367157
271,-64.00375361788768,-45.9490840765223,9.151088682235144,-64.12862375283822,-45.607740629012696,9.370677810625317,-4.319351965675227,-2.2649480465985325,15.139427507625157,-4.783467124504159,-2.4848966324775805,15.990883253507278
272,-64.17005341971208,-45.6717341588157,9.206614469150342,-64.29042840824498,-45.335483526347964,9.415374195583178,-4.882973130879627,-2.096286028088161,15.130763970156144,-5.186999064706962,-2.291883870663171,16.043319895057557
273,-64.24509525483307,-45.395470152570084,9.25677412916225,-64.36562805541983,-45.06048741547493,9.458167246770314,-5.445400645058478,-1.727003251961132,15.135595217451069,-5.4355542811078035,-2.123548055245861,16.072830225830657
274,-64.23909978353655,-45.16015969928166,9.292320890437171,-64.36311202225896,-44.81243831151903,9.487343423354748,-5.720171527573214,-1.3571723947018919,15.182921945580603,-5.590754428994199,-1.923487497295313,16.09295918840984
275,-64.18358041799445,-44.98341656903253,9.317080292640814,-64.30638405170455,-44.605209386720986,9.508960135713256,-5.87208653381537,-1.1865298189864821,15.218187180942548,-5.665317164340286,-1.7275925223919977,16.107160280728746
276,-64.10361884397496,-44.86054354667545,9.333639805209891,-64.2164362851383,-44.44729997617729,9.527661273789121,-5.921825276077098,-1.1370427629330808,15.233191644053715,-5.679321072267254,-1.5594906361478476,16.119969961340843
277,-64.01428302005212,-44.77721204406771,9.341248386393515,-64.11115766284077,-44.33007102629307,9.543275400795089,-5.866054558886875,-1.1211912474580332,15.224073034731653,-5.654612297832784,-1.4223217845937766,16.130723498490177
278,-63.926048209878836,-44.71473370130509,9.34408348023632,-64.00483760589823,-44.228706278390746,9.554720987875285,-5.81494798068669,-1.1211875265815385,15.211604797720812,-5.611883670297851,-1.3014569997484964,16.13895912955928
279,-63.84075441194171,-44.644448367588325,9.35038919626336,-63.9031180556344,-44.107807832170295,9.56924912622946,-5.7653137672474095,-1.114478099762985,15.200100225660975,-5.562540657236883,-1.1702844460156459,16.14577463262877
280,-63.76166393859653,-44.551442275856104,9.355758856418921,-63.810097556500274,-43.958623499360854,9.585885362743007,-5.552304292214524,-1.0296936426964278,15.196605007679363,-5.322342694125714,-1.022305989958503,16.149275779945985
281,-63.678500230560964,-44.43047217358416,9.363520389692297,-63.713388055623916,-43.78564271453219,9.600343351036418,-5.336903698676763,-0.927435980037948,15.197867544407828,-5.112591666706779,-0.8635440069643154,16.155657991498035
282,-63.57180219000553,-44.28909172042615,9.374783820808728,-63.590941339047276,-43.60733830142932,9.616193708017985,-5.102841423262434,-0.8240248585639861,15.204978491371769,-4.905104009576816,-0.7171462981966465,16.16663881877987
283,-63.42565118305048,-44.13003889450102,9.389435586603668,-63.42949435097231,-43.43247569533117,9.633942309711932,-4.961103121266208,-0.6558874482635059,15.213005649655583,-4.855333047405169,-0.48800932067856184,16.178005242435447
284,-63.235166848659965,-43.95223006151631,9.40109836795881,-63.23224972072723,-43.25892681462158,9.64315690078958,-4.84151679923024,-0.4330811290657824,15.224670731627883,-4.836337180907625,-0.2121350226194254,16.191907087110273
285,-63.01049326245647,-43.751914416411424,9.407391700593427,-63.01230160667434,-43.07513935664429,9.643060004104747,-4.789055794966322,-0.14811350662602712,15.217943479899958,-4.899758714527237,0.11038930069272102,16.177388852767724
286,-62.775602671718254,-43.52694718979787,9.400252148353669,-62.78836202572535,-42.867844647428846,9.631871545593059,-4.77983632010827,0.13288156497533138,15.21700966984745,-4.978986945487772,0.3859482945057461,16.176039085561694
287,-62.55123293311177,-43.271162987920746,9.383600300043351,-62.579220839116395,-42.63164883258114,9.614234861093513,-5.022229529102046,0.4687716168574048,15.219911555452457,-5.1648087865341985,0.6683931615035875,16.17957883664158
288,-62.35731393410673,-42.98399937828816,9.362344207328366,-62.399824006310176,-42.36678720262996,9.593922321083046,-5.342169443995984,0.6489783570395053,15.228873117801234,-5.366218381334258,0.7420918467022187,16.194218625940813
289,-62.19069947485421,-42.66741376857752,9.33319862016324,-62.243456515492156,-42.07776009339123,9.570403089951338,-5.7179836534476784,0.9408184459250583,15.249936948142157,-5.560143664521766,1.0275412854133967,16.228355737912434
290,-62.03898305212385,-42.33285175770071,9.297422190462031,-62.09681065043476,-41.77053770904104,9.545493964480965,-6.149370311519811,1.0972073156937794,15.275139916520537,-5.945941847680032,1.181250159127415,16.266316310839898
291,-61.88282045627978,-41.995092251784456,9.261347389403094,-61.94385518831754,-41.45471412052147,9.518650632331948,-6.4892349806833405,1.3302792261042045,15.305607519417089,-6.204186551049609,1.4855760253371753,16.305145684372206
292,-61.707755201103616,-41.66736840013873,9.228178944168164,-61.77395667085799,-41.14023490800758,9.494504514569584,-6.804724677337293,1.4676225315991993,15.35650862959631,-6.503647992979204,1.6417939041778207,16.336431713809922
293,-61.508560151149915,-41.3513057605131,9.198219954539445,-61.58222571899343,-40.8293016401575,9.472167125745175,-7.069508435064676,1.5898544770694056,15.41007795175808,-6.701834801317093,1.7469691291977518,16.375464574556176
294,-61.29035952130656,-41.039261720255915,9.172556329118855,-61.373640402173436,-40.52020074656355,9.452546023262151,-7.274946916754498,1.7575689911166275,15.462720233252304,-6.891819371503289,1.9355237981989666,16.40950957954594
295,-61.05721711811606,-40.724024028037064,9.1505394336181,-61.15188249462242,-40.20929480609281,9.434816915337514,-7.348225209883066,2.0444043899213677,15.514097585720314,-6.8842712554750465,2.1194491296443925,16.44783591869725
296,-60.82571157155141,-40.399060190863835,9.135237039730786,-60.93026748460574,-39.89041075936143,9.423204345467601,-7.529928216440093,2.1072347699283296,15.547492713923218,-7.029241956908169,2.2012066828625234,16.477057439954912
297,-60.60656494153827,-40.05769116379997,9.127348685584229,-60.717834533211274,-39.55725619411138,9.416848833280584,-7.443031816442225,2.0828454425017457,15.573544745541218,-6.989150691822267,2.1114336527086137,16.503984246179982
298,-60.40514333691148,-39.704654004314534,9.12710213692095,-60.51990834527359,-39.21300998664843,9.41459783030042,-7.404207958010582,1.9504646255880589,15.585131776860749,-6.957900876103558,2.0636641896849657,16.511913672324365
299,-60.21772180524864,-39.34183628746134,9.130969570099387,-60.33590810517305,-38.86055645730817,9.415856319251626,-7.437877826296424,1.8584813949340686,15.605899628287315,-7.143140080585704,1.984579138495141,16.53226318211951
300,-60.03432539255461,-38.97072217485956,9.140167197664862,-60.15314586129891,-38.49812457868899,9.420972614748466,-7.381274005804347,1.58701518087661,15.622237291305089,-7.130735711029987,1.6374312997203493,16.555450685864514
301,-59.84470774163844,-38.59810810995202,9.153475554867368,-59.965940633230844,-38.132271220727624,9.428455596991677,-7.266050760943412,1.374009292268186,15.624071356172129,-7.085448633727543,1.533184383910642,16.555196679376095
302,-59.64043662056566,-38.230328342574516,9.166232924363202,-59.76571470853931,-37.76892035255147,9.433287478000109,-7.237358936470109,1.2907752419300142,15.633982062054063,-7.013175392193665,1.6839686580473037,16.575379217761935
303,-59.42821006820038,-37.86218213145155,9.177056538894261,-59.557799946120035,-37.40162518904091,9.437033214540048,-7.242308594099655,1.2764432286095495,15.637430122872217,-7.1400789396109525,1.8211079134231265,16.583054815227797
304,-59.214500050697765,-37.49358291226254,9.18813727150335,-59.34764685083263,-37.03554100539236,9.442153851874385,-7.314408855798733,0.9794710024766227,15.65364346024317,-7.170390797473825,1.3919303166552113,16.61129241194598
305,-59.000564469062205,-37.12182918526877,9.194768290094872,-59.13756340154904,-36.667804852207986,9.444258274423472,-7.147725305520129,0.5013959256997637,15.65569037078312,-6.864025367957054,0.8172567736364611,16.600030735772986
306,-58.790334916430936,-36.743384728633394,9.19950715339693,-58.93276236381043,-36.29566892636687,9.445940664948807,-6.872692598699098,0.043996609495042305,15.63609185650371,-6.68294048797941,0.3532296932529424,16.57523979084914
307,-58.58610440468811,-36.36400661988766,9.197806812642312,-58.72980307261487,-35.92309391705675,9.443144461899314,-6.757468177611542,-0.16469387416657202,15.647759463108576,-6.620483412349489,0.04037815896227548,16.60611772230092
308,-58.38780607894506,-35.98525000787092,9.193644799698824,-58.531149615327415,-35.55154545093135,9.43977630430367,-6.662293887071648,-0.4916908919474914,15.66312850402369,-6.554756016869692,-0.20533012220247318,16.614972470126013
309,-58.19187937663525,-35.602985240189824,9.192038512057994,-58.33445606864947,-35.17573529226506,9.440585906414102,-6.610419035579601,-0.963909309663749,15.644240373385323,-6.524731579420181,-0.37046881074644666,16.59887911537899
310,-57.992844246304294,-35.22810697027751,9.19142217603989,-58.13393552593577,-34.80355196929113,9.441938931561113,-6.254807244002872,-1.4769254093147475,15.619983192295276,-6.260101217255071,-0.5409959794089101,16.569554079128373
311,-57.79174766140492,-34.85920743771789,9.192140556733497,-57.932331633501484,-34.43733463279643,9.444327087388016,-5.958769562962358,-1.3588086817621459,15.6106812174283,-6.04718006243228,-0.33348629457567636,16.5893388083686
312,-57.58689166646927,-34.49218034967926,9.192261352001562,-57.72622814119983,-34.070751649646795,9.445270047659228,-5.874359590785014,-1.038678931576287,15.660640730023585,-5.839197436268294,-0.11128278048696469,16.653485227363976
313,-57.38124422417927,-34.12223659400104,9.194439260982797,-57.518863354341775,-33.698015560470516,9.448285998500538,-7.795307288881688,-1.9011226109422397,15.799362452800262,-8.548173767904874,-1.5962817634647437,16.813503256843333
314,-57.183026609941976,-33.75073604286027,9.197808302206829,-57.32004721943731,-33.32450291199485,9.452378161657698,-9.592051027707642,-2.724478449430247,15.901485742240862,-10.627945005774876,-2.6643266950235915,16.937362346811778
315,-56.992985631072514,-33.37211042121832,9.200655821602114,-57.129581368865146,-32.94566265985054,9.454937327410395,-11.306596232730946,-3.6271407712890253,16.000936795093654,-12.173415585943086,-3.601891775585375,17.01572626527627
316,-56.80839073478777,-32.990834207641115,9.20038597903929,-56.94642195243404,-32.56187899805984,9.452063119292387,-12.952354791402014,-4.547285473185103,16.102354332452343,-13.343077694216243,-4.324261468529018,17.06300700893576
317,-56.61832369050139,-32.60828609354318,9.198745918029225,-56.758457673385124,-32.17808718859495,9.44704082530528,-14.658417665681128,-5.264315489201665,16.194333609371686,-14.113298874842592,-4.6670326006946325,17.07995170560661
318,-56.4215300101418,-32.230171749339625,9.193073112375561,-56.56525576410033,-31.80270889671503,9.439087571366574,-16.436331977244937,-6.0340097450661085,16.256179277565362,-14.821716914207437,-4.7067325435826595,17.0971839294268
319,-56.21986443493938,-31.856226957088765,9.179557591917868,-56.36634843085063,-31.431236672158807,9.424188880025229,-18.191215716129673,-6.882962739766725,16.321164349303945,-15.304674046216277,-4.827691572190417,17.1393649829527
320,-56.01713831867014,-31.485214892240307,9.161453622938032,-56.163500976096735,-31.05832585097315,9.406931190676987,-17.850934842630053,-6.620262648863175,16.329529399087175,-15.61663660840737,-5.0486445705851395,17.216089606989367
321,-55.811560170842824,-31.109062835233416,9.142235241777218,-55.95743735902658,-30.680882692321994,9.391640547975443,-17.645477272022912,-6.413244127111112,16.334036386422802,-15.991077479873567,-5.144241642849754,17.259230762314527
322,-55.607038782919965,-30.7280952413348,9.123979104624983,-55.750420044844915,-30.299540436774823,9.382254441283317,-17.553966320089682,-6.104462711558887,16.353696101315744,-16.362064108160016,-5.125778416174117,17.294487651200974
323,-55.40620902421756,-30.34545989008443,9.113238806530534,-55.547342242034986,-29.91751249229191,9.380637435931465,-17.545619458089387,-5.790033132919261,16.39152086726257,-16.70764873726863,-5.0575674897926595,17.338399076900725
324,-55.20607615164705,-29.96270667632725,9.111958273142282,-55.34488086999895,-29.533840320748325,9.387689375879607,-17.574245447155768,-5.603287043477084,16.474863386313412,-16.854370956662642,-4.96932711994447,17.420307850618922
325,-55.00563221671584,-29.578539605715246,9.11842425050223,-55.14404374935274,-29.154734483862484,9.398973588469373,-17.469250131738086,-5.59227538691661,16.573977025677134,-16.86929936277122,-4.9236906863173555,17.50958857877886
326,-54.80813240994066,-29.19517132987407,9.130465710949009,-54.94714021765211,-28.778904265910402,9.410943842206082,-17.55522553776035,-5.562123744615173,16.646765157144223,-17.062380504316977,-4.959449742665246,17.56865000723779
327,-54.61492476798598,-28.813053812006853,9.147689655380175,-54.75604636518615,-28.400271011048282,9.421278233324145,-17.70709060278131,-5.272234800108651,16.69442327005781,-17.22672897428647,-4.74808072943082,17.62520925031972
328,-54.42264398720918,-28.433762759075318,9.174710686001738,-54.56602271214762,-28.020616222018273,9.437205395003575,-17.737568861063583,-4.9912925773638985,16.755356309555427,-17.316133126563564,-4.518904352196579,17.67330192789677
329,-54.22754580223736,-28.0561979792287,9.197604512919373,-54.37438371957921,-27.640873909893116,9.449902662599424,-17.704905443867506,-4.846166123403221,16.824936636394067,-17.37553637958262,-4.433723981122041,17.725267048039974
330,-54.03069500866959,-27.682053925998815,9.210313959093092,-54.18015046759654,-27.26124640751491,9.45212959703697,-17.549452124551873,-4.54342434864152,16.855488713005553,-17.302766944965462,-4.086895356382471,17.72723419103083
331,-53.83074070643716,-27.308886428727554,9.217840635571646,-53.98195778905139,-26.88093358328751,9.451834292163326,-17.38234136132788,-4.10880625778484,16.844064370409505,-17.100815248296907,-3.5875440992334404,17.714033589654356
332,-53.623563216076086,-26.938904806359503,9.213512764479251,-53.77526000446523,-26.508727623827447,9.442269463679418,-17.395754554186404,-3.7436222284828133,16.80862620321261,-17.09518825005477,-3.311063262738701,17.69341034689691
333,-53.41686477333452,-26.56722225066863,9.199582084097727,-53.56854291416817,-26.13951725651996,9.42688282179671,-17.218828605109405,-3.466190313097818,16.815972932514565,-17.01214063925692,-3.2740510896657486,17.724400988176324
334,-53.20903817119593,-26.193518016821827,9.17690703467343,-53.358426311274776,-25.76575195701301,9.40425188450353,-16.936863600203992,-3.3105426966709577,16.832090957410905,-16.79293284843594,-3.1714891488020474,17.774201671192216
335,-53.003341363774176,-25.813396396906068,9.144531227433337,-53.14906387796646,-25.387521187960537,9.378796195082751,-16.759272699462052,-3.167214481770855,16.856411186391842,-16.71598865119155,-3.052867439696591,17.82707730802406
336,-52.8060855763905,-25.428281007466527,9.112827521766343,-52.94876426307863,-25.00562660796867,9.362683667788101,-16.550122023685244,-2.6307384492865573,16.883718264876133,-16.598139347157844,-2.512534545860346,17.88665767845137
337,-52.61668711136043,-25.04250314534342,9.088263319794946,-52.755712022186394,-24.619839973523398,9.352947109051895,-16.504785028911954,-2.3444135631421323,16.945955366485606,-16.609136928144952,-2.152959925568094,17.947505849112726
338,-52.429045210871415,-24.655051968464488,9.07432381823577,-52.56622601078281,-24.23251167676555,9.35165450481828,-16.54126826329783,-2.1462476074898036,17.01973552256936,-16.599958237740044,-1.7635757423360146,17.989870119820438
339,-52.242938309664446,-24.267431801729693,9.072655096741217,-52.38081364071513,-23.84756550418216,9.357526196180077,-16.50821916953645,-1.6660422340872199,17.096677662222117,-16.653615949165136,-1.1866519669836675,18.020140811491242
340,-52.05014858079435,-23.8779283517202,9.080573739493344,-52.19216536110513,-23.46020029916975,9.368595661273543,-16.489559933391607,-1.0484611280616356,17.146098941352847,-16.629502847894145,-0.7098186276823533,18.05622457252535
341,-51.848800072090945,-23.494514065272195,9.098111786960322,-51.99407378461168,-23.075323740069752,9.38219018572595,-16.66374619705595,-0.6256993801950967,17.17014444866992,-16.741836924629506,-0.5200961201397365,18.074098887389265
342,-51.63628334558293,-23.115368386221448,9.125965486043972,-51.783128033225914,-22.694142282578692,9.39960888435263,-16.647635706353313,-0.1403362566912334,17.18201198461811,-16.675548480160487,-0.2521100775314767,18.081988837611508
343,-51.42230746982515,-22.736226804486357,9.15587447326963,-51.569270199796165,-22.31375615763763,9.419269340308896,-16.65280728790397,0.12561618413468673,17.201178068967824,-16.584244808853338,0.09764821439921345,18.113737166823245
344,-51.21894378638461,-22.354200649679864,9.185191187563728,-51.36509894584586,-21.930827730626863,9.438743709374691,-16.570406421925988,0.33043033230606644,17.21465977359539,-16.483694296612803,0.22286759960833058,18.147226460127257
345,-51.02414687782437,-21.961212631404766,9.202996750844981,-51.16999812960783,-21.53883010651503,9.444180326967572,-16.56861017702705,0.3782263257870927,17.238907650801607,-16.48902013033039,0.20121386219799398,18.182751789026508
346,-50.83621649754535,-21.566146946551783,9.206983115566544,-50.9840623715292,-21.1478456612044,9.436524025059462,-16.533808754583326,0.2675654677521895,17.281609038513494,-16.506074496523315,0.22812671835226836,18.236602740547593
347,-50.646297830372184,-21.17393004530209,9.19674055480032,-50.7958300315502,-20.757239207870533,9.418509216976366,-16.530208397004376,0.07481842726379234,17.365117613935688,-16.49846692117542,0.1492863404823281,18.348348666218087
348,-50.44941832186004,-20.78311985310523,9.180584382209467,-50.60066849521268,-20.36751893038025,9.399482337984752,-16.724615163943824,-0.1450731296132207,17.50647875717669,-16.90537143984609,-0.14203919619462882,18.50573784988168
349,-50.24916623169932,-20.39368878853691,9.154656452001134,-50.399945307741596,-19.97691773417659,9.376636501503524,-16.79200235183464,-0.2488131866779335,17.6334917934614,-16.901808648968267,-0.0952347767597235,18.606974712653177
350,-50.04402050670121,-20.00070224065011,9.114361432187044,-50.19159122094287,-19.58172981391243,9.346640260086387,-16.721258909273125,-0.4148518000465068,17.777077866326817,-16.670226549539198,-0.010076009181482354,18.73710088590085
351,-49.83957366434408,-19.600675890610123,9.075185363743119,-49.983317910298965,-19.178911473035885,9.329678555467307,-16.575478845880227,-0.47181215347574024,17.939991109322158,-16.348169007459976,0.05526971015938392,18.87498190564933
352,-49.6411030272603,-19.19461886801336,9.048109442461069,-49.78343288331145,-18.772900546856295,9.32203253411405,-16.52450515459871,-0.5314914046620243,18.13796035061938,-16.309158491313465,-0.0197826482421114,19.041494996216834
353,-49.455450650024794,-18.78382264046129,9.035453604419297,-49.59823158600527,-18.36746421785001,9.322300703766594,-16.50029333862352,-0.5543457439335573,18.317959841992426,-16.330445999280673,0.014481916331072243,19.17513008861046
354,-49.279788003629974,-18.370045163279148,9.036063376818097,-49.42316805963866,-17.959855612389152,9.329439964674688,-16.45336455113022,-0.3793911102391858,18.459399897788693,-16.291282697412665,0.21874559814208444,19.29845598553659
355,-49.10482942576754,-17.956185580134807,9.049635515628337,-49.25210672308957,-17.55432647772498,9.345550393292609,-16.08620832291595,0.04825046130750632,18.554657732083257,-16.201514599347657,0.4785110160057314,19.402073419992558
356,-48.92181274023685,-17.551076628522097,9.078031840762945,-49.073464170356694,-17.15560406168771,9.367796032985229,-15.847735267032085,0.13771305111470158,18.67802346078215,-16.006922271013668,0.5198678211513698,19.496162549642143
357,-48.7283627632146,-17.158516156490577,9.119563620020694,-48.88155427260636,-16.764580622073982,9.393135222455625,-15.709875955265959,0.24705907618036715,18.755909837902035,-15.76926322125396,0.6452333315713938,19.55684557099019
358,-48.52262340801377,-16.778451307060806,9.147814523869904,-48.67506832627702,-16.378322070938893,9.404677180819265,-15.511055823877973,0.20300707485243527,18.82156569374442,-15.357598784064923,0.5255107471909792,19.621959748340064
359,-48.31170656477294,-16.403416850575756,9.164549163367207,-48.46398142312191,-15.997935913136741,9.405452679405846,-15.148400178440596,0.36038913560297664,18.84463587879819,-15.022276064690393,0.58568501098952,19.670604549127408
360,-48.10761588391742,-16.02647981070384,9.172464216927015,-48.261906106668405,-15.617391741547697,9.400905522729165,-14.585582692448236,0.5634387567931063,18.871325594322496,-14.52140497326558,0.7919493728911018,19.714432834073687
361,-47.90838259027554,-15.647322311353804,9.17040463389276,-48.06343233797303,-15.234544701746378,9.39116690010656,-14.315355083026933,0.49420168312670026,18.936415574878595,-14.45770221086347,0.7463930310014805,19.821194878923244
362,-47.70794940218618,-15.265184117192106,9.158096069589586,-47.86338033089894,-14.848712421303283,9.377830694667951,-14.17889355852649,0.35314497384007093,19.040065466635326,-14.524809276575104,0.7009718076248971,19.96545993034225
363,-47.50226415340671,-14.88135520452715,9.134322794746655,-47.65612737918867,-14.46379691718448,9.36050524231884,-14.122436979038067,0.34913975869107416,19.178833037590987,-14.586057713381523,0.6842494956587677,20.14031394806421
364,-47.28775855860768,-14.498917509187173,9.097478857132693,-47.436926984546396,-14.08067496417056,9.337338966903202,-14.156042049867676,0.1399870160685401,19.372790846452272,-14.67182868359673,0.4764343963425972,20.343670979514314
365,-47.070980173657226,-14.117727360775612,9.061077225456097,-47.21468072648537,-13.697688342974345,9.312530997038197,-14.290902887514587,0.0671677276128632,19.596944753197157,-14.675521413434817,0.2769017709191788,20.56493886651201
366,-46.85906256246823,-13.731891938284814,9.028583474614935,-46.99783729437466,-13.313755603642583,9.288546214225754,-14.421179946643255,-0.11615665497999718,19.821671206779893,-14.659832134147049,0.12722984092288425,20.74193114524364
367,-46.64985225993785,-13.341962488613095,9.003499094660533,-46.78715436896528,-12.92869580847727,9.2721400776096,-14.623402209510244,-0.3995628636530155,20.046761865304212,-14.517442817765662,0.02557451590922076,20.884969599816497
368,-46.44703028679801,-12.947435804026581,8.98746403551509,-46.585294176253385,-12.538330074431784,9.265420877300853,-14.731569853917003,-0.5672880978013618,20.21713886455566,-14.612300178963537,-0.10061787442253252,20.99565843075404
369,-46.24379280504381,-12.549553358858612,8.97728828365534,-46.38400212684753,-12.141479341548461,9.261735676389577,-14.780122115751785,-0.3186562358642298,20.333972996598025,-14.723120131821924,0.3708344736217087,21.06839856532028
370,-46.040024277260244,-12.153761721217482,8.979485300815169,-46.18344644768329,-11.747381567957941,9.268564939720441,-15.075164953574573,-0.3104160845351211,20.428905097893022,-15.163903718986916,0.4305833916883079,21.15456692499039
371,-45.832424731573695,-11.759285137125412,8.991538888731135,-45.978262758144396,-11.350716701419499,9.280825438130087,-15.300740007663117,-0.210493340926446,20.48435496813725,-15.447272728335514,0.4084359010489606,21.232861957089504
372,-45.6162173964438,-11.372282414832409,9.010605672499906,-45.76455697541038,-10.961030591248385,9.293753678999275,-15.632197021232127,-0.1881973478936228,20.494250272000016,-15.759996248055288,0.24876497201277853,21.2905663457572
373,-45.39125562666426,-10.98850683337368,9.04005936784773,-45.54129386237313,-10.57658575529384,9.312224269901062,-15.91044263891073,-0.10686716651120487,20.513281641696498,-15.921829559959816,0.2084931256970435,21.348033833313817
374,-45.16506501708091,-10.601777652364438,9.071511818743225,-45.315840861926546,-10.191227163360647,9.333904942143766,-16.30892934407487,-0.08885342358991155,20.5438743666145,-16.092827002962377,0.09785519335585112,21.41045757357509
375,-44.94361049180707,-10.212121296243048,9.096070519217047,-45.095077082404345,-9.804056169329282,9.348191129518701,-16.523068808109677,-0.021828352324155614,20.58000611973743,-16.184146029141935,0.045431185247116375,21.465916680150706
376,-44.73062703908987,-9.82114751504785,9.115779622485242,-44.88083693807072,-9.414687475008192,9.35488081856857,-16.62079059477044,-0.36926081724987314,20.62815368151773,-16.101623021525526,-0.0005176873646964356,21.51676631807821
377,-44.52641827728253,-9.426890724915147,9.122298529801183,-44.67549080734949,-9.023311157333213,9.351903847581987,-16.513097984661968,-0.4283128962106932,20.69015669255055,-16.11859000121315,0.06184542917102104,21.602142456550165
378,-44.330028020421196,-9.030866485671122,9.11929517394268,-44.478789662910835,-8.627759310794293,9.344462113355311,-16.401176731958174,-0.4232383081614632,20.769182757175894,-16.057408347924056,0.12464233167185804,21.702801426566246
379,-44.13316017107592,-8.632664132005452,9.114274510559364,-44.28084303454524,-8.229353542903397,9.339117498296497,-16.269633523692516,-0.3115999615463027,20.873885005158083,-16.060930570406203,0.17216454611774687,21.81185372019904
380,-43.933518403070764,-8.237862400590316,9.104282812663127,-44.079322587012406,-7.8362613644926995,9.335910402156717,-16.16153152585998,-0.2990430470546696,21.00246914902619,-16.011590179739162,0.15954750496478057,21.944296547758675
381,-43.726532662299604,-7.849209894842534,9.089227459123482,-43.87088501176349,-7.447593156496941,9.334996633102767,-16.147819398694296,-0.2802999273327846,21.152676521090633,-16.14208690428888,0.07767946204945203,22.09721113949924
382,-43.516415979498674,-7.460382185731989,9.081384105744409,-43.660934496855255,-7.056402285937685,9.339853206250204,-16.232400261017492,-0.14145436962235336,21.318960218378034,-16.34091184321508,0.2201265880459165,22.24856032308608
383,-43.30792304147887,-7.071761885401849,9.08168344812049,-43.45326442805228,-6.665599453977744,9.348482609545192,-16.25640727481435,0.1540622394839105,21.494341172166653,-16.25978534618017,0.5543340052126972,22.38929005713066
384,-43.1013557817832,-6.682232947191718,9.089415867133,-43.249342224329695,-6.276291964589079,9.3579632269889,-16.18004043287758,0.2501704893407983,21.673169762066003,-16.138560559454106,0.6398502304140948,22.550650884974473
385,-42.89468829690843,-6.2905725192462025,9.104355658061113,-43.04616192016879,-5.88371357130294,9.370518432615455,-16.249164334071196,0.37674802267185625,21.8211831872695,-16.169363201710745,0.7638819769513601,22.668275459690015
386,-42.68999727848013,-5.904520961091882,9.123861731707988,-42.84277852757283,-5.495087212284558,9.385592417634864,-16.15956555186425,0.2853367505535042,22.00428706898668,-16.024397594146045,0.5564062604016163,22.840618439296712
387,-42.48320642581362,-5.517223340846492,9.147804562598509,-42.63577093781075,-5.108831633025935,9.403588066125652,-16.170569638643776,0.18574369730092194,22.20106942448223,-15.99753490233194,0.32751650458059434,23.042502638067095
388,-42.283060849456476,-5.1306811995422335,9.173396241181667,-42.43468849171652,-4.725597870027782,9.423139235739765,-16.05941679889495,0.12177461740919387,22.407821013545828,-15.97432883794841,0.12294540781491534,23.26482233396744
389,-42.08752434834396,-4.747608564170876,9.198170364407737,-42.237462806232266,-4.342921363498577,9.443272059888926,-15.821569886055421,-0.055163605045329606,22.59522847084444,-15.876155533371104,0.005264985518309298,23.444516679294757
390,-41.894664729790144,-4.3645267652503765,9.217786593822451,-42.0443233830969,-3.9591612279191897,9.457275576404687,-15.809045908060119,-0.4472755127378145,22.764796951485355,-15.877319278088283,-0.1633533434684769,23.584767387455003
391,-41.705345649974035,-3.9871413158826288,9.231882193722953,-41.85770164290839,-3.581859860096203,9.46542282725522,-15.870460779926441,-0.8144631701442755,22.925216478930484,-15.921456439686658,-0.44755728284615903,23.732913214286377
392,-41.5155754860266,-3.608588009619769,9.242043407618322,-41.66804059924224,-3.198751847776222,9.471327930800614,-15.946733912916553,-1.0025815399089804,23.071876670007004,-16.10416411180048,-0.3699904131963961,23.820259532654816
393,-41.31950751543774,-3.229271532374728,9.250286400774549,-41.470028123747404,-2.812152099103673,9.478513575876509,-16.074142366409507,-0.9218650918933593,23.172285886751915,-16.14978428236309,-0.23886869995148088,23.9040855588133
394,-41.1206361826364,-2.8530208616752653,9.251707533356658,-41.26733599046416,-2.4315069454313103,9.481178663287077,-16.32894251309614,-0.8452341028234623,23.20772048505443,-16.45310963414992,-0.203017384145497,23.941991999093943
395,-40.92102129012214,-2.4742403720729955,9.245235916932035,-41.06371622761505,-2.051148427005572,9.478561688277615,-16.446127876209243,-0.8337674707226004,23.185985968887007,-16.502438872320226,-0.28730694026746617,23.953228367236147
396,-40.72413554961791,-2.0859270217173016,9.233147400489171,-40.86155585686983,-1.6620212226557407,9.473197396386404,-16.54684632865322,-0.916120326130503,23.159820033711263,-16.43872209845762,-0.4390212260317875,23.95842835279106
397,-40.53206388317137,-1.6902480442442862,9.227585642981065,-40.6661179156805,-1.267001838276693,9.473131190900647,-16.412423356510008,-0.7726037717849976,23.116799045266266,-16.138350133926412,-0.31400600743733265,23.935201470658548
398,-40.34070518547151,-1.3018567148811782,9.228360440880518,-40.47791156732165,-0.8880791429300543,9.478311231022172,-16.772227425049937,-0.8089285157354592,23.040665636925386,-16.630815016657404,-0.6153800739696524,23.905510738560235
399,-40.135416235307275,-0.9456137911808722,9.232536830054244,-40.28075837291599,-0.5441229934552373,9.487632619780292,-17.021002350783636,-1.015080024682271,22.991286505615573,-17.014277834176806,-0.7900961564197768,23.889584351056982
400,-39.89998712618884,-0.6494827964208718,9.244056569015934,-40.054950953135325,-0.2558771819751404,9.504611563525838,-17.352068349449446,-1.1912056903764703,22.933668343133757,-17.306554535546702,-0.8469175762916203,23.88097446282975
401,-39.626618607631826,-0.43310688457897906,9.265341831350115,-39.79308608474766,-0.04764601881936531,9.527084969951112,-17.494315180984547,-1.2984516531291144,22.89667261787284,-17.513204478052582,-0.8169839641252907,23.874184794744327
402,-39.338923515672526,-0.314752294662252,9.287694946106539,-39.51375463180602,0.06603513461844748,9.546301913409055,-17.779933390161865,-1.1801406222064197,22.876017523840982,-17.747134753474153,-0.6974938249939534,23.871913314252925
403,-39.073580698647525,-0.2892370666304482,9.31029648588243,-39.24514965311083,0.09157390368289453,9.563800988927586,-18.177288584844206,-0.8139269779473226,22.876755769192666,-18.120962614109157,-0.4397069633942842,23.891564336501936
404,-39.28948373158048,-0.2507938830009182,9.322955139352626,-39.48159690946728,0.13162682795552624,9.569075435632037,-17.65429617977174,-1.351566692518934,22.909237472197063,-17.89297975476702,-0.6997271797900326,23.919306446966175
405,-39.12545865316465,-0.3232742811770381,9.329117974289302,-39.28896418921623,0.05192819275412171,9.567918235538434,-17.66977326143532,-1.1935850837356905,22.939811989975876,-18.022073153493928,-0.4766635980364857,23.93472701797505
406,-39.00383864339574,-0.4167740239549269,9.330124552084468,-39.13722093928295,-0.05188581282775981,9.56530252950874,-17.68772909843328,-1.028808764544145,22.959741917973336,-18.086889510496302,-0.2978432003542252,23.938450641351427
407,-38.92223753480272,-0.5204485812797673,9.324106560635444,-39.02068804717056,-0.1696282252322256,9.560593017233142,-17.701027160575755,-0.8535454098694755,22.97096171731012,-18.106897947333,-0.16081516028098278,23.936517367854748
408,-38.856653568796396,-0.6215900432258261,9.31075079693155,-38.915671637885936,-0.2890151323760529,9.550436046021169,-17.711851187393933,-0.666394250730202,22.97880286850583,-18.10222440649164,-0.05953909529040409,23.93136399845821
409,-38.77657954579416,-0.7186834118538826,9.292959203061084,-38.78968442457601,-0.40568674827048345,9.535980626200082,-17.701543988592213,-0.5628329379384192,22.980656497909578,-18.05746440249162,0.0006182716710018549,23.922303446627183
410,-38.669227768021884,-0.8138775246518573,9.270031619110545,-38.6339349382656,-0.5195988032574356,9.521571407238113,-17.308013148559503,-0.33552447597437424,22.966178219892967,-17.552379057211482,0.45975091536942986,23.914035186503074
411,-38.53202669565679,-0.9184582042241416,9.252625453921674,-38.45499963215237,-0.6436283288924322,9.512819220343655,-16.964256809894884,-0.37149656843487566,22.93983136870941,-17.20852000497187,0.44453858313165123,23.897704229839423
412,-38.36687309932529,-1.0497772787258715,9.238886970696877,-38.26431652991016,-0.7961560868563369,9.506023853638181,-16.68958235622222,-0.47041195093138993,22.9143851993325,-17.02170926045711,0.34014094473922063,23.881520397710283
413,-38.1756833464324,-1.2145135706426147,9.226633970229843,-38.06727947827543,-0.977544659252647,9.49867682793567,-16.483322664467362,-0.5361170197339303,22.89668734742684,-16.96255410360132,0.3042439423417907,23.874893293335084
414,-37.959902035629135,-1.4111242964023079,9.21632586281925,-37.86496028324927,-1.1803557926082686,9.492009933273614,-16.22023685583194,-0.7615417032716405,22.878028012377637,-16.826955139057326,0.0495869238231309,23.86291031980686
415,-37.71339386369532,-1.633221907934484,9.210211713617074,-37.642192324981394,-1.3983969973710724,9.487542784947529,-15.951659521245643,-0.8160150662496268,22.867901647602803,-16.70158481287597,0.07551525501700337,23.85955274051058
416,-37.44033895682511,-1.866355526784429,9.209349619144248,-37.394144764357115,-1.6222338462459143,9.48606073260316,-15.565594160472179,-0.7156195512828639,22.864538524100617,-16.402180930052612,0.2761184430112482,23.861290223997006
417,-37.14398957214896,-2.099558637421428,9.212499178888612,-37.12221332683285,-1.8427447351150723,9.486348840667851,-15.53095340350831,-0.9243830495108646,22.913292237859086,-16.13560701208143,0.3331292129994682,23.925065342843464
418,-36.829004211897455,-2.323753827125769,9.21425686343606,-36.83383506453329,-2.0510732022980327,9.486207161819255,-15.378493596376536,-0.8111204444461229,23.009487000673623,-15.86393715181937,0.47001772219114546,24.038757324668623
419,-36.4971042326136,-2.5348597078327675,9.216194405046013,-36.527858573253674,-2.2503852736224093,9.486378322454202,-15.284081796402669,-0.7719305494798492,23.095842736390676,-15.805336017631163,0.39553757742615003,24.11326349207714
420,-36.157027505601455,-2.7453289800041554,9.220211208514154,-36.2133714687794,-2.4505825244593127,9.488343899579123,-14.985068855066178,-0.7496092688624126,23.196183338138773,-15.5629600108469,0.35375377162827415,24.201532008492517
421,-35.8125706804253,-2.9632808224537146,9.22654592302187,-35.892051846128346,-2.657617155138579,9.492510186012954,-14.43453869091715,-0.44641571281927583,23.297473254255788,-14.88086354219909,0.515959380431006,24.26852842655675
422,-35.47369403355695,-3.187784051111223,9.234227816251822,-35.56907038992803,-2.8701268614168627,9.497964775271367,-13.792101235995332,-0.11233448865356443,23.357649218308648,-14.240636272805991,0.9212021436249944,24.266129697253266
423,-35.13977518240706,-3.4175378907736578,9.241547416918765,-35.243308004167005,-3.088844435123381,9.503434449165994,-13.292624478754561,-0.07440957079703484,23.385683101533257,-13.76156389499867,1.0433462274395406,24.223962800483054
424,-34.806761957498786,-3.6484877342105184,9.24963427031773,-34.91445246184943,-3.3107397163976233,9.510049344169836,-12.93494755786743,0.058106848566900765,23.345268106548744,-13.529280928242038,1.1630176005312163,24.157607956605617
425,-34.46614991178764,-3.8788402655227445,9.2578692496585,-34.581762324575124,-3.5333200811684162,9.516833113953968,-12.523116670111493,0.030927616947611366,23.227316028346323,-13.207945423463979,1.1119299021033078,24.059405886410882
426,-34.11622819351797,-4.102672044633294,9.264989663812381,-34.23923559976393,-3.7520082005021904,9.52276362379556,-11.993196730710048,0.05165538019587569,23.09795413117621,-12.940007600054994,0.9356382853934861,23.95152642612349
427,-33.75438092672079,-4.317013074172735,9.272829367703105,-33.88421004967708,-3.9651771409320826,9.529776149545162,-11.544400729424122,0.23032311710170722,22.92406670596818,-12.637611584574264,1.0190600912723122,23.830667741448046
428,-33.38602887503464,-4.520341966278824,9.282912430141794,-33.52160084182349,-4.169381215475855,9.539126904638445,-11.33067329746049,0.33299585225286005,22.73321212769297,-12.240302230802158,1.1878658778469922,23.706917618304626
429,-33.01328600383028,-4.71741795787913,9.294546454135379,-33.15642794691637,-4.366693704795819,9.55054317081147,-11.313796221373867,0.26767274848287403,22.575410661780285,-12.129324977785473,1.3782120073935569,23.59557315492576
430,-32.635342330681894,-4.912786631864983,9.307391989883376,-32.78451385288584,-4.561748318897094,9.562941819656187,-11.276679265859281,0.279110460262679,22.450843681279903,-12.0314737594262,1.4416448586016521,23.511110929776002
431,-32.25480890863752,-5.111359577483812,9.322376578027432,-32.40828136130992,-4.757376929407103,9.577099949108705,-11.269106692867512,0.3543721310454865,22.350232109680046,-12.149751549042312,1.5880849671393191,23.44524225534275
432,-31.873265828355308,-5.312007016174222,9.337812739436595,-32.0310725058568,-4.9538127156638305,9.591279944918448,-11.25418635652833,0.41590164379683264,22.277063515662093,-12.07973772694459,1.557082068246206,23.386098399233543
433,-31.492649980182822,-5.512960675135341,9.35364717797169,-31.65526453259831,-5.149080026061756,9.605854039588145,-11.146482512711964,0.6515134837647594,22.281164115352368,-11.871231562933277,1.636639703148523,23.419372594547553
434,-31.11560765343409,-5.715933377690491,9.370947024717314,-31.27928186976439,-5.348736309633401,9.62130164437503,-11.240678782349635,0.9130414901255137,22.32185714087756,-11.918111935275247,1.95840545477387,23.46255614789405
435,-30.73891138561687,-5.916911715044697,9.388629157788403,-30.90304719743305,-5.545986079091869,9.636651741369912,-11.45441473104001,1.0816876695858746,22.386810902277983,-11.96912820291877,2.1847363022933712,23.50294830200284
436,-30.355838258860963,-6.11703146088481,9.400927028380162,-30.522994030380005,-5.743183782695184,9.647314248279487,-11.427469661626878,0.9836204544370244,22.464560424643697,-11.877160688408306,2.038993742946504,23.54002370273079
437,-29.970944976519817,-6.314390340134734,9.410863332601584,-30.13960128137945,-5.939852314077845,9.654296353228093,-11.42190856715342,0.6949943885907918,22.538910292327163,-11.82258556664278,1.5649731331844459,23.5707404722285
438,-29.582846129312443,-6.512003491191349,9.423228376369178,-29.750728496669435,-6.13925367378418,9.664096439216737,-11.185527609998246,0.24079774102060553,22.616134867054352,-11.649308349326915,1.0524263218395187,23.60094047948902
439,-29.19560251726112,-6.713177314493503,9.432594544696252,-29.363706299272412,-6.342837906887856,9.671868638880664,-11.130808854108704,-0.0810000360374753,22.70900931173491,-11.60139621400081,0.6777784578171668,23.641768864912784
440,-28.804922129277724,-6.920950049411266,9.439367331151042,-28.97473315099731,-6.551642567177022,9.679080059596469,-11.203288014596762,-0.44863701460239375,22.75549998298406,-11.585551414911711,0.41573170871425646,23.691184169959865
441,-28.41511535046262,-7.129883949676264,9.445404734711015,-28.588120276181233,-6.761324737783199,9.687343710527047,-10.964903927438199,-1.0777635096040743,22.798232002997562,-11.344433544989332,0.10232891018086854,23.741491720734878
442,-28.026998992041918,-7.340035359328727,9.446803275589847,-28.20501090873592,-6.969254649346635,9.691298121064138,-10.868804049487057,-1.6216018681013171,22.85143481146356,-11.366091339834933,-0.05850612249900575,23.802981416129473
443,-27.638011624288595,-7.546001313083082,9.444589508581888,-27.82302149532708,-7.172756490611486,9.692673879022141,-10.87946203333057,-1.742878713024827,22.92458273683566,-11.410576828439188,0.07464406461516387,23.884990008185703
444,-27.246867437498157,-7.746475033129499,9.444728827540118,-27.435790900868152,-7.371883486736224,9.694097813213885,-10.45350533566755,-1.4979926968796986,22.95942749289182,-10.856922413602735,0.33449178468221735,23.892970218925065
445,-26.859751598553746,-7.940322944122712,9.444286012735182,-27.050071782938808,-7.56513666275368,9.693137810564284,-9.661782026712798,-1.1482078140467813,22.95776454708895,-9.766490271454575,0.5581346093625588,23.85513989402651
446,-26.4711538643163,-8.130946373153872,9.44236865664483,-26.661786178786738,-7.756019537696024,9.691035423715078,-8.82941632956562,-0.5720983476584984,22.925356565161824,-8.92350663180794,1.0828186595931655,23.79846401156556
447,-26.088597929223383,-8.31854164027803,9.437749666348255,-26.27777109746647,-7.944550051358782,9.687334793259689,-7.759802035149065,0.07106577944538017,22.85364110627972,-7.938286939929443,1.6333678847192261,23.715451435919174
448,-25.707902156171087,-8.508572073410598,9.432415090542301,-25.893625571293498,-8.134561362273407,9.685207197578036,-6.799496504882734,0.6364791480451519,22.7386675555953,-7.070910262769168,1.8764918921096787,23.600841206804162
449,-25.327953561904664,-8.701659809390481,9.427419293582826,-25.512220306713797,-8.325855191875322,9.682798335465252,-5.987444929944347,1.23488373454388,22.616400036940288,-6.811486922291983,2.201432330237315,23.51871607448849
450,-24.95184007023569,-8.891377209601915,9.423007491099035,-25.136849275784346,-8.512236238320357,9.681618937341327,-5.211651925760674,1.47738798824545,22.487893933874563,-6.68814810315131,2.2312191596204727,23.47491696036881
451,-24.57714573704272,-9.083112488900655,9.418247915091001,-24.75992951037148,-8.702572657274183,9.67984884971933,-4.675180871378057,1.5152756924321502,22.42258580401162,-6.341459445465195,2.1286008740243623,23.476448904443274
452,-24.21316162068661,-9.271821706949135,9.415605953685294,-24.394145430955657,-8.891796019259935,9.678196853105435,-4.572340460504864,1.7575892554741603,22.411655581766453,-6.014256155183202,2.333619455549974,23.50796049866018
453,-23.851437171166072,-9.458613055264186,9.415075950973641,-24.03080935970937,-9.081396178099622,9.679400143030964,-4.436697003967812,1.9721436450645617,22.437230689447762,-5.724896705740425,2.793371599571164,23.55567798903028
454,-23.486823722105814,-9.640538770950448,9.415815300376748,-23.66677849504594,-9.266280408742109,9.680378519999858,-4.510257729946612,2.1449014998078413,22.513712835618144,-5.470410931894834,3.227633598736234,23.62734685340103
455,-23.12926689642398,-9.811860685370496,9.414829559188735,-23.30746502630468,-9.441437476747826,9.678086893649876,-4.644945386921514,2.3754114000831104,22.646681983217718,-5.280887665201817,3.468665891045325,23.714324833272553
456,-22.775920578799496,-9.977607198536596,9.416778552738254,-22.95379070987311,-9.61038691907669,9.679215769121607,-4.483872116623163,2.485156787792612,22.793749742238326,-5.1521286051010025,3.6209898042890067,23.81524318643674
457,-22.426394248987297,-10.144791744177626,9.4198910752389,-22.603797973366383,-9.77866940432419,9.682367797820149,-4.262706336400767,2.8175906194389326,22.94932542750391,-5.0423371239922155,3.822000038404847,23.928292593488898
458,-22.083275289371503,-10.314148097196512,9.418529620925565,-22.256950392088154,-9.949425415917128,9.677333013869653,-4.199689379960219,3.2127244575564156,23.100479960906863,-4.928138176881315,3.957835623161003,24.051056305035313
459,-21.75143522955264,-10.490323615920937,9.412568404272749,-21.918942946935957,-10.127240532352474,9.666022500366255,-4.074791296248216,3.3232770791575574,23.250431121884276,-4.709356125127683,3.9597114206997133,24.179730612534176
460,-21.4268601558979,-10.670529347388705,9.398061114771046,-21.58744408182839,-10.308753304728203,9.648603321962335,-4.035200975193406,3.33741789503543,23.414612259163516,-4.63059720352808,4.121970440458322,24.32470203541082
461,-21.106125071641348,-10.85241635017097,9.37625590988586,-21.25907510374025,-10.491570357412657,9.626001890980497,-4.126286351231514,3.4679144505652704,23.58449292062692,-4.7228165333154895,4.473606899461808,24.480186754892667
462,-20.786480790931495,-11.033170628955348,9.349734545037483,-20.930602543661415,-10.672832325710576,9.59977054718883,-4.083437844096949,3.8797098690202314,23.761210737398763,-4.62016527488983,5.0424037168278355,24.64522461433721
463,-20.463556362687417,-11.210602013031044,9.315010993848892,-20.603424328838642,-10.849041519463498,9.571289682345322,-4.185812117921629,4.225435170308833,23.947062052316593,-4.763845254734449,5.362014541919526,24.820422363115306
464,-20.13973450660007,-11.377960811601062,9.272776985954202,-20.27773841727342,-11.016337101012978,9.539600039192939,-4.547609208546118,4.525139363926083,24.148858256573575,-5.2282504916929895,5.632605756164591,25.014648534609666
465,-19.81518481477701,-11.534376122553613,9.233425641169521,-19.949389398636075,-11.174350742643455,9.50909336633089,-4.839810639939309,4.722280400146914,24.32123787054755,-5.472254254765588,5.683146296552472,25.162001468695568
466,-19.491172023001496,-11.689176456770479,9.197243741732231,-19.62307475202209,-11.332511049590615,9.480002767184327,-5.364031895085823,5.078541926832518,24.45950964233763,-5.866936116068119,5.84240224684044,25.262943818931408
467,-19.16795275653253,-11.851542648724482,9.164602782826409,-19.296695488925657,-11.497274454586435,9.453225413678489,-5.873785717450177,5.351347446620762,24.587027327123362,-6.268686360069189,6.006954737588492,25.37044382483637
468,-18.848316356024213,-12.022294856272289,9.133122972527868,-18.97307540549217,-11.671150771837256,9.42531523944425,-6.3530782320775,5.580995629760962,24.697838092283455,-6.709361173053425,6.2915154501546455,25.472156879860357
469,-18.52965169410819,-12.205238475366219,9.103477851325248,-18.64795746486531,-11.858847580951966,9.396975733658943,-6.965374930174752,5.645853286381196,24.82247388359004,-7.063580082092238,6.559488247316549,25.612248796510226
470,-18.208450113397284,-12.397291195390176,9.080399418904852,-18.32398610907029,-12.054986595720454,9.376355472316474,-7.2234709596884885,5.945867749895847,24.889786016505685,-7.07705361526014,6.969700781036017,25.687474501423857
471,-17.881856060422663,-12.58616975129363,9.06513232816955,-17.997962974265015,-12.24707839491073,9.36289615708832,-7.127018767851226,6.175623085698319,24.923407599741047,-6.934808558406571,7.247801768204935,25.75490736564818
472,-17.545491249991944,-12.770982344142277,9.057432538929708,-17.66311992178869,-12.433218839586168,9.356904195731902,-7.066702644828208,6.504364484871488,24.9848199836859,-6.74696055252363,7.440775947784758,25.839889147296617
473,-17.20094044458054,-12.9481510161845,9.054914829655532,-17.323650161172278,-12.61141546168194,9.354041743302933,-7.039122519526241,6.739728590585959,25.025639776276886,-6.829266367812733,7.589491393336486,25.863652181650046
474,-16.855079063076943,-13.113644430349309,9.054437663517371,-16.984893141655274,-12.775568294534553,9.351512940822099,-6.934477561026936,6.950718322020039,25.046145625977733,-6.868473898050633,7.6960981926127685,25.88174823190835
475,-16.504934853625954,-13.273058990806579,9.05821022200485,-16.64154150707972,-12.933069888689829,9.349361987631465,-6.7011358581554115,7.137380042247752,25.078526883787816,-6.850296036578627,7.87231028125321,25.929019960159014
476,-16.157873953810093,-13.43163159203702,9.068141429877908,-16.29559124613826,-13.08965604890669,9.349580662608512,-6.4521474217310875,7.338660166020626,25.101137775995056,-6.82472835413761,8.060856834798313,26.0106054950401
477,-15.810076040557716,-13.597969151232425,9.077872851776265,-15.946453600188963,-13.253735500751057,9.351106115121103,-6.528647857241913,7.410426226106421,25.177363116842482,-7.026094494024005,8.259897928941996,26.112386489906463
478,-15.463006198754078,-13.77417749388572,9.08429227269745,-15.597231412425455,-13.425218964409613,9.351501931567348,-6.936039709289537,7.210269064714943,25.273916155891182,-7.487259694193083,8.007797733938618,26.228989848870746
479,-15.120320539759218,-13.961198851217194,9.08795028945877,-15.24799990212132,-13.608742044080193,9.352108422514211,-7.400093611469384,7.0363804097974825,25.370414649310046,-7.851850250185017,7.807336475311185,26.353468983836358
480,-14.77507459454119,-14.152077930886659,9.090776247437887,-14.896336560384782,-13.796351373989891,9.353268881445784,-7.672584308579858,6.914265539659554,25.53949117657468,-8.1008660834122,7.702919778789815,26.51073340260833
481,-14.419893982131056,-14.345487135935079,9.091484568640682,-14.54117016234057,-13.985635961396493,9.353196420933394,-8.20797160185453,6.600354310214042,25.72885013789275,-8.637413449930541,7.338614240557709,26.66297998982796
482,-14.056806653418622,-14.537065491785363,9.093543605380782,-14.181611348356144,-14.175892951142604,9.355471984792828,-8.808351886816734,6.302690573114794,25.900528176982498,-9.097812719348703,7.157466271073534,26.791772887570627
483,-13.685035367597221,-14.728136995124556,9.099074813755113,-13.814433887356746,-14.36687855714007,9.362272715638484,-9.134348327415815,6.0379336973610185,26.05942279992084,-9.064623535947765,7.108429768053394,26.918385519926634
484,-13.30955018074962,-14.912502328954735,9.116929649851977,-13.445376118335705,-14.553923568279792,9.386087720418665,-9.362550753067316,5.919548243144434,26.159914904059487,-9.130621728429233,7.34325934997633,26.97368775124946
485,-12.927517949775307,-15.092106365771286,9.1487886541764,-13.072589176489906,-14.736304377568764,9.42400999528445,-9.428361879640988,6.2930537539886995,26.249248655719644,-9.269715529388902,7.81543141261859,27.045085828110796
486,-12.543258828638296,-15.26856420215558,9.194464265592691,-12.69602565558851,-14.916804070771713,9.472510038666421,-9.522446820606648,6.716757720609585,26.332302722050184,-9.408237147148899,8.252808356336132,27.123742411055847
487,-12.159907903714403,-15.45114637359365,9.252983338793472,-12.31784909071684,-15.099649711778941,9.529289457222315,-9.631104289276958,7.2526517871642655,26.35699368417873,-9.49571758006888,8.811417989643616,27.161348903744226
488,-11.778692966704359,-15.635248502321124,9.323441385765069,-11.94154831353487,-15.280976472948018,9.591927931682621,-9.50258685188849,7.986486624652068,26.385750840870486,-9.547163500500966,9.228165001171782,27.22233070454593
489,-11.398201276339849,-15.818959704252704,9.403842201460087,-11.564429588529904,-15.46062092906489,9.658949200273968,-9.217797838870085,8.583564673178488,26.409509484565046,-9.40433626002033,9.476101802520706,27.270581607685724
490,-11.021829136740656,-16.002404535191033,9.478441747423703,-11.188118378927884,-15.637481565669455,9.708042574533948,-9.196282374304337,9.09959507850972,26.404534057541944,-9.265650758582781,9.69091152857312,27.293666193197343
491,-10.652226472882473,-16.183789839884557,9.532624213427125,-10.819977286230927,-15.811754742561348,9.738262793165415,-9.066674486839926,9.408891267398205,26.426398704075872,-9.1148014520701,9.841211294076462,27.30555848268867
492,-10.284951889560222,-16.366151131704605,9.567069287599248,-10.453754721192482,-15.988815607483044,9.753875221453361,-8.879985561007574,9.482346751866475,26.44225118532968,-9.005328205621657,9.915121211057754,27.334578563108224
493,-9.923374797443016,-16.55689076494737,9.587056631254034,-10.090378693805429,-16.176568213299255,9.762838743656637,-8.737736132486587,9.499321083393703,26.468434229470382,-9.00045650988613,9.96320339113555,27.391332381061112
494,-9.571809648327529,-16.756711623216578,9.589197240351298,-9.735610744631945,-16.375005610918866,9.76436135720782,-8.670087593044181,9.282541986147372,26.53083276939402,-9.06029334162777,9.890836566394148,27.459302209306422
495,-9.227642126335999,-16.961995093228065,9.57045648623382,-9.388909666236064,-16.579240674629514,9.757045363102472,-8.700416609299573,9.074769711915481,26.610221510870975,-9.219724674737085,9.817157608971314,27.570229855495178
496,-8.883046638935156,-17.162721505067864,9.533167836083438,-9.041025453048912,-16.78132636540115,9.74369157965222,-8.902748654574099,9.064664414472842,26.70199194717008,-9.41217817205138,9.926627312851238,27.677352463711482
497,-8.53286613038644,-17.355382158825226,9.511451867304265,-8.686489851954999,-16.977207496364322,9.74740643761577,-9.033161689324658,9.099517221848458,26.812245284581575,-9.440315488395134,10.091116647417023,27.76975377499876
498,-8.172611567756647,-17.543723775742368,9.507037340488434,-8.325510221377632,-17.170995581148567,9.764936846479817,-9.052854683643446,9.125043536537794,26.93967622036977,-9.272415128797675,10.18870386917629,27.860225449584764
499,-7.803224846038794,-17.72851079595118,9.516122247763448,-7.956123332906979,-17.363707033525042,9.790043357544628,-9.023668567585704,9.0225874217497,27.063058690485015,-9.085560479181083,10.04892347982132,27.947605852489307
500,-7.429983167404927,-17.909104976994467,9.537596718629349,-7.5819693365991006,-17.55350402630115,9.82093362496877,-8.999464078085309,9.000028757256514,27.216489368089373,-9.027876098669802,10.043386280548456,28.09495753084843
501,-7.053277105556695,-18.090801342187156,9.57430404043942,-7.206957290770531,-17.740793928525466,9.859129832495102,-8.996303651921577,9.066706943898934,27.38215900263277,-9.071054257146328,10.05107300589291,28.252631765254268
502,-6.6755493882907295,-18.278713556598852,9.626445140349473,-6.8345439479191334,-17.92933499948351,9.903486576644202,-8.919409662519534,9.065391393870453,27.493880524668665,-9.111391955146104,9.935645127346376,28.360669284711722
503,-6.300830508935602,-18.4755950711147,9.686848550136128,-6.463947033620912,-18.121149314790483,9.943769129204147,-8.746744567475483,8.904061765949969,27.563547973296757,-9.086260769662328,9.784425612607045,28.40580817648405
504,-5.930840198216926,-18.688028062692446,9.743138333682984,-6.095262364582075,-18.326363448317345,9.982479595155603,-8.610745391450292,8.461644716242832,27.59815060194961,-8.988234524857107,9.356824843454183,28.401103436823664
505,-5.5685275785931525,-18.907847074997047,9.789084171007914,-5.734416179942982,-18.540135863232376,10.015414861940545,-8.437176597346248,8.003470991597368,27.581137444249524,-8.657153418644649,8.955344298631518,28.344649276814465
506,-5.206509236806223,-19.127725492921105,9.822522336242042,-5.372599445663227,-18.75741560404819,10.040467745657734,-8.09722894201438,7.767379438044969,27.518417954209244,-8.117615644544234,8.72314215217468,28.24922639296336
507,-4.839785639869607,-19.34081777187102,9.850578486092136,-5.004349267320739,-18.970612711411377,10.063543840536012,-7.668753727652629,7.414011504865708,27.37061953887587,-7.6485318434093585,8.4828265494402,28.131849584727195
508,-4.466046747400687,-19.545661799037582,9.875005890929918,-4.6278404973480285,-19.17696872852831,10.088206238561124,-7.308754440344034,7.163478908084066,27.174378134092773,-7.462845259329158,8.44907676875225,28.00651093718
509,-4.077161997025011,-19.74352827608674,9.897025226351198,-4.240220392241311,-19.37679279705606,10.118299752415535,-6.893826346883468,7.009935807355603,27.018184764193833,-7.254882544244806,8.427732562363813,27.94430355775196
510,-3.6787939223679382,-19.933855380714395,9.925040444206298,-3.8444031463508823,-19.56846085347691,10.155176888916078,-6.595479338521725,7.0023959862519805,26.902702826135226,-7.199148202610006,8.544425384117272,27.913234771255965
511,-3.27746009710565,-20.119316945101886,9.957199239782744,-3.4441027100815,-19.7567757439562,10.193568209640445,-6.792241644732455,7.493225851471224,26.86062119223975,-7.749774865290098,9.028675573353398,27.947110600247065
512,-2.8713808978149027,-20.306037383690423,9.995542218353979,-3.042802807673753,-19.94437845144674,10.235138870909292,-7.063441912441728,8.151380402745268,26.87360887739825,-8.025954242190231,9.615692763736027,27.99805256082985
513,-2.4641882397725032,-20.49662174853031,10.047156569156535,-2.641844133376208,-20.13524195828697,10.289535699788237,-7.384819907985081,8.671275304379675,26.929490546273943,-8.052057365607158,10.006396407709017,28.052541966377085
514,-2.059017098806638,-20.695385317211336,10.110632408218931,-2.241838253056845,-20.332467740479963,10.352425258229642,-7.743868212903676,9.203211033345614,27.05185730306287,-8.093003634691678,10.274766805633044,28.149246972316437
515,-1.6571458759422566,-20.904968238655712,10.184383561566628,-1.8440356630544628,-20.53924606778644,10.42073081097242,-7.990589298957012,9.760816084504862,27.234830322631005,-8.174563252127522,10.663448472046003,28.27496697078981
516,-1.2646457912466236,-21.116038184672487,10.2595071390587,-1.4563292429972803,-20.74759695142035,10.489828772639564,-8.209339514930717,10.34107044536925,27.41743850470941,-8.145221209078251,11.006290195567509,28.407495628964522
517,-0.874370985075832,-21.324463416499572,10.338287949553571,-1.0707848986722763,-20.95286768280836,10.563762480841778,-8.464373509239019,10.787903799510131,27.6045558391378,-8.278334812043903,11.226799623895948,28.54181278061606
518,-0.4867621956600692,-21.529164816863222,10.417734066715997,-0.6855237650570579,-21.15524329864446,10.630036403651596,-8.519642529626367,10.848793059456836,27.774689798520658,-8.685088048702227,11.26984702784147,28.683669838585956
519,-0.09964151989409326,-21.731151942590813,10.486018100645174,-0.2987475959760345,-21.356276668067288,10.67892422490002,-8.58070461405914,10.851637269941802,27.944518003540985,-8.846556974972657,11.417890444608277,28.825777290377538
520,0.2870122309125578,-21.929360158120343,10.535557906962238,0.08895290976362619,-21.55381707986925,10.712794988210202,-8.882853182820778,10.833512053969098,28.08845420758065,-9.12281359200798,11.424892011897454,28.919621957635602
521,0.667976120030789,-22.12836409464809,10.57016457934241,0.4744850315806855,-21.752587845225506,10.737534426485684,-9.151122901680603,10.641388469631664,28.172107710015908,-9.321195262488303,11.141904788567427,28.962717678093647
522,1.0409780190049818,-22.32680112782325,10.587782719687626,0.8534541930247161,-21.950656201195027,10.752417237913354,-9.559228526950877,10.362324520001524,28.2113777108627,-9.728545317724743,10.96437846475754,28.98131660615076
523,1.4157394488146466,-22.527036812489982,10.588345800392139,1.2294589726752931,-22.149834390063294,10.760278030270538,-10.05575137841515,9.957727451892273,28.21375594332946,-10.085085115251601,10.677298044998771,28.975608280506957
524,1.7927749468395213,-22.72759283931551,10.572727130922251,1.609101995495657,-22.350572184434757,10.763914529459909,-10.471589213033202,9.633149055387522,28.201420519398088,-10.414013329378763,10.505148187910148,28.975783991908127
525,2.17539244824641,-22.932209680599087,10.552374605298953,1.9940086593300022,-22.555989120259273,10.76218686459045,-10.65120135028002,9.425085474893196,28.146365692986326,-10.64223507850748,10.400546038100469,28.952254741441624
526,2.5625669306752505,-23.13388281410007,10.528286117914623,2.3855544836960414,-22.760713585107396,10.75315318900607,-10.892961053361747,9.155080245356253,28.09041897420904,-10.747444407628894,10.347191001053726,28.95834380245077
527,2.953059046876165,-23.32980740818115,10.512426508958727,2.778443106061297,-22.9599402061205,10.752284217320037,-10.939097472344875,8.904144538888183,28.06295077449123,-10.710494898462905,10.224100149933317,28.984403292863448
528,3.3465014974776386,-23.520497018330097,10.509072587298085,3.172651913553863,-23.15491036898206,10.763081757959023,-11.016497420602557,8.997241796642143,28.069059486690648,-10.701743325238171,10.31984422113901,29.02272534567759
529,3.7531103888855837,-23.714330365151376,10.515154819829576,3.5774347808565516,-23.349259715679914,10.779055868298409,-10.808718476179378,9.031156562918545,28.09243094821883,-10.542690490189761,10.349013773376132,29.063931808978882
530,4.1582487673671125,-23.908371871921094,10.528634400093495,3.97635270757782,-23.540603623464314,10.798021485903696,-10.620786274961434,9.06514718242155,28.141846423293206,-10.462247408188732,10.223377679863779,29.113280841079007
531,4.559246394096483,-24.107326924333613,10.549705729225936,4.373213025853999,-23.735654921541006,10.821557124230036,-10.41738464750209,9.041771435541266,28.1953355609415,-10.426099076872688,10.098366790914278,29.16192988679456
532,4.954854171502037,-24.314649523926487,10.582635100365573,4.766886850264239,-23.93964882870132,10.850570530460612,-10.200220450071438,8.952196057427535,28.27773109923488,-10.344103954469901,9.946081051073188,29.215995854667874
533,5.345765112254396,-24.530525921579887,10.624627045360272,5.158299592932432,-24.150436848255804,10.882361374140624,-9.887261166308614,8.938149436621284,28.35628961728015,-10.068014815165878,9.967503970612553,29.276917953085952
534,5.735724461677449,-24.748702606847054,10.662397741092217,5.549299816309922,-24.364522537279633,10.910965067952985,-9.53610739823047,9.073284672239046,28.426738371640063,-9.674679592001322,10.113310784987153,29.33729756155518
535,6.129224768447316,-24.96531461994093,10.686273574517234,5.943370880320482,-24.57950385894968,10.923105213653974,-8.998168708712418,9.390983119414509,28.488479029339842,-9.113062303949068,10.680285860323046,29.391939094566293
536,6.517837932226052,-25.176554470591796,10.696661861854377,6.333354287933777,-24.79065925604516,10.921972596792353,-8.638275797939409,9.711186873648948,28.535351338637838,-8.763107115434742,11.080286309795312,29.425465692677925
537,6.907228367668775,-25.38007436470022,10.694358870490323,6.7200331152734645,-24.993413127713204,10.910766193363068,-8.314491880345296,10.050399137973232,28.582588027346514,-8.586349779079345,11.277806095110805,29.468839917992106
538,7.30019935759535,-25.58062267523465,10.678657285720162,7.110970252764597,-25.19424051436053,10.892138266726457,-7.89094126236365,10.361901107710938,28.645556264014683,-8.331360685288,11.372185666420817,29.537141285233716
539,7.696191173047707,-25.781004339060548,10.649461280705902,7.507183421662579,-25.396589728610234,10.866736992841224,-7.654728100719051,10.663983560719231,28.693561375494657,-8.335564552487748,11.38246141713688,29.586565092049295
540,8.090616123645377,-25.985612018233674,10.607183827731477,7.90133411336656,-25.602660215463604,10.835798252389308,-7.788394246741446,10.875543249922465,28.725542436264725,-8.646961559007298,11.4120670921247,29.61765730855604
541,8.48385274589879,-26.197861547860956,10.553383757057084,8.296838724567762,-25.817982705670264,10.800285605864886,-8.275432898786221,10.965421037424303,28.801346275591026,-9.220357016757326,11.395071165526812,29.71501930678863
542,8.869546052334073,-26.415799697721997,10.510563750379825,8.68496660251256,-26.039656698345475,10.775988148656893,-8.628026165792622,10.793716440857917,28.85739128238429,-9.238348845599951,11.455010175219655,29.77146047178633
543,9.25918620538666,-26.63676020568638,10.476700940645719,9.074768323355023,-26.26320355299073,10.757061393931195,-8.914492306013141,10.402808048563221,28.931056800201087,-9.259060579729201,11.145079160764668,29.83083837921266
544,9.656091140313878,-26.853260090566234,10.450425163535789,9.466842700925811,-26.47852242150032,10.741785913707885,-9.10511628798608,10.052549901987463,29.048333976910364,-9.249989106867178,10.83853993339541,29.955972359182645
545,10.057049270674804,-27.05770340173156,10.431571281059957,9.863507053379838,-26.680808060578443,10.730569437981787,-9.517902173752386,9.728900847000581,29.156196108545693,-9.445914354685025,10.574560261338005,30.07714882478206
546,10.459392793609489,-27.256105233644945,10.423115232380875,10.264524955171074,-26.87688086662894,10.72418917874453,-9.470932522558662,9.170977126096076,29.22877456908497,-9.168721897742829,9.97264994470412,30.11953711582093
547,10.85519492399841,-27.45105273255976,10.424051547331539,10.657724386021039,-27.069357263313265,10.720934899642897,-9.085872495263036,8.440738304703883,29.345252684343127,-8.783974854827607,9.259159488508265,30.207353064257763
548,11.24449448543418,-27.648113961896126,10.433080356420755,11.04754261460087,-27.264629649817394,10.719989411886207,-8.581510666837318,7.75932418002026,29.41449052853093,-8.620307900877437,8.700810070977784,30.282942192788866
549,11.633456095016571,-27.85495514160089,10.439012579788086,11.438370511625449,-27.470618996935066,10.71749246754765,-8.359045973837851,7.018869455759221,29.511137722395745,-8.43753579627984,8.267030270281042,30.358396149465616
550,12.017864172333198,-28.067431922900433,10.43964451096141,11.826473993200558,-27.683212547671715,10.709516963806283,-8.454590165725323,6.908388363300811,29.613773722186416,-8.724254438304031,8.449032539619324,30.442097751130113
551,12.397432710587204,-28.278376467659864,10.43458389707364,12.208017757372376,-27.894886559499746,10.698071344222093,-8.565724956032268,6.755576646864084,29.70510256564138,-8.95446842475474,8.476362470958856,30.573889077075812
552,12.782231708364506,-28.490457011659494,10.423383254194304,12.595071736519147,-28.10773548657444,10.682637353941242,-8.662809032505832,6.466246047333315,29.819924023934046,-9.33341247140935,8.300662598157418,30.733279569269587
553,13.161425514785906,-28.697792100535622,10.409282801356552,12.97786341417218,-28.318935806910144,10.667448100529803,-9.194653612054763,6.900487350704173,30.01034829358492,-9.841774708530426,8.759345767625938,30.914370704295578
554,13.553337194416104,-28.90592021406939,10.39314309341558,13.368822361935207,-28.52998504387546,10.654436002519606,-9.9099156510356,7.492742642583137,30.13954209735472,-10.3465490502246,9.108259154704486,31.02496628962906
555,13.94970102083187,-29.107157089782635,10.37523427786015,13.763391478383692,-28.733494581456114,10.643425566047991,-10.513824301605544,7.985114473600173,30.260532032487973,-10.717096190881028,9.276038888077245,31.103662337203183
556,14.345530226120166,-29.301291702645674,10.362030668207108,14.158971372032468,-28.930101166795268,10.636842212855797,-10.9912017180838,8.343436009940872,30.373491715813046,-10.76602287881017,9.251740305439334,31.168611942467226
557,14.74161296290964,-29.49530833724484,10.356309443200743,14.554590847355707,-29.124505401543335,10.635317585785467,-11.518590235200453,8.30594764929045,30.460634162196655,-11.324552806295422,9.189108540306133,31.21232781952671
558,15.141105121482248,-29.689626053733953,10.356235165160268,14.951529329572084,-29.31678861259099,10.638244889902314,-13.180593342751838,8.872121092797483,30.516469690113052,-13.354341470996946,9.866942205351895,31.26773520681364
559,15.541575788170713,-29.88821989209252,10.363551948846176,15.350456445980823,-29.511692404984608,10.645406957470136,-14.704145404294394,9.476935569980984,30.518963540007174,-14.963628489245773,10.253774763049408,31.2906258969278
560,15.938778085629854,-30.09143144530265,10.375509109668966,15.74969964836901,-29.712660289530593,10.652937119824957,-16.08577405828451,9.717968682500493,30.478292978086692,-16.299860234472437,10.63290920500142,31.30790551555489
561,16.327266370495117,-30.296075971853295,10.389752506634702,16.13956115153214,-29.915254405534153,10.661666337393612,-17.485922024017643,9.914879693558845,30.466234382494328,-17.48833984771816,10.842096603854605,31.32481769546615
562,16.71715478743018,-30.504248321249065,10.405200684946399,16.531066957852214,-30.122705738765486,10.671316711451537,-19.04322463849579,10.247947217816218,30.41707896271253,-18.621122770109146,11.086030460872657,31.273322890951913
563,17.109862928276726,-30.717442289952974,10.41642540837501,16.925347238306877,-30.336461731438572,10.674446831636182,-20.465156985501388,10.357288644580226,30.337962519818074,-19.10081394960339,10.790134099628526,31.198348260682113
564,17.505551355096998,-30.932501896174372,10.420903793243896,17.320761362986293,-30.553096622653428,10.670592717031846,-21.421474927855197,10.604609776667626,30.29748773545206,-19.354384353032213,10.72885881668852,31.186316147721087
565,17.901564542437807,-31.145435122114204,10.418059732676792,17.714037114284917,-30.767378760328203,10.662199992078662,-21.301389111154908,10.357362874680168,30.25345523290015,-19.584404279043614,10.813990141857621,31.181470017740033
566,18.298608469252503,-31.35521631476282,10.407055311516284,18.109531674210526,-30.97994304917237,10.649508609832012,-21.320638271128296,10.29731461942507,30.23475646606763,-19.964497989130987,10.978151411925447,31.19281878913001
567,18.701207240282795,-31.566870446135457,10.391022103299074,18.512300602147462,-31.193641415220466,10.633891306096777,-21.28558195440141,10.295048768426561,30.198724103687155,-20.242256465552313,11.235669150156086,31.17805293568945
568,19.106737540076544,-31.778542196800274,10.367243594284279,18.91440408907334,-31.404413977163408,10.614968024345735,-20.914768305271473,10.309187151406116,30.145620159475435,-20.123654317488803,11.35139255702876,31.144703767535972
569,19.515780673061943,-31.987164482671215,10.345067181649432,19.320092816580008,-31.611641231718835,10.606663399884752,-20.352662624339576,10.034998962785917,30.15456681541784,-19.949007251200477,11.094590846381045,31.14183135144641
570,19.92231108341045,-32.185226078320106,10.333782346240595,19.725212667676725,-31.807841281492454,10.608694166327725,-20.229371263215857,9.893132230194949,30.191540741742525,-19.97337414701199,10.586481649148917,31.146944621369556
571,20.33142857901087,-32.38009416492516,10.333764151523814,20.134802681068898,-32.00176286359935,10.617763909866948,-20.2645128045376,9.548423892120725,30.251622840164313,-20.093907789247893,10.077309245409872,31.23010319522165
572,20.73993994194029,-32.574704400442094,10.342541708090096,20.540602815321044,-32.193654884988575,10.631162463657924,-20.361280273788605,9.13098255094268,30.32077304973427,-20.313261152860747,9.701001536313758,31.31531283020295
573,21.148004637467277,-32.774450179072296,10.363441791866245,20.947257579601143,-32.391012359924375,10.651601389339715,-20.341373121348376,8.709294692642485,30.381489724248617,-20.521460346520644,9.483205748242664,31.38877198248679
574,21.549654003244367,-32.98068903036003,10.39772995910663,21.350983351678593,-32.59533752244226,10.679195031913592,-20.133970507570954,8.492001579289349,30.47724521783946,-20.38920482437934,9.726322006624912,31.47091096237641
575,21.941625569898754,-33.18891460626186,10.441354345618935,21.74404121741862,-32.801170473249506,10.708719522808472,-20.34223568416441,7.951838964183627,30.601061723716374,-20.51535573468937,9.381630288837748,31.553678980926684
576,22.332420005729226,-33.398737771740514,10.471687049239977,22.135673019999487,-33.01044987466849,10.722922721731237,-20.386515892664875,7.594940795730245,30.71237827215035,-20.31199005507993,9.007877089064102,31.62613864025616
577,22.723326701381808,-33.613739152571384,10.490222081185742,22.527138991086243,-33.22497597592539,10.727210436948278,-19.876703155804805,7.0624943358405545,30.820273045394927,-19.559654242332005,8.16538505637309,31.685524199046213
578,23.1118058778645,-33.82910242026622,10.499101561265917,22.917143234578234,-33.44311475193846,10.726086037229841,-19.32228880365923,6.861010474946795,30.86179510134255,-19.010628445696273,7.8639402687517235,31.71792314764607
579,23.50674839352024,-34.047744862217144,10.49757642175326,23.312592899895353,-33.66627375365262,10.718270100516428,-18.77711629556771,6.864218450658473,30.941646558292888,-18.70440178997038,7.950855285347906,31.81463556920452
580,23.90558252667233,-34.265350378941505,10.480289666210162,23.714323439473294,-33.889837222759134,10.701166806890372,-18.141924960493174,6.943761033343621,30.9974890997676,-18.356497086211963,8.206868400584483,31.869423991559817
581,24.30955755927601,-34.47768973972155,10.449404134229347,24.122265062376655,-34.10716565577354,10.678404058462487,-17.799959539750027,6.788602171729108,31.051415854917174,-18.17626023138162,8.47593325644045,31.93230356775105
582,24.726340621077604,-34.6805310368667,10.418643525745365,24.5371682816932,-34.311002155369096,10.66708738808455,-16.584336743058103,6.989353753281941,31.08234306326566,-17.044467210964765,8.634219100289073,31.972004631608918
583,25.1509996678976,-34.87119274021652,10.400531940516897,24.95561748089255,-34.50091662367851,10.666679664513824,-15.50019143832911,7.348089353217694,31.147864948524255,-16.003694246508534,8.875602681271095,32.05637094945777
584,25.577971687060078,-35.046711457754455,10.39700902442833,25.376562175432266,-34.67283651923271,10.676795235677641,-14.879269756674805,7.880736969226723,31.21509839481487,-15.149875142582738,8.82773132549199,32.11504794749189
585,26.006267782672396,-35.22126178211816,10.40640576733916,25.79882414973031,-34.843389504062706,10.695316502860203,-14.088932389116334,8.210939417516556,31.306436499220627,-14.32227910590684,8.874150322286955,32.18252162356775
586,26.425259533050788,-35.400557170887055,10.431446477813495,26.212364899840203,-35.019195855271704,10.722587050283282,-13.161021879831706,8.262105485908883,31.36904142482053,-13.65154104110401,8.83559542235914,32.267034915858545
587,26.80220351405033,-35.60230860738806,10.469180859726801,26.580870680259586,-35.215332629795206,10.754550329192849,-12.435971910652082,8.01110865586635,31.46964131143981,-13.30647012787274,8.632623235017121,32.36999196189863
588,27.118507313228733,-35.83800106517591,10.522121270340506,26.889849094676222,-35.442060552711425,10.793605573763598,-11.727976214333307,7.802428008443207,31.591393228753947,-13.099376356524312,8.709338454545865,32.49607085633217
589,27.359500997382106,-36.107216798320046,10.583336090603696,27.12794445445886,-35.70220830883231,10.84105931942417,-11.793650850634204,7.971588615478336,31.74077358882727,-13.023573433461708,9.036895295826296,32.63558249227087
590,27.513342035756683,-36.390617166855236,10.629297032050577,27.279718349957008,-35.98005753671275,10.869889193579441,-11.916038903319064,8.145485005406709,31.869493877521816,-12.886473803294209,9.243005368707822,32.777705421755606
591,27.582487147444322,-36.66313538645446,10.655436182502926,27.350250756830636,-36.25355939350542,10.880215281885624,-11.896992014150975,8.37393697773522,32.02877355809611,-12.806305972407452,9.23959018806617,32.92349354230518
592,27.58970268414361,-36.89314071901486,10.665133078197153,27.356146045930583,-36.50103743434591,10.878329692651997,-11.920118265328707,8.653188359276397,32.19855605577096,-12.74608983644898,9.200836667400186,33.07129262734145
593,27.555471646500962,-37.07037042221968,10.66241018533829,27.312804288159587,-36.7071115550738,10.86991345556163,-11.841971003702632,8.931759395481714,32.34617189631656,-12.710293548873045,9.147765617001662,33.187619775714566
594,27.50414212250959,-37.20587804156955,10.648996162996804,27.2441521908071,-36.870548145433055,10.858998161046326,-11.615363107457094,9.063888731912353,32.46775137117317,-12.694678738504463,9.095473421226957,33.2834785456221
595,27.449596104614148,-37.308477453778366,10.63129684421037,27.16959219123335,-37.00268448435924,10.856659794259611,-11.569182097098622,9.109019267681239,32.56386603444337,-12.690494710427734,9.043439622140847,33.3656276174564
596,27.397999415759607,-37.39343752654832,10.608678416187153,27.09474795468717,-37.124505245094994,10.858100019424725,-11.715477538517584,9.018495533777713,32.638442295568005,-12.696092144782629,8.983336497409706,33.43494852557803
597,27.348452969064564,-37.48040652444314,10.596729322766771,27.020132936756617,-37.25616075060132,10.863554973913326,-11.853292543963054,8.926221102935319,32.69238464429811,-12.710472569825168,8.905850332552873,33.49443941036819
598,27.29517034586127,-37.583778243866,10.59794228424025,26.938969256333337,-37.40861946461471,10.876724903665153,-11.769411915043012,9.004284777210586,32.72830740650118,-12.557528186266945,9.040710343832284,33.54743807267308
599,27.224156219835432,-37.706370771887066,10.608021673939648,26.838096640406402,-37.5747981643535,10.893288918319806,-11.676362749576695,9.180888146146764,32.743607253598086,-12.435842502838339,9.272452845672946,33.592634932596155
600,27.121267192551198,-37.84265783324805,10.626272900701675,26.70662200176612,-37.73715393523165,10.910660028969774,-11.494046580593693,9.267139909297402,32.76208576010879,-12.232782344543976,9.32815543329936,33.631351790009866
601,26.97134327643501,-37.9878090994627,10.64980909593452,26.53606249131399,-37.89045591780509,10.924800832575555,-11.260981768763198,9.383301310882382,32.755215819539536,-12.01748066872887,9.425967617982687,33.62798448546485
602,26.767832764181055,-38.13909409720182,10.66786893851145,26.32688773438697,-38.036927323883,10.934332578899765,-11.88925820357864,9.37273063997091,32.707290204657596,-13.067892866830652,9.33626679387506,33.569844901568224
603,26.539180618151796,-38.30467784479078,10.68344944989781,26.107110984428836,-38.189340863081604,10.942556028394085,-12.766079042515527,9.298025937314804,32.617938871971916,-14.269283383964463,9.1624060127889,33.469773396010766
604,26.315180531802195,-38.5110860362524,10.699012047834374,25.89938299821576,-38.37886118265979,10.952835570489988,-13.687687817942008,8.996363450995153,32.5505647115344,-15.308467732217185,8.71384740463951,33.424214202279046
605,26.116172526100225,-38.76393383562773,10.709273034771888,25.71230730881267,-38.6149898892919,10.961889222575293,-14.945167680161688,8.417762336960584,32.53028324689215,-16.43072050822923,8.205911060166937,33.45657041237388
606,25.94138659629708,-39.05823033035894,10.717316770198288,25.545081273055338,-38.89380055176723,10.970221932251066,-15.869801070709123,7.3774746239944715,32.542866171723844,-16.9390753908941,7.410493009487391,33.529855673660386
607,25.771840847906034,-39.374689889386886,10.725816572572043,25.384098275080966,-39.19103862057846,10.982066534154633,-16.704765497844367,6.404943648374105,32.585063242194614,-17.17193223213011,6.827389768884581,33.63623017267696
608,25.585441503890344,-39.69784736096224,10.736743391363406,25.20807033141032,-39.49709030819858,10.996305936722033,-17.795769574045305,5.067273353159797,32.6379490678086,-17.6740206930534,5.9121730535241275,33.710067385785344
609,25.375850205715835,-40.01621847949536,10.75149027125509,25.009355510038567,-39.80225809356529,11.0135953829555,-17.84018886871288,4.4939356978130425,32.73818217158136,-17.605379873983377,5.551685710732567,33.7767897373336
610,25.13882967726323,-40.32967713000226,10.769764122943393,24.78548781343098,-40.09955399226986,11.033068829014374,-17.68432962816845,4.080505084375616,32.876454189498226,-17.5548324119607,5.267883805331068,33.839682499035
611,24.879284317486302,-40.637545878150576,10.791103916947936,24.545318431541443,-40.39172079652116,11.054157031686863,-17.87599918674916,3.3997110145242484,32.98499979845147,-18.04656452439394,4.462265583987979,33.8731008537012
612,24.61837297512193,-40.94979639817608,10.8151364076279,24.302347810803308,-40.69045386159001,11.07603902991938,-17.898635904053094,2.714128175455515,33.05010124834117,-18.566538270980363,3.7920947584271563,33.898046575764276
613,24.374997054901037,-41.277575309202774,10.841565920624804,24.070690923233848,-41.00706704094386,11.097817364243198,-18.268379311596448,2.7113524351774676,33.08868324491393,-19.19221003915981,3.9072862507269033,33.93190043253761
614,24.157981356782955,-41.62082192139383,10.865587394665736,23.86018088208689,-41.3361553913937,11.117859235391334,-18.47873046157247,2.4394447153402306,33.069603449562464,-19.338752969464142,3.6844316738991916,33.93034524241337
615,23.95586116900264,-41.97524735268019,10.883039086042356,23.66078888504234,-41.67916914993685,11.130359727883151,-18.66627632698636,2.4592059587586985,33.12030089340075,-19.743669777957663,3.474753874170195,34.01578760283757
616,23.75469283243629,-42.332687223094474,10.898193697638066,23.46233048373822,-42.02864922069427,11.141557528993793,-19.76214274662075,2.2462274727755416,33.20494813995585,-20.837935059774342,3.355606634731814,34.13855773512274
617,23.55221890824819,-42.68966364331282,10.9114608565307,23.261935928548343,-42.37810705443877,11.152365671237447,-20.82424165967164,1.9822748976861795,33.30318304203726,-21.654998408622955,3.196839739685569,34.26374565681451
618,23.34734339719323,-43.04477811270092,10.918789393004452,23.05971672249246,-42.72665077517842,11.159181767873752,-21.596878327954613,2.3577764043065454,33.44146243130429,-22.321589430778822,3.3046700903345045,34.403145288491885
619,23.13657468164021,-43.40236111114833,10.920178852749535,22.849594798880357,-43.080858030616,11.162452054971888,-22.340641131455897,2.873360315949129,33.606296162525716,-22.93654080711743,3.5418873481024695,34.5505164845388
620,22.92852149027208,-43.765060441044504,10.918436580205633,22.642695124239236,-43.4431996485949,11.165113526943466,-22.80871579161728,2.8501765891102835,33.78110218760509,-23.354867818599402,3.619862342589516,34.70366392733833
621,22.727489192364775,-44.13230876603462,10.919960720404356,22.445829252779696,-43.80717509411173,11.175935726344374,-23.42304578486503,2.909314599090266,34.00071864223936,-23.513730672401778,3.555962203673241,34.85717700698082
622,22.535088357132107,-44.50654826360912,10.931131269992125,22.25615779875488,-44.17907533165248,11.194451103615215,-24.338108265429902,2.57823640402609,34.151387912524605,-24.35346429797777,2.9321043630040076,34.97024810307794
623,22.346802291801996,-44.89109545167331,10.952490327102005,22.070244888515273,-44.561503822303465,11.221312881330379,-24.632901022045463,2.247098594379098,34.262898157148335,-24.92429756501461,2.436079797669065,35.05343250106082
624,22.156164623662747,-45.27578067846113,10.981148447086333,21.882999549170666,-44.94394470712594,11.25316155798933,-25.042146424652806,2.1323011005520596,34.380965879591415,-25.481569630193242,2.280136971495565,35.15525402266053
625,21.957177152907327,-45.66645657760395,11.018210512627181,21.688713934830215,-45.33230905580928,11.289061175175368,-25.452866956456262,1.8992086382584263,34.48409020564309,-25.958433265201855,2.2181022011858813,35.258640938123875
626,21.757006981945654,-46.05416821095002,11.064999555118218,21.490420382054655,-45.7184631933975,11.32953819206413,-25.54536082721466,1.6301355630714187,34.55749673389726,-25.982155915846175,2.2619781563228516,35.33527511113934
627,21.55472626542771,-46.443743654120965,11.119042588241216,21.2891287368986,-46.10700882894194,11.371783509692701,-25.80034810449906,1.364197182965831,34.61607229054319,-26.143691155751014,2.2008974019941365,35.40978673190348
628,21.352667937875044,-46.83791067207512,11.163810522023171,21.091104635400818,-46.495931521791576,11.403599495457188,-26.507287894080445,1.1761924992680386,34.67931886342735,-26.728157921846424,2.146496306951163,35.508120080591304
629,21.153208761302327,-47.23423450056234,11.199280300372411,20.893676290111312,-46.887774644627946,11.427885656778917,-26.603464280401887,1.4790296717637035,34.76750117738816,-27.063312698684555,2.2267772864997664,35.619977280288204
630,20.95702187448167,-47.635802738254576,11.227509852466541,20.69864910575156,-47.285482634766225,11.448120834285328,-26.60056382148148,1.8261930502693242,34.88199729819335,-27.094658375296234,2.3694501695458845,35.73544680958125
631,20.75709287412901,-48.04078021278172,11.249717346656194,20.499239770267653,-47.68681089885618,11.466711527450297,-26.617273332202405,1.878521730363871,34.98826740433472,-27.243758961291704,2.308714585685685,35.85106840110524
632,20.55443929994639,-48.440955887899335,11.262652828466578,20.29575125885969,-48.084482856324385,11.48014365534934,-26.60593214629677,1.87476112356114,35.098738013615986,-27.35295870111011,2.2413878447840085,35.9707963836698
633,20.35053067584071,-48.84036292700543,11.26619862580799,20.09160396630345,-48.47954824576748,11.489594509154388,-26.90778498603546,1.705393472483777,35.21952362338131,-27.519857733505063,2.0421273351873115,36.074648015909986
634,20.141979490301278,-49.23892627320328,11.263074116709703,19.881280225540397,-48.87655124926677,11.496855043255254,-27.205918147298497,1.5145735411892365,35.35228779030817,-27.79216042858096,1.7561864873454778,36.18750866733248
635,19.9325370147237,-49.641895716853526,11.268958852974901,19.673217814385893,-49.27529667763702,11.512211663763159,-27.41427238474535,1.2938428437204406,35.47130396557799,-28.34001914573792,1.4840929926034567,36.29558445811736
636,19.730377292392042,-50.04631935384283,11.284108619490356,19.472002044126363,-49.67646026715498,11.535480869761708,-27.786778879644995,0.9720968298269244,35.55644362560144,-28.87928003123179,1.2481949296176973,36.36962018160864
637,19.53435522685052,-50.451049429250446,11.306969948285836,19.278526331300984,-50.079344432011425,11.564821748052994,-28.333028634659712,0.5998836614701919,35.65001265893779,-29.32333067002658,1.0751244640779245,36.46669337879408
638,19.34241239402696,-50.85540235035857,11.334494476050498,19.0875414997516,-50.48466529940989,11.596507065946929,-28.6847789525288,0.27530810685690843,35.72531670179305,-29.52750524318227,0.8275827532821615,36.54110986063887
639,19.14952460325152,-51.263189066024346,11.369262610790473,18.896228813585967,-50.89235758926652,11.630776541301246,-29.04993853930183,-0.06392078206590535,35.82759410038181,-29.697153577718836,0.5892922200593922,36.66624178882821
640,18.95297178998716,-51.67025863472035,11.411760979894513,18.70417319655198,-51.298528435815584,11.66842784782889,-29.40339266075246,-0.2371215589130877,35.93070269105736,-29.886417239002558,0.4773119175181148,36.77493678614035
641,18.74961652676464,-52.068737212387866,11.461686275656664,18.501440744008445,-51.69972819212777,11.709310945151406,-29.815086148558507,-0.4356880702363196,36.01157050992745,-30.255315718691914,0.21316288504505143,36.86126467425959
642,18.53873830576741,-52.46295229459132,11.506862300870571,18.291364536837452,-52.09294764360402,11.744429365469422,-30.018401622019795,-0.4974706629990371,36.06349407659127,-30.586118524498946,0.1553233787595003,36.90730511998223
643,18.329488339894034,-52.853402663525344,11.547424297495763,18.08106290062214,-52.48186544227957,11.777353747423152,-30.057018424153288,-0.5671282530290664,36.138475676199526,-30.726974310541994,0.09201041177562012,36.964040699437376
644,18.11925967740689,-53.24829982121723,11.579471952237448,17.868852706501432,-52.87441511095912,11.802852695776249,-30.221052944359144,-0.7710965075850693,36.18572909239862,-31.031100940783542,-0.1218357199235257,37.00743835785314
645,17.91483880338016,-53.64303844206556,11.60606237196,17.661213305918373,-53.26742066478027,11.825055506883903,-30.375008814617537,-0.9124898475831266,36.265088916113115,-31.117738015649234,-0.32132538928288057,37.0852850884268
646,17.71468369186423,-54.038639707434996,11.62849490909529,17.456706806898435,-53.6633877225961,11.846653527572364,-30.542517974792435,-0.9800029328140386,36.266840291045874,-31.213948954047478,-0.4153954960497186,37.10499429123988
647,17.510679326588107,-54.43575225883057,11.642443036010828,17.252253607199847,-54.06249884524487,11.86295614745463,-30.606434045923,-1.7930671168295045,36.316111065609874,-31.193483099585865,-1.456413912398126,37.19551477457701
648,17.305498410139496,-54.82891650807443,11.649651078949738,17.047472734181273,-54.458907495182416,11.876457216665917,-30.460899754757765,-2.4025164513998267,36.37358817144732,-31.09877971584862,-2.18344512291372,37.278666221500764
649,17.09914351157508,-55.226425294241956,11.662772999703616,16.840854109230932,-54.85714655194448,11.896092203891909,-30.218604913528466,-3.0191920180788245,36.448240411524665,-30.920963290043957,-2.62637708061805,37.34676406309023
650,16.89129287972705,-55.62839143307963,11.676927278698592,16.63296371094937,-55.259937462030884,11.91898619699106,-30.194875102535594,-3.734555267536747,36.484364578041635,-30.961083372084065,-3.1362831389169448,37.36903709663101
651,16.68029169256087,-56.03025357582079,11.697421568253544,16.421575438936088,-55.66087337006027,11.945777209222637,-30.030500611491412,-4.350865615404753,36.53059142565267,-30.98254512810994,-3.569387280825272,37.39814097512763
652,16.46201981436239,-56.43617486517701,11.721191141430262,16.202615493508983,-56.06616712016723,11.973022143317934,-29.888580250535814,-5.072471391756756,36.54755287073433,-30.874347523901786,-4.087207242337778,37.42431394734107
653,16.246323924995053,-56.841145750475306,11.748851811029265,15.986507788735834,-56.46953281726671,12.002365735458122,-29.73136214068162,-5.773133626571137,36.60155999949962,-30.796487260987952,-4.408936340599731,37.45462794852885
654,16.03701621782323,-57.24847681714385,11.785915167682116,15.77832276257691,-56.875730443922876,12.037139144834658,-30.471625843510953,-5.154366981614146,36.62042815193555,-31.899163677438338,-3.787082123990248,37.497639605940876
655,15.822883237261195,-57.65836382896193,11.829137108331768,15.567022882170846,-57.283588060241954,12.0739146195165,-31.27995570862548,-4.593527690326155,36.6341706142944,-32.79720193454904,-3.265409598291861,37.53596009589318
656,15.606253354741762,-58.062002041218626,11.868821987399162,15.354823109945123,-57.68327876579737,12.107136428280977,-32.284669119510234,-3.993637783770741,36.6550914346268,-33.69167322804539,-2.6605570624489077,37.57836739457385
657,15.386498168612993,-58.460182737725034,11.905254959635071,15.13911812257891,-58.08078683386594,12.137565423084235,-33.189562399134466,-3.1059191726745166,36.69799754339057,-34.45879322712886,-1.934762754707294,37.61557482548289
658,15.159475826316408,-58.859653746186105,11.93698442605521,14.914039802168368,-58.47882151482811,12.164884767369532,-34.38455428804799,-2.031459888552183,36.73028598837098,-35.47709685441335,-1.1336634499673521,37.64363836970182
659,14.934940228328973,-59.25354305634411,11.965008891467708,14.687435986940086,-58.873096439216134,12.189983235535772,-35.81919832966041,-0.3072869034222081,36.818436855868384,-36.51381012623244,0.24496087339997974,37.74845697118515
660,14.717017914229578,-59.6514524853095,11.990463598440757,14.466100538086199,-59.27041614995841,12.215500842653784,-37.26072577332856,1.3164153001965866,36.923021297658096,-37.3355020499973,1.3175949899417607,37.8611020497551
661,14.509103772568512,-60.05515805938319,12.013721417322937,14.255610310298923,-59.673554310259355,12.241729938340256,-37.98628390079059,2.163802860528924,36.97680733987051,-38.11119952322091,2.018784167107768,37.89994525188717
662,14.310738724094799,-60.4636490687051,12.036512329432245,14.053934961935232,-60.08470979718982,12.269922074198972,-38.64427500534762,2.8521043046457457,37.02816516717065,-38.64158587750238,2.382877630442425,37.927865319404944
663,14.115251612701767,-60.87877469542444,12.061489837700925,13.857573906631957,-60.49922649187958,12.298583373961163,-39.46833127395905,3.4738235020637434,37.07553997704025,-39.4797394263113,2.758683116434688,37.95270017824823
664,13.919538733147856,-61.29066158521601,12.089591629358887,13.664201708396615,-60.91031729267196,12.328722552979318,-40.332659056138766,3.727144358690887,37.11191190325736,-40.28347402938115,2.771631935310471,37.963580933848775
665,13.714447268407032,-61.70128408835129,12.119594942648165,13.460916850970804,-61.32271384591214,12.35837912814127,-41.008358598065605,3.879899032652082,37.14743287106564,-41.08905046684819,2.8085970448877777,37.97341428880128
666,13.49932365938088,-62.11431843805541,12.151327736381765,13.246384314222334,-61.73762572448233,12.387798754004198,-41.44375858411439,3.3551772381983174,37.11980431081194,-41.664525135000865,2.61373592001985,37.97646524138048
667,13.276043867686042,-62.51656063819694,12.180489513620786,13.024426166474464,-62.1375167184197,12.41503871883979,-41.87934948382332,3.1016302803804985,37.08069643766337,-42.080438570254636,2.8139331270922066,37.99171532502568
668,13.050264545155093,-62.91726942765659,12.207562691242604,12.799937709012177,-62.535812010560086,12.440607803551144,-42.16213260592082,3.0245584484597763,37.07382266630168,-42.294658365394625,3.0858171213365093,37.99857685241068
669,12.82892512531086,-63.32078227215803,12.235336341426148,12.579527752715624,-62.93841764393981,12.468246059573714,-42.51203870888715,2.5125895205562494,37.12576381916003,-42.46666414547089,2.5085751123753615,38.08319856392125
670,12.61286041896559,-63.727122189613524,12.265020583453493,12.363093064090133,-63.344464097388126,12.498593612733975,-42.40707684488331,1.9230445619110577,37.13591983955692,-42.373431072333005,2.0568103135326545,38.09171105351072
671,12.399229955295617,-64.13365692592971,12.294256527331358,12.15210842095018,-63.74878280140074,12.529614370242363,-42.535295464535366,1.9601261085836839,37.158814846895574,-42.77952560591101,2.2894985154243552,38.10764302481333
672,12.190842237146667,-64.53471544837917,12.324465663800236,11.944932943898175,-64.1485823504288,12.561264788159905,-42.94047455726473,1.8582428979945311,37.18462732109931,-43.652516075249316,2.30131574068653,38.12501187042641
673,11.986730285359544,-64.93395686600502,12.357082516337115,11.738873394295045,-64.5507850655634,12.594843015869802,-43.079573800292074,1.854602769530131,37.20918296977896,-43.91004805017464,2.212610532636623,38.132644275412886
674,11.781222735541476,-65.33547240603899,12.39102109171423,11.531819527511434,-64.95064882657698,12.629207057273025,-43.25795295278563,1.2400859572916518,37.21488063809833,-44.1296630757216,1.6289514751121206,38.12321455733474
675,11.575756959428059,-65.73814721297883,12.426290593454038,11.324331100831763,-65.35200509918708,12.663219817372898,-43.57342608638203,0.6381759901149567,37.219006310706206,-44.3828615962977,1.293870081046995,38.109890743453256
676,11.371954621417983,-66.13837518328152,12.462396445926881,11.117364532188047,-65.75364661719857,12.697310245124577,-43.87479846038134,0.627886622021967,37.165851992379125,-44.55126131096314,1.0592456459364943,38.098289931382574
677,11.166862850578145,-66.53946230454177,12.495583817699574,10.9074188571678,-66.1591454224323,12.728524927208122,-44.08021412949846,1.1916974556378896,37.21510892258829,-44.32530460021484,1.6917676487058833,38.173620038632855
678,10.963509852375678,-66.94415887909233,12.525797427140295,10.701659537415082,-66.566356155685,12.755813683306188,-43.97492424147787,1.3755281306947085,37.27623490909417,-44.20076991605296,2.253572503608765,38.26069285227503
679,10.758827408653191,-67.3559719035227,12.555883737858649,10.49618365917163,-66.97860931850478,12.783416584108505,-43.25541293482957,1.830564707533705,37.37686014799883,-43.78766290752623,2.8927636075193193,38.38931299373264
680,10.552448445812102,-67.76895563779443,12.583538165338508,10.290370354331579,-67.3935398559385,12.809635307337071,-43.096786654055165,2.0401547961967608,37.47152583776593,-43.79686588721966,2.9748371750910034,38.47811031709118
681,10.346385438757554,-68.18446065927546,12.604937576968284,10.086408998973063,-67.80898932310164,12.830377154566982,-42.95517252780176,2.3157767180411506,37.56883797936305,-43.82435958436063,2.62154433187398,38.53206861356347
682,10.141301157695464,-68.60281101672687,12.622863913357069,9.885350873011298,-68.22507453802987,12.84881356362216,-42.716960142593614,2.0537119594869395,37.656032694462986,-43.791051415402684,1.7156986529072529,38.55622852532609
683,9.935104698319039,-69.0237653058337,12.64071484200842,9.683563803131195,-68.64365618833708,12.86901403090347,-42.423187356736754,1.8020321572277258,37.742071571458276,-43.657282353732136,1.0395917169908326,38.5758246820082
684,9.729672328189118,-69.44228917880959,12.656030792115049,9.48062754703083,-69.06178833486672,12.888326488706452,-42.5475004354265,1.1611001882948466,37.772380651224026,-43.78601257897622,0.7827510343182056,38.595637047322946
685,9.523793066384515,-69.86227853504857,12.673244535223477,9.277125531424716,-69.47901984185097,12.908567131605555,-42.722967003119656,0.5352203228107839,37.78722029351936,-44.00965587186702,0.6505906252063585,38.61369066841647
686,9.315334949511678,-70.2796945878802,12.689968291114067,9.068615488466266,-69.89359387461407,12.927677171927485,-43.06928776042972,-0.23334350271710813,37.754066557978234,-44.097681106364035,0.5276408169940756,38.62476858305508
687,9.106313599506482,-70.69211188429298,12.710265473087194,8.857949512049375,-70.30327378613715,12.952109608300137,-43.13286290642961,-0.6360052638439748,37.72845172033186,-44.11608986179885,0.5193514451962519,38.63006776463035
688,8.898453397018589,-71.10238837101382,12.73605643775637,8.647289055004759,-70.7115505084178,12.981750041425714,-43.27511685040716,-0.21899848523613763,37.72378649689623,-44.27567889063781,1.2404534891615304,38.64732463763838
689,8.691841571409686,-71.51211835522626,12.765368371457141,8.438514594045921,-71.11796778656289,13.013190398715086,-43.26132282472871,0.7144781073979044,37.716295141457756,-44.14692166673056,1.916377603201182,38.64079970732203
690,8.484673775128057,-71.92042464406131,12.796240499317202,8.229089357826549,-71.52478774948668,13.044856616180859,-43.31657101607801,1.5773896300348587,37.70303066222859,-44.02870226197489,2.403659456688117,38.62615995719549
691,8.277591059616,-72.32530974284067,12.832029794553408,8.021255662370566,-71.93129392900681,13.079338837971775,-43.130235873831325,2.1370398594454327,37.68854583833529,-43.821371770865255,2.6583334072682914,38.615868790760096
692,8.070023756677696,-72.73287172859189,12.873553027669194,7.813281336525108,-72.3409531095103,13.117504885677135,-43.00954037340743,2.522554173642629,37.65870352937148,-43.86655929583136,2.6837332569443726,38.5900422490174
693,7.865251847365956,-73.12769407617105,12.917175322192533,7.608374780690481,-72.73810748347324,13.155631084548176,-42.977279059790845,2.8296647381096065,37.61524327993945,-43.931136203361525,2.5901941980587515,38.546958485195695
694,7.65670463277359,-73.52881329712535,12.957750915890648,7.401695040739811,-73.1417931247364,13.191243987498725,-43.178315960503994,3.2679740679567058,37.56963393599614,-44.26027160261671,2.783034600011979,38.50616999289152
695,7.4477301274129,-73.92973713863162,12.996810539006717,7.1929289104106555,-73.54757751261926,13.226878753209727,-43.158985537724014,3.117643490428092,37.51256705883662,-44.36867163234138,2.8395883205488084,38.46675487177072
696,7.238884608197654,-74.33623142562013,13.033147643393368,6.985079406225036,-73.95714591276294,13.260274269570841,-43.2307818907,2.944126906217549,37.46734986728776,-44.32382408906362,2.953574148639512,38.4316722621955
697,7.030835271273573,-74.74639885629853,13.065986823295807,6.778437548721906,-74.36930335427043,13.291116975883211,-43.27560059477622,2.6844602161574094,37.43436526565844,-44.23388455108626,2.869930575209104,38.411146682132305
698,6.8217990407906335,-75.1501890988661,13.096772301943368,6.570820175102517,-74.77345234703837,13.32136594341011,-43.65605337164631,2.6014436636472738,37.39531607362966,-44.51625279898978,2.912469775494553,38.38781779590378
699,6.612581396749849,-75.55615245458792,13.124751201144306,6.362468285431853,-75.17757809377628,13.350063441804364,-44.08658653172006,2.591643789728083,37.40568137990131,-45.02455776705681,2.872342943299129,38.422270916315476
700,6.406947679485539,-75.95864056803319,13.149966743042857,6.157277602119244,-75.57440194136215,13.37778600101677,-44.51724347286646,2.616585622473365,37.43951883381997,-45.463442746577094,2.774305749674411,38.46009316891778
701,6.208123758593097,-76.35691609904684,13.174935469015374,5.9595722774230415,-75.96733917690025,13.404329813042358,-44.64689478926598,2.2604957975730144,37.49409989461244,-45.66585320080005,2.435624953204056,38.513348226941524
702,6.015640012255923,-76.75822919774225,13.199589360982568,5.764483876762776,-76.36908689669815,13.43077873945951,-44.71220780313476,2.3252110483707678,37.57519016411022,-45.58598750107865,2.6575135170292663,38.5856470864897
703,5.824028644737607,-77.15885558744728,13.227002840095073,5.568885802773105,-76.77319842062067,13.460602699056373,-44.75420819597328,2.328555797446671,37.62493174984661,-45.35892856807805,2.8192488106268034,38.596010210390034
704,5.6305819983144,-77.55621115519448,13.257287295942922,5.371844352292867,-77.1752895556936,13.493768041150073,-44.96664063376286,2.426861906846642,37.703992792447565,-45.36088900802044,2.906007448750472,38.652501209482395
705,5.429067057097122,-77.95184372822641,13.291227191985898,5.16729453680928,-77.57439425025507,13.53062505476874,-45.04237413716951,2.3483493462592566,37.79344091003431,-45.525101026794715,2.834086080100799,38.70588465310183
706,5.219113245276592,-78.34507177226818,13.328653132626043,4.9533629951692815,-77.97225568355623,13.569696505354417,-43.95963106194376,2.7707071852798437,37.87376939592557,-44.31816670509569,3.4078327057933735,38.78882250508471
707,5.006610040023265,-78.74025745614396,13.365811426350747,4.73919184425001,-78.36656110572704,13.606894364901663,-42.88982063735129,3.217931725140323,37.963011979835834,-43.40184588883187,3.8343410091883285,38.87571482909664
708,4.7941619061582035,-79.13830938461561,13.405142532901579,4.527921772245167,-78.76023876557464,13.644386837524321,-42.161774002580664,3.8663278503440583,38.08922273220618,-42.99653737938213,4.190343924591398,39.01832203590969
709,4.591893439407221,-79.53767382287307,13.44951798994903,4.327176344200085,-79.1566713545112,13.684476481291876,-41.60243411431895,4.160833872326446,38.16072645630639,-42.65847099440083,4.455528375859996,39.090201709579134
710,4.40498316753836,-79.93927197940101,13.49753230023357,4.1412717611184675,-79.55748978923138,13.728447719673202,-40.81743728420907,4.696921532566527,38.30923742738359,-41.90095182576625,4.978865353807283,39.212086180472866
711,4.221037720724968,-80.32619436496648,13.545878504101744,3.962820191146848,-79.93809496302653,13.773545971930032,-39.74795404316474,5.248066063493816,38.4259555216011,-41.08612350640837,5.373783293318196,39.31313950983022
712,4.011222578671465,-80.66748024431304,13.593277756595485,3.7632157044296495,-80.27309401930361,13.819148727921563,-38.43245162538319,5.94483805304837,38.56283392367411,-40.30379762207119,5.86145482242526,39.42973849432343
713,3.765630286848263,-80.9391573301808,13.644677410704158,3.528972702969706,-80.54049812854913,13.869383635281372,-38.05763057628506,6.140028002210189,38.670740416586966,-39.63707543398017,6.083978859989389,39.51798003865145
714,3.4992528543238803,-81.1266659399998,13.699632799590084,3.2721647899525155,-80.7250918391645,13.922728015117043,-37.626609617403325,6.231632595898178,38.762811297617496,-39.104336103013225,6.109214596065017,39.583773443842134
715,3.2361156053171034,-81.23100443715197,13.750736346390825,3.0110497104905973,-80.82769640760715,13.972745230447224,-37.03560294490922,6.044450084391693,38.80403207635305,-38.705388065366634,6.012589744822317,39.641386509559275
716,3.005723933006732,-81.265843052425,13.790835289542047,2.7725955818894725,-80.858359019704,14.010060875548048,-36.51073859761433,5.7500101062026046,38.88221276201827,-38.433614034305,5.863636667580012,39.69274883460477
717,2.826990941769587,-81.25565627864184,13.821928938152308,2.5705335140044223,-80.83780286754063,14.037829515586187,-36.37821943549487,5.624169563576672,38.915328318917204,-38.2513890907597,5.708768063019282,39.73404064594364
718,2.696905080898471,-81.21981971320842,13.846070891713879,2.413079420716896,-80.78488797889494,14.0597753978991,-36.279369543405316,5.628414950118561,38.94389682023172,-38.130454417956734,5.571361957077626,39.76400987386269
719,2.6091223150874665,-81.17259378826375,13.863172289476102,2.2920085997722643,-80.71710717536553,14.077714368458313,-36.36821398075654,5.672801572986976,38.95070590853593,-38.05226054597875,5.457156687183887,39.786551793087725
720,2.5440565877805357,-81.12188203449645,13.872680470774947,2.184204947528097,-80.6452470142647,14.090419779867595,-36.4344834415959,5.720617048311375,38.95171781793844,-38.01085967219091,5.373009889506197,39.804645993939815
721,2.47474774036695,-81.06800617649817,13.874833402391356,2.0602327304278227,-80.57193441826895,14.0986567981565,-36.46542498859083,5.7581581820795,38.949569669279654,-37.95777147223475,5.306140438859012,39.81911403916991
722,2.3839609744928167,-81.01017998756802,13.870938482435323,1.9078718817131368,-80.49951404405616,14.104879574239886,-36.507600931051144,5.79894028081674,38.945824015336974,-37.9481559568385,5.268863700021282,39.829515813544404
723,2.2626888826965046,-80.94246779006521,13.869371068116799,1.7284095921118816,-80.41940229961803,14.114063462870199,-36.6541605539242,6.149586837580569,38.943861319001925,-38.102656682487186,5.680643948017192,39.84007264540546
724,2.11577215454088,-80.84904139063056,13.867451042841884,1.5405110930178483,-80.31198903343268,14.11967335753453,-36.56332276737555,6.363442158267089,38.95000515758862,-37.913829378329005,5.8205974830629525,39.85723649320607
725,1.9494001010726354,-80.71010221176063,13.866552038857627,1.3570226342320828,-80.16048960361655,14.124739148335957,-36.36241148214882,6.389580845788204,38.96314667537148,-37.63521148827935,5.678112223082557,39.88095597024091
726,1.7667655912165137,-80.51765231236251,13.860767594694243,1.1784669708594333,-79.9670176525906,14.121790440697305,-36.00391680311491,6.370049009670391,38.983088036164936,-37.21119895230615,5.51637111616907,39.911325269947326
727,1.5677537319775066,-80.28904347902561,13.850269367049941,0.9960061383243103,-79.75161133636908,14.111502888173595,-35.59924541469209,6.298413233949984,39.00855838952639,-36.82273212233872,5.339057576894131,39.94338869396913
728,1.349043823529767,-80.04889494611236,13.834167876381567,0.7975998677995576,-79.53033023300831,14.094085661627998,-34.99701231239928,6.164100973170567,39.04190985689873,-36.21684377059233,5.0970331371948925,39.978537241129125
729,1.1026785158159584,-79.81208441445675,13.814052089486948,0.570626183981227,-79.31224508316411,14.073399086903098,-34.31418645961289,5.954386346848915,39.066185323386016,-35.64741109342281,4.794529884191799,39.99066967798046
730,0.8252704746679573,-79.5877482409001,13.787293705345556,0.30879405474068083,-79.10415216338716,14.049911617975003,-33.580033599675545,5.386850068341627,39.081598928517174,-35.18136663112811,4.469764941952895,39.98561101786702
731,0.5163529343496811,-79.37787659557415,13.75665708880566,0.018535971919477257,-78.90852949077826,14.023779028702414,-32.691818273594585,5.039250235436395,39.08205644003356,-34.36354666838552,4.247419607312201,39.970011341071114
732,0.18480931446912746,-79.17896106551416,13.718425811995782,-0.2924207464951134,-78.72032080231443,13.994876764947255,-32.158868195033264,5.109002133412113,39.06978668000024,-34.07820749528313,4.411848628234756,39.95050812962481
733,-0.15374991149943262,-78.97940719533482,13.688351073087585,-0.6113104943149079,-78.52943621679937,13.977402512134113,-31.80856166789728,5.21809784900321,39.055786364676116,-33.89222528268065,4.636323410982316,39.944039999237205
734,-0.49159818985063874,-78.76514293624591,13.66957619813171,-0.9313807813150712,-78.32499348884713,13.970399696385616,-31.57530126814251,5.363006351335555,38.98811348303053,-33.842125525878174,4.863132625135197,39.873572329818835
735,-0.8274224579209104,-78.53631918875732,13.66160312297325,-1.2493342123635305,-78.10898948986888,13.969421545748471,-31.59050954133344,5.618573187397441,38.90958067870012,-33.839427766058805,5.180223116726067,39.81743924629567
736,-1.1620362416338603,-78.30090435752099,13.659207374237717,-1.5673630605393454,-77.88628305665974,13.96898037014084,-31.74642773415611,5.957178823088399,38.85259047067563,-33.94043548953371,5.417377234316815,39.78721383587609
737,-1.4992042188450654,-78.06967599138491,13.666124653294597,-1.8918914329337362,-77.66522957181826,13.973834634296132,-31.726658736579726,6.174945957302939,38.81662268603436,-33.770201137097345,5.31127136198861,39.77767373454773
738,-1.844699112370194,-77.84979972613714,13.683110041827081,-2.2272190871058077,-77.45268428387358,13.983773050616964,-32.07371249463388,6.462530103040635,38.790777169079476,-33.70782667417267,5.3503595864076035,39.77094054894367
739,-2.1977013259131004,-77.6416845925077,13.700243973776074,-2.572653502992403,-77.24994450929181,13.984569695255946,-32.30421347232466,6.602192440331379,38.77188837493666,-33.870414176346515,5.493646621563445,39.764518800585115
740,-2.5576009650528837,-77.44109537358776,13.70781756639225,-2.9280038568311797,-77.05286899633983,13.978896872627178,-32.69094398963559,7.041649578422029,38.74491153499033,-34.26254436966577,6.12296124347074,39.75544552078717
741,-2.928447679775121,-77.24350889309869,13.707234277738584,-3.297779985175747,-76.85710057754007,13.97076244121209,-32.666905650043134,7.533328798265364,38.79932449781535,-34.106409931294166,6.743484772045059,39.79732719134254
742,-3.301489109727559,-77.04364319644989,13.701755853707692,-3.668557474375134,-76.6611100775295,13.962853291887225,-32.52461967637323,8.158694121227335,38.83471039224444,-33.87389831992806,7.558334687750289,39.806461233482466
743,-3.681261401938891,-76.83223253511974,13.690321545396298,-4.045311329659862,-76.45442584817057,13.94990917693399,-32.39220220406526,8.861442592392514,38.88330295979034,-33.81284250423725,8.288391218797424,39.84820075039978
744,-4.056297078408936,-76.61444101057607,13.67123994939887,-4.418291702189577,-76.23935797873179,13.93413658737561,-32.10230459042744,9.612729382186794,38.97551010848439,-33.27838583551072,8.679035950284582,39.95629701896956
745,-4.439888693375445,-76.39250621290024,13.653881395147918,-4.795802143175214,-76.02073071679507,13.92966984257332,-32.0923779647135,10.168326748972857,39.03470749805625,-33.32323227939035,8.825272962244716,39.998660365667874
746,-4.831236718051618,-76.1808657969982,13.647629781424971,-5.178814859327044,-75.81203264818953,13.93460764118026,-31.653934920093793,10.723268836209648,39.17599278506839,-32.95648224897669,9.051310626429926,40.14570511872743
747,-5.232447129533919,-75.98657704646133,13.653109442683803,-5.5700112716362655,-75.61956699212753,13.947873066675966,-31.11356704386842,10.939257964167007,39.31614165287236,-32.7692191357095,9.260387485613673,40.250757610447
748,-5.641221058655811,-75.80377360817901,13.669586326384872,-5.973042005929065,-75.43598409298052,13.967384620275267,-31.11069072084463,11.250234205347992,39.41345683395622,-32.89713047112786,9.677230330908257,40.32896329745198
749,-6.051459274229715,-75.62673943784398,13.695032341341701,-6.375229417600762,-75.25993900987062,13.992676105684762,-31.207350346712104,11.50363412594132,39.55499401257385,-33.05497965936888,10.254305686992215,40.42809165716794
750,-6.461536614649209,-75.44875870485387,13.731844415523726,-6.77735981459786,-75.08387500872146,14.022566426034548,-31.039305960175312,11.627774808844322,39.66289449308255,-32.95748122298766,10.592280271396646,40.493438222205555
751,-6.862882182971776,-75.2709450533734,13.780849293890775,-7.176625803126883,-74.90495427828964,14.057040638229433,-31.41414966890903,12.060704424897267,39.6844135683916,-33.14075101091847,11.170411303107617,40.503124133209305
752,-7.259551898538442,-75.08618446102793,13.819450377666511,-7.571182585400083,-74.71912191331236,14.078928405157974,-31.413421784694034,12.762164556600098,39.73224434370408,-33.22534203019826,11.790789832430049,40.502628922234614
753,-7.6503587672611,-74.88999707027887,13.845745191050149,-7.962188368141935,-74.5232256644008,14.09067444282603,-31.52583821817569,13.243503843009085,39.69245250282744,-33.06077348104864,12.108381834183232,40.489908067260295
754,-8.037855913608897,-74.6834192135834,13.861975614629207,-8.350038645088965,-74.32058074499714,14.09745211707537,-31.770420496321645,13.787511713336258,39.64546657007983,-33.22381410105691,12.463002559718396,40.45719559404646
755,-8.423471672238062,-74.47550819456727,13.868388472881314,-8.739194770199092,-74.11414676750312,14.098363109500603,-31.949928797215023,14.351439574011465,39.60730020907002,-33.524487871357266,13.029533768817554,40.44141576221295
756,-8.811977930692755,-74.26624952191631,13.862557804328532,-9.129249882801961,-73.9059506680696,14.092815937283818,-31.999582316102902,14.685943685698286,39.5482463725161,-33.61420575431741,13.41114220131076,40.43854162476834
757,-9.197971801422616,-74.06223910742337,13.845771011824265,-9.515095494849323,-73.70268190588735,14.083434161015676,-32.14835573483008,15.235707425543309,39.494755848002505,-33.609896892715035,13.877533704143248,40.42972985340861
758,-9.587324461471248,-73.86429734341229,13.8304820843635,-9.903184815839516,-73.50490430495174,14.086786381128888,-32.33240356796823,15.63722952310289,39.461975479133145,-33.89452007757698,14.369654064665825,40.40695275082904
759,-9.980212175626509,-73.67406773494018,13.828423007625636,-10.293907980283823,-73.31416043396945,14.100127408343049,-32.7277202055791,15.773357982113824,39.43435373976123,-34.35797023950712,14.547309669421656,40.38678500604326
760,-10.373978299211144,-73.49011409483073,13.837289640732232,-10.685865310118977,-73.12820960813117,14.11950264105248,-33.534313120772914,15.9779334679961,39.407430400418775,-35.0806689350508,14.612902512572422,40.364822462025074
761,-10.7695776946703,-73.30772577069327,13.856060166971956,-11.081344839321346,-72.94430181897077,14.144751348315342,-33.814347660171194,15.62250847107696,39.42044094792927,-35.22361819052226,13.973843896954849,40.3750020114782
762,-11.16423667091205,-73.12501918529452,13.887712917237172,-11.478476857496068,-72.75992460372385,14.17627289120057,-33.856169800651,15.237035249193312,39.42996728460775,-35.19234727408294,13.692961734034526,40.3837105105707
763,-11.55811328791046,-72.93957069748657,13.931751694016157,-11.875912367030251,-72.57386953238198,14.2130867415406,-33.9661922060763,14.909527667730812,39.4568697457427,-35.1065761737281,13.480598042421393,40.42810660913147
764,-11.950010036236579,-72.74450201789298,13.985573189394387,-12.269961199042724,-72.37981494789884,14.252972504805106,-34.05264075569389,14.570106918291296,39.51089101783094,-34.92899915046929,13.452795784020125,40.495745484592625
765,-12.337454944263778,-72.53014567522206,14.038597469444758,-12.658527314358262,-72.16629587484957,14.295163865852691,-33.949128345488106,14.061348512191188,39.57319099417744,-34.780650343069446,13.312479013240834,40.54466846484713
766,-12.723652065711207,-72.31081000415087,14.083258146534316,-13.044451761421373,-71.94743557275912,14.328797432634225,-33.73396135510815,13.682455262085858,39.638376665292,-34.739321908164776,13.181627575782173,40.58942002845194
767,-13.11723750139691,-72.1021372517235,14.118926908769676,-13.436541766962167,-71.73806811270556,14.353921308742533,-33.08053396931077,12.895000323332528,39.71610640368947,-34.4543122007667,12.445349354936113,40.64365571159415
768,-13.517402567604877,-71.89169323769242,14.147332031404797,-13.835236353807257,-71.52599564789841,14.374475685533334,-32.845265416587424,12.560540715565596,39.78575780028602,-34.4190811738704,11.777509960050995,40.69514473986761
769,-13.922410145014885,-71.68287792180989,14.171210369934737,-14.239511048925289,-71.3166917732906,14.394449544901049,-32.692341050508155,12.283398990190793,39.85847125619464,-34.34779971987127,11.546741215682653,40.74196725138013
770,-14.325390405762654,-71.47215397311251,14.190459378890068,-14.641278196364745,-71.1082985065787,14.414992376869781,-32.54034154884708,12.065340334518405,39.914996316526874,-34.22782978070215,11.454345626933096,40.79439617371491
771,-14.722029505505049,-71.25828875614357,14.204979751419737,-15.034023700024362,-70.89786808357192,14.436685798244575,-32.370132899402755,11.8430517237411,39.95851008654818,-33.98743063453941,11.515981564653016,40.848631076756014
772,-15.117542499615936,-71.04253727556141,14.217049503444947,-15.425790647516214,-70.686218881656,14.460938349986407,-32.18306706363548,11.642535696192661,40.01651856097094,-33.76068017650556,11.484828817882544,40.90708686321753
773,-15.516324901807073,-70.8265339514006,14.236896494069777,-15.822581154883276,-70.47262740269238,14.490147144004087,-31.997345885745585,11.32425348708848,40.078296925806846,-33.65589514833473,11.27708275943532,40.96514016972402
774,-15.912981797969024,-70.61324467556139,14.26598098540118,-16.216823403970334,-70.26085497573705,14.524271580664191,-32.19782297696231,11.744067432246764,40.12342884597408,-33.869800387285544,11.505253351330769,41.00821224344593
775,-16.31303553231592,-70.40635186302882,14.302825052857667,-16.614687132778563,-70.05218748076422,14.562455863137776,-32.20715614324589,12.131721403372838,40.17134410034097,-33.96538177590191,11.567781169807914,41.055128804518915
776,-16.710917978611462,-70.20766135718675,14.34633469388562,-17.015418148097876,-69.85017264474311,14.604101566675094,-32.35388064836719,12.215987129181984,40.24138988346326,-34.18856745233873,11.495651539773577,41.128716808147026
777,-17.11111519725668,-70.0127752532828,14.394592539659913,-17.418613696609476,-69.65222551318608,14.647225144184839,-32.68829490748417,12.097997494397326,40.265809338138794,-34.56672254429032,11.248817792728213,41.138665850259024
778,-17.514283482836664,-69.81669508354535,14.44638531849125,-17.819320296660447,-69.45452632786892,14.693125339918778,-33.077400973932846,11.66173509282737,40.261107171911114,-34.80554791501177,10.747396781244852,41.118422717601334
779,-17.914640173034055,-69.6129905871607,14.501034639641968,-18.218511657460933,-69.25168432855803,14.741462926975142,-33.863637523333345,11.190544790330266,40.213394703158095,-35.51395449684682,10.216038565295673,41.055303215226196
780,-18.31094844003207,-69.40268089211739,14.554660581341205,-18.618589356670196,-69.0430007639648,14.787568106274692,-34.92565820941072,11.307034628746925,40.12006833379804,-36.53453981616323,10.422007430803573,40.952264735765965
781,-18.707314384323475,-69.18741658023174,14.603710019995155,-19.016747453709538,-68.8300411337776,14.829918716020988,-35.76580447783449,11.356579848932519,40.00765852429061,-37.340683891472096,10.875498566909629,40.84113720764287
782,-19.1088115178706,-68.96934275832092,14.647777726436606,-19.419625979306115,-68.61320258633684,14.869208010388396,-36.568801332517545,11.329034406126954,39.86609382874315,-37.852932890818444,11.00841739438219,40.724007135910725
783,-19.512506833275342,-68.75156919921353,14.688223009286807,-19.825007050364853,-68.39496111479319,14.906901283166544,-37.411171323819545,11.37581906030044,39.703109932637766,-38.469954799383586,11.104418756645828,40.634991094472205
784,-19.919675222917263,-68.53642788844363,14.72517999649079,-20.232768692826518,-68.17927062779495,14.942154034149963,-38.11936428317767,11.457430124252033,39.57357158463296,-38.985121982119075,11.055497682640214,40.563574731237765
785,-20.333385213784968,-68.32470318762698,14.757196811186164,-20.642846542386838,-67.96795583923371,14.975331032443053,-38.49271937392869,11.165964397483675,39.486433284403745,-38.87138832885226,10.19115205966141,40.53837475952246
786,-20.748814029412408,-68.1164203669037,14.784816805406098,-21.053672052972328,-67.75931130071721,15.00722153485741,-38.61647155781089,11.336267669622933,39.453994460927724,-38.94645462843937,10.0259615219727,40.54605037172656
787,-21.166650031970875,-67.90501758997216,14.812201313041186,-21.468414660935263,-67.5464972568576,15.03848669941535,-38.6083431971686,11.00464543498323,39.4281401901071,-39.268088962193204,9.813015986124777,40.50865481185705
788,-21.581525337170934,-67.68594079158505,14.839356762611105,-21.878602200719055,-67.32735402787705,15.068846998571837,-38.894452642725646,10.316523159216393,39.43563775717274,-39.92893996564168,9.423737306593795,40.49756556798601
789,-21.995677345511787,-67.46340364888052,14.866390942898855,-22.29042525847506,-67.10483692881488,15.098349946997542,-39.15132325536959,9.536230593156528,39.50384102714324,-40.28065461983726,8.750273355484575,40.54558500818066
790,-22.40987952942198,-67.24522223218199,14.89306018527802,-22.703395512031108,-66.88621154253775,15.127066897142186,-39.415727049765,8.735514824026769,39.58999850296702,-40.78583881399358,8.170318283815778,40.61010375115487
791,-22.823017768842092,-67.02689605769848,14.919643127396407,-23.116272601687953,-66.66854447906131,15.155395657879795,-39.902174593901016,7.933192466145453,39.65381575760502,-41.52287130799144,7.580081274485051,40.63057005373532
792,-23.238516593988614,-66.80537197486368,14.948808146483287,-23.530407698936514,-66.44961838730454,15.186602842419818,-40.77445266980758,7.537518950765265,39.678424369191966,-42.120165187830175,6.863514820280249,40.626226576511066
793,-23.654109650926593,-66.58535837736325,14.980698231865622,-23.945186535764567,-66.23402683080619,15.220406872925656,-41.77982493537556,6.783924370469303,39.656461317070296,-42.95937431432149,6.310996586584,40.585475005141156
794,-24.068790898261277,-66.36832385684397,15.015058443946936,-24.360944808350126,-66.01961242040308,15.256181798852387,-42.524613016458,6.106480760630347,39.651781372079334,-43.526006879176734,5.896336613005961,40.53355576399847
795,-24.489477050086016,-66.14820408552173,15.050955062156406,-24.781583382841134,-65.80044696880238,15.292727796807991,-42.77356048303734,5.726669736413006,39.622659595444105,-43.68168175917168,5.75603930473621,40.47760430764574
796,-24.908113203535216,-65.92868463315065,15.085470328179879,-25.20140961703271,-65.58111745889573,15.32683760749819,-42.76365658457275,5.597658281828612,39.55152177882719,-43.26126599982945,5.6320283025596245,40.433045610028366
797,-25.324938507872805,-65.70836136916847,15.122937863212467,-25.616720887000785,-65.36142445889561,15.362827949856127,-42.58201402311378,5.532826158655393,39.45945253938065,-42.91307109298694,5.58305193489122,40.39104213272039
798,-25.74341211446188,-65.4909824412373,15.165314584270174,-26.033457542445728,-65.14520510614396,15.402581009877332,-42.27404271742267,5.776318198656564,39.35770719164253,-42.79080772861938,5.848676467160118,40.31427667158048
799,-26.15972437614184,-65.27663315692264,15.207452179055164,-26.446833706182105,-64.93055055428245,15.442464533741699,-41.816484595001874,6.275678263076749,39.27067544392614,-42.49192636182894,6.176738712907137,40.25292188533313
800,-26.571931336683754,-65.061907993795,15.249634731172673,-26.85681562077724,-64.71717805111811,15.483020994312781,-41.28677103020496,6.77051883466457,39.19991149721295,-42.517560996381945,6.45298786666106,40.19031879792986
801,-26.98230279104762,-64.84334954810444,15.29173455713667,-27.264628271612228,-64.50013302956465,15.523870494097443,-40.62150075652012,7.3257751705364,39.14356666877448,-42.2471350815849,6.788032263367978,40.14169049257967
802,-27.386750710730748,-64.62637557241796,15.333329808974497,-27.669230739680604,-64.28147978442554,15.564072865311054,-40.484664636268185,7.759476712936837,39.064673351471036,-42.468875871649864,7.079747735820095,40.05553210676864
803,-27.787546493141747,-64.40840266059328,15.374290804076109,-28.07316412433696,-64.06126794465168,15.603752683172438,-41.12687636502444,8.038032697683208,38.95645898250161,-43.191480031324154,7.08042412248823,39.94116205010451
804,-28.18871853740413,-64.19021400902822,15.413653192895689,-28.476070878812873,-63.84071495719229,15.642276372617655,-41.8974093802094,8.332897431546344,38.838966600737486,-43.937192372695385,7.1558547953484,39.83165356275135
805,-28.58926748168536,-63.97486429765005,15.452789799767777,-28.880561437832295,-63.624108191390306,15.680821628282805,-42.19522486843579,8.777909562078506,38.74503568358908,-44.02549733011232,7.73413954795022,39.73497326837215
806,-28.99265446949906,-63.76601883612301,15.493785488902224,-29.287486265054554,-63.41540305666468,15.721390811800557,-42.50361769818315,9.23015669616827,38.691725279973504,-43.910677612986824,8.331768205976132,39.71169890613683
807,-29.39469123797083,-63.56033622852892,15.534365549666205,-29.690179865021303,-63.21254344835371,15.762391874049428,-42.67474102982327,9.677284475738356,38.6371268571258,-43.889691840596115,8.813188464416886,39.67933187552183
808,-29.794522171360637,-63.35865472657572,15.57350698001996,-30.089338353260395,-63.01414019847889,15.803063528089769,-43.0171759420477,10.171622348250429,38.587388860138375,-43.828624518687995,9.38887486304881,39.66426991828063
809,-30.192069773934776,-63.15784515498178,15.613166163652153,-30.487495928110985,-62.81576000371073,15.843638064845894,-43.13301505417002,10.709168496047143,38.60392345133719,-43.90131820317695,9.916882090614356,39.69662085077207
810,-30.58807424450214,-62.95757260773077,15.654266329029896,-30.885246183946204,-62.61703349130281,15.885307334006358,-42.796340046424675,11.379062366135765,38.67087228712982,-43.86803455745914,10.272935388013526,39.74673663074682
811,-30.977617794784674,-62.75617177918,15.698510089521365,-31.2773162575492,-62.415020697963556,15.93103550076759,-42.243983501304754,11.865524000035986,38.7675976849735,-43.715961791187034,10.38329027641564,39.810991174257076
812,-31.366412124688544,-62.554586800965026,15.74610941276346,-31.670620511932064,-62.21096498861324,15.9798649136747,-42.04724225769496,12.001740371271463,38.88829893960124,-43.58417197676552,10.507950543995126,39.88845970821974
813,-31.754535282960124,-62.355150151727685,15.797002143957702,-32.06487321776902,-62.007735803306204,16.030658721525132,-41.93240932482163,12.079880167032941,38.986464129139655,-43.39833005282225,10.660113895007855,39.971859048384694
814,-32.14385102836973,-62.158984183131906,15.850344140637457,-32.45580158694907,-61.80719784650463,16.082866035491087,-41.927999645536325,11.978204438387724,39.116144537249546,-43.470575882174046,10.531733036221603,40.069301302583334
815,-32.54261277343383,-61.97003205278245,15.906789070743413,-32.85499099480274,-61.61541820164239,16.138047638178534,-41.983260822581215,11.682056262892088,39.26365268554492,-43.56889785348642,10.348110027159635,40.18225993547414
816,-32.94495217512393,-61.78107939141964,15.9644580934952,-33.25952207725467,-61.422871318343795,16.19109730658681,-41.95724990900125,11.225924689892723,39.38605453086255,-43.658630858417055,10.043426928103004,40.28349530228241
817,-33.348192905515496,-61.581139928301674,16.021739938824204,-33.66526350340584,-61.22071077326427,16.24153978200673,-42.00916473970455,10.968092148482645,39.50490503257897,-43.74535341124594,10.01014370261718,40.38377596384596
818,-33.75568203351866,-61.37624680011953,16.07341073323723,-34.07404302043559,-61.014952679922935,16.287991341423506,-42.208483606729715,10.501156042710651,39.59307095560834,-43.8955014663781,9.518852846783455,40.44380007619567
819,-34.16721351606003,-61.16780764456565,16.11843982176063,-34.48807787239524,-60.80688652435422,16.329937862498245,-42.471238934967445,10.14838448259448,39.675653539407925,-44.09489732918806,9.323981405543385,40.509677490602826
820,-34.586004237861005,-60.960078229179025,16.15674250786153,-34.90774463934746,-60.600773725804764,16.36712955054964,-42.65142241629725,9.834616033008755,39.738791133517296,-44.06227253576942,9.277101126166825,40.55680683565116
821,-35.012365329680414,-60.75381800992861,16.19057358064263,-35.33085621178038,-60.39560922995945,16.40283075730442,-42.924912535490876,9.755768487385073,39.75811939366551,-44.38401296876214,9.313051808142387,40.56443545503264
822,-35.44659181224309,-60.541861460103775,16.222086273758883,-35.75903937592336,-60.18715992914662,16.439456400398015,-42.99553029058046,9.805360308773205,39.745657624713076,-44.39936188812784,9.443946089975363,40.56006889923424
823,-35.8794867847148,-60.32806602547821,16.253457997863244,-36.18638556440752,-59.97679583464028,16.475241052259694,-42.972793364156466,10.13782772751038,39.72006093952987,-44.29563444405073,9.78692094667708,40.54988325967881
824,-36.30772219325496,-60.11512822293797,16.284648075117133,-36.60782386150921,-59.76757806796775,16.510229354304226,-42.91051284705194,10.232040486146511,39.67505460372748,-44.16844561080297,9.936706408957706,40.533503736871765
825,-36.73230539589822,-59.90196379232782,16.31604979036807,-37.02616092965228,-59.55906700821735,16.544171104849717,-42.78246831401076,10.631151026997703,39.64564450799593,-44.06341159335095,10.01937227104166,40.52290862338671
826,-37.15422448091472,-59.68905707911591,16.347218262846326,-37.4429716237137,-59.34984874452427,16.57721805275527,-42.571608511013004,10.83358790141122,39.598263104101015,-43.941861624301815,10.012261022433561,40.50685473486099
827,-37.57179131659803,-59.47439309332526,16.378393999015348,-37.85687839109995,-59.13643239415036,16.609722429242627,-42.590134111034196,10.96096694241287,39.550036803715486,-43.973007565629544,10.004261492307409,40.48736615696896
828,-37.98497546744029,-59.262447299029304,16.409468960985468,-38.268266217692116,-58.92333853476327,16.641940259616145,-42.28096111871912,10.923458470990338,39.521125316765186,-43.88432083043283,9.858759637434911,40.46993987185359
829,-38.39845421961644,-59.054480514961,16.4408388857162,-38.681039482035814,-58.71090380895213,16.674200351378218,-42.152943353658806,10.9600367897928,39.494084785703514,-43.820260232180836,9.933636986964279,40.44725137113722
830,-38.804174275106135,-58.854022906187566,16.46925081447871,-39.08669998723546,-58.502960344513745,16.702014441367975,-42.073153382696454,10.802792916360135,39.47795248467143,-43.71547527513257,9.955085169268285,40.43684546783249
831,-39.2139927009238,-58.655004013650725,16.493599735900844,-39.49522742456578,-58.298590828465436,16.725407028904996,-41.96629450177363,10.725360155812371,39.459825935868295,-43.55510755322445,9.961693159058662,40.41731233367598
832,-39.62358092149898,-58.46052933304362,16.51421626989766,-39.906181650027456,-58.10351119360862,16.745520704671584,-41.860901740800415,10.688757406375519,39.437696798594416,-43.42687622959167,9.98745775403755,40.39886010802088
833,-40.026289416685344,-58.25742059712903,16.531576996496057,-40.31072307126289,-57.899219845930254,16.763474283136066,-41.8939510864805,10.79361275309842,39.39261201145092,-43.47925172909699,10.134831194101583,40.344273539927464
834,-40.42260030187481,-58.05151100734378,16.545131254257264,-40.70904906166742,-57.69315414057009,16.779186618750717,-41.84750336003299,10.811965000137075,39.354154184752105,-43.538380998965884,10.126533311890222,40.30355577361724
835,-40.816814315453165,-57.84213012897496,16.554376632430163,-41.107272863884305,-57.48471968941559,16.792265404850493,-41.963719057198965,11.03736148358929,39.304385203960805,-43.695404234239064,10.274383012164872,40.25333415674326
836,-41.21018374310095,-57.63596315305661,16.566734148679373,-41.505030318769535,-57.27968452111344,16.811402145899496,-42.05760676386192,11.142857275021155,39.26866474054807,-43.80231509666413,10.414825657918824,40.22387657360661
837,-41.60396016007555,-57.434174177648096,16.582987790528247,-41.90054640314803,-57.077582345476294,16.833734405967373,-42.208628749193075,11.320148140424926,39.24367612123668,-43.91173419643835,10.590456560015728,40.22322958338633
838,-41.996489794312595,-57.23260550088488,16.602219561125438,-42.29389114602174,-56.87702867925929,16.85740727144537,-42.51254428775635,11.377377530251826,39.215564307629386,-44.13753882390337,10.551805416829703,40.207960567393414
839,-42.38885243157576,-57.023972017649086,16.62781973772001,-42.69292309790607,-56.673416118297894,16.885930901482112,-42.72245955156389,11.21196232234019,39.220341510783726,-44.184975012375645,10.227773901495953,40.23792594567323
840,-42.78022643453063,-56.821731153842514,16.659565788736977,-43.08902150894367,-56.472300053049615,16.91879099805452,-42.77863313750205,11.174188947131364,39.260119508915324,-44.16406327828279,10.273440695981536,40.27084272510888
841,-43.17166983567426,-56.61933059479784,16.694729724414437,-43.48168623545673,-56.2718326381967,16.952350314097202,-42.795282249500566,11.291711018914375,39.34265631922909,-44.10942471964293,10.400463126726308,40.36022262024347
842,-43.56211262949429,-56.41844969452148,16.733466724302826,-43.87516090295931,-56.07074245956055,16.986294980114476,-42.56252505600915,11.029225845588492,39.469829430745634,-43.825656945941496,10.124889724784168,40.47722678092436
843,-43.954551651170334,-56.21645280557369,16.772433450878324,-44.27018334660376,-55.86733868438197,17.021711004063338,-42.362804256546156,10.850957440766182,39.611017218020564,-43.62470981358063,10.04526284255124,40.60067126881139
844,-44.35194751138298,-56.015174190550674,16.8131483941198,-44.667838293402426,-55.66338636709678,17.058972268787535,-42.12582491864729,10.620811124150787,39.74671024484583,-43.43496491839278,9.97377154840294,40.714364870746024
845,-44.74520317293458,-55.8164365618096,16.854679025140328,-45.05685689335219,-55.46324238677746,17.09675232568408,-41.74000785273779,10.504468920705806,39.89473121505237,-43.21562139422857,9.897652276203816,40.80885004585794
846,-45.13163941944392,-55.61862736436222,16.896370287018115,-45.44041827482258,-55.261577028118026,17.13533616931702,-41.43451446028288,10.618424073384388,40.005916552546495,-43.02307334603034,9.86499769453574,40.8746461813625
847,-45.518571186844035,-55.41932008018874,16.934316145577807,-45.82657671317248,-55.05892873599425,17.169432033996507,-41.19206618702695,10.47634506971579,40.113938359843395,-42.896648060990806,9.781969535852626,40.932511395393455
848,-45.90695464401526,-55.215872280780836,16.967767077389347,-46.213251363264234,-54.854082568112275,17.198534378068203,-40.98069754597549,10.156082524051953,40.181927111960135,-42.80304957868064,9.557606619853207,40.98567137857901
849,-46.2888731514467,-55.01064857133674,16.995261503388786,-46.59701058526855,-54.64937611566333,17.22251191037732,-41.160840073044795,9.880857574153286,40.21590949153937,-43.03040910001024,9.06630869058058,41.02450432918469
850,-46.67254196057016,-54.80254448851943,17.017869228712602,-46.98574073170807,-54.442442105828235,17.243192159143714,-41.24083562759019,9.524033193488533,40.208059066857054,-43.09858517250631,8.700934490048391,41.027360339151244
851,-47.05629085683349,-54.594718855098776,17.035093491322883,-47.37796710744346,-54.235357655110676,17.260895780811495,-41.32890408436711,9.143492249389388,40.19023020086416,-43.13701018344201,8.366640749868303,41.03018112795814
852,-47.447699381579106,-54.38510570293133,17.04570474325967,-47.77450249674441,-54.029270761140005,17.27504802757002,-41.4702189538145,8.724041811732324,40.15034962362672,-43.174325380476084,8.026165029329674,41.00452218032206
853,-47.846318457628726,-54.17963305606315,17.050995999603728,-48.173704153848064,-53.827597026337656,17.28726034624861,-41.61451678433353,8.344586548517043,40.10654701951177,-43.19297299078773,7.838043672455289,40.9689120488858
854,-48.2499839843658,-53.9769770722236,17.057716017748554,-48.578011688648786,-53.626341654987336,17.300047052590216,-41.803163734038066,8.209386203748444,40.073351683707735,-43.298423024273646,7.97204262633991,40.96242589297849
855,-48.656831391006314,-53.773535513433366,17.065699172332852,-48.982450344536225,-53.42333473930624,17.313024222153224,-41.974202608884625,8.178761574517557,40.00364433283407,-43.36501661376949,8.067101627511764,40.913146438588264
856,-49.06445000099143,-53.56559896913558,17.080074988286025,-49.38685308995187,-53.21552384130599,17.333997415797892,-41.85337693463866,8.479658010417428,39.959265805705805,-43.31444701520053,8.294534066431241,40.90389839151162
857,-49.47382143561066,-53.35548412144173,17.101638760054048,-49.79089953128771,-53.00557071346888,17.36190888928061,-41.85229978080833,8.539282365823412,39.93302760888721,-43.32661966879448,8.16812444485402,40.89475886894
858,-49.88394410396818,-53.14902999662879,17.128546081995935,-50.196911606523294,-52.79765240222963,17.393094960163157,-41.733745994412914,8.575896762116631,39.94101405987245,-43.156520678590326,7.991435487484507,40.93609644726412
859,-50.29498498246099,-52.9433742597893,17.159792561216634,-50.60402486605382,-52.5894709113135,17.425097191735837,-41.65175466178562,8.56047104754653,39.98856111254685,-43.07797262423569,7.704344268240655,40.99608132942965
860,-50.706637654614994,-52.736835682299905,17.194801208679557,-51.01122467470199,-52.381992960795266,17.456525368368123,-41.63765426019197,8.451718122638512,40.02681276684967,-43.09828553896213,7.427747265442884,41.016087620228525
861,-51.114427278012656,-52.53194300260887,17.236825397736236,-51.41465012581841,-52.1770326880598,17.49253197163839,-41.44106546479167,8.097040842882318,40.0579813646491,-42.947827914231425,7.148228853120301,41.04366031775799
862,-51.52204266124258,-52.32506600147038,17.283321552255906,-51.82013886734482,-51.96974411413965,17.529902112793067,-41.24389026875634,7.853817876059301,40.1036230547626,-42.809547087131165,7.066531829164884,41.04268778532696
863,-51.93221601326207,-52.11860753417949,17.323790144497643,-52.23253029064709,-51.76224033398139,17.562470084914064,-41.01151802510526,7.625862067209181,40.112911483656546,-42.551637712485004,7.172832501479216,41.02251446826543
864,-52.3490087115853,-51.91155058730053,17.35901452275609,-52.650660180384214,-51.55452819392289,17.59242642228579,-40.775696941468716,7.649396017654917,40.10656057361586,-42.38877075310914,7.300641611393142,40.9827747366391
865,-52.75954913957634,-51.707303691033886,17.38738976691039,-53.06079861466771,-51.35235698735881,17.618030994530436,-40.82670631315009,7.66980579536901,40.08341525725157,-42.47671708604356,7.328102741740039,40.97376039744963
866,-53.167162251478565,-51.506788725593246,17.410402016507927,-53.46739416039901,-51.15481926200915,17.63950317942164,-40.8918948773917,7.534492923986727,40.04941193546701,-42.620709793695184,6.983542617454788,40.97807277339527
867,-53.57394485583679,-51.306440462955734,17.43102480605057,-53.873394702175624,-50.9575096986656,17.658982242903303,-40.90767677015352,7.602177917865477,40.02440602993288,-42.75073618812707,6.943271061893224,40.966332614697016
868,-53.98075830604451,-51.10251971290168,17.444083391776015,-54.27612055729052,-50.759292514924695,17.67523572653463,-40.84623063130898,7.605957137119493,40.04470065541405,-42.581853020177526,6.767040057341145,41.030786439805006
869,-54.381177030705054,-50.89455765605826,17.455281672386455,-54.67441253287552,-50.55416419861194,17.694782992864972,-40.720141752670706,7.37654046745795,40.10384722216102,-42.339214873484934,6.439415604928333,41.11525503503091
870,-54.77342182324801,-50.68726623296349,17.470434754799044,-55.070767775303366,-50.346186517488405,17.71725819086941,-40.93673204367638,6.902752681261674,40.17748974813445,-42.47091330279358,6.0017472205459494,41.185039740448424
871,-55.16510031447218,-50.48226217376154,17.489897384926522,-55.468794997954035,-50.13620854498142,17.742759796138465,-41.08420317957166,6.372591528400378,40.264448628335685,-42.52068617234079,5.612985914502459,41.23462748770178
872,-55.55933483041169,-50.278930545744,17.51311352859457,-55.86502166302125,-49.92856611647311,17.770036385860035,-41.16238577612639,6.048224351709765,40.31309652876543,-42.684385035939904,5.525914239343406,41.240826951064335
873,-55.9547313706255,-50.0762817484602,17.542164386005343,-56.260396988023075,-49.72424564052131,17.80037645795983,-41.22019302926144,5.877244154531046,40.38799497236605,-42.878275877803205,5.308717648792952,41.29569930349878
874,-56.35118032866636,-49.873377079522804,17.578050439823425,-56.657674783981854,-49.518882154151534,17.83420601839095,-41.14780029417727,5.255355704272057,40.491363368196545,-42.854367542338466,4.7390914985698,41.36517522801138
875,-56.74404747824986,-49.67080375248411,17.616805526072334,-57.04962090886525,-49.315395795322,17.866402743524013,-41.219635578574206,4.972664224024785,40.57763384464532,-42.76893461689082,4.604307464463481,41.47163537922896
876,-57.13601746513797,-49.46668558697451,17.6527528803241,-57.43936474282572,-49.10937318565556,17.89745609642222,-41.47279069110468,5.112312047080706,40.61008653446427,-42.846868487586114,4.901099090666373,41.512613796100666
877,-57.52710774669751,-49.25667391054009,17.686696400561896,-57.830264108308384,-48.89645357765467,17.9279503922833,-41.468698945498176,5.516412945548054,40.61691761327141,-42.873105846515585,5.337921659896737,41.513475296671906
878,-57.91712603611195,-49.04202665484635,17.715898958532545,-58.22191142523472,-48.67579081919535,17.95330327181967,-41.51106286248582,5.967141715378557,40.64652424035515,-42.90185737483427,5.712341502539508,41.53745238469612
879,-58.30418199252237,-48.83014325607234,17.742136654349007,-58.60843187456347,-48.46116963080907,17.97680481143581,-41.54425664491284,6.257083636706126,40.706590563662296,-43.0335946853504,6.011156316726274,41.56693200227114
880,-58.69513648940021,-48.62128298233028,17.762705945106408,-58.99996147774688,-48.25422072372163,17.995884166478948,-41.422058997639255,6.543409308956203,40.75897297933882,-42.9788247080707,6.094838794900823,41.630034075980674
881,-59.08665217307068,-48.419310760083235,17.781736590752274,-59.39428483205172,-48.05500666707879,18.01628008854084,-41.46681870818244,7.040907984560031,40.790258016050466,-42.969404645812986,6.065835551339955,41.6752004956814
882,-59.47964255908905,-48.22197689835663,17.79857927325209,-59.787517796227604,-47.86367815524754,18.034096009380075,-41.52747890680677,7.300256595288991,40.79659066615579,-42.926947415630636,6.035837009051954,41.72564432467855
883,-59.87270378403655,-48.023956411860645,17.80931281568358,-60.18047845682512,-47.6728445755841,18.04735858833604,-41.45925470569201,7.3853864807022465,40.84566667199775,-42.87788144996492,6.163707426392458,41.78477319781734
884,-60.26252939589401,-47.82400080954555,17.82025518482132,-60.573295279623615,-47.477718236645416,18.065274129921548,-41.36918237239128,7.386669898794707,40.920983794562034,-42.78124785307441,6.350975282832047,41.83691200643732
885,-60.64796742274393,-47.62502980607533,17.83794942824985,-60.962975128199425,-47.27671678491965,18.089038404624386,-41.27724835124471,7.382561161442302,40.99233631140318,-42.70492592344404,6.5175078894027525,41.895584059720655
886,-61.033872611897806,-47.419806817148675,17.860344622319783,-61.350120171638146,-47.06892859621695,18.11783626043634,-41.09626992721546,7.433918081084327,41.05869222748976,-42.62141405853008,6.732302274566086,41.9458866921527
887,-61.417094577790856,-47.20865123538269,17.890034450112644,-61.73501421842849,-46.85530546495009,18.15101739317263,-40.93370535850248,7.807794001163742,41.121282151686465,-42.423524462812374,7.196432811000306,42.02126075805393
888,-61.80531536153199,-46.99862601375392,17.924952433406535,-62.12507293130448,-46.64221620628063,18.18741261111586,-40.833649648634,8.547768941807602,41.20510766619655,-42.39332094928139,7.98661632151889,42.105550727154366
889,-62.1952992205963,-46.790408556486284,17.969254075081697,-62.513942059745574,-46.431537454838384,18.228923891407003,-40.78907859887899,9.426544512706696,41.31716769869047,-42.41040277768128,8.80200189518362,42.22634724709659
890,-62.56594887542033,-46.58113248952552,18.022727784932798,-62.87563449286306,-46.22242930694485,18.274890722365026,-40.77018549407683,10.284144439278949,41.45600891538748,-42.441744275290844,9.57791332996768,42.37988069724482
891,-62.89002421705498,-46.353664253175495,18.07709567938712,-63.18349108138953,-46.000028794987266,18.322762688302593,-40.73420361749817,11.103286346620571,41.625328201003214,-42.42569657045114,10.2269911861013,42.55204470134006
892,-63.1464626585843,-46.09650961935835,18.132899846119606,-63.42422871339429,-45.75135016090974,18.3719644275408,-40.5815021197672,11.91552329529997,41.79491242170618,-42.35192065196931,10.767531900449589,42.70160212779651
893,-63.315348174520025,-45.82098157484826,18.1899206758559,-63.58394156885528,-45.48436079203403,18.422680468760596,-40.30911023557295,12.647559337233542,41.97753444287707,-42.21650374476469,11.205773536923981,42.83400614835578
894,-63.39456866208339,-45.55156768706093,18.24358497572363,-63.660423419277144,-45.217473569644326,18.471673149241916,-40.08253469974931,13.218850542729347,42.137792851125795,-42.032857518391786,11.547660199704053,42.944966570423105
895,-63.39614789618643,-45.32000483797917,18.290502519487376,-63.66535115091661,-44.97345679270598,18.515213455836346,-39.91826968558927,13.492773967143911,42.2710677843197,-41.82132351524499,11.803070233096186,43.03354448413486
896,-63.34656723519801,-45.14366050949271,18.331533354597884,-63.6153246186468,-44.76765832787218,18.554817080789945,-39.79907381503036,13.66195998274411,42.364207367617055,-41.59911322481022,11.980026401023723,43.10213052307415
897,-63.266344618360115,-45.020803685584916,18.368194173386744,-63.52508717444224,-44.60943810909236,18.59233223463703,-39.71875049342182,13.767723636288983,42.41920836857134,-41.379047527310455,12.087505579853374,43.16238449841339
898,-63.167170226891585,-44.94419214529808,18.395254447386613,-63.40800042369116,-44.50027740686666,18.620669180493966,-39.62352500781145,13.842822709859224,42.43494803594663,-41.16807015076708,12.135900130286391,43.208268403379144
899,-63.05943690962871,-44.912369370066685,18.415165486286693,-63.2759095228635,-44.43776256037125,18.64124192093026,-39.519399741319965,13.872754332083462,42.44390513107498,-40.97473196988121,12.133431108844094,43.242337143438704
900,-62.955394838741725,-44.92349811420741,18.429007313048256,-63.14088063358763,-44.4206635794183,18.655844456617576,-39.423505489979185,13.860069107318633,42.44663390059539,-40.80990783525337,12.087813515039874,43.26742938689985
901,-62.86838591762323,-44.96931171118859,18.436778793045402,-63.01902904413823,-44.44403155610294,18.666049817730343,-39.3464001812246,13.81362478707036,42.4449865588042,-40.68194696581695,12.010624200916403,43.28562583693917
902,-62.93214074860618,-44.902525707309806,18.43868492332123,-63.11666247097049,-44.39496268487554,18.67270086909398,-39.39997412230035,13.878324042879662,42.439793105166004,-40.774273552772826,12.102359981401067,43.29792701055483
903,-62.89022751583971,-44.97768385849372,18.434713011455425,-63.043795470108144,-44.45649767118112,18.67665336116224,-39.3665374920244,13.807849635863496,42.43271165922766,-40.711938590810604,12.007935446092851,43.30426829283254
904,-62.85851905979474,-45.04846608757935,18.425948437149206,-62.98491889846003,-44.51775454731751,18.678128445205136,-39.34230498894239,13.742530403042768,42.42090040955111,-40.66522305127136,11.92175246622395,43.307082523114474
905,-62.811128364970074,-45.107001894096086,18.418208606124164,-62.90954225470624,-44.56959425651739,18.67741415421219,-39.303953717171126,13.688580307223837,42.40858487812037,-40.601793212325695,11.848613915747647,43.3052218288872
906,-62.73587645500981,-45.14799228954696,18.41032124291389,-62.80357683110818,-44.606563988136074,18.67432679364647,-39.238273101799166,13.65171970096467,42.395907994640794,-40.50599621128017,11.794981607432971,43.301036736224276
907,-62.634273459583476,-45.16933737984313,18.40083761304877,-62.67244955751563,-44.62759784378793,18.668665281475935,-39.145736157357895,13.630991957279074,42.38176189485542,-40.38507277778961,11.759409800727738,43.294257524265795
908,-62.502108895715516,-45.17787382699838,18.38921338379191,-62.51475487302988,-44.64225758778456,18.66034447049158,-38.88026002656953,13.70417357875636,42.36474799295085,-40.04009347928508,11.848593484409246,43.28349547263785
909,-62.33396363718916,-45.20170998236954,18.375707092228684,-62.33348254471215,-44.67991188546184,18.64972886102762,-38.710577381472156,13.5962849095362,42.34756827419567,-39.89740351114396,11.66650930953156,43.27278784812879
910,-62.1385060608307,-45.27024025021644,18.360625677151464,-62.14461967079664,-44.76163977108378,18.637728922890375,-38.65976500695213,13.726455667766103,42.3289911321713,-39.942339419919584,11.8717714936242,43.25910830961385
911,-61.92795690281793,-45.39876075096931,18.348317040074285,-61.95632457698819,-44.89199811456326,18.63074901713841,-38.588984643564714,13.903820293513048,42.349343111891265,-39.945247564117935,12.11879092915116,43.30081201872581
912,-61.714829003727566,-45.57983127234165,18.339810217306518,-61.765232955343194,-45.064174798855774,18.62905055067598,-38.444230839583895,14.176951397594507,42.38219510649232,-39.8281023815402,12.450884264101797,43.34703302963554
913,-61.491581158324536,-45.78287402061796,18.336378559407336,-61.559651148484804,-45.25188454739716,18.63155759087183,-38.212604936849175,14.342807457501406,42.41510586461076,-39.58296422198166,12.548982942344717,43.37866192894828
914,-61.23217545493985,-45.97214893810968,18.337396019124103,-61.32088770179408,-45.42201786343333,18.636223052154204,-38.0342517216135,14.531503511853892,42.46294234405983,-39.41432410053173,12.62501880722106,43.42011278339043
915,-60.92672969473027,-46.125193302299195,18.343260606975136,-61.038446229696824,-45.560248468407124,18.642394998883713,-38.031161400560364,14.730045730367008,42.51462579601861,-39.22044468314909,12.67238823483834,43.454666856654114
916,-60.5913547066941,-46.24407725143096,18.355905240837078,-60.72893663478214,-45.67357635106237,18.6518252091239,-37.972366283614875,15.121177701404468,42.55628254938474,-39.15055774516587,12.817154710894798,43.47216045848278
917,-60.241533282549604,-46.351073240492035,18.37298969477854,-60.409726468083264,-45.77953205596947,18.662451752292235,-37.86635263334167,15.275256212462374,42.614261392705586,-39.13978433415076,12.96897965927354,43.50241025373241
918,-59.88627951598651,-46.4675421695145,18.38883184579702,-60.084839122561256,-45.895026410358085,18.672502296416713,-37.71357222931279,15.467752359769882,42.65188654195504,-39.08773222611141,13.222525284446752,43.55028241442906
919,-59.537287423535865,-46.60796432905746,18.39888980010549,-59.76007359205172,-46.034113411281986,18.67637138965175,-37.5926323504392,15.646145132835318,42.693398996823134,-39.04859513711093,13.574044887288792,43.60496350684283
920,-59.19702012070513,-46.781217493362455,18.403056602976065,-59.43740654500098,-46.20155551032367,18.674545810316705,-37.63739475053057,15.850706340643528,42.743456405266315,-39.06589587795257,13.78108922345043,43.65243449620809
921,-58.866556530225495,-46.98778126871009,18.401107059096685,-59.11982573407344,-46.395661593593545,18.66785486066613,-37.57159317988417,16.000715129330576,42.825946867352954,-38.95234836812511,13.845200517131826,43.752430622752414
922,-58.54467999099524,-47.211762657189375,18.39516874927872,-58.803272562047425,-46.6062137063427,18.65992316230719,-37.890636688513425,16.027536829655684,42.956209114838245,-39.34398455424171,13.683388190839345,43.901915755637496
923,-58.21475844102444,-47.436951463913125,18.383617293287692,-58.47581519841437,-46.82162639005329,18.64911098814939,-37.81673523418793,15.957142000717324,43.09883955389203,-39.16264276719799,13.521526531528064,44.03023818818598
924,-57.87280400739197,-47.647170998021785,18.365240929595792,-58.14269169089723,-47.024547684437486,18.63484076153235,-37.662984062826666,15.968337587907982,43.25502767503836,-38.93437341821161,13.54962384618551,44.16832145190552
925,-57.51493126404746,-47.84191597533307,18.345047731747986,-57.79633772427909,-47.215821669069236,18.62426100415925,-37.44590121999961,15.880163378249,43.431034529823684,-38.595531305689676,13.55208018689247,44.32846963661665
926,-57.14757924838728,-48.02629585955924,18.331365615464602,-57.44189366710668,-47.40008101288173,18.61983666158961,-37.24931955264499,15.658817021547303,43.634862135117906,-38.35432544594457,13.519198265790727,44.51125966246612
927,-56.778460296574096,-48.208601242010474,18.325472579806306,-57.08425827111524,-47.58190160723245,18.62059910095217,-36.9818232883178,15.357893840362438,43.850003105492355,-38.1370960225259,13.312355931115409,44.67894120426362
928,-56.410560662211104,-48.3982805532045,18.327301704657405,-56.72542699255275,-47.77064844509683,18.626151442897378,-36.965620660632865,14.883252134822857,44.03189710191813,-38.19232191032817,12.809140988904682,44.82744411564
929,-56.048843114657494,-48.601726539804325,18.335601617419442,-56.36962869819709,-47.974053925399666,18.63650987095411,-36.62886881261643,14.520590497012988,44.15683629495262,-38.25277866435494,12.332267075079304,44.94099596860334
930,-55.695177568629425,-48.81700263954258,18.348819274379057,-56.01886003190308,-48.18937020292747,18.646632979779824,-36.63475592207501,14.119461099857732,44.294659573239386,-38.28095124381184,11.892930448358667,45.0532160160148
931,-55.34241927079126,-49.0381784799306,18.367241975588744,-55.671183459813506,-48.406869894556074,18.657682279033246,-36.77067817100047,13.877998466057615,44.41701242273089,-38.40217252059197,11.917692172763067,45.15927663889815
932,-54.985777770797846,-49.25463062199109,18.386483042825564,-55.317791894077956,-48.62016296567938,18.670155817414358,-37.071802563939826,13.6156287917476,44.51207219218606,-38.57919775895229,11.873212516903457,45.25660077190906
933,-54.62323437228055,-49.463332087841,18.40179258016932,-54.95964682973432,-48.82787421016398,18.677798098445173,-37.36096747754344,13.411735039723496,44.55892482136544,-38.741448430799835,11.884396101180098,45.319557161668186
934,-54.256048004515456,-49.664684275947735,18.41122329224578,-54.596694631678005,-49.02819992056662,18.67978179995893,-37.52291752638295,13.335828560895399,44.55705725180471,-38.68365892856922,11.896835437434243,45.32272247494981
935,-53.8863999424904,-49.862007137788204,18.41644323069951,-54.22922489656821,-49.22478698690279,18.680679154787743,-37.394196443916904,13.475400440474738,44.52622416313661,-38.45661098213051,11.877301443594162,45.29893828809737
936,-53.51427870414851,-50.05821351608298,18.417459042101843,-53.856158674928245,-49.42176002054334,18.680643889234176,-37.24121034416518,13.76939447511026,44.51048817914897,-38.24065680581742,12.002365041968991,45.2957274253164
937,-53.139696283808384,-50.25659270670219,18.415317347222285,-53.48094689930322,-49.622136457467334,18.67837268608482,-37.031866540499294,14.29663281403994,44.470786643364846,-37.953847773204366,12.371985578503397,45.28250377275319
938,-52.76397944611198,-50.45554269107144,18.412418213070616,-53.10798120220685,-49.82058555719523,18.680489759698645,-36.81152930346956,14.2615231474085,44.41266800503855,-37.83329374742676,12.24698302709821,45.26183565024878
939,-52.38830593582263,-50.65549535031432,18.41090019369658,-52.733126199848876,-50.01779884352774,18.68816735455338,-36.46255942644982,14.219499303512645,44.35808116336246,-37.63082693794637,12.066515694470041,45.2637128946661
940,-52.00700942549165,-50.85758135625245,18.41625540997212,-52.35364282875975,-50.21542843922622,18.700224440027547,-36.03616873506952,14.261135845810385,44.33172583270971,-37.38609440951458,12.086686513145304,45.289844915661135
941,-51.626150827684626,-51.05952654629276,18.42610277737225,-51.97484816562269,-50.41387947945843,18.712270226990924,-35.726146215290846,14.422213256549986,44.341652143950654,-37.16454748721109,12.283989476037295,45.31391961568761
942,-51.24297106135505,-51.26136503040559,18.438104795552515,-51.59404179854314,-50.61312335843498,18.723812968174947,-35.53515384764682,14.477620701025636,44.38499018942329,-36.97326216878699,12.266316243281901,45.35211045234523
943,-50.86269645339577,-51.464941858083854,18.455140728676376,-51.21285090294195,-50.81382352722544,18.73681272833224,-35.43554772599905,14.376761128376227,44.433352875607895,-36.91394269298066,12.174696733128116,45.4047742518233
944,-50.48581142305846,-51.66719471269055,18.477587018558765,-50.835831415660955,-51.014258155752124,18.75191000631162,-35.413574038832095,14.046551494368664,44.514098000340816,-36.857720592556596,12.049567840972134,45.48207475651847
945,-50.10728675143534,-51.866031668166436,18.498255958995365,-50.46100039332929,-51.210432253732904,18.767172990610515,-35.32222151502195,13.971360709705436,44.620957111098676,-36.829932079968,11.885808377349152,45.56974361757093
946,-49.73427816358925,-52.05633635174377,18.516185106188924,-50.09322825439557,-51.397967611889214,18.78244140974301,-35.382009703090674,13.909509838609507,44.738594531909506,-36.914771135114194,11.690221075888328,45.674176734674745
947,-49.3629008979229,-52.24677013489467,18.529631279151598,-49.72491393565263,-51.58923435514633,18.793479409051546,-35.4461935364609,13.764366695857092,44.856543252100614,-36.90473922837234,11.579944108517381,45.78341027336142
948,-48.993571576662006,-52.43221945058286,18.53726671860275,-49.35714578872045,-51.778133912318026,18.797904781390187,-35.44612526527506,13.42635339156675,44.99239761822403,-36.77881898396265,11.403319178367344,45.89938096368621
949,-48.62311178559188,-52.61627731584822,18.5376260780897,-48.98352103769113,-51.9674006830199,18.795327323183482,-35.47001866793298,13.177079899611696,45.135573872082674,-36.699453531767794,11.211572271980764,46.0220892348582
950,-48.25240821714553,-52.80691185737412,18.531559333836906,-48.60541438786848,-52.16534949726444,18.787428569807,-35.386699553009784,13.049804582601068,45.29046294863953,-36.578760501827524,11.152517660190604,46.15796816261804
951,-47.87901836011318,-53.005416814758064,18.521294137270008,-48.225310706976856,-52.37006837743449,18.778568383274106,-35.370225695655364,12.825905798041846,45.42736770456097,-36.56532539834731,10.918604843079724,46.27604509885907
952,-47.50264330985568,-53.21202145569066,18.51234978490263,-47.84483894975793,-52.579538682957164,18.776802222789495,-35.34451816078256,12.492045507583489,45.56525170646088,-36.558780172302015,10.515197525368981,46.398082029943374
953,-47.121672790880055,-53.42195535063159,18.50447594991651,-47.46603577502199,-52.7852987223141,18.780452527316722,-35.26125494459658,12.213442809365183,45.683578597764246,-36.58141975225216,10.20648500661984,46.504563330597186
954,-46.73738188959537,-53.62816404888579,18.504299449132795,-47.08571138734218,-52.98913877568629,18.79122454038442,-35.29940473309495,11.925838233874176,45.81917061805523,-36.692010678110684,9.991283006898014,46.638910752692816
955,-46.34738145233172,-53.833255042615036,18.51196863125962,-46.702214441128454,-53.18985390841886,18.805315439130993,-35.422057694855226,11.771898703340662,45.933539817973724,-36.783153155073094,9.915840754387565,46.742871933311875
956,-45.95737251781205,-54.03685946927872,18.527522662368767,-46.316809030038044,-53.38800144620668,18.82190650023363,-35.503220795763134,11.59388534440773,46.01106082837324,-36.820512587264105,9.772089184674835,46.80485654145009
957,-45.567626623801125,-54.235893861470245,18.552141957015067,-45.92930909267284,-53.58501081796534,18.841985912924862,-35.60415402686363,11.40263491967498,46.04153621925152,-36.81953744743098,9.734614337723272,46.82613853855202
958,-45.18054294610795,-54.4324131544234,18.583853456192656,-45.542226037966564,-53.78129568846737,18.864676380145333,-35.72231857066883,11.239119391843543,46.0623372178584,-36.92385382351304,9.55523792722478,46.839209032276315
959,-44.791306366282605,-54.632721131899885,18.61131242288858,-45.15043576708664,-53.984247452006635,18.882288187214556,-35.98509044673918,11.266055164301232,46.044152399075365,-37.21059898582187,9.461474701396721,46.82175863019238
960,-44.39899329542954,-54.84166245161297,18.632907586614444,-44.75802090737751,-54.19611112351776,18.894962954042025,-35.84020776815441,11.199160805351337,46.008872869737424,-36.899131928554105,9.26854594857258,46.794415599962285
961,-44.00795301660139,-55.051671400675616,18.649872471998204,-44.36944105273785,-54.40772906034457,18.90692512314963,-35.59354426447399,11.080925038913813,45.93697250075081,-36.60103281641445,9.075843028002497,46.77080971566121
962,-43.61505989593069,-55.26855827717745,18.666326713975923,-43.97784229538691,-54.62573776389279,18.92091584849424,-35.53243669173408,10.89496961326588,45.84240358446559,-36.623241424447514,8.924483836870506,46.715545336560076
963,-43.21970302267373,-55.48850260372769,18.678995109530018,-43.584096841265044,-54.84621509393915,18.932520681698495,-35.44930645141817,10.704330312541622,45.7573010646955,-36.57770550798553,8.712263663732177,46.663232105914574
964,-42.81759383126081,-55.70560403281436,18.691343071824342,-43.185432628784206,-55.062007043777356,18.94834906607446,-35.37453721659908,10.695789339806076,45.69173612782227,-36.52149161895659,8.87365207482038,46.62082307864777
965,-42.414380060523236,-55.92256443687398,18.70369830301584,-42.788404884892145,-55.27745501504938,18.967961180872923,-35.185888560865216,10.77054693905353,45.6254910554423,-36.42470911051455,8.9692102780089,46.5822734389775
966,-42.0078510776905,-56.137828748756824,18.720356577447966,-42.38377654387181,-55.49163248238087,18.9890403166109,-34.874007617015096,10.91070129573751,45.57682272798096,-36.3791101896508,9.179313929132993,46.54975969127995
967,-41.60652275131535,-56.34491268003302,18.739760606839415,-41.984529075357955,-55.69810926013759,19.008628684114885,-34.86892436527318,11.083867927337057,45.540587938021375,-36.224822187012414,9.2916723814953,46.525337518522875
968,-41.20116077661603,-56.551512977951674,18.763067753587332,-41.58471560930404,-55.89969697230558,19.030812746846134,-34.92463416080354,11.36228074560518,45.516333489517606,-36.13278997691046,9.493966186012711,46.520556652390404
969,-40.79844790253838,-56.75401629495397,18.78953647492223,-41.18268186718649,-56.09673354978903,19.0555511307337,-34.80851868516367,11.62404123964024,45.540853653136764,-36.07860789576837,9.623005316725253,46.549364910137335
970,-40.39847392618201,-56.95823929411119,18.810851354766985,-40.78083432134845,-56.29614949246268,19.067843002426333,-34.71449301949573,11.983293512358058,45.598896298475125,-36.00086669092404,9.776105812328602,46.61220316173221
971,-40.00306276241965,-57.169336098723875,18.820561077558278,-40.38156369950255,-56.50316254358822,19.06821527402425,-34.74327116034672,12.08202291828074,45.68620918197619,-36.10612003425397,9.8656244570544,46.701957631317114
972,-39.6019227100267,-57.38460932829702,18.81802534621586,-39.97785822212367,-56.72005485074741,19.05919268912939,-34.7438253947744,12.258131946396386,45.79923924309644,-36.097998035091855,10.01092949882469,46.805325841760464
973,-39.20229025195218,-57.59885352400791,18.80518566487169,-39.57423349477763,-56.938990025272126,19.044330443126125,-34.71159057562316,12.306380715190299,45.93616224285074,-36.07265391610061,10.081452763677737,46.91979390722588
974,-38.7983357884176,-57.81173331982,18.784012440186544,-39.16928151677544,-57.15588943884228,19.02522886244959,-34.789154314434406,12.605557864160035,46.09576893516141,-36.08894559569288,10.42968755387347,47.04609378751266
975,-38.38310441646324,-58.02583999296651,18.75015021905382,-38.75741890796101,-57.37188948269111,18.99983985698816,-34.84370493766561,13.065367693610153,46.23348154764457,-36.09568756112824,11.044524958651854,47.12923350761834
976,-37.96516252118457,-58.241436828108036,18.704292982611406,-38.34147438766343,-57.58844994445184,18.96971915055077,-34.96591212974073,13.46483271831466,46.318022500172916,-36.215875843025536,11.421525466425093,47.15443984957562
977,-37.539868843017004,-58.458498475063834,18.659303962241317,-37.91760993988684,-57.805624998493315,18.937954185230915,-35.03066298292668,13.743541305547739,46.34974330855507,-36.19596535547119,11.60410710838245,47.141072405428154
978,-37.10734299509535,-58.675562483616744,18.629324052650947,-37.48853638800698,-58.022361155885655,18.923001173850636,-35.045886620204016,14.07446368051845,46.338535348991954,-36.278992527623785,11.791965830981768,47.11200713506956
979,-36.673366200079414,-58.89401067603102,18.614900867104428,-37.05768238010301,-58.24226776261176,18.922731914231232,-34.924625500817456,14.420528898177878,46.31239921028687,-36.06243956604325,12.03691217151894,47.097261472295855
980,-36.23309703744706,-59.117357044929406,18.614363120890918,-36.62174793743206,-58.467442031619406,18.9335376962576,-34.89239499050154,14.704341124983412,46.266782817049084,-35.991160659766685,12.09965009402121,47.088705123146184
981,-35.79079051162975,-59.339798106386475,18.626625793773027,-36.185178674089826,-58.689118598764715,18.95212637982047,-34.91892505167526,14.83302549858414,46.183782310550775,-36.06168026505166,12.22530078281877,47.064352289535705
982,-35.34702138873709,-59.56421585339495,18.65174508465713,-35.748945944662,-58.90953247595595,18.974224352013902,-34.95815347201331,14.575007602743092,46.09212069556727,-36.14215522641609,12.116824620062994,47.01568654236468
983,-34.90379795633679,-59.790936328140724,18.693710033428307,-35.31223312617824,-59.13149569657922,19.004853950700824,-34.75756302045802,14.42509114578763,46.02567652489001,-35.97842178080642,12.065712854664019,46.97067184070531
984,-34.47166637143606,-60.027581954709014,18.751683381041694,-34.882821866035854,-59.361266225567384,19.04302400049385,-34.43942210266061,14.314249783935143,45.9633779036945,-35.56094933380245,11.965212505054073,46.906353190987495
985,-34.04598421166823,-60.27192015122409,18.798341524660582,-34.45745030983041,-59.59818765980381,19.068811733707992,-34.10296325562374,14.237526078198908,45.89984875090187,-35.29696322050123,11.978757736234472,46.83442679300146
986,-33.61416305109149,-60.513155189725914,18.82983798046663,-34.02471211870946,-59.83541818254145,19.082528551065867,-34.06450061480676,14.267259410725313,45.81397150726749,-35.21781621900488,12.22520112340294,46.757991126200245
987,-33.183241458626895,-60.74750887963147,18.847559167941164,-33.593071074938045,-60.06952531830114,19.087744681503604,-33.82743004332224,14.133558861756965,45.73925722376372,-34.981742771268074,12.061646573416132,46.713345333928
988,-32.74897492175631,-60.97948555250773,18.854592537151582,-33.15826389072676,-60.30294423096361,19.088281920020325,-33.758754885855346,13.883323836871194,45.697977993718254,-35.152763554359865,11.846609949197063,46.70352789485656
989,-32.310861327791805,-61.20976240864338,18.855177728890737,-32.721090724997524,-60.53594797874102,19.087049547709878,-33.467451431481216,13.27095159642909,45.68680443420686,-35.00966714922896,10.958892725555295,46.70976695033866
990,-31.867142823556453,-61.445201564396406,18.842120388481217,-32.27738061729382,-60.77516895895772,19.07977428552771,-33.34877165593868,12.462129692378037,45.68471908511724,-34.907539474105555,10.002715145997565,46.72421104767611
991,-31.424059989283073,-61.683282557810884,18.814608564945914,-31.836073868525414,-61.01251536810734,19.066690145638628,-33.454617705207,11.645103867701213,45.71320477016489,-34.85126615629195,9.167828717235619,46.7500356616731
992,-30.97910333226572,-61.92020606605882,18.79337590245446,-31.394757003155988,-61.248436261136796,19.060302499847435,-33.385894273414785,10.86188784401158,45.76883942231873,-34.63468317050603,8.647085007636115,46.78658125866088
993,-30.5319952997536,-62.14832127761421,18.77764739227085,-30.94941012590448,-61.47653184032605,19.057230196663905,-33.24636717077718,9.948083830154147,45.84351362665713,-34.512833493158695,8.27774072033166,46.821829593659125
994,-30.078092771661424,-62.3732858167006,18.77099984477344,-30.497943583503865,-61.70013372479804,19.059486771036408,-33.219170385596435,9.16214215536685,45.91521983122546,-34.399797105940685,7.807823791934039,46.86121062705178
995,-29.62450325257202,-62.59565667199137,18.775932955335048,-30.047362086684164,-61.92064713646071,19.06954564888981,-32.9340433850888,8.418278390290876,45.9710445809765,-34.307560138563495,7.391319428454481,46.90367748980971
996,-29.17458151766434,-62.81785655635207,18.787463603965957,-29.60041847045544,-62.14032013696371,19.08332729173622,-32.96352825111584,8.373378284865405,46.02985308909875,-34.36821942209961,7.331579126998398,46.949524818276814
997,-28.726456962236302,-63.044459093152085,18.80827210082184,-29.150774157879244,-62.367227277545894,19.10074194074471,-32.92266354025975,8.451465954673395,46.06816662438258,-34.3245773346826,7.2144501971546315,46.96851769203062
998,-28.28202515758289,-63.280179666085836,18.829198885225054,-28.70648698636518,-62.60156349665882,19.108585728469983,-32.72009647193038,8.623118287747813,46.080012879197,-34.0898010808991,7.178145037988213,46.962213894397436
999,-27.839311496688772,-63.520392241088494,18.840153832874435,-28.26391537340437,-62.841682282871616,19.10674577222062,-32.72311025797215,8.887764621101155,46.08263360408195,-34.023205625014604,7.426313259542536,46.96027350678091
1000,-27.391532246195286,-63.76423334231038,18.8406434887169,-27.814354627430514,-63.08644970004899,19.097028146758717,-32.64846114954238,9.179928551800836,46.06895947479667,-33.918831525256024,7.708810455031097,46.94139544204905
1001,-26.940901929859624,-64.00556924989584,18.831890495937653,-27.361738925982657,-63.33040959354969,19.082250473674748,-32.531758126869995,9.750702683830838,46.016807026590506,-33.773554020804376,8.149093934310994,46.88401851452229
1002,-26.48784335833731,-64.24474616933126,18.811688553849898,-26.91021494205855,-63.57150358187683,19.062073991733538,-32.235368635632156,10.423222948151462,45.943571171926976,-33.4039129905908,8.602720874549826,46.8200926352883
1003,-26.035280706175104,-64.48389655789349,18.78136528884691,-26.46241911650407,-63.81048530837253,19.037664599949434,-31.819699383783195,10.548200583643982,45.849856589734884,-33.061666646962685,8.477060350171534,46.751555172523425
1004,-25.58345392007527,-64.72398756204215,18.743576006822757,-26.01278320251983,-64.05042937581642,19.012335134168406,-31.25794358737592,10.571202769423,45.77163335705161,-32.492418700135374,8.161495982024599,46.70082715229986
1005,-25.126449896790177,-64.96551314178289,18.70390585841763,-25.56093720978226,-64.29086172881097,18.983652040762443,-30.57901110955619,10.570997804833326,45.72645624990822,-31.670918593854424,7.933157067516213,46.68534078681878
1006,-24.669853160417762,-65.20439148724478,18.672056371785377,-25.108482019562604,-64.52834118449375,18.96297028390586,-29.61354476067571,10.40886168152307,45.624103009644465,-30.737126083086107,7.7989026328314175,46.59778453030867
1007,-24.219177038484847,-65.44005070388954,18.650647580252297,-24.657809657469194,-64.76369861859668,18.951204081671737,-28.783283226207995,10.184333025148097,45.549613849820226,-30.131350344341328,7.686174429225653,46.54843802463624
1008,-23.76662893155721,-65.67521141895872,18.63862883660748,-24.202075015486976,-64.99907960526657,18.9464220706171,-28.130720072959598,9.8616158399717,45.504304708864744,-29.84302449327385,7.670603056397947,46.508131422172646
1009,-23.310665250017305,-65.90418808883085,18.63202115610639,-23.743807996351375,-65.22686665141349,18.944475824748473,-27.35028410649357,9.462230343543993,45.454139438104626,-29.185606780899064,7.652999363934158,46.4517272055414
1010,-22.852412202329578,-66.13160672920893,18.63452111842122,-23.28614183208754,-65.45146404023919,18.946772478790862,-26.673181952631783,9.435521309428118,45.4598524310151,-28.739404503108318,7.673418459349635,46.465587198369825
1011,-22.396687312647444,-66.36343039768529,18.647916218473284,-22.829812169788514,-65.67969955309088,18.954248485881184,-26.393614248738206,9.638573772477447,45.43874614376548,-28.639587354084888,7.811650795200462,46.437558243652695
1012,-21.942007426535607,-66.59915418224917,18.668837880455957,-22.37417872995346,-65.91337665503838,18.96445173646788,-26.46016254482866,9.866667523670793,45.41632754730734,-28.682525741057766,7.982804684174072,46.4420806210156
1013,-21.49040945000309,-66.83658268525542,18.6814947455973,-21.92227769829428,-66.14952797611966,18.964727359136337,-27.008573231831637,10.039893582741307,45.48571037867852,-29.117230493104298,8.08132232988768,46.50245777908335
1014,-21.038298737824842,-67.0728490716753,18.684291884198515,-21.472391441334477,-66.386598999927,18.95629449039184,-27.258251872067007,10.06580594872949,45.539002830965856,-29.18816478891483,7.9479126253958245,46.54749378661954
1015,-20.58679306174181,-67.30557841786057,18.67885395631159,-21.021765769638353,-66.6240653384032,18.94296139251512,-27.44633790314347,10.188681659550406,45.606465101146156,-29.353502035338142,8.055016079314283,46.60165429946958
1016,-20.129969969674914,-67.53852554523812,18.66542293525264,-20.565311058325307,-66.86252809655753,18.925023805267323,-27.88703595181737,10.441209360792639,45.70082940230469,-29.40939546081538,8.300933092666192,46.662475832137666
1017,-19.67405907250092,-67.76914757505695,18.643041564593695,-20.111221105307546,-67.09757372941772,18.9026968766814,-27.833137793810405,10.589972356363136,45.75667164247856,-28.842629358356753,8.39526693557694,46.71474905884766
1018,-19.21846846488019,-68.00005709758311,18.61230568643966,-19.656593639149058,-67.3304436131716,18.87726739855992,-27.390950038142766,10.639570933422931,45.87255126500925,-28.10143019421539,8.461766665385312,46.79907933298922
1019,-18.76081511384151,-68.23182119403063,18.58247892934774,-19.199288296529605,-67.562316642123,18.862676801604085,-26.97438868687129,10.618673179292422,45.95876413281282,-27.670281973981762,8.474609807233099,46.85223128257096
1020,-18.3060713076685,-68.4623121179239,18.563557668061218,-18.74500991150687,-67.79020059622894,18.857962789616234,-26.300792463295462,10.660506751445546,46.0148543434701,-27.365418844913247,8.518550887296973,46.91328988960836
1021,-17.85346668604386,-68.69003593493896,18.555827787915522,-18.293951613843593,-68.01433034315424,18.86109779204738,-25.782294210912013,10.743504037473398,46.07651465689227,-27.052779628099984,8.4078059569324,46.96496493322094
1022,-17.401978693225665,-68.9190759330143,18.558376402563812,-17.84323513700963,-68.24047805958082,18.869509884997335,-25.16978627965101,10.800003992896217,46.0998142515876,-26.79051744187022,8.492767448252982,46.970449017872355
1023,-16.9584194100954,-69.1487327149163,18.573006523574943,-17.39864556919449,-68.46829394300921,18.884456102388835,-24.493077527314277,10.557918153426948,46.08799210794633,-26.414983909446093,8.309844952316027,46.94165176212367
1024,-16.510551439360718,-69.38112406220034,18.596911872749804,-16.948726047929622,-68.70001402198942,18.902072806249485,-24.277671109716525,10.590440585455351,46.064721822073096,-26.14500593552927,8.455172083142248,46.90411325967109
1025,-16.07159537983711,-69.6072301974337,18.630064360699595,-16.506065439648307,-68.92609564243904,18.921428407992142,-24.28951436710276,10.737925964243466,46.002471834078925,-25.961441866192175,8.71966232325708,46.85918882851648
1026,-15.624901823674566,-69.83374890693408,18.65645342810524,-16.054119799914158,-69.15441432055734,18.932358193330742,-24.091290903819413,10.844103048335743,45.951790349928054,-25.680881605825764,8.829987060130632,46.828692898950415
1027,-15.175836453422582,-70.05744628036607,18.671610973596998,-15.600855230681555,-69.3790607379708,18.93378402079604,-23.868563834453223,11.050576934120338,45.87579984866254,-25.4616353735255,9.090626458270785,46.78806833065892
1028,-14.724116369664277,-70.28701567022142,18.676533505647097,-15.146553585140067,-69.61012308389039,18.928724785702016,-23.684830671181235,11.268501992196871,45.86623812428158,-25.274351443175064,9.168276026351135,46.85326982264751
1029,-14.271730640431386,-70.52115296273574,18.67392754448827,-14.693314209737892,-69.84552880823335,18.920556960983944,-23.42532585255654,11.658832569510112,45.86971007556063,-25.005351731191833,9.646635397914375,46.88623428358883
1030,-13.81915847226195,-70.76218127172703,18.659771734705778,-14.243779264515455,-70.08716267113128,18.906408403500347,-23.2871348454657,12.099081757418482,45.87290633816207,-24.802720888005684,9.84729567082568,46.88085661257718
1031,-13.361623067660924,-70.9949677352784,18.63212704175322,-13.79023504049991,-70.31919884481968,18.885364860712446,-23.216932689692783,12.22102408142686,45.92747673050027,-24.758848138361515,9.853361147897129,46.93249281181378
1032,-12.906489987952119,-71.22648587917918,18.593570414174458,-13.337959446990924,-70.55078475324005,18.860392027902734,-22.997433292378027,12.183714251005,45.99147211379635,-24.54145230309724,9.788402330619956,46.9721615325332
1033,-12.454366832051491,-71.46325305885772,18.565657848071275,-12.88812660515953,-70.78788391576447,18.84765247669691,-23.046183577695995,12.467751390045446,46.055874830757496,-24.61336621210439,10.080291614945068,47.0092030867846
1034,-11.996539450367385,-71.69787494458569,18.550350495814705,-12.431341914147902,-71.02284175540903,18.845779820505193,-22.676632856563494,11.92820436982806,46.11054715002828,-24.086760081928222,9.332798436365088,47.00884784694262
1035,-11.53572826320676,-71.92468708324274,18.546484006061068,-11.971209458141278,-71.25093582064203,18.851352157019665,-22.185614014644933,11.621126264752617,46.06289011769117,-23.483851315961516,8.928938199142367,46.96216893154403
1036,-11.077355669030178,-72.14894571704612,18.552547187922908,-11.512377513660471,-71.47444651099494,18.863257401799657,-21.717609190745197,11.075855316155383,46.027105858563424,-22.935087842658497,8.69349393124093,46.92407134789754
1037,-10.61891525683247,-72.37245472062042,18.57063851597658,-11.053635372417666,-71.69647059021398,18.88080807591061,-21.09134208596789,10.903771354594285,46.01365076902698,-22.281442811259293,8.84751084268123,46.89031108545464
1038,-10.162307479333192,-72.59896954722176,18.60160676064711,-10.597141739764734,-71.9196507437189,18.90393369899205,-20.453964892279757,10.736666394232465,45.961978821208184,-21.850404495907835,8.818131856863818,46.86451678674463
1039,-9.707867241270604,-72.8276112894726,18.63398513045356,-10.143872792178682,-72.14456958815711,18.917987678912315,-20.10114105791807,10.894080215187454,45.98543362885302,-21.71921055856922,9.187833754432484,46.94632279557887
1040,-9.254051073394432,-73.06378796356664,18.654867753439675,-9.687494677175769,-72.37739692090558,18.92229400777937,-19.536233999134456,10.951079305125674,46.00760834827752,-21.568125853394772,9.689255759324565,47.01196856486067
1041,-8.806363017450561,-73.29751100069404,18.66380850852703,-9.23733989342561,-72.61043772399393,18.919228291268464,-19.339512213002195,11.603852186090764,46.029516405901305,-21.378557963411094,9.945653665331115,47.0440942465138
1042,-8.35620045578808,-73.53151604236514,18.661009836150047,-8.786127794654817,-72.8455428509385,18.909029760801097,-19.335049714076096,11.984407509598345,46.14907596109355,-21.32378265060913,9.952643986783112,47.16063948301215
1043,-7.9075270291303905,-73.76715155961062,18.647066311925812,-8.338892827118215,-73.0823837105687,18.893449028957463,-19.520428930847938,12.522130086199468,46.286151465149196,-21.479139728415397,10.255143272826887,47.276001748248554
1044,-7.461494255367801,-74.00249421685858,18.62372288820976,-7.893425387273939,-73.31845869326374,18.87507528800609,-20.07534750143139,12.755104282179609,46.42181502048496,-21.893530623684107,10.404497044233985,47.36408323797193
1045,-7.012347433776589,-74.23270084911135,18.591658940360098,-7.444898493109744,-73.54982906394518,18.85631789049355,-20.480009652011198,12.989200933497743,46.597274600597565,-22.10930592906267,10.383140561491135,47.48914806777895
1046,-6.560643404271923,-74.45834972624927,18.569763077154512,-6.995031716974929,-73.77605982603515,18.849741464378493,-20.45931800831221,12.909190645472686,46.675939415432254,-21.89246186722467,10.329550022948768,47.55532659980268
1047,-6.109258401705192,-74.67901696615226,18.55984262441627,-6.539453786708176,-73.9995179609768,18.853553714655007,-19.869893298108007,12.631421378087097,46.72495412238488,-20.88439031836483,10.219387440017133,47.56628090474847
1048,-5.6542021058564975,-74.90308486459702,18.563385579635778,-6.08270388005955,-74.22531394663704,18.867782293661215,-18.935419315374862,12.26115513887798,46.76790033625222,-19.527216285204034,9.860157621915373,47.54500427082545
1049,-5.199466632990479,-75.12908691006749,18.580922133141463,-5.624738900120546,-74.45386590746703,18.89021650920046,-17.941467064825158,12.134548357888711,46.74403570853592,-18.44805798205649,9.713500390556915,47.52452730459537
1050,-4.74367402676858,-75.36031666208835,18.61268899992897,-5.1706963270535375,-74.68506422103744,18.9203996763931,-16.75827898457709,11.74537472088585,46.741150673473136,-17.52790994680013,9.523940577069611,47.55770389038364
1051,-4.2958124721631465,-75.59751657656601,18.65680394995708,-4.725401143654803,-74.92026665348409,18.9551375451912,-15.2634051011804,11.566901995995972,46.78733746836262,-16.639009987165043,9.577495842528796,47.65069513657042
1052,-3.8491622462915167,-75.83915461674457,18.708934668772148,-4.279382387497619,-75.15931563069395,18.991286212336227,-14.136140281296008,11.788706286839245,46.85242690815265,-16.32013673495379,10.052293621737974,47.807216335237726
1053,-3.4057466655737976,-76.07719093353086,18.75092746963273,-3.8391620496343086,-75.39228750435733,19.016341442974454,-13.184737153468506,11.878867831993619,46.957989739535236,-15.92507031255541,10.211826554803688,47.95517731510913
1054,-2.96801344432493,-76.31301891558071,18.78368949934182,-3.4025155828538884,-75.62281756166423,19.03371881415583,-13.037398111847065,11.993604114924421,47.116911514884094,-15.903366156195764,10.2848687820727,48.112350591306246
1055,-2.529045648021624,-76.54610923307702,18.807327418943867,-2.9608737251308646,-75.85546887983911,19.045982466934845,-13.391141536918177,12.401423446723522,47.31525976837346,-16.045624835233582,10.460856202218679,48.27153426525008
1056,-2.0927789175291407,-76.77730964802518,18.8218747676043,-2.5187055259357427,-76.08834825650204,19.053194610592264,-13.897194404463793,12.762019076621042,47.52265757444558,-16.37438966310871,10.678261424056709,48.403188280254874
1057,-1.6557786803851928,-77.01057133957727,18.82492372984791,-2.0778654073811,-76.32341152347297,19.054949729333114,-14.329552525056844,12.851190932507414,47.729881526037715,-16.48280064908701,10.401714614463469,48.553965200421075
1058,-1.2143020986070738,-77.24422190243682,18.81465051043276,-1.6344258770676532,-76.56112373886715,19.050338471842256,-15.083201475197221,13.002684937326745,47.91462413427146,-16.861588216579715,10.47682774846402,48.70714676777738
1059,-0.7744634730142185,-77.47311168753684,18.8022302989717,-1.1917032286989593,-76.79575149007114,19.054913672715266,-15.687981473595645,12.706756731746562,48.08071931796111,-17.341319011587355,10.357351265978533,48.88115384678691
1060,-0.3325077932408453,-77.70076537733325,18.80055309862052,-0.7510186414214084,-77.02532086260418,19.06997269504985,-16.458757832240195,12.589759594953161,48.26709173541505,-17.825283236777572,10.295429516659873,49.06925730046832
1061,0.11522857995641889,-77.93002541536958,18.812857694812674,-0.3101981079888651,-77.25391339975369,19.095979292828684,-17.042113987476622,12.483596116803692,48.44814383196872,-18.239531623146238,10.210333671355496,49.252688524299785
1062,0.5588432540213446,-78.15452172275823,18.838843655048812,0.132343113737388,-77.4798767773999,19.13024146174931,-17.362188066183155,12.138638174218533,48.60922043730418,-18.367355762771915,9.924562841241706,49.41060386102692
1063,1.0054130879876184,-78.38142640929381,18.87749438467794,0.5798245681328018,-77.70766456680522,19.16992650129406,-17.69828769029317,11.902238345551929,48.789250613712596,-18.70944610613465,9.921344348878781,49.57120638649401
1064,1.4503006270771763,-78.6093566751715,18.929578871379253,1.025100658594629,-77.93467834416549,19.21565806390012,-17.917560044816554,11.826047772815508,48.90321044240351,-18.64942389635593,9.696113091265667,49.64903700178658
1065,1.8890859632950416,-78.83641690532077,18.995454312247055,1.466533654464623,-78.16091286166537,19.266613005605723,-17.937544185606793,11.725817633020558,48.97267914283223,-18.62533820768091,9.767211285466843,49.68383718134586
1066,2.3263287119867972,-79.06669324742485,19.061583516893943,1.9053825619078446,-78.3888000104084,19.31904549206204,-17.932404181560514,11.786065536962568,48.989632670890536,-18.741590824954635,9.865882553214309,49.68597249511229
1067,2.7631029509050613,-79.29635024077682,19.124291307162146,2.3439284584284237,-78.61521749779233,19.370328020223205,-17.60175370382398,11.921941756488927,48.94840307543992,-18.484368438417057,10.085899709371823,49.6534782023386
1068,3.2039404889623633,-79.52658291774664,19.182191513742172,2.7836573776160742,-78.84218790675172,19.419040390544048,-17.030410867445063,11.87930073307538,48.85589527036603,-17.966087702559328,9.982381621986532,49.58702755214512
1069,3.638862030198604,-79.7581853357689,19.23085620565637,3.2200585908620054,-79.0719255689806,19.45758016991273,-16.629956757556673,12.033514675285323,48.73647464546879,-17.594011929712526,9.960685565232309,49.51129660745925
1070,4.063858658245467,-79.98152668778495,19.27374315598155,3.643719314246713,-79.2939504174165,19.491050937686616,-16.118790423004523,12.06737331416862,48.599368174672676,-17.3763920547429,10.00598482110131,49.4512373260104
1071,4.483904534945814,-80.16148014648776,19.307076173413513,4.0564289484784615,-79.47127743400566,19.519707186206684,-15.926931200018673,12.170637100435345,48.51227484031078,-17.302619907354746,9.89059172640658,49.425734254459776
1072,4.902278162468881,-80.26067385693624,19.33409712760263,4.462347821206363,-79.56879707464071,19.548745713929577,-15.811096125401,12.106262257155839,48.42440655628257,-17.38561714377821,9.772918799317118,49.37910145297288
1073,4.505160009769119,-80.24913866433806,19.355043968819814,4.07618959384302,-79.55422295797646,19.575123310654245,-16.075354674832873,12.13574336000583,48.36481710163164,-17.391949308508963,9.881949870555223,49.352225652250006
1074,4.859300837134365,-80.18790021513462,19.375003452517248,4.426287722434469,-79.49868097862038,19.60635590998636,-15.919092514539903,11.932649102699008,48.3346111695504,-17.325568688658766,9.79936201620906,49.34179668383553
1075,5.152324914758152,-80.07574203702197,19.39614041151971,4.726063292567878,-79.3895702423944,19.641953610637,-15.996908504532897,11.734044078496815,48.33419223401105,-17.23199869144691,9.760009216896405,49.34192740800718
1076,5.375701781731196,-79.93469627657159,19.427555005443896,4.966229391224392,-79.23914059439532,19.682318423127107,-15.955730007830606,11.536692668228604,48.35581877848653,-17.12994273842798,9.759026416364657,49.350964754415514
1077,5.5333072522800615,-79.78600835096303,19.467588803214053,5.140892905914711,-79.06833233741936,19.72663534303419,-15.806351408170759,11.409165165644664,48.386761483366705,-17.036229641131726,9.788721872061547,49.36843333354707
1078,5.641413649362048,-79.63808032862549,19.511787184732952,5.2588628844157475,-78.89147088613382,19.77164754805973,-15.738328026502721,11.406002103420265,48.40893996064258,-16.958920038142438,9.84178328052747,49.392018690312796
1079,5.710891578150202,-79.50398328992591,19.556318063416317,5.329872671809793,-78.7227358494177,19.815568891805796,-15.687343221472274,11.537985188938439,48.45508239620563,-16.901695069169758,9.907767246738278,49.41904684522489
1080,5.748760149191754,-79.38888384001795,19.598543443625,5.360972427494416,-78.56927691999431,19.84837599538721,-15.666981581290472,11.64818608496123,48.499162313126654,-16.86625194773845,9.978507526448668,49.4468362906559
1081,5.757123951112568,-79.29807786844309,19.631013110256575,5.3557676658090765,-78.43886490805771,19.87132939629155,-15.673779081483866,11.733129867131284,48.533782142963474,-16.854232694064986,10.04525837085246,49.46547903971335
1082,5.740046124994463,-79.23129565143786,19.651433874427394,5.321572628800337,-78.3342204481986,19.884003714163565,-15.695195249266359,11.795916585416593,48.5582136203128,-16.862150276391873,10.101488415857975,49.47515312148205
1083,5.708570576745257,-79.18864315210578,19.659394531212325,5.268955637401797,-78.25784241961685,19.886630156703667,-15.72575777406975,11.837241641899164,48.57147090978104,-16.882753044097445,10.145225595683659,49.476222921777236
1084,5.670243682054238,-79.16610247710912,19.654919977349934,5.206973523933466,-78.20859210927473,19.881327212028605,-15.759536126761963,11.858300510357575,48.57359911179278,-16.910524580994526,10.173270708133266,49.47085813841405
1085,5.63155286838978,-79.15887651044189,19.639648478448915,5.14423245670511,-78.17764324420708,19.872040385502782,-15.791799282435814,11.865684829933025,48.56557829129881,-16.94198755659661,10.191618378914644,49.46178903802127
1086,5.584606752769056,-79.14793748251482,19.615103998256703,5.074411636083566,-78.13743145527047,19.861990133665238,-15.828570300517182,11.873554304411662,48.547023906171944,-16.9826622983687,10.216233514795382,49.449013128382056
1087,5.522633492942954,-79.11104000730784,19.587895218770363,4.993736627565597,-78.06357780673542,19.84898273539406,-14.8421009571246,12.908919701797492,48.535143552498404,-15.588504685038295,11.678384829742827,49.454941247543324
1088,5.448668858583144,-79.03312453398456,19.560304835207514,4.906682987101065,-77.9470980027514,19.834291875397376,-13.786935899882252,13.86260795754081,48.51862969418054,-14.416403847419712,12.772908970605402,49.45077669570445
1089,5.357883570161124,-78.91149547031017,19.53287613187216,4.804360857778302,-77.79235235124499,19.817212854951883,-12.392220501769822,15.083801308710168,48.496116413858296,-13.037840615054048,14.043721007526843,49.43740145923698
1090,5.236238418550548,-78.76363293025639,19.513738196176707,4.673904880968267,-77.62741819599474,19.808066362967928,-11.249850784546101,16.439181392049523,48.47821258827454,-12.218522281454511,15.201595857320598,49.43413057663668
1091,5.0552041353513895,-78.6058814370721,19.50405055996664,4.4913572875762755,-77.47242319169919,19.8070867611782,-10.211886580938867,17.91048995583778,48.455962332984676,-11.5345847517265,16.123436549017455,49.420528833898906
1092,4.801598322094651,-78.46477160124971,19.50352497172281,4.253520628418965,-77.35040084061178,19.812867973357772,-9.474395516980186,19.611001417255828,48.46488476449755,-11.11936959943631,17.020257422892715,49.426085764906254
1093,4.491125779452712,-78.3512085985002,19.50777283677635,3.9734744953625167,-77.25644103997695,19.82050505053892,-8.91961443826974,21.49259922513604,48.523922403849944,-10.792721092109133,17.908374315930924,49.47581768038633
1094,4.147130170614615,-78.24703437769087,19.518764662546523,3.6646815114247007,-77.16567903228793,19.83018203661375,-8.915029799311814,22.06929178569594,48.568086474271965,-10.643174023196694,18.712048069867148,49.52911803068538
1095,3.787769068535574,-78.12788020870525,19.53684678595273,3.3404516695861575,-77.05638925269602,19.84204526735316,-8.82354902220692,22.457627406511367,48.622562366929884,-10.517594417562286,19.104749621805304,49.58015621697102
1096,3.423805967827462,-77.97795550064261,19.555678096237834,3.0080717548147247,-76.91598170234782,19.847195139358234,-8.816192903863879,22.538037439957318,48.69460145743612,-10.453826972134046,19.554653899523796,49.64250464355619
1097,3.060408802703152,-77.79367659396398,19.566231026167156,2.6749856693045135,-76.7432418272803,19.845620607487355,-8.641113596081755,22.63582488488394,48.76170086885709,-10.347220857270836,19.939928819610895,49.70704118923264
1098,2.6986187955778065,-77.5831059744613,19.566092295759447,2.342748517640528,-76.54838947690534,19.837159937299536,-8.782421771700035,22.78337259622613,48.857493868308325,-10.48093673324516,20.246005174847888,49.78667081775757
1099,2.3358165186198354,-77.36225044105956,19.556168894173698,2.006621355034324,-76.3457849682753,19.823508569157855,-8.81611664470476,22.60349905724565,48.967131461038264,-10.400934491596775,20.09203498558266,49.87349064326924
1100,1.9589587387551362,-77.1470617282151,19.541452833992253,1.6503258001541639,-76.1454543813687,19.809419249077738,-8.972473439065796,22.414295921129888,49.083152070681074,-10.380920467352606,20.06728303328518,49.98707879492922
1101,1.56804822443415,-76.94908526663296,19.518110973162614,1.2761448948368797,-75.95758913143828,19.790946419419228,-9.09267689521733,22.142330707460392,49.188742750282415,-10.381686880938668,20.03308737103227,50.08076970778483
1102,1.1665702101623858,-76.76564190746512,19.487729928785452,0.8893619475934889,-75.78194923979937,19.770536252217973,-9.03970761629337,21.89199278521572,49.283296874124595,-10.197197342321926,19.798720021698422,50.155334060710736
1103,0.7547878916252844,-76.58571592180392,19.467795349254466,0.49053231395637575,-75.60878698037884,19.762728481219046,-8.928434472056267,21.668367507511345,49.35114750351458,-10.02950981441123,19.79497778692753,50.199177117206546
1104,0.34341791552949813,-76.40709240452365,19.4594445743695,0.09058461596880896,-75.43700375132764,19.764768407149617,-8.953319335545908,21.594076249975966,49.44594568121308,-10.058755851251327,20.03350471663087,50.28625105753303
1105,-0.06754738626234236,-76.21680662011764,19.462525477733234,-0.3077384811154398,-75.25254405976355,19.774421411459116,-8.468330464139573,21.232899625015374,49.55553699689001,-9.595041087591012,19.80549917617506,50.39945043492211
1106,-0.48041991662872424,-76.01341698064297,19.475352921891048,-0.7070037621307181,-75.05388378872175,19.789569191467226,-8.171429028501898,21.067293325680872,49.64709835390317,-9.269347107765881,19.518042786253275,50.4926277227773
1107,-0.8840667360124461,-75.80348361470224,19.496577409563912,-1.1005574415884893,-74.8468952407781,19.81088377711131,-7.7090707065663455,20.992995792801086,49.71216395216159,-8.824328039253809,19.515558055838294,50.573660553709374
1108,-1.2895880916352587,-75.58719441339782,19.52951669139353,-1.4997464409690913,-74.63198213630896,19.83695171415543,-7.187872595901351,20.99957603898684,49.803690315021946,-8.403821105515593,19.61474618855506,50.67880387451812
1109,-1.6981444162165782,-75.37242921758292,19.57297059093846,-1.9029227191257772,-74.41761052382392,19.866133147944193,-6.810680613263525,21.351034380013488,49.93074682452725,-8.099456503319901,19.95368378189751,50.81406582852258
1110,-2.108186333981948,-75.16161871294791,19.606197862485597,-2.306698353747581,-74.2050931435848,19.88320244140714,-6.393810873756714,21.71019179573056,50.09964991047428,-7.769672847020591,20.411152235050082,50.963888251921816
1111,-2.5229381173798475,-74.95197032468532,19.628175131986055,-2.716257350015414,-73.9960202703858,19.890233206394672,-6.065312813258738,22.442605591273526,50.29284677495189,-7.777827997883958,21.544469759100792,51.171745514482645
1112,-2.941969811418839,-74.74758749478582,19.639190586629862,-3.1307550228708596,-73.79314303092818,19.890479964367714,-6.037223801385458,23.277526023463334,50.575328410878456,-7.724358177647034,22.168362499915954,51.500520835579664
1113,-3.367968130756738,-74.53711498408681,19.64205300994941,-3.55680505408558,-73.58452918714285,19.88799575446704,-5.960179014797948,24.17641800187708,50.94993340671721,-7.648735992949041,22.65669681493109,51.89409627432404
1114,-3.7952357954471365,-74.31930859941696,19.633627728868237,-3.9824100946050653,-73.37172003364078,19.879724870425772,-5.8349814391124015,24.948249686279066,51.360576378611576,-7.347928542371466,23.113975618193617,52.268240010576164
1115,-4.2195358321949215,-74.09552731368687,19.613167617465844,-4.407114752368329,-73.1529416662118,19.8658698558273,-5.806097014530188,25.676684714753524,51.743569285059124,-7.192578948267832,23.522638405171026,52.571160068389574
1116,-4.641800356002319,-73.86860772794908,19.590678026857766,-4.828278859132125,-72.93192133549519,19.861146859680364,-5.756964408162471,26.219263684559625,52.080231792225334,-7.080731558588988,23.844389086540705,52.80071900263324
1117,-5.067779720660755,-73.64014506398568,19.578877059478096,-5.248055701266664,-72.70774355843952,19.865633530894133,-5.859799681616455,26.805215401973573,52.3741421008991,-7.114144716127664,24.341877058690486,52.96692912757143
1118,-5.493371610121676,-73.41346615488366,19.580442318261113,-5.666214324751798,-72.48349961355936,19.87926480368966,-5.805154805006478,26.86410081129319,52.603499191917095,-7.157324788681461,24.77519748280949,53.09161619302922
1119,-5.92004288755299,-73.18462674185344,19.595408038604923,-6.087110071343781,-72.25609612056316,19.901220815553348,-5.712157186162461,27.033624780228788,52.71328511717026,-7.084674266846757,24.995254922559546,53.189488371907814
1120,-6.340835088483541,-72.96062958729667,19.62057080825262,-6.504036603159959,-72.0309284262725,19.928913788374228,-5.733489449618804,27.193734363089817,52.733121364603136,-7.155664609714207,25.141961223019067,53.270337388615495
1121,-6.763277208450403,-72.74011732684237,19.65888995566115,-6.92581968636317,-71.80807339361853,19.96202932445573,-5.839902844084983,27.15526888382633,52.70751352149399,-7.093183591974159,25.042294746908112,53.33424596420522
1122,-7.185147649637289,-72.52232243888155,19.710132203694005,-7.347719833792703,-71.58818111432305,19.999481639040813,-5.564496300742394,26.813419871225566,52.68902335616227,-6.598563596846965,24.586172967400636,53.39832926020776
1123,-7.608996244435462,-72.30420648955185,19.762497629425777,-7.771429259671603,-71.37013974984444,20.03899562092311,-5.549594029626414,26.658530182523553,52.67470030223947,-6.583471245533236,24.479305952327696,53.4421335783558
1124,-8.031622775765765,-72.0859857895263,19.80715624977469,-8.194352163456887,-71.15253449376459,20.069566117364964,-5.616574069561216,26.437249560169327,52.674321956270525,-6.814177836550933,24.539902416556828,53.48027890351165
1125,-8.457175757430605,-71.86600435289364,19.843784184910355,-8.619967582034377,-70.93377750604077,20.093921234212694,-6.033913877625184,26.708398549014465,52.6759602424735,-7.5078889745822845,25.31170178279771,53.50718074648946
1126,-8.885677545889251,-71.6474165322747,19.87291736392961,-9.051033091667646,-70.71374482358976,20.11452185064286,-6.3714793460794805,26.890608844119644,52.729510396963576,-7.841500264292287,25.68131938778093,53.597754542563976
1127,-9.319445319397415,-71.42837200456574,19.891715321001886,-9.484182539085321,-70.49452653174038,20.127923697567706,-6.75363407671921,27.15651618538488,52.772159448460364,-8.299314816264623,26.06175192165376,53.65935356485164
1128,-9.754377119752645,-71.21279941664872,19.89980709270329,-9.921209249378421,-70.27993034956361,20.13530930198958,-7.291967102513154,27.674531521669977,52.83540630655254,-8.759293530761353,26.505583877596322,53.73671010981361
1129,-10.193972674951212,-70.99468294518071,19.899684161535824,-10.360857598353821,-70.06196121642604,20.140639098423424,-8.268162137991341,28.448845207671567,52.86634253806216,-9.291128020277313,26.848055478851737,53.766229122180626
1130,-10.633913884966779,-70.77222543041454,19.898858628059685,-10.799911362328727,-69.84033127877242,20.15401293085724,-8.895225125493784,28.96144567116432,52.93259037715464,-9.618571791343761,27.004703756203174,53.833943933172854
1131,-11.07505514198078,-70.54192515990079,19.90761298794137,-11.237737424564244,-69.61151635672184,20.175185694357715,-9.362735545008547,29.15776503610444,52.987480071917155,-9.90463015525643,26.82808520764264,53.874188104893776
1132,-11.513355892847374,-70.30934970086622,19.926603282148555,-11.671164050016612,-69.38024201062197,20.203238425886287,-9.497681016264819,28.814783671570595,53.05687880125801,-10.165962579984102,26.661154493892745,53.91391076310824
1133,-11.950630439423486,-70.07623191876846,19.953275597131142,-12.104307324449952,-69.1468600283982,20.235900218355173,-10.054667011522364,28.630253742101125,53.03048230491543,-10.747515283228664,26.498364750301636,53.88301162475916
1134,-12.388392907502903,-69.84355739081016,19.99001063261433,-12.537084240955627,-68.91354507426419,20.273458219567296,-9.726802032905859,28.696964108352894,53.02368460044004,-10.16168706134161,26.812119414111613,53.874380588571995
1135,-12.822683346600389,-69.6134586531548,20.035719227821055,-12.96903295282418,-68.68569117872227,20.31401120695641,-9.72735492008554,28.791162439106476,52.99442160004626,-10.243991567629294,27.242444283421378,53.86536166347164
1136,-13.259021090090421,-69.38799484704714,20.089371436769458,-13.40409333912027,-68.46252771479185,20.3571090880896,-9.603248894723066,28.970534553381142,52.97635808965717,-10.302151178207927,27.69666212253354,53.84196381207462
1137,-13.691676734036038,-69.1677377307054,20.14247719274525,-13.83731359903183,-68.24458815959122,20.40117694936767,-9.678245943251811,29.351242953363624,52.936664929159825,-10.531475911221325,28.219439215149077,53.83876296820525
1138,-14.12711916358893,-68.95050675067914,20.187295565636994,-14.276346947548209,-68.02773384122317,20.436669025283,-9.458891696415476,29.679707900866013,52.97147907471025,-10.323103317828043,28.25854174384491,53.92693004955033
1139,-14.561553933547446,-68.73184417395808,20.227826020558446,-14.712179677335318,-67.80860695487526,20.469684190902434,-9.138293666217416,29.82792469563385,53.032171512674964,-10.046459891062211,28.010494490897305,54.040739737173205
1140,-14.993998452052358,-68.51208763717601,20.26685293525818,-15.146150856288278,-67.5880851195204,20.503663867033023,-8.664560408041798,29.92378069242965,53.140201421950614,-9.986001239934563,27.705474546437717,54.13872179975007
1141,-15.429463849345241,-68.28906921977597,20.29913232679502,-15.581926366897596,-67.36245684362436,20.533242151893003,-8.96469862033625,29.62007397629608,53.2664564484018,-9.975537484484732,27.353704476182315,54.25477713255944
1142,-15.860370600228794,-68.06383094338786,20.327370164941076,-16.012885606291817,-67.13407921209618,20.562973809319875,-8.709267113605174,29.351666882329095,53.44454872071323,-9.735135270750215,27.303950932713636,54.41877691708373
1143,-16.29213799438832,-67.8345652719863,20.35429289001791,-16.442909264746856,-66.90335657343554,20.59564742389288,-8.404983681069112,29.091158488217953,53.65635400474608,-9.462526106019226,27.381083895755594,54.58075502709456
1144,-16.724073989367742,-67.60536543352458,20.382230676844497,-16.872703587223302,-66.67336402923797,20.63179596420504,-7.931110868464099,28.866891881233443,53.87299391118105,-9.185694658282607,27.654551188722014,54.731631237003185
1145,-17.15920593535989,-67.37268911140528,20.41793609852434,-17.30968524117429,-66.43959860262375,20.6719930519756,-7.799964456802344,28.803825200583546,54.0440840105321,-9.061547612100268,27.71562501750104,54.879761991336125
1146,-17.595087319946103,-67.142823518997,20.4593039083155,-17.74622229660302,-66.20852796143645,20.715128918891885,-7.548174094015396,28.951286541712815,54.222521820209074,-8.686461771106226,27.778262828289822,55.05380446598391
1147,-18.03034010582112,-66.91016010845517,20.504149492764505,-18.18063858777265,-65.9771165614948,20.759759873494136,-7.2741790126435815,29.29030195136088,54.378173901658634,-8.514915525412057,27.99116883031839,55.16776599202366
1148,-18.46138085737233,-66.67730825912163,20.55172399871511,-18.61179082725205,-65.74693487842865,20.80322993082731,-7.090742506883496,29.67582853778091,54.4675849372579,-8.538640846595921,28.12088473712518,55.20372065610222
1149,-18.894692520690022,-66.4462093666587,20.600759748770642,-19.04387146620771,-65.52051475156159,20.847404785338064,-6.921505734194776,30.0884203132898,54.524761698549625,-8.347056523678928,28.49601531431105,55.258142543688386
1150,-19.32851061839077,-66.21688635047526,20.650315156727814,-19.477007912032224,-65.29430690122578,20.892561794386676,-6.916234334270594,30.614766581637074,54.56647367034018,-8.344463436368684,29.074224420828052,55.310142325304426
1151,-19.758882676224356,-65.98675943561203,20.698607502805974,-19.906062457773764,-65.06619392383631,20.93698734969662,-6.761171168034439,31.115579619986907,54.65190454826076,-8.075554333139241,29.713080987247206,55.43525016887676
1152,-20.184905628657766,-65.75880892780059,20.745813864871938,-20.333065139834243,-64.83896605485538,20.981843840054214,-6.568285431145468,31.636462992647207,54.74293489527826,-7.905578509502593,30.092540898479097,55.5697807361827
1153,-20.6118923622747,-65.53140979407023,20.791697932227553,-20.76303163774741,-64.61077049555924,21.026503448975905,-6.6204446697142325,31.99561531787036,54.80831428132107,-7.834339879947617,30.182512387566618,55.69747762823791
1154,-21.04349215578457,-65.30777815670197,20.83459244261679,-21.197582473927596,-64.38475121157911,21.068258164750656,-6.746844840417883,32.167693137141924,54.86916143641388,-8.008461087236945,30.15537352948426,55.76760275338625
1155,-21.479023552473244,-65.08560095916414,20.87580907572259,-21.63622069433245,-64.16053050662957,21.108722132907314,-6.557957213791193,32.20186864938709,55.032812775945686,-7.865876139364936,29.900277831804985,55.91330086485688
1156,-21.919284701797352,-64.86164312825683,20.916060576281833,-22.077911385293223,-63.93709126368275,21.14922843353016,-6.445906976205018,32.156102013239654,55.1825550999581,-7.6515511153238736,29.855234202959593,56.03477122090395
1157,-22.36044240841227,-64.63759756834926,20.95328002201949,-22.520787135647414,-63.713353284453866,21.186947137818493,-6.545446047524472,31.35974594886912,55.374737608817654,-7.929252306209416,29.047675582489784,56.19882994486502
1158,-22.801463483460076,-64.41613591208379,20.989110498901702,-22.95934357072948,-63.49297681463147,21.22322485700653,-6.889792068493426,30.269967870482507,55.485796405891875,-8.229192530214286,28.167288230676853,56.300632577689335
1159,-23.24127045505473,-64.19375871279111,21.025117447235136,-23.39412616787631,-63.272736524954134,21.261952181676165,-7.092942952686256,29.189821332738788,55.63008248902074,-8.315025095454734,27.34418680561441,56.46544154889695
1160,-23.680981828357258,-63.97148788985597,21.06132936368989,-23.828613227829283,-63.0511467641368,21.302277956473972,-7.34342351118872,28.196691975905807,55.80996544903138,-8.510572737282667,26.592794976654137,56.666386255639615
1161,-24.115576834702082,-63.74962948310138,21.09857194808087,-24.25956474696662,-62.82817322235085,21.341814994334126,-7.552712709894641,27.429807173038824,55.98549842107877,-8.838536313659814,26.208627113014376,56.78754488475336
1162,-24.544862849693,-63.52717262843407,21.137960789704287,-24.689514915571646,-62.60392889099914,21.382791403241665,-7.847443921627803,26.769266470199888,56.08140585721461,-8.93766180231763,25.81303990947698,56.86444206413479
1163,-24.9757518351724,-63.30506052116394,21.18063916381031,-25.12297951249402,-62.379568986610856,21.426435680316697,-8.600996989765967,26.032865264517664,56.13939975000354,-9.559103463089674,25.55280106652184,56.87704242247488
1164,-25.407775239017795,-63.085306246376994,21.227149189193867,-25.558640283901855,-62.15731794246544,21.47215058416424,-9.19142307846638,25.834832297307287,56.117905052929736,-10.285546850840069,25.333479635118287,56.84027567445478
1165,-25.83586439808729,-62.86388972675573,21.27602961507831,-25.988262634531978,-61.93524403877017,21.518458088649954,-9.673598545993485,25.6211174690818,56.09771637050875,-10.793681499578073,24.899447455823168,56.783965964996014
1166,-26.266497874287147,-62.641654528821014,21.326120923040143,-26.41817635481099,-61.713498463864255,21.566345867632037,-10.161802635580989,25.393314143690503,56.04921163617906,-11.04959719923225,24.41239247458278,56.7843269793004
1167,-26.692243125196903,-62.42312786086647,21.375666750157432,-26.843108553883102,-61.49614148088228,21.614410689394205,-10.176292983596985,25.348517674836465,55.97865783687987,-10.717288544769715,24.187299971254074,56.822590183407165
1168,-27.119505306658375,-62.20639433907702,21.426661647240508,-27.269664516644607,-61.27999476473535,21.663081270397658,-10.06308815097371,25.211876704192075,55.965019460215956,-10.445495737363602,24.092983275315852,56.893825059089885
1169,-27.547567722596156,-61.98790915078484,21.47484715204492,-27.698830167347147,-61.062633501323376,21.70989237969077,-10.101192007414747,25.26147705235377,55.994146946765134,-10.273500150291051,24.1901434881193,56.98991942934299
1170,-27.972800935204432,-61.76403890263985,21.521880342903078,-28.127106967557314,-60.83826518399002,21.75598301813211,-9.872426823504085,25.228381667979566,56.083115653577586,-10.303733200243673,24.208820045688224,57.1012789154223
1171,-28.39596418741399,-61.53715629605451,21.57013186643399,-28.556354534303978,-60.609786624003746,21.803386043648157,-9.459035192642961,25.178817417081877,56.21925291824013,-10.301363171539775,24.19852537232969,57.210648938936544
1172,-28.82175646221718,-61.31195287732635,21.617396538657193,-28.985681975348218,-60.383581189015246,21.850091839320754,-9.05523700766066,25.406239642358003,56.39745846822286,-10.246239670865496,24.317803184662623,57.329446904199024
1173,-29.25153774487479,-61.08703528551181,21.6661823218539,-29.416004038376137,-60.15779123960436,21.899235822600033,-8.748659004644104,25.60600834728736,56.55850801837024,-10.187136054937708,24.23496726579569,57.44576549178463
1174,-29.6830626003605,-60.86668587394516,21.715695557430582,-29.843919682550258,-59.93879312004314,21.949536562641253,-8.866549948041643,25.65260878549908,56.68528594393628,-10.195324145709684,24.108145595648356,57.53020337607711
1175,-30.117351380729943,-60.64712811723331,21.766513712318844,-30.274766906331248,-59.71986312145561,22.001244350033083,-9.015117268312755,25.527928911217433,56.77192803703058,-10.236893253170136,23.852810643236175,57.58204147147544
1176,-30.55533629787315,-60.42884017269979,21.81927003115679,-30.71219987315767,-59.50192887871021,22.05433335067983,-8.935482606223577,24.683498303290722,56.83832113431709,-9.995306743548745,22.815287237271196,57.632768840457025
1177,-30.99375748428428,-60.210738023460735,21.873588365916465,-31.149967450549596,-59.28156487904355,22.108165481505583,-8.813837819586627,24.076641789421167,56.86340139598902,-9.910608073281509,22.259141188934677,57.650927245303656
1178,-31.435031449638597,-59.988503699755114,21.928943536359736,-31.592495540462018,-59.05580038305728,22.161697343011387,-8.606747930544946,23.662826522924682,56.86463810029609,-9.695968033317925,22.061584733065416,57.65226140811656
1179,-31.876280153364274,-59.763275568974535,21.98439928723897,-32.03458645475403,-58.82932250481293,22.213905145229308,-8.37430147378695,23.286568286977825,56.856568291494455,-9.436531080842238,22.08256026784584,57.67199796855563
1180,-32.32333528928344,-59.538139962932206,22.03240135242725,-32.4827633902306,-58.6024034613261,22.25735323661548,-7.914712757335906,23.229670836652783,56.814685648140944,-8.895357045481646,22.367511734244612,57.6614303502433
1181,-32.778529521262335,-59.309245419861774,22.071813937870697,-32.93629964250738,-58.374383684535644,22.291947520369316,-7.353712888419994,23.24059679467301,56.798034754521886,-8.377059395551854,22.626954946829606,57.67948359083649
1182,-33.233060268469266,-59.080019134903104,22.103775520163193,-33.384889578765836,-58.14678305856027,22.320849977368322,-6.811339182299444,23.338233822077687,56.80177398126487,-8.022555427433867,22.800923587559446,57.70667259132231
1183,-33.680373145792665,-58.85083930350703,22.13153552204063,-33.82578716639451,-57.92135056369474,22.34933364380183,-6.462996071766969,24.04347131932303,56.812400085293525,-7.729469660001901,22.95683429332942,57.74611159708363
1184,-34.123866743702195,-58.62440280516576,22.152330714387734,-34.26227742001357,-57.69972363380145,22.373994335869824,-5.895555986263943,24.643831441408903,56.850218881750656,-7.298088730972571,23.20989934044831,57.79416402665349
1185,-34.563289977653206,-58.40388157995736,22.166022466231354,-34.697853970529756,-57.48416171070031,22.394420727982396,-5.373746872656014,25.233282078373925,56.89573016657594,-6.87113168539318,23.649455579278335,57.829307181634306
1186,-35.00317319780422,-58.18247295452207,22.181877360201426,-35.13652915182156,-57.26595738030185,22.42272566777591,-4.912814995376891,25.83831572596435,56.9371327261582,-6.530665614618063,24.20129500970482,57.86940894466856
1187,-35.443716317795456,-57.95813358025433,22.206280334092586,-35.58184822144297,-57.04183356377768,22.458899825173784,-4.538776600524735,26.122092826022467,56.988832447989694,-6.049699137439742,24.462937751595177,57.891639452500094
1188,-35.878188253584355,-57.73436603821652,22.239348417900224,-36.025330709158816,-56.81445946315929,22.500454770956992,-4.210127410717471,26.43852179747887,57.022914645857064,-5.641230891943995,24.747988338174324,57.91245763507244
1189,-36.31689958303902,-57.51060779115656,22.280831337467056,-36.47119529015128,-56.585679696670496,22.54603533707721,-3.804899426587191,26.915585431729053,57.049718535944265,-5.266513693410293,25.165987541841766,57.93240636538533
1190,-36.76572595315098,-57.285839007506624,22.329064963611152,-36.92185312021045,-56.35787212165516,22.595559109832347,-3.4188387801213276,27.42115139840651,57.078779342684385,-4.98446193745646,25.554930896480915,57.970100227349484
1191,-37.21596353964039,-57.06201859462503,22.386072216322486,-37.36927018157866,-56.134376897419386,22.648592681087887,-3.1132167990931308,27.773893942939633,57.113445643146925,-4.673034390670751,25.781551799783102,58.02501424990834
1192,-37.666924794976026,-56.83377426183455,22.45312622640111,-37.81613399062761,-55.909991604310655,22.70567280337143,-2.936242904962773,28.014202883967105,57.160075885589265,-4.520723251901282,26.043693630844853,58.08109916967982
1193,-38.11952011858336,-56.60508063410672,22.512836025482738,-38.26522777014199,-55.68542454528354,22.75251605737953,-2.807374028230749,28.083197453065523,57.20980893366908,-4.4692871386579505,26.213420468003143,58.14043844928622
1194,-38.57690596449709,-56.37525159360943,22.562721494779517,-38.72367535585422,-55.45701122794357,22.789874832745173,-2.847897727712175,28.178015961429253,57.28346433754917,-4.459617035752189,26.205266493851862,58.20838930505315
1195,-39.04006095201381,-56.14559423182315,22.599993867292678,-39.18818687403438,-55.226891634907254,22.817061807476605,-2.828560946970246,28.21730073498294,57.37026545020767,-4.343602000163013,26.198897636038872,58.28393344658972
1196,-39.50046861927118,-55.91690501501244,22.623550523611787,-39.64784592462023,-54.99703453518566,22.834249793440854,-2.865922484511171,27.961651904668702,57.469419055151086,-4.2828708802594635,25.970227695016575,58.3670199078595
1197,-39.95556112504429,-55.68637873056601,22.63448779289917,-40.10002079194641,-54.7662452151408,22.844900018630003,-2.9847115643712963,27.749810554217348,57.56286710384728,-4.363650073401813,25.901471886398227,58.44846679490183
1198,-40.40914778048696,-55.45441322496536,22.63244188433606,-40.54744373277141,-54.53716764374028,22.849891254271327,-3.2046497595683308,27.609410546999648,57.67306749103798,-4.481967609620607,25.8606715718134,58.56055953273922
1199,-40.85891227866768,-55.22107230552118,22.618384426585504,-40.989295021605706,-54.30701772833118,22.851051746415248,-3.633426081030568,27.362963295931166,57.75104637509223,-4.963569933649156,25.760168388997553,58.61844832089412
1200,-41.307008783474124,-54.98346973874316,22.60141568713978,-41.43061340995259,-54.07342828275682,22.847749373966153,-3.93023487757748,27.10438380109503,57.833416927361284,-5.232882258361096,25.62416442252909,58.6862460043471
1201,-41.74911791768712,-54.754007306202745,22.59570858035259,-41.87407949264475,-53.84450026595772,22.859291006356955,-4.447076344456652,26.983422383281564,57.926158510604346,-5.79328635691041,25.56501174396565,58.776956698564774
1202,-42.18777016725205,-54.533909620313,22.60591320953003,-42.31909075467891,-53.62159063770762,22.887027333170888,-5.204334793372452,26.817151202816937,57.98559336251997,-6.472525586599236,25.46099325633941,58.82860229170736
1203,-42.62965380560413,-54.322921688321344,22.634419377828728,-42.76800370264948,-53.40554067962637,22.929093341784956,-6.037094416303743,26.991707049061922,58.04714672006526,-7.152403597618183,25.642919835068845,58.894948548874204
1204,-43.08106149016969,-54.115502960110206,22.680934095615545,-43.223019657004485,-53.192839235296894,22.983074527157775,-6.802468621988708,27.013437535675394,58.09692487474546,-7.732348489109593,25.69466781878113,58.94055139701617
1205,-43.53228234909828,-53.908589747646715,22.742876411294212,-43.67625974578272,-52.984006133076576,23.04295587425883,-7.526489725348189,26.88900286811084,58.194620452025354,-8.195909493701581,25.546077911185165,59.08751358707043
1206,-43.983478390211445,-53.69419894200532,22.823321167139078,-44.127961325901616,-52.77103005863199,23.11224292270385,-7.901345972181837,26.853558194811914,58.351101108125405,-8.457631456299634,25.45137740655845,59.25101921789951
1207,-44.4276582262059,-53.46690194315365,22.92108285058224,-44.57208989500323,-52.54721490777311,23.18827964642057,-8.33059727347028,26.886185072295923,58.50334730945428,-8.623793085908696,25.412269041178398,59.39879121654689
1208,-44.862953719987225,-53.22921396693707,23.006198913473472,-45.01021365922318,-52.31538548398435,23.248202307409944,-8.501171728420339,26.86803048367185,58.64024843564513,-8.743761057786498,25.34372435074238,59.536497871252884
1209,-45.29212569841703,-52.98583178346072,23.070097814368083,-45.43938733828635,-52.07813947175954,23.28913751336799,-8.51596362946123,26.992673057107737,58.803779192267044,-8.854067253112756,25.444428017109907,59.669950091388245
1210,-45.718807813296586,-52.741841259332595,23.11479211548375,-45.867259421855685,-51.83737357846013,23.316434275849844,-8.496134907026605,26.9216796286973,58.94575984136216,-9.018142808153119,25.538921777469998,59.77403187722145
1211,-46.14706705447217,-52.50307241043275,23.14452478720403,-46.296745038445025,-51.59868885663845,23.335984426125467,-8.452080750368243,27.040710576376068,59.107316535947646,-9.154955465464017,25.799956774811154,59.87625398847447
1212,-46.57038884946607,-52.26898787649302,23.16045699685624,-46.720281757419656,-51.363032532786534,23.349165989306407,-8.391666178255257,27.258288256933227,59.204550970970814,-9.254871499762864,25.959507554523388,59.976340947093014
1213,-46.99806990292352,-52.036223817337714,23.157157943804886,-47.14958467159571,-51.1291491259437,23.354169717450247,-8.372002665503505,27.51284733511972,59.267144036738614,-9.278857663731722,26.150208821567446,60.050734097959015
1214,-47.42568604938372,-51.80821788920552,23.1334417364944,-47.57974349600844,-50.89839745288269,23.35125197357741,-8.412299436650258,27.8067236853937,59.315944658078976,-9.335964417617555,26.3887283236139,60.1078012276038
1215,-47.856143914451394,-51.577432346688475,23.10694272077404,-48.01478105515521,-50.66473700052851,23.34397304570422,-8.587265348049275,28.06696334292421,59.34904801410579,-9.558726190807164,26.491577375241853,60.15030091537703
1216,-48.28874760664655,-51.342142194399926,23.089054598008246,-48.44963384888601,-50.42882649133454,23.34534786527997,-8.639710218601328,28.216939728303718,59.37000373345015,-9.57970977341993,26.572666185704072,60.19166298278447
1217,-48.718238562877964,-51.105762046029305,23.08208716447915,-48.88152709324857,-50.192781281357696,23.35489551246275,-8.709094080572854,28.468562454466,59.386021397403056,-9.698656383042008,26.79323208194199,60.2147585372076
1218,-49.14265997283478,-50.865815737992335,23.087180068598304,-49.30478048414632,-49.95323163176363,23.372176449936255,-8.902805118755145,28.830283692851847,59.409343191289125,-9.97139531012847,27.308613859668405,60.25995273267648
1219,-49.57477156938763,-50.62340089973541,23.102081789035772,-49.73382027844748,-49.7089668584189,23.395467782524715,-9.909979520436499,29.307988061936058,59.40926749981839,-11.319928865652432,27.835285272077897,60.28227173378311
1220,-50.0081211868794,-50.37951143123236,23.128372585084435,-50.16291336060298,-49.46223441542704,23.423882911957886,-11.006250388784027,29.776335586737797,59.40314648563638,-12.462230731464878,28.305420082674367,60.28526384448678
1221,-50.44464031356963,-50.138583280803275,23.164454519111953,-50.59702310900814,-49.21882828254983,23.45487168873754,-12.029084289111847,30.252609229560242,59.4136188480865,-13.308590348448675,28.787493271537752,60.30935619151732
1222,-50.88176639115993,-49.89940706521026,23.20859172188755,-51.03502081742599,-48.97646008381689,23.487467413693736,-13.007932813760796,30.826212357372572,59.43774267115539,-14.099700487703915,29.229577561473874,60.34548299125748
1223,-51.32043958045849,-49.66112365402049,23.249494906608632,-51.475221577844266,-48.73662291329459,23.51794271469604,-14.014244961303687,31.394752434105364,59.49891759568738,-14.609565591134992,29.581955055442567,60.432801441807015
1224,-51.76086512202177,-49.425186287710545,23.28797135125502,-51.91696623191085,-48.50420883038233,23.548382225699164,-14.997769970475694,31.879149292577477,59.577735830064256,-15.089141952569742,29.906626084496313,60.51646897338969
1225,-52.20874449844494,-49.191465769538034,23.325071041988952,-52.36192125596464,-48.27488380328929,23.579969665614115,-15.917786978807982,32.085568864827565,59.652255771332946,-15.576965425640447,30.11609900229446,60.60548306216263
1226,-52.65773845274995,-48.96277054750718,23.35911103483721,-52.81125567537263,-48.05105084624242,23.60976574662634,-16.113904565003732,32.24665815582486,59.74814415943167,-16.086230172698308,30.273299426830025,60.69356092839981
1227,-53.10961150078566,-48.73587273769944,23.388114670757496,-53.26054039183693,-47.82757282719973,23.63623311571364,-16.275689910190696,32.38345458748332,59.85972082774089,-16.506833031507362,30.4154889749925,60.76919608028665
1228,-53.556978914491694,-48.50696551741642,23.41286822334968,-53.70688015584048,-47.600878892151265,23.660244298259347,-16.47556899465244,32.372842514217425,59.95543013030981,-16.8328055141543,30.442616259034363,60.8304702150729
1229,-54.0025368194085,-48.2792212996775,23.43620616864845,-54.15208167649353,-47.37313043432214,23.68494076966436,-16.673311156254893,32.289584553306064,60.04034857401575,-17.201465934609317,30.424854119266225,60.881802178770016
1230,-54.448121848313306,-48.0507241983104,23.462043599558967,-54.59642029820589,-47.14255365584193,23.71174770847407,-16.938487872755054,32.17190790014692,60.089136290402735,-17.463223826713836,30.36551243814368,60.93007276311094
1231,-54.89665097634248,-47.818187166907975,23.489429149307774,-55.04320660170076,-46.909398797342654,23.740291945152748,-17.106502506306867,32.107890525650014,60.129934371491366,-17.60341034075009,30.440237563914483,60.97008584017867
1232,-55.34334320772507,-47.58804577124441,23.515940892660563,-55.48816860304179,-46.67638678754571,23.769086912150186,-17.072966044213853,32.04273420354957,60.15891501779046,-17.537459596446418,30.454703871729436,61.007526235586234
1233,-55.787279597435386,-47.357760376333125,23.541620925034827,-55.93155301968388,-46.4428870549168,23.796920394384347,-17.016121371650307,31.871221502681866,60.155335525535634,-17.57138182405289,30.31512102795165,61.00953503617109
1234,-56.23430949658753,-47.12507460597176,23.56873109485138,-56.377909356006214,-46.2071657522524,23.82506915842487,-16.990246585035017,31.56512691755668,60.128743439609856,-17.6535957082426,30.030403987132317,60.985093624402644
1235,-56.68036121467899,-46.889587002807936,23.599256005682452,-56.82245335999707,-45.967987027357445,23.855080813317738,-16.95930868784809,31.3309680788249,60.08674532981973,-17.705578755886187,29.812749498076798,60.945495156254914
1236,-57.12384280244226,-46.64912967222715,23.63019519132071,-57.26387482982562,-45.72406233204136,23.884188260335858,-16.80434963795222,31.285878525264692,60.02829559997374,-17.682173526422954,29.86441213870792,60.89337202431017
1237,-57.56782151530245,-46.40700979721376,23.659685839011136,-57.70525068884557,-45.47943417599335,23.912011848505248,-16.675420814835157,31.21186740322545,59.98166399214312,-17.667887465642764,29.816298470258694,60.87457853156064
1238,-58.013591136030115,-46.16856416977129,23.687142848877656,-58.15048731899655,-45.24138723431309,23.938023606299588,-16.346309301457808,31.013478869554362,59.95584729671563,-17.30775494593637,29.721998132984908,60.889538496573536
1239,-58.463948341012205,-45.931925663926584,23.71122429595652,-58.60135963079899,-45.00687686797256,23.961314823975947,-16.257347792799596,30.604745882098733,59.94140709066093,-17.17976499521868,29.30925868582376,60.92327672078246
1240,-58.914740233295596,-45.69862415045073,23.732362120540383,-59.05089018443702,-44.776432609950604,23.982594214992893,-16.032653687306972,30.07843492774394,59.96890904273437,-16.971990088021293,28.659607934564505,60.98005805629075
1241,-59.36211316220386,-45.469548636631025,23.756168421910406,-59.497518620587186,-44.55145011308837,24.008734326108176,-15.856694211157606,29.717231018670432,60.02796265281592,-16.923583705065713,28.195160435214824,61.04345834149865
1242,-59.80368038809526,-45.241783689759615,23.782644874843772,-59.93845208574841,-44.32760005026304,24.03879923080895,-16.02469161671116,29.100608296375515,60.10666562954951,-17.351420123358,27.476092958344214,61.102403186820034
1243,-60.24451152377578,-45.016294234434426,23.81366220934748,-60.379690815357606,-44.104123558097086,24.07247306178502,-16.28175500883415,28.491940936477995,60.20069564400225,-17.760106165075886,27.141058459783995,61.15150262357806
1244,-60.68616861432913,-44.795597264465194,23.845309480193944,-60.82231809378607,-43.88495584908892,24.105880663639336,-16.55053089763642,27.888206716179283,60.299391258625015,-18.10220391407699,26.79067603820385,61.22102806077704
1245,-61.115921879847114,-44.57222657849454,23.882362340273332,-61.25213018590054,-43.66333859209583,24.143041392727852,-17.020821571039246,27.42925493503002,60.41223521996739,-18.301024429154527,26.65463339130111,61.32887907350861
1246,-61.50405690552641,-44.33355297917877,23.927433715577717,-61.63364333996449,-43.42992113482763,24.186361788859386,-17.368299035015124,27.194748052538163,60.500583132698765,-18.438389733813093,26.500251538775572,61.39489176161142
1247,-61.82198548361317,-44.06915148466277,23.97763804085748,-61.940245040254375,-43.172604320601955,24.232620864079298,-17.784304482898502,27.275900267170854,60.57796173812407,-18.596224268449394,26.424663831210566,61.4579690855462
1248,-62.054499369473916,-43.7799585365071,24.035907773739286,-62.16120043856574,-42.892154485226285,24.287740840391102,-18.12831867183538,27.385428736347723,60.6514771676828,-18.752505572408335,26.41751453398384,61.517700787990954
1249,-62.18992156246112,-43.48763185996592,24.098386369280192,-62.28733466666587,-42.60535432739561,24.347280998772543,-18.027089085404988,27.57452860064042,60.71601316455273,-18.884453760712397,26.46711492737002,61.57074320686456
1250,-62.23149349657125,-43.221984270528374,24.158466645418205,-62.323959761916775,-42.333725258416905,24.40475098564147,-17.99081214262569,27.608735368455456,60.774956682670656,-18.97539352436997,26.551704766972513,61.61324368487584
1251,-62.20276575112489,-43.00942540942299,24.21313499293668,-62.29239267994641,-42.09616988014793,24.456574515017007,-17.884443599392593,27.661568546403263,60.80761360163375,-19.02333460954643,26.65090316413433,61.64342054025968
1252,-62.13834147235419,-42.86209406400223,24.256875022031835,-62.21672131299602,-41.90631921550824,24.49397180245813,-17.871394048416875,27.731949219027666,60.80209784135026,-19.033351492746572,26.745857898938286,61.66371933730006
1253,-62.056923087926734,-42.765266339960576,24.29110713641666,-62.116400267058395,-41.766273829369084,24.522058298986856,-17.79892327568435,27.824399398686772,60.81193971682969,-19.015050909264385,26.824036538416912,61.677520533196166
1254,-61.967877779176064,-42.71052313137337,24.317563694009035,-62.001640828227515,-41.67165566041338,24.544697773341035,-17.7209470592764,27.877314682297367,60.814375278233086,-18.975893141395186,26.882560469440374,61.688243194494525
1255,-61.87804020805048,-42.69644274319917,24.333746406434983,-61.879212423993124,-41.622734573075824,24.56057919395788,-17.642333517795965,27.892275765333643,60.80878254717705,-18.921105348059022,26.915168785252902,61.69426003366457
1256,-61.79593965344846,-42.71871202503998,24.33912427950842,-61.75889855526848,-41.61985061661276,24.56981965865702,-17.570758836935816,27.87193974587815,60.797693460412134,-18.85776349629404,26.917821842657055,61.69597111863659
1257,-61.73216990650394,-42.76756051825486,24.336317353609495,-61.65527579135801,-41.654293140014836,24.577145539385498,-17.514108789825276,27.82784599666916,60.78672599386746,-18.799257909426466,26.89721265199361,61.69809510704308
1258,-61.773500605107024,-42.704449080506045,24.328633470922536,-61.73519267279498,-41.599231342909256,24.58496207737811,-17.551081003174097,27.886143025806607,60.779184097799536,-18.84547249169265,26.933347779072022,61.70152346399351
1259,-61.74788357034568,-42.77250903766283,24.324600426661846,-61.676201689618026,-41.66212105511849,24.592764313533184,-17.52941342913601,27.823679120524325,60.775890806948716,-18.810603135420408,26.890441160069344,61.70632161071854
1260,-61.72151732137695,-42.838828699179054,24.323334587049526,-61.618851933277256,-41.722664366547384,24.599962702749895,-17.506445804250102,27.763111273769567,60.77553738625679,-18.771960600524345,26.847666022956552,61.71147212205462
1261,-61.66868837065634,-42.89644968542762,24.323284088862533,-61.53217817855781,-41.77113662388128,24.60626169188158,-17.45929561422119,27.71052352639146,60.77646632018078,-18.704650060892057,26.813132074072247,61.716575013909896
1262,-61.57849249038664,-42.930995982285474,24.32424284308469,-61.40811801672032,-41.7941109679337,24.609755908727294,-17.575276575628212,27.589624691034317,60.78157637401677,-18.879492407223424,26.67319194120097,61.72343081477906
1263,-61.702896727672595,-42.923695949450746,24.326455957099103,-61.56270729222106,-41.793711453075154,24.611501971290043,-17.448715319401632,27.765936738216524,60.79134942334196,-18.727695202754965,26.877922706702538,61.73219898952032
1264,-61.86941299862986,-42.920617604641116,24.327935049086317,-61.752259385285335,-41.786213971246504,24.61295810573297,-17.328744092534798,27.919885868492422,60.79484931035417,-18.625792310780422,27.02411116063006,61.731988332471424
1265,-61.66261876200806,-42.95701449702248,24.328520088485323,-61.53947069351445,-41.83506611929369,24.61425614617375,-17.409954048609176,27.778672492893012,60.79530834392249,-18.634537281446374,26.896950687350873,61.730294873402045
1266,-61.42699314658051,-43.05501740206187,24.32634958600406,-61.321419030806304,-41.94182467260585,24.61267857549748,-17.628300653960657,27.685933029353105,60.77900147010075,-18.81227031547649,26.8269014700911,61.70759805666119
1267,-61.17718198173587,-43.21676745596001,24.318582812008902,-61.10352146503305,-42.09961968069067,24.606432114492026,-17.867855137230332,27.680373724867618,60.773740731929884,-18.96324475868683,26.850055256276995,61.70568275366482
1268,-60.91964909585888,-43.41714350917903,24.306688518859566,-60.87773288771576,-42.28583501270616,24.59725515985074,-18.187438074398145,27.77440015646973,60.79634893559795,-19.165543503907585,26.972082870384558,61.7436660669865
1269,-60.6416048888384,-43.629646320946286,24.294825374107145,-60.62783909817511,-42.47974445492353,24.587327749814047,-18.25479951107248,27.79803375953657,60.819258217165974,-19.232402693256642,27.01107466682634,61.77860500050669
1270,-60.32807601384273,-43.82972894964533,24.282301328102477,-60.34115028303041,-42.662170196093086,24.57664171731496,-18.31580219369722,27.807148926797105,60.85510348956066,-19.342648000415522,26.974380163054104,61.826064527291415
1271,-59.97627538792735,-44.00123931108242,24.266799224213347,-60.01596902287939,-42.82373614948568,24.5634412459124,-18.411809282904727,27.80320720508104,60.907844821868814,-19.444959737079195,26.927385574388587,61.88017695035808
1272,-59.60207662667722,-44.14755133300012,24.24864106775347,-59.67134305494318,-42.965620459470195,24.54803589513799,-18.482414303474826,27.964404307283964,60.97389604502786,-19.403140283522784,27.08245709686502,61.939229448101734
1273,-59.21041770130504,-44.28912908145774,24.232006452038387,-59.31150680472043,-43.10351577853926,24.534669809253295,-18.463903458488183,28.105901972030825,61.04945383964109,-19.390619133793738,27.196899050784605,61.98189400486166
1274,-58.81836038224016,-44.4428229247174,24.219612381533917,-58.94879833173446,-43.25018128083005,24.52553428453628,-18.435075331250733,28.031082964135624,61.11858043929874,-19.3819336702539,27.035500794440026,62.022810883929424
1275,-58.432557574086566,-44.62173478215255,24.21017606319328,-58.58831063929997,-43.41537427184645,24.518942366480292,-18.177886017528856,27.84737984868089,61.14424396919106,-19.163067198996238,26.821810317052034,62.03322214972808
1276,-58.05767920358568,-44.8273538423767,24.20328400586517,-58.23382974261646,-43.60295786647518,24.514212973366334,-17.778341155422137,27.552045334333393,61.14676570010278,-18.67594209843012,26.4726970105005,62.01410546169259
1277,-57.69295641162193,-45.04856654036369,24.199040776209216,-57.880558893550415,-43.80762974675146,24.51122383122499,-17.4255160899147,27.30241415259208,61.15136900171224,-18.395498536038307,26.20071676659968,62.02225201574567
1278,-57.33232480417496,-45.27389274489453,24.198014667402163,-57.525435350498284,-44.0223166034445,24.50990758159594,-17.10420232699563,27.081279024617174,61.16297325170684,-18.23083687740103,26.02360171554604,62.05446423361582
1279,-56.96123858528083,-45.49780374282428,24.19979500088592,-57.160154061370804,-44.240067644554664,24.50898924296352,-16.844715490355647,26.745109746827193,61.14929775033932,-18.031887063816335,25.897828692388686,62.061310260697304
1280,-56.58290950606919,-45.71141815410953,24.201892548299202,-56.78828092909267,-44.45135332490268,24.50740527605883,-16.63766016865102,26.411879960310525,61.130357503705426,-17.968691732776623,25.789829017546822,62.054031210646855
1281,-56.19550908401216,-45.91920648203242,24.20426150467764,-56.40845267236356,-44.66027572193991,24.506577186089057,-16.352267360067973,26.250591176869225,61.09591860450861,-17.859597736040904,25.691963084511215,62.03233414412273
1282,-55.79955744398155,-46.12784336555216,24.208468738359635,-56.02023307189771,-44.871162696824356,24.508265367414033,-16.338990303878433,26.20731414376257,61.097563915959704,-17.946175729707825,25.66871632933773,62.04195836739025
1283,-55.398487260938374,-46.34167837353655,24.214312096595645,-55.62852330459015,-45.08620579608581,24.51288761718783,-16.60850347569873,26.241350843727623,61.14339620167991,-18.096010292518844,25.57669214836445,62.083003415666425
1284,-54.998712394363736,-46.56553008781343,24.221564147560738,-55.23718562556702,-45.3100504913988,24.52022469668963,-16.945995546411403,26.229331908773467,61.20530832547783,-18.406453692986894,25.46327485911927,62.163495170365174
1285,-54.60022456789415,-46.79649997100301,24.22895493678371,-54.84817008832916,-45.540237553923525,24.528113647302003,-17.198333094660814,26.226977935317777,61.275054985924406,-18.59075220787274,25.42904361696917,62.26488853391191
1286,-54.200730871153866,-47.0293822678112,24.23817735164875,-54.4552758783896,-45.771316703288754,24.536971584678138,-17.4595896159945,26.28640898732694,61.385904478044054,-18.68448393114522,25.50574292512675,62.38403181273937
1287,-53.798710986564146,-47.26304424819106,24.250528628687377,-54.06017972558575,-46.00020043479147,24.54669537039956,-17.65227573688274,26.386583790195285,61.53344311655077,-18.759580341464563,25.616507475127303,62.51826315665257
1288,-53.39095076396981,-47.49426659093098,24.265384104883424,-53.65805711493193,-46.2273344186916,24.55786399634331,-17.76585280613291,26.45852700402194,61.71673790749688,-18.65035205948122,25.6555102947753,62.65935765251236
1289,-52.982453750534376,-47.72120559030863,24.27958415474561,-53.253115445473505,-46.45117455132973,24.568010816898962,-17.85046896907323,26.62841268524649,61.91018599037956,-18.696754688854092,25.88059010498208,62.814656940887616
1290,-52.57368956886515,-47.94496339817507,24.293798769907838,-52.84618451743512,-46.671759897724506,24.579334278871126,-17.800289863492548,26.893422048186707,62.062863739945264,-18.62434462644101,26.119921595279255,62.915791453370005
1291,-52.15761729189996,-48.170301831027786,24.30834221613479,-52.42914556536213,-46.89498397173556,24.59246661358354,-17.692038811894754,27.367517205417315,62.1650889165853,-18.675044382087016,26.557327091730723,62.97339610154011
1292,-51.736402700226606,-48.399339052980196,24.32471050253798,-52.008960792298474,-47.12129766259091,24.608294962659595,-17.650866799470982,27.741950824422005,62.22197660065105,-18.74905365132418,26.824162096386683,62.992643673693586
1293,-51.316965040052544,-48.63059199684615,24.341272779444537,-51.590455594281465,-47.35050720739411,24.624714427912778,-17.52635306442038,28.14979262950104,62.245556781544074,-18.641525838424016,27.19226710163177,62.999093040881704
1294,-50.891556918483225,-48.86081197353107,24.35758840784283,-51.168477569107665,-47.578230188624694,24.640531651565343,-17.275015540975208,28.60612697879467,62.22372555597745,-18.377748585399953,27.60420348094889,62.979012451108005
1295,-50.464630143077784,-49.08725988537846,24.37282217207503,-50.74602858519701,-47.80268811240701,24.655363877531947,-17.37771292065309,29.15042063989014,62.20982293202089,-18.492595348163768,28.00707883803605,63.00729785759358
1296,-50.03677359690401,-49.31376171978524,24.38925185318894,-50.325072269551825,-48.02940314176211,24.670310894928907,-17.390440371732318,29.510966278206688,62.16780021603477,-18.589154303464476,28.267699985411472,63.03346360221045
1297,-49.606075937611166,-49.53907080355661,24.406606298431623,-49.90196808088291,-48.25620797717695,24.68610469303334,-17.297163892361038,29.732481251979355,62.13142758375746,-18.404704710364083,28.339302738379207,63.03967484706761
1298,-49.17446276184872,-49.7621958763785,24.424460917286613,-49.472792767146494,-48.48180950726077,24.702285637940612,-17.186706336840974,29.770959633552152,62.10780382566046,-18.33856599574686,28.38664691580489,63.040370768322965
1299,-48.74190270356998,-49.98343140709371,24.44170106308,-49.04223520595865,-48.70449042298628,24.71895357461304,-17.018968924539518,29.905916451553566,62.158530129319196,-18.2414419601938,28.474227306938875,63.11812763727465
1300,-48.30973535646657,-50.20313814173831,24.458952413312222,-48.613119186425955,-48.92705604642079,24.735748996550097,-17.13757577546642,29.88702820262141,62.232064994368194,-18.402605188188204,28.486730869651645,63.202893447600765
1301,-47.87605832822049,-50.4210660112356,24.47306667570238,-48.18159404658497,-49.1464609804506,24.74896404970839,-17.460528481914842,29.828311455010905,62.33813957853788,-18.643733322939156,28.564778006779296,63.2885235872705
1302,-47.44364136490874,-50.64071775717019,24.486627559458974,-47.751298612282206,-49.36500115829517,24.7610759990498,-17.5791952242728,29.842063989381632,62.43161600234013,-18.880636949074145,28.790445508932212,63.38597366538402
1303,-47.00870672310785,-50.8617320583804,24.501443280518245,-47.317399648721235,-49.58379722314438,24.774623436317004,-17.54891176668253,30.007905626718312,62.515356835071216,-18.864428982843055,29.12190228220186,63.45350132480731
1304,-46.57354279930225,-51.080874778874495,24.51352086033588,-46.88225836723262,-49.80040313179641,24.786380602571946,-17.61187039982213,30.17762737055423,62.601237030171895,-18.715128276116,29.2657428262508,63.497237135180505
1305,-46.13678812781209,-51.300584993198896,24.52335773305486,-46.442026371487806,-50.017917331605155,24.796482742752225,-17.77986571536313,30.3845425643071,62.73292928747098,-18.822464476002217,29.419081075226998,63.591030178287255
1306,-45.69859434449431,-51.52015100085436,24.53116171331136,-45.99947957317767,-50.2349723137849,24.80532681246224,-18.05089824328898,30.60703749826037,62.82053520585866,-19.010491923811227,29.614708137168467,63.68174140233462
1307,-45.258054248252066,-51.739329301708956,24.538015453021902,-45.56006231349919,-50.4526730553849,24.814043772004233,-18.319982807353135,31.04922731556402,62.93063888838248,-19.395630396459627,30.015701152361178,63.808394935980225
1308,-44.81538433822243,-51.961370291839415,24.549041990071753,-45.11854088924873,-50.674341989206575,24.829068311181356,-18.24445861800438,31.271406430235416,63.04542149486298,-19.33474015225747,30.09960015803583,63.93313774127498
1309,-44.371494665201276,-52.186617413366534,24.564127649060534,-44.67857110592826,-50.899997840563955,24.848063719046394,-18.10323145114837,31.241718199111084,63.17737937379371,-19.237298321550945,29.979477785591513,64.08608757167839
1310,-43.929667283907946,-52.41609206863105,24.583116586202724,-44.24031093469039,-51.12883700978972,24.86931043091499,-18.122327698292775,31.328467929975226,63.35683053522867,-19.173079183997082,30.191380834979686,64.26463114498935
1311,-43.49508959922803,-52.646639975566565,24.603208650980037,-43.809780202935755,-51.3576759271138,24.890278264304946,-18.185443243324997,31.823390437575164,63.56966536991925,-19.05291985590724,30.804819826016594,64.44295727756932
1312,-43.065739644612215,-52.87876996645723,24.62723917241466,-43.38454710626676,-51.58905988348108,24.91324080671622,-18.10600166934107,32.12861292478515,63.7709417192363,-18.98293324169015,31.078190743252414,64.62933403360968
1313,-42.64164506102039,-53.112705186835186,24.657314213290338,-42.96024130789135,-51.82493962866333,24.93965889053637,-17.95652640934455,32.35328307837682,63.96779103613369,-18.927761798962223,31.26472068538671,64.78882436087513
1314,-42.21631194121676,-53.34554193392425,24.69149282730415,-42.53966804465585,-52.05817294105352,24.96795773416704,-17.63078172456075,32.43738483527577,64.11512034828469,-18.856956301544525,31.471809677732725,64.89904960380095
1315,-41.80046492225786,-53.568724566329216,24.72405920616573,-42.12531444561741,-52.284947114310945,24.99673406707751,-17.44321829990185,32.69397484396922,64.2249699347642,-18.636587464062004,31.622231614259125,64.96004732114963
1316,-41.386630167608395,-53.78415492530615,24.75535464597776,-41.710348217732154,-52.504851038654024,25.02531984634609,-17.392167637954913,33.055741511885024,64.31347311854353,-18.600804576755944,31.702782498874654,65.03175446012366
1317,-40.967778384874464,-53.99814673444579,24.776897814793738,-41.28713193959234,-52.722884991934265,25.04042953742916,-17.326555073513806,33.22026257114974,64.35500381916034,-18.56434330146104,31.796282219101883,65.07948211692589
1318,-40.54790832908344,-54.21309602369961,24.78820569358082,-40.86383749760005,-52.94042386110211,25.044667628868886,-17.254463608492983,33.0992742838049,64.36958245898376,-18.477846749470675,31.92096018612228,65.1129925846074
1319,-40.126829093517614,-54.42794935098137,24.78870008753025,-40.43771220906366,-53.15643565197283,25.03953463104871,-17.244763514593906,33.16859476125692,64.34664555618708,-18.515547350953167,32.06752439157265,65.13213053544789
1320,-39.703492608607796,-54.642437689125,24.779621856339336,-40.006173354673585,-53.371005353372794,25.0281235423401,-17.318159436036762,33.46711576732613,64.3000056226957,-18.661743945926993,32.47351382510899,65.12607851823063
1321,-39.27489378213266,-54.860301770601765,24.759160978657075,-39.57096039816598,-53.586260217160664,25.01033278458664,-17.34565222851435,33.82636706592724,64.2666382653835,-18.69149921854698,32.942052917642435,65.12123219949596
1322,-38.83902227062135,-55.081621608752364,24.72658264597626,-39.132704383131326,-53.80310322636462,24.986557901614088,-17.47391423043397,34.24275238175061,64.25077718026621,-18.690722485932405,33.38949852653759,65.11448100646545
1323,-38.39886061591505,-55.30650732657916,24.682902408477947,-38.6912544771591,-54.02200483327355,24.958466759396423,-17.374470303522497,34.77353835357789,64.2372142743985,-18.511708618483286,33.86031702311498,65.13589948889596
1324,-37.9589618336472,-55.537772000354806,24.641442456868706,-38.24965457820994,-54.2495028667593,24.930386629761763,-17.442321783616222,35.46010339102597,64.23583547766596,-18.60063487231988,34.48337511902082,65.16101962760573
1325,-37.51751718591289,-55.7700435780705,24.613465009850824,-37.8140356540812,-54.4801180199904,24.91845679531514,-17.575204894030225,36.068905409749,64.24559654841795,-18.70747416770056,34.9190642931726,65.19088487898782
1326,-37.0720551357504,-56.00171946638747,24.600214750486508,-37.37338010300907,-54.71469679252056,24.920443562704317,-17.500777297354343,36.70438709121204,64.26663216431241,-18.604892307078767,35.35688343153009,65.22277936634937
1327,-36.62399000753523,-56.22926033052092,24.602416498234444,-36.9330791767104,-54.94411734350225,24.935445977203948,-17.295051262496738,37.01783622742218,64.30078969094818,-18.437066433194058,35.547742225758796,65.24807233873074
1328,-36.16897417792156,-56.44977645270682,24.6209238673844,-36.48368668376111,-55.16862523331531,24.960158538944256,-17.06877544362947,37.108569094752006,64.3373398078845,-18.179522909452476,35.52818242891795,65.27009096283945
1329,-35.71081860513903,-56.66424451665133,24.655549209397844,-36.0314205952881,-55.387471155574644,24.99173184439283,-16.81513235898823,37.11269389871665,64.38842768601965,-17.911107858486382,35.46146453769444,65.30396232268642
1330,-35.257075874074154,-56.87132151300503,24.706956261464274,-35.58238931138002,-55.59428903938825,25.03132641799133,-16.793179394775308,37.16873409502925,64.43352877333109,-17.851684264998685,35.59973882952099,65.34961015653408
1331,-34.80996587318122,-57.07295294179919,24.77341890109585,-35.13778536980421,-55.793227676484236,25.077757949531776,-16.3644141878511,36.83055723910606,64.47499035929638,-17.496210961922895,35.38606714559034,65.39097924067227
1332,-34.36368709454621,-57.27745058123657,24.83835100202307,-34.694206559812976,-55.992867756438216,25.12512170639472,-15.95875714520616,36.29803866879303,64.52081590196633,-17.276796246711672,34.87616470608102,65.43856221474734
1333,-33.92407086613798,-57.48689263168666,24.88831969879665,-34.25266736265847,-56.199322832850534,25.15547494812772,-15.36460333581662,35.844300446565576,64.58891018063795,-16.653132963103317,34.687895776678324,65.5143111645904
1334,-33.48733705602103,-57.70257007714675,24.921847942032162,-33.81291153685917,-56.4106844381547,25.171267185534816,-14.386581467625613,35.194796082132804,64.629973016166,-15.511488228888613,34.113081856185886,65.53650775470963
1335,-33.05424542935522,-57.92297256865148,24.93683708297635,-33.371472493261635,-56.62896614643051,25.171979052625815,-13.472759033772206,34.60866559559928,64.67192328807754,-14.553381977876937,33.57720423511411,65.55996683699263
1336,-32.62572821968045,-58.142692333256434,24.935092207463086,-32.936588027826616,-56.84891330692465,25.160537615636702,-12.559131874711166,33.956955872538465,64.6921143723329,-13.720194461737513,33.00432379565972,65.56402876145617
1337,-32.20251532842313,-58.36932914568066,24.915825811080783,-32.51140961162369,-57.07522544891197,25.141280496832138,-11.448885300520065,33.0776317518764,64.70580402062912,-12.913271279884958,32.433920516846754,65.57149548247445
1338,-31.780504306248787,-58.60271567107012,24.8778924759258,-32.090940278630384,-57.306679297128106,25.114739742232366,-10.343818139960115,32.481562979814996,64.74828248019462,-11.980675488389023,32.041027231034036,65.62886065948202
1339,-31.35707000326693,-58.84148551782819,24.82262699515038,-31.6662107379541,-57.545435678862674,25.08141079273153,-9.113267178343143,32.03307589723925,64.7792659263996,-11.15155717441485,31.611511327964603,65.6763583296116
1340,-30.933130091352744,-59.076367609069855,24.7635062252828,-31.241673796704678,-57.78108248681415,25.041792995224135,-8.104823355544529,31.543499331443822,64.81508857919734,-10.328636169682914,31.391775689338445,65.76281374121497
1341,-30.500309992218714,-59.30641498438042,24.716617403418116,-30.805838825616604,-58.01362482910283,25.016956097267187,-7.697143549685642,31.635305525310585,64.85214113005134,-9.901206303206555,31.560530094351858,65.78951695944842
1342,-30.062246108467637,-59.52741350718526,24.686055027843324,-30.363644015885342,-58.239281203119745,25.007282344783462,-7.366723142737132,31.749114634829045,64.9182992693225,-9.622960390019896,31.658277979377402,65.85723336874342
1343,-29.617954043640413,-59.74367624922684,24.67353467217719,-29.918394095329855,-58.45984809016467,25.01142602280036,-7.3515110699901225,32.13567007189746,65.04476808155715,-9.763928766830771,31.977241478783892,65.97861911753176
1344,-29.164990405129654,-59.95508682003876,24.677774410280122,-29.469300458596813,-58.674354072352955,25.02604383178168,-7.6784490919348425,32.574662781697995,65.13687991387093,-10.195672838746297,32.2111155090847,66.02644015025551
1345,-28.710065470698087,-60.16696870111976,24.69690033486664,-29.020827377890672,-58.88556189337538,25.046089326205287,-8.216219468706514,33.113331932230686,65.16416463409558,-10.541722801033346,32.63686134002229,66.02077710052318
1346,-28.25834110653322,-60.37993460411878,24.733554538640643,-28.57205881187999,-59.09694400327647,25.073728750877844,-8.80289545256369,33.82580247442397,65.1581098385522,-10.794901853495977,33.118325779136406,65.9710634011011
1347,-27.80636363320285,-60.60239922814383,24.788578643082833,-28.123185212814608,-59.31484164963138,25.108527563010078,-9.500707026318041,34.62248239418109,65.11833161259973,-11.011987052992682,33.748920227942214,65.93712626317834
1348,-27.361843289919168,-60.830121283962676,24.84651776576793,-27.678943159409958,-59.53712422226593,25.14780152301619,-9.960905297545686,34.904976812020266,65.0862628216379,-11.107974101208274,33.84453716630258,65.88827547078905
1349,-26.92156293898112,-61.06376592722661,24.890049803751623,-27.236501606524048,-59.7671444710265,25.17025223287439,-10.294037779894547,35.1806342501442,65.01900223966015,-11.073404470292587,33.85593138634765,65.85025157608213
1350,-26.48229814191996,-61.30252880901366,24.915683895696766,-26.796393320412623,-60.00538547929839,25.176764224988272,-10.249722278238087,35.08732479408825,64.90675633903852,-10.875377303954085,33.593081402696704,65.81964130762321
1351,-26.041146637394124,-61.54071376775852,24.921575169332623,-26.354960099559893,-60.24486208760473,25.168065580203706,-9.992710108168477,35.02391603938303,64.8703103599021,-10.733384025059584,33.427297734510304,65.84664986516528
1352,-25.598731023284643,-61.780124760659746,24.913154039571783,-25.91463548620527,-60.4862966756157,25.15062597151569,-9.417857007149104,34.60772524079332,64.89191859292256,-10.1542291467941,33.0417262450604,65.90447074286244
1353,-25.157283245103265,-62.02452644789542,24.89011402424909,-25.47673208713692,-60.73138573140972,25.129067585333296,-8.69694273798441,34.00496942661491,64.9805059643829,-9.452736470629503,32.61341841319928,65.99860387531582
1354,-24.72111072070227,-62.26461720684235,24.84923521634425,-25.04203100054794,-60.97378016401064,25.099739523193335,-8.598594014176015,35.11626125777225,65.12138348296938,-9.764169508252749,34.90989707886665,66.15505071416402
1355,-24.27835184269164,-62.507875678356726,24.793845267186637,-24.601136857963517,-61.21848126458523,25.06535934665415,-8.39344894780446,36.55736726743731,65.31144909869512,-9.815965798911613,36.79257795151484,66.3291840426406
1356,-23.83369036675516,-62.747651517368496,24.74834858350187,-24.157983094569676,-61.45859617041642,25.04150273181677,-8.427993642710847,38.138584576396546,65.54316985721756,-10.079715639709004,38.42124265534336,66.52795552359437
1357,-23.383641938055984,-62.98171406842825,24.71576294144291,-23.70688326412795,-61.694111371928585,25.0278491765725,-8.810055295677444,39.94699058954031,65.8143781025544,-10.585351226532762,39.775223972261784,66.74151565278379
1358,-22.93002461354531,-63.207753824153194,24.6960469500289,-23.252356075305162,-61.91986609251699,25.022023025395857,-9.273767291032044,41.877117301934376,66.08718437193923,-11.092956385858084,41.073021067330984,66.96571975517263
1359,-22.473937132112205,-63.42626567591357,24.687763135820674,-22.795664190257774,-62.13760102035726,25.021461548661158,-10.176739471574281,43.86850585196048,66.35726462738923,-11.60575390654882,41.98116792932257,67.1657628950175
1360,-22.016193158838263,-63.64163461045423,24.68629726094728,-22.340527243366864,-62.35069194845662,25.021977555132374,-11.305117753309654,45.90249924049807,66.61643849027561,-12.075253907200915,42.68241721674119,67.35263847665962
1361,-21.560267490899403,-63.85841262046688,24.698558027238597,-21.88796867324025,-62.563510257916654,25.028778197591745,-11.710751266242768,46.16394305668902,66.7996932164746,-12.502150399238214,43.32609443197938,67.50152586477175
1362,-21.1064737306428,-64.08097946391543,24.725564148980627,-21.433580439974172,-62.784765287545255,25.041816927094118,-11.858283200060658,46.64010130540812,66.94907803170162,-12.27520852901785,44.18714212019331,67.61999319859241
1363,-20.652230109243114,-64.30930028987727,24.74394991438285,-20.98053345008873,-63.01121854114545,25.04451133973042,-11.831759262125336,47.00424654907767,67.08317113132775,-12.056464027117618,44.827900293770576,67.75088427528239
1364,-20.204254973596743,-64.53773423272823,24.74999472220701,-20.529933447513375,-63.241343340226805,25.036959664962147,-11.401409539615196,46.903534227169914,67.1913079849986,-11.589766806109056,44.749838390787026,67.87241201076445
1365,-19.757635359662864,-64.76947591835135,24.744551831135283,-20.08237629177266,-63.47484342417189,25.02242015389936,-10.940586119509076,46.537444166550394,67.28484205469613,-11.24749470365665,44.5403179807481,67.99876371527144
1366,-19.311919118492206,-65.00330790727314,24.728651746058002,-19.636578601793637,-63.71089073020852,25.002103378667027,-10.443071278835083,46.21524811809627,67.39239252259041,-11.01779218801301,44.32031666125806,68.13655280305919
1367,-18.865854074464043,-65.23769902979582,24.70436755992573,-19.192373386935245,-63.94725511724532,24.976503112039328,-9.296881241490597,45.48328771975685,67.49201582215106,-9.982087277386766,43.55496862801405,68.26238188141697
1368,-18.421360863445276,-65.47339953208316,24.668941089087244,-18.752370933321437,-64.18234262125894,24.946623037621315,-7.766324180561303,44.776072303373255,67.60807680228532,-8.666559281609494,43.059586460776714,68.38789965082455
1369,-17.976264645182532,-65.70981919274135,24.62310516657697,-18.307090000267163,-64.42069890173592,24.914804728529884,-6.4541124066739,43.95270413805365,67.70861490287777,-7.349562417650915,42.820927416478945,68.47558120177425
1370,-17.530213161510407,-65.94571531922786,24.587880219245566,-17.860487827156987,-64.65846771252623,24.895151561121914,-5.433860927292348,43.287561780260155,67.7850656196729,-6.682181908091638,42.79156514415072,68.54991385285896
1371,-17.083909064057988,-66.17933276674727,24.565322201766495,-17.41212649826515,-64.8941702562865,24.886486050989276,-4.162809890453895,43.24086146176763,67.77811059259075,-5.514489181330384,43.03855749594912,68.50642874748064
1372,-16.635351374197537,-66.41211219604979,24.554308142611948,-16.962410192282757,-65.1276638844768,24.88605636913919,-2.7922849061829793,43.24779280903083,67.77268527001998,-4.473631702839242,43.16250372702801,68.5033407969684
1373,-16.184537941754275,-66.64661347319787,24.556199285017502,-16.509787824746542,-65.36235194914605,24.8933722671576,-1.6990980333653454,43.34660784313814,67.78473753976664,-4.070866889029626,43.33429509715874,68.55898741477004
1374,-15.735092099914155,-66.8830664320962,24.571069163473915,-16.06088352438272,-65.59636405126447,24.907217226953644,-1.0928381157709752,43.875878964939844,67.74819896069008,-3.5625547946584097,43.50784073046223,68.54027699386297
1375,-15.28353818072134,-67.12087329570831,24.598215637067543,-15.611689445545363,-65.82897848588699,24.925766115331665,-0.6721359897595433,44.196849450240606,67.70208380287325,-2.9327150548446865,43.48916098442514,68.53684452186576
1376,-14.835780559836733,-67.35734363166262,24.62006187765605,-15.165007872415721,-66.05996621703804,24.928437110538734,-0.2745504758185714,44.43403658975633,67.66827626169588,-2.20865320975171,43.51753952392802,68.54127084133968
1377,-14.388434275778057,-67.59562161678213,24.63285820037402,-14.716795163884646,-66.29504690470397,24.92338398506608,0.4233878067936394,44.590523141356236,67.64175727088693,-1.5964394147553436,43.58049121572776,68.56559257773387
1378,-13.94361380400352,-67.83649819202677,24.641077964345257,-14.268969825433734,-66.53595352061355,24.917895248832732,0.7209341426791849,44.586540593761335,67.64884880183149,-1.0224802305187666,43.66241482847936,68.53102894784556
1379,-13.498710433853017,-68.07930164543579,24.63862280559935,-13.823797846181607,-66.7794834364967,24.90679623979303,0.8599038765888762,44.648097083379,67.59121163345098,-0.684552457309568,43.73551378518021,68.4465658285715
1380,-13.051626442164498,-68.31674837206307,24.624400827183656,-13.374882111592015,-67.02070768316315,24.890090106236695,1.3368289911630489,44.865905602295754,67.47798206520713,-0.3682539624383405,44.0984050397533,68.35201442464393
1381,-12.599724311874564,-68.55227328488921,24.598071288714696,-12.925317009906454,-67.2602238363814,24.868470772534813,1.6215641297937744,45.10668560561756,67.40170822997669,-0.19788852311475016,44.4485209241964,68.26590842188666
1382,-12.147947223522324,-68.78618186074004,24.56087620214534,-12.475759308021367,-67.49762608840962,24.844595375480708,1.6440578266282075,45.32543216706827,67.3486424738126,-0.2073210940225493,44.536267385013616,68.24305552860643
1383,-11.695341962171586,-69.01792389076152,24.533432117947605,-12.027514358982828,-67.7291781085496,24.831884419871585,1.4510447933205224,45.598961805493516,67.27363644098585,-0.2939333920448135,44.7288602362639,68.2077041515473
1384,-11.2415400808076,-69.24559616725777,24.51413335757786,-11.57592477462118,-67.95555801885966,24.825814647115937,1.2768797325560959,45.9404165738702,67.17707491851343,-0.30455967099479975,45.027099720216476,68.16610022675162
1385,-10.789645733070756,-69.47457857004507,24.50501277763017,-11.124708696157363,-68.18507714185864,24.826716503467807,1.0057376428814961,46.33895349371423,67.13122147990978,-0.3624732513150367,45.38695864626184,68.14199136218035
1386,-10.34105705586128,-69.70228619486834,24.509094129717013,-10.678267336111878,-68.41330788943948,24.836157904172353,0.8800751997833454,46.89457223274984,67.16596729997741,-0.32922983651486626,45.90189082994059,68.18161743891959
1387,-9.893137525643885,-69.93175094498437,24.524359465579373,-10.22826416112075,-68.6434226424279,24.850855335846923,0.7708636506120796,47.26582265181226,67.23834559200668,-0.2449180594607025,46.36004386500316,68.24084546101045
1388,-9.447580005947056,-70.16304184249883,24.551615171358936,-9.779776905156968,-68.87621076767434,24.87076994811561,0.6671853212706907,47.76160394210922,67.36857170342394,-0.2513152454247616,46.957128163867296,68.35923810308512
1389,-9.005691566362078,-70.39176283783507,24.580614606539687,-9.336425082677497,-69.10483952713273,24.883459814736845,0.6464511581518423,48.344707618216546,67.48641638008304,-0.27914122600673885,47.360974240176915,68.48456395856118
1390,-8.562609721301252,-70.62365888124664,24.600519425254166,-8.892933760764128,-69.33475431806411,24.88883563435735,0.5868058180217622,49.05456965182648,67.64369947453746,-0.4355624523913318,47.981480820822405,68.62132214785461
1391,-8.117809892600048,-70.85328105154701,24.6116110194561,-8.445084210768796,-69.56009905207442,24.888576438770173,0.45194204211354694,49.721045708546704,67.83126236518952,-0.604518073667631,48.56118535276688,68.759160886223
1392,-7.669946453908347,-71.0777412452056,24.615580900091576,-7.994736063823664,-69.78197666296445,24.88595821588701,0.39490610481026917,50.41821115695533,68.03224468576708,-0.6800506546555469,49.188111313982745,68.8970730401471
1393,-7.223427731588902,-71.3039535520423,24.61122183921397,-7.548270797660407,-70.00604135873789,24.879602845859733,0.2176718632677327,50.95981765486545,68.19747211947727,-0.8336417576314393,49.701049757225036,69.01566553021638
1394,-6.781524507167812,-71.53150343540106,24.598182336518736,-7.103108282737303,-70.23310917081255,24.86979465205387,-0.10065030706228356,51.38896257381215,68.32361757814083,-1.099305863063385,49.99970299093013,69.08362834059568
1395,-6.339050226431844,-71.75871036020139,24.57709793717331,-6.658701433698447,-70.46170309205365,24.858492784561975,-0.33562286730340674,51.61850841117075,68.42448986269926,-1.2691274815750064,50.18769373299324,69.17373449427343
1396,-5.892902694616267,-71.9849369940644,24.564087606216265,-6.212972244372482,-70.68882690040535,24.8566742020738,-0.2956858527853226,51.821129258885534,68.49623436578085,-1.0415468899896803,50.22902208247455,69.23630294596084
1397,-5.4423771983006235,-72.20715289807448,24.5607505898075,-5.763449736018803,-70.91459225265683,24.86335732934825,0.03514846890131218,51.878852517710115,68.5398039603978,-0.583280378191706,50.357914731249764,69.28340590914496
1398,-4.9935995978026595,-72.4270802266567,24.56684489108719,-5.317329627180871,-71.13661480789779,24.8768255239267,0.23122184384792344,51.77140135542293,68.57104460224937,-0.4443650273093396,50.31095365547954,69.33234878408433
1399,-4.553612517658487,-72.64542958378713,24.58088859981566,-4.879488799272849,-71.35540081465174,24.895576231679634,0.43400622284689494,51.42485420316245,68.61314813482096,-0.2633193486048512,50.102385336537054,69.41566335400685
1400,-4.112817258615893,-72.86547143047218,24.599071314747675,-4.440748466617306,-71.57534959554569,24.912673387910708,0.8009581524642271,50.97984784479336,68.66740580196073,0.013515696413742506,49.80939647758161,69.51117071998992
1401,-3.6759372772278196,-73.08069724607421,24.627499175939974,-4.004512475198722,-71.78819668167532,24.934314915849953,0.8312394929607789,50.267886442976334,68.7573089163678,-0.38097121140180645,49.08661226328082,69.61086682838777
1402,-3.2398140144189287,-73.29732849268696,24.6689094602112,-3.5662304488170613,-72.0049050754145,24.96398527444872,0.6038965093896601,49.768626891481624,68.8279301192937,-1.0139750106605354,48.75343304783557,69.69347645262872
1403,-2.8042800913905936,-73.51378809149473,24.710478043765413,-3.1271184127109137,-72.22250973157931,24.9955282499919,0.1830575789977626,49.27107795123021,68.91708122159525,-1.4271919964960733,48.38710684064405,69.77563140566187
1404,-2.3695570461228557,-73.72858851742875,24.743821247996493,-2.6856552270448235,-72.44045425823892,25.01792726938483,-0.5846517123808355,48.800509489398365,69.04640008550432,-1.9675800334784654,48.22873711218601,69.89778499191861
1405,-1.9321615593088861,-73.94840584984323,24.770663142871687,-2.2432953989746363,-72.66391784453309,25.035961981638344,-1.2565240705978202,48.29897905373539,69.1984529329964,-2.4895761891479236,47.90611141808326,70.03750756727308
1406,-1.4931387555546773,-74.1720758145312,24.79168477436796,-1.803864972132887,-72.88891640650361,25.051970245492775,-1.8883040778725846,47.96545352117482,69.33549454290808,-2.780951307452485,47.705642442807694,70.17476974921533
1407,-1.0547124946174895,-74.39950313222413,24.80914789033596,-1.3655763395182976,-73.11706179850289,25.06781162300817,-2.5677337060842866,47.69600027460141,69.47225343186601,-2.9498963324014484,47.5009259260258,70.31530085368728
1408,-0.6133208055132728,-74.63456505979492,24.82328806814764,-0.9249939032872537,-73.34727826834784,25.085633015592293,-3.0900549745089623,47.88412341001602,69.61790847546112,-3.491590283443794,47.49876635365265,70.45542505293892
1409,-0.17282552808639756,-74.86860555588608,24.836651368527363,-0.4842139036384752,-73.57941634244808,25.107685431539803,-3.341670640906188,48.19411610410063,69.79191684145906,-3.858864239238559,47.92085483963066,70.61144549954118
1410,0.2665075483058668,-75.10052146726368,24.85267732888922,-0.04687836454931865,-73.80961193758796,25.135324153092338,-3.655511042001742,48.49189984573516,69.99494876116553,-4.14992374242177,48.139700126078885,70.79263929230017
1411,0.7044887440026333,-75.33198320567091,24.879739825321685,0.3896523716322111,-74.04017626684164,25.16741892144298,-4.169986704121107,48.779865358160386,70.17162448131096,-4.867317733603356,48.443246081196385,70.96057448973664
1412,1.1443778839604937,-75.56384721566533,24.91636471698342,0.8280999028213587,-74.27420661793766,25.20370843390238,-4.5104722914686635,49.24606314450114,70.30425062916441,-5.291788247868468,48.74165641944918,71.07623051438436
1413,1.5841826931320295,-75.80185776689123,24.96019341066238,1.2661213375537794,-74.51516504036607,25.243452110492967,-4.509131587666633,49.47241404514293,70.40845964226483,-5.02632987947925,48.69220715281999,71.15382260805727
1414,2.0251993929612015,-76.04220672329349,25.008779343286506,1.7052801369599153,-74.75746690938766,25.28577130750513,-4.384567653632141,49.69480553862384,70.53239615737829,-4.576140799570711,48.59766549966261,71.27270740662028
1415,2.4654653942491946,-76.28362093940004,25.060400924698968,2.1461725211819203,-75.00066132702192,25.33044486714492,-4.19840064035109,49.923832331825274,70.67126570178803,-4.531970853648682,48.698837595167745,71.41645159726158
1416,2.9037167924558878,-76.51886453445778,25.11270478808237,2.585142959733196,-75.2361315283456,25.376250673728478,-3.9837978803155663,49.670063214728266,70.78690521915567,-4.389171903966775,48.52315254825708,71.54226009782687
1417,3.3482228626953385,-76.75065964116794,25.163679160953794,3.0266875655481664,-75.46493775720727,25.421962596312785,-3.783147839748662,49.47492050523691,70.8686220722407,-4.295510583063564,48.34393977263835,71.65127396861624
1418,3.791343115904877,-76.97761036697261,25.207542129461075,3.466948267470624,-75.68847507294814,25.459667346627228,-3.028587611962947,49.487840323814396,70.94302043266741,-3.93440344504755,48.605406629022184,71.74988954519522
1419,4.226276677550258,-77.19630867619438,25.248244678640976,3.8976179039198993,-75.90206728260335,25.49488496855424,-2.326794481252756,49.4798888775542,71.04216716850144,-3.574269987474616,48.837248565771205,71.84292302075114
1420,4.651686017093009,-77.37240064754695,25.285094045079372,4.313287688513112,-76.07343852962015,25.528339858265362,-2.1072576205891407,49.83696936853768,71.16521858791458,-3.338884854281141,49.26736696021038,71.93884059037698
1421,5.071503212431267,-77.47458056326262,25.31997059974862,4.721741911390589,-76.17244850725399,25.56256263580484,-2.0892224343096957,50.047471377624916,71.2490926074668,-3.164972971369105,49.40161682481339,72.01925717240078
1422,4.669534152237701,-77.46351003114772,25.355248258986315,4.324952555793225,-76.16041181428639,25.599756830484143,-2.3546419205247666,50.11832003166109,71.30324700054453,-3.3262766389721623,49.65395685653337,72.08717036550931
1423,5.026721142760522,-77.38992743738919,25.386110098868613,4.681650860197234,-76.08822260525659,25.634780925957756,-2.337698209639713,50.20997678363905,71.37884642329635,-3.2606604492599023,49.502286611392066,72.18674385945026
1424,5.3200469249563955,-77.25405285402634,25.41159908305692,4.9796939765480035,-75.95224903381332,25.66660745047035,-2.3298423940899533,50.33923121122253,71.45429789091739,-3.1420093868555963,49.40641113153838,72.2732625367884
1425,5.538054850857979,-77.09019099234702,25.44061918269629,5.210075580710308,-75.7781367699908,25.69925903770101,-2.1463979574691248,50.17867995864355,71.52185966376528,-3.0088378763221715,49.368687610625905,72.34764897091247
1426,5.690365459338248,-76.92474793447496,25.47349547519771,5.375454348827055,-75.59118259197471,25.734253886782998,-1.922020266998543,50.0156123146549,71.58404959679088,-2.8860592108809517,49.3758080040547,72.41233194526252
1427,5.793807495713763,-76.76485725865935,25.50699856792061,5.487005014082176,-75.40598334210195,25.769363398844376,-1.5034699907099918,49.920666805317474,71.64024919731554,-2.7829259397298025,49.41406745144915,72.46727434782466
1428,5.855862227879573,-76.62158897559551,25.538610170166773,5.552130508026842,-75.2321161550021,25.8025631142477,-1.2401117626110152,49.894980753025386,71.69119807387791,-2.703124730667619,49.47323757259526,72.51128749220341
1429,5.883784511071608,-76.5046685653264,25.568562374575297,5.575949577676992,-75.07649124313609,25.833344832419268,-1.2547722518332949,49.91198131269192,71.7402115871547,-2.650990764320871,49.54263735685362,72.55027797723136
1430,5.882214149964117,-76.41491461463306,25.59695946885735,5.561786179297374,-74.94559228036825,25.861673361270107,-1.2646272890363546,50.00159539745853,71.75968816577402,-2.630686489032466,49.60632502451817,72.58418480614262
1431,5.858552751623093,-76.35265660531653,25.61847407192195,5.518991183418581,-74.844475542327,25.8807739011641,-1.2973052480201446,50.060981781540804,71.77124317545172,-2.6350575964616643,49.66116587037943,72.60761756205714
1432,5.824602072843055,-76.31459450024377,25.630514141184047,5.461747348448921,-74.7733214960527,25.88903842615822,-1.338344493691331,50.09448321363688,71.77396866955874,-2.655732776911119,49.703179395371734,72.61963225161728
1433,5.790503366016407,-76.29568323719619,25.636279155151257,5.403249271392247,-74.72742288765689,25.893269158940882,-1.3773622101037146,50.108066536991274,71.7678413996624,-2.6813389286679112,49.73173599738939,72.62124832833932
1434,5.7600184636481035,-76.28610793532683,25.63306357298986,5.349303824743087,-74.69164109926373,25.89049596882074,-1.4112397553578877,50.11267814716996,71.7554976003227,-2.7074066688898153,49.7562657674225,72.61629507753933
1435,5.723773731622732,-76.26817898796946,25.622662201119535,5.290739057199607,-74.64126660379395,25.88476356148411,-1.4500791084340947,50.12651034018239,71.74022293318644,-2.744600056135047,49.797794517008924,72.60895040859236
1436,5.676195580804073,-76.225171879331,25.604585047391325,5.224367212341832,-74.5596515121069,25.87487559910604,-1.7266526012023193,49.71919514655731,71.71312175481212,-3.113410091956532,49.24439099198161,72.59115057700356
1437,5.615805673134477,-76.14310451032918,25.579737380872885,5.14649907951901,-74.4389178725714,25.86098252605096,-1.9785869051233682,49.38268749913804,71.68063411655359,-3.3691649219583755,48.8875618826941,72.57184785970907
1438,5.533778500065882,-76.02187125165482,25.553548937174565,5.045907310992893,-74.28771435241951,25.844184993023664,-2.2669842229245227,49.056197971392756,71.65428408852378,-3.6346995166394556,48.616658025698925,72.55769172536044
1439,5.407928222145542,-75.87947365488401,25.536478006561953,4.903643186450086,-74.13344044949952,25.837311595504865,-2.4842127762798007,48.64839026913246,71.63552240957137,-3.7879170678500915,48.30767687244348,72.54727319279888
1440,5.214606273092513,-75.73889104907309,25.525957332442996,4.70686734632139,-74.00086474992607,25.839030769515926,-2.5333534827681365,48.151490873329635,71.62539037781839,-3.747167731745866,47.96562054314788,72.54640402670876
1441,4.949744510116076,-75.62218387006743,25.524330667171306,4.459792166486133,-73.90126028382657,25.84593893452998,-2.445524779123563,47.386045437882004,71.61550832175872,-3.6128276594959234,47.32783200159297,72.54698121115393
1442,4.635661872105744,-75.53102158680375,25.52704486642727,4.17947814252574,-73.8237712464434,25.853458049095163,-2.2404584644871774,46.52661213683814,71.59555238604,-3.435700739334023,46.69206976749457,72.5301174251538
1443,4.293319934925022,-75.44603423559055,25.532888971319068,3.876466077630373,-73.74807382716958,25.85732883364693,-1.9897980243400097,46.467473343817396,71.57990469444566,-3.204337671311509,46.61772369279263,72.509072194974
1444,3.9368020018415937,-75.34297684787069,25.54765150202,3.5558843841029577,-73.65233589501852,25.865358975765123,-1.7160130613345834,46.41471156785821,71.57531794886596,-2.95245655184612,46.66817125293578,72.50217383900642
1445,3.5788245247733426,-75.20901764515042,25.56260099952432,3.229716544204129,-73.52584887240783,25.866184953227407,-1.6723784016919352,46.44103631654573,71.61888746705672,-3.1244859758905523,46.81526314712405,72.5605299376433
1446,3.2197366893069668,-75.03443973823798,25.567266125462275,2.89980401483097,-73.36238713505712,25.860052648816307,-1.6548666236073568,46.72952793100907,71.67797610953893,-3.2414909639103078,47.26439803063795,72.62701120116694
1447,2.862926005238823,-74.83161069897653,25.560404930958175,2.5697034832855463,-73.17580549186741,25.84748206750741,-1.95083989638715,48.201832648290846,71.73349422137669,-3.6609208508750513,49.222264571229346,72.68438885330198
1448,2.50567437995814,-74.6214593058319,25.544442613454628,2.234414296725229,-72.98095731236916,25.830873949924996,-2.2280499784299588,50.10071923730856,71.80557744477285,-3.981848372363039,51.0085062014146,72.76419098344083
1449,2.129989109259127,-74.4137829055303,25.520197247711554,1.8795473204793327,-72.78339450009925,25.808794787718018,-1.840122866402149,51.950302079020574,71.93228198438692,-3.302821172670753,52.219591121182155,72.89018920994047
1450,1.7413180849964949,-74.21858260821773,25.49062489224786,1.5105228089880391,-72.59506571877937,25.782538334894724,-1.7453284523831385,53.34445989433988,72.05333852746259,-2.9319610706740598,52.96166224564519,72.97149960031427
1451,1.3432567490398526,-74.03536549031834,25.452727241378454,1.129229625208354,-72.41744959121705,25.754680554883468,-1.9174971506919327,54.560970427726225,72.17415249780996,-2.875887134562356,53.419867994473385,73.04647355423674
1452,0.9399851231268481,-73.85609246333821,25.42639235145721,0.7431087691250765,-72.24487481272597,25.74119179400721,-1.8743525090470092,55.659500194851084,72.31429490977,-2.876046857993968,53.7681127427826,73.1906891878896
1453,0.535486957853228,-73.67871678220152,25.412165512283323,0.3525397514176988,-72.07466956898696,25.738876079525756,-1.7747533736990615,56.57437303908797,72.41294225736719,-2.8025542191508954,54.10845010209257,73.2648751754047
1454,0.12468096886497693,-73.48962187465695,25.40982128820005,-0.046635140723819246,-71.89414416233996,25.745404053254514,-1.332628658465767,56.71911899092737,72.54739555637184,-2.7780522730692847,54.86656321544196,73.37171031208821
1455,-0.27861244278685826,-73.29306997585067,25.418754621630264,-0.4421803802984742,-71.70516713424499,25.75934209244158,-0.7357764555095472,56.546095848745516,72.6489474914878,-2.5366396564763294,55.25400072160756,73.45142345472992
1456,-0.6856124442037147,-73.08595080314541,25.441070228135395,-0.843347474007943,-71.50243285599115,25.7805405927331,-0.795175596377276,56.70319101545207,72.7259988938149,-2.2820895370660095,55.85100012525523,73.55029688133031
1457,-1.0907768897884313,-72.8769128538044,25.475329301154392,-1.2433084971168054,-71.2945833886193,25.80635537782085,-0.9618257338745042,56.98810192112646,72.80533766393178,-2.3631908881249473,56.26396975010275,73.6129202044773
1458,-1.5006233207031539,-72.6689015013268,25.51910303760121,-1.6479323746605947,-71.08681463418186,25.833884066985416,-0.86925541839933,57.489183788181755,72.8944617620477,-2.292391358773333,56.764832194063366,73.68561672996059
1459,-1.916143291215247,-72.46561541049097,25.554499943799538,-2.054497814855463,-70.88321385370718,25.852532913652205,-0.7026485117569752,57.9920501033818,72.94302838612565,-2.1673733640132826,57.150870739077426,73.77000383616232
1460,-2.3369879361218446,-72.26277403006914,25.577109445507013,-2.4661260868281545,-70.68200559797363,25.860225701656404,-0.4723899128114759,58.38519759258422,73.02223651608061,-1.8974250507347852,57.36320583318767,73.83754760538093
1461,-2.7640241070729665,-72.05592162287068,25.58968292287908,-2.886257120844229,-70.47677556531009,25.86141806889054,-0.18075236393859723,58.36018545220337,73.07941739491115,-1.6198507855424098,57.425505030786574,73.9074176641505
1462,-3.1844952141009797,-71.84726772079041,25.59565697242774,-3.304058401528774,-70.26975040276199,25.86061855562748,0.3611618473927783,58.135862682280795,73.13571675822872,-0.8397968603511818,56.98992713526379,73.95886474546361
1463,-3.603585171785135,-71.63408675734988,25.590561024082863,-3.719765820465802,-70.05918251290848,25.85454729599761,0.930613371067182,57.443282752839956,73.19012143258303,-0.12863447588162646,56.271714587913955,74.03226060968171
1464,-4.023708238757184,-71.41777720285263,25.57443946637099,-4.136832106109243,-69.84521212821839,25.844035184461845,1.749037902209238,56.637224521296226,73.26960212740585,0.5029427531065986,55.47626885924023,74.10943958211888
1465,-4.438857917563671,-71.20167956940392,25.558025427403646,-4.54812441395294,-69.63046170826641,25.842813699240377,2.463207355793971,55.86225711685081,73.35915584176192,1.001208757376062,55.051284165731666,74.20570556517086
1466,-4.860482657348101,-70.98606487873563,25.55040331413301,-4.9644519118174015,-69.41716501595941,25.84975727300327,3.078603937212434,54.927498449126155,73.44764595694598,1.3251992360358456,54.4749620200327,74.30448857575335
1467,-5.281203321353391,-70.77107549239095,25.553211540277452,-5.3813612535356885,-69.20414408041708,25.863915326646605,3.3806660284601326,54.15806689130752,73.5428809518425,1.3186346523455978,54.14244647447049,74.393140486296
1468,-5.697193803090317,-70.55612284051057,25.566784619578144,-5.798224412788597,-68.98938089968696,25.884498770845784,3.6637108068834747,53.28797246877964,73.64734400241159,1.3494793770641729,53.6274584500487,74.49317403520787
1469,-6.1144722759066426,-70.33919764173864,25.5907738891419,-6.216840461839502,-68.77363945646357,25.910012808377406,3.573076186471113,52.91509613155812,73.74615863971228,1.4051860455639007,53.42283680502429,74.57104310644765
1470,-6.532039134484421,-70.12139442755453,25.626127636813706,-6.634957177044732,-68.55808644406962,25.940461771545888,3.3437098832474796,52.80195034815423,73.83437305417226,1.3444450767293148,53.25672575431632,74.65019996845916
1471,-6.946948939437868,-69.8989138480803,25.67334935469018,-7.051687449129488,-68.3362818772943,25.97546355727686,3.114216089544946,52.95652025102283,73.94953094386216,1.359352194285235,53.27864772616937,74.76750972394214
1472,-7.366581133383691,-69.67251658235504,25.72133876888239,-7.470451107952466,-68.10995030181917,26.012681627147327,2.840511283877294,52.896721000298534,74.06007372205426,1.3082553863220725,53.20143219786961,74.887148402768
1473,-7.786493072030317,-69.445109720516,25.762720789097973,-7.889014167728505,-67.88290082315795,26.04347989843588,2.6503220101968687,53.03223634725195,74.19476705554005,1.2972141253357714,53.18019108154524,75.0370239052514
1474,-8.207399845520598,-69.2227835504331,25.80055577167664,-8.307440759422906,-67.6604331831068,26.07291117637908,2.4694884629881395,53.042146687347525,74.3363386286157,1.04069572915694,53.12126134839699,75.17784393679553
1475,-8.630144965101852,-69.00481970944887,25.832696885060138,-8.727759683934476,-67.4426554969856,26.097842292348552,2.3918999945079844,52.98241237772699,74.50046698270693,1.0163847497860248,52.72783596599881,75.35074653840883
1476,-9.052942810167371,-68.78739962354129,25.85965949272557,-9.150119268357109,-67.22557896947914,26.1201473614927,2.4212034110072116,52.5668792719388,74.70891271666441,1.179282855634232,52.12189378394103,75.54879783509948
1477,-9.477774975122587,-68.56516924345034,25.88192863002617,-9.574937228558653,-67.0047001468323,26.140524543112132,2.4155627793916423,52.22723040053384,74.89945518317879,1.1559170729899704,51.74098471912309,75.69921485768832
1478,-9.904021941542341,-68.344539745147,25.899622770920956,-10.000796096264066,-66.78424789967517,26.159675342173617,2.4807023305418014,51.78796000232471,75.069289156337,1.3001017871085319,51.452018103392305,75.84489061984078
1479,-10.328888516486304,-68.12064851428534,25.91077796705071,-10.425400874788359,-66.56114750799698,26.17570001694395,2.7183155942829114,51.474681756014036,75.28600334232779,1.5970910587238056,51.302130944070164,76.05191651338262
1480,-10.752569532605238,-67.89592705086233,25.92588366950257,-10.849646958829782,-66.33604616197375,26.19632514251143,2.7782333228447027,51.04940047042708,75.41089939517533,1.616359156013151,51.065267445645965,76.14315638659696
1481,-11.181880083277386,-67.6709202129569,25.94387576478416,-11.277342984366138,-66.11081421181088,26.22192628399327,2.845953007669718,50.574510486356374,75.5104476444252,1.3926303711481878,50.766850569331616,76.19870074559813
1482,-11.610836196378283,-67.44821617572936,25.969262017781652,-11.703767383676507,-65.88902911921106,26.25274919884063,3.0897686367048602,50.400345784410234,75.57344652195918,1.637764356745579,50.60024913037679,76.25482264615083
1483,-12.038798174305574,-67.22853301780826,26.000862095609612,-12.129129396562321,-65.6713064906287,26.28793026935578,3.4079328463774687,50.39633105877804,75.64496859702872,2.1189012496893223,50.41335417515687,76.37295126968213
1484,-12.464887212344683,-67.01268161491585,26.039085769931006,-12.553749309194036,-65.45586186272752,26.326429592387754,3.7185830273556637,50.544412347165036,75.78705922645891,2.3402546701580906,50.58048370460634,76.5578963493766
1485,-12.891580905573576,-66.79408618229583,26.07851764322978,-12.980366973360567,-65.23793290205585,26.362300634168246,3.941621849918409,50.703614683037394,75.9415870471707,2.557881541995592,50.74655005945254,76.74869022870857
1486,-13.319812791131298,-66.5708908873808,26.120393790687558,-13.40948372707027,-65.0128909711052,26.396066019279537,3.9325623537575023,50.80425372560621,76.02709843139313,2.5893842562864644,50.880578876095406,76.89558305167454
1487,-13.745065625664498,-66.34633205420246,26.16417713478341,-13.835188042505399,-64.78519017048254,26.432800941368914,4.05535687879249,51.168353083153725,76.20846764411033,2.5819474366739645,51.24001353035623,77.07336956846524
1488,-14.172723985879772,-66.12058536543691,26.20569143751042,-14.263412045725781,-64.55660767356055,26.46867000273928,5.158070030429332,52.16782637401573,76.45174576596287,3.710752532294469,52.30642524298175,77.2848181411896
1489,-14.603735845686,-65.90170787348579,26.24465341049024,-14.694484418133538,-64.33613143260075,26.503819428966636,5.390449211072021,53.336692071787205,76.74629088451252,3.82712320907771,53.46534394347156,77.5360984780428
1490,-15.041875381750181,-65.67908403567895,26.279981015521958,-15.132679881392809,-64.11344661431201,26.537124480054974,5.600645365943838,54.26297992132319,76.98869692236744,4.1803157146010435,53.99948035597356,77.73748112553864
1491,-15.476565072685096,-65.45214830347574,26.312338309230977,-15.564890730593353,-63.890643955731115,26.569759183445665,5.878824700290052,55.34791154049133,77.21128162449628,4.381755806352183,54.967859870290106,77.96048196642255
1492,-15.911572438106129,-65.22178169872383,26.343370787537967,-15.998030781539908,-63.665741100495225,26.60324399599365,6.27760729800282,56.17825440071361,77.45304121463667,4.749222598040468,55.41775727152048,78.20523770531335
1493,-16.343430516186668,-64.99350822697366,26.375209200143605,-16.430816795414454,-63.44091656922803,26.637020038825824,6.594306861588826,57.39613749271063,77.68278031918388,4.784486178593804,56.32208952027751,78.38045680889287
1494,-16.773585062953558,-64.76672215075419,26.40696556660821,-16.86031517989592,-63.216547185753974,26.670169018041967,6.956823853772963,58.51108793466932,77.87470167159341,4.840028773122954,57.15601964354605,78.53006186567997
1495,-17.205813433212946,-64.54117058366161,26.43991525379566,-17.29232543535398,-62.99252977556038,26.70395880009372,6.608221358443551,58.93555722088842,78.00105855450538,5.014268584562794,57.64291201869716,78.63050999048995
1496,-17.63903298154066,-64.31495668523854,26.474529566048695,-17.724619984015906,-62.767185850039105,26.738880244160672,6.836667842939603,58.623815975995456,78.08288786854904,5.195678699001829,57.29995580830918,78.72855374315417
1497,-18.073712410170483,-64.09100374158835,26.51069513117367,-18.161398022546436,-62.54128196254177,26.774938985218828,6.458422850488434,58.51278694560628,78.1466893336832,4.7480029685976906,56.904636266450815,78.78069650103758
1498,-18.512759352692893,-63.86481928214087,26.54758400352841,-18.601008144952168,-62.31483889121739,26.811885602347147,6.150101148579921,58.046625473181834,78.1408726005455,4.410477842746749,56.63994288381526,78.78692629442237
1499,-18.94543474496031,-63.64109830660043,26.58489413791618,-19.0318239651595,-62.09154144876674,26.84933706611942,5.5922802570523,57.74993292503589,78.06755607738472,3.990673062164974,56.33669390829491,78.76225867973741
1500,-19.37660322736933,-63.41757480894541,26.623566459076976,-19.461321582957382,-61.86813384291124,26.88810819242837,5.041964493143736,57.029232057364396,77.98496365689775,3.4116671275084074,56.04677678271944,78.70868397508124
1501,-19.810200926085123,-63.192846259818516,26.663700163642375,-19.891383186340956,-61.64173885244289,26.927929261422285,4.809230219312917,56.50721671417048,77.90434439857242,3.4213715583850592,56.20859190683819,78.68068597917393
1502,-20.242108055773244,-62.97054760402284,26.705685960018346,-20.32154351960737,-61.418318714992004,26.96927531332561,4.417039245204772,56.11185454830433,77.82500984431243,3.3264152501997666,56.33239636371072,78.64011430053614
1503,-20.679921210298044,-62.75099735894492,26.749026235631767,-20.75978152729922,-61.19707189014329,27.011299858232654,4.076741490664256,56.302207907302346,77.72436442123703,3.369992789593947,56.52609931735064,78.59597651698604
1504,-21.11531186543074,-62.53415637541327,26.792416054621555,-21.1978608128102,-60.978265106519665,27.05343373188296,3.803210902547861,56.709784446710174,77.62173814819855,2.9091382699286563,56.85505728682787,78.53137791941322
1505,-21.549832102821405,-62.316978214026584,26.836272742308516,-21.635880843059905,-60.76055445042741,27.096170934613205,3.5212303083679717,57.046815429592314,77.56533243513236,2.5499651652118267,57.071392682641324,78.50859198255634
1506,-21.984536935318303,-62.09741887891475,26.881031783551627,-22.070212441588875,-60.543553124383024,27.139882412736608,3.409860170100278,57.54357467644979,77.56194232144084,2.3507151739157415,57.37219917083406,78.53444794586164
1507,-22.414828130981935,-61.87555153447064,26.925943528972372,-22.4984471150147,-60.32605006628672,27.183872645922893,3.4585042038503704,58.00830173531261,77.62930545264936,2.1689188600813063,57.516269139637494,78.61952640884172
1508,-22.843612990551406,-61.65070901610468,26.97248649066917,-22.92577273789283,-60.103369980127745,27.22921666322549,2.7636622426981248,58.16634672543955,77.7010394667123,1.4485572251747332,57.599636449049264,78.70956144981844
1509,-23.269166755130687,-61.422436040291245,27.01992171304662,-23.350534939832368,-59.875569730167115,27.275656499446306,1.8171504613204807,58.63153013854786,77.80692703996172,0.41629135130433137,58.0893102284813,78.810259250998
1510,-23.694796299843873,-61.19469640711207,27.067297768076653,-23.780094322918554,-59.64646322257411,27.321822689562634,0.9582422957810586,59.0334637699229,77.93038267132393,-0.16315752370449244,58.48377710357375,78.90428781373714
1511,-24.121438648053445,-60.97092945226968,27.11396423533429,-24.209733029929787,-59.42032169100376,27.367181427525512,0.17277451034299485,59.34022531338954,78.09440265450391,-1.0120228755962233,58.85804287032982,79.0077398749795
1512,-24.54989978552237,-60.75038870240752,27.159569140403526,-24.63944302040139,-59.197996977137876,27.411733100021515,-0.7751833007040393,59.7197882853422,78.2177950093709,-1.9076482715334007,59.21320818881428,79.06349818215946
1513,-24.979001115710087,-60.52949285460849,27.20397575694907,-25.069151180957913,-58.97520839996651,27.455171537802258,-1.9005804486272466,60.12867672322018,78.259461230962,-2.783428277880666,59.665858557551886,79.03766791929202
1514,-25.410471355660302,-60.308150929119165,27.248149545446154,-25.498261762725644,-58.75402608948823,27.498977387840352,-2.944095262453918,60.581159102640186,78.25168804810517,-3.397845918797044,59.99331379056744,79.01215353001714
1515,-25.841712096729026,-60.087211321683974,27.292796482169326,-25.927452929699413,-58.53281583449281,27.543625884257633,-3.5823648324039503,60.96555578367719,78.21703478373024,-3.893833186292893,60.1263731694913,78.97505084447317
1516,-26.27573076118761,-59.870773573786806,27.33641420856879,-26.35915607592567,-58.314509235864904,27.587569373286996,-3.8481858917428085,60.98817915399194,78.16841410151316,-4.232305759846786,60.13844453224005,78.95299090253401
1517,-26.710409346990726,-59.659965711565036,27.3780866125547,-26.79501550043744,-58.10122480347583,27.630045701302375,-4.489179682830089,61.164380811117695,78.09312650803,-4.781666529908645,60.37682591967407,78.91355979851876
1518,-27.150827552051418,-59.450449650790844,27.420570982878804,-27.237299387057988,-57.89139967339146,27.673296962058572,-4.784371447500537,61.381041949344606,78.0179586456372,-5.123195322309936,60.668540825873464,78.90953868766789
1519,-27.593075175644977,-59.24169409094225,27.465940617318235,-27.680811890136766,-57.68437710833805,27.720368156682,-5.333297987408264,61.47377013434781,78.01655592632164,-5.968576014745016,60.77632744227876,78.9819031444186
1520,-28.037459613649194,-59.03103300772064,27.513819203471723,-28.12673931327492,-57.47446676289455,27.76943994006505,-5.892754844992827,61.45154663209842,78.08281130202363,-6.825956030179161,60.86603738436171,79.06398811820276
1521,-28.481062257302057,-58.81465308741008,27.563818623156454,-28.572129301685624,-57.25973787894638,27.820144218295106,-6.455382922556467,61.24733087703938,78.17081839337875,-7.4302819495436285,60.65194539979059,79.15504630327831
1522,-28.92851692845401,-58.592183543939434,27.61718376325212,-29.019324677555698,-57.03892575425194,27.873314486613083,-6.856424043630892,60.98964569266235,78.30294893892997,-7.684528570361812,60.274877243758525,79.27161983415752
1523,-29.37730029386533,-58.36791831713171,27.674581038159523,-29.467113926061447,-56.81535548980038,27.929213478962744,-7.160661416672097,61.29202673967036,78.44781854580886,-7.694410623604549,60.66546358937009,79.39020045420222
1524,-29.829466513519236,-58.142412984287084,27.735282375071346,-29.917511834169634,-56.59023080744166,27.98704285811167,-7.224848501488801,61.27713697131878,78.71454110440922,-7.641211528557933,60.770373644441044,79.63579543261285
1525,-30.282234740227953,-57.91470698101724,27.79330886976753,-30.366985328959522,-56.3633420793131,28.03939295525874,-7.156616310831961,61.283085029046596,79.01313148654972,-7.309005888812136,60.984795365540414,79.90384570174254
1526,-30.73569608554672,-57.68935481768977,27.843663288187734,-30.815409042999153,-56.140778417168164,28.08412458012402,-6.692025071569485,61.359207121358466,79.26215216054283,-7.064676778469554,61.15008939678959,80.12872359623239
1527,-31.187131123183114,-57.46534223710787,27.889200278092066,-31.26339173885715,-55.919333015129205,28.12618519620576,-6.125392822472697,61.38241875817501,79.46985849791767,-6.903995804991619,61.216566667076926,80.27718278643879
1528,-31.63958913743926,-57.24174918054877,27.924093184052943,-31.712551965679374,-55.69740081028641,28.15723084687934,-5.805872391776786,61.57793743335015,79.6315453178716,-7.049235661224042,61.217520217487674,80.35332015078463
1529,-32.09038719440288,-57.01945501593345,27.950064166519812,-32.16065086914399,-55.475855993224314,28.181248399356313,-5.876276049154234,61.89299999715048,79.76754599143757,-7.483664729423415,61.17336209683073,80.41949097691618
1530,-32.538180666056526,-56.79094940073608,27.971112790262715,-32.608250361723684,-55.24488019855136,28.205072253343538,-6.094675429037256,61.67971604328126,79.89888032041084,-7.836355026966029,61.08759996610688,80.49343113596544
1531,-32.98413297745118,-56.563812380441,27.982848422600966,-33.054856262768155,-55.01441692625464,28.22369224257872,-6.358032730276014,61.48640439983186,79.94032288389043,-8.122982378898605,60.83865920050218,80.57631730036255
1532,-33.43132031359131,-56.34306738863601,27.98760484007859,-33.50128668175624,-54.78964478206508,28.235817002869382,-6.904596376601675,61.21979407465908,79.93925615566528,-8.460352186909454,60.66805179081854,80.65575526142617
1533,-33.888407887804085,-56.12178250685994,27.996400239244924,-33.9556750783896,-54.56842000326634,28.255052264929777,-7.247069812176809,60.89480508912422,79.94793515305997,-8.463680643512948,60.45158124225953,80.74760878545376
1534,-34.33556860987198,-55.90559373628409,28.007584795793086,-34.40293074384109,-54.35325693628539,28.28062902127661,-7.829395394957016,60.450308257291105,79.9794932526924,-8.846913630804417,60.04356613459312,80.82227508339625
1535,-34.78425717330105,-55.685012643521574,28.029994644954158,-34.85188727293563,-54.13444836261584,28.31436199291097,-8.346102598384705,59.905308164329945,80.05516488059878,-9.328802996563182,59.52018091143264,80.8969322798903
1536,-35.23218561840323,-55.45915483454061,28.066320143418494,-35.30056081605893,-53.91149077525679,28.357221816743817,-8.627379425118809,59.43947940007053,80.16855618763474,-9.700897415604167,59.15961099333457,81.01140681510273
1537,-35.67817802725999,-55.235468142522265,28.11375397456357,-35.74906746576739,-53.68738561308277,28.40774050428943,-8.886954586836952,58.98063739086522,80.28776484021697,-9.971181088157993,58.828459374371825,81.13171165441233
1538,-36.123975499883386,-55.008502101878705,28.171575789810873,-36.196211335765106,-53.45952200560862,28.461541167209155,-9.171031210515443,58.4800171364987,80.38835287619818,-10.221825891712438,58.3253353340348,81.22561601152769
1539,-36.56584117643327,-54.77865255398052,28.23828588599556,-36.637961433197454,-53.22973708687795,28.517179781227473,-9.429182101694291,58.055009480884166,80.4947119132131,-10.495648067051507,58.055989581008994,81.32225740070423
1540,-37.01161621873399,-54.541452217208096,28.305882470236032,-37.083586748596225,-52.9942726875861,28.57470356646856,-9.742215386348919,57.59595214021463,80.55497621192548,-10.522453511034483,57.71680602859135,81.36169000544322
1541,-37.45266101966791,-54.302555343192495,28.374059077916975,-37.52530572914325,-52.756208602349396,28.633566097016384,-9.738039670601728,57.44952478302656,80.61230709402365,-10.491944240996107,57.64967463916081,81.39592885671004
1542,-37.89840608969271,-54.06094001147735,28.43364706225766,-37.97246545719679,-52.5145012475089,28.681315853340788,-9.578550639299097,57.43258421418111,80.66474494353696,-10.427437583162229,57.58632923711715,81.43112718799513
1543,-38.343013386875874,-53.82262013826918,28.48152334435974,-38.41781491281461,-52.27619108530418,28.717660355354017,-9.424024650497056,57.42118712210092,80.6739714950055,-10.36637264911213,57.59892084439195,81.45287242785545
1544,-38.79031329794864,-53.58469212781315,28.515310020444293,-38.86666110771186,-52.04003921100944,28.742234224512067,-9.346905872875556,57.4353419185922,80.6626390656882,-10.397222246687198,57.59996393840425,81.47072411747097
1545,-39.24054234578373,-53.34594744053161,28.536404120152458,-39.317115929650846,-51.80304690217805,28.757712378394192,-9.18416650792234,57.57085183844049,80.65568074717706,-10.332717422494456,57.532620760661395,81.4900947366884
1546,-39.6928150501805,-53.10889192506085,28.54481874999324,-39.76726311717196,-51.569370787840434,28.767414403381366,-8.948131291345156,57.59215836618525,80.63637114109883,-10.25401701060382,57.44670704743228,81.50994780412874
1547,-40.143029223191604,-52.876062393094976,28.5415418864799,-40.215343912592466,-51.34111638420073,28.773932413960353,-8.84843105017159,57.69689668517843,80.6380101520368,-10.183581485737681,57.375737547164235,81.51274696250172
1548,-40.596230323176336,-52.648332905475385,28.523777545528972,-40.66622506427197,-51.11789404729441,28.77308059757998,-8.778144179403242,57.78930057361553,80.61707879425069,-10.121232091516317,57.505896530861165,81.48686961579921
1549,-41.04293355144358,-52.42335688464063,28.504002385344787,-41.113324413149,-50.893630016079214,28.76822183965345,-8.743989453674592,57.85624486669755,80.57742803185234,-10.081897140620155,57.56602970107685,81.44804672638517
1550,-41.49348036111894,-52.200612770392944,28.486007315544306,-41.56409289674054,-50.672570750325306,28.762561462785513,-8.421384920932809,57.977717957762344,80.54306211139921,-9.638816566868693,57.7535694439953,81.41833448137182
1551,-41.93935905025654,-51.97829895381981,28.46976301489333,-42.011301215024716,-50.45023615145557,28.7557812307404,-8.087976782480165,58.13009021242256,80.49786358673174,-9.348942649704728,57.937497229052596,81.37720780469154
1552,-42.38424632244073,-51.76296767187569,28.46868423435085,-42.45776537455745,-50.23201681281636,28.766936492736725,-7.842568626519346,58.1756412587827,80.43439799102296,-9.150774003475393,57.866516515801855,81.32500828295103
1553,-42.83240197824949,-51.556343304309465,28.484858222583835,-42.906632362385466,-50.02252009364454,28.79520492026907,-7.512102956654521,58.32597913904876,80.41974007941005,-8.842750979252566,57.92287627925439,81.35741113371336
1554,-43.285182074764116,-51.351937107350835,28.515428174527678,-43.359385239927406,-49.81441296495294,28.835470471010282,-7.0149632158866995,58.388430772515306,80.46153988675279,-8.354288553253019,57.83984892717267,81.45050706815705
1555,-43.738516302783054,-51.145385856326556,28.56162458765635,-43.813987189213314,-49.605438170585835,28.883622695957136,-6.460816524766952,58.102550560324794,80.49710108475747,-7.883391547070797,57.47231036744375,81.48848455137527
1556,-44.190041649095924,-50.936277252162526,28.625235904388088,-44.2658134793558,-49.392304532500205,28.94178768591067,-5.950353218400361,57.89567299741445,80.56627569927267,-7.574962987738228,57.248225901681934,81.54940632159197
1557,-44.638924067198,-50.71906641390849,28.704101295746007,-44.71687018488234,-49.17462697118269,29.007441839629877,-5.828543314898604,57.50556886721786,80.65773744077376,-7.460438337254954,56.9588264592597,81.6300868337042
1558,-45.078893573148704,-50.49300740889084,28.793969583004934,-45.156538204192245,-48.94845583833735,29.076238821592508,-5.671369348124114,57.06890967408334,80.78141350767346,-7.377104436439889,56.70074531521477,81.71921461693384
1559,-45.51398771920706,-50.25924198346019,28.869135604681144,-45.58937667063467,-48.71614734134262,29.129366163723258,-5.50354226353995,56.76491430080916,80.94191665031474,-7.331123268778892,56.46501040278518,81.82511380068267
1560,-45.947244528450625,-50.02222331007961,28.928380089881063,-46.02162176265422,-48.479322683930526,29.168746238305758,-5.4785795607282335,56.304414107348975,81.07448911232343,-7.3371128449238805,56.160150928189964,81.94404567012809
1561,-46.38195213172427,-49.7869492433874,28.9698173610412,-46.456527960046714,-48.24246627901444,29.194330875748022,-5.578890426140522,55.874024137438354,81.18918774191656,-7.284339377179412,55.8132268261071,82.07640173675892
1562,-46.821031835671995,-49.55374004417373,28.994127565139305,-46.89647338939483,-48.00800485443523,29.20779325448454,-5.825247969499556,55.6612056496176,81.34488008287812,-7.386870351235606,55.53822147204064,82.20058199957349
1563,-47.25943775191689,-49.32240129917734,29.000635895614188,-47.33740933876631,-47.7740866531387,29.213287899556427,-5.995160708775616,55.19236786667126,81.47418735856495,-7.4241701121713755,55.035446123747455,82.29736615708474
1564,-47.69332757125108,-49.09061669454484,28.990984760794387,-47.775602582622,-47.543898507054166,29.214216416593047,-5.966878254900124,54.80900053685462,81.62912150859084,-7.307422376036103,54.64937018423248,82.44426660629824
1565,-48.13020009260197,-48.85922325203494,28.965420362313886,-48.213410745916484,-47.3159621668909,29.209284924486216,-5.866272071756434,54.43497235279234,81.76818030677919,-7.115478150741099,54.328469555130866,82.56440388613419
1566,-48.56380187823198,-48.62533203244103,28.937655489320427,-48.643843391360754,-47.08559071353359,29.19951952621065,-5.452633377760312,54.06510857550199,81.89164385941251,-6.540099317327348,54.049405353960566,82.67359644974715
1567,-48.995159362537755,-48.388016211843976,28.909138916689077,-49.07303611273805,-46.84930058190158,29.185888985950644,-5.129511473264181,53.7240961221214,82.00453479701437,-6.246455966761838,53.75225429421376,82.78004912414056
1568,-49.425564555711674,-48.15149705493295,28.89020427213437,-49.503950806290774,-46.61273004476756,29.181388630550284,-4.743246355841249,53.38468653892462,82.06047420071762,-5.866250021996003,53.41423610139438,82.82312264985312
1569,-49.85547445508531,-47.9122368613027,28.884275158162314,-49.936657257065754,-46.371420685547996,29.18856228258644,-4.175372465419018,53.08863094970235,82.13177718104474,-5.452368555622999,53.21085532013425,82.89413275716302
1570,-50.285822201834485,-47.67767941602665,28.89027706531192,-50.3702223186393,-46.133417197061284,29.205307419686694,-3.641694994010733,52.94227351424058,82.20090347092489,-5.1356199041912145,52.9737351643294,82.94656064937361
1571,-50.717657080172174,-47.4439524648333,28.906896564249053,-50.80341493788501,-45.897994838481644,29.22893743384269,-3.2000682556710958,52.74490252366664,82.21423957487333,-4.864268236171653,52.72197581514944,82.98202552014662
1572,-51.14914514672349,-47.21226710615907,28.93552876113381,-51.2359167483503,-45.666921389574384,29.257449979679258,-2.8217627835212733,52.49412381626739,82.23442036802535,-4.636766031305274,52.430019868283445,83.02475453562707
1573,-51.58839542931824,-46.98144576355315,28.97739566905039,-51.67216932788757,-45.43686493770927,29.292526951862865,-2.7230827998795974,52.29372679628008,82.25969207582563,-4.423475433013596,52.2452030096863,83.0814242641182
1574,-52.02909587599771,-46.74713510069064,29.030744674444005,-52.111523746311924,-45.20228326349429,29.332211359229763,-2.398945116775138,52.19034671255701,82.2692737432867,-4.10066400477052,52.16393406567903,83.12174470390796
1575,-52.4657600598696,-46.50500038547219,29.081034490998437,-52.548817014421815,-44.960540338367366,29.368054350436356,-2.2470307220473447,52.26627074376793,82.30365397314581,-3.935328803833132,52.25206100336267,83.14478659475306
1576,-52.89819408109625,-46.263450524724455,29.123900195312316,-52.98323261292814,-44.71755629006218,29.398870523342154,-2.1981371405794787,52.31795011683355,82.30349953985231,-3.8348335410014656,52.35517669909622,83.1504353535938
1577,-53.329369054338784,-46.02037855497912,29.159642025412484,-53.41462213031216,-44.47476134023103,29.425865852116097,-2.0258753205875957,52.43502541309687,82.30428238302343,-3.5981175587775134,52.4553645245984,83.1514032344144
1578,-53.76446158519592,-45.782657099296934,29.190852595425447,-53.847474964425665,-44.236629285512926,29.451333563006,-1.8975032097281992,52.65887522764201,82.34390930980132,-3.4535366436436155,52.619980701160856,83.19968408108615
1579,-54.20404586481602,-45.54371901614325,29.219140092647184,-54.28252236031304,-43.996704226150754,29.4759417033179,-1.7290528900236444,53.06184115449467,82.40298135778646,-3.273404233755239,52.908213487381026,83.28001301343816
1580,-54.64263948053278,-45.30445774584607,29.241834703184466,-54.718002500123994,-43.75785984340925,29.498929767261007,-1.5913944714523645,53.421818250799646,82.42761461003927,-3.1412723527506223,53.12998198057262,83.31918472874209
1581,-55.078215801472226,-45.06278531912999,29.259066026502204,-55.15409740269606,-43.516194005135446,29.520775297982553,-1.6609811867465973,53.717110346685665,82.46211464074818,-3.171804384264319,53.28166408611652,83.36020929050068
1582,-55.51230455160193,-44.82460478815418,29.275248616464683,-55.59053927722238,-43.277922901679005,29.541254800740766,-1.7211619446979018,53.79579139675462,82.5246901042056,-3.276516426611105,53.256307882183606,83.42361410813085
1583,-55.95133980096731,-44.58355488213863,29.291527758647568,-56.03346175657764,-43.03814936546366,29.561030717157504,-1.8226141192141252,54.00555914582083,82.61591931381746,-3.450874262013374,53.45269925412608,83.50185967378073
1584,-56.39149764764826,-44.34733149991287,29.307980528847814,-56.4749481033115,-42.80401947722525,29.580362758437037,-2.002178104178904,54.027887870023676,82.7403318694067,-3.5430177126592723,53.36869124142743,83.6070551261434
1585,-56.83718869539393,-44.11040651162636,29.324063663526687,-56.92103349748931,-42.56920463522668,29.598600038101694,-2.131638699150314,53.98030119361987,82.86115938543182,-3.591075631635866,53.285399417463964,83.73371080976787
1586,-57.28516406304011,-43.87481099090166,29.340454589825537,-57.36704615708597,-42.333415131391256,29.6164461048832,-2.1307098610187625,53.75854563905071,82.98179861075083,-3.3835122471072148,53.13024738373715,83.87594772028105
1587,-57.73353862096054,-43.64057191547638,29.357733878967395,-57.81358229201902,-42.09883362005126,29.634754636617068,-2.068870383851662,53.466399187245,83.14627519868415,-3.1423943421031906,52.901527391072506,84.02596636424082
1588,-58.18109147479001,-43.40609853813593,29.37601002277886,-58.25634701758993,-41.86219057344414,29.654089931538465,-2.012984660874198,53.3048802342516,83.32300973406055,-3.09517714581238,52.87246106389926,84.17298010758745
1589,-58.62703282449243,-43.17542360431545,29.39448533910293,-58.698027940230546,-41.632341037659344,29.673251466434515,-1.9366044443018493,53.36079889587906,83.48950457741476,-3.1075614389716333,53.00608714898541,84.30760224577173
1590,-59.07584582072195,-42.94739107898776,29.41315234964393,-59.147135001761086,-41.40296133276192,29.692255467597583,-1.6996937637245897,53.37043325118114,83.68891288774469,-2.987688162189033,53.26348273370972,84.48822514980682
1591,-59.523614368675304,-42.719959203785635,29.431957628361605,-59.593507030344135,-41.17619711938257,29.711645720367585,-1.3219251237816696,53.60141613973864,83.86095839851899,-2.643401271613238,53.537514719009025,84.637179052081
1592,-59.9716273055983,-42.49673135467146,29.45104014132482,-60.043121939616086,-40.95332781826673,29.730901125715327,-0.8993361486842945,53.88503192242315,84.03460020250516,-2.278045129898195,53.812746661279824,84.8008355473069
1593,-60.42259158127646,-42.2835939783979,29.47310983143001,-60.49552662231435,-40.741622045815,29.752916751338415,-0.6815605669393763,54.17144376602883,84.17839009837205,-2.021809271509428,53.953242388045396,84.93028302844887
1594,-60.8609998648482,-42.07364147641197,29.50020692014883,-60.92979218366023,-40.53404599475259,29.780625749699748,-0.5517974486067819,54.52168595505456,84.34311776585966,-1.8634579567697762,54.05574989403954,85.09828554839194
1595,-61.258211775512294,-41.85108703639125,29.530884922714463,-61.313434308656014,-40.314244136867686,29.812701549937774,-0.33006414379618326,54.76874454837419,84.49167748160353,-1.7738253944749538,54.15422984743944,85.2411098540897
1596,-61.5874629066515,-41.59318233718821,29.56845985325853,-61.6270007391999,-40.06649197441298,29.850597386178308,-0.08144332164965484,54.88171449453753,84.6357589375585,-1.7234280381641949,54.24778967325187,85.36848320305525
1597,-61.82883442804742,-41.31715244458533,29.615845465401208,-61.858621895006046,-39.801053145052954,29.897070620395894,0.04059102648694313,54.898223697518326,84.73899223842172,-1.6918898534664881,54.337303306343,85.48563377098685
1598,-61.97874471898452,-41.03798126405069,29.670106186421318,-62.00256036315157,-39.52772696690037,29.950770502634377,-0.016034577102498317,54.96457120580351,84.85400360775435,-1.6585801490799568,54.42478701479901,85.5937707898393
1599,-62.03482131175453,-40.78615041607123,29.72626535129109,-62.05697297481044,-39.26701592697654,30.005680629122793,-0.12344200846500034,55.082682431718204,84.94881992014818,-1.6111482174098397,54.506609922403406,85.6934452382986
1600,-62.01492922702065,-40.58593486194432,29.783576849688224,-62.03782915889434,-39.03930980591776,30.060553939563537,-0.1263060973973605,55.2383293409655,85.05279445999918,-1.5475344464050658,54.575515770062765,85.78512822283209
1601,-61.955700530648855,-40.44741893923623,29.84199355299945,-61.96869456095894,-38.856914424020786,30.116390911666226,-0.07175085993541422,55.36768249070273,85.11722418141085,-1.4728469640637858,54.626807417847346,85.87080445290967
1602,-61.8797109866114,-40.354730531707325,29.891591706437133,-61.87224598459167,-38.71870513833993,30.159650930824306,0.003076196029031558,55.45627735280741,85.1731945880192,-1.3919056631168494,54.66118846686701,85.93771812065995
1603,-61.792109407990445,-40.305228108166474,29.934646028183376,-61.75705427934358,-38.6253170970724,30.194976042424166,0.0886519593854702,55.5041948852658,85.21982818470447,-1.3063708471649558,54.67612691785768,85.99170339431866
1604,-61.702672543531456,-40.296677815077345,29.97225987891277,-61.63508576030096,-38.57661714107551,30.22624153809091,0.17557050371624394,55.51331583821384,85.25745126919679,-1.2211716405242938,54.66971376219037,86.03739732460588
1605,-61.62199866302588,-40.31744626060119,30.002089078559028,-61.518710737284884,-38.565381052249535,30.253193919720974,0.254791324903208,55.49404999044301,85.28716795788937,-1.1432117948560079,54.644830816201,86.07561418592228
1606,-61.55676851775098,-40.35561421887138,30.022829983247767,-61.41648435277684,-38.58117404527617,30.274330233614513,0.31943769643132747,55.457776237039575,85.30672031515273,-1.0777969413365878,54.60742788177756,86.10539596730234
1607,-61.60800631034984,-40.30476356914003,30.03340796862945,-61.50269268987834,-38.543827861659025,30.28913632965477,0.26858779129579125,55.506155798543766,85.31615029457193,-1.1309821194163208,54.65588362297315,86.12706833217545
1608,-61.56926554853379,-40.36387402489603,30.032213789068127,-61.43349831378788,-38.598526561330516,30.29734239020515,0.30707125609141733,55.44887439506114,85.31382921190851,-1.0896809631098325,54.5979431669218,86.14055658487594
1609,-61.5373164533943,-40.424763496418485,30.027971042374514,-61.374382786792324,-38.658770225462355,30.29864170665443,0.3382531556512467,55.38999904530789,85.30860177946144,-1.0541637002119013,54.53836115076298,86.14612800497488
1610,-61.49090321299102,-40.47625015033116,30.020286477895237,-61.30072184193776,-38.7100073987786,30.295179049960833,0.3835654080079037,55.339571085769826,85.29985111852568,-0.9992599775035078,54.48736343884519,86.14591495140317
1611,-61.41561832196645,-40.507934887282815,30.008811446813034,-61.19770429615805,-38.73868484364947,30.290134247713553,0.45738351711949626,55.308188875425806,85.28736912136824,-0.9109630190231987,54.45670634075178,86.14330876857753
1612,-61.52028020882556,-40.50097711766857,29.99319032407111,-61.32678493204609,-38.73701713602616,30.282666866822517,0.35539530476753256,55.31639748526514,85.27162687429747,-1.027339576556735,54.46325449055613,86.13870419881292
1613,-61.383665790309294,-40.496422466037835,29.975270617405616,-61.17026173978343,-38.73138952535966,30.273040030942514,0.4964738678406379,55.19678698054999,85.25555079067468,-0.8716249391256673,54.29249386744119,86.1336910177473
1614,-61.55813510374929,-40.48748554056135,29.959652876946496,-61.35657022195681,-38.71459834283597,30.265417247821777,0.32731552839112377,55.34704821273586,85.23914463539896,-1.0464337392095293,54.474102836395176,86.12626720276006
1615,-61.351258289266596,-40.54159499205565,29.946670498911438,-61.1541614447289,-38.7817209673727,30.258767425542384,0.547087989111366,55.15585663348823,85.22361126375266,-0.8125241160770782,54.280332106683325,86.11755673511273
1616,-61.13389558989944,-40.657746851177926,29.93407176444402,-60.95932235078189,-38.901909268048186,30.250354331765596,0.6311703539948882,54.71622225284113,85.20787785283623,-0.7756035487309298,53.79315295293521,86.10679277544952
1617,-60.92349029483248,-40.826598799199694,29.9193649796497,-60.7754929219182,-39.059976762064395,30.238865787293108,0.6257361208758815,54.41963411828688,85.20032655126373,-0.8058341856922046,53.6013271082271,86.108672071353
1618,-60.708923785523744,-41.02010580566084,29.902050488415295,-60.58266885847003,-39.232187028681494,30.223365148194343,0.5316295560161322,54.08276488146869,85.19006490394689,-0.9059978395171331,53.37295206024458,86.10533227077367
1619,-60.46141700002071,-41.20376616541906,29.88878492016967,-60.35493474549483,-39.39063583260221,30.210936494866836,0.45051891630292473,53.830958162479334,85.17789705481921,-0.9564014123232997,53.29208453928352,86.09496715439131
1620,-60.170674490260986,-41.35457632407486,29.878456761882305,-60.0838154826651,-39.52556372254324,30.199838110249964,0.45599494106037497,53.68542970860038,85.17101746280619,-0.9617017788020844,53.20599901035288,86.08578752187329
1621,-59.85398203369262,-41.47734496392292,29.868489844587295,-59.78665368343296,-39.64529998277588,30.192036252870547,0.41366109459345957,53.37202288830886,85.17838222157384,-0.9992024691670724,52.844686359199976,86.09484101156228
1622,-59.52362657153759,-41.5930268035594,29.859189780573384,-59.475520276244445,-39.76589211991782,30.186291274516687,0.4192946202385501,53.06956319292487,85.17873128650534,-0.8416206906581369,52.536467888294204,86.0876616147556
1623,-59.180232049461374,-41.72535982060558,29.852669880454155,-59.15247663566045,-39.90314454913748,30.182600538342612,0.46918196117682925,53.07700541323132,85.17192658164757,-0.7214993319782628,52.42166534688912,86.07139229572324
1624,-58.829288718454265,-41.890149540345966,29.84887724008961,-58.82385507038965,-40.067646658894645,30.18025916678113,0.5513353088627516,52.912653396241446,85.15493085808758,-0.6199972274938651,52.281862738553386,86.05792054422582
1625,-58.482648643923056,-42.090776261702516,29.851660852833465,-58.49841209062613,-40.25907521222688,30.181440910864968,0.6013350088878832,52.69473164630172,85.13397618671685,-0.6250949621826181,52.00798955000284,86.0395094995478
1626,-58.13988007413514,-42.31989220731026,29.857040957580853,-58.172758143363524,-40.47024041934026,30.18412500956201,0.6430792611692856,52.38084175373396,85.10020085503318,-0.6294931582896541,51.767437876147945,85.99710945852485
1627,-57.794479332349496,-42.55249203755772,29.85979495084477,-57.837827536711416,-40.68358989729084,30.17982753488349,0.7004387144880533,52.105143003247576,85.05586027391533,-0.5862008855165054,51.6107152530555,85.94680622857058
1628,-57.43468505831188,-42.775419143678235,29.856728514128445,-57.48895865168126,-40.89098425060619,30.17048249559463,0.8968277941215296,52.00996297009729,84.99596906251169,-0.4479321200411407,51.45348119331042,85.89603398622118
1629,-57.05656284491912,-42.985715017443745,29.84832049165488,-57.124254876557984,-41.092054962529865,30.158450343716897,0.9163981735898421,51.944017754495334,84.93473893291602,-0.4132416531477329,51.31652151385506,85.84149362966258
1630,-56.667100447883875,-43.18228578931534,29.83546115715604,-56.74828880881628,-41.28477539960786,30.14430501317277,0.9053709316800289,51.857211871386156,84.87011571821493,-0.414272586220052,51.311511237543016,85.78391842959154
1631,-56.27104963517748,-43.38035907768158,29.819866477058323,-56.366543616362634,-41.48229660390623,30.128447089954754,0.8274636193165008,51.840494719264754,84.79443029654638,-0.5001668199284178,51.36466031350498,85.72213113168507
1632,-55.87761868860376,-43.584525932048926,29.799559002423504,-55.986740530546776,-41.685233389304074,30.110929120924933,0.813365720458388,51.933986902636036,84.73932446045997,-0.5527863351659537,51.40264718816754,85.69344025856584
1633,-55.48408883632692,-43.80000515638311,29.78609064678598,-55.60345122227464,-41.898626121482906,30.108162997840736,0.8046223170308724,51.98052625391543,84.70329686218695,-0.57632053292131,51.346284946731295,85.67022684474136
1634,-55.08828235129771,-44.02604258234248,29.78364132414319,-55.2163695681319,-42.12034761730464,30.11588098189031,0.7876234777940869,51.976424719177054,84.6785010043218,-0.562338311135965,51.26812178514186,85.65074892990815
1635,-54.693765777687226,-44.25547622723957,29.789866096058272,-54.83066889301905,-42.34584591037913,30.12887315735743,0.6689778831972478,52.01248837824511,84.66961060702673,-0.5922804522276139,51.231701825534785,85.6447335982799
1636,-54.296503195195264,-44.479773668603706,29.803355094063598,-54.43969358273732,-42.566745067383756,30.144008877190654,0.6571261378375912,52.11428654708524,84.66967835866686,-0.5453098373699521,51.281515176449844,85.63915155560265
1637,-53.89391032658477,-44.69790628382398,29.829056132161213,-54.040419240368685,-42.78045873377653,30.16677868093053,0.8291336548745984,52.08788746479179,84.68389879410304,-0.2803666600659811,51.24671660783139,85.64173640837065
1638,-53.4832807124811,-44.91219618152953,29.86731443648482,-53.634110133062826,-42.99148446241837,30.196387004869827,1.079813677318131,52.01673064049831,84.71852922780447,-0.04369814038982392,51.212218363843625,85.6572592347429
1639,-53.069906512738946,-45.126599322671225,29.90664634547206,-53.22593821348511,-43.200776996176394,30.21646314474292,1.418715759116302,52.07497626746715,84.75209582375848,0.28475323491378524,51.360659618479936,85.68806501900897
1640,-52.66044442430353,-45.34583618694747,29.93402041890606,-52.81847388679067,-43.41574028415943,30.228002461522482,1.8719809645373313,52.28531447631872,84.79450235386312,0.729583114426154,51.60812429896513,85.72428463919157
1641,-52.2475446790762,-45.5701430263142,29.949691830202255,-52.40584894606692,-43.635398639190605,30.23294355341003,2.3271982791131363,52.42861240705731,84.85621591233401,1.1189416034601614,51.68239349495126,85.77944954069389
1642,-51.833119901008374,-45.7954751022537,29.955929627475868,-51.99436761310724,-43.859687248576506,30.233640434460007,2.7637975030766664,52.498465569328026,84.92559769424577,1.36312618634486,51.66782199425976,85.84431911664468
1643,-51.41625325940474,-46.022231131369274,29.954306919639897,-51.58249767199197,-44.08599516342819,30.22943018458589,3.2295105867978897,52.56011957768002,85.00895212193886,1.6686993178579836,51.725098857467856,85.91485971264285
1644,-51.00288016103948,-46.247058440292285,29.94209315749895,-51.17466182952258,-44.30899574215801,30.2212703794316,3.503952451369832,52.69870212713556,85.11031695426048,1.8723104102759003,51.79821147019818,86.00533304784835
1645,-50.59367662170279,-46.466377408724426,29.919925014048776,-50.77136454472013,-44.526352361171185,30.210633083277752,3.7936925015488017,52.90060191718986,85.23167318391945,2.080233319316372,51.93585571934415,86.11910087612586
1646,-50.18228621840439,-46.687077253365366,29.90483040372594,-50.36474821002163,-44.74674457604643,30.2073252828686,3.8554347766305446,52.91730913994577,85.38571635554318,2.0727157456747713,51.95598870032259,86.27436467055169
1647,-49.76706888141106,-46.90458975876471,29.896529165829236,-49.95167534379129,-44.966303211473374,30.20922833107312,3.6103930150832073,52.78946228861504,85.52867697058667,1.8220370260686343,51.900104581175086,86.39252983753546
1648,-49.35125137555287,-47.121901074721826,29.894598121637888,-49.534817546167254,-45.18555164876732,30.214953664065565,3.4487074119014443,52.703644085605546,85.67995739407456,1.7654420404157802,51.79439170636983,86.52435493601794
1649,-48.93751445363245,-47.33762589383808,29.899553918073277,-49.118967776418245,-45.404916821574616,30.224844714427014,3.426094784860545,52.69769843588625,85.84346078845618,1.8500535320794977,51.75007622196672,86.66853548083353
1650,-48.522596741642985,-47.551624980551466,29.913186181867445,-48.70208464889677,-45.62115357341127,30.239336230469114,3.4208592193677476,52.5932662697633,86.00479462741828,2.05049222686934,51.64953334379095,86.79858091721337
1651,-48.10526938155607,-47.766944190910735,29.93523986526419,-48.28447550874149,-45.83569801240064,30.257543696927495,3.3556625642177997,52.5693542658883,86.1493442845957,2.0858799529954384,51.70811607304912,86.91397100623384
1652,-47.681186116604884,-47.9875535592211,29.963538199957945,-47.86073613415075,-46.05149322211666,30.2774551931925,3.1207919999947644,52.51085801569112,86.29803090047255,1.9195361208973312,51.78669921362144,87.05441630371553
1653,-47.250523215747066,-48.20842829980504,29.989067905817063,-47.429610553070376,-46.26996208356822,30.295947581756575,2.7352206918277577,52.30949036512844,86.46865241755012,1.404018019129554,51.555258785269885,87.26157850988623
1654,-46.817618035353235,-48.430177290737184,30.01266123992827,-46.996353106982546,-46.489859304848636,30.31351381499349,2.5215527178528387,52.135512304200574,86.66452430122887,0.9893117187730281,51.334428787476256,87.4554041172557
1655,-46.38068888132772,-48.654189099554586,30.03552398111887,-46.55791642034026,-46.71395039943096,30.331504678090067,2.052525403041707,51.99831142953797,86.83814299270476,0.4433371990514603,51.14908715736173,87.61723712119279
1656,-45.94326322697391,-48.87813715912491,30.057270954216506,-46.123457923935206,-46.93927068184835,30.349749630845533,1.6575838047252096,51.693619682831184,86.97949204092608,0.23993386523491778,50.80253738343519,87.7416119941396
1657,-45.50433306810005,-49.103376677866336,30.07587115690476,-45.691212489513475,-47.164536175730376,30.366390935208198,1.270358364814243,51.625266890779315,87.15955596327773,0.2163613393892672,50.78705987044057,87.90928105945761
1658,-45.05798243736134,-49.331126120562054,30.09224409633014,-45.25346476543312,-47.39098554937751,30.382313886393607,0.885711469459763,51.462206233417724,87.32778280179288,0.08342286956056635,50.78630021747914,88.03703393683314
1659,-44.60840076742526,-49.55324507178736,30.10663528873363,-44.80820095134928,-47.61361882819814,30.397903819382847,0.8276744630382578,51.25028999598163,87.44232441045976,0.23315162887535992,50.7553674928478,88.11226914773155
1660,-44.161497828624476,-49.772460234835506,30.125652597754122,-44.36495918588324,-47.83365568030943,30.419688468360683,1.186602344163233,51.331725920543114,87.48420109734846,0.5553338516685488,50.8455564960367,88.1677194438282
1661,-43.716682618679826,-49.9963549126607,30.149770596550237,-43.923185299427935,-48.05837083854085,30.446169481315014,1.492395514058885,51.36224953065863,87.48750404978318,0.7370395931098818,50.811058764469784,88.18543410759607
1662,-43.27276570048611,-50.21983654579452,30.17581342471132,-43.47994957812146,-48.28227425531021,30.472986515648724,1.868042090014318,51.44624386069703,87.46039560747205,0.7705010108597395,50.84265068158986,88.16437674863393
1663,-42.82936927704084,-50.44278158656197,30.20681401379407,-43.03898280916326,-48.50308354728898,30.50382868039888,2.0478451681283443,51.61384210610695,87.41221303005867,0.7604641179875082,50.78812334203166,88.11161777447344
1664,-42.382837919621885,-50.66940288507061,30.243132201220035,-42.59324881261019,-48.7277862168611,30.538329920374963,2.168340972366529,51.596804907307394,87.2936758099234,0.801784367026972,50.75195808604076,88.03929375261937
1665,-41.938155859841466,-50.89610740803094,30.275183539155,-42.15001716368459,-48.95018654977338,30.562844183057845,2.2998530380754745,51.60176847208768,87.16218810804837,0.7364090328720775,50.76466196145781,87.95506995539768
1666,-41.49732728299697,-51.12343976043338,30.300555662073652,-41.707933343252336,-49.17567844586196,30.57754267187605,2.184686804510175,51.64236990116243,87.047446865115,0.5935334919790807,50.79507269457728,87.88644157060406
1667,-41.05533630669404,-51.35185939513806,30.312706942450554,-41.26581737473731,-49.40316687323713,30.581428974466128,1.8794148401164035,51.72749441390595,86.93057611804414,0.4168542111059358,50.993278749447484,87.82596315995495
1668,-40.61867998321826,-51.57786944856375,30.315292015802175,-40.83121383351202,-49.629008247444254,30.57991995688412,1.6798301406097798,51.79431251977829,86.83273764132686,0.3464713944218129,51.02186238345375,87.77636061750698
1669,-40.178862344633124,-51.803530544687014,30.309573798736626,-40.39105100836821,-49.85629150404265,30.573600392875072,1.5267132741974994,51.85134767979876,86.76236463401052,0.24405414873605,51.09070733502098,87.73889103918175
1670,-39.7366628165895,-52.03116256638928,30.29393961234387,-39.95042057102272,-50.08470902375192,30.56408274326653,1.3406237579347864,51.93973711297588,86.71134488864999,0.07799060706370736,51.110412894262936,87.7002584101181
1671,-39.29889351453771,-52.25413545643323,30.266978009938214,-39.51111369086514,-50.30971281499232,30.55036733248462,1.0541446940142332,51.928422352201146,86.68068713835204,-0.1453463189409601,50.99376428887365,87.66745656795982
1672,-38.86050991180641,-52.47933654187844,30.238034662968726,-39.0708770061242,-50.53326257377084,30.533330988133205,0.893299452334065,51.97256881894394,86.66977820336258,-0.24639250136497853,51.0198928578993,87.64186992433504
1673,-38.423459745147355,-52.708602278589765,30.20853791395668,-38.63265724675103,-50.76073339676758,30.51399573343062,0.6499275345849225,52.09131743628323,86.70571550645747,-0.5332628480868437,51.16473326529476,87.68599884873953
1674,-37.988097276127405,-52.941094572144294,30.181514422719772,-38.19470736440174,-50.99384866218565,30.494315593848967,0.4935805309836917,51.82982764367293,86.80292169932581,-0.6994438589221761,50.92218792792508,87.80085726632957
1675,-37.54593075995098,-53.177015233262765,30.165696082466813,-37.755081880004106,-51.2311503314897,30.489179206201126,0.46944602095006305,51.546331884696684,86.93798757297624,-0.5802013562239803,50.56594063779378,87.94406818951418
1676,-37.103828964054614,-53.4072893937736,30.161662452415296,-37.31383311609503,-51.46425168883756,30.49566222055278,0.9475958591142986,51.434659879794836,87.09763442338289,0.1702962961783182,50.57030780794578,88.09602821915622
1677,-36.65487880262596,-53.63073205508312,30.169396233490094,-36.86591615227853,-51.69310180043397,30.511740321466434,1.2839620322412204,51.44331230827574,87.27524182299567,0.4838448554259104,50.704894752554786,88.23540313453294
1678,-36.20382740202832,-53.84742672547957,30.1899301975359,-36.417285517956834,-51.91266723108769,30.535592720401194,1.6599312519518876,51.26528637207474,87.44936508303451,0.7053470188851652,50.41194557565267,88.34112426765908
1679,-35.74768512305471,-54.07084565272225,30.224837916102615,-35.96277045330663,-52.13556095108281,30.567485764916704,2.0039688018886235,51.023545634087604,87.61436818954235,0.9082817380074537,50.209180620475095,88.41086550400885
1680,-35.29739451683642,-54.297464491814516,30.272909231579753,-35.51282002624453,-52.356806922552465,30.60528558311098,2.455524292109052,50.667759418297216,87.72308605274131,1.013424035856669,50.00401726986547,88.45370517866425
1681,-34.852962468468185,-54.53038772222415,30.33164996263445,-35.06798190777942,-52.581858870119326,30.646731302999985,2.858541184550526,50.5480012616769,87.76594272974059,1.1113536496851868,49.82038169462396,88.47314726675496
1682,-34.416856627714196,-54.760706267339685,30.388251237289946,-34.63180799026585,-52.803872187522614,30.688275152244493,3.1166696444861626,50.57514976935634,87.76242246426011,1.2419311376572035,49.72882573925056,88.47374524481745
1683,-33.97959421791057,-54.99165215521015,30.43035013293404,-34.19439830334678,-53.03048906300888,30.713446832252565,2.870704202331638,50.50795710504887,87.71856556249179,1.2892805787197625,49.811604806696984,88.46261467033884
1684,-33.539606254895126,-55.21966365221256,30.45686096986318,-33.753984142136254,-53.260276202883404,30.723781750031716,2.7920070725842754,50.39999442721863,87.65592296455712,1.2764021514344324,49.945138209386414,88.44049541643756
1685,-33.097972945304484,-55.443643101629064,30.468289299421656,-33.31125665066791,-53.4879262305162,30.72224783147758,2.57481836247203,50.56142549181204,87.61176456682745,1.0296667279337783,50.025312733866954,88.44670637442084
1686,-32.65735161580768,-55.66362043492801,30.46539088990306,-32.86948798522999,-53.715129427045206,30.713450805181242,2.3550192047465677,50.634303111540014,87.58537716747816,0.8537925279865829,49.99741953093451,88.46016568531995
1687,-32.21507049693366,-55.88776532540466,30.45053518160328,-32.42467467819127,-53.9447735801591,30.70266076902734,1.8080592932686637,51.252807444691996,87.58289088454559,0.19945303717445528,50.69829269339038,88.49069283310847
1688,-31.76790768636026,-56.1146385965244,30.41873834917311,-31.974367364234393,-54.17624712994028,30.683406669431402,1.262847384030198,51.76143133049856,87.5997739443984,-0.3047917883834552,51.0874204980528,88.52624640166763
1689,-31.31714371221953,-56.351267283805115,30.372356284150936,-31.526854855568054,-54.41028003933384,30.65732228380292,0.5031056159985211,53.59903428156799,87.64867866274302,-0.9547150634886669,53.311216914940495,88.58257847247411
1690,-30.871287121868058,-56.58969429884353,30.33792602243768,-31.083441985774144,-54.64570064656304,30.644228788185295,-0.33622010175712114,55.30679986927292,87.73079779122263,-1.6508760012909411,55.06393603387029,88.66083375002955
1691,-30.42483776866577,-56.82243165647538,30.318192281856327,-30.638777714694974,-54.87744872129418,30.64308549705803,-1.0808249772872416,56.981767589250964,87.82613545796315,-2.116422384978112,56.49388988940562,88.72867949397754
1692,-29.97670710184668,-57.050286536330574,30.315064670959686,-30.192794357013774,-55.104155994431835,30.653530431029104,-1.3893298654965074,58.55595950315247,87.89752015037372,-2.0980475508240946,57.47784801106682,88.77481804815793
1693,-29.52477317209386,-57.27451206726738,30.326480248853734,-29.74459838568445,-55.32704674491516,30.672624989130387,-1.7363947488963822,60.38363384787558,88.00480960862106,-2.098873660590366,58.529822130573784,88.86008497157128
1694,-29.06978465705047,-57.49566386566038,30.348183344435427,-29.2897312873841,-55.548454779310156,30.69664318681827,-1.6552639096313237,61.58511861394596,88.10707022889488,-2.018730372636862,59.2104414392424,88.95328551157695
1695,-28.618570814253978,-57.71775883329335,30.387145272362655,-28.835286900559343,-55.77267903239359,30.728555711343176,-1.5989322834068358,62.990903898068446,88.23359150039215,-1.96672475520419,59.8704071062383,89.0694453533989
1696,-28.166073485209917,-57.94507121080075,30.443886163488916,-28.381184718712557,-56.00023093498063,30.768143837184976,-1.3929701717841823,63.00949123496307,88.31075987195672,-2.0176282587209107,60.35171781319072,89.12693257423159
1697,-27.717014894563707,-58.17988926154037,30.503439218494645,-27.93065538928611,-56.233204368656935,30.811890551505694,-0.9632959174207744,63.05264774885067,88.36005980529704,-1.9328937845895462,60.74809897435264,89.16365909166095
1698,-27.266335691882777,-58.42363725568295,30.54954894954193,-27.47881232378422,-56.475945869278235,30.84004772672655,-0.46994396953176243,63.05389263599356,88.40963165388906,-1.6676189479301085,61.04737529440282,89.20137777165831
1699,-26.81491381442025,-58.66741308960159,30.57864261894545,-27.02839631103012,-56.717685748467,30.852828413475255,-0.21630488777757162,63.237882952264755,88.47552500834702,-1.3874226425592346,61.37994826698004,89.25042775969276
1700,-26.35800667878493,-58.90987247000797,30.592431251442132,-26.574571027199845,-56.95716307707078,30.854057399591447,-0.0006382705972329539,63.51716486970694,88.52094073733895,-1.2167301620179087,62.042173040227695,89.3021005150125
1701,-25.900270867394937,-59.14564983881577,30.593796359546438,-26.117456407589525,-57.19178702342864,30.847485517862292,-0.09072131681796679,63.89572554929182,88.55823368435226,-1.4264734737583873,62.54756141935209,89.35745172422325
1702,-25.43586948117925,-59.38008463926771,30.582229238807518,-25.65403701114816,-57.427888327880666,30.83615775443917,-0.04332776723163371,64.14249225072152,88.57009886532177,-1.4113478998673785,62.882791216979676,89.40681161975574
1703,-24.973457259507526,-59.61662767998247,30.556150025311755,-25.193460281590106,-57.66527833389187,30.81929019561147,0.03490214168637271,64.43937916689642,88.60662136275486,-1.4532478210144528,63.17690984719922,89.44603162173334
1704,-24.51020902171551,-59.85965859141398,30.515245826945307,-24.733315054736003,-57.90821666289945,30.796516570728375,0.1007208744680308,64.86841706734619,88.65725905320008,-1.386583276247078,63.607573109757276,89.48968962030581
1705,-24.048735657420437,-60.10554524048609,30.471563416264946,-24.273718242501896,-58.1562296870383,30.76873032910832,0.4628230588916781,64.82427155580734,88.69048316195261,-0.7276365791372055,63.27116120867614,89.50798707671314
1706,-23.585204752891283,-60.35463162348999,30.43563481816226,-23.8127545728142,-58.404801305184996,30.748988911572546,0.648362512540063,64.77044809918769,88.7113608692963,-0.38007111572385405,63.08271951584085,89.52330817743123
1707,-23.124996346522316,-60.60373349074233,30.409665836323537,-23.356243250163107,-58.65219826848691,30.73750887725852,0.8545999352951205,64.35005892854844,88.7239492320775,-0.12377505404570643,62.8131619658259,89.53714419474356
1708,-22.6631790038278,-60.854251821753856,30.392640398291963,-22.89777806044773,-58.90050166925998,30.731518614808177,1.4236829138746832,64.04035864831812,88.72160852827012,0.24631519019629194,62.73185403217082,89.54703556138212
1709,-22.205555116794223,-61.095891875586005,30.38191633292949,-22.441511601256618,-59.14046809542469,30.726831768252016,1.617387433220468,63.79801015237612,88.72597144131382,0.1998931115153021,62.68691556442611,89.56770365900789
1710,-21.745673502061983,-61.33064474778694,30.38169084605243,-21.9813322641436,-59.37323899535905,30.727602741549507,1.8857780689156411,63.44760889615331,88.7074546737306,0.20939530077364274,62.522880724541,89.55214376826787
1711,-21.28313301830502,-61.559732506605194,30.39289286550907,-21.518454683378984,-59.60081325819143,30.733854966287748,1.8602362192335924,62.72969298742304,88.66760738760324,-0.10561189209519153,62.069792272061385,89.51952593008272
1712,-20.819495218119137,-61.783858569919104,30.40609499041383,-21.05342927619366,-59.8261137155178,30.732701808785837,1.3008174829842436,62.3881877572949,88.6230125249005,-0.4815122354478981,61.577916467898284,89.46772454078447
1713,-20.35525669006182,-62.005350658724474,30.408805803248526,-20.588153853029276,-60.04754967011807,30.722331411499855,0.695746926552213,62.75529383695302,88.56632914766207,-1.0290446975347154,62.25330480826823,89.41187799877045
1714,-19.895057732610535,-62.230406130273295,30.402046970446094,-20.127117857940803,-60.27346236100545,30.706636276361547,0.2475045535420402,63.22013062028576,88.50877373607723,-1.2668054301888014,62.80335206191749,89.3684790414791
1715,-19.446090739002827,-62.46364929975661,30.3889022000847,-19.679690699796105,-60.50931204962839,30.68880269762082,-0.20268008706688956,63.62343742253298,88.48221389868725,-1.3002646458429317,63.28128258228076,89.37964330486888
1716,-18.996071352577125,-62.70681708142135,30.369106218191664,-19.22987650314899,-60.754546331011795,30.66676650378855,-0.4169752663067934,64.01706794222049,88.43895475733012,-1.3424621559703456,63.66656349794794,89.37408815655017
1717,-18.551820648071804,-62.95151482826347,30.34007578604177,-18.785608960307723,-60.99985456729793,30.641410309610908,-0.6924056095783688,64.29405671160089,88.39819499079476,-1.4177935555764571,63.6808750771339,89.34132339993396
1718,-18.102993407120653,-63.196680738637106,30.302314327637877,-18.33363420556533,-61.2471586627913,30.61437751274283,-0.5882865652055823,64.74762379233098,88.36000717279228,-1.2763506027063398,63.62951574225674,89.29526049519579
1719,-17.6553752193072,-63.43238691090741,30.27171575624003,-17.883300810381666,-61.48550387747429,30.59570966341874,-0.4115341873936744,65.278467590491,88.33804841725808,-1.1808116416252497,63.57550556956669,89.25800339666837
1720,-17.200842782495073,-63.664392225187676,30.249911273972952,-17.42799285476148,-61.71772222108033,30.58509296140328,-0.01577836861027604,65.07360811563706,88.32015212485283,-1.022527621969537,63.56698573320634,89.22018040527479
1721,-16.74742009041322,-63.894688525022616,30.23743381354905,-16.970438707494385,-61.94607682759421,30.58122510156483,0.4152933396572752,64.78670152435872,88.300423898001,-0.6577055993565286,63.45062353140811,89.18899718693932
1722,-16.287773849707193,-64.12391947255404,30.23354152100824,-16.512773446938812,-62.17067414201382,30.581763712516693,0.7955591342890889,64.48092775360026,88.24086751356045,-0.2926414443467827,63.36734382480176,89.15522123038174
1723,-15.83496880705101,-64.34591862176924,30.240336990683257,-16.059070357290313,-62.38931969060048,30.587791653832365,1.5290583601176513,64.27227680272387,88.18444749611973,0.4714117754437826,63.43803690726273,89.11668533757465
1724,-15.381966467463128,-64.57040417980137,30.25790083208935,-15.608829724456642,-62.60902293275094,30.59879672812319,2.3687207444525837,64.23313498205603,88.14859004876183,1.207747886483819,63.440242689545805,89.08403710711202
1725,-14.932455891990996,-64.799217549479,30.283812366329638,-15.154754569906475,-62.838477989534525,30.612854170440105,3.064659750898679,64.53759177929975,88.10599205802589,1.799448550805335,63.875759152337785,89.02691930318939
1726,-14.482481723452043,-65.03229709488959,30.301795203027826,-14.70172193532435,-63.07227482145488,30.61762683466315,3.522076351661669,64.6529538466656,88.09362643740768,1.9202016164231845,63.951270457505764,89.02281566419079
1727,-14.029147135319533,-65.26677291020845,30.310163441061203,-14.247008144808241,-63.30916586393941,30.61454758796425,4.017021115872019,64.65465765277403,88.10704469239208,2.149777520123314,63.88553242611434,89.04895490702722
1728,-13.57467894604327,-65.49733705253796,30.309622872433284,-13.79168364996334,-63.543198591405975,30.606244000027814,4.324297739644995,65.06441263447205,88.14414630827322,2.305855454358635,64.28216578511594,89.10519042534706
1729,-13.117933906060392,-65.72319353822247,30.300208314693858,-13.33386590639986,-63.77276485054247,30.592135300599722,4.528115132683248,65.30754352625613,88.21852152235763,2.363616571877425,64.37137271380018,89.19400965063734
1730,-12.657738241505463,-65.95011282189162,30.281914969795196,-12.877318505825063,-64.00130368608423,30.573577090372087,4.284613545979014,65.51882143851562,88.3272305243016,2.258329612924047,64.52323675312665,89.30187978262097
1731,-12.199514229787008,-66.18106647492837,30.256214121834358,-12.42544175238695,-64.23066880497205,30.553049603158076,4.010807897166757,65.81338290221515,88.46078931739589,2.2542237864465977,64.70900537525291,89.41899424536263
1732,-11.747211817004086,-66.4141313196627,30.23114441760036,-11.974565732595801,-64.46313926903895,30.54157551082081,3.4158862012405726,65.9210099193446,88.60308618930789,1.805750248897571,65.03742500487847,89.49202933584982
1733,-11.303156092001197,-66.64628828397464,30.215399298986124,-11.531820514768155,-64.69166278950111,30.537969967426,3.1725673596545114,66.12715387556568,88.71212398684494,1.5814034192054296,65.1689902045158,89.5470909120688
1734,-10.861401962774687,-66.87833044127892,30.208265825679973,-11.087710268415695,-64.92134923847834,30.539600935094498,2.5192952539145135,66.49227702298745,88.80725679487905,0.95797084523359,65.36853548361198,89.59853394065291
1735,-10.417842158682658,-67.11234087657321,30.209534425931352,-10.643131514560583,-65.15542073138448,30.546490754509325,1.9073691219097426,66.49005420718399,88.8651028311269,0.4978366521040846,65.4568861878105,89.6252164469019
1736,-9.976349980239837,-67.34855570394326,30.22106746424582,-10.19848866564238,-65.39559768503955,30.558612973514283,1.0725086601005538,66.65667182767874,88.9019628145408,-0.2536279808484729,65.53653053822892,89.66193608385595
1737,-9.53534272333417,-67.58241960228983,30.24232264655667,-9.755038565337284,-65.63336869285347,30.574734583517873,0.004573620334204387,66.75546666642646,88.91938035367247,-1.3292443936573544,65.59168211565479,89.70229126947463
1738,-9.088944944767258,-67.81356587435837,30.270963714370975,-9.306957760031052,-65.86825703887799,30.592667189751356,-1.1956386674742787,66.91292284644736,88.8965214026219,-2.2940293522764947,65.78405557412117,89.70880330471658
1739,-8.637462078117919,-68.04370348261469,30.29197948422636,-8.853522635754668,-66.1035383772108,30.601387575913762,-0.8427391884952268,66.66746776945546,88.87630750225314,-1.3319538464569671,65.56680518629844,89.69733817362139
1740,-8.18201360534882,-68.27793864724762,30.30600014180281,-8.400118444950383,-66.3384728386587,30.60449085066617,-0.5556741530739808,66.5170100015493,88.87519595945135,-0.524354441063464,65.39131762552321,89.71197264804712
1741,-7.728528369239651,-68.51537295060282,30.314006994778907,-7.948126821832418,-66.57419520821836,30.603927913354745,0.3080730018693071,66.53825596324722,88.88579694441144,0.4832375970796796,65.58225492638785,89.74195101058288
1742,-7.276711375955857,-68.75436156560109,30.30928168991821,-7.497966486556613,-66.81171601196513,30.594126788480743,1.2262429032900954,66.60605363102948,88.89488447465318,1.4044024672438953,65.72741712006618,89.75352167998447
1743,-6.825350059130655,-68.99246556680696,30.29528671756603,-7.0481984342928605,-67.05057635857719,30.579427259150595,2.366173209254525,66.76559185516133,88.90698003854598,2.068432563654607,65.97526076715361,89.7842672917157
1744,-6.373869047919089,-69.23023182356837,30.27644015591803,-6.600088794208536,-67.28673033489613,30.565048008663602,4.09806653401136,67.10133429442897,88.91844470277172,2.956719452153569,66.39646573799848,89.81343538893547
1745,-5.923809799803776,-69.46584103459399,30.24952613661687,-6.151899173517711,-67.52057624814192,30.548950732850354,6.103285986352102,67.36113556439457,88.94429803164974,3.940785929280278,66.76639783550932,89.83741499556858
1746,-5.476188582990361,-69.69669352586394,30.23300735601458,-5.705757699940397,-67.75012667993887,30.54496256520678,6.8605574383039105,67.87871574017315,89.00577976931102,4.718463210941807,67.0743441018294,89.89032887565386
1747,-5.029821869803515,-69.92417729199784,30.227070703718734,-5.258593081042197,-67.97711217123042,30.550344205487736,7.584825478273591,68.40661033216699,89.06654847563077,5.340028122195095,67.3298223475769,89.95177174468081
1748,-4.582391205069941,-70.14677342130946,30.23096545802487,-4.8097192636503605,-68.19879311934945,30.562635131323923,8.017708678682265,68.77974620088034,89.1440673348308,5.784710450804054,67.65656319063204,90.03668366622057
1749,-4.131537733411154,-70.36826900019378,30.243604694484656,-4.356456137896867,-68.41977960513464,30.578781099896094,8.659369451918998,69.12205767792892,89.233228513599,6.548565722416855,67.87220723314482,90.11291432538616
1750,-3.684307457154483,-70.5870733136825,30.26411520133991,-3.906156399037022,-68.63816171677392,30.597727595774,9.473691199782838,69.3963117469746,89.3231696704042,7.3237475492183215,68.07819527592885,90.19866629258554
1751,-3.2399642242305604,-70.80613378144491,30.295108105535206,-3.459772803497709,-68.8556642521851,30.621195774479336,9.882998087339129,69.45941477986577,89.44407578103663,7.726521135690994,68.18434340896593,90.31002721755961
1752,-2.798107571393616,-71.02819890212086,30.336427199437782,-3.0156355383294198,-69.07681373044859,30.64928977651138,9.740743879614543,69.51517118335612,89.6216953878258,7.551695745267575,68.29342037264664,90.4811624944161
1753,-2.3536676726859223,-71.25562746065492,30.368339549870328,-2.5689739634455564,-69.30345116033672,30.667903561778473,9.616257997137245,69.74980581769807,89.76931330921916,7.428904847042044,68.63755287338054,90.61234532391457
1754,-1.911621049806596,-71.48447071313359,30.390444813131424,-2.125692915604306,-69.5331148054642,30.678430649193263,9.67906210851245,69.8104382983938,89.92530760466852,7.5948238709449205,68.67283243632706,90.74854656961786
1755,-1.4678662022508844,-71.714187949756,30.40380099858634,-1.6806993773738712,-69.76369842742034,30.683891430474375,9.70079584123356,69.95347054606526,90.04569718103103,7.621804414108386,68.93461322867316,90.84172423651869
1756,-1.0256299408242473,-71.93952203252886,30.408283700347766,-1.2377080289243083,-69.99041993939197,30.683167220920247,9.479775540630998,70.11125350858924,90.13603918133455,7.709134695068968,69.10408929578323,90.88322119028436
1757,-0.5805705892506645,-72.16504026664435,30.402646123437584,-0.7921227762880558,-70.2186375016473,30.677389780455616,9.085921393164076,70.1329627215597,90.20716673966291,7.703866469731434,69.07863511553299,90.9174518857101
1758,-0.1307515246270463,-72.39123288421254,30.388667136763683,-0.3433332810287824,-70.44481893940639,30.669590976517675,8.74425329257018,70.23943427282174,90.27344170864355,7.553069764971013,69.12780812420263,90.97863828530433
1759,0.32221347144952245,-72.62001407159035,30.37877014968574,0.1089555280379001,-70.67334232697641,30.675313810666687,8.940209768709863,70.66386838749195,90.2452482321874,7.688883235774558,69.64260262253995,90.97779627983871
1760,0.7718772129098384,-72.8457418116453,30.380952568548587,0.5589910747366492,-70.89964472582197,30.69143639951446,9.172686778230126,70.89255221540476,90.2225970483389,7.863511461325455,70.03502913113884,90.97889959418319
1761,1.2237223180420167,-73.0685439890208,30.395485559148515,1.0080006817595724,-71.12300249907446,30.716219710116825,9.105594787322005,71.27595361402392,90.16366179848069,7.854120614581314,70.32901181800266,90.95685034821425
1762,1.6724777414226935,-73.28978514765294,30.419625798459748,1.4555877761408458,-71.3441918322377,30.746175873830726,9.169562861170846,71.47421114633542,90.12305331804289,7.916943274442153,70.5369677040458,90.9509556079252
1763,2.1226473270330306,-73.51709051472268,30.456806700477756,1.904534083636495,-71.56882795404552,30.783158935337486,9.20525890475527,71.64004425820004,90.1251350020189,7.993011304809027,70.62031094019234,90.97218891483462
1764,2.5700152366995344,-73.747729176496,30.50794447412704,2.3515869402129286,-71.79703893255255,30.826872995349223,9.107944164863952,71.89720950950402,90.17055865421925,7.79128409364089,70.65196028613948,91.05179723530794
1765,3.0127435657306445,-73.98551002911105,30.56944047675844,2.796230875543677,-72.03201263319367,30.87341697158095,8.89486743244915,71.93471969042389,90.19380784078774,7.316804435849187,70.44194258394488,91.11716680080794
1766,3.448062453438451,-74.21873230873396,30.619311851255187,3.2345915735600306,-72.26382943329227,30.90693521270321,8.428772065708763,71.61385723267028,90.25294289733743,6.8482369590848675,70.24239988574624,91.17407116260263
1767,3.8870241406711727,-74.45180858506622,30.658981904454063,3.6746656945037177,-72.49690697911912,30.93183023009856,8.042628830846324,71.09214044459188,90.3221589270878,6.656528564389927,69.7815559357824,91.23483825057656
1768,4.326432466259704,-74.68742340218343,30.691071538336857,4.112239231500488,-72.73364719818849,30.954116787976734,7.6684059337563095,70.63465765414624,90.41448187120683,6.374876852637038,69.48181384042576,91.29013438264519
1769,4.757411754357346,-74.92022199847634,30.720306661075565,4.538362883121121,-72.96634041287453,30.978834236787947,7.152375168870662,70.12195618071136,90.50113996732247,6.0215729547171515,69.13491113199545,91.34332105481006
1770,5.177924918626215,-75.11266315296307,30.737830467050635,4.950825686599528,-73.15735086205127,30.996451179836814,6.609341346712564,69.7055719341573,90.5657680429945,5.696076956182567,68.93978362205677,91.3872168080984
1771,5.598833637317053,-75.22736349446309,30.755013835901416,5.359874703095458,-73.27008567147445,31.023072172206717,6.4891978857266555,69.39647614065825,90.59240976440152,5.6990950122149195,68.92305167169901,91.42603603734176
1772,6.000082757500319,-75.25236292414039,30.775698573908645,5.751898204913709,-73.29698356879314,31.059845615703065,6.538261848327782,69.41743222368545,90.61895222844734,5.661539698699966,69.05155867441374,91.45002970068133
1773,5.639352899362867,-75.30659339062461,30.80669170707606,5.3970126763005535,-73.34763199993033,31.101524044694113,6.5020563930073685,68.63805917239826,90.63858022786756,5.774408120206832,67.99472318262926,91.46371155897018
1774,5.9380092127122825,-75.19366054221379,30.8478551979418,5.698176644534538,-73.23591612330297,31.147467011227672,6.1274512655074265,69.43636454453836,90.66123761549296,5.520520438513217,68.80216746145192,91.49344899988452
1775,6.162604214005422,-75.05035307490101,30.89898053421365,5.935978584710964,-73.0818056587752,31.199099212310813,5.67544066195645,70.20105476083023,90.69049097786953,5.19685989107847,69.39906576384062,91.52828628148758
1776,6.321381541238564,-74.89944562414702,30.95539269314779,6.11100841425502,-72.9063038554482,31.253990247805785,5.029445771407561,70.9653774753574,90.70595611834537,4.859331097458349,69.82449849776667,91.5535325543593
1777,6.433038174293914,-74.75096910586109,31.01805742605508,6.233566806248292,-72.7270337614257,31.30750360507352,4.32970288058937,71.64095822040947,90.70986529278208,4.539352458607835,70.12091840995332,91.56756356009234
1778,6.505970203919017,-74.61626444483161,31.06601715644254,6.310216804999685,-72.55636509689927,31.342811077839738,3.6388800156610275,72.0056067286329,90.71436245251418,4.250708308247463,70.31659971701026,91.57524017624065
1779,6.541890542455652,-74.50061522686727,31.100336396620126,6.342687633840604,-72.40053864053242,31.364764410082955,2.992195165401208,72.2562577878374,90.72592932805887,3.992787139027754,70.4340892951006,91.57796659447888
1780,6.542977365195295,-74.4052422031053,31.12261418139836,6.333342364411866,-72.26419898792066,31.3774884708303,2.987589137250873,72.3509424290522,90.7235431679666,3.759273186462175,70.49250163293999,91.57315571927406
1781,6.517476966633993,-74.33423015956751,31.132792250908363,6.292284229222537,-72.15503412595166,31.383335973861666,2.9589064199321458,72.42137752404876,90.7110099718764,3.5582676058856535,70.50116594733733,91.56266487945868
1782,6.478890098561738,-74.28588660524252,31.1295964996711,6.234055987305099,-72.07389431642332,31.381980600357704,2.9179342607961853,72.46745792434092,90.68953989161064,3.3922335903079768,70.47337610241588,91.54822148610853
1783,6.436856258638338,-74.26019305324904,31.113448815310512,6.169631669017032,-72.02102792362341,31.37535845907003,2.873438852236152,72.49012241474009,90.66308023096175,3.2608337404858547,70.42198500175975,91.53195568908248
1784,6.397240969024994,-74.25267057083748,31.086300503813934,6.109123695949381,-71.98921842423997,31.365705793076366,2.8323059059738345,72.49459988410783,90.63546274560197,3.1601061903316374,70.3635475818811,91.51380353580637
1785,6.355643180507902,-74.24284821787383,31.066042040562014,6.049228497082933,-71.95034608525631,31.36234158486595,2.790053924610299,72.49963521231842,90.61467046430603,3.0707838174224698,70.32732581617321,91.502396027638
1786,6.307759287027205,-74.20822792368523,31.053717756456535,5.985955780208738,-71.88043075280504,31.36439838017671,2.7943944388179878,72.41721393945222,90.5995095756008,3.0526386037170905,70.18282783564746,91.49488203023847
1787,6.256901063674298,-74.13844655519306,31.04807465560225,5.92117343573581,-71.77464839548405,31.369398687308102,2.8338430874493175,72.21373458007577,90.59230973909288,3.0731639991099517,69.9040186240033,91.49418023443955
1788,6.192002110070211,-74.02930275979097,31.04640769208932,5.838369244432318,-71.63381413320755,31.374791543875542,2.9596706331582046,71.96694334229724,90.59368236179978,3.2040111198251524,69.62450931156769,91.5005420306172
1789,6.090502940859243,-73.89098416615705,31.049512871538596,5.716802824284721,-71.47589284706277,31.380594001724738,3.1115903953395287,71.84048451884517,90.59869196067976,3.327173546237993,69.56249148695143,91.50351107273745
1790,5.929782588809983,-73.74306145697575,31.05683272476767,5.543036743586952,-71.32800784422803,31.38584436660193,3.1615721425519676,71.7360408168017,90.6154319980598,3.2553218255981937,69.51624644727542,91.515619720941
1791,5.694381001965817,-73.60942518993238,31.06917730836934,5.3145126345966744,-71.21167884374114,31.39210219387367,3.2583779903291634,71.62802737270624,90.64419786877865,3.2400325675264443,69.44069472923115,91.5383345361984
1792,5.395379917554494,-73.50976518674352,31.075748395292905,5.042152556672249,-71.12853088711132,31.39275441985889,3.3332559576322116,71.42589963807573,90.67572572587865,3.1697775480742223,69.22836863796753,91.56540261000077
1793,5.059042857337297,-73.4347609043586,31.07471118379413,4.742636560117709,-71.06145403440345,31.386754174241954,3.185961783056248,71.21544826734367,90.71601676891036,2.9069654990537086,68.95804238356514,91.60236492101191
1794,4.699645541577429,-73.34964545828882,31.06803472234179,4.425391232476272,-70.98038946329785,31.376572172426094,2.8605937484256487,71.06728038687474,90.7605078955573,2.5944092158942125,68.73218043174485,91.64413299477388
1795,4.334480219625673,-73.22993981120067,31.057795992871235,4.096312097159521,-70.86745690940604,31.364298188724913,2.4512417666455693,70.98525486823748,90.81049900232328,2.362877301928698,68.6597555715902,91.69174509677303
1796,3.972933331733837,-73.07005930194786,31.04229105198036,3.765258085332487,-70.71965775238304,31.34985844128139,2.2721934690419796,70.42875393812282,90.877241464039,2.4346780490266107,68.03456840291618,91.74888805954056
1797,3.613303595666989,-72.87850741928736,31.020505601904013,3.432366116927076,-70.544317327233,31.332143419021616,2.202639138123976,69.87106119473779,90.94103504805408,2.4945400278741086,67.45641950416717,91.79923303417588
1798,3.254565669944986,-72.67096436006729,31.000722834534553,3.0978138268202766,-70.354465928038,31.322933267706013,2.2633712372002397,69.11505155951201,91.01069073567561,2.7668308679953517,66.68260476788944,91.86172472755159
1799,2.8894736852957843,-72.46069272379191,30.98860003984836,2.7541491646308303,-70.15640829879405,31.321220664128642,2.1833972821205263,68.65924357160925,91.07669453190984,2.684065550665178,66.35433370585567,91.91769815349996
1800,2.511180654530923,-72.25689133883542,30.98491032049971,2.395237190291348,-69.96135115464874,31.325245867336367,2.3325446758903077,68.358048004686,91.20059023841904,2.6894679623225457,66.27844524016514,92.05733264371152
1801,2.120344109767126,-72.06431987412256,30.989343090523437,2.0236757648815598,-69.77471711753682,31.334140637556654,2.7361862206058714,68.10950975864058,91.36544845099982,2.941476198652803,66.2923871722192,92.23648119721078
1802,1.7221764649048872,-71.88263882901002,31.00238021620464,1.6403910257644292,-69.59768796326541,31.34721768117295,3.1456004201325545,67.81409005635524,91.5323683962087,3.1843308312932312,66.30986561404607,92.39618892768188
1803,1.3191601440282654,-71.7010141744706,31.02468824782193,1.250945579170727,-69.42191729297885,31.364381802761105,3.302994015312021,67.84318655783271,91.66800621958075,3.2755370960656913,66.18732644017503,92.50390989674908
1804,0.9170274843859707,-71.51047398702269,31.050388045064658,0.8585399717440722,-69.23858287576118,31.376467878333255,3.3814651454406914,67.95863355127133,91.8240463465877,3.2792454804591378,66.13991398107544,92.6214552364648
1805,0.5146899062261151,-71.30261444825958,31.070439809151534,0.4647277838204742,-69.03756107243964,31.38420742259832,3.2770084917988034,68.30633439162538,91.97488841553239,3.2743125494738545,66.1326736782158,92.72825262855092
1806,0.11039575655793654,-71.08419423199967,31.0822589320111,0.06861202851706577,-68.82223808673949,31.38614553696445,3.221980855715092,68.47183300359787,92.11087514019871,3.0194035104129187,66.15147682761206,92.80203941688322
1807,-0.29337314121606034,-70.86236625233201,31.086971458430575,-0.32759383706893175,-68.60147216067129,31.384673092669825,3.4547047735592527,68.61462984180106,92.22880360596015,3.285311926188947,66.32286031841326,92.93058993781804
1808,-0.7037208963756791,-70.6405266968058,31.0840504857497,-0.729502061823085,-68.38060547753653,31.379690544832624,3.369213153925229,68.99428860794943,92.29669190004952,3.3023276234452132,66.85479299031132,93.0294917423661
1809,-1.1158253905282782,-70.42353746754064,31.07466279029344,-1.134310297876727,-68.16761247644857,31.372805823931387,3.2782177872291016,69.38975826515548,92.35298606823554,3.350247719174812,67.3029480582778,93.10910272487958
1810,-1.536776413112467,-70.20531462164227,31.056347253373744,-1.548180236787268,-67.95389415826887,31.362058470421275,3.250914696493069,69.98496324778557,92.4232091814552,3.369352765281742,67.81172802640543,93.17299809485525
1811,-1.9605572964819804,-69.9891320286644,31.045199788644375,-1.9653455909941313,-67.74393083922367,31.3609944224468,3.246979874855458,70.5818579370064,92.47148889739678,3.3545546064958627,68.27499981704234,93.22488178872459
1812,-2.3845371178230517,-69.7761519613186,31.044553747698185,-2.3850463527150882,-67.5347682327249,31.370594814268724,3.0678189524775585,71.12309128817076,92.51068155954812,3.0908431737906614,68.59887268051199,93.26605894402857
1813,-2.8071391563578114,-69.5622734871421,31.054575959116324,-2.8043567859819074,-67.32251627104978,31.38786699456912,3.1360225593509323,71.69602264765574,92.56874325934008,2.9735939942906997,68.92028018826358,93.30953451499128
1814,-3.227385176538296,-69.3447508813649,31.074704938317716,-3.2190205241995247,-67.10477984378198,31.41164757633982,3.293569148506899,71.87454544411254,92.62084522008185,3.4656061226721375,68.79231377863596,93.41222385582641
1815,-3.6478916030417383,-69.12413930118443,31.10408000167876,-3.633843450215235,-66.88467839934955,31.439099086745117,3.3201496044083876,71.83144757767805,92.70074791702554,3.4745927987877834,68.76740657182803,93.5257996909514
1816,-4.066776725649945,-68.89887661656257,31.143542902376502,-4.048640963796447,-66.66310928995715,31.47140583695793,3.0975388331531204,71.8066011818122,92.80505933518572,3.171694213242177,68.79757951156725,93.65201566190987
1817,-4.481984857002083,-68.67397116112417,31.19167812071065,-4.462930790615568,-66.4388100440308,31.506358765398907,2.894696023984951,71.64694217409473,92.91518510721876,2.945987881000737,68.78320557113369,93.7617837252107
1818,-4.895559498475037,-68.45141534702029,31.229633069246685,-4.875459157225494,-66.21721571145923,31.530042808952786,2.9131060255874734,71.71279560174628,93.10106844824617,3.048896332348862,69.14324202256225,93.9568606229358
1819,-5.312193718595696,-68.2296384813836,31.25318415453727,-5.292533721948928,-65.99527666279835,31.541125835135215,3.1508060383880054,71.84662303957184,93.32939396977144,3.184909092616421,69.48587238001399,94.17098346036353
1820,-5.736275878204775,-68.0099754451519,31.26866563739997,-5.7182894434652445,-65.77363569078184,31.548289194720976,3.4725105637814835,71.95912709292995,93.58689111287319,3.5023179962519624,69.78944775998492,94.39377454573135
1821,-6.169088337499576,-67.79923251164927,31.281301319252677,-6.15096385266261,-65.5597769296124,31.557641803491357,3.5177517602645225,72.0684654471313,93.78233812102587,3.960556330366068,69.65329859078587,94.54970965994927
1822,-6.604901584980437,-67.58878116512744,31.28546909647609,-6.585821568081858,-65.34885571198376,31.561327106102627,3.828257204414014,72.13932109777961,93.98473630442642,4.314015614333814,69.55756293681448,94.71816416878838
1823,-7.039777536635419,-67.36995393194765,31.280284125002648,-7.02110818209397,-65.13177872984988,31.561029736922823,5.094162193302202,72.18761051959095,94.21747136108074,5.620281864080722,69.48878040366085,94.93000736492927
1824,-7.476651324328257,-67.14751332092331,31.275050256400423,-7.456822874414949,-64.91292043866228,31.57010705538565,6.502886335955168,72.45298868702305,94.48305825560415,6.881160555686285,69.70284754935389,95.15224888178236
1825,-7.909876380465465,-66.92181924401636,31.278944376458153,-7.8857103919242375,-64.69302102490758,31.58699054912321,7.5944037260475845,72.32309583798158,94.6825884608803,7.722005338569171,69.71167163974548,95.34495596664003
1826,-8.348439607880968,-66.69404806933399,31.293329737369852,-8.321470321411677,-64.4685094259413,31.610555008989408,8.721328572300546,71.97818524136251,94.85228467816263,8.502263174364646,69.47421688485332,95.51373383479
1827,-8.78732232021342,-66.46986165291611,31.31854971536996,-8.757758131605753,-64.24535163218778,31.64075032865219,9.922750700667443,71.48745008588162,94.99945871603335,9.439148087215528,69.10267869698393,95.67064092365828
1828,-9.224466203117245,-66.24652379310677,31.35192164450916,-9.193436582266758,-64.02067124860433,31.675529483861883,10.79356098661896,71.35875979358299,95.16099489683283,9.927097857133361,68.92315542001894,95.80095454169367
1829,-9.663078230340737,-66.02721589385534,31.396573003536695,-9.6297698877746,-63.80123270070783,31.715481382670916,11.666061786622489,70.5765929823696,95.30275160382543,10.305154191312987,67.87104267619982,95.92120946997078
1830,-10.100467719502744,-65.81289567304256,31.4517438193701,-10.065761208151535,-63.58653546858462,31.759004590512642,11.683755655421683,69.91226420707453,95.38600527051798,10.434421840126953,67.19470304360887,96.01512395153178
1831,-10.535919219208488,-65.59473554554685,31.508244945870203,-10.499450848391549,-63.36822907723526,31.80489883877834,11.619294181483907,69.10529195154048,95.4320248955026,10.640707812379441,66.72695419718119,96.08796223493933
1832,-10.971040496287904,-65.37004558767518,31.559889667140155,-10.930214682439754,-63.144888414650985,31.846624526820587,11.39152047192972,68.4193813927444,95.47015236245636,10.41688876396353,66.37026748337699,96.14657326821617
1833,-11.401436680426828,-65.14556608886829,31.605917234306474,-11.361782582976668,-62.92059034229538,31.8841973578975,10.917898770290902,67.11438626542953,95.48027965827072,10.00374795298525,64.9763048660161,96.16537736728206
1834,-11.832593384997375,-64.91991049951052,31.647050445299225,-11.794787659641003,-62.69395944999978,31.91890452906962,10.316943679214365,66.080797936637,95.45484397525193,9.804605130565005,64.05361607728886,96.1515659422363
1835,-12.267966526067257,-64.69811922966713,31.684673206773933,-12.231102786333741,-62.468739058292165,31.952021680484965,9.681986825033105,65.16496363758024,95.38131761082315,9.32979619312772,63.60842918660681,96.08173042947224
1836,-12.706583596532823,-64.47949115363346,31.7177725898022,-12.671276365265625,-62.247620389296095,31.983593609397612,9.34117685659013,65.16613316379792,95.33489632495481,9.339257902688654,63.628163451417215,96.07884308555185
1837,-13.145046878618961,-64.26007270133088,31.745685742166973,-13.109841788481479,-62.029262636975886,32.01332760668406,9.299534119149794,65.16543767439029,95.35354690838167,9.590104231741815,63.803835997048985,96.16818521208033
1838,-13.588318794462081,-64.0398082946045,31.771113867019086,-13.55316900660531,-61.81103463512573,32.044665983670896,9.090504318473718,64.94606825786542,95.3613343272455,9.663523639821289,63.71520353660685,96.22315999177634
1839,-14.030324066556293,-63.82071081082428,31.798529186283915,-13.994007145568082,-61.594116224168374,32.07711774075932,9.31537769156345,64.57324985176099,95.37614624166615,9.942983499441937,63.43885008988062,96.27581752712415
1840,-14.469195000300147,-63.597707085031125,31.829890582142955,-14.431117586573729,-61.37572281261385,32.11206993793785,9.51442737001739,65.18989721017147,95.38996592956195,9.911525296872627,63.491577004362306,96.28668216641738
1841,-14.897911388517779,-63.37401391248557,31.86322034809253,-14.857671040102824,-61.15523760877536,32.147720173719314,9.52382715651056,65.694672721943,95.42747540921617,9.744175950183715,63.57596505853282,96.30053639981455
1842,-15.328457559320542,-63.14690036527173,31.89805890344765,-15.285430888324232,-60.92832458726038,32.18334184345079,9.564681697628664,65.89631118472097,95.50039862811266,9.332266602513204,63.52137380236811,96.3019206606876
1843,-15.750260021402031,-62.92223145343933,31.935347639306514,-15.70712513777649,-60.699483896285415,32.219683821004445,9.287654563495167,65.83718075673731,95.52302784711877,8.954780763276535,63.47908707499516,96.2869584337577
1844,-16.17871636254111,-62.695159390801884,31.975159123871467,-16.135278009523365,-60.468439614963124,32.25679953194155,8.677524178043187,65.81634853093847,95.45353500670089,8.43694130750296,63.65140932488632,96.23835862565602
1845,-16.60539557538253,-62.469954937346074,32.01437761330999,-16.564959836025665,-60.238434060520376,32.29427570688162,8.263071045036828,65.76314493798746,95.43227370426563,8.159525686946507,63.521525230920226,96.24867392861286
1846,-17.032240355013712,-62.24743363226423,32.05354896835192,-16.995454377433973,-60.01226822421791,32.33208813851357,7.399475154253032,65.7718820605295,95.39569326218951,7.52864076726858,63.30049723772826,96.2430824275681
1847,-17.461659205928775,-62.02569306654089,32.092249078242006,-17.427819799568002,-59.79093787352894,32.36992921371862,6.573107854725898,65.68884138816063,95.39507607449723,6.8221608140334675,63.27635569087481,96.2591719996052
1848,-17.89296588649614,-61.801776305511375,32.1304957015655,-17.858852903192904,-59.570013278309595,32.40795939875975,5.829011957087484,65.62845946366026,95.3982697532539,6.227157382452217,63.32754670736356,96.28377384442834
1849,-18.32485276428426,-61.57244286693774,32.16618315022183,-18.29215993243896,-59.34413141576132,32.443392274097675,5.410756234930825,65.76780396261874,95.4337196509665,5.934859435173132,63.51267622948917,96.34067664041908
1850,-18.75772196634884,-61.33916778416067,32.202204069784806,-18.724728067392697,-59.114349399752854,32.47935667918839,4.991106536999907,65.93116968532588,95.47745506313659,5.649123542065053,63.68963859937219,96.38107525857764
1851,-19.187023857275417,-61.10599087189595,32.24122706860338,-19.154269218896644,-58.88481690484069,32.51831064961906,4.682961831356738,65.91465151848926,95.54913184664157,5.362294181450806,63.78338208217212,96.41398626473135
1852,-19.614888792519867,-60.875012476220384,32.28107429511634,-19.584315642232355,-58.65537620857822,32.55818332193548,4.309234481973105,66.03287983294156,95.60081771532427,5.172689349265682,63.78101918314581,96.46113397188053
1853,-20.04744212653965,-60.64243742394179,32.32166967509728,-20.016493652979012,-58.422485425716665,32.59873635684625,4.137013096750637,66.12281505665435,95.67151888150521,4.891174932313132,63.63387826716239,96.51031102187358
1854,-20.480844253629147,-60.414562238836545,32.36391348118949,-20.448293324624835,-58.194438944884865,32.64127882558796,3.5800444782788037,66.11040062512757,95.69051413585741,3.9300126967671742,63.538845115165394,96.49814151584772
1855,-20.915503260616603,-60.19137454323247,32.40755624335154,-20.879315112130964,-57.970738058945464,32.68527540984598,2.9635999022337396,66.34511042321465,95.67945611131428,3.049787450147962,63.88065298333499,96.45894449226172
1856,-21.343068680323903,-59.970220101115984,32.45383942435599,-21.303773853674045,-57.74768455704106,32.7313825739526,2.126249232317349,66.32456571811382,95.64575314117029,2.2231899288842696,63.93121902236167,96.43455376696625
1857,-21.767837922032243,-59.74735569455903,32.50202982202248,-21.726177788903104,-57.522426239512725,32.77866541047054,1.1563166490967873,66.22562615167665,95.59535919900654,1.3239472508421115,63.885492652196575,96.38632977432154
1858,-22.19156343798867,-59.52223833300399,32.551855603543586,-22.148576001945102,-57.294874725586176,32.82703612151291,0.11306751801817527,65.85070443033409,95.54691314783103,0.4403135051692795,63.41211710280961,96.34991012567667
1859,-22.612987569166418,-59.295409647894076,32.6010347286024,-22.571903544883387,-57.065536663822435,32.87441348887849,-0.8931138271226438,65.54999130247356,95.54330350984667,-0.17557464654860389,63.059005193690496,96.40703916472484
1860,-23.04196610134396,-59.06826999715928,32.65170567879852,-23.00283782866924,-56.83456038761503,32.92274010134291,-1.8676771452264205,65.4050653355058,95.57820318230318,-0.7400529946941673,62.85637364458864,96.51767585926416
1861,-23.46202583179336,-58.849297139069094,32.70171756776678,-23.426403765465004,-56.613002114744596,32.970938418016964,-2.139263679211861,65.32671720172729,95.65020433237888,-0.9598937354854303,62.81055053730488,96.60480463462355
1862,-23.89037166353239,-58.62737366674525,32.75223013544908,-23.858808705703545,-56.39021412803391,33.01979402078411,-2.314015083969033,64.76084082141092,95.78121850953576,-1.1178306273928038,62.51177476666957,96.72722352001546
1863,-24.324731364594008,-58.40797478330311,32.8018700071678,-24.29317476383718,-56.172399502528194,33.068137437090506,-2.432388228597824,64.36410823029289,95.94414241683168,-1.2856554557066877,62.28311437840214,96.87655973127082
1864,-24.757349087481035,-58.18874122364286,32.85122211037231,-24.724131393828447,-55.95556113646633,33.116540660620316,-2.1897306905866865,64.20200204332006,96.15514145958878,-1.1501437676792483,62.33049211449931,97.0341530019294
1865,-25.188251405754315,-57.967511308271966,32.90028845905991,-25.15434102074495,-55.736672646023216,33.16509460072334,-1.876363844695707,64.40472506614307,96.39739362260956,-1.0946106797027022,62.43618770437094,97.20705570245312
1866,-25.62079494310649,-57.744889694433,32.94942287412061,-25.58713027603824,-55.51640258074022,33.21393384096011,-1.8032400643679607,64.6345682990269,96.59308997844208,-1.2968447851056744,62.59044441082748,97.3676284004739
1867,-26.053966986746072,-57.520408980024534,32.998363414538815,-26.019712589978415,-55.29258414582174,33.26322995476709,-1.7471695962103995,65.04430074911191,96.77590512042602,-1.5487612000724678,63.052228212632784,97.54053511786702
1868,-26.486763314099235,-57.29857805760118,33.04733176751739,-26.45233105802914,-55.07063852410334,33.31261811148075,-1.8916318164473098,65.46355562412317,96.97668022005003,-1.8099854655746268,63.55320123654001,97.70512445517531
1869,-26.92055204485534,-57.077334433536386,33.097338390718384,-26.88680928054157,-54.84687790864722,33.36303190001098,-2.278101900677417,66.12045104880106,97.13515115173885,-2.3385216440174683,64.0264303167692,97.82957724103655
1870,-27.35509678386711,-56.85817015487562,33.149170641356505,-27.32169020079136,-54.627680004521274,33.41484393484606,-2.6438680941706383,66.7450850416197,97.24961992590323,-2.7739646496289736,64.37119790239798,97.91834907208799
1871,-27.790579525328425,-56.64189030421047,33.201625321839195,-27.754635673607734,-54.411591641364716,33.467189962178,-2.588594388860427,67.0717795675472,97.36610594857704,-2.260202023474975,64.46054541682334,98.03023805607675
1872,-28.229135398101842,-56.42518749164967,33.25274663667481,-28.19025622665911,-54.19539819224957,33.51679510025783,-2.8909330542735354,67.18492323228551,97.39381092940478,-2.4012215028880046,64.30016510514967,98.04230555372216
1873,-28.666177272161644,-56.20892631909145,33.30344511642653,-28.627265713867406,-53.98112387453105,33.5656398957134,-3.329153150008159,67.12404135491302,97.37231107100283,-2.952996620213244,63.9966203621358,98.00500906403498
1874,-29.107219558685742,-55.990404147521815,33.35161730412255,-29.070760400756424,-53.76141834773184,33.611937263687366,-3.611630638117088,66.70369797475209,97.29347094391426,-3.27149316001835,63.58699465549689,97.93894790972607
1875,-29.548751696297863,-55.77128983210952,33.39798606883271,-29.51389841433167,-53.540583996449456,33.6568161883219,-3.1549712558401986,66.22649803148502,97.24695095492751,-2.552592493188632,63.311887338469965,97.95935348045954
1876,-29.998872484891127,-55.55745004711197,33.43978233900288,-29.966682284435056,-53.32380029071006,33.69782160394712,-2.881631914540519,65.52132409569012,97.20152787884614,-2.5595673584226177,62.8399413091503,97.96974054407968
1877,-30.44465220687162,-55.33999858822192,33.47702072784721,-30.410770251011463,-53.10632788903309,33.73549758063309,-2.641686785431823,64.7448163212428,97.19583311584329,-2.619747978614315,62.32977155394081,98.02045766471726
1878,-30.889822230207336,-55.11561463155337,33.51209102782215,-30.851915670100624,-52.882720497634,33.772295999260116,-3.0230394525126463,64.0651700939149,97.15016256003351,-2.6677139410245783,61.87255431598974,98.046946108229
1879,-31.33297509886503,-54.88912536417925,33.54730256214056,-31.288368079147517,-52.65918874625972,33.809552040375074,-3.1606137954780937,63.54512400921008,97.17235055516488,-2.914421001098466,61.503037460610116,98.08695105518792
1880,-31.77597374243797,-54.660258982005516,33.58034905199824,-31.726516712486657,-52.43384957101902,33.84595752214416,-2.5690675372181104,63.113688179520686,97.23508064837081,-2.5320216874347277,61.162581528761876,98.13092538047356
1881,-32.21184466671307,-54.42918627842108,33.60952024690977,-32.16122039134502,-52.2025336371155,33.87729515286619,-2.0596909683268643,62.859895237574236,97.33834162291939,-2.2197142573831043,60.970020261423336,98.18464408619792
1882,-32.646866430059326,-54.19767485935932,33.635148761042075,-32.59573929542875,-51.96845804499638,33.90450985282181,-2.194559664498623,62.59960697861364,97.40763792270695,-1.8980847031208998,60.84556229162128,98.25313739570197
1883,-33.08133292884181,-53.96761110449109,33.65815326927131,-33.03484981178178,-51.737019219825484,33.928973454804236,-1.9370496145569525,62.5066931444175,97.49415322933825,-1.6823924698338957,60.73593253596324,98.32533733790606
1884,-33.52014284246193,-53.74146063158349,33.6782888222402,-33.47501180151443,-51.51127074950385,33.95088492221942,-1.796452448770768,62.466498312842745,97.56211431949284,-1.725830343436015,60.58635924234582,98.39971658141147
1885,-33.95774016576627,-53.517637542242035,33.696689235483106,-33.91438618183885,-51.28792034199205,33.971155268519574,-1.6660323038660674,62.32794328909525,97.66510804462547,-1.7687910096591672,60.27668215456247,98.49460365075548
1886,-34.395983036523475,-53.2917277837967,33.712885320272065,-34.35205000374779,-51.065584857444264,33.99071963763975,-1.1890101890649083,62.27767096357819,97.76436904532213,-1.5220534701636659,60.14318534413903,98.58423689694716
1887,-34.834873916354496,-53.06368222026441,33.72774297890144,-34.79274524305366,-50.8429285690491,34.01020398537713,-1.2495590951811844,62.304492034182395,97.86892232620956,-1.4971661427744385,60.11703009855754,98.67544794441271
1888,-35.27301938428969,-52.83697764748695,33.743266411478906,-35.23137917586604,-50.61992755818115,34.02985520611972,-1.2473491870015914,62.35922546816374,97.99150563150455,-1.3852298384155166,60.2155119252593,98.79225954058846
1889,-35.71363558928959,-52.61002237247398,33.76335085977032,-35.674290074660405,-50.39243294794237,34.05590933988944,-1.083930714236712,62.40079053876738,98.12453985866455,-0.9989762140378524,60.30539429780488,98.92671790430352
1890,-36.16221380836109,-52.38285098481428,33.788956187403286,-36.12654363284103,-50.164320374347604,34.08779026167907,-0.9662824722614075,62.395821957086206,98.25804837317128,-0.7972009312281068,60.299619447573015,99.05160403354223
1891,-36.60902328987392,-52.15729384949907,33.82231747620144,-36.57536686650807,-49.93854984454946,34.12626178322648,-0.6874539336502417,62.44896211174217,98.39880969323812,-0.6251978002470828,60.310385702664945,99.17656283727784
1892,-37.060731996160676,-51.929837493203344,33.863568801339405,-37.02591267632646,-49.71142250728536,34.16934630837879,0.1034210978368546,62.40898524066915,98.55807996425852,0.2179207845033848,59.99858216244894,99.33785949710166
1893,-37.5098171971102,-51.70284326104215,33.91172587215072,-37.4717579770357,-49.48470207439779,34.21488258294147,0.6431771821518321,62.798575955066475,98.72517267152475,0.8233088739558372,60.465041695061984,99.49568829999093
1894,-37.9620661277587,-51.47105675022463,33.968390604104385,-37.920774095059095,-49.25459690303757,34.26498096137238,1.2989238376297259,63.349187418330665,98.8975477043093,1.2960179678805932,61.1487463270777,99.64809297166556
1895,-38.41261915234141,-51.23721083689034,34.03113548703144,-38.36564323607066,-49.02489502156601,34.31736200354651,1.922396555425955,63.714750570862115,99.06910715133893,1.7209918262615007,61.557879111811346,99.8125392926238
1896,-38.85565898507784,-51.00175040950086,34.0837821217104,-38.80505317986168,-48.79027480397312,34.35809670381184,2.3329562756426974,63.91330294019394,99.22429943021508,2.0600030477041433,61.66245702445661,99.96087455009996
1897,-39.293501416868175,-50.768917891611004,34.127400772694,-39.243004974334966,-48.556763220546316,34.39124440842423,2.553327711638988,64.04944048691522,99.33919994335696,1.9552379689413457,61.58141644415108,100.03996153971252
1898,-39.734120691800705,-50.542602439181884,34.16323844853518,-39.68380061076419,-48.33003707733429,34.42045283963716,2.654090156132562,63.96622148751722,99.43966480443434,1.7177904047428716,61.221119299192196,100.10961936496433
1899,-40.17689219188901,-50.31840614365773,34.19186791116394,-40.12754201795072,-48.10497476186423,34.445964648680594,2.5832833236153863,64.12378156549781,99.5195545464084,1.9872883500531835,60.94021067887999,100.18689161613256
1900,-40.62298223129379,-50.0920079689575,34.21175747635095,-40.57541883942671,-47.8763185816285,34.46572666774475,2.4773800456538893,63.784533649688804,99.5585670967724,2.0937913095244767,60.74007305882858,100.22718307550075
1901,-41.06612582068954,-49.86594988983601,34.22088259265769,-41.021673640944684,-47.64880119816668,34.48047363714126,2.534644523127768,63.33825150604502,99.58909838290481,2.395771195429652,60.745215203558196,100.27458713178473
1902,-41.506932665130556,-49.638536593709446,34.22044391620132,-41.4632782487238,-47.42166213511089,34.49167492201124,2.9175955111878404,62.959975970459055,99.60201781499357,3.1393763070632277,60.704585136661905,100.33083286751385
1903,-41.944319578961924,-49.41364781158415,34.22144528213477,-41.898614178119125,-47.19701234292028,34.50211735166274,3.223028186630644,62.739059745672996,99.58655416584556,3.6248619989589237,60.672384082317215,100.35317028540507
1904,-42.380706982900364,-49.18822232983197,34.232377625695015,-42.331709121057116,-46.97126525887158,34.523097883690994,3.920790699221407,62.827677876360305,99.60463589898598,4.186799548281694,60.91596859171026,100.37840003915875
1905,-42.8161081441853,-48.960513305718095,34.24945663149827,-42.76537392534861,-46.744135367524834,34.5493981355783,4.305039910572529,63.201685362344136,99.57276910744835,4.039663259451003,61.21827917309879,100.33281534783009
1906,-43.2524385318598,-48.73096225971403,34.272738188495886,-43.20334935824038,-46.51348435461182,34.579658562568724,4.466997358038048,63.2433802431361,99.56536324519422,4.068115367876736,60.99683440695273,100.35717666190168
1907,-43.68936147118106,-48.504859398293185,34.30474571011142,-43.64627967538811,-46.28228034661925,34.614138607516104,4.33766582300468,63.38769897156169,99.55981712628703,3.5745799660286397,60.98817766913963,100.35633326311115
1908,-44.13054453588245,-48.27933281787559,34.344537858681946,-44.092482903163,-46.0547048379888,34.65243141409399,4.49074386201434,63.722144435978215,99.58184594231264,3.793428043395732,61.4102969269804,100.40959035489902
1909,-44.57669734726189,-48.052599477921525,34.39244321808628,-44.5417293085125,-45.826122493642146,34.694742994255776,4.245484290009248,64.10446819524186,99.53684757993271,3.916239728403719,61.769020340394654,100.37470479271352
1910,-45.02376724285093,-47.82737101859384,34.438986492639394,-44.98638557566794,-45.60198509553892,34.72854506185842,4.15879465807296,64.43223341340904,99.50925222414811,4.12811215813446,61.986663984495884,100.3466781664359
1911,-45.4733096547657,-47.60578419845516,34.4754171183291,-45.43060020212738,-45.38206525873193,34.753149737768,3.8421699312262887,64.73374096465366,99.44593189008653,4.146364608043427,62.39939254353516,100.28042067602115
1912,-45.92457258933794,-47.383197964809796,34.5014883816159,-45.8763232026021,-45.16005142335583,34.770513762481805,4.056434541724737,64.80568650481703,99.41138659446976,4.303945645422068,62.50380540130603,100.2081198878383
1913,-46.37010387508444,-47.16199898304769,34.51760112989771,-46.31774780533706,-44.93835509943573,34.781517965745714,4.207892019465739,65.57349609255473,99.35352761489278,4.499241387418169,63.10167517232973,100.1740235422054
1914,-46.81361186021257,-46.93778454395779,34.52440388051595,-46.76056202515699,-44.712402631245624,34.78663506201452,5.054863744506856,66.20252765498039,99.30279793633663,5.106862239109425,63.54381380460467,100.14313230540564
1915,-47.248675439423536,-46.71221160664995,34.51999752615107,-47.196713147978485,-44.48842517023205,34.787029672438905,5.277396760128022,66.34965734966433,99.20318984711032,5.32610186140802,63.66422830699885,100.09904089580859
1916,-47.67993553646236,-46.48698847490465,34.5044498601756,-47.62987930007683,-44.264655674324544,34.78348394040441,5.673355709497024,66.47804501427908,99.16796079147687,5.691388121037959,63.752806287195206,100.07735971724833
1917,-48.11462996041247,-46.25967457633582,34.48665461887751,-48.06779515174193,-44.03730571647671,34.77681263019172,5.681510899059383,66.84344293353114,99.15599939543232,5.557916066467264,64.08776969921969,100.09145744340593
1918,-48.5564502278904,-46.02637093202608,34.46813615762551,-48.513368782083525,-43.80474204731629,34.76737081851427,5.818406588299266,67.01955188164015,99.18513339741344,5.481607533570472,64.32864873745582,100.11590698257189
1919,-48.99433148031446,-45.797419204954515,34.45443541668708,-48.95547929531746,-43.57647442532138,34.76333275184444,5.880282178558422,67.46513609061088,99.23218911775179,5.456816611938275,64.67203730198155,100.14159280107799
1920,-49.43367453796981,-45.566752214567536,34.447910814217295,-49.39613838808887,-43.34748240721222,34.76625965457339,5.956211896755252,67.56879145789077,99.27022323798704,5.53418846346642,64.98192788698815,100.17372505588568
1921,-49.8700279310703,-45.340079279449384,34.449302483719435,-49.833487117079166,-43.12189535309751,34.77549112997877,5.466176611174321,67.58339623971546,99.30819128231533,5.251941916160943,65.0589367832698,100.20045048439859
1922,-50.31093077590573,-45.10970818161072,34.45858907838693,-50.272554342557825,-42.892459163988974,34.79051324091482,5.20390861507381,67.83080400491963,99.38501243031921,5.073690476983544,65.2188023035508,100.2543755871411
1923,-50.75499003814549,-44.87772337584076,34.475988570736696,-50.71105207216199,-42.662245066874576,34.809397866403856,4.743260666280932,68.04685192721475,99.45142808272615,4.841079218599297,65.2899578869919,100.29780358876494
1924,-51.19902245318608,-44.645133742298704,34.50066453047709,-51.1536139959832,-42.426610678221735,34.82977369580277,4.513663494558184,68.14227576515454,99.48657433672297,4.559090555209584,65.45420994135686,100.31614658259568
1925,-51.640840081626074,-44.41586409082496,34.5338382319685,-51.596857001852214,-42.191469161271385,34.85362680833364,4.160594782423177,68.24661916056135,99.49725372114219,4.190191443183526,65.568365920154,100.3097699445066
1926,-52.083748615026195,-44.188276113514306,34.56524139952239,-52.040184012240324,-41.96134669293862,34.87422701109703,3.8079198657339477,68.14960982552043,99.52039634884446,3.931866556856963,65.53057992048987,100.32756988712784
1927,-52.52937535388761,-43.96524925536068,34.593568810426596,-52.48431897771119,-41.736506717504774,34.893388180136185,3.389642566089938,67.98398792028928,99.5414952037091,3.728215381911662,65.44410325445594,100.35003847862883
1928,-52.976855606924154,-43.74205571218722,34.618373059808135,-52.92836442353326,-41.51466711429495,34.912096653986254,3.2104339922677063,67.94638745433215,99.55749102669455,3.557133316440995,65.3790239463839,100.3642567935611
1929,-53.423999246198385,-43.51750364992682,34.638759243017816,-53.37374616476324,-41.29094969757111,34.93013908202965,2.9732049721611524,67.72181643611482,99.52625937063783,3.3835429121408356,65.16445036408412,100.34253874159799
1930,-53.866836178838525,-43.293207057526075,34.65696548798087,-53.81401185118858,-41.06929543949395,34.9486582223711,2.85429385118882,67.55044691570963,99.50225064582565,3.3214294842290997,65.00655474041037,100.33565578615874
1931,-54.30708855891338,-43.072577461715326,34.67569469307803,-54.25432849351746,-40.84982535635746,34.96879041727868,2.8222142343424395,67.33981350194323,99.50770118888704,3.294060205434144,64.92734643335679,100.35480665746351
1932,-54.74300021484573,-42.85169045303147,34.690792995436965,-54.69254082437323,-40.63042052090709,34.98705350209894,2.698040250050336,67.0221960549352,99.52818590179493,3.0017114100134235,64.69393667385859,100.36941750828628
1933,-55.18057024960693,-42.62661240478106,34.70815616434372,-55.133954227012765,-40.40787662542121,35.00550432480322,2.4926595279866666,66.93946423984576,99.52760998132976,2.695160592348858,64.7111673322428,100.3739770867205
1934,-55.618456004989284,-42.40001621823449,34.728363565419876,-55.57568216982176,-40.18282770287269,35.02603096952152,2.1958893581234618,66.70209955193579,99.45993324071507,2.32506705044314,64.4542686884445,100.29196432456418
1935,-56.060993525849106,-42.167027695607764,34.75439200333791,-56.02304884625407,-39.94822670469805,35.05388465149598,1.828027173094444,66.36654883760718,99.38298121177297,1.9212720156858678,64.11644819910099,100.20999697570508
1936,-56.50234822798295,-41.93240804759826,34.78430015414761,-56.466633893997056,-39.71011901770957,35.08496792052743,1.4802959082184057,66.24180570672651,99.35294612819314,1.5871628651077319,63.98029270030828,100.17655864578245
1937,-56.94713425625132,-41.69625496343371,34.81675209043154,-56.90984497991137,-39.47126474244302,35.11754141626852,1.1444164521986946,66.03531140510054,99.32166163258945,1.4125231390055062,63.76904704165107,100.1583863064842
1938,-57.391539734858426,-41.46126241521699,34.85174984108188,-57.3517252853035,-39.2358982183929,35.15145635893121,0.8368029646515635,65.83393625862355,99.30399081678623,1.335438491850116,63.654199749236625,100.18662550301302
1939,-57.83831225177307,-41.2238576590607,34.889969242812796,-57.7950139177069,-39.00176479034734,35.18513173234252,0.6499665227774123,65.70247378090446,99.3092591339444,1.169861520248838,63.4941021322989,100.24139559820982
1940,-58.28333853989189,-40.98405800320579,34.9323751529521,-58.236082717461564,-38.76759389747927,35.22199095512972,0.486597705105912,65.50455742923256,99.34172687741204,1.0037164736438535,63.476114821896026,100.31695385588607
1941,-58.724624479756656,-40.744190156247754,34.97102067394393,-58.674196995574775,-38.53260493470159,35.252313098992396,0.39930193512842616,65.65495734113173,99.45679242057165,0.8480761640618122,63.67915703400376,100.4082037092138
1942,-59.1640486948633,-40.510899651368206,35.002035749969025,-59.11497707277649,-38.299961197425475,35.27826998004846,0.2649561097398528,65.98798844300872,99.6152157416375,0.5515583764161193,63.96233632111253,100.52666250832927
1943,-59.60120919737688,-40.281739422275216,35.02784948016905,-59.551506049281215,-38.0698292925711,35.30244905136762,0.2018774683419205,66.29573936432348,99.79665795012801,0.4036795631033584,64.28734879277783,100.68601401170153
1944,-60.034747792322875,-40.05790804462336,35.050903158138695,-59.9840449301023,-37.84480978659489,35.326113483665345,0.01061477461832186,66.96337391108958,99.96470139724934,0.1989981686475065,64.94981228713941,100.80115892465547
1945,-60.44696492752004,-39.836021895634914,35.07270934526537,-60.38872572973064,-37.62531930356851,35.349963200489,-0.17697359736169924,67.81795673192262,100.15521487824296,0.09840007010879087,65.79444212566541,100.96587230986101
1946,-60.80365183353547,-39.5939435062893,35.094624970280215,-60.73470866336082,-37.389691806005615,35.37458431089132,-0.23541540935553434,68.74801602222868,100.33689919786912,0.040932866178433856,66.50327944566169,101.1169316190093
1947,-61.082696049079516,-39.32201094258758,35.129191569178126,-61.00203223668846,-37.12774137191214,35.41947773865844,-0.15521411552384262,69.61236251432132,100.52156229523345,0.06396274347485192,67.09956326477364,101.26571342839948
1948,-61.268520035735605,-39.03490030403379,35.18090004577464,-61.17991317870259,-36.848873926795754,35.479900654339346,0.04179273335815761,70.31688547170187,100.70296301257825,0.17280089367107626,67.59224214011631,101.40950891707215
1949,-61.350886927622625,-38.758178444024054,35.2388475742062,-61.26039994562689,-36.57169603914398,35.542139882963234,0.4466720610796002,70.82227331083692,100.85462685550151,0.3615271002732845,67.97379233811776,101.54090254259559
1950,-61.34592413076174,-38.52245306430386,35.30240985040942,-61.256213299999196,-36.32006238532026,35.608401330300204,0.881743889849077,71.23917295897081,100.96950809166742,0.5959697555816887,68.25343493348024,101.6618347732359
1951,-61.284866868157636,-38.35125077503817,35.37340956847215,-61.19357309271582,-36.1128203304325,35.677629846704264,1.1609043451399728,71.39635576509151,101.10132238951967,0.8429764898746595,68.44070565732103,101.77536714272017
1952,-61.19542382975591,-38.23936167464842,35.437062221700046,-61.09265861584461,-35.955748499196005,35.7273536107015,1.2514265517110417,71.50278925085789,101.17722610992134,1.0838883876804308,68.55225704490402,101.85984715301983
1953,-61.09578518469433,-38.175944770386764,35.49078869403755,-60.9738083185345,-35.84745165858739,35.759668020568604,1.3524387143429324,71.56185706881811,101.23450031678222,1.3058274004801242,68.60423278734808,101.91884432679714
1954,-60.996993978493684,-38.152270376291135,35.524255287874716,-60.84870203038567,-35.78162369627896,35.777889944867994,1.4512939539845995,71.5815199393596,101.27189208652662,1.5032447444962784,68.61038378937943,101.958468707695
1955,-60.90416159438992,-38.16076616006571,35.54033299212741,-60.72200845031835,-35.75418919630572,35.786126109822895,1.5422907984160514,71.57151827973857,101.29184995922127,1.6759214839440602,68.57945035028968,101.98456727157712
1956,-60.82251363844199,-38.19574681182682,35.54401582254754,-60.60203073454727,-35.76337568575578,35.78789199079853,1.6244207341622925,71.53724885087725,101.29526619776037,1.8212842794880326,68.51497508718266,102.00094682151772
1957,-60.888315613399975,-38.13734000241662,35.529204322691065,-60.70654892306546,-35.719549430920324,35.78206464845611,1.5602494536353557,71.59678822463266,101.2800955065622,1.7081940933395265,68.60833951684721,102.0063948712036
1958,-60.841906790141564,-38.211109866319504,35.49583620244472,-60.62591816897231,-35.787402863162875,35.77037332682368,1.6043729253423027,71.52115903349376,101.24627287689451,1.78622114390286,68.49798412975002,102.00320720103042
1959,-60.80962599219553,-38.28702158340266,35.46284382319326,-60.56586036500686,-35.86277851322011,35.75639309488886,1.634181106867763,71.44311387656238,101.21298433756172,1.83830500159215,68.39000120861165,101.99579589305378
1960,-60.76959277222923,-38.35913331298205,35.44016745292355,-60.50028011670097,-35.93360667470174,35.75189022785659,1.6718471664921755,71.36777426042903,101.19009589580602,1.896514121834283,68.29209602600427,101.99655632842256
1961,-60.70075349628954,-38.42193082626487,35.42708577852429,-60.40454498392618,-35.99138942683715,35.75348052331653,1.7391819227100682,71.30262850620974,101.17601510168016,1.9892179811578752,68.2137759623246,102.00132838680388
1962,-60.60293866135717,-38.461144140094255,35.42019545545686,-60.28197115280117,-36.02256532447522,35.75638202580699,1.8369301444898996,71.25981195278702,101.16793695189493,2.112718103303099,68.16526630811067,102.0064808532209
1963,-60.728723609292274,-38.44729708612619,35.41954825430667,-60.42852330742618,-36.015216844178354,35.762808160178054,2.6390519714795646,71.9979555387728,101.17854875946925,3.2643201635328785,69.19688240598546,102.03224828715912
1964,-60.88417300544423,-38.44048721167913,35.42735891583352,-60.59897955434213,-36.00517889539245,35.772941375611815,3.5562584673241706,72.71139232042641,101.19988287409586,4.331135554894418,70.01044436004392,102.06046229279805
1965,-60.69326686573534,-38.47626155675838,35.43906096957699,-60.4054166514944,-36.053394144097176,35.7792282925626,2.5765891845659974,72.2177966118822,101.2204940313939,3.45410321281695,69.56159629435095,102.0800391809397
1966,-60.477980018127205,-38.57217166300008,35.45085162636722,-60.20566574424196,-36.15889401177955,35.77982262684335,1.3831534112592159,72.0553325043007,101.24266152841723,2.5244899452479164,69.46817916327261,102.09523347158674
1967,-60.26498976024026,-38.72807268507953,35.45052651245941,-60.01728158984108,-36.31188560330746,35.771796139786375,0.14072194011180095,72.19103251454344,101.26494857859463,1.7366705483929064,69.58800375696251,102.10667879818918
1968,-60.055512443402776,-38.91758367078843,35.441855056040694,-59.83035027916647,-36.48990482393296,35.75878100212607,-1.1672036001334576,72.49654468585268,101.28334025938173,1.028479025617048,69.7730368440158,102.11299801613897
1969,-59.82184245079588,-39.1125805059367,35.43212707754312,-59.61699820850867,-36.66829768955476,35.74691646536291,-2.4052665156603705,72.77287397297184,101.28530169241908,0.5935383861183611,69.89528175069314,102.10562709948285
1970,-59.54006171682518,-39.283130311923735,35.41687525227149,-59.357160530292155,-36.82265347884135,35.733636535138935,-2.515655863500995,72.86805097281288,101.28638691141295,0.2523988140524738,69.88998005960792,102.10837116109754
1971,-59.2160476905804,-39.40835855788659,35.39322231013443,-59.05756367685146,-36.93983008591879,35.7167585961014,-2.570007284184415,72.8204750888238,101.30119210671887,-0.0355342397243264,69.7105000589641,102.13699812807153
1972,-58.866980216093154,-39.50094275038163,35.37027282382218,-58.73203263221121,-37.034192482469464,35.70150344561698,-2.6703897673048007,72.82012646895106,101.30960510651275,-0.23333287874880762,69.6312265536283,102.1563541781059
1973,-58.50599517800282,-39.592043995233816,35.35030592573215,-58.39297837913867,-37.13056409016556,35.68826211018194,-2.654217964881029,72.66296268451102,101.31254063981697,-0.38938463991080086,69.39726304839826,102.16857293907997
1974,-58.13751289928046,-39.711449581892374,35.335076205409855,-58.04821065169646,-37.25289956324254,35.67745862993204,-2.5379329640099986,72.49267610902622,101.32403945074633,-0.4268977939080283,69.21493330919961,102.18263294990888
1975,-57.766631496689136,-39.875638451099455,35.323348982529694,-57.701884152919476,-37.41297129566844,35.66777070826702,-2.07719026137037,72.12036471819863,101.34093263078347,-0.06006631318126998,68.79332621316773,102.19740602976638
1976,-57.40968277101953,-40.081524322794856,35.312703499685135,-57.36604636893556,-37.6078495341985,35.658448831212056,-1.759760157342421,71.64602419191675,101.36787602874665,0.18400273021514052,68.3607080417781,102.21489636284578
1977,-57.05963547551317,-40.31177475365877,35.30337521160501,-57.03156502411568,-37.822695849484916,35.64842368816183,-1.4371870380984884,71.24714639530859,101.3890585823698,0.4252009348692345,68.08218164984918,102.23031446350342
1978,-56.710534834845596,-40.54775526077056,35.293140666026915,-56.6946517031693,-38.04359986210485,35.63385749184154,-1.1985835080531664,70.98861759641342,101.40776095008188,0.45964255210705585,67.93505533390267,102.26161063239532
1979,-56.352414182700585,-40.775391457101264,35.28001240203488,-56.34830362232629,-38.25848073920845,35.617735246593,-0.9554058839679819,70.60893870938102,101.4350559652044,0.5301393046795705,67.72337009527722,102.29375589371334
1980,-55.97811861373811,-40.99481531889557,35.26359431330186,-55.98489068897443,-38.469634227778165,35.59960655739525,-0.5026953999194529,70.44043627581063,101.48487696441842,0.8246740750505954,67.68033154000516,102.34751563246755
1981,-55.5934210684551,-41.20647890261638,35.243515575561304,-55.60944140646014,-38.67688433613895,35.57899012934594,-0.10722240402413058,70.22492900483662,101.53494382707746,1.0741604388533135,67.54882237095205,102.39663376256009
1982,-55.20652274769645,-41.41608691230704,35.22021247448206,-55.231401443686806,-38.884221635317324,35.556009096786696,-0.09886542810323923,70.39691892763689,101.60611839418246,1.112648739724756,67.67201003278976,102.46542715914119
1983,-54.81226430496986,-41.628923547587796,35.20136245794306,-54.847245887961414,-39.0972731441671,35.542552672094665,0.017511873959516325,70.59502269510506,101.68788312516877,1.2769949416293547,67.7342720654229,102.54249846616311
1984,-54.422751311969094,-41.84449592894436,35.18697416607697,-54.46696067987772,-39.31203889216771,35.53606411640722,0.09390162259237131,70.68595944281711,101.79256534587438,1.4134118278644145,67.71668923354254,102.63861356086983
1985,-54.03308537828561,-42.06521050303594,35.1797065235699,-54.08941491823859,-39.52972626457158,35.53385416743483,0.2897094558959943,70.77980718216139,101.89979263561294,1.5283733370412196,67.77453492174618,102.73943508107205
1986,-53.64603722714216,-42.29110006456613,35.17768229784866,-53.71293434837388,-39.74979728859007,35.533128508655274,0.42770818731949045,70.94631187057931,102.03351871602041,1.5855186507323604,67.8315547275814,102.86271378258508
1987,-53.259439739412564,-42.51675280610637,35.184524370409626,-53.33221928933309,-39.970307151211614,35.538453728236156,0.334625271207608,71.04127137801207,102.16783303365953,1.5384543433431022,67.90470681913877,102.98910742463903
1988,-52.87101068322307,-42.736649708157024,35.19359841284106,-52.94399736160015,-40.18626839597173,35.5396735886086,0.45163102523750254,71.34501552895912,102.2894273001357,1.8111729094434,68.15313123405741,103.07892233647848
1989,-52.47786356731513,-42.95235354336273,35.202384702536364,-52.55065269733256,-40.39885609977927,35.53485431494696,0.6605358137036094,71.44988407969721,102.37714780659826,1.996112789253447,68.30097353074993,103.13367812899236
1990,-52.081255231810516,-43.166389091077114,35.20179645217911,-52.15113208041355,-40.612651446954786,35.52418131336441,0.9598793695762564,71.56861086490044,102.4352633143286,2.4040003281257465,68.40334070772113,103.1584042140218
1991,-51.67928703805989,-43.38269147793124,35.193855202489544,-51.74693451695321,-40.83046937172913,35.510829831540065,1.2205007809140627,71.64425780221246,102.4459094648896,2.6830298446138605,68.35801418035777,103.14730876388047
1992,-51.26891022877671,-43.60470888160017,35.180157622950325,-51.3391078013658,-41.05266592432629,35.496177320361596,1.5365908331392082,71.67130669521929,102.42696658642656,2.9864340617418943,68.32691198281317,103.12015296509244
1993,-50.855453145867436,-43.82966570863471,35.161318440526294,-50.92887241259033,-41.27673006138967,35.4786192130295,1.861561326216972,71.66925089429283,102.36739092930044,3.2063337510620267,68.27430250871494,103.08435979708604
1994,-50.43820181180643,-44.05367621248305,35.131934704832624,-50.51636615154441,-41.49749607990546,35.4562523065417,2.4076384319046027,71.74269126264926,102.26538034525427,3.5980216194828323,68.36427387390232,103.02542957506999
1995,-50.02257677093665,-44.28156216794583,35.10079689324145,-50.106978179210984,-41.72045937178198,35.43228211045457,2.532004974446136,71.55117234269059,102.15717424444234,3.632712274864825,68.25646981416196,102.95778961661213
1996,-49.60377416734375,-44.51317593279261,35.08196132555896,-49.69292532616103,-41.9477573961172,35.42339234169602,2.715948821228602,71.41097697000312,102.07991247861536,3.713809877156583,68.19138975713977,102.93018028316848
1997,-49.18240673738743,-44.74198353992218,35.07515542322227,-49.2759202965304,-42.175570126445784,35.42575123511832,2.695468823589068,71.2545436149077,102.0248643012828,3.751568003067049,68.09270689153709,102.91721475471898
1998,-48.75714498298122,-44.96432560790639,35.07967287899569,-48.85630008229728,-42.399255624210596,35.43746349884543,2.7763341313300183,70.97338339410895,102.0296795827208,3.873571512933576,67.71306793518063,102.96022059591789
1999,-48.32880695751298,-45.18015016939141,35.09591548505744,-48.431242981042544,-42.61902079371026,35.4577492448049,2.6734246849004455,70.6991566070219,102.07250747727747,3.7927659067615855,67.42606552004854,103.02865277576437
2000,-47.90067734120736,-45.39578417128817,35.12591039119557,-48.005325172053944,-42.836778434647655,35.48591549562103,2.5647638104410286,70.27416233440614,102.14858470669007,3.697237307257888,66.95968968372631,103.11595432055185
2001,-47.47529005912406,-45.62008391343242,35.16976333930248,-47.58297595197072,-43.05921253489965,35.520835693695226,2.3004070088170807,69.73898986770537,102.26772584975639,3.6163281825749793,66.5690905805578,103.21538020259452
2002,-47.052254566653346,-45.850473306577065,35.22507594943662,-47.16378264277786,-43.28645980056152,35.56017323538796,2.3319919098484974,69.21321174785821,102.43761093424713,3.6964703074485947,66.08172292341469,103.34754955297844
2003,-46.63185301115447,-46.08711711014139,35.27464674275928,-46.74303940178849,-43.51907427530268,35.59376826945397,2.514383899440989,68.53176886186316,102.6331776979833,4.029322124741076,65.49706291500593,103.516192112885
2004,-46.211813280070785,-46.32317734957761,35.31778264584706,-46.32185744982268,-43.75256615402129,35.62257796608522,2.696955248089122,67.88311075049052,102.84796112789886,4.269489577117368,65.0304058108789,103.68666576652736
2005,-45.78826340318405,-46.556068262490015,35.35409281193544,-45.89929025902314,-43.98272016028393,35.64744077749493,2.8456657570793578,67.46908784818591,103.00207791612186,4.498965914757469,64.6824532368661,103.79307860179534
2006,-45.36472714005253,-46.78317315036427,35.382599541697985,-45.47611372736193,-44.20990524514806,35.66832565629413,3.1967861142020784,67.04571457001136,103.13719812197907,4.778240775840547,64.40631154036387,103.88573570438797
2007,-44.938172696065585,-47.00390794266515,35.4043207612339,-45.05025550736183,-44.43070198421168,35.68659250726642,3.3690974971808094,66.79510241388954,103.24029284690786,4.714409962119761,64.18621816808748,103.94707409542025
2008,-44.50390882659684,-47.2184448130127,35.42076574898526,-44.61687258294754,-44.645214953359314,35.7041759256158,3.4807656539632523,66.60635200092034,103.34909154615274,4.575082321176316,64.07488561410503,104.03167891330992
2009,-44.06596682899269,-47.430627387151354,35.430589728698045,-44.178716793330686,-44.85742659968493,35.720068506999056,3.741411678425205,66.6871350130477,103.41478879859375,4.827646348010755,64.18979353000528,104.09221535088454
2010,-43.62764755924922,-47.64441236913974,35.445818670075354,-43.73797168518141,-45.07116845446183,35.742601324954244,3.8869144327532217,66.88694456169156,103.41081420082122,5.152177805054739,64.27071394174077,104.10659582785233
2011,-43.18799539132028,-47.860764854449975,35.46594859233666,-43.297693001208835,-45.28565695120028,35.76947575183168,4.063384895856436,67.00930475448504,103.42322984182314,5.427204173997486,64.23046181729649,104.17570605191956
2012,-42.749700913923704,-48.08097078823497,35.490075463164565,-42.85967234028422,-45.50350564840083,35.79828188076546,4.441345027461958,66.99972636617596,103.42705104126803,5.961946060414353,64.0366699585147,104.1885472113066
2013,-42.30938224856982,-48.308230073649895,35.51466999017904,-42.42107665229694,-45.73064238443665,35.8254986782073,4.7661524238263855,66.82879952586894,103.48743066259516,6.404336145655023,63.65737095410171,104.28520663655569
2014,-41.87215692823881,-48.53953416546341,35.54483856460206,-41.98857851285917,-45.96126926250626,35.85576543340489,5.272653978937983,66.58923608349556,103.57283855924625,6.721144423643396,63.26552224766174,104.38682367783278
2015,-41.436379740787864,-48.76860618291579,35.58378379332076,-41.55756881614699,-46.18829429273993,35.89150708372015,5.684825996498775,66.51148526235211,103.68805549379763,6.752624965953088,63.24707771950672,104.54207521167707
2016,-41.001652624409395,-48.994890089852184,35.62195493285808,-41.12617599103305,-46.41388792498889,35.92064960833714,5.894210471515807,66.2041387906654,103.79633230360314,6.868221664592989,63.09688578595303,104.64936624244625
2017,-40.56786851316117,-49.21820008708071,35.6545979740179,-40.69305990835659,-46.63870861553948,35.945757375290505,6.066136779468554,65.8959082361707,103.9173683234191,7.030795846835698,62.958606653549175,104.71925842029704
2018,-40.134388933619526,-49.44083421837765,35.680916779007035,-40.259617714890105,-46.863683945616714,35.96668114981166,6.125101595531738,65.665508152912,104.01590444463189,7.012936040141866,62.85261648426236,104.80136169869712
2019,-39.69666810969173,-49.6636514081386,35.7005112082109,-39.82184320494399,-47.08899404054619,35.982927868702205,6.084441385754221,65.80565225116075,104.17566976906006,7.169101626335193,63.11928502120169,104.91225158145026
2020,-39.26339319696008,-49.88409940539152,35.7130600404106,-39.385763174858674,-47.31348923467603,35.99528822344156,5.860102948398956,66.29895829359852,104.32105073116514,7.052532833282003,63.61262267343996,105.07255893959683
2021,-38.824030024447936,-50.10981784314665,35.72111142626741,-38.94434088739835,-47.542817512093606,36.007904873301804,5.559026272989685,66.79120583945563,104.41693078890576,6.821658922605775,63.92218673821808,105.15440413697516
2022,-38.3799841215181,-50.338113759929044,35.72488328923188,-38.501990510923314,-47.771584171595634,36.020162382524184,5.528087271606524,66.97349644904051,104.52447699765723,6.789900756131528,64.0269578449672,105.3060933263669
2023,-37.93676134562352,-50.56362878250675,35.73073898126733,-38.06175394728787,-47.99512502547241,36.032397577215775,5.210059410407228,67.2625585566468,104.69299518786761,6.456606219362585,64.12654611334672,105.49595745629449
2024,-37.492276670079,-50.78670401740381,35.7366739084696,-37.619594522560945,-48.21459748583526,36.043108962048535,4.6860489288547935,67.5693106886935,104.89894716798794,5.97465533718388,64.21416850312724,105.68195119821912
2025,-37.048238566751685,-51.00945097147776,35.74587509514419,-37.1779345555794,-48.434111338540745,36.05530811786855,4.338938495360949,67.69527859263484,105.12509748587881,5.6859956403755385,64.03297670481918,105.8883659635963
2026,-36.610539931877696,-51.23538727284596,35.76065223311723,-36.7412589413443,-48.65654648840221,36.071106563301775,3.9253533942597296,67.66351894072254,105.33250992673716,5.528675027187262,64.01563550888227,106.07549773855995
2027,-36.175876935400176,-51.460861406389874,35.77360832022738,-36.30880238554723,-48.879299880832676,36.08203515500278,3.579976733641237,67.4559544321587,105.53425193063433,5.257627344360536,64.03667591408443,106.28838690360708
2028,-35.74273693827189,-51.68339877855286,35.78322663244151,-35.87369107082056,-49.103844569386,36.08983095668917,3.406889738972309,67.281288126015,105.76024814329834,5.144926449565351,64.01371218739281,106.44413277214869
2029,-35.3119677210659,-51.901597565764746,35.78997860224718,-35.44117423950297,-49.32440931509133,36.095253405800314,3.165135581918839,67.1635425884393,105.9165682602801,5.110581264702722,63.93122713966999,106.5588300249655
2030,-34.88136022381832,-52.119599947635095,35.79279019375051,-35.01132583099044,-49.544401369544644,36.09743023103429,3.019428152596761,67.03755226529539,106.01718820792489,4.909884833784492,63.874718693041515,106.63868171147733
2031,-34.45005041366885,-52.34030640347986,35.79089611154386,-34.58030887058865,-49.768728386911405,36.0967456967437,3.096309387508635,66.89717908614163,106.08642156594544,4.846071570988693,63.82172674672147,106.68864617551252
2032,-34.017346605365624,-52.56170680009555,35.78918220756877,-34.14410690841761,-49.99465635651792,36.09970132062989,3.1214118237100013,66.9939595292237,106.10698753638995,4.815861400165196,63.85727041526269,106.72110038995744
2033,-33.57951445921519,-52.78617865523363,35.7872651152267,-33.70356870634888,-50.22163003917461,36.104630005960836,3.1407190355980528,67.08572981904709,106.10169505409226,4.8593645808065595,64.00430538607067,106.73431188267573
2034,-33.14143497101257,-53.01115628564026,35.78736388347868,-33.26507194399442,-50.4463723652503,36.10947852590495,3.2367831954791235,67.14230437225717,106.04870880023337,4.856356688520263,64.10444174031309,106.74191620319743
2035,-32.70420378491883,-53.23747211382796,35.79151254594898,-32.82484579933314,-50.672491016424146,36.11682095944488,3.372684251331171,67.2756928512492,105.99396460736901,5.01425818943068,64.25396001530655,106.73054171059287
2036,-32.26669662023834,-53.46808063142235,35.79760265373155,-32.3869595998658,-50.89787160044299,36.124291554558376,3.4555852473189446,67.62442618174548,105.94315557639369,5.12339320806609,64.61160759814771,106.71647978294858
2037,-31.82761841296653,-53.6955876618909,35.80433716368816,-31.95102496356388,-51.11764699811779,36.12872121382942,4.0157362050908185,67.81843634784053,105.88386806129428,5.705993963447641,64.68791053760727,106.6823091238883
2038,-31.385219787034284,-53.9168990549051,35.8142062746522,-31.51102900305355,-51.33483317144062,36.133105981765645,4.45094558548193,68.25461473130333,105.8374699540307,6.094302166452173,65.08141534756949,106.65763388090623
2039,-30.941622081777805,-54.139605701004754,35.82150491026847,-31.066905661057653,-51.556836873995664,36.13695980913813,4.980116324404536,68.59460816905187,105.79149086585996,6.5528354370770705,65.34102491878437,106.63138989553018
2040,-30.50110073253152,-54.36742004547979,35.82502948258211,-30.62486121649473,-51.78645930446843,36.138767826490195,5.572694643791054,68.71559083617863,105.77661231587601,7.075636278621289,65.36622854237902,106.64149168393544
2041,-30.0663843078621,-54.60108195953775,35.82581226096268,-30.19120821380903,-52.021934611125374,36.13853228152175,6.0040825720635596,68.9562559942125,105.79195083886921,7.228369416739085,65.54288478795199,106.68867735647086
2042,-29.630523050881777,-54.83822283589275,35.82586262572574,-29.753775381327095,-52.26339461664592,36.141096146026214,6.257319362215946,68.96838694082358,105.80186478047321,7.263611270878402,65.43014016630907,106.70163639473344
2043,-29.19317034434981,-55.072342719386654,35.82629264347023,-29.31849677670111,-52.499189337109904,36.14746222066779,6.437610276462171,68.4184592752058,105.82246543655825,7.178081492642089,64.78956194841676,106.7222633472305
2044,-28.751730363367773,-55.30548826589609,35.82951824851168,-28.88134281959173,-52.73155753058013,36.155110675275694,6.452008492691944,67.78738414346707,105.86968311335687,7.368208615720253,63.94129146787782,106.75457090907429
2045,-28.30609694083683,-55.53417396238333,35.83581182978871,-28.437377905289846,-52.95988260869463,36.16338548634073,6.329213288881409,67.02232236317707,105.98271751757328,7.248569309623401,63.40798925572076,106.87144276464194
2046,-27.863450837329104,-55.757459812671016,35.84524080626665,-27.99515738743638,-53.1806553482052,36.17328707282235,5.976563996696131,66.23369304477166,106.09089082091435,6.969444180723786,62.893673479908834,106.95099847799555
2047,-27.42421793971124,-55.9860884185656,35.85890393732816,-27.553645129726352,-53.40717481908789,36.18511035019645,5.327215402275152,65.58191415383423,106.21703047710932,6.495788941953968,62.49977204847851,107.0724040013882
2048,-26.97927785246176,-56.22092336058324,35.8769684483337,-27.109053351646814,-53.63983654599656,36.198906655189994,4.72653907109053,64.83243117588431,106.31158756088222,5.9263679558521805,62.20332989797461,107.16480149453274
2049,-26.537872720125204,-56.458893613880456,35.892145248521594,-26.663015483715817,-53.87931571174946,36.20875176848376,4.197228548825578,64.38399157142099,106.40922195265881,5.494364090475407,62.12339361256624,107.21981263488279
2050,-26.09204462976177,-56.70438802858149,35.90214100845832,-26.21517321222875,-54.12361096562257,36.214278427963514,3.6613401418956397,64.41132017656527,106.49321606236346,5.02362627508143,62.172338757491396,107.257142029346
2051,-25.641024622153594,-56.95163575183971,35.90628792017277,-25.763613280058856,-54.37020575401392,36.21483983441254,3.0571911518482207,64.72586719910328,106.54541058064922,4.792436221605558,62.27146634957278,107.25975251151293
2052,-25.181695178347738,-57.198353362227095,35.901000438450424,-25.304687628718625,-54.61884379840275,36.207283710777766,2.70864476888254,64.94815426726646,106.54193420684541,4.694946163655969,62.373754718911904,107.26707357973469
2053,-24.727796677732147,-57.43647990697827,35.888910137179074,-24.85541716249013,-54.85673359252153,36.195437976040886,2.2884289841049426,65.3336398078481,106.54535809224893,4.320777541030288,62.61430769648031,107.26712065903828
2054,-24.263212281344014,-57.671589997018856,35.875540919323456,-24.39865022781805,-55.09178650521818,36.185273922011355,2.0942357765873236,65.52049515927621,106.5298448896851,4.1012465484167215,62.54863165222919,107.30305180133429
2055,-23.79792358580966,-57.907847821550675,35.859509515286675,-23.942984053510756,-55.32831277271447,36.17545894116003,1.8942901127758454,65.73697805776823,106.52045026620306,3.735284964519817,62.552663469698636,107.33654757211804
2056,-23.337124523635094,-58.14252984669342,35.84383556190737,-23.487824552067387,-55.564277101910655,36.16518155731153,1.650066980490277,65.72703779301793,106.52905468669499,3.4037640404231615,62.38974831608373,107.37101722865862
2057,-22.878542525555385,-58.37998575468708,35.829513237276174,-23.032097083844803,-55.80250069921617,36.15538578362072,1.4294908595748936,65.68551120435276,106.54908568704597,3.0441632051030765,62.319820697564985,107.40885713594959
2058,-22.419660051401994,-58.61941816114418,35.82036101188888,-22.570455725207395,-56.04341577297096,36.15114838430995,1.1388345699138154,65.59020247367995,106.59551403298936,2.8005755616118235,62.2529677241791,107.44834644610366
2059,-21.961278119060175,-58.857354383059025,35.81388450698809,-22.10976075490994,-56.28095428551914,36.14861154595238,0.7270185213177904,65.72743787598071,106.63088076985473,2.5232632249747455,62.55296006285445,107.46769456805404
2060,-21.50058779122614,-59.090605519216275,35.806474133439266,-21.64722321522158,-56.51228597036412,36.14340289161891,0.603333634421252,65.63812391120138,106.68975011298045,2.395420383730793,62.62947736799825,107.5063034490343
2061,-21.042420521237293,-59.31508608437952,35.80062592788022,-21.190239108571152,-56.73060668972999,36.13910599512022,0.3801141589986245,65.75772661850681,106.7574916649287,2.2496082046311203,62.731558548811854,107.58690632628985
2062,-20.58321085290663,-59.5346456579066,35.79899685350047,-20.7351187445898,-56.943885881037346,36.13753178577441,0.07458889968465998,66.0174042191195,106.81889439801628,1.8271413304543205,63.05870123673335,107.64888982893655
2063,-20.130038241440147,-59.755183104757634,35.797480837551326,-20.284319342567905,-57.15985890949854,36.13163429860998,-0.07755963437417626,66.36400462243449,106.85374558234409,1.668141069691526,63.27512012135287,107.6707572308206
2064,-19.681139048933442,-59.98147638588105,35.79487456086437,-19.835160076350014,-57.384216258501816,36.12173830977677,0.4217134449466031,66.45799756416794,106.85730283037434,2.3515267222168954,63.152706343736476,107.65620250713101
2065,-19.243445012786392,-60.21069611505385,35.78723390996233,-19.393143255896486,-57.6160948305411,36.109212535412546,0.7779974085727079,66.4786017766788,106.87808111559468,2.7380408427714347,62.944447722198234,107.67769358100821
2066,-18.80684664482598,-60.441250101859325,35.77482165990415,-18.951481922810853,-57.85206478300273,36.09476311409486,0.9494832463284458,66.06602104091097,106.93299436937208,2.7139398618409802,62.5301442070314,107.72789973252345
2067,-18.36960315461893,-60.67210429083234,35.750804815893225,-18.507285793365224,-58.09088666306172,36.070004654355714,1.2393117687881479,65.98627000233087,106.98529982711821,2.9502514118397927,62.50095504262388,107.79049549188451
2068,-17.92862909749952,-60.90499322096591,35.71874498617276,-18.06383206860667,-58.327054305829975,36.0410655490486,1.5632853709380359,65.9937049293968,107.01083888683591,3.146177046601278,62.64311803735391,107.85352998302747
2069,-17.485368536403147,-61.13973464198882,35.685752514642836,-17.620936428786198,-58.562469849307796,36.01571913858409,1.8970115709659061,65.57886276924428,107.08078057865212,3.023874296562414,62.42338339380663,107.95891234137478
2070,-17.039712287406893,-61.37149901416411,35.66020713840998,-17.177179715306355,-58.794826874340664,35.99927095887392,2.185739332459918,65.30206040967462,107.18191337117996,3.032902152385594,62.382391796186866,108.06170162555635
2071,-16.59381123179329,-61.60042254530847,35.643138209747065,-16.730873416002737,-59.02355950906222,35.99054828566889,1.8389422745993496,65.24879543030274,107.33345176495561,2.9540038350880073,62.36189758264919,108.17941820848482
2072,-16.141389936912404,-61.83104018688311,35.63340090463116,-16.27851949073102,-59.254162028157204,35.98714127734344,1.4350052320121338,65.36009353115674,107.45797111055316,2.65545641918982,62.47263538751026,108.26704548356163
2073,-15.692270747666768,-62.061689383448005,35.629503413123075,-15.829642795251656,-59.48408529648604,35.986629120902116,1.3037794905611828,65.62195231718772,107.54779917253639,2.4740153169923897,62.51733028964531,108.32405754294224
2074,-15.245334321177861,-62.28994719214194,35.63361365459112,-15.382408526169323,-59.710795711177674,35.99031065100889,1.250349216230941,65.69257452783862,107.57881210601806,2.684464979344421,62.59556487484048,108.31107405161752
2075,-14.797805013325439,-62.517195616654305,35.64589933070135,-14.933496471926247,-59.93525622863439,35.997587862435594,1.24808002572656,65.52944025733308,107.61217653769472,2.9247116421591572,62.496271674294874,108.3178048806374
2076,-14.346990164977344,-62.74369726013379,35.66337601225847,-14.48233954036756,-60.15864573290723,36.00510300324309,1.3297752468071813,65.60030344236539,107.65664024460519,2.9657682035856996,62.40235439153374,108.3925916349805
2077,-13.896772034338493,-62.96853749658936,35.6729772682285,-14.032691044277897,-60.38127710088304,36.00357750677047,1.7443381066089938,65.82466581813867,107.67086599972217,3.5672950756775212,62.6801408719513,108.42853913124503
2078,-13.443458208508307,-63.19308777625651,35.67658087194317,-13.580354453966615,-60.60443618105566,35.99742545844451,2.441681150375034,65.97516887282454,107.68161499678246,4.356294952158926,62.810679792200276,108.48771421322681
2079,-12.99475984656485,-63.416238121136175,35.6744571981227,-13.129286400173493,-60.82951004704599,35.98880739806051,3.3948955580104796,66.09730071380474,107.6747915729632,5.112502098644627,63.007635637668145,108.50073801429976
2080,-12.545602608465716,-63.644177709909194,35.66593609165945,-12.679010770698087,-61.061264110081495,35.97604345552055,4.464765377672224,66.28218930353336,107.66213040811388,5.936367618315347,63.21574214428352,108.48914192924892
2081,-12.093291463931426,-63.873969965877286,35.6482127767752,-12.22901257200281,-61.2935042615428,35.95823868687406,5.418846905728902,66.77444652697292,107.61299509462812,6.791495247568846,63.847215900115806,108.37420016937826
2082,-11.639640587930831,-64.10106237493407,35.621848629235544,-11.776617376078697,-61.52301184029216,35.9371479887461,6.365048347429404,67.24462997300522,107.55216306925932,7.533576697407777,64.15306514769222,108.2858342296295
2083,-11.187189219262086,-64.32362521063574,35.597358258474834,-11.326268803801675,-61.74609794656705,35.926069014394606,7.4499541704379695,67.72196704293766,107.46160832163504,8.176814015220737,64.39303798139925,108.24674797202142
2084,-10.729845051786231,-64.54931072946458,35.5837045211214,-10.869039651005481,-61.972913715349186,35.92432975015023,7.8629747132440135,67.67151690221684,107.37950598765303,8.31970220361382,64.19354222294558,108.20334625616636
2085,-10.271833064544966,-64.77403848234185,35.57926335828136,-10.412755575261277,-62.19743432274763,35.92853323020544,8.162839828694256,67.82581174890923,107.30289493024002,8.580587340986778,64.22691181383935,108.20160541823297
2086,-9.816606842534611,-64.99896059902841,35.58054509787962,-9.958908458317033,-62.4215012655091,35.93428266037694,8.516776069703925,67.92028902250291,107.2351638329716,8.99084625725523,64.2684390915598,108.17573415247251
2087,-9.364766796977271,-65.2247524542883,35.592898317373304,-9.50889744110805,-62.64668108497134,35.94628510643625,8.712920651985947,68.00439397393757,107.19390959425496,9.313006309812787,64.3485872229167,108.16618569615713
2088,-8.911439281518602,-65.4495824801879,35.61689557607101,-9.054174692731582,-62.872274785573815,35.963987422297635,8.65326372907861,67.79224641256005,107.22924899043737,9.399901948502178,64.46669823481233,108.15986509648815
2089,-8.456094094906206,-65.67812919048652,35.6423674940319,-8.598373726931621,-63.1005446732596,35.97379240074058,8.531891711922611,67.62500874020554,107.24785992981583,9.446759509446721,64.42106881360196,108.13849620293215
2090,-8.003755273740943,-65.91158701285165,35.658742997598,-8.14647865571944,-63.33154571642857,35.97577797075201,8.444184074546264,67.40743415061714,107.22966703274477,9.586727935178555,64.30473635766317,108.10530824736986
2091,-7.559526937090651,-66.15022230146563,35.66396129332318,-7.7008322972676195,-63.56862593691102,35.97104777923312,8.536515212111766,67.37897395186876,107.21298133883052,9.571740258108154,64.08855003660399,108.06665293989911
2092,-7.115317602521012,-66.39375215450663,35.66183155103797,-7.254737564040391,-63.812158030231416,35.96469842905241,8.863575454458855,67.237400880398,107.161895337367,10.040629086761847,63.94369124539232,108.02159529939497
2093,-6.6718057571168385,-66.63250915067464,35.653095503882035,-6.812040121535262,-64.05021776846758,35.95419118338485,8.92147182845561,67.04718549859685,107.13851574919629,10.241010935723443,63.766366471227805,108.00219857113869
2094,-6.223310122091876,-66.87402667087967,35.633168931695266,-6.366966174181867,-64.29042675657455,35.93846300378113,8.90524593189435,66.89703611392399,107.07806468865228,10.292545681131221,63.7293270682993,107.94500890703708
2095,-5.779637912395647,-67.10851224209985,35.611125896605486,-5.922281398163287,-64.52505590964641,35.930757749189546,9.128162878478689,66.73551956893763,107.0330572017228,10.499354633291771,63.742839013585915,107.92119805201978
2096,-5.3329580350488754,-67.33503301307078,35.59824252439924,-5.475418209188485,-64.7527976869666,35.93113458708952,9.012214505241891,66.82858490554862,107.02018445200055,10.161400793368465,63.9675540934748,107.9314433830781
2097,-4.883426657571366,-67.55417851070192,35.59715393712194,-5.025926903478217,-64.97456523945041,35.939662818529214,8.762036845519724,66.9470122670204,107.01735964765412,9.805951259834957,64.10286840995744,107.9359161603561
2098,-4.431968770136552,-67.7710655769117,35.606515669290026,-4.575111020216944,-65.1920109336258,35.9542646810474,8.2781342520027,67.48630020334406,107.04417252830304,9.075905471191103,64.67368058205861,107.96978253652776
2099,-3.9872125762295045,-67.98719050371582,35.62432880882056,-4.1287088161122325,-65.40958060317399,35.974124294640056,7.493349393849255,67.91325069982094,107.05744388438926,8.550356450139462,65.02848180782163,107.95951016788646
2100,-3.5407758007052497,-68.21097085241975,35.6532191325203,-3.6813976855173163,-65.63407818818334,35.998516711984145,7.04796158041804,68.31710024138273,107.04547781793507,8.428250672036471,65.20206993462533,107.93494126968594
2101,-3.0935381919768514,-68.4364563399211,35.69399380565627,-3.2307596014517412,-65.85909042386514,36.027398264186516,6.628750262892398,68.5613035120704,107.0600291555761,8.252512375518958,65.21528926947013,107.91376122057324
2102,-2.645714261121511,-68.66797482489558,35.72832002739314,-2.778269532157425,-66.08895957587913,36.04728955561017,5.90162099790646,68.65636038566456,107.0957154308349,7.842895531690691,65.05944822431054,107.95105293850803
2103,-2.2024330170699358,-68.9025778240578,35.754395049489936,-2.333701734643948,-66.32209513220799,36.0599205364435,5.2762327386764705,68.60845465195032,107.1059089599609,7.153232351080929,64.94346840824805,107.97110700267825
2104,-1.7577978057594519,-69.13807316465086,35.772086105135564,-1.8877714864168227,-66.55818967722185,36.06803391800223,4.684594986290367,68.6299502090149,107.12638297979504,6.564951594584313,64.90996935732943,107.99689662777331
2105,-1.312315641983183,-69.37379261206749,35.781043262233204,-1.444828188711154,-66.79392674249694,36.07128539663994,4.288758177779001,68.17502723019538,107.12538565246918,5.946031102782838,64.69800184743092,108.01131906101797
2106,-0.8653213348105622,-69.60991965129152,35.78023825608099,-1.0036078238792419,-67.03002727420996,36.069609412638194,3.9164914222343494,67.77877346881257,107.14918747198016,5.534911714335196,64.50712065739626,108.02190532980052
2107,-0.42505141599122837,-69.84306728805007,35.769808033788756,-0.5679858277675299,-67.26457605094907,36.0640244491251,3.5029963487972773,67.34505209909014,107.17985857785426,5.437855120554369,64.1801572922708,108.02482829578081
2108,0.015102364944222457,-70.07636325966004,35.75876387457291,-0.1284497170004359,-67.4965120791683,36.06760375255,3.028948998872622,66.87438917448188,107.21626733486293,5.196540900128708,63.74544974697186,108.03197338021043
2109,0.4537313346045743,-70.30478169489633,35.75830247321182,0.3144218735776878,-67.72462768672712,36.08048205992244,2.8875357509931985,66.65383830047402,107.24333811653393,5.197318346252393,63.58187073075037,108.08115985112633
2110,0.8974483308541447,-70.52824073744696,35.76834215743707,0.7600106342478212,-67.94664214002275,36.10049514186289,2.908864562375705,66.69865992150132,107.25804708062363,5.062994224842786,63.81929775476722,108.09844583029985
2111,1.3357388375544879,-70.74946924484048,35.787829430327605,1.2018827796359122,-68.1672375023514,36.12576003412534,3.149061222502109,66.69761944055311,107.24965048389596,5.2218773522940145,64.00069755539586,108.09093350165017
2112,1.7718051799411203,-70.97283987512077,35.814995514790375,1.6410504233485508,-68.38903934981825,36.15209670617526,3.3200332649496143,66.80028062094985,107.2446208981435,5.112918222258213,64.10414762490497,108.0839415731737
2113,2.2059751706349235,-71.20229707520765,35.85331065918248,2.076542315372116,-68.61674171491538,36.18395480856598,3.481305592375586,66.73849413690027,107.22721692040984,5.092306573726028,63.94417118441752,108.05781650208766
2114,2.6416102159505366,-71.44409486609008,35.90143178990151,2.5143938935701793,-68.86031522853645,36.219657379884715,3.442938293682979,66.7655977125059,107.20681732133542,5.022534538968266,63.76625178136981,108.02530582824575
2115,3.0742249253168428,-71.69025446438508,35.94171629998029,2.9480681172183667,-69.10652752227934,36.24651437829384,3.529681576362797,67.02689196235171,107.17608330731488,4.968900281343692,63.78875128277036,107.98784134730316
2116,3.504467461580581,-71.93347885416725,35.972878202032575,3.378759981078106,-69.3512823975655,36.26703534079591,3.4930502563345467,67.24468783855522,107.10731334482189,4.951846118566221,63.92064534067268,107.94985216716832
2117,3.93713135517683,-72.1720526893319,35.997034166958464,3.8116933746135326,-69.59129935602905,36.28487251457396,3.345019029002575,67.20820963589621,107.06324061997648,4.667095233879866,64.04587190700072,107.92998141930931
2118,4.378020644356434,-72.40315811416687,36.01239609620279,4.250463166380735,-69.82439906747379,36.29749216450729,3.1837613253755035,66.86985035241122,107.03028226199574,4.684987797695231,63.70407916981831,107.91097733758482
2119,4.820897927626054,-72.63026503421841,36.022714969387145,4.691606463328581,-70.05345946522657,36.306868731770294,3.0382077924720576,66.66741481751119,107.01783122360004,4.480241235816868,63.58764048536759,107.92146172517747
2120,5.258296372744833,-72.85380510652489,36.02884670342735,5.12085097829468,-70.27327278041258,36.31753509970438,3.3031445647601814,66.7652885567986,107.01275220648319,4.958327358915922,63.67181960923122,107.9211943523832
2121,5.679545374258436,-73.03914838022642,36.035679999486604,5.534036085051872,-70.4567372877399,36.33772770878344,3.3488478533147297,66.91207870619732,107.04220511334393,4.993136068591089,63.752982318750085,107.95624306284451
2122,6.097409536228442,-73.14941276655867,36.0553375713199,5.940950121341607,-70.5644855207481,36.368823248041565,3.5200213269359546,66.84318253700076,107.12015546180238,5.179187743180174,63.67117050667349,108.04203414737798
2123,5.696820273301187,-73.13502305645042,36.089864236828525,5.5519098778163,-70.54973269257141,36.410568723460536,3.282929309623664,66.9521267435889,107.21290264895781,4.974111696138704,63.70175730301248,108.12244064954747
2124,6.054897128571246,-73.06602401192909,36.13434108375926,5.903565777309986,-70.48329934691898,36.45920716502357,3.723045922586363,67.02813775908119,107.30670916959362,5.183698358732145,63.72597928527968,108.19289977569291
2125,6.348077176892314,-72.94182603241772,36.18526400010133,6.200827164288151,-70.3572456225193,36.50950269008527,3.8010321064699477,67.25370033044987,107.3975282590563,5.376526750166936,63.7994164105309,108.2491004527552
2126,6.5683679104445085,-72.79434069435791,36.242794798865454,6.435261354435293,-70.19720114445775,36.56046365572402,4.010818436548699,67.59866557263426,107.47147688113549,5.536085119409108,63.90176435088635,108.29238905501047
2127,6.726002037340134,-72.6434206104356,36.2977233424025,6.607224057743032,-70.02293259169666,36.59906393565172,4.180739158036933,67.51315804477646,107.54382461909623,5.657640794678768,64.01898981988481,108.32398611688043
2128,6.833541572412392,-72.49857394944961,36.3390810418733,6.724444616485491,-69.84994000703132,36.6247409715858,4.385420621422477,67.7137009962799,107.59142729685958,5.7438966419987425,64.14011377963028,108.34347712325943
2129,6.902945806297043,-72.36977170518931,36.36374142875908,6.79836168435108,-69.68800447102385,36.63739367142293,4.439886283879131,67.83964053748463,107.58975890255994,5.801190434129134,64.2532364379935,108.3518535047551
2130,6.940294902131313,-72.26222346243875,36.37411055565817,6.832714409747898,-69.54220895589441,36.64000795258004,4.4661912606324,67.94302780936322,107.57653402437734,5.8305045458215545,64.3543162449772,108.35185270294788
2131,6.947619449568017,-72.17983709670008,36.37253492187818,6.829367234023878,-69.41837662126669,36.6384252972076,4.470946590310188,68.01582642580846,107.55557669964054,5.835498621998922,64.43648812726649,108.34569941353175
2132,6.932871238904967,-72.12433978103385,36.35747546387826,6.79665240743419,-69.32280157502542,36.631364752069985,4.4606338441310065,68.06236786227353,107.52978252558971,5.815995420995768,64.50131618319261,108.33487866850083
2133,6.907100371331066,-72.09410416581322,36.32928066091774,6.747776553107143,-69.25712519750587,36.619806635975,4.442042541424202,68.08618915516816,107.49996990569379,5.782513176957772,64.54471614900828,108.32018737489034
2134,6.878549432824784,-72.08338091888916,36.30675658630258,6.693973867799566,-69.2178244708461,36.615601713755716,4.422240254884213,68.09179862607995,107.47633166573395,5.744535936669995,64.56791716110048,108.31353191799283
2135,6.852302049258379,-72.08656556365268,36.292525591956995,6.644199075932341,-69.19575288122535,36.61774530012935,4.4059314312001,68.08469135609715,107.4612765899333,5.709176312242246,64.57892566675095,108.31379702938158
2136,6.821022128525665,-72.08846860022106,36.2877886459659,6.5920330904324524,-69.16679748395093,36.62505870488738,4.3823838441095395,68.07997181167417,107.45528414645284,5.668577100332987,64.59940038254122,108.31961794736311
2137,6.7774734736898266,-72.0674318224149,36.29103553145308,6.530481573568964,-69.10578425625711,36.63556227262505,4.343388492987456,68.09965527928985,107.45678296885085,5.6150149113097205,64.65372969757485,108.32885190247195
2138,6.725819354211863,-72.00801158239972,36.301101987231036,6.465495831963037,-69.00466105202197,36.649836789797845,4.365220058021076,68.03398238578231,107.4656076275896,5.659599400631714,64.57393972382853,108.34027123448384
2139,6.661666772370726,-71.90075260706688,36.31841264659376,6.387624221341264,-68.86094778916733,36.66535670805064,4.437955429511509,68.00484064851942,107.48308034174744,5.759431130841819,64.558163898578,108.35509350479472
2140,6.564614084283129,-71.75535131441748,36.33723302635061,6.275772782411107,-68.69523568267294,36.67454448644352,4.375883481925766,68.362153051413,107.50270397491757,5.641918002257089,65.0797020826206,108.36332180394521
2141,6.4073874668824224,-71.59654268215054,36.348279254200676,6.109827656179533,-68.53870620333566,36.67667434327314,4.278149754332598,68.68993182119232,107.53427834003128,5.5095364465399665,65.4500004394379,108.39198351891007
2142,6.175244288954546,-71.45178008346147,36.35646901571565,5.889373837583365,-68.41452268976681,36.67882113395654,4.284148830136698,69.03793732945549,107.58714979186554,5.5821346168632635,65.78244143517942,108.44769665033158
2143,5.88013860513116,-71.33800683471071,36.3593611871183,5.6251958731831975,-68.32268824306976,36.67731037107251,4.105953179984667,69.35680841018181,107.64355672479068,5.4054258089586185,66.02797690542978,108.49993402899239
2144,5.549421387088759,-71.24606529212018,36.35574603524526,5.3337907709847014,-68.24580721997144,36.67141708942723,3.952665738950328,69.55557468452527,107.69957534255387,5.2816776737688444,66.0833482322559,108.5469594521784
2145,5.196755361928167,-71.14771492908719,36.344034098518094,5.021705313018641,-68.1588509343354,36.66106876025716,3.7086649941688368,69.69717876825135,107.74716987567976,5.193626403888739,65.99315075579322,108.58317474593976
2146,4.838470561814671,-71.02217145122005,36.325061691057286,4.697122179457345,-68.04315554612161,36.646844239597165,3.538940807241121,69.62298833211867,107.79695637631352,5.228165896131231,65.67687060193325,108.62168549655289
2147,4.485026656972397,-70.8593781420568,36.303935159089036,4.372975358510084,-67.89186860482026,36.63068635638993,3.350535707010057,69.31079622649825,107.84154072883773,4.800809941785895,65.44708501958438,108.64144817997253
2148,4.139368626917657,-70.66293667224775,36.28276854993309,4.053193724340585,-67.71011875455788,36.61387729038701,2.9850288441284762,69.23330325897759,107.86608654248506,4.2730079780742685,65.58242792451931,108.65290321452952
2149,3.7889355500823454,-70.44960617799016,36.25961158216751,3.7269751561375095,-67.51369652697538,36.59717048131795,2.7990925371158837,68.9448290035748,107.91127654174956,4.356715373535358,65.44606377563534,108.71814162615225
2150,3.4297394762600675,-70.23927091280629,36.24521366024525,3.389720015249498,-67.31486136156019,36.590647133179026,2.751610000416114,68.4176709410551,107.93898353175514,4.4251214275580555,65.02463482604843,108.75086222279872
2151,3.0525189419364533,-70.03858245083741,36.2382933774473,3.0338172692196292,-67.11912314379228,36.5909887800562,2.585705120629797,67.90688197440781,108.00718605796298,4.2947937885521394,64.58155317821274,108.84344971377045
2152,2.6641550349926812,-69.85037644996808,36.238209030703736,2.6639455006086052,-66.93223868029814,36.59642407438257,2.3777870898907048,67.48392091784518,108.07753244619191,4.096320474672162,64.21829473249711,108.9192084895871
2153,2.267488904564085,-69.66944216347012,36.24565644377777,2.282726830279838,-66.75381846807214,36.60572950148144,1.9603131785872616,66.63657792513938,108.11874085065305,3.7230473741446293,63.07976416410563,108.94942652905972
2154,1.8673368370013026,-69.48529085943551,36.26129181350285,1.8960625579849189,-66.57369320303476,36.61884687196689,2.0741908560422484,65.8659595715518,108.14022678778052,3.7370924237586856,62.29338310677229,108.93331172514192
2155,1.4665111712876668,-69.29190994762419,36.28539045334832,1.507410409517385,-66.38735647547983,36.63596223448767,2.187680115407147,64.83793129765573,108.13515792731528,3.557941324346382,61.58137579389484,108.87789027587267
2156,1.0676939231775107,-69.07934191143264,36.3165695966155,1.1192389311182367,-66.18437810605587,36.656245796630486,1.6723295354437409,63.73967145190282,108.03845139141252,3.0854972512057652,60.707650698471255,108.76336539159638
2157,0.6713948387077417,-68.85639394731459,36.34531245117665,0.7317131277943784,-65.97150288257576,36.67662893479935,1.2936276335315662,62.86002793946489,107.93586507513986,2.935122250908024,59.9936734561616,108.6420923425982
2158,0.27609946928729784,-68.63229538872879,36.36575512674137,0.3413610022554031,-65.75391015570476,36.68800110412757,1.0796391713644857,61.95901872877098,107.75359576786178,2.8525301531468146,59.279116182101966,108.50161292270748
2159,-0.126493187526729,-68.40980918849914,36.37966975673664,-0.05702586003892457,-65.53461148095116,36.694318190504504,1.041462802619118,61.070035786819986,107.53890885275362,2.919501544441645,58.72817713698833,108.34612201482676
2160,-0.5347242989013332,-68.18986656974738,36.390051600896186,-0.45941366438879006,-65.31802937891092,36.70043178683077,1.2118113929295755,60.73089553409392,107.37326866181857,2.982209440973549,58.23261209408771,108.2573791620568
2161,-0.9454055241675623,-67.97359303625086,36.39309044439863,-0.8629542330898123,-65.10316780687135,36.701396866692846,1.0972645980178077,60.21288140026142,107.2603580214734,2.945628053968074,57.68851990031216,108.21981704958218
2162,-1.3588731705824246,-67.7595208311552,36.38860895049397,-1.26916611718051,-64.89270960806488,36.6979923138178,1.1195723037650298,59.56490167081433,107.20164067779768,2.9235415067870227,56.996003607925374,108.22520465202334
2163,-1.773780447816655,-67.54946710031857,36.385725159012544,-1.6776445324260827,-64.68418373658668,36.70282683881417,1.2451969154973166,59.059440535458535,107.20573183003772,2.737907665829494,56.331030651786385,108.24489608291883
2164,-2.1874705429715693,-67.33821748581586,36.38724050451511,-2.0853905749601003,-64.47493138558193,36.715631655499806,1.174521175439937,58.48060509293616,107.25405752084649,2.5609660335926527,55.678509813612024,108.29466484847924
2165,-2.605387245322453,-67.12412058090618,36.399216712461424,-2.4991950354561623,-64.26341552396607,36.73472559736015,1.0268748467825277,58.007453257705485,107.3590455212632,2.360076457182931,55.16199845214423,108.36913058350511
2166,-3.0110687417863384,-66.9139556284296,36.419246797784375,-2.903914101575307,-64.05459199217613,36.757849756927506,0.7318122593858454,57.61875876805431,107.48133140529998,2.1217435908538667,54.88619909514072,108.41431399306425
2167,-3.4240624947782545,-66.7006173643003,36.445848698580285,-3.318196614099573,-63.84256723858128,36.78570571288798,0.5793140803513221,56.935488991378044,107.56021625182284,2.141118713566715,54.20081419996272,108.42269307851603
2168,-3.841644766782768,-66.4848065721901,36.48234771159935,-3.7367463729869925,-63.62699973278204,36.817685496448924,0.540430326279421,56.44708832853678,107.61187359073169,2.2279623176775636,53.7771194237498,108.42350981162598
2169,-4.256633997856157,-66.26356007818254,36.52765324472963,-4.151392088480709,-63.40598987339075,36.852527823004465,0.3969863388021866,55.97350909225298,107.61830168698184,2.1502923192914603,53.19862061688714,108.39671280689775
2170,-4.6734344936724215,-66.03943748185003,36.56926209021883,-4.5668482032391475,-63.1809109854078,36.88414033637683,0.44638866742381744,55.60669853117238,107.59637059093278,2.1830625645945276,52.78178985614931,108.35247057054656
2171,-5.096000426759946,-65.81652688095096,36.60545317454375,-4.987346316930193,-62.95541357299901,36.91211705136547,0.6751264057414452,55.83346010838258,107.52599859479429,2.4259232239563597,53.15766059622126,108.28318522089862
2172,-5.5216616876520135,-65.59209115659662,36.637126013650565,-5.407972135828126,-62.730163186745244,36.9376375818563,0.9812815998614588,56.157186463858665,107.42077722725455,2.6751390927058227,53.609588457383445,108.21122374555216
2173,-5.9456459127018855,-65.36532472396229,36.66572739468237,-5.825844946738999,-62.50074207147188,36.961989487079315,1.414324614669097,56.22835356640626,107.31567355196411,2.9757494833663585,53.746566194210246,108.14137190418376
2174,-6.372433724475727,-65.13698504763947,36.69126548127194,-6.249245256651525,-62.27100590303486,36.985540245535454,1.6008294919318544,56.592495139857206,107.22779173892991,3.076547957619563,53.7983505111883,108.08137505392205
2175,-6.8007678014490125,-64.90949536790744,36.71309276468121,-6.674759329389895,-62.042374404621185,37.007875600465574,1.6473467694040638,56.71464193857766,107.13517964393009,3.042815654279341,53.62409785814978,108.02160632291523
2176,-7.23440151478049,-64.68724912046723,36.73038786616504,-7.105490790308959,-61.82054023480932,37.028414571412036,1.8564742356980337,57.07553712852186,107.05574273621093,3.1176992350147135,53.57233049836037,107.96603063218997
2177,-7.67315300771167,-64.47050380315744,36.74465967486409,-7.541972218286047,-61.60575668661597,37.04554166235632,1.9961884540796881,57.35062830117817,106.9951148924706,3.1859305630702917,53.45644361487293,107.92466098267106
2178,-8.109497434628986,-64.25847430923203,36.76112857406275,-7.9780063714472815,-61.39833971497426,37.06493071115969,1.7354653729031753,57.012194124842715,106.9562552641814,2.8479689313180168,53.22765540880348,107.88643996337457
2179,-8.541019973270283,-64.04418364398374,36.782861415940644,-8.40832850251242,-61.191161141023834,37.08965461046223,1.4939789992708075,56.57349899707894,106.93261617903701,2.6514003114242137,53.05621230022389,107.86104191550196
2180,-8.969668975199292,-63.829712208703434,36.80834357297803,-8.83330191533749,-60.98374202503701,37.117634066903726,1.232631414424682,56.402778024860616,106.90709829838102,2.586871020953734,53.07374158815133,107.82587747476958
2181,-9.393183516142495,-63.61204902303203,36.83692207694071,-9.258383278966335,-60.770996049478455,37.147871566281374,1.0455735511110458,56.33714959147412,106.85578159139904,2.505880139726297,53.16669025670698,107.7573347311677
2182,-9.820004969106762,-63.394864078797944,36.86752876965647,-9.686852660244224,-60.55469971796439,37.17894766943992,0.7603862058926962,56.016852560189605,106.81089512941675,2.1921906033905323,52.66562577133424,107.69919279509908
2183,-10.243890064055774,-63.18166893417736,36.90056029074364,-10.112835815302255,-60.33949982589344,37.21105730107046,0.37301708532228534,55.902736615941954,106.75645133628014,1.898661076825078,52.63894309675889,107.6317767612526
2184,-10.668436721039308,-62.969471327739335,36.936590164384086,-10.539849377173471,-60.1213885857479,37.24450877079131,-0.0433484476243613,55.75715930492953,106.73201482460343,1.6266795536051581,52.49794485960136,107.62205304749199
2185,-11.095867494258533,-62.75679972150601,36.97413055832868,-10.969061400465469,-59.90304569505178,37.27918976081519,-0.10284690437337976,55.67357216211859,106.72588563921657,1.5095924689594684,52.35487609335703,107.63685830189276
2186,-11.526091157346638,-62.54481114796755,37.01170583778872,-11.399268457046917,-59.68589931636364,37.31400705958369,-0.28061353161566716,55.688205701909666,106.77082444537928,1.3251918676125232,52.38396277503476,107.72429885902856
2187,-11.961634410086162,-62.32785863253164,37.047374953105326,-11.832384297123518,-59.466923136960624,37.347252610151735,-0.36182301554336793,55.50049601303427,106.8950947665105,1.4112988041501866,52.27381198820461,107.8909494449228
2188,-12.39691630006426,-62.10825954022693,37.08285861029766,-12.265663449850042,-59.24612336948928,37.38042599312449,-0.5396978376223163,55.22774534434349,107.09519113331078,1.316666391104961,52.14558109752915,108.08944672057278
2189,-12.831440259073611,-61.886575045106234,37.12018587325101,-12.698972361598347,-59.024010944292684,37.41568474885218,-0.3494737636846012,55.33972023455379,107.34362156242321,1.509403850710338,52.00738418228163,108.31372017890116
2190,-13.270433535638318,-61.665752273518436,37.15728376674989,-13.13553352794846,-58.8054896542693,37.45157560611784,-0.17375676137791318,54.96069763998517,107.60986851743198,1.5961584161720506,51.579835528352206,108.49556358608683
2191,-13.708293146440429,-61.449951579830426,37.19291727379182,-13.571431578006177,-58.591185018390476,37.48663373296738,0.16089680212053492,54.913210916594174,107.88437125563763,1.8532145169300196,51.57965570974742,108.69746686367917
2192,-14.148964680488705,-61.23440980389959,37.22894328538232,-14.010545426943127,-58.377398297702186,37.522820694956714,0.8859228453893356,55.04897665349755,108.182970017665,2.70645169699754,51.80847372754979,108.91479385770178
2193,-14.588147977325736,-61.01763067435317,37.26636229446482,-14.447949102683147,-58.16323740182832,37.56060718903617,1.5781299191130584,55.226881115300976,108.43467551527996,3.249191750445817,52.19241001493101,109.09872794875483
2194,-15.022786633253466,-60.80223934789416,37.30411567035039,-14.882927137361078,-57.949789749978564,37.59868915452415,1.827030571531789,55.98983486360154,108.61830230397685,3.2998637660700374,53.1898226377773,109.24785026956589
2195,-15.456144665508017,-60.586639605704235,37.343534435246085,-15.315040819868688,-57.73613543170501,37.63827777118937,2.186779143239912,56.708889292188495,108.7745925049659,3.329952038534722,53.884787758947645,109.39339259657997
2196,-15.885114011411966,-60.36999620772781,37.38398182334819,-15.743419457484489,-57.51813142088498,37.67853612312869,2.6722034278837787,57.50473840011213,108.91194846415847,3.7956135738544265,54.51952337038639,109.54960631578642
2197,-16.315944870196322,-60.14818171443518,37.42073939548846,-16.174009638065037,-57.295750058652644,37.71469901468325,3.2177413031672026,58.51271995599937,109.06911113727176,4.172309145209803,55.005573501157315,109.7042050512681
2198,-16.74350241608429,-59.9258432195917,37.45904826658669,-16.60143942440008,-57.072138707968435,37.75148391123579,3.678374489113063,59.26108888979492,109.20439553519392,4.550646708826885,55.370593787318825,109.8561742730354
2199,-17.17052534670696,-59.70655810393316,37.502835543425306,-17.0308584551463,-56.851581946522224,37.79384187027209,3.59535176653328,59.79364647945082,109.31714542067743,4.747019105286859,55.57759168179306,110.00135719299159
2200,-17.600343441528064,-59.48831001227488,37.54613061005963,-17.463318942986778,-56.63144367197839,37.835974250703984,3.659456179686999,60.235751157601655,109.43868546061177,4.975169597731648,55.820519569864096,110.13956593379919
2201,-18.031241913710446,-59.27099101933197,37.589795337327416,-17.89630553327343,-56.414065542852626,37.87782436507753,4.158689311682872,60.43383404654557,109.56485013419763,5.385849529396157,56.367046891377925,110.25720816937007
2202,-18.465863763655157,-59.05099862971745,37.63344140519787,-18.331481528810258,-56.19543886216006,37.92006313020467,4.60677342242416,60.938331319553136,109.69580958068995,5.629305633350653,57.1276704806163,110.38447044067982
2203,-18.899880887840677,-58.83022427936543,37.677144804379076,-18.765551107219473,-55.975295619552256,37.96293134344617,5.373023115486267,61.27578928668158,109.86229849385494,6.707109604046367,57.589488051259,110.57562127584355
2204,-19.33267491667126,-58.60755581052886,37.720263864914884,-19.198001704212388,-55.754392625917255,38.005499707941965,6.13125088072058,61.52780825385493,110.05286529720169,7.557434853438211,57.81609049011665,110.79066947172555
2205,-19.76666349596489,-58.39086096725243,37.761731308357234,-19.630464010417676,-55.53909986213919,38.046605456389415,6.753605463685766,61.67561670726544,110.20688852126287,8.128981598005758,57.8288814911258,110.93946563925918
2206,-20.201462686942882,-58.17290363569869,37.801912721955794,-20.063107338098852,-55.322510925092274,38.08710699517425,7.60303710744682,61.850431258313385,110.35178286049572,8.797758867048067,57.786962338841576,111.06884079378548
2207,-20.63529527072555,-57.95494468984949,37.84166643740569,-20.49743190053005,-55.10453755471221,38.127576730949094,8.391729027281375,61.96242594847978,110.4762185901172,9.321322423049814,57.74582899939004,111.16598072333858
2208,-21.067928383452397,-57.73232385522646,37.88427456465466,-20.930098910007253,-54.882843452408295,38.17159781078473,8.84303968300518,61.43904009943512,110.60307369758843,9.496346113179731,57.17829989855872,111.2551137234421
2209,-21.498378846547727,-57.50788365274736,37.929376417275,-21.362487923030514,-54.65843781292971,38.21804272473106,9.444124114839527,60.67169940678316,110.71012168183051,9.769543389076304,56.71274488910415,111.3314966952295
2210,-21.93033853033408,-57.280215214905596,37.97705295086702,-21.795397874870375,-54.42963717852806,38.26669671725725,9.465772126722753,59.86512356894993,110.73714636100482,10.058632535968503,56.12529048387731,111.37377847256421
2211,-22.3601017860484,-57.052562276927624,38.023652287830906,-22.22459101365337,-54.200377413209154,38.3134804183364,9.313718682494502,59.122108381044896,110.70008130691471,10.030571906151515,55.59754675999365,111.37905180328181
2212,-22.789650913024115,-56.82244956270205,38.07268429007053,-22.652847183706015,-53.97126026108627,38.36161501574352,9.298501357780076,58.313639856423,110.68091062159522,10.090800094811586,54.9177026687781,111.38325892728797
2213,-23.220416295545448,-56.59534193411206,38.126910943260526,-23.080137431677734,-53.74465642202184,38.41385084641681,9.059232163709654,57.60753981382273,110.65059235597778,10.030029904154246,54.458901608080794,111.38046057149678
2214,-23.65273865858746,-56.36845439543144,38.184016440800626,-23.512615721272404,-53.51726479153265,38.46768035822523,8.73825322836161,56.81992246624035,110.62740376101198,9.856478272635805,53.97692024994393,111.38258638930662
2215,-24.084181446429128,-56.144395432971145,38.239548575740145,-23.94368381429317,-53.29301589962998,38.520214558157036,8.580694520654207,56.20761361967108,110.59111885144802,9.696467330759674,53.30417835431188,111.37869342818911
2216,-24.516742153076613,-55.92219412438911,38.29315616404311,-24.378137505087857,-53.07238929645266,38.57083796727259,8.41367917088855,55.47058883259279,110.54973074822124,9.691549398982328,52.58257041116928,111.37371110328883
2217,-24.953983836113828,-55.70189699969591,38.34461491578481,-24.818636722051746,-52.85213239459768,38.61951687907388,8.06667748709613,55.04810752334566,110.51000121915213,9.508546764435126,52.23611703700655,111.3536514280775
2218,-25.389568429133963,-55.482797858319785,38.394891320350744,-25.255155003592257,-52.63231577772682,38.6681763891646,8.027938522717607,54.87939890343293,110.49138929449632,9.537054391729283,52.24844849203468,111.33711927477148
2219,-25.828705722042216,-55.26121447024178,38.442473245283466,-25.69393066214282,-52.41060417839086,38.71474096049875,7.792046944698617,54.79487317003964,110.46555706857706,9.373003144989172,52.122474019462324,111.310792782764
2220,-26.27088971413382,-55.03807200576989,38.48718251132782,-26.133723597851134,-52.18800723481041,38.75941848261384,7.45882809519826,54.59158960424415,110.43134123125499,8.992914066021616,51.93786203399674,111.27418594857195
2221,-26.712241548984984,-54.81712390126068,38.52683513086326,-26.57348269303173,-51.96608168249913,38.80041846648261,7.263522781949984,54.40996248857864,110.39450860236506,8.75634373592552,51.706140951379,111.24595121429353
2222,-27.154969120676846,-54.593928739591355,38.56449448731814,-27.013676225217964,-51.74213638458841,38.839992365796434,7.107463267234977,54.55360485774473,110.35789951562704,8.601393086577048,51.68829607012585,111.21839264558761
2223,-27.599064788965876,-54.364072792373975,38.60259576600951,-27.458049045294448,-51.512957281640155,38.88000675262177,6.821615876124035,54.89738221355892,110.31805520402588,8.416259346475243,51.76968161034537,111.1892593345612
2224,-28.042425992274996,-54.135878702180754,38.638520986943455,-27.9041224340599,-51.28577548692329,38.91665329571034,6.6036569954259425,54.89324502463867,110.28685468211128,8.183158309696154,51.57920033577812,111.16293752924838
2225,-28.494535715972308,-53.91104840854244,38.67130283794723,-28.35624089307149,-51.06210461613684,38.95139117834197,6.189345360562436,54.6665836873158,110.22378633218484,7.895479894948519,51.407043230200244,111.09595308367864
2226,-28.95208958101103,-53.68996911382778,38.70134487521031,-28.814793162681667,-50.842358760356795,38.98285029242772,6.019409267391085,54.56566425909531,110.15398864366614,7.82111395389786,51.30960347610499,111.02040593245573
2227,-29.418135911777295,-53.466581997316474,38.72940993619837,-29.279625487507317,-50.62129336117201,39.012178736052526,6.151125779578391,54.56785320148095,110.11393854277514,7.93799343364344,51.2897433502448,110.98583135711047
2228,-29.880398060763003,-53.24130614071818,38.75616767821747,-29.73709931347083,-50.396869259746566,39.04121862244382,6.1957459021829955,54.808702117472365,110.06919365494612,7.975859541005581,51.52517003634331,110.95258575556677
2229,-30.343223380753102,-53.015876828905796,38.78333689039819,-30.19360582495867,-50.171582169276306,39.07276598169249,6.183460758748266,54.925801319538316,110.04069567977038,7.959568481956136,51.707738106703296,110.94435140109744
2230,-30.804747619766655,-52.79247958410798,38.80996083105213,-30.650413869600456,-49.94717801971123,39.104107477004185,6.145137877444662,54.95216113980755,110.07738576563705,7.847364042707683,51.820678281051215,111.02117775661745
2231,-31.26579513991421,-52.56700101840375,38.84205846562497,-31.10591491011054,-49.721961504780936,39.1399088920528,6.356866300118649,55.15812997381833,110.11178501354132,8.026200854289328,51.90641510875496,111.07616019553028
2232,-31.721454328845475,-52.34019068340094,38.877341342142806,-31.558208395058795,-49.496288683958575,39.17734545352142,6.57123999433787,55.544823171635606,110.16746622217376,8.069000831631918,52.21080386870852,111.10466867697184
2233,-32.17057465623528,-52.11083578089089,38.914317365676126,-32.00658506095326,-49.26921928504765,39.213712051127914,6.5266642087650295,55.96524580309152,110.26374528861996,7.894638932160685,52.54234709240978,111.16232044819702
2234,-32.61692202106628,-51.87658187169406,38.95118065656212,-32.45675200779043,-49.03609638963545,39.2476165210803,6.6541359185322255,56.409796442620475,110.38841745777175,8.171456483051932,52.896985119933596,111.27383842909796
2235,-33.063175579316514,-51.64155864397892,38.987395954893366,-32.904428934043445,-48.801443927798296,39.28043829678603,6.7812644759136065,56.595364822312135,110.51786100359358,8.340367980762979,53.07005829035551,111.36399756406938
2236,-33.509674210655504,-51.4045128771636,39.0205334773975,-33.35272851031036,-48.563553946957605,39.31218921048832,6.910866660316963,56.62700549372047,110.62683850432391,8.431893718196012,52.98873574810869,111.42642997373079
2237,-33.95315208604471,-51.16815043646636,39.05348691441337,-33.7965546919042,-48.32648638342319,39.344828059563554,7.071868281659548,56.49916335610603,110.67370807038073,8.449939558051511,52.67077576885207,111.47345998943287
2238,-34.394153422842244,-50.93428682273364,39.08031611720592,-34.23778041727708,-48.09344492873744,39.37307951837068,7.092676968036724,56.459462223200546,110.71005104998973,8.535813729857098,52.52743818714689,111.48916282045928
2239,-34.835312319186244,-50.69888411479162,39.10653066068356,-34.67899602029019,-47.85915552974398,39.400882049337156,7.077208384373202,56.20162791972797,110.75632407434414,8.458244682017845,52.34614093396688,111.49914874218527
2240,-35.281525041436986,-50.461668246891215,39.13588212213355,-35.124676278224186,-47.622267945473574,39.43123256600933,7.220071051655872,55.75774352847815,110.77801962087987,8.407317657037792,52.03192971840317,111.50637642728557
2241,-35.72628107276243,-50.22864520201432,39.16635267996758,-35.571662430182755,-47.38694585197308,39.46204130585205,7.147761086368305,55.41184385923847,110.75025093931889,8.479521371311781,52.00360400908018,111.51010550360598
2242,-36.174497645562475,-49.99638129113298,39.19691399898941,-36.02221297822751,-47.153488463643576,39.493239331902814,6.850748204252194,55.284631789789344,110.70289180157752,8.167197955093833,52.177650957133466,111.4877229044678
2243,-36.61942985145537,-49.76818373574469,39.227495743450405,-36.46920984863702,-46.92499770048025,39.52406789121819,6.635097944476473,55.28001511323017,110.71007767480863,7.9895056318875115,52.269423629046,111.53571049222931
2244,-37.06111120365477,-49.541856044609474,39.256765038443184,-36.909824047829275,-46.69968682811571,39.554469914667564,6.474618725192577,55.34489620999379,110.76090970771419,7.873330894691364,52.187233627321504,111.63253726841145
2245,-37.50572088354149,-49.3124617823128,39.2876233100962,-37.35187195378208,-46.47444020662317,39.58545504622706,6.301203602757257,55.41667208409377,110.89533536592864,7.833524095459707,52.24178118868394,111.8042504302035
2246,-37.94786228047933,-49.08263735239921,39.31817062169571,-37.791789974262784,-46.24692078900911,39.61606182538963,6.097433010218887,55.69201276781049,111.07030946325848,7.612103595009986,52.50190597530818,111.99647933269465
2247,-38.38890876637468,-48.85452368825316,39.348872605995204,-38.233735440957425,-46.01755627383002,39.64719056051354,5.6606987296402576,56.34227748022235,111.25419878000385,7.1192851388184195,53.06667779826303,112.16117600871038
2248,-38.82918797730829,-48.62692440047203,39.38065419367828,-38.676626169406916,-45.78688161922014,39.67942425054291,5.2121249597808745,56.954123775820804,111.54431547608742,6.820464086933994,53.68647805736642,112.44064958998375
2249,-39.267183936573836,-48.40335354556986,39.40965376814257,-39.118895980167814,-45.559657402276834,39.70858611108067,4.74355303490538,57.6138393998982,111.90668203951819,6.186565595818684,54.44729241992341,112.74026477635343
2250,-39.70820982926552,-48.178716754847954,39.439483488692666,-39.5624738049543,-45.33243299108194,39.73824095090458,4.225268218362873,58.50023661770053,112.2845139918111,5.683145792364092,55.32794330826794,113.06863204690711
2251,-40.147720044048505,-47.95055240905384,39.47336633962701,-40.00086034587532,-45.10295030828228,39.771935288013005,3.745814260910953,59.333965698499036,112.60853848641167,5.356005528581852,55.802749134782864,113.3099544556205
2252,-40.59045960682421,-47.7177996189347,39.50813044601229,-40.44258763181425,-44.87121220732466,39.80603480664323,3.1963745945482818,60.35194833070773,112.87740389493308,5.047301922601577,56.5582253875782,113.51815024921558
2253,-41.03044142512827,-47.48189633425544,39.540222257825576,-40.881222969766874,-44.63585502558198,39.835504323409815,2.8407103857903953,61.13733350755752,113.10058590220454,4.8782028592028865,57.052089526827984,113.67602799680647
2254,-41.46755239554297,-47.24535314347848,39.565974714481165,-41.318468616278615,-44.40014789220761,39.85835149486927,2.742813993082004,61.641801513017704,113.33160925092872,4.789750136265157,57.41141111990103,113.8259392924469
2255,-41.907615900874255,-47.011062679099346,39.58901304951747,-41.76061951262258,-44.16498072595347,39.87948223770391,2.584403355837435,61.99973450702715,113.46402918818283,4.733225300404154,57.6628101840483,113.955536189507
2256,-42.3546682268516,-46.78088647724358,39.613206803214275,-42.2091530844301,-43.9354913630904,39.90359336944254,2.8410897625036884,62.342295662637774,113.5632088518087,4.879886687878103,58.10446785954898,114.09625188479107
2257,-42.800956625202076,-46.55571076540985,39.636393568888366,-42.65631564131387,-43.711296102381205,39.92897352838983,3.0147657018063243,62.480994061432284,113.61611749386358,4.884518603642952,58.44540207778101,114.23439243801056
2258,-43.25158535989066,-46.333121831184656,39.656920064024504,-43.1051424979803,-43.489912169064304,39.95342244229402,2.904691678393709,62.63885105153932,113.69735605829986,4.567337964013391,58.51621502118027,114.35556835455488
2259,-43.69878911363895,-46.10658459397697,39.67477898887578,-43.55214654365146,-43.263596508076986,39.9762057827293,2.917645221273955,62.488504463439185,113.78706192272529,4.427859410786042,58.514197990867096,114.47965234928779
2260,-44.14582556065434,-45.87650514763689,39.69301906963285,-43.99809709541008,-43.03386935491121,39.99663380560771,3.082694179063889,62.40322467457303,113.89119844631978,4.606601447219647,58.49422908848631,114.59023004709233
2261,-44.59592951619857,-45.64318861863654,39.71405273752724,-44.4466026701557,-42.80243522940885,40.018147178846796,3.3282119951084956,62.35194265637393,114.00220326087197,4.909338813545238,58.490009109178835,114.71307664231622
2262,-45.04846654376091,-45.41499900959757,39.73593285297634,-44.89901904434825,-42.5742923856674,40.03933546906437,3.3990308310477366,62.356471160859044,114.1157298584566,4.924289743663177,58.52958672105188,114.8245233484873
2263,-45.496160593600806,-45.194246167379596,39.75379307099572,-45.346875439233564,-42.353218568166724,40.05558562189305,3.132500826589452,62.29311252714537,114.20059054363527,4.653446821264134,58.70909192544926,114.91114726715999
2264,-45.9521786540459,-44.97271822866465,39.768463128232696,-45.80242101751469,-42.13228498210755,40.069891185338335,2.4626624347764112,62.58862882482143,114.25367417415904,3.760380151290758,59.34326657739977,114.96066634053959
2265,-46.407959596486556,-44.7511112253301,39.780123289040496,-46.259502394429205,-41.9134424180076,40.08178948691233,2.2805935920474427,62.932953259224824,114.34305869503196,3.4115102182949837,59.710955351685,115.06310987236168
2266,-46.860053853504134,-44.53041288712757,39.78869330085966,-46.71021352391401,-41.69522645986245,40.09117305690438,1.8257027068556653,63.246020172080065,114.40384550840002,2.863052930879487,59.90325439909374,115.13155897505557
2267,-47.305399238382506,-44.30250128906282,39.79462384753792,-47.15407932661941,-41.46869032267071,40.097913876895056,1.1604112232587256,63.505835195194464,114.46888783772644,2.4119288865637576,59.95789432866474,115.20166352100478
2268,-47.74803040396841,-44.06422372565886,39.79416899191481,-47.59659504294559,-41.23000236100525,40.100474300844276,0.18146311705234353,63.87710840885213,114.51502005135063,1.7707545470757367,60.14975868759995,115.2680505056098
2269,-48.193434496014746,-43.82231175395966,39.78867944677832,-48.044988977052036,-40.98544664525092,40.099725311255575,-0.7874210979919881,64.08825076879751,114.54321342858333,1.0427594798777664,60.130966513110415,115.31072998942689
2270,-48.646706381141726,-43.58355330062008,39.782530915943035,-48.49797630429614,-40.74334097267943,40.097239656042966,-1.6886108529957218,64.03902964247831,114.56877996598456,0.2802498107097696,59.920002229502835,115.3386847284145
2271,-49.0975534173524,-43.346935754566694,39.77406740724667,-48.94677432992966,-40.501513448960644,40.09249841262593,-2.011889867034915,63.521874024903695,114.61422540104358,-0.17291910530919757,59.613053700608596,115.36424203800988
2272,-49.54691570780515,-43.11221213560035,39.77285171904347,-49.395197035813915,-40.26401614596173,40.097494528539954,-2.6121468060292865,62.96886874769392,114.62036454402224,-0.5683642404776001,59.17156751966689,115.39504708471527
2273,-49.99511650347903,-42.87643283006973,39.77827062270289,-49.83985875971418,-40.03114001701014,40.10958055753956,-3.131002482286071,62.459668216982635,114.62479756656201,-1.0498988833385696,58.77711712581838,115.40245484414132
2274,-50.4439333603677,-42.640108531776384,39.78941493565265,-50.28435763214558,-39.800758650756386,40.12589766934489,-3.561999426120908,62.06635299306059,114.61886078856203,-1.3262051285588186,58.51864653413044,115.40966428134996
2275,-50.88835058910945,-42.40452957004262,39.806190868527956,-50.72520060992316,-39.57261225876929,40.14500746995959,-3.916251886117235,61.60057888021148,114.63967344696339,-1.7231157654844547,58.3348952020416,115.4612640291874
2276,-51.32538621395199,-42.16905463260148,39.828243692595414,-51.16505854271083,-39.34087988457177,40.165311515417514,-3.8490627637941333,61.552260234905326,114.70047620734414,-1.6575825127393131,58.595067830522304,115.54867864582113
2277,-51.757979119406166,-41.93476549863324,39.85683475264876,-51.604444556554675,-39.107384112659815,40.187978655124255,-3.569246622012364,61.66543112806664,114.79272847202422,-1.4849556322661495,58.83886678829091,115.65648828135514
2278,-52.19242600674548,-41.70021813518201,39.891689511382275,-52.043353957079304,-38.87219187058555,40.212519671269895,-3.3380209076377554,61.8249844596783,114.90495910865252,-1.2586219229220832,58.96645866341972,115.77395918982143
2279,-52.61849319545815,-41.46219696037471,39.92287602304886,-52.47175153296392,-38.63379002341572,40.23667047897845,-2.9797755199115854,62.37314278144859,115.03601509000319,-0.9400541440353449,59.424780900456824,115.90544220683721
2280,-53.04046035613497,-41.22009254048293,39.949878052617805,-52.894470166290326,-38.38932904409709,40.25940104805547,-2.4815795792526325,62.90481662721226,115.2012946001571,-0.6660058259401529,59.73727384836737,116.04503123239455
2281,-53.462207918856194,-40.978627332139595,39.97378933193878,-53.31589491961084,-38.14724328275085,40.280783577548696,-2.008064832947152,63.227201277979844,115.39398490426001,-0.3681613546101689,59.74987325326249,116.19608737699495
2282,-53.88722464395574,-40.7407367964662,39.99590779247804,-53.74237052365091,-37.90899418552391,40.301986058267076,-1.8984551381784138,63.861069399922904,115.56187072472527,-0.8147275864229202,60.22024152589281,116.32657459583798
2283,-54.31437344306799,-40.50323350617762,40.01760628123271,-54.17251451291237,-37.66931509176705,40.32335882044811,-1.856266507938123,64.21836812883728,115.7349653465817,-0.8665398843538389,60.6030463253981,116.48325641299648
2284,-54.74077560954853,-40.26641922036954,40.03883447760551,-54.603376851728065,-37.42957416838245,40.34489063575931,-1.934620179263841,64.51086582225487,115.90165709990174,-0.9567417127821194,60.85193782722491,116.63719917045172
2285,-55.16841465409014,-40.027531035012274,40.060237269885285,-55.03557621527479,-37.1883240731594,40.36697764318273,-1.971165296008694,64.84613024689071,116.0745509067099,-0.8862816744414767,61.04223016437041,116.79973521088976
2286,-55.59993060984714,-39.78852200207845,40.08491858314352,-55.46853353885615,-36.94887476340902,40.39428840140795,-2.214527580143565,64.91831979131476,116.1939466096315,-0.9813529453155785,61.186110369920264,116.89368265124598
2287,-56.03888978981965,-39.55547843027996,40.11295663390023,-55.906693647855995,-36.71481370760775,40.42516305879643,-2.6038544052367505,65.05482769038319,116.32567332713151,-1.246048506406273,61.34203361821463,117.02253811732307
2288,-56.48296102361922,-39.32693886766939,40.14547715553521,-56.347472719663585,-36.48665662519596,40.459643993542606,-2.9397648882466707,65.23933681717308,116.42456899542853,-1.2945122984548516,61.30447065626492,117.11996567842824
2289,-56.926701614195515,-39.10376422056967,40.18369995271705,-56.78669309029905,-36.26537041921,40.49838271692706,-2.851345225458277,65.03295492689836,116.4599480772953,-1.4379570047237977,61.16109060124138,117.11381168327684
2290,-57.36983601010588,-38.88407224553338,40.22863957112163,-57.22715826020663,-36.04592101298309,40.54158154977843,-2.9757789353394966,64.69909297087787,116.44780839838411,-1.5464662878516404,60.889929547696305,117.0955283576872
2291,-57.81031110966947,-38.66305280648505,40.27934344724976,-57.66608516845681,-35.82542040300018,40.587689589902105,-3.101314611759734,64.3585272032137,116.40451095017478,-1.6807215747407627,60.60338639877814,117.06557204331015
2292,-58.24745206938478,-38.442203191837294,40.330390367365474,-58.10319311687885,-35.60368937422941,40.63032827172271,-3.3261582074309364,63.94800421992404,116.29964317670233,-1.784723915375791,60.270919884057776,116.99543833611732
2293,-58.686102119919944,-38.21977759787992,40.37674809580265,-58.54250835527279,-35.38097974981102,40.669608779983776,-3.3805561260282015,63.604522764058295,116.22064627594042,-1.7774236683662692,60.08636315398442,116.93999466967145
2294,-59.12274362199827,-37.99695963907103,40.41938920455251,-58.982212953039095,-35.15822937377523,40.70664042585679,-3.183285243569534,63.189486875524466,116.08432844341792,-1.6067983776718382,59.87675029175635,116.86910188914715
2295,-59.559437756922755,-37.77988416121334,40.460946066749344,-59.42038116724927,-34.941114984739556,40.74429967154735,-3.1743038185308117,63.0269782894491,115.96729421806069,-1.5693603901361002,59.90377888805532,116.83344535943044
2296,-59.97356717533078,-37.557130729621484,40.50070135535887,-59.826304396286396,-34.720987826083324,40.782713085539164,-3.019898503498999,63.06039853073671,115.91816238653965,-1.4381506205568844,60.09059374189954,116.81678352808464
2297,-60.327815207600445,-37.3052096899776,40.54255933363452,-60.16521052940632,-34.4770040371071,40.82763280801299,-2.8598917393961956,63.208633514108435,115.90350344746572,-1.3298972315280948,60.258531488468634,116.83820107029942
2298,-60.59765736960813,-37.01899089649723,40.59200749112718,-60.42071274879837,-34.2024300828561,40.88255066129706,-2.5560012811604946,63.28905868389169,115.91383935290466,-1.1203602007893916,60.27389924084399,116.8762917620881
2299,-60.772454376805335,-36.72102226230121,40.651264299135995,-60.58624755754315,-33.91409557682667,40.945833903477066,-2.212545166312797,63.38815652684761,115.96338163608667,-0.9664809178822649,60.279577118567545,116.91609012662953
2300,-60.84719458161053,-36.43851479870167,40.71335963569131,-60.658201955740424,-33.63331798853655,41.01034341297569,-1.9391709884478519,63.423285074956105,116.01797805614137,-0.8397287594629556,60.27635477889795,116.95436543142348
2301,-60.83772881604491,-36.202935946206495,40.775899283936155,-60.64895778638997,-33.38273909893876,41.07330787269901,-1.6799792128532294,63.52321125353285,116.0983286018719,-0.7334406156919209,60.264116871497954,116.98894572659871
2302,-60.77579777219384,-36.03481249455672,40.83833157055299,-60.582172439726506,-33.178852048787725,41.13270494436371,-1.508545917787134,63.45991873168392,116.16013702575931,-0.6404241199506313,60.24391978120176,117.01612863595696
2303,-60.689190730128544,-35.92418693191535,40.899662236460166,-60.48023050310787,-33.02514865475215,41.18711459389767,-1.4680864820393598,63.42239972638302,116.21130521039507,-0.5559077996367842,60.214381592210664,117.03297330026133
2304,-60.59265489693703,-35.85930918401063,40.94633299259279,-60.36031324893245,-32.91858968194563,41.22448575381828,-1.4458429763428104,63.36794491430833,116.23214190226149,-0.4768149825448076,60.17866599988735,117.03963743369229
2305,-60.49565299095422,-35.83467648764714,40.97756445034069,-60.232673527894875,-32.85444314566688,41.24629512344827,-1.3548089920008695,63.38384491457897,116.23280598794301,-0.40421404208872946,60.13794249900703,117.03705047274755
2306,-60.40495849668701,-35.844146067488296,40.993270230864745,-60.10517242858793,-32.829634361475435,41.25555211672114,-1.2722213734077126,63.36659483455165,116.22012650956101,-0.3383480977121317,60.08936012036407,117.02707689499398
2307,-60.32752614063617,-35.87909669053863,40.994799391912196,-59.98795795153647,-32.84029359083798,41.25669059396587,-1.2030920558508669,63.32894235580946,116.19818035916566,-0.2843436279910914,60.03171517599971,117.01295919127385
2308,-60.38769496178207,-35.82588943679763,40.98193161166102,-60.08574013007452,-32.8021424740406,41.2510961766497,-1.2557771464391276,63.38247864490283,116.17099658488691,-0.32383551084095735,60.09555681762171,116.99802875392153
2309,-60.34456568575839,-35.88889439523502,40.95719657919467,-60.01030987386284,-32.85752625165649,41.240586691729526,-1.2199217186410716,63.32091655423818,116.13961261384165,-0.29971598976092595,60.03007514896368,116.97940244480814
2310,-60.312654014456584,-35.9518376027413,40.92652883275038,-59.95159511467941,-32.91811029815654,41.23087202976361,-1.193353332910657,63.26044719099659,116.11050689326373,-0.28403646973572394,59.969139581688566,116.96273780911088
2311,-60.27921053950121,-36.007726158938056,40.90056993892936,-59.89466042281938,-32.97351025350823,41.22315527116323,-1.1659649548440822,63.207689906638635,116.08605584964222,-0.263443113075208,59.91621695248978,116.94926414712874
2312,-60.23847527512429,-36.05101979755488,40.878509861902145,-59.832729761892786,-33.01614652124264,41.21410608129527,-1.1307366195246829,63.165832514308754,116.06539373659696,-0.2299694582241413,59.87408183217034,116.93558084885957
2313,-60.19247167020763,-36.07784288492451,40.86103847704977,-59.768210678985106,-33.04209152330137,41.205424681411216,-1.0898845492168328,63.1394985320055,116.0493368479451,-0.18876500696859133,59.845736536190735,116.9230291154507
2314,-60.14203839079474,-36.09055780353151,40.851826122745244,-59.703109738373826,-33.05577994167948,41.20420167665847,-1.043743174389246,63.12700778549977,116.04132939160898,-0.14250882987992436,59.828846806525156,116.91845650359544
2315,-60.0763604933198,-36.10012177344628,40.850291129653904,-59.62337444844446,-33.072616144292894,41.20732450057274,-0.9811365972155794,63.117684458084,116.0390327160361,-0.07710679484685426,59.80945126057754,116.91917791559685
2316,-59.98722939130655,-36.12920026456743,40.85743683401404,-59.52306116269676,-33.11852689799895,41.21532647365734,-0.9994495162136625,63.10917631997257,116.04479192041357,-0.13603585879113728,59.79170666947716,116.92413025966547
2317,-59.88190537666981,-36.20051217473697,40.86946685086716,-59.41381470100257,-33.211735940099025,41.227001921369705,-1.344291458081135,63.23876700186014,116.05176594071138,-0.637357546384951,59.96907378296818,116.92806348569411
2318,-59.772155046428985,-36.3167526426174,40.87658878427619,-59.303755377615396,-33.34680529744609,41.230490524033286,-1.7913828644636145,63.566303391000744,116.0641984047336,-1.1838283253034998,60.36393599337104,116.93849937699794
2319,-59.64351293661071,-36.461002423355275,40.87853390812987,-59.17527228029432,-33.498899787949355,41.2248592909223,-2.20884761635203,63.91696968679544,116.07398975963929,-1.5705918322735173,60.69636866602232,116.93585879080379
2320,-59.465493991654995,-36.61103258882691,40.87670107974793,-59.00102098776687,-33.642590141054335,41.21415694887954,-2.564190375916014,64.19429768071747,116.07929331820607,-1.7552306333876981,60.89630485544479,116.92302117907983
2321,-59.222369179304245,-36.74088180593739,40.87091732097787,-58.77560183073716,-33.75685025265037,41.203817305487384,-3.08587375507976,64.55759543346471,116.07015182340365,-2.083696488950763,61.25587834853644,116.90182860794205
2322,-58.92368372583911,-36.82834361954788,40.862944299529616,-58.50555523585431,-33.83159755148156,41.19453830550272,-3.966582955381947,64.9629848314244,116.01226022478248,-2.7856137757409494,61.69360285711814,116.82428519625248
2323,-58.58957111383525,-36.88255469542364,40.84823009696573,-58.20295802350294,-33.88273760670489,41.182473762494034,-4.821734586073955,65.36254995235359,115.95123190857615,-3.3985815365473377,62.10114829074027,116.76198251946464
2324,-58.23700377646216,-36.94021098156077,40.82704590352654,-57.882065350174166,-33.94316752164442,41.16846622556409,-5.298918240533789,65.72294105496053,115.88356903493721,-3.847671595273018,62.34931279401531,116.71081219631675
2325,-57.87772627904773,-37.04258093982011,40.80688797603716,-57.55386457951201,-34.04589775994917,41.15365382804469,-5.2881884286026075,65.99192590503571,115.81694199818287,-3.8077256503309886,62.44807707612187,116.67967526946786
2326,-57.52194163748142,-37.20756399866126,40.79311717921291,-57.229171461305235,-34.199809435386406,41.145454948634715,-5.235082973405514,66.17583392695792,115.76244561999115,-3.7238983334997684,62.42184535793707,116.65078306670314
2327,-57.18005388327575,-37.420287882648196,40.785428728289325,-56.9126777720125,-34.39251399326845,41.14283124908969,-5.218912577244784,66.34927665970771,115.70166489194577,-3.583686552828461,62.388449798739195,116.60418732026122
2328,-56.84224773496827,-37.648628763234306,40.78036362697195,-56.59771454320502,-34.59874093036448,41.141392735229665,-5.159116007925534,66.34565825253894,115.67802805763284,-3.54082284809187,62.36390874881678,116.60992773186123
2329,-56.49293775657265,-37.868329820560525,40.778560611501945,-56.268563132181505,-34.800168862839165,41.14205396796893,-5.124418002609392,66.11906388457436,115.70509579897478,-3.8414401253434187,62.35308057708451,116.63650038136177
2330,-56.127086416246385,-38.06407434963648,40.7825370392013,-55.92028522703749,-34.984918846815205,41.145442517993274,-5.148363522547798,65.86407632752064,115.71909808213589,-4.151472258752418,62.406879287511295,116.63795962730698
2331,-55.74492808115601,-38.23386424262707,40.791241639025074,-55.555635548974855,-35.150362189002074,41.15013076425887,-4.973518328834455,65.59639845929358,115.73200110986404,-4.134957648185587,62.3272295791462,116.63221610148327
2332,-55.35357070359561,-38.38743312901518,40.79902594670895,-55.18049822498209,-35.30625332575938,41.148842508952164,-4.870165629733692,65.54532149825675,115.69833512418546,-3.884195287843064,62.36373833299061,116.5700171476781
2333,-54.956640741750846,-38.54321647065153,40.80119845656194,-54.79616860577203,-35.46585997164472,41.14331001194399,-4.698753993819889,65.5517587461449,115.68066130925948,-3.5474355944391345,62.3756064825505,116.53840332590808
2334,-54.5606128912056,-38.71351200519414,40.798815969404345,-54.409585204281555,-35.63970579691087,41.135874673043936,-4.772909123786282,65.42792684361417,115.68171199685223,-3.5456442384338653,62.206339936885534,116.51548447715577
2335,-54.172205846302,-38.90319294623446,40.7918864274907,-54.032357491929844,-35.82784876325114,41.125394607620464,-5.035331635992312,65.9173676970196,115.65603468759606,-3.8744867474435827,62.9241753677032,116.50306794288844
2336,-53.788964943388414,-39.1109059010337,40.77871254709239,-53.657050332654364,-36.03023360288881,41.11168902490308,-4.781941898608135,66.1681533921519,115.62299885381377,-3.7553675075312514,63.14495098993645,116.50485946210435
2337,-53.4040766992421,-39.32900770964667,40.76029158548825,-53.27569746812257,-36.241736070221584,41.09660591848772,-4.237070502811073,66.49852228778063,115.62705304419684,-3.324304272998708,63.51434149059899,116.5373724025294
2338,-53.01304299856269,-39.54440052283253,40.74171970719653,-52.88795197852614,-36.4473940407871,41.08607738739428,-3.3652341339412732,66.85792643872627,115.6409938203021,-2.2619497559952686,63.725244123573134,116.57091124219806
2339,-52.61188746020088,-39.751973240186764,40.72500195931109,-52.49078339534839,-36.64817343771072,41.0752890763612,-2.1441342455664127,66.71070548370831,115.66880481912254,-0.6742956863963789,63.2567048306671,116.56022824232433
2340,-52.210122942790534,-39.953844659455804,40.711676744740416,-52.09289413646895,-36.84743054967088,41.06793848378834,-0.7542052513226911,66.92222280764295,115.6654308415586,0.9687364356429948,63.35116994105274,116.52680636247032
2341,-51.80415195061482,-40.15849601518481,40.7045782712164,-51.69052097955711,-37.05312298018085,41.06587515554195,0.8889135561733386,67.57889650864557,115.64058456635752,2.3486343596618813,63.90177821884989,116.47580680408943
2342,-51.3948016528721,-40.36709345112593,40.7073533758838,-51.28929902697313,-37.26201785361805,41.0704925146269,2.773288057799727,67.42905925733086,115.64016242022664,3.5074421403386786,64.09493251911762,116.47452357882476
2343,-50.98352747759923,-40.58030126270341,40.71589306369959,-50.88700227180219,-37.47436398696283,41.07665104314322,4.530428822116292,67.57034914893042,115.6188743699981,4.612471341020595,64.30401874814463,116.44836048850571
2344,-50.57373769114638,-40.79711212932537,40.72958338382247,-50.48251497601751,-37.69260274993403,41.08435005194932,6.068263939702404,67.47380119506946,115.56871198946644,5.519759994788195,64.34124259653376,116.41429713773164
2345,-50.166288009957874,-41.015370961019755,40.74315372066002,-50.07955337917431,-37.908055158796174,41.09219186384397,7.085842890585896,67.56056477045715,115.49794865267303,6.239846652673966,64.53304186928699,116.36453694074218
2346,-49.756116603745674,-41.23297962049073,40.758480578460016,-49.672484925484575,-38.12463144454708,41.099969456823466,7.578415048663706,68.14641738098896,115.4348394027414,6.804081095695826,64.70830978815508,116.29996168779128
2347,-49.34727483073382,-41.44577266971318,40.77132901227505,-49.26837644631427,-38.337848121899555,41.10829315385778,7.74468030546801,68.34881286828181,115.40113279364311,7.1929760700272585,64.76501806771155,116.2791555316846
2348,-48.928907837430444,-41.66056933403028,40.78340189292129,-48.85148011989647,-38.55440306078368,41.11772762524584,7.923992488049414,68.22476840053685,115.37515712437897,7.578091616465085,64.83881608683035,116.24852321063267
2349,-48.50486885103547,-41.874555491494945,40.794525038808516,-48.4276586505476,-38.76930582944674,41.12694021422762,8.043304144231733,68.01466860995025,115.35914639601168,7.860329107624586,64.54477873698158,116.27224420821427
2350,-48.076475794297544,-42.09169865344603,40.80568670843003,-47.9997031692025,-38.98570924954158,41.136668960892685,7.985391417205038,67.76087418318363,115.38291714818536,8.012576496284225,64.31958034832593,116.3197819564771
2351,-47.65035124458362,-42.30515537677774,40.81614037342433,-47.575277935627504,-39.19711299028665,41.146561825138946,8.047735809833435,67.5846805085366,115.40899507368667,8.325995903107565,64.12438455587687,116.34709288506471
2352,-47.22246460541751,-42.51995090426975,40.82587249355429,-47.15044674507187,-39.40715817304293,41.15604392561936,8.229892524976725,67.36357353120823,115.45630661644294,8.734047962240194,64.06741185586591,116.37621505450251
2353,-46.79149416280328,-42.73569205815439,40.835612894098105,-46.722949618455104,-39.61804783780537,41.16595151937425,8.390107358035156,67.13629061835776,115.54836525920642,9.016409819485634,64.02972644994585,116.43883000743435
2354,-46.359767679085664,-42.95483729239948,40.84579261581188,-46.298119911318906,-39.831327268150794,41.17649182809666,8.506860346139625,67.28399493770839,115.63113100114523,9.128400984520399,64.43642797125392,116.50673525353484
2355,-45.93625106919285,-43.17940460643547,40.856748865847884,-45.87644278518237,-40.05324875035684,41.18795614100183,8.528017687358384,67.64833620422785,115.72546703484515,9.16041922572245,65.09080624443294,116.5631245223645
2356,-45.51812170010015,-43.41342237545646,40.86854642784496,-45.45673426970877,-40.28642941044896,41.19926140964636,8.365192439644892,68.15222362370417,115.79872230616749,8.885120172414968,65.45603794801994,116.62578192313029
2357,-45.09857355306181,-43.653720257220584,40.87961613227345,-45.035039818531025,-40.528689938583724,41.209611084343464,8.290658081940492,68.68126966187236,115.85094583018409,8.705877647748,65.79713179091613,116.67354370554959
2358,-44.68017333140192,-43.89625249533486,40.88984279952938,-44.61878521607162,-40.77273979172067,41.21951997330795,8.10779745678695,69.0913502411649,115.9032436737861,8.59984495028236,65.87326670659948,116.70038556945164
2359,-44.25888277416433,-44.13263149538378,40.90036778522253,-44.201166513746294,-41.01095558573482,41.22978624107819,7.862746174508936,69.42698300913298,115.93905876023086,8.597718012327212,65.91894432096862,116.7076464876697
2360,-43.83503520124686,-44.36457094290302,40.91098717567095,-43.78050855433344,-41.24587753868321,41.2400767334003,7.693599111282661,69.78585272360345,115.94325109063114,8.664953759055747,66.00438778884589,116.70886616012189
2361,-43.40748689530923,-44.59405713997733,40.92214203450751,-43.35731354861635,-41.476353945198724,41.250683150512565,7.485988908864391,69.9658759598647,115.93530056663735,8.57040776305036,66.26905932428582,116.71168886787748
2362,-42.98057302222232,-44.81854567793502,40.93188174763523,-42.934748392304634,-41.7006863896254,41.26020798387244,6.955133243109046,69.72670360734655,115.93167332733232,7.973795193583813,66.22858021473857,116.72306937163809
2363,-42.55449524629781,-45.04488727721442,40.942280769388844,-42.509285867954816,-41.926713724292526,41.27048962206823,6.467124338392741,69.36567923813824,115.89439104074717,7.247422098230623,65.85578733341107,116.70288424696865
2364,-42.13119638302304,-45.27716711506246,40.95513930479898,-42.08197758902015,-42.15866797816015,41.28347184060009,5.676888632377483,68.62751489373969,115.9217174876173,6.27756406898952,65.07478816934295,116.77296769084927
2365,-41.70207983448048,-45.50786284950682,40.97133277647573,-41.64962540979823,-42.38932502171991,41.301747334987795,4.709449109637855,67.76804347992571,115.96867521454189,5.298588786154741,64.08973448185353,116.84440627004557
2366,-41.266292285868104,-45.7337847985387,40.989285884660845,-41.211230232730095,-42.61251334595719,41.322095036261665,3.7957339141871413,66.91564241447107,116.05036013084253,4.667675733707201,63.31421489756348,116.93364542836264
2367,-40.825391724227536,-45.95367738226086,41.00973319657084,-40.768467809910064,-42.82977755567408,41.343894939193866,2.7926600939747095,66.08421712107447,116.14747588586282,4.095582690151113,62.78961991707225,117.0216871044925
2368,-40.38289324552993,-46.17211200751129,41.036294730276815,-40.32629797903477,-43.04463983214253,41.370587347737086,1.7824201440859042,65.1861709719146,116.25791044802604,3.4660909269893247,62.464483332687486,117.11629338173164
2369,-39.939443855093785,-46.39452044264267,41.0696997469859,-39.88802518226978,-43.261537681873754,41.402247130647865,1.200506351076898,64.59192324711718,116.36574685116157,3.0662966557204383,62.355330937295335,117.1973258828211
2370,-39.50130020569964,-46.62445009323459,41.10943580821114,-39.45322525799335,-43.4866891482215,41.43723376133918,0.7708033468793004,64.1564577070723,116.5016801574436,2.729002612659475,62.13448512226897,117.27452038506418
2371,-39.07282025040169,-46.861412900157056,41.14861396357944,-39.02762017623188,-43.72126947071989,41.46710602436003,0.7672148621791139,63.80576725021563,116.57863315867833,2.672390977549395,61.58767800921051,117.3418242225837
2372,-38.64471705840396,-47.0998522250259,41.18052807481682,-38.59845679918138,-43.959842999399605,41.49122575276909,0.7578030539711185,63.6392161592951,116.66027331080106,2.397008425352637,61.060544504060616,117.41201457209624
2373,-38.212408164491904,-47.33616167516859,41.20744602123473,-38.16266032133075,-44.19792967204075,41.51280297529408,0.876700733732921,63.56685369805173,116.75953855399801,2.4969703602544917,60.79164755229984,117.52474905897058
2374,-37.77753002704495,-47.568665124831696,41.22971628321662,-37.72601706176001,-44.43344248389091,41.53128670034351,1.3226473313839482,63.735614923869534,116.8874438581358,2.964545490864114,61.0209865168331,117.6714630434774
2375,-37.336229148558914,-47.79737563119497,41.24681117369715,-37.284631119507964,-44.665676231487815,41.54762671740426,1.8358564376328883,63.885359586501636,117.04442007355904,3.2616679130367006,61.276519468728594,117.85327623108631
2376,-36.88859701239389,-48.01884945508813,41.26191452168709,-36.84006257855164,-44.88769669367992,41.566761773091834,2.0952322737388167,63.95050581978868,117.24480975729392,3.25653199196131,61.49991249650777,118.0655317924233
2377,-36.4420478686725,-48.235685824867055,41.275538791029895,-36.39650732520061,-45.10383408546019,41.58800280373058,2.532762019576831,64.15756997655478,117.47431606921297,3.487563596184546,61.73332780847434,118.29008838262739
2378,-35.99289544180691,-48.45507745625479,41.29133312433336,-35.95244527569545,-45.32138587265399,41.60898949436996,2.7794987978732633,64.73031324133248,117.72458084837656,3.635068468326615,62.06572013235205,118.50442593936654
2379,-35.54941754271611,-48.68012492764045,41.30978252408476,-35.51183055248725,-45.54433105668001,41.63036204728331,3.3522768077542877,65.35373123588049,117.97843113789631,3.9806976154755054,62.30817334306084,118.69968464892918
2380,-35.11322460187894,-48.90838179357899,41.33019641038817,-35.07434394033804,-45.77241419631971,41.65255262231559,3.92767230302021,65.94406729191442,118.2198651462322,4.570029816970122,62.61942402162771,118.89338832177357
2381,-34.6772418066399,-49.13934227923255,41.351082782293126,-34.63846716357463,-46.00523885981237,41.67187073109896,3.993611562564627,65.85264931707857,118.44711835709559,4.709633778028649,62.36205889889822,119.083581273771
2382,-34.23722827257547,-49.37134164563665,41.37231420433934,-34.19774730353393,-46.24228056798265,41.68884027186521,4.151818515012813,65.68722097624179,118.6366822063198,4.875418292080188,62.11805067096729,119.24690697347721
2383,-33.79747270070182,-49.60439194011914,41.38972312138651,-33.757133376422736,-46.47878302610218,41.70285715480526,4.488583928655193,65.57664199665803,118.77886391491741,5.019666374344855,62.01815388296583,119.37860968605133
2384,-33.358227777060804,-49.83324486916488,41.40209663679161,-33.31991220734253,-46.70682801949366,41.714086045786075,4.756557734931772,65.38346194038814,118.85590909158744,5.274707412170836,61.87155487927509,119.44874501195665
2385,-32.918941962783975,-50.059709929692524,41.41105919760318,-32.880866767552824,-46.93023746909134,41.72332966561622,5.076041133324393,65.1428638071565,118.88142598121603,5.509879524180267,61.833488060194796,119.46797662252085
2386,-32.478327962124716,-50.28451238685219,41.41764521017815,-32.4400186278959,-47.15046405931061,41.73195049988676,5.246738885909519,65.07846303648726,118.9138560543054,5.713693229918806,62.031038903780455,119.51624224306627
2387,-32.03844170901127,-50.511501138690534,41.422725843024054,-32.00104277649033,-47.37248718427756,41.74110555450084,5.189840520783244,64.84320602246773,118.93891073298056,5.867669681426042,62.079144180033786,119.58223013195696
2388,-31.606697940185864,-50.73998040280345,41.4289473113999,-31.571191237649877,-47.597634480011536,41.75073261861527,5.207656730640269,64.87317453575758,118.94037878034064,5.774575903552583,61.97496508901031,119.6361466219895
2389,-31.17967968122819,-50.971439732909026,41.434936547365204,-31.14060565102711,-47.83029338018987,41.759427288095445,5.201048059774446,65.11774718286578,118.94662579594856,5.717454295775374,62.15461428780575,119.69711195436965
2390,-30.750154248506778,-51.20646890877209,41.438454474962775,-30.705127247858517,-48.0698092553184,41.76430264358171,5.264398470918453,65.19034476613948,118.96128129004424,5.780000502845424,62.15227513892888,119.75895888372743
2391,-30.318515628654005,-51.44077293717302,41.439739116781034,-30.271732692690026,-48.30488800424419,41.76648089440313,5.294623454274631,65.4247979898758,119.02831318395279,5.920714894622981,62.30545894804231,119.84688785965236
2392,-29.886236220173604,-51.67097116707065,41.43949072250954,-29.838598415225505,-48.5348280596853,41.7669729853686,5.352412245701194,65.52491372405257,119.12829571092342,6.104907596770759,62.31673636163549,119.9265332220614
2393,-29.452839429211302,-51.9016669745516,41.43794662624774,-29.403247341840306,-48.76531009534932,41.76626966419687,5.282064465209588,65.63160889298919,119.2051191407597,6.096746808304915,62.561325436062326,119.99144505602526
2394,-29.012285159601664,-52.1310915813891,41.43554467929411,-28.962413873978637,-48.994629428220726,41.76510115913211,5.245548986271662,65.80147429041627,119.25504306304471,6.124406238406653,62.73621591996652,120.03191516112062
2395,-28.5654063509073,-52.35760583482369,41.430714568030346,-28.51925788500506,-49.22209928432066,41.762502988457086,5.3737589178830705,66.0469180665339,119.30702050915077,6.15999797315324,62.8436257861233,120.07162455548772
2396,-28.11968159403361,-52.58118812786876,41.42594161493904,-28.07755092739905,-49.4479891668306,41.761370983546996,5.383214568155291,66.14824195571843,119.3547819074597,6.039648570467661,62.98897161078607,120.11380177297264
2397,-27.675869108947502,-52.80451259928145,41.42436549795736,-27.632965875649447,-49.67665588472072,41.76275473172087,5.714376507982031,66.7223113992624,119.39097994035892,6.504260842604826,63.62336613245425,120.14274996139625
2398,-27.228763837356993,-53.02959590589387,41.425646050465055,-27.187122073058884,-49.90452478717564,41.76634010869324,5.91969345963681,67.27463094520782,119.39599721124027,6.787388568669139,64.25755319269881,120.16077861790926
2399,-26.77728150966732,-53.255273292330955,41.427032189043,-26.737846764977014,-50.12969790445966,41.767801814106186,6.05476744547174,67.80886500772442,119.37189616489478,6.993867734999451,64.63012966231902,120.14364053650155
2400,-26.322839849880783,-53.478975713048484,41.42668595187831,-26.284244962592012,-50.351670369905044,41.765569462176735,6.409930084201381,68.20002240564534,119.34936168076335,7.30459982748936,64.95693812885926,120.13270195016037
2401,-25.868650358721236,-53.70477201411443,41.42376150669661,-25.830837466834524,-50.57374866982849,41.759367766885966,6.6435100707213754,68.86754874901993,119.33222350570504,7.418068671345228,65.58351938155012,120.12078653724241
2402,-25.421918598480186,-53.923895327674174,41.41840570899975,-25.385806828841243,-50.78714965284609,41.75092255347336,7.2459358788710295,69.133122057779,119.3371919700909,8.040847807037602,65.49224374623743,120.15208588409197
2403,-24.973538956716304,-54.14861116469393,41.41010296002843,-24.940050503273547,-51.008302900128946,41.74149832398404,7.879104846671993,69.5231516221825,119.35407360722954,8.428367068225906,65.65332454406763,120.20248916669756
2404,-24.5305509861007,-54.37467328004021,41.40046188759016,-24.49800940635884,-51.233040917243315,41.733255509746954,8.165529784273094,69.54296435865335,119.40602374790116,8.810879100728734,65.78948423588194,120.2863892506798
2405,-24.088438591217983,-54.59785527983876,41.38616212392151,-24.056132219320762,-51.45616862985564,41.723024463885,8.265890400802517,69.61994137315203,119.51977805395431,8.772904145697039,66.10382108426039,120.4343750960991
2406,-23.64107813380081,-54.823718518391324,41.36922570442888,-23.607702338589302,-51.68353923640705,41.71006186636689,8.334850353057051,69.86464143307659,119.64610940503063,8.677053387120447,66.45481765891735,120.53796130814057
2407,-23.205456318339028,-55.047408644635794,41.351634207491095,-23.167655856038436,-51.910955334984244,41.695888221651295,8.026161376456232,69.99729655634891,119.8470260005325,8.2218744627807,66.60337978808019,120.73020506460651
2408,-22.760221537884615,-55.27456022118626,41.34013028995565,-22.718225466377497,-52.14422680366472,41.689958872392765,7.779353846435299,70.02815743246808,120.02635763116884,7.822749297212781,66.94636424211446,120.850436548532
2409,-22.30889429467705,-55.50571554354289,41.33571928160085,-22.268013894465028,-52.376053869158135,41.6917797241199,7.703963991420117,70.63011977117999,120.1103595340433,8.256990116415869,67.4145493989362,120.85033532440313
2410,-21.855750727297437,-55.73210671335485,41.33969275813279,-21.815844496465285,-52.60560980145348,41.70010431208751,7.780495312669594,71.1824128489528,120.18776953776253,8.712734947688816,67.9642294416668,120.86731066632012
2411,-21.397453046869348,-55.95898980957172,41.35216326128253,-21.360054636820518,-52.8344973280374,41.71477227668313,7.9780994665020115,71.60555035116448,120.24976009714642,9.321569048399292,68.23675465302324,120.90133095022887
2412,-20.936273539379933,-56.186215682253334,41.37389391594129,-20.902107387159518,-53.059895340909726,41.73490583152303,8.697205290605055,72.07412363414004,120.21317010971539,10.192630072160483,68.719435062114,120.87493988671213
2413,-20.477261650828833,-56.41409398235409,41.404680201769615,-20.44725577999351,-53.28268492253073,41.759478058849695,9.443328147668984,72.48660324486555,120.22322243603742,10.859623049484814,69.12122200916605,120.90269661027916
2414,-20.019322879805554,-56.64637030962618,41.43319484525996,-19.991392094597227,-53.51138740052017,41.772546444280835,10.422619070325196,72.93727727471105,120.18421854225394,11.333923062536165,69.36356746234686,120.96595918263533
2415,-19.565865755365305,-56.879572504753504,41.44992513842439,-19.537866312728823,-53.74313049049108,41.77391469360746,11.281706995027907,73.07033639382028,120.21773412740022,11.508077059419247,69.34176038429725,121.0775624604612
2416,-19.112758341328526,-57.114026137107864,41.45308619153893,-19.085826531730692,-53.97622192474032,41.76465141060889,11.568229470167163,73.06588373004344,120.34341662807184,11.600333236917708,69.33354442901985,121.20663305325668
2417,-18.660729897123097,-57.34603742214787,41.44359493611729,-18.634973005096562,-54.20819418477205,41.7475334412871,11.791047045002088,72.83754539597824,120.48354895003858,11.697682052886222,69.18558911174236,121.3477475681067
2418,-18.20928204558222,-57.57438383606127,41.42265625542435,-18.184077393048586,-54.43872353861845,41.72594189620219,11.68253427291295,72.61532915865978,120.64418930347937,11.557449927093774,68.90318612440414,121.51234257597123
2419,-17.75992693375594,-57.80448481355914,41.38912432639401,-17.735324246487075,-54.66907702577026,41.69908224169931,11.526616603014851,72.12136674343944,120.86533801659753,11.762322957053001,68.55540751864527,121.6761487639622
2420,-17.30763831990513,-58.04311403848547,41.34236135144501,-17.282427070389463,-54.90667772349274,41.66743705099085,11.37182825416044,72.19935999070076,121.06795788947589,11.902650456019028,69.09552828000251,121.82973906083997
2421,-16.854803751446678,-58.28137015900007,41.293819166230755,-16.826023547367853,-55.14526025564936,41.63267434801656,11.99581017291715,72.11566267704569,121.23885385825989,13.041867849284602,69.22582767978288,121.94784340554199
2422,-16.402811240335794,-58.51947961819717,41.25408840045454,-16.371421026302823,-55.38273202993733,41.6076440971438,12.837021169919261,71.9799501300214,121.35890169809225,14.052838013462958,69.04244265425494,122.03220258075089
2423,-15.947150392380028,-58.75864546032318,41.22469997035945,-15.91358346121509,-55.62032490377985,41.5914415701793,13.618024612463293,71.91104875640792,121.47509441540363,14.728985561549182,68.99815075800046,122.13486276241807
2424,-15.48789837012857,-58.99795174516127,41.20624977685819,-15.453315253425009,-55.856891784346374,41.58320652706278,14.6389678592557,72.36950090047077,121.55772260134071,15.63124524194425,69.558888717798,122.20738597674962
2425,-15.025259927922441,-59.238297623801564,41.19670518620783,-14.992814167896544,-56.094319215988165,41.58041234406032,15.834436727380767,72.86325556555114,121.61081027128218,16.372384755996542,69.89207897406443,122.276076856807
2426,-14.56520620194692,-59.47528016940189,41.19787033291354,-14.538113535810387,-56.326294498597996,41.582311892264215,16.809472742858674,73.33453146522716,121.64028237368912,16.97898006036827,70.00697196839072,122.3269459158574
2427,-14.108515959170393,-59.705619800044175,41.209926844411086,-14.084941659700675,-56.553018518327306,41.5880893699659,18.18709125884372,73.1025255711412,121.67689547157893,18.005166686867895,69.933018869608,122.40291118922148
2428,-13.651971663579047,-59.93162476332337,41.231759415365794,-13.628868493739251,-56.7777783826219,41.59724708036058,19.102774051095455,73.61853343416023,121.74163479256455,19.205580604590768,70.61946108505053,122.49270866727345
2429,-13.192766186352358,-60.15769603022518,41.245195406890375,-13.168846727287931,-57.005416683322295,41.59684772822708,19.957185505574174,74.41456850166755,121.81282771296189,20.18110972459516,71.2719431280415,122.5682369606933
2430,-12.742110368364107,-60.38440796139761,41.25153092497279,-12.71931798909988,-57.234982679592584,41.59080690905978,20.982429322418255,75.03716700781818,121.84597830177347,21.062710704321916,71.66005601070817,122.61072588123037
2431,-12.294931414382976,-60.614300272526584,41.252548487563395,-12.270716852839513,-57.46984459529599,41.58313773540321,21.99282110739464,75.13020375617359,121.95600690441033,22.117726611731946,71.82154282229362,122.739444126214
2432,-11.84583697406799,-60.8467458541196,41.24849215339004,-11.819886991507603,-57.70866084922035,41.57494838153748,22.826265404993972,75.704307140363,122.08541742554853,22.724941608989237,72.51006915369534,122.88019085714164
2433,-11.398000646552191,-61.07852520046792,41.23633360353131,-11.373893252610877,-57.944393981134645,41.56246515255948,23.422052762804896,75.77623218071452,122.22183225191795,22.8929533112862,72.20548665644748,123.00019601867714
2434,-10.947306887790205,-61.30748858118474,41.215835718364886,-10.924870986360013,-58.173762543402766,41.54602982501621,24.052473437137298,75.9361136728109,122.342240020903,23.618887740322005,71.90719896917443,123.11277381822806
2435,-10.496746077912,-61.538269717839185,41.19396829408478,-10.475818372770153,-58.4048062042373,41.5360111538069,24.487450091973443,75.23508260186584,122.53814569309611,24.306211480768802,71.20619900776659,123.33597134973088
2436,-10.052355889732896,-61.76371105606563,41.17989670568278,-10.028291299219983,-58.63079359746334,41.531686857842075,24.97902110126574,74.71125671741098,122.70020657004336,24.944697983587968,70.99825353924113,123.4753630027966
2437,-9.604788701530426,-61.985518823545675,41.17424137716272,-9.580977624743953,-58.8510276009947,41.532330232673864,25.371184349517286,74.33272674325823,122.880317555018,25.41516497369578,70.90945837327516,123.59217958482643
2438,-9.154059349254403,-62.207869368465424,41.17358431505333,-9.129182558887123,-59.072192424031726,41.534655015078584,25.49666065074143,73.82970468910956,123.05717451846505,25.76858923051891,70.53668137723298,123.76467576785873
2439,-8.707569032724196,-62.42854866913847,41.17942644256233,-8.677737374280117,-59.29260716003125,41.54139730184635,25.857618541622514,72.89979926514533,123.22304491759279,26.120473847074937,70.1898228855385,123.93111326570833
2440,-8.263531893910901,-62.65474367803362,41.194685940780396,-8.231822871798746,-59.51663298973018,41.55293745036841,26.45635734204663,72.51645767541841,123.40065358140204,26.45712880869347,69.81718255082951,124.08849292166514
2441,-7.823299134481922,-62.885830676656234,41.217590475052894,-7.789213085618127,-59.743362231855386,41.56682461654692,26.689859894586537,72.11026025172278,123.57605400657641,26.807101858490892,69.43944815491487,124.2244235815079
2442,-7.383858954252753,-63.10943591867607,41.241108369700015,-7.349942983781316,-59.96632402997947,41.58217339006346,26.745215204420777,72.20369988813881,123.67834269362878,26.933968657646787,69.3687410390704,124.36489172998685
2443,-6.940165829574868,-63.33703199770654,41.25615687051895,-6.903808711349331,-60.196451095678235,41.58773163588165,26.69173867264595,71.61040980133244,123.82230591833492,26.975809749540122,68.69330083133781,124.50032793359804
2444,-6.496180120001073,-63.568271831498414,41.263482372299464,-6.459935699325778,-60.429041253188856,41.586496444860124,26.406196733639618,70.92921191077085,123.99435125864828,26.64918410255059,68.10740417780906,124.65271146892383
2445,-6.054855818964131,-63.800714811668044,41.26221118016961,-6.017828828453022,-60.66562504758644,41.57885373510186,26.313485392675087,70.12830067805369,124.13060731610013,26.618030401131826,67.16792011462786,124.80595551193811
2446,-5.612463347437537,-64.03765038041047,41.25141703401955,-5.574265646347168,-60.907146995943826,41.56505073608539,26.114043976280268,69.3270737363301,124.2722433035776,26.514902334402485,66.3653549845358,124.96515060424824
2447,-5.170161749530416,-64.27767376511065,41.23116064000852,-5.131282764949853,-61.14958917077466,41.54624587365825,25.96933514985284,68.61539073443048,124.35233008160438,26.565848634803686,65.7530138712452,125.03100155251916
2448,-4.723182928170473,-64.51884370315858,41.203959366058776,-4.686954147216149,-61.38965991297848,41.5265842183028,25.730977261245627,67.85675238894791,124.47907227515745,26.555583374119493,65.12500036715105,125.15801948060955
2449,-4.272901975249513,-64.75733269050622,41.18059908398591,-4.241396970441449,-61.624785329232864,41.51898596542316,25.63675577822137,66.91409988689071,124.6061745553964,26.590071770385848,64.59783539146693,125.2887184387352
2450,-3.820078022829956,-64.98990817203217,41.16732051804024,-3.784739379037341,-61.857872544038976,41.519680711147075,25.751510175901345,66.59349876901382,124.73199271632532,26.848010795464337,64.42666820749629,125.41521494134057
2451,-3.36369867892373,-65.21847724618482,41.164250064618805,-3.3304339683368385,-62.08352396969195,41.527737446086434,26.139438904506292,66.33496111474517,124.83900427398633,27.079618572583293,64.32490795370258,125.53711247767895
2452,-2.9059679218764596,-65.44329945999135,41.172597224016926,-2.872590586043809,-62.30695749071679,41.54215145825468,26.496569007403675,66.4078142875336,124.95400083582881,27.47170343598016,64.23849538882395,125.67287651505227
2453,-2.4524443734711965,-65.66634528196235,41.19358217610751,-2.422061220494239,-62.52647186506975,41.56307764476384,27.26234110470736,66.51858707318165,125.05452050803896,28.284665856554042,64.1763490154381,125.79748699928864
2454,-2.0013897978551167,-65.89555653760908,41.22699336878437,-1.970636586823846,-62.75384887257952,41.589078499341404,28.091149817866462,66.59383759222143,125.22128405170743,29.15331134492435,64.11273805262535,125.92998469471047
2455,-1.5512484502393287,-66.13284525600655,41.2702044481896,-1.5214934912321516,-62.988715105575125,41.617818556581604,29.069272090251793,66.84867884151318,125.36140609205417,30.001091027779253,64.18554489207649,126.07106715570131
2456,-1.1028635012630057,-66.37616651805645,41.30484900331887,-1.0753332845149106,-63.23092787692984,41.636634219878836,30.073395925711996,67.11592436958257,125.51818170275037,30.74437991006791,64.24328831205501,126.23205083032542
2457,-0.6650181992902425,-66.61442204802741,41.32840858445851,-0.6354113497250278,-63.4720412467547,41.64604382233421,30.649286262110593,67.10117567314995,125.68780028079826,30.976237545697696,64.14017147675642,126.40386944933627
2458,-0.22120414842935737,-66.85411931774557,41.34118385698267,-0.19191384695275793,-63.71536821956705,41.64891074788833,30.94994630928762,66.71235674162081,125.86941046418572,30.800962198897636,63.56374733465977,126.58078963102449
2459,0.22237010740870233,-67.09005323392492,41.34305365922743,0.2526327169913427,-63.955820424792755,41.64536440782845,31.20775218341351,66.37094375446686,126.0468252462891,30.805310179689627,63.149121345708735,126.7575441081129
2460,0.6718209876921996,-67.3263742239719,41.33415234177259,0.699267000878026,-64.19292852524654,41.63683070904579,31.16401355700045,66.19915182413396,126.181821305789,30.8856243513553,63.043680847244985,126.85862652123357
2461,1.1152731661970223,-67.55687604636,41.31510674780411,1.140669948692517,-64.42404144240466,41.62509569795671,31.13007368462372,65.91015695698471,126.29285166187961,31.180760825868855,62.79091561099527,126.93810754286902
2462,1.5621327715281466,-67.78690786619579,41.29719429535444,1.5884765374677916,-64.65434914396528,41.624244364901884,31.03007598772064,65.29054537418784,126.38336596311348,31.475305365689685,62.267850079003544,127.00203043456547
2463,2.009305060656743,-68.01310976590356,41.29042069604684,2.0370130360597214,-64.88046122023651,41.63296611070515,30.64419923560614,64.47655689627676,126.4537314431553,31.36704392400768,61.59163239311261,127.06690241857987
2464,2.4595658389244086,-68.23739914049499,41.29575585186114,2.487264713716524,-65.10267722425934,41.65028441401845,30.520266198215715,63.93870305858235,126.48584250524418,31.29054415452981,61.2751264216804,127.1158927906862
2465,2.9081408647654574,-68.45703625541866,41.31326385084664,2.9381887816207453,-65.32173126304251,41.67509747330854,30.584838929197527,63.69750784065179,126.48912449723835,31.160425343036454,60.921074764249624,127.1576209479315
2466,3.3535059506901774,-68.6763251496959,41.34221869639318,3.385294788576125,-65.53979354086059,41.703496823389386,30.701055093420138,63.413595862320605,126.46771845949468,31.26729994348519,60.63349262293054,127.18951329084264
2467,3.7970738702699482,-68.8988182368798,41.38526044399146,3.83186994259597,-65.76128187403378,41.738850459847356,31.056035137084386,63.08823970620254,126.47660347599195,31.754556810948454,60.574960739180355,127.21654731477354
2468,4.243223453351314,-69.13076953172082,41.44037522325522,4.278238681480269,-65.99168725965059,41.77914281838538,31.322495773097135,62.91068776776604,126.49573347059491,32.25858818102449,60.56813686779305,127.2504813563023
2469,4.683000268425649,-69.36755429606353,41.485825924963585,4.719106184565178,-66.22669828310414,41.80827223421978,31.49838900506456,63.26860499150928,126.53126127524128,32.58703291655596,60.99019141456093,127.30145391618956
2470,5.119641191066118,-69.60958013356101,41.520263727536744,5.156317447088957,-66.46790247615385,41.828550026697194,31.96673088970285,63.9438259451808,126.5698240952564,32.89497573100477,61.526697111630696,127.35808701060759
2471,5.556115672078464,-69.85299129088678,41.54402965610042,5.594026317799277,-66.71211091157952,41.842611692895005,32.678029307795995,64.32476090585104,126.61262003719928,33.498257302073625,61.77423287581293,127.40844156308603
2472,5.990901293319642,-70.09858712492603,41.55918699697421,6.028780858789021,-66.9600194714628,41.85288439940217,33.39383035993607,64.71180546839749,126.66656795156803,33.90681897233075,61.889720316736124,127.46615723029588
2473,6.418887023050634,-70.34017350303472,41.569360325432996,6.450770580580219,-67.20296246457933,41.86132838686883,33.67132030089108,64.98438267695165,126.74243079471742,33.83162948349646,61.79877336257281,127.53688967266802
2474,6.842474249161189,-70.54267745156668,41.56858080174638,6.862989812192132,-67.4043378912454,41.86554557534856,33.62207584035618,65.07558367808863,126.80772418760115,33.75245486870745,61.61606802603845,127.58238655627751
2475,7.262708121387335,-70.6680117591449,41.56805059045021,7.271644576353233,-67.52982258397431,41.881081887917134,33.54364923327209,65.17254560112349,126.83772602333555,33.79622512027644,61.55023175385037,127.58382803077255
2476,7.669885661531771,-70.70834508568365,41.5811967252544,7.667449774359064,-67.57124889902217,41.90839860674735,33.40829383599113,65.01285031643559,126.85219327450578,33.54578068348264,61.540355443568714,127.58691193246983
2477,7.3008101050902345,-70.75069176159174,41.60436833597552,7.3061835926179155,-67.60981438393141,41.941981550891235,33.405099729453205,65.33000454213214,126.86418336173497,33.695033577342855,61.59495313971029,127.59902410126396
2478,7.608409779266942,-70.64713221416467,41.63502696600165,7.616535216105964,-67.50524526841268,41.978388753410236,33.254882674100564,64.90486534158337,126.87142178184475,33.62465441160824,61.52948874373047,127.61790236537576
2479,7.843093230019538,-70.50950869344551,41.67570639816844,7.8630760620616,-67.35608448375511,42.02011919554119,33.19300229853329,64.53776046521008,126.87023113239374,33.60491581659884,61.477481919848486,127.63945775187806
2480,8.012480084535829,-70.35938955430143,41.72611309848823,8.046700666155674,-67.1829032375061,42.06608376916193,33.151848007477,64.48217402271966,126.85906489089355,33.612967199853045,61.4463971637076,127.65978576931448
2481,8.13088403432971,-70.21382973679214,41.783089885314645,8.175283215223942,-67.00798712131332,42.11190000879606,33.05647008555519,64.45137952299962,126.85281094079006,33.6347671544297,61.434008123689885,127.6746140663126
2482,8.209908308746975,-70.08263189867293,41.82696191498928,8.258092869646436,-66.84204389254907,42.142993138478396,33.03146971702421,64.34718549098321,126.87816085100262,33.65985071210219,61.43691494299447,127.69325959774046
2483,8.252128235383656,-69.97216077426013,41.85765448679743,8.297092234071865,-66.69142544238981,42.161604555935845,33.06630750298239,64.45519851680581,126.89716977482429,33.6774229512353,61.45187570962332,127.70153798418517
2484,8.26046811460864,-69.88285810361754,41.87596362687575,8.296706001293709,-66.56041813534819,42.17028117700872,33.07029402771034,64.54177392651391,126.90506164759952,33.682931906881436,61.47311719446647,127.70167849688335
2485,8.24479818426019,-69.8189074528399,41.88440391782573,8.26701765510807,-66.45599805472958,42.17315564292047,33.052283825804075,64.60327088664408,126.90350418314036,33.677955793765015,61.49298281793305,127.69785949893331
2486,8.217052709864506,-69.77863356122504,41.88483670051278,8.220078391312855,-66.38008278833799,42.17581651284345,33.023673332919074,64.6421778140814,126.897352123533,33.66481892031902,61.507699542374866,127.69506274686623
2487,8.183954570310645,-69.75897177905146,41.873926129327536,8.163393572401423,-66.33040053761235,42.17382200442245,32.99055721189559,64.66096465483356,126.8861842713869,33.64529742803228,61.5144855199628,127.68836615188637
2488,8.149909907797811,-69.75678996888531,41.85259209869903,8.105539449149594,-66.3018507320485,42.16795862815596,32.95627306421482,64.66383523216479,126.87301736508178,33.622614128923644,61.51534793172588,127.67888994563212
2489,8.113881074085263,-69.75539284656514,41.83754580403792,8.048412025474354,-66.2709120583834,42.1675914675782,32.921054007272005,64.66602972238638,126.85786946388392,33.59586127512765,61.52491728850157,127.67587280261556
2490,8.068434633596691,-69.73139861395364,41.82972843584898,7.985144553364192,-66.21109721872733,42.17127799277874,32.970023291201684,64.65723765464233,126.85120398056036,33.68444579926379,61.51823938759484,127.67865931654755
2491,8.017395375338424,-69.67122210298255,41.82873584941543,7.920686473372285,-66.11212732904035,42.177161562048376,34.06156902845912,64.85561429986899,126.85307379129836,35.20764698111968,61.80490359129272,127.68634619528036
2492,7.955747482527522,-69.56775228983031,41.83073383815267,7.84703607055551,-65.97328606789478,42.181988989139285,35.130740272969575,64.98426309908763,126.85318454423962,36.38729104519811,61.96342703075057,127.68801829040356
2493,7.86598200371217,-69.42795317518679,41.83108747312783,7.744436028178881,-65.81143372044959,42.18428141464765,36.31102228241189,65.16633186611445,126.86360336449002,37.48466883620405,62.13748717471707,127.70203531840097
2494,7.72512359838597,-69.2707379364386,41.83398715936228,7.593646198808907,-65.65275074524175,42.18569730352462,37.56349843013937,65.7148023014284,126.87526877279865,38.48652025506871,62.660399694121224,127.7053248736137
2495,7.5129222011059476,-69.11735705436445,41.8407332967313,7.386103104642885,-65.51693858073554,42.187438120844966,38.82510615652555,66.64484409507602,126.8975681784347,39.39088932578779,63.40975033914976,127.70953476060801
2496,7.231552980874674,-68.99652195423639,41.844352023662495,7.128965204737327,-65.4180831738028,42.1887941784877,39.67449843967242,67.7561521141867,126.91310497111009,39.69277999950419,64.07409486196401,127.70086540868913
2497,6.908735268939087,-68.90380999147861,41.84089859700809,6.840611867100662,-65.34024637414745,42.18344550287084,40.604819312462006,68.92594077272497,126.93526937695249,40.26828353558567,64.63128339926178,127.71089640032014
2498,6.5599926850945245,-68.80906218093227,41.83369189311613,6.53026788972283,-65.2541177520256,42.1749276077722,40.79222881138999,69.32588869509733,126.9346094609151,40.64258629622526,65.12639886057856,127.71778631334946
2499,6.202087513328698,-68.68918806986149,41.82271235570496,6.206564453908363,-65.14044486049693,42.1628335075578,41.1594748774464,69.55456321893791,126.92310086710557,41.12483333250809,65.27531869976877,127.71076474456397
2500,5.846315721979432,-68.52918416516997,41.80842117742878,5.8813852080295534,-64.98972675587466,42.1482254447847,41.43452903583979,69.64533256815236,126.90201437181373,41.50140429864063,65.29834596074568,127.7037679593734
2501,5.492760135720387,-68.32854869549251,41.790071064113874,5.555311975422616,-64.80422974759868,42.13186061110734,41.439760681649425,69.36284382689844,126.87748321070947,41.502986942662965,65.07770892584729,127.68316524884253
2502,5.1429050204627185,-68.10490327125072,41.76855358019675,5.230512502904211,-64.59774607441433,42.11502961797805,41.2878167585454,68.89021701617389,126.86162814535481,41.50513919011132,64.79949574176067,127.66979203914367
2503,4.785617984508008,-67.87740239085083,41.74913621429773,4.894631724698461,-64.38657165077265,42.105253083148284,41.096171937527046,69.04597024831789,126.84532721706483,41.16002368296036,65.44731176876421,127.63993507289118
2504,4.411787802759793,-67.660129724118,41.73832719231855,4.541515362148125,-64.18161244512447,42.1034170634724,40.691040986363056,69.24619284823474,126.81650734841116,40.95281201366322,65.92510271833238,127.62013868340804
2505,4.021616854447591,-67.4604372606498,41.73664292204249,4.170312440118164,-63.98977045001527,42.10906772939815,40.381683369910085,69.40375928682018,126.78904326117718,40.84081706546232,66.3362385806494,127.60608706977358
2506,3.6196843798963476,-67.27389224500583,41.74442119787068,3.7845110678869562,-63.806987577358285,42.120248031932626,39.972194079017804,69.58113179054644,126.77399202036372,40.737818980367756,66.46513669644834,127.60260397184477
2507,3.2085002230839277,-67.09207326205308,41.761211311615774,3.38849731918221,-63.62901243288696,42.135537789215,39.70486728342012,70.13828815959504,126.76376970685203,40.83913497510432,67.050335738977,127.60558625300328
2508,2.7966988705534153,-66.90515658334203,41.786759458014274,2.9891184500595256,-63.448100075971595,42.15436804997584,39.62373150018851,70.73310568275899,126.75450526671442,40.89878412609615,67.32778309105043,127.5914198804083
2509,2.3903168372615236,-66.7081128191908,41.820142388650986,2.5959012297399915,-63.25915430176977,42.17683260563967,39.56437148761456,71.35998232876196,126.74690656705195,40.98191498999164,67.4921221139729,127.58353378019618
2510,1.9893815026578616,-66.49780162543001,41.84854843165271,2.205329910788167,-63.05774584869653,42.19297103961778,39.82519045985923,71.53243693091477,126.75423740553293,41.05519359859667,67.82192394499049,127.58315680969783
2511,1.588426645383506,-66.2782475136225,41.86977628447734,1.8114304687390326,-62.8445611399323,42.20308229907631,39.88585876234427,71.81171147060766,126.75727146120187,40.92299058733945,68.21551696624381,127.58170324682945
2512,1.1880043263901636,-66.05616224877343,41.884103766743685,1.416969354271552,-62.62624293692794,42.209536352795475,39.860910957006205,71.78478681844648,126.75995425423699,40.772042715595724,68.13820236507122,127.58095420444454
2513,0.7827791782781748,-65.83810846027194,41.89357050701065,1.015604742435537,-62.407361553462124,42.21535585337268,39.960820844726335,72.15279320683412,126.7578843068001,40.81128134103263,68.43363201557901,127.58126871062377
2514,0.3756208985521947,-65.62648011167072,41.89469067535454,0.6120951021641652,-62.193655177771255,42.215839265726736,39.930832719630054,72.34247397962626,126.75186831056682,40.88753219895038,68.88510096605371,127.58048908696982
2515,-0.0378804501852158,-65.42170255657756,41.88919123662715,0.20288867064720872,-61.98895682858308,42.21355283424104,39.91433284950292,72.78088961445852,126.76420306303055,40.9306646637245,69.40748210004385,127.58949515388154
2516,-0.45725653251545456,-65.2163476694985,41.885904984068155,-0.20989313234809054,-61.785018858953734,42.220652399321814,40.06708296854863,73.3464117000196,126.77474636054731,41.23230976401404,69.94765520480814,127.59728292682044
2517,-0.8774103154309072,-65.00609547096944,41.89199128883082,-0.6244258915374408,-61.576627660741835,42.235478047098155,40.21109771028894,73.75978590093469,126.77211816949618,41.45992907433032,70.3681031938209,127.59055217666076
2518,-1.294326935228876,-64.78940459460405,41.907445944820324,-1.0372764196720534,-61.362680232295844,42.256082014931515,41.04346296429005,74.38984327182534,126.8035367690247,42.40186800590127,71.13329708904712,127.62950280820785
2519,-1.7031281780520566,-64.56588682327056,41.92871438363875,-1.4406233113026339,-61.14034250608959,42.27949240184033,41.97781084635449,75.07304269753219,126.83599554242382,43.25521385249786,71.43241162320135,127.66353988185543
2520,-2.1109256493126693,-64.33841559517856,41.955215081261436,-1.8481772795226057,-60.912847913052126,42.306486160152076,42.68136250566418,75.48347074643002,126.87152138801203,43.76823628388694,71.65327941579766,127.69824929168684
2521,-2.5191242922582306,-64.1102078681043,41.990860909931484,-2.255891894799957,-60.68430203739209,42.337726461880074,43.23943842012808,75.62336524296306,126.91465722417877,44.02742969945088,71.66853148156203,127.7372833906278
2522,-2.936566183050895,-63.88152800538704,42.03357718667513,-2.674479880773845,-60.45902550055568,42.37084550957163,43.71198845210874,75.54682375627917,126.96011188561086,44.10631776864652,71.53431623958666,127.77989587979157
2523,-3.3566614290419996,-63.653843019966665,42.072132498432765,-3.096488253694723,-60.23360600311714,42.400292330957264,44.24154104925276,75.23863098270368,127.0250976441931,44.52606483742988,71.21357134092871,127.84035156336448
2524,-3.779064654261189,-63.42636618220298,42.107234478384335,-3.521192858006222,-60.00843036073085,42.42788415590893,44.76789674080699,74.94760590645431,127.10828508360039,44.84042608150042,70.97391034953,127.90184423447985
2525,-4.20284446662647,-63.19484354815364,42.14016170644912,-3.9433689094889095,-59.780628868515926,42.455484347854835,44.6806793872961,74.38388270670967,127.1690628002426,44.99678689026986,70.81379420902239,127.96201482212214
2526,-4.6325816137331834,-62.96608188929278,42.1696615579153,-4.366266404145502,-59.55335236590416,42.48127820695564,44.561039692196246,73.81635486857544,127.17422930825956,45.167739758078504,70.3740942908457,127.93332841036587
2527,-5.06489000788862,-62.73992955100332,42.19710394087973,-4.793789340733098,-59.32682732832559,42.50770361535975,44.53472762881894,73.30449780478553,127.17005090485517,45.26364865037835,70.08882472001608,127.90701073441095
2528,-5.4981880704768065,-62.51311092470213,42.22175466345191,-5.219883367368581,-59.09740817236949,42.53423936180266,44.43545756981018,72.88428008266828,127.15208872998441,45.08537295995029,69.82893350830018,127.87856100735814
2529,-5.927064556980382,-62.29103514593199,42.245924293271024,-5.643742749634532,-58.87461062111306,42.562415234435214,44.33168053968804,72.81400041178163,127.11963292998608,44.8036406976237,69.9622478293673,127.84621723209219
2530,-6.358858176581827,-62.077226632128756,42.27397210813291,-6.0739474430214155,-58.65810819615531,42.592666770259086,44.06606252054075,72.82167319196707,127.07328358784856,44.71081419545065,69.9721716119884,127.82889576739973
2531,-6.795189544690872,-61.864118704792496,42.303740103584296,-6.510324496295803,-58.443895110745174,42.62311887872273,44.03667696479826,72.83096386527478,127.02472645315794,44.945899742444084,70.0043108857314,127.82578357675041
2532,-7.2336473220912865,-61.6510489320724,42.331662306390704,-6.947411125700823,-58.230559493916246,42.65098356027295,44.073345128311495,72.86623830701542,126.97080966554022,45.1283973153197,70.09535833257209,127.82661491471681
2533,-7.670783835095896,-61.43470382505338,42.36331483475959,-7.383931578781075,-58.016237441307396,42.68086857512266,44.31027130894553,72.79541959023224,127.0176956264644,45.61888554659285,69.70979075359863,127.8919074521984
2534,-8.102704785285988,-61.21586133304761,42.399903472313326,-7.817911745029196,-57.80129599979673,42.71571866265939,44.60295425688936,72.5783924783111,127.1337199097127,46.04359578557599,69.26141228307773,128.03710687630544
2535,-8.532622623922625,-60.99505520685837,42.43700921092569,-8.248372196820677,-57.58274820899338,42.751771265418576,45.266641207387195,72.46838685657455,127.22984445126822,46.64754770914433,69.01269898722931,128.1179276456485
2536,-8.963761110306711,-60.76991014017987,42.47338895706511,-8.677870633873276,-57.35984762141003,42.7876965984687,45.892925374660244,72.07345714211245,127.36666408346483,46.93152599244546,68.75974463058067,128.22955530788965
2537,-9.394645352901616,-60.543399227560776,42.51039366566623,-9.108148882100405,-57.13461755352881,42.82398650511149,46.447636714986615,71.65980727536032,127.50779994856568,47.19470628233011,68.44086345098415,128.33257998620618
2538,-9.823765414883576,-60.31824717008329,42.549043819502316,-9.53716488852043,-56.91008888692221,42.861550472272995,46.82069937528264,71.15381582491298,127.648539020509,47.46113746283267,68.07364554758178,128.42607384729817
2539,-10.251061829071281,-60.09760420883907,42.58860543829781,-9.965992750006224,-56.689812474735994,42.89956318090766,47.38261585378193,70.57607665533692,127.82011366345039,47.9369257140979,67.74424410033897,128.54653925055638
2540,-10.681369937393537,-59.87563131915358,42.62856716070133,-10.397155832455558,-56.46777474480703,42.937729672571486,47.56284995238809,70.29384151134137,127.98093714587496,48.11163125630361,67.42758177954474,128.6900222445137
2541,-11.10907105408074,-59.65426771808773,42.668175124445604,-10.825450826820425,-56.246176741094295,42.975795246024816,47.65498946890526,70.37327959315553,128.109302055783,48.15928502837159,67.54101834253602,128.8562887046992
2542,-11.544210108345371,-59.43030277186736,42.7059973004369,-11.259979335164482,-56.021725832822064,43.01251406585466,47.42851221276432,70.67667808228649,128.24253746601227,48.021193755319615,68.05341819866987,128.9608655768937
2543,-11.974830136187665,-59.20980635959555,42.74302319314463,-11.688609246447047,-55.79838057290707,43.04896569702676,47.40310860154622,70.95441111604777,128.3725846653741,47.99350749617411,68.37970400704504,129.08597673403764
2544,-12.407084172222037,-58.992871837804145,42.78132245160745,-12.120018191102163,-55.57842718107622,43.08680989868011,47.43686993741922,71.39788559415415,128.51243897356753,48.09262320795998,68.75768034029247,129.2131768286808
2545,-12.841552717250067,-58.77661427950243,42.82038584811818,-12.55245598997732,-55.35974412671646,43.12563862445925,47.39196400705291,72.08770104405937,128.67163200229294,48.12328044514444,69.29273091241726,129.35221596204784
2546,-13.277612333570305,-58.55903168509973,42.858945658379696,-12.98822033186184,-55.14210997484341,43.16417603104722,47.13740190443176,72.6681746647912,128.78823052252537,48.12035865284779,69.54048693299983,129.45024394127702
2547,-13.712852205081205,-58.34069443501749,42.89676634217167,-13.42373015201228,-54.924122527974596,43.20197395783323,47.62295663335981,73.57670421097302,128.8800815641227,48.94913059982262,70.14150035181407,129.54155395554352
2548,-14.146833701288754,-58.11902576942739,42.93503574974183,-13.857292456456072,-54.70354414091303,43.24033988513413,48.06898042679877,74.08498438361353,128.92743834469823,49.45463059643688,70.42545576248524,129.60477246561993
2549,-14.574196544557173,-57.893222708781124,42.97463901079195,-14.285828479316855,-54.47880850946829,43.280291205717155,48.57862123482953,74.30431037414425,128.9948871327326,49.76471725476742,70.66692993986757,129.65405845378967
2550,-15.00428476437507,-57.66565350966016,43.0156981793072,-14.71678912384103,-54.25248770378017,43.32176473694583,48.80499430556821,74.78807574070385,129.01938474800787,49.6988676294104,71.153844582449,129.67589111722359
2551,-15.429414246329602,-57.43372272680875,43.05756588857847,-15.141659157690276,-54.02305151806032,43.36360524394495,48.95202599080831,75.21793671570212,128.9956488366185,49.656846630225346,71.58622175228248,129.65304792867556
2552,-15.857439501228486,-57.20312324088913,43.09978291707179,-15.56793729821399,-53.7949942917269,43.40557564990039,49.352552406346256,75.88047843291054,128.95215962115427,49.936405664769396,72.48873272739723,129.64281869342472
2553,-16.283208154570243,-56.97585727497935,43.14238899095886,-15.995503230818002,-53.56855585815633,43.447336935945614,49.948520490579824,76.303436827419,128.9020991751467,50.405349923296285,72.69707203810452,129.61255070216137
2554,-16.705257690397108,-56.750057576266244,43.18571983962436,-16.419358897803313,-53.34354022966811,43.48927425856808,49.872500070881856,76.54418975591425,128.8620216021731,50.67996881163472,72.989605151179,129.61375270267328
2555,-17.129470611824257,-56.5198196309177,43.22920973095939,-16.843695252410466,-53.114243484172086,43.53120811723156,50.03418943725387,76.77270054527374,128.8292096405459,51.06523302771401,73.0117840962463,129.6166899964361
2556,-17.55469399747446,-56.29617156939055,43.27072447010609,-17.26810332133385,-52.88844989919773,43.571629031574744,50.245994922112196,77.0384976086553,128.78625102553883,51.35181832050433,73.10353915544268,129.60400504503508
2557,-17.98079061355077,-56.08169001433675,43.31143692404601,-17.6958464845435,-52.67275946247875,43.61168835274344,50.569577601834425,77.14242555285773,128.78217675812212,51.42572671563623,73.24336443036627,129.6289101194287
2558,-18.407205929551843,-55.869449380548964,43.35166050927413,-18.12071619485516,-52.459041184986866,43.65200112246644,50.96347634720737,77.2455139671304,128.80328085587612,51.58990102786126,73.39508340846031,129.6440166739678
2559,-18.83345458102562,-55.656849654233056,43.392988100178734,-18.54591734004715,-52.2451362438021,43.69462676093512,51.12949618867076,76.86784516259095,128.81470835144827,51.7035705140919,73.4039123528905,129.6513886004724
2560,-19.2559856970729,-55.446395129931936,43.43666320416307,-18.96875051161598,-52.03230223626676,43.73962959081718,51.032110682937464,76.72103321270761,128.82037728425087,51.68168134973851,73.22499895454955,129.6272961791232
2561,-19.67960109419741,-55.238466322972286,43.482745223374124,-19.392930122223127,-51.822749440164905,43.78661278533661,51.07648955506284,76.43773529596852,128.82077832452092,51.75893139949785,73.0174631534789,129.62681672348876
2562,-20.106090277902034,-55.02916861236395,43.53227524720085,-19.821604103736167,-51.6112859913741,43.837015737827386,50.97715687988186,76.20387828010278,128.80893956904634,51.78788196916239,72.71710660414145,129.6111181122701
2563,-20.53619730638382,-54.82007761846324,43.58411717665474,-20.25620325287624,-51.39917646717989,43.88877817102917,50.636745416337945,76.02652550383405,128.79302602752273,51.449809108059014,72.62775577667736,129.57756972064354
2564,-20.97000781244582,-54.6097713843178,43.63701535372627,-20.69412711979279,-51.188744182464696,43.94044503533102,50.34726665371696,75.97726387412645,128.7344584216076,51.094386035389704,72.79428239312838,129.525580827324
2565,-21.404567102264345,-54.395822975478076,43.69116902867768,-21.1292910999182,-50.975746225887086,43.992058141635255,49.83514469711676,76.09623823527994,128.65735670161453,50.60365133220509,73.20535596500326,129.45314852605523
2566,-21.84056657682786,-54.180360155278116,43.74701790760288,-21.565039072367302,-50.762390092724964,44.04542005230469,49.29829020200085,76.20004159240494,128.53988268685046,50.16106301922807,73.39855875177936,129.3338889110386
2567,-22.27630167755053,-53.962830410060675,43.805070496006856,-21.998686589051776,-50.547490618757585,44.10123941464653,48.942665125867634,76.48566952610359,128.41972905597302,49.94907635385065,73.61828840565293,129.2031753831596
2568,-22.715832949283303,-53.74393254864247,43.86500165513665,-22.434440089774075,-50.33407238377863,44.15852653091115,48.23071689862076,77.0044805142863,128.29254303094237,49.37432550507332,74.0546386936725,129.10701044199914
2569,-23.16036882045568,-53.52541095284213,43.92287470969409,-22.877714793223355,-50.117294741679544,44.214221402215955,47.70616495085597,77.64365159705925,128.20714988194806,49.144333454052834,74.4343777890791,129.0760705428587
2570,-23.60331857301168,-53.306212113452986,43.97793187738419,-23.321950517400484,-49.89687527550851,44.26703154759829,47.420238433070764,78.2188107105858,128.16884564861704,48.92913135024547,74.80594238326358,129.09632720778768
2571,-24.043990753638493,-53.08602370097552,44.03066985677201,-23.763130072340786,-49.6760885960364,44.31776135966738,47.22019499805126,78.61445134442401,128.1764569362104,48.79593101074128,75.09329665972936,129.15196221917427
2572,-24.4918231100413,-52.865562058755096,44.082833902530965,-24.208452238197804,-49.455459838109654,44.368000858428545,47.164513392329624,78.80230847024093,128.23342468957807,48.691379964017116,75.31158280946438,129.23637493616434
2573,-24.938935040127465,-52.64405064273234,44.12451074855236,-24.652355435902,-49.23259770334458,44.405692499726385,47.11475354923993,79.08236232414795,128.36127963160328,48.56178466471478,75.48075758048816,129.34068534099765
2574,-25.386019151354414,-52.421364143763775,44.158471297800034,-25.094269145985837,-49.00816458670141,44.43628063465611,46.9531629155017,79.2865636361849,128.54390930618553,48.44324312496617,75.57163678183413,129.46283560427554
2575,-25.830763885404455,-52.19892077303453,44.18727122084136,-25.533398413292918,-48.78692584183234,44.46463931917232,47.05586263751783,79.37700000992974,128.74188891799133,48.314618283455225,75.74607246200186,129.59334260621682
2576,-26.275715047464853,-51.982648221566585,44.20422847911956,-25.97503576472674,-48.57128239099705,44.48351563589368,46.8823658130366,79.2751573083129,128.89567906442923,48.05573337513631,75.64391464097798,129.6807828662026
2577,-26.72040392739087,-51.7737249063186,44.211846502954884,-26.418330090810123,-48.362307851546554,44.4959493661156,46.658342541780314,79.14944616139594,128.9980195315785,47.74211686753599,75.59710475134241,129.72410283993779
2578,-27.165540909864035,-51.568614148734625,44.21425221015194,-26.86355440923485,-48.15736982983718,44.50716077820434,46.390937651420806,79.05327063960175,129.0567784997158,47.4668266009856,75.59408798470915,129.73868693505594
2579,-27.609649180790164,-51.359575891536814,44.22200026100343,-27.310165621420467,-47.95090587863406,44.531458152948154,45.83913121646409,78.875195126722,129.06488457828922,46.85059627000537,75.4636192408699,129.71909663035035
2580,-28.053471201533082,-51.153257721766124,44.24392495195621,-27.7590873579981,-47.745865121346796,44.56798867110562,45.320542697066735,78.73811505225697,129.07576065241153,46.35659425025127,75.40975553220987,129.74376298815673
2581,-28.496147675249286,-50.95052887883876,44.277651661716334,-28.203321820773503,-47.54430729557832,44.612518169612116,44.78232395177408,78.50262587231045,129.04033721020235,45.92134715534174,75.18636981381972,129.73571753259665
2582,-28.941584186242356,-50.748389847465226,44.319358890150205,-28.649954941175334,-47.34333861382044,44.660305546798604,44.30617255629268,78.17774884998671,128.96608277398798,45.62136989772867,74.98603678378917,129.70592419753814
2583,-29.379891737875724,-50.54464417908163,44.37470865205818,-29.088441277244918,-47.14107432581454,44.715283949031644,43.913139827812884,78.0926143103416,128.8809296401177,45.35193065977,74.90990164355291,129.64859694879172
2584,-29.817111441689157,-50.329920341622696,44.44648071827964,-29.52386280740807,-46.92900185856766,44.77898872954273,43.57366546023167,78.07391430756448,128.7948579622926,45.109795009756134,74.974020199878,129.57498251602277
2585,-30.247340168274867,-50.10757655530287,44.519432159408694,-29.95496072100339,-46.708541577839036,44.83229893554999,43.33512903300215,78.01001361306042,128.70798423510357,45.03437670511427,74.9928218203735,129.49435456586846
2586,-30.678183279383962,-49.87798274223962,44.57984091513185,-30.39002611995753,-46.4765087089325,44.87413685112896,43.346421317921305,78.05267612430632,128.61805975642773,44.92184393349201,75.04996969868952,129.4011626167306
2587,-31.103955679210085,-49.647794877105326,44.62562548501128,-30.821368875406357,-46.24274033562353,44.906230270994506,43.34280174297018,78.00876607115693,128.47812132880455,44.81222620051531,75.02666924451181,129.29688889365968
2588,-31.53812257851625,-49.41376011880758,44.659266010904545,-31.256328393664518,-46.00544808853542,44.9326284469967,43.15420834169307,78.03524798681235,128.30247740307217,44.41255738450883,74.93120361837755,129.13661170148785
2589,-31.97432897114973,-49.1806067587124,44.684398457218435,-31.692906925095052,-45.76992527202484,44.956017957562025,42.853927929930215,77.95850465498661,128.09833348345168,43.98485813500015,74.6873973838694,128.94262179664818
2590,-32.413717006037956,-48.9456397330866,44.700313189076645,-32.13062575976892,-45.534727715067,44.979326789095055,42.5553632241399,77.73504391718349,127.91506073232448,43.61903913708444,74.36906173598972,128.78320617511537
2591,-32.85555703386223,-48.70900226166848,44.707221231160275,-32.56868680511848,-45.30194051425944,45.00299407797364,42.23972250658043,77.61221285233393,127.75008687116414,43.28309788438109,74.37521254830155,128.65339139608864
2592,-33.297388155654474,-48.4688761072367,44.721126203919525,-33.007435091573555,-45.0673692939953,45.031619974171036,41.80897043766085,77.78507686390745,127.60496069323976,42.96988249755432,74.75603750653774,128.55501027118504
2593,-33.739474104074496,-48.235865590778985,44.74366488003101,-33.4512568427888,-44.83720785704421,45.06416778308763,41.51809916625151,77.87485897123176,127.50575537142275,42.86157532998026,74.98798505098293,128.51136128047804
2594,-34.18881983327605,-48.00756004240377,44.77336387194324,-33.90075594359258,-44.61044859087559,45.09863405066471,41.1734516491323,77.86904768834756,127.42674255047021,42.681131573737375,74.974627849929,128.47500095544638
2595,-34.64301622101814,-47.78761573698944,44.80920258300324,-34.353119550095535,-44.391649359238585,45.13534752941983,41.09103311939893,77.69162514187967,127.4080216633103,42.59770593982678,74.63950797221376,128.45162328910604
2596,-35.095975463824125,-47.569116768475936,44.85055681712665,-34.804435273504396,-44.17272786506639,45.17441370848999,40.77872810628992,77.5654117677653,127.40629635441842,42.10467489952741,74.2735064981843,128.3913821793435
2597,-35.54702118025197,-47.3477440243603,44.8960824724321,-35.2541714097425,-43.94971454629407,45.215920157181735,40.652188239382355,77.82493962438086,127.4872994810247,41.94584215673082,74.3985771286534,128.45579346110583
2598,-35.995709565659396,-47.11728102586813,44.94268605992239,-35.70060026112644,-43.72049083428168,45.25636412864813,40.61180860039073,77.88315264006575,127.55326252856466,41.89151189484424,74.47477881489213,128.4838402156447
2599,-36.439832912378144,-46.87585660835766,44.98667770694355,-36.141906891675646,-43.4790595625092,45.29539446641907,40.484985742660754,77.44090823665972,127.59564142171358,41.68991090767208,74.21106042205419,128.478877299298
2600,-36.88271809176277,-46.632753378737235,45.02768950954256,-36.58354826784115,-43.236582146272895,45.33268224555367,40.720572360885654,76.94238564399278,127.63135762663312,42.18144759940729,73.84713159871019,128.49924264203074
2601,-37.32737147568878,-46.39551053149713,45.06223625314701,-37.02914094270107,-42.996412697256176,45.36247713866086,41.04663982949728,76.67497581689061,127.66529278747605,42.5979862931686,73.68404444084125,128.51307475135187
2602,-37.77628421431371,-46.158886154726574,45.09180303230398,-37.477153378405355,-42.75919506626029,45.388082353170475,41.252196291796146,76.6609493507477,127.6886880817926,42.80814363076782,73.58379364983857,128.5152928121289
2603,-38.22549612014458,-45.926226661254994,45.115468622561544,-37.924918312940584,-42.524851981343524,45.40948533953283,41.80721858498656,76.75734096761968,127.73941017965302,43.038592505398015,73.57269954792355,128.51675323698208
2604,-38.676496095787556,-45.69262480386851,45.13270593510703,-38.37572845403615,-42.28949893390585,45.427548727504146,42.521751112478356,76.51844804028926,127.7139966349163,43.688976667010714,73.50157931635782,128.52377854176885
2605,-39.12495524442835,-45.4571793297249,45.144332761457996,-38.821947251235656,-42.054084539499826,45.44116710282436,43.17249865674073,76.43101394681344,127.7055120714333,44.19355506246117,73.62971763283188,128.52767525348062
2606,-39.57401760974605,-45.221011532073746,45.15016363028295,-39.269302112929985,-41.818453741437644,45.4523849746603,44.05111715888883,76.59816768541337,127.71922434020408,44.763237742892436,73.76082869771591,128.5350761248258
2607,-40.02265829382501,-44.98561681259411,45.15001325884564,-39.71597092538984,-41.58678630772584,45.46088665372813,44.31462054432449,76.73639636136217,127.71544837487805,45.015915141625435,73.69122093898523,128.53592343671423
2608,-40.4704669880125,-44.7565965766846,45.14945389070493,-40.16491427694841,-41.359131299197124,45.46699909929989,44.467511492424315,76.75771784872202,127.74109598240999,45.08475065556303,73.59373254747072,128.57631354770487
2609,-40.91903229860957,-44.53311278299598,45.150202250644696,-40.613839177646035,-41.13808781211139,45.47432253351667,44.732954814378864,76.83291298431098,127.79350295453865,45.172893872662456,73.61257863693358,128.6380347946522
2610,-41.37145980337871,-44.31179792838764,45.15436272449246,-41.067925434713565,-40.91737429694589,45.48409421790159,44.92858118059382,76.80486639438779,127.88362238371946,45.20521979475659,73.55090239407079,128.7401606912821
2611,-41.818921430060485,-44.09128530010517,45.16305701676448,-41.515889665160195,-40.69593507940001,45.49807781459752,44.845508314274966,76.77251825735266,127.9647952368383,45.30620675082659,73.44476426931804,128.81823303504146
2612,-42.264566110655494,-43.86857616678608,45.175070189621316,-41.960287172519195,-40.471294405521704,45.513528612563285,44.64947603550499,76.78620797352318,128.03957751786405,45.2116085922192,73.6082169504598,128.8687840218819
2613,-42.704784996457995,-43.64410196012926,45.18866367307324,-42.40003967711093,-40.2462835653348,45.528528003455925,44.42560224837702,76.67648572061242,128.14815721449312,45.26142928436543,73.59685684549751,128.96119092529955
2614,-43.14053257009337,-43.41593543826661,45.205189829186224,-42.83560768045886,-40.0193788413175,45.543812599666204,44.441993653047085,76.66644699674197,128.28043816709587,45.43768179904998,73.5479258608071,129.06256836374615
2615,-43.570632169395466,-43.1871975154925,45.22360927534121,-43.2672370712813,-39.790495295744805,45.55873470413781,44.52966597432545,76.72398928920752,128.4062577019841,45.54440272269463,73.55983042097571,129.17391219325154
2616,-44.002591766602904,-42.959244299002314,45.24297477880874,-43.70055660645354,-39.56309774664286,45.574891966232045,44.65434487026685,76.7056204540469,128.49738416092995,45.71572192552937,73.55862302673876,129.24380177891945
2617,-44.4362286225826,-42.73443791582979,45.2644803674001,-44.13885486728517,-39.33754440256351,45.59406580572736,44.83660572090574,76.71220945672647,128.52429086622251,45.89342338082542,73.51570997560778,129.26225188884837
2618,-44.87319393085201,-42.51395050700169,45.28448599297557,-44.580678398210985,-39.11525340664919,45.61393163666307,44.8727024162753,76.79994272105421,128.56350762597833,45.90713135768392,73.53701553324234,129.29089054965308
2619,-45.309352497646856,-42.29692176323467,45.30419078784198,-45.01944394791891,-38.89487637388421,45.63410892056734,45.04448174310418,76.7900769042897,128.60959697347292,45.93153251840847,73.66286778519971,129.31121325397993
2620,-45.74768651630853,-42.08314868400959,45.325654128302645,-45.45799485951457,-38.68065567784369,45.65510829469697,44.97404683057682,76.88156747624343,128.6190694032385,45.73863975652939,73.76478801567578,129.3282526791041
2621,-46.1859790516286,-41.87012371098275,45.34944839019122,-45.897075983726225,-38.469150815371414,45.67738804329027,44.89423408628963,77.0249439507015,128.61002124969266,45.70922859629335,73.8849809761612,129.3436025217986
2622,-46.62775659940901,-41.65138851731192,45.3743157670514,-46.33970718268682,-38.251885168384824,45.700575845724025,45.16168417652614,77.40110950617296,128.59421897430687,46.135539360145785,74.3568497579515,129.37616929422046
2623,-47.0686145458562,-41.42862759370478,45.399194987710096,-46.781577408694,-38.0310635936125,45.723706669152506,45.25655324915697,77.67147129326335,128.57594592534937,46.31964532446106,74.5773674106094,129.37924568885813
2624,-47.514355240640946,-41.198031198316095,45.42356001039694,-47.230729018336135,-37.80050458997177,45.74644283829352,45.22298388170362,77.98159901525759,128.58941770773347,46.32498388371377,74.76527219441675,129.38919411776104
2625,-47.95820620791063,-40.96678551320266,45.44983872938547,-47.67913721205136,-37.5694823074651,45.77325487372195,45.26597747857969,78.25021591408037,128.61633533193125,46.30724936236198,74.91384760589916,129.42984656978336
2626,-48.403501346756315,-40.73940216724095,45.47797191045999,-48.12362921989863,-37.34039128679327,45.8027754553046,45.12597922127355,78.4270346288114,128.60213388066725,46.05354279862196,75.01292125582818,129.40268711367028
2627,-48.8555502773498,-40.510909898901,45.50890762102336,-48.570196932794076,-37.112233771057696,45.834775428405344,45.04063427390501,78.57023028104902,128.6055251346902,45.7170597366651,75.05082455680432,129.40607068320003
2628,-49.308436539876,-40.284668861867615,45.54052678936116,-49.01771678754625,-36.88911797478921,45.86653900154929,44.870474337644794,78.62513480896081,128.63058268594844,45.454797766898686,74.99359395676836,129.44127837678943
2629,-49.757300202181256,-40.060379355468214,45.57752723117059,-49.46184150972503,-36.667825127729984,45.90220497120062,44.17383963319949,78.41149223009758,128.65445195634356,44.9647260685073,74.93920224448107,129.4890759340483
2630,-50.20031576916729,-39.83425610296248,45.62254659517455,-49.89919222057968,-36.44448202552684,45.94419632633374,43.547185691671956,78.24515911067094,128.71969684093895,44.50875634501394,74.80489814366142,129.55833257750092
2631,-50.63891800955897,-39.60433770602194,45.665146240569754,-50.33892220243426,-36.212260164455024,45.97961072820197,43.179085671013574,78.11867114890843,128.76107024078044,44.36354329628353,74.76351021995669,129.58789645840403
2632,-51.07381591319907,-39.3717462525323,45.700686404855894,-50.77709999578904,-35.976464616723504,46.00817561592076,42.52040248505785,78.16152806773812,128.7084764820426,43.81671149259262,74.96454495464816,129.51362212581407
2633,-51.51269406845903,-39.13664273013695,45.72892022926561,-51.21673369942294,-35.73787204255849,46.03069053035248,42.091291580910344,77.99726774013618,128.7654388862074,43.46260745764643,74.82078543124673,129.54982543317996
2634,-51.949878499375274,-38.90412876189401,45.75125238187567,-51.65351596085651,-35.50161577902188,46.04905214695712,41.746969058614404,77.62422871219397,128.78831280986168,43.16468974006933,74.37769210074345,129.55609386981777
2635,-52.38423175523131,-38.67725758898644,45.767890871294625,-52.089255824221645,-35.27350702736654,46.0645069283679,41.408550078099076,77.33264002171248,128.80228273534178,42.93639427334983,74.05195981646187,129.58107257369667
2636,-52.82630873724525,-38.450270430142794,45.77923274573682,-52.53101551983586,-35.0490392021094,46.078915195091184,41.2073366867726,76.92819896186097,128.7848326348,42.666894735483304,73.62679226134367,129.5788875142011
2637,-53.27075879341756,-38.22560283140641,45.78370188777945,-52.973843024545666,-34.829065730193896,46.09057813172899,41.09428179887932,76.61198730843293,128.77831087330372,42.51078814135459,73.31370032024648,129.6210878466571
2638,-53.70963402054235,-38.00172838515698,45.78629301531824,-53.413011293768655,-34.60728062326086,46.09992367633757,40.869734556796125,76.26317541644336,128.8311389120533,42.44871355552866,73.08654599878997,129.71284588533956
2639,-54.14906095440623,-37.77662510303248,45.78703748386093,-53.85583811715547,-34.38247699313675,46.10698727010118,41.00247120512039,75.74892174677335,128.9203119192656,42.46216043459647,72.89570713195371,129.73916786728444
2640,-54.58328723999799,-37.551995923053454,45.795668779795605,-54.29285310033963,-34.15649365125403,46.12433931822205,40.83784094784667,75.53751178721461,128.9104471459995,42.150462932310596,72.8631815006786,129.7170537158841
2641,-55.017367290107714,-37.32519891916192,45.812438317571285,-54.725638443871865,-33.92758811922861,46.14926471421742,40.672412890167045,75.53806050686649,128.91078280299686,41.892521892067684,72.80929162363607,129.6898794622185
2642,-55.45275686422384,-37.097747777281434,45.83770443364623,-55.16024485459639,-33.70022066387404,46.17989742736017,40.507659121932974,75.5203250078609,128.88206648525863,41.69049590919726,72.76882184693751,129.64666360987832
2643,-55.888151184196474,-36.87148321576235,45.872871045639066,-55.59629286191891,-33.47457313450461,46.21806345641087,40.34930418330286,75.57382341577812,128.83322250938997,41.44907147237931,72.67748959249411,129.56084331141167
2644,-56.32333072886538,-36.64771591261777,45.91976513102125,-56.033989450285695,-33.25258467509654,46.26360662342635,40.10387618467435,75.57972115803265,128.75346180023556,41.19154763925936,72.56375687658819,129.4933164248806
2645,-56.76583209297061,-36.42216693280748,45.975591974960665,-56.479011408283164,-33.025941849357906,46.31245651070943,40.04673772525035,75.39234115539719,128.6225615432013,41.31288107652168,72.2264012725799,129.42577768528548
2646,-57.209235401683856,-36.198572275086136,46.0354129896234,-56.92729851246455,-32.801073589723536,46.35777269203681,40.0284990198263,75.35994106894513,128.51123368850733,41.528611500776314,72.16604911516954,129.3518791598196
2647,-57.65458804321728,-35.97377048110839,46.08846161767955,-57.37292320857598,-32.575845723555915,46.39884524268365,40.30892557951266,74.91595492297165,128.4134544228237,41.79536324485424,71.65589772919947,129.27231410463287
2648,-58.100208516192986,-35.748650975601976,46.13655404661178,-57.815779812445165,-32.34891400372984,46.43811623440232,40.47388018491571,74.58826787050901,128.32197778832028,41.8389537855437,71.3843814296441,129.20750924420116
2649,-58.517443348459715,-35.5126673245266,46.181855089692405,-58.22008949506738,-32.11937501140145,46.4774444298701,40.44424637594085,74.21566695416912,128.22573100035956,41.616643245207776,71.11566360807713,129.1279209494553
2650,-58.87172794127878,-35.25284490452083,46.22253347090387,-58.55769171086191,-31.873324487819872,46.516234517357496,40.403508941634705,73.82271647985657,128.1350853864767,41.371102682631836,70.8374559118797,129.0204892424657
2651,-59.1496688797387,-34.964169083649075,46.26420594408491,-58.82186186528575,-31.60375212421907,46.559980127093176,40.3263555996409,73.47716303182874,128.04779533650415,41.108199290424324,70.68203206524166,128.9460441003663
2652,-59.33222963265974,-34.66727284291346,46.309165807743135,-58.999364642234596,-31.318120725386535,46.61096569284801,40.05575936345738,73.4489223064544,127.98461544999192,40.86118010376597,70.6366440063442,128.8968680990047
2653,-59.41694492769059,-34.38382480366128,46.35358918557568,-59.0837082081057,-31.033573690668295,46.65874988252189,39.61706417427952,73.45807424732472,127.94324497720521,40.65546412182057,70.67093978681996,128.8661914099839
2654,-59.42294145329349,-34.144537852472006,46.3974219070599,-59.08817133930614,-30.77695150778224,46.705483672334225,39.45257379868201,73.81173463604627,127.91813916617335,40.510370396110645,70.7578911621952,128.84239389728344
2655,-59.379654691260356,-33.96953385996723,46.44143007312876,-59.03558024896095,-30.56334576954341,46.75174412532138,39.31953891825853,74.05585129484803,127.88708355852174,40.424004127153175,70.86163312248097,128.8185137554795
2656,-59.30915392134382,-33.845954627052514,46.47438663793069,-58.94602747955746,-30.39871190489208,46.78100837213073,39.310308151828494,74.15485438034835,127.8680494717641,40.38804846063828,70.96024678643649,128.79188751879443
2657,-59.22066294476898,-33.76570874600689,46.4946565202043,-58.83269658016796,-30.28066965041688,46.794514238667034,39.3968092122476,74.22850680165236,127.8736125343158,40.392477209218505,71.04452457893828,128.7600758331252
2658,-59.125731547540965,-33.72844660526297,46.50064881194299,-58.70799048763056,-30.206039173393787,46.79369787799365,39.48905266103997,74.26034728775343,127.86145985642104,40.427009112828785,71.10999822213242,128.72246162096062
2659,-59.03281088891801,-33.73019816395438,46.491581768558525,-58.57923829711688,-30.174071612348335,46.782374158038174,39.58568812445988,74.26082447872383,127.83537617492925,40.494184911742266,71.15759003557979,128.68201682457482
2660,-58.951048025731914,-33.76325848839946,46.473605667473954,-58.45793194723099,-30.181749597603247,46.76652460806848,39.67260830761397,74.2296708767912,127.7998669157767,40.566078251342006,71.17511525957758,128.64313513149543
2661,-59.015088574011834,-33.70622870089795,46.43958228220742,-58.56057098077313,-30.14174066574356,46.74290276433267,39.60423963245081,74.28472134403131,127.75637970755866,40.497829096253575,71.18644174287465,128.60197963115206
2662,-58.971140830814186,-33.77432482584052,46.38948730751463,-58.483092421921995,-30.20028287589231,46.712993271830854,39.6539580213077,74.21762495812652,127.70788012140625,40.55448468479261,71.15640574886633,128.5590305776132
2663,-58.93722340748212,-33.839705622342706,46.34964421578751,-58.42121341361325,-30.260280827518578,46.69612689039893,39.69379649173196,74.15221630739876,127.65962876397417,40.6026545609423,71.12149987832647,128.5179793526714
2664,-58.89193221931643,-33.894143306728346,46.32441070143067,-58.348957971532116,-30.31051087883743,46.69197658195516,39.74494076483343,74.09694710455219,127.62564483130944,40.664146308385874,71.09057261998879,128.49393779509847
2665,-58.81818701457823,-33.93469769350357,46.31442813448769,-58.245243564343724,-30.346507769652327,46.69735286180976,39.78036504865511,74.08400806804066,127.60335918341592,40.69630609945406,71.1083016986224,128.47812896295855
2666,-58.710470617511724,-33.954761439718524,46.31588243935163,-58.10614343953275,-30.36309467615357,46.70674040642886,39.83708565274254,74.08754910762572,127.590138670727,40.77226166865851,71.127642778672,128.4678914744984
2667,-58.56303218869928,-33.96187445047863,46.32389659131592,-57.92831855597192,-30.37340917255886,46.716782505893704,40.168310184224815,73.57564560199225,127.58796454456234,41.2247073021449,70.41058595334952,128.46875381690708
2668,-58.37314019082788,-33.98157420627674,46.34534373297492,-57.7189055585878,-30.40645442975335,46.73277158202158,40.25334243924002,72.87343364959887,127.60261784703894,41.261290184231235,69.56491581600717,128.48269146842958
2669,-58.14204752600094,-34.04645235091593,46.37858118717535,-57.48970542452964,-30.487474709136027,46.751075518267484,40.39037616067586,72.26928425307977,127.59997014955891,41.42490200545534,69.02991010073012,128.46083884224294
2670,-57.88767291128635,-34.17417124965914,46.40676073374846,-57.25902218312128,-30.619513488424786,46.767019695104075,40.25215200877468,71.26814651966144,127.55240782415491,41.258866432694106,68.04134721511795,128.37778800021186
2671,-57.621093899981496,-34.359162155734246,46.42214793160868,-57.0239856285221,-30.79169522435724,46.77147799667412,40.12379056862015,70.30392673192075,127.47210579047106,41.24413311101944,67.27905851881805,128.27758744950668
2672,-57.33964973665332,-34.571227522547254,46.42710175131407,-56.77213239120039,-30.980321298840106,46.76859654462188,40.16118091853112,69.57100405000187,127.41480863043678,41.4970061384357,67.02667579208165,128.23268281426041
2673,-57.02901376607295,-34.786300721817796,46.42585313241266,-56.489094963410245,-31.16866041359351,46.762584334706496,40.36978164542182,68.87263542792208,127.35714836314388,41.95660145774542,66.85118141551395,128.1954742606071
2674,-56.6908707860126,-34.984285104924965,46.41779049191858,-56.178322768355,-31.346104731610673,46.75082928162729,40.65732202174721,68.7735953590911,127.33611055616436,42.32912048480021,66.72239500979151,128.21598593483972
2675,-56.329523054709746,-35.16261028759092,46.39884370632265,-55.84579772059033,-31.512821628764236,46.733508161193,40.90941923260824,68.79610226128013,127.30792795784716,42.22621058889318,66.66580959278248,128.23560556180945
2676,-55.95118490684261,-35.331215780797365,46.37269978479371,-55.4975826242833,-31.675475112209902,46.7144913999942,41.04950532101315,68.73232491778684,127.30663910139411,42.27093860559588,66.5756436235849,128.25745560182685
2677,-55.56312631633634,-35.50610111834653,46.35048440276713,-55.13991754923128,-31.845280387423003,46.70655221927883,41.12216616895655,69.33411977954515,127.33509040463497,41.99825806466784,66.89177993992763,128.2595003592193
2678,-55.179259751987,-35.696676725776484,46.34008169069169,-54.785712662249985,-32.03006776965192,46.708402047417835,41.22632016793029,69.72982051225539,127.38253199987997,42.026967956742226,66.89319856725699,128.25653562151857
2679,-54.80010661621659,-35.90648473202486,46.339956746529346,-54.43129211110198,-32.230753826261065,46.71734469158599,41.13994753909357,69.75102970700786,127.40338171154276,42.01713117330495,66.75780402271455,128.2439541780129
2680,-54.435804252246875,-36.12848654050633,46.346551446882266,-54.08481927703974,-32.44305959821614,46.72966291502411,40.91458023816284,69.81200186137134,127.4270365736624,42.060439714072935,66.73287475004336,128.23419836741758
2681,-54.07228727579663,-36.35412307915097,46.363556059976496,-53.73400622875666,-32.66027873703536,46.746748435073286,40.67545600985735,69.85567025227171,127.42807837458385,42.07155688334041,66.67343502900631,128.2458202983805
2682,-53.703991812015786,-36.57394537085176,46.39128614340984,-53.37556829932037,-32.8742871091197,46.767973752803925,40.73395016189791,69.98003625269996,127.44644762448755,42.095280311291,66.80273054453811,128.28519669227637
2683,-53.32655003889656,-36.78476087218864,46.425835281967466,-53.004942168376644,-33.08311925092166,46.79024404369653,40.611565608539586,70.10793463323522,127.45055905864538,41.98639100105914,66.85884106659647,128.3025159483851
2684,-52.93881296064101,-36.98763120477822,46.44847722399206,-52.61980474284224,-33.28638362025002,46.798475765995455,40.68171471312774,69.897667008197,127.45707307019592,41.87071969258696,66.8262641362366,128.30584237329543
2685,-52.53928933735144,-37.186730565335615,46.459145688538705,-52.22260733928668,-33.48576363133338,46.79600397335446,40.67504979045234,69.82893014059667,127.49227746712748,41.91457740221949,66.74586710242443,128.34305004824265
2686,-52.13660161789521,-37.3904514342094,46.45845485441826,-51.82155926147142,-33.68681322844184,46.7853863420533,40.81669777386849,69.76903910258201,127.54606459827629,42.13561563473996,66.55693241376288,128.3889387211541
2687,-51.72797237221335,-37.607227295029375,46.44806013803742,-51.41889621337213,-33.8977888658328,46.76910099313486,41.00586091040623,69.65296864812431,127.63157844240446,42.424250728017164,66.41430846539924,128.46999973120558
2688,-51.32415404850712,-37.836320562624,46.42541297512824,-51.020715721901254,-34.11702742311412,46.74687756621441,41.11434474067272,69.46853838523415,127.76472223386496,42.522982975706036,66.16492863748188,128.62152884394806
2689,-50.922402179477984,-38.07639719003996,46.38912851642583,-50.624849790019816,-34.345047672680316,46.718513431425386,41.20985581149868,69.12188401692487,127.84493454673802,42.596023855765395,65.91749247582017,128.69911047310217
2690,-50.51915265228347,-38.314159371467476,46.34087306132925,-50.227698363661204,-34.5726570056868,46.68553422819084,41.41644400748997,68.75319726673803,127.93984994251821,42.68671939805279,65.64471107494205,128.7680515085713
2691,-50.10740907293023,-38.54254377297331,46.304023937010015,-49.82105600821867,-34.796671003284345,46.66578088135494,41.48335595352944,68.5268525611578,128.08986202446135,42.530399398182,65.55055539917069,128.8903787452004
2692,-49.69423432057275,-38.75992628234789,46.280294308539986,-49.413833505073846,-35.01457928932197,46.65882243590559,41.29917208476409,68.43827504469301,128.29112980610535,42.18116625573156,65.6042672210585,129.09417950576105
2693,-49.27800753956137,-38.96960887670086,46.271174041061855,-49.00285111468525,-35.22879510507998,46.66356329228927,41.00227096199747,68.4378888721841,128.487879199606,41.922000884949085,65.63776826605209,129.26406579847298
2694,-48.857150592766764,-39.17416176958206,46.27634379970431,-48.58798164920557,-35.43881937570415,46.67796809308959,40.78595728794691,68.36062106335356,128.66846918306393,41.940637859854576,65.5735913110628,129.41840669954684
2695,-48.4370369888794,-39.37872795607352,46.29766927695241,-48.17428501381091,-35.64685428990394,46.70067532781956,40.46608233823016,68.4138999703214,128.82971366784702,41.68902946662607,65.57335993177911,129.60316173550532
2696,-48.01853901055666,-39.58817927688945,46.33377495646857,-47.76071501738704,-35.858004955915995,46.72817418693516,40.106084310256875,68.38624924092149,129.06618379069602,41.43448358217329,65.41328026400302,129.8141511132411
2697,-47.60459400566117,-39.80591840084124,46.384213919819096,-47.34925705843342,-36.07381203491224,46.760596957017654,39.638867073234174,68.34776072209972,129.2959565614167,41.116591654359915,65.19522408529554,129.9815914241596
2698,-47.200554183032104,-40.030719573046504,46.43821301999749,-46.942615150882204,-36.29558911683532,46.79801423914812,39.33565032842723,68.31112007677375,129.46328417603348,40.85522988516051,65.1328201274439,130.0967824583621
2699,-46.792291531772236,-40.261669350209104,46.486327958093625,-46.53113224989915,-36.5229214035677,46.829326241968815,39.31636110434591,68.23360855599745,129.55824864100222,40.81570858755921,65.15191659862947,130.19269697144847
2700,-46.37863481658926,-40.49252668404867,46.52447931485907,-46.11308472649381,-36.753261092622914,46.85301608590685,39.171482493200386,68.15039569926796,129.6221707719441,40.62845112327452,65.15618537445685,130.2319869336212
2701,-45.95845362680816,-40.72076797750471,46.5497987217369,-45.68924904293064,-36.98152711572328,46.86673416501031,38.77711372442772,67.95191883441248,129.680679534051,40.35294202215242,64.9098258335584,130.27759221048902
2702,-45.52967756841654,-40.94541521158721,46.567223666183004,-45.26079310308015,-37.20472299871992,46.877986269681,38.56604557378907,67.72180808144726,129.71487122107703,40.12127534876376,64.72515154917217,130.3372139250473
2703,-45.1008487940781,-41.16306796524527,46.57242776156632,-44.83651160179494,-37.419012998245556,46.879115907814935,38.35106469467201,67.706780775396,129.7262049197399,39.87726119684463,64.71855926117269,130.414909300702
2704,-44.67249315713921,-41.378020547639345,46.56398271385957,-44.41328942773267,-37.62895348469262,46.87312170952681,38.12130169634062,67.72067920878204,129.73878604163636,39.550424759540356,64.65868480468848,130.47849742673634
2705,-44.24016554425232,-41.600661700404714,46.54802422630975,-43.9866785954511,-37.847221866540345,46.86842665536105,37.866402355250976,67.65047477839668,129.77468683081727,39.246061385239535,64.60138418042801,130.54359595741806
2706,-43.81406580237945,-41.83267026995937,46.52989546986363,-43.562593128905284,-38.07538845727629,46.86055134389545,37.447564769909135,67.49464271229607,129.816929850531,38.944732981978,64.49936427382217,130.60915727716105
2707,-43.39718915567403,-42.067619078772175,46.50838420590172,-43.144620058877365,-38.3096032881814,46.84788394603209,37.14617475230304,67.44406888291587,129.89992529265405,38.71374674721929,64.55058126511273,130.68101141365594
2708,-42.97556214950415,-42.30189888164725,46.49373311037501,-42.7199545184472,-38.54620990086538,46.842124796228845,36.77547782328494,67.73452353504364,129.96855958492085,38.29804950139092,64.82567608646184,130.73340022652087
2709,-42.55324637595423,-42.52778386785765,46.483216153105225,-42.297022083255634,-38.77487739544856,46.84314071894975,36.63161205115788,67.94091444969027,130.004130229692,38.27256646622594,64.9478642801625,130.75139421908273
2710,-42.12401456576279,-42.75137544460547,46.48379858891909,-41.870768682988164,-39.00072479674101,46.85043794999822,36.44862992603444,68.21261445654915,130.03506874165853,38.14437388561194,65.28361111839521,130.7905671977039
2711,-41.68918032051565,-42.97835834864834,46.49271828269979,-41.44115429367989,-39.228595099175074,46.86208144162168,36.52853504658635,68.46163114547679,130.0321401756259,38.2760465585703,65.47226526087339,130.7751080683151
2712,-41.26175496103887,-43.20643175056964,46.50693668908716,-41.01735323988731,-39.458668772277235,46.878320830535316,36.629061774451245,68.81427310253126,130.0104798832812,38.36541211935949,65.75629165473194,130.7511478814657
2713,-40.83780097496094,-43.4386426528524,46.52958524961286,-40.59475310262212,-39.691351214188785,46.89720370649974,36.752193479581315,69.15849139100186,129.99903036887892,38.40815838484682,65.91017022902959,130.75979843955253
2714,-40.41449610655489,-43.67238608651493,46.55647094890604,-40.17285588329058,-39.924295304072444,46.91372963498504,36.812289475036216,69.51563109109367,129.96993560617383,38.36331314960618,66.18057515447522,130.76081877225633
2715,-39.99423160544476,-43.91150882911041,46.57949834101007,-39.750651190870585,-40.16340648637836,46.928347928826405,37.04456803942696,69.65984671315384,129.96009027334574,38.34022002141341,66.33788162688383,130.78156039795513
2716,-39.566733066766076,-44.15226866001004,46.60129744571969,-39.32356073793729,-40.404010938594695,46.94459864844933,36.99596838398597,69.98320309805786,129.96733623884393,38.23455323989553,66.61043468394568,130.79941549561238
2717,-39.13369268408689,-44.38134423289438,46.622498368721544,-38.89071022070161,-40.635232144711296,46.96225362403825,36.99197889885231,70.0288281109885,129.972102905178,38.11408981675766,66.68004522589989,130.83466802678873
2718,-38.69908583223765,-44.60270063389867,46.64118555225341,-38.4544294834845,-40.85979401622142,46.97792421233893,36.77255088840013,69.92332545791585,130.02310045817097,37.950379464133576,66.44435358351578,130.8825104720939
2719,-38.255314160450176,-44.817064447211564,46.65534186792016,-38.013802870096534,-41.075391580263705,46.991358845744,36.762908503110545,69.6235172010434,130.06215282664323,38.09296733265395,66.12072363222794,130.8915985753792
2720,-37.811725183349935,-45.02893593690276,46.66693217492409,-37.5736746131555,-41.2868061365293,47.00435004739625,36.749065128446055,69.50967881197958,130.081949959931,38.17271488947894,66.04802716138573,130.89906335176008
2721,-37.37183493810723,-45.249138503125685,46.682174357559504,-37.137103155132245,-41.50486864482417,47.02011526755985,36.64578198271866,69.40971231364374,130.13635651789932,38.0270219795573,66.15229868044953,130.94732543158005
2722,-36.93657827756113,-45.47660283139183,46.70148792631943,-36.702419035843285,-41.72925882394782,47.0397365385869,36.64389042650534,69.31042796911119,130.1621271805502,38.06828822376975,66.17679520282799,130.9654443537684
2723,-36.50679319191194,-45.71095637530664,46.721106715896816,-36.27310261956937,-41.962037396036465,47.05970719260792,37.17210748713878,68.98538310566292,130.16736610733057,38.759373189187365,66.02404190295576,130.95202122563103
2724,-36.075458448667774,-45.946376724283446,46.73502157803369,-35.840265873374626,-42.198912274933896,47.07371482113634,37.721566166914876,68.68918455386843,130.13762904023065,39.310379338796864,65.79931521316318,130.91765809015644
2725,-35.64152054573384,-46.17739992926077,46.75196124234753,-35.40346735509453,-42.43237138318922,47.09144184714961,38.078188272856934,68.57886762226414,130.1511681323015,39.40387558740334,65.58879710577835,130.97195398577537
2726,-35.20349498680007,-46.40538647617821,46.77539318153017,-34.96699771241698,-42.662246000574605,47.11620785776761,38.42277651450911,68.50825369645614,130.1968091153474,39.72637479946521,65.33012326810507,131.02764771851955
2727,-34.760061210149665,-46.62936999954211,46.801952003115744,-34.52542175132459,-42.88738731848417,47.14360026877522,38.855180614764706,68.45053219893872,130.2468728388662,40.07858543243397,65.32372805677025,131.0791470446778
2728,-34.311602138632864,-46.85512092023706,46.833454114918155,-34.07904424964701,-43.11485526921106,47.174745406305185,39.56186928134846,68.39113726584648,130.26521172512093,40.53445007949458,65.48096254075547,131.11853618163556
2729,-33.87158848162186,-47.08437324483716,46.86942859947085,-33.64194919428096,-43.34413225293841,47.20973099737914,40.084974414621826,68.52612229200774,130.33886870386957,40.80321568666052,65.82224982910832,131.20485656810297
2730,-33.431928860773624,-47.32072774259798,46.90958717605573,-33.2055402066464,-43.580143651098716,47.246418560861116,39.99951461366893,68.82232714719672,130.46144361797832,40.827940246273144,66.16355004706882,131.31030160072072
2731,-32.994704786411965,-47.562535274572866,46.9496737022685,-32.76811127081882,-43.82215330949424,47.27873672719469,39.99640068847121,69.12021013230584,130.59962464884558,40.963812426081134,66.3397244652664,131.39978550371742
2732,-32.55886109329026,-47.807148256319856,46.98472592503172,-32.330353492061015,-44.06628786675123,47.306745841927054,40.2329664798401,69.4432765777343,130.68760884859083,41.06103635866656,66.47742358161354,131.47955644806305
2733,-32.11949450368875,-48.04633637215248,47.01412381447536,-31.892854019413853,-44.30377538043705,47.3309130719224,40.28489396096871,69.83243504481858,130.7728544031975,41.13193362056772,66.58950085078857,131.55345141709023
2734,-31.677280350785963,-48.27855142412084,47.03799663995747,-31.451650429216308,-44.532531738721914,47.35173374400639,40.28204806859138,70.09279306849622,130.87479298366978,41.207205620386446,66.69627911179282,131.64315200200008
2735,-31.23834226434269,-48.50475513243077,47.05646418370544,-31.011483367931955,-44.75426321723848,47.36972680073091,40.21920849226536,70.24283198102523,130.94519601967855,41.35258932784699,66.79368714607912,131.66881672007608
2736,-30.80145746818935,-48.73524718778448,47.069366537438164,-30.576837202594653,-44.97897941976086,47.384988960119614,40.338586952531664,70.4484921318474,130.92365648224296,41.62200670849519,67.1639714197471,131.61568920723275
2737,-30.367780420550947,-48.96942089976069,47.078444449609066,-30.142205292641552,-45.20874466431117,47.39895806828104,40.636210245044964,70.64267819707104,130.859039286216,41.89357076963016,67.50918822661525,131.548763049475
2738,-29.937719169275884,-49.204437573465576,47.08695637653432,-29.70873303176594,-45.44175942615784,47.41142408201976,40.707893912840895,70.93329809006899,130.767674982729,41.911319478157225,67.8274399694693,131.4620407502072
2739,-29.50859714255661,-49.43535502200549,47.093827829548985,-29.274688881336463,-45.674081446169374,47.42139278141746,41.03502875919199,71.08064632881052,130.6361214207794,42.27256422416665,67.87814252204186,131.34452393394437
2740,-29.07453231900424,-49.66355847619352,47.09829526093859,-28.837251666290673,-45.90427979673852,47.42895571513644,41.56731353873525,71.27210715112876,130.48242824718525,42.84394280018511,67.98067230588222,131.23017282552777
2741,-28.639376233533795,-49.89079226023436,47.1012689575875,-28.401256730739405,-46.13331092749925,47.43519068471571,42.14054573048733,71.57827653785252,130.3094057388895,43.37857691630811,68.23830516188136,131.1426375477521
2742,-28.203844875795067,-50.122756458095914,47.10496382180366,-27.966118948071365,-46.365779063634484,47.44426428499232,42.48066991985275,72.01440462185016,130.18966738422378,43.5645566806321,68.63632405275058,131.10411515183517
2743,-27.7708370400633,-50.352809653472896,47.11328702225087,-27.536802286231097,-46.59498376529467,47.45787618606729,42.95657053920345,72.24398297518924,130.12196494839318,44.064397924350466,68.95755516345153,131.07093967810673
2744,-27.337673442074216,-50.586761327510985,47.12969527860731,-27.10381915099262,-46.83101582908379,47.478136701407834,43.29614669813151,72.42697421341045,130.09630575339477,44.32682284112808,69.20151690091548,131.07571725613212
2745,-26.901764449483945,-50.82105721732484,47.151959753684345,-26.667419927178084,-47.068094734470336,47.50260440806251,43.69838092462151,72.70557322731928,130.0916770258416,44.422451699676486,69.57800184163642,131.07536869004483
2746,-26.46053975763043,-51.05430843231632,47.17971074784203,-26.22405105348742,-47.304809150231826,47.530106025847324,43.83716236759263,73.0004399878663,130.1159675014443,44.4768357697749,69.69163836043754,131.0672399805738
2747,-26.0116612084424,-51.28816668288757,47.211975643619056,-25.77156862677024,-47.54243815470628,47.55902855252523,43.74037296761144,73.24300711060611,130.1498953386848,44.47698786444943,69.76767597250316,131.05501409416675
2748,-25.562310209667878,-51.51579417786443,47.246968712474064,-25.32316959877987,-47.77067654595471,47.58710299710137,43.63553110027713,73.37287817573005,130.18621809982437,44.54353928876533,69.84912348824474,131.05355612119706
2749,-25.108524677201103,-51.7400038064815,47.27137233794247,-24.872253851533607,-47.99532831442161,47.60270926221828,43.72159248489054,73.37389573872822,130.19916036451627,44.61728269978711,69.92190669443251,131.05177818939478
2750,-24.646226034235507,-51.96627048298076,47.28480726771177,-24.41566823089892,-48.2160910616393,47.6068812706688,43.345887312172906,73.18222283931122,130.21814936908962,44.377571913024795,69.72813193387084,131.06011336130342
2751,-24.185670747868375,-52.189253995765334,47.28845663929996,-23.95937112643068,-48.43418550937207,47.60262989481709,42.846603700323215,73.286139010352,130.22250897112497,43.874647141792494,69.97042284089987,131.07385947885132
2752,-23.72345069835913,-52.41801653344635,47.28078501075863,-23.500490922612098,-48.6593879119411,47.59132480909321,42.936157178277746,73.23860990955825,130.22114234639605,44.17906702005651,70.12737031268689,131.07074016383623
2753,-23.26936275771401,-52.64775407517801,47.26172044740075,-23.04777728129468,-48.88832918081045,47.57437109889353,43.008829229683194,73.50772125523943,130.22876389121518,44.38256057056978,70.50596008874945,131.074157738203
2754,-22.818418819422444,-52.875339110012405,47.231692166036495,-22.596232843098672,-49.11945031613417,47.55276498171429,43.01875408915569,73.7421749684762,130.28331592067872,44.41449885621837,70.74482059952248,131.13666480533595
2755,-22.36016653664113,-53.10290304698175,47.189971960148476,-22.140546149243082,-49.34902439106399,47.52575801280421,42.91626797357088,74.0501152818233,130.3273726362401,44.350676239064086,71.0584706634207,131.17994182894216
2756,-21.899740907865453,-53.3253725814864,47.146572992013354,-21.68219637135335,-49.575839234924786,47.49652038003269,43.03763024962147,74.02674483444729,130.35081053018865,44.636141714745094,70.85390646593177,131.18446583301034
2757,-21.437695091400386,-53.54383919635475,47.11480673950116,-21.221181621659753,-49.79742382277347,47.480739897292494,43.26591521415255,74.3701362328105,130.36497276159582,44.71644803723816,70.95298603433193,131.18763270480892
2758,-20.970176514380707,-53.76505164463648,47.09620934261988,-20.756318065432524,-50.02061104822435,47.4771751727146,43.91566128920442,74.56033128558843,130.35874693481958,45.055424784697514,71.20608471037764,131.17553635762755
2759,-20.511011324892642,-53.982770690163925,47.091872227735784,-20.297545788468906,-50.2406714755535,47.48414291269218,44.007363858637845,74.77122367004225,130.3669153970738,45.25462454859235,71.41565116295966,131.16094977153068
2760,-20.047758942853314,-54.208470294690116,47.10243269425505,-19.835821032659744,-50.46664348566332,47.50045366929973,44.512236233032944,74.74168627606923,130.3505413844954,45.9405604815861,71.50001064698307,131.1229765368417
2761,-19.58992913510164,-54.442231638824666,47.128698092510966,-19.379200333598806,-50.69873797636232,47.52518931215635,45.17981200897113,74.83670596191472,130.2757776768054,46.59042924129289,71.67584794232869,131.06980240195747
2762,-19.135080233252822,-54.68383209866908,47.170521086133846,-18.92458483240327,-50.93578091586979,47.55686995046548,45.96169596887446,74.71629572221494,130.1957530201063,47.175324851466044,71.64018786164378,131.0120454593205
2763,-18.68046867592279,-54.91582701747852,47.22033552867144,-18.46915047467311,-51.161758808457066,47.588343416426554,46.568521802210746,75.02265142931698,130.1197904656422,47.749456095354496,71.75235784418919,130.94112331470026
2764,-18.22962437201542,-55.141168091484005,47.25604719584344,-18.01824527759071,-51.37907690585276,47.60377837779143,47.233307388908486,75.27321003060351,130.05442619954263,48.13720178127995,72.01696915955326,130.89876347742006
2765,-17.77668103276761,-55.3668536599725,47.277342449183486,-17.566198889486913,-51.59973613227302,47.60619864801718,47.727372208774284,75.30703415380046,130.00401780262467,48.47634730637849,72.10099605680858,130.8750891136651
2766,-17.33609303335853,-55.5844353192625,47.28271477615016,-17.124457509072748,-51.8153451432236,47.597189894909505,48.466572000243616,75.18066648149677,129.96706476501248,49.034230415935106,71.9539926802109,130.86675845427592
2767,-16.89253546945274,-55.80602967846036,47.273091934952404,-16.67684207446559,-52.037889875948466,47.579629429816,48.8829689867245,75.18344248741501,129.95366679148634,49.546464840236396,71.93038693848904,130.87279799009985
2768,-16.455215223306507,-56.03090232435444,47.24875584092637,-16.235205052749244,-52.266017372330126,47.55573975337133,49.121225033923956,75.21453466034461,129.970272814878,49.81232830142174,72.06752383198182,130.89491930460414
2769,-16.018022078667926,-56.2601298741369,47.20910003923346,-15.793933219729954,-52.49961315347818,47.52633181926717,49.244361802934776,75.34378372484628,130.00867910024488,49.91929933660852,72.143145851597,130.92760377547688
2770,-15.586890940894673,-56.488596947422984,47.15500043269101,-15.360139747389768,-52.73226298138387,47.49084761279638,49.251462944143114,75.23469304763933,130.07866839985826,49.95517962108116,71.99792532489109,130.97403170019666
2771,-15.152687040952655,-56.72079447083097,47.100090346063965,-14.927736796324483,-52.96736134246974,47.45270270239024,48.99350918694214,75.26823654117135,130.16426884910115,49.550414459058764,72.25678900157713,131.0454300898902
2772,-14.717598806157895,-56.95397148250893,47.05615237569,-14.494102758677789,-53.20406366149094,47.42621943134555,48.849610036306494,75.39976648757533,130.25351147272156,49.40387914851853,72.4736420621571,131.1181193795933
2773,-14.278372070665997,-57.185409341882846,47.02395593680211,-14.05544081781951,-53.43901608238236,47.40937576894011,48.65589987924198,75.61383760097134,130.34888679557795,49.50859319797898,72.54478756866493,131.19063499482445
2774,-13.840475529658992,-57.409198087891475,47.00284756271505,-13.615310947882403,-53.66454682695951,47.39980915877167,48.38317434080971,75.99388123614806,130.4600828413062,49.54799160004656,72.94462265325026,131.2824732333539
2775,-13.397477533838229,-57.62482000233369,46.99386259118142,-13.1710958490188,-53.878201104214334,47.39713569018082,48.47135509380288,76.39168106251363,130.5657397975211,49.937389328623865,73.45194801553764,131.36775092446095
2776,-12.953742736197322,-57.832995108146996,46.99857607591097,-12.72316461622751,-54.08190295653108,47.40149190201426,48.57480085193204,76.85055655983844,130.68124169894577,50.16865229283774,73.90559880430219,131.46671542507838
2777,-12.503883614309645,-58.04642522517797,47.013303304560544,-12.269415776487294,-54.290828139861965,47.408228155741384,48.704081565109554,77.4783949639663,130.80779674441254,50.356559990908785,74.294244861174,131.5815407939932
2778,-12.054980683189623,-58.26215305249717,47.02983844207599,-11.820212034435684,-54.49964513261106,47.40692761954949,49.214475026660466,78.0918837350128,130.92889075024044,50.576391386936926,74.93538139561925,131.70140939949323
2779,-11.611343035173103,-58.48359278758471,47.040133332036035,-11.374904364876572,-54.717151997204404,47.400789399386305,49.4385007330601,78.63615949526915,131.06397776435668,50.51907720060922,75.38293152081918,131.83012344152866
2780,-11.171067900234933,-58.70824108265065,47.0389736629257,-10.93185533202475,-54.941034289231645,47.3869401677144,49.66344358318598,79.28650751747132,131.1874113674372,50.68612245640523,75.79551689722219,131.93429169372402
2781,-10.732675784239632,-58.93865746103693,47.029028675625135,-10.493819095234779,-55.17361909658289,47.369525475034806,49.88760506262653,79.42463604258923,131.3277797487776,50.78420875061679,75.75740162652241,132.0726064268183
2782,-10.292007779175059,-59.17788691216014,47.00854649359293,-10.05562509496981,-55.41638440151943,47.346928236496446,49.96792894156907,79.55095499703621,131.4544236244019,51.03812439954473,75.86257897675368,132.17745111772507
2783,-9.854942248626537,-59.416103342171915,46.9781571750509,-9.62422007344149,-55.65646532574994,47.32065925426601,50.29831148208141,79.37097515063617,131.57157283744024,51.52209034063808,75.56950286171991,132.2788603727666
2784,-9.414971706811391,-59.64747340863763,46.93902289748536,-9.1883786518229,-55.89564729225329,47.29287304092424,50.260703684323126,79.24404051826382,131.67517898909833,51.39739565390218,75.43371872398367,132.37612285570296
2785,-8.971187601164786,-59.87628568689705,46.90909744872652,-8.7474494556513,-56.130753607945685,47.27602743869507,49.98230408032118,79.08304497352766,131.76909559939557,51.045150417734476,75.60530737582398,132.4680959600723
2786,-8.52587404840348,-60.09508606452449,46.89019908615491,-8.30606022024858,-56.3534048173596,47.269158460946706,49.816702643434155,78.54828374912147,131.88931221080043,50.665763542858606,75.16413085237524,132.61407341536784
2787,-8.08013721985471,-60.3095734338013,46.88153835278865,-7.861934190884028,-56.56868731552818,47.269470222273064,49.83815534492682,78.08783811916658,131.96795812073537,50.815022367892816,74.97471355507021,132.67192882649812
2788,-7.631678854550846,-60.52310284979422,46.881744374858656,-7.412001112758669,-56.782613351091484,47.274633545035606,49.8698237330575,77.86307736942575,132.0006584386205,50.92703649505938,74.78636980755684,132.7083732746206
2789,-7.1811014200911,-60.7423403096505,46.895111170561165,-6.958068123943662,-57.00300834461424,47.28713508866721,49.731847514884635,77.43332394727143,132.05966047663563,50.944125202532206,74.50518426811618,132.76761638179258
2790,-6.7407948534283975,-60.96109622447647,46.920070137793,-6.517308546081309,-57.21831970251941,47.304749958578135,49.31924440831715,77.3275588844039,132.10614161539485,50.87808785301953,74.37883033907416,132.81507506632053
2791,-6.292032157126209,-61.1844748266102,46.95458877618958,-6.067901660076401,-57.43707356118673,47.325171633655714,49.16605007892333,77.07060680640345,132.15573607803267,50.67647582377896,74.12120383171604,132.8741284261954
2792,-5.845289212741778,-61.40659083387201,46.97856217884926,-5.616125488047957,-57.65679858703831,47.33292201568897,49.96398000739331,77.66120857989698,132.18350323450252,51.57602192370713,75.3669768112344,132.90395455878502
2793,-5.3966336938162165,-61.638481771427806,46.99216864109699,-5.165321306401615,-57.8841072231727,47.331933947497525,50.87928013038261,78.68904943897532,132.18271983294588,52.37797510153186,76.40885499879272,132.95842803766277
2794,-4.949952247518493,-61.87473286832314,46.99422809688218,-4.719351921861362,-58.114985730929455,47.323875605535186,51.64111631758949,79.1527948614545,132.25822382692135,53.242096356044854,76.62428485568861,133.0558139947407
2795,-4.505873433016388,-62.11431436784454,46.98584279312289,-4.274526509274046,-58.35152666983183,47.31062212117133,52.27959171348957,79.86413778624141,132.36137007963626,53.74075481729451,77.1080548196973,133.16246317028188
2796,-4.062197205653203,-62.35491489269319,46.96513962623841,-3.831770004540258,-58.59174623297336,47.29037544970174,52.968568416576176,80.72148922140408,132.4529632506274,54.125502580841285,77.58524215962744,133.25848225220886
2797,-3.6147355105326944,-62.59581391576799,46.93336230132175,-3.385454204379062,-58.83243862081057,47.26550477200138,53.74695426557941,81.4693245287943,132.53098249520409,54.48173923168767,77.91442445002289,133.31697477981808
2798,-3.166665449018567,-62.83146261391249,46.901797478125395,-2.9417739807951038,-59.06803164079297,47.25304665445357,54.763968311379784,82.36980829769847,132.61068885678017,54.95261141295842,78.23971795627372,133.3940259107772
2799,-2.7168923445049535,-63.06240924856796,46.88243323278974,-2.493805972947131,-59.3018088949547,47.25100170326907,54.79496504150621,82.29383750835082,132.7093644179487,55.07610402978539,78.52956493502201,133.45596764903863
2800,-2.265588762118644,-63.28610642916934,46.875245068557355,-2.0435602269191424,-59.53057047668874,47.256620172267574,54.86956719484272,82.04843660119204,132.78964494829816,55.29873719113101,78.57980032004409,133.51132129219997
2801,-1.8117745944147239,-63.50587373317447,46.88167247662676,-1.591097698031912,-59.753022249112284,47.27006306831178,54.7927333053724,82.2486209550722,132.852648837816,55.48491841440985,78.64494146283786,133.57680161447612
2802,-1.3525169296374653,-63.72307476046108,46.90241521968023,-1.134104758574762,-59.97008346885888,47.29315221160926,54.95814049079654,82.26434590619193,132.88547664526612,55.762002475775816,78.74874083084144,133.62313154153395
2803,-0.8987290574644224,-63.941119977846114,46.93901544829291,-0.6815428505655929,-60.18704393441678,47.3233313049073,55.07963374041566,82.33168083870554,132.91590429736775,55.89968885776984,78.9988897263628,133.66669623582808
2804,-0.44943916190697,-64.16790387955525,46.986807955695944,-0.22910504517521102,-60.411734216260996,47.35484989654709,55.60749640937964,82.47885842859552,132.9309268234039,56.62970905496413,79.26255088891232,133.6614679649957
2805,-0.003604238345460309,-64.40272223179124,47.033239601311216,0.21712977982104553,-60.64276620293099,47.38696359819754,55.94485458584854,82.5843825987833,132.92802348877836,57.133245123302395,79.48314962889512,133.66420213254526
2806,0.4390092671595494,-64.6384735908058,47.07085731600799,0.6604077772121979,-60.876123487921326,47.408132619686384,56.46044052681206,82.74226958925914,132.93951605004088,57.53597988454089,79.75376301988193,133.6859573189487
2807,0.8832992775589514,-64.87429694158723,47.095586399444834,1.1060000093672264,-61.11133190848728,47.41781990789637,56.93928108904148,82.86195110409164,132.94515380439825,57.932054821455466,79.73380136859373,133.70249083459493
2808,1.324907797348199,-65.10800638991867,47.109288561631416,1.5494238842709491,-61.345280651436326,47.42080534043494,57.29564518232207,83.04817287164467,132.9472578486836,58.0877648589126,79.83406798717793,133.73205986773297
2809,1.7699871644738172,-65.34488847469245,47.11090241865313,1.9959518496209747,-61.58071671972933,47.41687836188407,57.54995546588128,83.26205443049453,132.9656510083974,58.19676025398282,79.99723745098443,133.771909609097
2810,2.208980540833119,-65.58057295379713,47.09954210830295,2.4328413395324286,-61.81397786451153,47.40671004921538,57.81948517573666,83.27806723789409,132.99161640782495,58.229935142605,80.02344566386708,133.81971924633504
2811,2.6449338842993337,-65.81370230473583,47.07576324381366,2.8694842947967167,-62.04703859896877,47.39219341985528,57.59517755530098,83.33732611978377,133.05143329031822,58.18355925244061,80.14978343659457,133.87250131643097
2812,3.0862592111060883,-66.04479548903727,47.05258033779994,3.311759532097669,-62.27938442893666,47.3895367558002,57.42085949027518,83.39688349493454,133.1176352775609,58.13484303325049,80.27066355705045,133.9276071129266
2813,3.530945329766596,-66.27337649982533,47.04141504789548,3.7563605006295266,-62.50904240420465,47.39695576537486,57.31779542584581,83.21573857513242,133.17418230311523,58.19468960453046,80.1306259162036,133.97338085555907
2814,3.9760026483967965,-66.49601217094785,47.04361452804777,4.203473078716729,-62.73466950161815,47.412974717792615,57.13848365920082,83.37260839046186,133.22384082378514,58.210063220738114,80.25960236842184,133.99819627431143
2815,4.425361390944005,-66.7178849173008,47.05795391880609,4.654761790320041,-62.95981280304353,47.43597237882736,56.87183993715607,83.48938225796303,133.25202310625855,57.93727627177404,80.42116075408406,134.00706982837033
2816,4.871173810750072,-66.9388835364297,47.08450766730528,5.102611309591816,-63.182111479547196,47.46314755701095,56.70009263272813,83.37691731909145,133.25586651401403,57.8330681431605,80.31166038227335,133.99702583456812
2817,5.3206276451900925,-67.16177106416633,47.124510543581486,5.549524036911717,-63.40331736483903,47.49599494428901,56.48618737710293,83.42636547269082,133.23514679191098,57.64039163188784,80.34503241812787,133.970739988983
2818,5.767124608074098,-67.38740368355006,47.17702948577934,5.993560601826893,-63.62655166328306,47.533401442857965,56.39355379971398,83.33908801442705,133.2027832485561,57.580026018295335,80.28311462385643,133.94883530966246
2819,6.213220289599572,-67.61790862222492,47.229335498461744,6.442028595284333,-63.85512468853291,47.57283022373769,56.51016738728955,83.40164434974247,133.152572252152,57.813266174655915,80.4621038617404,133.9192564228425
2820,6.661797304700388,-67.85129773917198,47.271457088534845,6.892913440270285,-64.08673916241632,47.60174735864772,56.462380499663105,83.84654608999905,133.08940533582248,57.86824015747411,80.90533851474328,133.88081825758954
2821,7.107182649441293,-68.08845157715845,47.30318298139263,7.339237306678221,-64.32305719110923,47.62230950392149,56.342816085407556,84.27958533535568,133.0293332102499,57.7818556347212,81.48137280474542,133.84034005623565
2822,7.549125351444318,-68.33464611708473,47.32799850966604,7.782654414468321,-64.57133733629585,47.639639224137,56.302463406665424,84.81998638057775,132.98605537583714,57.53967929680131,82.16712974386981,133.81499491202405
2823,7.979313908757441,-68.57523505485518,47.34520946052285,8.206208484265606,-64.81038895999771,47.651972147101866,56.43962796348684,85.45821178929077,132.9549163698436,57.68946380099834,82.60711586434394,133.79438453398953
2824,8.403853293163412,-68.7678896984984,47.350151455239455,8.615933445762565,-64.99793906560696,47.657585095067404,56.642953624336286,86.00099031622894,132.95055555421948,57.837163313029215,82.9422708664114,133.7899586955732
2825,8.829478238584477,-68.87988592126544,47.34823483303506,9.021996155933858,-65.10726589091622,47.66311958714025,56.71519896005834,86.61258451571452,132.95185790755576,57.96425919385142,83.21285253664561,133.7962469561174
2826,9.230593434116335,-68.89921064738445,47.35151600337562,9.41018999470105,-65.12959468171104,47.68251582483547,56.57657412565264,86.994714786971,132.95634996717018,58.07421660881263,83.44410296177027,133.8080754978664
2827,8.879006572600927,-68.95994894124274,47.36493997220363,9.05947132925627,-65.18412228070012,47.70950792579439,56.564337049319036,86.769953189951,132.9776142481113,57.989004535300154,83.24132603595547,133.82762775006594
2828,9.166767050891307,-68.84456544454224,47.388181561606885,9.355904450910556,-65.07102666577013,47.74204821085766,56.732392981295476,86.97600671396235,133.01470835486802,58.051349317358586,83.42144138247373,133.85536274776095
2829,9.379758408465028,-68.70742802639488,47.42149945375271,9.588490917699943,-64.9225314384723,47.78166127631709,57.06108603244515,87.28017488433997,133.05929131750185,58.090850867746035,83.58221289865236,133.88959906559185
2830,9.534171972703673,-68.56534165558725,47.46558712009145,9.761601503036507,-64.75620223984446,47.82674181229118,57.209908172592364,87.4319805686772,133.11304526084749,58.109325732603445,83.72702818400722,133.92779743949873
2831,9.643241094890252,-68.42828619175664,47.517661575683206,9.880556064451723,-64.58863711020784,47.873223114639934,57.3121725359216,87.57804205856006,133.167292823837,58.11095076602749,83.8546608692478,133.967842375104
2832,9.715208313189049,-68.30535868219617,47.57393405653867,9.953906575473736,-64.4287314545729,47.91732939416271,57.37656519686339,87.7103050918435,133.21774649351104,58.09806631522759,83.96614343402214,134.0072683504315
2833,9.755362116725209,-68.20140098503705,47.616471188143116,9.98589670484841,-64.28236766706266,47.94574844761524,57.40924305572873,87.82037106198536,133.25585371455037,58.069210465735765,84.0621113467556,134.03231506691543
2834,9.763842110124967,-68.11776120310076,47.64762711959147,9.980681787953657,-64.1550223330573,47.964323555656144,57.411278128500804,87.90973841457694,133.28304777114704,58.02346226511314,84.14117138411035,134.04759286288734
2835,9.749717169754133,-68.05543328247543,47.6694963546155,9.9489903192673,-64.05129990518516,47.97745434492589,57.39196236401312,87.97631635900571,133.3018347231762,57.96882565977454,84.20114717192955,134.05790744512805
2836,9.723104214924065,-68.01230442041285,47.67941932096244,9.902673057138312,-63.97275179032318,47.98328620999983,57.36155603812328,88.0226036503461,133.3093029036165,57.91264987100374,84.2429321305743,134.06109169583993
2837,9.691303554709885,-67.98668325935226,47.67728865366801,9.849557184837316,-63.91816905751311,47.98319192880948,57.32692475230873,88.05145237641963,133.3053309201517,57.85864526131187,84.26783385785143,134.05853610597688
2838,9.660360145870145,-67.97372712574116,47.66928234498444,9.798690019867008,-63.88080509994559,47.98652752060259,57.293647925624235,88.06714900488056,133.29635308908246,57.81091871950998,84.28204148567758,134.05998872797494
2839,9.626696622513835,-67.95756175330305,47.65844180395386,9.746268591101728,-63.83818288549423,47.993704452104424,57.25836091025538,88.08615450892535,133.2850270281262,57.76164141786601,84.30655339088777,134.0656802255751
2840,9.584067091144206,-67.91809562909631,47.65589225123031,9.685625954678141,-63.766368822892744,48.00460860916764,57.21718608388757,88.12554603801455,133.2818617533636,57.70424029346815,84.35943104187653,134.07492417842752
2841,9.534462220140574,-67.84365515719354,47.65984255935976,9.619432513348192,-63.657525305709264,48.01765134236313,57.613374696146465,88.51847313903662,133.28529414633186,58.25840021780321,84.8996341452309,134.0864953772819
2842,9.470226839040661,-67.72943940628207,47.66576535491437,9.538191138769319,-63.5120640334416,48.02896078902527,57.987843526550584,88.77493816955987,133.28856748142917,58.658033174824794,85.15214591912276,134.09519368823445
2843,9.371453953750425,-67.58728083576875,47.674693579005364,9.423631350051688,-63.35258157782467,48.03826147113175,58.469533824751565,88.88283105220708,133.30205423383597,59.13622013229602,85.13392148557854,134.1120764772618
2844,9.21473670026767,-67.43598724709318,47.687370625778264,9.258590641719668,-63.203309619988126,48.046626560403915,58.8901813621784,89.10087990205874,133.32123815795472,59.46466543802493,85.22529521397684,134.125882545648
2845,8.98489068306336,-67.2988206790221,47.69539597245815,9.03851645602292,-63.08303340024542,48.04940440178747,59.22191715045361,89.42623011209271,133.34063191676518,59.65725514235934,85.38681128809674,134.13641689025084
2846,8.691098734021951,-67.19084485011386,47.69834122376028,8.773274364298596,-62.992233705853565,48.04790391725664,59.54263464466871,90.12260102075057,133.49042284306307,59.84030465576063,85.99373556372328,134.32930525902776
2847,8.361640256009641,-67.10407674158873,47.69425213457179,8.479772702084965,-62.9145979486873,48.04112833913454,59.830968200105225,90.76115856384794,133.63390356879538,59.95156778470084,86.39194381662165,134.48105779367776
2848,8.011374271893185,-67.00885662534539,47.68354837969474,8.166691599149477,-62.82375853384972,48.029809581215005,59.9816620353999,91.32868534852662,133.76786754645437,60.014419054064795,87.3660277889017,134.60021167694148
2849,7.658873072596969,-66.88592220640398,47.66800318681448,7.848431145905361,-62.70460192129862,48.01532843763004,60.24472820399448,91.9576297793141,133.9021124878343,60.25778020487356,88.07926946553832,134.7001640857137
2850,7.304990522538916,-66.72479419043958,47.64697093982287,7.526573148324543,-62.55088331217443,47.99844952323292,60.28118295635429,92.3236204008286,133.9998712267752,60.377907095540536,88.16030696988867,134.73969485508823
2851,6.948848151196313,-66.52871252149063,47.61976020902455,7.198756262804938,-62.36627017690958,47.97883715890513,60.26322677786666,92.69269028648455,134.1052744529045,60.31404188891123,88.25275050448029,134.7808999333856
2852,6.5851412157436,-66.31742257317846,47.59797832487657,6.857930778085339,-62.169294789347106,47.966270222649285,60.245340464740686,93.05859386119822,134.2235098202244,60.21042447245438,88.3557950601445,134.8299415956134
2853,6.211962858207172,-66.11319121189491,47.58289062822635,6.50604139185838,-61.979370968957774,47.9605519847022,60.39925446308431,93.1333037386771,134.1971206850038,60.48646208908411,88.47309016035963,134.84226798669405
2854,5.8242967654845925,-65.92392560616337,47.57586907632973,6.1376500098041005,-61.803114245534104,47.96116657490013,60.56856472782581,93.28879937944795,134.14427486629344,60.7196935987157,88.58394967671897,134.81659432742916
2855,5.4230330373141555,-65.7478547144368,47.57832386660395,5.752406990342763,-61.637701995763244,47.96859183665049,60.78540910813802,92.90633903889966,134.07024137674716,61.01730488528908,88.57288686212891,134.76377103011623
2856,5.0075329482618525,-65.57362764103459,47.59043138326705,5.3532210103803894,-61.47451532554722,47.98170252782659,60.84896122751207,92.5957647566184,133.99924266397966,61.171199041743854,88.59983863596997,134.732112134156
2857,4.5886122216101,-65.39402834870728,47.610875690332776,4.949497732302047,-61.306006068046436,47.99754201370738,61.16273707096579,92.35388963210154,133.97945527974886,61.55144765254595,88.24097184798171,134.73829918986385
2858,4.1763385876763515,-65.20405784325757,47.640634801795024,4.550327191151599,-61.125154479773556,48.016998379485315,61.39592911509858,92.06664583700106,133.94047490530815,61.57892194996501,87.92042277100634,134.72574107929344
2859,3.7752087266797694,-64.99954083947381,47.67179855659968,4.159393966062354,-60.9265535498088,48.03891217953163,61.49638334626271,91.45317119437571,133.91778078626422,61.370479859143934,87.24921289880557,134.75494800748862
2860,3.3752457367998803,-64.78265671403652,47.701869637131836,3.771237672867846,-60.71417938392658,48.061069199254106,61.329721445911275,90.71717198993896,133.90581085281198,61.204795482163085,86.57013180554124,134.7662550883222
2861,2.976882365948464,-64.5611360142285,47.72562269361864,3.3849330418441523,-60.495502385343336,48.07630469872124,61.19851087968544,90.0080120583618,133.93906152868493,61.14496936799254,86.06839866659787,134.80185869117352
2862,2.5740039512540442,-64.34426744174665,47.743328998162426,2.9919620365543467,-60.27825658336367,48.08668954115149,60.70747270494433,90.4283599768899,134.02745753004572,60.68721063267717,87.1305514082615,134.87307679986108
2863,2.1687473484526665,-64.13614835245755,47.75531171818358,2.592147753397959,-60.06499057164836,48.09368611468901,60.137088990882084,90.73939426914743,134.07147088780667,60.122513538613546,87.87732081073516,134.87904391748074
2864,1.7598521501160813,-63.93365807707336,47.7594347481773,2.186113675300532,-59.85724544298378,48.09456184876617,59.04802473315647,91.35157694403857,134.03300919428617,59.16610552266195,88.50720896190813,134.8053596272698
2865,1.3479654712251772,-63.72841564066702,47.75757772155505,1.7782643512409786,-59.64943497608078,48.0926489112402,58.05258896444768,91.91092446949914,133.9859584482102,58.271059713064886,88.93425687041872,134.71631245404882
2866,0.9341895746776783,-63.518215997285516,47.75901670435529,1.3690964024139713,-59.43875311269923,48.100273348564436,57.236970864780815,92.92762634439772,133.8837201469001,57.60433141859761,89.49621617041463,134.60192666340365
2867,0.5208190793730318,-63.301756026980954,47.762407600265796,0.9582507170993104,-59.22447498454145,48.11433223264011,56.52511093600784,94.19682943368387,133.7718704427451,57.245365274827165,90.15460625088028,134.48897001816044
2868,0.10397570194528111,-63.08143720754879,47.773452202360026,0.5426431034042811,-59.00937666354449,48.13395770011184,55.7902379317894,95.42247409951455,133.64353441820808,56.995647796824485,90.66174019542635,134.40506547743942
2869,-0.31227239014817226,-62.85692491022329,47.79326758433187,0.12750019963196013,-58.792936239214434,48.15922833708668,55.67660130352884,96.3838677908232,133.47593528898824,57.164131935082544,92.12812126418525,134.3198254095713
2870,-0.7289138202714998,-62.6340143655425,47.821671291201135,-0.2895286496608453,-58.57742792886234,48.18871385994201,55.7026635201675,97.59686282110535,133.36532338223796,57.31810623177559,93.55676255973547,134.2780630201238
2871,-1.1466864332494002,-62.411919136449555,47.85813043725574,-0.7072705994192328,-58.3622702894272,48.2209941722254,56.078363143453316,98.64685385568093,133.29050980139598,57.43846199223622,94.51431433939237,134.22199412681545
2872,-1.5676717354354026,-62.19072064507827,47.90280039159237,-1.1274944548825752,-58.144822743734395,48.2564061646035,56.6709888449842,99.6675121180891,133.23858888804426,57.710336755893,95.1779417897876,134.18083929092077
2873,-1.9926141579554204,-61.96938242474798,47.94628611027818,-1.5498143512832372,-57.92539971363371,48.29141908078491,56.93096771670169,100.28535374460216,133.2180628776977,57.51294981153374,95.37104249261964,134.14356817176562
2874,-2.4113996264866078,-61.745444109864806,47.98690840481554,-1.96202927437372,-57.70009956025567,48.32422816375899,57.10124725356643,100.76506344268644,133.24553454429275,57.40149720348213,95.53874760467743,134.16073547646278
2875,-2.8246567086686123,-61.51912877945069,48.02553103144076,-2.3720574403527293,-57.47254154550453,48.35627677757016,57.10280773907406,101.04615064511172,133.3130738235625,57.104595939517736,95.37822487476286,134.23807956339328
2876,-3.2404620503354145,-61.28947211080965,48.058588062806514,-2.785078361959154,-57.24064350716619,48.384803720931465,56.6396456783975,100.48555995898941,133.39172801164793,56.63549164506393,95.11168555050362,134.2958595250259
2877,-3.6552111671972725,-61.0589689431423,48.08655979791207,-3.1981757983342693,-57.00795780714413,48.409886794566376,56.16855396551924,99.86105811143128,133.49051110745737,56.274966902478134,95.06264671034418,134.39548991254276
2878,-4.071184252103846,-60.828892626398456,48.1119857766647,-3.6120529435953306,-56.77707596100702,48.433634060106584,55.73833368387692,99.14399795894504,133.64020564150243,56.02725302469864,94.71147689105818,134.52519110730665
2879,-4.489921282874629,-60.601184311198494,48.13495571360228,-4.032480437470027,-56.54744985966638,48.45741591029516,55.27222065247188,98.28084040451905,133.7840921721264,55.9446109559892,94.12094597303981,134.62547106643524
2880,-4.9060682792745665,-60.37434205848679,48.155730811347766,-4.451519823796784,-56.31961956694965,48.48133099057789,55.00959656349971,97.31587792527729,133.92503099200636,55.73111974580263,93.18059138865226,134.69665932701932
2881,-5.334158894769902,-60.14647697180814,48.17607425146111,-4.87796246707589,-56.089891774045775,48.50435285528189,54.56522251746046,96.18175772184725,134.02344046057567,55.34635061595286,92.20385735674415,134.74059359678316
2882,-5.765738799970264,-59.91408725660232,48.19483399240454,-5.307631789634836,-55.85751399098161,48.52524664979971,54.26133820686077,95.34359126247772,134.06733860753437,55.03131303527729,91.54072839301448,134.76315769450272
2883,-6.192913158481247,-59.6803833390326,48.21721821221647,-5.733073310154395,-55.62469837805067,48.55070443046243,54.15015618311335,94.76350802077994,134.1068999694009,54.82365815682152,91.22384082852173,134.77083484783938
2884,-6.618425032759189,-59.44712337550036,48.24470150708012,-6.155913411313168,-55.393308675287145,48.58135611938685,54.09296626306344,93.82365631689868,134.06875005266383,54.746266393532935,90.63149806241152,134.72403570645105
2885,-7.045210525137247,-59.21054059936691,48.274625095789354,-6.5790447645594785,-55.15965505304045,48.61370932191193,53.87382530055645,93.4140742289905,134.01559937596522,54.50454157064138,90.58849265566614,134.71472865744207
2886,-7.46857442548908,-58.97644055360387,48.30693036787465,-7.000930809553584,-54.92916990838141,48.64722189497281,53.18680565214661,93.47040844508159,133.91664540386924,53.769877409188084,90.90013750070584,134.63903471135285
2887,-7.898261262626713,-58.7475546114484,48.34219018171417,-7.427883776294866,-54.70314428555378,48.68203750208667,52.554699721758006,93.55650057306991,133.78894052799083,53.112665592025664,90.72536820237717,134.52817248412316
2888,-8.329201904723083,-58.52463781661656,48.38115776557536,-7.8605833688574025,-54.48016708219309,48.7184294673439,52.147274841587354,93.90133258556483,133.64113308910694,52.68792699982729,90.72363706465319,134.39640448818457
2889,-8.760677509214121,-58.30334112002053,48.42461100756513,-8.29378134607469,-54.2580866976905,48.75721867295793,51.89683761205858,94.09367364929996,133.47399161614248,52.562451869669275,90.62971968645543,134.25315023771128
2890,-9.192485211898239,-58.084092122752004,48.46619095117694,-8.72680376180621,-54.03810325149501,48.79533089898588,51.73361809607885,94.1934308842858,133.32045351349535,52.62301521116175,90.6374422220242,134.14793161066024
2891,-9.627501402358789,-57.86568202152779,48.50795931407681,-9.161351190740351,-53.82098019382047,48.834440196958894,51.53531533925356,94.58843042246677,133.20784913554138,52.72265651556756,90.7211959187661,134.06885401933025
2892,-10.056613856010724,-57.64996662470196,48.547688083896716,-9.588012336973481,-53.60581631532068,48.87189770711102,51.66455699280901,94.59985518809981,133.13462751119192,53.06826277847274,90.67626657098833,134.08851787562855
2893,-10.48881565026099,-57.432225943861184,48.586390819555916,-10.017464466261297,-53.388132542547126,48.908882644224676,52.20061878666891,94.27719182617514,133.13654990786634,53.36473788209348,90.50792381780036,134.13746854104178
2894,-10.92215670422308,-57.21202190476541,48.62772274689763,-10.450581213408986,-53.16568640282161,48.94816584130557,52.7939522048318,94.28072353288321,133.18039962040288,53.6197818019273,90.41242098031034,134.19064847388853
2895,-11.356251213295495,-56.990197547395525,48.66755710631575,-10.887399025624848,-52.94047371989317,48.98579635364538,53.3664951104906,93.97156656557326,133.2805075441437,53.89480296154961,90.04011191652174,134.26836809212597
2896,-11.789905998167983,-56.76859101078954,48.70726442658237,-11.320827240371148,-52.71611302123576,49.02450806517857,53.80130843552214,93.58720560600159,133.4369433435998,54.13642057258024,89.54377149337455,134.3715834327445
2897,-12.224847280264138,-56.54400681074967,48.74701699974701,-11.757484644445727,-52.48965669915518,49.06406230390364,54.4913391532763,93.06174711465039,133.65157934258164,54.84628645969276,89.03146187793654,134.54468306213477
2898,-12.660156209299927,-56.31583687809029,48.78709391835265,-12.194498208624283,-52.26103722612077,49.104696393361095,55.21365604673424,92.44943282137892,133.87975168968916,55.508936416873915,88.57669540416101,134.70723892256987
2899,-13.103301301724505,-56.084164582431086,48.825850226034945,-12.633590454432316,-52.0314475841209,49.14491352624505,55.68319316103424,92.11031587380207,134.05287221773125,55.951425381135266,88.48440791251492,134.8391024647213
2900,-13.544855440466627,-55.85502899389889,48.8639128112451,-13.072779582225259,-51.808102519139155,49.18492570133541,56.02637187838031,91.99333354702017,134.2130834236979,56.151908575934904,88.58885202442255,134.95848006121844
2901,-13.985930055585563,-55.627140960884574,48.90426261347249,-13.513622303787283,-51.58612204163905,49.22622736727825,56.38360697395018,91.98962275929573,134.34769986585098,56.348739972576446,88.87315478183021,135.03386644861737
2902,-14.424201240178053,-55.398675037021285,48.94791328801473,-13.953980525587943,-51.362764740347586,49.269134730508455,56.87440237796561,92.23137684933963,134.47746405051086,56.766990822322825,89.15163386658394,135.12379744858669
2903,-14.865217483960665,-55.16904921192556,48.99373936824268,-14.392912499841518,-51.13848635010283,49.31371352456498,57.21813271284478,92.62348629733825,134.60773128263708,56.91091871682059,89.3870346348207,135.23844147044684
2904,-15.30266402904984,-54.94387186950326,49.03982878298664,-14.829496219721463,-50.91543553980014,49.358213901204216,57.113888288372706,93.15604432034681,134.6594355309032,56.91184635773585,89.64939760674172,135.31119557452044
2905,-15.739604476437814,-54.722775429588296,49.08455332655198,-15.264392252260452,-50.692850017448954,49.40149345154388,57.07163089154499,93.55961337130783,134.75656984644718,57.09023255449923,89.63018344309023,135.4580437283394
2906,-16.174696251669037,-54.50403762622778,49.12825814317233,-15.697008970237396,-50.468344971335945,49.44420556414348,57.31678936393385,94.00877016142513,134.9119825388406,57.55416849272158,89.95020866820951,135.6577876842113
2907,-16.607588913356306,-54.28756134578549,49.17174683881972,-16.12786482726144,-50.2469086443263,49.48705083824802,57.87002866730233,94.43707346236124,135.10918677713497,58.21054760458102,90.35868094618277,135.88988079997947
2908,-17.04008305178527,-54.07171531016089,49.214947466188576,-16.559410489670743,-50.0266090772508,49.530005821479044,58.465487238655676,94.6453291593293,135.3695613989553,58.83450040235276,90.57631310449378,136.14354842365736
2909,-17.47149127475497,-53.85680506062475,49.259161981370085,-16.99193235101243,-49.80741981411483,49.574251939323005,58.78831340648065,94.736928398508,135.6508566159894,59.211111830899455,90.63887048724928,136.40595495813696
2910,-17.90587823063731,-53.63964153576378,49.3068519707525,-17.427318517864165,-49.58704703631402,49.6229402250938,59.19646393168955,94.76279292990637,135.939426503486,59.43802536399417,90.60519517691536,136.66726924045756
2911,-18.33920770136188,-53.42304640976171,49.35619060906997,-17.86282938915701,-49.36928459177458,49.67347247009998,59.70088619359062,94.72100659607955,136.25150270329507,59.63914683843233,90.55062443944627,136.88912925413516
2912,-18.772721493689833,-53.20559562866665,49.40805519508486,-18.29937881399306,-49.15243156362924,49.726262232699256,60.29238462033458,94.92356341384061,136.5600478993495,60.11101481382779,90.62481494073332,137.15150606312457
2913,-19.208165985597777,-52.98782986687478,49.46349648896612,-18.736932265641215,-48.93643851196236,49.782107521531856,60.80594556475368,95.00116719728673,136.85523064533868,60.68160168787161,90.85789714271222,137.42586026121862
2914,-19.645565492881726,-52.76778595064681,49.52241838652667,-19.17447441195023,-48.72113007079509,49.83994698156374,61.28038803118714,94.88535979653848,137.1109033614937,61.362653410279236,90.93755112150016,137.66219063291874
2915,-20.082216527865487,-52.54746207885514,49.58222849029249,-19.6122253519764,-48.50635169305905,49.89676026774708,61.65322628356477,94.67582715666114,137.35693302919785,61.87249848534298,90.76034829318803,137.9065127717967
2916,-20.520675081787854,-52.326583560237765,49.64575285537229,-20.053144016821598,-48.29075067901772,49.95549980120806,61.856845256575056,94.79549743155285,137.55394455957983,61.92485005973885,90.96342756316226,138.09307293355002
2917,-20.95986002275606,-52.104288733756,49.71193430216615,-20.494486165592452,-48.07011374161105,50.017638539628265,61.981448861805475,95.06920948181522,137.77989185388148,61.78112333823407,91.25664014607085,138.33492779044616
2918,-21.397721240588357,-51.88165989973882,49.77809862448837,-20.93236877146033,-47.849216619850935,50.08051517852071,62.37720284782142,95.21083363256206,138.05109421022357,62.06386868657479,91.27892673590539,138.60531919711207
2919,-21.837892116352297,-51.65528535472348,49.84357836492876,-21.372230382569672,-47.62158144932039,50.14316648329905,62.837338652993466,94.99523195844635,138.26059850617108,62.69527596323674,90.90506106301372,138.81765274775174
2920,-22.265860910753993,-51.43124571793967,49.90575400331355,-21.797167204206634,-47.395181832471884,50.202760951257304,63.080999339015534,94.63943396443433,138.35863665737202,63.09844084403837,90.5725148128521,138.89656099718388
2921,-22.70155343544688,-51.204036113353155,49.960230301451766,-22.22942506820849,-47.16564192868412,50.25245889354192,63.00771097836137,94.11781608562329,138.47343768101703,63.192151816144964,89.95968021428845,138.9977896616205
2922,-23.13867373203782,-50.97645036327804,50.00685108437698,-22.66369305580583,-46.935953053725974,50.29421691266674,62.960678726564545,93.94259871927919,138.54772825154197,63.26328966530377,89.72023352680277,139.0749071439177
2923,-23.578584199075227,-50.75068164523376,50.04582593413219,-23.103664999204316,-46.70895271761163,50.330002115535876,63.091732535863294,93.6215121859615,138.62069063589027,63.217208238609665,89.6791922390926,139.1301208098528
2924,-24.016000986657275,-50.53098729345954,50.07716940539453,-23.541818210936974,-46.486487728155524,50.36119527064176,63.43058334492722,93.50301985428528,138.62387312234858,63.2800423693385,90.05522666993984,139.17166134931983
2925,-24.45237646419091,-50.3096996452686,50.100455407567075,-23.977525243710613,-46.26629084674584,50.38848780449677,63.54957729957988,93.3233468878851,138.55531579499225,63.41946868304264,90.06263611447301,139.17962456400653
2926,-24.8896087627918,-50.08611881802712,50.11528699322366,-24.416172254522454,-46.04483603972872,50.4110894182621,63.31555243371222,93.26084339374482,138.54274161863444,63.44739451672628,89.85861271972114,139.2560833214064
2927,-25.33081574849496,-49.85999388096929,50.1289164854124,-24.856569807952116,-45.821447655651184,50.43885165693268,63.20910820950891,93.13941583408537,138.62597338740142,63.55824090897638,89.57433847647567,139.36450977413674
2928,-25.768956110957234,-49.63434862847487,50.148831878706716,-25.296194403876978,-45.5985683188552,50.47192174362338,63.23914448331501,93.26733858803928,138.73711269705714,63.61886976326706,89.34160755719365,139.52758127688483
2929,-26.205699810934362,-49.41103638184141,50.17716266327892,-25.733048793744207,-45.37684358549754,50.51108299412057,63.33421174731652,93.10414902897632,138.90577601717553,63.74329872974116,88.99865842110107,139.73468768642516
2930,-26.642272356857408,-49.18802200657768,50.215301334240586,-26.170586970052376,-45.15537044673968,50.55622904981663,63.72180887521176,92.8805706892262,139.12470411414537,64.14368307563136,88.78788386331189,139.96266516345767
2931,-27.079294313788946,-48.96351204177669,50.2612053878534,-26.608468435126795,-44.93070830674962,50.603780275061396,63.9968364823973,92.24671890352282,139.3494564527148,64.40272892048607,88.45485934610221,140.15212133227564
2932,-27.519845771251422,-48.73611340579642,50.31570065062604,-27.048922068585057,-44.70360384947225,50.65495264480659,64.34007918143115,91.77722868489543,139.61508718342228,64.79905904500798,88.1242982922849,140.33752917526766
2933,-27.954344541766684,-48.503192042003825,50.37910884549316,-27.48373386712189,-44.47257039934926,50.70934169187514,64.82637219544937,91.64207839793887,139.81949566748253,65.23470484780742,88.12374594663537,140.46999959735925
2934,-28.38824080553952,-48.26542647283456,50.44399410989004,-27.920323904735216,-44.23576124192423,50.76557323469779,65.25777539133043,91.52533024571328,139.98643254740233,65.5924773929211,88.02990097838247,140.57119097396043
2935,-28.821887741478054,-48.0267663698818,50.49899057565501,-28.3560814976144,-43.99774899347845,50.8096368914632,65.74556131290278,91.35614863400706,140.1155057880338,65.93119649234507,87.8773092793826,140.67739631567275
2936,-29.254536272113445,-47.789376059202326,50.54202793163496,-28.785667027422868,-43.76103205521786,50.84258821564848,66.1599884675954,91.36167397938598,140.20175698591265,66.17154476709877,87.83827026871143,140.77781879877858
2937,-29.69426190800057,-47.55438143064868,50.572756492013106,-29.22272256173209,-43.525628460782656,50.86596126571125,66.36516759552667,91.30190140157735,140.27678961211697,66.37185182451425,87.76883128922643,140.8997472535856
2938,-30.134968592288512,-47.324611376912785,50.59373195340952,-29.661274803661048,-43.29363062651016,50.883057722438686,66.66341861733066,91.40146721819102,140.3461646444148,66.60100526133107,87.77093113734819,140.99766431958943
2939,-30.571379214009582,-47.099450571506836,50.602316267003424,-30.09777082973214,-43.06757696425463,50.893431221956384,66.83187966676552,91.46676944210104,140.3900455687121,66.79552505435288,87.66003334416966,141.07356763577093
2940,-31.010072993733893,-46.87359917136463,50.59757232583335,-30.535018580356432,-42.84310615168473,50.89750427785319,66.69645624406351,91.23004832933869,140.42586427943093,66.6410882665972,87.42110309124307,141.1063352421607
2941,-31.450619612714302,-46.64831182656043,50.58208087931353,-30.97772464396609,-42.62093956514557,50.8976142585776,66.35787196350876,91.12117978379372,140.46743639493968,66.24374741137154,87.3208808291818,141.1367662313016
2942,-31.887069911493064,-46.423652212811284,50.56785876794427,-31.417500013635742,-42.4002635608494,50.89606985388382,66.09700253489919,91.02397531114424,140.5117062789095,66.09081668517648,87.18135079726753,141.1929149424312
2943,-32.32161279133033,-46.19669316330065,50.557242952123566,-31.850033809353732,-42.17656412845509,50.89565523216488,66.04348675935897,90.79294693805173,140.5528838870033,66.22534566567457,86.96009243554981,141.24912259508702
2944,-32.756161733612345,-45.971826717088014,50.551043829272,-32.28634196688722,-41.952037514788536,50.8992295219177,65.96529130551463,90.64706468893368,140.56486058409948,66.30754262793133,86.86160804271428,141.29577733000718
2945,-33.193657043268566,-45.74999311959424,50.54964046747601,-32.727520091377,-41.72748872967682,50.906271166232166,65.66321663034894,90.67140649219262,140.5689190649287,66.1280089930136,87.07658630820535,141.32266143098758
2946,-33.63414656359971,-45.52787383143588,50.55764883994053,-33.16866049806561,-41.50373754887296,50.919783569586286,65.37056850052878,90.84615775490613,140.58699272644827,66.00608532007347,87.34571481418004,141.35941097708027
2947,-34.080722359128096,-45.30788677044032,50.57113699191359,-33.61401857358349,-41.28099796865243,50.93473164558472,65.29060662205623,91.12076589631586,140.64544370672144,65.89604034253169,87.55319830964211,141.41613266567407
2948,-34.52074465508266,-45.089786213656765,50.58828906014059,-34.05365835725693,-41.06091729985667,50.949778358850395,65.29719127737889,91.33384342216905,140.70094041770108,65.65619073964622,87.72984932634854,141.46215903452511
2949,-34.96010275274324,-44.86700618241125,50.608313923249035,-34.491995856889034,-40.837548559406045,50.96471694332393,65.44078438332915,91.58469482204916,140.77091443634356,65.81831903286907,87.86131880682981,141.55062104605625
2950,-35.400657385276084,-44.64050232892908,50.63140256044581,-34.928663483892564,-40.610906695109755,50.981359984811576,65.78474078101894,91.94290388200997,140.86251237099668,66.48249814547236,88.00091312159577,141.66223336542123
2951,-35.83893586611714,-44.40683060731048,50.6533803123657,-35.36400386834853,-40.37690839385996,51.000562843627385,66.0286188326559,92.2824110949691,140.9575654718587,66.8472002109847,88.16686350027189,141.75801132713673
2952,-36.274348393268596,-44.17569694486534,50.672842097928566,-35.79934155032276,-40.14412440877068,51.01910924371501,66.44315861036989,92.4487443120651,141.0787647920908,67.14078007130846,88.35494192325234,141.86186253798476
2953,-36.708195924655044,-43.94966512071456,50.69100953742187,-36.233396952073576,-39.91569826473733,51.03755518856549,66.77274266896005,92.72179579621138,141.17843263386914,67.28022447707745,88.75012386478434,141.92819124850914
2954,-37.14422974527179,-43.732391241993795,50.709286863291354,-36.669704609232184,-39.697033054230424,51.05544485022121,67.27529237318586,93.10479716435225,141.32207209079226,67.62439549261009,89.20409766033025,142.07162395650326
2955,-37.58260367327935,-43.51222370043358,50.72901720579588,-37.10727332369571,-39.476792046321194,51.073599412274696,68.08867258150816,93.53238873025848,141.48021693726082,68.18214764096055,89.63996765690338,142.20753482104982
2956,-38.01978169721247,-43.278432428761135,50.752295978566536,-37.54617021437921,-39.24196227382659,51.09371961056987,68.51766720264179,94.02833192236525,141.64286207926614,68.43758399902154,90.08471509549574,142.37463697677515
2957,-38.46546540264934,-43.03809322525457,50.77610432157304,-37.99415803060982,-39.00313223822829,51.114357531398255,68.73945302770649,94.54645874485203,141.78123792228914,68.8859380891114,90.50393540390262,142.51384637993237
2958,-38.89957126394021,-42.808016083678204,50.79650654267831,-38.432004280614166,-38.77298400331948,51.132932431680615,68.89747905844503,94.90570645568262,141.95138155787217,68.98993804059094,90.68489067455,142.6799429662665
2959,-39.343575437478115,-42.57888001387114,50.814056155065934,-38.87796249522398,-38.54451489003031,51.150330254629026,68.7906321064128,95.1340910538384,142.14503361344634,68.70555076723367,90.69429326675132,142.86910637244878
2960,-39.796504398526196,-42.35127907230825,50.82951060785794,-39.330339230593964,-38.31890913592666,51.16644771280393,68.8829131725548,95.1733619050543,142.3767677362974,68.66009582685508,90.67747626380026,143.05617061398576
2961,-40.250322403959615,-42.12476678988574,50.84241959855914,-39.78052312945336,-38.09693353371158,51.17889496115426,68.94711414580138,95.11289355154527,142.55545071389233,68.82422210218674,90.65938239143172,143.22470956903686
2962,-40.705803222898965,-41.89582477957964,50.854221680506164,-40.23269201208771,-37.87097992920609,51.19080967414422,68.79376868076612,95.0608556563591,142.71438031177078,68.9330951279397,90.72511685916663,143.35257334143407
2963,-41.15952143326645,-41.66686335699775,50.862866839,-40.68344635718446,-37.64143262089228,51.1992006072627,68.74923030584448,94.79437347023323,142.84286436694913,68.9781666440419,90.58169236219659,143.46990178617486
2964,-41.606054177169234,-41.43716432404691,50.86378693370048,-41.12581978552668,-37.410973447007656,51.20065671210755,68.52388117941679,94.50428895099296,142.99447505816974,68.99655412675595,90.48605700174936,143.60149223982407
2965,-42.05183956120887,-41.20565260452069,50.866933180912966,-41.568768786149825,-37.1771493557205,51.20824005896478,68.45087526310733,94.38526279973948,143.11361987735356,68.97896040843543,90.504626558735,143.71893958684672
2966,-42.4982962823482,-40.971754697552896,50.87729899518717,-42.01159847365397,-36.940857550592945,51.225661403503516,68.80287410903225,94.45287062820839,143.20998476193031,69.18814080548236,90.64973284748443,143.83426994633336
2967,-42.940046597171644,-40.73975959541231,50.89359859171059,-42.452893959428394,-36.706918705833694,51.24924518971218,69.08409164417026,94.52321417954823,143.26942859879043,69.44021036822832,90.74225954901813,143.91072472264713
2968,-43.38227313714381,-40.50632510287988,50.916290916638744,-42.89430471781154,-36.47368295508438,51.275808528078215,69.18409504525471,94.59349324132809,143.286925831281,69.58772971817862,90.80755975519111,143.93334356644147
2969,-43.822294377698945,-40.27417844335828,50.94456137077446,-43.33777375340429,-36.240544190914676,51.30546568867732,69.29223985620897,94.77098464597621,143.3047703820945,69.69560762559604,91.09132288853817,143.94520728717418
2970,-44.26341167431119,-40.04432907926778,50.981331276177855,-43.78163551202865,-36.01254221609841,51.338783142245596,69.43124679997618,95.17072173478108,143.31339096829544,69.78426442284925,91.43398126536744,143.95627243699573
2971,-44.70930320568332,-39.81695755761808,51.02609358531063,-44.23018536937266,-35.78646876995585,51.37473219665343,69.59563791003424,95.58069907210243,143.28056719177948,69.87705425148056,91.74012271628331,143.94499442955532
2972,-45.160199720389045,-39.59092897314775,51.06531397690488,-44.68305636144412,-35.56101833305769,51.40313150270807,69.8405014323186,95.79337239944255,143.25878856095161,70.02982673588546,91.79979582296329,143.96416138997174
2973,-45.6142869617473,-39.36480538796567,51.099442217969546,-45.13782647922534,-35.33421164318917,51.42782571545033,69.89479702153615,95.98121175766096,143.2283975846379,70.10460938666193,91.94996705079365,143.9866868346331
2974,-46.069620719723474,-39.13912560897889,51.128500016890364,-45.59483293948214,-35.1077009572899,51.450689065995824,69.91646807081057,96.12850302298533,143.21149817096781,70.20668184679012,91.99413991603011,144.00733854380834
2975,-46.5266673873647,-38.91464740428962,51.15254621118816,-46.049864611525976,-34.884605761001865,51.47252623178513,70.03672462760012,96.33907644604061,143.22502688717265,70.37258487877001,92.1056865353394,144.02868264963317
2976,-46.984109784522424,-38.694390749421586,51.16733337572262,-46.50421790639386,-34.66727924565788,51.48750930437048,70.24661121937666,95.99203812000368,143.25467846650216,70.61330687870854,91.64419344149661,144.06271376108748
2977,-47.43934025052011,-38.470323046461594,51.18094707922871,-46.955142986006614,-34.447063938846206,51.5073824451211,70.2605673000471,95.64278443905793,143.26568440247937,70.53394535764521,91.38915076400791,144.06513383351694
2978,-47.89382648256837,-38.2482039512247,51.196800039294395,-47.40975904169186,-34.22702227965437,51.53429686683978,70.32358180142067,95.21858486207977,143.29800120049256,70.56319963588707,91.11275277964833,144.07763804854
2979,-48.349072669733324,-38.03016588788513,51.22555721240049,-47.86364972253544,-34.01080177624471,51.570629817248566,70.25117407344938,94.79432589379243,143.30801652846534,70.4754761327421,90.70521149236087,144.0851114673389
2980,-48.802162730908776,-37.81480123147722,51.26251398436525,-48.317100961045846,-33.79397151753628,51.61147557340023,70.03408329364743,94.4088211358556,143.34521012016188,70.15506198101053,90.53504055935008,144.13546077168286
2981,-49.25092937222375,-37.59937355190018,51.30490446614675,-48.76902630694779,-33.57340948141189,51.65375245750045,69.87051026053756,94.00380666465759,143.3659737355167,70.01859821866985,90.29357961045385,144.15568726119622
2982,-49.70558823526513,-37.3776841901601,51.35021641462438,-49.224077591954206,-33.34879713676265,51.695791213813486,69.6977465929082,93.49815863909673,143.40189533710856,69.98531333255988,90.03658911586211,144.1980595828961
2983,-50.15931061110854,-37.150509906829896,51.40456455084737,-49.67991829881446,-33.12192552878687,51.74119021047509,69.37177935554365,93.26196860090441,143.41521631750985,69.8456980816081,89.65194005254004,144.21654772047947
2984,-50.610682464168505,-36.92435329235977,51.46141278936956,-50.12857306411205,-32.89729011090939,51.79019404859471,69.19131824266302,92.94368916952608,143.46422016062232,69.66922355363333,89.34849377459456,144.25604838163127
2985,-51.05423570165769,-36.701021612256476,51.51856699106209,-50.57059032619566,-32.67539823644621,51.839922977591286,68.97348097582079,92.74317905199538,143.52287194859477,69.56671788413306,89.1963683659889,144.31138681899537
2986,-51.49714738535644,-36.477935824237996,51.565029570271726,-51.010814735906756,-32.453036171266184,51.87720524967526,68.74176235464127,92.72678346006634,143.59568128081847,69.3482050391629,89.14906865305986,144.37436628699712
2987,-51.943900905244654,-36.25256072977008,51.60126346246516,-51.457380940172534,-32.226117595071464,51.90561327874339,68.67659897466358,92.60081991748172,143.65093728330964,69.16049525117992,89.11879314603691,144.4473055638227
2988,-52.39315896440028,-36.02439413048161,51.62833566718515,-51.90855420400304,-31.993674808778714,51.9281182175275,68.42254426797068,92.61068619256304,143.7108294775151,68.86415354226132,89.17541263599283,144.4898397544059
2989,-52.83414260220452,-35.79306062460114,51.643526149634425,-52.35036846066347,-31.759499725080044,51.94032968978379,68.05068190010596,92.71429839213079,143.73967685482182,68.53972419961771,89.28738152160489,144.5059013354959
2990,-53.269150615739925,-35.56220644161265,51.644585397263235,-52.78981101886763,-31.528411202519123,51.9436433967984,67.70070069421189,92.5987174034999,143.76237943758062,68.19712949751698,88.88986473200796,144.4966729474668
2991,-53.70621739806738,-35.33105189339877,51.63479000882078,-53.22954114477673,-31.301290679109442,51.94335328399418,67.49297342952369,92.57874784637497,143.75974266120662,68.05721719045056,88.70898765941342,144.47823220003573
2992,-54.14489127223438,-35.09792740459266,51.63055509470667,-53.667808577054494,-31.074330541032612,51.959520143266836,67.05316543611802,92.33559107703215,143.713967405807,67.65941656053946,88.34008370843017,144.42825268076692
2993,-54.58442359993148,-34.864937705517896,51.64182867005484,-54.10545702606525,-30.846918201958434,51.98942321411863,66.71999825852018,91.93038763729342,143.64648747973283,67.35572159923932,87.89489801497434,144.3749514888845
2994,-55.01573878668566,-34.632977974450036,51.669062573663375,-54.53791337561413,-30.615366282919542,52.03113729084149,66.35301519556708,91.44347510843961,143.5560108824111,67.05362397136777,87.43079934366224,144.32032751401678
2995,-55.44466959126864,-34.4042009263032,51.7107770627473,-54.97066955278227,-30.382173689669994,52.081812382227376,66.06289502474725,91.0415115729633,143.46980261278534,66.78145006476775,87.26401423561273,144.26196158733114
2996,-55.87972101450031,-34.172510021576315,51.76902411950079,-55.406979264198434,-30.142478335908987,52.14029674741107,65.55497191825121,90.87020246842526,143.39623570173944,66.17767178530502,87.52182677840554,144.2142754745104
2997,-56.31366579913392,-33.934023383759545,51.84431915591927,-55.84068090000078,-29.89777960732798,52.20573167929834,65.15609045168726,91.12241728013234,143.38109087347058,65.74315495757462,87.83550205732817,144.23688239511796
2998,-56.74757432434416,-33.6896840527475,51.93727098565382,-56.275283957229966,-29.649945802498554,52.27926149832768,64.71035826995069,91.35338692954144,143.38237700571958,65.47251970274102,88.18497056380194,144.26660977273315
2999,-57.15990587789931,-33.44139529482086,52.0215870983601,-56.67979270442574,-29.402736767143377,52.34220501858539,64.48973515975297,91.69999633115303,143.40628659192296,65.27299944209868,88.40953152018837,144.2927191539594
3000,-57.51500639522003,-33.17275260773013,52.09099005419272,-57.019316834389144,-29.142341768905215,52.391899526357385,64.20493649899001,92.11801940714865,143.4501832546897,64.98944577473831,88.5263577425237,144.32974525585988
3001,-57.791308510398586,-32.87242200071181,52.148317502008744,-57.279313759335956,-28.855378842475844,52.4337693789125,64.04078429559559,92.66316155111565,143.50712611964607,64.757355424526,88.68750973583383,144.359266419488
3002,-57.96682919756429,-32.55157513712433,52.1954511837144,-57.44647507022691,-28.549143496535752,52.47050129769111,63.9301232174108,93.10067528444219,143.57954146665844,64.58096097815914,88.86278998824231,144.38431425313524
3003,-58.0359194677818,-32.245116974930134,52.225687853895906,-57.51695929655736,-28.24625076233427,52.497936205056384,63.930241822218875,93.18691019334071,143.6362202184112,64.4692604559744,89.07044354073089,144.4039211189949
3004,-58.02081217099481,-31.982247729337207,52.238098399564144,-57.50672705036129,-27.97077448099342,52.517616869075084,63.872602240049424,93.275553335783,143.65080726159815,64.42458010887701,89.27449292189412,144.41863221898046
3005,-57.9532722133129,-31.79266930021056,52.23409536115112,-57.438531568842386,-27.746277150647146,52.53088559707016,63.75995669872816,93.41008445420759,143.65887762673822,64.43717307189898,89.45292902332343,144.42856334215963
3006,-57.85888170153037,-31.663589219814032,52.230059596186244,-57.331325431483386,-27.57711258229294,52.54282650275079,63.72886877079327,93.58281354247536,143.66805665372476,64.49284615844618,89.59292239203641,144.4375746355145
3007,-57.74980290153165,-31.58566191934951,52.23207048266737,-57.199718851464205,-27.46477221322577,52.56092825362379,63.8060282545586,93.65825676536872,143.6709110195501,64.57757197995093,89.69076492887078,144.45317491444507
3008,-57.639212150140835,-31.55528466438857,52.23617237796714,-57.05985005960129,-27.402399961100556,52.57822433466267,63.88753892253949,93.69505302414689,143.67704092849579,64.67695681097739,89.74924652568687,144.46890389927984
3009,-57.54063040186027,-31.564017427813308,52.24216605589156,-56.925870538766596,-27.381560573438037,52.59328166579873,63.97771001058585,93.69381460639654,143.68495879937066,64.7763951887974,89.7750285890129,144.4830485337392
3010,-57.46524812629021,-31.599877704385396,52.25070499065525,-56.81078085011255,-27.392708782002703,52.606332314062044,64.04267626842612,93.66171749677275,143.69448201661646,64.86377582086746,89.77434491138071,144.4954593114973
3011,-57.51612764601616,-31.548992229280394,52.2577143537679,-56.902833760372374,-27.360133528712467,52.61528251913497,63.99871112985918,93.70903544552662,143.7023476115034,64.79348044615308,89.79348461692344,144.50393123541704
3012,-57.48339255506508,-31.603288590497673,52.267179998944634,-56.832680285535965,-27.403781180629498,52.62510666972212,64.02419897144428,93.65952724142629,143.71246521704614,64.84697788049338,89.76433871425668,144.51340478353245
3013,-57.45998332875424,-31.649966854563306,52.2781159373584,-56.77760057633472,-27.44633980375401,52.63406782163647,64.04197314462279,93.61857995388732,143.72394905768002,64.88976169371286,89.73507691758417,144.52228014737878
3014,-57.42633288958152,-31.681289129232713,52.27833285557779,-56.714132865803634,-27.480371554140568,52.63221807977613,64.06964333926237,93.5923008344732,143.72442432186935,64.94252364322978,89.71272310830336,144.52019660864735
3015,-57.366118227441156,-31.694586719415803,52.27096279606641,-56.619263519801365,-27.49905023489063,52.62323661070615,64.13065731821789,93.70787654752374,143.71977371647347,65.03689237838532,89.87772863159273,144.51460645512387
3016,-57.27132716885939,-31.692834293363706,52.257794458740555,-56.48666351127872,-27.502935761493912,52.610506300911226,64.22992657586646,93.75387617929975,143.7062562895637,65.17594904258733,89.90384630337351,144.50066249184565
3017,-57.136275837881264,-31.691003665297817,52.241033928931586,-56.31894224917728,-27.511627442753976,52.5967137070318,64.45035953525735,93.78886225721085,143.68570634371162,65.46015323497673,89.90484457811714,144.48151208112517
3018,-56.95908382408448,-31.714186357381443,52.221115690463286,-56.12464523790537,-27.552018687929596,52.579269373087115,64.32596256850535,93.7266304869944,143.6406662181861,65.1994304450403,89.77630151182105,144.42987073137564
3019,-56.74605431873714,-31.790585507709636,52.19536666490537,-55.91594529071304,-27.645257725558107,52.55977097925453,64.19102865405806,93.71951562050542,143.61704885224626,64.97357687586644,89.75418519148617,144.4210474686558
3020,-56.5077341888693,-31.931049348830243,52.16401459198374,-55.70160850769676,-27.78904133140524,52.53857515037783,64.03184500912542,93.54493724719522,143.57786605243885,64.76125679449105,89.49913394926647,144.39368516021918
3021,-56.2548132494033,-32.12043006666354,52.14358477644099,-55.48281777928233,-27.965190010161358,52.5296526480212,63.74639499513916,93.48152774629239,143.56744710834784,64.43702688306135,89.43940740429058,144.40276192874813
3022,-55.980912249428556,-32.33266093295179,52.134192745164036,-55.240039004949764,-28.15730969182305,52.53096230027036,63.4360004184746,93.37755386829748,143.57468465041708,64.274051342001,89.46736567935062,144.42843546460787
3023,-55.677826602866034,-32.54003063146688,52.13427258281047,-54.96579237090871,-28.343221266506514,52.53877291053794,63.185221106815824,93.29705963959012,143.63039155863837,64.2225499948861,89.41117202843208,144.50826800957222
3024,-55.34278755536649,-32.72677707756673,52.14052045576416,-54.65944342100426,-28.51233515916846,52.54836763494633,62.78860117053551,93.30507802224915,143.71493351693104,64.11974616736356,89.43380976439494,144.60126987806152
3025,-54.983616934180084,-32.893677994536844,52.15690955884391,-54.33106048332811,-28.664384665452694,52.56247901098993,62.959751256839084,93.12759721903515,143.81201156887767,64.33367493545755,89.22920552143131,144.66316822627988
3026,-54.61031264823883,-33.054964189048825,52.182291843883746,-53.988646853244454,-28.814869243495032,52.57982267941476,63.12227795748738,92.80775946550729,143.89416639444934,64.48828939988836,88.90172651338717,144.72526490181383
3027,-54.235820022328014,-33.222160882535285,52.21524248294201,-53.6427578566479,-28.96959507695679,52.59796577664601,63.08616402032236,92.62700969285608,144.00794859039007,64.35448244237044,88.56528099291675,144.79696310457885
3028,-53.86568171828376,-33.40883498578366,52.23684132161785,-53.29964074124838,-29.140189108440776,52.604980977645994,63.24262255497964,92.13631884865332,144.11568649931186,64.35670797183293,87.95944480502988,144.8754643263871
3029,-53.50915091607549,-33.61750404919965,52.24631485852217,-52.960445561976854,-29.334550700309443,52.60319699691391,63.366089311108205,91.61294999493575,144.22230807505852,64.40865577306786,87.5337469486788,144.95437588266316
3030,-53.1555224056504,-33.841282016330425,52.242926234175265,-52.617692508946064,-29.546370533302387,52.59188163554255,63.21195048179076,91.20944828121851,144.29739064768842,64.16098130019031,87.30177554315044,145.03393550219187
3031,-52.80035035409457,-34.0692296010504,52.229540028814654,-52.26982131531985,-29.766561416266793,52.572859404938356,62.92198721662962,90.60656436406853,144.3654061415433,63.71861231455204,86.9148885404076,145.1174270161497
3032,-52.43579568633296,-34.292848554049876,52.203976600781495,-51.91072574452604,-29.985704636742476,52.54819483303244,62.46544957665822,90.19777248777304,144.45899913192503,63.387435084808224,86.61768659494098,145.20874693420663
3033,-52.05550999965718,-34.49842756282745,52.17537632228881,-51.536163327776585,-30.191616270859903,52.53134547036087,62.072883386108685,89.90170235370051,144.57528976623763,63.15225003351087,86.38855988721845,145.32417457880223
3034,-51.655514624789916,-34.69307003086219,52.14633059243233,-51.145093579519155,-30.38706066858311,52.520700019340254,61.8292267257889,89.67002966698837,144.71808763502696,62.9047033207144,86.2598894218137,145.47471672831736
3035,-51.24634785497316,-34.88186586948607,52.126333021828444,-50.748691886149984,-30.5764363733595,52.515279049535906,61.59109161105305,89.69397141228087,144.86906244577563,62.829791255794106,86.17547956826944,145.62635316477386
3036,-50.836063327814806,-35.0714667906254,52.11470641945622,-50.35297566620839,-30.765493853383052,52.51347311647478,61.20259582221757,89.50710721927295,145.02563628651322,62.63869242655012,85.87721583919718,145.76993451395265
3037,-50.432075887315,-35.27033578686105,52.11328619909892,-49.96128325383085,-30.961757881387,52.516071085788894,60.86763079994266,89.19852294517666,145.19489312507395,62.27715883250615,85.54479269847151,145.92371696437334
3038,-50.034353270909094,-35.481330029866314,52.12323281487473,-49.57375310174269,-31.16732240717345,52.52351821834719,60.660078703856264,88.97630704900348,145.35368921333782,61.95068758009809,85.17047564616236,146.05308266529624
3039,-49.644733790941835,-35.70897160559118,52.13894519209714,-49.189152173345555,-31.38913639962028,52.52757539872754,60.317889740064324,88.79491390293566,145.51101494038906,61.51936906014029,84.94344967617467,146.1794694368402
3040,-49.26090241861389,-35.94734810360109,52.14932144952516,-48.804808007701205,-31.621796800344175,52.52761621811311,59.83650450161953,88.45014933540017,145.65345633948525,60.99943253059435,84.54749093543482,146.30155739580076
3041,-48.87011590415466,-36.185561316514224,52.15253888607222,-48.410159571050265,-31.856992266054753,52.52237192550323,59.520610440277366,88.24711489213924,145.8374872271764,60.75295594717136,84.49924990296293,146.51367360694556
3042,-48.47454913738337,-36.414788658341806,52.14933788862056,-48.0126637329174,-32.085537223190336,52.51387537906653,59.06748012829777,87.7971353128693,146.02207843733225,60.47866736732322,84.1318546110948,146.7164407007949
3043,-48.06549526538892,-36.64322357908571,52.14118050661736,-47.60391632408078,-32.31540240878542,52.50347857365021,58.34382333142581,87.64270570260973,146.2501822701341,59.72818220062642,84.03870185665431,146.95974859973006
3044,-47.64892616375351,-36.86688973330572,52.12757000193925,-47.193116168309714,-32.54066805836905,52.491189096359506,57.89239129322879,87.53465310008002,146.4963708025786,59.29724390922226,83.94833435625326,147.21749186520057
3045,-47.22956862687117,-37.09273162837475,52.116212769984294,-46.783275949006146,-32.7651932665276,52.4881730501612,57.50427476955784,87.44544394721888,146.74282167853667,59.01161346353106,83.78640271910368,147.43025857259514
3046,-46.809273742922,-37.317522461290885,52.11268452333112,-46.37142321088508,-32.98633816059471,52.49346008543271,57.12863240784948,87.28598424940245,146.999121123522,58.63944126457215,83.6165177210657,147.6395091932328
3047,-46.39178772781162,-37.54233880093944,52.11701054315289,-45.96012252435305,-33.206173960823776,52.504965212214515,56.88030423913728,87.32375322291934,147.25600631630658,58.36159188931104,83.52328396586311,147.83208347838124
3048,-45.97371885588849,-37.76581378518303,52.12811394360804,-45.542701695946036,-33.42501279024334,52.51899608807854,56.5556136896721,87.21670849081283,147.41955800920994,58.18816981866519,83.5264438301743,147.96790428803217
3049,-45.551634709540835,-37.98907656925292,52.148316054591824,-45.121472411548794,-33.6434272505459,52.538179836174315,56.24439845224011,87.31836123460882,147.58006826204965,58.002751370617034,83.49252401164932,148.10721506028113
3050,-45.134153712483254,-38.20821752084851,52.17811947031323,-44.70174223553216,-33.86049743673537,52.562101149249166,56.31910417490254,87.15933698029771,147.6902869353496,57.85430490087762,83.29355482314075,148.2301243742765
3051,-44.716337458344974,-38.431777964489896,52.21535397421288,-44.2827684420164,-34.08464192017611,52.587541227984076,56.15210354760342,86.9243162033666,147.77850626960037,57.56609615605879,83.02198389189678,148.3585858412704
3052,-44.29678171321858,-38.6567711696352,52.24122225260773,-43.86637594469477,-34.31054664490452,52.59938508989917,56.245010340750376,86.44501213046904,147.86085263494977,57.7569623584998,82.37302145258145,148.45738538211802
3053,-43.87749474688241,-38.889706481895146,52.25597905353525,-43.44968910902633,-34.545220534800656,52.60261164053721,56.35891403332193,86.13753206107585,147.92825434181918,57.793556226436245,82.06140725329708,148.55265245768055
3054,-43.458335403005705,-39.12587985677938,52.262522505787764,-43.03628871627317,-34.782893924408384,52.60254525324732,56.436115444632065,85.64637770928874,147.97791870473682,57.79444166889198,81.59882226418715,148.62941265995508
3055,-43.044505681290104,-39.363956547572904,52.25774280832949,-42.62623856778722,-35.024241000392806,52.59356878663294,56.524076877915036,85.2220251387737,148.04649513512132,57.866956389613996,81.39650922892594,148.70127658840434
3056,-42.62596196982679,-39.60359098379017,52.24004757210421,-42.20864287989837,-35.26916097575822,52.57681526674645,56.677156101221236,84.72425224425676,148.08555027641933,57.96576495789916,81.0994168695017,148.7499461482442
3057,-42.199687268126446,-39.838602204860535,52.21229354258042,-41.783716253408095,-35.50561863039554,52.55723442107342,56.718119547335206,84.52883019966652,148.12663660385508,57.87429643538523,81.1095308635676,148.80390054514692
3058,-41.76979296269401,-40.06687390831128,52.18584518183489,-41.354868008859874,-35.73654145249907,52.550410322397425,56.85767844869127,84.45307192405687,148.12674461846188,57.76593736821038,81.16712883166042,148.82363615415642
3059,-41.33659354391831,-40.28840911297509,52.17657546761417,-40.92280083734749,-35.955873457174825,52.55877202310331,56.677646478690605,84.55734282710492,148.14137694000718,57.671153727978925,81.03786107693534,148.84662921247332
3060,-40.90103118679354,-40.50225642747507,52.18599176298086,-40.48877256609622,-36.168790345851505,52.581216061673345,56.61514397637923,84.56358749880752,148.1880740674336,57.64010055192131,81.00330190151197,148.92915786630715
3061,-40.46140519252289,-40.716675590372276,52.208196264968805,-40.053465627533946,-36.380817195884156,52.61092270845855,56.48416838555257,84.73504139762859,148.29638633072645,57.51255642598793,80.99413811490413,149.07975808431073
3062,-40.02068724244369,-40.935993890048884,52.24697098459715,-39.61638842498756,-36.59819406575563,52.649049710125496,56.2377724002312,84.92459438163264,148.4738991069574,57.306081545794136,81.1836668179175,149.3095792000229
3063,-39.59385349260303,-41.16331691205145,52.30273207379071,-39.190972006585845,-36.825268069978655,52.694488811422865,55.769624802448185,85.17795848489314,148.72572513276225,56.873899686214784,81.28893405193897,149.58970314576064
3064,-39.1703530831826,-41.40398563650089,52.36179091499433,-38.76468155416035,-37.06330536074682,52.72916568599815,55.36546429814474,85.19856290647255,149.02632940034337,56.43519199737803,81.28162921076843,149.89735363078813
3065,-38.75049361238705,-41.64446571452267,52.40674921322164,-38.34262427748102,-37.30256952598477,52.75099399882525,54.93832428806787,85.15228347641326,149.4007723910157,56.017579237231246,81.23211549290106,150.22323820923359
3066,-38.329672518436325,-41.88462398256127,52.43200574642898,-37.920667602388306,-37.53983856852972,52.75849902602251,54.574207752264336,85.33624624151884,149.8288582821426,55.757316831495636,81.34281333516707,150.56514694830577
3067,-37.90616992257724,-42.11855362470691,52.44299229304169,-37.49778126859903,-37.77106825471207,52.759328215252275,54.251825843268705,85.44555750916517,150.22287599047763,55.654000171480355,81.39751626100808,150.85604872081848
3068,-37.47880993496264,-42.3489195000369,52.44639279303483,-37.07164475859656,-38.00147929828743,52.76037561920791,54.03946068340556,85.6044761952498,150.56513740893257,55.62474486326911,81.53815965594796,151.1007586915198
3069,-37.05608848799701,-42.57767041221968,52.43538432564815,-36.64806407110242,-38.231922769207756,52.75583916013312,53.81805452084396,85.45433200831246,150.84064135646466,55.48925210871679,81.41907165339389,151.31069045449814
3070,-36.62519601530653,-42.803477148171986,52.40910896333666,-36.217391566085595,-38.459379077318175,52.74605072019075,53.82890929061671,85.39279023131078,151.05883779875217,55.43219766874927,81.39827492724832,151.49515158952542
3071,-36.19164973434634,-43.023070512746095,52.39066170738167,-35.781528649916964,-38.680730490733694,52.74678585439152,54.0226018062024,85.30434256066,151.2265120089786,55.554780173326506,81.23871102764932,151.6563833208865
3072,-35.750718673070196,-43.23576733342926,52.38522570960342,-35.33844031490395,-38.89332160377258,52.758074407126855,54.12705158443605,85.34829043241017,151.36873685268867,55.46591263976181,81.24166866003681,151.8333362547459
3073,-35.309363158260204,-43.44382632539751,52.397544859805606,-34.89640530163278,-39.10127525283738,52.782191526438126,54.12605913819754,85.28929487549794,151.4922151142294,55.30921503100352,81.25304717734586,152.02835768955782
3074,-34.86051428257394,-43.65100380743068,52.42486162743302,-34.45004979727315,-39.30458929880567,52.81563719155317,54.0708648039149,85.0613258439817,151.64043150977622,55.214353212431796,81.00260357037591,152.23459351148674
3075,-34.423980973113274,-43.853166062266716,52.46007081892101,-34.015575954668805,-39.50456830467223,52.851497415202296,54.04917015645373,84.70218390844171,151.81034769948602,55.23178144929979,80.71630297129589,152.44248044061658
3076,-33.98370925446558,-44.06314606818432,52.509999193591995,-33.57850511125501,-39.713327849129875,52.89427595894163,54.05673964218159,84.48467319638237,151.9852745134651,55.193173548759695,80.45036986974672,152.63012498925642
3077,-33.5490440784794,-44.285932773087566,52.57527976860373,-33.143694045479954,-39.934621690534804,52.94337016765468,54.05139664018851,84.29811859889305,152.16806207659315,55.19609379076867,80.35839051180469,152.80658895481056
3078,-33.121699054387676,-44.51492306809364,52.63056345465212,-32.71441888027621,-40.1621823346736,52.97942910878726,53.92989529819286,84.16978383441878,152.36001343684123,55.20421477601721,80.22032509278671,152.97608706577142
3079,-32.697465175738905,-44.746909399852804,52.67134169849498,-32.28584069136499,-40.39230039234813,53.001481040741574,54.03779806392395,83.86998145515305,152.52044129329894,55.34906258447855,80.00644788093126,153.1123861590998
3080,-32.271005347057375,-44.9759844588275,52.695491266823836,-31.855816243400888,-40.622574313599394,53.013059051551615,54.25333144431446,83.4842658437777,152.67151043050328,55.530379001924906,79.7327949009278,153.26158014347573
3081,-31.83713540062763,-45.20708728005595,52.70688332109199,-31.420071520883646,-40.85289496254743,53.01884548402946,54.42812864946848,83.27547708631333,152.79788622339814,55.62915319419669,79.50499594587244,153.39523174688773
3082,-31.40304892167254,-45.43730031127718,52.70688539835349,-30.98750936483736,-41.082249540136345,53.01788994434479,54.518976902642144,83.188903044543,152.91188487716832,55.67491770364316,79.39522727119655,153.5330525696867
3083,-30.96447747051821,-45.67364889257228,52.69177416112336,-30.549968943020257,-41.320211454632336,53.010442930485674,54.66796800112047,83.01777767637172,153.03170186337758,55.741388431985186,79.160782661476,153.6709934053654
3084,-30.526647253471385,-45.9055186063789,52.67200377913072,-30.113598186763216,-41.55634110999904,53.012356296739995,54.77498690804719,82.72454068183418,153.14155532079937,55.7839482347579,78.9186225563321,153.79435602406002
3085,-30.083200462927266,-46.13375337089561,52.664460014981344,-29.674399837251315,-41.78920287257114,53.025676945660265,54.696832820982394,82.51934786599595,153.267653478528,55.562072256687536,78.78193913441295,153.94445569594794
3086,-29.637474087282733,-46.356246575120444,52.6723192705858,-29.235056651409437,-42.01671629900736,53.04966531348855,54.56326738598576,82.55687247105146,153.3825647180544,55.443415912302235,78.90764881371777,154.04762135265813
3087,-29.185950857031617,-46.57311955867856,52.69441935658324,-28.788973027703857,-42.23756316166414,53.08176765386845,54.36061586824058,82.60807314333918,153.5019407396829,55.31956711060649,78.92804267025511,154.17483661302052
3088,-28.736342304467595,-46.79123740998352,52.72904426384,-28.34169305695392,-42.45894903431908,53.119869344252365,54.18260075811225,82.67241919659469,153.58682053819268,55.211195911369025,78.95505603392768,154.24376282829897
3089,-28.28798258220939,-47.008832284638196,52.77397563582562,-27.89692636047935,-42.67389567585093,53.15839226786221,54.05145349192483,82.70900272332352,153.66039171038094,55.15561212036931,79.01051572036646,154.31513776285237
3090,-27.837390176439115,-47.2246096299785,52.832691915734436,-27.44497168210089,-42.88731642707719,53.201632647342386,53.96386986379731,82.7674593339358,153.7530299860534,55.214577003094625,78.94264934988738,154.42440297330006
3091,-27.39326625607601,-47.44267121805259,52.895283596822175,-27.000190134926896,-43.10108925202241,53.249971883028735,53.87028513275879,82.90036378913707,153.83307353010082,55.243029498171104,78.93503507668848,154.5087726018731
3092,-26.95517362853875,-47.670072108922156,52.95139982491891,-26.560710421638333,-43.32559087138786,53.29107833568936,53.8147287580775,82.73098740009769,153.9069280682235,55.05459060715096,78.55338010445378,154.6190447339855
3093,-26.52021021540303,-47.902300594309004,52.99785450826501,-26.127621775806038,-43.556805488386374,53.32560403508769,53.7136962246373,82.51629819107801,154.04352025375087,54.89830881055473,78.42337296505269,154.77770559575782
3094,-26.086711545250584,-48.1400029016814,53.03476629812408,-25.69267410157143,-43.79396277051089,53.35481612020411,53.719302032687885,82.35792000684718,154.19450385985166,54.89316627350586,78.3208649434316,154.96909010633678
3095,-25.652229890348455,-48.37216263508316,53.06065386857822,-25.256714996459657,-44.028655703759334,53.37694093410514,53.767091633281225,81.879067542886,154.40864375957182,54.9385222041189,77.80104348028033,155.17712418724662
3096,-25.2149821390866,-48.60124931126436,53.080306703654756,-24.818122101651014,-44.25892676819657,53.39537560832512,53.84275166016135,81.46378879354337,154.6216582713274,55.04486867739959,77.50655572215912,155.35928790115634
3097,-24.775600226784707,-48.83108911108505,53.09158907709788,-24.37635130693661,-44.490079608042535,53.411128963550745,53.72607172636763,80.90740329175469,154.83897138430368,54.959257199601254,76.96070514768218,155.56540538834233
3098,-24.33476481182524,-49.06020825773405,53.09348032960966,-23.935636524507704,-44.717443722357,53.42355551290941,53.658556449607694,80.28435628743061,155.09995823674893,54.94160530189893,76.47782342808249,155.78817901233344
3099,-23.8971040937225,-49.28945496985971,53.099591630952446,-23.49851000554739,-44.94533480933196,53.438801947298,53.714445000324886,79.8515084298767,155.34467585913927,54.88747162846764,75.98253610546959,155.98573812051245
3100,-23.457485531676028,-49.521056608870275,53.10922426142529,-23.06217639846276,-45.17629281932185,53.45564749028524,53.63756556103888,79.1586731489639,155.5482537494583,54.65738338464744,75.39728296410765,156.1573634953608
3101,-23.02002992087098,-49.747400136105774,53.11972952253576,-22.62737461391289,-45.40394293161225,53.47108235498947,53.36478982396005,78.92667237573036,155.70405683246176,54.31577085347628,75.57596056367818,156.29307185407475
3102,-22.585648226080604,-49.97295018391564,53.13234900281201,-22.195780749696013,-45.631037218813354,53.48696083802909,52.79984496880017,79.06279981423825,155.8448640957317,53.68756731264592,75.79600569771101,156.4304325208991
3103,-22.15603516323284,-50.200162547112775,53.147687937189374,-21.765159026826158,-45.85903755863592,53.50457110916377,52.520147986907446,79.05500904034098,155.96989274698097,53.65136884286849,75.89001196599335,156.53721916994147
3104,-21.727739208577976,-50.41877870803196,53.15866585776971,-21.33507451497597,-46.07780835788214,53.51378437216059,52.405077809714236,79.23520048439121,156.12026741550395,53.68828391971068,75.92414004038179,156.7180868255771
3105,-21.29513903811871,-50.633978008515285,53.16685041411051,-20.899614776729365,-46.29123317252545,53.51733939822479,52.38013493855707,79.43094404239754,156.23751141923265,53.89861255103142,75.92896328063821,156.87396565511247
3106,-20.867009878638584,-50.847239281292296,53.17083230325995,-20.46855586408395,-46.50271783531819,53.51809100452084,52.30804419325198,79.72810719245574,156.36024531327377,53.96363299708183,75.96615038102007,157.0274971172891
3107,-20.434207024909888,-51.064222906475685,53.169555269242025,-20.03098109302256,-46.71823438938623,53.51557063586252,52.62970667138039,80.27131966759958,156.48057569689212,54.38464354595376,76.14191179590563,157.1605866274462
3108,-20.002174771784457,-51.28497882899309,53.16468992413902,-19.59383392118524,-46.939259241076,53.511601415246595,53.19373189560314,80.26687073156549,156.60825061951093,54.88695818165242,76.16705177524658,157.27248573584578
3109,-19.566544076965087,-51.51051823610391,53.153826063668625,-19.154660649365688,-47.16610295141227,53.504775196143434,53.73948104456422,80.28940761001776,156.73509794063202,54.90905244973842,76.309258011085,157.38638916819355
3110,-19.130815288859527,-51.73663364782927,53.13697582083114,-18.716960915581865,-47.39367957528601,53.49559681709683,54.13853228903863,80.2832033518462,156.86838098326854,55.187320536935715,76.29911514808447,157.4875986890368
3111,-18.689010772109608,-51.96144499058569,53.119293326592455,-18.276036112957826,-47.61926123816443,53.48491241713653,54.43154414576044,80.57329691261204,156.93495061504282,55.325853255800894,76.66353170469935,157.57236031614963
3112,-18.246024185498364,-52.18540028278272,53.10664168006979,-17.836748724702993,-47.84383457282259,53.48042244953483,54.575009389580366,80.91541120199727,156.9774180414941,55.40730443406457,76.99760783982724,157.61824076150089
3113,-17.796317458675173,-52.41066111137232,53.099466161426726,-17.39243703504644,-48.07104623627014,53.480361363635076,54.87546184364419,81.20415367264044,157.00487516788522,55.59225135380628,77.22512387030378,157.66347425153495
3114,-17.346792000923443,-52.63474207811272,53.0964598866195,-16.94769082572584,-48.296551397404436,53.48199571353985,54.9177181492491,81.32712475438724,157.05442513888917,55.749814442999615,77.31441629575083,157.73738349815596
3115,-16.901032353563902,-52.852106286485125,53.095166162949305,-16.506193646732285,-48.515037432731546,53.48226205115451,54.935877352064296,81.56128311219804,157.08621609529047,56.01007255420735,77.43602981253699,157.77504396153196
3116,-16.452461659116466,-53.06771684875709,53.10067541791116,-16.059583185908373,-48.73214141864312,53.48697458330478,55.14827235452984,81.8876443577025,157.11797610776037,56.10818487419577,77.77445852547187,157.83291261731392
3117,-16.00283462058143,-53.28653214332148,53.11339112007734,-15.610194656021505,-48.95184414094163,53.49580366433404,55.15966737163194,82.25315660024081,157.15670957934097,56.17261946145469,77.98892397510416,157.89827955262248
3118,-15.556190536902987,-53.51059760024235,53.12330401718317,-15.16180854071805,-49.17336074876537,53.495531123918404,55.114415633765454,82.37409664703767,157.20918867161694,56.04298136615634,78.18620896030325,157.97355679724163
3119,-15.10600741975249,-53.74445069742231,53.12239367416639,-14.709422433861874,-49.4040405252549,53.48570617999832,54.92762525571132,82.44557069844156,157.3026759189894,55.71153778617392,78.31695430485641,158.06948465888345
3120,-14.658647360450388,-53.982032499072474,53.109071223037205,-14.259522487054674,-49.63833685933632,53.466476681357705,54.746721007637646,82.63560623346463,157.40309272553475,55.575902813161065,78.5478184607578,158.16486474323446
3121,-14.211587641306368,-54.22084183623445,53.08624133444797,-13.809723557060735,-49.87384420362718,53.44124724929495,54.65414971200839,82.85428566837003,157.48800920888527,55.60032457286782,78.67798513269705,158.25766362904778
3122,-13.764665011039268,-54.46160683072724,53.058747371814746,-13.365502907902258,-50.10997519284844,53.41409737706903,54.37482443808803,83.02809507845541,157.5831296443978,55.49521336316378,78.76289046289641,158.3261409198422
3123,-13.312756806989537,-54.70426422830922,53.02195261273296,-12.917038898524828,-50.34949667912136,53.38334108748911,54.542410246009766,82.7310776021018,157.6390791685726,55.9363655432046,78.41304593788601,158.3514291044801
3124,-12.864472187194805,-54.9417985361651,52.97601559050825,-12.471701755874772,-50.58658639846836,53.349428685270624,54.72197131721511,82.32899633102515,157.6735826416399,56.29029622417966,77.93097860680146,158.3619099300224
3125,-12.41060776196253,-55.18011863540151,52.92912085333871,-12.02106885480621,-50.82516968059126,53.3130451544877,54.6461416654322,81.76759393762654,157.69100314910264,56.03384016910893,77.35707194328839,158.36977403476808
3126,-11.960573880586269,-55.41304062504897,52.890968326149114,-11.571279458307288,-51.060737274709126,53.286471643416064,54.61520467374925,81.30492853061713,157.74391764999092,55.66052425073476,77.01012377039473,158.4624783497839
3127,-11.50666434947405,-55.64276709428694,52.86210501610361,-11.117961701258718,-51.29251141940918,53.268537027165245,54.211819060067754,80.95935502292825,157.84325266887382,54.965500062678345,77.0155406610907,158.62037071132306
3128,-11.051664507515069,-55.87167962639105,52.84376637606825,-10.661586991818563,-51.52175690409626,53.25881422753886,54.10037533402899,80.73416231422566,157.971546472862,54.94678485134298,77.13672338233474,158.80313301772676
3129,-10.594206593634492,-56.10187772822993,52.83453639198487,-10.206591364220124,-51.75029053340261,53.254626632319614,53.89332336405294,80.48892696595517,158.1391075684977,54.67312943027097,77.18331478651984,158.99975358022976
3130,-10.140494574705857,-56.325909380891886,52.829290579194705,-9.754480947477516,-51.97383472855914,53.24776508572113,53.37025536750764,80.75892613078689,158.3156537128251,54.54692465854833,77.54310097301546,159.13026919139102
3131,-9.690229134979864,-56.54548140865465,52.829273948465264,-9.3075941361339,-52.19078604856362,53.23859511401025,52.885526332282346,81.12298021871335,158.52202319000276,54.508471408969235,77.75945838730205,159.2662106057603
3132,-9.238810748957606,-56.76907525364425,52.84208113176089,-8.856537060437986,-52.41438237653053,53.23796027375576,53.215727122853224,81.67364292622752,158.74557610944947,55.0830683251972,77.99022689569246,159.40924974205288
3133,-8.786336612658232,-56.99465350784519,52.85073058670384,-8.403594377729615,-52.64035300260976,53.233868841368206,53.6207932098882,82.28622399972777,158.93632875337397,55.47300840205845,78.36757541874289,159.56319872401852
3134,-8.337328547341476,-57.22226921315086,52.85187772106145,-7.951081877002381,-52.86947931946993,53.2258474100686,54.35070956916853,82.8610184735349,159.07759937118868,55.83381537064296,78.90701476429773,159.69468006604006
3135,-7.888607512775605,-57.45217020024862,52.84409677012471,-7.496698441082985,-53.10047825494036,53.21366112208674,54.5691670375528,83.4643645148304,159.17392887497837,55.942255198519284,79.4988970266435,159.79844125031912
3136,-7.438592054516053,-57.68338838391362,52.827111032224956,-7.042845324131945,-53.333252936882154,53.1960091382464,54.931713209235376,83.93332821021268,159.2242453398891,55.96872593000884,79.73873909460656,159.8694788396371
3137,-6.989212232086917,-57.914136757737694,52.80532330014261,-6.595364376135367,-53.56583973372192,53.17558010520768,55.12594991161712,84.22771499158547,159.29606564729517,55.85749834041117,80.00708769463718,159.92567692092652
3138,-6.535200075611063,-58.147166909252896,52.78240971056657,-6.147379908933817,-53.79911778240066,53.15416117781329,55.03449442352295,84.77396525994291,159.3494915015328,55.433881247848895,80.49857053178773,159.97609717780654
3139,-6.079904159831803,-58.37029523132627,52.760078294298296,-5.695984747342434,-54.02463681835348,53.1414831149547,54.58461923440994,85.15905722585606,159.35855201524765,55.20492757192005,80.72636587701217,159.98889437827356
3140,-5.618126336878876,-58.5903814410168,52.745655106443834,-5.236640685719526,-54.24719847842317,53.13627987629599,54.30208902766132,85.02317625539727,159.32206218225687,55.18683937226138,80.37537786563696,159.97264965595122
3141,-5.159283138330513,-58.80747436573611,52.73967601588709,-4.777751717553769,-54.464185248590304,53.13708449770206,54.11240591690414,84.81741312678886,159.26303635930697,55.33756343437264,80.24230377201063,159.9362821583226
3142,-4.709663515611728,-59.0300282889097,52.742202069616766,-4.324486685146056,-54.68289315728161,53.143245580586715,54.28974133608709,84.40289580275133,159.18157633423792,55.77860980765261,79.9942164359929,159.87813936835542
3143,-4.258926761211357,-59.258399694220735,52.75340721287473,-3.8687343605210405,-54.9046395911338,53.15404392738171,54.75611870868286,84.0546771719573,159.0705238407562,56.488874799449945,79.65200444324289,159.77828125435593
3144,-3.8095959039053673,-59.48908110415239,52.77339252026942,-3.4187017978481418,-55.12836060160402,53.16887905651227,55.27218338768449,83.7867102214333,158.9493264682145,56.995269466828205,79.56471459831052,159.68307256611857
3145,-3.361912659788804,-59.719867615989145,52.801196609935296,-2.97087188736824,-55.356894299658734,53.18548590677118,55.99589318533257,83.3723691560091,158.8440226678764,57.35959849770305,79.57199526802938,159.63328844960685
3146,-2.9134606756783388,-59.95084843502831,52.82045203729028,-2.522704495795266,-55.58721152784982,53.19193191899338,56.668417154045386,82.97345453292905,158.7832573695942,57.69926411457324,79.44231278678255,159.62523987499063
3147,-2.465556037499799,-60.18248766550913,52.832218992035514,-2.073652836847814,-55.82120002172227,53.19239066209873,57.24677062159522,82.72971250543071,158.72869369047493,57.98268071887817,79.02508831165213,159.6015567578804
3148,-2.021158375529789,-60.417634943121634,52.83695297341542,-1.627815363775667,-56.058367752789685,53.18922835523586,57.658524776736584,82.49435652433624,158.69692306545124,58.15204587136378,78.84472386563736,159.5920095567088
3149,-1.5788437469738468,-60.65257003278835,52.83197964100225,-1.1873464068062607,-56.29614873797586,53.1800544794959,58.59087411198144,81.33052197004878,158.68078004746584,59.33067124984275,77.23964225368066,159.58154075555353
3150,-1.1362611601888266,-60.89152638003672,52.81652129227736,-0.7429737361933206,-56.539060345392166,53.16496499355608,59.375349203411595,80.26058807554234,158.7499614356678,60.41689303999355,75.92886585687803,159.64306136499204
3151,-0.6865129222923674,-61.13260997296231,52.791591895108304,-0.29375991603731183,-56.78232630015921,53.14645310960865,60.211941304408256,79.19939246072144,158.85327285240913,61.302496242673236,75.0898933935695,159.72365480748354
3152,-0.23993878243133748,-61.36536918606054,52.76894316421876,0.1498273190368971,-57.01608693261376,53.13907048814336,60.991595011856525,78.11959669395449,158.8974942431189,61.88527793606257,74.46283416436758,159.73248999457766
3153,0.20815497783794545,-61.5932310944134,52.75865337556503,0.5957506481883887,-57.24472333924572,53.142084695007775,61.832306899855276,76.9251692798407,158.89444515884753,62.46807960968517,73.6603808337783,159.7061101688384
3154,0.660587964214905,-61.81455893770321,52.75961695701268,1.0470231693978567,-57.46593737128727,53.15317461968194,62.452665757512065,75.95921253355705,158.88883202783228,62.62364043707934,73.01567792483286,159.6647392357443
3155,1.109881993391558,-62.03153100859573,52.76884226096904,1.4962480319344347,-57.68096964204888,53.168104964673134,63.34606127741757,74.88673252261184,158.8867613115978,63.06154351685281,72.49054467271007,159.6493694183511
3156,1.5558120302832723,-62.25237251326202,52.7900336840782,1.9395988105414002,-57.89818990872404,53.18916479874895,63.38392937146913,74.9428104120813,158.88703912978514,63.35252336775301,72.26593989431964,159.61503855085365
3157,2.001016978438445,-62.473805126538984,52.824342847431446,2.388904367343669,-58.11817466740961,53.216172743158275,63.04738319843375,74.99250279733447,158.8455062079395,63.209696002156896,72.04814579344139,159.60501987736515
3158,2.44004808030971,-62.69602165403283,52.868842941828426,2.833917750466758,-58.33883748259729,53.246379875722326,62.87255981886529,74.7420197607796,158.8160210826561,63.31435710154951,71.66239325636832,159.64937488835386
3159,2.8776938620165136,-62.92142013434782,52.90430523755742,3.275336728916627,-58.561215392816344,53.266287323827385,62.79962610038428,74.49366144753213,158.84894279573297,63.411278694024624,71.38239995492583,159.71871686931922
3160,3.3153304770641343,-63.14835281242224,52.929373858269265,3.7156402209809825,-58.78685363294288,53.27815982207258,62.698598125371994,74.26068030696239,158.93438343452266,63.5526114062706,70.86939913712388,159.81765306187603
3161,3.7514940238977554,-63.37635468181875,52.94413209311149,4.153177960786846,-59.01612461095773,53.28432275538478,62.87816438921562,73.88703299689828,159.0722368487637,63.73130607008956,70.26463636454899,159.94801726617035
3162,4.185384612536179,-63.608019750383654,52.94902026701363,4.5857556311683325,-59.25036837069545,53.28356667463757,62.808889949337534,73.76979679027707,159.22745300040484,63.832208001307535,70.10501761387295,160.0985739504576
3163,4.621818433502375,-63.84162475406633,52.94330994183403,5.018888861967704,-59.48838283776758,53.27755818688338,62.75149336390075,73.81075947810935,159.43627136274353,63.890706102500964,70.39952944240571,160.26886873229063
3164,5.054765238081063,-64.07326745176267,52.92832578133318,5.4508721138633085,-59.72467213199339,53.268987037614835,63.12691498800137,73.81193856720023,159.66096174381428,64.16584436276011,70.56808743532387,160.44360418372426
3165,5.4892506645328405,-64.30389267673657,52.91411675061471,5.884524065775837,-59.960362733925564,53.270736110696085,63.43631926434578,74.14810219416765,159.87837643939696,64.50491169642767,70.94658815041741,160.62581612317857
3166,5.92836520583465,-64.52692848680978,52.90962137783908,6.3237298292361395,-60.187114131566766,53.280203674759,63.721701534908966,74.50597210012938,160.07289710064103,64.76385023999678,71.30477267281498,160.77411206959528
3167,6.370752774822415,-64.74400510509244,52.914528761059834,6.7668973583914225,-60.40646544058566,53.295551929970784,64.15384425773966,74.64000470933175,160.21757213884035,65.2596603721441,70.9880883109119,160.8644696715249
3168,6.813903297258356,-64.95759333503642,52.92847560585239,7.210029905581812,-60.61877090131115,53.316241553770965,64.41810119350588,74.95082574387597,160.3219305655121,65.51160258708524,70.78838916489201,160.92760889125395
3169,7.260419009947449,-65.16821009133233,52.9535380270381,7.657956597531305,-60.82596949202013,53.34222148512616,64.68001936988055,75.12200052429365,160.41215245326867,65.6512136257969,70.7554325676661,161.00707051061548
3170,7.705819007694883,-65.37906615914667,52.9900758513233,8.105773215918326,-61.03141673070897,53.37299220552675,64.76045543855567,75.11582086457156,160.54539652746405,65.44880548283338,70.89795329764733,161.18100971911753
3171,8.15209793003854,-65.59399585005218,53.035597524732346,8.554287182993356,-61.24011052705373,53.40628693096272,64.58616913692433,75.09273542601403,160.71076467022905,65.16451789450888,70.94361852097707,161.4020512635383
3172,8.597578417896878,-65.81576262940433,53.079456322109365,9.001562696817317,-61.45910695686331,53.439664645959546,64.54592628669666,74.46216694020266,160.8967074388642,65.23789425498401,70.37617706715923,161.64875436571657
3173,9.036290260869293,-66.04298351662179,53.11695753819933,9.442792812730467,-61.68488396316208,53.46662248010524,64.52162757110946,73.78470026681721,161.12722909503705,65.32469204944168,69.90111676495118,161.91738698310078
3174,9.465690113613078,-66.2537071492131,53.14754251347213,9.866598541905931,-61.89452928945729,53.48781441197172,64.20845310987305,73.464536749615,161.41022255691533,65.26759416553348,69.41148450233133,162.18286609198734
3175,9.894546810617234,-66.40952138201212,53.17141995150265,10.279881380947412,-62.048421233430915,53.50467317709975,63.61566842703516,72.96633378584409,161.73706865978696,64.66949577312296,68.85096832474035,162.447013582111
3176,10.31284339635839,-66.4825848236782,53.190466765570754,10.683693266244235,-62.122240209927405,53.52036487939688,63.22553007623317,72.29508727690138,162.04339442850656,64.33452005287465,68.32208266583199,162.65873606133053
3177,9.918935499042975,-66.49432816002326,53.20382973078423,10.298899858188419,-62.13072037952639,53.53480610699001,63.17241446135869,73.03805271521196,162.28608026122495,64.4540048549355,68.78765355731372,162.83774633849308
3178,10.264040884991106,-66.40766609822464,53.20908405870218,10.642553304355339,-62.04707824080882,53.545614264955816,63.460568633238005,72.43675000210743,162.48042388707637,64.49067154492059,68.41762611038934,162.98932954324434
3179,10.541354448583753,-66.26713921830313,53.2158531641373,10.928797263164007,-61.904510746239204,53.56406834706858,63.43179493963994,72.00201487390746,162.62726650567905,64.62286375509308,68.15071131286962,163.11656148106715
3180,10.745945785129596,-66.10754427458707,53.23198794913461,11.150523227757866,-61.728436447988244,53.590438278927124,63.49682933708018,71.55843819194284,162.72196649042337,64.79762236686312,67.9773641341064,163.22569875631612
3181,10.893795777535223,-65.94198098391605,53.25504534691591,11.313123457117534,-61.53919207340961,53.62011994458601,63.60133004594733,71.25273209635388,162.7845760953688,64.9791242111606,67.88451204741335,163.32078928185365
3182,10.995830497933145,-65.78071370908496,53.282774691383,11.423679743077301,-61.35028969794534,53.65198080255953,63.68348724258958,71.41612457314905,162.8143674677053,65.146133032228,67.85504045082037,163.4040729914181
3183,11.060495993969983,-65.63334221681986,53.31464296475833,11.489335024516848,-61.171468703917924,53.6847135768703,63.73282324997274,71.5612583496221,162.8465291674676,65.28900515157586,67.87143292842842,163.47596402959036
3184,11.091622493222284,-65.50617821430136,53.344808377067466,11.512614705277413,-61.00847635203534,53.70915014837351,63.752984425765845,71.68137903924648,162.8745358734172,65.39901838241924,67.91808222801156,163.5312798546088
3185,11.09394204412414,-65.40373118806139,53.371893721983305,11.49907005133485,-60.86951356948228,53.72488909361912,63.74946573732655,71.77575649374263,162.89563637166498,65.47145394499198,67.97978879013569,163.57145702279965
3186,11.075058157541468,-65.32644204670203,53.38762421221738,11.459638441896653,-60.75889761851958,53.7313196768658,63.72914555829184,71.84708576247218,162.90723176939554,65.5122190055416,68.04470166761527,163.5977760802353
3187,11.043517506550712,-65.27394109114321,53.3921845177406,11.405387169302552,-60.67817082963405,53.729982982118365,63.695968227442656,71.89571302028443,162.90779186182598,65.52850622430323,68.10363377552557,163.6122992480344
3188,11.00654072264992,-65.24507140048622,53.38889660714404,11.344247397438442,-60.62670004226934,53.724572390104484,63.65910646271297,71.92116854209283,162.90076164819686,65.52710285731442,68.14894261396712,163.61941520740586
3189,10.9711466485165,-65.23238521190788,53.37771055862311,11.285625152351994,-60.59245782208802,53.71828901651407,63.6246236538412,71.93203249961171,162.88767364045188,65.51681090348636,68.18372861166341,163.62326849568433
3190,10.930911804981555,-65.2148986277785,53.35938460215434,11.223418739012143,-60.546178293077716,53.712649151424216,63.585498470049174,71.94607140521005,162.86935256112372,65.49311596772242,68.22629475842905,163.62582840319956
3191,10.881805325965688,-65.17210062523463,53.34213272831907,11.154510239000784,-60.46639263539703,53.708824719641626,63.537244002066146,71.96948077298474,162.8517009472118,65.45557926758615,68.27624213123434,163.62779225656118
3192,10.821530812402349,-65.09302713591833,53.32952647735907,11.076106773836642,-60.34802134788533,53.7075842300884,63.38157063907088,71.07595477369453,162.83380641320008,65.26677674643183,67.03245804857775,163.62401455217596
3193,10.73722316052106,-64.97666306594259,53.318779695657,10.973947984772556,-60.19820180558601,53.70347277958988,63.23505120572974,70.131584638246,162.83227032070258,65.12126206947492,65.97499036260764,163.63448580995322
3194,10.607313414943306,-64.84079907792213,53.30952495999476,10.829067276629479,-60.04538143425467,53.69656179901439,62.94269101120626,69.30802343578215,162.84000158644116,64.72956194820121,65.30366754048255,163.6441544295142
3195,10.41173856535829,-64.70632997798688,53.30737162961561,10.629108994425712,-59.91402583897767,53.696482958253505,62.71806474028926,68.46361970712442,162.84562228595865,64.37487888798297,64.73932813395703,163.64811197847234
3196,10.144875175209474,-64.59225145777933,53.312307646874196,10.379008227128216,-59.815606783011575,53.70318967872698,62.65537736892921,67.79485723904249,162.84395586134636,64.16591163014725,64.52304167378293,163.6498768136454
3197,9.827495257496814,-64.50209564865436,53.32060969381517,10.094390674143975,-59.73969760484046,53.71226728422404,62.77282087577947,67.15272632030882,162.8519629790729,64.13777992190747,64.37683345627127,163.66510119891424
3198,9.47848826328862,-64.41524954909005,53.33082764764251,9.784967480513176,-59.66287064205746,53.72238710933227,63.36797053726077,66.80170136673034,162.88721617131694,64.74177877375571,64.66386943881845,163.7069501672266
3199,9.118414845610745,-64.30780463042035,53.34334134674471,9.461060064609356,-59.56401268008602,53.734222087809144,63.44491066523123,67.30697851905184,162.91901165838956,65.1947864217612,64.96916475997448,163.75055344657136
3200,8.75885084511819,-64.16594587550821,53.36126584923665,9.1349030128946,-59.431842718798194,53.74824222871481,63.72003400575117,67.74837966362969,162.96218791731764,65.81324228747734,65.06908590464303,163.7992690357915
3201,8.401242753563286,-63.98806660444587,53.377617467331774,8.808233882408558,-59.268245475115464,53.754977179993915,64.4175920331944,68.13421429296957,162.98569094879713,66.42446071147666,65.10570236869127,163.80199683130004
3202,8.042567713598723,-63.78765593081403,53.385923619309814,8.477441121654714,-59.08530958538748,53.754923650861706,65.05273509310932,68.27604501920862,163.00937229949886,66.63617728385972,64.82978582508002,163.8073623453398
3203,7.675935549755948,-63.5843567802223,53.385127083936865,8.133237919369817,-58.89643696977122,53.748368671966425,65.76684303904835,68.14040590503019,163.08789022505772,66.93719452068201,64.50269933085634,163.88942203930918
3204,7.297450351878031,-63.39684941743224,53.37562346220864,7.776252954023393,-58.71958096044287,53.735667104612844,66.23833476250897,68.00935024355238,163.11699693988254,66.96559470557892,64.23642852537654,163.89637900446917
3205,6.906767235824867,-63.223391233581275,53.3591044505356,7.404221585571941,-58.55230154021608,53.71955677329883,66.17104440247888,67.73721310172925,163.1471166981561,66.92330348099023,64.07882155941387,163.93211670375956
3206,6.508571254069886,-63.05971381574638,53.34505923629268,7.02105750222251,-58.39381276581721,53.71329760844979,66.07252387847906,67.47165878701645,163.20689829610384,66.80977539945486,64.07035347211125,164.01381592675176
3207,6.1055134436956235,-62.89496425771665,53.333704635197044,6.632097822146915,-58.23324977998331,53.715491000968804,65.99639644721225,67.31056947182242,163.2744395034723,66.9856178190827,64.09477859286952,164.1074613079917
3208,5.703348321951371,-62.71904211800375,53.33156165461947,6.2431692793317115,-58.06304106789331,53.724499937614056,65.78247747953722,66.88451025781625,163.38625509213531,67.05107094617183,63.741579546441294,164.21263940700774
3209,5.304118896226402,-62.52572146167271,53.339322752915386,5.8554132228772025,-57.87600070553057,53.73944129709856,65.94523262854794,66.6841069578091,163.55583135093602,67.3763641402905,63.46581217233199,164.37568154741194
3210,4.913233407098893,-62.32014755953542,53.35743128966041,5.4711465535297625,-57.673590528895495,53.75962183065488,66.09651500828505,66.47116835545407,163.68033027177896,67.75364377777612,63.119623593233186,164.52074041419206
3211,4.518566939407407,-62.102496506466125,53.3853157879257,5.084087568398512,-57.45949310231968,53.78340924458666,66.48235703333987,66.2106989691615,163.8711176355419,68.16076244697496,62.7700867787015,164.66707789506086
3212,4.122154047556717,-61.885101029131896,53.42300590941145,4.693719048355083,-57.24353506388769,53.81038008074397,66.93077901604383,66.64825911216768,164.04760478390932,68.50669323617034,63.52886873012398,164.79539724137211
3213,3.720486511779946,-61.67085569255584,53.46268579935731,4.296292638750552,-57.03180134522107,53.84015734622364,67.30675808968849,66.84045101753489,164.14636869986217,68.61351521913494,63.914348343349694,164.84270557969376
3214,3.3072539388350233,-61.46110732734884,53.5027621178751,3.8872956821017475,-56.8239999733598,53.8716567214802,67.58016433623327,66.72372633543934,164.20883509820226,68.82067364002356,63.79086307534201,164.85710436744375
3215,2.8903268418197916,-61.25128229944388,53.53647456540928,3.4767579843142866,-56.616842000399465,53.896466658313265,68.05965417130352,66.81042982834083,164.3165777884555,69.18159958803518,63.61065600120126,164.9642749594822
3216,2.4724762724798484,-61.04429245890586,53.56463669273295,3.065507449909519,-56.41284415536837,53.916920635702844,68.29709137683166,66.90275577832575,164.35639997064544,69.41697820894335,63.478152744526554,165.03205879195104
3217,2.050230233012578,-60.83758529000755,53.587010603020886,2.6486345399781337,-56.20794813409351,53.933435194587425,68.46605255922545,67.22910689189777,164.40560515551286,69.63984475817077,63.58422276484888,165.11523026581045
3218,1.6247419419185247,-60.62947848769592,53.603248699120186,2.229351106634114,-56.001283191170096,53.94587691470901,68.63368742116594,67.74379503299869,164.49150241027263,69.92675741591147,63.87380372226985,165.2628234409934
3219,1.1970052410891598,-60.41860635479318,53.61291002480588,1.805741412249076,-55.79210383285733,53.95493883161905,68.86707579624992,67.45558220742484,164.52835397703058,70.21589963931072,64.01917840113842,165.3224035214849
3220,0.7736294956097964,-60.204483632354105,53.6213531004141,1.3862181996625247,-55.58121733908251,53.9683402432566,68.936818833227,67.47098581767374,164.5723773064697,70.06701068819949,64.3322298213857,165.32518382883853
3221,0.35451033307710283,-59.98722184716458,53.63034878735892,0.9702468911044588,-55.36719630647216,53.986592855167586,68.88877665931116,67.90858913649998,164.65651871740764,69.91525935026688,64.74236578694058,165.3596411224294
3222,-0.0642179448818529,-59.77008672337689,53.64728225345121,0.5561637604871381,-55.15128850589648,54.011192832277644,68.57185082271064,68.4208579299301,164.67583470101235,69.6132674077534,65.0897096347142,165.39212879783042
3223,-0.4864507983250195,-59.55198399198599,53.66926873828346,0.1370846524775038,-54.935960588050605,54.03857040749824,68.18911974011117,68.79378213466948,164.69255837065253,69.22499684354608,65.18428741338924,165.3970270123893
3224,-0.9065574195858304,-59.33458950729718,53.69507401205294,-0.28258041796508426,-54.72097257843631,54.06664357660217,67.80244855117247,68.95520696942344,164.68662321045673,68.94395542622895,65.17455101037272,165.40080465937191
3225,-1.3258875937895458,-59.12084385264989,53.7267787265635,-0.7023977466896547,-54.509803875659046,54.09695621863416,67.41204246804618,68.68179879071276,164.59840984551772,68.82394797684157,64.76108697382523,165.37114691183265
3226,-1.7448696962104715,-58.906626904824435,53.764981244155905,-1.1252160862410752,-54.29715682329015,54.129536954275125,66.98841718264879,68.5216638255751,164.57141128632355,68.74166755282332,64.49836089934763,165.3731393475726
3227,-2.1617163582307892,-58.68838433210624,53.805416125956796,-1.5431519769833835,-54.080520287000105,54.16453735031464,66.74646394629832,68.22449954656327,164.56669534111566,68.55354596425826,64.29705696787913,165.35922302128068
3228,-2.581142400898496,-58.4651376495887,53.84496703010095,-1.9628520303291617,-53.856703218477705,54.19823099254771,66.51388719217235,67.7545360281833,164.53066965314096,68.38863231164335,64.05281897422076,165.33645348326374
3229,-3.0084017031969346,-58.2387523847398,53.88179496461804,-2.386432293068059,-53.62697639298442,54.22987011717949,66.48236775168422,67.68769604772974,164.5293977443644,68.36042870879481,64.44662919623389,165.37065330744738
3230,-3.4344986044523877,-58.01652223840706,53.91563035867707,-2.811679251683087,-53.40029525977147,54.2597541731389,66.6474987658886,67.74514033253737,164.53386990124238,68.45839210339086,64.75427911243389,165.38522790023094
3231,-3.86634174463512,-57.80166259622688,53.94847384572412,-3.2405617056658813,-53.1833908528053,54.290433036349235,66.38586979345959,68.19828891855173,164.55501491820027,67.96438366487412,65.46669320658128,165.42176464547214
3232,-4.302812081730123,-57.59081614854641,53.97875107122003,-3.6748781715773817,-52.97313420064975,54.319951409236054,66.18674807883548,68.84693709777038,164.66383082818126,67.76848784524023,65.90595729879875,165.5408043809987
3233,-4.737046957879038,-57.37529104779181,54.00702373849796,-4.10758891521976,-52.760484714101096,54.348970069062624,65.90846250542864,69.36405865689768,164.77416696101034,67.51378315719629,66.14153587546652,165.6621161869912
3234,-5.168990744688742,-57.15005598646144,54.032882471752416,-4.536307303728458,-52.540051141669416,54.37715957493857,65.89209314441449,70.05799575553173,164.93724256203043,67.54587476024962,66.57961028714399,165.8154281046497
3235,-5.594347333028016,-56.9180977561662,54.06090734050035,-4.959587473704961,-52.31108702229379,54.40679813854436,65.49754524133996,70.4068533139617,165.11511707824076,67.01920469667807,66.3624952096842,165.947423323127
3236,-6.019364831359407,-56.68565900682126,54.092065690951365,-5.383610560247431,-52.07862789097542,54.438453381302615,65.23200479080022,70.60680272290105,165.32490722702076,66.88085600578826,66.56673508439769,166.15128953405056
3237,-6.443586660115439,-56.457605051177644,54.12307450688987,-5.808669160415213,-51.84768182922788,54.469122264228176,64.83623594322805,70.75126390257898,165.53482811077657,66.71244632271548,66.64923558102683,166.30436043784127
3238,-6.87537799916714,-56.22968361598891,54.15356628217173,-6.239930548166516,-51.61838897486121,54.49963332153853,64.89103979180202,70.82866113335521,165.79350938186485,66.64973342922669,67.09182660592468,166.52031146186863
3239,-7.310979389886382,-56.005388101671194,54.18508817065622,-6.677410366243006,-51.39396335779837,54.53083714689117,64.71841295528279,71.14908466906228,165.9551157873363,66.4809922607698,67.66085702093604,166.64626014776982
3240,-7.749832055748894,-55.78552965228191,54.21986419751597,-7.1161104456764885,-51.17509124112373,54.56635401797898,64.57507013558515,71.47014123864085,166.09960480038208,66.28832151811838,68.00103770528663,166.74837464248327
3241,-8.186286098872277,-55.56820806488432,54.25580515321105,-7.551058776319129,-50.961262706416015,54.60304297939738,64.24413145201942,71.68315830613926,166.21073082575816,66.09671068217025,68.37602524055114,166.83842926057318
3242,-8.623202187769477,-55.35380314141777,54.29283761855923,-7.985449915350701,-50.75093251759478,54.640520019656,64.67192451832717,72.10758454262694,166.3139696113836,66.47715572733713,68.37792744707492,166.91327766048974
3243,-9.059776334846713,-55.1402654694666,54.332154652382584,-8.419403107481122,-50.54278770023099,54.679934444252,64.47582987614253,72.31122838591166,166.3129527517528,66.16886631293808,68.46059977898717,166.92197253365129
3244,-9.493495807792232,-54.923410029273064,54.37397910489434,-8.851617541771414,-50.328544864885,54.71997760846474,64.15249774586205,72.45511169064781,166.30755571658173,65.6870561477468,68.36227466548988,166.9130182517969
3245,-9.923637080471371,-54.70611432937238,54.41946588732763,-9.28387797963442,-50.10893720613265,54.76203532802177,63.48000997833247,72.33461833252314,166.2213010127352,64.8814004687905,68.29347414296953,166.88676042561792
3246,-10.354796655835852,-54.48611920065481,54.46537156069082,-9.718664003554803,-49.88490245400454,54.803184398455585,62.27826277023113,71.81183014455294,166.14855757126895,63.38441871199278,67.89106762516627,166.83672258687898
3247,-10.789829579754418,-54.266769234947866,54.506612718314685,-10.15629981798139,-49.6607265206482,54.841373878481704,61.09503930077834,71.1472381973731,166.0814995593227,62.15600868915614,67.25796277301794,166.8062717672121
3248,-11.227268816670632,-54.04976614564331,54.544731071743435,-10.593093070634364,-49.43990421408895,54.878059138342806,59.84460388198761,70.51512666502448,166.01809026585585,61.04024061060212,66.90720711500732,166.79945226359956
3249,-11.667440286318255,-53.83085637951118,54.58090946734789,-11.03166691949755,-49.218761714632954,54.91387407463504,58.10159170190456,70.10923063067598,165.94781297099772,59.986962461443085,66.64459287922082,166.78727677032225
3250,-12.105410956808047,-53.60930114764631,54.614595276885254,-11.466361701367761,-49.00061055339569,54.94914530221197,56.656440922080385,69.56354528378715,165.92990176742407,58.946403779334474,66.32638387638866,166.80154361335778
3251,-12.53665898527946,-53.39059702002612,54.647347024370454,-11.893722685568937,-48.7867574936028,54.983745937982995,55.48914481011356,69.02858551348706,165.91854276267384,58.265938352303074,65.91589144488935,166.80558179265432
3252,-12.964685384077768,-53.17310038077945,54.683078376772784,-12.318437756432708,-48.57371938394716,55.021953021043785,54.64904130707177,68.62203957610421,165.92470303489844,57.764608745546376,65.76593232993875,166.81009700399784
3253,-13.390932966460158,-52.95425607570624,54.7224891331608,-12.74466821289271,-48.3572955273082,55.06350879537288,54.12502554189115,68.38526237807662,165.94810348535822,56.9677360754584,65.52082075092193,166.80196674981713
3254,-13.808855203414904,-52.73597770597034,54.76551829410089,-13.165327873575093,-48.13952140622027,55.108069060516065,53.50586011780286,68.16802893835474,165.9854110404933,56.16147119521304,65.04572447299753,166.8249878441568
3255,-14.225466622347671,-52.51671651805838,54.8099000933131,-13.585427392724098,-47.92018413261375,55.153454235253946,53.00334366508869,67.48241592441452,166.06856821881922,55.54399617323509,64.17273998092895,166.9291525938848
3256,-14.645887582007248,-52.30134493964861,54.85742448829509,-14.012792984078589,-47.701692044723266,55.20073326912847,52.69573336930912,66.74296036418848,166.1616552000385,55.15922380306462,63.42577539939847,167.02087372284308
3257,-15.069605360438404,-52.09121885674423,54.9085480757519,-14.442084996615593,-47.48783726355646,55.250268677765156,52.39975098887761,66.17626804159752,166.22651580482196,54.662370418047374,62.964511858141584,167.07858720489062
3258,-15.497383811271577,-51.88177656430705,54.962948274380715,-14.871703661338021,-47.27699624283647,55.301568992294456,52.02121294385955,65.70975113726972,166.30340527262285,54.29845907924456,62.579714748077784,167.13446699617717
3259,-15.927785341670708,-51.66995726282657,55.01922852188732,-15.30172899881864,-47.06525234864257,55.35495282094691,51.51798932307297,64.94094604970249,166.36859493142296,53.87810039174214,62.02644569318387,167.1654093235698
3260,-16.354725209132255,-51.457434666037905,55.07837937646021,-15.728685686919466,-46.85235587564841,55.41083636435947,51.12367859371022,64.3526263621971,166.43584601149283,53.30271132693631,61.70612412882321,167.18161199829794
3261,-16.783047617902955,-51.241440770595716,55.13840570137317,-16.15493665270709,-46.636817890126586,55.46781582170718,51.1074221533171,64.0601474953041,166.4922730365916,53.20849564657199,61.57754540140661,167.2080839999584
3262,-17.211647989659348,-51.022228493210704,55.198424036942626,-16.581772145517522,-46.418548540016694,55.52499405692348,50.98431420138691,64.22538275712823,166.48582825926073,53.01934790233335,61.61950418175651,167.2252454893699
3263,-17.640358568728374,-50.79770832264375,55.25800292322142,-17.011664284629806,-46.193453887728815,55.58191379326161,50.95356058478553,64.46697217905262,166.50924292505488,53.10158932663404,61.71843683816187,167.28874315419554
3264,-18.07308741879492,-50.57405386255951,55.31737471609776,-17.445647867945237,-45.96882198107044,55.63927059838498,50.95593890604215,64.60105622215451,166.56949260229933,53.01779796485118,61.78759697618509,167.37713153211965
3265,-18.50814930658325,-50.35413713914576,55.3755669121084,-17.881905719508133,-45.748860016152214,55.695977364463424,50.664232121896646,64.65390155419874,166.64325525593006,52.57233246345914,61.713805706106086,167.47687808357847
3266,-18.943291871576942,-50.13813305540412,55.43294941024043,-18.31661223171091,-45.5335165294281,55.752269053707714,50.46533702650995,64.99085397803043,166.75494192641415,52.218968553267864,61.80753621103879,167.59768869716004
3267,-19.38503788639808,-49.92572774507237,55.49009674860441,-18.755861542440805,-45.322865889894075,55.80858427903439,50.31779160539769,65.41064218553007,166.8632074566169,51.773032693790604,62.11669351773377,167.68051929250475
3268,-19.828862098143393,-49.711765596095546,55.545662033983795,-19.19731747349525,-45.111824540387765,55.86305758532061,49.74427745427783,65.36853211770223,166.93579640916968,51.182842191031575,61.84715642313232,167.70905330645778
3269,-20.27333612753159,-49.49182367644665,55.59873278416873,-19.638659850268517,-44.89275100489368,55.914541259145146,49.2763470505497,65.41323656369708,167.02112477227314,50.74400863503585,61.89481716605138,167.7446089940461
3270,-20.715706839883662,-49.275119383306624,55.65062969196561,-20.08007871463433,-44.67430854394304,55.96514149135526,49.02599176433208,65.42645349017523,167.0720554568538,50.92881791101633,61.95853673357429,167.77313397037938
3271,-21.15878106107407,-49.05760605320101,55.69834044355701,-20.522812722327636,-44.45730645924302,56.01208634550781,48.765172964295104,65.5052816900369,167.116674030495,50.91304684808723,62.08616310668209,167.8249846226414
3272,-21.599874180952455,-48.8363692903619,55.73909358679648,-20.963636017463706,-44.23499601843384,56.05179333036155,48.83977393110668,65.79089392825354,167.17168402674116,50.99144712997838,62.34908828366695,167.912185443356
3273,-22.042061736072196,-48.61338181818901,55.77449463786005,-21.402419649697723,-44.01112035828757,56.087286109476494,48.60337104894393,66.080748381066,167.2155205566689,50.62268464866908,62.721716306192974,168.00734833772376
3274,-22.48163881058389,-48.38865776336591,55.80663381421423,-21.83920532468987,-43.78626511929107,56.1217415866159,48.57046388583111,66.05430595015318,167.29871368190632,50.45696349940715,62.818023610547826,168.12543675203966
3275,-22.921231475190382,-48.15855840966923,55.8343434381471,-22.278550489917507,-43.558019100391924,56.15315043717106,48.67193779332238,66.28216904038395,167.43323041845136,50.26591254777121,62.73570344237273,168.25575559902177
3276,-23.36193137884689,-47.92932704718082,55.85777445675668,-22.718041854584673,-43.327161477273535,56.180364138990036,48.701556426363766,66.26191941645651,167.5770805539613,50.05366063963059,62.582259458752304,168.38400325719644
3277,-23.801396696161646,-47.703897708722316,55.881199446397105,-23.15590806344916,-43.10100579743411,56.21106125016724,48.40606437725284,66.17933332130806,167.74844591576587,49.9637196293538,62.3922487652177,168.52603569763093
3278,-24.24258381297119,-47.47258253498118,55.907487193952406,-23.59827685022152,-42.871514399570586,56.246690216829414,48.33423172867576,65.99141013204581,167.91657666855613,50.04252116419142,62.17145767500383,168.6633087733215
3279,-24.683714602924894,-47.24472341450987,55.940379962,-24.040130090054934,-42.64503589824073,56.28665383015417,47.934218369782506,65.62358856490688,168.04847362399508,49.7347113158685,61.903889581706295,168.76910055468062
3280,-25.126113485324627,-47.012956660586,55.977509678432796,-24.483460488785735,-42.41525329960791,56.32759384379853,48.05918447763283,65.03843391160163,168.17606540589537,49.79277179829858,61.54509994069856,168.87083182336386
3281,-25.56962419418952,-46.778806079006365,56.01851528857733,-24.927733718961733,-42.183716460005925,56.37027699142315,47.984580316970195,64.63920060573729,168.29843303560398,49.68899753192674,61.316697668914806,168.98708425415396
3282,-26.012608061097552,-46.5472109742092,56.065747042198055,-25.371026161902474,-41.95397768026228,56.415435987544605,48.200583179796105,64.16999136581218,168.41810513589743,49.95407473874168,60.87656440252797,169.11145892030277
3283,-26.45637307945327,-46.31296196525086,56.11887145244635,-25.814567387596487,-41.71861578655569,56.462206846523685,48.24991306479136,63.71236252662416,168.52060663176528,49.874125255368305,60.4554303196409,169.21165719354119
3284,-26.902984346592877,-46.075024376135794,56.16612313262246,-26.259574300979143,-41.48132058218528,56.50143683606029,48.0303219330882,63.27913695522646,168.6008507506811,49.513722009734934,60.0845438890493,169.30137556773693
3285,-27.350138267635366,-45.84002287575829,56.20604983727404,-26.704992978161535,-41.245723191634355,56.53410504784458,47.64989041040326,62.914623682179815,168.72880939270473,49.148731311529694,59.815428537904324,169.46184287149197
3286,-27.796605343095955,-45.6065125911119,56.23821516920796,-27.14851740089153,-41.01268134126976,56.561233452663025,47.690365649834135,62.70370854398528,168.91797811564263,49.07298733838476,59.72558683202287,169.67585184279542
3287,-28.24547281809847,-45.375254795182066,56.26267250184205,-27.596911585412343,-40.782610656112496,56.58290121938236,47.41941541009589,62.57252993823654,169.0751917815294,48.882623364418556,59.62081725134815,169.81579996031292
3288,-28.69362134486397,-45.14694738175124,56.27948570909168,-28.045739077308678,-40.556593527576375,56.60081980342511,47.31333354983065,62.36617023701329,169.29232763510848,48.81100121208831,59.48876079205661,170.04823462548433
3289,-29.137357719653465,-44.91739669641801,56.28830355645029,-28.487806959049117,-40.329809016271156,56.61502870042174,47.04508509637533,62.243550300973716,169.50491286531368,48.874401098087,59.24376970829012,170.25807192594203
3290,-29.58062371480394,-44.686518351412154,56.289903564807375,-28.928799725804566,-40.10058865163097,56.626447413982035,47.069261448888795,62.17583731917114,169.7222697423328,49.047141432802455,59.055181439456575,170.43318915846586
3291,-30.021028499289393,-44.45783669414742,56.294340932730854,-29.369255406511,-39.87162290942755,56.64011425411042,47.173048704824055,62.233431466632034,169.9485674159966,49.00079260341487,59.042771327803166,170.59497473546784
3292,-30.46461613979543,-44.22949072160185,56.3013237782955,-29.814526876807005,-39.64071484880931,56.65447241098842,47.2779696142093,62.232160558915396,170.09447384718464,48.88617799446366,58.978354762729175,170.6996451608577
3293,-30.911214308127292,-44.00270356415903,56.31159192527796,-30.26104840595344,-39.41067152729548,56.67013249964179,47.20073677132857,62.24321887654206,170.19495334269413,48.753460723435566,59.07155899332315,170.80667010304447
3294,-31.355891873948146,-43.77501081369499,56.326550131787066,-30.70772198344768,-39.180174859165426,56.688798376766464,47.20435418303349,62.28561893857872,170.32897864318073,48.63091542698065,59.157344261180675,170.90737903301707
3295,-31.799444662625948,-43.539940486621006,56.34495810024073,-31.1543189586222,-38.943598075230405,56.70940996305271,47.17114123458684,62.42318832364448,170.36696147860803,48.56175944815909,59.31083977897415,170.97446354833056
3296,-32.24297014883452,-43.29931891075622,56.365756199581405,-31.59837933336266,-38.70285060590052,56.73015045022659,47.06949786834591,62.675410866786265,170.4063525744858,48.53125004987628,59.452536534332594,171.05450716973374
3297,-32.6818063479573,-43.056779550491406,56.38778267504987,-32.03413227922177,-38.46281617812207,56.749568761729556,46.85731065760165,62.957220072345855,170.45738187737356,48.47334701732117,59.61429440174249,171.14090795456147
3298,-33.121312716374504,-42.81450025975855,56.40597031699281,-32.47050650510629,-38.22451214742862,56.7647562472268,46.8427442327542,63.10456311940047,170.51165238594098,48.52067769088264,59.69536207300031,171.23697783652315
3299,-33.56164411886466,-42.57654110412245,56.42115898992913,-32.9115058838093,-37.98925995109988,56.77708070565203,46.73217878556924,63.16393971814745,170.58666683627422,48.347074360327426,59.5835798518299,171.31833474372834
3300,-34.00444097938133,-42.34384077946693,56.43292641429595,-33.355094274051076,-37.76030419070499,56.78680437977732,46.895580448870085,63.18878854963884,170.6684267051509,48.55249655122749,59.59067281348174,171.41643377971266
3301,-34.450037837312905,-42.11446704269015,56.44219857919181,-33.8038335123036,-37.53311410468474,56.79653106553672,47.166959747069576,63.224488682442356,170.7467439027143,48.85130286019715,59.62277582325396,171.50500791768786
3302,-34.897925314905464,-41.89192310245634,56.44771594268747,-34.25572635006313,-37.30967087771084,56.80349309701234,47.43314667658012,63.26846284111129,170.8523196084817,49.1109945650898,59.74428171883857,171.5999856708217
3303,-35.34685141602892,-41.67111325261982,56.45016093298451,-34.707284349015644,-37.086000979594495,56.808864859376776,47.782219695816565,63.23228060255507,170.93393970647477,49.45816277793877,59.748135322698815,171.66869302169872
3304,-35.80241923301262,-41.44830368632651,56.45563605174657,-35.161145387024746,-36.860891897979926,56.82060463524862,48.10643699487521,63.192112414017146,171.0158163201577,49.66613751119777,59.79358792700701,171.74616908209399
3305,-36.26017482514446,-41.22483004538583,56.46772440690603,-35.61592886369393,-36.634794603469956,56.83825836205419,48.34325491900729,63.205899915603666,171.0912356808049,49.805057262851356,59.85889455181761,171.82638944929033
3306,-36.71063722974179,-41.003072167820726,56.485181007038996,-36.0610960685461,-36.411531384850335,56.85908831069398,48.702659636932786,63.33093784387418,171.18619420813542,49.87933973997722,59.88727513023057,171.921346263808
3307,-37.1589174582332,-40.77380165600167,56.50841610199521,-36.503888036329705,-36.181989465352295,56.88353738200012,48.896981573625595,63.391000987866136,171.2783179948986,50.04927417573923,59.91971939468343,172.0281890022875
3308,-37.60031332358509,-40.543647828997806,56.535326209521465,-36.94278482130947,-35.95177551851384,56.91055073980082,49.04533823383284,63.495427952878714,171.38149552395114,50.25567109766135,60.032793756911445,172.13973565996014
3309,-38.037856154950525,-40.31210169859776,56.567340912898146,-37.37997647154348,-35.72114335959013,56.93867398556936,49.17376373905117,63.5906799004518,171.4846746159611,50.4153493364279,60.20495117737221,172.25267997512134
3310,-38.47751733508164,-40.08497763056133,56.59718191479086,-37.82080814170393,-35.494760383078855,56.95779897657612,49.24120224843649,63.825625948290174,171.5901096261908,50.59583835057403,60.44298263841697,172.33836948720108
3311,-38.91760356902064,-39.85891065473107,56.61767437379881,-38.26592739642452,-35.267456445283635,56.96834788416144,49.35415101768547,63.932620185767526,171.65119023273508,50.73575358750872,60.497740586567005,172.366908023229
3312,-39.35468798941197,-39.63566731137863,56.630370234649874,-38.70980633762188,-35.04212983017418,56.97408399885622,49.479240256989776,64.01037482001563,171.6665028013425,50.83777887417595,60.529354550666014,172.34406794761392
3313,-39.797277537212295,-39.409793573022995,56.63791882528379,-39.15506789748725,-34.81576158746217,56.97761303000557,49.500983755788575,64.01787673098303,171.62648419334533,50.73859125456682,60.432753776007914,172.2798311397778
3314,-40.2430941537839,-39.181711491679216,56.63612444751073,-39.60160390422334,-34.58622646388194,56.975976752719475,48.490631856079695,63.92442363191313,171.51098381014202,49.32331835122838,60.22489455368159,172.15272329189494
3315,-40.68914266312645,-38.952602887747105,56.624677531979,-40.04657316405924,-34.35924429102157,56.96974093284594,47.535392838141696,63.82925534194885,171.34697171810018,48.339122931375655,60.144589061161376,172.01033061085118
3316,-41.137166061702686,-38.72224660608062,56.60479816240704,-40.49298128687701,-34.130795724517064,56.96041116084483,46.67562835678956,63.6763250193896,171.16362675466527,47.676621508002064,60.079967629970206,171.894842309818
3317,-41.582690192292866,-38.49115406441784,56.58595542236043,-40.937079369688604,-33.902120826902525,56.950697465461566,45.748632446891335,63.41591963060403,170.97211205256025,47.10374559443231,59.97768904778706,171.78957655790825
3318,-42.02668946453492,-38.26448501500456,56.57598661617369,-41.38018609082456,-33.67601667176433,56.95190391241509,44.75552027932599,63.16762144636865,170.79773131061603,46.550127236988985,59.77915540599762,171.69110030342642
3319,-42.47561462624987,-38.04168118115217,56.57641467876731,-41.82813432344204,-33.45414790416891,56.963265081114706,43.814630581453486,62.915122855583505,170.62819772157732,46.16882114987573,59.60657847757679,171.57400689760237
3320,-42.926728999364556,-37.82038030893828,56.588595257714665,-42.280992196969436,-33.23088249182768,56.98376760887376,43.06476202047614,62.71973382261411,170.4836323853743,45.953300626360296,59.42991636540491,171.4679177196749
3321,-43.37774826514215,-37.598599535526915,56.612974726994835,-42.73377256379743,-33.006539063988924,57.01184304125141,43.0049015895568,62.73678336751022,170.3879800935966,45.41192181062746,59.444131246356605,171.35932359397935
3322,-43.82624264143956,-37.37431886125745,56.65043131209329,-43.180393019454876,-32.7838538304302,57.04730928290584,42.82446206589325,62.6936338576814,170.34680692341058,44.96254317764334,59.456176801790825,171.31328415866153
3323,-44.2718169100575,-37.14817275080213,56.69926715751,-43.62560513265457,-32.557797182105915,57.08758668144175,42.56920877527644,62.706528782039584,170.32954990905745,44.62007441018021,59.54354538117115,171.3104298669047
3324,-44.72025450282043,-36.92157719847012,56.75518907893391,-44.072611683102835,-32.32995975012163,57.12827674758981,42.3588466796001,62.557351045948074,170.3509385385586,44.364780546658565,59.33627798168485,171.35148761128556
3325,-45.169263889078415,-36.696105798023346,56.79906056635623,-44.5183554815306,-32.10375911523712,57.154847671252945,42.1562669923671,62.48748005839479,170.39965109860594,44.076037326668555,59.16643365204669,171.4107820473511
3326,-45.61771523740648,-36.47158210768045,56.83001915798416,-44.96658303910619,-31.880567568283837,57.1700301836536,41.97996424223385,62.38689298149286,170.50212065091065,43.941535925734414,58.97644135910656,171.493858751701
3327,-46.06453350618025,-36.2469466298235,56.84917928082834,-45.415029367676986,-31.6553379856291,57.17898431300773,41.81509575416687,62.2485191449705,170.64097171311164,43.93914502352331,58.733861499351576,171.5980452722424
3328,-46.51044243802523,-36.01751505215393,56.853505773697684,-45.86443907368717,-31.424469668937515,57.178037687932985,41.90821764152248,61.97209122258404,170.82044776446307,43.93193437322486,58.50480510060522,171.7177936870289
3329,-46.952664143625896,-35.78419821929915,56.84236625953012,-46.30741448620423,-31.192753323908324,57.168268487456274,41.89924163181715,61.87984107493243,170.9926317784308,43.770389779641654,58.578220280426756,171.8417337297083
3330,-47.395311990849855,-35.550095628042556,56.81851121488426,-46.74863271768963,-30.960144637507955,57.15460171196566,41.9374949977588,61.67093287752168,171.1760786999182,43.72719820122972,58.55082485328191,171.98973460953033
3331,-47.83912662262726,-35.3206822022536,56.80390277549917,-47.1905401186917,-30.730820060290572,57.16413775336081,41.96296641854495,61.605294005044016,171.38156848678764,43.6889777017667,58.45216570347416,172.18028978407804
3332,-48.283118683962094,-35.101528861477924,56.811533553633765,-47.6297581502131,-30.510330284650447,57.194765886449915,42.05964784965503,61.420844434226794,171.57143095079226,43.670436770807,58.20065029298413,172.3342800545202
3333,-48.72682663836011,-34.889795581761334,56.842026839047506,-48.07117024286875,-30.29692832306052,57.24160283686474,41.93178934262893,61.44380306774553,171.7301572267173,43.43734128035388,58.23471821784449,172.4526671810821
3334,-49.16919274578564,-34.68457825785253,56.889377543739734,-48.51330113127215,-30.090303919921684,57.2976151820518,41.642419743638186,61.399983194464426,171.884485599113,43.1337430659994,58.08221209216064,172.5818564752505
3335,-49.61050992847451,-34.47942632476529,56.958656867940746,-48.95919243611229,-29.883705928388302,57.36484668102439,41.369319982288594,61.23059051947163,172.0137568079519,42.91194566582271,57.749862754059265,172.68531390927444
3336,-50.04583908957551,-34.265921704335724,57.049722437297206,-49.400633324148494,-29.671453580548317,57.44126991709951,41.10158393599663,60.88969847222808,172.12505618462663,42.57326499523498,57.488214433800835,172.77007505381476
3337,-50.47708118607491,-34.038306809099666,57.156965464420146,-49.83909545281419,-29.446955657958107,57.520938951754864,40.97273920512559,60.58919709279118,172.2151774741895,42.595186408401496,57.24797501035722,172.85748625876286
3338,-50.904359828621075,-33.801631400643465,57.248121887290786,-50.2752032404537,-29.212776808455775,57.58304471059914,40.648963421365984,60.50775337829837,172.24266996676494,42.34232588407635,57.28106315222092,172.91196304380938
3339,-51.33624371968206,-33.558296967911815,57.32359699164671,-50.70876693848698,-28.972060075132617,57.63381636506175,40.06813849927147,60.650494035488215,172.2802901136511,41.785024059025616,57.44678140103295,172.96901884994205
3340,-51.768946250626485,-33.31524588300455,57.381567281954126,-51.14147703168322,-28.727854309725604,57.67520646130929,39.5997350034567,60.60392276650632,172.322700664004,41.29205612066864,57.56387313000431,173.02133239864193
3341,-52.20752696049784,-33.07145280120929,57.426649005257985,-51.5770666430998,-28.48223242282297,57.711017982339825,38.85413880782396,60.247698684385284,172.34496407771707,40.3765474501697,57.059219166483864,173.0714724431376
3342,-52.648976029631136,-32.8302178458828,57.45939637151895,-52.01632889569724,-28.237874221552833,57.74627014494258,37.851538893837365,60.121304013489876,172.41249795321306,39.28501707280134,56.76797244698139,173.17591067806248
3343,-53.092527200372835,-32.589780519741936,57.483249414563005,-52.45539801289509,-27.994451590842854,57.78502833678264,36.973534543871324,59.977246074869974,172.45267358746733,38.42781133628126,56.52479632808275,173.22553652759018
3344,-53.535938530094874,-32.34562920309958,57.501783507639544,-52.89407396379728,-27.749717356918705,57.827425832759864,35.87855089850879,59.73469648400886,172.49691561608128,37.7428771281935,56.13763957583393,173.2934517172104
3345,-53.97151596494369,-32.0966855542022,57.53259384526609,-53.32782692813595,-27.501455087306866,57.87385816507622,34.96444191753158,59.396410958962775,172.54680627188725,37.181700113830026,55.918532603805055,173.33810179129844
3346,-54.409639039740846,-31.84715675806696,57.574883207285254,-53.76322564420237,-27.253052100271415,57.92256267363135,34.22750364638338,58.95532285304334,172.58848978756922,36.62525585603033,55.740224396261915,173.37182081637098
3347,-54.84936906975356,-31.59835891507667,57.627588542560055,-54.20192009258485,-27.005363481201893,57.9747413832188,33.537916907244224,58.462392268856966,172.643387181348,36.19495555466405,55.508867556412866,173.42072163352574
3348,-55.29015234315105,-31.349208228013275,57.68876209174667,-54.64404835961851,-26.75610608518136,58.03106883428341,33.252367199200144,58.3152540776033,172.73655449080462,35.90138441440409,55.20584565570434,173.51045156508758
3349,-55.72863896297955,-31.10954503481779,57.755630806419425,-55.08244926856996,-26.518311159432894,58.09174324415229,33.265095871729784,58.19008481224781,172.80325885164115,35.72160472530945,55.10489265790102,173.61575327756233
3350,-56.137601192215605,-30.869335823381817,57.82338168539428,-55.48361803182622,-26.284565137598396,58.15367757756602,33.24954546596384,58.11753779447728,172.9082300796905,35.5514805787921,55.094021901883856,173.72470088306287
3351,-56.48322792297501,-30.601748889401964,57.88585481221756,-55.814268057709775,-26.03116744165262,58.20897368835956,33.30843907690284,58.23601077112862,173.00921536775255,35.51614074636403,55.174307404559585,173.8375885772562
3352,-56.7443240834676,-30.305322726153502,57.94692333171618,-56.063319038983025,-25.75101293665722,58.263668144491476,33.36342693043767,58.29912722927903,173.12039769045703,35.47705217757855,55.27091705261198,173.93392727320764
3353,-56.90883660475624,-30.00073233120808,58.00449326909828,-56.221080716054814,-25.457834393496587,58.316081985127504,33.4910590275539,58.32876917435707,173.22961014140174,35.45547096494237,55.382747782046565,174.0166400919975
3354,-56.97801926763977,-29.715239646235705,58.051726636928514,-56.2891578164744,-25.171013266585696,58.36118727186721,33.65828196940107,58.39584186380195,173.32786527016165,35.45927408403055,55.497879634826795,174.08604531443893
3355,-56.97167427613233,-29.480354248157212,58.08770286468601,-56.28120728371795,-24.91222734175255,58.39865190062868,33.895856934934,58.509592399105294,173.39821528501682,35.48943156708364,55.60577459299572,174.14448444013567
3356,-56.91689449814886,-29.309348694700333,58.1158836738866,-56.21584895799496,-24.700585129836803,58.43288989335753,34.05115411548467,58.5816258019969,173.44778227784522,35.545844645483506,55.696105214423284,174.19476968404848
3357,-56.8326650344062,-29.189399902633834,58.139015583126,-56.11093196572301,-24.53894574052732,58.46605557374989,34.18764451980051,58.602720226084195,173.4829407468693,35.62379715407882,55.763712032983335,174.23955199289733
3358,-56.73097832189568,-29.112195540007153,58.16156574806939,-55.982204971547596,-24.424181622385913,58.49710445885846,34.28485910276496,58.668697253270636,173.5032887825061,35.71593991065767,55.808874996313776,174.27904517946942
3359,-56.62133030801275,-29.077525417146543,58.17757327030327,-55.840696404373,-24.353353972275944,58.51753052044047,34.38813613048493,58.69566156387708,173.52142240723342,35.816377495671475,55.83004774118652,174.31279464682322
3360,-56.51444710327563,-29.082016659407614,58.18874632970592,-55.6978039249546,-24.327251651572013,58.53097334927,34.486252076128075,58.68889551983052,173.53500750142683,35.91686322545803,55.82475360599185,174.33760953545476
3361,-56.420989138159726,-29.11839586024383,58.19668561055584,-55.5667366035364,-24.340663056104535,58.541699482338004,34.57410177075075,58.652072171223864,173.5462385805029,36.009253501118685,55.79341888356181,174.35760690915228
3362,-56.49651144069994,-29.0586514033638,58.20156062930558,-55.67810750973885,-24.29713542588096,58.550726643693324,34.50220084808767,58.712259892070165,173.55488511299,35.93220254674035,55.84484424111271,174.3740939500524
3363,-56.43862553938866,-29.128171646179318,58.20042322293415,-55.58989799156307,-24.356674877320344,58.55463890199754,34.55589993481805,58.64259027263329,173.56064026391024,35.99121258970432,55.7842235347372,174.3875325374923
3364,-56.390476902370516,-29.19453278185322,58.1961389535265,-55.517408225559564,-24.41716650835013,58.55757621527654,34.59969036149363,58.576332716050345,173.5635135823833,36.04027810867707,55.72613431783923,174.39812482339258
3365,-56.328599059700636,-29.248833179232076,58.1883749077613,-55.42882118766906,-24.467580110674053,58.55866938607321,34.65601930663138,58.52169083524246,173.56436027384657,36.10800866383743,55.67779869645637,174.4068770680464
3366,-56.23493853297806,-29.283939557263945,58.184387740808134,-55.30335343299881,-24.499326331734522,58.56056463839112,34.742609050050255,58.48528484562114,173.5645729745252,36.212953127912975,55.645323139207505,174.41481394231698
3367,-56.10629268153595,-29.296426794630502,58.1830850189624,-55.14196199249757,-24.511621735570266,58.56317646887366,34.834974409686545,58.56796111892613,173.56559580521903,36.31556181555279,55.76743095421367,174.42001831777583
3368,-55.94075560101269,-29.297656508022534,58.17893723846281,-54.948783372320214,-24.51916384511879,58.56107755889663,34.87241789311658,58.66434457077827,173.5659595021032,36.333537940088995,55.869843257124586,174.4232375666829
3369,-55.73723954044152,-29.31909505438733,58.171753186804885,-54.731488428866555,-24.55553300906851,58.55587758594031,34.932134056017546,58.676500260513365,173.5655211883824,36.381734376299775,55.826916876379265,174.42518894488097
3370,-55.503452527326886,-29.393331641592347,58.16501717629037,-54.505111644739785,-24.642428076661172,58.55009374323685,35.05633234486515,58.74983269923135,173.5683058518859,36.50666099409873,55.880799695682306,174.43234433258718
3371,-55.25510455131634,-29.541226041349034,58.154776871430315,-54.283217805850484,-24.78710709517075,58.54129006276684,35.14808544659869,58.893343398408255,173.5670228131613,36.55717756411084,56.03567310686331,174.43287515599192
3372,-55.01602642042523,-29.750355631492827,58.14551893053866,-54.072588861715666,-24.974356938836834,58.53466700685722,35.19618992379538,58.971260073834,173.54573941604514,36.54816914247765,56.07067442926692,174.4048039030274
3373,-54.7796260150784,-29.993568356049025,58.138070130796464,-53.857968770787735,-25.18969126012732,58.531961298466385,35.531953532726064,59.00038052651618,173.51868052053797,36.97183124290161,56.00676881237811,174.37338022790888
3374,-54.52260976052173,-30.238130432273355,58.13088749887722,-53.61911427225231,-25.410250059440678,58.529695513978474,35.807032330903695,59.056367531278944,173.50129736157805,37.33698721967954,56.07501895167115,174.36285367625487
3375,-54.22730593530507,-30.466181915017472,58.129083677394355,-53.34178433251762,-25.622194958830164,58.53089604785366,36.19177002204448,59.16621309776005,173.50933957817935,37.74136394852525,56.24065843154967,174.390455640856
3376,-53.89557940523096,-30.666266741974432,58.13043988079052,-53.03234447075635,-25.81470050761517,58.53348759091331,36.6079481534676,59.29172005812404,173.5268196583385,38.07108947149184,56.25687080997246,174.42629273804926
3377,-53.53867871817129,-30.847593604783633,58.13327726935673,-52.700839246746234,-25.99324975825413,58.53643212082583,36.84618737815102,59.303787477600864,173.5531998104674,38.2136184887669,56.16017749554218,174.47184195215027
3378,-53.1663858078344,-31.02534880194303,58.14045819818353,-52.35486148095018,-26.16998226917296,58.54012264063296,37.16571294382763,59.251416545955614,173.59279227238886,38.38319129571006,56.121800356929064,174.5227521944322
3379,-52.78977762678388,-31.21624590649544,58.14865053117175,-52.00600243980507,-26.355414883567207,58.54443524118317,37.49645348616116,59.21939664769695,173.66146826258657,38.48052371233928,56.0317581970977,174.57538002957907
3380,-52.40942150242394,-31.429447266177444,58.15601621267655,-51.64910633868358,-26.5610428514371,58.54865134109381,37.49932648041206,59.397913392513004,173.75271958696047,38.53467737819718,56.281178452817926,174.63430441704543
3381,-52.033627289809914,-31.661972019579864,58.16457488583075,-51.290450870720676,-26.7838330578732,58.55313450325652,37.61830557189545,59.476837774468976,173.8317061589286,38.744399310070385,56.45624335173952,174.67854645336112
3382,-51.659376581580545,-31.903439979793518,58.17138058766038,-50.92798630582247,-27.016382628513554,58.55818764047349,37.717813321789585,59.52444678318947,173.8932226607061,38.99387376334444,56.64948600961982,174.72826207784485
3383,-51.27321719513192,-32.14362243001955,58.175216920722924,-50.55062935749779,-27.248676502618476,58.56143967921398,37.73429091936808,59.70821727197753,173.94553859415558,39.09813165413937,56.85037722115752,174.76983935338743
3384,-50.87502011297247,-32.3677364712788,58.17916121423132,-50.16317563865879,-27.46510009960269,58.565772266393516,37.79430490949094,60.07320354599181,173.99568860307903,39.12535009832236,57.14070967578081,174.81648938214187
3385,-50.4635248394515,-32.57594849635672,58.184469644556344,-49.764185765369874,-27.666156277291787,58.57180771694307,37.79923136902666,60.42241447941756,174.03831305302555,39.13393544858288,57.384439979742545,174.85876588591327
3386,-50.04040106570053,-32.77790777719455,58.19146611916542,-49.35647876328372,-27.861652505806813,58.579122346116144,37.87053760070435,60.90097009881065,174.07480334613928,39.204180949901215,57.69990488034241,174.8966571853179
3387,-49.618133086281354,-32.980930034470205,58.20046160039055,-48.94493353915888,-28.060246219681947,58.587313961760195,38.14949051759755,61.22140660658264,174.06326800298558,39.50749851251563,58.05415006422548,174.87700595401614
3388,-49.197470133810626,-33.19597923699067,58.20705227285195,-48.531254241769396,-28.27182403185647,58.591197613138064,38.35958267855752,61.627128815417585,174.0230538870458,39.81079759879793,58.45136541733511,174.81674097612876
3389,-48.78275969164705,-33.419518073591085,58.211473868382754,-48.123467774744576,-28.491291620431433,58.59366162781791,38.291824791516966,61.88101944254616,173.94592115078382,39.73348764836114,58.6190952936181,174.72986966473843
3390,-48.3738454138876,-33.64454857515187,58.21214363152588,-47.71741616418609,-28.7141120065593,58.59122277288877,38.21613273020104,62.05925198417291,173.88572660355027,39.563052040497816,58.686811820175976,174.6854600287415
3391,-47.965770630911386,-33.86789059799482,58.209694134294956,-47.31553993364035,-28.933035256775806,58.58707469411161,38.201285738635235,62.09574267142591,173.81025257150688,39.46297964692272,58.66970631231844,174.6414946955706
3392,-47.55402881181078,-34.087607624013174,58.203928960411886,-46.90976207578257,-29.14885111252785,58.58147763476878,38.202518970466755,62.14725648392033,173.7570525962783,39.402291103082256,58.687001394517246,174.6433959334014
3393,-47.1406791196689,-34.297299504926706,58.19396130509821,-46.50267373289154,-29.356181518411574,58.57367869569724,37.987408516327896,62.27742488105217,173.68122444245142,39.124354098030516,58.92551516653538,174.61815233815724
3394,-46.72429766670283,-34.49887085110399,58.179834035495595,-46.089731620527466,-29.558662038405203,58.564025043059615,37.68526894750161,62.29697986483533,173.63402514459668,39.03256514834249,59.05875835855253,174.58935139258267
3395,-46.31425169435754,-34.69360186798323,58.16965335798427,-45.68110553555489,-29.75875915375861,58.558904565227785,37.39311043140637,62.241474796846276,173.63053427068965,39.02365728456832,59.18103006630987,174.5813173340659
3396,-45.90375004909862,-34.89144340013065,58.16257794264232,-45.27112805336686,-29.961270583708966,58.55812632042211,37.266907996660606,62.399985615770554,173.6341454645384,38.92525911831184,59.427176803874545,174.54637309224177
3397,-45.497753898370675,-35.09554113714758,58.1598309866043,-44.8635362233535,-30.16926404247299,58.55907921856332,37.17125617718737,62.573471942163565,173.60933507608488,38.780834673946615,59.572757774980545,174.50407870665038
3398,-45.09121355470771,-35.3102106335009,58.158184204559014,-44.45687101532584,-30.38511617211857,58.558717418467836,37.03985204898721,62.751747296416305,173.59059258591265,38.65164543784218,59.62514073497096,174.46961711071617
3399,-44.69242867517912,-35.52997871260707,58.1599478914652,-44.05795634227826,-30.604898137420452,58.56035614781092,36.838792415539935,62.85096986858449,173.55988432288362,38.466895230342466,59.58677362101629,174.46219701557644
3400,-44.296679625223526,-35.75189303311116,58.165852178194704,-43.66085815031759,-30.82436145917958,58.56394708253464,36.76448269343043,62.7229894320688,173.55209629172603,38.269786545139794,59.468350069086064,174.46326218892196
3401,-43.903030678152994,-35.97174437356434,58.16936656386512,-43.26595780171348,-31.039980727017653,58.55959323702247,36.678335257797166,62.65082224674664,173.54117756815427,38.227415943412936,59.391742713524856,174.45040910890197
3402,-43.503101619399814,-36.184426746094445,58.16604961249077,-42.86584152464185,-31.24950391277022,58.5486472575586,36.29667959942136,62.44939146710434,173.52337912570894,37.84524942673487,59.16660786725589,174.44575995569866
3403,-43.10311487101949,-36.389476737618715,58.15591488985408,-42.4656231843924,-31.451958527703002,58.533681284825775,36.06783877146737,62.21708110389838,173.518179134971,37.6630429223035,59.0938881603751,174.43016652269927
3404,-42.699872098096535,-36.59288914346616,58.14053382947172,-42.05853023509082,-31.655987026027546,58.51734733729989,35.92237363585219,62.011936576473325,173.55123356740916,37.56703727529254,59.02125652398271,174.45654474994552
3405,-42.290600074863846,-36.804926450045635,58.1187663091555,-41.64202542707086,-31.87266611070365,58.496220668263604,35.71287578822283,61.95062254160992,173.58713912986747,37.38935391302227,59.098491910626045,174.48111840302045
3406,-41.87928768413423,-37.02383297459149,58.08826014938289,-41.227173761358394,-32.09544920474686,58.470598401951314,35.402141422631026,61.902023747503506,173.6126556597072,37.023698589390904,59.094537708052265,174.5064367483644
3407,-41.4648474991575,-37.24515544265047,58.04978060628372,-40.81136818591149,-32.318904069457425,58.442705473061004,35.1103507879701,61.837074924112066,173.66323243628236,36.70781492464235,58.97976963766357,174.5684701583398
3408,-41.045064967244315,-37.46308243435038,58.023385027664915,-40.396222094400635,-32.53826412117606,58.42969237633977,34.849838778956915,61.826611096157954,173.72626536433515,36.61321532780844,58.985325319224394,174.6197163823422
3409,-40.615976612642235,-37.676861624226675,58.011119586604494,-39.973343772501586,-32.753485933323915,58.42960445700115,34.836211018146514,62.10879610934981,173.8068132723871,36.53549683998852,59.24071118938256,174.69516608976704
3410,-40.18114880211354,-37.88795424500678,58.013642528651026,-39.54900382172109,-32.96427148338157,58.441516340755484,34.7970193813885,62.05043318944988,173.8932279137535,36.560107725286194,59.079708382294946,174.7502098914669
3411,-39.74780600868757,-38.098365413529464,58.02999388569181,-39.1226869040699,-33.1727786922572,58.463421650182426,34.78593463820532,61.95166474249116,173.9679948902401,36.6703626297754,58.88039354292699,174.81617828154242
3412,-39.31496945508258,-38.311342493771384,58.06248000673744,-38.69064096056124,-33.384877311549396,58.49375781147715,34.72051468101458,61.685323170644516,174.05325177563444,36.578540255033154,58.61627486311952,174.88902181156757
3413,-38.886630599846455,-38.52995645237364,58.11047941888865,-38.26135617604039,-33.602058911308966,58.53068116244029,34.903220629103544,61.345544745855335,174.14102690243246,36.63193888152142,58.22277870399515,174.95745784034992
3414,-38.46212877018863,-38.757627244390484,58.171214357447816,-37.83706646238683,-33.82765789119518,58.57240553705755,35.218103270947935,61.246300495687905,174.21644680316857,36.843059291918195,58.133932532172594,175.0342586091665
3415,-38.03707271137463,-38.99027762523126,58.22316352534402,-37.41435620746386,-34.057425658133155,58.60499444877285,35.35826598612903,61.037228622792775,174.30278781906222,36.92107426358361,58.01428257518182,175.11254333171138
3416,-37.61633663745744,-39.223169032318104,58.26532024029931,-36.9947927136758,-34.2868647280902,58.629642387837194,35.51892954034179,60.62178542172083,174.3638589421437,37.01014408857664,57.88204988071961,175.17380507728458
3417,-37.19526086901329,-39.451900512787624,58.29730090982512,-36.57519092819203,-34.510673208657735,58.64824709648834,35.49592835233893,60.35380464617802,174.4341034081193,36.90905512586304,57.61763658580586,175.23122796422481
3418,-36.77128862166818,-39.682506057299214,58.32124865944898,-36.151372373662944,-34.73642193578675,58.664309690353775,35.3024682006198,60.11651890369783,174.5267676468376,36.67735305338808,57.3761808636419,175.3317036276997
3419,-36.34656928000958,-39.91764684387491,58.33525065542649,-35.72259981608228,-34.96854007306644,58.675650720042206,35.23655420470081,59.985551846643794,174.58968427637726,36.48853366209452,57.23407300344187,175.38928486843633
3420,-35.917768922230735,-40.160453934639534,58.33969877702627,-35.2909044668907,-35.209626406138824,58.68365588317422,35.31956790564017,59.97430628939587,174.606021154589,36.66927710557373,57.09837610760037,175.38030734975592
3421,-35.50281503322888,-40.39136263981787,58.342291709042414,-34.87603540051193,-35.43984746819304,58.69958122739608,35.36966957307479,59.72714187244137,174.6242623466133,36.94289221039322,56.87902044762874,175.3982643323434
3422,-35.08354448651064,-40.62282407975295,58.35235072854312,-34.45918248727514,-35.67337710462261,58.72240742768366,35.48803114071879,59.40531371986457,174.6630779025042,37.16752642983732,56.556494012969196,175.4582314315071
3423,-34.66097690290797,-40.85153716179967,58.37252199806634,-34.040077038040586,-35.90403199381941,58.752652040833794,35.45432413569875,58.99235073000111,174.68630926871614,37.1598507928043,56.13328805382241,175.4828326205012
3424,-34.235548612515416,-41.083665660049,58.40335995458142,-33.61825394663523,-36.134496168160254,58.78962369144507,35.56712307258637,58.6458467104436,174.73565154306317,37.182909372589116,55.73381493777805,175.54786233325467
3425,-33.81219923288857,-41.31299538734494,58.44194481267396,-33.196559258351066,-36.36357311651487,58.83068819007914,35.74676800638776,58.272878189917975,174.74579735626762,37.14395213802094,55.34854216931545,175.60067130713418
3426,-33.38948538433304,-41.53858034807813,58.48846728914417,-32.77156225466194,-36.59266201711537,58.87237287174575,36.021613090240805,57.94209184710591,174.76243688332576,37.24076418554024,55.149366441274495,175.62954870300712
3427,-32.96614408272307,-41.76019752537213,58.54537474572696,-32.34687332063444,-36.81940253409177,58.91840460292915,36.47791614127312,57.93885764655944,174.7557758149536,37.90124788536126,55.42853876739186,175.56369667035
3428,-32.541509374988884,-41.98270718558429,58.604426632460886,-31.92101670520913,-37.04309558092467,58.967859642505104,36.964791114860304,57.94606681500716,174.71750698522732,38.61041560045226,55.554302158263674,175.49134263896278
3429,-32.10977924618936,-42.207370931594525,58.65848817922484,-31.490922084296646,-37.268882789810846,59.01076663965514,37.36087892554244,58.153072657305074,174.641596368537,39.05700106334537,55.790201755355625,175.4266255115738
3430,-31.68141702467718,-42.431018287902106,58.70896110153913,-31.063064851884796,-37.49080097644091,59.05306112453475,37.85126339921676,58.44232528431102,174.57595637832625,39.36448572600217,55.921309941447554,175.3655580829164
3431,-31.255403350628814,-42.65298694601181,58.74881296807056,-30.63704961703475,-37.71052651247584,59.085852452573214,38.16279645087702,58.86247132873438,174.5250652358124,39.39073402845721,56.150228789042046,175.382448690612
3432,-30.82504296834343,-42.87693525940878,58.77854195921608,-30.205395625338905,-37.932597118440334,59.110603677699615,39.32949587104884,59.12274663091439,174.47185612581404,40.550516752079105,56.04255182588357,175.39251639576318
3433,-30.397847313097323,-43.09980877618978,58.79734218304993,-29.77875316122979,-38.1528235229746,59.12610732749244,40.398114016855374,59.52237442244472,174.46328069649044,41.46410538948186,56.26757253431513,175.45347015280402
3434,-29.9657735272074,-43.327033731903164,58.80582587973444,-29.34739841867644,-38.378492152426766,59.136326122056154,40.676640973505584,59.1831339195731,174.5565171736519,41.66504259549265,55.855985605239454,175.55493082621916
3435,-29.54665857415514,-43.55009261002443,58.807667210695676,-28.927114024883604,-38.6017862770384,59.1456528885904,40.82789970056052,58.91285227258886,174.70353954297516,41.836855327052184,55.51844792908114,175.69127528333183
3436,-29.12208945974864,-43.77627136780133,58.806966552035156,-28.50324079671237,-38.83038714298577,59.15222613660315,40.978753060455425,58.47557434171068,174.8699677278249,41.85062726073347,55.151675874615826,175.81948027080665
3437,-28.694476462278896,-44.00395411215918,58.80776027114472,-28.075342102817494,-39.06001827983814,59.16652875903574,41.07490749847402,58.1776796419226,175.0638714575828,41.73528745491464,54.996186222652966,175.95185611816206
3438,-28.263453631619523,-44.22952957581522,58.81645115485524,-27.644991004804083,-39.28756926554456,59.18718139668824,41.497108628961385,57.9155131865281,175.22331206142758,41.88212701991781,55.04556808402245,176.07741749657092
3439,-27.82642979186792,-44.4533603692627,58.8335569589309,-27.205138095024218,-39.515404350534475,59.213188050323225,41.111794149711294,57.75150379290778,175.4040871045548,42.00180593306458,54.926733234401965,176.1922802412654
3440,-27.386740214981547,-44.674629892064495,58.85725291079661,-26.76691083192172,-39.73687644338553,59.24282285381266,40.7181784207814,57.42054146952649,175.55036972745071,42.06468957607434,54.921745768592125,176.29688321247218
3441,-26.945282692739195,-44.89510082978558,58.88960290999424,-26.32773098476747,-39.95573107628849,59.27655930407925,40.751112963127866,57.475578433637686,175.68083058256028,42.1909082415111,54.86451706975116,176.41174759899357
3442,-26.504986900872833,-45.11745756795196,58.9317641824955,-25.887888903851444,-40.176585129012864,59.314753128575674,40.74622761017703,57.69891718871808,175.81993210787817,42.25798807621837,55.037399636563435,176.5724734728524
3443,-26.06089369901311,-45.34488518518188,58.98279815135001,-25.447684146545846,-40.40107901375806,59.35658986260223,40.77854448458778,58.027675331192,175.96557041356007,42.24057434338876,55.22876370361494,176.7280156511028
3444,-25.618822230516376,-45.57508074008711,59.033377069625374,-25.006676512193252,-40.628486790329525,59.39902433182978,40.77393306151506,58.04370322386738,176.11001919664233,42.04354021744815,55.07838432910035,176.87993500961784
3445,-25.178182165171844,-45.80653348296368,59.075895409168,-24.566233341560583,-40.85752053489585,59.431612986205884,40.65074948508348,57.80369889755324,176.2547975777457,41.956289951389834,54.77686788904908,177.02327503211313
3446,-24.73459476403562,-46.03731294222162,59.11054093226123,-24.12121650556741,-41.08851893497236,59.45719041095713,40.61935885131541,57.76638982847185,176.3668015671545,42.01595222357382,54.6595055841188,177.1057350846579
3447,-24.291051642221596,-46.26542022866723,59.137648563287506,-23.67986175120714,-41.31559360143352,59.47829283635152,40.611585934245596,57.68197556464065,176.48431187306122,42.06408127887047,54.58949314825065,177.19230047078946
3448,-23.848834571295857,-46.49173626519915,59.15496964153096,-23.241775894734104,-41.539982645781926,59.49264708390725,40.52287630603454,57.54168239072187,176.58243572273452,42.063600329055575,54.39983839639976,177.26543044650535
3449,-23.407122640364406,-46.71938253577038,59.16357185517133,-22.802114212099912,-41.76811817290054,59.5022697813859,40.415442830671246,57.142674909480164,176.65461022468804,42.008044217888994,54.10590134363827,177.35484370215616
3450,-22.966746139327537,-46.94730090886166,59.17005623025824,-22.363408329234595,-41.997373562552276,59.51692561754694,40.63259457980938,56.81776888533795,176.69965108156023,42.34774433455127,54.02807662027264,177.41804617285752
3451,-22.526970054591764,-47.17546147923892,59.1751333704676,-21.924157167622266,-42.22767680319163,59.53511683157586,40.78695556683925,56.76775443466462,176.707326807697,42.34484201790371,54.04892208040664,177.4441680754039
3452,-22.08883127580493,-47.40200364603283,59.1861286318419,-21.48740726334891,-42.45509102437345,59.55552846100725,41.024690473297234,56.77638070146627,176.67555783469456,42.53006560963647,53.96455728785126,177.43158440511786
3453,-21.655660721658833,-47.624943420064106,59.20268343842703,-21.053653057471927,-42.6789529924691,59.577949023105546,40.77623362849786,56.94038184583956,176.6306444744969,42.1270631627455,54.23936744719844,177.36978720611438
3454,-21.220009916006166,-47.845833126858686,59.223914660504846,-20.61551007535025,-42.898991941803,59.60274448146656,40.377371593692295,57.06952796612965,176.57666995550133,41.594363564264995,54.43381644463572,177.32869595400518
3455,-20.77910446938951,-48.067338129911356,59.25199567378375,-20.17414008405065,-43.117565566195175,59.630251348853086,39.93761373590881,57.28469754873751,176.50061927150594,41.07288526866121,54.57584405057623,177.2678660103885
3456,-20.342120318062374,-48.290021614396146,59.2805157598961,-19.736365742313616,-43.339708200219924,59.65099294125086,39.57102763885373,57.64310411336163,176.38320056307614,40.703067598287014,54.74424730876216,177.19202581064474
3457,-19.910150454767297,-48.514384979367605,59.30185513295078,-19.302517918912212,-43.564050661721105,59.66446445460838,38.882730892413626,57.55235163291287,176.24811034246648,40.33723832608354,54.40468615109056,177.10242901514243
3458,-19.477486370396882,-48.740843808386785,59.31438860775778,-18.86636622717531,-43.793233697448876,59.671268017150446,38.87094561228129,57.558344254838204,176.10593098505015,40.71701379386891,54.35027089466505,176.99338796567497
3459,-19.038046552466366,-48.96876032560944,59.321197869229145,-18.425894145084346,-44.02395413070274,59.675781064118944,38.449151622502995,57.55859472144156,176.01842803482575,40.632441799019,54.195802945960395,176.94978745368456
3460,-18.598330406706687,-49.195070381290265,59.32203710435526,-17.99019712243756,-44.252488667112715,59.677380080557306,38.58875197929527,57.58641406798273,175.99427355127042,40.80643964783866,54.462942561040094,176.9487803016473
3461,-18.161056697293944,-49.41934100769219,59.31564373834128,-17.553896392168358,-44.47773604659755,59.675427919777945,39.31289100342535,57.62069011167377,175.98993043789852,41.55180007908916,54.66466453678715,176.98407283069622
3462,-17.722082552370377,-49.64213422244781,59.307688803965235,-17.113600946855723,-44.700566293001195,59.678814236058784,40.06764595929077,57.61977442664654,175.98780305134335,42.09592149184928,54.762062660346174,176.99036727380457
3463,-17.27438164071314,-49.86767063214634,59.30509330682297,-16.666369993926466,-44.92752331455194,59.68666993680019,40.736222808061136,57.632883257097646,176.00373147029785,42.457874269489764,54.90846233382776,176.99673619257746
3464,-16.821927498191773,-50.09516437776513,59.30887879012753,-16.21419561747188,-45.154799843663874,59.69739058955784,41.49867274317985,58.03186858250839,176.0122412133071,42.813022554592585,55.08444375171103,176.96268541161456
3465,-16.368630783874575,-50.32422426487111,59.31913678995302,-15.760582018706671,-45.38394622229186,59.71127405111043,41.68686658286946,58.3714144358705,176.06714356993197,42.96255117336387,55.37233727244513,176.9565485662692
3466,-15.917549781391482,-50.55045623884386,59.333768979749095,-15.307113623512064,-45.6101547659121,59.7274783773573,41.97750670569585,58.579299007832375,176.0639337043036,42.841129980832946,55.298606542545784,176.91547842108506
3467,-15.462943817272931,-50.77649758707861,59.35523455278678,-14.85634141761376,-45.83378952612208,59.746421573349174,42.01408683178175,58.53478259061439,176.04335883829452,42.621650448861544,55.282096254775624,176.89177879385858
3468,-15.007819090793575,-51.00805948125581,59.3756433258218,-14.4068768855262,-46.06167423961648,59.75602317116949,41.610923690496605,58.370602349544704,175.98172207252594,42.439458667076195,55.09510643347721,176.8515546133489
3469,-14.555491569913157,-51.24370230410379,59.38637295818703,-13.959167183048974,-46.29306091474533,59.755990765989445,41.29093178151086,58.10925641968508,175.95356445799516,42.35754753196647,54.73925445108164,176.84715801412344
3470,-14.108653151833584,-51.47757347147864,59.386005116893465,-13.514163497651474,-46.52542015150053,59.74755777224834,40.87548194462372,57.76937589678789,175.97964993526466,42.085705131248936,54.40898748087241,176.9216121964062
3471,-13.664561004617964,-51.71130140861971,59.37470198082276,-13.06945580700321,-46.75875366833185,59.73179551588292,40.35239969347477,57.476207120052564,176.04766627312543,41.78812412054381,54.263338464065036,177.00070235428672
3472,-13.220071499803323,-51.945035389578365,59.354197242379975,-12.625887751541667,-46.99389142049164,59.71219280400649,40.067765072732634,57.23845407230973,176.091264399142,41.75743650250037,54.375342778595886,177.0480629768343
3473,-12.779921526689355,-52.178451326204346,59.32428905015952,-12.184851111833561,-47.22942381515648,59.68894232961295,39.653066633188814,57.19012331457312,176.1160179268392,41.29812952627739,54.43316289906766,177.02315922683846
3474,-12.340510537103535,-52.4124271307979,59.283185108201685,-11.745709329962716,-47.46387348668004,59.661176875287396,39.79747079534031,56.494234247404535,176.13686749451097,41.59219268704595,53.61909785226689,177.00614255725114
3475,-11.898632282727428,-52.64650041254103,59.24051379469021,-11.305196407695774,-47.699928309703786,59.630343593416306,39.9501087035125,55.97345940121133,176.1973693511958,41.82766656158,53.040240496613926,177.027332640455
3476,-11.458046813082078,-52.8754115492548,59.20092142227327,-10.86467013681184,-47.93202408214304,59.602839262789026,39.7824589039577,55.73363870980172,176.2460729283748,41.62797810322539,52.76147986021011,177.05499323543478
3477,-11.016814476286255,-53.10058138750942,59.16939763492897,-10.422623909099915,-48.15951224627311,59.58196145803304,39.50031513306004,55.568554646058026,176.24111531080345,41.10366874291384,52.593373810645986,177.08355065833817
3478,-10.575797897762069,-53.325411395531106,59.14874370815818,-9.979796410461256,-48.38479552971211,59.568794355005274,39.65943108850334,54.84153747703426,176.2048437380178,41.21959908850916,51.78697297053383,177.0823529516258
3479,-10.12829660283529,-53.5540761900823,59.131444884708635,-9.5297920153638,-48.61387648590072,59.55526062934466,39.581371449473345,53.979461324380914,176.2012058554363,41.17739055605435,51.18791616807101,177.11118228811046
3480,-9.681353742029048,-53.77825072764602,59.11734844232919,-9.08023747871245,-48.837275861757924,59.539633671921415,39.638795259346516,53.39108839516336,176.24521132168402,40.89548245871867,51.03654956093988,177.1424844603153
3481,-9.234111140440632,-54.00346419601787,59.111671476480815,-8.63209651434147,-49.05958841727435,59.52894792029492,39.23780530794596,53.49129064025258,176.29211043381275,40.730530640833834,51.054019957666114,177.16619750772114
3482,-8.785093859028894,-54.23118164999017,59.109076485073956,-8.182845981121822,-49.28469223220274,59.515789421191286,39.13571136485723,53.88875165212818,176.30592208718005,41.0113485204839,51.55614915384991,177.1767284228919
3483,-8.338306846213188,-54.45734111878276,59.10015537860306,-7.736424809539073,-49.507155777431294,59.499415637627635,39.51773580262353,54.32151905768407,176.31469352156304,41.51441675105153,52.17735104343973,177.18575434995822
3484,-7.892091885195393,-54.68567700276592,59.08313089583577,-7.2915753055113735,-49.73218235335814,59.47896023332867,40.21805250117404,54.61585448302673,176.37884515769383,41.994212144361434,52.534543854915924,177.27120794377353
3485,-7.44591782126004,-54.914964231323374,59.05912217979456,-6.848040944447938,-49.959366294775776,59.45446078891093,40.420073215841356,55.346439070023024,176.46781646997147,42.21395913910473,52.76291641137024,177.35861010463302
3486,-7.00450514520318,-55.13796906098777,59.031152843762285,-6.40584489597338,-50.183753700606715,59.427477202610454,40.51927014375667,55.848373766045604,176.6243881440448,42.10983450110572,52.6719205977187,177.55285032180836
3487,-6.561882843894584,-55.359128778007914,59.003356977477466,-5.9607070437775445,-50.40645961660542,59.401642853084255,40.624662869134056,55.757522292676235,176.7985666155107,41.78678589024417,52.09758198563307,177.740226494058
3488,-6.113285268826057,-55.578732553226885,58.97350233989818,-5.510976618238471,-50.62732351892958,59.3812860551278,40.65629311208745,55.48327492853327,176.9939890535846,41.48660343068879,51.51819406963208,177.92158787542718
3489,-5.667766951471682,-55.79818855536116,58.952999437500964,-5.064706507514646,-50.8484632929879,59.36974670676262,40.42861950342514,54.958571126526934,177.18169477317787,41.2959852718859,51.18970597087168,178.04520548300783
3490,-5.224516481423335,-56.02035879740387,58.94499104485494,-4.62115879070064,-51.06970040969067,59.367511118769116,40.314981023274434,54.39224855169643,177.35651402899845,41.58629039147753,51.089006241655966,178.12352367935682
3491,-4.781832100677449,-56.24416340839318,58.94172478664484,-4.178250035505428,-51.293777565134576,59.365034777740426,40.213485049877605,54.04859496269792,177.51992439800006,41.91226244043582,51.18168647480942,178.24893990541926
3492,-4.334906727549953,-56.46907539070786,58.94855028663601,-3.7301286889867877,-51.52072792732338,59.36903983756854,40.379397356469624,53.61122867628456,177.70705634729256,42.38357854477363,51.066995993653876,178.40336425224677
3493,-3.8842575101878425,-56.69431634197709,58.964764586839195,-3.2794995464864862,-51.74669579576033,59.37756853730221,40.55375843414082,53.441648526372,177.8376450154231,42.49258313535365,51.076000599356966,178.5710188832433
3494,-3.435464067055652,-56.919992539904825,58.97990234026323,-2.8305295816857092,-51.97290876097697,59.37781874400206,40.61411749464373,53.472908133881106,177.98638130250873,42.17895872011156,50.86464319457057,178.76243954202195
3495,-2.9858562453089483,-57.14788655649471,58.985387230036565,-2.3799332729964178,-52.20146825005553,59.3713467225424,40.61274436703878,53.592615196258244,178.15162921604502,41.79442932106145,50.70333173180408,178.96756096895118
3496,-2.5308490025244232,-57.37608582039007,58.98182441913816,-1.9242749312392347,-52.43036913000548,59.36105177219585,40.179849386254055,53.61001941985108,178.37474819728115,40.93375349314481,50.56314179217498,179.1911089889229
3497,-2.071099232129322,-57.6076500431752,58.97333576109136,-1.4665160442041136,-52.66039771298152,59.35076861060747,39.38294967891024,53.50649946673551,178.61436151927884,40.181532360405,50.44374387900592,179.37637702981593
3498,-1.6083890595743195,-57.84032230802742,58.959467471361116,-1.0071131240979077,-52.89294952009578,59.336048586509506,38.39248728257044,53.347895804553744,178.79396989249463,39.39928530986641,50.446854145021526,179.50255447482073
3499,-1.149397919431442,-58.07273239688317,58.93822377159504,-0.549851224964029,-53.12548207656323,59.31909628086498,37.04077726870977,53.40010339345861,178.9147880353329,38.476245103534914,50.55748821218796,179.57689179401217
3500,-0.6919641864740835,-58.30379880345633,58.91496843483269,-0.09491710748533322,-53.35398773497541,59.30877535557537,36.25005753246942,53.176332455721514,179.02770102745387,38.25770260825361,50.36142335058976,179.65868971975604
3501,-0.2357099905822856,-58.53285149197168,58.901780657239534,0.3571863037939046,-53.579617324927305,59.30658705438467,36.12085317075841,52.877667398416314,179.0887331901411,38.610253573219666,49.87789576476327,179.70977723985425
3502,0.221589737898238,-58.76106401593909,58.903108296494565,0.8101527586684412,-53.80424638027636,59.31471841006148,36.26661768731774,52.55856986182474,179.08512713270255,39.14724498551976,49.46879423962348,179.7172225176972
3503,0.6743334776416348,-58.9866957892802,58.91338933347852,1.2630337524172004,-54.02680000944805,59.32698735546611,36.76091705330967,52.25094349810894,179.01787593187842,39.511525260547785,49.140509004357696,179.69854530226868
3504,1.1237158319461573,-59.21276662314401,58.93119964172728,1.71297022942995,-54.25044165323354,59.34490156968089,37.69177057833616,51.92931686662968,178.8902996439401,40.35247010465373,48.85537589409539,179.6037675475829
3505,1.5670677737050946,-59.43934321520089,58.958297666882565,2.159448914892015,-54.47768908175858,59.36633174665259,38.88776555377894,51.553566544844244,178.78005505209586,41.21911700510947,48.6616679885088,179.53051802556084
3506,2.0061206887331573,-59.669219977442,58.98626611325231,2.6020371094609036,-54.710314873024366,59.37877462464935,40.25791694315192,51.31947045189125,178.69516060012091,41.861543119374154,48.83377845750926,179.48217154410634
3507,2.4468963942773243,-59.90270103716326,59.005781525022954,3.044238803356471,-54.94630773059681,59.38367545153754,41.104855130783235,51.38643669782405,178.58670029665439,42.154151443748134,49.09974992613874,179.42569114522146
3508,2.8882351609620356,-60.13202470804986,59.013074744913595,3.4853294749953827,-55.178416359852726,59.38056790379089,41.59705016291667,51.537437697823044,178.5167153459135,42.41108306940848,49.08153910988231,179.42834636892118
3509,3.333523939244453,-60.360738902246986,59.01289147545802,3.9308534607189345,-55.409894634244814,59.3754882998615,41.698810792706894,51.86688455906457,178.448303439944,42.32414087885929,49.28751382156925,179.39867206371935
3510,3.7760724034440623,-60.58903520419343,59.00724368753982,4.3757588084146795,-55.641211990214295,59.36799487861814,41.68681035189197,52.245257198786625,178.44876335047243,42.034668817079734,49.52011023332588,179.4441498971622
3511,4.224077020893407,-60.81937712762396,58.991531492269765,4.824589856325503,-55.873617709963106,59.35611069536558,41.32933295148374,52.761415964193795,178.5029191534495,41.87324731099199,49.870394257800015,179.4753358825753
3512,4.670303514417571,-61.045278693717854,58.97643148155483,5.271758352757203,-56.09920952794125,59.35531889994911,40.68522718476527,53.203408263788894,178.59764000043978,41.540615267886274,50.09968410145548,179.55926355322126
3513,5.119462663460111,-61.26973927157144,58.97136414683161,5.719849576451368,-56.32196050754518,59.364194529182825,40.161335272427856,53.357712458737254,178.70377459408192,41.387892891690385,50.21702446138623,179.6496875065034
3514,5.570633261579212,-61.49469606800401,58.977954538126085,6.171200354101449,-56.54588527778677,59.38078913100501,40.18589067730277,53.92625290560263,178.82992054623622,41.80311088127754,51.012270664771606,179.73267106107627
3515,6.022858682823656,-61.72400716413124,58.995881496817944,6.6230552050345555,-56.77319929477247,59.40342238817414,40.36610637343768,54.614945130598066,178.90751628949758,42.38540032173603,51.585117871280836,179.77865776397442
3516,6.467261539097448,-61.95785846247273,59.02317954469599,7.06786887341047,-57.004274940280695,59.43157033930159,40.512443368665316,55.04070619530822,179.05862203530825,42.50112488243079,51.8891690796839,179.88830200373758
3517,6.906559355721382,-62.194848602299686,59.062407688741935,7.50815638960583,-57.23863425107556,59.46477458071247,41.61294326596401,55.37150051745441,179.22577074348678,43.70458695533992,52.072846394724145,180.0699696972492
3518,7.34518750130758,-62.43253921505934,59.11395258242472,7.9465016394521255,-57.47522395410201,59.50264193121271,42.76424201821725,55.74784091825119,179.41027516623836,44.8118789963432,52.44776947942731,180.2323489964601
3519,7.786067536445557,-62.67383209502679,59.15529586433566,8.389534520246869,-57.717214951735365,59.528528474888425,43.92536378222569,56.67036485908274,179.62057147223126,45.50985795658604,53.47665196628294,180.4564576158681
3520,8.232598967646709,-62.91630046161268,59.18633659632552,8.835050292092038,-57.9600330131946,59.54538836993308,45.0560889648404,57.55226482970012,179.827582559871,46.1355665186285,54.16867014958714,180.65177377818938
3521,8.676287973047408,-63.152358404579,59.20723776625136,9.279522420028638,-58.19767209724544,59.55566034614355,45.81369696996213,58.00894349344148,180.03290210040683,46.685904430561635,54.802568722863214,180.82358950418393
3522,9.121975009298522,-63.38269979565466,59.21855350068032,9.726563483258818,-58.43118758211369,59.560582552551466,46.45576294226263,58.36884172765696,180.2629799087125,47.211103079094,55.09943683591899,180.97469862141895
3523,9.57238982881777,-63.61147645947196,59.21907775557868,10.17630339793873,-58.660827064491095,59.560230028748826,47.35306427775904,58.991252850561224,180.4572781663039,47.629801106000464,55.55974452229431,181.11389796911072
3524,10.024321008297628,-63.842624004827385,59.20950622861005,10.626081205506347,-58.890904302040326,59.556273063384744,47.6247359298036,59.506338503473756,180.59195287236392,48.19723026435176,55.728995360233206,181.24412837049638
3525,10.471690904597171,-64.06315149613934,59.19228694312538,11.064347043968953,-59.108769214018224,59.55290336059857,47.45778726760838,59.843308730701146,180.73184562438564,48.179986341934026,55.85490362247703,181.37047675906464
3526,10.90914176983157,-64.22949952323656,59.184855853441036,11.490616832916164,-59.27295463915494,59.560893292447005,47.80369624974891,59.96700625090343,180.8138544628181,48.63656317946639,56.38220963886041,181.48843606204625
3527,11.340753329342826,-64.30473545346184,59.19205734013536,11.909154939220215,-59.34838109257357,59.58237187089688,48.05305588419939,60.34536861622975,180.90611134004817,48.92756873790673,57.026694655194994,181.60962022830714
3528,10.938459194136776,-64.32827489767224,59.215212307987514,11.519485250565843,-59.36969040629182,59.61555202062011,47.86531686712534,59.984141114245325,180.9908694433678,48.77088927991011,56.466412960436976,181.7116785779794
3529,11.286455009475178,-64.22613244403964,59.246655829337804,11.862131817057875,-59.271395142641765,59.65055338208101,47.836928520272075,60.448112936983925,181.06758115881084,48.82734499090564,56.93938216437556,181.79884965811368
3530,11.561827376414795,-64.07931370662088,59.28637703525399,12.141267493141314,-59.12278228790954,59.68842085546735,47.861139401881175,60.81647754448681,181.136304761015,48.816952021067706,57.326324274593624,181.87350937048456
3531,11.761387026703249,-63.91743070974681,59.33588181655065,12.353935253477223,-58.9461043558572,59.729631709222424,47.63031487076762,61.07903049528575,181.19188286281815,48.76077916792654,57.638799967558654,181.93390310041573
3532,11.89544302005417,-63.75958726132287,59.383882989001464,12.50393884522976,-58.762276181946724,59.760433240653256,47.39487484358015,61.62989121765499,181.2304150834945,48.67757208752895,57.88533592744076,181.9781140521321
3533,11.985796791897725,-63.616146438197546,59.418513705004464,12.604331000290031,-58.58724574848476,59.78016360022806,47.35743624272887,61.774688778110445,181.25524648381963,48.58597946346395,58.074721315157305,182.00774325788626
3534,12.044392318597144,-63.494521188402864,59.43818929403454,12.666548623834768,-58.42726063172845,59.78954095191627,47.41447216261937,61.899172262225704,181.25853476944368,48.49460102577466,58.21803999532484,182.02593104243132
3535,12.076310786591316,-63.39317216740024,59.44605945677807,12.692523567165157,-58.28327328670034,59.791818591577844,47.44434528807287,61.99800711740597,181.2508774685997,48.4006389806346,58.322125085161616,182.0362216714485
3536,12.082545793257445,-63.313516384104986,59.447280141197965,12.684068711387546,-58.1592400887083,59.7914155770487,47.44526469932218,62.07317187914294,181.2358800844904,48.300345268106135,58.39290016085395,182.0404586150617
3537,12.070328539458034,-63.25425505610035,59.43700001214757,12.650386476728935,-58.05871550773041,59.78636411437117,47.42929655015442,62.124327552090826,181.2155705220687,48.20323664137715,58.43362891426416,182.03854704207677
3538,12.048010574038587,-63.21160970812882,59.415137663204945,12.601405392421904,-57.981554730070016,59.77768001635994,47.40706856529432,62.156690944700046,181.19215713460844,48.117185749940724,58.44979074418396,182.0322157965997
3539,12.020666789566613,-63.1836293914607,59.39830944241164,12.546593500604251,-57.92816839351348,59.77529059764396,47.38251406863239,62.17324540673274,181.16801409749206,48.044105927910806,58.4472322275651,182.0234980957008
3540,11.993615375172565,-63.16793981853245,59.38797644047896,12.496840666417347,-57.89180891535106,59.7776605378182,47.36010642461499,62.17720589971699,181.1504611769854,47.98684838749239,58.436506854059836,182.02089723468453
3541,11.96983519559951,-63.15780954841593,59.38420413653471,12.456837980859008,-57.86012962951658,59.782747182835784,47.340838736507514,62.17598857108044,181.1396820857022,47.94174813335939,58.42988437319676,182.02184810238583
3542,11.952864484811556,-63.14565909380048,59.3845397978632,12.429062785120268,-57.8261750591966,59.78744772059894,47.32595397161516,62.17895952810387,181.1358215571489,47.90749964823704,58.43393273100314,182.0269119024805
3543,11.946835636924154,-63.12836512535817,59.388842722735596,12.415066708690093,-57.78861641776277,59.794497560367766,47.323196947360906,62.19056075831924,181.13782457793505,47.88602603573555,58.44862885503677,182.03531903192876
3544,11.946633017181064,-63.10186564898795,59.39877188207208,12.405052427027234,-57.74283796902307,59.803161117914705,47.32582759483151,62.213316088185024,181.14533712253603,47.86893057593319,58.4770562277339,182.04500294625407
3545,11.939593876353031,-63.05579843394158,59.40809336929776,12.380965182964035,-57.67567823118901,59.80446522470766,47.31880368545553,62.25732536715976,181.15200321305525,47.83839766410949,58.52957312818028,182.04690277575213
3546,11.905271199374583,-62.98622374857494,59.41095811443544,12.320414478912575,-57.58937254607085,59.80079106175178,47.28319701476705,62.323078676560776,181.15580084684345,47.77296354875423,58.59891262198017,182.04060875598344
3547,11.819606068885214,-62.90513896591715,59.40815681139416,12.205910122913489,-57.50334426364279,59.79403050313554,47.19738227680566,62.40048734536673,181.15280278630604,47.658613565190926,58.670690078669075,182.03034015876278
3548,11.673516706248916,-62.83877438806694,59.39794928766245,12.039684571236526,-57.44246519702422,59.781912726458714,47.075226783142384,62.462499666745764,181.1440542633909,47.527330697430386,58.719107955087566,182.01762395320253
3549,11.470398493186993,-62.795662558537494,59.382582749007746,11.832172622118616,-57.406966797785365,59.76584304190024,47.096752293618295,62.665522773902104,181.13305207821722,47.6286879035159,58.9736692641701,182.00874508330648
3550,11.220354649122504,-62.75154324840105,59.36334762543896,11.599331890210879,-57.36684341902306,59.75003616265812,47.00101531336199,63.12071865938511,181.11970009175567,47.54472399988991,59.54099189470928,182.00166653740925
3551,10.93793891193243,-62.66849072726801,59.3457537111085,11.352979021929224,-57.289447285839806,59.743119292234894,47.3117622313312,63.15881833900094,181.09895888518437,48.013004559228364,59.41608670099194,181.9893268002052
3552,10.64530781845709,-62.52634927971293,59.337213431497936,11.101399439375966,-57.15833865589083,59.74458832810172,47.43079441059089,63.29601078131238,181.058384103103,48.064948895524765,59.48788188434445,181.946598474503
3553,10.358682578211305,-62.329556759282106,59.338341166403964,10.851150772485443,-56.97787549214657,59.75351981794441,47.539804992758896,63.312056123382305,181.0018188559737,48.033199046011866,59.418276377778085,181.8823319175438
3554,10.073600909348114,-62.098554743502106,59.34608933696816,10.59441994920823,-56.76475034899065,59.76631999900353,47.54114350712567,63.34523573714331,180.92086324586532,47.80437855895751,59.432573153972385,181.79145114881894
3555,9.7750328479668,-61.86017419246781,59.360375046834484,10.320928182007822,-56.54522613945854,59.78112038720043,47.32810446439305,63.20380467326477,180.81440157560382,47.29970184642265,59.2214471556528,181.67928295243564
3556,9.4494613143206,-61.63146531186526,59.38157419305321,10.017571256693307,-56.332840983088005,59.797356996295576,47.116195751496306,63.036290883407666,180.73947553676098,47.18442812941412,59.13083237301486,181.63366535097393
3557,9.095231269789549,-61.42499163568925,59.40955612985854,9.68772337451841,-56.14065338217865,59.81520155220207,46.8285083456611,62.31818022235361,180.70191856776177,46.943239841987065,58.701701844730636,181.64020442686416
3558,8.71735003748441,-61.23659768112403,59.43052304205914,9.338425039698702,-55.96533409414167,59.82441396677716,46.1805242201362,62.365153779646135,180.67222257472827,46.58339377988971,58.79140552377632,181.6653021871744
3559,8.332166206377757,-61.055294360549276,59.444550490087806,8.980982855815117,-55.7955795540465,59.82794105023704,45.7055268656052,61.956133294018684,180.69014126477504,46.224227493146,58.463672744271776,181.71385360250508
3560,7.9418941658974,-60.86822534256488,59.453809475665025,8.613337034012403,-55.61821830700513,59.830087906521065,44.863679815678275,62.07249200280085,180.7397919653229,45.36842211415015,58.80235587063152,181.76690484014796
3561,7.555700357811342,-60.671866228304005,59.456963372313446,8.2439077876223,-55.43067102785534,59.828917605603095,44.131017405056106,62.13620267709386,180.84782703206503,44.62905644176129,59.00813641297367,181.84960435446897
3562,7.1744193683640205,-60.46307121040211,59.452316780694666,7.876578005427042,-55.23207488778666,59.82366625356157,43.493068818609125,62.20594909818214,180.98956568645838,43.897253421249445,58.8911483692269,181.9219418216797
3563,6.792950848902853,-60.24692902125835,59.44594557485927,7.501522459975099,-55.02273093396493,59.82384558393645,42.88632645258521,61.941040254341516,181.11008658755767,43.6139702814753,58.45655518306687,181.9988079682774
3564,6.407714391469311,-60.030311870927584,59.43960895016031,7.122356434278281,-54.81271194415095,59.83053604164171,42.524583552955534,61.873886252280016,181.24753009901588,43.58345358309581,58.03311663524928,182.1297806524283
3565,6.014031043071733,-59.81546710597138,59.44406381912037,6.735446021017395,-54.60382037750766,59.84497523877907,42.282734357796194,61.42970830435488,181.38834394467216,43.5576779194056,57.62260194425675,182.2582833081871
3566,5.610570070531817,-59.603430845443945,59.46121487894022,6.341729914450288,-54.39596328018723,59.86812140362354,42.16494086049348,61.35430279927787,181.48894274669038,43.61558665881729,57.427982551596386,182.33191677003455
3567,5.206637508299129,-59.397959612832985,59.486445484332634,5.946292012998369,-54.19157696082983,59.895858044963944,42.34872092348256,61.03842758881716,181.6060779049882,43.54209560700304,57.56158352624605,182.42448829266584
3568,4.800783041917356,-59.1911775537962,59.51644028691171,5.54969808435145,-53.98679879213621,59.92243263685335,43.42679732301478,60.22988700390354,181.76289883088307,44.67436351038071,56.89847264167844,182.58785976196646
3569,4.394711641207509,-58.97794536865981,59.55357247653805,5.153784545677867,-53.77640280066776,59.94937331182954,44.15901911772219,59.916477767070674,181.9232109967016,44.95636725911749,56.76666715333602,182.72770411846255
3570,3.9951270501797724,-58.760921416307674,59.59582278090124,4.7589614020979125,-53.56068116866238,59.98184267865529,44.68881242196452,59.73082765668164,182.06697797519166,45.206858993207845,56.49856777362188,182.84451553498772
3571,3.5942727201955766,-58.53712251655286,59.63865184539364,4.361582960926299,-53.33927129414669,60.016517574303485,45.18173546118056,59.10590069029989,182.16412802879557,45.553446163437165,55.60024639565094,182.94325780676522
3572,3.191078203090198,-58.31261212076231,59.68141191914172,3.958674550576796,-53.11685865042329,60.05270586928389,45.74558567280744,58.716719979620805,182.21981227546806,45.9233524038266,55.139738170460596,182.98974459263488
3573,2.7814413506667734,-58.09377427966438,59.71488175451135,3.5491742599381184,-52.89873024890573,60.07871965811089,46.48030983763695,58.127125913630366,182.32376710889616,46.53169543665583,54.616556410643376,183.06549065014966
3574,2.3638643076056294,-57.884451066785495,59.74163627978542,3.1332302609068927,-52.69024010345327,60.099036783286735,47.329270104465216,57.388810823217455,182.4194054234984,47.04432844002845,54.26587699063531,183.1479226171625
3575,1.936213848750612,-57.67980665885942,59.76440186793135,2.7069583452952792,-52.48607317351255,60.1176654681025,47.47436512646747,56.83181010469566,182.4672581899943,47.66950672824471,53.488649046438155,183.22587691549754
3576,1.5013478354542937,-57.48200999063639,59.78451540242268,2.275684023541748,-52.28846579190183,60.136625967156284,48.03093854920562,56.31959928313341,182.54325244761318,48.100684865623194,53.30436111386445,183.34201878582027
3577,1.0600676006972052,-57.28175554000668,59.79463040424818,1.839074968995877,-52.08893701403353,60.14824010447014,48.79156017251716,55.79945609026306,182.644070149057,48.76845930953118,52.98819654004175,183.4738495648292
3578,0.6230896428977798,-57.0747264668708,59.80326062719904,1.406290267380842,-51.88438599751615,60.1635631409215,49.42081016036332,55.819381685587736,182.75363950518192,49.32090401566207,52.82976963671821,183.5971449642007
3579,0.19097996608045664,-56.85582986373184,59.81466198873175,0.9791066464405571,-51.669772799463445,60.185941805421244,50.006442412570784,55.40504268354718,182.88525037481557,49.77731880039846,52.369305533907244,183.6967547490028
3580,-0.23482815392982054,-56.62946753377591,59.83441844408631,0.55833840342298,-51.44602355040779,60.213117295663935,50.11026453959306,55.4348125042284,183.0007761007839,49.779263837094966,52.46998042328741,183.79268414188755
3581,-0.6623034378969663,-56.40469102332305,59.861683617021846,0.1368558445800777,-51.225242154408704,60.244881670754324,50.262825736447475,55.42372804464143,183.13349897289544,49.86548129781648,52.54945614428985,183.91547082876312
3582,-1.0904582157403817,-56.187858617744176,59.89532347834301,-0.28921343609560873,-51.009365675714626,60.28020538183523,50.23896450849206,55.653349261064065,183.27663822034955,49.88470397638638,52.43692449584399,184.0429219831291
3583,-1.5180425323173243,-55.97380068452723,59.93425072290109,-0.7135482001482935,-50.79578489154354,60.31855781423057,50.263375104495445,55.407937187904935,183.41450113678255,49.90306584472211,52.11255722766768,184.190722220803
3584,-1.9419127914625371,-55.75617477484754,59.98068475657743,-1.1376356002126258,-50.57609840041703,60.35798568294292,50.09871421795281,55.0180626763476,183.55960829402383,49.97062702073132,51.46773187968241,184.3550511741001
3585,-2.361302266772529,-55.535064274761204,60.028737290068406,-1.5585621586831542,-50.354395575424824,60.39898669660025,49.862750250301374,54.39765729684798,183.71496435162368,49.95196155952361,50.730144473743195,184.51772020285222
3586,-2.7814758893021394,-55.31093494723931,60.07384247024266,-1.980561280436101,-50.130502762714556,60.43649827400964,49.90013487202311,54.232684589602705,183.90449215330435,50.33305405425814,50.454126561374274,184.7002510284959
3587,-3.2015257600141407,-55.086369831974494,60.114544187084114,-2.401273715403277,-49.9057198714532,60.470022508138285,50.01309526179921,53.86662971993307,184.0983659756833,50.38515957700235,50.42374211280787,184.86689334936338
3588,-3.6242810830877534,-54.86062784802514,60.14600621886546,-2.8250567971252285,-49.68054700436156,60.4967045451535,50.258419124423625,53.672782786521545,184.3124050770285,50.69855009603768,50.640196913257064,185.07169831775394
3589,-4.048077721515056,-54.638001050837524,60.173827268180275,-3.2514564175619,-49.459785309724424,60.522406593727865,50.09028446916983,53.48277063024812,184.48971013484746,50.318527882097634,50.642282242059984,185.21457610060227
3590,-4.47836606420158,-54.41434788340667,60.20456751219424,-3.6830264786956066,-49.23918106894255,60.553357078558136,50.46666564835815,53.022899317097675,184.65495371552015,50.774508485887615,50.03316192623537,185.35985577365352
3591,-4.911629744337812,-54.19022870246385,60.23398401417771,-4.1169477718570295,-49.01524758513103,60.58474978066804,51.25120370313636,52.77965430045667,184.77299830889507,51.76003785753516,49.465913891587476,185.45454179833465
3592,-5.3414845074656405,-53.962753412006464,60.25701234893834,-4.544242148530222,-48.788078484345,60.61209366194729,51.90102055962,52.91568205391864,184.84755445052923,52.28606526456606,49.32429108510571,185.4971302792611
3593,-5.773160160491384,-53.7346977813379,60.281481538330056,-4.973960503854767,-48.55949562894676,60.64158433673893,52.31597269639893,52.85668288668115,184.90858117156492,52.7807491995937,49.24531439006592,185.56686902601112
3594,-6.206435736130249,-53.51035728495183,60.31177575385001,-5.403917065891059,-48.33278270998343,60.67610665975303,53.17172253674817,52.84425072701274,184.9722881218739,53.54476523310264,49.43894218676226,185.64778453690732
3595,-6.6423493981030814,-53.28696532300535,60.34746584004729,-5.83618402589522,-48.10670416555897,60.7151028280367,53.752350516095994,52.5810705013659,185.01300693619643,54.04202110292296,49.47819678152023,185.75087050849916
3596,-7.0850820888424755,-53.060870761261846,60.38921060785439,-6.276970671598023,-47.87912844573607,60.7583003109792,54.716461889529086,52.49192421500426,185.06083833890244,54.33720440093496,49.57624125951857,185.82426410080848
3597,-7.528592564753987,-52.841368362860514,60.434514250653436,-6.719052378176464,-47.660064663616915,60.80311345460942,55.20735317180321,52.88350547448676,185.1017718703186,54.680280009392206,49.7173468790493,185.90686132024615
3598,-7.969044575493671,-52.624750442061796,60.480950280467525,-7.159748737657039,-47.44402355985019,60.847151752042066,55.01284508612746,53.24507686355751,185.16159022451103,54.62335138682832,49.723674479331315,185.98250767741717
3599,-8.408658843196234,-52.40626797154669,60.53261431046899,-7.59615055645422,-47.22843994911093,60.89353950809379,54.73975640918895,53.38454070892412,185.24990215972176,54.19810473706313,49.728526490980954,186.04423602909486
3600,-8.843039203319055,-52.18138579344725,60.58225051106371,-8.028229532932142,-47.00663052526184,60.93795878722219,54.26215969993446,53.478905537294075,185.27424759546864,53.642868531296955,49.706111387377895,186.0387743604925
3601,-9.275948821685038,-51.950698708772016,60.6264364100643,-8.459487945249812,-46.77739633113403,60.97624686352668,53.40359461679829,53.365193033558135,185.29804672883643,53.03493611899847,49.65115306103205,186.06182333368432
3602,-9.705720839413447,-51.71951060878504,60.67016299141393,-8.887464729260453,-46.546680348872414,61.01559394126673,52.79223943838055,53.38186165673367,185.30865505057932,52.77786664056038,49.66877168754784,186.09357510215122
3603,-10.13294799803111,-51.495013209408754,60.711895592784785,-9.316601036272097,-46.319056739971394,61.055077365459816,52.133234002447374,53.49342622677238,185.33121832108287,52.399365666148874,49.88424032538775,186.12530637889932
3604,-10.562379882492474,-51.27237461210909,60.74998110181243,-9.74742808968873,-46.09392226210818,61.09217722903159,51.28411681219243,53.518291350456416,185.3429852162433,51.94581102498774,50.003593565638425,186.16052621784115
3605,-10.99128628267484,-51.05283615386946,60.784540420092675,-10.17769104755895,-45.873457205599884,61.126360129815055,50.518246543064215,53.75168835255387,185.36740485784992,51.36416212183693,50.28910827401266,186.2185042082481
3606,-11.419237199337473,-50.83085391211578,60.81570660501051,-10.606894506258135,-45.65437317035642,61.15985047605466,50.28497916735149,54.131392537785324,185.40911956685022,51.2638642389247,50.71903746661285,186.290506557368
3607,-11.84631355981242,-50.607923836457886,60.84730059919721,-11.03466719679644,-45.43489678334772,61.197806444249736,50.13604680284531,54.516641596993274,185.49014779608376,51.08645418535497,51.03653752111451,186.35180340576568
3608,-12.270813070545385,-50.38611886902675,60.88483273777101,-11.4606684200241,-45.2153219097108,61.240801822528525,50.210475495388025,54.92524864746957,185.56473680458606,51.09612633806946,51.27890512069503,186.42078498534428
3609,-12.694020467895664,-50.16586772261409,60.92909694516694,-11.885271537567858,-44.996633248723036,61.28942535047648,50.220268200571276,55.29369199631353,185.63768501858254,51.23942970514471,51.48221914196093,186.48326139296125
3610,-13.116624714728452,-49.94627165973979,60.979005251017504,-12.311738673407772,-44.776570199593216,61.342526595534544,50.58021134670855,55.79586050237909,185.71946809136873,51.66717776571647,52.034001495552374,186.5503897229713
3611,-13.544704227670394,-49.72700628070047,61.034318453805575,-12.741609755364745,-44.554962095953115,61.39812233074899,51.03082180200644,56.12619284571687,185.75525918641605,51.99131146968208,52.18468577153368,186.54833296226536
3612,-13.972507922555659,-49.50948633819503,61.09614323438845,-13.170434140718188,-44.335493980428446,61.45672723685096,51.451391259503275,56.308442724773,185.7541919880173,51.99053307026738,52.291082609332065,186.52570025380317
3613,-14.400277554135274,-49.292440654144414,61.16315236728641,-13.598839694441377,-44.11749336643711,61.51729865003948,51.404167753387306,56.00563424771702,185.73936010233516,51.70074889048937,51.895896961741215,186.51556876383373
3614,-14.831968212703911,-49.07638085860114,61.231664154486204,-14.03053937392875,-43.90183918801131,61.579597666768244,51.45711577029975,55.756309230116365,185.7269849203227,51.509160768157265,51.62663456366375,186.5148828637726
3615,-15.263856230202766,-48.86322727767638,61.30128289189306,-14.461754032952362,-43.688816074646255,61.64379599315921,51.44427953883462,55.57174046413896,185.73463311433804,51.415408304899,51.49063666411179,186.56265694725718
3616,-15.696287517859266,-48.64902571620561,61.37113408137664,-14.892422707358952,-43.47506860408274,61.70903806373351,51.42956372885457,55.39320565902929,185.77849772542248,51.47334055003644,51.401569650437764,186.65864698967272
3617,-16.12486700626649,-48.43497541447889,61.43921847471897,-15.319640141905783,-43.26187896919486,61.77335464694357,51.16617308592803,54.85682338558629,185.8031802696763,51.4817863117302,51.2206291699595,186.72392615464335
3618,-16.550655397576193,-48.2181922333238,61.502540771048594,-15.746436272921024,-43.04410486359552,61.83232839957996,51.02106520129271,54.65024342700869,185.9276419820535,51.64060110327146,51.24433481260617,186.85929195554505
3619,-16.97942395158011,-47.996778841254645,61.56227427999255,-16.176059980916282,-42.8215359496102,61.88811245430815,51.57483709936874,54.46070433310565,186.11820707495036,52.4880691558031,51.273188780376515,187.03972316268425
3620,-17.407385533358823,-47.77509579911004,61.61948376861285,-16.604973665620218,-42.59891365127269,61.94240074550825,52.577473155148006,54.59183292501877,186.31873743986534,53.50079829713962,51.267391073644724,187.2091144836193
3621,-17.8332063674736,-47.55284909252454,61.67394371125724,-17.030722900555627,-42.37737759647942,61.995638492370084,52.76495253621607,54.98285682271931,186.48605407891455,53.21024115015181,51.67711735361134,187.3062674417427
3622,-18.263166258300714,-47.327947348169744,61.72412431892959,-17.462246227311713,-42.15158963565569,62.04668714559958,52.38094088769025,55.54657588948311,186.60112495595294,52.236866351948656,52.325211238509375,187.35858187319894
3623,-18.69599571414955,-47.10270631019976,61.76787745106554,-17.89676112038774,-41.92541686660097,62.0933149801233,51.85234442874288,56.062498083117056,186.68187499018543,51.3892025993134,52.79327039991376,187.40982664509468
3624,-19.13235372454962,-46.87446404656088,61.80768104426673,-18.333114019807617,-41.69833873156269,62.13788409010332,51.326291542098026,56.992807300058,186.77697072575432,50.67404382089957,53.63973190836886,187.46035398827206
3625,-19.571543370824116,-46.64640022898523,61.84895059848521,-18.770909597164,-41.47091110467275,62.18310447207952,50.7670293297244,57.75405146984854,186.84445487324447,50.21182114202562,54.245200996334184,187.54256864681412
3626,-20.00897265445146,-46.419985092797624,61.889839610422975,-19.205643767044933,-41.24426645178228,62.22681763587217,49.670222603055585,58.52285785975901,186.84880052982527,49.80637269449233,54.743421006720794,187.5867977598833
3627,-20.448242639149147,-46.191750541902955,61.922827861564905,-19.64155258207814,-41.0153918127526,62.26032367990561,48.212956923365226,59.31811056044609,186.86276608696028,49.32066045610526,55.15387583333207,187.67253920305004
3628,-20.892799634124525,-45.96180419902321,61.94916864273964,-20.081516141125316,-40.786164658597144,62.286179582346,47.5265504780931,59.80170576413117,186.8501592640639,48.90796357779088,55.46725209535966,187.66010715972988
3629,-21.332049506269488,-45.732894206955955,61.97340696399236,-20.51762313773559,-40.555996072989856,62.31056096688327,47.259509347980696,60.156214800680345,186.85663168241112,48.42395902928186,55.854399120162924,187.64668784162797
3630,-21.774201086862636,-45.50218913393446,61.99292594079449,-20.957996158597705,-40.32554936129702,62.331766053852384,46.97134451070613,60.618589548374004,186.8442802149136,47.93834298939472,56.25985789099979,187.6240652147064
3631,-22.21258759670759,-45.273829135680614,62.00748804249869,-21.39675096261895,-40.09878787628832,62.350166632647834,46.80190322481706,60.78452002411591,186.8198436419258,47.669623601594594,56.642532602103984,187.6011546830237
3632,-22.648336498086877,-45.04424783485842,62.01662380909725,-21.83320991560815,-39.87193330950173,62.365470536127376,46.50754002217462,61.0781367535374,186.79375861212807,47.39179340588739,57.05618935256956,187.61883729952467
3633,-23.086645756316045,-44.810144155584275,62.02528663505984,-22.27183811312288,-39.64094474615603,62.38384712606221,46.31208029714149,61.38090448109276,186.81019617397328,47.27169821628744,57.41331758922563,187.6699454850188
3634,-23.524651099143757,-44.57577754967541,62.03863896606689,-22.708803371571264,-39.40900022849011,62.405802771441735,46.29823940029726,61.6649139127987,186.81562340980045,47.27122927567865,57.683718009879065,187.7478578367426
3635,-23.962399092275987,-44.34229018351751,62.05535164754786,-23.15011766264599,-39.17740751003457,62.42829293639092,46.32595026493973,62.03398633802621,186.90816072505876,47.3036526579227,58.00635808115763,187.85207996496968
3636,-24.403553996955946,-44.10991717752062,62.07546362094879,-23.592959647052098,-38.945035724556185,62.45226104489869,46.47984534428692,62.278066344685804,187.0341197517161,47.35210592080806,58.22987390059523,187.97597608062958
3637,-24.845916433068698,-43.876325803092556,62.100063408568836,-24.035708980356834,-38.71024394000332,62.47847071666973,46.796365860224654,62.416523176760215,187.19588074096302,47.527100370262815,58.358421683015585,188.1135678482793
3638,-25.28724227878887,-43.641501810854855,62.12909825415716,-24.475551163975272,-38.475364692760785,62.50665596404011,47.01561546323376,62.57624730120266,187.3856875330209,47.65029920198487,58.549401266253895,188.2585078097607
3639,-25.727548052697987,-43.40706384074237,62.160760307110806,-24.91076464933911,-38.24147599334556,62.53480996349709,47.347155748189444,62.703612713905876,187.5722762161476,47.845256677504636,58.76543868052876,188.40625777056994
3640,-26.16878007789226,-43.17573974737586,62.18802012799445,-25.349422687740503,-38.00850046710034,62.558148675587724,47.44123643353996,62.73351130200127,187.74936308643987,47.77047195741337,58.824314817290734,188.5474788801349
3641,-26.6132644458292,-42.94334869276905,62.21292012986253,-25.790363143554938,-37.77423662032135,62.57991603946821,47.45717581519318,62.78427072495154,187.91040209558034,47.694429913669666,58.88324888507969,188.6748073545471
3642,-27.05491388513179,-42.7168010467005,62.231050643487734,-26.231805870270346,-37.547659805544434,62.595452503652105,47.14103307373903,62.53137618645392,188.04266280828304,47.201641819983934,58.61089577444648,188.7779584282822
3643,-27.498332039959095,-42.49393394856336,62.2452987314174,-26.677130282393723,-37.32384949058179,62.60759132771165,46.97200155910135,62.255138064896464,188.162072443492,47.03390789847291,58.326132335730996,188.8834170121434
3644,-27.944796295605357,-42.27139810923634,62.26235534262654,-27.126399029768027,-37.098588834311684,62.62451292784415,46.725668698745935,62.33284631565491,188.27010595872304,46.926767895439646,58.549435039245914,188.99014190407863
3645,-28.39687642316852,-42.051266631905555,62.27631344574521,-27.580256779556475,-36.8784105794676,62.64044296559289,46.43435563562661,62.32078780602265,188.35502632997282,46.75825551388117,58.69206516604291,189.07830296369943
3646,-28.850405439158475,-41.830487791273214,62.28597114798199,-28.03149051043053,-36.65809874184798,62.65340739599839,46.17681431577843,62.275846626441805,188.4299414689697,46.76374572545283,58.82551648752486,189.16695573527153
3647,-29.300444250756367,-41.6086428882987,62.29759914018059,-28.47986817806216,-36.43690132180149,62.66841347619244,46.25916845601963,62.2547377978651,188.50669247598245,47.01767697139973,58.843856240719724,189.26368688238867
3648,-29.74915552270482,-41.38605401295631,62.31065413963139,-28.925944694047434,-36.21475750395355,62.684934334593386,46.27990235268195,62.099859133949145,188.58445926530092,47.11890054200133,58.68235972122492,189.35629440742883
3649,-30.194081380409553,-41.16168484228283,62.32525399489227,-29.36775150092953,-35.993637984358955,62.702666743918996,46.554392701001255,61.973208266845916,188.64239565387896,47.12664001262031,58.271951244566594,189.4057134239127
3650,-30.638001062052485,-40.935161924771265,62.34297355161694,-29.811171870499233,-35.76794545191328,62.72145821388692,46.6529774631424,61.82148618074165,188.68471512235675,47.107074116759314,57.842563298010965,189.44544651244024
3651,-31.077577131350225,-40.71217141923906,62.3612846744621,-30.25052295565407,-35.542673286728544,62.74059018445933,46.86402055279859,61.483720578280376,188.72786994109802,47.28532404836569,57.69175851575933,189.49938783851837
3652,-31.516985738615823,-40.48338101876859,62.38053404146293,-30.69153800054207,-35.312532132841724,62.76040100191405,47.39340187552566,60.98466856533347,188.79186013262242,47.791655818328515,57.31414256449432,189.57435943856754
3653,-31.955224424893657,-40.25185597318586,62.40277913874663,-31.132449089072402,-35.07743261012314,62.780791944338766,47.694476297978355,60.62316606608527,188.87355518252272,48.02035138202807,57.21953043173792,189.67874805383633
3654,-32.39230292849526,-40.02487111990767,62.42597372170648,-31.570902650067097,-34.84814275016954,62.80264280958582,47.91065140322226,60.435611336986774,188.93788669431686,48.33001451592189,57.28937483311548,189.76437636349257
3655,-32.832142436948715,-39.79394349965304,62.45034110353783,-32.009399741903536,-34.615405176063895,62.826002685179915,48.18561820251398,60.30572700423041,188.98945395883243,48.55180081889169,57.25566210318899,189.82960876773421
3656,-33.27137470351653,-39.559263531280806,62.475054888979244,-32.44834485726625,-34.380162205092454,62.84967523536503,48.540208745884065,60.40915042408709,189.0838458996859,48.76538227615684,57.27347110880157,189.91770967113072
3657,-33.70931320683481,-39.324025019302695,62.496989541445174,-32.88594414238309,-34.14453400860978,62.86911354314159,48.98823376627283,60.59509432289,189.18513879738387,49.04301253495513,57.303704357311325,189.9975028602745
3658,-34.150787964198,-39.08933167499278,62.51849255067572,-33.327431144416664,-33.91069587387953,62.88854041303467,49.444633217705096,60.68583713892532,189.24644211696253,49.47337849455293,57.38353687258474,190.02768895436958
3659,-34.59212847738779,-38.86177707915371,62.538443783461254,-33.767926108645256,-33.68413106312849,62.907115987032334,49.68598276908178,61.036116286706545,189.33164916915308,49.887655032370155,57.56252114794814,190.11381571375097
3660,-35.033563503492324,-38.6374005397109,62.55360689351666,-34.210527466096536,-33.45850401020462,62.92041044451701,50.22317804629987,61.290840799223524,189.35955967382918,50.45498232489418,57.77109880028109,190.148742464906
3661,-35.47494906807417,-38.408502759274754,62.56366814338174,-34.65262254945368,-33.23312041430696,62.929464501045054,50.86205765008035,61.3320614815837,189.38547643308408,51.171214082933595,57.789868207596164,190.17592993264446
3662,-35.915599349608435,-38.17864665403954,62.568173852081934,-35.092609063631095,-33.00769936512107,62.93465386836613,51.339369952235124,61.601624179606794,189.41132642165576,51.49395477127396,58.03592290189107,190.19409087789595
3663,-36.34588477239999,-37.949969380194915,62.56801617613718,-35.52337400015168,-32.78374879123734,62.93742137460777,51.93557697744294,61.73326050854888,189.47029346842626,51.95434718135732,58.090011516579864,190.2909060940823
3664,-36.77583785785179,-37.719410274426735,62.5707503193289,-35.95368855747917,-32.55839260797698,62.94461999227983,52.565817393377614,61.72444110793385,189.52253369835296,52.47185081513597,57.95701145210764,190.367839859907
3665,-37.198897033438314,-37.48855087141766,62.57263430963013,-36.38007739222941,-32.33016358706938,62.95326343697902,53.03631422926632,61.7034127194856,189.59506690366106,52.87238144198099,57.89057917157363,190.42368141759567
3666,-37.62463282297668,-37.259182253706776,62.57537330519052,-36.80917055088146,-32.101769941389435,62.96329031204685,53.42035757612369,61.63913192084438,189.64488220075322,53.14594848224633,57.88551609148668,190.4990838819474
3667,-38.04969686842778,-37.03681950173708,62.583484795093355,-37.23718953779972,-31.876245482857758,62.975600575017644,53.58964604059807,61.428517758774376,189.75828081861127,53.30424034072958,57.72764303720793,190.6166261112945
3668,-38.475999816994594,-36.816404136627,62.59590801868575,-37.66509777141326,-31.650809447683496,62.98937398766291,53.55376084778519,61.41461433132598,189.85185550923921,53.3969111486156,57.718069569508216,190.68395044242186
3669,-38.90229970064141,-36.59692817621489,62.611304622885015,-38.09434628136442,-31.426495579660703,63.002235189804516,53.74625292377712,61.38000580705057,189.97925704284262,53.54874361790756,57.92511572539857,190.77891943858353
3670,-39.3302830538318,-36.37722090689782,62.62961409317913,-38.52236573864515,-31.202977271264746,63.01467176505391,53.78210873406789,61.48500643574821,190.06081844477046,53.65047399279947,58.143016798754886,190.87481985511928
3671,-39.7629936161578,-36.15658586000032,62.64550363631967,-38.95422043954395,-30.98033189934594,63.02634829735522,53.93285858537431,61.82487839603209,190.16063678703924,54.0387006147208,58.474827776133395,190.9756659164187
3672,-40.19728513837842,-35.94092423495218,62.65939393466022,-39.3875010149796,-30.763091470907963,63.03802129378831,54.26738029580549,62.119044298717,190.2856889695965,54.596919656660305,58.720627700747336,191.0839933055785
3673,-40.63140135620907,-35.727364653508744,62.671441549079944,-39.82150126989008,-30.548063892873266,63.04901594082344,54.193682776592055,62.28125588178194,190.38830805474552,54.42571408225274,58.77864602275913,191.16961498748353
3674,-41.065074483086505,-35.51185757870612,62.68119407613204,-40.25559102418949,-30.332409835850477,63.05877740772759,54.172761023005926,62.46996595892017,190.46078733677356,54.30913666175408,58.70579752521033,191.25346649722104
3675,-41.50281120007883,-35.29460261367026,62.689592792766845,-40.69621702846631,-30.115948202457567,63.068608128298315,54.208667019907715,62.76089468272978,190.54934141790233,54.2562134882721,58.90698261415973,191.3166540044256
3676,-41.94311861159116,-35.072855937296225,62.70271816726413,-41.138071713861486,-29.896609763252986,63.08460420082073,54.23977993167686,62.995590085354046,190.6474791246077,54.27678581705013,59.20491299968072,191.42205405202535
3677,-42.386877930196476,-34.85026406900308,62.71750753488898,-41.58375693999034,-29.67658392472363,63.10245215679623,54.45365803876522,63.03692214450313,190.75512574751147,54.52925377084598,59.224960160434506,191.5398807229936
3678,-42.8327609452027,-34.62679920449686,62.73536556618949,-42.03151713504484,-29.45480151090501,63.12237271526782,54.38250966164443,62.954325679130086,190.86174138489824,54.63961375004555,59.22466439876086,191.65826909509732
3679,-43.28045006790536,-34.40070628130719,62.75717137713412,-42.480003198573904,-29.231073189378485,63.1449078641673,54.29833305565593,62.85324283827158,190.97052317955234,54.959419244780335,59.16990730176376,191.78523811392472
3680,-43.73407499979046,-34.17148158422056,62.783118805714686,-42.92965085160148,-29.002013638049824,63.16990459477661,54.50014628408553,63.0475037742437,191.0577078122943,54.997197109966244,59.41496745256127,191.85264113062155
3681,-44.19107915570861,-33.945291269847935,62.813062785773155,-43.37967091383654,-28.77462730157245,63.196809252006176,54.65425839265135,63.2149254304079,191.13866172095,54.977812194474794,59.45339165648791,191.91385883361758
3682,-44.64462715435426,-33.7199493223422,62.84385883776992,-43.827517850048096,-28.548390420451625,63.22154605262454,54.68689314769908,63.3298078939461,191.23131827567371,54.838925320364275,59.66884387111317,191.97441827807083
3683,-45.093490017725514,-33.49463691932473,62.87221402587313,-44.26779845316125,-28.32163785972483,63.24566270368906,54.65931161214414,63.31275838429526,191.28967198316505,54.710063767911876,59.79088955902208,192.02914994649365
3684,-45.537334358728344,-33.26861655033399,62.899171709294876,-44.70617395196622,-28.095127955703703,63.26930847379581,54.44013197522921,63.6101562810807,191.32657504702206,54.56901605926712,60.10741644086271,192.0771610734783
3685,-45.98223339274204,-33.040627063656345,62.92538978485567,-45.1498091057089,-27.867234307912565,63.29327000332842,54.17785673782605,64.08836207947981,191.34754018641013,54.30444002532405,60.59902858339151,192.11680794339168
3686,-46.42246033509052,-32.808612010492844,62.95111374067786,-45.592350923025776,-27.63529357149741,63.31772373242729,53.78078370356754,64.57500492396426,191.3514393929172,54.134905683345465,60.9484172997057,192.1570118761297
3687,-46.8581374078009,-32.58099185303377,62.980218448593774,-46.03109410427328,-27.407322213938997,63.348999865593825,53.509929259966256,65.0677450996856,191.40317209213705,53.95679396080042,61.52798362875958,192.22316927194393
3688,-47.295567081930166,-32.356599912149605,63.01294116300938,-46.47305596480042,-27.182589481157553,63.385761769216984,53.25110650501647,65.8119507293611,191.42113070195217,53.784992856322454,62.18701671209911,192.23600059700084
3689,-47.74257813190311,-32.13155273715716,63.050442669841495,-46.923894593958536,-26.95802960659681,63.425825437182,53.05954012813552,66.35176093046047,191.40335597778636,53.62164045436587,62.61028079013955,192.20827283353933
3690,-48.18943625666723,-31.907493206787212,63.093190806091606,-47.370980819510784,-26.735145886166464,63.469476324950286,52.716117192262104,66.95151125054822,191.32326791198366,53.25815206688989,62.984505426365295,192.10622119455792
3691,-48.634102033708544,-31.68098070056798,63.14244719519801,-47.81285501217478,-26.510752330919786,63.517056072590655,52.349840460915885,67.45200593910262,191.25432500113183,52.89174697199772,63.36180039611988,192.0428970227074
3692,-49.072946285371366,-31.447917689013508,63.19878004135269,-48.25143254711772,-26.27899384224796,63.56852253616972,52.114924366526736,67.82673808986786,191.20851148964576,52.62956900042519,63.72380088433742,192.0234409084935
3693,-49.50792617627971,-31.212941506215284,63.26143122759298,-48.68623799955098,-26.042798868355913,63.62268185872548,52.1361426186916,68.16955927234305,191.1881917080829,52.81441744943618,63.922330804357564,192.05204265545416
3694,-49.94138883791085,-30.97552299276122,63.323203456483824,-49.117141989014044,-25.804216460678628,63.67777885015258,52.13209722083454,68.3795837168955,191.15529651755867,52.893538809509785,64.19917429245292,192.09180019690686
3695,-50.377568220803425,-30.74118339426313,63.37767033532573,-49.55128566850689,-25.567747517404968,63.72454347743297,52.186418037889254,68.52511600895029,191.16822344468528,53.01914919622265,64.52658597127272,192.14673334151746
3696,-50.81449795195108,-30.519417674663774,63.42639250434486,-49.98940105363182,-25.343361057606867,63.76570624737313,52.32811757369137,68.84223638735733,191.2298905922247,53.21783171812104,64.92413089272786,192.22278242097332
3697,-51.25512512945734,-30.30244579167178,63.469748497512676,-50.43174086932054,-25.123559325629575,63.80347772760256,52.50758543525713,69.11137639347601,191.35855168505074,53.19636349317867,65.21052723677116,192.30043856285863
3698,-51.69789239967197,-30.086525150837367,63.50805364090928,-50.87517793567898,-24.907748458047315,63.83923937033954,52.70027883791143,69.26392894356206,191.48926575143133,53.11812127039758,65.34599780448143,192.3835056494242
3699,-52.142222393866035,-29.867550637380948,63.5399608948968,-51.32146058989202,-24.689436206685013,63.87172300866148,52.832089662540994,69.45367907710403,191.67108965253803,52.992048298030724,65.56263880170945,192.55045452058147
3700,-52.581022729644666,-29.64678787529512,63.567342329909174,-51.76159323019727,-24.470257946030273,63.90432072857755,52.63694891564214,69.71790921082047,191.79640364367464,52.82955772633218,65.76865683734535,192.64873030816906
3701,-53.02263836390053,-29.427013430047715,63.59058366174792,-52.20212116915671,-24.252416769318458,63.937005676264775,52.38789404605667,69.78387328157534,191.8892595016965,52.549909056839375,65.76931526991788,192.69928227570372
3702,-53.46325789940086,-29.210391642324893,63.61629869345607,-52.64347598619234,-24.035671056337183,63.96926543484543,52.39597611321072,69.79131048566178,192.01675443116932,52.74655313135322,65.79589462583783,192.81220452372133
3703,-53.907067933714444,-28.99171358858076,63.64657984100562,-53.088402249174386,-23.818457921753087,64.00334769026902,52.25806367185506,69.7181677828242,192.0817718608024,52.80012756499758,65.8405975435327,192.84627566418231
3704,-54.33987737272248,-28.777709908429223,63.68197985357113,-53.518444159994274,-23.605856966743822,64.04073926076734,52.157967175408125,69.7430022256721,192.1209722641694,52.72054986253344,65.97847906479257,192.85397415449617
3705,-54.73256190670926,-28.549043403065266,63.71864814823828,-53.9004968593323,-23.382197230310425,64.07901935611049,52.005056209717,70.0330584138424,192.12385111155675,52.52200531626025,66.365836645126,192.83054921594396
3706,-55.05873429921905,-28.285095759653863,63.759955511893835,-54.214517799647815,-23.126658770735688,64.12012144028358,51.898098470851174,70.27994141367914,192.06238247594658,52.37568589680089,66.72578035110813,192.82197957303129
3707,-55.29722277768558,-27.991461917041605,63.80828307874941,-54.44216329247106,-22.842841328597085,64.16840504460767,51.85817762859203,70.52680479163381,192.0347527167685,52.29615721804116,67.06448672880656,192.82927077869817
3708,-55.43304491073075,-27.688412021054557,63.85963282009735,-54.57118425116303,-22.54880530908701,64.21982852984272,52.028191785074846,70.82614651164083,192.0313132069203,52.2902142380337,67.37436918057982,192.84396049146366
3709,-55.46959137327332,-27.41318318223533,63.9085555089745,-54.606464120666956,-22.270763630219022,64.26874811900721,52.07193919278797,71.31863427153284,191.98585760799648,52.351667377917686,67.64079921835996,192.8560136264174
3710,-55.43368259984431,-27.19527951664019,63.95449124245908,-54.568663343896496,-22.029070423532517,64.31443097607993,52.25441640522277,71.72527058003213,191.97909877030088,52.46122924305979,67.85448657901179,192.87207968339106
3711,-55.35819974867834,-27.041108940083735,63.98995941517317,-54.48395795934636,-21.836954671004143,64.34535751785046,52.473462144172395,71.98985148075384,191.98027650725396,52.59692703562472,68.01319059449641,192.87945824384752
3712,-55.26312488539843,-26.937825410992325,64.01553777329144,-54.371846941873564,-21.693385779677033,64.36505609253715,52.56353840871646,72.09416341659193,191.99791670748093,52.7429675278489,68.1232956468125,192.88030621028602
3713,-55.16099408265916,-26.880904765220894,64.03083951798757,-54.246272600723486,-21.594447475811123,64.37575544127144,52.662017978631916,72.15531601984021,192.0051854747986,52.888570325865985,68.19093217421643,192.87613692551002
3714,-55.06070200156491,-26.864927335599255,64.03639639291856,-54.115880180389425,-21.53860980874556,64.38013407359384,52.75813694166596,72.1763913831067,192.0032967275317,53.02736269360799,68.21934004382295,192.86893474910286
3715,-54.96871749906593,-26.883442850967906,64.03305706666777,-53.987320797189746,-21.526338227980823,64.38078211246628,52.843969449706165,72.16221318148061,191.99491574099133,53.15383007855844,68.20884294039229,192.86040690168383
3716,-54.89252445407151,-26.928127247728693,64.02067213245662,-53.87230108639904,-21.551913013461732,64.37850915112851,52.912784659811244,72.12176898496321,191.9828292776202,53.26017859317336,68.16545677553857,192.85070715885405
3717,-54.949397253145335,-26.868966460326728,64.00018354238267,-53.96523772102404,-21.50164871359595,64.37455659046631,52.86345931326877,72.17593005056085,191.96269441473694,53.17949655509347,68.22740378427815,192.8405771071381
3718,-54.908209517550766,-26.932097246331537,63.982690136516766,-53.89304430039081,-21.56201547455891,64.37106954468963,52.897049458382405,72.11874010601247,191.9454549859109,53.238788739253884,68.15947157675011,192.83192717495132
3719,-54.86678074471235,-26.990909472906253,63.96782912597689,-53.82329561908222,-21.619842926861757,64.36587580704254,52.931331723161385,72.06580643773698,191.93073121280503,53.297638077839444,68.09687957352708,192.82268644580688
3720,-54.80302418211315,-27.037599636692622,63.95628342432439,-53.728689155112114,-21.66253288713243,64.35995804490528,52.93745462254782,71.97988193056806,191.91901446225066,53.312880420383365,67.98875308874709,192.8133646111001
3721,-54.707209461273884,-27.061764006368776,63.95075718342203,-53.601862536049765,-21.679580305858114,64.35863856989204,52.73183121169477,71.83200656195967,191.91210994544258,53.032986666242344,67.80546089874868,192.80772572394005
3722,-54.83437786232979,-27.06291747449245,63.95017175936547,-53.75701850653954,-21.68405036197905,64.3617732212799,53.04466291964001,72.15650183655477,191.91124273152008,53.40553182447363,68.20429374642858,192.8087180978045
3723,-54.99793533188878,-27.067757443559525,63.954275801287984,-53.941706437500166,-21.68196774051266,64.36885374396076,53.31410847522901,72.35585631953977,191.91120729748303,53.6309364922362,68.36622842425746,192.80881694781672
3724,-54.79399480469517,-27.09584289399276,63.96248433112651,-53.73135305852612,-21.72551458099125,64.37867506697512,53.31669968991498,72.00761958784186,191.90474433093772,53.86073215531061,67.97904103558442,192.79857112504703
3725,-54.5597367973449,-27.18727931189716,63.97272085334062,-53.510145406343554,-21.828534161903047,64.38930662190569,53.14071828183528,71.67736887718823,191.93702798630022,53.83582485905535,67.6371851132667,192.84440095419848
3726,-54.313999475018775,-27.34830874136848,63.986176811903775,-53.289814516787004,-21.98756610763597,64.40056927766827,52.84844148541959,71.37846056118447,191.9878885253461,53.70220951547068,67.34631926182203,192.9052259593875
3727,-54.06561109659624,-27.560870939811778,64.00187998236294,-53.065790499667855,-22.185847209013783,64.41150249385205,52.5421322917835,71.14127604448808,192.0287710319279,53.534531204816716,67.1279037905844,192.93926998881173
3728,-53.79565171201592,-27.79628606498919,64.01642135204501,-52.815940211127106,-22.401002417164143,64.42163685111794,52.46591388184915,70.68902963493889,192.0803477587163,53.42602847470706,66.76902291830424,192.98539411734825
3729,-53.49053756994777,-28.028263154512704,64.02905959918563,-52.53416545318883,-22.612115587844308,64.43054327963955,52.58943729790666,70.25535683794112,192.1576000369689,53.317729748243785,66.4529436879644,193.0613207291042
3730,-53.14574015234911,-28.23590740525032,64.0339056725071,-52.218268969958395,-22.802555128614106,64.43069897595733,52.62091073361566,69.84752850557392,192.23895799648875,53.22132627854391,66.28092316636106,193.12633118155134
3731,-52.77148422969992,-28.419499820905646,64.03205427543358,-51.87840396961762,-22.9757828398488,64.42487442381955,52.417089782570265,69.7764694215835,192.3317199592909,53.088941128828814,66.1853412139819,193.17664812728387
3732,-52.380900004378816,-28.59396333206676,64.02493334019006,-51.5225814414736,-23.143200275308555,64.4147238208033,52.38125673309409,69.80246642783476,192.40236790163493,53.09071077737233,66.26027800625869,193.24327512149796
3733,-51.98461317065503,-28.77873098401734,64.01223090193024,-51.15852666273446,-23.319569413703867,64.40126492447199,52.33600995795836,69.75836949569975,192.46368933665593,53.02734231009767,66.18591147174446,193.30931256900504
3734,-51.59037896690123,-28.982538658753203,63.99401628732465,-50.79149235318719,-23.512667322276098,64.38522115088325,52.13453128503713,69.61408607477617,192.56815458760266,52.72487151920664,65.97791486585358,193.41007796983953
3735,-51.204995269642026,-29.207319769441852,63.979400372535125,-50.42260839347785,-23.72584106415333,64.37959158490361,51.91042527648289,69.55052877869413,192.68876518876263,52.515626295031986,65.746954834967,193.5340632147649
3736,-50.820600075586555,-29.441887226010877,63.967916779988215,-50.05069840259173,-23.950100078235522,64.38127516821855,51.715119248764644,69.4518278182911,192.8205037336132,52.34771502394974,65.48189463101018,193.6856496533937
3737,-50.42974938821011,-29.67298057035989,63.964434940395556,-49.66977486791257,-24.170411996436364,64.38753134460516,51.572733144603774,69.27460710122435,192.97598406666518,52.251377204516146,65.24895566858773,193.84321116531368
3738,-50.0263865007122,-29.89293847293129,63.969136340027546,-49.277978519920154,-24.382788972323645,64.39768555908852,51.337399620239935,69.22082312912949,193.16789406811526,51.97724254808681,65.2891782206593,194.01939029213221
3739,-49.61707364932173,-30.10121500658452,63.98374860355148,-48.88338214253196,-24.584526770066788,64.4129651438356,51.040835165301345,68.82335125958589,193.3695262882949,51.783708170793375,64.9934971130166,194.20006090114333
3740,-49.20771400176175,-30.303251784936972,64.00823958352414,-48.4876746222826,-24.780769906504382,64.43241351142294,50.67747280450536,68.16880371802084,193.59147361729148,51.462715129381216,64.26525534597992,194.3861869011981
3741,-48.80249954040357,-30.508478716565936,64.04185781611696,-48.094316722034144,-24.981546651697265,64.45437491738804,50.56149971254299,67.62248441208519,193.78798278379003,51.305326035771856,63.680947920074274,194.5464577362505
3742,-48.40842164009506,-30.718176654705147,64.06641465344855,-47.70892366548783,-25.189305193475686,64.46679028219161,50.13097790950334,66.86226937974,193.96731313197037,50.78497284479422,62.8383650468313,194.69353302802048
3743,-48.02086838122902,-30.93531545279086,64.08193286424489,-47.3266231934162,-25.405995967776818,64.47198913387092,49.75173300761018,66.17594888816384,194.1161151368559,50.453934967525875,62.18150062176046,194.8215540640055
3744,-47.641687453119886,-31.157939118476826,64.08725356684285,-46.94903361345881,-25.628799447287527,64.46942572772448,49.754834257378704,65.47626089795058,194.2386468066005,50.766055010799214,61.613304233352956,194.9239698869358
3745,-47.26863503698571,-31.37644166756596,64.08523031614305,-46.57489845169958,-25.849009202175065,64.4626037477453,50.12393448142002,64.38865931312206,194.28273239511321,51.33468841093661,60.851521824611886,194.94530086710776
3746,-46.88659300303374,-31.592465359418412,64.07680424765535,-46.1913182526705,-26.066230697655982,64.45384828019287,50.58419748776022,63.48163776258562,194.32954688617696,51.915964983490014,60.1715865804137,195.00507990810303
3747,-46.49765148509062,-31.80548116084177,64.05992144043252,-45.79927834908001,-26.27988520962954,64.4418572607331,51.17860970974798,62.93680520559305,194.3253991940276,52.36983872948651,59.64781658854646,195.0237621054154
3748,-46.104440515389875,-32.01036763114527,64.03537556378012,-45.40264628862614,-26.48545623103826,64.42751776555389,51.68066654767219,62.38650357654222,194.27760366638825,52.703980491184474,59.20549590095645,194.98858712748878
3749,-45.698754417369784,-32.21465116358739,64.01444084298272,-44.9940446525795,-26.69125081848817,64.41568284257164,52.330275203273104,62.25061710194496,194.20935616509232,52.79741799354113,59.036805463700105,194.95211522297126
3750,-45.28612224233027,-32.42142869467678,63.996596658950565,-44.57865590658608,-26.89995967538446,64.40509104834787,52.914311403398905,62.10948715620665,194.1466357001122,52.878821479338896,58.907247667749864,194.940918794833
3751,-44.87154296386049,-32.63256159546243,63.982038338849165,-44.16497298685784,-27.11047937833459,64.39617539837833,53.13045220152967,61.98971468892787,194.0616784496576,53.0175196517852,58.82731555435061,194.90147864786036
3752,-44.45739126423269,-32.85230358390554,63.971197098913166,-43.75792515146923,-27.325262976699154,64.390239527219,53.18617972030207,61.96795232430802,194.04156409329462,53.23723005711038,58.608373475499555,194.902070931304
3753,-44.0474525883257,-33.07991927518825,63.96041260004709,-43.353624658257715,-27.54846695572715,64.38245165563882,53.16473314460022,61.96954906244056,193.98106420251753,53.41868083184373,58.38544182028022,194.88261982153412
3754,-43.639418405084974,-33.309488516939076,63.953330624138864,-42.95192912980145,-27.774113092108053,64.37563603957906,53.209103977941545,61.91888788114064,193.9584203657087,53.63145057621757,58.14720807804022,194.89048105015627
3755,-43.22575453898657,-33.537191477758206,63.95362502046323,-42.54533920722574,-27.99814742549586,64.37379070740725,53.00097505060834,61.82487698100024,194.01490397145315,53.4127131965657,57.86693319955205,194.95874009454187
3756,-42.81230306783194,-33.755162027840996,63.95460970573465,-42.13451950228964,-28.21720806478794,64.37305409574384,52.93474943265871,61.60336666440159,194.0553155317475,53.26563170626177,57.653726580528,194.98411134398594
3757,-42.39456221741487,-33.966685719982074,63.95699020572919,-41.715676280228095,-28.43410402710862,64.37253470695272,52.71834830224059,61.35793187523429,194.0623338029574,52.94143924383214,57.45456050789843,194.97545249093787
3758,-41.970054108812974,-34.1724624634178,63.958020152635356,-41.29020215871644,-28.643359751898725,64.36886894175151,52.48926344369289,60.9782644834255,194.07559114791525,52.73547001271079,57.13379526669033,194.94582955562402
3759,-41.54106414557916,-34.378044383233316,63.957332052941425,-40.862401086665415,-28.84874867079964,64.36432473876559,52.086852928632766,60.83480019776457,194.05424848343648,52.44185615608102,57.05921050965884,194.90541835138282
3760,-41.114236388660956,-34.58929111922064,63.955092691587765,-40.436576097962835,-29.05807699578976,64.35936719490397,51.572575761341135,60.82702105459725,194.05808561539578,52.06341409858542,57.14162981667864,194.89201477353376
3761,-40.68579685003634,-34.81665269726858,63.95071754028096,-40.008571559714966,-29.282934612874364,64.35306199719751,50.90533496857136,61.087416680666394,194.04938450204557,51.62002181766608,57.51601991121091,194.88889953916893
3762,-40.25920916217231,-35.051706180927496,63.94263256725481,-39.58423760624956,-29.513742606720808,64.34479637287818,50.6181391975647,61.42127007851989,193.97855710049208,51.40649696973548,57.814911677660625,194.85880838552816
3763,-39.83476678122092,-35.28442081530362,63.934168523687035,-39.16354756226095,-29.742827168734575,64.34089984258766,50.321288913833406,61.80891238623494,193.8993666488239,51.24462637614347,58.141852331825234,194.79033303828237
3764,-39.40686925276409,-35.50248592010956,63.928366174458496,-38.739212801723355,-29.958748635814377,64.34214852014948,50.14753108460134,62.144820562492335,193.84410860615066,51.081116902571814,58.31407296447386,194.74019805339432
3765,-38.97364308498942,-35.71724601550719,63.93363249840656,-38.30904390716,-30.174544464575437,64.3529389495684,50.02585917498888,62.65575848524706,193.74753615425337,51.073703625605816,58.542142520076936,194.62047573468294
3766,-38.53948421352686,-35.93139329556947,63.94831690470957,-37.8780472773177,-30.390648145960864,64.37074090670424,50.213563313188914,63.27993364009906,193.63909365854383,51.37875429319788,59.069869398362925,194.4928746396538
3767,-38.10393868429059,-36.147151216731835,63.97174990500563,-37.4457903204228,-30.608567554676796,64.39383201728077,50.424610098837455,64.07152325617658,193.54272812407365,51.51497447424425,59.86745219289456,194.42888586860465
3768,-37.67207303284207,-36.36125130777455,64.00441927753285,-37.013158584834244,-30.827823876476035,64.42157804634476,50.79436529811213,64.66952134673683,193.46842814916465,51.6997623786348,60.53363794079852,194.41771180489195
3769,-37.23962191045678,-36.581384198173154,64.04639786945835,-36.58081212381464,-31.050092661443664,64.45347979626784,51.087002090465965,65.17463887574979,193.4139850924315,51.872309538507906,60.93232842466586,194.40732706170317
3770,-36.809966370627976,-36.80787781080727,64.08992146736347,-36.152448602869455,-31.276764986981895,64.48821250097143,51.24112314456183,65.44988476600125,193.4254256057944,51.81911661760138,61.02249027884218,194.44335829282022
3771,-36.38112225718219,-37.04664044747074,64.13177942991699,-35.724912719547085,-31.510480410043186,64.5221276311163,51.46418224541499,65.75662662573744,193.46419476369047,51.83915321265633,61.05376118023618,194.51441856806971
3772,-35.95377131770051,-37.284661864187335,64.16682556750862,-35.2970002987242,-31.74630558722159,64.54868470596338,51.605471466001966,66.107981236588,193.58914330926592,51.86791168020344,61.23144853468639,194.6138534337742
3773,-35.52436070897421,-37.519879893586065,64.19522557362801,-34.8679767979917,-31.97991842808258,64.56924632947663,51.51324743563327,66.31929409682937,193.76678186519229,51.88709218113237,61.51348945645432,194.73678897694444
3774,-35.09080386188256,-37.752506596605535,64.21729635893195,-34.433981535435365,-32.21256887325797,64.58555869360653,51.39256303877817,66.23815483247279,193.95631484549781,51.76497375105897,61.70842545667032,194.88998050761003
3775,-34.65203114399391,-37.98324076929077,64.23334991705268,-33.99433920086477,-32.44379544812123,64.59849646819963,51.24281531366017,66.22031372910945,194.13783976380898,51.70034269488918,61.97942233393387,195.0412328718153
3776,-34.21253681324727,-38.214744904343995,64.2426832322799,-33.55609742845275,-32.674429902972456,64.60808207366814,51.13036362525485,66.20945075545127,194.35021692366124,51.71911325470615,62.07188499504817,195.20341480896883
3777,-33.77643494533513,-38.445505019631405,64.24649181788256,-33.12293442331499,-32.903034488059795,64.6160690988676,51.14137440013172,66.34026922102007,194.55882586029998,51.71369768744071,62.1177792657121,195.3730531820059
3778,-33.33856780872262,-38.67579945362299,64.2474841040104,-32.6876952553059,-33.1323326995213,64.62428082730894,51.128709334530626,66.21164569921791,194.75593054129095,51.73895223498506,61.74989380889427,195.5343046123802
3779,-32.903869142287746,-38.9057324065767,64.25311238478359,-32.25646593846174,-33.36220199318625,64.63773471408388,51.167983428885556,66.12675612531275,194.94011374884164,51.84127073970985,61.66998735354288,195.68770136831972
3780,-32.4642897276237,-39.13519131931293,64.26483544852563,-31.819992958032962,-33.59102459986199,64.65655562225444,51.22764447004712,66.02027626206016,195.12638796091665,51.94435838853397,61.71680272184033,195.85575126917146
3781,-32.0251613736707,-39.35971489828329,64.28255318300448,-31.380729587459143,-33.81509206698302,64.6799062591382,51.39315648095662,65.95872024201437,195.2935862489392,52.038406582067296,61.781487507475525,196.0192625703632
3782,-31.586478505298384,-39.58100128295254,64.30619341292552,-30.938174687311548,-34.03636008734271,64.70673543605305,51.472531072477246,65.88857887530774,195.46373858055867,52.02234981515439,61.936781476061924,196.18324212357794
3783,-31.147648791330514,-39.79992738994765,64.3362862748382,-30.496642826374277,-34.25384348464685,64.73692547799445,51.55125535236753,65.81813813128868,195.60014509989088,52.08296289819,61.93860466934752,196.30781110603291
3784,-30.710016609328523,-40.02383013013077,64.37290331893203,-30.058640317487214,-34.47663156049724,64.77019139721457,51.66115105948424,65.81964318801522,195.7536829953631,52.156189628981295,62.01303582365529,196.47196896268233
3785,-30.27213309348745,-40.25136122354889,64.41500399470776,-29.619125130148355,-34.70264518067888,64.80537204059245,51.82111150460756,65.9892957670188,195.85108164353048,52.3202209359668,61.90411193032992,196.54989763917015
3786,-29.83389969471034,-40.47986174649011,64.45271344587955,-29.18293943887699,-34.93063284248649,64.8353909742787,52.016465906274284,65.9781060514081,195.92675817556864,52.579601799445875,61.778982103106415,196.60636238745377
3787,-29.394868304516457,-40.70677181265515,64.48805104201587,-28.745789517572902,-35.157929867574204,64.86452277929965,52.32404497883697,65.85272496155395,195.95983359036254,52.964195547254825,61.62870290364542,196.6366898046637
3788,-28.955835170943384,-40.93193642992283,64.52011245213096,-28.306698321923857,-35.38402122514761,64.89174345629829,52.58674274567186,65.74821116019498,195.9701715167087,53.22139470969222,61.563864987400365,196.658758828397
3789,-28.518731473146538,-41.15422902256813,64.54438546121445,-27.869115163109,-35.607288452892426,64.91114669207184,52.85608869772319,65.61436519287825,196.00888646007863,53.34675894801383,61.574555282107774,196.74838272692907
3790,-28.081577506299244,-41.381399033710835,64.56400039757794,-27.432159263486156,-35.83276206573419,64.92804608592927,53.02091659455345,65.50671438149143,196.0840970140684,53.372515056295505,61.49800919298615,196.86450108325064
3791,-27.645711036121572,-41.611480445070505,64.57992699169893,-26.997011062834353,-36.06234966078597,64.9449926881463,53.17460012230078,65.24429552047108,196.13456942445342,53.40504544902456,61.29492817537637,196.9868229680961
3792,-27.212742042361768,-41.84506376400556,64.5923076481288,-26.562630601974284,-36.29582339897687,64.96291755929734,53.268146199782414,64.93235910249257,196.2429967897525,53.45006441836683,60.89457807663502,197.11349865549423
3793,-26.779807924367894,-42.080762060688066,64.60172035059213,-26.12988944109739,-36.53254946347805,64.97587504404154,52.87232038524981,64.64302091356313,196.38650524163674,52.9291382757817,60.56585708107567,197.25852033497512
3794,-26.346958590396305,-42.31058968377415,64.61291955122181,-25.697796560193417,-36.7615627138034,64.9945233276375,52.460404014741975,64.38485742874329,196.52225095664778,52.66458841576344,60.29363656858252,197.34726967199705
3795,-25.91177453747113,-42.53438079862293,64.6279094727313,-25.26116821167169,-36.98610816541104,65.0188505980095,52.041222257883675,64.06109937395658,196.67047829285812,52.38972757696346,60.04147654633426,197.43374095499226
3796,-25.472722824097858,-42.75548616116431,64.653635041279,-24.822634742389397,-37.20781268756122,65.0501519394616,51.69151585279507,63.747940803724866,196.7614685131972,52.18701700121453,59.92151478640743,197.49510406749218
3797,-25.03365561298292,-42.97603472269517,64.68799217946807,-24.385446646206915,-37.43013485313394,65.08636697536939,51.498449836342694,63.53013760085039,196.77712688024934,52.16751827836206,59.87606280639164,197.483413422451
3798,-24.594034053709944,-43.1961162048587,64.72757468737338,-23.946696400197684,-37.65143251626884,65.12440957571175,51.348815133046635,63.348757988418896,196.77203970410656,52.22955707468245,59.75063669901139,197.47424198626052
3799,-24.15862406259276,-43.41850532205698,64.77176448086594,-23.51146809314647,-37.874943934179534,65.16552489711303,51.24276905665816,63.38059144346471,196.7358236834012,52.36593935191676,59.70979991944068,197.45148831296706
