frame,x_sp_ma,z_sp_ma,x_sp_lp,z_sp_lp,x_sift_ma,z_sift_ma,x_sift_lp,z_sift_lp
1,-0.036940790406881106,0.12237581968390697,-0.036940790406881106,0.12237581968390697,-0.02962039297284586,0.4655739404528317,-0.02962039297284586,0.4655739404528317
2,-0.06986489923603492,0.21771373534931954,-0.07245293608828304,0.2345262407469653,-0.20162583827529046,0.5973850167201564,-0.11633755575935727,0.7998864650654272
3,-0.09956099961037233,0.2889552755217046,-0.10544995190396882,0.3286508168267307,-0.28720517483155383,0.8226787469283982,-0.16825443270131335,1.1489328119383526
4,-0.12870453325360803,0.3375163268545063,-0.13734473124650357,0.40005439465335335,-0.7476225110802462,1.0949763759722262,-0.5267742013200741,1.5108317545468102
5,-0.15392268868464298,0.3675695821429111,-0.16475728024729808,0.4483268490732186,-1.076276456582185,1.2918001793276053,-0.7741546468804292,1.779121565601294
6,-0.17564366670862488,0.38888625304350194,-0.18751125157384402,0.48253169575923316,-1.355907200099936,1.4494452901979658,-0.9780439489211324,1.9862287755466155
7,-0.1930336715967447,0.40426542496713763,-0.20403441521903845,0.5058375248943876,-1.582173101291764,1.577477737424829,-1.1232295520857323,2.1421028105057944
8,-0.20080927360514528,0.40037235117506437,-0.2111957521028777,0.5220932972932604,-1.940939940424709,1.614907963478633,-1.4304315164723627,2.23343195903891
9,-0.19538520045803148,0.38416577095758253,-0.20414758255225457,0.5311229602557109,-2.1742566478086127,1.7257076767856017,-1.5641740572703533,2.3682988856420253
10,-0.18082243656682026,0.3616888252194784,-0.19042321733766546,0.5344500019673502,-2.428365260181444,1.8079149294158152,-1.6822141670347954,2.5186351842062265
11,-0.1547967292626128,0.34017781343090786,-0.16895239325366174,0.5346887929263053,-2.414131057746967,1.8441034138616212,-1.7181752463715783,2.6574911757107222
12,-0.12528563075208923,0.32800895462844704,-0.14879866652446774,0.5391329423294414,-2.462083088839171,1.906770562242018,-1.7951198309601422,2.784983325920854
13,-0.09648183809431939,0.3465404711733385,-0.1343332041067814,0.5810031937006268,-3.403184282824698,1.988744383338271,-3.1116614647294716,2.90501078762045
14,-0.06693744845033703,0.39744466551258945,-0.12002439934224353,0.6558809385727653,-3.9174960358405917,2.10667675911932,-3.55138464933785,3.0424900811899396
15,-0.035482695593049195,0.4808010706337103,-0.10001728101301544,0.7587052992209945,-4.586175232116669,2.2346062087066976,-4.307891672615119,3.132395116703121
16,-0.0019637372162914987,0.5960792666806876,-0.06823803565506156,0.8818326048198593,-5.4256150051345235,2.329604227548816,-5.041915568827652,3.2209539443123565
17,0.033077048145181295,0.7439134154785481,-0.03262089673745913,1.0219870835265192,-6.137401854786738,2.3704983599698903,-5.461036975301549,3.258065015297195
18,0.0667229082068329,0.9232307271309275,0.004325709757379448,1.1757633007194153,-7.256135541302972,2.4619490289153663,-6.307445392383076,3.3765667647507187
19,0.10410429199653969,1.1294674669959863,0.04214372712145358,1.3406015823093154,-8.473204514501985,2.6048474259519585,-7.169691055419759,3.5602285299338905
20,0.15010399097986205,1.3377054386480123,0.08280460579913979,1.5136271788635223,-8.83779565511587,2.7898292446635478,-7.922259572294761,3.784126507698449
21,0.20333539517875138,1.544004128324973,0.12799298362262837,1.6900551040180714,-9.848497150631415,3.0016392696397736,-8.811831096286081,4.042515935578072
22,0.2577930884892487,1.7384975744249418,0.17499007526222407,1.8595446797236734,-10.424872062989909,3.2586646849677248,-9.326400771988071,4.293726569412037
23,0.3099511486853271,1.907777672533641,0.2247993520555636,1.9995707108893388,-10.721737909370415,3.5611732794975657,-9.473379666526354,4.573616735342813
24,0.3667644495922575,2.047173986781935,0.28140381335709397,2.1115735100012905,-10.796300955772546,3.922115124188334,-9.112573405250913,4.846066098991677
25,0.42718181777611175,2.153554435944225,0.340143195351771,2.19645875563484,-11.285917139606234,4.293896762577174,-9.915209148329248,5.167637445899406
26,0.4920173231144277,2.2288055269858873,0.4014171919893874,2.262239020751578,-11.971986655467523,4.588093416244973,-11.016989135516981,5.404164459943653
27,0.5569496376469515,2.2797822460555084,0.46112409735344756,2.322162134077755,-12.586218982132465,4.847351819967309,-11.860802975571596,5.622175254488392
28,0.6265403267645946,2.3049833900688,0.5275819864340797,2.370403232808383,-12.941299489387333,5.043677118284365,-12.452261217478682,5.785068624431844
29,0.6989610880502378,2.3078348811093017,0.5964661877958819,2.4091252254015663,-13.871972547453165,5.165237049557434,-13.54664631136758,5.860034737567255
30,0.7685044714863314,2.3138628545561613,0.6593652170707766,2.447611587955576,-14.501293720197177,5.223471617086848,-13.731695597196829,5.90816690110457
31,0.8310450312893263,2.3505787216426817,0.7167340925897631,2.5215699513523253,-15.411138282826935,5.256951296646425,-13.793834448589871,5.961049927168096
32,0.88903937804445,2.4175227674952087,0.7695335357526835,2.6182641201932086,-15.503763949326272,5.244368828715088,-13.790345880851374,6.042757437518993
33,0.9437394972083598,2.5092505342836318,0.8213685413458895,2.727989210968118,-15.282438422060363,5.289413521157316,-13.804284299291693,6.166775830142467
34,0.9982519886882971,2.616120818435675,0.8734679595276522,2.8444850926613423,-15.084529529481342,5.287131266897196,-13.814089194289892,6.229306198123937
35,1.044137080897272,2.7493315224360195,0.9216472950478638,2.9747648144902477,-14.942898393285478,5.306818680828603,-13.815862544914632,6.298235448426683
36,1.08245505602012,2.905736166151728,0.9654367559933593,3.1116665362415845,-14.325555637280765,5.366097802838717,-13.77407163251967,6.353663882825495
37,1.1196344561287457,3.060499318987615,1.006673787382952,3.226406111175132,-14.378098472951688,5.447346593040358,-13.987328791728363,6.416911586262115
38,1.160991632938806,3.186235417522976,1.052593018336985,3.3209357094770255,-14.703995575126317,5.575755660169536,-14.454621809979104,6.548023340543805
39,1.2073586600309296,3.284123356893635,1.1029623837317704,3.394517290670322,-14.982886309643128,5.7259182891607345,-14.709382447649268,6.722286876806589
40,1.2540568040173898,3.356514896014096,1.1534754121042414,3.450332861618599,-15.280580927586518,5.842275971209303,-14.956217830119035,6.873224673976992
41,1.3006490302720588,3.4079808419856974,1.2043439717140492,3.4943485445916425,-15.868128875325993,6.062522943627655,-15.55791543437244,7.102693379403851
42,1.3508764125632775,3.4312816033325664,1.2566278388278664,3.5272128489697776,-16.489222053400674,6.3238665472993185,-16.08016627487063,7.362708583417546
43,1.4069120317829908,3.430912302443008,1.311832456748139,3.5530441496294998,-17.07156902690183,6.639606726339264,-16.400512667971498,7.647160986300711
44,1.4687612794501528,3.4252733827965,1.370200289994262,3.5716819227265812,-17.39932925501547,6.917966202682235,-16.54549663423753,7.840317033886691
45,1.528931366560199,3.4171011465839487,1.4278171902978398,3.585808180938601,-17.4536489528629,7.128322519307795,-16.578083766246014,7.981890294917484
46,1.5882113404190679,3.4100981401639565,1.4861988923126377,3.59667169197319,-17.696073139577905,7.313444424450791,-16.747831671771785,8.128795892390187
47,1.6490168637671303,3.408646010677414,1.5452156693538612,3.6101118662967084,-17.94052608594498,7.493774525188416,-16.929219150791745,8.250890135502512
48,1.7092739441039988,3.4141606082937805,1.6021272131292545,3.629922511687617,-17.946756972091865,7.6074136321521815,-17.14545064431781,8.364058810678232
49,1.7646989443504362,3.4446545116029514,1.6526281587990916,3.6783626071395146,-17.781477210881306,7.683299552195533,-17.11822962962333,8.478216224435206
50,1.816026340584972,3.5006969920378985,1.700544385568416,3.752411143149851,-17.57838922098212,7.717883822188937,-16.946795842727415,8.588038722041157
51,1.8626602046997238,3.5833684064293716,1.7461866147636917,3.846791246943564,-17.459134257476002,7.796898952966433,-16.81514791216102,8.702772554641378
52,1.9057579605317625,3.6899565503196268,1.7890202547449956,3.955097280337329,-17.341934656162397,7.897441805902517,-16.62994938925898,8.812799348944658
53,1.945393215398621,3.820824719338683,1.8305799788218704,4.0750218445195285,-17.155390039807035,7.992363903377774,-16.52897169221713,8.926294470065445
54,1.9822530286925581,3.9713786272761094,1.8722144098670304,4.203509575909413,-17.014375395694287,8.101191771150994,-16.556664841594003,9.041014816886488
55,2.0217457931170495,4.1227390295693915,1.9189618700216662,4.3165969069618955,-16.7216920012842,8.228289477115636,-16.437458890530717,9.174004575960103
56,2.0660947489780517,4.253349132748627,1.9683785156001834,4.410818303403011,-16.57223283115794,8.336075112524048,-16.34246532520041,9.277530866061491
57,2.112237128676077,4.359667562956705,2.0178238078249398,4.487402029874992,-16.44710338342028,8.44604257238578,-16.150790960822896,9.381646180600356
58,2.1612371979093385,4.440613868569791,2.068705000045239,4.548387504010882,-16.31806232565768,8.554538503883895,-15.99752916419436,9.489797804004636
59,2.214700004223744,4.494957089008318,2.1219153643427417,4.592571251202672,-16.327511764720466,8.668207887064545,-15.98912256960003,9.601652284149422
60,2.2726217492449408,4.526786606322266,2.1778210935227436,4.629160240655334,-16.270421226580176,8.755289414902553,-15.936804774237135,9.678864661390701
61,2.333718605460433,4.530556496185702,2.2353567993982932,4.652019951416282,-16.124383991090127,8.837034079542306,-15.879135755187663,9.757190444905126
62,2.393339619290566,4.523151600774843,2.2929756493360554,4.664987663793592,-16.16146074489594,8.891475753915183,-15.947374694273837,9.823148624392926
63,2.4515618440901306,4.509478819505233,2.34911908342082,4.67033457356072,-16.159164396852837,8.945579022026484,-15.947214327279095,9.872578747576618
64,2.5106594184047224,4.491210049381099,2.405161383795849,4.669383119687858,-16.259298689486197,8.979907529578984,-15.974925098029214,9.90571116951654
65,2.570920186389007,4.469276222408219,2.463090278497956,4.663392974903002,-16.310634593708173,8.993881723888222,-15.928392880304202,9.928880686661929
66,2.63146389661617,4.44708823770202,2.5222276452211485,4.653563769735229,-16.24579864539102,8.99320535485062,-15.842980670140282,9.952089285342016
67,2.692249691931721,4.42223554143171,2.5830746586666784,4.643274044425456,-16.206339522661867,9.006969740741788,-15.764500089239915,9.97854105321679
68,2.7540833602449593,4.407898651132651,2.6459462978040236,4.6431560125119,-16.261045764520357,8.999100890756822,-15.817992155816478,9.985652229140575
69,2.8155986379573688,4.403501871029167,2.707604766290689,4.651758268357326,-16.281890311423954,8.97498342437246,-15.927718555644853,9.972226646283445
70,2.8799814934458974,4.408238947103031,2.771014620926107,4.666390146962425,-16.331191510546052,8.945158596116132,-16.000477857700787,9.950152773450188
71,2.9441349216857766,4.4235639550355765,2.8327122872442354,4.687680132770533,-16.323439463539845,8.913068287569171,-16.006620235486505,9.9228092225053
72,3.009759136710986,4.448436446295652,2.897102718771247,4.712836294032204,-16.443139303410582,8.875185362914989,-16.121313435282822,9.889557731296307
73,3.074453912039293,4.484061201537925,2.960021307915644,4.742967388919443,-16.79410445699486,8.83135234428679,-16.48861436025503,9.859307298924293
74,3.1372105948355142,4.52840209355651,3.0209375513729064,4.776889490062079,-17.072447087633055,8.773935043874637,-16.670945426976168,9.823868461930447
75,3.1973921099747447,4.574237151970742,3.0803543209119133,4.814092521865122,-17.3846099030492,8.719267101724792,-16.979673779287616,9.7855528328341
76,3.2569621922623724,4.6208140194454215,3.1384523136402542,4.853693064527989,-17.628018003914338,8.675829637386201,-17.197857678000958,9.75136568650657
77,3.3142725576735907,4.668897785184163,3.1958729978692118,4.895258981511759,-17.88677961775071,8.611925219505105,-17.379058962299382,9.684006720718275
78,3.3720668404905276,4.716982008717059,3.25380133067405,4.93824280041412,-18.34922434391955,8.57984702200909,-17.757732675576527,9.664812814824588
79,3.426910726750212,4.7661373864569585,3.3108032122912605,4.9820945983217,-18.83355811807829,8.565500322452415,-18.20002973718052,9.663055512908333
80,3.4816839379070403,4.813240626321328,3.3677029248346564,5.024332719199529,-18.94218600870954,8.528268848724668,-18.303932705241397,9.62596611108694
81,3.5374478212308325,4.8576772527563,3.425016637420332,5.064016257331055,-19.052077104798098,8.509025097527728,-18.275578807278922,9.61032839617063
82,3.5931371636108183,4.8931722039487155,3.481786728469798,5.0937064505590195,-18.988934470151772,8.527612468134723,-18.17418759145663,9.640773289710706
83,3.6509874233668924,4.921202968323519,3.540506418450003,5.116594466352832,-18.959950438747317,8.538044379600628,-18.11293175410227,9.65006340118097
84,3.709628763484137,4.941682313577329,3.599589393670331,5.134259940988959,-18.796369467926624,8.529403557279675,-17.882326735648135,9.590717055363507
85,3.769739170648421,4.9542388315335675,3.6611458939765558,5.1471509397104995,-18.44046817987422,8.51728692764141,-17.661905517253647,9.573066754157182
86,3.8339416705606184,4.959352234494216,3.7264569908846825,5.1563204851801245,-18.12730589286718,8.548188403498184,-17.684103099321145,9.63279889433838
87,3.9022522596532463,4.958876859794028,3.7956465466804667,5.163045965572544,-18.12184671100877,8.599809425477323,-17.884599175239774,9.67382270065947
88,3.9719126352524823,4.958831430310214,3.8642914867943237,5.174549633467469,-18.32376654173107,8.702457245212512,-18.22360092897055,9.792370294728613
89,4.041651191308356,4.9627649572543335,3.9314525671916822,5.187924271340208,-18.60617716630929,8.792892783021957,-18.527428402238844,9.91336659283375
90,4.1107193428594195,4.970813028912686,3.996923515749774,5.203210028083228,-18.8661406439596,8.917082550620629,-18.75994697939861,10.042064018907382
91,4.179581576281885,4.983697345845117,4.061095022196034,5.221565727449843,-19.250016768432786,9.085815442675388,-18.93820203596585,10.140737322457204
92,4.247559291618519,5.004410589270634,4.125763871630368,5.246036467878369,-19.70605213414321,9.242897851188514,-19.14485929656002,10.233044040935162
93,4.312638721384419,5.033130426528236,4.189221200636401,5.275594941073641,-20.046053577372234,9.339470513676869,-19.345431644092606,10.295709446613154
94,4.375934464308579,5.069401374196785,4.25428693403151,5.30925209986138,-20.268567594245418,9.463882160042088,-19.524718084023554,10.378273793339952
95,4.44104036272337,5.105335185003405,4.322305536784818,5.341832929257004,-20.35779956286672,9.50654831083063,-19.660278724376802,10.415536709055816
96,4.508017492869788,5.143745975442952,4.391670590972017,5.375535382644322,-20.407624317892854,9.519843432499234,-19.74674177725081,10.43057173222714
97,4.577334616039505,5.185070757774557,4.462245506834147,5.411212016098545,-20.557316958804144,9.528533064405211,-19.94519558071922,10.46803369066982
98,4.647997298834649,5.227545913894867,4.532170152330712,5.44732213457223,-20.801829100563655,9.532536377154313,-20.22854315478404,10.48725691806865
99,4.718479099393795,5.267756452416084,4.601444922887014,5.483008495640436,-21.04725361250098,9.519187782274326,-20.521242129352093,10.491652553040504
100,4.790462746730536,5.306174100300947,4.670373551724607,5.518882214904864,-21.361677276283416,9.523813995275182,-20.886247794374885,10.50884174423342
101,4.863257096606561,5.342800384462829,4.741110788700876,5.555156506493754,-21.68265974886576,9.516156636273083,-21.206676244739473,10.538197770547479
102,4.935370128504572,5.379921126069588,4.81278994498255,5.590556817018067,-21.949502122633337,9.540216949428547,-21.379531249729546,10.577206999345677
103,5.00628171450048,5.416620552828325,4.883533897954401,5.626002616259202,-22.250430745000106,9.561766806340653,-21.544962816918414,10.590183467302028
104,5.076245885922956,5.45496525182323,4.95367415130762,5.665261352128383,-22.43502772078391,9.567728571105674,-21.64186916643876,10.604178991045194
105,5.146047541553658,5.496543280635481,5.022770662171991,5.708637788770527,-22.53567206450233,9.583942525175114,-21.72561729378737,10.618812259664105
106,5.214562396152394,5.539238772523339,5.0899865795468315,5.751914157388586,-22.6013149517244,9.610385337462379,-21.81106833923315,10.633981029424472
107,5.281466024362975,5.586902267933813,5.154884045789619,5.800736271512666,-22.56949636028348,9.583133484349556,-21.874128177704446,10.584557516832918
108,5.344173768991359,5.637340909231624,5.216409053041887,5.851208583693469,-22.626081799390573,9.54204669769855,-22.075644126440316,10.54118488008259
109,5.401595820848379,5.689080584110188,5.27343012215912,5.899882814217541,-22.620689369661864,9.470906137006933,-22.066942560524456,10.479828733288311
110,5.455081632214313,5.741077519115815,5.3271818203159045,5.9463347393664145,-22.461639794216364,9.401476227280195,-21.87306621783304,10.415253776273238
111,5.507151822288375,5.79114934759936,5.38120839600488,5.991471996820245,-22.268250902784192,9.318938448925039,-21.633101925701787,10.348599130710006
112,5.557949275181621,5.839740929797511,5.435911297872046,6.037635159605575,-21.998886274454584,9.223085135212429,-21.341373204986017,10.280126217960426
113,5.607319559189168,5.888127575031971,5.489764273549032,6.08296315931801,-21.93164596367279,9.11402545499146,-21.40942570983605,10.210268618988277
114,5.656148207156884,5.932524395448603,5.542964911691686,6.127659959102363,-21.819779328431036,9.029641070289546,-21.395832561843143,10.127505240391535
115,5.7056236646592655,5.976067880059463,5.596067448801586,6.173644088754857,-21.52646513270898,8.957012253265553,-21.283137276027645,10.074035765226693
116,5.755796659125587,6.032399425949312,5.647578781996611,6.236849824937478,-21.381403504621098,8.945568730984853,-21.229635558700394,10.089900752300132
117,5.807529524451206,6.102206987079559,5.698914457079337,6.313642483044856,-21.258928436425965,8.992008577469594,-21.032271261430544,10.168412443308728
118,5.859261884867134,6.1825840747576715,5.7508767443670825,6.39763646100819,-21.20704645148789,9.121771893865175,-20.887592793730875,10.332627536511557
119,5.9099062010376615,6.267841041286674,5.80255846339437,6.481942366614201,-21.13323849176064,9.226240669213603,-20.64161083549361,10.4136882889924
120,5.962931118579015,6.356126611085346,5.857381241601183,6.56206997853381,-20.836665560092253,9.348126639975582,-20.434457910234347,10.48777176825705
121,6.02003823894806,6.444708921372453,5.917082934112454,6.635030347610574,-20.68234663082275,9.508619542906901,-20.39978791825729,10.574184053083194
122,6.0796441304914115,6.5285542499996225,5.978683160129632,6.696820225370337,-20.596423132655076,9.613777855805898,-20.366332720834453,10.57881288823089
123,6.14253079620435,6.59322581584177,6.04176281658021,6.746020170142688,-20.58942358926634,9.697501150386412,-20.48618712402267,10.611189566888125
124,6.208233845724053,6.638893286971956,6.106478749988057,6.785285789675543,-20.624647899664847,9.740692687705753,-20.485841127424166,10.646377693592749
125,6.276842918024622,6.6708534542159175,6.172778565082392,6.819352005354739,-20.771470993149222,9.746740405335114,-20.656563678908412,10.72273201691015
126,6.347145447455532,6.694075852390085,6.23833395670305,6.851799365084356,-20.966412061879808,9.785575998614641,-20.72882338992515,10.780125487501584
127,6.414639966574375,6.715090567025686,6.300507642722628,6.887375492789737,-21.163402041252144,9.814817818992676,-20.779989285833885,10.821877544667199
128,6.480813520215848,6.731714418067829,6.364211799907782,6.9185553640454955,-21.28856472587411,9.840510189200845,-20.85131233723453,10.877475070174926
129,6.54699163853078,6.756783823946568,6.4291176244969295,6.958732770644562,-21.41125338150289,9.923117705874274,-20.899553526129395,10.93723680429896
130,6.6099214977971865,6.794672042043548,6.4903121162062805,7.008678655821426,-21.368445730645064,9.986883031970526,-20.853056943097034,10.98723042567575
131,6.670584107982786,6.8460430419239975,6.550383570596647,7.06740410598094,-21.35454995329349,10.044110540051028,-20.760186762094822,11.027516451986534
132,6.728828516933173,6.90827483668759,6.609478187538467,7.132154891151756,-21.385462989243248,10.055682092934648,-20.919689056836457,11.043915058628297
133,6.788772016568199,6.977925487359167,6.671368110038213,7.199415040739441,-21.338654900738373,10.085438521376888,-20.873654146825565,11.078516056023103
134,6.851721513561324,7.053144284457649,6.7350267585496795,7.2707402232085805,-21.137882745963477,10.11949371547315,-20.614864962970124,11.10823533394339
135,6.915188538652748,7.138955397577613,6.800579784549283,7.345317431982882,-20.87983892943971,10.12616481075943,-20.357972372311394,11.115813355737345
136,6.976657332785115,7.224803666432291,6.864370452984732,7.42041529629526,-20.74258075672145,10.128716738750118,-20.312747542359844,11.131544678463285
137,7.041077819238822,7.298479076861614,6.928501122613992,7.480911148515032,-20.765219242590362,10.147546040484402,-20.415742782701386,11.169009800711414
138,7.105668562448632,7.358989918182387,6.9916049532201185,7.530140060608701,-20.79342237004351,10.181301998251037,-20.449644424652057,11.220357705622623
139,7.170790103895242,7.408545401440717,7.053616552427977,7.571702751795206,-20.671735087729665,10.211474918556204,-20.500856639222025,11.240443747457965
140,7.23438527477656,7.448602840958088,7.115750370414245,7.607166913837368,-20.680157160832298,10.221099207990774,-20.550470237018327,11.24923971556833
141,7.296482826378759,7.4777340244944766,7.177482288849824,7.6377483558738195,-20.920731833540735,10.250325338307343,-20.693019437576773,11.28575314854515
142,7.3566059723077855,7.495880747886962,7.238767276370254,7.66436863030163,-21.128909798703503,10.285896939679358,-20.712064706523964,11.307661848003875
143,7.4157454845391975,7.504503481499528,7.297901478305066,7.687808328250917,-21.053620134702378,10.326468553945858,-20.491038120218494,11.341941243873706
144,7.470022176002626,7.522450564079997,7.351108460334204,7.719743861833574,-21.04534639417573,10.326364768112022,-20.546558062574675,11.337053754924973
145,7.5222648627872015,7.551777109238976,7.402710873443964,7.762254796946816,-21.001008325337082,10.318653721019878,-20.49240528929748,11.34405595443949
146,7.5730921934566,7.590979074238944,7.453646561350369,7.812291934889272,-20.87447666437977,10.338026939114414,-20.358071004503238,11.366513415242876
147,7.622434719507809,7.635970334365377,7.504871303163294,7.862655505715693,-20.703898533052183,10.364910331722728,-20.197512736999556,11.387729910236267
148,7.671319759745124,7.6835655371167455,7.557222219920226,7.908832995601336,-20.495721796853974,10.369171212387327,-20.118504755649077,11.40244544115865
149,7.721562377651596,7.739313381757642,7.612828367974165,7.959196102548188,-20.21978430193822,10.352865766210348,-19.866642068776134,11.378165272359194
150,7.773150194286772,7.791547966800456,7.669558045214222,7.9968949644600595,-20.235513405585937,10.322988397508515,-19.836004472214963,11.356585849789166
151,7.829219656419136,7.830531540218788,7.727026622293832,8.021661955890863,-20.070167994916105,10.297659903208874,-19.790918921827103,11.313292319765866
152,7.886700839014822,7.853806095851959,7.783766524595527,8.03625049210714,-20.184332663498036,10.284347166191006,-20.047767152993583,11.30636776331105
153,7.944472128905316,7.862520361828817,7.839331939107711,8.043650811282692,-20.467196230774835,10.206866126977369,-20.39837373153123,11.227848079006492
154,8.00313405544377,7.86075722233471,7.895573971929808,8.045272455023714,-20.831360287216842,10.126344507176473,-20.739650201387693,11.163995066930156
155,8.06312284187758,7.851628191195118,7.953942322025223,8.042277078672454,-21.018377696988132,10.034396245763325,-20.81381776653525,11.094704186756315
156,8.1241102859494,7.8300212315233635,8.015430870748506,8.035581390559253,-21.104317828895784,9.955062156358254,-20.54372815263802,11.020989297214914
157,8.186647758949512,7.807151881180788,8.079193378380584,8.025963957331513,-20.915798022774702,9.901707043448218,-20.11382857674131,10.996124684605677
158,8.249287318605479,7.800536032162071,8.14229658525748,8.0357329835686,-20.750275633908018,9.887969052087675,-19.78104716512776,11.005837154394042
159,8.313162542688369,7.812584994022132,8.20542237983384,8.06438584537167,-20.266143306471864,9.861484281799848,-19.361822218754213,11.0233643249647
160,8.377208308193602,7.8431854095050175,8.266306514971642,8.10901144332165,-19.496452419666827,9.866622978492872,-18.772275805438422,11.008656996429426
161,8.439862039914463,7.889660977609095,8.32498096102325,8.162658709947921,-18.76137429410214,9.889652109180991,-18.408957583239086,11.020875543008403
162,8.500182546163744,7.950042266584403,8.382001297669953,8.220725373984047,-17.8945885383005,9.931378919163,-17.735598853739006,11.038577945638908
163,8.55943761523202,8.02111857111568,8.440873082159355,8.277854738658894,-17.233075896226033,9.97503414091192,-17.15481116989613,11.037212947007
164,8.618446848453754,8.10795418769302,8.502304282901388,8.341466905154617,-16.78782835814129,10.02402899685345,-16.778199495048234,11.077735099292573
165,8.679096225299203,8.193302492054077,8.56546910700151,8.4075645117455,-16.31123868947275,10.04480969988354,-16.446484912975915,11.100165888280415
166,8.740530819373527,8.260390402991877,8.629944625235886,8.455746823377657,-16.167607247224495,10.07464329524506,-16.493194289337918,11.140572719553669
167,8.804057596753822,8.307818697120078,8.694776772616624,8.488427936640527,-16.028674485996827,10.13064271425039,-16.283562445095367,11.18081596531771
168,8.868003905950175,8.336161054823455,8.757331362074439,8.50591088887064,-15.867519674527593,10.124806964377068,-16.19209587549653,11.150448431278587
169,8.933409417349733,8.350129866312974,8.819294241750262,8.514812006187892,-15.987449219765912,10.098953581539085,-16.129260840548014,11.10599846917754
170,8.997819615849874,8.352749638814398,8.880893942971216,8.516769822498867,-16.091326908482568,10.10007177006533,-16.015288713978357,11.092669249720936
171,9.060268969099509,8.338874519333505,8.941991152907166,8.513215641917458,-16.09063920955868,10.084108217851552,-15.865580580341112,11.099668928955094
172,9.122871718341969,8.310372553253725,9.00475108815413,8.50519421306659,-16.256563056402364,10.101113946336095,-15.94817524892572,11.141558047194835
173,9.185491266647231,8.294588010632188,9.069075361008842,8.511752280384345,-16.126775399225902,10.077695159421102,-15.912998141901184,11.140898561845255
174,9.244147300858431,8.294370338497393,9.128237592354163,8.532927616877132,-16.047098968112557,10.080391406912405,-15.708012827437768,11.18484980247984
175,9.299073078327023,8.312488143856527,9.181096506750666,8.566893116635367,-15.991774681891602,10.13569141576468,-15.65426492638384,11.23106353231054
176,9.348216279047229,8.344173989781934,9.226933267808517,8.607929393022093,-15.932085422479854,10.212814761302383,-15.615772331605152,11.278693066046626
177,9.388797052034658,8.389445994078978,9.263829939670476,8.654649463111426,-15.922189241123274,10.277693253213346,-15.59084809979048,11.321720885919241
178,9.421248341799556,8.448539825066698,9.293955716115548,8.706121841856785,-15.957107891506553,10.328625274037675,-15.574316050609273,11.354136465367425
179,9.442718527016899,8.520984146107011,9.316190256061688,8.761026574877869,-15.849020914194782,10.361233907453842,-15.563440826333437,11.390661030185903
180,9.449649380555195,8.577201743085146,9.327928930527047,8.79508042970539,-15.818589045141103,10.410981078198057,-15.562652745636065,11.409770430455996
181,9.44596097753983,8.614569771758967,9.330156035929198,8.811914410721727,-15.919876988468483,10.421355822743553,-15.569544457347956,11.414469687122734
182,9.439532109155842,8.631773359414318,9.333630198055094,8.814176608672941,-15.941846029865893,10.415640801586466,-15.574251714532316,11.40675615779554
183,9.439705704068498,8.631784321879772,9.349248488555471,8.805821645701949,-16.320164600587393,10.395022339088023,-16.08137405627207,11.39042674353837
184,9.447281473677029,8.614602659155333,9.372333656036183,8.78897295399319,-16.716923861984707,10.363330938513068,-16.518764616338025,11.36679022083127
185,9.456083621862115,8.580365868392684,9.392974101724336,8.765423853993033,-17.00610655234574,10.325765473069719,-16.722354903457568,11.337425940202118
186,9.466922343411248,8.528592687635996,9.41059248461309,8.736227874257503,-17.37592184285905,10.289429393169067,-16.998478301098338,11.326638444213437
187,9.485077713101258,8.491500363244281,9.428856309257034,8.723280650403582,-17.732065281769838,10.266312299436656,-17.209340662066328,11.326188148357918
188,9.511576458958787,8.471680160019783,9.447993642994595,8.726721953976869,-18.215486185009862,10.255364130848058,-17.563740547336714,11.332291415573478
189,9.538146323213132,8.469719349624699,9.465155841242591,8.743215270913275,-18.66284546032262,10.265134490163295,-17.797150290675457,11.354680822405296
190,9.558585148151213,8.48471892985944,9.483070489595786,8.770037713266275,-18.776235130306926,10.287791098457605,-18.01835448022535,11.38048724292515
191,9.57721255004289,8.516299330017496,9.505460443194938,8.80455379988913,-18.95309498680615,10.327132783512925,-18.31581886915995,11.413940142611585
192,9.599254624365395,8.565120524463847,9.530370381116427,8.845988538408987,-19.304986464981493,10.362526518586911,-18.65254474717059,11.42437940982668
193,9.621967486701742,8.630665118156898,9.552261336420056,8.892559500576679,-19.818129347169293,10.398443881711287,-19.260285167504293,11.446510126731601
194,9.640501842090725,8.6981926963919,9.568149463478013,8.942908953688555,-20.44970904942092,10.440433218919662,-19.90313276929032,11.480860782451222
195,9.65928211292516,8.76071840990673,9.585730520770419,8.98998498822624,-21.024846171029388,10.48340648104891,-20.524101234314713,11.516182305816116
196,9.68280880946025,8.817586448109763,9.608344335362519,9.03351497333498,-21.538951979923098,10.53884537870012,-20.886024339894877,11.579465577629653
197,9.710202696727377,8.86850852256561,9.636035841588154,9.0737275106286,-21.92257095685572,10.629755158116735,-21.02838096599,11.687669015703147
198,9.739202397843375,8.915288116461499,9.668420049505915,9.112928897899943,-22.135800829242765,10.699143926085558,-21.021604468825398,11.75666796928241
199,9.769667398458681,8.956577936754304,9.703285707405753,9.150307981525248,-22.032559851218757,10.805096256561677,-20.670970021711863,11.846763273582896
200,9.80449535129711,8.992410051339778,9.739388622730425,9.18621499381849,-21.680973694680326,10.901988038436986,-20.382207237747252,11.920176502247548
201,9.846351140578921,9.023123568152528,9.77646699682815,9.220832675150389,-21.066834346647667,10.988209133365087,-19.94038288659692,11.980520487510843
202,9.89000194583096,9.052436772931948,9.813484309740595,9.253347535318857,-20.3423730408791,11.064820695173829,-19.53966989089083,12.023110821292015
203,9.931809616087808,9.082287130624566,9.848997894910651,9.285953122687463,-19.63703928289513,11.09117036168923,-19.112702866080603,12.021728014428719
204,9.972112199278534,9.111507453590647,9.88510339591714,9.316752566466713,-19.045435940738283,11.078073571464415,-18.781809798110732,12.023521748481338
205,10.010921761071835,9.142323161863299,9.92196315886628,9.350400209375234,-18.60985118973607,11.079075512685192,-18.61310188645895,12.026503872593453
206,10.048015061810572,9.175336070792294,9.957952439095726,9.386420661906044,-18.40694757512526,11.065781341482909,-18.460827617772306,12.044012061408266
207,10.08402659905146,9.210143262713158,9.993653486689256,9.423940378085085,-18.07512069600123,11.055629841321014,-18.148458276189317,12.063774668778862
208,10.121117064073728,9.247184744023302,10.03184808312871,9.462909903279279,-17.886008761698342,11.04852726638237,-17.888211691031042,12.085468029087364
209,10.156239185313531,9.287358680327205,10.066895338081137,9.503179609850655,-17.822355854122176,11.059332651570921,-17.808852840304112,12.122274378953199
210,10.191331125760039,9.326899743862551,10.10075334210575,9.541083820503605,-17.860340827507144,11.109243840593992,-17.78235754045809,12.17093841390472
211,10.229103593921355,9.366879819023426,10.139436837008862,9.576900456003289,-17.937588478272964,11.16761970850337,-17.82605617181965,12.224731827120397
212,10.268961206487983,9.405032298012456,10.18128136412124,9.611967386321012,-18.052503857325895,11.216282183764195,-18.009094841067565,12.255495739028285
213,10.309445720532828,9.440686642799252,10.222086283837104,9.645594849997137,-18.140887136534833,11.2598732270418,-18.102131961909226,12.28834158190675
214,10.350532266672381,9.474275636833736,10.262487245517994,9.678335214320766,-18.399764497207965,11.292686459961148,-18.222185744154288,12.305095839164554
215,10.388439369693693,9.505634322117942,10.300027731392507,9.710378666391764,-18.641944298916787,11.321651013839672,-18.285778622935876,12.319071584735822
216,10.428339801909798,9.53457767805115,10.33719515654542,9.74155265861679,-18.723955003031552,11.336415591467922,-18.242067072652983,12.3296892055956
217,10.467246577962861,9.563373776260512,10.371436058320588,9.772064620297364,-18.70933455999382,11.338323959484878,-18.108579539403642,12.339472259542212
218,10.499155178622093,9.592093630468316,10.400787221114795,9.802009054953489,-18.527422506017988,11.329918480378472,-17.832607760249413,12.347902042482717
219,10.528722689403917,9.620349842137133,10.431659399404268,9.83153179781104,-17.97370380737357,11.330863716216658,-17.238580705571103,12.355257035061493
220,10.558084496468837,9.650365770147488,10.463695996717275,9.863434578722247,-17.446724541912193,11.32668235297768,-16.7483584441306,12.362428697426047
221,10.588313067794306,9.684535162117424,10.497963338529607,9.900338848127276,-16.795223842761324,11.332513112417814,-16.22657762112184,12.372471509615728
222,10.620112615221235,9.725296202123348,10.532872639026344,9.944995739766657,-16.20531849879441,11.34874779135181,-15.863750596637573,12.395682895720851
223,10.653195243427072,9.774220289816922,10.569723723805179,9.997651259149695,-15.65827053968031,11.382010980945404,-15.540718569344406,12.437521268367004
224,10.687721228799772,9.831024095987743,10.605787063498463,10.056464413943532,-15.201102881657523,11.430771516666331,-15.307992298196655,12.494017634033172
225,10.72407308596222,9.895411236726765,10.63920124391768,10.119728888257269,-14.875989013768674,11.504213955940639,-15.136775186579873,12.574404214158085
226,10.758901962050563,9.967216731429344,10.671249349277105,10.18640080410686,-14.728854109751785,11.594186762345807,-14.875515104684187,12.662581465364259
227,10.791860028226743,10.044852059550589,10.70156117133546,10.256090025885065,-14.494511867246331,11.696291532020668,-14.529410091016295,12.751284509430942
228,10.823443906932283,10.126041897773591,10.732511563447092,10.328158164491239,-14.162920107327587,11.811921926478115,-13.986695255475352,12.845420555171435
229,10.85575330536331,10.206373047469494,10.765755590484229,10.399714434585245,-13.802610654002596,11.929601377140012,-13.567334092697273,12.938767164511647
230,10.885924470730854,10.269912781682319,10.798134113135578,10.450171692109683,-13.504636584095838,12.050584043815132,-13.28763127174388,13.041171531420416
231,10.915398661559994,10.316418475584438,10.829725065117406,10.48348765293788,-13.246955897019664,12.167948993154358,-13.145182011257235,13.141132797695589
232,10.945869354095256,10.348931004438931,10.860928265730587,10.506699973288642,-13.125423943841682,12.277610016166966,-13.237916597925079,13.2453054170082
233,10.978501609290438,10.371741033751535,10.894418250422211,10.5280813522899,-13.212843473595715,12.38513690698587,-13.47834822800053,13.350138232960743
234,11.013079509805408,10.38037883392068,10.928589207937664,10.541603424656733,-13.35394911125741,12.50334827855355,-13.609173307497127,13.467097798762515
235,11.051651936189398,10.374868025770867,10.968123866126648,10.548901395538735,-13.860472765309305,12.625343265638568,-13.95896152737083,13.588823005651088
236,11.090593524639738,10.373380825251049,11.008796790943407,10.574247529225243,-14.396284658350426,12.75523425293547,-14.29546323480499,13.715441876774454
237,11.129794862855311,10.391070144981624,11.047530671238619,10.614537092286577,-14.847077298796476,12.881857267521685,-14.502699203916434,13.840047366932378
238,11.169337592498575,10.42758453165029,11.084611957326382,10.666096458467761,-15.186349669397956,13.012301765819927,-14.592272434443505,13.96288614512687
239,11.21044417037168,10.480533477409615,11.122181814161594,10.726756115904173,-15.295659096232285,13.147255444666646,-14.547624256227818,14.090973357182667
240,11.250823507562792,10.545050518147027,11.159934652516196,10.794437037249162,-15.202401136636237,13.282615766479267,-14.395467413688225,14.216116087732106
241,11.293407979909322,10.625698564889596,11.200716718601386,10.867685092125813,-15.291491238301719,13.382705324334758,-14.467814779731778,14.300324177807695
242,11.332311659571776,10.720314399943346,11.240211484238454,10.94217022486848,-15.237793654726147,13.447818956797718,-14.570120539726279,14.346333497353436
243,11.370812931035939,10.800598001123403,11.280388837388266,11.00133869717925,-15.290694196431879,13.480581270559508,-14.858061240319078,14.36736134559627
244,11.410307626269109,10.86668030404689,11.32019635365491,11.048815425073801,-15.482749919262403,13.485233082047229,-15.222140790857908,14.368479792826221
245,11.449461380681612,10.918994025515932,11.357589413472033,11.086806002538351,-16.00637767372277,13.462325802910565,-15.900868504628225,14.353651868934397
246,11.490307731775118,10.957605181816941,11.39766595219083,11.117245603097647,-16.749676279915466,13.40839705891422,-16.63521664933552,14.327792556217778
247,11.531803774618275,10.982389229994316,11.438472759965457,11.141522428037629,-17.62105726881244,13.332155511440666,-17.288465033949265,14.298333278086565
248,11.572965376423124,10.994779323552573,11.481098264089884,11.162765705271314,-18.160956179766842,13.281595818485467,-17.534974218083665,14.295755942029917
249,11.614046429869369,11.005623958078202,11.52199994281123,11.193352054233328,-18.51205548440661,13.208844235426362,-17.514909203170266,14.240812978251409
250,11.655430373454132,11.025592343136678,11.563798654441126,11.23029350654278,-18.68052125111588,13.169400402460937,-17.449636322507455,14.227767669547887
251,11.699278323069505,11.053727263135377,11.608280924129843,11.271326955894311,-18.853141355760023,13.119739480058147,-17.536366782174337,14.187305709560894
252,11.747492446990739,11.090339135807454,11.655618912269597,11.31608813267569,-18.644033490891914,13.087088835209387,-17.45844062479564,14.162964440528452
253,11.796445369791883,11.135648293385417,11.704596556462684,11.364073929068324,-18.13036676776313,13.115429081267003,-17.161776581203377,14.21496064948241
254,11.84610078906001,11.184826245568221,11.753712803005964,11.407926017216864,-17.71756529435239,13.161344230003149,-17.134709219980067,14.272242615864158
255,11.893909595256137,11.2359360016856,11.800045105838135,11.447362896231931,-17.525638192993288,13.204461552798085,-17.14206106419518,14.335269905223221
256,11.941757272918574,11.279346388758055,11.843991773675059,11.481637676503336,-17.443604237553497,13.297065862755252,-17.086069382188917,14.401757994748396
257,11.98627505129684,11.317534430822889,11.883722972895535,11.514384534718861,-17.39604958018356,13.390922116571916,-17.03997765683083,14.487990626023409
258,12.02673584459937,11.348168064197003,11.92091044681063,11.541517707597876,-17.170480439343912,13.51622524234446,-16.892495460075367,14.571161515484206
259,12.063747806201912,11.372428965474214,11.957642668348777,11.566310772090704,-16.8371686168806,13.64756301625883,-16.476622681172778,14.653681276476611
260,12.097478176156597,11.389822920217874,11.993472290316316,11.588628808641108,-16.732022922849307,13.753270520340354,-16.228954163727586,14.755577770176666
261,12.130923408999706,11.405101383808027,12.031679551812156,11.608986034957326,-16.493821973836756,13.871442368282846,-16.05464653341622,14.870280834072377
262,12.166638532026479,11.419380029721358,12.072501805860824,11.62826236142963,-16.39700517106656,14.001056962157707,-16.142122313212752,14.995310671320796
263,12.203550965183465,11.435790938419567,12.113432829392323,11.649185141127465,-16.534645201463025,14.15010839369063,-16.479091883599395,15.138083761899715
264,12.243388865493646,11.458931678558946,12.155055157864552,11.680815578121948,-16.617832256223863,14.28506157288251,-16.670760057410707,15.266026881508171
265,12.286428483517168,11.491298820554967,12.198306986937176,11.720025961658035,-16.695814479034823,14.457452597778685,-16.70601436412848,15.435131469291955
266,12.331922402018746,11.531576527139398,12.243186926960911,11.765459604329788,-17.031275774164396,14.59751673022214,-16.798164839531502,15.540826804303816
267,12.380110956860749,11.579948647875007,12.289252802089345,11.815571655972418,-17.12989183681328,14.663555900700274,-16.623023385525592,15.557346402548847
268,12.425900595547375,11.63626860758004,12.332450786281143,11.869421531494611,-17.123850453889936,14.717995803636775,-16.36115076957722,15.587939487269367
269,12.465746500563927,11.700457273924139,12.3689353776646,11.926478385661115,-16.842653547524414,14.771130563973443,-15.993610085954725,15.64386900151445
270,12.499104679230301,11.76999219718414,12.39735829549169,11.98531172877067,-16.27841873966152,14.816912031698962,-15.56797656711526,15.720789629876133
271,12.526604619118414,11.833344578639345,12.420650905303198,12.038232795628021,-15.765249794321289,14.855534331035656,-15.225645215052113,15.786314249596535
272,12.546987831871425,11.886637772785198,12.439413749542084,12.0807339877239,-15.341553302517735,14.845448715675406,-14.955658855737125,15.83717246953142
273,12.556322406057525,11.935082738395465,12.449194161227643,12.121824684675023,-14.87971262921692,14.847428455798756,-14.752740914162922,15.86537356423644
274,12.553684121415383,11.97258142738746,12.450205199090226,12.1530487306444,-14.599585044746986,14.897337592761392,-14.59464953615674,15.886886193774385
275,12.540973795163533,12.000089594547633,12.44344731230346,12.177865080231772,-14.411982904576428,14.934716934321049,-14.47635862019579,15.903773091122725
276,12.518992950348126,12.017816935463784,12.426858016090078,12.198019495066175,-14.34626471843331,14.949871964899303,-14.394146153197463,15.91771308787235
277,12.489461474900274,12.025738771648218,12.402476237071188,12.21390470681219,-14.384522037635572,14.941135242910239,-14.340121370555485,15.927961958722832
278,12.455773011589999,12.029650409071076,12.377563574180135,12.226375726105175,-14.425855353962813,14.929668979641537,-14.302414895281718,15.935784455373044
279,12.425485135457308,12.03749927919427,12.3626455906974,12.24236404293171,-14.463273671468665,14.91941262457956,-14.268563706083357,15.942564137279312
280,12.405283682509271,12.044116385273982,12.359467097216163,12.260291159559571,-14.602868232676707,14.920004542505744,-14.399016107783142,15.95044372019018
281,12.394061072356797,12.0534091763017,12.362612062882848,12.276873245494718,-14.737790532209083,14.922982556249657,-14.500715624501177,15.959127579472941
282,12.387660597641702,12.066434312900016,12.364422496185028,12.295078311125753,-14.870136567698255,14.929662974627123,-14.586717559255135,15.970863787890465
283,12.388575452606162,12.082624504887965,12.364846523497533,12.314515098861436,-14.859734997705335,14.939362922203774,-14.467479505551992,15.985006965628699
284,12.399669965058472,12.095206229665386,12.368295701418706,12.324688482752862,-14.768322534166236,14.95152443553285,-14.270284695177502,15.998814030120435
285,12.419315287861796,12.103460946809017,12.377776525104645,12.326529349853864,-14.576065296658372,14.944920940211219,-13.977163709574214,15.983210218538083
286,12.440318032841589,12.102665892886613,12.392258823269698,12.321345868030724,-14.366834953010194,14.945864327370833,-13.715164951215987,15.981822386156999
287,12.456446817833083,12.093543975457761,12.405735354151405,12.310700430329527,-13.95915663520639,14.948386266387102,-13.38530148685649,15.985386322635293
288,12.46828524431798,12.078316402531302,12.416219736756762,12.295953304115942,-13.594396699376537,14.957041635237731,-13.179040390818336,15.999246359758983
289,12.478920688732398,12.055146719548823,12.42220560381551,12.27790451156218,-13.123756116474185,14.98174929286192,-12.870027853705567,16.03755705053412
290,12.488247150065643,12.02391035476606,12.424093884703261,12.257131542590175,-12.667743603109916,15.011046848975223,-12.456341796601412,16.07938415021953
291,12.492746262880296,11.992150778233277,12.421965134036487,12.234294521272439,-12.260877239944264,15.046485033251662,-12.092660341140812,16.12388402826849
292,12.491636456613078,11.964380853717932,12.419152849973473,12.21532690048835,-11.918223273158773,15.09971518442218,-11.755184150079714,16.157812174230138
293,12.485358745817278,11.940638198096211,12.416561444281777,12.199078488837191,-11.628863742915405,15.153959070542754,-11.531505266385112,16.197576605194232
294,12.479591991995083,11.92095141890278,12.417102962039685,12.185324390892228,-11.364620272715756,15.207424019289,-11.268350516906317,16.23284016335048
295,12.475729014362933,11.90547479177365,12.419915115689513,12.173969787485603,-11.137053795101187,15.262116685601141,-11.166597714828942,16.273792576319778
296,12.474025752539458,11.89837596595686,12.422779143824407,12.170351351419297,-10.952403770251394,15.294816161645764,-11.001037655926373,16.303030509199584
297,12.472690198302132,11.899635702008057,12.42268429212327,12.172910670834524,-11.038873910362481,15.321077098115438,-11.083176394990724,16.32837308491
298,12.473953426494951,11.908979045890561,12.422606765942398,12.180022827899673,-11.138568113567914,15.329966042459263,-11.134118910177197,16.33546416184252
299,12.476846372216889,11.922057885598157,12.423720133117861,12.190241476010861,-11.151674031152345,15.348469673268605,-11.007071901242227,16.352976558284084
300,12.477471985304163,11.939569051101724,12.42108402252567,12.203488298076975,-11.323117189235345,15.359214289713606,-11.172615338131317,16.36885351469854
301,12.476247391986258,11.9611871308651,12.419006089350248,12.219133815027277,-11.522052994734336,15.356807983466956,-11.260057855026556,16.366499064253453
302,12.473808779829335,11.986399518727708,12.41803040124209,12.236258814241397,-11.58727701978391,15.364597078513304,-11.251077626894265,16.391674803871854
303,12.474052622258052,12.008726403543141,12.421614582396588,12.251445332183797,-11.590172660521068,15.36762882857022,-11.072604772949326,16.40163275758411
304,12.478238110369634,12.027795199981409,12.427612009373602,12.264496192844708,-11.679713341893093,15.37780019471942,-11.265535592809147,16.42144202347504
305,12.484105412086322,12.044180237278331,12.434762697462263,12.276238275330577,-12.067245880770734,15.370512496730699,-11.822460647684977,16.399730448454306
306,12.491298940116234,12.05862669466063,12.443513909246445,12.287449205871287,-12.534430711937077,15.343523012815538,-12.211529316208898,16.36663424650043
307,12.50211704448434,12.070764321407548,12.452074784960843,12.298261693040779,-12.737914510853054,15.34920562411815,-12.421036631351624,16.387724910899884
308,12.513257363998028,12.08040039717182,12.45938683547713,12.30845651306322,-12.980478758549278,15.35443449277167,-12.598215396230694,16.388921699817185
309,12.526392648369725,12.088081491582791,12.468720667443515,12.318420230564163,-13.25390775886622,15.325835960181722,-12.704191656220774,16.369506653315433
310,12.53629891241648,12.09603564399388,12.476003261812986,12.328295961153009,-13.814723493492874,15.293116242751621,-13.01812661371575,16.33814009445335
311,12.54404058400497,12.105846019116216,12.481967035957098,12.339722857009649,-14.013658344353853,15.288132368717788,-13.100671035784925,16.363657232814663
312,12.550066087268975,12.116135786222687,12.486686809007438,12.350834928814642,-13.92696359111606,15.346140013430752,-13.16999902019798,16.4346522799815
313,12.553847619320178,12.127665221223529,12.490350658017192,12.363273493299724,-12.683584527040273,15.451389685338663,-11.549009352767019,16.541901990771713
314,12.556892507195185,12.140403496774255,12.493827497728933,12.376782132705516,-11.497091915814991,15.522196635329477,-10.230530887475597,16.627091840543038
315,12.558764996052636,12.153424220483721,12.495419299459995,12.389522965647682,-10.377401109928659,15.587344074079335,-9.277276584184834,16.67170422414301
316,12.559422576783014,12.162680982670457,12.498477626425386,12.396225353268568,-9.300087858499117,15.659623997733757,-8.54138973973252,16.69674387624688
317,12.562303225502003,12.16856833967244,12.503820051652824,12.398750671938878,-8.101218461444349,15.735286648875991,-8.008569485537064,16.705963857472426
318,12.566043556835728,12.169397217563809,12.5094584576001,12.39724684393799,-6.893200006253761,15.780054421402777,-7.401901646369909,16.720597424746217
319,12.571031833073237,12.16672514845041,12.515660343900294,12.39310190987949,-5.769624100536411,15.804300192372233,-7.0380101323309825,16.75408388873997
320,12.578429248854881,12.15901006132285,12.523890711468256,12.386275559755926,-5.935356675277306,15.822222298145515,-6.876321152942916,16.822443630006912
321,12.586978656715793,12.146661645512028,12.532632463416528,12.377878491742601,-6.010898887216133,15.830676594020288,-6.599060103625616,16.86326779013943
322,12.597322278184738,12.137335853923071,12.540910451384686,12.377435901834659,-5.938236652673767,15.857401856503552,-6.2675836987776,16.898085183699184
323,12.606598687949763,12.137333378516697,12.547854072431383,12.38654719541629,-5.793865522768421,15.903234852371243,-5.93253702295944,16.94196573772016
324,12.6137325441328,12.147083666659379,12.553310041465116,12.404664210239238,-5.680160067028078,15.991367665413092,-5.762145778688578,17.025518167999632
325,12.617445836847065,12.165463800944565,12.554250493601147,12.427715523759968,-5.7685686772547005,16.09118968767254,-5.728380839814848,17.1159825874212
326,12.617046582205186,12.190290301166037,12.550936450553742,12.452239615229562,-5.678985336923273,16.164275724355154,-5.573622915229393,17.172703353325613
327,12.615017365976053,12.2192531077544,12.549283849846812,12.47420028202205,-5.413585466051615,16.218897860971964,-5.332250796466298,17.23399901459883
328,12.611411736981443,12.256508918673916,12.547918985850474,12.500370876686043,-5.261768303580786,16.286331867888993,-5.150648357650446,17.28701200381867
329,12.60871233314171,12.293839397887208,12.549355104061098,12.527546552872707,-5.22545874754125,16.361022863676737,-5.059369240066992,17.341198876017586
330,12.607953378140447,12.320022986681966,12.553523998579632,12.543401435958222,-5.222806759432472,16.40242750014039,-4.962858399574124,17.354640993805205
331,12.609624929706294,12.333924728647121,12.560189315165262,12.549585003287987,-5.162870665492259,16.398251201766698,-4.902752530204911,17.349793114030224
332,12.614583165680344,12.335773343540422,12.5666956144223,12.546229681997437,-4.969008278442295,16.368183178598013,-4.7696832908527345,17.333286904147876
333,12.625911163511184,12.329999666207593,12.576751915671208,12.538957256501423,-4.980076425755546,16.381797392487535,-4.8223846739930245,17.365586298490648
334,12.63812203452853,12.31842069440702,12.587024975911806,12.527441492915568,-5.143141911401696,16.40402211867381,-4.958806909137579,17.41964574704441
335,12.650061926698296,12.296550397407733,12.594780635560513,12.512456506687588,-5.2256457724702265,16.43269838870866,-4.966712062931589,17.475837887353535
336,12.659091131800599,12.273806515358018,12.599484454041095,12.505235850597034,-5.1558354286798975,16.4722602044392,-4.814941875435857,17.547471890028866
337,12.66519197826206,12.26008910866286,12.6022061341251,12.506357833858301,-5.067070577951754,16.54216743390305,-4.64274962521939,17.617693915902958
338,12.66836037746814,12.25771281029843,12.603565942161858,12.516630145830565,-4.947285407530196,16.621209200725637,-4.479099271150423,17.67081071352169
339,12.67220987078303,12.268287029524927,12.606793375718494,12.534658443545196,-4.7659702332521885,16.71236698058018,-4.176930990891885,17.717770847324676
340,12.673889531145742,12.288388637179843,12.61118881827403,12.557831257053115,-4.507005765183938,16.780068086385082,-3.985644130000745,17.768003972946218
341,12.67441865550016,12.31686435959447,12.61532244114832,12.582395445334004,-4.155950969254367,16.815147835094386,-3.7979493109143077,17.790740506589156
342,12.67528935879936,12.355660080955712,12.618606176055307,12.61079697129493,-3.931797862735464,16.838838695507924,-3.7241838573751256,17.805650308468586
343,12.677253159131341,12.397384974227593,12.621293597047869,12.64229983879611,-3.7954787227277964,16.864260066128896,-3.630172939566671,17.846910469577825
344,12.680701459143497,12.4382380217909,12.624494685273891,12.673346877882688,-3.7702266940128686,16.883665163620595,-3.658899456898318,17.88450156283925
345,12.686850612727888,12.465473791480672,12.62998523275317,12.688194312904628,-3.750112378378769,16.90894639573402,-3.664239424981002,17.91953440715692
346,12.692145051431902,12.476894190529814,12.63534585902321,12.687904495336273,-3.830320089125555,16.949687192004365,-3.6374308067834105,17.97379501864073
347,12.697509876124798,12.475997943218372,12.64154852267108,12.679193220959705,-3.9201949738846893,17.028997381852367,-3.6801655427881026,18.083855944144855
348,12.704958764787866,12.46803098384383,12.650027610180091,12.668329348017327,-3.851088431813616,17.165394268898787,-3.45623930177325,18.23412167121033
349,12.714427878759917,12.44774382086884,12.65962690101857,12.651141531634078,-3.8417594606096634,17.29089407747982,-3.437499891045862,18.33600702219704
350,12.723709356184157,12.415145247211708,12.667106962608282,12.628890841770714,-3.984267300400736,17.431868927137423,-3.600177188920909,18.46856555851121
351,12.732829916972578,12.386427796955454,12.673952935583504,12.622448209949551,-4.141210458589136,17.59353469227394,-3.8544290393083345,18.60864404809053
352,12.740039187210447,12.372348797518796,12.679603759566493,12.627804394380103,-4.216535986740773,17.78968060432331,-3.925596831789669,18.77282984880463
353,12.746396483625173,12.374700362350552,12.683953817790842,12.642875779702145,-4.250119462789415,17.968755296917976,-3.893278745454941,18.907393863700097
354,12.75025127899481,12.38986076766451,12.685859717447011,12.664359865052608,-4.224259157673986,18.116063559857473,-3.848504762849499,19.03747987367034
355,12.752009102667175,12.415255488977655,12.687911923924714,12.692051592683177,-4.394233668333984,18.224481717550216,-3.829495125094036,19.148367243328526
356,12.75055102990039,12.454234947879089,12.687884890202275,12.724709434137829,-4.576362904171361,18.350591761905186,-3.9910106237777456,19.24389570073707
357,12.748139166320085,12.505969107398318,12.686334428789683,12.760215074035772,-4.653139597590341,18.431458474979365,-4.150331427924948,19.308158484863824
358,12.746545031888669,12.5464073571765,12.687120521366214,12.784132507798239,-4.849529788138083,18.49737772204801,-4.569997154952508,19.37306096709388
359,12.745341445787364,12.57439340424726,12.688434079200736,12.79630031324835,-5.089359239984741,18.527837501370378,-4.833476284140857,19.426430975046845
360,12.74779432044506,12.589961582340559,12.694455734575905,12.799468136793498,-5.485079839537901,18.56040098589824,-5.173449353141698,19.475945543091207
361,12.754528004293238,12.595539131930117,12.703688755619982,12.797440269922435,-5.75598589651621,18.6243792112017,-5.252094739567767,19.581848523880637
362,12.763630138370551,12.590486127660377,12.714917962042035,12.79142915591338,-5.944558525173353,18.725407329571393,-5.216536987837305,19.725252501925215
363,12.775102645940526,12.5745856621389,12.725520126854567,12.782004406094728,-5.996607529259364,18.864314638371997,-5.172808093254429,19.899698747897453
364,12.788581038454947,12.548779258040023,12.735317421520755,12.769937962077893,-6.075833709351286,19.053128000630764,-5.206677485209695,20.097301765004758
365,12.80167293996143,12.52304310822679,12.744642660039394,12.755891593138523,-5.999030660159621,19.274251772215987,-5.307833663070042,20.31412451243656
366,12.813899366403533,12.499764514976036,12.751585424450898,12.741091974294724,-5.981082373622916,19.49442646285344,-5.398449892302774,20.487784764298084
367,12.821065906123135,12.485681485802656,12.755021632867109,12.735566214533756,-5.944231716313243,19.711238230725975,-5.573540132490107,20.628816617037934
368,12.825347431575514,12.481809911935299,12.758152093694207,12.740882052705157,-5.927794762479425,19.876162385817302,-5.5491304191878035,20.735330379343747
369,12.827466814732714,12.484653657686566,12.761474019609322,12.750173796910016,-5.771438872017521,20.00005634175215,-5.234766650489171,20.821345262271738
370,12.829388891473844,12.498886908581799,12.765409878942735,12.76897796755428,-5.507155359263874,20.094461499731107,-4.817412652890298,20.908166523406816
371,12.832737340837896,12.523283733321986,12.771920076795059,12.793643071931122,-5.261749915056678,20.152482620022905,-4.5790605827543205,20.98522504084632
372,12.83661931243506,12.555030373824515,12.779361012670403,12.819314824764362,-4.962840668699196,20.160936949458353,-4.3870769818925055,21.036277253890667
373,12.841205723560627,12.59629382168267,12.785789500021139,12.8495984192033,-4.682514280645885,20.17906546773768,-4.269288096709203,21.091038776709002
374,12.849572414071366,12.639830464179287,12.794104557804772,12.883328022817876,-4.33324653706136,20.20563255414143,-4.181239047577692,21.14876774734653
375,12.85975006885638,12.67460682967763,12.803669150541205,12.907769288659777,-4.115278897378051,20.24211438691733,-4.1302272907802395,21.20251620207039
376,12.869755008752325,12.702206173732662,12.811893218587532,12.92232548094262,-4.204060995071094,20.28336572339761,-4.225068913808607,21.25258391861785
377,12.87929800588226,12.71726364889065,12.819119067575937,12.927841769823882,-4.32719516785695,20.34454486660122,-4.180865878899377,21.339064059194413
378,12.8887355144502,12.724059814300645,12.828084626502603,12.930191695345128,-4.424438936683219,20.424312045654904,-4.206505594412984,21.441433448256845
379,12.896044687665388,12.727352229003369,12.834529551194677,12.933166709299204,-4.491027688787563,20.53157462274247,-4.182345566476548,21.55145249187971
380,12.901293638489209,12.725438947250952,12.83727183626617,12.938002705996599,-4.582065357121161,20.660485928942986,-4.232931357414658,21.6836334853316
381,12.902942746698887,12.720621451807574,12.837594187696222,12.947340432490352,-4.585856740860122,20.81123949964059,-4.157275646659949,21.83375558020879
382,12.903855234237296,12.723447899846782,12.839727884925871,12.962916928057698,-4.445956939914409,20.98003051725562,-3.91519326500888,21.986798816791715
383,12.905511888077445,12.735563141994328,12.843062910228937,12.983412637208842,-4.286009269424161,21.163505018452483,-3.8288897406901596,22.137165731101707
384,12.908557054828064,12.756643862018322,12.848315556064435,13.006219420194302,-4.309328614435207,21.345809069881827,-3.8965788489728665,22.301932817027758
385,12.909535512778476,12.784070677965124,12.852815407674395,13.031259613916374,-4.189797831861256,21.49656636288853,-3.8119071131151623,22.42258584712473
386,12.911740216133824,12.816115023319611,12.857403501242286,13.058925480410315,-4.3125428964869235,21.678248838764013,-4.038351690345611,22.591037958112114
387,12.914718138311127,12.851991825324221,12.859738836784889,13.088831666175855,-4.351893980040165,21.872097361161348,-4.17270760175304,22.786670100359583
388,12.919325828161767,12.888756465849779,12.862020832861116,13.119470731959975,-4.482014161312876,22.07754218646736,-4.291359313705512,23.003559098007468
389,12.922063488939733,12.924276731922674,12.863102843507992,13.15035296404245,-4.7756377374768935,22.26204696686268,-4.433688494167732,23.180906324576092
390,12.925675260545667,12.952934826106654,12.866817311356163,13.173417387451092,-4.967335438941864,22.42290331037799,-4.510795946129405,23.317351851311287
391,12.930416239887466,12.975997473676886,12.873959427990512,13.190520467646968,-5.082323899471226,22.57502155924148,-4.602987573029415,23.45908475113263
392,12.937579699749485,12.995255366835488,12.883353347228118,13.205621062534492,-5.102703477192699,22.717205649543963,-4.405634421595336,23.547161785949
393,12.945750074589517,13.010772603006792,12.893287283183932,13.22021521144618,-4.9528260937508755,22.818561672461293,-4.303568453230768,23.633092453800717
394,12.954826382384265,13.019995550975189,12.901154581844096,13.230779778331492,-4.693105958465145,22.854217555187144,-4.021277323461667,23.670249833337436
395,12.962924832751614,13.024116140425038,12.906495016284486,13.238826172033978,-4.584882054149716,22.831706268139914,-4.01881361055901,23.679081488847373
396,12.971803430082183,13.023392237163614,12.911069082054828,13.244894254548568,-4.534564070180704,22.80261927623506,-4.1465016243474935,23.681031612592324
397,12.978211827466724,13.026975181300916,12.91414320340232,13.253968272085283,-4.589806059179778,22.763204098950293,-4.35832382411969,23.661668786619156
398,12.980421043156246,13.035089344611626,12.91492060807948,13.266309600964446,-4.283815058526052,22.685582758304516,-4.05225330140615,23.625445389678244
399,12.979726506196974,13.047420517952473,12.915151071220683,13.283496757127297,-4.170534399682211,22.63050715169322,-3.806573909039931,23.60339578448191
400,12.977429734268918,13.063107576826503,12.915531650328816,13.304520730021174,-4.0186786000278385,22.56965709239641,-3.6117056927943705,23.593028724781682
401,12.9713358825826,13.082021548933504,12.91042440972534,13.324723413717475,-4.011213713434975,22.533894442332862,-3.4574838399478702,23.588132392426157
402,12.96058217078451,13.101228608919483,12.898861408598409,13.340890623899304,-3.785700372538369,22.51548290907191,-3.2522077125572153,23.587612641946333
403,12.944095855254258,13.12439584551399,12.881859772834515,13.358963379491001,-3.3614473897122377,22.5135547283688,-2.9386479795545157,23.605146691950594
404,12.92122546898994,13.141470244143171,12.858799016570366,13.369062319119275,-2.8624107626579107,22.531768322290713,-2.6954410601659995,23.626457309675413
405,12.891919937668401,13.151152769393137,12.829609159145276,13.372000027502859,-2.713201034200753,22.56084309827964,-2.5115585476057216,23.637829962945773
406,12.855666044252759,13.1523499581581,12.79613383384521,13.36964969456827,-2.569858125474991,22.581075435639423,-2.3742958307811057,23.6417331050621
407,12.8136058729228,13.145679915337555,12.761422291346587,13.364119003573979,-2.4305331405541866,22.59297944432601,-2.2706131565900964,23.6403704460098
408,12.775033354627082,13.133437826363462,12.733118650584615,13.355280478437187,-2.2905148840136227,22.5987436697121,-2.188370831512988,23.634085338268
409,12.747694158989665,13.118039279793425,12.718717696359223,13.343795685986397,-2.202622491041878,22.598368111797697,-2.113572554709636,23.623862271574602
410,12.734834312425203,13.096402268093703,12.71967103759155,13.330983103896363,-1.7858524215566787,22.581987530020754,-1.4439894219204636,23.611223972726723
411,12.736732194026107,13.079069048455668,12.731787631043955,13.322400206540676,-1.6028868644496952,22.557213939494687,-1.2446627339207939,23.596593283027612
412,12.748777978761874,13.066008080263568,12.744869973692866,13.316376128858485,-1.49361334083155,22.534155364675602,-1.1980749963274908,23.581641531515615
413,12.771713495657067,13.05654150339216,12.760402044640465,13.311928331712993,-1.3910155850188208,22.519158548127294,-1.1804870185709384,23.575837390221718
414,12.805102036543305,13.050665701052628,12.77958952830148,13.309717755778605,-1.3409555902844745,22.505670497496546,-1.2457094643262225,23.568772266765233
415,12.846631202057813,13.04924068122248,12.805801982946795,13.309766418202873,-1.1732225353937484,22.49764335002375,-1.1338489509872174,23.56557045192122
416,12.888780178313374,13.052816359848524,12.83591056899444,13.312394733654246,-0.8217242097616069,22.497745795812026,-0.7779484110864082,23.56919196853745
417,12.925628365530745,13.061025912008565,12.865039872279874,13.317338034740933,-0.948863686814049,22.547429585039602,-0.5528456279726283,23.63702237507284
418,12.955926047219823,13.069563335866674,12.89043366627901,13.323422883578628,-0.7647035775794542,22.64549922696794,-0.2741355000026672,23.754467032666813
419,12.987048081023534,13.07931575293356,12.915380748192057,13.33084229375022,-0.6768757975406628,22.733139691399945,-0.29859607950075256,23.830677687325707
420,13.016751641279683,13.09109994929079,12.938361814391483,13.340011905461498,-0.4838226309073492,22.839529041023745,-0.19062112779769463,23.924081243954543
421,13.045451071354053,13.104101245563143,12.962156278612342,13.350396378875397,0.08562359362289995,22.95159261227588,0.34372151676602375,24.00438895878422
422,13.071110920475206,13.117985136799675,12.987788041903425,13.361754896605037,0.7395600989273983,23.019681116776766,1.0533564569762992,24.00951787083413
423,13.09591851193916,13.132198681291083,13.016259884111358,13.373892649787418,1.077114225421151,23.053922757427397,1.444630696449504,23.972415798122633
424,13.12435673825357,13.14658051547995,13.049155763478035,13.38667175116888,1.404402427476623,23.017040163401926,1.6834407515785381,23.908080705188024
425,13.155993015173099,13.16198154707259,13.081952314640967,13.400437761298935,1.6399974263594372,22.905967908251142,1.8439018621659664,23.815458896563726
426,13.188689015388983,13.178562796350384,13.114294390863199,13.415626433608537,1.977262599474466,22.788234053415184,1.8658518402896567,23.71490873258304
427,13.223258650672049,13.195588318575572,13.14587702936518,13.431669727448718,2.3841102895986195,22.622904982212795,2.1098567054962003,23.600050613236466
428,13.257647619186248,13.213325612111017,13.176364419345353,13.448578942301376,2.588765523957923,22.435326551952116,2.470788240482878,23.482395737909272
429,13.28994415441442,13.233071251173143,13.204421116643461,13.467968936919378,2.5432524224841826,22.27829687350886,2.6914586228704436,23.371922830379347
430,13.319886871495495,13.254430476878023,13.231493106116725,13.488763622762134,2.5729074549824764,22.154328285098426,2.796988258102282,23.28889587315907
431,13.345972891911645,13.277579979538471,13.257887371228412,13.510991419459144,2.6418223692733775,22.05356105645896,2.8617674895833374,23.220118646432653
432,13.371625994144766,13.30184559699067,13.28490937491178,13.533892726340063,2.7026798197749105,21.980478263443988,2.8718841136802045,23.1626086261257
433,13.398382626246567,13.327211694972686,13.314021638568637,13.557858772321422,2.9599169035062607,21.985476416480413,3.0482740416347758,23.1999359871526
434,13.425041543125896,13.353533315014609,13.342946767968757,13.58228166386569,3.132218964346137,22.022374345682497,3.296755284749382,23.23982207996128
435,13.454504774985816,13.380472394874309,13.375330792151951,13.606845614238223,3.161601848037451,22.08153427727339,3.461408105915137,23.277076658187013
436,13.486189697279046,13.406823271487752,13.407937520436121,13.63145067926092,3.091000802555705,22.16026063064,3.385350597224018,23.317539763810043
437,13.519977055299767,13.429118951407231,13.441584766264096,13.650746509349847,2.846877888587363,22.233871423396227,3.010099819475374,23.34865887023912
438,13.556326486498426,13.448200506208213,13.476833337717808,13.667282690456485,2.5849335303671537,22.31654749172297,2.6655369591893705,23.38359833789135
439,13.592810550608588,13.46510083151812,13.511166701316846,13.682598808028153,2.3415510626450775,22.41214597543495,2.374026301666651,23.4273309572936
440,13.628684162402799,13.480576089126144,13.545249785030478,13.69849018879916,1.9929502095689025,22.460303156738505,2.1619162993928005,23.479135655984006
441,13.666080696838602,13.495320666443712,13.580272116108546,13.715409723875323,1.5955304754467796,22.512599694573534,2.0305774575892257,23.53637486375832
442,13.701428340242666,13.506405584903954,13.614746656773708,13.72893179034064,1.191482463072646,22.573076069427106,1.8836587509789395,23.599058270019174
443,13.73568268629555,13.514622129136848,13.647326222851264,13.740559720213522,1.0831809250370448,22.64715251525189,1.9720122697247489,23.678704279901222
444,13.768923763222999,13.523887440974127,13.67966673570751,13.751022506122709,1.5142604858696802,22.68877101940121,2.4826441510091763,23.695896512904717
445,13.79932834913923,13.53133222950866,13.709873864710977,13.75792214847194,2.2187658507600445,22.699311569068914,3.230944433587868,23.67622910405888
446,13.829024870929912,13.53786638201994,13.739189954735687,13.764267938553326,3.1340988069657367,22.677016002867095,4.107149239469768,23.630285612759625
447,13.857650870182212,13.541356485266547,13.767732993851155,13.768709123202392,4.226022036352037,22.618817610189208,5.07667143233965,23.560050444705812
448,13.885607916796564,13.542279115153802,13.797431263992367,13.772888084979405,5.198783514900321,22.5162121634708,5.724395282245104,23.457504037571738
449,13.91389935143861,13.543725220987447,13.828000806665369,13.776933606623388,6.1286901286391995,22.402865382890575,6.136592826102474,23.37758812169788
450,13.945328227670238,13.546673189821286,13.861904165661576,13.78307727120838,6.737111378487896,22.28428773706314,6.225827106059815,23.335424491675084
451,13.977937398214388,13.549266525485917,13.896855264402392,13.788688941625535,7.050198723877032,22.227930311711372,6.319682150503819,23.343370777116096
452,14.011501672385073,13.553307531283577,13.9309323095139,13.79375162390935,7.310061506711112,22.218428004442718,6.6667911358068634,23.380275211172126
453,14.044676149802287,13.559769989748226,13.96256595661587,13.801986656863013,7.563924240232665,22.2456226587502,7.210128907155557,23.431436054876688
454,14.078127837402496,13.56820110471081,13.99318558632789,13.810669954036014,7.673334798046555,22.319460612555826,7.713183444565126,23.5040433809134
455,14.110207822786762,13.575550147265458,14.022842261320092,13.816777064214085,7.804141796740055,22.447986950144124,8.016492500165587,23.592914981546034
456,14.140225676761279,13.585428994207437,14.050239504969651,13.825860215978906,7.978302392111856,22.597610098171415,8.211991407502898,23.69552258322513
457,14.164910170974695,13.594705851473512,14.07419350571498,13.835189518315415,8.375882021866422,22.75465812036565,8.440660660669293,23.809094391254614
458,14.186244672089277,13.597806277382384,14.096149942420418,13.83466303403858,8.750689984179079,22.904856061751488,8.614910025532156,23.932545585320042
459,14.204344262855512,13.594758755472354,14.11600063655276,13.826312841210695,8.909398346929109,23.055552969841706,8.728160301106525,24.062926715530896
460,14.223925881571365,13.583220538468918,14.138151871416612,13.811918626243301,8.94222048215866,23.219905434118576,8.907263932614528,24.20786378895467
461,14.24384116212575,13.564743907238544,14.161403361775294,13.792708422996911,9.002951932173037,23.38846894870838,9.153594308623012,24.36094495728116
462,14.264327216131868,13.541315245476305,14.186230073938773,13.769633913755559,9.372736950630307,23.56353370848115,9.687821012344077,24.524001429027138
463,14.285833689685381,13.51044669533042,14.211037507679015,13.745038368857013,9.611168015605282,23.74645456286302,9.882154883639721,24.696065391045483
464,14.30901106563228,13.473292507629353,14.235222821144438,13.718445092604716,9.68179837957293,23.941734909570002,9.875053429477138,24.882729158725766
465,14.335806032729607,13.438454999725936,14.262503926648867,13.692506688299892,9.70604338613819,24.109891217457438,9.796432858736992,25.026950530781743
466,14.364802561099152,13.406190396189801,14.289721440136745,13.667361322958842,9.750250286112973,24.241615718170674,9.735537103251126,25.123141136330684
467,14.395219391516488,13.377519161883626,14.319729423825793,13.644594505324907,9.71635761575695,24.362804564202126,9.66578518011661,25.225827564130476
468,14.42669526621797,13.35103171750811,14.350753654236009,13.621746244637823,9.646889106583714,24.466304925290785,9.663463154858894,25.320409968594692
469,14.458688145671589,13.3268644854902,14.38252859684549,13.599001872683715,9.349944221513367,24.582165145398122,9.680638511216596,25.454011864047303
470,14.490976623961968,13.308979239823671,14.41312145005103,13.583634993088832,9.442021004086536,24.644295623319287,10.005152057932479,25.526259838736177
471,14.524131168215073,13.299365965947045,14.443316334495142,13.575848440185743,9.68551464355042,24.67729096974825,10.314521876334338,25.59326139305019
472,14.555105873913211,13.297096855707595,14.472343291534326,13.5752746243982,9.9927636658047,24.737344373773475,10.578679547486335,25.67933131974112
473,14.5830406703866,13.300432222192358,14.49675779734652,13.578198796199741,10.208019309241783,24.77727012391917,10.662811744429717,25.70111484808927
474,14.60577857075624,13.307365177862131,14.517234123079426,13.582941756742542,10.443214905795319,24.79831895123292,10.737025924322216,25.717796497985415
475,14.623540623649609,13.31854681280448,14.533634352053626,13.588057172919953,10.71575224660707,24.834600766779236,10.901994713723859,25.76481526027092
476,14.638799303622607,13.334118054294796,14.550236223972192,13.593904806706048,11.007471508566445,24.861312291565874,11.08102791909729,25.846801922857257
477,14.653036255863615,13.3494001352151,14.567139277036958,13.600998223897241,11.035068246317088,24.9362403915414,11.163177043593391,25.945164589780564
478,14.667637904424152,13.362610443701245,14.586926910763909,13.608189667848986,10.66207318556892,25.027546116650377,10.718630709150403,26.055998574216005
479,14.682745330172555,13.37280241003797,14.6084080487954,13.61540949329981,10.274253581612959,25.117874830489264,10.358932264376476,26.176055955816178
480,14.70520903676199,13.381617295645034,14.637068201121327,13.622654709714874,10.024646244207922,25.2828110982223,10.136882742043582,26.329519007835422
481,14.73284696439015,13.389989232116223,14.668184008798407,13.630231973535206,9.470756040896855,25.462609850420705,9.540148625823,26.472352500093532
482,14.765404172387827,13.401175170278586,14.699966429215557,13.641548008458956,8.89652898728068,25.62180758112649,9.139616951283207,26.591370707917143
483,14.801135753568856,13.416182489027332,14.73331133223975,13.65770770377711,8.49680687606097,25.7723967819235,9.114019075565553,26.718811829941256
484,14.836009970910371,13.444670459777203,14.762465102519773,13.691944197090137,8.27595043025363,25.865340341010864,9.28023435217051,26.773102969107185
485,14.866697547669606,13.486689229088107,14.786099642031205,13.73975888833952,8.567460557320354,25.953698491786202,9.621959457288236,26.84173982113853
486,14.894536647379493,13.541158779407048,14.806693682961969,13.796905021218437,8.894577487129556,26.03323791283655,9.939930293347086,26.915889425067046
487,14.91521007216348,13.609036767218512,14.824691502255785,13.862935656154182,9.314610132916522,26.052068928518512,10.389930022779268,26.94793035438847
488,14.93157065571022,13.69029886027568,14.841233102558613,13.936238538086888,10.022521930156685,26.078725589794843,10.73321833179598,27.004601404045285
489,14.943805841504522,13.781259387250707,14.855587496893694,14.013718134468828,10.683248253787625,26.105318170072422,11.018721866947311,27.054604700558947
490,14.953302268737854,13.863227792823043,14.870997417459993,14.070146265843709,11.15169847588798,26.098192529395146,11.273188346492972,27.07902534076851
491,14.963455745857642,13.923434989349138,14.88682449899584,14.106328079404507,11.485948003998704,26.12025314679058,11.476289484280272,27.09222027211534
492,14.977109568172125,13.963895845262934,14.904694743508472,14.12792270218241,11.639121087609347,26.1384052776181,11.593194727974483,27.12244229257647
493,14.993889045601344,13.987824896985503,14.92502786815384,14.140851756463958,11.725138988131974,26.166188532958245,11.636853726228669,27.179268293434955
494,15.015354841356602,13.993217545987145,14.949389603854666,14.145658604949308,11.57880859596232,26.229062364064795,11.543264267456228,27.24658598708929
495,15.042011271496206,13.980044009676183,14.978325287035595,14.143934942761874,11.390421028217482,26.30935208106846,11.391810526347363,27.355974182800466
496,15.076207770621815,13.950284981093777,15.01313685961322,14.138190695769932,11.265104822229658,26.39736808567276,11.369963050182884,27.458943078831208
497,15.114317068297357,13.935241255924758,15.050390440743461,14.148641177224452,11.217831172697178,26.50462925350566,11.487808299713377,27.55267942717447
498,15.152366907063087,13.938525379788478,15.083676835756322,14.173788161770952,11.22507963256368,26.631685075405382,11.658393945072426,27.64916062306056
499,15.18890283869707,13.958277388288144,15.113283745707259,14.209584370890877,11.151776363569978,26.75617341168493,11.63651043304205,27.742071482175255
500,15.22357596633213,13.990537125662065,15.14044475447396,14.251361895318384,11.143831011218316,26.910451273823565,11.660326207033986,27.890961624554233
501,15.256075268500885,14.037245224872782,15.167249112934186,14.299554232727402,11.201977373992753,27.075722824490988,11.644223279554227,28.047526334586188
502,15.284824518580724,14.099149974030306,15.192816056872061,14.35356289369081,11.239049773726935,27.189126797084374,11.523644338993346,28.155285067159564
503,15.310770917806948,14.16782755740424,15.22105626458267,14.402013349216766,11.190435112077148,27.263003880269988,11.407198858663474,28.201757328588016
504,15.33510605892742,14.229512794079435,15.25081071154497,14.446087638228974,10.894380194644226,27.300464227349824,11.102974417552526,28.199379122625004
505,15.362380924666873,14.28246729411236,15.282253482194864,14.485970097807789,10.618329507542322,27.288953974774824,10.963833411728418,28.150539171678453
506,15.392864124898429,14.328200407029886,15.314748906468909,14.523275267236588,10.622934537022074,27.23828331639331,11.087290864610333,28.071990403511005
507,15.427772989507542,14.368349797502631,15.350460366999336,14.558486666639682,10.578659357463293,27.106132137205915,11.15887096255725,27.96971369263882
508,15.466135820371791,14.401552655318712,15.389112113284662,14.591989513638946,10.573557032541652,26.91860007570928,11.23567557318838,27.848575886667465
509,15.50723989383446,14.433283517788762,15.427781176730486,14.631761830923026,10.668346070672072,26.77279371926373,11.329922852430528,27.791548421737755
510,15.548036185691226,14.47346385535067,15.466023636340218,14.680734592936316,10.816208940714771,26.665850791973345,11.459005904195902,27.761533131451706
511,15.58848069579796,14.518129842622153,15.50341562068922,14.731613383326836,11.142621060161169,26.615800268909677,11.601493487659484,27.777150562551707
512,15.628087398224705,14.568738738433964,15.539826964741504,14.785299438346874,11.577952096357643,26.62109952118114,11.972069304658465,27.820147917884782
513,15.667043245250522,14.631580571349838,15.57536087078015,14.850741658168646,11.865019332006337,26.669204892953918,12.295842319261274,27.87503667311485
514,15.704573701290293,14.70521029934188,15.611556757161427,14.923656523571758,12.134496852504531,26.782093082254647,12.503559450121445,27.970394548137527
515,15.739033289492683,14.790004617950277,15.646278084523413,15.002890970593613,12.475623557368351,26.955165198102225,12.789216349246425,28.09137608033103
516,15.770301807926508,14.880562371264118,15.677309852301493,15.087232582792067,12.848164253515531,27.122637908790075,13.094092117596112,28.219993441317513
517,15.800259172095762,14.97368825566871,15.707454272070548,15.175330772640228,13.090877442197213,27.29615174111769,13.209831364275951,28.347363933537924
518,15.829682682512527,15.061363917618129,15.737680784147672,15.249783320803065,13.112808895336117,27.46484905265579,13.031882151637367,28.481503510583437
519,15.857583282810682,15.137616059787787,15.76630589810583,15.306637132124266,13.082791057370635,27.633493559886546,13.073984808003024,28.61985590908114
520,15.884957850717745,15.195747447940867,15.794838653604762,15.349105494271782,12.912074074144277,27.772087760721938,12.938282464099112,28.708622613819927
521,15.910406068836567,15.237604391968327,15.822876578765294,15.381171083812935,12.608958734374127,27.85237091376291,12.593426272387276,28.74997986190838
522,15.937782901561198,15.261332527499027,15.853719222160603,15.402249569767326,12.156728406968778,27.88665953182985,12.228049452431346,28.7632600986837
523,15.967768185373814,15.268474688925572,15.885241068654526,15.416698341001954,11.550068117609394,27.884225059935158,11.795362973307881,28.754078726408512
524,15.998922068035812,15.261134163418394,15.917525504690566,15.42865038621573,11.054185522557285,27.8658167498225,11.474623839269194,28.748973297326362
525,16.029720388974933,15.24892183202989,15.948720382115258,15.435121552834856,10.782647572077666,27.807846228134753,11.264559838313179,28.721271006504427
526,16.06251383998011,15.237083630267927,15.98100220847124,15.438465349844124,10.426778350273596,27.7450243042519,11.163753278295339,28.72422721596065
527,16.0940147962107,15.234652548358554,16.010636535418673,15.451104712087334,10.187944309692387,27.716142779930056,11.076393090703528,28.751613486390056
528,16.122927018394076,15.241070850641647,16.03607300596976,15.471692250740851,10.23048649039494,27.720192215706206,11.16351790675616,28.78988536105478
529,16.149098552157632,15.258288716256546,16.060837292606028,15.4987600348994,10.360245315588081,27.748571674825698,11.265483653552394,28.834911040542583
530,16.172169709005644,15.283639091869556,16.083269342759507,15.529412509479885,10.479556322291629,27.802634856545698,11.193262171404434,28.887172188666998
531,16.193520262760746,15.315825861792934,16.105999307206115,15.563936073743257,10.557840171882654,27.861248667553188,11.10137048412677,28.93749582451068
532,16.214566731615562,15.357365653687605,16.128958731729107,15.60150731821945,10.589964972586674,27.948214010491935,11.011213003275364,28.993900699035734
533,16.235855335206214,15.407079717950317,16.15485696197122,15.64098904121933,10.742119598040246,28.031704532919196,11.174241234778544,29.0589091695487
534,16.25880230905288,15.453692848119061,16.181829775352828,15.678412456066582,11.043502112722326,28.10686654842032,11.507133949244233,29.124621742045427
535,16.28487084472513,15.486384740574435,16.20963081366107,15.699366174555669,11.598782711990633,28.17642995082139,12.286133830721925,29.185805833844938
536,16.312055962652124,15.504040261272014,16.237662997435756,15.705535015567893,12.060538588003588,28.22740514395687,12.810237721649507,29.22289093301661
537,16.342360787906692,15.50819065338544,16.267227369462685,15.700741319755181,12.518891248189677,28.277380775702134,13.070923367556075,29.267694953906265
538,16.374250108869408,15.499990030620099,16.297850239199647,15.689577297695417,13.004124203536678,28.347792610513515,13.283071665392336,29.34058814209687
539,16.40865567826463,15.478204292641095,16.33065151599348,15.67158927416916,13.384400148880136,28.40024504734548,13.289189697835884,29.389921663455905
540,16.441304590124286,15.443483729966546,16.361860304614197,15.648212391143737,13.494422971181647,28.428955389139965,13.151024309876242,29.415708875942382
541,16.47385150859672,15.398937141503446,16.39294876152827,15.622021198594073,13.308121473669082,28.494520551870558,12.828046462052013,29.50188446606385
542,16.505269227156248,15.364981508162542,16.422481260495097,15.606641596249798,12.970186640204533,28.54452717188319,12.867718737909193,29.55758762483911
543,16.536172591826656,15.340544620506916,16.451216075905567,15.597169643050748,12.48518886286169,28.6145654340116,12.597154339812583,29.618404426143876
544,16.56491319331423,15.325573574588315,16.47832563361631,15.593067069051457,12.086825931009678,28.730457349212404,12.342209285972087,29.746442820570604
545,16.593003781762174,15.318462564205454,16.506067662272756,15.593467323257851,11.597751112462284,28.832013058807064,12.014852782856064,29.86581576977091
546,16.618575612713514,15.320450407218663,16.533003160615298,15.597481859598632,11.135385140864116,28.909775175774534,11.627701887410588,29.91886392912051
547,16.643769962659096,15.331388150558775,16.559104046549326,15.6041570586513,10.688005463566144,29.037867218597906,11.195006032403843,30.018215036451984
548,16.669505014452785,15.349497232793752,16.58672082885479,15.612304448575982,10.353004665486784,29.1203918678607,10.794728361970497,30.099314774162067
549,16.696912894559144,15.362127672750322,16.615876568173327,15.616532092867562,9.838089579916685,29.222904285830623,10.520438710845324,30.17901600302521
550,16.726839386940497,15.36948125761727,16.64774371737142,15.615334330366943,9.693031940901266,29.32464095667705,10.517541263669507,30.257585421284904
551,16.758424857963842,15.372973444863748,16.67980933207513,15.612486054248713,9.504263550300418,29.415503452598397,10.414102433356417,30.385095567899256
552,16.791647664361744,15.371349699568679,16.71363312150349,15.606678597182912,9.208552799860396,29.531408798558953,10.05904615895654,30.538990193182116
553,16.824328950304775,15.365531270500854,16.7450385485016,15.59985905475142,9.281935529462206,29.70952436878321,10.165780881057888,30.708107883594526
554,16.857583332725884,15.357884598966404,16.775295596633576,15.595330248210894,9.40001974566259,29.822220387263297,10.19064264013294,30.80732763242288
555,16.88909393973064,15.350172598611474,16.803895370612704,15.594493392765562,9.510840563567019,29.926390696831533,10.143391408847638,30.87663966728326
556,16.918976618542093,15.347259427395288,16.83146859537607,15.59820913103008,9.581748520744611,30.026220519449325,10.097446817859995,30.94059832154722
557,16.945891796315415,15.351536191854803,16.857788270723066,15.60667252561594,9.288120127823435,30.101459168455378,9.766886072270154,30.971833011500884
558,16.97194710000011,15.361647604058831,16.884345748936987,15.619715013312256,8.968133458291065,30.116008600529813,9.364302238706463,30.976888530006306
559,16.99684834412363,15.379049160971165,16.911695121108202,15.636910352882511,8.742109701270508,30.080777816142433,8.906259121834196,30.961016599171852
560,17.024144171712425,15.400546921245246,16.941989785235833,15.654015913564002,8.246372442351012,30.009249448992467,8.552070001815176,30.947694429543414
561,17.052995173332068,15.425149545068598,16.973329934960343,15.673117525635233,7.681443154427167,29.96454988390132,8.108265385457193,30.9365314907192
562,17.084284582372696,15.451729433446863,17.006106528928047,15.693925703243062,7.13418916147739,29.876506182879563,7.7116392662022735,30.85672438603397
563,17.11741718228413,15.47194291934638,17.03965495026359,15.706080540624425,6.457190422186532,29.76935484540175,7.2036257255283695,30.77456515515265
564,17.15209899063592,15.483846796287178,17.072919413589165,15.709656271157463,6.145001263728338,29.711861866209997,7.014437038430984,30.758447170824574
565,17.18673583609633,15.488739422643805,17.104964272400096,15.708966605021676,6.001970038033661,29.671299336034984,6.9619100927667965,30.74934311076143
566,17.220661570791414,15.4860859587293,17.135712492151395,15.704621498880252,5.940922821950952,29.652741209763764,6.898389978590072,30.75298334856659
567,17.25328321218935,15.478351019467805,17.16668478203659,15.697316248490226,5.957669998245671,29.617345810756646,6.970752689874104,30.731906192290975
568,17.2844239983851,15.464236598636596,17.196766374451432,15.687975426222266,6.163496372208898,29.57230120959925,7.131539174111511,30.700718188940954
569,17.31273235590101,15.454001852085337,17.22441827766028,15.69151553581531,6.212730223872932,29.597616475952186,6.999025494148755,30.703500509871283
570,17.33981007302896,15.455555820549844,17.252266271224297,15.706324942012722,6.1492269218139,29.638710382925943,6.544533582236387,30.70950781721823
571,17.36525039461146,15.469478708353265,17.278659610775172,15.729347869387267,5.829080287540595,29.699183175758076,6.038746484478203,30.791047264988887
572,17.39047598347052,15.492335906241967,17.304926870771723,15.756721513668126,5.415719133018836,29.76808560174276,5.602495872786278,30.871893842080695
573,17.41698470622132,15.525777022146151,17.33282373737145,15.789645093366884,5.058269236482197,29.832626525939556,5.310314650586537,30.941395777645333
574,17.445281404921072,15.569802056065816,17.36386402006954,15.827008621399962,4.977277432805144,29.934084566634052,5.586429791966789,31.024796804148036
575,17.47513508035067,15.622722335796453,17.396402828880763,15.865834281624776,4.40767183129087,30.056979730804915,5.2264927762093265,31.10711540961077
576,17.508557006976257,15.66272536973018,17.430820459614935,15.889728166488261,4.0825369080589535,30.169830969726803,5.020676306708796,31.186444961688682
577,17.544020236929924,15.689159105820622,17.46707133811041,15.901920502019612,3.9177822350787714,30.289211444504833,4.730722573459771,31.263032333898476
578,17.582018635240775,15.704510447330529,17.503687553638198,15.907299561136634,4.0596524696437895,30.339747480250832,4.786710128501841,31.30456735026792
579,17.6202475983317,15.709383666603081,17.53847699868653,15.905907139621206,4.365400836693881,30.427275384658824,5.028904399074917,31.405264164757625
580,17.65882165377123,15.702313790816264,17.573674742615722,15.89909753359982,4.781216181900604,30.499111063205685,5.433572852106461,31.468677174034998
581,17.696045991908477,15.684244291042214,17.60866612295419,15.889275039474652,4.832133816833623,30.563878040406284,5.756310939288555,31.537310877623117
582,17.73187932999425,15.666739727390079,17.642467363001003,15.891155244061835,5.619113166382094,30.630166599049883,6.4641926669637275,31.61004832640105
583,17.76299267831211,15.663388761188736,17.671139335245726,15.905292635754833,6.4438858518610544,30.7288776808785,7.164798570939403,31.72680277715919
584,17.79364866688515,15.674224930333885,17.70224950149941,15.929547981488085,7.1948669213229435,30.812514453085207,7.4975318470234456,31.8124421138757
585,17.82176672494764,15.69689427195213,17.731252118210374,15.961144596076585,7.833588617158474,30.927022658334558,7.896992068131075,31.904780282576112
586,17.850318889207216,15.732710784965896,17.760434219081876,15.999051045986286,8.296898471204738,31.013712272169425,8.163979741336114,32.006661588194156
587,17.87448313186144,15.781323726921299,17.785060046924517,16.04164905896125,8.45992400952559,31.135017625069448,8.169595718740037,32.11958618544824
588,17.89817642635932,15.8416536588624,17.81097052806848,16.087905353491742,8.756463851447037,31.271221081490424,8.360908918297504,32.24895042809053
589,17.92301163809577,15.902220192340708,17.839082215882875,16.13472533547918,8.808612482017773,31.420881215879657,8.621985466437463,32.388713442540094
590,17.95057708608876,15.94596715093282,17.86697730920493,16.161379006959542,8.766020050870443,31.551063899601694,8.830138112702578,32.53182088841507
591,17.97376448759094,15.973779203232743,17.891390548002285,16.173388037188875,8.822302482527796,31.70909500253367,8.908452803721849,32.67779218996214
592,17.995073618119658,15.988341533167661,17.912521471481597,16.17673339022678,8.781096092782725,31.872854554446615,8.970123227052769,32.82661463819698
593,18.010968199052613,15.988663752910279,17.927618796028437,16.17185998460411,8.778979936141122,32.0156930774971,9.018722198912766,32.94383678758674
594,18.025330890533443,15.97483048428312,17.938935871020043,16.16046268621677,8.923562557368959,32.136973914496465,9.056511998690523,33.03936346789564
595,18.037942648487387,15.955546331685216,17.951806086294983,16.156083243483632,8.937156293433675,32.23376758097584,9.090053945245337,33.12068610367304
596,18.05016425243225,15.932591438842818,17.968785523058134,16.15702772811385,8.879008810121169,32.30804823165704,9.123242173727926,33.18969764361837
597,18.06508955265864,15.921608992113507,17.99163504183827,16.163943266749857,8.827739011318506,32.36336683835547,9.159769124875726,33.24992286739844
598,18.086104829876927,15.923504133089013,18.020572164220404,16.178130658981523,8.846378749076376,32.3986837951772,9.198345084362238,33.3018512781438
599,18.114186359485636,15.933393260928982,18.05515475888566,16.19438771087381,8.798668011863507,32.41416439676411,9.135146881244442,33.34728620314029
600,18.151100366147663,15.952144155600822,18.093437676780407,16.212264700724894,8.850650131259615,32.43352906106177,9.223487625316178,33.387445939664154
601,18.19594296843837,15.977556718639455,18.13449300513308,16.22839483843036,8.873951280768347,32.425042594751964,9.253076273072267,33.38269830574717
602,18.245041202345814,16.001340893736778,18.176893224493334,16.243649726050805,8.614177388297167,32.386665085861246,8.883614447457612,33.34180397554361
603,18.294685137027606,16.023466655331752,18.218501076397413,16.258133676102016,8.299438413305415,32.319559847976755,8.516853630066905,33.27257501100119
604,18.348700881371357,16.042908970556603,18.26693738419878,16.272018543116726,8.057976542934222,32.27010426458336,8.33645503400234,33.246832282498175
605,18.403034696403267,16.057756667888036,18.316859327268407,16.285364249857086,7.645266613932212,32.26588034271438,7.961617996751177,33.29339820197951
606,18.45515454202397,16.070887838209174,18.36495891149339,16.298503702498014,7.5930788629793184,32.29403192997707,8.07371380033092,33.38014365659537
607,18.503271284712845,16.08561232924301,18.408688619277296,16.31618731403844,7.486512615428814,32.35428313922506,8.225388126417368,33.49821862432567
608,18.552357885560458,16.104361314816245,18.455552060566824,16.337831261563824,7.436332334143475,32.441867172473145,8.384602282259895,33.59402268326566
609,18.605673895031643,16.12659068624985,18.50827413018303,16.362276814232708,7.78165304215426,32.55311616898933,8.67413708945308,33.666957906417174
610,18.66146917612926,16.151711469433497,18.561831170585297,16.388238107299365,8.184009204760525,32.69749193476409,8.91086880878439,33.734395355574335
611,18.71534898862419,16.180284748816845,18.617081888028927,16.416120551265458,8.55962279423814,32.81765246730343,9.177749321562098,33.78460261458167
612,18.77057299295502,16.212360665683704,18.674387199297804,16.445581371109693,9.051497386136964,32.8907682640855,9.323125762523505,33.82611250654329
613,18.83048398230131,16.247255601393658,18.73467597815741,16.475483482950157,8.792190789168762,32.93522148857112,8.79948116349463,33.868216678476244
614,18.894467397485514,16.280476588892828,18.794200893355743,16.504374525057862,8.814239957784478,32.92388021716768,8.836874604803121,33.872709217942436
615,18.957784797322788,16.30746489517988,18.85255724065354,16.52614109274312,8.655129247122803,32.97580878972663,8.651035427447926,33.96632296411763
616,19.018021787398144,16.33036863465661,18.910080460301884,16.54492474047836,7.919406262334047,33.070359631519,7.858742893738313,34.0972429021137
617,19.077834830240054,16.350436666402718,18.966926387433944,16.562399891555373,7.243664848744143,33.177328437422155,7.311311526337719,34.22839774932631
618,19.13723106361436,16.366167729659846,19.02433597214382,16.577470081462664,6.403313481714359,33.31293458997488,6.720199683600509,34.36982736410308
619,19.193567031459875,16.377704475669756,19.079070900748285,16.590801899049126,5.498867274405177,33.471533586437154,6.089517591723222,34.51650377806941
620,19.247068159985453,16.386557490802566,19.133237461899242,16.604040620296004,5.138382002006526,33.650649258901936,5.707701403878958,34.671071993719366
621,19.3001489168405,16.401151584462706,19.18766962449663,16.627789034535063,4.604293667737412,33.87403955652459,5.615105302637401,34.82792300051801
622,19.35270210941281,16.426435337399333,19.241075234629164,16.660305355072797,4.035187205156588,34.04425235206905,5.273810073555579,34.96944327697544
623,19.405975710371095,16.46044971293407,19.295123413881072,16.69973845132395,3.9693400468338647,34.167740375266604,5.067835861859226,35.07171253313421
624,19.46026866229308,16.501906589670806,19.350970226660817,16.74429146212469,3.69112821370776,34.29281399061414,4.68928442075169,35.183050558296934
625,19.515164401980822,16.552004273082318,19.40846254743998,16.79311486236623,3.481827811428509,34.406589833491864,4.329093715651143,35.29290201982817
626,19.571922075445492,16.610519961980593,19.46591001761457,16.84526677983397,3.559050296279227,34.48763021998726,4.28411776215684,35.3685911722296
627,19.63095447975157,16.67514673547825,19.525225389782012,16.89806682592308,3.5037044960689054,34.55445869219348,4.1869179591573324,35.44589312233805
628,19.69175781984052,16.730035133243238,19.586385522202818,16.939862251907538,3.032809634320365,34.62776609724734,3.739332661639949,35.550371476845804
629,19.754691561476246,16.77595008767861,19.648476576900457,16.97447621263264,2.7801707728311635,34.71026385458916,3.4178249221586174,35.66357587595303
630,19.82077920274805,16.81456065255628,19.713381521148392,17.005000126619443,2.5848506543413583,34.81697734745773,3.310312961009778,35.776068120383044
631,19.88628003524307,16.84657963702965,19.777264478750656,17.03332326221801,2.5405547797745016,34.922137397789214,3.221308770320864,35.89373567439946
632,19.950762185263848,16.870351180489873,19.839618612946634,17.057540462695204,2.55125056126386,35.03262968981989,3.169905478361234,36.01590889948968
633,20.015816020683342,16.886655219129306,19.901922653991654,17.079633527721093,2.402437743183413,35.161007887358544,3.1485273381037744,36.1267538646892
634,20.07905237109716,16.897778712456095,19.96271817755104,17.101104091868834,2.2705851508667187,35.30259423338916,3.0933000197988227,36.25104338730571
635,20.14183114609143,16.918176154093096,20.024089415207005,17.130833353067597,2.227572977322574,35.43060783841979,2.8032313426573543,36.373330289444205
636,20.202311844005305,16.94695915134568,20.083449478618476,17.16762727279581,2.10019821819221,35.52863221486794,2.4898398904874943,36.45942839217525
637,20.260026985019927,16.98315602069528,20.142220357771997,17.210227165405364,1.8465117485267102,35.63726556717001,2.212422186533972,36.564953284090734
638,20.317830557506387,17.02534781677814,20.201307908357293,17.256600077324393,1.7263268952265998,35.725881333106386,2.1743986591336673,36.64899466142546
639,20.377585005461384,17.07531922659339,20.262336751052146,17.3060541316076,1.6036598428843902,35.84283004123546,2.1605965457270018,36.78351075497889
640,20.441580458553673,17.132276237217997,20.32960037875242,17.358091609815354,1.406383834753397,35.9548994040768,2.0652647523353953,36.89756312049166
641,20.507980686265515,17.19500102797298,20.398167206271328,17.411848568348187,1.1867973839791683,36.045014955858775,1.918603477908416,36.99453339557642
642,20.57324147575199,17.251196616930102,20.463546435005632,17.457954452540818,1.0599181444774393,36.100180838244555,1.6869792216798145,37.04485179247675
643,20.639922605435018,17.303304122759634,20.528498715337758,17.50240090120766,1.0704950394003516,36.17724301399463,1.6119956603328458,37.104746297471536
644,20.70835590299148,17.34794382614077,20.593968135477763,17.540463017486193,1.061340345866703,36.2317119734277,1.4966936617974786,37.15744874870747
645,20.77732730597206,17.3859769424114,20.65935298156972,17.574096464564494,1.0204984227100737,36.315848232674036,1.544501106363201,37.24090184931158
646,20.84531395121446,17.419013891631018,20.724024223080992,17.606341198654448,0.9237943339766495,36.32044281039689,1.5210751161868654,37.26350547953623
647,20.91033804769391,17.445409360153516,20.789834774878372,17.635145183643893,1.344479425508209,36.39086325522886,2.142758218674463,37.37983685628592
648,20.974336850559364,17.465382517728894,20.8560183304253,17.661490134141214,1.819073129170023,36.46284591784694,2.644876768642277,37.48118132120337
649,21.04041136538339,17.491417297040062,20.92224002787047,17.6940566805418,2.3762627168121586,36.55312235918481,3.0479964494871643,37.56046271829867
650,21.107636229612424,17.519861278156437,20.98981644096356,17.731262507520754,2.814610087849168,36.61133896329233,3.3142904215460405,37.59896764736876
651,21.17297759559216,17.555169493532144,21.054238659621788,17.772837545700458,3.3093003300794908,36.67508033289696,3.551189698766076,37.64183995743863
652,21.237715905769555,17.59615552207209,21.11801652307976,17.81728725023067,3.851749289231481,36.71532803670099,3.945436044365847,37.68463838416012
653,21.301816919338055,17.641004604594258,21.180825742912653,17.863766787171823,4.390681494874935,36.79124495627641,4.197430417936608,37.72492006243894
654,21.36628466587953,17.691836220159534,21.245569559252896,17.912263213923815,3.428133817800049,36.801572319810724,2.936998052660544,37.763542572537894
655,21.431356793335084,17.74803470272696,21.311822702455938,17.961940401205812,2.444335667135632,36.805659046842976,1.9029958014456854,37.79395020648071
656,21.496807557484942,17.80024237062899,21.378563939700143,18.007553029955847,1.2799537012259097,36.815575178115985,0.8239983803226274,37.82456402333608
657,21.562933358639732,17.848658778408257,21.447554013797312,18.049914011879718,0.021752432476798367,36.8441075685669,-0.2264258574296074,37.85026107618085
658,21.632639691414408,17.89308362357484,21.517919910753584,18.089872673662743,-1.5817071619077905,36.86384242994433,-1.5217711267120613,37.87049082436039
659,21.702197127101968,17.93365388395659,21.586120693448283,18.12755128415769,-3.778523777398196,36.92411509814681,-3.1922031990011472,37.95176391302623
660,21.771340899689477,17.972631943101714,21.652195274101864,18.166612749267255,-5.912697081932529,36.998835229770265,-4.49875623746652,38.043270365162314
661,21.83907775279471,18.010330495202982,21.717489780915294,18.20729584821667,-6.997484111130598,37.036443984246446,-5.5384507190734436,38.07087005186755
662,21.906225464050685,18.04736708442937,21.78337797710417,18.249845292355168,-7.929223722968583,37.07549202047125,-6.1816311507022315,38.09444305928887
663,21.972197801778766,18.086328837124565,21.84825045255917,18.2924804850752,-8.960535828582652,37.11137540609633,-7.088665017256151,38.11520698946478
664,22.037677417402723,18.1275358587782,21.915210982536465,18.33568735385865,-9.820267573278555,37.145070930755985,-7.764331126740176,38.13012546601344
665,22.10241002490239,18.17007439931965,21.982442236862344,18.377918202640092,-10.46309201281749,37.18019031942059,-8.447751479807112,38.143518875579346
666,22.168345487471434,18.214408815458853,22.049976260185687,18.419988394840676,-10.510198070475319,37.16972386535442,-8.801230547847057,38.15571703120971
667,22.234387955226428,18.258063570988526,22.115672399848155,18.461636150839322,-10.702277445584006,37.141479910056546,-9.253860547999805,38.16687192517545
668,22.301552242546254,18.29975024512182,22.182392730663715,18.501732681003897,-10.878160833240438,37.13978677373763,-9.589734050190799,38.16741385422291
669,22.369989477687263,18.340321999558405,22.251019911745107,18.542134474450787,-10.846345410767974,37.20889145906578,-9.376962982658826,38.26838845206173
670,22.440568574890413,18.381615700539047,22.321122585026096,18.584087622403427,-10.408963507237,37.232017312663764,-9.03156348328809,38.28672018849131
671,22.510897805536953,18.423236265261167,22.392238224010104,18.627414060252423,-10.534254646799033,37.254827964837986,-9.496463581063704,38.29932813615962
672,22.581492186697364,18.466778655497375,22.463044993997478,18.672350614709305,-10.79980741043498,37.28721772030064,-10.205812774875735,38.32426976764358
673,22.65388155314011,18.5117555830382,22.535616084428327,18.718384210767574,-10.909816682379404,37.313091776714046,-10.36051367322004,38.33652377435264
674,22.727011174901662,18.557899349970707,22.606516034058693,18.76492066302852,-10.687955094824497,37.33648150153868,-10.190005861814297,38.34427159568609
675,22.79998174267258,18.606342995394083,22.67708906056763,18.8120921017953,-10.58517345051227,37.36044206737105,-10.195062668677998,38.342764544099026
676,22.87157537161659,18.65571917869218,22.746977062127485,18.859527687659035,-10.822035232105268,37.310996930710544,-10.192362576769861,38.33950180798286
677,22.940810591613936,18.705009814528303,22.814889046617875,18.907062280794783,-11.319632609052348,37.34467259320602,-10.381400356089951,38.39073805258233
678,23.008728910542867,18.75118236858266,22.882323102892435,18.95042647769927,-11.34057419985998,37.39832268852069,-10.605439178017825,38.45762147419271
679,23.07579497248687,18.794194383008616,22.949008018050666,18.990974205791733,-11.010612048301935,37.48004036712339,-10.632520275101047,38.56528962171914
680,23.14106081246644,18.83479565334912,23.015858182739215,19.03018723986876,-11.000265556442631,37.56758981653959,-10.687490134801234,38.65193804100456
681,23.207718026299773,18.87234673591762,23.08421727943688,19.067053955127903,-11.041400876720871,37.654014929585,-10.509685772731128,38.71779118784438
682,23.275707021597555,18.906761610373746,23.15423800788398,19.10185111270624,-10.697002376070682,37.74669497808891,-9.968678104786388,38.771318054888226
683,23.345482831385663,18.93885397133319,23.226259122374717,19.136190660181715,-10.31342149970559,37.838599506383254,-9.474328525488259,38.810907390738485
684,23.419376657300262,18.9680679874974,23.301902635387254,19.16937707131716,-10.045098392982903,37.889494177457635,-9.431309908832691,38.83925141250943
685,23.49503786478311,18.998143428188662,23.377874376154,19.202387248880004,-9.82518813975484,37.922459326569694,-9.53710603676322,38.86261177054989
686,23.572259011615298,19.028773916593465,23.453362467956026,19.235322243769943,-9.652230537470723,37.914582505990154,-9.535906240189414,38.87806676884829
687,23.650102814353065,19.06318849392222,23.528212921095985,19.2738047236769,-9.46298270984865,37.901448493808005,-9.54579594907726,38.88378126552561
688,23.726097917718334,19.102074261112275,23.6007216880136,19.31650406624438,-9.825186997121746,37.88594113309584,-10.1028307820444,38.88169726751131
689,23.799894276034163,19.144883072670666,23.67080418517334,19.361365626390352,-10.362913876276735,37.85197456604345,-10.396252449442974,38.85487232084695
690,23.871849603784483,19.191011095126722,23.740052572006366,19.408274820222776,-10.914686615181491,37.81342990644772,-10.58676720495633,38.82384883633306
691,23.940214258967977,19.240804773857974,23.808764872331896,19.45681730745375,-11.090494992974971,37.78073863859639,-10.567322202861908,38.803841251976785
692,24.006488181211534,19.294378556234303,23.875951601670327,19.507093633136616,-11.214928286083136,37.74003172993435,-10.618615082600959,38.77769493174817
693,24.06889991321284,19.34962613874928,23.939656803110978,19.556906316565495,-11.366786138983437,37.6884918506649,-10.616441172916154,38.73749324899596
694,24.13271996542021,19.402009652728655,24.006521266077137,19.60437533899324,-11.785073982634822,37.63407158373993,-10.995929558233987,38.69513656655379
695,24.197613342814464,19.45179095417622,24.07445117912356,19.65084172994632,-11.681046497125998,37.58028380981379,-11.116636835006513,38.65530988194658
696,24.265690974684432,19.499534229610024,24.145157185778043,19.695710984530955,-11.637444011743089,37.539826787306914,-11.146656206112803,38.61714695423869
697,24.33655613999479,19.545262943103594,24.218345447404303,19.73948239255289,-11.52161148035235,37.5141706600276,-11.02453227695783,38.59800287440313
698,24.407265010891305,19.588153221074347,24.29041383902758,19.781834646671363,-11.778322895558388,37.48032217394116,-11.276824342347014,38.57582812777614
699,24.481204245657906,19.628232198812324,24.363945732183307,19.82257776096398,-12.118114621027425,37.49443242076213,-11.66116106025699,38.61542584394245
700,24.55677038429351,19.6661293460244,24.436468252391222,19.862830488552987,-12.47831710086838,37.53275214054907,-11.954497473615596,38.66095594079823
701,24.632175287574018,19.703918053251346,24.509606829513622,19.902043158366812,-12.372242573721422,37.598163669697726,-11.91740416200414,38.72555789527244
702,24.708644497614316,19.74072429049976,24.584196007275665,19.940680796685058,-12.463598973367207,37.67822675253228,-11.981904456508968,38.79139186421537
703,24.783378760768105,19.77966176885461,24.657669146444718,19.982145658000906,-12.5002193635389,37.7281802261878,-11.890070784689769,38.79594184400347
704,24.856863074649297,19.82142804537238,24.73095706439605,20.026936100636583,-12.730821020813352,37.80606474220035,-11.942645776875917,38.85016679364291
705,24.93184692885886,19.86673887937703,24.805556711355447,20.075270439668657,-12.745452535846114,37.897952341124785,-12.031715269175708,38.90636057941152
706,25.00491594534213,19.916217039805684,24.878283036501998,20.126547932183563,-12.145666279204438,37.95842258647398,-11.425857547278197,38.96444808023377
707,25.076092586588445,19.967642408410054,24.947599831986743,20.178010635893393,-11.568455111308392,38.01999244526246,-10.957934921094871,39.026385687866515
708,25.14402477061744,20.021847271172877,25.01386493971145,20.23023236977879,-11.373873164277494,38.115788077650606,-10.846955189498194,39.15218421796556
709,25.209174937795648,20.078713260312398,25.078593504999077,20.28272176789107,-11.087672939911092,38.173744560571635,-10.72449985633579,39.21359942934778
710,25.273839187231932,20.13592305659882,25.143701795046944,20.33586879368353,-10.728722554962607,38.30784758292945,-10.381246358782995,39.321457053811024
711,25.336708781833995,20.19273544588867,25.207626973172587,20.389281008625886,-10.14913774937209,38.407885082633705,-9.92579644651228,39.41027995415585
712,25.397449257769008,20.247782145475067,25.272088629532185,20.442320784575255,-9.597127796932284,38.519353510661965,-9.645005132510896,39.51061126756277
713,25.458365606126375,20.300308158145324,25.336686022632094,20.493653824734608,-9.518187907864677,38.62613199883044,-9.406623354362592,39.59723684133883
714,25.517399954537126,20.351249924562275,25.397070414846624,20.54311269161555,-9.421534361515533,38.72375854197936,-9.20717249935967,39.669543455050956
715,25.572941380817394,20.400456873724515,25.451267118832064,20.591249552162555,-9.131310401380716,38.768434902545756,-9.040495017369977,39.729558785776355
716,25.620162075686746,20.44267537526307,25.494760303126917,20.630761244063322,-8.866044132916791,38.841726405483875,-8.906647950449928,39.77837973164966
717,25.654977181493877,20.476408902964508,25.52537967811366,20.66152432075891,-8.777401049898618,38.872737170489465,-8.80235024949283,39.816801757285255
718,25.67590651631481,20.50124450808466,25.54200006653439,20.68435409770409,-8.821873684017962,38.900922889608125,-8.726805775509234,39.84564334464811
719,25.683018380316824,20.518087669905796,25.549527860553088,20.701951088567103,-8.811874240766167,38.90745149547426,-8.67186516784966,39.86802317309722
720,25.680220881134556,20.528106519072306,25.554714149015947,20.715375261326432,-8.811693529626046,38.908943045334716,-8.627866477738456,39.88525080483672
721,25.674855210723166,20.53149918088789,25.564191661469195,20.725426978452187,-8.825256137065452,38.90758447639362,-8.602441100259174,39.898312625554375
722,25.672561468162083,20.528545206720306,25.581589328810193,20.732816953475275,-8.838252142224201,38.90451286048425,-8.575411070188244,39.908088867078945
723,25.67761521203122,20.526869088191035,25.60624246695931,20.741810851278355,-9.061704855995249,38.902663349228675,-8.846933706638577,39.91879142575855
724,25.689032657351074,20.52503572367506,25.630458143339826,20.747708047748233,-9.288204903837041,38.904925919042846,-9.071855798209869,39.93218710528265
725,25.707606920284135,20.526683629679745,25.65209128836944,20.75558169892041,-9.44834342398673,38.91457474008405,-9.16723294242046,39.951434447549104
726,25.734440421188378,20.525315140729848,25.675075966672654,20.757027621196038,-9.720121596667974,38.931019337465415,-9.40386626382092,39.97566848978463
727,25.768862369759784,20.519195264194558,25.70334182688935,20.750850299025508,-10.0126771721392,38.95404759681451,-9.62321019373127,40.0035974944715
728,25.80580253212112,20.507576430203343,25.734842363863294,20.737540111018927,-10.422873409419983,38.9815868076656,-9.97331961388837,40.03157317868343
729,25.84089650476803,20.492731309619142,25.767239024646283,20.721708995521087,-10.808576363721503,38.99511203204598,-10.21248083180768,40.033641396994135
730,25.873896591601763,20.471974264017035,25.80098772587002,20.703861138030316,-10.914295945272961,38.994825922357805,-10.30493653995882,40.01885729576683
731,25.908544520935678,20.448450603622582,25.834738449240653,20.684399886945343,-11.210722904206149,38.97659752906626,-10.653146022435637,39.98671768572621
732,25.947132537763107,20.41879357884864,25.869545731226054,20.663544057291308,-11.584499236193162,38.952597697820025,-10.955082802120552,39.96159780160642
733,25.986622177021207,20.399181924446918,25.9042349638686,20.65593212201066,-11.879295871297845,38.92906666679855,-11.245954010279348,39.95074263919818
734,26.022545128930556,20.39201668059949,25.93696258657514,20.65993924348565,-12.135464147522619,38.85507372389312,-11.45555037132878,39.88005005743191
735,26.057003101133166,20.395779810100127,25.970028284674388,20.6700581541864,-12.323300319510727,38.77988010208932,-11.702563224109026,39.827422829172605
736,26.091228042108135,20.405063647458814,26.00335083063858,20.68069930865579,-12.482766472102522,38.73219424679401,-11.8195291609695,39.80351959061849
737,26.12462521475298,20.423007846381005,26.03666792539821,20.696144096236836,-12.664114876932363,38.6992163909289,-11.844635015495383,39.78858075326237
738,26.157485944815352,20.44968289953823,26.06928907096832,20.715481106380032,-12.684054263167377,38.683717575504225,-11.913388657532858,39.78080933407319
739,26.188542691926266,20.47584845358191,26.1005609582244,20.72511469259842,-12.666618747956402,38.670754599354936,-11.937873100773103,39.77881368956071
740,26.218551884001446,20.492086514806367,26.131100760346282,20.727989083257913,-12.82131553834813,38.65429986003881,-12.248447171696414,39.78141225003158
741,26.2527042241757,20.499145248444464,26.166256344188067,20.727472721087278,-13.248295360956073,38.710080907615165,-12.855098007127832,39.822688321387766
742,26.28969453360775,20.501365245357682,26.205270666953446,20.727208742496483,-13.849821138187163,38.7443513274086,-13.664366035999919,39.82946845682198
743,26.330003622280582,20.499326611287742,26.247786110681425,20.723571721065543,-14.504809115727792,38.79330738535933,-14.301495321327346,39.873279815907075
744,26.37062074410851,20.490466172249686,26.28940038105816,20.717953369754312,-15.285585203817531,38.88374616574955,-14.930788514530198,39.97148011111901
745,26.41322498372881,20.48489923614325,26.331057354979766,20.72508900743822,-15.743864593646876,38.94746018072063,-15.0240292411465,40.01624491841472
746,26.459688492547198,20.492944735768067,26.375144275018616,20.744026613383145,-16.450428545927313,39.08100342373258,-15.418853017273225,40.15426650312757
747,26.510705038462866,20.51380004308963,26.422252605287426,20.772306129292904,-16.923778525019458,39.204810195702485,-15.69674994741956,40.25487096709885
748,26.5596843568256,20.54454722540192,26.467621945629485,20.80590858995648,-17.19449995622795,39.304076248262945,-15.992416840218395,40.33992022406166
749,26.605089475288317,20.583381292983006,26.509963968727188,20.84434172735115,-17.369745001781485,39.45010203297738,-16.41993961332309,40.447535433832435
750,26.64749365176047,20.633017427562635,26.55025166029087,20.88681557868736,-17.560671675183606,39.55415612589666,-16.763669797454835,40.51248389458826
751,26.688993974704715,20.692342879528926,26.589886506702264,20.93157238613516,-17.75420639119203,39.58642122056633,-17.177557353034086,40.52892756719187
752,26.730324082297304,20.739237417244684,26.629354153506473,20.961730592696956,-18.35924829010053,39.63600262323772,-17.669181329830227,40.5317092662867
753,26.769828089588092,20.773574214819075,26.66930193231128,20.981517363384054,-18.708628966343138,39.6002563447096,-18.025860695814025,40.51724454005978
754,26.80789591329304,20.797846052609117,26.71092274455011,20.99632832511024,-19.03091786410765,39.560031131160486,-18.233969715491842,40.48900648026366
755,26.84734475587625,20.812580140211754,26.75360232182881,21.005625104072074,-19.401830503711665,39.52733980159337,-18.540336660558452,40.48110188260049
756,26.889041619750316,20.8171762485791,26.797039718154927,21.0105349884379,-19.651860708456,39.47145641821809,-18.807757221505124,40.482580713413896
757,26.93310026408701,20.81269080358863,26.84156407976945,21.0134436178607,-20.026799227476143,39.426157144204616,-19.198476143434743,40.477056526982025
758,26.977740382137124,20.810618311114716,26.885434523375494,21.029960326436758,-20.264218930768973,39.401401192663904,-19.45770305667098,40.46593464015893
759,27.022205077451567,20.822582594831808,26.928104588638757,21.057248905910537,-20.172064667207348,39.38767450854819,-19.36521667748389,40.462125833812976
760,27.06461292540241,20.84698490080461,26.967739079648652,21.092098405172063,-19.936497990676262,39.391452175740106,-19.052952106110283,40.466875262040936
761,27.106023217419374,20.881427484969116,27.007716922735085,21.133025472421306,-19.48856667408718,39.41078024688479,-18.428960965287068,40.475766027385944
762,27.147188503296316,20.926531706279178,27.048689238597916,21.178087283798014,-19.134896485065354,39.41847131227016,-18.20241753670519,40.48125688346267
763,27.189960631811644,20.98279126568607,27.092837060728282,21.227224149101854,-18.797421303900293,39.44652804061314,-18.06457978955366,40.521978608690304
764,27.231695412668383,21.048755557737366,27.136698961507435,21.27931772490964,-18.464421344625283,39.50067239972659,-18.135690006746447,40.58443642114497
765,27.273287051769767,21.113820872683675,27.17968457857136,21.333573552563777,-18.103402890526755,39.5553129365414,-18.103992181521708,40.62816045517232
766,27.31454798754535,21.169854148136334,27.221236149794056,21.378571297857224,-17.916459111108544,39.61151567902673,-18.02065033028051,40.67058468691029
767,27.35827754837491,21.216471370597716,27.263621098773267,21.414614655741158,-17.622382908028925,39.66733810420214,-17.56519200165985,40.71194234129023
768,27.401181409056278,21.25594469249971,27.30441422918192,21.446216427472162,-17.471939562663028,39.72896624103192,-17.026164118546784,40.75786721545393
769,27.4452954933975,21.29023392782202,27.347755764810195,21.476586723423555,-17.32275328552747,39.796876484295225,-16.871400587266713,40.802008693203284
770,27.48762795075358,21.319781619017796,27.391373091707763,21.507386877048322,-17.222990891980857,39.84870044734603,-16.859571480297163,40.85116860235481
771,27.52847502898955,21.34672113398633,27.43288485581422,21.541361531648473,-17.13207320485021,39.88561072153279,-17.044126257647637,40.89968436195554
772,27.572391544488323,21.372659015141096,27.477967812582396,21.579324209963538,-17.072060848654303,39.9361462679848,-17.14643805163375,40.95096188494456
773,27.61959276252303,21.406318463898266,27.52590740287123,21.62226460853007,-16.9154791623494,39.990227421079,-17.035171837449663,41.00450235911791
774,27.665241741424037,21.450135094192596,27.57139985299484,21.671026895625825,-17.15102872223282,40.04540406975767,-17.10452861322383,41.05645279626197
775,27.711185489008074,21.503198453432432,27.614647690202037,21.725377009592084,-17.47054092159263,40.098445079129675,-17.104821558923,41.10738459582008
776,27.75476139200019,21.562473953313848,27.656948245065067,21.782922031101133,-17.46431189533736,40.174380558941166,-16.925555882374116,41.187933384305076
777,27.797551614073647,21.625842931104387,27.698764079782027,21.841285512741067,-17.1891425324979,40.20958027748374,-16.51757299386847,41.20933699976643
778,27.840786496753374,21.69277394577405,27.739393731736193,21.9022575472505,-16.61372344295265,40.21437565369213,-15.965068343402086,41.19301187067304
779,27.881490283362943,21.762126610367552,27.78025548939816,21.965253365178945,-15.79517345604311,40.18639517113199,-15.136985755819888,41.14655025406043
780,27.92140481456782,21.82908426936848,27.823652740152447,22.024790123243736,-15.31188264369346,40.12493885774959,-14.751168937296567,41.07499419570765
781,27.963886038031237,21.891613249212945,27.869118709575627,22.080661048467082,-14.882258322151655,40.0382536123028,-14.675491993298715,40.991508989890676
782,28.00984753824402,21.94950050703932,27.91693000619808,22.13380292631685,-14.404966205897486,39.92072572342414,-14.495021907224459,40.89090503963086
783,28.05666941116384,22.00308082563314,27.96433603809648,22.184683203124,-13.968288537571388,39.78155783661532,-14.226440400020126,40.81988053137649
784,28.10537127673345,22.05366728443,28.012927195368764,22.23358942756722,-13.639547760172158,39.67307794808362,-13.897720754739293,40.76270376697511
785,28.156905855936735,22.100189528418184,28.06278804812894,22.28115785071209,-13.189535316724754,39.59451232453158,-13.239355140988728,40.72593265959003
786,28.209159176611486,22.142298477712288,28.112178396872967,22.327396212104322,-13.264231496664465,39.56724534163464,-13.060037896377937,40.73464484718097
787,28.259250309998897,22.183928417578077,28.159361703410017,22.37281881682256,-12.990487399556972,39.538748042381826,-12.706050809629398,40.70553180182487
788,28.306612109385895,22.225770356375477,28.204026928310267,22.41771551057502,-12.25887066483994,39.55125280287783,-12.015173410898358,40.71332724216092
789,28.351600702336356,22.267780989609605,28.24770698535012,22.462118726637797,-11.468139549615222,39.622249486098944,-11.26026389322986,40.76797081676118
790,28.39579029615436,22.309746642170797,28.290831842669796,22.50609552914773,-10.654541101050183,39.70880629932279,-10.499182148012519,40.84274340797139
791,28.438152781402817,22.35212495323328,28.333586320390083,22.550203856208977,-9.717344795436953,39.78108101490501,-9.602436186137618,40.88203734001066
792,28.477651927798565,22.396709660510208,28.374503050275152,22.59676290959096,-8.911631201346653,39.83089236485026,-8.67648580557307,40.89124169840473
793,28.51800952694233,22.443359809271723,28.418111020474306,22.64526671160622,-7.733272988356795,39.83514536682202,-7.756890775141167,40.872961910023996
794,28.55985642598171,22.49223086400275,28.462727853107705,22.695568087005984,-6.7602307720380415,39.849316371346994,-7.100733490058039,40.83608547518631
795,28.602137496461264,22.543350938669885,28.50577810302733,22.747328075534124,-6.305975060143234,39.82531150273796,-6.897958700163346,40.784116963537166
796,28.645912402220684,22.596296824764657,28.550364943000584,22.799911308418654,-6.202497433134408,39.75227323643574,-7.0226653457759065,40.7222455832933
797,28.68880617636853,22.651506899875763,28.592973485193564,22.85358178632309,-6.246583215909096,39.65284665560119,-7.1715939808848175,40.66704296143035
798,28.733110796133204,22.708225031983833,28.637333717107442,22.907616053409736,-6.61726233114424,39.54384422686105,-7.460260138388411,40.58878117973254
799,28.778126226402033,22.76466930121788,28.680523471905317,22.96172117839645,-7.283976586091826,39.447066743356565,-7.897297202532325,40.52107812125468
800,28.821554261801943,22.821154110117757,28.723891591910167,23.016501936259818,-7.986452803043552,39.36500164420537,-8.114648249823244,40.46182204135366
801,28.86265276620905,22.877779643389264,28.764867642189635,23.071785530998735,-8.814659046228883,39.294451868500325,-8.542642856210104,40.40855668901504
802,28.903160052010733,22.933442176868517,28.80406894977228,23.126076235749142,-9.251466683238512,39.21553778539719,-8.663820200630735,40.33177985487166
803,28.94040329128077,22.988336107758144,28.841173793484575,23.179802503796836,-9.130962040018225,39.129065675172924,-8.266701714897753,40.2392815427667
804,28.976740295396212,23.042197655626286,28.87648774595133,23.232902513183795,-8.955486203565648,39.03839175222292,-7.921210693591774,40.15371110196899
805,29.010161474234657,23.095514522275913,28.91097367339555,23.285760110224338,-9.169813960650227,38.9575638121228,-8.360582552335863,40.06489985223977
806,29.043703578724397,23.148108976367222,28.946494588879027,23.33802004523442,-9.392277329666616,38.9147628552132,-8.928955864316505,40.04183692107413
807,29.075045293626854,23.200246130928452,28.980590350261256,23.390579767915142,-9.6863177129908,38.867047841657715,-9.351893631783893,40.0115694493832
808,29.107397534790017,23.25320918190247,29.01539235682524,23.44502929942879,-9.93356604768898,38.83135677025029,-9.876863765170324,39.998508679324495
809,29.14062418369089,23.306410162250287,29.051002650156963,23.499151817382895,-10.333913514300185,38.85430701021068,-10.29154429631885,40.03585791119516
810,29.177161142595903,23.36059042186236,29.08976464001319,23.553945741631054,-11.08158608066111,38.91455214399624,-10.61276071182879,40.0868305053894
811,29.21512520133266,23.418697924745736,29.128547500294193,23.61362166645911,-11.788988813121192,38.9968416643733,-10.788043117675148,40.146912916219776
812,29.255846843691177,23.48044533701542,29.169622391502163,23.676763869172763,-12.011470517486599,39.112039935049985,-10.965116550857589,40.2209407826677
813,29.296467702686524,23.54538485101484,29.2103514354193,23.74183236749148,-12.140115185253785,39.20727296542572,-11.19426858575167,40.29984665207298
814,29.335857912845178,23.61304441443639,29.2468944098724,23.808459105411888,-12.05704502230378,39.33554385060995,-11.047752783125038,40.397960266425656
815,29.376601701936774,23.68300095371178,29.28543350570861,23.87719181135871,-11.775138024202679,39.481858441257366,-10.840394588077425,40.512060798392554
816,29.417631281094124,23.752243718644287,29.32452744629589,23.94189107729963,-11.396741695077818,39.60162645034192,-10.533433176027346,40.614408871795824
817,29.456412667146044,23.820000230876236,29.362788126047562,24.002883038693717,-11.151048175502881,39.72092648053735,-10.46095248334426,40.71664294327727
818,29.49587667093249,23.882203975693493,29.40224125045133,24.05990214541992,-10.649749591756501,39.81186541649447,-9.964534577067683,40.77817199965694
819,29.534142886021254,23.939907363794624,29.442165611776407,24.11458799458803,-10.212016842594414,39.89914366627002,-9.694406195214514,40.84812388763454
820,29.573344908218683,23.993632961551913,29.483213353500613,24.16721598629954,-9.850879853970266,39.96502183518577,-9.67163979043256,40.89372427443478
821,29.615965943794045,24.043256698270508,29.525081192671735,24.218591872635223,-9.64261367665281,39.992652277785176,-9.53675659155219,40.91224767455759
822,29.658815738301186,24.089504615754876,29.567755386095754,24.269741735023377,-9.648409502133026,39.982695194663414,-9.640807980055305,40.909231372295274
823,29.702274967755606,24.134734727881533,29.61119738203765,24.319199161432582,-9.943411074407424,39.958417582962554,-9.987208721924029,40.89805273570765
824,29.748584998716687,24.179663948388843,29.657016205324283,24.367703574560643,-10.055814608778515,39.91219397700214,-10.181425733306018,40.878879594810556
825,29.798266688054216,24.225188603398596,29.70721681252481,24.415550363248645,-10.460943361928761,39.88204882395071,-10.30774043101754,40.86582186083994
826,29.85168109718011,24.27068541554859,29.76089597095542,24.46273764631803,-10.745321855355614,39.83076296189015,-10.368360850690374,40.846213833334275
827,29.905972130460608,24.3162879678725,29.814174774361025,24.50955014869535,-10.840535209285473,39.78456495624427,-10.344230280660671,40.827513438824724
828,29.961465909187854,24.36128886148648,29.867703637049217,24.555654563980074,-10.98233703968357,39.74651561714198,-10.273207731968876,40.80604690385187
829,30.01655706336584,24.404910598752306,29.918673401397406,24.6001791215926,-11.083389136406202,39.716388885493515,-10.370843132402104,40.78221018743825
830,30.067251227977117,24.444904317285097,29.963046598273976,24.639629844237636,-10.994235073196489,39.69710675524621,-10.445467135139157,40.76936199296389
831,30.115872017872256,24.481659475914395,30.006452562544105,24.675442864632657,-10.985189479853231,39.675521597566714,-10.536049899610086,40.74572653218828
832,30.165516229528887,24.514694595117554,30.056304543043378,24.708016797183106,-11.009238759721026,39.65029859883303,-10.625155468532084,40.72395149509769
833,30.205429368675976,24.54430608262874,30.096175245817467,24.738278270251527,-11.080426342614278,39.6067612672008,-10.72216400307049,40.67169946552865
834,30.242136665134534,24.570532574550718,30.133809040324344,24.766718215680058,-11.120435720227716,39.56722320733711,-10.68337517262955,40.6325334553703
835,30.275205442468632,24.593526028297752,30.16979187534125,24.7936497470949,-11.248783101155738,39.52329634238051,-10.724366959985936,40.5885111199572
836,30.30742756674782,24.618968092260687,30.20522552885481,24.825994959982996,-11.288565708861634,39.4910761655434,-10.787047233456947,40.56318121365442
837,30.340677602833644,24.6481199927147,30.23904750003551,24.861276971128515,-11.36066737644937,39.4715608232274,-10.879725684211774,40.566734893238895
838,30.373806321231474,24.68096743668645,30.273428792218258,24.89857941349676,-11.250385632365795,39.453181844757765,-10.728637747846296,40.558011276102974
839,30.402048889529745,24.71888423846222,30.309425460342204,24.93955690144737,-10.999424263343855,39.462248203817936,-10.428158070230435,40.58655216384326
840,30.43738004453292,24.761900867225613,30.348200067505477,24.983802179795834,-10.938027981172201,39.503221358097356,-10.47822706838503,40.61916185128143
841,30.475065710561893,24.80961192516842,30.38819015298533,25.029931639601998,-11.029378388119335,39.5869784671823,-10.615790088008225,40.707764660436574
842,30.51583652466042,24.861888107327466,30.43046366464611,25.07751408799817,-10.934935848159958,39.70478109732369,-10.537703601792915,40.81374150486126
843,30.558129358068147,24.914210937892808,30.473001945909992,25.126377805948948,-10.894378367886205,39.83836512268187,-10.580567549839996,40.93044992282636
844,30.60229773402114,24.967724736803802,30.515082943208643,25.17646883689693,-10.82913378065394,39.96544737301618,-10.623416293921077,41.03823181893039
845,30.64558296564461,25.022199170007248,30.554933809644137,25.22709074342925,-10.939201684900578,40.10135526625246,-10.677652244734858,41.125724045034126
846,30.684795723950323,25.076582810511344,30.58936803425714,25.278321148116625,-11.199869631194767,40.20512549712193,-10.753544803176315,41.18586184897352
847,30.719697223837034,25.125613819552193,30.62105619969241,25.323505941954604,-11.208204697277429,40.30601580514848,-10.750314652139362,41.23995066015926
848,30.75129097506275,25.169574240073526,30.650593204874816,25.36308664155376,-11.047975391821163,40.366987361859856,-10.60938869516302,41.28949512275714
849,30.78007094858489,25.208028176594002,30.680814325601695,25.398067019844103,-10.719356581266245,40.40347703893624,-10.07265987082525,41.33046684135011
850,30.80817723911151,25.24173401518145,30.712623856554426,25.42996841354466,-10.37468657920851,40.39549563927008,-9.727142256669875,41.332833941282864
851,30.835826795776693,25.270307686569662,30.745397597801357,25.459234141760266,-10.00564543504987,40.37724991638592,-9.42376467920259,41.33426487662683
852,30.865412907872035,25.294026864014207,30.780675751614194,25.486598376248185,-9.574524660179293,40.33667847916054,-9.114887936170431,41.305908702908354
853,30.90085124663766,25.31288144174226,30.81960491435852,25.512343002922968,-9.175993458145257,40.29304765754318,-8.945084150080683,41.26888621500417
854,30.940360175800613,25.331977344283963,30.86058677158047,25.537514891786167,-8.961473156490657,40.26424148719947,-9.003690049485993,41.26612447347645
855,30.984104621853884,25.35265137070429,30.903367905129265,25.563107354948322,-8.843982056852472,40.19929393732452,-9.048290994115646,41.21931177873514
856,31.030232912043868,25.381016799690094,30.947787896912264,25.597971894013725,-9.16205433308354,40.15338324149951,-9.266853087172626,41.21015798943647
857,31.077433439980442,25.416989947033965,30.99214883655432,25.640120252196855,-9.212303581029415,40.127578370115,-9.154221942019849,41.20045335918109
858,31.126383505341302,25.459204606692914,31.037595575252002,25.68649067782468,-9.307482997853615,40.13202792883817,-9.098565996668986,41.234566054961356
859,31.173727523753968,25.506112084378184,31.08069317547617,25.734053941684067,-9.33893471600848,40.17669608260622,-8.899264917539199,41.28871797834646
860,31.218520164775857,25.556208708730612,31.12234129408097,25.780442589599943,-9.254769652579336,40.21331211830943,-8.654637663110469,41.306350047900814
861,31.261947517986204,25.61236314985625,31.1634362984706,25.830450900153682,-9.05951176024705,40.23529518476498,-8.498398881616609,41.32681712945788
862,31.302892719879125,25.67186696188909,31.202976934829284,25.8807755603166,-8.958592243095328,40.27348756247931,-8.502653529027333,41.3213357027479
863,31.34219148250191,25.723476749252296,31.242621234458976,25.92455222258735,-8.886747394502729,40.275898495117325,-8.728222945362754,41.29529157814849
864,31.379383928175955,25.768646208127326,31.279986952682297,25.964482849238813,-9.02854016443276,40.2643960384314,-8.92150152658537,41.25234807095121
865,31.4135267555585,25.807759867965054,31.315723873452,26.000803073110994,-9.01987823630587,40.24255824802,-8.900099416745993,41.245525147623034
866,31.449798722749154,25.84186052971945,31.354041162021073,26.03331845564966,-8.870091333114733,40.20911693021316,-8.530471509682203,41.250710526022885
867,31.48779762103724,25.872503516696852,31.394248222245547,26.06278996512151,-8.919679778642235,40.18473973441957,-8.428867881575584,41.24181576550413
868,31.527991004526783,25.89672137688911,31.437112354120917,26.090076775942055,-8.95540349843559,40.20346761594475,-8.368370471615984,41.30129365694178
869,31.568932003108827,25.92142673659595,31.479193520618733,26.12305081654818,-8.830949405238018,40.257429682261524,-8.224433272319233,41.37643454484525
870,31.611422675254293,25.95120597044385,31.52328621544341,26.160286773973343,-8.31724277227252,40.334450879357306,-7.787511234199631,41.44707098678066
871,31.65698220647328,25.985357477022806,31.568161779360825,26.200731372155378,-7.7946009804530245,40.42008231869857,-7.436419032755721,41.49384462124312
872,31.705433079899713,26.023107597124717,31.614103175052875,26.24265976005158,-7.481305837769571,40.466457918984794,-7.273374873559259,41.5036663171339
873,31.755280475773816,26.065998166370193,31.662539174986563,26.286858302610447,-7.307379608417048,40.54090317922196,-6.985549805673105,41.56146491484023
874,31.805061767490823,26.11402918475923,31.7107486584828,26.332872968899448,-6.830122727374949,40.637958409299216,-6.5247255365431895,41.62631468754279
875,31.852989617387916,26.16432908720071,31.757462817466774,26.376598056972185,-6.555517345616935,40.724139452953004,-6.46050315479451,41.72962388199373
876,31.901145070442585,26.21296506301759,31.802824330096495,26.42030555435726,-6.5309609575175465,40.76486973823224,-6.6639903153621525,41.77600113882798
877,31.94644310014357,26.25989591386433,31.845628738073998,26.4638159703961,-6.867835647186629,40.77610113783353,-7.01090626761698,41.78245749828547
878,31.98536606605575,26.30123570160853,31.880499778781342,26.50140145138967,-7.218474296456512,40.81041725355379,-7.305763875164484,41.810174794930546
879,32.02022629680835,26.339894426231343,31.91279282323914,26.537335043532664,-7.443328486052777,40.87419738174826,-7.483772996554125,41.84608032100634
880,32.05332057685125,26.373020385539185,31.947814818311546,26.568966477306592,-7.750606424382685,40.92649426588248,-7.584011240235094,41.90860881278955
881,32.08502176870425,26.402653539666545,31.983325067028066,26.6000166985875,-8.15219342877758,40.96175931556976,-7.564509187386771,41.953388768628265
882,32.11759004952461,26.429222578079916,32.021156825972334,26.6275524933102,-8.343460163742845,40.970035314438924,-7.561138473971259,42.00273284132635
883,32.15125939998756,26.45168180737852,32.060899750625595,26.652500409026565,-8.452067768376278,41.017655362115754,-7.69651465300298,42.061139941777206
884,32.187401736526915,26.476553873484843,32.10265495755539,26.684398648584395,-8.501502277072236,41.09011169557359,-7.90710635538487,42.11172447003534
885,32.230119472379776,26.50848818718758,32.14590863024409,26.722555424023284,-8.548925665480448,41.15836103161739,-8.08902276504771,42.16912498499994
886,32.27820447443884,26.54525650128285,32.192502892794614,26.765787911583555,-8.694238131781773,41.21924273159891,-8.314115797665881,42.21855632727359
887,32.32774326777475,26.589267390973735,32.24096614813385,26.8133664360915,-9.093624131916771,41.2807057127294,-8.807623879453478,42.29265673713207
888,32.38212666085883,26.63790353763024,32.293910351650936,26.863564137220237,-9.754664025617775,41.36866502451673,-9.468927575903296,42.38367291456126
889,32.436113296649395,26.693774337182088,32.345270004421906,26.916631366607028,-10.499960076272487,41.48516286314322,-10.126962723729072,42.510119955054314
890,32.48577361461421,26.756482796268134,32.389824799902705,26.97165343553334,-11.203495934304899,41.6300839266663,-10.735069204414238,42.670130059534614
891,32.52882928608191,26.819304672171448,32.425982100020036,27.027643457501195,-11.842759213405841,41.81010513970293,-11.233401932418593,42.850977995052254
892,32.565508531674354,26.87888513113404,32.45583800936721,27.080441197899848,-12.473702140380666,41.98399090156769,-11.631756914431971,43.0036062920738
893,32.5930079946586,26.933992972196755,32.47899115868873,27.129291222020168,-13.045961333402595,42.15941535498674,-11.949757737556041,43.131786432508015
894,32.60973984800508,26.985032619420792,32.49363806899619,27.17568130994196,-13.39516017361197,42.3133987566645,-12.205621305212803,43.238902998382976
895,32.61218677583348,27.03219747369974,32.49948906362562,27.219487697413353,-13.558506447969021,42.44670357729855,-12.41623868199171,43.32742095449625
896,32.6018383326225,27.075115128901427,32.49510826808057,27.26130605495203,-13.638682066974882,42.54151825295507,-12.595257404616511,43.39748908015453
897,32.57856000434933,27.11257118460017,32.47712174194846,27.29987872433942,-13.669135327872086,42.5971752487355,-12.752607888908788,43.458055407254896
898,32.542507531542185,27.13933669817577,32.445453519864266,27.32784527953458,-13.702847603824475,42.612631262280416,-12.895994294541076,43.50345348962504
899,32.49404995666301,27.159255029901317,32.403479637469665,27.34835287752049,-13.750326125147128,42.62159743885302,-13.027209064713517,43.53772253781556
900,32.43488448095036,27.173815930279417,32.354451806170495,27.363961463768515,-13.80700899109782,42.62498316330028,-13.145569585932614,43.56388933687351
901,32.369155238019225,27.18239003891666,32.301908178852344,27.375416737462928,-13.870915472042089,42.62403722543514,-13.251740973403196,43.58322965279239
902,32.30049298382316,27.18509279077797,32.24995642053599,27.383096381928162,-13.93721368376142,42.61954426501562,-13.346159320822679,43.59666619730611
903,32.23336143316853,27.181912425984446,32.20151722158349,27.38775099958541,-14.00117547833951,42.61319632664961,-13.428772246738985,43.60401756156541
904,32.17550151019951,27.174000848586193,32.16110971384093,27.38997277340192,-14.056141506227908,42.602171418255494,-13.496603240479008,43.60786994319909
905,32.134310931728095,27.16710083856644,32.134922232424024,27.39025971930141,-14.095768443754388,42.59058943322353,-13.546733207647309,43.60709011770557
906,32.11008046160275,27.15945111463827,32.12105175966987,27.387596403623228,-14.11794623303853,42.57811419521273,-13.579028728634354,43.60320260390081
907,32.098627005555905,27.149838673222334,32.112694857199315,27.38183496484672,-14.129606969337972,42.563835120913005,-13.602830823413006,43.5961755264887
908,32.09718741857555,27.138318625655433,32.10645965776692,27.373597160376878,-14.042370081105432,42.547842424912275,-13.495476159702601,43.58668517698951
909,32.100497868256014,27.125221465621,32.09819537999406,27.363337387764332,-14.121758738123415,42.53048235700328,-13.652446983907389,43.575178365952056
910,32.1087358419051,27.111189088870546,32.09171592547569,27.352277572864537,-13.981912269348001,42.512878023097414,-13.478011313831619,43.56215394210873
911,32.119962752505245,27.100695694856768,32.088942811234425,27.34689204264124,-13.795448234518151,42.53424264957131,-13.275138853861584,43.60427784832607
912,32.12889287180957,27.09491674933722,32.089667950564504,27.347700491192114,-13.495943457786048,42.566392488597,-12.950489302993349,43.64921137574332
913,32.13800915494148,27.09459078600649,32.09760012582208,27.35307981541684,-13.21527731799786,42.596625983125946,-12.709175714226465,43.679220724924406
914,32.15240021528587,27.099839775192258,32.11407838676084,27.36156318352452,-12.955927887924734,42.64142062505087,-12.543910112708364,43.71970377133273
915,32.17216396868512,27.110236649966197,32.13520003038502,27.371910937507565,-12.78249512062925,42.6922265462322,-12.406234573633231,43.75647005500897
916,32.194586498290974,27.126188571963958,32.152605383034434,27.384352681940733,-12.400270989637926,42.73903008693805,-12.245861225092904,43.77653184022612
917,32.21427175417434,27.147181601537532,32.16281407318403,27.398480226855842,-12.219832285535032,42.7996669890964,-12.099969100902657,43.80812871296674
918,32.23201960871756,27.1682294096163,32.170664546119305,27.413310117761235,-11.985576071407795,42.839012151592335,-11.844596089469398,43.85618679884185
919,32.24894468096082,27.18312627087647,32.17877303097113,27.421713940086697,-11.773247764130252,42.88139187778095,-11.508722743064185,43.91010436590474
920,32.26478642229134,27.19116442683219,32.191085933944876,27.423558613919226,-11.617249902487982,42.931034298860865,-11.337079776156529,43.957482545261904
921,32.27813823211499,27.192927927289986,32.20759301561031,27.42043392810886,-11.456571109696295,43.014023156587456,-11.221025181599106,44.0585621591755
922,32.29121795062396,27.19122101234488,32.22825237773427,27.41659300462221,-11.625939525749896,43.14155577660961,-11.585083420135836,44.20608142528004
923,32.31011556886126,27.184034674041996,32.25347260230437,27.410045106531555,-11.63731303957016,43.28533690780965,-11.604803646979633,44.33712865057244
924,32.33702998547232,27.171443913558242,32.28120559708725,27.4013964890248,-11.539514435331943,43.443333126359086,-11.450035699688103,44.47789582516597
925,32.36810229007015,27.1592500774358,32.308857371365185,27.398571279841697,-11.496993117342996,43.62412670674885,-11.265093177831467,44.644963802290604
926,32.40026658367865,27.15334680617388,32.334371431060234,27.401663280789478,-11.586655908406458,43.832319054133826,-11.170170007728148,44.8326592730385
927,32.433448631037955,27.15482304316959,32.362027155878536,27.40958307929292,-11.708926199534117,44.053365387012825,-11.237206649595727,45.00501217780456
928,32.46749328673005,27.164511311014735,32.392033820212625,27.42281566772636,-12.104040573839384,44.23753042751613,-11.694173747821932,45.15454616819071
929,32.49967918097734,27.180209525501045,32.42094523116776,27.440464284221893,-12.218845762878905,44.37003967440948,-12.124853944938303,45.26888761442302
930,32.52892358925604,27.200597615222264,32.44849026127587,27.457712616469525,-12.549728147027626,44.510578184941686,-12.499697357577407,45.38374418623789
931,32.557046227649785,27.227353273333716,32.476601841519056,27.476971292491076,-12.824911866319788,44.63362406566715,-12.550794234434708,45.48752277117101
932,32.587428417161185,27.255040334323812,32.50768148985948,27.49780357791489,-13.213310198379551,44.72631055308149,-12.689757925005985,45.5822521651458
933,32.61921752104511,27.277763064430406,32.537854842025965,27.5127800621672,-13.54487341039915,44.76907969541419,-12.772289184079908,45.64227254756535
934,32.64839465765697,27.294732762762447,32.56564934588959,27.522217903912296,-13.696395157697538,44.76462390544669,-12.730564025399415,45.64642811269776
935,32.6738531114717,27.307039730583366,32.590609508039314,27.530166541170935,-13.510100479473415,44.735090761922706,-12.628281377285624,45.62643606706638
936,32.70031086313317,27.313936669794245,32.616909170653365,27.536028628747598,-13.17942738992981,44.72023093057549,-12.409008856933259,45.62565390704124
937,32.72587119227493,27.318259070811354,32.64109237737226,27.540238408391918,-12.620132108609035,44.68184977457152,-11.944107127615716,45.6155019578026
938,32.74930118267262,27.323762560986605,32.6635039130821,27.550700508476243,-12.536206589556501,44.62824351632922,-11.988874461209551,45.597854804175014
939,32.76963641023594,27.331409412898267,32.68571334709212,27.567511646522124,-12.393430864575706,44.58143434681196,-12.040425106371012,45.60504255438411
940,32.79069642449832,27.34557437762244,32.709621675765526,27.58832786894437,-12.139457114615247,44.56415345677476,-11.898211410582116,45.63640196442474
941,32.8119525614986,27.365067207421827,32.732805246719245,27.6099562957432,-11.842574210880253,44.58062200672539,-11.615586113393638,45.66481457626226
942,32.83564404777731,27.387685219959113,32.7575056181481,27.632039793701917,-11.697168365476564,44.62812236233027,-11.532686825226087,45.70769933021841
943,32.860595104291484,27.41380478140162,32.78540716701227,27.65412417105111,-11.731371595930645,44.67916555034187,-11.5800721609683,45.76216179786891
944,32.888437142986675,27.443925505790183,32.8148886785482,27.67688930769217,-12.000111533010307,44.762364260455215,-11.656724291574568,45.84118645515819
945,32.92014676098827,27.472505928056517,32.846907234752564,27.699978949672115,-12.01564607971774,44.87139880610212,-11.781073038872345,45.930790046979816
946,32.95517869377649,27.498095407739335,32.88153262556965,27.722799071755002,-12.09985622444819,44.98863884558738,-11.992140720965647,46.03560998339703
947,32.98773008909809,27.517745330657267,32.91177957533787,27.74000039515496,-12.25754476956603,45.10617511872944,-12.081208492311342,46.145382929271015
948,33.021384302409,27.53137731544184,32.94169217738525,27.75041121011331,-12.546803901810884,45.24301569473552,-12.16712796121666,46.26370217007238
949,33.05703027035508,27.539209274842268,32.97454718082636,27.755394601710087,-12.772540010930697,45.38739080271941,-12.289939034069036,46.38898372837506
950,33.089869514459224,27.541484957466235,33.005066642274116,27.756027084512706,-12.837724038962635,45.54469107299508,-12.277337526798249,46.52756076661585
951,33.121755389093344,27.53939536309467,33.03527828510738,27.755496552586056,-13.019221640832072,45.682525597795184,-12.46876253423645,46.64654601205478
952,33.151575232906744,27.53936156321456,33.06484044782994,27.762738284904444,-13.287340706764573,45.822130573422044,-12.805603161657368,46.77014184111515
953,33.17976903862634,27.54228770157456,33.09532632170543,27.777097585278657,-13.477926505887927,45.944859353247885,-13.078514104985135,46.87881448233927
954,33.21064510801756,27.553475596087715,33.12604710428754,27.79911392846798,-13.742039863013503,46.08263008632837,-13.320084223449479,47.012838209443615
955,33.24350742939239,27.57253504779301,33.15912524612627,27.82439358572954,-13.938333030647037,46.19497267998848,-13.433071984693196,47.114989211457
956,33.27560192066432,27.599270927528845,33.193424408989294,27.852020526526555,-14.13317775963733,46.271111543930225,-13.575571486467881,47.17660123439428
957,33.31031294764636,27.634688613280723,33.228722409675164,27.882832875723267,-14.349229116191525,46.29999391072147,-13.607159225079048,47.19808941534856
958,33.347157056708944,27.676866950518566,33.265815630363534,27.915983580496523,-14.55074652077764,46.31935217134119,-13.814819804268067,47.210155546292555
959,33.38635900033255,27.714463935683025,33.30419823217434,27.943814160762994,-14.668656090948694,46.29522759022519,-14.047492840326473,47.187251371955284
960,33.42392163607834,27.7467564923825,33.33943859014796,27.967209773730364,-14.645800711630358,46.263861856209644,-14.039995342837527,47.168576600423805
961,33.46250736823377,27.77410429545382,33.375370875158474,27.989505992306082,-14.60886678164657,46.198436605117706,-14.037554763275581,47.15306807462844
962,33.50032992502341,27.79986921894061,33.411549773427815,28.012793518458412,-14.729236962429672,46.10667523349278,-14.175559721171911,47.098722705575874
963,33.53733341632451,27.8221715854772,33.447217183247616,28.034006829233064,-14.84122121181532,46.024986116269375,-14.32647531845568,47.04930046151895
964,33.57429714570731,27.844874807450978,33.483386018531476,28.060104589984352,-14.807349162903662,45.96111575456395,-14.16035715457893,47.00677253736319
965,33.60387394905171,27.868461447822096,33.51092354175323,28.090787839248794,-14.643581008771195,45.89879195815509,-14.027794879444233,46.96979708159646
966,33.6303073424759,27.89723594479881,33.53726699750655,28.12392484843872,-14.361691482936598,45.857369484375035,-13.824203098589601,46.93706657768434
967,33.65713442791682,27.928858019789317,33.56355186880583,28.15567116292287,-14.209988015752861,45.820025328848196,-13.64865191204931,46.915956672133284
968,33.68330667684853,27.964260635725772,33.59125610217724,28.189765490510517,-13.997614022113392,45.79184946229898,-13.427500650788273,46.9116685292165
969,33.71171534026343,28.001615718165322,33.624048206748895,28.225330503438546,-13.713169674686732,45.816881515836755,-13.288898996149888,46.94065313208697
970,33.74163059800853,28.032259943233925,33.65910868938169,28.246968020024738,-13.356942852173544,45.87508177714939,-13.11799332665153,47.004336302402216
971,33.77106651524263,28.050252709371176,33.694113271293055,28.25568397580908,-13.288897117069242,45.9614507311613,-13.098158522364873,47.091731869651845
972,33.80780646273076,28.05523357897543,33.730915609967255,28.254232405807624,-13.141889509812438,46.073541831181515,-12.97226212024709,47.19445602403476
973,33.847881802301465,28.04958364709407,33.76926150389299,28.246646500482186,-13.08418023833524,46.21073514306261,-12.899631803442627,47.30893437439184
974,33.890514780545594,28.036615051318794,33.809070357227306,28.23579495377897,-12.876589671408446,46.366697927610126,-12.617419957409384,47.43223641865734
975,33.93588128759413,28.012589041478535,33.85097870363281,28.2201865923299,-12.520455260623615,46.5000003713961,-12.104835756395003,47.51082334340483
976,33.97864238559592,27.978048493510098,33.89172711910068,28.201329106591025,-12.249794813385163,46.57928086193442,-11.851555021379495,47.53098565544132
977,34.02213696446543,27.9449538587192,33.93420679047024,28.181419631913958,-12.048794940856494,46.60852592023676,-11.686254592134375,47.51765625079626
978,34.06756067813683,27.927720474474572,33.977847512093604,28.17910374545219,-11.776048521819103,46.5968483641836,-11.570458814937156,47.48615009797969
979,34.109809923515726,27.92818955020478,34.01696773788037,28.19361593453203,-11.417380253600768,46.57469357882971,-11.24800512500926,47.47867508767453
980,34.14735246107137,27.944758342646317,34.05052471627524,28.2213738827154,-11.157285295005689,46.52902037796285,-11.157236439229182,47.47245479176346
981,34.18213670300262,27.974618263837947,34.08297395996429,28.257348350049625,-11.05946335317403,46.443884092840534,-11.085058499026582,47.444425775232595
982,34.21372457892369,28.015944536617653,34.1142057094055,28.295379346700134,-11.300998867357926,46.35414239911249,-11.21898297888601,47.39461559327297
983,34.24557638673367,28.0718516888253,34.14688476590866,28.33973549144185,-11.326684518762024,46.2944278131347,-11.178778316307687,47.35447794250084
984,34.27807490649734,28.1410601296072,34.18387529988999,28.3890415381043,-11.248475388431618,46.24006698559479,-11.038388640276144,47.300339047813466
985,34.30905990105494,28.19814143584924,34.22102792066434,28.42522134899923,-11.126222092910965,46.18424009783327,-10.880848811272035,47.23408809405963
986,34.34271916092237,28.24056179697112,34.25865953572927,28.449849628137628,-11.079723080359145,46.0989738081646,-10.630546587418065,47.15775615249143
987,34.38155163021451,28.268189364963703,34.29816684135538,28.464994701882702,-11.061842596135769,46.0298021238807,-10.638388728987088,47.118781182715274
988,34.42205234748237,28.283857509219267,34.33779033266989,28.47418367563445,-11.234580487706964,45.990734765510354,-10.91170709561543,47.10676352229839
989,34.464328160924616,28.292564565778243,34.37727257425052,28.481069534217696,-11.593145674181242,45.98686604382056,-11.58212909145277,47.11901809336955
990,34.506476580311386,28.289088559378797,34.41620842010022,28.48340050019843,-12.209365714726518,45.992056292131515,-12.331354413289484,47.141370126043334
991,34.54755138390019,28.273627295833823,34.45683843304179,28.482315675857667,-12.952926520163992,46.023902891701574,-13.001802778778895,47.174467499886504
992,34.58778727227807,28.266474277548667,34.4958026098389,28.489886837944837,-13.576171207547679,46.085953331330025,-13.324175106636014,47.220158169596424
993,34.62835297120666,28.26882129456775,34.53521052816901,28.5048210855163,-14.283043492699834,46.16735486252071,-13.575633419248405,47.26072962810514
994,34.66708607002987,28.28037095171293,34.573712499620214,28.525164307627,-14.945392205711,46.24201276544632,-13.922167020517836,47.30563630533566
995,34.705747259664676,28.300019174433274,34.61240737551991,28.54983470936909,-15.441845837223065,46.311839768220615,-14.234446460195745,47.35401115754362
996,34.745641728418484,28.325919184933323,34.65292724234986,28.57788245837983,-15.495984794970791,46.370182735498034,-14.317227966752506,47.39863548160554
997,34.787882848466325,28.360140263830576,34.695737582828926,28.608753097250812,-15.408402966162633,46.4091153103183,-14.394181397926442,47.41950521422368
998,34.829315690908395,28.393137972771406,34.7383735518283,28.62866677280797,-15.15475864660106,46.425033096121524,-14.297928365627557,47.419139194562376
999,34.872894133749995,28.41540693652935,34.78204154201595,28.638137072641417,-14.935585358964081,46.42593229865532,-14.054091053328536,47.41712308395071
1000,34.91817570840709,28.426821939745537,34.827596895600195,28.63939508565144,-14.651104464508359,46.41176294208235,-13.761151004269774,47.398433135452684
1001,34.96546970319109,28.42834950316502,34.87383420343237,28.634954904397603,-14.110456688482548,46.358655241206776,-13.313532282004159,47.34141700505417
1002,35.012678865634605,28.42158897366098,34.91859858316016,28.62819525335513,-13.384485272164111,46.28785197958269,-12.731036766444353,47.283479826110984
1003,35.05788470426015,28.404957652329603,34.96131192051645,28.617351795171835,-13.053001218757014,46.20400194284413,-12.650146138063748,47.22486448235006
1004,35.10198914458031,28.37842224323216,35.004251246030194,28.603221753513314,-12.728013543070409,46.138190837696044,-12.60553431206006,47.18838102326499
1005,35.145184143994804,28.35306106120651,35.04549382760974,28.588695702607673,-12.361851015306723,46.11159972943556,-12.354967934321248,47.19707106335098
1006,35.186778654527906,28.336952702314232,35.08596976644479,28.58360778258661,-11.983619880327186,46.039553840545594,-11.970165250419669,47.138617805611
1007,35.2252481511189,28.330674224637704,35.1246116900303,28.586968890275458,-11.734465897382119,45.99121366489732,-11.745037105684009,47.1079291133703
1008,35.26174149278187,28.333883553272795,35.162528670241095,28.59750560384613,-11.667671362268392,45.96773416941259,-11.60714001578368,47.07616210866734
1009,35.29957233645335,28.343869719613057,35.20252227324435,28.612214312645786,-11.608980288404304,45.94605385740856,-11.284007857725276,47.04094795373828
1010,35.33995017843873,28.362395839689384,35.24502059836453,28.63049606984584,-11.283981512322985,45.972924645609396,-11.037311135828718,47.06843621973212
1011,35.38300082681162,28.389461913502043,35.29148690370613,28.651636265766452,-10.963916937617993,45.95781409684287,-10.867006928767323,47.04209826015573
1012,35.42965990847878,28.423477434352645,35.34047346913664,28.674952305552814,-10.807650280228334,45.93226724312687,-10.746156336072636,47.04443708649016
1013,35.479271762051006,28.448366783786916,35.3914155542023,28.68746522280469,-10.964717642062602,45.987480672381054,-10.903107228587617,47.093824252156416
1014,35.53070713539039,28.46363452704858,35.44104440612457,28.691457516089702,-11.080874545567672,46.03454400036173,-11.053893794768943,47.13798878332
1015,35.583058954109596,28.469738790739118,35.489021401839146,28.68967012409339,-11.081571878549894,46.09705907438481,-11.055222618696364,47.18780634790178
1016,35.634523453507825,28.46778889966183,35.53568971857366,28.6832236561951,-11.108615355404774,46.18026560604504,-10.87918030754355,47.246466721023225
1017,35.682781739493805,28.457646162433182,35.579236065963876,28.673119272050645,-10.954499661382863,46.236440520962674,-10.497588699829222,47.31157033297856
1018,35.72804017846407,28.43926215830939,35.622287903219224,28.660031559717734,-10.679220720800892,46.3623010120189,-10.049587737789677,47.41278284937254
1019,35.770425139276895,28.423317948498994,35.66425297050765,28.65931428626003,-10.479727838111744,46.46006294004077,-9.813384079125079,47.4776922142471
1020,35.80948448964337,28.419662841109965,35.705129565835016,28.66983620104633,-10.095153678776915,46.53689344013506,-9.618373256757721,47.54800880540944
1021,35.8474653932044,28.427868142408105,35.74527199287339,28.68882921953461,-9.757686779461102,46.614669006968896,-9.5528760086542,47.610377399985005
1022,35.88453129335999,28.445586031422756,35.78436750190235,28.712358133200528,-9.393295138311865,46.655473094143844,-9.344809809149027,47.6228552758508
1023,35.921172556712584,28.473798793743796,35.82311444059537,28.740898021105803,-9.244941398896959,46.663456624105265,-9.303717756449881,47.605475642041064
1024,35.96050804776569,28.513006710427362,35.86416538504694,28.77387529438327,-9.10317890211453,46.64646513481194,-9.037181147877932,47.575020600163235
1025,35.99987535578818,28.56053563736362,35.905652699728584,28.807720805299272,-8.983513685307997,46.58297185037627,-8.715141025421598,47.53390774932646
1026,36.04025784165566,28.59806277023709,35.947362744137486,28.829928148196203,-8.7890685506163,46.53624293307785,-8.474268873066475,47.50917372164483
1027,36.08331006296198,28.622981529284353,35.99188620326768,28.841206292775283,-8.496298772377736,46.4638114168466,-8.137332849803698,47.47180452358924
1028,36.1265700936129,28.636278145279302,36.03531750017635,28.844571356985856,-8.214183248220433,46.45709719456708,-7.973080139687352,47.54015368548639
1029,36.17261468238627,28.6415758654686,36.08080009492833,28.844322039473102,-7.745467377131837,46.46475313811866,-7.425289392271816,47.57740935170233
1030,36.218550121144794,28.636122034220158,36.12456632013752,28.838824741542243,-7.301220271134605,46.46882897906084,-7.146341730935887,47.574859731271424
1031,36.26415881793746,28.61991665153398,36.1686884849574,28.829129059276898,-7.160748161852493,46.52332814273402,-7.117966144001438,47.62722247889894
1032,36.30751006032673,28.595688168763562,36.21043189582067,28.818420446668675,-7.076861231775828,46.59338318396656,-7.058631150081288,47.673217404117764
1033,36.35145907830464,28.583489911683177,36.252714375828845,28.821312611526526,-6.864439324325621,46.654091308233625,-6.851770665630047,47.70581914652084
1034,36.390411935785394,28.584525721369292,36.2907009675828,28.835747119524914,-7.132392826708588,46.724598764213404,-7.214594145554268,47.72789758046471
1035,36.42760276201702,28.596910198286203,36.32636268884678,28.857548866561313,-7.1487824510989615,46.694853243561795,-7.2579356528016925,47.703420898958605
1036,36.46150178484027,28.618628162000146,36.36109150044397,28.885115468360624,-7.388132158814762,46.67758119947456,-7.188329317971736,47.68381276845855
1037,36.49584758739711,28.65139985127167,36.396880190756335,28.917346121660028,-7.225316058960315,46.68335829808585,-6.728897056105924,47.66804091043279
1038,36.528927950756085,28.695181440686095,36.43285905676839,28.95327205426513,-7.04936254998616,46.64897801407398,-6.537686236707728,47.65357183529261
1039,36.563666541224194,28.73810296859708,36.47035009786609,28.977834759298133,-6.734244231855917,46.67947276943787,-6.153405059432927,47.73691700217803
1040,36.59839255146714,28.769137032517335,36.50938325309362,28.992330653728498,-6.391368286730568,46.712772752513246,-5.647083402784667,47.803441191280506
1041,36.63656676709882,28.788582121977516,36.54953001703227,28.999818939752604,-5.733311069251895,46.735956837814136,-5.329416136351643,47.83844300595239
1042,36.676248783446965,28.797830337145914,36.58888857682302,29.001701139051608,-5.408944968324293,46.85328315699774,-5.295359762195459,47.95620177034904
1043,36.71654995629193,28.796875980370274,36.62741388190241,28.99908283731841,-5.0540510422743194,46.98167768792771,-5.123242764825847,48.065397778185044
1044,36.75782116087059,28.785719290265245,36.66772518156674,28.992886074970972,-5.156685741868443,47.10253403190821,-5.220555193611605,48.14257544838803
1045,36.79958551733603,28.76685022725351,36.70804856258262,28.98730871488359,-5.173023399186482,47.26590931843126,-5.353732865327185,48.26197803183177
1046,36.839311370876985,28.76064529658804,36.74615003194241,28.996352053542225,-5.231806191467089,47.3455967237798,-5.288686281651188,48.335307350107605
1047,36.878361266457915,28.76839865418125,36.784755181468455,29.017993708599423,-5.1726313478271795,47.41755745158895,-4.872304184647818,48.38306818790064
1048,36.91366379333307,28.789394219640794,36.81929834428284,29.049740046684214,-5.022874228085358,47.495655388796884,-4.49961034552005,48.41157057996313
1049,36.94844766601151,28.822172561997466,36.85346969630647,29.08752857200898,-4.629315972113741,47.50260944719362,-4.0802996175885085,48.42461491113556
1050,36.98283310524527,28.867710507286702,36.88699916072318,29.131435258551445,-4.35792983160579,47.53410763309866,-3.772334704623329,48.48380944209813
1051,37.01295652328838,28.92570283391407,36.91756404959786,29.179969826039788,-3.732931533836389,47.621997897431264,-3.264827230513215,48.60035970632008
1052,37.041956704085614,28.992814100506934,36.948546709436464,29.2310729904334,-2.9523363270127407,47.71719924638876,-2.6947403491350954,48.76141232058793
1053,37.07376641823796,29.049410386789717,36.98309950302952,29.27058912981196,-2.3735080740759735,47.84890141435712,-2.3514067862046395,48.91922285338975
1054,37.10582406701395,29.094101061115317,37.01919467474475,29.299855988659065,-2.1995271501816145,48.01060309903322,-2.2793296064123307,49.07634992824554
1055,37.14136199533136,29.127355263350942,37.05661920173643,29.321791207239148,-2.043596611214726,48.200501988468304,-2.207127612617152,49.23208428838418
1056,37.17891031267016,29.150702152943673,37.09595763774033,29.337915004039033,-2.010691828135921,48.39751523769243,-2.1999877229624185,49.35703837059356
1057,37.21798380257826,29.163426183224637,37.135592187665004,29.349430219012305,-2.169961577891634,48.59563257627905,-2.4921702732462223,49.50681543808403
1058,37.259797780349885,29.16547650891779,37.175000180979744,29.357217155163582,-2.451019312378446,48.76089876227591,-2.6347874004657705,49.65022719404044
1059,37.302136006127235,29.168724019033814,37.213837042788384,29.37757119767747,-3.026405630799832,48.90919644411882,-2.994419680894276,49.8093324845415
1060,37.34184035940653,29.18498665787005,37.25101330524979,29.410533535776697,-3.535091542450767,49.06779570524563,-3.3049833588745803,49.97990661832624
1061,37.37811329783594,29.215608588400784,37.28410349459424,29.45459320584088,-3.9308571859748054,49.22828011286352,-3.5949750629118653,50.148792540963555
1062,37.41212368056731,29.25861452368565,37.31622598913579,29.50584420874649,-4.392388420507833,49.38150169063233,-3.907270672047559,50.30482247419972
1063,37.4428639647852,29.313175011015375,37.34665832174229,29.561473928572305,-4.768217383590104,49.55253710618451,-4.085105089488293,50.45444861682847
1064,37.471826051634665,29.380214267362287,37.37667386123492,29.62216829336704,-4.946407522411002,49.660206543790935,-4.249519929284242,50.53542927063483
1065,37.49929025703462,29.46010951276917,37.40633540497432,29.687221833897194,-5.043474230292581,49.72969103420931,-4.176399499823087,50.57046000274699
1066,37.525378079540566,29.540067758142605,37.43539252100113,29.753510541134364,-4.9892241428752975,49.74628058727792,-4.151318936109507,50.5686029558054
1067,37.552229159156454,29.61666932281355,37.46600087764601,29.818711986691703,-4.7026505985386615,49.71277315624566,-3.83031388299556,50.541064244569256
1068,37.58305866670977,29.68800505854336,37.499109353890766,29.880810540601477,-4.44280919207659,49.6357379029301,-3.650179598900441,50.489157586516136
1069,37.616044494271186,29.74718715153434,37.534536797690414,29.929892546671688,-4.099266086830917,49.5243137252553,-3.471298053121557,50.42161922607931
1070,37.650344980045816,29.79685219910583,37.56925484236582,29.97011785573001,-3.8009592117564135,49.393238983849734,-3.318059739287402,50.36390725437507
1071,37.68397952488292,29.83757846127488,37.60179125652535,30.006046856245487,-3.622098853188412,49.30595141995968,-3.3869992438050547,50.34129279359604
1072,37.71702625596703,29.87159857664479,37.63267679368449,30.041898550876848,-3.649459143060698,49.22078134470601,-3.5249314827814713,50.29589728807803
1073,37.74712859038124,29.896542714203598,37.658614654638775,30.072171403301223,-3.6511936361118886,49.16388064497522,-3.632758500362528,50.269304373353556
1074,37.76878398601193,29.92065600609001,37.674960531277684,30.10745918330782,-3.869969995820917,49.133318364886094,-3.7220516564340835,50.25875857709603
1075,37.77765745002213,29.946124846700187,37.67871393536922,30.147456934972613,-4.031634356613095,49.13085995076915,-3.7901439524634344,50.259877989438934
1076,37.77608601170459,29.97942197805799,37.676059131247605,30.189850746963376,-4.219809187195866,49.15368088511799,-3.845986295162751,50.27002309189019
1077,37.76845350141395,30.019245312890682,37.671832031468455,30.23390113512452,-4.415568660430267,49.185904308076154,-3.8917897982183858,50.28768897540158
1078,37.7567933314477,30.063828206304887,37.667416177132324,30.279378225048163,-4.474655759246036,49.20804390756216,-3.9284694860460845,50.311395759180684
1079,37.740212286244464,30.110423586125957,37.66190112089556,30.325856821027948,-4.474750860257637,49.25617749088798,-3.958135935724915,50.33949496680349
1080,37.72270355842565,30.155122466386985,37.65753658771851,30.361812059276453,-4.475838492156252,49.30248930102698,-3.980874334977312,50.36890625392607
1081,37.71125304683612,30.189092801938404,37.65809193588349,30.386797641650194,-4.471908008842553,49.33839692491257,-3.995200324748722,50.38870037638897
1082,37.71117581972303,30.210187330023256,37.66510593756102,30.400526787961574,-4.466774258216961,49.36345693847436,-4.001545772352414,50.39894795817436
1083,37.71996712304945,30.21866475370808,37.677486286481255,30.404056039845134,-4.4581885432578865,49.37722026529025,-4.0029620306504095,50.400504386633735
1084,37.73587133312813,30.214599626916957,37.69524142726064,30.399565686036055,-4.444888267185518,49.37972174602479,-3.9987447615187692,50.39557502736655
1085,37.75743379772903,30.199663179784036,37.71634201765841,30.39097799823119,-4.427884524433906,49.37199151316322,-3.9902076947891807,50.386879089371696
1086,37.78222825812129,30.17545628852157,37.73575031533095,30.38135576882113,-4.407965071398112,49.353703427136566,-3.9797076016080326,50.3743504580889
1087,37.80645805406715,30.14779765842615,37.75054106064413,30.367404703105578,-5.828549875769264,49.32657291443388,-5.986898808724104,50.35874006177932
1088,37.827050340574345,30.11923088991957,37.761335727425056,30.351256014345033,-7.230756030046018,49.29868701272542,-7.563498219665449,50.341507838980164
1089,37.845198220389406,30.09281568997619,37.77294217872142,30.3353810568509,-9.047941307125805,49.272387464110274,-9.391445569240783,50.32462720415671
1090,37.862022703710025,30.07799097929224,37.78740871126763,30.330986021817456,-10.756783359636737,49.26800199359233,-10.722008254566123,50.33471067671418
1091,37.880196870361935,30.074427773919048,37.80861122928314,30.33609929342935,-12.5288634104987,49.257140114721615,-11.856229035162439,50.3276807242917
1092,37.9020625766327,30.07917119633568,37.83765899864825,30.34681518858296,-14.354619054723521,49.25197456321579,-12.833579693310906,50.32527046544085
1093,37.92710501027934,30.088683649947285,37.86787983159431,30.359310537287843,-16.297880553816203,49.274305770300394,-13.778072154229369,50.35626053593476
1094,37.95536999124377,30.107380377636122,37.895817380625765,30.375925468838076,-16.8372191011075,49.3138446611663,-14.581758080888717,50.39957146873665
1095,37.988809496261695,30.134375426486827,37.92438565665255,30.39583606666437,-17.230241740447454,49.36687293385642,-14.992316749293996,50.44834895546376
1096,38.02624606964643,30.16047942056863,37.955551995212595,30.407641782529574,-17.30516623892914,49.43905226618106,-15.420221186785124,50.51111374916582
1097,38.06505684628523,30.17629066789524,37.98795602406951,30.41089442613835,-17.4818765648744,49.50391152183039,-15.803084006738812,50.57480972468646
1098,38.101874746880405,30.181573236018906,38.02060161139948,30.40742120521449,-17.5213171930045,49.60195055569777,-15.97621529640267,50.6570399815333
1099,38.133553431784144,30.179627641855866,38.051608934248144,30.401148479138108,-17.3559942667645,49.710935097231726,-15.898025385687031,50.74136160083112
1100,38.16683296768186,30.17556471947239,38.08565632102467,30.397102819998413,-17.112107118067904,49.82892127471846,-15.889373375519169,50.85431831350531
1101,38.205066557581105,30.163783699232994,38.12361388747657,30.38968378443754,-16.81852629918372,49.935816328522634,-15.860686540924073,50.94776826484751
1102,38.24563194899099,30.14485055343701,38.1635366700618,30.380292124162697,-16.628778715768277,50.02824799676321,-15.749859143357494,51.01666537042508
1103,38.28658395233517,30.1368684269717,38.20401385800933,30.384060293322936,-16.48726960034158,50.092781154431606,-15.827966268547165,51.05567595922569
1104,38.33049271416703,30.14194878552734,38.248204769793574,30.39915147445489,-16.41157167834346,50.18821107336431,-16.023452507420892,51.144059693107856
1105,38.37525039037632,30.159999887392175,38.291468343593806,30.423308124182444,-16.34834639393914,50.27947335128039,-16.064144224852097,51.24020545922065
1106,38.424812749874604,30.188167410330962,38.33769661222327,30.453302284130725,-16.368923132187497,50.35982870240902,-15.99732548806409,51.3203897884288
1107,38.47471057096291,30.22359981294198,38.384425979996855,30.48848839489193,-16.56503293082563,50.40994834428574,-16.243610406534593,51.387602722573895
1108,38.52331924346448,30.270151092096746,38.43067564471822,30.52797911278404,-16.863980784381067,50.48645993260558,-16.56270573106043,51.4814605833706
1109,38.570404609836,30.326865390202336,38.47522872630406,30.570272151462365,-17.366594964724314,50.605916250391246,-17.01462841419443,51.611051270970215
1110,38.613985137674405,30.372099280203095,38.51412573937874,30.599193594110563,-17.895654554912912,50.76637150453634,-17.579302834824134,51.75531825878723
1111,38.65331148750295,30.404315021675792,38.551344777106216,30.61635411687933,-18.69265861295694,50.95474281314936,-18.540565282935873,51.96754907912017
1112,38.69416265229189,30.425127972583766,38.5912524466817,30.62629878270094,-19.425043158392718,51.23825834697965,-19.105723115090292,52.296316911682005
1113,38.73292288544989,30.438413653757618,38.63168662517029,30.634236253671794,-20.23912805110057,51.6130110604137,-19.567275434769357,52.689132792910115
1114,38.77124048133084,30.440910376815644,38.67338895723653,30.636827152537943,-20.965721392623408,52.0239068585225,-20.117579734203915,53.05809178412517
1115,38.81093979219563,30.43266283345446,38.71747371959316,30.635164431372477,-21.598911084491696,52.4111293433994,-20.548396813032205,53.359895940177545
1116,38.85320693674051,30.4246654956712,38.76387310060538,30.644843176237792,-22.082898765241566,52.74979976048584,-20.881099822888846,53.58809597541258
1117,38.90024821209642,30.429960722805124,38.810794923094996,30.666153638792835,-22.51681681467767,53.051282434847636,-21.278261855940706,53.758864391535376
1118,38.94985051648341,30.449933756073136,38.858092751590874,30.69787989091381,-22.599492494319566,53.27895629149007,-21.615506066681746,53.888949608333974
1119,38.99766023495438,30.482610137803334,38.90378594794206,30.7373143799256,-22.793361814701658,53.38680877400373,-21.839806499562687,53.98611759471664
1120,39.04531680709227,30.524396066304504,38.94829042526657,30.78151118377473,-22.91486728191457,53.408998841105834,-21.92316599874218,54.07089319002925
1121,39.093529697643696,30.578405285467262,38.99423100193358,30.830324281351565,-22.823957311910096,53.38638740246447,-21.87495039592375,54.13172777770808
1122,39.13974594016123,30.644829518568514,39.03882552594566,30.88298909780753,-22.686737915923896,53.356053054242125,-21.761786705863386,54.17599298405699
1123,39.18475840494562,30.712461290278398,39.083953603856905,30.937768184988002,-22.564299852664426,53.33994448615379,-21.68044495366142,54.21839711205105
1124,39.229473037692514,30.770452061735096,39.1294883878047,30.981682852835142,-22.342001076760276,53.340084155331816,-21.606963738958015,54.26344727391011
1125,39.27365646968325,30.81833444956961,39.17484807879723,31.017291972125506,-22.34500339413331,53.35302602616013,-21.882459927102833,54.31061426286117
1126,39.31851005943388,30.858469883965082,39.219931433836116,31.04896343729514,-22.31839139053665,53.41527996999147,-22.01651335498573,54.41061417087799
1127,39.36442033666599,30.8904566831087,39.26541752101962,31.07554097598127,-22.33987175563716,53.469959863615145,-22.094680914871493,54.486981040130715
1128,39.41277400123766,30.913608377624897,39.31571961880749,31.09804615490079,-22.493466124804232,53.55346447281087,-22.22720893372729,54.581648357399885
1129,39.46208150751392,30.929283039843067,39.36510972503857,31.11917125127639,-22.629816849745456,53.621096445634244,-22.234463061687126,54.630704835614374
1130,39.512260875812906,30.94579078864423,39.41529936757928,31.149827588361745,-22.723813884158243,53.71315593674905,-22.190602634517155,54.71120202522451
1131,39.56210088347369,30.972704758725598,39.46436870629444,31.189014091582436,-22.631810983156225,53.78693887301533,-21.88654795984452,54.76106371796343
1132,39.611724409430046,31.00950652661747,39.512244034851015,31.234683118721374,-22.272640081978313,53.85852110131994,-21.60321589860735,54.80898781361299
1133,39.66150519239331,31.05381925440772,39.559438869136685,31.28483963527459,-21.808828809681952,53.84965446118696,-21.14371908577021,54.79670345278001
1134,39.70970379440711,31.107311747392405,39.60433567002398,31.338998315682442,-22.045879598873917,53.832816786034,-21.729400503529277,54.77216299239948
1135,39.754811125042046,31.169246540451862,39.650088077222684,31.39568547811817,-22.12403594172451,53.80448658887976,-22.04397440756809,54.76987245124765
1136,39.80222330192971,31.23931528564092,39.69884414041778,31.455143630910523,-22.341842996685934,53.78399404884833,-22.3933119493767,54.75258217524722
1137,39.849238251208696,31.30787279107419,39.74820719040849,31.514663504663236,-22.621859456190666,53.74981441642486,-22.710250188886715,54.76092743205913
1138,39.898752161305396,31.369150573632734,39.80008245432865,31.566739302485793,-23.017239313770713,53.77933123213426,-22.85610916314897,54.84216346393902
1139,39.94776611278795,31.424835498036305,39.84954959102969,31.61496368624549,-23.315304215408617,53.83057390714193,-22.797380900431342,54.94554786056799
1140,39.99893192188183,31.476960827413343,39.90095417362148,31.662091440237596,-23.65486273821909,53.926276504446875,-22.57565248898233,55.03989890584707
1141,40.0531131815402,31.52416716688846,39.95316026239,31.706624971919517,-23.237216095130393,54.059592123822505,-22.289367167602393,55.15314468096575
1142,40.10607275188948,31.569349442188944,40.00352470462321,31.753326915761946,-23.159193791198224,54.22638340805285,-22.384225402608163,55.308146606065094
1143,40.15573659465126,31.614360916649428,40.05092988046988,31.8040340727083,-23.115109815145296,54.42444444588753,-22.6023014517927,55.4605631875909
1144,40.20329064609693,31.6602559214316,40.09653677866516,31.85806778295003,-23.193000465747893,54.62160396093988,-22.985285224656355,55.603875955618385
1145,40.24817354202969,31.713452364353518,40.141475354746916,31.915825619111317,-23.21458346670148,54.787254683609504,-23.106304210727757,55.747975756909106
1146,40.293220546411234,31.77163243651091,40.18584784989146,31.975803476768967,-23.477957359404893,54.95773586386361,-23.365937378866978,55.9091632226136
1147,40.33423676629682,31.83352477089512,40.2274623831639,32.03744254975648,-23.913602743546157,55.10616140562054,-23.639453173499675,56.01859943342084
1148,40.37309911018059,31.89966607199273,40.268674242133514,32.09946133045043,-24.337778865273087,55.192388314741955,-23.735727935090047,56.05670665638484
1149,40.41336487014911,31.967173849713888,40.31226452885865,32.162021189188145,-24.77694029110461,55.24699381573553,-24.155503585517007,56.107366446995144
1150,40.45495134323746,32.033554894786704,40.35615663580672,32.22395702950103,-25.222985144461436,55.2924855489085,-24.64384352184839,56.163629175457096
1151,40.49565298041111,32.098101817834056,40.397874338329096,32.28457949023383,-25.72836810277954,55.376728625472005,-25.327415813947137,56.28482759812506
1152,40.53723281577817,32.161580470481454,40.44062094964345,32.345736775614014,-26.27084867130438,55.46570226935061,-25.73947741134668,56.41681673847449
1153,40.5782988174111,32.22384274975753,40.48265325618599,32.40688347516466,-26.544356544577155,55.535964896005055,-25.855064672003135,56.54277696653296
1154,40.62171986535037,32.28285398054202,40.52566323475443,32.46487289293557,-26.6219898842139,55.60238654050813,-25.73921795954205,56.61841081484934
1155,40.66727497506122,32.339376729750434,40.57116836532353,32.52075499585344,-26.754125461530194,55.76023046451596,-25.60201133920452,56.75795821237711
1156,40.71281157833835,32.39472497402579,40.61790435071983,32.576398648882474,-26.77694784826462,55.90611905395444,-25.679787437969356,56.8724313323248
1157,40.75903547965274,32.4486738691035,40.66530262996097,32.63089971570948,-26.052285705660726,56.093316096873046,-24.850128261515486,57.037229804951146
1158,40.80824229738945,32.50141922215016,40.714099512128875,32.68399864431925,-24.949324065917683,56.205192753074684,-23.94754563244613,57.14041117199113
1159,40.85694551156735,32.55430158013629,40.76186764837868,32.73940877323653,-23.931667671219547,56.348301547794456,-23.209835413614297,57.30188270272741
1160,40.90690234107974,32.60830614688521,40.809524108006734,32.797328078845865,-22.963082186626036,56.52897379643332,-22.474579189245393,57.50358931761685
1161,40.95540802910157,32.663929084057045,40.85509129155512,32.85511904074753,-22.20717647861341,56.70462620555671,-21.97543426370689,57.63311014322889
1162,41.002992609155605,32.72285197576676,40.901524106582634,32.9156770264446,-21.493845712073792,56.803496725618544,-21.59068804064211,57.70875330847304
1163,41.05018194741053,32.784047369126284,40.94821525019627,32.977959303444656,-20.466456147482766,56.880992038871085,-21.03452114171066,57.74142463986615
1164,41.09692414010772,32.847430074820984,40.994820571336604,33.04069560416703,-19.98178828996888,56.878580015937466,-20.458571604800625,57.72834755817866
1165,41.14029997292701,32.91303535043542,41.03849911441553,33.10378813346867,-19.541776271622783,56.87353347502597,-19.818487385686474,57.68632935268055
1166,41.1834122801047,32.979198431402686,41.081662369769525,33.16772061260158,-19.086902644337034,56.83939905526774,-19.2700885830748,57.69123536423578
1167,41.22557556004385,33.04472911323871,41.12439652446065,33.23173444687556,-19.040509859810072,56.769007600101624,-19.25775983826023,57.71654312908591
1168,41.269334241400045,33.11139784283962,41.168305038839534,33.29605214739031,-18.985064198938648,56.75073732862492,-19.32378322491456,57.778044182307326
1169,41.313604197225395,33.176914265339924,41.214136691845816,33.36023263359312,-19.006964448361387,56.781520997114775,-19.499470510314683,57.86791904409606
1170,41.356601025649304,33.241805845125654,41.258387689577205,33.42430334834638,-19.105158782060187,56.861358605571176,-19.500433751395008,57.98049295273866
1171,41.40014879670799,33.30641458005047,41.30397058924783,33.48828624593999,-19.293512626866924,56.98279832569584,-19.4945043078454,58.08964597567986
1172,41.447894748780534,33.37075166690061,41.35284674282746,33.55219888980589,-19.70859930806562,57.14870706960559,-19.625752735866083,58.20751021150809
1173,41.4965048692771,33.436724543319684,41.40102284714294,33.61855678702943,-20.04609826380723,57.30066062054428,-19.59058208306021,58.32089549619779
1174,41.547070982362676,33.50352745255572,41.45074087850163,33.68600591955025,-20.02217586568955,57.43190128270012,-19.480892563218568,58.404310034458746
1175,41.59723129987451,33.571939699921735,41.49955365573119,33.75517930340378,-19.837721949826896,57.522646133946196,-19.244141397274245,58.455174196501645
1176,41.64826886594829,33.64182527838741,41.55058844832274,33.82537506957398,-19.16961102614133,57.579160394379485,-18.50022882949895,58.48874857458479
1177,41.70025749998666,33.71302343240531,41.600325867197256,33.896082887748214,-18.724435307904375,57.5951487224474,-18.077761062256243,58.49950511693193
1178,41.75193329046511,33.78502282934256,41.649735515305856,33.966332341891984,-18.488950281752317,57.58596433851529,-18.028054767566086,58.49196986453272
1179,41.80123151639447,33.856239016547356,41.698475227817696,34.03433942499172,-18.29871991494507,57.56758733263324,-18.186483201896827,58.50358659845995
1180,41.851478290273306,33.92015342410707,41.74787014640821,34.09375038209923,-18.497622420896917,57.510691708506904,-18.71784257600173,58.47804781608686
1181,41.89995277106236,33.97635656563,41.796251124562055,34.14507653197635,-18.80562515826942,57.475787949976045,-19.213722602006563,58.481310528981
1182,41.94634893265043,34.02483924363295,41.84090729610457,34.19029642888503,-19.17605863618193,57.46267863233153,-19.549479170124254,58.498329956418
1183,41.98886032908505,34.06808306518463,41.88318741823314,34.23403857749675,-19.95905593908641,57.46718654123222,-19.837560931663305,58.529673796915134
1184,42.031421620527404,34.10436862874431,41.926076717287806,34.27393291985875,-20.768886778609637,57.491136690182365,-20.281017838433538,58.56579280255448
1185,42.07622420351597,34.1345747342177,41.97297256209967,34.310706001317975,-21.545668510208458,57.522586392416066,-20.880279650972703,58.58915131879712
1186,42.12073633831368,34.16775981100137,42.01936679146296,34.35627565201604,-22.303645301155527,57.54949119148144,-21.529367611443988,58.61900223189731
1187,42.16424456556849,34.21022093293501,42.06538050772526,34.41068807246333,-22.743705569748936,57.58734556013571,-22.00693992083047,58.62312323071167
1188,42.20594077246499,34.262361660027395,42.10868802813228,34.47169740002252,-23.187073108890953,57.60998237878889,-22.4660811613195,58.62905972481689
1189,42.249071217346675,34.32344512010948,42.15131709532954,34.53720785481793,-23.806568255171882,57.62563016716055,-23.019278752577677,58.63846047717934
1190,42.294838404256275,34.3913499787941,42.19545853275375,34.6065064776506,-24.43998646229465,57.6457205587226,-23.49884310876847,58.66981046215581
1191,42.340748312320315,34.467436863267245,42.240205726246074,34.678514257013745,-24.901046779242943,57.67243574504764,-23.85595490572587,58.715270988946415
1192,42.383207914077346,34.551993926298756,42.283904488579225,34.75293000238125,-25.19903150192671,57.71482389244849,-24.159634053391027,58.768143084888095
1193,42.42706062140528,34.62669099724006,42.329546926489606,34.81463553035737,-25.32612114164453,57.76113272118159,-24.331546747852506,58.82702564231342
1194,42.47238965238137,34.68936549953241,42.37675239572723,34.86479799842403,-25.386045967752892,57.83633169637859,-24.33032279093686,58.894716437637356
1195,42.52083698091378,34.738811168152814,42.4256133642185,34.90419860236581,-25.430403017323055,57.92278533821689,-24.386702325566862,58.967383751995904
1196,42.56910042856897,34.774996576224275,42.47255327544405,34.93400702906594,-25.194620657771818,58.021726857348774,-24.22537136227436,59.04789456005396
1197,42.61516998940174,34.79948731267945,42.51685298451972,34.95813196495068,-24.95281130830667,58.117470115950226,-24.1249982762226,59.13126793304028
1198,42.661526057786126,34.81208912205378,42.56228188610133,34.97757095663422,-24.71776010144495,58.2332151593478,-24.02846246550528,59.24653310173574
1199,42.708722790042145,34.8128249959204,42.60771631257015,34.99324905459092,-24.279812473180694,58.32230781405856,-23.68436086785299,59.31802230387023
1200,42.755578282281704,34.81220624557703,42.654014272273294,35.00605134745076,-23.901850389286768,58.413651698755956,-23.42389330698668,59.39440661716409
1201,42.80196105450026,34.82598172193524,42.701212695033306,35.0371142951544,-23.522563143011,58.52818243917951,-23.07295635056648,59.508916496256354
1202,42.84327713209044,34.85823538414646,42.74302282751022,35.08719041301095,-22.986891569415672,58.624772487279856,-22.630875976006926,59.5939613935339
1203,42.88119535690029,34.90972614374169,42.779786299236584,35.15260427289098,-22.72242904416451,58.72869635449067,-22.44944345073543,59.695053930973195
1204,42.91670162193806,34.97804720356229,42.8122912633189,35.228577239135,-22.37308004448411,58.81328006046401,-22.215727487186765,59.76725275239262
1205,42.949002934807254,35.05965494614779,42.84389378814858,35.30821953784439,-21.919749193742245,58.93938129316185,-21.865974343886638,59.93190242738441
1206,42.980057410529994,35.158131681464454,42.87657107754427,35.39555684416211,-21.70849236358542,59.10944765491124,-21.6580434492398,60.10441792026873
1207,43.00740629866904,35.272887728462244,42.907168831293134,35.48857947647237,-21.521459456976025,59.27692047398847,-21.542126705622618,60.257703141513986
1208,43.03276158713211,35.37343539155983,42.9392737719844,35.56399822352416,-21.41796107841269,59.41907038510925,-21.422328823437457,60.398706876776984
1209,43.06087452781678,35.454091177160514,42.972828021784,35.6216602762461,-21.516605378310334,59.58394126773896,-21.448601538487207,60.536671174206646
1210,43.09256532985847,35.5139766463069,43.00806607852028,35.66417004682612,-21.470010130358766,59.72473784930398,-21.437980657496766,60.64656454132186
1211,43.127833508198286,35.55509761851667,43.04416613494316,35.69513706419689,-21.595117211483387,59.88587114971259,-21.581987359693215,60.75338677652268
1212,43.161575501129306,35.58212040246886,43.07673219399505,35.71942323723274,-21.811340867461865,59.98256219044355,-21.662383911926614,60.856484002541286
1213,43.19627576004122,35.59067078814462,43.11129040242062,35.73632190837004,-22.03691024882552,60.046008674446675,-21.810727344187036,60.932475424495294
1214,43.2340886161802,35.58058221841245,43.14793304843893,35.747100574977736,-22.26345107206055,60.097593398097175,-21.9816737278445,60.99248773655977
1215,43.27364906630149,35.5695490641524,43.18728850820613,35.75544927381499,-22.387917311957104,60.13777505806383,-21.94804658639426,61.042897177231204
1216,43.31468229033915,35.569305658785424,43.228736811311094,35.774536157523656,-22.484776567453352,60.16156991816506,-22.004929302621633,61.08548561653326
1217,43.357798941819695,35.580884054488244,43.273247081793876,35.80270871733658,-22.655298185148173,60.182554026281,-22.122135593944478,61.11514220702097
1218,43.39920138788292,35.603390366943266,43.31419457004255,35.837350886788066,-22.844818700990405,60.21668821254376,-22.39412670592869,61.175622022984626
1219,43.44426844314969,35.634409528432265,43.3559176815168,35.876675887332354,-22.667520406523597,60.25330810582586,-22.063920769953782,61.2459006028944
1220,43.486115626159766,35.67616320458264,43.392995393796255,35.92044202065965,-22.437938178920007,60.28517090110501,-21.810020307288347,61.28832954881182
1221,43.526930739409856,35.72834968495302,43.43047080485058,35.96747862806818,-22.267967410745495,60.332710359537906,-21.742800249641096,61.34378397365265
1222,43.5646352040769,35.788889703460804,43.4660860971726,36.01654738400818,-22.21467692632132,60.39400655026281,-21.681875356463586,61.40972800329244
1223,43.59942400101336,35.84583075014797,43.50046746607851,36.06313287856907,-22.153091941782048,60.49223116318887,-21.70530658896599,61.51645109958027
1224,43.633216211912874,35.89955345050678,43.5380084092955,36.108825610680846,-22.041573891351522,60.604695665380504,-21.726257182374216,61.61735420196328
1225,43.66854906193071,35.95162288601713,43.57560644252901,36.15526703895717,-21.735872260293927,60.70809400568731,-21.64984453286095,61.722349691743
1226,43.70582704466048,36.0014354319186,43.6172646127577,36.2008218904507,-21.772818391555568,60.81115905572662,-21.52084140268414,61.82767565469849
1227,43.748186722556454,36.04793274307747,43.6612182777051,36.24466622514016,-21.806239992511433,60.92943635818612,-21.423105935877345,61.91907203699156
1228,43.79194854216395,36.090461610831696,43.70631592684947,36.28639688488397,-21.692019415577857,61.03198799391204,-21.273424197823605,61.99198282018461
1229,43.84023193649129,36.130523691749836,43.75438919458012,36.32780501040763,-21.516153371327146,61.122688501091666,-21.06017253003083,62.05534472008095
1230,43.892420405703646,36.17212664928855,43.804146360592156,36.37035695020888,-21.27310738278939,61.178567833218786,-20.867814896356865,62.11112329191114
1231,43.947080082815546,36.214629228524025,43.85731708999573,36.41397336620584,-21.12707413512405,61.22356635814885,-20.85268555620073,62.15586410481382
1232,44.00423497047248,36.256703164076534,43.91110391220321,36.45830279648424,-21.091885088735665,61.25091969356674,-20.90174285789706,62.1914182703679
1233,44.06003348051872,36.299428855015,43.96390251110915,36.50319411947272,-20.981060176124764,61.243769374391455,-20.766925901169337,62.193193124989385
1234,44.116390975502156,36.34377541016567,44.01735611551225,36.5485900682621,-20.741337009524013,61.21296525057944,-20.484596347548784,62.168324888294904
1235,44.17177538483464,36.38993364557412,44.06884379786325,36.59422661847497,-20.564585367938573,61.16774917113781,-20.274952473769982,62.12814689661703
1236,44.22242528825602,36.435336908029875,44.115485813653706,36.63777076784926,-20.61402428440131,61.104607783174735,-20.330345866822622,62.07583878770936
1237,44.26966145520128,36.47955143261607,44.15920159519294,36.68026711038406,-20.624345918891567,61.05368512081002,-20.29828249531149,62.05622517282326
1238,44.31484299481119,36.52217101171197,44.20443775001223,36.721422953206,-20.63897351740826,61.01649814999066,-20.41733837373539,62.059704014560985
1239,44.35923761273312,36.56324421056161,44.25090896388417,36.7617070140904,-20.343344473395618,60.99582525017682,-20.140004287323844,62.08582075002874
1240,44.4015162136108,36.60291230089833,44.29493393376805,36.801444306476654,-20.017604173922532,61.010274937645,-19.70113133005846,62.12901320332035
1241,44.441273894171786,36.6444147199197,44.33775659880807,36.84521820203723,-19.803350999621493,61.0600425531982,-19.332097650072043,62.186759471989966
1242,44.480033861882795,36.68738233018825,44.37946586413616,36.89172194192544,-19.19197742165143,61.14004249553452,-18.496609595098818,62.25509003461717
1243,44.523140411151445,36.73361767790416,44.424463196519,36.940612493607,-18.54098539609181,61.23830932759048,-17.996181415327232,62.31491032537119
1244,44.57270019116041,36.783198570907864,44.47580486056019,36.9919817971642,-17.88894041210165,61.344228975131564,-17.518332761962927,62.395729848718545
1245,44.62148539512484,36.836283070157705,44.52608562527914,37.04516937535567,-17.24903505269953,61.471841769689625,-17.297225305274658,62.51000923875451
1246,44.667233634483736,36.893260922830784,44.572001095139534,37.100181096885166,-16.852210297166746,61.56627039391893,-17.091543334195492,62.57779394159783
1247,44.70993493389551,36.95261839862172,44.61155578463662,37.15529859651085,-16.61132636957377,61.65202889479216,-16.92591841068031,62.642610609327
1248,44.748793279148686,37.012127864740876,44.64543677414258,37.21159421175162,-16.38156920448056,61.72751534036198,-16.79089632907412,62.70326490982355
1249,44.78061170251455,37.07139496360912,44.67030927531645,37.26798079673429,-16.539366446290003,61.78984345840644,-16.682795633530816,62.755797709699316
1250,44.79977063302674,37.13050890324186,44.68403387284452,37.32446229367015,-16.578406661450586,61.84870638804387,-16.599220075430384,62.797978641439336
1251,44.803527275965635,37.18736279865509,44.6887586475598,37.378726496537624,-16.675560763938968,61.882129530332506,-16.53681232706385,62.82903881911969
1252,44.795207520802315,37.2332486882293,44.684895570412515,37.4188677315747,-16.66297550694511,61.87756955319105,-16.493989856311398,62.850454564921904
1253,44.7765037987499,37.268221664198485,44.67265322282872,37.447920011456056,-16.676410047487067,61.88807732837135,-16.46866900422975,62.864592109183
1254,44.74798956601938,37.29437323237586,44.6521625399221,37.47008739520763,-16.698043091235043,61.89023454555627,-16.457913959040507,62.87506324338442
1255,44.707555883152025,37.310096948599906,44.621363346482006,37.48534748690192,-16.73120674060926,61.884235355395184,-16.462941682506884,62.88080384459547
1256,44.65658857739829,37.31579435907237,44.57970098781635,37.494999586929396,-16.77654028313227,61.87342275449357,-16.483829403040822,62.8827291128873
1257,44.599597946587686,37.31428088815745,44.53171329345472,37.503942035156655,-16.82796220194544,61.8636209208446,-16.512098636949165,62.88578023472645
1258,44.53997443883123,37.3074675816696,44.48342837460391,37.51281882987628,-16.883140419173863,61.85687488763595,-16.544313645028875,62.88986195601556
1259,44.480516414799595,37.30365195024661,44.43738929543305,37.52076332753515,-16.938170145799827,61.85378388598838,-16.577074248455585,62.89476571352383
1260,44.426030285958475,37.30297815707943,44.39830194789691,37.528538365905014,-16.988278383000015,61.85396983079881,-16.605286784554707,62.90032153862097
1261,44.38384357836152,37.30398479624714,44.373687894698676,37.536009254415774,-17.027042576927624,61.855856533321166,-16.6213935809464,62.90629653533065
1262,44.359994812776876,37.30588335099681,44.36525168489051,37.540704032947716,-17.16045782123897,61.86036343918308,-16.780517498928774,62.912087591371964
1263,44.35453820215017,37.30901757039096,44.367152991260966,37.54367568810929,-17.338771972846196,61.86748191739866,-16.987621126516963,62.917734478490395
1264,44.36047980826602,37.31095892829077,44.36993118831021,37.54560352819934,-17.499095971356603,61.86852070732626,-17.139162051913708,62.91522218853075
1265,44.37348528658083,37.311110499635575,44.372227045611766,37.546359913163506,-17.655362218795645,61.86784764048933,-17.26479539477085,62.91246975087177
1266,44.39354037150966,37.309415010223816,44.376481850736134,37.54522382762349,-17.837367250743757,61.851119865682584,-17.408095184016787,62.889428706609365
1267,44.4195672244043,37.30526204384996,44.38600255177728,37.54229736057864,-17.989127585604194,61.84400131853897,-17.482702755702526,62.88607556988788
1268,44.446971686942334,37.29899577523421,44.402299399338766,37.53822134751402,-18.136608296079103,61.86208074254689,-17.53004533180046,62.92017386283435
1269,44.470958551201186,37.29201640832564,44.42166624822574,37.53272071536459,-18.16325368688208,61.8841679923584,-17.544768015056526,62.95410278586278
1270,44.49106016825556,37.284201836062635,44.440474719469094,37.52633757082496,-18.19145281955473,61.919242498718106,-17.638878589729647,63.00047674826384
1271,44.510508323318795,37.27523469474934,44.45578365735977,37.519181962668966,-18.241617310369758,61.97028836972083,-17.729838804318874,63.052835144699216
1272,44.52789148546435,37.26539889261388,44.46525411636668,37.51144949914587,-18.123146842895558,62.03460996866521,-17.571517314932308,63.11261436205963
1273,44.5427553818527,37.257181082764795,44.471641305654124,37.50581904931627,-17.98556067292692,62.11046383852492,-17.46101389189953,63.15547444211854
1274,44.554049881339424,37.251636179250575,44.47794623765782,37.50300743161894,-18.043877979681742,62.17989851028443,-17.606617757980096,63.196120040080324
1275,44.56225501503462,37.24833003863914,44.487372455741486,37.50214796834405,-18.096647850265914,62.209525172713704,-17.70300355754287,63.20978496639929
1276,44.57026069673937,37.248403993618524,44.50087556411988,37.50397964205385,-18.154273235129022,62.21975843640228,-17.763641837752694,63.200029713002586
1277,44.58192892738547,37.252335132683164,44.52023945751441,37.508824262405284,-18.17295232898903,62.23257788790962,-17.84032268475641,63.215347056401214
1278,44.5978577422257,37.260217290375756,44.541881642092,37.51621197023181,-18.175652885973417,62.25230731468429,-17.89456065442515,63.25231776634089
1279,44.62188108148529,37.27101524281165,44.5677367696605,37.52414907749754,-18.307204255242166,62.24637503310179,-17.88644026625124,63.26404389010862
1280,44.6531489400071,37.281836147056104,44.59739257778385,37.53114997113507,-18.470179389395213,62.2336889566533,-17.941417666055077,63.25871709142238
1281,44.68761837156243,37.293157803998746,44.62683379949593,37.53913441008665,-18.451508486962894,62.20591320993515,-17.964700065906285,63.23980426063526
1282,44.72343992494536,37.30672631525009,44.65662638935509,37.55003897232837,-18.480970889208994,62.20809380396624,-18.030781420492676,63.24780372085626
1283,44.759154031365455,37.32253714125379,44.68629091069608,37.56443205736764,-18.597717890678414,62.24784955142256,-18.189285791694378,63.28610702309944
1284,44.79171315479891,37.34031940893959,44.7142217162399,37.58210514772244,-18.793571607912757,62.30202142582666,-18.455102461816143,63.36007287846459
1285,44.822909355893735,37.35913915668332,44.740768927094514,37.60119006264187,-18.937028208233524,62.36573326989386,-18.587162682082102,63.45730969439768
1286,44.85245536186465,37.38048173588562,44.76813147882841,37.62198845191215,-19.034057409659408,62.46955725701078,-18.57643736717685,63.573358713327764
1287,44.879019318956416,37.40482668640658,44.794881270773615,37.643493734398916,-19.057557650619362,62.61137521130529,-18.52621983352889,63.70466659198613
1288,44.905225938575704,37.43150827088644,44.82149674679286,37.666317503439004,-19.0596637044623,62.791314133980826,-18.43513647862512,63.84808741957578
1289,44.93003856074986,37.45744701104805,44.847069856795805,37.6880933743585,-18.96195858590648,62.98129247614914,-18.27013169332739,64.00042645031026
1290,44.95536706656423,37.48293419077755,44.87414696622645,37.71062611361642,-18.711474366264913,63.13333351206548,-18.02937684618591,64.10165651502221
1291,44.9851881387348,37.50831442726722,44.90628407090699,37.73460790090954,-18.253173441849828,63.23567191535514,-17.68616979554584,64.15586564245795
1292,45.019367880542596,37.53555910692447,44.94220615159772,37.76127594503359,-17.916196235726844,63.29171400212274,-17.501582231334545,64.17211580672914
1293,45.054593847280856,37.56309165430887,44.97863685533537,37.78863163630035,-17.506340751461494,63.315575269755946,-17.134207136159485,64.17869931471712
1294,45.09349248521559,37.59112489946345,45.017760996605375,37.81606708189582,-16.986757439632814,63.295964968398856,-16.645059408547752,64.16148165588841
1295,45.13661577525768,37.61916131896727,45.06011085742959,37.84357115900428,-16.58661510937194,63.27467513993277,-16.37032170543403,64.18330173998014
1296,45.1820440617323,37.64915678226353,45.101584304668236,37.871902227150585,-16.292035146937998,63.228959588386466,-16.205714757261692,64.20442213667258
1297,45.227822505631536,37.68009440363974,45.141977518863904,37.90109202720517,-16.055147564715636,63.192940085813746,-16.045118696160213,64.21484143557447
1298,45.27276975905609,37.710983627178635,45.18353780536208,37.930269313922764,-15.963073295553826,63.17183220452635,-15.969638110414385,64.2168081034011
1299,45.31621882039185,37.740868718032274,45.224698371922706,37.95954183870042,-15.759643409237682,63.22583676006709,-15.844206576367366,64.29641934333726
1300,45.356372934793974,37.7703667044254,45.260821431336446,37.9885241659954,-15.838642607597686,63.29643778934284,-15.918968696973398,64.37697856843842
1301,45.39397291041729,37.799497325191375,45.29605431191958,38.016696366829294,-16.057144061559523,63.39258588768239,-15.977849752498138,64.45447986588502
1302,45.42694066558363,37.827245758472834,45.328903480500394,38.0429274753251,-16.10710051526733,63.48234640008353,-15.906603140044647,64.54342176280966
1303,45.46101653655103,37.852781166063615,45.36435701057908,38.067158785287944,-15.949746916961487,63.565749656899655,-15.614318301979747,64.60930976775887
1304,45.49669749827955,37.87648139044849,45.40220395869417,38.09052272068937,-15.83716141945378,63.64906362626973,-15.4145275007665,64.65567668006749
1305,45.53195875834516,37.899023666603064,45.44113251419663,38.11340711484848,-15.746697784618643,63.77510851638005,-15.338655684352483,64.74573086208366
1306,45.568615024670464,37.92011711814429,45.48216987107685,38.13563914248091,-15.695737389421792,63.85382484055586,-15.268136135834173,64.82996557933042
1307,45.608862953530625,37.940307327390414,45.523086963600655,38.157652451040015,-15.457249452070768,63.953674386765215,-15.125109626196904,64.94353368183478
1308,45.65120012013507,37.96450031521483,45.56510301201127,38.1858064962007,-15.229617870173158,64.06913278810892,-15.0229800417584,65.06932464707704
1309,45.69743000063719,37.99301532349838,45.60885874845418,38.218125739985645,-15.1806050657891,64.20506466615207,-15.074010835170993,65.2255972118133
1310,45.74558695556371,38.0256583441878,45.65558783906043,38.2529250588281,-15.119653051836258,64.38320735613466,-14.862732799591072,65.40403098055808
1311,45.79420204952204,38.061755393464885,45.703378804868485,38.28975358927382,-14.743955266139444,64.58783810134119,-14.286652168340243,65.57824724877058
1312,45.84351171935156,38.10132372528179,45.750997580177064,38.328123670874945,-14.448227413294132,64.78758621803459,-14.022479446850799,65.76321700838686
1313,45.89178539609066,38.14375917084763,45.797815466370565,38.36692288227538,-14.17961892736418,64.98623129214948,-13.838629135237829,65.92251263013424
1314,45.94040436539797,38.189809982912436,45.843448269747974,38.406990931376285,-13.926831753471637,65.14026280783281,-13.62854360743849,66.03248048024984
1315,45.98561308294149,38.23433217799193,45.88485608431547,38.447728894799845,-13.609754749732094,65.25163312591933,-13.381339192963999,66.09691458552476
1316,46.02783810129584,38.27754090097828,45.92393732002299,38.48829832028818,-13.277886849036626,65.33774350623568,-13.294465043891138,66.16868594707307
1317,46.06624570938988,38.310208590762855,45.96124937683333,38.514663216954595,-13.103779036095025,65.37971412852937,-13.196114867044843,66.2166334933027
1318,46.09870349572142,38.331679024105064,45.99332047513698,38.52915380622619,-13.170310525730262,65.3962890066094,-13.045048543131564,66.25169709156208
1319,46.12857943116898,38.34157981179908,46.02483074484528,38.53353816812388,-13.105481662479155,65.37349128767474,-12.938360643395876,66.26986312399936
1320,46.158731778652346,38.34183517625731,46.05909726841688,38.531633455665315,-12.885101482142177,65.3247040197191,-12.662694980773269,66.25990885694364
1321,46.18955307494815,38.33130470033619,46.095510493703124,38.52389476923538,-12.589913977062217,65.28907517555587,-12.274851919967748,66.25220171499377
1322,46.22460930641287,38.310059662205596,46.13558074618871,38.51148283283169,-12.298786155970701,65.26761983642349,-11.890622339497448,66.24260186709921
1323,46.265930240866226,38.27912842125142,46.18251946916837,38.49613458392458,-11.795293922142802,65.25385968248494,-11.396468987632616,66.26620756378263
1324,46.31164663255714,38.250697397758955,46.2321599705499,38.48111049783467,-11.256164715419787,65.24813647662612,-10.922401805530043,66.28661526607344
1325,46.362063247224135,38.23749927906749,46.28054426969782,38.48376489525066,-10.822100972180644,65.25047696037244,-10.618527168474508,66.31079989315279
1326,46.41353188635447,38.24151492712577,46.326774792508694,38.50286399164328,-10.250825644603209,65.26840593246583,-10.196951402887509,66.34228743188527
1327,46.464287903399544,38.262257232333255,46.37160834094128,38.53613765031208,-9.876239121479621,65.30686960162312,-9.945907165213445,66.37174465575603
1328,46.51348742093011,38.29891969323348,46.4143961935848,38.57883002894445,-9.681220519785898,65.35078623138372,-9.828445907858006,66.40316890009952
1329,46.556329582247905,38.34965074459585,46.45053618931686,38.62634813362334,-9.551438279088773,65.41000349225439,-9.752453036378204,66.44609940692446
1330,46.591664733717764,38.41560860148314,46.48392860539602,38.6803546590518,-9.492039647863882,65.45534075904482,-9.602878077790514,66.49247378012953
1331,46.621467825702354,38.49496490021091,46.51505960071591,38.73960625857463,-9.591411898142901,65.51020217515466,-9.626314768110811,66.54447700714391
1332,46.64963860594847,38.57298097779227,46.546384156021325,38.79996661078254,-9.871742952245906,65.56993703268039,-9.973995760612897,66.60085074952428
1333,46.676191060558324,38.63429029587194,46.5766261519119,38.84169967345035,-9.985631489442216,65.65411628562114,-9.840837225428148,66.69220295505184
1334,46.7022595712527,38.67612974974399,46.6080283417447,38.86583797452569,-10.072219739642376,65.71443095752927,-9.78196910966996,66.73616668894388
1335,46.72868890136857,38.69906440527311,46.640549509057614,38.874616063260014,-10.121325265436411,65.77363393044897,-9.765262762044914,66.7773910474757
1336,46.75949998056791,38.70463222052685,46.6744870040535,38.87059046258895,-10.213162541948341,65.80982655483429,-9.83050361433029,66.7959992372341
1337,46.791318282725804,38.69205877656377,46.70762078313301,38.858056686267716,-10.37179741272704,65.84120309810271,-9.887504736857071,66.81628740812977
1338,46.82699681554432,38.661380381074295,46.74398504818071,38.83873251184595,-10.26686488144996,65.90252772368633,-9.706979099115419,66.88938389374051
1339,46.8644556684785,38.61459297681189,46.78204112319651,38.81391634956109,-9.955099801292052,65.9571760562268,-9.602975822285588,66.95340019855203
1340,46.905548754591756,38.565900503193646,46.822711128425865,38.784737577626125,-9.800988457988243,66.0172875152178,-9.328214866185641,67.05847057060993
1341,46.94827912879426,38.53202427900381,46.86470180934113,38.77298660992989,-9.50298990587734,66.06559536659391,-8.954801388387857,67.09676689911971
1342,46.990217889240796,38.516280419690474,46.904477021084595,38.778261855810605,-9.234037896063947,66.1427927528635,-8.726899829582036,67.17377302953041
1343,47.02866164233482,38.51988991310192,46.93943533471664,38.79857886080362,-8.894716830238693,66.2687334885012,-8.52487409258357,67.2893507242998
1344,47.066373084833685,38.54085771492382,46.97241952959258,38.82979706534154,-8.673592238361273,66.34732644272145,-8.533280949605478,67.32103168480197
1345,47.10123571214755,38.57683144446071,47.0047386318212,38.86646779186677,-8.463332158204816,66.35243520981791,-8.32859302854252,67.30052246846354
1346,47.136415227017906,38.62996528671974,47.03992094436614,38.91048164110311,-8.129257062440692,66.32090877504206,-8.032339067584516,67.23822415710981
1347,47.16992546718266,38.700082716071236,47.0759767156821,38.96024090459835,-7.788841352040295,66.25397111081912,-7.594822416429898,67.19257080363397
1348,47.2034682699381,38.770345808612895,47.11416856682396,39.01180934003793,-7.783726400939049,66.2088241528413,-7.562021645514441,67.14078377428118
1349,47.23969476184916,38.82402128669667,47.15474593290643,39.04443215946547,-7.727212518046872,66.13336993274046,-7.53373913711059,67.103406485625
1350,47.28010328238349,38.85867933284688,47.19616588669214,39.059982521880755,-7.78039722774072,66.02237033957685,-7.645188493966526,67.07759846062085
1351,47.32398522461262,38.87501152396043,47.239210122775816,39.06174745267172,-7.691707014022043,65.99155285257446,-7.705589074164507,67.1085181637156
1352,47.36954562209719,38.876669730987736,47.28198048201422,39.05435841016504,-7.720255456565173,66.02688023093097,-7.706464489131758,67.179960217478
1353,47.414129388651,38.8640979483704,47.323999554247486,39.0431968864478,-7.817245500528346,66.13353684112832,-7.669745813921534,67.2909171161045
1354,47.458559268885786,38.834951277091776,47.36560754830886,39.025574480584936,-6.841552611196354,66.26960493388684,-5.939509112699316,67.42547841354543
1355,47.501902695413044,38.791015226689034,47.406584441440714,39.00261155414481,-5.5296794310684545,66.45394028255613,-4.402475320568412,67.58512590004997
1356,47.54367250329828,38.758538598265865,47.447084567025115,38.99174904641325,-4.223661950744196,66.673057405796,-3.181450560976258,67.76512714880104
1357,47.58398553736304,38.74079459282684,47.486524155680904,38.9929642134192,-2.89571370727027,66.92154139039894,-2.303627914023572,67.95514203840204
1358,47.62288573639579,38.73760860185896,47.5259662159125,39.003683211944626,-1.4808112737903325,67.16729625777353,-1.4531623211545928,68.1545587517285
1359,47.66139957987239,38.74640393438863,47.56537963360954,39.02021085751961,-0.20898558089983932,67.39082980069941,-0.9243539190483746,68.32994441211908
1360,47.70009760895794,38.761771270972105,47.60475737013897,39.03745349744622,1.0013345669769331,67.59373997920159,-0.5475373877008771,68.49481313945313
1361,47.740514098714385,38.78912016823725,47.646961433473436,39.059214483516456,1.0231733941965242,67.7629877000915,-0.20510510793599956,68.62615922347507
1362,47.782614487893625,38.828435228050864,47.690631404096,39.084576324745896,1.354277665299103,67.90686477461372,0.6489504896064233,68.7472317427536
1363,47.82669256534473,38.857498241552676,47.73580348621067,39.09792031569216,1.6769278867506383,68.04023164558043,1.3079381079660743,68.88062448797136
1364,47.87247044295342,38.87373230450088,47.78163080249928,39.10062631951948,1.8207007782138331,68.15743345473103,1.4901724774027323,69.01180412525827
1365,47.9191378327175,38.87810700773279,47.827376983715325,39.09593403020379,1.7614990864260665,68.26179193957,1.4983592943118973,69.14583268652964
1366,47.96683358161152,38.87190458243051,47.87329703181633,39.085325271176835,1.7624822760666066,68.38034668957428,1.4384340868084133,69.28892595884021
1367,48.01549008538441,38.857912192591115,47.91929611688316,39.06998333638072,1.7775637569539589,68.50676195145004,1.3648019566097067,69.43927099998399
1368,48.06220340155255,38.83331808010508,47.96402456088236,39.05083571334637,2.0241733180415427,68.65943808977845,1.6706731799149446,69.59557375895196
1369,48.10758532461738,38.800442762989995,48.00778120532555,39.03199324051481,2.050360978705791,68.79906976656795,2.1893904983950847,69.7180746128063
1370,48.1499368021668,38.77993990674517,48.04869712077617,39.02707463052682,2.0399852235433293,68.90988604539164,2.523752880923317,69.81208963844878
1371,48.189591242451606,38.77286020900718,48.08752804959168,39.03396283108399,2.6763948366447043,68.94284046067304,3.3544114628894426,69.80332611722889
1372,48.22788224510665,38.77785453944793,48.12571590143246,39.04957717791044,3.403645700138428,68.98069055796553,4.007614171315832,69.83217482747332
1373,48.2640695032359,38.79495133058847,48.16265337613301,39.072150310987475,4.0600531053548305,69.02324570890373,4.364454294235436,69.89774720039688
1374,48.29828822151665,38.82426737943617,48.1986723595593,39.100403033713306,4.828795767002929,68.99778708304466,4.77884120589422,69.89100728891015
1375,48.33414451879194,38.86552779026388,48.23775967918961,39.13296422520601,5.323658520556028,68.96049112677332,5.095098735850263,69.90476287229568
1376,48.37272776815988,38.9053263015623,48.28063902824677,39.153520663573,5.736682777473926,68.93901448154793,5.505212647764062,69.93488799934183
1377,48.41534128914294,38.934001069893085,48.32661524978052,39.1643559860234,6.2474260438624825,68.93367243674736,5.890249454294822,69.97828181742089
1378,48.46109915155301,38.951148185810425,48.3741047001837,39.16785489582829,6.408820381630687,68.94613037567848,6.276484234061771,69.95374664036991
1379,48.50789315328101,38.95744620461647,48.420500013600886,39.16551456886274,6.53785991367222,68.89064632732733,6.526334634918733,69.87484907460373
1380,48.55754848890116,38.95286537857674,48.46803769199638,39.158504258931224,6.983803932934146,68.78530658952108,7.004139988121215,69.78441191641157
1381,48.60864897168414,38.93745835955588,48.5144920279569,39.14778833673588,7.341854466482049,68.71316615846952,7.39094170056053,69.69932239687941
1382,48.65817067920208,38.91292232212822,48.559791884871046,39.13653261956539,7.537874862657305,68.65898709132392,7.459555009494484,69.67558339918028
1383,48.70618705333267,38.899723867726394,48.60549079198513,39.137947893712166,7.665617727740766,68.57665785545373,7.5758400160414,69.63645473756874
1384,48.7533972845155,38.89776689381243,48.65247197134525,39.14912596488454,7.864281960159049,68.47156204630663,7.823739524499008,69.59223151777675
1385,48.79551071439874,38.90630080900519,48.69367051867774,39.16766021171377,8.061936899840866,68.41272470686687,8.100077626891776,69.56281919170279
1386,48.835339274152915,38.925223715809935,48.731896817193835,39.191880225072914,8.469700249601534,68.43867679041018,8.555995475871258,69.59853143839294
1387,48.873512703572665,38.95458656297382,48.770608721865266,39.22073737343159,8.728817574364491,68.50510011298203,8.99047190850305,69.65640619196867
1388,48.90922576166073,38.99450887838763,48.80664734196875,39.25340202815761,9.095992444920801,68.63021620164263,9.495020793158702,69.7717138272816
1389,48.944236598048874,39.03452564054048,48.84264645108766,39.277154032515,9.581429171137403,68.74540922571146,9.823812000507576,69.89486154312154
1390,48.97644869240024,39.064903431997415,48.87685466117916,39.29300383066278,10.155759030052169,68.89760769648804,10.271621709998337,70.02500217510912
1391,49.00790158521035,39.086382880723576,48.913617233431,39.30317499950782,10.657147095503149,69.07901810140434,10.681353101552734,70.15641820338867
1392,49.044750306504135,39.10092679867419,48.9540107274079,39.31118020742001,11.224603691164203,69.27626739626383,11.179569988197452,70.29046646065964
1393,49.083816520338125,39.10708020364646,48.994899711676396,39.31532828387992,11.59372320588284,69.43561302235526,11.53687517862402,70.4038007217607
1394,49.12369372554206,39.10484309564039,49.0368852918728,39.31639065517801,11.789656552126623,69.55250691390316,11.650070660517025,70.46436999279507
1395,49.166288431411594,39.09576511941498,49.079261692890846,39.31714049253274,11.858598269978941,69.64620728779822,11.71847962972803,70.54913228095083
1396,49.20960374198394,39.09604472908829,49.12147998509372,39.32859821516381,12.051012631216565,69.71800345845487,11.872973780925903,70.61766907918458
1397,49.25425020169693,39.10708705911568,49.1624532247731,39.349644667359215,12.271958407177207,69.77118890238927,12.22098525950384,70.6778855578163
1398,49.2973687829293,39.12831507909646,49.202324154574534,39.37817734837618,12.280747571215773,69.80910991685064,12.251917299900674,70.73139095132835
1399,49.33683224063527,39.15735083296904,49.24026745447104,39.411855868751566,12.087928464730759,69.86008840700764,12.16576828316906,70.82178217853713
1400,49.37537725868629,39.19446175305289,49.27784420988029,39.447804367662386,11.895414434632023,69.93288182429175,12.056570880705458,70.93074064417823
1401,49.41632272415127,39.24096328557494,49.32056451111195,39.48747710765027,11.30040785880118,70.0309061077146,11.23289274452157,71.02314722072119
1402,49.45489932273682,39.29524316936332,49.360283328256656,39.53007260884292,10.754517455198297,70.0986857083559,10.620329962319847,71.09117547855885
1403,49.49219570891188,39.34819206010115,49.39851876095626,39.57309001511559,10.110804792915635,70.17986314576014,10.093215801917184,71.1649729372736
1404,49.53054133714961,39.39094302273612,49.437712071370875,39.60504633517741,9.3121414262517,70.29477501530442,9.679141967650944,71.27651132785377
1405,49.56755411451066,39.42588599440804,49.474225005366485,39.631273629478784,8.53453809320573,70.4360872359157,9.132295593682962,71.40776413944953
1406,49.60624812782936,39.45559590249921,49.51203361240018,39.65598315490237,7.919080072798503,70.56267681325293,8.808185067648592,71.54033536683735
1407,49.64657605672427,39.48382089270599,49.5516917251681,39.682587666607546,7.3287141644812275,70.68601390926126,8.543994617638605,71.67823059335042
1408,49.68572325373623,39.51110660103115,49.5944541190234,39.7134989522656,7.20510473675768,70.81655748415169,8.24969384559781,71.8039627287184
1409,49.72731938436119,39.53913394331757,49.6377147141532,39.75020893926601,7.327731898077994,70.98094218521369,8.40413659864586,71.94616533943037
1410,49.770888062935384,39.570361879916156,49.6815197326137,39.79297353730783,7.4052957542433395,71.17212378332027,8.42799266200655,72.11678274429751
1411,49.8139870704888,39.6127095539386,49.72453268661284,39.84029679326356,7.366000447211675,71.33051557877275,8.291758686537179,72.26004842798108
1412,49.85992403147428,39.6640874117347,49.76787197507603,39.89131185937015,7.568777050927141,71.44956375354725,8.308368681782314,72.3608226696785
1413,49.903809400566324,39.722146932356644,49.808356142933754,39.94525837506798,7.757180912139279,71.55216205157497,8.412887604845137,72.4463134151715
1414,49.94659383070458,39.78492565207168,49.848534826004375,40.001734200823066,8.010557978906741,71.67764670245056,8.581822992704486,72.57841152305073
1415,49.98537103765491,39.8499299242319,49.88621414234688,40.059828468702115,8.30301525985638,71.81920267609465,8.689610009870908,72.72228469994907
1416,50.0235273314796,39.914706496635986,49.92461446687366,40.11812880986211,8.204409563937123,71.94192042425992,8.617901462712545,72.85283394281099
1417,50.06024590325267,39.97879622909569,49.962349930615545,40.17685928731491,8.14364648993088,72.03023959240795,8.51414714315505,72.96558872688176
1418,50.096469799733164,40.03636208662631,50.000041689692885,40.22816381968133,8.546483130741677,72.12447247670423,8.924599976022796,73.07143395285358
1419,50.13130126261449,40.088578161628064,50.03708216364535,40.27474527722547,8.899206019598838,72.23827661269348,9.308398989199443,73.16931890699935
1420,50.164228156486494,40.136212877179105,50.06984528970091,40.318725951474,9.317950836890102,72.3578496105364,9.799273111364743,73.26057486584288
1421,50.19381056929654,40.1799378466003,50.099017047284654,40.36154886665036,9.52540848000446,72.43745872119028,9.980926461550295,73.340840633261
1422,50.22135388846896,40.21940856555791,50.12512119234778,40.402890094443265,9.480635200530102,72.49492338201918,9.745813560879471,73.41260210701722
1423,50.24102453321373,40.25482248183909,50.14347707840965,40.442455753655224,9.568621170820196,72.57110451670401,9.585821455412944,73.5123739564491
1424,50.25202836156531,40.28666332326797,50.152732024281505,40.48071619971395,9.684544298789026,72.64774349358687,9.451299635189363,73.60016642018174
1425,50.255304480027135,40.320002348862765,50.156969523620326,40.517938454327705,9.446712327506239,72.71726200804743,9.342361390531012,73.67643840087241
1426,50.25298281969885,40.354039243571975,50.15934046448475,40.55420542175792,9.171214809954238,72.7805113618807,9.256168630009787,73.74183715852747
1427,50.24780111320804,40.38799989498081,50.16039865444799,40.58984633449743,8.764490439393315,72.83642073861996,9.187955530855753,73.79687015562466
1428,50.23953657621329,40.42112984642072,50.15993079280953,40.624865975350716,8.508367753419178,72.88763258097694,9.133667277118139,73.84163444624055
1429,50.22940518948486,40.45297873695456,50.15959525083793,40.658095399814364,8.525576843308974,72.93675752736989,9.092605143128932,73.88195843603967
1430,50.224654220793866,40.48264737979439,50.16440844081755,40.688200249507155,8.529030901085214,72.95744912842716,9.067976404829508,73.91690890969484
1431,50.229003074606666,40.50478347251215,50.175589290218355,40.70830305715273,8.542810635289559,72.96958876919834,9.056076833718967,73.9408994247879
1432,50.23977086571914,40.517335072165636,50.19032539553439,40.7174835300626,8.56201030227995,72.97283413589997,9.053344031982734,73.95337285601543
1433,50.25365520965164,40.523524691196876,50.20548807829852,40.72255012205335,8.58310135721476,72.96713677788529,9.054530439659715,73.95542067145989
1434,50.268068195084524,40.52059383722324,50.21749668983878,40.72041253917407,8.603438057225615,72.95506650694371,9.055146711899724,73.95082476319281
1435,50.281714802482036,40.5104013399216,50.2246585384606,40.715045963544995,8.621807277454023,72.9400090125314,9.053083031596985,73.94372804421877
1436,50.29366563897613,40.492040996086885,50.22811821379497,40.704571018693905,9.088928376753719,72.91726678525757,9.682061562287812,73.93183984770269
1437,50.30235445482869,40.46675369622642,50.23140101769264,40.68998799768568,9.479747066510093,72.88816880577362,10.086674897909061,73.91609019537205
1438,50.30788676924936,40.44174957758706,50.23689161194867,40.67467648601606,9.897349626624484,72.85952853511321,10.455498039911483,73.90008982300078
1439,50.31491547624891,40.42836714194522,50.24919475112173,40.671828059215265,10.323578509414206,72.83325280766326,10.769674613551139,73.88391767526731
1440,50.327245337900095,40.42316052856776,50.26990732218266,40.678811366320375,10.740670881147743,72.81745263725301,11.009887055883567,73.87781070159764
1441,50.34631654192169,40.427193313341,50.29576063206135,40.691065981258234,11.378838134438489,72.8110884764149,11.513177124074682,73.87981061096694
1442,50.370037022131974,40.43627799522684,50.32046305319016,40.704313074353195,12.113463289682965,72.7961946601512,12.047809978198865,73.86609150296688
1443,50.39963254270712,40.44991041467081,50.34622222303784,40.71507663716347,12.088977410153818,72.77483986536826,12.043982834850626,73.83982187546583
1444,50.43456352171491,40.4727563029161,50.3748142643517,40.73038327860617,12.037578420667801,72.76408303990857,11.904673277297565,73.8274042353999
1445,50.47412083967961,40.49443884722781,50.407000438415096,40.73734673479613,11.994192387273003,72.80681129436837,11.849212700016963,73.888966327636
1446,50.51408414300163,40.504877124584894,50.441175611409015,40.73652729667099,11.739161072583595,72.86608525531564,11.528080809091648,73.9579500785729
1447,50.55337428772361,40.50437579434598,50.478418838441385,40.729832486608395,10.704188861112337,72.93429272210214,10.166708594688727,74.03257430809008
1448,50.59167279490125,40.496386103403395,50.516304518752456,40.7206898108111,9.325120085204219,73.02532918257158,8.904546187930052,74.13128250037724
1449,50.63200283937377,40.48205087071284,50.55324201545508,40.70798157611448,7.577541798367447,73.15668024808741,7.520414643862994,74.25080497974692
1450,50.672397891273434,40.463879259583415,50.58903993198499,40.692571453860936,6.3434021787552854,73.28553948494641,6.693723079293127,74.32805293778169
1451,50.71314836495237,40.43817863772015,50.62616855383356,40.67640523471881,5.3752251989644355,73.41852778784242,6.2683332962859915,74.40423866526496
1452,50.751805859040516,40.42456026153365,50.66223092436813,40.675093288817685,4.391161908453585,73.5606542180715,5.961879262838992,74.54948677386278
1453,50.79248704348005,40.42409412736776,50.702271895329474,40.68604586197437,3.541764012630227,73.65729390717155,5.627731228742147,74.6216580695937
1454,50.834224838210105,40.4365782716644,50.74548634141499,40.706966831919594,3.193385748154875,73.77690322942931,4.957470098266885,74.73016848883405
1455,50.87766860929446,40.459617328795055,50.79127714032308,40.734715849144216,3.0273089084575586,73.85836370592203,4.49980709543374,74.80472847135727
1456,50.92475269299395,40.495207551891916,50.838882690586,40.76898783593501,2.9270237851705727,73.93832631930142,3.8594545963679248,74.9010091335204
1457,50.973514490851265,40.542690696273105,50.88584308170045,40.80787829197088,2.7806855898467964,74.0246436337261,3.5593798870919056,74.96922774489353
1458,51.02285414090181,40.59979269605423,50.93267994735423,40.84858353358358,2.3094172501163936,74.1149963037297,3.1003461646352086,75.0437731571714
1459,51.07368123144429,40.646753992174425,50.97859132962167,40.87857177116102,1.7949849148511279,74.1620231545509,2.706547385879752,75.12705286674958
1460,51.12329980695548,40.68302608622362,51.024922988856375,40.899651288391254,1.3387221800773967,74.23568539244212,2.3829758490803807,75.18712671340097
1461,51.1728039037454,40.70934086642369,51.07231476958769,40.914369424564235,1.2052487602051563,74.28383477390173,2.1825715016373874,75.24866609711445
1462,51.220399116474354,40.72573686137275,51.119931494070926,40.9239286958659,1.1055581677196789,74.32679786679184,2.1346573938646474,75.28059741693905
1463,51.26705052129185,40.73226659558221,51.16696665127863,40.92938437728436,1.3810491554259154,74.36310459401084,2.3551080344100837,75.33222571990045
1464,51.31420288504069,40.72893006905206,51.21437080868867,40.931557186796255,1.6115824519905773,74.41493998332221,2.67839373000067,75.38683772837601
1465,51.358306090459045,40.72682990364726,51.25735055497989,40.94450821766693,1.8735220502238819,74.47689670792602,2.763671712407715,75.46465791844973
1466,51.40342134575294,40.735624231927204,51.30137939550893,40.967655385048204,2.329328147821829,74.53704393901192,3.073929172300958,75.54789727621392
1467,51.44754300702296,40.75536402105916,51.34495349761973,40.99858535910849,2.8154204094976305,74.61619383683816,3.356835611565576,75.63464885242293
1468,51.49055039123775,40.785631797127486,51.38849112153507,41.03588475385377,3.393716925522302,74.70430066952119,3.7722071146059943,75.72996861338726
1469,51.533791278985184,40.826310388571905,51.433432948703135,41.07812460694356,3.755079426542365,74.80308658093534,3.913139676262469,75.8040547564565
1470,51.57862045871832,40.87753253776508,51.48050253074426,41.12443932553145,3.9742245906351994,74.89796723347283,4.084775481951387,75.88378117610424
1471,51.621102806531646,40.93909335611019,51.52467932164201,41.17384720353087,3.9705151630702273,75.02117721880253,4.057058020139888,76.00064422866146
1472,51.667804126567226,41.00123731017314,51.571056800923394,41.225196882636936,4.17214912993175,75.1392968080755,4.148459047586865,76.12114823092213
1473,51.714007436931766,41.057306138748835,51.61689911354205,41.27064197531706,4.1650550406792455,75.28089771877835,4.170857383900006,76.2711071181329
1474,51.75936766694076,41.11026148205396,51.66086004417551,41.3151239721639,4.254798834177968,75.42810333288347,4.359692547626327,76.41931747791257
1475,51.805639457569036,41.15692284857114,51.70605296469033,41.354502856155314,4.345205494488905,75.59416364310373,4.701187241874811,76.59033950415267
1476,51.85213535621015,41.198739974487,51.752659324348485,41.39164528675654,4.67589313859557,75.79939287506163,5.119508307168704,76.77980032438292
1477,51.8968748503372,41.23488849378093,51.7985462801375,41.42589467379436,4.96161478456158,75.98810778289669,5.4499462164208685,76.92870307014616
1478,51.945030361019974,41.26544077586069,51.84662197217594,41.45789133658852,5.291864683914285,76.15389910605205,5.611418650413416,77.0689031356406
1479,51.991703985107556,41.29179241088807,51.89374237289448,41.48909645558999,5.419577010219025,76.36104463920215,5.570208697569415,77.26518576424935
1480,52.03824220160426,41.324018078148065,51.94019276085479,41.52686128061188,5.739045790258415,76.48090737873645,5.755603193982531,77.35413020173617
1481,52.087290286493705,41.35984469505354,51.98806650059034,41.57023625764623,6.096525553149793,76.57352786736341,6.127299773952285,77.41509967302099
1482,52.136058168782256,41.4021472750416,52.03615850516051,41.617876573087905,6.107799805590073,76.62638534090621,6.131597023170441,77.46111572686237
1483,52.18489371693232,41.44951973715181,52.08518144493965,41.66872545632013,5.936989141531409,76.68743829153155,6.024702768742568,77.56187784526357
1484,52.23514599331012,41.50289342421377,52.13497259756227,41.72232461661012,5.6421247012486875,76.82048003931226,5.761931758942295,77.74074524900908
1485,52.2846302580262,41.562291961388105,52.18502130266288,41.77815391301201,5.384804156860581,76.96746527181976,5.501332798804372,77.9242742662763
1486,52.33354010538074,41.62420128083178,52.2329742908155,41.832017069435885,5.304739238216561,77.05451248385471,5.370320673376229,78.07142450451138
1487,52.38085132741564,41.6832622363924,52.27798441348662,41.884081393545785,4.931963163832526,77.23522240704752,5.073360076864932,78.25256841294438
1488,52.42560791770494,41.73996880516762,52.320732685194095,41.9351889956501,3.489917061680866,77.4528219336695,3.561338682306547,78.4381342970387
1489,52.46853560849018,41.79388989697618,52.36237287533809,41.98531377026326,2.3730903972374557,77.74972476618115,2.514930487264155,78.695253477425
1490,52.509104553400526,41.845535247528424,52.40293888488751,42.03494031310322,1.4723938353683772,77.99332202274667,1.8730334086700469,78.8896779296433
1491,52.54887174948392,41.89496084961489,52.444874190511854,42.08452195527429,0.40406059338955624,78.21507369329446,0.9441948471448232,79.1135555292123
1492,52.58794286155958,41.94272497547816,52.48751759062489,42.134636731544354,-0.513917730352456,78.4481407709228,0.36391921188771525,79.3482536399829
1493,52.627769107332064,41.991176850191415,52.53072452755362,42.185033717842224,-1.7136391074990425,78.67512545166515,-0.41932927553461985,79.52839337549192
1494,52.667734682544285,42.04023657016932,52.572356722102775,42.23544017932183,-2.850319921482288,78.8636601561633,-1.153593788941067,79.68315494726248
1495,52.710941830935575,42.09017309798884,52.61672810035064,42.28619641605283,-3.0209319283254485,79.00574701714389,-1.658987009496752,79.78158430960494
1496,52.75523571385011,42.14084199262087,52.661247395582116,42.33713560413622,-2.883944107697166,79.0778985225783,-1.470497066229781,79.87135340564882
1497,52.80239620800691,42.19309978763553,52.707908559452754,42.38937006770085,-2.5863338210993234,79.15369897108692,-0.896249890442009,79.93599658398264
1498,52.850411500221234,42.24672274492226,52.75601180918612,42.44307193663094,-2.027379083145413,79.15383490707279,-0.4907686848524504,79.95102173107695
1499,52.89783676512357,42.30103440109541,52.802778973059475,42.49745694208011,-1.4742840558078953,79.09671751400711,-0.007773117264087137,79.93772161685851
1500,52.945374070590034,42.35651915811952,52.84950071072966,42.55298209131839,-0.5693207600630574,79.02639301639587,0.5516043000824182,79.90135483744109
1501,52.99222284746228,42.41321533543488,52.893032849951325,42.60925935156293,-0.004069318899177832,78.94948390305333,0.41095394113948025,79.87438893884827
1502,53.03676681549672,42.47130535038548,52.935698107529674,42.66665877809891,0.541530733541919,78.88051142094041,0.3581483382089809,79.83788285535964
1503,53.081822162520496,42.530813593125465,52.97955642882748,42.72487807224036,0.5615184737265559,78.79271139774752,0.17142441712662038,79.7935698793641
1504,53.12358910642921,42.59112002815621,53.02106637885521,42.78403859149968,0.3580487655167435,78.70266205314066,0.13226318847960808,79.74764623725675
1505,53.16396384069516,42.65249762539764,53.062823793027334,42.84442809314004,0.2177626633765011,78.65916178745597,0.1349060400118642,79.73962687826064
1506,53.205298302931816,42.71434154223619,53.106150145080484,42.905191521638436,-0.1461564851006861,78.66365582575293,-0.016470386806392706,79.77490068897743
1507,53.246535831976104,42.77662483738385,53.149992844148784,42.96644656812255,-0.5658289042435388,78.73261016123466,-0.04247198980313417,79.86761171312658
1508,53.290653041481775,42.839630821296886,53.19514562777016,43.02818920822019,-0.3212787126725306,78.8296482661678,0.27834045873496494,79.9833284380925
1509,53.33471398441401,42.902681054505216,53.23917564702169,43.09021519794071,-0.1878200738284729,78.9699550472194,0.43878712945882303,80.12144343179642
1510,53.37940162481171,42.966217742182316,53.28490826510253,43.15268606753423,-0.04991817326435019,79.12552151556628,0.42891170868797923,80.23816338303313
1511,53.42744249685935,43.02914282212967,53.33263421661061,43.21442448570932,0.12549279776248892,79.31855437330772,0.5836119942187908,80.37333812192593
1512,53.47724668936677,43.09145923932634,53.381641825058374,43.275748980330896,0.3260586807962076,79.47782330032513,0.7766157576236166,80.46302547832434
1513,53.525218316650744,43.15289453412512,53.42836632187249,43.3362574535995,0.5955559460945923,79.56242414794644,0.8741666818672558,80.47205486602893
1514,53.57369619490516,43.2139771962568,53.475698085298085,43.396889725157024,0.7835727622474687,79.59475927159008,0.9338467985963965,80.4707385153022
1515,53.62028408590358,43.27461610840783,53.52095105452688,43.45746333596425,0.80548365639459,79.58426473612624,1.0903290821906297,80.45124826525844
1516,53.66600662538461,43.33473881775791,53.563857645848366,43.51784406285368,0.9276997140854248,79.54503869338487,1.2596425503344006,80.44101915596784
1517,53.710199184363255,43.394521348830665,53.60653350254591,43.57849586893597,1.109681238940445,79.49539008073967,1.3405777486565444,80.4243087738193
1518,53.753712687641894,43.45563162023163,53.65072127413955,43.640446949663044,1.074627195111864,79.43338766105752,1.2636208909075337,80.43575651114526
1519,53.795615730607935,43.51979768647192,53.69473474546739,43.70635116572313,1.271146342510391,79.45422054867784,1.5954819933053026,80.5420678134735
1520,53.838888752354244,43.586944208420334,53.73942106979765,43.77474506471887,1.5731544990384674,79.54247155393466,1.9519576502860982,80.65885340081971
1521,53.88151684599271,43.65598112490855,53.784376557025375,43.8445415554351,2.037098457227918,79.65049694811509,2.4458230665547545,80.77146086012353
1522,53.92595693455872,43.727908348949676,53.83009469134919,43.916248294464864,2.4653588400244404,79.79475451951433,2.8990060583383577,80.89361737457166
1523,53.97327341753745,43.80222071731255,53.87748932023528,43.98902386722622,2.368812984584447,79.9522804152575,2.5718092844296745,81.0156867141096
1524,54.02169275885437,43.87848866723637,53.925325540628975,44.06236526083602,2.4123961982531656,80.22061105302475,2.451906871196878,81.25994209039195
1525,54.06855483610394,43.951699485619336,53.971192057214,44.12979624353442,2.367877851122457,80.51706037108268,2.090865021268537,81.51913512037865
1526,54.11836690093831,44.01755728607622,54.02073890625946,44.189859571500996,2.0540923684942536,80.75250615606205,1.8189055534601877,81.7378322572496
1527,54.17045794292907,44.079227064702856,54.073182922703374,44.2479217307377,1.7289579500506211,80.94265295229799,1.6752410138250164,81.88184644238785
1528,54.22403562899904,44.13124471095557,54.126439862571495,44.29596978278931,1.390666765902787,81.09473338503508,1.751409757741936,81.96290544589351
1529,54.278984112031495,44.172925347084366,54.1805910206039,44.33560693640478,1.1613216065820442,81.23480341435051,2.02165980171259,82.04267462939133
1530,54.32990716300587,44.20725524034444,54.229309683493035,44.3727180907117,1.4574834206961729,81.37055007917944,2.2841991568377162,82.12543607988155
1531,54.379746787353874,44.23272281630717,54.27664345039788,44.40511418832419,1.7623199081882908,81.41773687778988,2.64810445799847,82.21430695092583
1532,54.43092291554835,44.25388877006363,54.323926805853105,44.433650179185236,2.2789696297439535,81.43260591052322,2.9712401101229884,82.30348748039273
1533,54.48078214991908,44.28204354430765,54.372256655446265,44.47212365149003,2.7345693807969536,81.45325604301149,3.155955907851502,82.39424107847972
1534,54.526367027685595,44.31370079511681,54.418512502858995,44.51816219628036,3.415446512369516,81.50762980769215,3.7019963839428787,82.48327673608166
1535,54.569569162993375,44.3569665735413,54.463213349760245,44.572734788733875,4.148054964150536,81.59986275076713,4.39810813701823,82.57323519472853
1536,54.60950654068923,44.41257897390545,54.505937427156184,44.63487564667431,4.690732004078544,81.71942462809322,4.89819929666988,82.69836952830981
1537,54.652453008161565,44.47726227913899,54.549803028992585,44.70273522946218,5.215892240972704,81.84544262715956,5.320254116102814,82.82656017740572
1538,54.69449439860574,44.551646034207096,54.59185887761567,44.77315033893602,5.789443580943431,81.95449127050195,5.878366045548437,82.92773059467565
1539,54.73383693003492,44.63596517589713,54.63134261098055,44.846407704189,6.284886595229498,82.06709759232447,6.250520457772208,83.03230205300345
1540,54.77213109324599,44.722807084391384,54.671120077003486,44.923151805739884,6.8399640208311325,82.13341277530131,6.550949212013377,83.06867195821069
1541,54.807938264355954,44.80910548906529,54.70807689933213,45.000158467576156,6.9605043174177785,82.18885672535903,6.590733933733294,83.10103839967522
1542,54.84286473615737,44.88401974311664,54.74381422602518,45.06328788210108,6.888589481323711,82.23622159425891,6.609133509929999,83.1337939416563
1543,54.87745143292041,44.9447655974862,54.77892544622866,45.112528689706615,6.815857372139638,82.24127198841578,6.565736799983769,83.15395266924233
1544,54.9102279885968,44.99085591014529,54.81410232604242,45.14943687121306,6.76333207314149,82.22812290965992,6.58093604525001,83.172564455395
1545,54.94165602327827,45.02455594966731,54.84718663990241,45.17751794695257,6.562834294928977,82.21793930627962,6.604513917911362,83.18992252910014
1546,54.974718570852495,45.04586258963692,54.882017312022334,45.20004009200853,6.421812710792692,82.19265375640279,6.636728118379583,83.20730742409378
1547,55.00781871952884,45.05589275875021,54.917841742696766,45.21977970286925,6.280636145997728,82.19216302632422,6.661107712421442,83.20784304881391
1548,55.04509949436808,45.053722303008485,54.95764733164731,45.23440734651661,6.165454776748839,82.16981158195907,6.517642116081084,83.18108182172907
1549,55.08210595426564,45.050430574202544,54.9953079842091,45.24603123452447,6.090907041864994,82.129545171687,6.446262419463221,83.14142078574245
1550,55.123395757254805,45.0492425371188,55.03795119616759,45.25716488181669,5.821469389054771,82.08388437538929,6.058182463285758,83.09622127228528
1551,55.16594529098201,45.052982510466634,55.080943501710784,45.270423453481435,5.518936549524994,82.02345568179713,5.751253407467065,83.04180230103854
1552,55.211678799814656,45.07392025684197,55.12472244131484,45.303664200648186,5.354612427289469,81.94809266386605,5.710821706016679,82.97987372197578
1553,55.25753584691354,45.111140586736155,55.168228588131306,45.353011290141204,5.05907852695726,81.91932508609126,5.506946960045379,82.99868653972983
1554,55.30264916512051,45.162614040705904,55.209966582300254,45.41419717575918,4.7589203269662494,81.94021851664272,5.336840304089118,83.07012528237394
1555,55.3456921343653,45.22867159153512,55.25150012743584,45.482279232313665,4.73417316949539,81.95115956192772,5.424131393072367,83.08618409194521
1556,55.39007025492293,45.30986030120295,55.2926165654714,45.55806293967864,4.656653075881809,82.00050084632039,5.46276832568939,83.13449057340269
1557,55.43450833323473,45.405285450668316,55.337933587189745,45.64036150951463,4.926955303090068,82.08525895293891,5.650681546382856,83.20937196535803
1558,55.47694448058539,45.51092176878052,55.38034734401186,45.72492882052058,5.211113734182593,82.20064243345868,5.823551206267806,83.29389815480259
1559,55.51787483438591,45.599824324763084,55.42150225710417,45.79173348395625,5.372387108008632,82.35448064036423,5.994754636581849,83.39704251948017
1560,55.55664910125637,45.67027303258131,55.46009167994741,45.84229808691004,5.742381390394716,82.48489745708535,6.251718561350793,83.5150814243428
1561,55.595534135534834,45.72229279091217,55.497913333633214,45.87846529771069,6.157215463008455,82.60067435110955,6.512911301338693,83.64529613059833
1562,55.635009205818534,45.7580894125405,55.53690026499135,45.90344348436775,6.467686583554762,82.76132453691186,6.798700555713383,83.77073870445061
1563,55.67269819174797,45.77673227247784,55.57376426437418,45.9211501360518,6.953333326935389,82.89241122265183,7.242755702555092,83.8658475763729
1564,55.70879687259135,45.77929265757043,55.61340759102812,45.93438929799076,7.26067176192132,83.0448041817875,7.505183949653322,84.0079247820616
1565,55.74839692219655,45.76635909353631,55.65620792194433,45.942109219669206,7.52095049914844,83.17965501015763,7.6717345447406915,84.12163346205558
1566,55.785937460096555,45.75247658228065,55.694796009063154,45.94610659549681,7.607541670854945,83.28905881553487,7.594753072129739,84.21253354595413
1567,55.824776944699245,45.739965472542416,55.73312413743548,45.948381951292355,7.713649271740204,83.38865307786207,7.680486813678882,84.30698945231966
1568,55.86688197241984,45.738738179275195,55.77528716048855,45.961599889683704,7.781183368821523,83.42753738366781,7.750385401118593,84.33324668990073
1569,55.90750223334546,45.75119014601607,55.81559325083764,45.98727421349217,7.7101027072663735,83.47472972738724,7.688036985185775,84.38679650977791
1570,55.951610459188245,45.77607813775762,55.85848279757607,46.023054894186075,7.534258763894805,83.52179883466783,7.70841813360493,84.4246437705807
1571,55.992891174214456,45.81162867705787,55.89899820926049,46.06567991882849,7.456812932768652,83.51615296322873,7.769571630327275,84.44717677332976
1572,56.03133324038426,45.85774336094387,55.938504680142934,46.11170628390335,7.462601944286043,83.52055398145083,7.891307307259969,84.479176097196
1573,56.07403615320175,45.91574925047684,55.98031118794228,46.16281900615077,7.5776178225668165,83.54113503801261,7.930876643642937,84.52747716051373
1574,56.11909615911983,45.98412910105356,56.024568519112215,46.21750623031571,7.486258939073137,83.54004294941014,7.8213988563937935,84.55727402004602
1575,56.16145464240814,46.049515954254,56.06775397532191,46.26846710037845,7.3380869077725395,83.57040454532982,7.655726714051324,84.57599000628618
1576,56.206722651699124,46.10859328286109,56.1130726307176,46.315579689829086,7.267813173030564,83.56924756309232,7.513791721402553,84.57954194852898
1577,56.24912023206283,46.16113369602974,56.155906321220805,46.35938701394612,7.074021545262416,83.56558001183144,7.297562909063865,84.57374918482219
1578,56.292674784930966,46.20811562724072,56.19794027533795,46.40056022490856,6.816118186130484,83.60283670548706,7.079824406876364,84.61867285938538
1579,56.335281366033584,46.25103923093167,56.23726561752515,46.439673097600135,6.386195171736815,83.65907886661735,6.738967868608071,84.69517124299392
1580,56.37696183449753,46.288106239257544,56.27757580154405,46.47693814436955,6.009826796279984,83.68155257636724,6.480754869895139,84.73157981408558
1581,56.41579073730209,46.320184128206684,56.31664451513509,46.513644533016745,5.801642896425247,83.72011442899944,6.370676122075436,84.77452495016067
1582,56.456825599847974,46.35178139117499,56.35885947467672,46.549609786314484,5.768656817954081,83.78516838684442,6.448989824713191,84.84092671403583
1583,56.49702556475619,46.38358186141548,56.402232876045225,46.58501037253417,5.6485608815670965,83.88136761518379,6.380289706966453,84.9262306570788
1584,56.54027761261406,46.415657171538214,56.44794191434249,46.61998458956486,5.727227465715653,84.01143252978879,6.500245999427385,85.03338419922785
1585,56.58595952814021,46.44823609538392,56.49558518760172,46.65470911146362,5.836806606240497,84.13588664439582,6.595065970548924,85.16072253362033
1586,56.633672692266785,46.48134187217986,56.542045889805614,46.68920584181196,6.0205378202766955,84.25460638292984,6.609766606566363,85.29474355054435
1587,56.681979646868854,46.515226960071885,56.58905062505491,46.7240619601197,6.229715717379962,84.41465739733678,6.668088799021925,85.43494775351326
1588,56.72918331459783,46.54957220254543,56.63181793912034,46.75932956804017,6.3326490071954105,84.58807849291385,6.665135953686078,85.58001401484069
1589,56.7769595116116,46.58373443691346,56.67796921335482,46.79403737676994,6.242309561480274,84.75250968994983,6.557993443052165,85.71591555792418
1590,56.82581944954658,46.618473677387236,56.72584759063214,46.82913222396893,6.104492387189876,84.94421934262182,6.2744423820139374,85.89434170535192
1591,56.87265145768422,46.654254341617495,56.772492130687915,46.86544476188529,5.705855958239094,85.10581308243816,5.857537687348915,86.03438254982046
1592,56.918585406247914,46.69066575828426,56.81957265443443,46.90208061833224,5.240404314109333,85.26742934988468,5.429454959743494,86.18790362843194
1593,56.96941812130114,46.72813605129345,56.872376629868,46.93953579318937,4.880831981287893,85.40561709746474,5.17499505430314,86.30981804193249
1594,57.01711536493858,46.76765830250759,56.91994897766721,46.979550682576956,4.512399512435836,85.56792636289711,5.003398338485232,86.47381115932123
1595,57.061727395536906,46.809781067870716,56.9590468079318,47.022729138181035,4.1821625771517805,85.71384380221903,4.870641953936965,86.61553339670579
1596,57.10110112873977,46.85454033090913,56.99499140356563,47.06748986862848,3.9286400735789435,85.85572107880415,4.767739197621312,86.74322995692533
1597,57.13556644270646,46.90119497766779,57.0277299749494,47.113257860056386,3.8190956621904393,85.95825583988926,4.688944622212509,86.85961745306078
1598,57.16201760546857,46.951405451654885,57.05102266882823,47.16298223717862,3.8436750413012115,86.07229012780803,4.622710102994979,86.96613757730935
1599,57.17577770469619,47.00513594543547,57.06169017040426,47.21536808794197,3.9298349224074056,86.1661894365431,4.562058278329223,87.06483750551666
1600,57.173056023404094,47.06227184438804,57.062078860969685,47.27004160168876,3.9459002688455382,86.27008872586956,4.504424531189347,87.15640925672689
1601,57.15847778816038,47.12114489309665,57.05137372612315,47.32648874217795,3.9329827053476527,86.33494666854324,4.4485955415031935,87.24219259712949
1602,57.13591003914058,47.17101981540989,57.03262611683831,47.37018354564609,3.909458510827163,86.39117878646128,4.393741606905663,87.30913940085887
1603,57.10063549275173,47.214175966838035,57.004424918833585,47.405698004412805,3.874715301922175,86.43790795150477,4.337842838935,87.36316811352462
1604,57.05343201428751,47.25245648231829,56.969279329625394,47.43761957896092,3.829496366353274,86.47617404647147,4.281408058952961,87.40959746569132
1605,57.00162483563734,47.283598770227506,56.931694447691065,47.465884750877876,3.7796559571888793,86.50716356685352,4.2271420227566905,87.44914527246569
1606,56.95076098280453,47.30523332767062,56.8949087827646,47.487996468793476,3.730754643370744,86.52758632190337,4.177086888275257,87.47981885298628
1607,56.89950476274807,47.31562479071305,56.856877584489446,47.502672305434245,3.6819760245075526,86.53683938036455,4.1281683849903255,87.50131120863792
1608,56.848818067523496,47.314104001577896,56.816264532608784,47.51049784464521,3.6330402905729073,86.53419961629648,4.079064928861445,87.51447119410913
1609,56.801564122182945,47.310661904919336,56.77849935478612,47.51263177283584,3.587430931782626,86.52974714675507,4.034314250643679,87.52083001311185
1610,56.76740389673011,47.30438991803669,56.75332074361586,47.5107968539642,3.5539062230453666,86.52237887606267,4.003444255448867,87.52208807671764
1611,56.749816134074294,47.29374194638168,56.74374216830379,47.50680853112986,3.5363465072839615,86.51070880022006,3.9892599939295015,87.52042246501098
1612,56.745103319868676,47.27865739662964,56.744701517267465,47.50008077604737,3.5303322078775228,86.49547288772942,3.985057360242079,87.51642544041827
1613,56.74407155390516,47.261357448783194,56.74376347073568,47.49117039446721,3.405027464788856,86.47813525558595,3.8078541182775316,87.50942736070763
1614,56.74571881349341,47.24617497527158,56.73822003711542,47.48395753037561,3.265309506341849,86.46110143572153,3.637118956707339,87.50115849995959
1615,56.75377590768833,47.232888537481074,56.73252705198062,47.4769766024201,3.145970139457898,86.44497061311507,3.5193870386404598,87.49182654047975
1616,56.768055525990405,47.22109703829258,56.73160210960825,47.46930674097082,2.814497956090979,86.42997581496222,3.1227028501794156,87.48170753724911
1617,56.78317276721547,47.21102325580866,56.73697514418058,47.46201454703294,2.5903065851040146,86.42654779018127,2.9598564361374007,87.48596731330376
1618,56.798136818439446,47.19957076755202,56.75161609852752,47.45174249049909,2.2856333052658604,86.42356130218556,2.727614510113768,87.48733111216968
1619,56.816252306705614,47.18981594895096,56.77635258903269,47.4423808827672,2.0406211265123333,86.41509468964856,2.6332285460164826,87.47809594480587
1620,56.842167194524805,47.18110730815985,56.80536559885969,47.43280683840148,1.9200906957852182,86.40790067582866,2.5574417576783026,87.46867307157503
1621,56.87202802532537,47.17472361398232,56.829284664476944,47.42832233291505,1.619843836366675,86.41144484420698,2.216286868872998,87.47349501826896
1622,56.90064816398837,47.17210354437235,56.84556999092928,47.42880474184407,1.345990951199848,86.41033622887394,1.9989622892544838,87.46818181653474
1623,56.92664298434493,47.17320159732736,56.858449973437665,47.43231064434732,1.3739579848146846,86.40457523267945,1.9461065098159012,87.45473939694996
1624,56.9506764746353,47.17571078036432,56.87200504003161,47.435915627370484,1.2692748092890092,86.38960447870505,1.8722493222181078,87.44349285828669
1625,56.971875140352395,47.18360664254229,56.88934235405075,47.44190720046165,1.1141486126946487,86.36999225398812,1.640171972276665,87.42588857063717
1626,56.98987875453048,47.19451942790669,56.91170460707097,47.449814478605035,0.8858777278142961,86.33836904528961,1.4437661833575175,87.38467783300403
1627,57.00817343759087,47.20380753160802,56.939259840888084,47.45174601815335,0.6982972763798798,86.29720154592052,1.34350423159135,87.33631833079305
1628,57.031565732896304,47.2080324558119,56.969129012474546,47.449393455194006,0.732836411765131,86.24106999634506,1.2938952268156312,87.28901755891512
1629,57.06168447617265,47.20756609313885,56.99967596991518,47.44501196988188,0.6885634618347769,86.18056604978621,1.1983249942451246,87.23586734209074
1630,57.09695279286223,47.20298227040151,57.03120689606515,47.43886319378852,0.6092025996789433,86.1159492116177,1.1939662376176348,87.17826888839996
1631,57.13252842125087,47.19588906468556,57.05985391166916,47.431225707855674,0.5550946322137235,86.03882876748551,1.1954102485523916,87.11461399269159
1632,57.16759481489195,47.18481993481447,57.0887331652655,47.42264921183043,0.6273839929953635,85.98306111505661,1.2000264437693833,87.0846567300899
1633,57.20136854784627,47.18152462342514,57.118533114837206,47.429790173813615,0.6621496864416222,85.94680254172002,1.1402566948281339,87.06086223979418
1634,57.232565646135534,47.191372467256826,57.148334621740844,47.449523020515294,0.649703078853173,85.92153368338833,1.0832882844815839,87.04196730454937
1635,57.25839667392223,47.21226749612921,57.17253797740606,47.47687321446726,0.6144791419473932,85.90858539590224,1.0364043360836837,87.03541946464321
1636,57.28242306281213,47.24044175327464,57.196052703974914,47.506462084740946,0.6939498892350264,85.90672834938954,1.1036190003983017,87.03038888745009
1637,57.30657295704534,47.27887876856686,57.22225016314288,47.5418354289235,0.7612193993875961,85.92566579086923,1.2123168443186005,87.04018241916215
1638,57.332409045287335,47.32757175009998,57.24875311839762,47.581770429632236,0.8281190234321009,85.9664297678579,1.303687032882619,87.06138239187291
1639,57.35934652619465,47.37592767439228,57.27758536869095,47.61074461568222,1.0513793889207843,86.0068479145809,1.599161901675744,87.09861272403779
1640,57.38580433335068,47.411979081250855,57.30673715161464,47.63091058104269,1.4669688154636886,86.0567323892222,2.0420505330456864,87.14198112886776
1641,57.41528549203973,47.436639526834995,57.340068886261605,47.64481627333671,1.8299257224696992,86.12630272969467,2.3115909902905365,87.20411639940801
1642,57.44898323554249,47.451949946583674,57.37309541553371,47.65452386036688,2.123780534255384,86.20387940449397,2.4305851352765564,87.27380691875041
1643,57.48471457841835,47.46006063660544,57.40650466238231,47.65994497405444,2.427929167043358,86.29604103025738,2.6442033854150977,87.35001736299522
1644,57.52062768746242,47.45809977170264,57.44092610344557,47.66190965816931,2.6929767045206368,86.4018053629394,2.815846355005525,87.44399717752204
1645,57.559527364465026,47.44693604744544,57.478193714935486,47.662117850435834,3.0192031666847896,86.52796173353968,3.0437333701998694,87.56124465837287
1646,57.596193993164654,47.44393246445819,57.512446738830164,47.67077241579235,3.065399393634394,86.6834121175645,3.0553845916052293,87.71611797534749
1647,57.63320961861455,47.44862496143126,57.54649851820204,47.68562583272283,2.825361155215932,86.82053703279506,2.8735066043681234,87.82777899665898
1648,57.667123722519506,47.46055689343223,57.57925606108037,47.705259056662044,2.666201993159958,86.96792456784273,2.7528509825599086,87.95890308036752
1649,57.69891711643547,47.479013750480725,57.60900831241948,47.728739963364966,2.6480826230487846,87.13079268207913,2.7580915410583837,88.10580645526927
1650,57.73129111179285,47.504909736433824,57.640483281675536,47.75555943140422,2.554740026051781,87.29240740125613,2.775049809596269,88.24162354957626
1651,57.764362645863066,47.53820790062639,57.674394950353296,47.78501214145441,2.4991839150968387,87.43557900103576,2.8426080708267896,88.35762314347389
1652,57.797495938059285,47.577903796986426,57.71150973247712,47.81628881882185,2.3257032982385093,87.57898140874588,2.8217952284847088,88.4935303792054
1653,57.83429338940916,47.61575015192351,57.750647844281005,47.84709427386897,1.9512615358539902,87.74140776739057,2.3535125729042714,88.68946819021947
1654,57.87309458622688,47.65186203748956,57.791249843326476,47.87717403788969,1.6895726939364724,87.9332603028478,1.9462568559199773,88.87460856699651
1655,57.9157088154009,47.68670118807776,57.834629477108905,47.9071790721137,1.3228034700061253,88.09676480147516,1.4978661322286695,89.02487145485824
1656,57.96208330413777,47.71999000089503,57.8782729737393,47.93690914695645,0.852632718445898,88.2312607557561,1.0955451253698523,89.14705401316692
1657,58.008753617882434,47.75157192100065,57.92133178302607,47.96636685916477,0.5854244697583009,88.4021549996173,1.0688348730214379,89.31416127394108
1658,58.056044881031184,47.7819153167947,57.965104278526304,47.99602066430239,0.24023335864859213,88.56180627552062,0.9960430192391156,89.4384212340336
1659,58.10146133861046,47.811588653942486,58.00781432488811,48.026762605350434,0.028125366134000185,88.67589098444702,1.0471222604493673,89.51839952004295
1660,58.14505158069404,47.84634636245906,58.048772790070295,48.06416916943495,0.2829660615202782,88.729048594582,1.2902620542719372,89.58386854380963
1661,58.18671325754088,47.88530452161103,58.088121788977546,48.10540501617529,0.46893548019753156,88.74122421887493,1.3557571390112417,89.607230720482
1662,58.22528620928515,47.92658203929458,58.12597510625727,48.147440902230535,0.7357256992640183,88.72438435852239,1.4002944251782823,89.58685235834635
1663,58.26332474203503,47.97181757621904,58.16458762487411,48.19243251905063,0.9724709204383294,88.679889431084,1.3488236953787078,89.53428374827519
1664,58.30140096583594,48.020932689117764,58.203904798690424,48.239700414686396,1.021574546497941,88.56462200536043,1.3400388167060213,89.46325787276537
1665,58.341135815438754,48.064778816386195,58.246606253013184,48.27595401067019,1.095796860569501,88.43627749897956,1.3172739056312355,89.37742413001672
1666,58.381051073264274,48.10159157722778,58.28881027633231,48.30211357360349,1.0700660719797368,88.3187297807453,1.2679755034130875,89.30541741590811
1667,58.4213117484172,48.12502826527844,58.329976626891934,48.31728713034382,0.9813249777636517,88.19461911878022,1.3428557458310695,89.2397497117438
1668,58.461142738988364,48.13805868293017,58.36889696450251,48.32617911456797,0.9330010216002286,88.09217727653282,1.330198036825137,89.18850981159197
1669,58.50393606755181,48.14187341621996,58.41050483071481,48.329402815993944,0.9005259145647326,88.01850546114156,1.3343986444000502,89.14877245699304
1670,58.54570719874789,48.13559950021246,58.45073477783726,48.329214730999524,0.8770826481224228,87.96360578682517,1.2632926953978265,89.10689135761906
1671,58.58789956925625,48.1189130336098,58.49194866407744,48.32581725121726,0.7162213261529831,87.92726400043945,1.0463814816781745,89.07036883486046
1672,58.63083571913136,48.10100540701272,58.53720519919142,48.31984644137832,0.667998880504094,87.91257636080468,1.0148301007727656,89.04241715607807
1673,58.675968201548606,48.083320248918525,58.58439781826303,48.31233251696156,0.6352266454860752,87.94197475402817,0.980271158850029,89.07880829392964
1674,58.72291834123176,48.069050090630704,58.63217572695749,48.30547494035086,0.329838016590556,88.03609629190059,0.685045307541268,89.19022590004035
1675,58.76998072677723,48.06743606570939,58.67653646802603,48.31446385146845,0.07815663662834016,88.17128056922502,0.4515654339632569,89.33814078907817
1676,58.8125227842704,48.07976283360235,58.71609620225543,48.33728844409219,0.23797945639702986,88.34770400944105,0.8553757288608791,89.51543079446245
1677,58.85193225262865,48.10510784300912,58.750271072681805,48.37100018599194,0.41715982001867846,88.53648809678087,1.1311140812793536,89.66382617935622
1678,58.88915653949386,48.14243399439625,58.78378138758827,48.41159726405524,0.44950068950658073,88.7244194484703,0.987260918881461,89.77982804432993
1679,58.92148878769462,48.19286742916249,58.815787872112594,48.45896324435082,0.4090859752559227,88.90163483413527,0.9114280714600067,89.85721633645764
1680,58.95388484152086,48.255374322669276,58.85274576226187,48.51115696914074,0.33012923496958035,89.02557670759263,0.7873762419493909,89.90431001977808
1681,58.98607803959306,48.32830725790671,58.89199777265618,48.56676637332878,0.43740329575682235,89.08059052242972,0.6815798578462496,89.9279213379003
1682,59.02286467989973,48.39859896868606,58.93594736624849,48.621930176197665,0.5978146954363751,89.08367461749548,0.6735679532425742,89.93283193495138
1683,59.063213733139335,48.45276421773536,58.98014234249051,48.6591490885607,0.4091561898710755,89.03441617668732,0.768881931163184,89.92226205577305
1684,59.10733682811142,48.48939426410044,59.02311788687409,48.67961318006385,0.2762036005772574,88.97058411929568,0.8747803939869832,89.89928875078375
1685,59.153571528682875,48.50943217927638,59.066929401712294,48.68672133564946,0.2971146930352298,88.92206414828883,0.810839060231888,89.90080613713127
1686,59.201854479554704,48.514457499051474,59.10975044552748,48.68587968842473,0.2420385391032631,88.8917850483971,0.6935091127965677,89.91129271038523
1687,59.248172068786,48.507803519968924,59.15273586580577,48.6833448141122,0.4735651600558557,88.87849280668738,0.9372016658351051,89.92895463316432
1688,59.29406190389257,48.48628483838576,59.19631039780118,48.67445094367197,0.6142397305886753,88.88183220469355,0.9983318505454835,89.95233343336122
1689,59.33721645741074,48.45238434208671,59.23972854780515,48.660745951846955,1.754918254847917,88.90188983878991,2.523602586718946,89.98043983716093
1690,59.380811278516774,48.431799316162575,59.28426130116225,48.661403337963705,2.7278625082067824,88.9521429483655,3.61231103705017,90.03071198167919
1691,59.424189891253725,48.42807947377944,59.32716898414868,48.676199660492294,3.7403106250770506,89.02018002771949,4.568154159208285,90.08131831770466
1692,59.46556742858005,48.442337582619814,59.36814167712647,48.70393495089138,4.916430755257769,89.07746068395413,5.414110784528258,90.12667529530897
1693,59.50697249876814,48.47193302143444,59.40867022640324,48.741060904465165,6.30112916987109,89.15682250736674,6.313664127826651,90.2030338670819
1694,59.548087169601374,48.511603974291795,59.44948284318559,48.78304282030562,7.3750833996901495,89.24922196019178,6.939133404531532,90.29178655675621
1695,59.58706118501798,48.566473228965855,59.48832519200281,48.83098027533017,8.612761147451275,89.3639359744215,7.532816992680678,90.40319420030728
1696,59.62677596248741,48.63621347215018,59.52879513778991,48.88361492339897,8.734836915171327,89.44619312620343,7.9176321914603545,90.45616264456086
1697,59.66604075238188,48.7063183836377,59.570527461065645,48.93795413985653,8.999150325699071,89.50449364648556,8.297813198091887,90.49303710393268
1698,59.70595300280686,48.762878297905914,59.61204364189971,48.97658284574529,9.26791531842763,89.56419002151542,8.69295337866876,90.53473320027199
1699,59.7489174299367,48.802692368185994,59.65625578981756,49.000048163672155,9.560460935011102,89.63406647837053,9.124525396114693,90.58735492151156
1700,59.794124568640214,48.82658560981949,59.702360019094996,49.01131349753065,9.911728626637487,89.68206079724014,9.772400573617242,90.63862987414953
1701,59.840621525566036,48.83680372947162,59.74955299045251,49.013575436184155,10.182873753805037,89.71661855637286,10.086326124447325,90.68874313287385
1702,59.888767551489295,48.832900955888746,59.7957641472537,49.00989863354645,10.416980199984021,89.72889971381322,10.377954946124543,90.73787790169794
1703,59.93673383159807,48.814082747251554,59.84197335276147,49.000262031722635,10.709262383725637,89.76605186938845,10.603584843929333,90.77595360187931
1704,59.98461279187022,48.78150851423081,59.888139125999295,48.98577042530723,11.105029719218326,89.81623202653655,11.001217050928474,90.8191609935233
1705,60.032529346468934,48.74856558732142,59.93314631862593,48.968692594357584,11.266574384341517,89.85702894316232,11.081402199220358,90.85268612713756
1706,60.07991593896364,48.7259143830076,59.97940676206948,48.96215575353481,11.323539796543514,89.8829314021233,11.115163810158853,90.87796105647818
1707,60.12441054718563,48.71476686179537,60.02315481349719,48.96537012504364,11.085192236094793,89.90425500908795,11.030320705648109,90.90092563324835
1708,60.16689931866887,48.713369541105735,60.06558300643399,48.97488941963348,11.136572292699737,89.92117943229145,11.164284358855657,90.9222063395813
1709,60.21098409272297,48.71814444086592,60.110305442246876,48.98564231295881,11.037336449989397,89.93361576421428,11.101261955932898,90.9420451018855
1710,60.256647726128406,48.732654410795746,60.157799217614745,49.0011397932678,10.883324539062892,89.92553969571803,10.967454251305034,90.92816313271032
1711,60.302759798549104,48.75690900069474,60.20541667042518,49.020450147793035,10.25868987518872,89.88940272187108,10.417325024897055,90.8903408657098
1712,60.3483443776668,48.78116282727793,60.250793684143524,49.03037572648836,9.678255242629513,89.8348151489362,9.802051581623601,90.83325218308373
1713,60.39376421031365,48.79589783874605,60.29686524918565,49.03206586170245,9.68683357534398,89.76199147208469,10.105089437142505,90.76052124014527
1714,60.44238197652976,48.80051194506911,60.34525672953272,49.02776250418447,9.849546518158235,89.69214169886013,10.450442777804666,90.70912731101339
1715,60.49015821453543,48.796212170257476,60.390050353516145,49.018753708833266,9.944206822184658,89.6564314161798,10.83338914761117,90.71877194359527
1716,60.535989102894376,48.78570840411069,60.43406058826596,49.006012962479595,10.154512422987152,89.60772876650924,11.131492908859611,90.71102836120251
1717,60.57771854616961,48.766241062333414,60.47527442746204,48.99022498626107,10.233343462870605,89.56019444108674,11.101918280202167,90.67681494172615
1718,60.61678322993818,48.73944240964813,60.51420735015868,48.974227803322336,10.67042874067251,89.52083420907925,11.136111016941733,90.6340395065579
1719,60.65521816187593,48.72174038974096,60.55174409665015,48.96853501263563,11.214113195355093,89.50040296497171,11.141451375687621,90.59957305438039
1720,60.69132461324141,48.714498064449835,60.587947368605235,48.97250474163202,11.24309216906851,89.49520038343192,11.216282069265457,90.56645098493112
1721,60.72498234269024,48.717275827615005,60.625297287012216,48.98400121423607,11.216739959711562,89.49041039015772,11.302840712331616,90.54711507098312
1722,60.760444189290794,48.728723842699196,60.66371116859191,48.99978332695062,11.146468307656264,89.44447006167212,11.416392836662272,90.52478513916184
1723,60.79550712263187,48.74918837257162,60.70213072905605,49.019484028080164,11.33436154036698,89.40928668565543,11.86102414229303,90.50653705469885
1724,60.83357324054089,48.77866941723258,60.74295309249033,49.04231959994196,11.729606963225487,89.39376900904453,12.23905316213958,90.49155444812229
1725,60.87494912794483,48.81528099910916,60.78626629473035,49.067182189240576,12.354576885340952,89.36459927312748,12.92083808647303,90.44501160737028
1726,60.919631644315864,48.8431512373218,60.832080754237936,49.08190939050776,12.69746288518991,89.36086634368382,13.049378143725747,90.44300472482536
1727,60.96667977551101,48.861475066871165,60.877927291342544,49.088825351539654,12.965768171184873,89.38419503521435,13.117662722742356,90.47398290069086
1728,61.012640408648565,48.87178541390782,60.92146058871771,49.09140186327331,13.476292660571062,89.42611133672202,13.53656546024094,90.53183933988869
1729,61.058088865286706,48.87441227617255,60.96433940167473,49.08938642214602,13.789215429344734,89.50379034549333,13.642061134225507,90.62140187812085
1730,61.104030690922286,48.86907857683723,61.00699996584556,49.08370608079986,13.842046579968578,89.60509697713346,13.716119108533727,90.72570891947376
1731,61.14916454895663,48.85656365106469,61.05009407441507,49.07619018376188,13.947120950822294,89.72995347487657,13.870852317963063,90.84173984157066
1732,61.19329934240513,48.84515148913057,61.09383664832087,49.07832206804717,13.71973272968003,89.85530427586335,13.908932706621941,90.90066525695148
1733,61.23789820528378,48.844070271443606,61.14067109701462,49.089310344715486,13.760779492074889,89.95567773701275,13.897969304463672,90.94819305432942
1734,61.28541402128933,48.85251575283192,61.191371513308994,49.10656562881263,13.708170903024465,90.02752771971826,13.723465339350048,90.97883512613652
1735,61.33500232068481,48.86910431830461,61.24142315242324,49.128801521471395,13.3682704470501,90.06723893709145,13.543068425332997,90.99105061356573
1736,61.383906097360764,48.89464268892207,61.28877953052573,49.15504814760539,13.042510893022623,90.07996967376098,13.191357857783581,91.00664755498597
1737,61.43491102949752,48.92911425951372,61.337929427070186,49.18448555399899,12.53014096448082,90.06973594716716,12.638311833524025,91.01956014856803
1738,61.48729649902652,48.9716944426189,61.38817087521834,49.21644359456954,12.001472175200098,90.01436269291642,12.268173071152697,90.99922293114724
1739,61.53936135837419,49.00632321176774,61.437053637288734,49.238884828291326,11.987372759474873,90.00543447550469,12.608632529459515,91.01424785968015
1740,61.589764532520704,49.03175242268723,61.485833595813624,49.253352713033586,12.01683841096606,90.01152764873467,12.899638235129073,91.04765995961078
1741,61.63713546385859,49.04907177509866,61.53389003511274,49.262070357399615,12.504375583848645,90.0381820350571,13.60765242579055,91.09576960317962
1742,61.683963720627965,49.05833026596075,61.581076249041416,49.266199372209755,13.062795167318452,90.07068549140264,14.232464576640343,91.13013553556993
1743,61.73155126155912,49.05952789527349,61.627163203429404,49.266657483375184,13.819675399148633,90.11241236223562,14.802910630681634,91.1763558310694
1744,61.77648317206911,49.05267152626915,61.67159816661243,49.264181350236605,15.040890432551171,90.16013101442816,15.638533578950858,91.22217660816062
1745,61.81850779362652,49.03938547426085,61.71402037118955,49.261646618642345,16.33320070927611,90.23765609811413,16.477450581043755,91.2698444043917
1746,61.86007152676315,49.037236353035865,61.75576750918178,49.271970338398674,17.172556368753128,90.31846338281618,17.149958182008557,91.34382485105563
1747,61.89936486961452,49.0459907935456,61.79578250314611,49.292058431094674,18.000355334895477,90.3977495878326,17.691835105178576,91.42231890260285
1748,61.93784199193246,49.06462423013663,61.83571417557462,49.319117244183275,18.541929866477155,90.48501021980746,18.199589191254255,91.5176636015175
1749,61.9750678020364,49.09184685589374,61.874573980267684,49.349910457376424,19.16157720658883,90.58956765561248,18.771967026425177,91.61378694111315
1750,62.011363742319425,49.12881290688696,61.912794374096336,49.38541068473873,19.807690909543798,90.70349055537038,19.339487800167493,91.72285210895508
1751,62.04914695795322,49.175751737839306,61.95302984712581,49.42487806145785,20.069609412020252,90.83695992210984,19.635211818387358,91.84622397027093
1752,62.08895406731967,49.229467715476154,61.99491101468752,49.46542223235293,20.041826672470354,91.0106599723317,19.63608874678689,92.01230696899445
1753,62.12978854259882,49.27231783059776,62.037678050989896,49.495027282106236,20.17450676252025,91.15414926568496,19.86277127885947,92.13879898549771
1754,62.17065597572552,49.304626166087886,62.07858850229931,49.515790206291705,20.2581294313086,91.31111762357904,19.979845763228475,92.27823216763126
1755,62.21208503799322,49.32909450849948,62.12000623845043,49.53239524361993,20.389871564836096,91.43132409976506,20.215176040191523,92.37078580119075
1756,62.25557649306167,49.34608487761229,62.16275544678819,49.54421192274292,20.405818206379372,91.51499244498906,20.40481413963211,92.41306359153148
1757,62.29897750505808,49.354162383269724,62.204142251841034,49.55218992930917,20.21601019704031,91.57571574989875,20.380237618154297,92.44739553849233
1758,62.34273352730702,49.35437564076355,62.24730938635159,49.55855679436968,20.12659965897127,91.63165982480106,20.34233667661031,92.50402170833348
1759,62.38432579238538,49.358859091274816,62.288538779281446,49.5786303685212,20.59122998672368,91.60881940798475,20.852207192219684,92.506508464361
1760,62.42290364599578,49.37628508836806,62.32662297041392,49.6100011594024,20.907307814550084,91.59294037473104,21.2783543817521,92.51196832410518
1761,62.46020010411488,49.407245385906606,62.361908883491964,49.65111358160405,21.20391615832864,91.52867903585516,21.526913170535543,92.48716506799289
1762,62.496799456441764,49.44777142314736,62.39791384281825,49.69741527727188,21.407582041601824,91.48825735802627,21.73807986290297,92.48131404264127
1763,62.53291240691566,49.49988880409382,62.435690327421064,49.7492806515935,21.568246642178604,91.49030776755463,21.848529773906204,92.5042685949168
1764,62.57082062967496,49.564039218706796,62.475566229964976,49.80599107907257,21.73562720663856,91.53170194679355,21.768942919506554,92.57833638193311
1765,62.60737858664364,49.63789809899597,62.515621176870766,49.864929300158,21.652772192184187,91.54954367429143,21.33668714195611,92.63380856456911
1766,62.64559276766469,49.699672157807335,62.55676734455444,49.91041812619049,21.130798718170045,91.60002490004152,20.91552327372508,92.6811225214666
1767,62.686359041011976,49.750521750862944,62.598251237603804,49.94651729167296,20.482417606546193,91.66315611876044,20.423536854082222,92.73990986612512
1768,62.72954980486403,49.79172223405093,62.639575281769034,49.977883309602696,19.893898512356973,91.74958430711507,20.01801566271682,92.79064355722444
1769,62.77190057969068,49.827896547900785,62.67934722639112,50.00948228038824,19.182104064418652,91.83391618153104,19.53412509496371,92.84220819592521
1770,62.8110553988718,49.85377212253714,62.71579501913346,50.03533368900159,18.5535432563216,91.90034232809549,19.204837391742366,92.88614543978987
1771,62.84636639526706,49.87834769236282,62.74901420308884,50.06915875086681,18.222176747012472,91.93000040774302,19.190491733325867,92.9252606814228
1772,62.875194575932575,49.90283712203843,62.77467439441488,50.10964833607391,18.249428003641107,91.95706069357226,19.31277750145722,92.94915168430177
1773,62.89375187553998,49.93752471907164,62.79015472980185,50.154932486680636,19.021070894174503,91.98377434305424,20.375013507293747,92.97099400073425
1774,62.902153313412065,49.981792538258865,62.79659560605064,50.20400316980395,19.898014004077794,92.00301104538457,21.22086278953347,92.99854945706915
1775,62.903114793878295,50.03350686066332,62.79959655328005,50.25624368291112,20.786132446653305,92.02432216140376,21.898570856023543,93.02738329406199
1776,62.898964119177386,50.08956250887215,62.80152865046559,50.310722895750885,21.78438050322237,92.03905400404278,22.438725570466293,93.05221118061228
1777,62.8897528831659,50.15328245477821,62.80067839997688,50.365529393462104,22.74301294552456,92.04984721252788,22.86997763022271,93.06928662247388
1778,62.87624860853404,50.203623416408085,62.797986521859094,50.40373345551944,23.52179229776544,92.05385872594374,23.21254748128718,93.07734378826163
1779,62.86549186912543,50.239902608436665,62.79877509776272,50.42809325398281,24.206403674931632,92.05871649160116,23.48920151121717,93.07761088485073
1780,62.86395999459155,50.26302909580818,62.80733129037513,50.441954686782346,24.21037535263827,92.05713947309252,23.72220482394397,93.07152332753319
1781,62.872481930490395,50.27375771231064,62.82228183609876,50.448655798099594,24.222224805966217,92.04516401389509,23.916000075277605,93.0622227149699
1782,62.8860110521917,50.27123731194833,62.839092393526705,50.448370195508254,24.238993625942545,92.02438495521987,24.07745933387004,93.0491864702747
1783,62.9034526128185,50.25552588871776,62.85757566377778,50.442518186178084,24.26022699115923,91.99835439715137,24.212714791472603,93.03320238336732
1784,62.92557493704255,50.22876359749,62.87649784927009,50.433480988400625,24.28560164974808,91.97113415680526,24.324704583920735,93.01595322506479
1785,62.94691466482641,50.2091771003752,62.88844099143549,50.43078497986693,24.310922240012516,91.9510845744223,24.412049805464523,93.00668888583486
1786,62.96040760682799,50.19695523717493,62.890051130690864,50.43263995441444,24.36212403017405,91.93699617624307,24.52086041656338,93.0013480038208
1787,62.96536932724658,50.190934988897425,62.887258795217505,50.4371365820596,24.43914002863159,91.9303405590622,24.654620333992693,93.00122865218502
1788,62.96831318905881,50.18989507701928,62.89032702265282,50.44334379202506,24.450676951641235,91.93013901101462,24.677900015503223,93.00571897653231
1789,62.97414125128747,50.19574529475655,62.901681554521154,50.45231460534738,24.396556518659974,91.9322749862919,24.611181401169123,93.00698058096341
1790,62.98217024057586,50.207760489927324,62.91893090408953,50.462487743090776,24.435530150407782,91.94681702043027,24.69460434963289,93.01976274348179
1791,62.99322847080945,50.22474503294117,62.941077228139974,50.473237141341585,24.4756583979321,91.97355783149888,24.76652753694585,93.04263052391569
1792,63.00999986103051,50.2357484136189,62.96353658820129,50.47798892408139,24.635923736962752,92.00550015174257,24.98957376848853,93.07275883294162
1793,63.03590062916821,50.24065579010968,62.9863994269991,50.477280168146265,24.879556547668066,92.05041758918131,25.324099414062978,93.11710151589764
1794,63.067855477551205,50.24091836190709,63.00902433937522,50.473200786244966,25.121627617566958,92.10215837195283,25.63589652448941,93.16621209830782
1795,63.10125931531061,50.23681100342357,63.03450588596128,50.466440127604976,25.357321327955837,92.15955944746199,25.79296312460226,93.21807684926873
1796,63.13481275024517,50.227340278902915,63.06400050919543,50.45752793359096,25.930973220938256,92.22827020605781,26.306415500780968,93.27307155131204
1797,63.17030995233873,50.21321931330469,63.09850047249518,50.44689451127772,26.436302303114854,92.28959217864157,26.758406812981463,93.31850868646073
1798,63.20604546379866,50.20325567616329,63.134803016756024,50.44680765870889,27.020501779304453,92.35145807779152,27.235949110566633,93.36831144324505
1799,63.24116420203992,50.20252630983708,63.167662690072945,50.455818958275174,27.44018850092871,92.41640390623238,27.552456072671582,93.42420440674061
1800,63.27759687958409,50.21096810462951,63.200726129762494,50.47136052953049,27.609321892242605,92.53416861200208,27.611488759495906,93.56317370717167
1801,63.315878459415785,50.22786432706788,63.23403651796911,50.492126318137046,27.610724532444262,92.68571636756054,27.467178213437276,93.73514831849536
1802,63.35622919741602,50.25318962650201,63.2710189224171,50.517046535462,27.662026197569233,92.83922135430132,27.329924488214804,93.88818476879783
1803,63.39702518762323,50.2870961194656,63.31025718502154,50.545420063039224,27.557646160237276,92.97070162617202,27.39040238950011,93.99295245663308
1804,63.437405054032205,50.3229440934358,63.35204642700721,50.56740737994697,27.416506411057423,93.12491778900039,27.427968727471306,94.11033810282233
1805,63.47656870683962,50.35194925773184,63.39255711857832,50.58390963080677,27.176955753572745,93.27851198082311,27.435641566398974,94.21720423527007
1806,63.51862203271465,50.37282726260126,63.432732316857354,50.594731795791176,27.068652450811797,93.41628428072762,27.560644452345674,94.29616758227642
1807,63.560217626365066,50.38751301076512,63.47102731019863,50.60306513893639,26.819345911970093,93.53001774805246,27.269011893680773,94.41997427951708
1808,63.602775754984194,50.39584337255754,63.509739035693855,50.60912502311176,26.55001945998585,93.60225224910624,26.81587862303178,94.52166280093488
1809,63.646323053387675,50.39771888097216,63.552624813889885,50.613301018967945,26.26826844147032,93.66297355126545,26.413970008399072,94.60260755508318
1810,63.68904708324927,50.39341871051556,63.59525953701563,50.616329112636194,25.78020149915036,93.73813813063431,25.973883724223967,94.66946628510725
1811,63.731148598294666,50.398431283479084,63.63898831683556,50.63114581599285,25.276088662247837,93.79059979556078,25.588679174236063,94.7249913752082
1812,63.77507165307006,50.41410242423998,63.68373944996579,50.6568794288343,24.911514479958658,93.83926114970944,25.453137269845836,94.77738593786374
1813,63.8189458038613,50.44130627177915,63.727133348572785,50.691195167678025,24.38942389949543,93.89849317047215,25.242908087329184,94.82732049863554
1814,63.86221120036086,50.477353651317856,63.767162644067064,50.730702012955966,24.15351285484405,93.94644008983099,25.08401260631952,94.9121859353501
1815,63.90744612224692,50.52101295120769,63.80973379756491,50.772262051901336,24.17416966684754,94.02522243099226,25.09870939044131,95.02529439563189
1816,63.95227535721121,50.573801566919535,63.855440785953846,50.81775932290992,24.317302436310815,94.13565723472618,25.24043538457362,95.16025322203913
1817,63.99747138574135,50.63552098276726,63.90076749389886,50.86626880912466,24.5619445833169,94.25059514368208,25.377399342818844,95.2764713979589
1818,64.04164416938403,50.68732042535756,63.9453137651639,50.90377084725015,24.494961383533497,94.43623393765395,25.01885551907227,95.47079648467998
1819,64.08343724867616,50.72810985269195,63.98734335802169,50.93212249488355,24.250640552100585,94.65726806379277,24.655479845980178,95.68351436876678
1820,64.12515733551861,50.75950629699572,64.02837128020307,50.955278906581185,23.98074778477894,94.90513408984087,24.226930450603714,95.89861531683351
1821,64.1688725608146,50.784535282062386,64.06938837833877,50.977030983256974,23.8614958711967,95.09957591222839,24.10426053564934,96.04160628651854
1822,64.21164215447219,50.802824947897285,64.11127014213692,50.994810196626624,23.638676358645167,95.29273561892676,24.002968061214418,96.19892391700279
1823,64.25218968260975,50.8125188312511,64.15346234495183,51.00939370027088,22.93356318267388,95.48519641119375,23.37686855435671,96.36867734164727
1824,64.29367344232102,50.822769058361544,64.19716306439102,51.03389652499858,21.96123410448843,95.70393458571024,22.526748362339596,96.54891850780062
1825,64.33588376528014,50.84440801418898,64.24172454937838,51.06830700479204,21.481851309881783,95.86087622463516,22.065084478825273,96.70936414010103
1826,64.38153037559474,50.87827177183653,64.28845259789281,51.11120525093636,21.159240752706516,95.98222113094502,21.839784205853704,96.84464017493397
1827,64.42833082419682,50.922253995157384,64.33465754301317,51.160049832742956,20.924602616249064,96.07890139365614,21.64685487921702,96.96222982201917
1828,64.47396881157391,50.97361649758975,64.37836063822735,51.212780415408915,20.564269906724643,96.20779998816322,21.535219929765045,97.07314613024876
1829,64.5205350149434,51.035097465695415,64.4236578555525,51.26949086643283,20.76206274769294,96.31281177678893,22.224229432588356,97.17124799605126
1830,64.56887701892725,51.10662530004085,64.47108881016813,51.32932531779761,21.316078484482738,96.39123914792661,22.729354329588816,97.2564352601582
1831,64.61638191651032,51.17878977140919,64.5176680558114,51.390834141192485,22.031771433539515,96.43488320885092,23.013451188072693,97.31974385808199
1832,64.66236707785359,51.24597491100146,64.56254415505657,51.44795652994864,22.731277366285436,96.47554292205396,23.43378687424358,97.3830403955821
1833,64.7082124445299,51.3076078716601,64.60926399071728,51.5011752871222,24.08336292204464,96.48922248155779,24.82742374660968,97.40269016174345
1834,64.75376534449482,51.3646117109426,64.65507089729726,51.55182469298,25.277684862880633,96.47370625845252,25.709565774742106,97.38689876098977
1835,64.79920424750674,51.41798829699769,64.69816672749809,51.60075330390148,26.392238644437022,96.41375731844158,26.340722202270832,97.32904324237589
1836,64.84249035677439,51.46638165051082,64.74016516003434,51.647685332378735,26.570337856141137,96.37822248275256,26.31899504975536,97.32597963175996
1837,64.8844397198312,51.51034856045968,64.7830518713881,51.69346903118154,26.59250540271501,96.39824690049326,26.036929352263225,97.40824506267657
1838,64.92824676000417,51.55333066472745,64.82855778366743,51.74233836409789,26.888547810997704,96.41146558142079,26.07344798744748,97.45978211275228
1839,64.97423109846989,51.59846634604196,64.87572283612995,51.79244823405782,27.087117267972662,96.41501300955179,26.160795331895425,97.50003103597732
1840,65.02128639943786,51.64640727588569,64.92567879297665,51.84388415513658,26.45988126569463,96.42651338760157,26.133066363136454,97.51234585638134
1841,65.06825634070356,51.6962524270296,64.97412220372262,51.89594690203278,26.03196110447082,96.46786199681279,26.153843026175196,97.53262174072665
1842,65.11723023330563,51.74840971955122,65.02171049600061,51.948785851017696,25.840624903461315,96.54109915127043,26.427370269061363,97.5481368891737
1843,65.16466987985375,51.80221916936692,65.0656343864397,52.00167722979543,26.043621507228938,96.57298152517308,26.672752548381915,97.54609065738639
1844,65.21183154154251,51.85834971452054,65.10935671723236,52.055132245015294,26.399054915288367,96.5244892743432,26.816073758614394,97.51662012117531
1845,65.25558118438191,51.91328220260636,65.15074188831564,52.10845788586732,26.670172104033206,96.51643924417637,27.076275681143866,97.53505681306284
1846,65.29586968139712,51.967912913991746,65.1899208434594,52.16187741041776,27.125646179129284,96.5074855042787,27.600844113716118,97.54772386429022
1847,65.33307966349697,52.02235827770146,65.22904051926893,52.21555877388967,27.631310586897296,96.53356128385052,27.99314388061669,97.58695770250348
1848,65.36916964280174,52.076877530203895,65.26753326838066,52.26983461274244,28.074167862756077,96.56224078980526,28.262403801487576,97.63250970556972
1849,65.40637909800677,52.131455513169065,65.30842178268341,52.32419008191275,28.180058578697647,96.61538757283478,28.261823566041684,97.70238920437657
1850,65.44653736839656,52.186371319298686,65.35134528673184,52.37900752479281,28.271508632262947,96.67689726764394,28.268832069421165,97.75545406655127
1851,65.48834088482789,52.241570061042374,65.3963207913539,52.43411538898363,28.454364483009826,96.75864394201854,28.348429168618697,97.798658756904
1852,65.53436096989535,52.297651701209,65.4448310409277,52.490282041074316,28.563686119080383,96.82376875991197,28.45539229622677,97.85206091297786
1853,65.58262292905417,52.355285344222715,65.49262155005582,52.54786347642934,28.584500633648823,96.9012440246886,28.734363568402944,97.90949358465257
1854,65.63356303077849,52.41465535260473,65.54252581061222,52.607477528577554,28.90394605236802,96.93949284786184,29.347303516095007,97.92993394194073
1855,65.68784279523517,52.475335868707596,65.59436028662726,52.66838855934978,29.049954539794022,96.95197308667217,29.550533407239968,97.92442073975964
1856,65.7406943404044,52.537925932313904,65.64390836019933,52.73071121614975,29.532523486645065,96.94670822669498,29.96783955448406,97.92864999590512
1857,65.79306785792832,52.60195289863085,65.69298773125547,52.79377091946602,30.15750855991367,96.92803012800563,30.50919461123489,97.91018301824816
1858,65.8444817207462,52.667716352909316,65.74165973588174,52.85805130257242,31.055304158607605,96.91225208472073,31.398514782082607,97.90033614235283
1859,65.89281376478337,52.73427972470759,65.7890105276278,52.92290501021922,31.86913376798243,96.94350166791374,32.03565111136114,97.97739920852435
1860,65.9415810039227,52.8028193573188,65.8357011820996,52.989211068794,32.53058867513385,97.0124342595529,32.516407662468154,98.10651626462081
1861,65.9869442418381,52.86904066833937,65.88083036875119,53.05376447739724,32.743671123710705,97.09262877410254,32.67387686032603,98.20042216764777
1862,66.03024481180455,52.93620103717604,65.92560836705813,53.119414537373466,33.31343392282282,97.22452346649862,33.00952788778746,98.3255510013709
1863,66.07549616303962,53.00275931086405,65.97221762729036,53.184664686937424,33.71012458439889,97.3880240954056,33.29058168075502,98.47862243736152
1864,66.11967851109495,53.06928644083179,66.01755460542694,53.250163381354795,33.71578786628617,97.58902504437583,33.17649406922875,98.63184285545114
1865,66.1640182158611,53.135008397185494,66.06350176465617,53.31533212348353,33.373652988341426,97.82145517560983,33.05543378406511,98.80333688471212
1866,66.21178490371351,53.20070245297758,66.11338055882769,53.38072635701324,33.13807640039245,98.015851092168,33.03365671860552,98.97192258216417
1867,66.2594399997333,53.26699022119624,66.16126329143975,53.44734336057353,32.76163680992592,98.19907294348012,32.78183583040597,99.1569182293455
1868,66.30763305951558,53.33390796888929,66.20925802783117,53.51467475816206,32.485627514821736,98.40854827808367,32.50112383574286,99.33529465069688
1869,66.35568409573348,53.40160955279799,66.25555891151436,53.582831937312584,32.14007755417952,98.58710619997773,32.38749458786712,99.48322501928318
1870,66.40458684274401,53.47027357264733,66.30461466176943,53.65148766011347,31.809729689549517,98.71941911880792,32.330675347552464,99.58989468193923
1871,66.45435715313224,53.53931231460913,66.35318992730696,53.72032882924718,31.50276025119125,98.83632143472992,31.978826917596834,99.6846411967951
1872,66.50468019766203,53.607643539622586,66.40239573521893,53.787036825635,31.568186228628466,98.87562663941125,32.1895045942071,99.70052521111666
1873,66.55388871713893,53.67566877721466,66.45329063626619,53.853190828522536,31.853484498219633,98.86915219643251,32.7409248134781,99.68021492999021
1874,66.60494549007421,53.74088048311154,66.50468160385618,53.91662339498593,32.360610778187606,98.79636072745951,33.2581445169124,99.62152633346321
1875,66.6547252250575,53.80296285207175,66.55388056003946,53.97728139306137,32.520907834322024,98.73179269985637,33.10701201416099,99.61683316960409
1876,66.70860133510018,53.86224088545985,66.60665821678894,54.035886097761015,32.978163956428816,98.67105897511394,33.51230396470511,99.62360335946519
1877,66.75911668227545,53.91793684665535,66.65625659378739,54.09195700676389,33.51071416668861,98.64938399476024,33.97666399538401,99.67184659560358
1878,66.80928638720586,53.969589225634614,66.70489567595169,54.14519561618787,34.28885206087381,98.61089905699727,34.387272021611814,99.696177534666
1879,66.85961403472913,54.02036125615057,66.75404445685963,54.19777874435021,34.7998030190057,98.63313871800263,34.83100597124798,99.7408250636895
1880,66.9090666098216,54.068523709966136,66.80377462210402,54.24912597249005,34.83817836949633,98.67469500771116,34.90738597152866,99.7706397908406
1881,66.95374143935177,54.11331635566729,66.84758563250998,54.2960482581269,34.77097261744257,98.75970274865723,34.897200651686966,99.81286700067531
1882,66.99586687784087,54.15510465775635,66.88726938176697,54.33942864797009,35.06208456426568,98.83103639572235,34.82596530933642,99.86979632609564
1883,67.03434754020603,54.19419415719521,66.9270646234281,54.380139060286574,35.00160998824134,98.90836144175817,34.802164661927655,99.93401666150535
1884,67.0731634010703,54.2307031069605,66.96691841770696,54.41846362098506,34.96105743314931,98.97135459769042,34.95152716656987,100.00839278736959
1885,67.10982017931704,54.265285217072886,67.00488547434634,54.45496777266883,35.01038215950852,99.06880299662892,35.23720089666951,100.1019405908759
1886,67.14360621215157,54.29690106540989,67.0413929824473,54.48991045366752,34.804936294112764,99.15257207529231,35.22249892599759,100.18286138902938
1887,67.17672018859943,54.326275090574526,67.07999159060955,54.52393647112672,34.81225510712119,99.25901526212527,35.230825074597455,100.27310458403737
1888,67.21363451421259,54.3566686091483,67.12025273981415,54.55846264597007,34.76268015832537,99.38162160558312,35.08648126695584,100.38647455509494
1889,67.25213437933152,54.39433337261386,67.15940508461648,54.60218228708353,34.639210538937505,99.5086001968815,34.80465967795369,100.50669242978972
1890,67.29166869997572,54.440424707976845,67.19995833799825,54.65470482533289,34.58014894002259,99.63706159712817,34.70256898863437,100.623027804058
1891,67.33030854178108,54.494732156671546,67.23938297402134,54.71420606633411,34.387844368890626,99.76619039142595,34.60217340019733,100.74059840763645
1892,67.37090626539263,54.55603268770311,67.27963024699932,54.77728832115933,34.00782054768749,99.89309195947432,34.426869127094996,100.8651639085728
1893,67.41297995583841,54.622479956398344,67.32026679446743,54.84099802251611,33.3913296955943,100.0437955705011,33.7106728191075,101.00491289835854
1894,67.45564848147076,54.6965042552591,67.36271865219831,54.90833305607092,32.57463309848423,100.19838949451851,32.878398951466124,101.1469019177863
1895,67.49794890216897,54.77609788358102,67.40559919280263,54.97735043154062,31.930975790169565,100.35195410904586,32.30399425774029,101.30033019423986
1896,67.53973923627787,54.8459157836213,67.4462614299474,55.035132224688276,31.539804283175478,100.4947302059077,32.0306493795116,101.43788470589278
1897,67.5810592190925,54.90527000420684,67.48719438880325,55.084028835117714,31.30455352223815,100.60336324882495,32.154613988797585,101.51977424094424
1898,67.62545365201962,54.95430172660349,67.5314104048542,55.12644074556817,31.319759944219655,100.70062824124578,32.58523758322279,101.59441244065209
1899,67.670746708512,54.99554132679767,67.57651528321763,55.16459108593662,31.22313894345856,100.78317080152583,32.679185266901165,101.66331840921625
1900,67.71488602063492,55.029354507145854,67.61968719473438,55.19834170615137,31.566644124411805,100.82281627861764,32.79215074556829,101.69928236185743
1901,67.75958543643806,55.05407194824691,67.66475662291087,55.22878514053668,31.913413385499442,100.84779606971078,32.626515062618616,101.73736060173376
1902,67.80466243394648,55.070857592883044,67.71036550612975,55.2572255569586,32.02647026213922,100.84412545111807,32.260685672088016,101.76756764559005
1903,67.8525974717332,55.089562618155526,67.75727259887803,55.28528887722845,32.04686215173925,100.81576888914343,32.02446147394463,101.77207828855016
1904,67.90019419300502,55.11717323948783,67.80268686613708,55.32282964722915,31.593332256803453,100.81051659592433,31.514508164339848,101.77979681537037
1905,67.94594505321255,55.153374494460095,67.84787338909041,55.36817514154782,31.070675170978042,100.76819244585488,31.341446562817836,101.74321115047623
1906,67.99117903786693,55.19653335499671,67.8930042023632,55.4183851072347,30.947499274705194,100.75495040545134,31.511283275687934,101.76374503190986
1907,68.03878618665381,55.245798549802366,67.939571304396,55.47037629516077,30.89684407752313,100.75522051647756,31.786985742306506,101.78005439746853
1908,68.08899533668503,55.30267555971857,67.9908046337109,55.525944492463495,30.53277276562654,100.77553678883174,31.313290488766818,101.8302712915327
1909,68.13869103682521,55.3668660502111,68.04066156611553,55.584661311369516,30.343859636035816,100.74217259260728,30.94542595197303,101.79521614328642
1910,68.18583793013411,55.42828582431945,68.08756400330974,55.633265731468896,30.112923052390396,100.71963986972045,30.648623118364853,101.76261124483318
1911,68.23416544908724,55.47839948910352,68.13461473130553,55.67139393456939,30.024166797560774,100.66675427024721,30.2887026391881,101.6981570014482
1912,68.2811795242883,55.51706933544123,68.17928639098511,55.70122191795154,29.850920289137846,100.62721544071508,30.11788103680329,101.62251027599122
1913,68.32747742813572,55.544833745344164,68.22303882296215,55.72378654027601,29.118892753273293,100.57013283651976,29.50707786128614,101.58720475591443
1914,68.37154921742902,55.56328540330956,68.26528183651806,55.74054444068721,28.137237035763768,100.50240021529804,28.810542549923696,101.5440710333709
1915,68.41077435362985,55.57126803492709,68.30639138558365,55.75334816763645,27.89543018276772,100.39776852013456,28.592619669778944,101.49490720604146
1916,68.44968880271327,55.56870091150073,68.34743920234283,55.762817439150275,27.576468915298925,100.35267258852546,28.32354343062819,101.4639363898017
1917,68.48964453820695,55.564416160909666,68.38899045313578,55.76974322494476,27.26315280096482,100.3431393973608,28.11136143898863,101.48410215739773
1918,68.52943088221696,55.56026222822257,68.43133170185276,55.774763086837005,27.040867597860316,100.36970167784617,27.948611810416725,101.51254605304965
1919,68.57283020029969,55.561800181948826,68.47747785236514,55.78608502128038,26.631791817225754,100.41775794142441,27.672543390163366,101.5412782642755
1920,68.61743142892664,55.5714627322652,68.5240767089064,55.80522485194006,26.503074695735556,100.45385763690378,27.36992246620359,101.57271759796676
1921,68.66588084423636,55.59002174048486,68.57388301001598,55.83164600243546,26.758056158669145,100.50912208990036,27.459258302111067,101.60996494995013
1922,68.7165510421124,55.61768071662003,68.62425346558832,55.86496042321747,26.695255608997215,100.59791652759546,27.423469174083458,101.67194464651438
1923,68.76890300025683,55.6530111574459,68.67498245830865,55.9015593807411,26.769412636387845,100.68269261371937,27.492378159379072,101.72432483694341
1924,68.82054375948879,55.694489332319385,68.72333075897382,55.93870683208566,26.816509879771953,100.72636415768379,27.511351077965525,101.75344512388205
1925,68.87214347542046,55.7433584582601,68.77091725457238,55.97835015909955,26.923748198096025,100.748990287328,27.619305522992672,101.75959922132007
1926,68.92181103405767,55.789748770890974,68.8187791591275,56.01398659730795,27.196566340470405,100.78158774546104,27.79123791435854,101.78462018624634
1927,68.97041026894543,55.83290965339088,68.86513373374007,56.04794830447527,27.55970568206184,100.81379955417088,27.972872181503302,101.81245902244906
1928,69.01477597583751,55.87256117413933,68.90891679788761,56.08139560688364,27.685512673373,100.83498199731794,28.117830233043207,101.83145562144179
1929,69.05584766764854,55.90812563686012,68.94980731267567,56.11455928781678,28.00091650688102,100.80958149875694,28.391471690400945,101.81367182146764
1930,69.09388755804015,55.941796699127984,68.98876775081256,56.14844327596036,28.20939373810127,100.78799251126803,28.558769954298768,101.80753754724795
1931,69.13281056178369,55.976142021325614,69.02870021453285,56.184185728436226,28.406160774831037,100.79314804631561,28.64049344855089,101.82706473144707
1932,69.17262573565262,56.00789129646499,69.07094118135929,56.21916927154269,28.741491199975457,100.81599648743709,28.992198305895382,101.85046420163916
1933,69.21337420018753,56.042246947097695,69.11585888776256,56.254731803646315,28.9204111517061,100.82219174307521,29.13990313680306,101.86603133100833
1934,69.25446940442376,56.07888094813817,69.16030461692432,56.291811294581876,29.280266726565866,100.76373748043997,29.555535319554398,101.79571478724814
1935,69.2955204792676,56.122154483410455,69.2025645006416,56.337093509487225,29.762365866475285,100.69850954524915,30.05895160890033,101.72676755465487
1936,69.3358831089316,56.17041597570052,69.24117960848466,56.38663961348895,30.05541391058017,100.68059995755145,30.354297783150184,101.70485853481914
1937,69.37632402277764,56.22196017497449,69.27849461315559,56.438278285842415,30.410742446331298,100.65934088924729,30.62658946129345,101.69070641457574
1938,69.41686728529477,56.27432389365694,69.31737417610728,56.4894793628654,30.746125707605586,100.64979121557779,30.76463021088148,101.72027123227045
1939,69.4575946321103,56.32748813262747,69.35902294458795,56.53797754192323,30.957437249101005,100.65974021157186,30.988061662873406,101.77884103680972
1940,69.49636439209853,56.38409505121695,69.4004421774035,56.58889462018909,31.211853888449845,100.69573833657135,31.09227246552261,101.85903153449902
1941,69.53369854429445,56.43733287112783,69.44023492833976,56.63368412983141,31.131722174490736,100.81441359213757,31.005187378967367,101.95628025014437
1942,69.5716249309321,56.48292103378215,69.47948371402784,56.6742481957045,30.92067490452882,100.97917663114421,30.923539586051238,102.08548432566944
1943,69.61069473678134,56.52353264496314,69.51741095034423,56.713213786745364,30.692182534541768,101.16467103233498,30.725896761080246,102.25157234791456
1944,69.65167202697691,56.55921856704696,69.5568461358787,56.749492083994106,30.227561353550577,101.34192784176243,30.27321690444104,102.3762852328672
1945,69.68843780385868,56.59148712147067,69.59152572488189,56.78362054620915,29.609794124992046,101.54119508088728,29.616875959608816,102.5477566562951
1946,69.71722904494324,56.62301308762863,69.61877548636012,56.81756694218296,28.911134426623793,101.7286931391015,29.092224909621727,102.70355113027429
1947,69.7383220521353,56.660899842936075,69.63780823627445,56.865635930370075,28.26419972013497,101.90686847602262,28.669363519754675,102.84843323124177
1948,69.75050870032116,56.70913135741532,69.64724841253589,56.92265986426597,27.732094218025587,102.07475569947819,28.321862380525967,102.98299554325435
1949,69.75133994427662,56.76322559136207,69.64613161964795,56.98103916948936,27.200688905413227,102.21950150819931,28.032801676491243,103.10913646091686
1950,69.74082569640849,56.826052335502354,69.63601952325197,57.04651545485601,26.755809924649405,102.33293202964306,27.79176032915926,103.22912643728024
1951,69.71656958561793,56.8982800383354,69.61776480320943,57.117270059745614,26.51502606703757,102.46509337904342,27.588808692961976,103.34337191330744
1952,69.67981088680897,56.963224577769125,69.58878884452523,57.1687831393143,26.475049995142996,102.5422271541316,27.413381224487456,103.42943080555791
1953,69.6337734073339,57.01794169175399,69.55212387492101,57.20231883354261,26.425443860988146,102.60049873218993,27.25997886842214,103.4904881787534
1954,69.58129493773602,57.0519012284549,69.51099413311121,57.22107558465687,26.37009322175097,102.63839358728768,27.12570767903248,103.53121055683951
1955,69.52350015769466,57.067896243323474,69.46492165200699,57.229414293852614,26.312016562201467,102.6582620271662,27.00553211406482,103.55706963736664
1956,69.46222461828454,57.071427798620654,69.41447654150316,57.23147072000576,26.251242209479884,102.66153729494008,26.89428056725517,103.57315091750866
1957,69.39660200067674,57.05695934245865,69.3588107792744,57.226430863334116,26.184685015452768,102.6466884257763,26.788355766562265,103.57923258816206
1958,69.32843733013486,57.02442941152597,69.30061463965887,57.21569417361613,26.11440800975339,102.6137075483521,26.68771906444109,103.5773236221307
1959,69.26457040224805,56.99237324122726,69.24555020237256,57.20254509165596,26.047780156730425,102.58139411577184,26.599220113110277,103.57123099016543
1960,69.21004657311411,56.97053562435623,69.20119926963335,57.19873363175143,25.989412997279626,102.55940238854235,26.52698369709333,103.57310629353675
1961,69.1667054772197,56.957975347020906,69.16969252473086,57.20072525355484,25.9434097366669,102.54587144369562,26.474893321877,103.57849814812032
1962,69.1374859875273,56.951648598145646,69.15100408866904,57.204266631985526,25.910591687665022,102.5383706756932,26.43904860703188,103.58436757018386
1963,69.12209969866215,56.9522039334023,69.14182185671284,57.21213847786772,25.182508540071616,102.53690093250854,25.421811844668333,103.59293643672224
1964,69.1174247746699,56.96112601599866,69.13410775703719,57.2234605283885,24.455966309748938,102.54302926510788,24.592961627476786,103.60364943488071
1965,69.1214036262283,56.97259777198167,69.12650450923788,57.22940435909318,23.772066808969477,102.55856204253294,23.973885485851003,103.61861556772739
1966,69.13364296706564,56.984445205755655,69.12317366743022,57.23000248060368,23.085177284148468,102.57859325718397,23.468382184570636,103.63223371334402
1967,69.14972429667768,56.987823648671146,69.12575543580516,57.22542420869407,22.396129805296063,102.58805297144663,23.057441790404134,103.63516240517569
1968,69.16962674391799,56.984404965422875,69.13730545761628,57.2172815217361,21.66425237595606,102.59154283673345,22.674691680340946,103.63301619872452
1969,69.19403053627813,56.977821887659076,69.15930631892532,57.20829404365439,20.994319570353746,102.58826245840395,22.457219475188797,103.62342501027706
1970,69.22181058483525,56.96456836759821,69.18727968807343,57.196846893797634,21.00638522304909,102.58846419082154,22.252242275232284,103.62448402735195
1971,69.25438012692129,56.944848879866214,69.21610340898819,57.18359720136573,20.93944330649859,102.602284163467,21.96305102873022,103.64825373487459
1972,69.28956654543018,56.928097738784125,69.24132342720253,57.17408421400106,20.90400482251658,102.60877567181895,21.819481235014383,103.66341719089024
1973,69.3242888592276,56.914688408894676,69.26370243609813,57.166949125972174,20.761348822724724,102.61133801380402,21.546999199662007,103.67161384483879
1974,69.3580997182726,56.90474247088405,69.28552942675638,57.161053087461354,20.649736726379682,102.62404970062288,21.36431596224532,103.68446872896806
1975,69.38929604554566,56.89726051177411,69.30870370277371,57.15533392090113,20.540009210044506,102.64633031965174,21.166644600743876,103.70360442493823
1976,69.41366233527823,56.89147697606088,69.3306526131679,57.150594385063016,20.318409147561127,102.6795659445922,20.93953900693741,103.72639085388022
1977,69.43737263170851,56.88854335849975,69.35745123152407,57.14662827350263,20.190509391285264,102.70850500319591,20.85973067148779,103.74740913174536
1978,69.46175721260383,56.88505434610168,69.38642985661302,57.138518845784034,20.129835776167997,102.73257893836667,20.763637791720715,103.78034020287339
1979,69.4921134773031,56.878223950612444,69.42005178381503,57.12846927480876,19.96917105930319,102.76485156334897,20.635174285408404,103.81425029343596
1980,69.52693153440602,56.86850094831418,69.45542383314489,57.116839297689694,20.090061330058706,102.82255000381228,20.768185083773197,103.87300306399595
1981,69.56439997665787,56.85642187451336,69.49143587892478,57.10403327306603,20.129888683944802,102.8808458803099,20.796904144772533,103.927294756993
1982,69.60214292863893,56.842489179301516,69.52620340934962,57.09022620878735,20.27780102511562,102.95095501133383,20.920625174589336,103.99598490171618
1983,69.6417754582215,56.83458271789278,69.56005643956316,57.0874681807484,20.506495682181548,103.0340253917034,21.062457077597145,104.07647126995123
1984,69.67786566086,56.832148121996916,69.59163385505977,57.092678815943636,20.623551515822804,103.14022456831115,21.12238020656818,104.17642288898766
1985,69.71192356678736,56.83719105517119,69.62140352296234,57.10241867306303,20.80947885824999,103.25204061835342,21.233464270718272,104.27987603791429
1986,69.74241803014729,56.84671064564705,69.65076804859031,57.11292508210335,21.023980342456934,103.38779882551862,21.31195058200504,104.40412227777617
1987,69.77199793915591,56.86369561283901,69.68132039400204,57.12822482534502,21.0498570422255,103.51926145716979,21.34557532458485,104.52883213578008
1988,69.80287778397512,56.88187397633034,69.71540905992025,57.138522970548166,21.366984716792807,103.64107893455419,21.702643441055493,104.62232082857999
1989,69.83486740521975,56.8996126163054,69.7502163803736,57.14264181816456,21.56788900541123,103.73248943820082,21.926882329311333,104.68006692936476
1990,69.86701125920975,56.90761927727369,69.78418807126232,57.1406190550765,21.828334650847037,103.79574766869739,22.23196311967407,104.71208913602152
1991,69.89967309937634,56.907702949965255,69.81679341713591,57.135340045421906,22.031714348724794,103.81058791287826,22.34317306551666,104.70607824659355
1992,69.93421928748025,56.90226858951552,69.84981881327577,57.12890621960109,22.225127829213672,103.79717036535548,22.480832041867654,104.6844700132171
1993,69.9722805602537,56.89224780520475,69.8868570676578,57.12010202055943,22.401561422826042,103.74362361841244,22.55732765087805,104.65302292721869
1994,70.01412912595228,56.87464336124707,69.92877716358988,57.10936938931468,22.763014955408362,103.65375646876453,22.84767907226198,104.60245525299257
1995,70.05433504366991,56.85690808811665,69.96958390011353,57.09858336388975,22.673007748091372,103.55076497999389,22.77753498363367,104.53679797130256
1996,70.09647487060452,56.85109562147318,70.01253869310935,57.10256355124415,22.660361249553674,103.47940602072943,22.769172833995928,104.51181137666879
1997,70.13827092093916,56.858711861718206,70.05264560803388,57.11919476949069,22.519351854829946,103.4246926404395,22.707906958794904,104.50060876908204
1998,70.18059505745082,56.87880216048449,70.09072899221142,57.14631021438355,22.326281494133582,103.43474938702646,22.45379863083308,104.55107667787901
1999,70.22214641992915,56.9103364111102,70.12717409674512,57.18182628899152,22.03860981193491,103.47725623958665,22.166698500585547,104.61998135288226
2000,70.26074281828808,56.95414054784822,70.16282179664087,57.22375619005099,21.618684733659055,103.5534209948668,21.718198404571066,104.70805148272176
2001,70.29429867633597,57.0102706447212,70.19644601880019,57.27086421323371,21.02322540752959,103.66822543829964,21.342622122603796,104.8072578024704
2002,70.32775817195419,57.077314059578214,70.23061903061263,57.32182536113868,20.595929638508796,103.84177608889148,20.9741730857074,104.94409119417938
2003,70.36016721980995,57.13896263505031,70.26668428894729,57.36747401552691,20.124856080408552,104.0474101395722,20.666752685689996,105.12560917475264
2004,70.39388745121983,57.194359785322696,70.30325170351225,57.40856285869125,19.682815249527017,104.27248090399205,20.408483885227,105.30607747318912
2005,70.42880826362517,57.242775610891556,70.3400009384793,57.4454832089332,19.415398231846638,104.43371041214455,20.240767500623175,105.42095883727005
2006,70.46177223226324,57.28450989176366,70.37274973939144,57.47959213533337,19.24310324123275,104.58197732013475,20.155103756329304,105.52350107950957
2007,70.4944040222804,57.31984102870875,70.4049888052197,57.51144954013944,19.1176029915071,104.69206560232871,19.93331154432152,105.58512378051059
2008,70.5303769573901,57.348810756007346,70.44052506015169,57.54153301481104,19.011068705780684,104.80469152073657,19.766045521242283,105.6665970895677
2009,70.56677988226221,57.37148696650561,70.47694280768039,57.57028342444613,19.21116427598988,104.87735507494271,19.991653129716475,105.73376400392466
2010,70.60253269036433,57.399837292443905,70.51386357230888,57.60600667140572,19.45716739886963,104.87709211183963,20.22482356124138,105.75728955199827
2011,70.63950176446147,57.433511898515,70.55268252634283,57.6464291513492,19.652004235257834,104.89401490433895,20.329176542886014,105.83439887089828
2012,70.6770723767702,57.47190644649596,70.59209269189155,57.6894738536252,19.83892704568599,104.9087200740186,20.439252752682567,105.8640631401951
2013,70.71918856502944,57.515055486733516,70.6333811055595,57.7351827720376,19.86699552019814,104.98281222418863,20.353418230201363,105.98165141942934
2014,70.7638207118033,57.562997413776145,70.67600040255331,57.783057499121405,19.94220996725267,105.08835282959534,20.197425226207052,106.09942082115091
2015,70.80857996993538,57.61553963444114,70.71990681894654,57.83224976902102,20.100542770197748,105.21536204046546,20.197843385608035,106.25573921304098
2016,70.85451639220462,57.66640797617002,70.76468506875236,57.87400305003254,19.955430073008085,105.33107673360342,20.133698297096217,106.36698233102048
2017,70.90206314308169,57.71002330034686,70.81065592248969,57.91008306008699,19.78903489802779,105.45765256291973,20.105274929167454,106.44125765221695
2018,70.94822212074021,57.747235720069625,70.85485905400162,57.941916286931765,19.626202371555856,105.55888514719572,20.005865005084733,106.52360036677902
2019,70.99559687280254,57.7789702208269,70.90018519987099,57.97032319430774,19.721334332069105,105.71662064625727,20.313829971320693,106.63636981408241
2020,71.0413086191697,57.804642768361546,70.94398030594138,57.99591204855335,20.01700364655945,105.85239118517214,20.667155211662983,106.7899189162153
2021,71.08492220439767,57.82676008705148,70.98560943625706,58.02268236985238,20.271889014703426,105.93549382333978,20.805129149317384,106.86258703161296
2022,71.12706226436285,57.84521106601389,71.02639865608086,58.049564554312425,20.40915109545207,106.04019036975096,20.876045763208047,107.01212262185466
2023,71.16877090711246,57.865358039515655,71.06816618385568,58.07599213152446,20.48619592085897,106.19738864043802,20.783725473881496,107.19188569537131
2024,71.21025887091716,57.887844386328666,71.11146737398599,58.10314600410607,20.47249484540416,106.38337913633484,20.60518460706401,107.36116255509177
2025,71.25380310979064,57.912024850661716,71.15648610058697,58.13022684683279,20.39532495838441,106.59804607127889,20.297539550370995,107.56019350910977
2026,71.29733247810944,57.93761064487306,71.20241893182605,58.15678710856792,20.145935714409138,106.79694431564702,20.197671094361517,107.74409593077601
2027,71.34143692164508,57.961453473766184,71.24763627215583,58.17853549241066,19.7841480663352,106.99301376852772,20.068434996384926,107.9510531377229
2028,71.3874553356128,57.98129731752595,71.29303803781418,58.19660977409139,19.542358763791103,107.2164108579717,19.987387411848587,108.10456894181323
2029,71.43640351668574,57.99773190835231,71.34094703985899,58.21176217274977,19.311720004289587,107.3685348309474,19.89869756824746,108.21900031995169
2030,71.4841216433888,58.01119706864004,71.38658369696893,58.22458989271008,19.126597943984592,107.46683116291454,19.742703124364688,108.29490044465511
2031,71.52742154015435,58.020925741775784,71.42665553459452,58.23554573565899,19.048352282697746,107.53881895924465,19.663487428273513,108.34372425242483
2032,71.56727472058458,58.031342150040636,71.46446645340932,58.25074402208754,19.143654130226604,107.5594277358443,19.677511530941516,108.37519827092734
2033,71.6047204531307,58.04253067956185,71.5011382311009,58.26886488394134,19.232032451182985,107.55402521335745,19.825506175282673,108.38855963066457
2034,71.64195808204752,58.05607744910613,71.53876188556087,58.28716859674407,19.33084158291105,107.50314328995314,19.909239597415596,108.3952620920161
2035,71.67817056730732,58.073323515836925,71.5766896752761,58.30768355636109,19.516044991986696,107.45086366931992,20.11941622837523,108.38678288927528
2036,71.71170268590545,58.09428984608467,71.61485820680518,58.329989819693076,19.85657445851209,107.39912895430557,20.48104712724646,108.37243921474114
2037,71.74694190483152,58.11514119066498,71.65506320144546,58.34837833158958,20.314896864342174,107.3532851949095,20.850562823344884,108.35342978138644
2038,71.78675515016351,58.135706762386825,71.69718978355179,58.36338203241871,20.913840609852198,107.31312072249351,21.388579534933914,108.33428884077344
2039,71.82982553885924,58.15311259815261,71.74115521593238,58.37735195538819,21.480980678247587,107.27606976607932,21.850145514761167,108.31595606674468
2040,71.87504667986914,58.16708029726954,71.78568538037784,58.38964492838963,21.90206637677441,107.27310902400126,22.15278889683414,108.33697162803045
2041,71.91792464552371,58.17910403866311,71.8264698422191,58.40064086706753,22.339703445241778,107.29609584874774,22.38396874038603,108.3861733393528
2042,71.95990959557149,58.19096795951673,71.86570345757247,58.415093895115895,22.48923261118369,107.31143727543972,22.30917919296628,108.40098279949788
2043,72.00260499179458,58.2036679040908,71.90583385866586,58.433700391634936,22.12661515207508,107.34138649631231,21.72531800190958,108.42570092361694
2044,72.0432873351748,58.22025409159993,71.94484003063178,58.454588799017046,21.60220469019357,107.39445174240379,21.112380288627204,108.47027678250713
2045,72.08120170878111,58.24060538994456,71.98216809409304,58.47687036802218,20.884583589541684,107.50770102284434,20.593938444341617,108.58629637851286
2046,72.1187895313651,58.26355840346534,72.02168129364698,58.500272383828595,20.026352606825895,107.60932928519274,20.008738796383376,108.66018563535243
2047,72.15527319568015,58.289798177669255,72.06117119083812,58.524715460730114,19.129536968188017,107.72364460233932,19.42369634951846,108.77239613703729
2048,72.19551019620015,58.31937276721409,72.10308688291208,58.55000284128191,18.174235940388208,107.8088129091637,18.867523088186477,108.85348787222259
2049,72.23890155717008,58.34479377075039,72.14779428905966,58.570193815788265,17.508052472806583,107.89839897104997,18.56310056366554,108.90027949174177
2050,72.28503256616698,58.364750568679526,72.19606772140502,58.585710619718725,17.23025083847558,107.97226791219595,18.33991072691917,108.92854282146561
2051,72.3347112203613,58.379555683667554,72.24660533582436,58.59693750628238,17.149703982287278,108.01028467135806,18.291618487462017,108.92590510129163
2052,72.38853209863814,58.38957751945136,72.29862457761425,58.604700297303545,17.137946974680677,107.99481421519248,18.321481294607263,108.92943958996597
2053,72.44067765830707,58.39488047752556,72.34840978441102,58.61009431639898,17.22738248995107,107.98033974998538,18.31549426333636,108.9146691810976
2054,72.4946441986246,58.39604927665466,72.39816809679579,58.614248984516365,17.279403133193767,107.9581114582776,18.141270669449494,108.94502125703784
2055,72.54560000710126,58.39273198044564,72.44367906146613,58.61691779498291,17.35458353806833,107.94250858344834,17.947712650371383,108.96969542605464
2056,72.59379833892669,58.388907441691636,72.48774282491566,58.61837069247197,17.21552619704349,107.94570325757253,17.632529875259312,108.99778543196089
2057,72.63760213949506,58.38538486769996,72.52934899934269,58.61931978545585,17.062652074751185,107.96148281900545,17.381388344265577,109.02870631302662
2058,72.67796281861649,58.38648012302328,72.5698845064523,58.625391246308986,16.827418580428336,108.00263699800082,17.195286315911225,109.06371116154213
2059,72.71482663598702,58.391490527562155,72.60826797174849,58.63439183115349,16.728815783375556,108.02807582524122,17.305946413809423,109.07532265135535
2060,72.75020083828657,58.39829611126156,72.64621987518464,58.64343450672811,16.588339548648666,108.08422286202794,17.305981930256703,109.1098884052988
2061,72.78629217444582,58.40821046962402,72.68703129927017,58.65480791993371,16.579137673376792,108.14415333541051,17.320418710304583,109.18514988627386
2062,72.82597222412919,58.421600725694944,72.73009986923554,58.668085677007696,16.65055384251974,108.19461537135606,17.391723962386216,109.2322780431851
2063,72.86594068231081,58.43240268773336,72.77283673719342,58.67442895814234,16.871651320964418,108.22417575261703,17.497300962507577,109.24923288563173
2064,72.90914557253734,58.439854892291,72.81789698890665,58.6745904362227,17.213992950685217,108.23826146134286,17.752284993307303,109.24956172259715
2065,72.95238761956286,58.44029590229541,72.86127219159444,58.67022642638876,17.4234527734077,108.26526808520192,17.785323900630058,109.27820165450404
2066,72.99764355890518,58.43535911793633,72.9047667462407,58.66334968778043,17.171231718439394,108.32419394859903,17.42495078920818,109.3294394361004
2067,73.04381168298794,58.42604452803547,72.948072670283,58.653575302858506,17.262799503939608,108.38542994501844,17.529505409608234,109.39891722615664
2068,73.08896339762879,58.4107537361748,72.99180425898197,58.64151795351867,17.445182854011865,108.42110831653444,17.754788276612253,109.46638789724655
2069,73.13178711164515,58.39006490212667,73.03380285734848,58.628470004148454,17.27641949994998,108.50180624967061,17.502935940051707,109.57016048573395
2070,73.17286946312745,58.37699201152189,73.07329660911047,58.624450511241356,17.19478556991639,108.61176172768957,17.472165357066217,109.67341605935546
2071,73.21126465343634,58.37249902933721,73.1119962900382,58.628308251105636,16.96670364496244,108.75475103216515,17.41243996858272,109.78918826905333
2072,73.24974263795411,58.376076374597766,73.15039669051664,58.638214116617675,16.85050875380623,108.86793820872501,17.350929839081758,109.86827321012984
2073,73.28651813940488,58.38569818964559,73.18763745433117,58.65120717562701,17.005002232590552,108.95246861424705,17.29422857161605,109.9200940732848
2074,73.32363461177987,58.40302979958134,73.22623435823192,58.66810632789337,17.037381519592707,108.98157950170979,17.47054941211983,109.91196299166948
2075,73.36101558153321,58.42786384715774,73.26674605176001,58.68794838981591,16.89652373344148,109.01607943399735,17.510023940470766,109.92526097108791
2076,73.40087666860197,58.458911588456054,73.30951991478106,58.709027257024175,16.999109225939634,109.0621638927841,17.45044794297311,110.00177032258091
2077,73.44414377264985,58.48115247126516,73.35446868613383,58.72011724330075,17.406843126146093,109.08566035689299,18.001199365908956,110.05142824915221
2078,73.49009857581838,58.495088277848964,73.40117891421357,58.72427028694297,17.900216787991553,109.11070092197367,18.52515016104091,110.12691105194627
2079,73.53792358727894,58.502236412486724,73.44867086309932,58.724977205294735,18.507834090379394,109.12157610734528,19.09198240917686,110.15363520232454
2080,73.58718451507768,58.50254931253746,73.49533789661054,58.72108879139602,19.238572442445093,109.1261576904553,19.710104738776028,110.15497552488304
2081,73.63638263964225,58.49510796037001,73.54122886552979,58.71353924105632,20.16656241458524,109.0917496553095,20.70266032690075,110.05188418152098
2082,73.68557454659397,58.48117970254392,73.58767214332416,58.70487120880036,21.06859293973347,109.05012681509605,21.357093413675866,109.97903594673869
2083,73.73486362724233,58.47056642257962,73.63527212823334,58.70761508542912,22.04704205191938,108.98737821094566,21.900456673307563,109.9566705071602
2084,73.78221565857692,58.471724234425395,73.68146557561833,58.72068035006149,22.2212066473824,108.91793949922892,21.805851775105868,109.91857136361882
2085,73.82738941785291,58.48310870961087,73.72583291172906,58.74064823809569,22.509273841241516,108.84965271827056,21.96956062425379,109.9247265276861
2086,73.8708907525798,58.50055353684389,73.76931250374254,58.762510617296385,22.774199428267032,108.79211910910858,22.218009012336754,109.91127627270203
2087,73.91354184694873,58.5280439234006,73.81153570005067,58.78959202159235,22.948376956085234,108.75586357199644,22.45419700869342,109.91038604625335
2088,73.95685917661999,58.565395090471355,73.85497397484822,58.82068886946677,22.73574724145337,108.79110900213995,22.600383312903425,109.90551815025589
2089,73.99947139667893,58.601738014373176,73.89817453338735,58.841383043460574,22.52969050375528,108.80786630662259,22.58609335804668,109.88538539768824
2090,74.04022121572457,58.627102129945065,73.94086543682918,58.85234343492095,22.29876479778388,108.78892924837473,22.56151297004844,109.85515495757095
2091,74.08318267317611,58.642039559196434,73.98599019956323,58.85735478386137,22.325554246189554,108.77419735505042,22.372556028715593,109.8168365500942
2092,74.12720771165853,58.650005467325975,74.03109461096128,58.8611411256789,22.389758830002464,108.7304128374406,22.512698893896555,109.78201492124789
2093,74.17139595898466,58.65107691902811,74.0754278494544,58.860422003218204,22.262737026921556,108.70925022495537,22.47470852023364,109.76745882323884
2094,74.21713524218595,58.64262495818535,74.12034480771868,58.85608119804812,22.128990563667646,108.6494384346495,22.472597399612695,109.71168838176614
2095,74.26338420494031,58.63383089572135,74.1669001473458,58.86165154552991,22.11591660226852,108.6113802062082,22.59715954957466,109.69323893182796
2096,74.30888244103181,58.635905583525336,74.21132884894809,58.876991567840264,22.133291831836033,108.59439684930118,22.607903572367565,109.69179533650552
2097,74.35278074703713,58.650413287295706,74.25285750211884,58.901129923202184,22.10586839820206,108.5829164303085,22.540611227312873,109.68418633359266
2098,74.39386831922091,58.675386377106484,74.29308260697259,58.93132493983372,22.326184093766948,108.5910824669079,22.663560083692662,109.69142922122639
2099,74.43342931530074,58.70814023495828,74.33221489928715,58.96618339007272,22.29519515190202,108.57766841905838,22.702321058236503,109.66285720299771
2100,74.47263064749788,58.75122713141379,74.37129099263815,59.00480617703529,22.41042892522502,108.55015683402604,22.787862580028726,109.63356831937453
2101,74.51422516890726,58.80478683272164,74.41514484100928,59.04655172783123,22.399109339971975,108.55247833894353,22.70728135471588,109.6079426960958
2102,74.55513938584994,58.850227831136166,74.46002787085867,59.07765613485886,22.093974566158,108.57169825608024,22.35776967439623,109.63715715598516
2103,74.59558436361242,58.88627445047713,74.50250626296112,59.100286629480536,21.71724948885972,108.56924667897033,21.889038962863356,109.64350315153914
2104,74.63779162059767,58.91350699870379,74.54498114827098,59.11797050665865,21.415250473348106,108.57809321224185,21.542554419297943,109.65793261843982
2105,74.68019467460662,58.93225379679004,74.58603346297338,59.13096419338688,20.81862897797334,108.57165948779539,21.029655995070073,109.66139666422377
2106,74.72128524495966,58.942480683438355,74.624047349618,59.14019580321683,20.283930568756784,108.58991712543106,20.64745695529765,109.66434166927472
2107,74.75995245002058,58.94470695336224,74.65900625413026,59.14715332823211,19.6964137226364,108.61278112411146,20.319500199612516,109.66685078411635
2108,74.79611865775175,58.94799722281338,74.69582974803573,59.16504640718276,19.04498758032679,108.63748777320575,19.82256258937431,109.66904276054682
2109,74.83001540000915,58.96312883893328,74.73203064883033,59.19364140751493,18.782858861966425,108.66110333199498,19.682868206369584,109.71909411338963
2110,74.86501526407446,58.98956933362297,74.76911963097038,59.230097368071235,18.832097030879712,108.67618736728954,19.817838871539482,109.73017553668625
2111,74.8977500526893,59.02492150702599,74.80416688403795,59.271337302179596,18.953692027315146,108.6755798946024,20.05502660008835,109.72643900341006
2112,74.93192072169509,59.06699929466874,74.84129084670407,59.31266815997729,19.12997366752448,108.67493838432799,20.087241571453426,109.71535279609168
2113,74.97048582350007,59.119078288940045,74.88209468796289,59.35831427572997,19.164334027154396,108.66246420349046,19.94132266110869,109.69001455502541
2114,75.011381056345,59.17979969207326,74.92283388971619,59.40669045566944,19.165673221177435,108.6409149325161,19.75488971544419,109.65721790838083
2115,75.05312029898198,59.23140030234266,74.9652202748299,59.44488978349097,19.430395873254756,108.61027154753221,19.743324061864175,109.6184126220698
2116,75.09499637788686,59.273299088389834,75.00615587470192,59.476162535627374,19.590067586625366,108.5392686066323,19.84289182062415,109.57918164119432
2117,75.13684329622998,59.30771087332747,75.0469934921399,59.50427534123482,19.477847685624138,108.49242967799435,19.788964995028003,109.55275604873111
2118,75.18125293602746,59.33487665977575,75.08859392557257,59.52866360055842,19.10600648485353,108.45823490179961,19.511235003128117,109.53665362290668
2119,75.22369157520212,59.35723505494152,75.12846402187459,59.55005184889296,18.857343269298198,108.44366364720399,19.30387741492103,109.54302718005978
2120,75.26275560895957,59.37304802533787,75.166400969729,59.5702180658008,19.079546024526522,108.44311359963734,19.62614708368896,109.55145748137272
2121,75.29776398240826,59.39096169689187,75.19929878441022,59.601296793913036,19.230616488980758,108.47149769905268,19.714214714038444,109.58610271507219
2122,75.32731437037238,59.420614081462666,75.22781330900166,59.642130596061534,19.220777563920315,108.55389475617154,19.696964798718298,109.67683022969103
2123,75.35251400638707,59.45881715508892,75.25152642467565,59.68745130228496,19.135842558745555,108.64910973012054,19.686859897710736,109.75920164842591
2124,75.36916066810417,59.504613215423475,75.26653037852812,59.73737653916918,19.14736453321701,108.7444793353618,19.680342354179732,109.83032720515368
2125,75.3755554370498,59.55880222594061,75.27313488210626,59.79098540058203,19.327536704947374,108.83725604511973,19.67684140593326,109.88860953478996
2126,75.37409384538664,59.6204736104875,75.27407350527905,59.8463595319558,19.4955147774782,108.915893683173,19.67208772134987,109.93488174435473
2127,75.36700678014881,59.67812524887879,75.27295728576482,59.88798231019067,19.314577970960613,108.98989430306091,19.667158030033125,109.96858412224356
2128,75.35653706551255,59.72083744433675,75.26988589534697,59.915263605725336,19.253493982752325,109.03949216120209,19.66150973534049,109.98920643507736
2129,75.34178006910032,59.74679490045738,75.26368044841684,59.92951482186929,19.251473395218085,109.03905875136343,19.65194902064286,109.99871212653802
2130,75.32658411810242,59.758783700411854,75.25892398442848,59.93412488751819,19.24604484388085,109.02727335344211,19.643244638512993,110.00016262096105
2131,75.31829561859387,59.75843740141333,75.26082667317496,59.93419880473663,19.24017383001834,109.0073883978186,19.63722649617149,109.99520682903467
2132,75.31994449985422,59.74400580540293,75.27087563693424,59.9282077390971,19.239495912640653,108.9821233987428,19.64139881226921,109.9851159171169
2133,75.33016781349934,59.71613088968942,75.28658102367885,59.917332098644884,19.246019806755008,108.95255002350412,19.652858930406126,109.97087829269024
2134,75.34653201832506,59.69376154668551,75.30587731516523,59.91348052684024,19.258479750317722,108.9290135769711,19.669217155422533,109.96445708365069
2135,75.36734946852732,59.67968828234156,75.32537137094451,59.915963520913195,19.275063026159856,108.91404957121907,19.686375806688353,109.96495495514404
2136,75.39034763368909,59.67529194783392,75.34033055040625,59.923838903170434,19.294776316268475,108.90831379102241,19.699509746534613,109.97121410227881
2137,75.40980844615414,59.67865919355692,75.34750850023084,59.93428657192085,19.311667104346252,108.90991535875746,19.704954368994077,109.98039058316333
2138,75.4215907946133,59.68804946033276,75.34820887041955,59.94746280109447,19.328363812814892,108.9194069800995,19.70998371887143,109.99266165545593
2139,75.42626088948504,59.70519851462443,75.34732877534641,59.962821878606825,19.278797039519517,108.93728816669237,19.63022098195839,110.00810771717637
2140,75.42822713951085,59.72668284931868,75.35045278667666,59.97504540780294,19.13560033239187,108.96386148150506,19.44347716916047,110.02642329954008
2141,75.4314240594926,59.74304604731797,75.36145202311224,59.98254303490969,18.97883958826134,109.0037801385992,19.282164606697474,110.06476638285555
2142,75.43763248851809,59.75569676437556,75.37852022813036,59.988924808275364,18.683973336081728,109.05657023854319,18.96374859204422,110.11912089468943
2143,75.44745992561185,59.76116258747806,75.39663095991779,59.98988284557467,18.458272148137194,109.1104158970274,18.805122696324926,110.16998022857103
2144,75.46294355325087,59.7613108734588,75.41423682704004,59.98734577345658,18.316276774461397,109.16667021529332,18.7903370620985,110.21820396519522
2145,75.4876386121306,59.75632610733293,75.43616288778219,59.98295052040576,18.26364659468734,109.21892554265776,18.90448130458451,110.25607897236623
2146,75.52143485722414,59.74551281074019,75.46496661588428,59.97611386317638,18.4007126677912,109.2725677946236,19.177663620818407,110.29388106604229
2147,75.5601079031911,59.73243512075445,75.49868150515792,59.96733988022674,18.76510764387585,109.32142607637259,19.592195462128178,110.3233492173358
2148,75.59911522160795,59.719354913126836,75.53474075841604,59.958011021063584,19.039041565935328,109.35261219964765,19.785955751991743,110.34604354581332
2149,75.64046586400528,59.70546848853132,75.57494650074678,59.94990858592067,19.38107586822762,109.39832668034583,19.84398482338434,110.40811354126217
2150,75.68385668550485,59.7016498088729,75.61454413722905,59.95332342865472,19.833476922044166,109.42295812098116,20.14259247178923,110.43573706470414
2151,75.72895366946062,59.706290161861865,75.65170532730916,59.96459591099895,20.348880498879684,109.4940943223412,20.581627184349827,110.53048152042004
2152,75.77115662163915,59.718331460257716,75.68531991514047,59.98160867157713,20.817251306613905,109.5686641452704,20.99409558318423,110.61043886863756
2153,75.81031966365079,59.73828786350407,75.7190009783852,60.00296375334911,21.759907894899886,109.6165367457712,22.16797566061426,110.64423422916913
2154,75.84544297016103,59.76630013682774,75.75105781886452,60.02805169540417,22.376058976585053,109.63105937234442,22.847118533378143,110.62395755162561
2155,75.88102616421551,59.8017542238686,75.78664262289351,60.05617702458533,23.205558287740104,109.62031293932345,23.5525601336422,110.57161692642353
2156,75.91313708910265,59.843031000273264,75.82131278037684,60.0862871938196,24.40974527353786,109.53297199997793,24.544181805541992,110.46607137725987
2157,75.94638439316722,59.881267027656584,75.8581741139997,60.11593165172785,25.353387949571317,109.43524268421919,25.22355190743586,110.34531049355714
2158,75.98202216077293,59.911241189846116,75.89650760928802,60.13670350602606,26.22095707856062,109.25367798686179,25.862763198172342,110.20350489789902
2159,76.02122567183511,59.93551823367754,75.93607927444845,60.15327162855804,26.982451656483327,109.03505720212655,26.284416928753778,110.0435204483046
2160,76.0616749119643,59.95703138690238,75.97615783584628,60.17035873998137,27.173369499534424,108.86325336055648,26.664513601947515,109.95007988644588
2161,76.10340777583383,59.97234020154999,76.01521034085813,60.183397330649015,27.671451458509665,108.74968887846242,27.141468399149375,109.90963044052312
2162,76.14439242629406,59.98178909148188,76.05534417774012,60.19367928411822,28.207226623694716,108.68632687261636,27.737930027657544,109.91143506736485
2163,76.18642381900122,59.9939174352733,76.09515370551405,60.213296128495934,28.56896102103656,108.68379061656563,28.399703261462143,109.93425611834891
2164,76.22703779736631,60.01106338479438,76.13414930972459,60.24149998189106,29.09599631656079,108.73126617188207,29.045512725841,109.9864674586186
2165,76.2693201887593,60.03935684088925,76.17633286442148,60.27674600486414,29.573825915769167,108.83745876293887,29.588830807216688,110.06363387573501
2166,76.31115103540678,60.075058549005185,76.21873918103269,60.31549412726695,30.058760488157372,108.96625606161156,29.94900584689547,110.11446565321503
2167,76.35691058554227,60.11681595663367,76.26628863901227,60.35853836691066,30.714301114307347,109.04511320203018,30.513473260880456,110.1171447620781
2168,76.40659235743867,60.167420245432396,76.31675893696045,60.40465376646517,31.142602633958347,109.09484634859069,30.819084259768314,110.1126302276632
2169,76.45730631830985,60.22616549580718,76.36758832073352,60.452929786894494,31.614482803783062,109.10229511896993,31.340895833687103,110.08427644204842
2170,76.51027218005615,60.281680899408585,76.41910694724547,60.49842009935758,31.887973372582643,109.07614270847776,31.665203582385008,110.0359291098473
2171,76.56632053888032,60.33281849210987,76.47194193520772,60.54130706044839,31.572301663879436,109.0005970024084,31.21880708248188,109.96226481385828
2172,76.62247876556,60.38001186345769,76.52464310887949,60.582200413412366,31.13343237967064,108.88849742059602,30.706307463804485,109.8863221346068
2173,76.67518945136915,60.42354980306666,76.57174867767696,60.62132817348808,30.830728488729765,108.7708719063099,30.423945939556155,109.80855674874535
2174,76.72516090146155,60.46361745033664,76.61868153049657,60.659320774638296,30.425237844166006,108.68065064129536,30.325061552760644,109.74603827394584
2175,76.76934574240062,60.50019170675639,76.66036176998858,60.69632906415535,30.298403140841096,108.58778496897554,30.489832046330903,109.68576000107518
2176,76.81100748785647,60.53319942381302,76.70080553540639,60.732483289444744,29.88232669065741,108.50538971642216,30.494419147542864,109.62738239063877
2177,76.8501567704351,60.5662052956124,76.74044193715889,60.768235407242884,29.575326637222897,108.44237766791858,30.559228280925556,109.58230731559807
2178,76.8881976560906,60.60107156340442,76.78226549715455,60.80597150975847,29.99968853650616,108.41087591994533,30.92817825055596,109.55527114067489
2179,76.9251819729919,60.638360046351444,76.82470642782306,60.84617139740575,30.500659959950294,108.39283914142389,31.176572128638675,109.53546552871431
2180,76.96761220254704,60.678444863886476,76.87117444312547,60.88859894081469,30.78346712606395,108.37466764296771,31.19598296944629,109.5024494946958
2181,77.01232517326754,60.72123049167074,76.92085300314481,60.93306598189839,30.940239811022515,108.32881648873807,31.162222713217673,109.43691774370826
2182,77.06356452331097,60.767118950242086,76.97373115013006,60.97947194411189,31.36481108788915,108.29132518438321,31.753831871865717,109.38600074080959
2183,77.11772139604813,60.81610105022728,77.02737551880814,61.027619640065915,31.67342706139372,108.24904721937081,31.938039591889723,109.3283055558071
2184,77.17308549812752,60.86826987165526,77.07917675651355,61.07735095893018,32.02396726576905,108.23700131109456,32.20532980040735,109.32622322285543
2185,77.22866737178917,60.921762091408795,77.13101239803373,61.1280987984209,32.12657521975335,108.2319636921947,32.38906577557458,109.34338441523715
2186,77.28582235404181,60.97521081353898,77.18386559898475,61.178836586308925,32.21101095119737,108.28279119468347,32.46458810847223,109.43704679116156
2187,77.3414006156086,61.02890874075428,77.23645514205849,61.23004283545872,32.410939457983154,108.408187383789,32.50774443691876,109.59930239509558
2188,77.39454730567601,61.08242732825147,77.2875329266536,61.281188879095126,32.733922234240694,108.61238275297103,32.664237312859804,109.80005747355993
2189,77.44365205277803,61.135603930007065,77.33564193890096,61.33226216711065,32.53394506484217,108.85535229453373,32.67328577416128,110.01683261574081
2190,77.49241161803806,61.18869580483577,77.38505087405544,61.384049585621185,32.75691408228883,109.11245973718542,32.98574390027327,110.19201890684397
2191,77.54214710130499,61.24077019909939,77.43501607442793,61.435470565993974,32.61632345418673,109.37525120601534,32.84710800784048,110.38524786369965
2192,77.59239349313995,61.2934512128796,77.48592352404629,61.48824648487485,32.1134087889124,109.64967078566679,32.19835466968887,110.57469131830413
2193,77.64095041101373,61.34745439218082,77.53575167941368,61.54253880247865,31.592333432521265,109.87822528552029,31.58275397514667,110.74199579539126
2194,77.68950613436175,61.40164590388938,77.5861307166687,61.59705798835833,30.81098202698661,110.05829236976507,30.708798731428576,110.89593432733483
2195,77.73912670924895,61.45763074331818,77.63672425118602,61.6531560496345,30.009520005779166,110.20652573897362,30.10434194668785,111.04483021641039
2196,77.78941379568202,61.51501951757393,77.68554993240446,61.71034412949551,29.075383524993615,110.3319855744332,29.31605786896086,111.1887240554433
2197,77.83994906103071,61.57374751708717,77.73548772409046,61.76847493014643,27.931845090602142,110.47758685040637,28.701222239954255,111.33257019259491
2198,77.88731270524046,61.6334674842037,77.78173535503842,61.826682726037085,27.05133254432097,110.60247845554636,28.18652739058776,111.47275077031905
2199,77.93396757293706,61.69373943973021,77.82863644982613,61.88561970314381,26.647633793366197,110.72254783402555,27.904577220080238,111.61284966638921
2200,77.98029660825021,61.75400940889166,77.87480335599219,61.94483808641721,26.23920290639497,110.8458773408451,27.575794069230284,111.74524267632539
2201,78.02654080559303,61.814453305225584,77.92213462072766,62.003541622874025,25.803491186268648,110.95630205692731,26.893099694048857,111.85318532751592
2202,78.07193382897765,61.874178919587855,77.96899730858901,62.061869597673365,25.135526212724912,111.07536649344657,26.117703549921668,111.97708292321745
2203,78.11706563492608,61.93304300292896,78.01470031394798,62.11989712314672,24.438702276362413,111.21918583088573,25.148928268149174,112.13630572720382
2204,78.1604170658544,61.99146283634643,78.05936452862477,62.17774207632552,23.8176835471962,111.38779529359631,24.499783591888477,112.32629856526823
2205,78.20752073556831,62.04930945598389,78.1068464166026,62.235164170133885,23.359820393077026,111.52201924071193,24.183261967587363,112.45586053643558
2206,78.25299242729123,62.10695588959678,78.15232973501429,62.29304130136302,22.759349636543508,111.63719108671991,23.862404135123395,112.56042492706935
2207,78.2999350026454,62.16434432306225,78.19951324220312,62.35116380865602,22.24156739267881,111.7332166815161,23.616133989757817,112.63785468998779
2208,78.34591354164296,62.22426608864596,78.24626971026025,62.41249206683586,22.436066947405713,111.83984709751377,23.997593141746144,112.71659882770572
2209,78.39357824218642,62.28654371458597,78.29500619517135,62.47618316078455,22.746595829665285,111.92004906724122,24.2359937787462,112.7800514142053
2210,78.44150996207279,62.35151778274453,78.34250395109913,62.542176718061256,23.407019766129263,111.94092079698196,24.565739084593048,112.80785021100473
2211,78.48949542621125,62.4183272035767,78.38883428176256,62.60916487693683,24.109928376859067,111.90179621928564,25.02029713926568,112.8083251392639
2212,78.53556920018953,62.487767459766026,78.43503032094625,62.67764330687371,24.791162456459023,111.87289404497564,25.55243046792058,112.80134734865625
2213,78.58247710096393,62.559269695415644,78.4804679070697,62.74702927523514,25.512738072168105,111.8440214210366,25.96897138009352,112.79616542961672
2214,78.62787698788239,62.632958282642164,78.52556789764341,62.81745356480917,26.348011464782825,111.82498086601474,26.467440629986815,112.80004314404435
2215,78.67307320089172,62.70511430145739,78.5704346592294,62.886600572883644,26.948610346024438,111.78875549950035,27.119805508661848,112.79576942780156
2216,78.7191395165093,62.77540088607673,78.61888349400056,62.953957078109745,27.6594906793618,111.74709136556146,27.729723615117862,112.78503550556994
2217,78.76724376488964,62.84311504239852,78.66880668226275,63.01900386449296,28.202731489327487,111.71666235319505,28.120536126417605,112.76912658743223
2218,78.81384526702162,62.9093591614952,78.71532106257547,63.08366938115577,28.366145790869798,111.69836957714651,28.095128407882218,112.75173002748582
2219,78.86087966664579,62.97283514486665,78.76206537195506,63.1461169012337,28.564135827310654,111.67965458134978,28.289735508527766,112.72988584493362
2220,78.90884601681869,63.03338390296767,78.8092120821763,63.206552539030106,28.91448659012556,111.65491662032579,28.649456416434916,112.70440995701179
2221,78.95657958563945,63.09086872332687,78.85525468343869,63.26533601072542,29.17267159735773,111.62340995934473,28.97192573239471,112.6825082344072
2222,79.00426982016641,63.14661807867155,78.90093489583764,63.322916584446176,29.135079253126356,111.59383840714672,29.070188362364068,112.66031752084261
2223,79.05000561571791,63.20099399259024,78.94736999179707,63.37920764888142,29.00035059379785,111.56614894315797,29.10187656978998,112.63787809313172
2224,79.0950957965127,63.25286905040323,78.99476259470008,63.431880932286106,29.121124834455017,111.5418390847053,29.38792618752244,112.61734972379361
2225,79.14392421242812,63.302143019783664,79.04455785566084,63.483101404321886,29.53374071929281,111.49052952110678,29.687201241595158,112.55842297315344
2226,79.19571314936817,63.34926480018671,79.09798756860741,63.53166554052408,29.70975486277657,111.42599808853302,29.810137882237836,112.48487981080184
2227,79.24978148018117,63.39472810081718,79.15337521865492,63.57833703582442,29.639387392852115,111.38137691517159,29.766224327114028,112.44614670840555
2228,79.30214894743814,63.43894279565343,79.20390467320343,63.62465859535079,29.4119674984958,111.33625019587961,29.546806674908904,112.41272482094996
2229,79.35397192234392,63.48487463602164,79.2524578048781,63.674731281293276,29.319259626401255,111.30900522054098,29.400254922504143,112.40633020411268
2230,79.4050234272865,63.53124083119525,79.30012107913622,63.72563436907541,29.3163948120938,111.34735527438083,29.361824936066856,112.48835600308523
2231,79.45605158674952,63.58152875290573,79.34840322159835,63.779426015530866,29.029239488777776,111.37586803370824,29.193981850580897,112.5376549439942
2232,79.50604783043357,63.63216049282485,79.39754805815032,63.83210113767404,28.587011693882268,111.42739037456039,28.913073380989626,112.56674494818182
2233,79.55257144166855,63.68342435132617,79.44560935325211,63.88272155533082,28.25493006103878,111.52726225830145,28.725951229569983,112.63127812154733
2234,79.59590346460966,63.735439898186854,79.49198489452148,63.9318892848003,27.81081876612268,111.65103262163537,28.27705259033438,112.7367450471891
2235,79.64167690401436,63.788035592366086,79.53887559145232,63.98113527057484,27.58480860116375,111.77816230541887,28.039111389057922,112.82317378471237
2236,79.6885643668862,63.83784227307689,79.58605890919735,64.02962165691523,27.48620245873561,111.88333669962297,28.056261472577948,112.88183376677314
2237,79.73519869296038,63.88726091163851,79.63229980872082,64.0787433553413,27.503739208302513,111.92383453419983,28.3112413866249,112.92545627733594
2238,79.78256446014713,63.93291275302021,79.6804562191399,64.12581638294552,27.524921365416727,111.95897215793305,28.383312465380218,112.93655538246084
2239,79.82813268004732,63.978410681039904,79.72696680572098,64.17289150808878,27.748277996101546,112.00302890958937,28.57730156577115,112.9475309085114
2240,79.87276446901299,64.02483368237115,79.77157401431225,64.22029191742348,28.04189356549795,112.01531034365985,28.868220177776653,112.95306377902413
2241,79.91788110777745,64.07165279325234,79.81596498854897,64.2675414462289,28.372054938782767,111.98670686858372,28.85282486867058,112.95422264652991
2242,79.963234759905,64.11813794839931,79.86156271299157,64.3147459598873,28.639793441234243,111.94804048123054,28.87465379071961,112.94303240235826
2243,80.0088595954882,64.16461117007906,79.90804417340249,64.36153402373242,28.759204575883093,111.96208922329336,28.891944525025842,112.99733977886504
2244,80.0547609081053,64.21031127137917,79.95422099444013,64.40832248886764,28.790185266352985,112.01871854553855,29.02289632200144,113.09705782207098
2245,80.10062809747077,64.25747917503334,80.00220047532741,64.45549641992436,28.821837719188004,112.15919472551417,28.996795811832307,113.27035005310515
2246,80.14704595468278,64.30455165230023,80.04934833956604,64.5025370939055,28.698845622946436,112.34299565964437,28.895960746570736,113.47189242497214
2247,80.19540828862905,64.3521580630801,80.0971457706025,64.5506096733123,28.38902384875853,112.5463598421256,28.688559795493788,113.6574515176082
2248,80.24431625124484,64.40060706070375,80.14489453318666,64.5996240299023,28.117445868774784,112.85652089703792,28.32878278632734,113.9520194201583
2249,80.29292682588316,64.44963557864091,80.19274195794615,64.64903252200641,27.812976323967856,113.24650499678962,28.029184690310075,114.28709797830338
2250,80.34021428391728,64.49963742439033,80.23922030631918,64.69899557118728,27.341055118369894,113.65676868580746,27.554528872470886,114.64730383657796
2251,80.38560585192656,64.5503892051268,80.28289679196077,64.7495317768485,26.89521688504587,114.00407485391048,27.329246746025916,114.90371411901651
2252,80.43114556837656,64.6016715266382,80.32874389977346,64.80010838907641,26.337630807514117,114.29888934006001,26.86139537266076,115.12786100015144
2253,80.47602140877532,64.6498210292271,80.3733622609653,64.84558862298131,25.875201037168644,114.54001274505914,26.54039599235743,115.29527056329295
2254,80.52048070663395,64.69385071332356,80.4186214890734,64.88671032072165,25.506820816290347,114.78020814937871,26.288508343555986,115.45239205255633
2255,80.5628623126811,64.7347851184351,80.46141865418264,64.92582080032354,25.291392820584488,114.92222080128126,26.107127270016598,115.58681578916334
2256,80.60502377091422,64.77435277549611,80.5049487943972,64.96534338443325,24.864213270824123,115.01690690313096,25.654093045623043,115.72718710066435
2257,80.64799148459491,64.81301490518806,80.54918683733459,65.00621946927089,24.654264823227724,115.06529090666261,25.360097298123055,115.86743258545698
2258,80.69373892096979,64.84984264514588,80.5949620860563,65.04689974809547,24.576181667269555,115.15087268830786,25.463907633280936,115.999638173477
2259,80.73516445366695,64.88436585367894,80.63639915209075,65.0863360744934,24.69605480645183,115.23940750954225,25.536949418254174,116.12852245766643
2260,80.7766920806831,64.9191581784747,80.67762447123148,65.12327582355788,24.679699636069895,115.33734298780676,25.45789164951266,116.2328947710353
2261,80.81770924919863,64.95638854796529,80.71938422617752,65.16091813874932,24.59188858270717,115.44014962351923,25.299730300435634,116.34619545089821
2262,80.86131448529402,64.99421273597008,80.76297171746779,65.19804627200888,24.549813454612185,115.55155870900697,25.257224589768175,116.45755379477326
2263,80.90266328272622,65.02737228349328,80.80414651922882,65.22960481534251,24.740419607948926,115.64421905755168,25.242077755897608,116.55362618761025
2264,80.94259976121761,65.05654868992376,80.84436031125186,65.25840020947422,24.82448822628386,115.71848865695507,25.14727240692132,116.6323726513021
2265,80.98311782812247,65.08140374336898,80.88791669880419,65.28351852393926,24.619501816818246,115.81402495985785,25.006737135792505,116.74558061639972
2266,81.02934318017125,65.10290695185107,80.93553696647704,65.30578695281962,24.58774426948055,115.88825116689137,25.12672952822055,116.8293497284857
2267,81.07639038618838,65.12198001206468,80.98294166834866,65.32562314703692,24.725548148067787,115.9724689295566,25.322469310293616,116.91176188919968
2268,81.12375700076032,65.13657631738047,81.02986963777224,65.34323080916121,24.95924034565435,116.05076608398797,25.517781714513603,116.99882341997305
2269,81.16888089177773,65.14735623130038,81.07439285736368,65.35886564477964,25.31933118759383,116.11186364943785,25.935863406840607,117.06482659150716
2270,81.21368222703165,65.15777122795103,81.11618989439967,65.37296422653752,25.848652427643966,116.16561448801713,26.526063746091513,117.11509519632494
2271,81.25568140795896,65.16696263723021,81.1526566422014,65.38585920805707,26.4580975546499,116.21674072720106,27.027866793806464,117.15286672183277
2272,81.29373653896884,65.18340243976485,81.18778567208165,65.40849596471773,27.244674177049703,116.23970933771494,27.611266617338774,117.19414324551884
2273,81.32583513035446,65.20646924079486,81.22042453978487,65.43807762928991,27.94921366405212,116.26014230897098,28.198424739326196,117.21683931793046
2274,81.35633586245412,65.23535995557634,81.25369367780573,65.47194321819889,28.5087955441985,116.26767167727888,28.562413229713496,117.23263271997308
2275,81.38587770186496,65.26991562119645,81.28770170889113,65.50864651949487,29.090878391739697,116.2975831615543,28.925251503873618,117.29704848488862
2276,81.4152508421752,65.30937595126484,81.32175978608493,65.54642329919177,29.095992747856556,116.35554654972209,28.66864184169338,117.38451425290873
2277,81.44520996648549,65.35359515983545,81.35605458131336,65.58493539702233,28.850805528821418,116.43950729160107,28.369213805310284,117.48841320877739
2278,81.47907672716676,65.40226409796442,81.39189613077933,65.62343030021967,28.590867615188117,116.54539699664242,28.138826345253083,117.59956707228886
2279,81.51361010684771,65.44709119891122,81.42747559306827,65.66129692254994,27.9346519754325,116.66845677456865,27.579445244570376,117.72378963398928
2280,81.5478155207279,65.4887012068941,81.46018292556182,65.698681000751,27.21404589300879,116.82373469165557,27.16599331744819,117.85803201252058
2281,81.58301087089498,65.52818600022113,81.4947031415393,65.73563522848974,26.680571522362243,117.0054367713004,26.987933640049945,118.00004860823532
2282,81.61967163674615,65.5659869468795,81.53188156313534,65.77256997369084,26.089890553695636,117.17550956205184,26.84164780873186,118.14898593901918
2283,81.65612997314715,65.60289305241758,81.56817523998272,65.80926068881607,25.766318625548834,117.34948639220981,26.54869468288158,118.30973534063865
2284,81.69347685178782,65.63901492402466,81.60553680319381,65.84584455813425,25.56347784852319,117.52027631350325,26.38891575936896,118.4679035339349
2285,81.73023111087507,65.67563385726142,81.6428318413539,65.8833085581363,25.3020047249795,117.6962492342765,26.189319965020474,118.62920294021559
2286,81.76761963466205,65.71750274987224,81.68061191626951,65.92786099847966,25.37405276466179,117.82481771910376,26.120207581715544,118.72765434797836
2287,81.80902970848972,65.76428375208478,81.72069932146206,65.97745627495259,25.468476821804973,117.97240746738154,26.130866662031455,118.86787656456364
2288,81.84928905865289,65.81575619308956,81.75952120712986,66.03075862381193,25.488184074171812,118.08566088179873,26.187190235776576,118.96665377965432
2289,81.88713920073056,65.87200923324568,81.79664510986068,66.08734682717046,25.61879158181144,118.11614940057886,26.384237287194257,118.96461431763532
2290,81.9260540673246,65.93327778376862,81.83441808389489,66.14678431255089,25.9689903669814,118.10636784897237,26.67259995687136,118.9485113991908
2291,81.96500695789658,65.9989634092941,81.87306474643657,66.20782580244295,26.325690006217553,118.06517278851142,26.98749300552031,118.92121720360551
2292,82.00376672020879,66.06491848546506,81.91118232821417,66.26537284892488,26.795059871333887,117.96673161578529,27.3266500559798,118.85371973129037
2293,82.04408792591393,66.12705460197716,81.95171099852563,66.32045924128532,27.117058788068523,117.88814523434797,27.480671254638782,118.79726696913735
2294,82.08370001693389,66.1855778599788,81.99304464700818,66.37347332237849,27.367704905948774,117.74201437850951,27.56995395187971,118.71914394820709
2295,82.12481506400104,66.24078580045243,82.03493556374796,66.42482955445783,27.503097382313747,117.62404363629716,27.52781278524344,118.68255684229895
2296,82.16417840794584,66.29258726274348,82.07202768892003,66.47505962713763,27.39124709756321,117.5710181548568,27.299861115236695,118.6633665513733
2297,82.19812170409035,66.34470625172699,82.10218338456515,66.52982002838021,27.175018669066905,117.55402233726079,27.101464709959128,118.68378367855854
2298,82.22591418669816,66.39694981687265,82.12618540157037,66.58738916774533,26.88853786853993,117.56143135337672,26.929057637154276,118.71984657343073
2299,82.2469720243041,66.45268895916753,82.14329949204628,66.64726511373856,26.53690976450039,117.60930619670282,26.78888219419317,118.75938840189298
2300,82.25579367155203,66.51181106051006,82.14979387240295,66.70881722227762,26.262724778069565,117.66346432596153,26.66612697719771,118.79765348986544
2301,82.25302908532937,66.57449485800215,82.14767394884743,66.77193207025434,26.006386164524585,117.74418051606486,26.55951141119196,118.83236256427607
2302,82.23717122291461,66.63821138246621,82.13645825267069,66.83288024505408,25.824565494253754,117.80591444725171,26.4645437052692,118.85961036136
2303,82.20979230426421,66.70055398340074,82.11480107308067,66.88861977407771,25.7715916238326,117.85702924324359,26.37580325113494,118.87663296493717
2304,82.17237001012569,66.74769933501818,82.0840364261056,66.92664373562141,25.720906924743925,117.87780002833138,26.291240528680184,118.88345539374913
2305,82.12595963139385,66.77914548955872,82.04669109884145,66.94888039609413,25.672056046440392,117.87861902059191,26.2124644461371,118.88073361752313
2306,82.07295310506225,66.79529469292322,82.00537662932365,66.95905223460578,25.616385331575373,117.8662861118341,26.137776277764562,118.87077356135454
2307,82.01744236848639,66.79763249809282,81.96186860411194,66.96156875901568,25.560642444127293,117.84503312125418,26.067151842268796,118.85709499294744
2308,81.96055108733081,66.78541583509424,81.91768256998002,66.95697030929887,25.503860169680515,117.81842464077377,26.000926143000846,118.84262987407965
2309,81.90463649209087,66.76093246160234,81.87416842445629,66.9466859018745,25.448262945892523,117.78728900185706,25.93974913137568,118.82425530932241
2310,81.85424488532036,66.73045647779061,81.83438285730847,66.93696792194478,25.398604336445956,117.75839391917442,25.886415138707854,118.80787088930792
2311,81.81383650632304,66.70506976142681,81.80316151163728,66.92974779169765,25.358949200777285,117.73449788056115,25.844293808700773,118.79498691828323
2312,81.7857966457602,66.6837148200778,81.78274216409396,66.92146405253897,25.330503571638673,117.71450340319893,25.81509656666228,118.78196766042997
2313,81.77043362163135,66.66669051488155,81.77260309080535,66.91332875234107,25.314415940090566,117.69885860826875,25.797152502644643,118.76983896854242
2314,81.7658593409399,66.65771719739918,81.76935582655875,66.9124216272417,25.309382387190034,117.69106791123733,25.787781932031,118.76547393007596
2315,81.76846532549823,66.65610692227744,81.76732666560879,66.91539853881618,25.311672230643545,117.68869689954197,25.780643087893985,118.76601446425806
2316,81.77244884430384,66.66251875516292,81.75946656657683,66.92240537163495,25.29721763473487,117.69441997954684,25.743293345266512,118.77097615032105
2317,81.77592547270994,66.6733059346606,81.74745476467041,66.93263614144915,25.201357924893912,117.70459336508519,25.595000620911385,118.77947475788874
2318,81.77931881390595,66.68025355974129,81.73840920267122,66.93602648317827,25.089818798493155,117.71836213156062,25.454955358309903,118.79156548440262
2319,81.78486343150249,66.68571659459916,81.73867633756412,66.93409341619099,24.996396832281626,117.71943659694071,25.373110752994805,118.78067568659519
2320,81.79332957783554,66.68970008983663,81.74921679412795,66.92901205771517,24.96311563479457,117.71367175317454,25.39700358131185,118.7607283480678
2321,81.80157205120382,66.6876518779815,81.76218903715392,66.92210528905893,25.018932429240625,117.69608612929413,25.545684015804273,118.73355472460477
2322,81.81111832865453,66.68146225077786,81.77495907509066,66.91447813844356,25.13195391982951,117.63427949807574,25.74511307534045,118.65393783469969
2323,81.82602093993572,66.66944533554197,81.78644343930105,66.90483889296169,25.350164147533267,117.56857965328497,26.020313526279775,118.58931855323269
2324,81.84559754413927,66.6520903161432,81.7964565218024,66.8942748290039,25.600070997248995,117.49718433009501,26.16655464052407,118.5341741877591
2325,81.86643860850708,66.63663633506143,81.80675447702232,66.88371682062686,25.85836008489677,117.43194950592459,26.27321707211141,118.50406750964467
2326,81.88795097911296,66.62797260519882,81.82338989065894,66.8801736822525,26.046304055837044,117.37866078210857,26.289691552980262,118.476392085785
2327,81.90869541389961,66.62537481375398,81.8460343383024,66.8822441769384,26.198053639866316,117.3175199656703,26.3425501416796,118.4317275939261
2328,81.93363277353174,66.6270226297359,81.87458586545476,66.88698889998928,26.231619189899543,117.2946266324854,26.349243493666005,118.43827226819333
2329,81.96461245732402,66.63334285335664,81.90828025700692,66.89522836108576,26.070119225557807,117.32525022395842,26.161913621447255,118.46053820705157
2330,82.00143172448382,66.64537868668482,81.94466435795123,66.90627845849453,25.843650848080213,117.34053552213126,26.03694323393474,118.45592556591603
2331,82.04334702788844,66.66167640888048,81.9817108937243,66.91821879212888,25.69784363985476,117.35714211744926,25.97604240730768,118.45060433439559
2332,82.08654568524331,66.67666162906515,82.01545330378833,66.92384851001384,25.700124577709364,117.32539004382494,26.12404232653352,118.39272566531612
2333,82.12680860637484,66.68581783146409,82.0466514873357,66.92511255530316,25.783324699539595,117.31049203278572,26.286791692487704,118.3665660249794
2334,82.16295507038676,66.69011709608046,82.0752493215418,66.92421498198112,25.639149705668228,117.31060009390036,26.138410597346144,118.34401251001361
2335,82.19539310121297,66.68989654124329,82.10338904229747,66.92026115209251,25.929334666032336,117.27938078382498,26.59216859159333,118.32436356395915
2336,82.22612994747084,66.6841702935779,82.13435905907934,66.91384238101456,26.277070892447117,117.24871200721594,26.842359056589693,118.32658579429433
2337,82.25699796807594,66.67392234809645,82.16876557759177,66.90681583771018,26.853100433618724,117.2589106862242,27.387998868291117,118.3630233623805
2338,82.29223195015092,66.66413884924292,82.21028967823135,66.90494189027156,27.632692480759715,117.28624699043763,28.148264249571966,118.41455517623085
2339,82.3311371481536,66.65789944941774,82.25277147660297,66.9044997493961,28.16058860489755,117.34285540199366,28.600487626279115,118.44308496968394
2340,82.3719042440554,66.65967261883203,82.29366957484037,66.9120898648136,29.073889373162327,117.38138795150473,29.54822190668176,118.46098340545448
2341,82.41708573822615,66.66772925099332,82.33600175492046,66.92507482944426,30.50971900497655,117.40193861241033,30.753547389655765,118.44813677056206
2342,82.46524337467483,66.682135902376,82.37946478614523,66.94112077758045,31.41104596689316,117.44986531742103,31.547056874467877,118.47475621081408
2343,82.51535878226996,66.70207032160081,82.42534160630679,66.95845992177883,32.50136886382392,117.46808122754705,32.33289376769545,118.47239138397188
2344,82.5646681418474,66.72685441584382,82.47052416314301,66.97715004249093,33.281658072190346,117.4523941905741,32.87139382422189,118.45772961608124
2345,82.61118433880465,66.7519319422844,82.51688593215769,66.99637271891515,33.92208233258846,117.40406632122658,33.4326873314696,118.42252734786007
2346,82.65654018216954,66.77980512478022,82.56142988539666,67.01660667109188,34.683325724018296,117.34764591809459,33.891265463436206,118.37051135089264
2347,82.70060323917382,66.80498645316989,82.60259375297863,67.03714908098853,34.94368657970935,117.31657328461398,34.15059080474085,118.35929872624207
2348,82.74402663859343,66.82853897603289,82.64376545087575,67.05803873498985,34.93557192656938,117.29571943086458,34.4199221729829,118.33762228850165
2349,82.78703522985423,66.85012639678405,82.68589779475258,67.07771474001756,34.82069909165585,117.28325718016754,34.319810890159246,118.36891183138496
2350,82.82672974289112,66.87157432334156,82.72600452983549,67.09771727128853,34.57399640203132,117.30674442893519,34.20750012031573,118.42068267544616
2351,82.86655856459525,66.893062063852,82.7667040207037,67.11859382981645,34.45592187025369,117.33521630710318,34.20405018124009,118.45631121260315
2352,82.90457484940426,66.91467305508114,82.80720214032054,67.13984977962299,34.360848708445644,117.38840356782693,34.36666707652032,118.49583668808701
2353,82.94450046710519,66.93609694990322,82.84946255972405,67.16132835810531,34.24941007365144,117.48565143506467,34.48093293870797,118.56548517144368
2354,82.98835928193702,66.95728521416922,82.89461951555721,67.18268823069475,34.43593569349816,117.5702324517583,34.8843588587334,118.6336897304456
2355,83.03429627119445,66.97890161737926,82.94174684702153,67.20475686934802,34.75093963750599,117.66296335167439,35.44767539639421,118.68707846305462
2356,83.0818407556557,67.0018632796667,82.99088499605209,67.22725646052388,35.07010924414299,117.72888645602225,35.58889975316497,118.74084059772933
2357,83.13388673938329,67.02531394695407,83.0426084260552,67.25005879600857,35.453848753553316,117.77378182770393,35.75918236135339,118.78077524015147
2358,83.18426150132788,67.04844558611796,83.09049274780874,67.27284221560386,35.677544361766664,117.81650972704013,35.75818422624941,118.80416245247156
2359,83.23565946120264,67.07153318593184,83.13826813887745,67.29560698725258,35.808921174497144,117.84268985796665,35.794140808482666,118.81083863158418
2360,83.28479527773732,67.0947279303329,83.1831411143468,67.31842114705218,36.008632431666165,117.83944657418515,35.90263237658377,118.8129452487693
2361,83.33070536576832,67.11827651749131,83.2258175943731,67.34132057046591,36.04345395770147,117.82495461211363,36.070519259981175,118.8113931152465
2362,83.37279256973004,67.14151880681548,83.26568578483702,67.36422875738936,35.55532189744686,117.80896563377611,35.71374795405373,118.80691508522595
2363,83.41161626623158,67.16461089347646,83.30444357855326,67.38718518985706,34.98812590822933,117.76189897365504,35.00799102602391,118.77091598186776
2364,83.44545595379941,67.18820624601871,83.34072548413558,67.41099453372779,33.94014385799685,117.77441511684536,33.82645054859,118.82222418374289
2365,83.47920666259343,67.2171507484901,83.37621314991473,67.44210902450645,32.69635623671407,117.7986061204034,32.47002576513584,118.87112066987355
2366,83.51170123019854,67.25097963908712,83.41237025825939,67.47839755149748,31.493006599419566,117.85620142468615,31.47891008864337,118.94501293151137
2367,83.54449899088274,67.2888123812709,83.44836315389053,67.51762236676838,30.268053850307375,117.92595282641996,30.736471988971157,119.01788617242653
2368,83.57783394775217,67.33144275529291,83.4846194995619,67.56034283202585,28.983172625023048,118.01135419849103,30.13825884981644,119.09489975089538
2369,83.61305919785968,67.37919367400664,83.52195481645198,67.60616476087878,28.173097603297602,118.10518711707779,29.838945161700526,119.16471297290259
2370,83.65018570285868,67.43067701479401,83.56140610080695,67.65280486192148,27.575084948503644,118.23146818724103,29.47229567818219,119.2339859455607
2371,83.68903475272408,67.48041398129396,83.60072165519699,67.69315839662619,27.28005236829845,118.31029938955523,28.984466496073466,119.30310458230956
2372,83.73141404469388,67.52409364047799,83.64362064195578,67.72907129697674,27.136482352101368,118.3932687580775,28.39328623092512,119.37209975033102
2373,83.77562935716746,67.56338311724505,83.6883255972156,67.76312288944781,27.14209839294436,118.49593868013238,28.225116128121556,119.48975206883033
2374,83.81977665544493,67.59832777377095,83.7309468302794,67.7943525574632,27.5271959991818,118.63305911981554,28.672622205791658,119.64564176078113
2375,83.86331420297883,67.62811767266466,83.77155955729464,67.82341614785618,27.927994403547157,118.80169423146872,29.04663452798694,119.83295614677068
2376,83.90857862308027,67.65545510050015,83.81472442280375,67.85470875280954,28.117436267182164,119.00788502406523,29.232473248732443,120.04360800913979
2377,83.9538031907264,67.68198157424685,83.85893215089261,67.88877243484441,28.51918455581975,119.24774889911689,29.54998338904631,120.27297207309464
2378,84.00138874881608,67.711669094419,83.90537844057614,67.92349714400225,29.13417075836426,119.50111515639314,29.908517934562113,120.48920553591114
2379,84.04702948309168,67.74412416599245,83.95124781568659,67.95877792580447,29.964443319269222,119.76610106593995,30.29603047013261,120.6921463777056
2380,84.09076774433497,67.77807636614251,83.99581792859891,67.99453932712318,30.770214938981308,120.01813717595161,30.874984683516324,120.89908917870962
2381,84.1337956888288,67.8117193168148,84.03723587785392,68.02662575116985,30.72760798346561,120.24762912319464,30.7334484683988,121.09462747510833
2382,84.17628524838848,67.84499085293295,84.07589605442872,68.05568516229198,30.67250198065538,120.44204154247538,30.616509169106614,121.26349265655165
2383,84.21445403933353,67.87453065116074,84.111629167135,68.08188084197677,30.758264899292328,120.59293642822583,30.60841997451072,121.39928167759356
2384,84.25147836572204,67.89997147836111,84.14827956676689,68.10611939476044,30.73494754646453,120.6784118148053,30.617906563337378,121.47710732707375
2385,84.28621203339222,67.92243254513991,84.18549702798822,68.12883085283742,30.69522940523077,120.71433988561388,30.707460331174417,121.5029028036605
2386,84.3215908485691,67.94188838520357,84.22489526790241,68.15030122489651,30.72809101297877,120.75161706712797,30.981500678858772,121.5554119955131
2387,84.35646712304916,67.95836284146993,84.26350748797508,68.17080189480451,30.497394713420405,120.77655397477064,31.102153190924806,121.62470756560258
2388,84.39121059333245,67.97461824173652,84.30005676295416,68.1904027637911,30.532232196596635,120.77819250007329,30.96423848253314,121.67737814287122
2389,84.42826424379656,67.99083112639566,84.3380229364599,68.20940343138832,30.734298312294563,120.78267752021294,31.08399423681024,121.73602644114459
2390,84.46867720018652,68.00593522159808,84.3779611245798,68.22603352292973,30.829665227912454,120.79828539358174,31.11606100872409,121.79930927610529
2391,84.51081101848234,68.01966913064386,84.42040941879955,68.24070918623963,31.041388675623992,120.86402652482619,31.320679375954345,121.88928776250185
2392,84.55543659797841,68.03203660380272,84.46571644391003,68.25383461103772,31.156350118748016,120.96433319195027,31.43078220632319,121.9731714633761
2393,84.60009169282539,68.04303764107456,84.51161803215588,68.26571984502627,31.20668753646473,121.03838422256099,31.630585771130043,122.03536147072951
2394,84.64807109491433,68.05280434910256,84.55983177824574,68.27672614252513,31.329005425604866,121.0859923745145,31.79219188740877,122.07494376663401
2395,84.69762845294657,68.06200403321111,84.60654500994157,68.28804203719694,31.604024259452892,121.14174789463033,31.9012350539751,122.11566301042227
2396,84.74562494082551,68.07213025191545,84.65038993367189,68.30167719569883,31.69402514928193,121.18968432518417,31.95952279268274,122.15370274817515
2397,84.79152716692879,68.08424660397091,84.69215202163392,68.31681807584086,32.35602147730976,121.2297615488352,32.74344748769114,122.18956298496693
2398,84.83471708621539,68.09864364614883,84.73229415673487,68.33350864027605,32.93374095237346,121.2356429592911,33.43159025266707,122.20977988062356
2399,84.87548877466355,68.11225435717441,84.77235371056608,68.34713969842367,33.46086029069506,121.21062564812499,33.857360212677875,122.19461595894846
2400,84.91652800399066,68.12435122798155,84.81445691173973,68.35731821293493,33.97877513714471,121.19337135918425,34.29720854368184,122.18841320627969
2401,84.95502865809553,68.13450737416683,84.85577517193668,68.36415052381135,34.672225547793836,121.17739144556383,34.893932370047,122.17491247565378
2402,84.99632979399499,68.14202308899097,84.90114187910942,68.36850674859784,35.209129713284625,121.19704545092571,35.13489719522225,122.22311213796998
2403,85.03826676100087,68.14518918167609,84.9447631215599,68.3704751945096,35.87203907743019,121.22731088072408,35.47398168528481,122.28201977945416
2404,85.08245037776777,68.14513865916781,84.98955716902417,68.37179745426303,36.04086098946437,121.28452238395367,35.79226220719383,122.37232998840577
2405,85.13027507312513,68.14105333678806,85.03728696882253,68.37177185206387,36.15905819215571,121.39948980331717,36.036838091246615,122.51700564773715
2406,85.18152241289876,68.13592655164797,85.08781737194954,68.37065346923919,36.40154764902825,121.52559556969106,36.280068205165676,122.61585303739672
2407,85.23119065276828,68.13124514598385,85.13673884085131,68.36953066258485,36.34301825925458,121.71753286384994,36.155191793069,122.79517108611049
2408,85.28202585028471,68.13470044564819,85.18466333897489,68.37873069419614,36.2335482696427,121.88923549633259,36.22568398039521,122.90068699793248
2409,85.32996013788171,68.14659843176241,85.23137763050862,68.39683096025014,36.69988130196814,121.9650110816037,36.85411629176728,122.90955407710145
2410,85.37790197120715,68.16669098797215,85.27608222175625,68.4212711507184,37.20816088606286,122.03963615317653,37.56152658213203,122.93554366462874
2411,85.42397224690487,68.1941351564013,85.31911628006672,68.45085629271604,37.67156524980654,122.10371392038701,38.11172019336607,122.98467320103475
2412,85.46900676647606,68.22964651815933,85.36404735980908,68.48467266551094,38.44570947174655,122.08279893042018,38.97673506785635,122.97786656093166
2413,85.51318301341772,68.27298517072784,85.41045491099754,68.5216682689115,39.1863911624355,122.10916202420749,39.66693052336588,123.020029343537
2414,85.55637673711102,68.31255386778795,85.45571549420718,68.54573589012779,40.08502282890201,122.08963960090661,40.12199210321955,123.09258609629613
2415,85.59933091418578,68.33920946096427,85.50002856598057,68.55702820102422,40.653511177836236,122.13886807227553,40.19531370463135,123.20760081068852
2416,85.64193901734644,68.35199623614689,85.54328416735369,68.55736049573854,40.80163999249981,122.26985763822407,40.23682194458344,123.33843910887728
2417,85.68456375036763,68.35190496839097,85.58537201073608,68.54962049310585,40.72496530301675,122.4150410845756,40.16188797150714,123.48193627410313
2418,85.72611096541709,68.34035995432484,85.62477555204215,68.5374166678752,40.47748802279806,122.5739719803462,39.846499164601916,123.64432581389659
2419,85.76538553175897,68.31599275485956,85.66346796649944,68.51970954646042,39.97325419548172,122.79336596254244,39.65604507112312,123.81289523424704
2420,85.80190622289176,68.27868011047673,85.70108564907382,68.49752360004875,39.956423855452286,122.99278664359687,40.1879629220537,123.96695773463426
2421,85.83778619816981,68.24113455298455,85.73847217916082,68.47382217160938,40.212148579149265,123.17729454173515,40.89673200117855,124.10858442210255
2422,85.87277857753513,68.21405427161815,85.7752597465116,68.46150724216737,40.53750173007189,123.31912800294165,41.27095316339028,124.21923027434667
2423,85.90822518373423,68.19850995002844,85.81307200751895,68.45918852295344,40.88713328177586,123.45674281521694,41.58670105134577,124.34033623038918
2424,85.94488785498443,68.19433528512883,85.85251956175783,68.46523332730789,41.81159730485088,123.56375319157655,42.53626928301754,124.4332582610616
2425,85.98347851302701,68.19924625349837,85.89241998267646,68.47681132152054,42.85936223324281,123.64535493265168,43.20861551815328,124.51940024812349
2426,86.0240396022916,68.214590999304,85.93441721868788,68.49270734340541,43.77315997349209,123.69707747862755,43.62522661042309,124.58553500796476
2427,86.06868568523335,68.24034234931227,85.98032493965277,68.51206507594584,44.301007092812526,123.771230987724,44.10208185623254,124.68861210639105
2428,86.11713333295981,68.27528042133757,86.02967464301538,68.53430639835999,45.22207813283258,123.8553856899014,45.318009903083286,124.80379186386706
2429,86.16858496956911,68.30185388362929,86.08037566977285,68.54707925639366,46.34897692968037,123.94590792561097,46.38730780734159,124.90246548373236
2430,86.21919197904849,68.31932464026663,86.12809402013153,68.5521554673925,47.424561061818295,124.00115613298951,47.18778922478493,124.96437460373323
2431,86.26959969624994,68.32905246030563,86.17516144247509,68.55324127759782,48.05165781987439,124.1285545452611,47.896478141109206,125.11098671557554
2432,86.32065759795128,68.33404454061882,86.22186272157546,68.55416566882144,48.986631398471935,124.26980082095338,48.803445449682215,125.25901456393055
2433,86.3695974496779,68.33214137672728,86.2664839461063,68.55192486828938,49.37007280624054,124.41757606812725,48.638402956351534,125.38414386253694
2434,86.41750542079929,68.32334296863098,86.31312582254847,68.54715191435274,49.84160436852913,124.5514441485473,48.77407264974574,125.51510274999303
2435,86.45821328708675,68.31473723931042,86.3527114700401,68.55035226798599,49.47214406572303,124.76285257101837,48.5370363504931,125.76046490101659
2436,86.49567861869387,68.3154396314517,86.3912413919034,68.56090103571306,49.27696322120698,124.94316024572076,48.68859038057073,125.92032444833995
2437,86.53437276359847,68.32533441379582,86.43109632239927,68.57706819846804,49.15099082036278,125.1380519255258,48.85200811630101,126.05228977908888
2438,86.57223329935402,68.34266522617386,86.4704856996938,68.59740975947891,48.779483499670036,125.32331049372308,48.708748575228896,126.24040560940219
2439,86.60984180082318,68.36506041507235,86.51083638678051,68.62086953740526,48.161616965143125,125.50761624057279,48.58780173430451,126.42096195028108
2440,86.64977780706873,68.39477552161706,86.55363564438757,68.64690493093998,48.14739208800716,125.70522266048341,48.445526241727634,126.59073498519196
2441,86.68929558351688,68.43199590628919,86.5981807413607,68.67514143701136,47.92719662579527,125.89051294051063,48.31192057708951,126.73961583987156
2442,86.73436628500892,68.46749581703067,86.64376397249985,68.70247176576599,48.034944282307016,125.99341963461478,48.31876188344112,126.88345533500576
2443,86.7814734490477,68.49339804172965,86.69012120511661,68.71894954914683,47.505060211021544,126.13941547991078,47.77105293218276,127.02343327302484
2444,86.82831460680397,68.51061928616932,86.73583055827967,68.72761726407636,46.77690318658355,126.30853070955833,47.10074488858354,127.17166660264813
2445,86.87480858985307,68.51925379247477,86.77933472601858,68.72991260642114,46.054319981238706,126.44593399627544,46.29559959381942,127.32784281177888
2446,86.92067869573235,68.51944045330683,86.82204108899963,68.72714047803386,45.27416511388452,126.58771354128115,45.56725235211219,127.48929949698649
2447,86.96484963122134,68.51116762776773,86.86456421862252,68.72035224946104,44.600976987288924,126.67006135732234,45.08484507112706,127.56108952905271
2448,87.00804756104023,68.49612470874837,86.90717731580725,68.71277722560342,43.83478193329168,126.79643916376409,44.552862361223205,127.69218568876127
2449,87.04883155715387,68.48563655889143,86.94810196829607,68.71790749615505,42.98762262622439,126.92532771266632,44.12529763606826,127.82614648097056
2450,87.08808856459555,68.48729887827363,86.98875854194303,68.73366673415957,42.7729257067747,127.05610069901702,44.11301750526113,127.96135456470736
2451,87.12672821776528,68.50066002732015,87.0287037315534,68.758055102905,42.74943007327068,127.17734113284081,44.14339228642264,128.09135092733737
2452,87.16698203923322,68.52530180026943,87.07015464525801,68.78875749208399,42.993490897079525,127.30306017782087,44.268059587447,128.24024148368895
2453,87.20975426032314,68.56117491357548,87.11440756642041,68.82445583330922,43.48272988068389,127.42450542334419,44.63334224828746,128.38860297292743
2454,87.2538353419274,68.60825683273981,87.16030546747112,68.86413573865882,43.98346643446898,127.61308766992829,45.037786277987635,128.54493170043375
2455,87.29964271554466,68.66293582650808,87.20773860001826,68.90430530108948,44.72909784259684,127.77514014137371,45.559611846879314,128.70560761196992
2456,87.34735363608857,68.70658809004249,87.25523548361419,68.93208726960779,45.50963841818153,127.94883214562549,46.02080324037242,128.87966412801285
2457,87.39633101530221,68.73892700170224,87.30309903925513,68.95032694089518,45.82024006128453,128.1285516923717,46.06487604728619,129.05601206671793
2458,87.44567986441972,68.7614470866435,87.34932987232565,68.9629532988607,45.664789155912715,128.31779744589727,45.487859610756836,129.23225700281208
2459,87.49439193061247,68.77371342730487,87.39485368070596,68.9698498587178,45.521703564346055,128.5022645253839,45.143656826699754,129.41122810091167
2460,87.54050977385585,68.77570348105886,87.43877730269834,68.97215246889061,45.3528841554428,128.63729367441582,45.098181723514394,129.51458943091177
2461,87.58345064163632,68.76831556557481,87.48003941472868,68.97202733587623,45.08963322286871,128.7488101011144,45.04202069630144,129.60226321351678
2462,87.62508865385756,68.76441103844682,87.52172565078915,68.98521042051938,44.50973787628088,128.83842517851244,44.75329846320198,129.6766525944365
2463,87.66512554115396,68.77444444105055,87.56233149968206,69.01077393080642,43.61318746769884,128.8991987474962,44.11899991000069,129.74099948169322
2464,87.70295350236064,68.79801763087794,87.60178902699185,69.04630134365804,43.08756980138011,128.93087075362214,43.807500648380135,129.78956881563647
2465,87.74062194930605,68.83283422050319,87.64107966536785,69.08849668724545,42.912213496727354,128.93850155209878,43.435779575787905,129.8299683789979
2466,87.77739071646234,68.87692274002447,87.67979314818409,69.13207363102185,42.726788695033015,128.92277856718465,43.24198127901888,129.86724833344408
2467,87.81623599598583,68.93322188974578,87.72112698808546,69.18076475884426,42.63210894921225,128.94308687662087,43.4438526981554,129.90784436039775
2468,87.85801538829394,69.00075319586561,87.76446017123904,69.23347730099532,42.624202361089345,128.96985139853217,43.70701492949626,129.95442728709514
2469,87.9019279735769,69.0579865341235,87.81056676255758,69.27440852250022,43.019560157179,129.00694847322956,44.23973852354319,130.01004277172459
2470,87.94785686906022,69.103743449766,87.85759578394766,69.30601627787084,43.84100193236722,129.05144128956417,44.856067720426424,130.0699521937228
2471,87.99725678674722,69.13847456985908,87.90713796604688,69.33107390662965,44.55984666611695,129.1087330261846,45.4035937537726,130.1329300512372
2472,88.04702448710941,69.1632236509643,87.95504072064205,69.35094711727591,45.28815992793944,129.1757062819686,45.73291665046024,130.19844035663328
2473,88.09551366051988,69.1807551182165,87.99897044861927,69.36669281950897,45.670766267670274,129.25213622309343,45.615380693864104,130.2691604405768
2474,88.13955107130626,69.18833924290438,88.03819300025651,69.37913651501148,45.72449105787715,129.31507836292738,45.41849640475695,130.31757654487095
2475,88.17883672137536,69.1953983036088,88.07321496212805,69.40211668454768,45.78583723107685,129.34245909506734,45.37355672782842,130.32067894878108
2476,88.21006742539377,69.21248466636858,88.10134954535896,69.43325929961678,45.60497064759869,129.35544684941766,45.32016821231718,130.3213042307909
2477,88.22977585320398,69.23894412914564,88.11767245058647,69.4700338456998,45.2881460893669,129.36471413846485,45.27462336726533,130.33175897796139
2478,88.23647858376233,69.27284555716402,88.12452761618637,69.50971173637792,44.9276310177097,129.37009824039563,45.2333083910926,130.34986005005135
2479,88.23512539565797,69.31529391764364,88.1270376566929,69.55328276063524,44.643719397843334,129.3697158593645,45.19887748714019,130.3714240614487
2480,88.22904107380671,69.36657851338612,88.12807158826156,69.60023385425616,44.6312418347727,129.3582773348693,45.17067370168416,130.3916707784367
2481,88.21817457056196,69.42507426732267,88.12624521696507,69.6478738889588,44.69046913528256,129.35169176319928,45.14566225507576,130.40637399121772
2482,88.2032536735732,69.47110121183574,88.12280437725194,69.6815470660233,44.66834414768444,129.37565306699452,45.12429225952534,130.4252601680746
2483,88.18993936441832,69.50357701801458,88.12238170525151,69.70234741688542,44.66144790176456,129.39632337959694,45.11105199722361,130.43394191770273
2484,88.18511423331591,69.52299336940747,88.12776791409364,69.71253095014953,44.66078494625726,129.40524920965115,45.106344810770345,130.43437546226633
2485,88.18873846266345,69.53217579242305,88.13766902898698,69.7166156752939,44.667118670464376,129.40440545701097,45.10754997501054,130.43079073809218
2486,88.19865770770733,69.53302088548828,88.15143718771179,69.72006204068069,44.67832851202506,129.3986479949716,45.11392077678208,130.42813971027167
2487,88.2148459889761,69.52220278443022,88.17024911550831,69.71835111524508,44.695022912745344,129.387565528692,45.12617719582759,130.42145855968508
2488,88.23807065399691,69.50109362442966,88.19245066459575,69.71291356427946,44.717913832451224,129.37462844976875,45.14204109058194,130.41213273712165
2489,88.26225438092449,69.48672793148815,88.20963706331638,69.7134314776594,44.740963567743336,129.36014045592398,45.1536921748117,130.40956310223453
2490,88.28101569082997,69.47934513198459,88.218210531575,69.717459221975,44.70984220814827,129.35284564715764,45.0910945278603,130.41111532548544
2491,88.29168425700024,69.47799916129829,88.21929231974168,69.72275324461978,43.682375794464456,129.35275298568692,43.65199775571592,130.416003394207
2492,88.29807189955808,69.48040300060083,88.21985075440992,69.72816197410583,42.6764709154428,129.3580565912395,42.53444731896399,130.4235101254618
2493,88.30435160025776,69.48347752263261,88.2259942095397,69.73360226284956,41.56743933562071,129.370000469514,41.500921066274515,130.43903293698432
2494,88.31119293972675,69.49119153415184,88.23949266873711,69.73998176138193,40.2558072805379,129.37749410161976,40.39761917639143,130.44066051323588
2495,88.31836022297387,69.50269077556213,88.25782228116742,69.74630396089138,38.749522444802516,129.38010083360064,39.252285862443095,130.43113390883036
2496,88.33140571003592,69.51148999927234,88.28019753087335,69.75246534349321,37.3801691319606,129.37106844957717,38.523166978309916,130.4121128733181
2497,88.35155083688826,69.51448836104683,88.30291015443179,69.7529106525511,35.968039771920935,129.3662674667645,37.8064907631001,130.40643469364042
2498,88.37933412443057,69.51391162045586,88.32594680044767,69.75028720801541,35.528417950619975,129.3605798128459,37.214458070027796,130.40426872264064
2499,88.41154610050499,69.50972999025724,88.35027359096478,69.7443361890433,35.17258954746357,129.3418055553452,36.886141933583765,130.38783043210327
2500,88.4445013198824,69.50200536796119,88.37649835347978,69.7357317236006,34.95990395256363,129.31571422786476,36.68327350549063,130.37394620027737
2501,88.47843194716745,69.49069490958186,88.40741083926346,69.72586121239775,35.19025685561772,129.28979413925487,36.864610615473474,130.3523025207135
2502,88.51275856419265,69.47799686001626,88.44017573233637,69.71720762506699,35.65842914786895,129.27256596417172,37.08468070102689,130.336346609853
2503,88.5479966591551,69.47028929800909,88.47539726794334,69.71840105393832,35.65053060905,129.26294557932957,36.778164929776736,130.32282160613244
2504,88.58418383844896,69.47271634869675,88.50973837364539,69.72906090353939,35.71876678637588,129.24809832596722,36.505442413869744,130.3142169520963
2505,88.62140430230481,69.48411220548344,88.54350621547587,69.74716506337305,35.749171235723885,129.23101634591973,36.21618217595575,130.30658573134139
2506,88.65752643618568,69.50467306764342,88.57489949758201,69.77063245855399,35.79724390181635,129.22892894947407,36.15494817148252,130.30676455376076
2507,88.69457856322373,69.53444009806404,88.60808021295823,69.79843272560785,35.436320428551966,129.228955782447,35.59283137702416,130.30912310383772
2508,88.73144958776214,69.57292302304378,88.64422124979812,69.82980548853853,34.95605369329011,129.2246662206405,35.321449259265634,130.2944071120021
2509,88.76875720056837,69.61823362875315,88.68190346954289,69.86381126421333,34.44727267735735,129.22095787613037,35.13783044438357,130.28481406137337
2510,88.80662630900154,69.65701688934142,88.7218449252108,69.89005704411707,34.161659754097776,129.22226938588045,34.8204573496305,130.28342637982007
2511,88.84772407002735,69.68805012635585,88.76440998515025,69.90979468505665,33.89593933439279,129.22475668086048,34.56742846858391,130.28617030488468
2512,88.89011236112412,69.71303754315855,88.8066106083532,69.926752132098,33.932208461559746,129.2278589058829,34.716370010201345,130.28848141847752
2513,88.93599038010473,69.73471732388995,88.8496671593016,69.94469495743144,33.57123031904555,129.2265585430721,34.449489956499626,130.29045066441
2514,88.9808622607588,69.7503094958176,88.89080998543656,69.95955509319677,33.42859919626173,129.22312132960795,34.029254832114596,130.29123298542083
2515,89.02658818062713,69.7603709373561,88.9342823885056,69.97267782493057,33.065520508272265,129.23856989823423,33.56342191696358,130.30177109766427
2516,89.07149164694069,69.7721893717487,88.97679345681269,69.99464335851353,32.503912985726515,129.24647869321362,32.94543713286342,130.30177874363346
2517,89.11513539454795,69.79323926467518,89.01893340841441,70.02423346306973,32.07694067531529,129.2414001308058,32.468303792854456,130.28989132030966
2518,89.15781502813368,69.8236584006454,89.06166327896612,70.05964765042332,31.096993272627355,129.24991021259416,31.315404336659512,130.30325969318054
2519,89.19587436411896,69.86104450786506,89.09767991590422,70.09897540632531,30.011576739686692,129.25556623965986,30.595396111671995,130.31008283395272
2520,89.23334675014902,69.90345789525152,89.13499199321905,70.14187352846876,29.278826545113326,129.27107707779822,30.126146484464723,130.32946089459824
2521,89.27143573370051,69.95351833381275,89.17257364773512,70.18752201684153,28.851180277147655,129.29835815966732,29.968569334684627,130.36067197296737
2522,89.31262391820586,70.01095200551553,89.21732835680226,70.23536378103033,28.651868201921392,129.32867961539299,30.036000760007852,130.39975787572163
2523,89.35528088425721,70.06436604144986,89.26304319164586,70.27972523505028,28.614307871216678,129.37468835115533,30.06973726181251,130.44467767263157
2524,89.40116703306262,70.11425141475749,89.31221623107439,70.32216377488221,28.5618179421614,129.43933217560635,30.092921474833393,130.49468283187954
2525,89.44712581528876,70.16175857313435,89.3604059214343,70.36426517589298,29.076863157775957,129.49783810938104,30.137103840490173,130.54881783224423
2526,89.50002196982071,70.20603135882139,89.41070569677986,70.40461895882531,29.61318879761905,129.50090232522902,30.404330317772402,130.51082544803305
2527,89.55577235079193,70.24871067258753,89.46346898636074,70.44613847267784,30.051073806631177,129.49306415790812,30.58647613806653,130.47909320531502
2528,89.61023993011499,70.29053671987575,89.5117287725986,70.48962685888668,30.45489840917487,129.47425493614148,30.901856623319997,130.45415047974944
2529,89.65953410193501,70.33177818948495,89.55762843180571,70.53470723785603,30.570889961786353,129.4446324660209,30.945223658515122,130.43292184149539
2530,89.70707308553253,70.37556588037435,89.60201766668229,70.58066707012597,30.705789444136258,129.40701854181222,30.98624034341146,130.41871109572386
2531,89.75148711578659,70.42185832932071,89.64550286235435,70.62765287717275,30.713706763049963,129.3595478881473,30.83656861956548,130.40773044010697
2532,89.79561146133442,70.469307762605,89.68869110392444,70.67499084369547,30.665335409876867,129.3044438225996,30.66421695404959,130.40180183658703
2533,89.83770888769948,70.51942798620816,89.73222031706582,70.72330632265374,30.601974479438198,129.34160844671877,30.737554453152757,130.44523521256932
2534,89.87757863509246,70.57067076138365,89.77650807754304,70.77285188811238,30.631893548994757,129.4471390766168,30.894771482839133,130.5744090722552
2535,89.9190432443515,70.6227577135291,89.82018548057327,70.82388896500207,30.37067381561252,129.5215370407155,30.782952217116936,130.63451704307727
2536,89.96072096076688,70.67553124179312,89.86287878199609,70.87613721117505,30.364792515632814,129.63399148036885,30.841887774639616,130.73460016492092
2537,90.00408695760225,70.72929811535434,89.90700046624741,70.92915950799686,30.408894799527427,129.75256662445935,30.965272958497728,130.82604469050685
2538,90.04940539627502,70.78371719211053,89.95279624526535,70.98248437203729,30.627516678701248,129.87700543815023,31.12638692270681,130.907852517025
2539,90.09772141073978,70.83873434529399,90.00227289139464,71.03599904525207,30.80248777574608,130.02584882222087,31.140960893366312,131.01038017770662
2540,90.14707155659343,70.89437215117921,90.05205786521839,71.08987027871606,30.938185841350542,130.17867404903166,31.308708686303547,131.14579269915345
2541,90.19626326449861,70.94954251197191,90.10139879650552,71.14352075605576,30.819652434780384,130.30442249423209,31.18569993670594,131.3111058110283
2542,90.24810058627034,71.00492388791977,90.15251027826844,71.1977813461121,30.68913085864106,130.44804418072616,30.83256290235662,131.42441449574142
2543,90.29868080214695,71.05952578880039,90.1996233404459,71.25176147495064,30.468846923871375,130.58138200696425,30.57293834528911,131.5533225726836
2544,90.34927850753813,71.11366815081405,90.24722890854392,71.30544798252295,30.076030349340535,130.72392490649483,30.20005550680389,131.68053519115148
2545,90.39738866694181,71.16811703941046,90.29220729839236,71.35961256556732,29.5144359635507,130.8889522239882,29.729375184755476,131.82198084668545
2546,90.44273631570374,71.22262539219285,90.33735538753702,71.41408875231086,29.154780237812314,131.01717500813558,29.519316463351842,131.9213449305162
2547,90.48712014167552,71.27716762302802,90.38217910705866,71.46861533475321,28.125838306668356,131.09810216494225,28.569855176172616,131.98760728549348
2548,90.53015058694123,71.33216888454604,90.42590804569717,71.52369000137728,27.45752131408901,131.13400059341873,28.05955765624396,132.03553968745283
2549,90.568762808554,71.38784698585192,90.46604587942679,71.57974806141468,26.998134417273548,131.18564253578978,27.688869683461725,132.0759682162053
2550,90.61121261129563,71.44459054137994,90.5100133247095,71.63692683347404,26.46848008400325,131.2057564887711,27.31561778262032,132.10310194241018
2551,90.6520707346676,71.50263141746136,90.55280828981124,71.6949123025096,26.029209699265884,131.18040692480332,26.97862231482821,132.08506318620138
2552,90.6957657753988,71.56170868491981,90.59765998464704,71.75366039077937,25.256460435486254,131.12871715884938,26.072305647833616,132.07288619582854
2553,90.73970824963139,71.62040192656983,90.64329215782146,71.81156418926436,24.57623630212491,131.06171659913807,25.640850420804213,132.02834233986408
2554,90.78446642384998,71.67902588754974,90.68971903756209,71.86884638839055,24.418029573485374,131.02593415120313,25.245014286838305,132.02299076315902
2555,90.83160192953446,71.73824963754359,90.73771791278133,71.92651069138778,24.138638012772113,130.99016979466387,25.010486506290068,132.01380780729403
2556,90.881386546767,71.79648512058694,90.78527544676957,71.98364755250908,23.800246417034266,130.942861345808,24.77503950301398,131.9924078192415
2557,90.93073669084882,71.85396828787503,90.83450604061574,72.04054625073685,23.538000620229703,130.92833543202553,24.617178785619323,132.01590946582854
2558,90.98069906406765,71.91081049523913,90.88239073007773,72.0974330318377,23.238991737614334,130.93614528363997,24.400825482855694,132.02623572562177
2559,91.02941827782553,71.96869148181506,90.92943144052963,72.15658323391618,23.468312321316272,130.9388755124515,24.332349455892935,132.0296605088967
2560,91.07649917234912,72.02872219537657,90.974644063879,72.2179685104932,23.644408064814957,130.946949398164,24.49566350983469,132.00509673174827
2561,91.1230239910491,72.09061290679398,91.02007414734828,72.28078740726014,23.861611719021887,130.944522196534,24.631151652586983,132.00097377123072
2562,91.16672512113232,72.15516825583359,91.06305771090337,72.34629531654215,24.1129961245611,130.93538519088042,24.872244046304722,131.9834383113558
2563,91.2097746994028,72.222294662992,91.1058520062015,72.41350596541642,24.440959424437438,130.93026228461005,25.124012503642298,131.96097619442781
2564,91.25212961901089,72.29241595373172,91.15023241309792,72.48254685298264,24.63299483863172,130.88189628496863,25.164880860603947,131.92309597104233
2565,91.29315288122693,72.36493463403127,91.19241389277414,72.55254062999249,24.79709878370492,130.82534289687234,25.06777370911196,131.87288516902507
2566,91.33488569469623,72.4384225042518,91.23584734754417,72.62351952909775,24.98881454341678,130.72860932606469,25.13420644239554,131.77153849992624
2567,91.37768661185675,72.5121234715201,91.27981642943891,72.69490252303277,24.933603594596022,130.62211006818353,25.059847073024414,131.64935565086475
2568,91.4236291978097,72.5868601902529,91.32843946163975,72.76684278521034,24.870794928404663,130.52018403835166,24.99420765773663,131.57370697303102
2569,91.47263864969526,72.66087068476153,91.37828635318297,72.83862299909129,24.606875800679457,130.45667495538171,24.794010959464128,131.5530647822117
2570,91.52228578007148,72.73326785013627,91.42760972208379,72.9088279687889,24.272339329657207,130.43328625607757,24.593629061324656,131.5840300495233
2571,91.57146768371294,72.80306374786893,91.47657906976254,72.97664121708908,24.04522375965521,130.4513848261933,24.421680458543666,131.64680219428462
2572,91.62602500855685,72.87086365082119,91.52966662479086,73.04243952691694,23.916220636269244,130.51136817304965,24.293017136968587,131.73596761744656
2573,91.6790423735711,72.92819647666673,91.57987145217854,73.09568836189827,23.70495614549692,130.64225420007597,24.21857450149116,131.84535587968443
2574,91.73025218665374,72.97641235304428,91.62687898057294,73.14038747363459,23.616945001517355,130.8304255849671,24.203879302606644,131.97133245649346
2575,91.77696822825375,73.01740444150195,91.67164504460648,73.18079281158404,23.48407984946651,131.02633505003183,24.122921356671718,132.10594420396416
2576,91.82136634798304,73.05003790436557,91.71485367221885,73.21523525891831,23.659456372000292,131.18458463267322,24.34324839318045,132.20055514753298
2577,91.86469206601554,73.07502927484103,91.75737479946572,73.24499073533367,23.879676888160297,131.2940331758205,24.541119854608315,132.25476423672498
2578,91.90663937296854,73.0947476512321,91.79936420659654,73.27350363117675,24.09434345733036,131.3626781929089,24.679571860581838,132.27978437987673
2579,91.94349998163712,73.12083884416266,91.83932643469258,73.31625505899981,24.521351485597968,131.39446360267738,25.09753125010968,132.28649941364938
2580,91.98087967413667,73.16160374784786,91.87999338258453,73.37182764056918,24.894683076420815,131.4278469746033,25.386033279770384,132.3324907858058
2581,92.01754230665563,73.21523465702471,91.9182533335717,73.43631345705629,25.362086643354733,131.41449453378206,25.792485282252006,132.34212557118926
2582,92.05501602641216,73.27748788354073,91.95725475548802,73.5046783301261,25.8771270212932,131.35734907365017,26.11295579058352,132.32312887269362
2583,92.0929482895285,73.3519390977563,91.9965692139701,73.57875324538219,26.14595569393499,131.28717845513154,26.312705229555107,132.27592534949355
2584,92.13177056415981,73.43987179833704,92.03686009965814,73.6585465533438,26.337332730191022,131.21288127803214,26.38286390393333,132.21105155956553
2585,92.1722955715063,73.52628105370482,92.0796947070171,73.72534661056334,26.519711062199683,131.13290930430085,26.408231896209813,132.13277417347354
2586,92.21365977856355,73.59918146035281,92.12148418912933,73.77982030507003,26.47864589493125,131.04303540708577,26.422413888974177,132.04294575158326
2587,92.25290799676829,73.65737294846424,92.16086814310226,73.82448775800889,26.51839449670813,130.90284199108976,26.502521261002975,131.94121464616674
2588,92.29216883569002,73.7045371456262,92.197884969358,73.864455821049,26.6001608013628,130.73250226246563,26.801322030124336,131.79102592822255
2589,92.33033681722627,73.74391176305313,92.2342768712417,73.90211274841305,26.828806101182234,130.53696568427338,27.23920359696532,131.60849139325214
2590,92.36714936879038,73.7749858874925,92.26990423458405,73.94052110307139,27.179651402560083,130.36235668694286,27.705810112963082,131.45941062715295
2591,92.40594078652103,73.79871300492749,92.30968058055764,73.98084048101916,27.455399938092498,130.20760827247642,27.883418795073084,131.34134090855233
2592,92.4423866168543,73.82936323362054,92.34894583894818,74.02607269143928,27.544578423352775,130.07837209909786,27.73330907152959,131.25618370498833
2593,92.48037530589157,73.86851008766612,92.39012532521976,74.07525988937064,27.62490153078719,129.98992794085777,27.59547183417715,131.21758684827358
2594,92.51927430347982,73.91614461509027,92.43035443827667,74.1276550046857,27.810597899968283,129.92372897308613,27.701423916916045,131.18787331781564
2595,92.5621089693156,73.97042299634846,92.47322462554337,74.18273171737054,28.005543043782698,129.90679389338106,28.032521844757714,131.16518439508397
2596,92.60584710824493,74.02954896340952,92.51578434089099,74.23951677745909,28.273802949333085,129.91511451057048,28.599866209285835,131.1195068394745
2597,92.65214036737873,74.09169532787723,92.56004133078643,74.29761074965268,28.11753644423432,130.00208924565612,28.575392742272463,131.19008376502995
2598,92.69747446842645,74.1537699442527,92.6052899874928,74.35345609679209,28.089218031683078,130.06954394130543,28.53986475047454,131.2202154484908
2599,92.74355874213865,74.21462598445405,92.64986503811586,74.40925395943007,28.526951900595655,130.11315052797067,28.871456892742785,131.22028031139234
2600,92.79076645706978,74.27392812851413,92.69693211812331,74.46478393135905,28.80664348700178,130.13505594220325,28.896211555687575,131.2192687851446
2601,92.83869346518478,74.32571336384002,92.74298692622587,74.51188239124474,28.848755903983086,130.15533563471087,28.80158822902708,131.21753520498598
2602,92.88588491771513,74.37070318582745,92.78923479403132,74.55289000212701,28.747803605023673,130.17226039947346,28.77050661589666,131.21258911199106
2603,92.93189622743354,74.40796231730788,92.8330720541038,74.58785425772147,28.366676109820762,130.208017375506,28.655541394859178,131.2075918925398
2604,92.97568550563194,74.43853280438589,92.87527252946494,74.61925390594891,28.18647738805704,130.16213702803276,28.36764452418476,131.19670116160074
2605,93.01694606898269,74.46429425273702,92.91533897929774,74.64694165856257,27.91190230367072,130.13461225764166,27.989222293880896,131.18696504753945
2606,93.05934341267984,74.48491727416966,92.95721836984724,74.67289943775279,27.297884191482844,130.12389831852468,27.571940667086327,131.178690842268
2607,93.10075511877572,74.49975330523489,93.00064873765577,74.69629509481145,27.040093969609213,130.1136331450805,27.495432244660577,131.17162368839993
2608,93.14144257038271,74.5143679766605,93.04303487455998,74.71759695407687,26.941394412222028,130.13488289763853,27.541768534476503,131.20913039043953
2609,93.18150371283677,74.531234753407,93.08530913093925,74.74102800027285,26.739478311736182,130.17940310316766,27.4795414119764,131.2681658098714
2610,93.22312230170193,74.55185072958336,93.12823338460619,74.76730268200149,26.662392070270705,130.26284058160746,27.514854599225078,131.36873918007103
2611,93.26391906259948,74.57651219878873,93.16843340449137,74.79727208418934,26.73190527824354,130.34646773240507,27.553074181428713,131.44280295907882
2612,93.30441577224603,74.60475796547344,93.2065955225247,74.82892594456861,26.821012919779637,130.42771892958902,27.461842823919582,131.4976104276079
2613,93.3437223601527,74.63443537772478,93.24518605550116,74.85999741684799,27.030614401621857,130.54267375997128,27.444452353761868,131.58825085365754
2614,93.38162347176521,74.66635353006973,93.284074549989,74.89065984317328,27.028982515889666,130.6743211305706,27.39120717351195,131.68367220984774
2615,93.41887623399795,74.70150830004273,93.3220677518211,74.92237175651911,26.931811838203235,130.7975199470962,27.322545485994084,131.79138429624538
2616,93.45566902171636,74.73735189189874,93.36008983203617,74.95505021140791,26.879993104863324,130.88423145401453,27.231601542686025,131.85544038076728
2617,93.49079408027801,74.7735980623835,93.39703608096211,74.989113090973,26.778868232930805,130.9057158666691,27.175076206095543,131.86821262221915
2618,93.52703722272072,74.80961902340103,93.43424122159499,75.02516741310868,26.68463620383365,130.94441299229365,27.14944374616671,131.89656158861413
2619,93.56045342464246,74.84574665895411,93.46608343888582,75.06187784855116,26.605583064064557,130.98447172083348,27.0282708763663,131.91678351074606
2620,93.59305115271209,74.88346557142013,93.49840687727298,75.09914316461024,26.56121545181506,130.99686271142747,27.035718923241955,131.94101190471923
2621,93.62658017968454,74.9224663208878,93.53366439020058,75.13664693955461,26.47678612288961,130.99114686647783,26.94598667532748,131.95794594852399
2622,93.66060353276653,74.96193860896965,93.56940687013602,75.17446037394211,26.017274984281983,130.96875565779283,26.323089461810536,131.97941496369788
2623,93.69466975287001,75.00190849242884,93.60568075914523,75.21270937026848,25.736786810852152,130.94832923180502,26.039425263544512,131.97724940060118
2624,93.73002963031935,75.0421731200864,93.64287355324122,75.25146136047432,25.48962257015561,130.9641640569499,25.876259166288207,131.98776390669056
2625,93.766491058531,75.08504694881542,93.68191641930717,75.29502477623215,25.23803763398627,130.99106081187554,25.758605249131527,132.02984119295613
2626,93.80569164925184,75.131281035832,93.71922657310594,75.34262841421777,25.161016211092416,130.98344285582033,25.807404410327983,132.012819033462
2627,93.84524744276843,75.18091766926997,93.75620487387327,75.39312637975227,25.08296753669751,130.9913310365116,25.950060030977422,132.0288416257721
2628,93.88555535173674,75.23364557601344,93.79641016166615,75.44574232255822,25.123730528472027,131.02392297997116,26.134280191454206,132.073870650288
2629,93.92782107091604,75.28983783760707,93.83877716593666,75.50039188314297,25.66914169587742,131.07218244625443,26.43575931697191,132.13973547211052
2630,93.97015701472885,75.34900381865873,93.88050713238886,75.55635075344023,26.141312276937217,131.15534421486467,26.79031693675753,132.22196010087896
2631,94.01163189735841,75.40633326361247,93.9207190099747,75.60655295421263,26.445246446359217,131.20677975977534,26.90291251035752,132.25554033229497
2632,94.05073182433244,75.45767999294533,93.9589684236154,75.65105989698372,26.765830328638533,131.1756064888633,27.030195938149376,132.20044696784487
2633,94.08976213582139,75.50244260741266,93.9955360480257,75.69016095089381,27.13523259445001,131.24552511651976,27.342057501349977,132.24728290063243
2634,94.12752876331982,75.54052563306759,94.02996718262546,75.72428997930237,27.63472698113248,131.27642161132832,27.876019943629455,132.25954392841598
2635,94.16273779008311,75.57132354165708,94.06486258099174,75.7539544283976,28.060371198818082,131.29779166502595,28.27273330316988,132.2885009562891
2636,94.19638181286395,75.59680879976672,94.10047707727588,75.78247863574781,28.511013871500268,131.28295724925735,28.77627444803281,132.29069859188883
2637,94.23071300316289,75.61576625989433,94.1379379244381,75.80855002065576,28.84055311148871,131.27792655298097,29.124666018582804,132.33565572907517
2638,94.26357132166832,75.63328308300052,94.17265437297934,75.83281965226148,29.254534795824036,131.33642588857617,29.350365350376514,132.4284070635818
2639,94.2983851072539,75.65082282663722,94.2093867144362,75.85679078726186,29.624133450751547,131.4185520314002,29.506145425233314,132.45341697642277
2640,94.33242881019717,75.6778767613183,94.24358216175422,75.89268260006347,29.890653231865777,131.41418112046736,29.69660705179308,132.4435546799061
2641,94.36406172275356,75.71435602443101,94.27262138247737,75.93727376329242,29.976158535176253,131.4213504915654,29.877099428864156,132.42662508156383
2642,94.39685182890143,75.759804655904,94.30501072771776,75.98804965971229,30.077543092357093,131.39917829645825,30.017480935603157,132.39123802771635
2643,94.43029352973659,75.81331663817934,94.33928750326947,76.04457777322196,30.114952800486705,131.35674785673143,30.222227909868913,132.31348171408848
2644,94.4630568527591,75.87594920959988,94.37488827611526,76.10593101051822,30.237561990065664,131.28514071566207,30.453327837662187,132.25367925372024
2645,94.49576445170926,75.94666541066695,94.40802132308762,76.16975753891849,30.429065991829418,131.15488307024003,30.68140766590173,132.18036704472541
2646,94.52579939099213,76.01931459958693,94.43969960162241,76.22805189567798,30.46834515458452,131.04427218726886,30.625846673867528,132.10005582140906
2647,94.55556002225028,76.08539268703187,94.46945815782924,76.28216934740878,30.711792429839882,130.93948208279608,30.932939260824416,132.0141453866365
2648,94.588482996634,76.14613359736359,94.49950122252983,76.33402747493916,30.910545454116896,130.84235454163237,31.144946293549097,131.94710704986676
2649,94.61736798173827,76.20250465984084,94.5267979221771,76.38408904717569,31.239938377166812,130.74443323031278,31.491980959909142,131.8709246219693
2650,94.64247698158086,76.2530934562526,94.55191017533178,76.43230610256559,31.569309161369606,130.65031535489456,31.863381300646576,131.76536471683403
2651,94.66474227610945,76.2982843346402,94.57616254204767,76.47939205489523,31.853719994110737,130.56387061139222,32.164628889644575,131.69412157040188
2652,94.68448230826985,76.3406378635347,94.59670997741898,76.5278815486218,32.10616934941428,130.50277186639966,32.40426565837739,131.64709336850146
2653,94.69802402712746,76.38235394398819,94.60961196660854,76.57294743234998,32.52991511322351,130.46199491813383,32.59576446723676,131.61639126880763
2654,94.704782211368,76.42661897217373,94.61489137285096,76.62014716498715,32.69544293784555,130.43733108287913,32.74110484074098,131.592575222161
2655,94.70070437163953,76.47253452505862,94.61015685334768,76.66873851452286,32.8785012281191,130.40865179329583,32.848006834625146,131.56965955697717
2656,94.68504329662319,76.50689994824556,94.59329605472514,76.6998511004369,32.92627885455762,130.39042312820843,32.920171359469606,131.5437105158309
2657,94.65624116562516,76.52771329168816,94.56483755887247,76.71406755824731,32.895395926053645,130.39652502422265,32.96318246807378,131.51198078442374
2658,94.61555134117722,76.53374561631736,94.52955967999482,76.7133035871127,32.85276225849571,130.38441095204743,32.985116788126085,131.4743803569482
2659,94.56503452589567,76.52434023019461,94.48872627841278,76.70191117857826,32.802371036503935,130.35800807871058,32.990441002828085,131.4342719848787
2660,94.50835177852593,76.50586841543407,94.44375453035764,76.68613994557246,32.746201099942986,130.32204086411,32.98529744002524,131.39585173509192
2661,94.44699404402634,76.4716149194952,94.39631801745767,76.66274580764453,32.68659266281187,130.27837599385188,32.969269714982396,131.35502590958262
2662,94.38624146283006,76.42194468755105,94.35025797726512,76.63327863032077,32.62772320602226,130.23030740772052,32.94811180250702,131.31233721908615
2663,94.33325357058935,76.38319913312853,94.31117353745336,76.61730129314911,32.576319541530694,130.18313736763628,32.9284251297674,131.2717757200692
2664,94.29556291173812,76.35888283250512,94.28640806064482,76.61393780170954,32.53954130849118,130.15007675034107,32.91818804545612,131.24819142544362
2665,94.27313080186147,76.34930839709774,94.27541367938404,76.61978329784469,32.53505511765845,130.12795155002505,32.9428137565652,131.23237853223515
2666,94.265229902282,76.35141834280924,94.27441348632208,76.63008396529182,32.545022912075616,130.11518032770806,32.970607806713524,131.2228473612035
2667,94.26749410690415,76.36058438813781,94.27540844632536,76.64149306466672,32.05577056672913,130.10930307670156,32.28448861950321,131.21842258191813
2668,94.27625833206122,76.38276725398651,94.27397247135164,76.65814985411721,31.373632404860885,130.11580815849067,31.453151884776254,131.22221135312307
2669,94.29114083674855,76.41687347457264,94.27311664542329,76.67720213990374,30.848728675148653,130.10985760969004,31.00245308644094,131.1976714125261
2670,94.31079185019576,76.44763992346795,94.27700220430496,76.69555116737482,29.917197426102675,130.06456435327453,30.06762327451244,131.11662300307063
2671,94.33167721594582,76.4669553473327,94.28827365189471,76.70356653630253,29.081832716493,129.9932242481792,29.461013762203617,131.02416596614017
2672,94.35584479580385,76.476318393805,94.31074431420738,76.70462300976112,28.55269852126959,129.9438012468636,29.435897172171856,130.9838870551138
2673,94.38446540950194,76.47992970948395,94.34275538442145,76.70298873781172,28.141716569543956,129.89302297378933,29.589172105714756,130.9529331553566
2674,94.41851117989914,76.4774401646353,94.3777495946313,76.69633831034707,28.227286320826902,129.87644999342382,29.699406861889518,130.97922405486972
2675,94.45954812516949,76.46571360679545,94.41329713538758,76.68567495847032,28.380430551910077,129.85255119911199,29.596704631932404,130.9973371017263
2676,94.50597840659898,76.44821782237783,94.44955862134705,76.67465380509923,28.396409073558516,129.8544681757474,29.541497827610016,131.02055657422093
2677,94.5559934829074,76.43495614898104,94.4881258032429,76.67498491263311,28.950003127093016,129.88396303699622,29.672350228154823,131.01610022930612
2678,94.60476185983369,76.4335557874893,94.52548388580492,76.68512601686022,29.337741468276096,129.93385098601817,29.689166926818505,131.01381379648166
2679,94.65053790721242,76.44283264321172,94.56446425770365,76.70288255932343,29.30537318707207,129.95270752565085,29.572717306654212,131.00177833581833
2680,94.6900542357606,76.45915776955329,94.60109723019497,76.72446738162154,29.219627074696618,129.97125327095148,29.578608424559228,130.99316459619894
2681,94.7292811528644,76.48586390228901,94.63937655921995,76.7509093544712,29.11017213768644,129.9671694557631,29.537843736008984,131.00571559435141
2682,94.76834268766126,76.5228606487324,94.67736919970025,76.78115921961398,29.24493159613572,129.98574007153644,29.656001094602548,131.04452143867132
2683,94.80437772425873,76.56694472488188,94.71131340647375,76.81280192260043,29.28254312215453,129.98635177115,29.641530062522772,131.05912944704045
2684,94.83485274042309,76.59916226117288,94.74015329568175,76.83055960408831,29.14023516252135,129.9959124317654,29.55310996173558,131.06030339578317
2685,94.86383647468143,76.61855939676776,94.76778654625109,76.83677566744373,29.07731365191828,130.03136756012296,29.50553148894775,131.09879015102757
2686,94.8916638966606,76.62512584062547,94.79716254318171,76.83338782988372,29.096852768679618,130.08766281365558,29.453959616895744,131.14875791233365
2687,94.92126076939992,76.62149345086547,94.82862699037827,76.82377158698597,29.096326627563723,130.17623928460446,29.48297182710243,131.23454511039057
2688,94.95225561226609,76.60588496536316,94.86474794876823,76.80847669756078,29.000962691461805,130.31150237747943,29.327854833633037,131.38815049039508
2689,94.98605829978814,76.57831709823128,94.90502798033175,76.78863574483145,28.77138586090759,130.39604715729945,29.166708586011104,131.4689094949845
2690,95.02657227874657,76.54053187194876,94.95020146163077,76.76590894097043,28.590449010192888,130.49850705552913,28.996781534709648,131.54214474422258
2691,95.07510645073098,76.51531288009778,94.99922523652545,76.75762165938238,28.441570260831607,130.6512527467885,28.828943891829148,131.66089270105812
2692,95.12568457949872,76.50483436058433,95.04585094893568,76.76373225695991,28.26298106479143,130.84751748344732,28.676221320386365,131.85409124501027
2693,95.17400320989155,76.51118365433454,95.08739781867476,76.78381033874984,28.100589548051136,131.0346002406321,28.56296553354251,132.01520533084607
2694,95.22110677437081,76.53308153761284,95.12661997798584,76.81479396847838,27.919607941868808,131.20853231972515,28.516833104685496,132.17082282436087
2695,95.26425988807446,76.56982256775314,95.1634571215368,76.85273052559327,27.7971938011814,131.35882838892104,28.38388067186015,132.3472880849595
2696,95.3034030889685,76.61996382547078,95.19867799853375,76.89412915456911,27.58325217319421,131.58420807740023,28.112249773112133,132.55119929306653
2697,95.33845393013712,76.68410239755497,95.23419449165179,76.94018176589215,27.300632091527163,131.80057676156392,27.75741674573128,132.7110912481086
2698,95.36769479970243,76.75068778401503,95.2674779048034,76.99022247931447,27.104802696857412,131.96050189576772,27.56284768195287,132.82021107699222
2699,95.39728576078207,76.80971757096917,95.30194441342158,77.03249683346635,27.028875565527887,132.05564639413217,27.556735901917854,132.9150582305503
2700,95.42851232733389,76.85764465254545,95.33607722551518,77.06604457261489,26.879802703638205,132.11719660475796,27.458152977094716,132.9505672885748
2701,95.45968395068427,76.89234381144752,95.3692355522374,77.08921351245331,26.501148817539317,132.16944581719704,27.10252163224753,132.99246586607956
2702,95.4917948257557,76.91942299976549,95.40244752666243,77.1101115004664,26.19478809877826,132.20087152409417,26.824009004390376,133.04862350324896
2703,95.52498095463899,76.93449700995635,95.43621773371177,77.12100079619105,26.07142982759245,132.20774180549174,26.69249287994016,133.12123687082675
2704,95.5590534929572,76.93842852741788,95.47195051708727,77.12722521720019,25.965904353349593,132.2140361170766,26.4734253830795,133.17614020917128
2705,95.5962997167865,76.93469707939592,95.50980752659224,77.13458888106761,25.772070581884183,132.24354351979997,26.264343143708405,133.23349534430884
2706,95.63631979594514,76.92669304616626,95.5518429098845,77.13677996886285,25.411535773552476,132.27722081120095,26.013083871835686,133.2928557956729
2707,95.67840009422038,76.91709276859795,95.59504661809565,77.13604256677979,25.198593131764518,132.3524562619423,25.923975024722953,133.3583879048604
2708,95.7243312373185,76.91649420667171,95.64067767499932,77.14443441871025,25.227146806302873,132.40816052814404,25.91458316268016,133.39661489127352
2709,95.77207101262874,76.9209050320073,95.68635717436625,77.16042023176846,25.31812874992847,132.43729758313046,26.001721566204402,133.41258142623641
2710,95.82063297591627,76.93545599544409,95.73135494685289,77.18162515162115,25.444696206737635,132.46049086505667,26.211846590754707,133.44485520198418
2711,95.86984282034405,76.95669052634642,95.77693243816753,77.20545534141542,25.696575424858867,132.45808121204314,26.441860963328665,133.43159115166316
2712,95.91850838582525,76.9822665944137,95.82189931691447,77.23297607203789,26.04561426042532,132.43698310474696,26.72772381681441,133.40828517369363
2713,95.96670207327443,77.01651219023152,95.86896196635547,77.26343015208792,26.399159275421923,132.42555893818482,26.87872927042937,133.41666025159964
2714,96.01660110465922,77.05563656295399,95.9187685499963,77.29215654382502,26.72676737204028,132.39438373923025,27.07502526907687,133.41397479700785
2715,96.06763011834009,77.09188297426095,95.97095854822359,77.32003572890483,26.979640724585224,132.38793829348808,27.189341110282452,133.4319660424739
2716,96.11862327967704,77.12606151415336,96.02186257522443,77.34865987184195,27.21503550478436,132.3903633237813,27.350281439669434,133.44428969363136
2717,96.16908478230125,77.15825337684213,96.07046287053224,77.37731473860481,27.250687929755713,132.39477768439653,27.340819044658627,133.47644077836327
2718,96.21991122875163,77.18889499548816,96.11953159834357,77.40500250374369,27.042289902137604,132.4413364568227,27.053536852214318,133.52211995529268
2719,96.27229484748268,77.21798738498906,96.16921264123069,77.43328838954976,26.782294265217107,132.48234414443994,26.854045715252365,133.53792689414414
2720,96.3246645751495,77.24520286305648,96.2201386388354,77.4617894408031,26.677917957637725,132.5023954119741,26.833946592850225,133.54841409784345
2721,96.37554148005489,77.27349268240819,96.27102834985774,77.49050152799055,26.537478842409065,132.55442124489832,26.84293757485232,133.59219970963878
2722,96.42658036113482,77.30354142756266,96.32430815358617,77.52083228345646,26.453511900792,132.5805420962368,26.8859913930138,133.61113831634273
2723,96.4789394431997,77.33342566919085,96.37769166388749,77.55104929128352,26.487576465689116,132.5986202357558,27.154608471470276,133.6128916189458
2724,96.53453682088002,77.36337216243821,96.43296336429047,77.58115098776858,26.56187198266788,132.5893090976918,27.288261467555433,133.59825838334515
2725,96.59169244059088,77.39808952757691,96.48973743263012,77.61678175810958,26.674219589220595,132.61665003778032,27.167871635667673,133.6579863221721
2726,96.6469829672957,77.43681695449747,96.54258140151218,77.65681436530981,26.80767890410427,132.67325560690367,27.132914706848656,133.72580252947998
2727,96.70161477883849,77.47944040918583,96.59522300951714,77.70022891419255,26.995356232728263,132.73702924681828,27.319732420915486,133.7879723510069
2728,96.75594315084885,77.52619248905414,96.6469801854286,77.74657961693231,27.32995258254016,132.77657712595587,27.699486239160773,133.83917565831587
2729,96.80641774150455,77.57554525317423,96.6958378481866,77.79486416183785,27.72979406687063,132.8637443005375,28.131398858695537,133.93082505177864
2730,96.85480691436688,77.62799180069939,96.7427320792249,77.84375711877703,27.927031574817015,132.9825007935405,28.427657273119024,134.03494342214066
2731,96.89892300213562,77.67953527751841,96.78684261455602,77.88754120958741,28.171259824424464,133.11830909295406,28.649129054314898,134.12605871779235
2732,96.93731059439305,77.7257729856793,96.82672214085194,77.92677809810385,28.570644715351108,133.2084253888072,28.817162854271828,134.20662538271796
2733,96.9746988337303,77.767362373469,96.86455472859713,77.96308103149461,28.92519177189382,133.2916038916478,28.949354840166965,134.28120805414426
2734,97.01022597947242,77.80434162148453,96.90251266856896,77.99695713945762,29.144269764715684,133.39160836610395,29.079139113358217,134.37209487161368
2735,97.04614518744805,77.83613012582295,96.94289147668988,78.0282777348975,29.23880923491765,133.45934722923892,29.237831218665992,134.40111329178617
2736,97.08121037363412,77.86194559592124,96.98165681342006,78.05636042643577,29.476759730609444,133.4397975938681,29.69518136151878,134.35301467188953
2737,97.11730895654587,77.8826600989246,97.02194448083294,78.08195736711603,29.80092649208345,133.38107850065774,30.132525611213573,134.29045801169028
2738,97.15548354483387,77.90237750355698,97.0636394836479,78.10569162753723,30.084267042370332,133.28909671616807,30.409501032166265,134.20172996681
2739,97.19765317281257,77.92114650215889,97.10731501539703,78.1276832374371,30.3876529467467,133.1640263549757,30.65069059234781,134.09227467028478
2740,97.24360304097804,77.93872153446642,97.15341274452649,78.14845542719704,30.83985191427429,133.02278548391342,31.049475811765152,133.992071764185
2741,97.29083167436951,77.95527554899775,97.19956406659229,78.16830548408866,31.41095332260811,132.8634127141326,31.558060795895756,133.91744132927778
2742,97.33692288430846,77.97613532679078,97.24494990667088,78.19452940732012,31.963632349361394,132.7522465518874,31.993066208227557,133.88230494189733
2743,97.38754732207227,78.00193678110419,97.29415816999837,78.22548070978485,32.420659004627346,132.69898521221276,32.5391562233943,133.8634968678359
2744,97.43818135780528,78.031997723438,97.34294794877198,78.25940663611415,32.76314974414437,132.6803849411778,32.888351714783965,133.8726780595671
2745,97.48930196249293,78.0669524389661,97.39202936005042,78.29659937080933,33.21949282276765,132.683117110858,33.25329991976149,133.871339423223
2746,97.53981544783665,78.106826254574,97.44085165167726,78.33629882626117,33.54182706983187,132.70866129783704,33.378150916154055,133.86370986962828
2747,97.58843344726694,78.15122813959421,97.48829915984291,78.37746875796802,33.69211459810427,132.73868747467043,33.44206358001653,133.85098199137073
2748,97.63788152572663,78.19864640745436,97.53676633302209,78.41795665143982,33.74496319915551,132.77149516221812,33.54646262069285,133.8505085752199
2749,97.68855788753011,78.23572888689587,97.5856019469094,78.44617739263622,33.7914235821713,132.78651369604887,33.64730844418415,133.84997320901678
2750,97.74038763236635,78.26075569886575,97.63915223672457,78.46178305003558,33.4301083098459,132.7982904254089,33.35608857736814,133.85412806483
2751,97.7957612770105,78.27408899734264,97.69646526232052,78.46712023761452,33.25325771334544,132.79265271607602,33.29447268994253,133.8572935452451
2752,97.85324228684502,78.27580451258547,97.75516820060601,78.46512805666225,33.26169310644623,132.79311196140245,33.59131059278359,133.8596793952422
2753,97.91218530446967,78.26588517479082,97.81399908671558,78.45729022131144,33.526037993300044,132.80153949552178,34.01907415071183,133.86616344814726
2754,97.97373953034908,78.24491183684115,97.87288897303864,78.44476793336337,33.72624387584335,132.85534926499534,34.23513093135166,133.92831188576127
2755,98.03682519868805,78.21397920710925,97.9328161172957,78.4284980833375,33.92621336517818,132.8950481720357,34.46117175010131,133.9679533854699
2756,98.10004305868779,78.18383012565627,97.99116209078224,78.41249051089845,33.972272741087174,132.92168596293905,34.44417823772594,133.98122261840953
2757,98.16034414937583,78.16788791631448,98.04808028966993,78.41251246929727,34.38431302898503,132.94114652861293,34.57073617635577,133.98637475826771
2758,98.21373639237672,78.16692346338321,98.09819552819494,78.42648826054358,34.88380845474721,132.95695896377902,34.963041475882314,133.9850211498493
2759,98.26185968769222,78.17988601701548,98.14397687221654,78.45074740752483,35.11171667682051,132.96678602458985,35.245091755960935,133.97581599761247
2760,98.30649700409892,78.20659489028812,98.18754451496494,78.48315899358725,35.34621924575538,132.96622938987582,35.670590227428626,133.95830774643332
2761,98.34786169678395,78.24677101083434,98.22970538519408,78.52176124964642,35.7785208049958,132.90872136743423,36.16220976086804,133.92135546242955
2762,98.38615002958075,78.30095294268801,98.27179944175697,78.56577042953454,36.094822455517054,132.8481803516368,36.44481146989234,133.87783911730673
2763,98.42393079330208,78.36375867880163,98.3152477444808,78.61022134866667,36.67204180561707,132.78455902154832,36.83921495888224,133.82007065291538
2764,98.46119778996389,78.41175237305424,98.35952853287502,78.63787324171703,37.228178334343745,132.73235823800968,37.2653745486816,133.7843814000786
2765,98.50296686559479,78.4434169045511,98.40525096905013,78.65062389562216,37.51361718833054,132.69189948898943,37.51323402858699,133.76723533057145
2766,98.54661438149475,78.45789800897825,98.45131151778502,78.65074112059493,37.791085641607914,132.6698147139325,37.67837619463098,133.77021704506294
2767,98.5948361612935,78.45712751876847,98.50094673653405,78.64211440399491,38.01487676213259,132.66417877227616,37.930622512370796,133.7858663744365
2768,98.64477638270385,78.44095761761673,98.55050897643717,78.6264760432307,38.170674023212065,132.68450119897915,38.190311673105036,133.81165389804292
2769,98.69681425848763,78.40935750824374,98.60113547852657,78.60521403464891,38.346439232162325,132.72409028374676,38.31249504309355,133.84557333058706
2770,98.74734545002009,78.3650729864633,98.64957892496386,78.57961995466222,38.259416782203964,132.79493019046794,38.21160480526,133.89365097744906
2771,98.7952502081109,78.32200550531671,98.69392756316184,78.55328365546197,38.14362391602372,132.87407373727174,38.20206531090561,133.95375664219011
2772,98.83955037778115,78.291697046511,98.7342862284263,78.54041137906307,38.173655835588505,132.95853259507962,38.30220798207659,134.0211243630841
2773,98.87946826388358,78.27467156877186,98.77078380116785,78.53873860229668,38.24984384767777,133.04629956773368,38.41762076502943,134.09622934527874
2774,98.91389787925996,78.26935865779379,98.80479098400303,78.54504036040994,38.433695966681164,133.1450958701565,38.779521907419635,134.18510898931854
2775,98.9476540889069,78.27574339770592,98.84081498017555,78.5577571823375,38.8220565609005,133.24987717876962,39.41319906122706,134.27765845945794
2776,98.98126896677255,78.2938236789014,98.88038086793611,78.57557308488549,39.27229208615807,133.36578112910192,39.921112394201735,134.38059784376244
2777,99.014004091668,78.32366544414344,98.91901369993914,78.59752222588473,39.88191300390523,133.49197170385798,40.35069024848974,134.49844402444367
2778,99.05379303539212,78.35353199549925,98.96504754387097,78.60951136193492,40.668410835922174,133.62192279586742,41.01461408150483,134.61936094944141
2779,99.09922827821802,78.37277214823064,99.0148005427063,78.6123385352663,41.24810768819159,133.75865889706415,41.36397563816197,134.74506826324284
2780,99.15388034743138,78.38129683732758,99.07171713924699,78.60822366919592,41.91423664237545,133.88406054039038,41.79976847218397,134.8509766787447
2781,99.21413044095988,78.38150646750498,99.13004323286269,78.60096602370025,42.154293729923616,134.02848782232937,41.823139245228546,134.99149866439043
2782,99.27607585386184,78.37229691666468,99.1876918882488,78.58960730832162,42.30268188002008,134.15614799335714,42.055487329830854,135.1013829508356
2783,99.33844675519029,78.35368618338651,99.2452118067564,78.57499982989863,42.34887448555774,134.2821494540701,42.099790467242435,135.216003802391
2784,99.40288753055954,78.32660767365495,99.30081502259414,78.55923613203097,42.22277377209088,134.38591657604414,41.91634848801651,135.31149941705345
2785,99.46137842980603,78.31014877766938,99.35238457106477,78.5558316393111,41.93286256728701,134.4738205911609,41.86105952291329,135.39285839119538
2786,99.51695973707565,78.30610279849647,99.40249270476353,78.56372199316412,41.39195226976694,134.59310436547412,41.2836521112731,135.53085100718724
2787,99.56443898631774,78.31439013340805,99.4483505279564,78.58092431122935,41.00834756885984,134.67565048339813,41.19825760591541,135.59515494549652
2788,99.60726581416357,78.33146600201492,99.49152535047259,78.60300617777477,40.830235264842926,134.71097442077257,41.09215111077916,135.63672093773218
2789,99.64602551744657,78.35939212539434,99.53099221833946,78.63017293272355,40.389297840542746,134.76875426328866,40.857776319159434,135.6982787056553
2790,99.68118073124089,78.39690080558698,99.56941148849032,78.66033306152163,40.08802502601003,134.804986224918,40.7149315903262,135.74462792104532
2791,99.71609951733976,78.4440379509897,99.60875154822385,78.69335716093448,39.78831741994529,134.85229874004492,40.389993521878594,135.80019120742202
2792,99.75290768673015,78.4791977505086,99.6502836914897,78.71240922418045,40.70251116941528,134.89432750740318,41.91894607506562,135.84272821847622
2793,99.78944550109578,78.50132059916875,99.69195620908773,78.71996842748688,42.05694424682496,134.90732777929495,43.225743290562576,135.90892560452173
2794,99.83014845412974,78.51109807547343,99.73689096221935,78.71961141378205,42.85680033306323,134.99514111070553,43.870928167845754,136.02057773235487
2795,99.87396949034544,78.51304791387805,99.7837001812324,78.71669489081701,43.80128964097103,135.1082894389953,44.548385762408905,136.13536714192128
2796,99.92201323615626,78.50387961855556,99.83154438239441,78.70796018099857,44.89710107710757,135.2077348690566,45.15877132087016,136.23578825687028
2797,99.97369611610577,78.48360095778644,99.88271976126397,78.69456162600669,45.952589117175485,135.2962224807445,45.630883498983735,136.29917697697937
2798,100.02586742262547,78.46601218151977,99.93230820631699,78.69594684910193,47.26451854057756,135.39884501384685,46.161593039377024,136.3873751912196
2799,100.07469288683187,78.46267206631724,99.97751507908053,78.70986843595018,47.215828765937026,135.4988058599625,46.471308255887266,136.4523774017671
2800,100.12136937156274,78.47446324897747,100.01915819044429,78.73445253379236,47.04515693775868,135.5837920156603,46.63016699139046,136.51575598462412
2801,100.16452437430532,78.5000326642052,100.05925307336258,78.7670148063464,47.177356723368725,135.6416345443888,46.78079382043147,136.5872583690194
2802,100.20673355665657,78.5368798834675,100.1004299770901,78.80613590041618,47.27364056465255,135.6793911666402,47.00915520676033,136.6411455851363
2803,100.24643994984397,78.58729122864722,100.1405178024992,78.85009259841173,47.39261855388694,135.71284039790925,47.29400402944815,136.68721930323304
2804,100.2820151377743,78.65147762368728,100.17969377473436,78.89809041816368,47.79010881856023,135.7443891577244,47.895649118161856,136.7044425277038
2805,100.31526760386409,78.7137519225448,100.21651846454414,78.94604721595847,48.05664298553111,135.75129268887426,48.347095874570535,136.7213092387281
2806,100.35078535529308,78.76288128251564,100.25453325471271,78.97873255031412,48.46450442019381,135.773607498355,48.790319733134496,136.7506312550664
2807,100.38855015138698,78.79836832053877,100.29362141680238,78.99920795000241,48.82136234551123,135.78894007558839,48.984858380868815,136.77578656244364
2808,100.42721566594028,78.82223998801413,100.33314944627745,79.01240561768645,49.16928372117663,135.79806031134277,49.15259456233951,136.80835253938417
2809,100.46685128560118,78.83380161189663,100.37482822143173,79.0184509149083,49.48628116746473,135.8209106000062,49.3484936953235,136.84986178816771
2810,100.5060395531532,78.83293717213004,100.41491072660907,79.01872039432841,49.645397110933445,135.8523336485136,49.38821018998419,136.8982018996774
2811,100.5460988415983,78.82072609236319,100.45532565905528,79.01577835210713,49.573401915913834,135.90648727375324,49.46886407490422,136.94914373282418
2812,100.58966288101973,78.81092154922611,100.49807614649312,79.02652158754711,49.528727949808975,135.9674677935333,49.54367955159506,137.0024818060318
2813,100.63254208643237,78.81564774122468,100.53973359619597,79.04984037301506,49.31953589267621,136.02135965292703,49.45613700664146,137.05088178282992
2814,100.67321459593367,78.8346982447507,100.57874892970023,79.08279050295361,49.35993638908448,136.06373398863917,49.574028541435325,137.07533417378787
2815,100.71201126971702,78.86524855562439,100.61563209389904,79.12208089600321,49.32374727557633,136.08238571074398,49.573389482756866,137.07415875711834
2816,100.74913923716417,78.90665083363291,100.65267603315208,79.1641743595651,49.13942522495829,136.0820490197812,49.42617656486367,137.06191144609687
2817,100.78835029410493,78.96071210252634,100.6920774692478,79.2109999144447,49.072180879330794,136.05508754759393,49.35607700647326,137.03009458062553
2818,100.82775660274561,79.02633873984345,100.73236834468078,79.26144103817995,48.94970633376616,136.02091585352412,49.27196694726212,137.0070458741255
2819,100.86673266664603,79.09023951671784,100.77434052146717,79.31250792517444,49.06479760038859,135.9730970877437,49.54738927526011,136.98198781247493
2820,100.90833933337942,79.1419649873343,100.81889265760192,79.3510999828504,49.41622329774799,135.9107138044858,49.951868359662946,136.94674099895624
2821,100.95388991077986,79.18235488463239,100.86583706555126,79.3803522245391,49.713654582288626,135.85010902033264,50.3867417476182,136.90715069804153
2822,101.00345877007048,79.2145423224103,100.91458055992422,79.40508669861627,50.13464122297556,135.80469201878566,50.811942992618945,136.87618721262885
2823,101.0538535034564,79.23836099463959,100.96240448401569,79.42394751652712,50.73584173770258,135.7681216111798,51.25815221418921,136.85235512418174
2824,101.10236210691423,79.25213979922758,101.00783697170583,79.43812591530046,51.30674009277661,135.75332998139228,51.621842342094,136.84171824939264
2825,101.14880341416377,79.25758596058009,101.04990916479663,79.4507272293285,51.90428946399253,135.74524248929464,51.92006629080413,136.8450761024214
2826,101.19022054004509,79.26465210365811,101.08632540700826,79.47377463664331,52.26114121240113,135.74977815826568,52.16523037793694,136.85879436475463
2827,101.2187860414995,79.28218110813013,101.10865298972443,79.50479491740766,52.48364608917815,135.77355244769862,52.359261781102845,136.88134109917874
2828,101.23367128890483,79.30931289606812,101.1185692512765,79.54133892539596,52.623469563571696,135.813028355917,52.50915883823488,136.91004151576124
2829,101.23662504808927,79.34422193362796,101.12076020519225,79.58269560879816,52.7062872343659,135.85963083742615,52.624530342593324,136.94393719775346
2830,101.2311753412248,79.38873536052984,101.11969729817059,79.62826272308207,52.71170831392027,135.91380237701773,52.71560856445171,136.98228738596427
2831,101.21915978694705,79.44211175494951,101.11693712561855,79.6763351639135,52.7104009628152,135.96943659956247,52.78666430486536,137.02353880041977
2832,101.20266567968015,79.50068020474814,101.11402840224186,79.72327270589531,52.70459485509175,136.02226409494716,52.84330415658861,137.06448821762453
2833,101.1857029688909,79.5452496419204,101.11382386661413,79.75427351839133,52.696176871684756,136.0624048508843,52.89189954294863,137.09058398114925
2834,101.17708252609455,79.57754555081368,101.11858126510782,79.77439823989833,52.693943126866415,136.0907490612985,52.93743544554419,137.10644677033451
2835,101.17716837857957,79.59990408857641,101.12662226394167,79.78833086760993,52.69814107887362,136.1100514101002,52.977506249876164,137.11715775310267
2836,101.1832602692381,79.61015221345802,101.13573378922818,79.79475606621725,52.70634518045854,136.1178702537012,53.01097671637043,137.12067593644582
2837,101.19385303602442,79.60828060469761,101.14648899655667,79.79517741991604,52.717319288056785,136.11418725045175,53.03993142734641,137.11842868877645
2838,101.20695538406552,79.6006064501396,101.15671898951071,79.79910693992319,52.73017845192452,136.105571991664,53.06411429599289,137.12037538182528
2839,101.21910765489997,79.59018642588312,101.16288315032786,79.80686356064595,52.74144536765346,136.09467897931907,53.081025564183186,137.12667059992222
2840,101.22673682072148,79.58747360547645,101.16359207120153,79.81739266154597,52.7480084173391,136.0913443775495,53.09134780988566,137.135697381784
2841,101.22965942593875,79.59056456459165,101.16249137796324,79.82921560440538,52.20436300367559,136.0942904809027,52.335895442831315,137.14665613591544
2842,101.23173534266616,79.59683807280214,101.1646685885736,79.84097632450666,51.752808635558395,136.10148950785887,51.864143206123615,137.15940870538913
2843,101.2375735267496,79.60907844804173,101.17436197277274,79.85400468530797,51.28972208714855,136.11571680669385,51.47252398174308,137.1743848185871
2844,101.24870747291395,79.62708015119365,101.19294442609872,79.8677924307717,50.833931038569,136.13235302488255,51.17047337179255,137.18471135782372
2845,101.26723693285659,79.63984435253283,101.21982067893424,79.87510149602186,50.377156390325815,136.1452066038772,50.92777016825192,137.1914331000347
2846,101.29264534077709,79.64665343498494,101.24889931528665,79.87716642231595,49.607747549248735,136.28138080874547,50.296618598043175,137.37413392277963
2847,101.32448615970382,79.64743219480482,101.27698929502323,79.87472490198739,48.907068747883386,136.41501012193893,49.88241920111964,137.52089452281785
2848,101.36091410438047,79.64324449125023,101.3042154249251,79.86921829913966,48.32191494471654,136.5448788198347,48.94908451744238,137.63677547007364
2849,101.39867343841564,79.63476211269789,101.33091803914955,79.86110283767839,47.63982959278591,136.67274515276839,48.19932225916705,137.7306624830999
2850,101.43397124156569,79.62106262043754,101.35676625492852,79.85090028932628,47.302723336466066,136.77012710867663,48.06904742648624,137.7678381308628
2851,101.46389233992333,79.602433996714,101.38081501937376,79.83920829491024,47.002568108837316,136.87802046660218,48.02611998508359,137.81089094004602
2852,101.48860975186066,79.59114773771756,101.40478913917224,79.83647040062617,46.7065074713191,137.00012053937928,47.99711771924887,137.86334300146262
2853,101.51094169932983,79.58830810596882,101.42804929285717,79.84227383054794,46.56227014336799,136.97014079602414,47.75223042694056,137.8690533843893
2854,101.53498804770713,79.59436705070534,101.4539724088922,79.85529178851925,46.344437563729144,136.913128457958,47.54190875128292,137.83695713110203
2855,101.56079188437982,79.60953301658137,101.48192077730036,79.87490615129332,46.58706741062821,136.8313722473884,47.4169256169389,137.7751127017249
2856,101.58947927567174,79.63396171021041,101.5132243783396,79.89984973477526,46.837773686011296,136.75826013728843,47.324711489604574,137.7389862023021
2857,101.62326311757478,79.6662619824858,101.549888414426,79.92711463248261,46.90774167707179,136.72953986609878,47.467441563624945,137.73429961458015
2858,101.66348830999989,79.7072111521275,101.59161227647259,79.95740073482749,47.041166240691894,136.6838549991518,47.73190352803892,137.72034805252613
2859,101.70783557468603,79.74924320795813,101.6355216679198,79.98990820508645,47.50318367779724,136.65618489363177,48.4088363627796,137.752067413776
2860,101.75762592657219,79.79082638396238,101.68236581893359,80.02325024422375,48.20266635520273,136.64503494737986,49.06077479276393,137.76443167318803
2861,101.80833913431672,79.8265323701421,101.72848036220502,80.05010256662808,48.85593655095658,136.6773639773836,49.50367394563234,137.79850358651473
2862,101.86110022666138,79.85612361593067,101.77531429132,80.07212715514022,48.79178305197506,136.78151176609268,48.89428679024097,137.88986882880167
2863,101.9112790443221,79.87961810991614,101.81823378878133,80.09054261237249,48.84710942405791,136.8418531964344,48.58350579369047,137.91532039010596
2864,101.95716343099518,79.89850971346763,101.8581783386227,80.10614096247255,48.908096690503164,136.84335976602262,48.55930762444525,137.87752744591074
2865,101.99637293234412,79.9120045494616,101.89309700435571,80.11945893753804,48.94935244882513,136.8338702801889,48.6617223776505,137.82182305881548
2866,102.03011015570034,79.92679210912007,101.92395813927246,80.14029047594693,48.50137863613715,136.75976500049592,48.52643670085193,137.72963681045513
2867,102.05821498195206,79.94500639904822,101.9524881628563,80.1690712185618,47.7838174652731,136.6778982843867,48.14960013380327,137.63192529327458
2868,102.08707696876066,79.9719240510649,101.98505758966722,80.20448608987365,47.12187153368258,136.58327717879442,47.84778396652206,137.5601145460701
2869,102.11421171842792,80.00762745634417,102.01841377569383,80.2455515213536,46.365295625007846,136.42592311324265,46.51221575037099,137.47855622622404
2870,102.14463787432658,80.05087843830105,102.05531402097073,80.28985272463844,45.32333660767597,136.3216480345345,45.21884574511655,137.4401630237548
2871,102.1781252424423,80.10104952536881,102.09470829609714,80.33579841362456,44.23429378580869,136.24255697569137,44.343732411373054,137.38672451402755
2872,102.21601772957094,80.15917144815795,102.13545155604672,80.38461815219596,43.05530282338529,136.18060847459432,43.63792340657599,137.34228138744453
2873,102.2608146546984,80.21827736930233,102.18051819001295,80.43515565349962,42.39572653442488,136.15698439293308,43.58356221717292,137.3130789942513
2874,102.30619766876183,80.27395473329642,102.22121013016275,80.48283166595766,41.90207959406305,136.183045262964,43.50565505089676,137.3351472351029
2875,102.3521333076339,80.32559101318401,102.26436578202843,80.52781202924845,41.668353369265866,136.25235098512803,43.80498917813418,137.41975310796192
2876,102.4000274543999,80.37318926605943,102.30888052941849,80.57081666434061,42.39193781224315,136.34050192468825,44.29061651973565,137.48962853342806
2877,102.44605637927977,80.4175534617061,102.35220697165788,80.61225951446973,43.17244091986154,136.44899318772502,44.534918524065944,137.60096904899262
2878,102.49156456189787,80.4596749371332,102.39588458248322,80.65263930915317,44.00502520523414,136.60630851786595,44.96296829594579,137.73562945559388
2879,102.53862894804107,80.49817557673983,102.44230546390752,80.69202275057263,44.979219015644446,136.75782878262095,45.49653720389877,137.83346517481914
2880,102.58114757301271,80.533488298293,102.4855788828486,80.73057052302195,45.926029903745025,136.89872139637674,46.39627926967431,137.90334100666968
2881,102.62590330700584,80.56883397539784,102.52784637145216,80.7685581476166,47.11663099442432,137.00127218314577,47.42319424613545,137.95092719719645
2882,102.66882389806527,80.60449881388116,102.5696999145295,80.80628805932281,47.98290815380363,137.04914218656754,48.14972437670467,137.97925450843522
2883,102.70965145508674,80.64382723551932,102.61026969784996,80.84862104026674,48.527551028780515,137.08828877629878,48.52861186450878,137.9919334651195
2884,102.75188789491447,80.68658671923201,102.65253500752185,80.89444747512437,49.34077458746348,137.0461356380434,49.06441263992582,137.94397615825918
2885,102.79366121416763,80.73237188527699,102.694662254031,80.94251969446896,49.803638605467576,136.9980313149418,49.23524406104634,137.94262208826657
2886,102.83238820642542,80.78161019478682,102.73556650741592,80.99288439686228,50.13806702862022,136.92423985780056,49.383037326506305,137.89569413116774
2887,102.87303850297094,80.83417641102668,102.7771410507619,81.04488616332983,50.410938553080015,136.82017080217463,49.888529547335054,137.80750616136396
2888,102.91534368639087,80.88998760322934,102.82037393692312,81.09818710604998,50.34034001490981,136.6892676080169,50.11949398890305,137.69106519382464
2889,102.95826154850612,80.94955493286596,102.86360654722581,81.15316051824543,50.31363954940046,136.53218171885044,50.26755876887449,137.55160469800015
2890,103.00394058100919,81.00858561689859,102.90935488856861,81.20877514335017,50.31854425345139,136.3854671955012,50.22977074833832,137.44433952413462
2891,103.04997619175556,81.06735412373254,102.956262254199,81.26485984545832,50.09100119744377,136.28308837995513,50.106804253001144,137.36249690375885
2892,103.0943872315753,81.1262943003863,102.99987091559376,81.32142713669093,50.01373831071622,136.20482950708876,49.961185096934614,137.36780114728006
2893,103.14108563280656,81.18507782259935,103.04516981652887,81.3783804992231,49.99958106016877,136.18124513801342,49.94417693056387,137.4026982557082
2894,103.18691181777697,81.2426451358583,103.08900621899105,81.43391016917212,49.6781547717703,136.20518779497579,49.8875329999717,137.4465457547243
2895,103.23129201953398,81.2986625013226,103.13200510166088,81.48783903679177,49.631858486282134,136.28388357289026,50.05420177680246,137.5123431992614
2896,103.27316173992931,81.35389370652118,103.17143423083398,81.54208498355099,49.72480844098564,136.42355370560432,50.345133943640164,137.60451213856925
2897,103.310971668993,81.40896147005783,103.20855952732971,81.59702035954452,49.80518908892097,136.6128957378623,50.40439709571536,137.75175746809367
2898,103.34454526045997,81.46438200910391,103.242637584447,81.65305554807688,49.94478890743268,136.81419416842107,50.44197837727422,137.890262208051
2899,103.37779562371153,81.52029161975636,103.27553027952973,81.71026792869777,49.98672907319642,136.9683300002047,50.288073928877346,138.00581670155353
2900,103.41145044457625,81.57657444663143,103.312871769977,81.76836388555668,49.90603145659813,137.11462693062376,50.093156396497385,138.1184030123371
2901,103.44802800415556,81.63509537186549,103.3543474272098,81.82777856066886,49.72030832970249,137.23592033683735,49.74693339253731,138.18882032299783
2902,103.48699589884974,81.69568709903326,103.39876122693006,81.8876606801334,49.25302653661396,137.35043841905585,49.2875902757285,138.26632243154444
2903,103.53056256327005,81.75707934093082,103.44572513397644,81.94770416513532,48.73597320689327,137.47230077817565,49.010388230012104,138.3778959747958
2904,103.57821298202045,81.81847426024912,103.49471203721387,82.00746994872246,48.34467110530575,137.53073997796142,48.78869765667671,138.45227728315484
2905,103.63020789404281,81.87984696565923,103.54436167030529,82.06733836385825,48.027839739149385,137.63228768859844,48.70577498751072,138.59284272137165
2906,103.68339114519868,81.94137539409401,103.59137530095424,82.12783533799643,47.51587089725915,137.78253291223967,48.18227491250655,138.77822229168763
2907,103.73430344863571,82.00250224854445,103.6370218587289,82.18828870557306,46.85440582257289,137.96317931070465,47.48140666783807,138.98979606903143
2908,103.78189515854064,82.06316583887104,103.68034262233404,82.24870718790044,46.35715061703936,138.20337890012829,46.961100498931586,139.2223252119975
2909,103.82606630365008,82.12394848760144,103.72146445494761,82.30958327876377,46.105022157135615,138.47338097511286,46.70557074640801,139.47136935402494
2910,103.86494150386675,82.18809710129311,103.75810007117916,82.37477454455608,45.86662037827779,138.7466508741473,46.61240492129773,139.7238875091625
2911,103.89888544221415,82.2554251618778,103.79213258786672,82.44338637489997,45.639915529841254,139.03830962522824,46.55295676445134,139.9373933566523
2912,103.92847678341444,82.32612071143639,103.82375458188184,82.51512805410161,45.161884161824304,139.32353290473017,46.24687812690691,140.18071813750973
2913,103.95712870058513,82.39999478242825,103.85499125606617,82.58947755617142,44.83341320612274,139.59885844380594,45.75554633234115,140.43396488097582
2914,103.9854094653569,82.47736159270669,103.88745308550786,82.66573106381865,44.692484944863686,139.8352177797716,45.342178515319304,140.64461758596383
2915,104.01576727383292,82.55754918604214,103.92318820495181,82.74292724343965,44.680726790281426,140.06317903063672,45.23324229081741,140.86529948778653
2916,104.04895480195863,82.64052869122932,103.96224429274177,82.82119510575842,44.47071735532767,140.2523379141797,45.02900091575836,141.05079181608468
2917,104.08432928047895,82.72363400101244,104.00020796520454,82.90032485888705,44.16875097421903,140.4754317767726,44.84866594497298,141.29946219283616
2918,104.12407554452808,82.80658460950373,104.04147184002898,82.97997598884372,43.83782041940696,140.73424820353648,44.6785799634503,141.5602165019926
2919,104.16686722108336,82.88875974139597,104.0830562241216,83.05932589454932,43.772873990940205,140.9264908556232,44.656125772943156,141.74806406572714
2920,104.20857146559754,82.96675581839968,104.12116415142988,83.13466554219356,43.93990221020841,141.01338512398505,44.71772047234062,141.81088021129085
2921,104.25112673544504,83.0367775656527,104.15996171341523,83.19982162264567,44.417290033421054,141.12657758572115,45.18219211862662,141.90450308008553
2922,104.28992093606186,83.09850463184289,104.1955075550175,83.25661563985344,44.590013146876444,141.20098308880833,45.34656505120542,141.97762622241243
2923,104.32621516144395,83.15214830202802,104.23080918851467,83.30708143021226,44.795196168015785,141.2675423077059,45.40516686396887,142.03385718985078
2924,104.36061246078525,83.19712122016263,104.2632037443658,83.35194232015131,44.7238929596886,141.26046750259118,45.04965771202788,142.07597014429598
2925,104.39035398341845,83.23379876644677,104.29350231626971,83.39260097905357,44.819388427542016,141.18783722540596,44.972621640784425,142.07994323100112
2926,104.4195725818569,83.2632848144688,104.32516139986153,83.42989918943925,44.992359087835645,141.18265857099166,45.13321348103661,142.1550204568816
2927,104.44886237992235,83.29395740428943,104.35616864775143,83.47465777168549,45.14968992162283,141.26940205658894,45.31994070303373,142.25838458638754
2928,104.47627922357083,83.33343177960269,104.38650324158262,83.52731982805307,45.02240744570775,141.37986156697775,45.4870107833481,142.417473428942
2929,104.50369277189701,83.38204475859813,104.41517089579551,83.5867470375834,45.11254620725947,141.54316486675393,45.716836618386075,142.61669565575153
2930,104.53001684789224,83.43919733440426,104.4432142710245,83.65093091591517,45.107725359979035,141.74489061437606,45.694387159530905,142.82704344653914
2931,104.55581808341267,83.50294862094972,104.46929635192728,83.71635982495283,45.51327468377592,141.95443494439039,45.848879826462344,143.00411962652717
2932,104.58363123469871,83.57491582325433,104.49735315607387,83.78499894573224,45.73963458618058,142.20429579658062,45.92953098362953,143.17286565956903
2933,104.61118835433247,83.65538767633133,104.52678827989953,83.8564540802721,45.59855236826848,142.3904049605397,45.700964861764085,143.2899311435571
2934,104.64038634672106,83.73576477735104,104.55831763279248,83.92826237941689,45.4659403764213,142.54267731554555,45.5888469502788,143.37901634211272
2935,104.66997872342412,83.8036333867022,104.58967989135121,83.98525065065694,45.347091305952375,142.65788259150037,45.535857685339224,143.4753651205037
2936,104.69742702797535,83.85852365405609,104.61616000756385,84.0299763575322,45.122124264132,142.73406123505245,45.440813221013634,143.56971473638535
2937,104.72382100557905,83.90151297407503,104.64089341617576,84.06554573176287,45.066268143803185,142.8035481425461,45.39528995969166,143.6861668520433
2938,104.74988542969297,83.93518402966073,104.66398620838075,84.09529139961789,44.828255350564255,142.86521213237728,45.27597650609519,143.77784426826358
2939,104.77501876023834,83.9570216149768,104.68837548357696,84.11892443107783,44.686663529538286,142.90481603447927,45.273167578872076,143.8477270987455
2940,104.79784975713852,83.96696818959586,104.71160651914442,84.13763836021006,44.95929125490557,142.94300769485704,45.55722028573491,143.88341809626527
2941,104.82072947480053,83.96765472605966,104.7380994559419,84.15396063232232,45.22110314508385,142.99505254396854,45.840756353514166,143.92634448677381
2942,104.84469221641487,83.97006649973359,104.7670288026201,84.16913526918133,45.43530561382991,143.04771539431235,46.03747223860915,143.98685758800735
2943,104.87122992887346,83.9755273812204,104.79521958021293,84.18470053297796,45.660718426978086,143.0893177674664,46.158429645860764,144.03715490586134
2944,104.90172735397863,83.98855186078019,104.82677680414285,84.20756349537177,45.8259538391589,143.10329082132992,46.200045276718555,144.0797216082526
2945,104.93538622390416,84.00654895687548,104.85988450260616,84.23416367830968,45.95967541088908,143.11957671552258,46.107153829466625,144.115641526386
2946,104.96934396334724,84.03066088096571,104.89272033519075,84.26381012737133,45.958753438771105,143.14856560593466,45.93775580500211,144.1585498391885
2947,105.00625951339181,84.0601551202914,104.92663103507631,84.29474938088029,45.762022443310066,143.21188609993104,45.814201891158646,144.220525665204
2948,105.04289875355215,84.09266856383671,104.96139512455657,84.32515973982758,45.57485725830578,143.26849705090538,45.784110050576,144.27526656735728
2949,105.07979690541865,84.12754355323823,104.99732504294596,84.35492405512626,45.285198543910155,143.33500133249507,45.586659270086436,144.35911624757384
2950,105.11906302604403,84.16504508920843,105.03449847963273,84.3858635220289,44.798263366440565,143.41817447732058,45.116671770919794,144.45154659506903
2951,105.1554244279018,84.20142345107242,105.06903964092454,84.41938745079116,44.38033789372222,143.508768821911,44.78088306570308,144.53804202623638
2952,105.19016562250194,84.2385350457466,105.10235328140345,84.45559411180471,44.0178287148859,143.61613049147556,44.464324813846915,144.63263530651298
2953,105.22407170911997,84.27553671814606,105.13432320793822,84.49289952782563,43.61132280629203,143.70459644267788,44.05362106522864,144.69621515828632
2954,105.25776978336746,84.31212100431642,105.16696380362761,84.52912351486447,43.02529554491842,143.8349034714626,43.486734565872624,144.8328707110282
2955,105.28987434579058,84.34927537453977,105.19860809065926,84.56467713752014,42.24369856452947,143.97048482765405,42.82761903385042,144.95498071597572
2956,105.31878415959882,84.38688168077094,105.22756140038202,84.59918333816815,41.59510751742952,144.12375928410637,42.31333098412538,145.1174559618339
2957,105.34783352290853,84.42482794939544,105.25913360574003,84.63401279024703,41.03615806818183,144.25953274839173,41.71967818040369,145.24703859768513
2958,105.37780643162678,84.4598215436972,105.29101173710832,84.66729278843371,40.64606858528072,144.42752843097546,41.509753812674354,145.41122352623233
2959,105.4094362125981,84.49298312607492,105.3242196297707,84.70035850166855,40.50332321746166,144.62616489434848,41.64612974886572,145.60922558528438
2960,105.44413568994952,84.5237898880468,105.36034755757757,84.73179945660654,40.419993755638906,144.8551680956955,41.681720261707035,145.79753037208238
2961,105.48057475540735,84.55108697409494,105.39884150511787,84.75850835753492,40.43720856106004,145.03165866698055,41.61162959303477,145.961093339988
2962,105.51922332845444,84.57664358186568,105.43834073253214,84.78407116165654,40.55921152299005,145.19450602813242,41.49787825955853,146.08615877156356
2963,105.56178722016365,84.59927118829795,105.47885507252778,84.80636646145696,40.80839930874369,145.32249685913467,41.59538721821253,146.20130256063246
2964,105.60251563498521,84.61817484095661,105.5167370698336,84.82566781787007,41.17215048069737,145.47888860859274,41.66558024066121,146.33115098765134
2965,105.64189760483582,84.64068797408027,105.55260278064297,84.85253381691359,41.310516961625254,145.59959680846566,41.65778003474995,146.44946272650049
2966,105.67978482510463,84.66798867426564,105.58645750593824,84.88677880085375,41.065708584612125,145.68441536229346,41.42263974674817,146.5586712571361
2967,105.71573291163665,84.70089847784696,105.62043181268298,84.92696696282405,40.85687752392483,145.7348726955635,41.21016023667495,146.6272759677489
2968,105.74879258201935,84.74129630057307,105.65318941533835,84.97120252722388,40.744390547589575,145.74942675043818,41.07692440366974,146.64521988716356
2969,105.77922255696947,84.78742436239335,105.68455160428101,85.01884880126542,40.53635293143504,145.76505829962676,40.778336146808634,146.65587628275867
2970,105.80899386918807,84.84074470427434,105.71735248854758,85.06879653498595,40.12228390088607,145.77238440749858,40.43905441018075,146.6668421082558
2971,105.83946670754493,84.90130463820032,105.75038247360446,85.12061916996895,39.68583469323559,145.737334240504,40.12825546060681,146.65485074645977
2972,105.87073800613712,84.9550645297868,105.78325403774318,85.1636175734194,39.37904212968523,145.70957602371575,39.99960949938476,146.66985534959557
2973,105.90143829135476,85.00190439000554,105.8138028279786,85.20104475267583,39.18949084392548,145.67834343724542,39.83189664299029,146.69087275628812
2974,105.93027563540532,85.0427370010694,105.84281395269952,85.23572899344228,39.05098181649696,145.66114425098078,39.742796547296635,146.7090248690749
2975,105.96015728841694,85.08087311695328,105.87292734631679,85.27159292267585,38.80835155147102,145.67219256081327,39.563722016311566,146.726127059005
2976,105.9943909301739,85.1125031767928,105.9081815281837,85.30329463005015,39.00619653472114,145.6923277526569,39.845831801001026,146.74878575828973
2977,106.02694746092848,85.14494257128626,105.94184920120534,85.34179579057617,39.30168356970808,145.70036773690467,40.106311677547,146.75244741840146
2978,106.06051790734791,85.17899084701901,105.97711710914335,85.38689632520965,39.63766208835826,145.72847899579548,40.33123869703101,146.76266388760757
2979,106.09396100514383,85.22375349019559,106.01136364067315,85.43917935599586,40.04249319425358,145.74004251541433,40.72907821775089,146.77224666773253
2980,106.1288262388456,85.27779991048463,106.04507764674314,85.49713118199298,40.48431536006207,145.78322678941552,41.034098749132,146.83322249917765
2981,106.16433070500007,85.3387244427735,106.07769620472287,85.55809648161375,40.91700442950174,145.80755909669398,41.31131635412591,146.85706108653673
2982,106.20115414913457,85.40271601837212,106.11223649808505,85.61885545178816,41.43991492363043,145.84638527703896,41.549336216409806,146.898811104049
2983,106.23623722432376,85.47496019829185,106.14876199756505,85.68222923240978,41.8090704310931,145.8694762547631,41.95122373384314,146.9192732140638
2984,106.27240382479297,85.54839844492338,106.18492167048261,85.74772628791459,42.17436329444899,145.92177887322234,42.301827074019144,146.96206803842114
2985,106.30702044551892,85.6198214470173,106.22005345875368,85.81166905186147,42.457744307098345,145.98526044306323,42.48459862518775,147.0192761950987
2986,106.34117847324515,85.6783292113615,106.25354303214505,85.86092833064544,42.589598251371775,146.06377559113486,42.636357977622794,147.08749792511878
2987,106.37461881235652,85.72475427274398,106.28564039086274,85.89952924549321,42.73057713783497,146.12028995844872,42.75730254452741,147.16453051381197
2988,106.40656709210363,85.76189878224001,106.31492506074319,85.93215453631885,42.85082443800786,146.18568421385163,42.8589821613476,147.21355514445654
2989,106.43403922962392,85.79002641863626,106.34040839496443,85.95734346849406,42.952367260120305,146.2248753653391,42.92912940463391,147.23877668088264
2990,106.46206181366271,85.80697120154791,106.37050511200466,85.97668729873962,43.232328460036236,146.25808425955736,43.446672608812875,147.2377203045241
2991,106.49418432201513,85.8144409749464,106.407290844218,85.99374602900146,43.35815146143399,146.26329932120052,43.67432820928629,147.22412532751235
2992,106.52869333298842,85.82840230078364,106.44630905425927,86.02807551451149,43.7980008882935,146.23692423567812,44.19865307473339,147.19204784999053
2993,106.56618886953521,85.85964721416929,106.48706544960918,86.0778532507707,44.320234160061155,146.18452783557964,44.73861050511904,147.15247873643298
2994,106.6042467832863,85.90770634881102,106.52581788926723,86.14042139899183,44.92967604316904,146.10717625110036,45.29310263896205,147.10819394041533
2995,106.64699192999622,85.96975129314157,106.56682058627761,86.21162087073687,45.42616084169928,146.02984054753782,45.58256357250758,147.06001576040995
2996,106.69430690345573,86.04744002784213,106.60816728830977,86.289675246472,45.85105301609783,145.97477043629567,45.70304114622498,147.03881697328134
2997,106.74004996814266,86.14077255291383,106.64874431726727,86.37321354540026,45.8667371217273,145.97662370402205,45.68749589306051,147.08033830224082
2998,106.78157831480642,86.24825748734165,106.68796318158539,86.46131500978382,45.92688171335682,145.99263578664338,45.55067017233967,147.12067638674333
2999,106.8158406285977,86.3430403592871,106.71875280971416,86.53457327296881,45.77087993198948,146.02357256350254,45.48212040068173,147.15255241748156
3000,106.8409241298507,86.42173737391725,106.7400970107534,86.59319178897212,45.636660000326,146.07712121803112,45.576661769057594,147.19593891533947
3001,106.86065409997752,86.4834131334935,106.75593498412961,86.63916797339014,45.413389167317035,146.13837002666844,45.65169253249877,147.22867845345314
3002,106.87125621836891,86.52874501003579,106.76580603126574,86.67418339893091,45.31313523859796,146.2075400623704,45.7292088210669,147.25323222990608
3003,106.87261510614981,86.55757489455095,106.76931222970263,86.70023753752434,45.29410079376859,146.26375465534102,45.793544421562565,147.27221841705963
3004,106.8645298296861,86.57211636633606,106.76642116466276,86.72215698608846,45.35403313035163,146.2791596854444,45.84361605874192,147.2886753990915
3005,106.84483643344616,86.57089230722416,106.75449318692826,86.73870575158095,45.49586779611853,146.28903827109662,45.874519771359395,147.30117087952246
3006,106.81561789471718,86.56717305267402,106.73102710998228,86.75108970742262,45.598653195765074,146.2988735061346,45.884900583169696,147.31059670405904
3007,106.77547601311593,86.56785368746861,106.69370600053743,86.76735690836328,45.5825031876981,146.30053207608273,45.87626393021986,147.3246959328585
3008,106.72617578997003,86.5716442628088,106.64966452556757,86.7837502462767,45.55710592063893,146.30612984652805,45.85573062222295,147.33948559779674
3009,106.67280907679671,86.5786461867937,106.60623334291552,86.79965884453163,45.5143149772899,146.31486280254057,45.83268750444807,147.354098318439
3010,106.61915432984524,86.58801126569168,106.56650687421784,86.81377549419202,45.466934930442115,146.32510322361156,45.8100707745512,147.3672834484156
3011,106.56595070758857,86.59538625780927,106.52966709534616,86.8232723179446,45.417621303320395,146.33329128788793,45.78767204832761,147.3761617934037
3012,106.51703210272748,86.60535793827556,106.4967019529539,86.83357283532418,45.372397772916216,146.3438635276208,45.76664514156522,147.38596421322316
3013,106.47917508938549,86.61699496097503,106.47185571917966,86.84324320846046,45.3384204730285,146.3559566538836,45.75100652919639,147.395337419837
3014,106.46028310772627,86.61796440861549,106.45991086006005,86.84243673661487,45.322393848616514,146.3570583975191,45.74669198113231,147.39403202362402
3015,106.46189287077443,86.61138797238598,106.46466591989739,86.83468581550815,45.44925042739367,146.35211451423226,45.92956338622464,147.38810484618358
3016,106.47827397830685,86.59901429784796,106.48129089108184,86.82304794631717,45.51005945240914,146.33957701962322,45.97684493036764,147.37540723538083
3017,106.50277658864346,86.58278802450748,106.50082048575408,86.80978262546284,45.581512970346026,146.32029276136143,46.02538856247333,147.35734364453523
3018,106.53376505955507,86.56276563529786,106.5204606987155,86.79205751229269,45.485458370998145,146.27443334360694,45.825402452001,147.30401611814543
3019,106.5689653521467,86.53705465379188,106.53879731181661,86.77252848903453,45.41463920103199,146.2506293839009,45.6978016865747,147.29482243960746
3020,106.60807549116824,86.50741867613372,106.56031651020558,86.7529042946528,45.17898979912729,146.21073939933993,45.36608433112157,147.2665523309477
3021,106.64703262983961,86.49148118037353,106.58508163813313,86.74793414601042,44.93541668495506,146.19670753889523,45.098165040031155,147.2714634442758
3022,106.68071744652815,86.48860569332771,106.6119761202393,86.75505892952249,44.64658331692952,146.1996267362161,45.00647015574875,147.29414214928394
3023,106.70938448278667,86.49547309449204,106.63923788598015,86.76899542155695,44.426368777109346,146.25204719897573,44.93015596438187,147.37366723738523
3024,106.73698428599569,86.50846991199428,106.66582764302034,86.78475065583352,44.215159713517494,146.32974104408544,44.892259172271196,147.46475402414546
3025,106.76541301264241,86.53277405555754,106.69230318145219,86.80609765168063,44.14232748627177,146.4307734021088,44.816795184831975,147.53157027513433
3026,106.79394548054343,86.56686293248887,106.7162711538496,86.83143221465436,43.93252413133587,146.5170347253215,44.596751939472156,147.5976081684612
3027,106.8228800288372,86.6071283114527,106.7428218089033,86.85634192856703,43.755391436665235,146.63036133630868,44.23668266683831,147.6673196961216
3028,106.85244132010034,86.63383872956626,106.7723928924752,86.86809388518158,43.414014638224394,146.74105678670776,43.717513173398565,147.74703835146792
3029,106.8836719092054,86.64735774247804,106.80556922401117,86.87014636042296,43.05335348008603,146.85013799735512,43.39659734054127,147.82746367386704
3030,106.9198460237782,86.64978404793663,106.84471573803575,86.86444665428414,42.63839348175581,146.9245628746524,43.06146163267069,147.90441064247267
3031,106.96030136354324,86.64364760227971,106.88678522334565,86.85250619827434,41.984800374516745,146.99153184244915,42.4833680715271,147.9830148959078
3032,107.0049989419596,86.62600767886116,106.93170547514028,86.83563742797335,41.3821814899268,147.0806639509474,42.0456057444493,148.07109975995044
3033,107.0553762547041,86.6067006037277,106.97843398178411,86.82795344751027,40.913629166116436,147.19015442264202,41.72220237479556,148.18271448910667
3034,107.10622198249135,86.58798890599384,107.02361142059563,86.82741758785016,40.585863601069875,147.3275382411513,41.479147071250885,148.32746920060603
3035,107.15467625262936,86.57973283203145,107.06486192153808,86.83339379489803,40.48252384775901,147.47198824827822,41.36670621194484,148.47739969458553
3036,107.20028040275837,86.58075105516204,107.10343285496519,86.84382279408537,40.12247088062353,147.6188778412279,41.01128016874907,148.61750560699042
3037,107.24076967571462,86.59104154097376,107.13971399006059,86.85779527353925,39.68326408480212,147.78133163752648,40.53801591296385,148.76395146112907
3038,107.28083209687527,86.61058574290692,107.17878478238126,86.87459405647235,39.38261400264244,147.9368690528781,40.045199983808125,148.88833024928726
3039,107.31943123441376,86.63443165871159,107.21931980158948,86.88667528680249,39.03638684693854,148.08887973732746,39.61054528199588,149.00807405790596
3040,107.3582483009473,86.65322615784565,107.26307569506675,86.89510799060002,38.471358432310275,148.2250559942332,38.98154585378315,149.1235635149313
3041,107.39988258336507,86.66718583710406,107.30947139391154,86.90065587462477,38.11919084148308,148.40454696490417,38.79497342377723,149.33098257554812
3042,107.44378635350768,86.67565692123036,107.35507188317942,86.9038699258491,37.488992065368855,148.58406267911042,38.33593389803861,149.53174805140623
3043,107.48921723362224,86.679261785962,107.39916657669264,86.90524180457864,36.94835253533127,148.79631308853854,37.830265248368,149.7580085699941
3044,107.53508136302813,86.6779821585239,107.44047573895217,86.90513468023221,36.60454617763004,149.0308604186496,37.51244200503382,150.00458951237488
3045,107.57732945992662,86.67965346928625,107.47846130756702,86.91484728277976,36.31293897976186,149.26538378297445,37.21701389025799,150.20867230271648
3046,107.62157798271065,86.69088365178116,107.52095210111779,86.9345988584319,35.96844475351077,149.50944832010504,36.86650322690832,150.40583097627226
3047,107.6643500987244,86.71102182183448,107.56437013414997,86.96166662347744,35.85952937311214,149.7574263666592,36.63290103753347,150.58940591729973
3048,107.7078974902306,86.73756304834264,107.61140694618561,86.99106346542375,35.59007098062422,149.91193066869775,36.53894898972255,150.71971653092606
3049,107.7535184673146,86.77196322287978,107.66061128361171,87.02436408639231,35.50298608625302,150.06263674238258,36.40795186718514,150.85430087662942
3050,107.80347698111873,86.81423801020631,107.71357901817913,87.06080058966722,35.41173730268728,150.17605913557088,36.15936581322752,150.9751246087137
3051,107.85807346143739,86.86286778370807,107.76847199552773,87.09767105249485,35.12259162345882,150.2613667856366,35.77062898189351,151.0978763622091
3052,107.92106707237221,86.89947890817022,107.82901246351567,87.12018739761717,34.78749137559643,150.34804913227478,35.35514913916149,151.20405297084676
3053,107.98319211957188,86.92392631615694,107.88829017358458,87.13306396134483,34.60760608465345,150.41921992432177,35.125718094012264,151.3015144532703
3054,108.04708396136895,86.93881838130275,107.94756847211961,87.14124665426705,34.261529037261376,150.4719483280889,34.756255523534705,151.37987170349749
3055,108.10872848837644,86.94440188749222,108.00435654838003,87.14257468474491,33.97697778256471,150.5449867683985,34.6388103552686,151.45449766367628
3056,108.17025347477006,86.93930709264257,108.06108658485168,87.13844333118482,33.67202223602129,150.59219369235888,34.46108164509175,151.50821085110357
3057,108.23301747422283,86.92570969833584,108.12179729236014,87.13299039168773,33.53813183138758,150.6359671291544,34.414565387085844,151.55943316755506
3058,108.29212992616824,86.91862252558643,108.17781481340693,87.14549273056045,33.555823153342,150.6423678584866,34.39950013956427,151.57427856051845
3059,108.34708475284584,86.92997921111741,108.2336375440478,87.1743907187635,33.54293937936726,150.6483362324613,34.23904480010019,151.59383306153305
3060,108.4004464477092,86.95726995094061,108.28675424577179,87.2146312618453,33.51391368525758,150.69255498091627,34.1919308684734,151.6752795268933
3061,108.45130159833703,86.99607841058751,108.33728491133557,87.26077498145135,33.5890394406504,150.7948102811498,34.115245932327184,151.82177366998445
3062,108.5032559941875,87.05056326872105,108.38892102677904,87.31448096502064,33.615397489724884,150.96251610195472,34.162785333251335,152.04291613870876
3063,108.55230094016862,87.12045079374334,108.43745526465865,87.37401129495997,33.56273757986834,151.19860449168456,34.00710259087685,152.3097845852856
3064,108.59890262716259,87.19171534983253,108.48802572831757,87.42094940372358,33.344233553710566,151.48895363242997,33.74582170266359,152.60651371321387
3065,108.64805803945488,87.24687311767316,108.53958778038317,87.45301785835805,33.05536907792565,151.85502013672667,33.460172784417736,152.924248027174
3066,108.69705961064659,87.28397123805361,108.5917141773024,87.47236567423778,32.990708823611634,152.27306492894354,33.396800087063156,153.2591608897556
3067,108.74801362239758,87.30680814229288,108.64461569581624,87.48501751615501,32.89207310723521,152.65831675278324,33.37986795390793,153.54704975737448
3068,108.79904456162257,87.32091554955299,108.69493851776683,87.49674465116716,32.90050209789473,152.9950440459606,33.477409839007606,153.7904058534726
3069,108.84623819001129,87.32095779981685,108.74115659641141,87.50328683779591,32.64983253478316,153.2662028144505,33.30112027501471,153.99782097733447
3070,108.89637438487806,87.30690701694951,108.78961820732962,87.50570950044185,32.602193919599465,153.48474924468866,33.25028767484877,154.1807174393244
3071,108.945117599266,87.30393497693562,108.83784652561748,87.52200226085125,32.629533492722096,153.65927319209675,33.17947123195798,154.34670113623224
3072,108.9937080794193,87.31631358066565,108.88741226118286,87.55117473575879,32.71946495387489,153.80505107037166,33.133103008825444,154.52019237467832
3073,109.03779835372768,87.34655041955666,108.9317980097618,87.59322832121366,32.66662740431728,153.9289042820491,33.061202385722595,154.70925666525275
3074,109.08113953763802,87.3907550420931,108.97717504406361,87.64344042626796,32.439931057100964,154.07643091729722,32.79463127666287,154.91347523900694
3075,109.12321295633234,87.44142972489402,109.02010608493455,87.69468783494122,32.11542065478992,154.24729960061504,32.55234968544015,155.12329821888147
3076,109.16880170201026,87.50599444337915,109.06517675775625,87.75200290984948,31.930827206961403,154.42350517644613,32.30236299591741,155.31105337526955
3077,109.213622765701,87.58393733206591,109.11147486235231,87.81375799727182,31.768984190760033,154.60728492784446,32.22480739043957,155.48812811702192
3078,109.26006979967849,87.64936308084928,109.16032611779347,87.85999657016076,31.59335478977533,154.79728921522775,32.113230434782245,155.65846083835635
3079,109.30792189479081,87.69899239200048,109.21230777245073,87.8909815390352,31.40578436528007,154.9608749383805,32.01758269042311,155.79827198849978
3080,109.36180059995658,87.73216898121933,109.26730575552394,87.9116602053579,31.210078804019158,155.11786890316685,31.894621767668813,155.9521866618014
3081,109.42163412260908,87.75320272269794,109.32889084988788,87.92712208210278,31.138733520299624,155.24874654559096,31.764029050842428,156.08899085202256
3082,109.48877046448143,87.76338788579417,109.39583981903924,87.93631372930545,31.120712031771262,155.36505489167362,31.70062932973708,156.2282960187271
3083,109.55913783960017,87.75994236858092,109.46421120518646,87.94051411348077,31.070116887339655,155.4892143840502,31.549863769247732,156.3688334312067
3084,109.63120821624467,87.75394800565724,109.53169858564378,87.95616052308347,30.89554735536235,155.60345114389196,31.378197012106543,156.49446012058743
3085,109.70291116207535,87.76141067532416,109.596904760249,87.98439069417851,30.681413812849097,155.72851013932268,31.136106330117904,156.63869522357294
3086,109.77126738234514,87.78600084134801,109.65733310546592,88.02493531224245,30.635588126957632,155.838601244191,31.171572595558292,156.73673286712645
3087,109.84016234713843,87.8258883758115,109.71978774027991,88.074657355724,30.564663171493677,155.95026103613918,31.118486741326375,156.85927113615605
3088,109.9023350960941,87.87729763080428,109.77790948472467,88.12948542291316,30.52038618807018,156.02857229433425,31.081133431962208,156.92427259691155
3089,109.96002200460147,87.93880605689799,109.83594807353174,88.18444632315804,30.479964257849666,156.09752926722837,31.09732564065928,156.99325956841807
3090,110.01693530182361,88.01431792662528,109.89568628038406,88.24450320679867,30.48218119031084,156.18666593512742,31.0705391863713,157.10515620827564
3091,110.07399150783759,88.09148510746435,109.95682538920113,88.30740772975285,30.54241258402945,156.2628719151179,31.078841106789113,157.19036988383274
3092,110.13191208991256,88.15899188537269,110.01806375831339,88.35992113392264,30.370369224112107,156.33624147414167,30.65610209184068,157.29805392181257
3093,110.19098469764069,88.21540443269107,110.07697449235886,88.40436499415274,30.135632742137958,156.4719475955851,30.458856895634547,157.45425440872492
3094,110.24813867207449,88.26180159215826,110.13545034952425,88.44308906324173,30.00906513091062,156.62402993980072,30.3713883911684,157.64614260080998
3095,110.30781762044343,88.29969023347826,110.19396536193742,88.47725578489334,29.641410044507104,156.83964467498237,29.968904605903326,157.85559560436408
3096,110.36936524877994,88.33248395117245,110.25532914327175,88.50887295648693,29.340523821019566,157.05526119699493,29.78514794615705,158.04114203786156
3097,110.43107502498736,88.35647877305155,110.31729497295967,88.53740684852055,28.81562518321452,157.27479837573378,29.286689635965672,158.2501404189413
3098,110.49239433956508,88.37198743440588,110.37991022089494,88.5634295643978,28.262122875519903,157.53940823787403,28.877217783765982,158.47662981352008
3099,110.5524974352139,88.39138056167204,110.44074714433427,88.59192788492142,27.93577192894716,157.7888347429145,28.437384540090186,158.67652404415344
3100,110.61307975634753,88.41398613812554,110.49993089650964,88.62165134558047,27.321865701243322,157.99612184140273,27.82462521820928,158.84713947257373
3101,110.67216866045014,88.4381881719139,110.5564190671318,88.65073216048013,26.975503832938777,158.1476398090383,27.779342194286087,158.97219456132996
3102,110.72934474313197,88.46468109191227,110.61073839482056,88.68042982931398,26.770383694854278,158.2722409142175,27.608159395235997,159.09070660842798
3103,110.78331205417823,88.492592781712,110.66460847404014,88.7106442227056,26.605718617466266,158.39049601860924,27.6648355437753,159.19571566480317
3104,110.83516349834805,88.51782261553811,110.71732657051157,88.73416463074814,26.691906816128338,158.53587114537336,27.711947102921727,159.3771777047368
3105,110.88667769335673,88.53994184373255,110.77191587607388,88.75172156478224,26.842471423823703,158.65083621898557,27.8279604121985,159.53894029219055
3106,110.93789981716242,88.5547014351272,110.82623482337604,88.76330613078159,27.052983142172902,158.77007290196846,27.89329643317876,159.69360175431694
3107,110.99287141748968,88.56340875596445,110.88505437104783,88.77086294216723,27.68293146164074,158.8946996654023,28.269725809539207,159.83469325961093
3108,111.05082047708922,88.56788123493756,110.94562705000007,88.77633143480345,27.992933305479855,159.0332620077997,28.569958834937133,159.95616560646096
3109,111.11192678475432,88.56674307212042,111.0076465737922,88.77930570016561,28.32017330107803,159.17015641764354,28.699092087407276,160.06947939227769
3110,111.17539261252871,88.5599965438387,111.07100565664223,88.78027923003086,28.54251707706081,159.31108062970068,28.849327576705917,160.17606236445326
3111,111.24342985345976,88.55324740670659,111.13786008126064,88.78051766607992,28.947829529612793,159.3820133320103,29.227251350188837,160.26139809083202
3112,111.31089485424096,88.55288471727573,111.20264187622391,88.78822667886683,29.31048385689914,159.42590889688853,29.54803144537449,160.30722679892943
3113,111.37820347054766,88.55946663172276,111.26523701033898,88.80178487690567,29.71779887179847,159.45931895036193,29.839596359928677,160.3557328542545
3114,111.44155511966565,88.57118032129826,111.3247148868441,88.81801765466476,29.843161394856605,159.50884724980529,30.000812555146705,160.43315778270482
3115,111.50135320757775,88.5846558205903,111.38124317704208,88.83294482222604,30.049470504359302,159.53874526283465,30.244181601750974,160.47689008879715
3116,111.55868711914071,88.60354333151473,111.43627369348414,88.85099723083235,30.438488797975644,159.57337422325392,30.58217480309545,160.5345468559801
3117,111.612292724447,88.62722186272416,111.48902975887356,88.87078948930542,30.753819531667567,159.61051192563727,30.79757860745738,160.60023252465194
3118,111.66209266909642,88.64637296464929,111.541989905687,88.87977920452651,30.831375460348397,159.66172219870967,30.89427825595923,160.67238049599032
3119,111.71187869513302,88.65449775647527,111.5957002558634,88.87902099562267,30.788645269360728,159.75152522017711,30.822239059517415,160.7617749147458
3120,111.76281680160504,88.65141889662443,111.65082591122993,88.87007319773558,30.845470245946267,159.847353760823,30.938195807222083,160.85330824993397
3121,111.81762171893003,88.6391081451799,111.70992308653192,88.85540669828968,30.973287117314943,159.92935744896994,31.058740181620216,160.9460599166624
3122,111.87399194187707,88.62104509370728,111.76856526488365,88.83762117251167,30.956575368577635,160.01849984810585,31.06820908914794,161.0122234405128
3123,111.93192464930327,88.5933245669066,111.82707350803815,88.81586308026954,30.807373447479062,160.07859420557455,31.031467442885834,161.04678770993186
3124,111.99167345583434,88.55654774769616,111.88545665035018,88.79105161558311,30.57868186778497,160.11864314704823,30.83624723687009,161.06630324790484
3125,112.05238242774719,88.51999316303578,111.94407812143046,88.76494636806103,30.07302562355616,160.1391307985605,30.21807256030507,161.07398693547592
3126,112.11311700309498,88.49344766014882,112.0024202442195,88.74998980493905,29.67284162732965,160.1949167621856,29.720789905977213,161.16120167999765
3127,112.17358375229645,88.47863966446639,112.0607642031806,88.7461088288964,29.160769677890126,160.28615457938236,29.338890577627627,161.300327261193
3128,112.23191083077835,88.47494550019236,112.11949627942533,88.75106906388751,28.910272838346877,160.41320993278484,29.428457120196565,161.48148336753127
3129,112.2902003910598,88.47963504202478,112.17779385305064,88.76072211420814,28.590421568466198,160.57755455300224,29.31604755978853,161.67057541661046
3130,112.34751828600221,88.49139009458544,112.23466608094937,88.77080659786444,28.532980288255594,160.73419781318108,29.549177124715925,161.7927006021586
3131,112.40579994447157,88.50794422700363,112.29340593995913,88.77807914412853,28.575961429994017,160.92125779374322,29.709364158771727,161.9250759878263
3132,112.4635662681978,88.53289863623132,112.35108842090877,88.78958786732836,29.2156713898666,161.1496799834146,30.214251315885342,162.08068943977753
3133,112.52158212271371,88.55098095271815,112.40912315571585,88.7949388079169,29.94884196450677,161.34582323517327,30.742307121687954,162.24062514048768
3134,112.58060628173385,88.56040916527824,112.46888837550016,88.79526411458961,30.830630847578956,161.49731447908454,31.39038521516705,162.37627775531155
3135,112.64348708625187,88.56182309430298,112.53408608496653,88.79238046882362,31.451842213497322,161.59561544500258,31.940057778330022,162.47999998539353
3136,112.70727741662411,88.55692523144205,112.59876899153821,88.78691900934503,32.04240627035599,161.65384714963997,32.15178196241514,162.55098273830555
3137,112.7689910737338,88.54809738938228,112.65787966584126,88.7794074289285,32.39429280099921,161.72948669359937,32.310726739816715,162.60301617544152
3138,112.82454361603484,88.53760556102951,112.70989513931018,88.77026969904274,32.79981174844167,161.7768144061271,32.4875949579348,162.63987302800172
3139,112.87798249325935,88.52884634464479,112.75914506459154,88.77107174251688,32.886554136328996,161.77148003259882,32.55860790564024,162.64515227252738
3140,112.92895348262857,88.52905469202156,112.80664067064,88.78043064785393,32.624602731980914,161.72745215093394,32.24939657889719,162.63016373800173
3141,112.97841615228536,88.53792042900768,112.85614770041933,88.79607820482067,32.3512371029534,161.66399514632255,32.21300708052029,162.59903744861032
3142,113.02165241189958,88.55477167426196,112.90453591206315,88.81664134738838,32.08955689792723,161.59049383417624,32.23047394421569,162.5551413798708
3143,113.06608981737193,88.57974377915191,112.9572483646097,88.84128560766028,32.0414457276108,161.49468559155807,32.316305939181035,162.47691804722191
3144,113.11335962001301,88.61276906799377,113.0107997263597,88.86912869577401,32.09424506071338,161.38853785541235,32.51598088021118,162.39516805444367
3145,113.16480178006846,88.65259802851277,113.0642947841313,88.89775442126509,32.144036173223576,161.30298924462298,32.7217120534573,162.35398931079976
3146,113.22002277373367,88.68230153671539,113.12001384537652,88.91463987544832,32.18378515544434,161.2581242252418,32.801449128032225,162.35365656339872
3147,113.279276895273,88.70276377369623,113.17805035929828,88.9238215429769,32.30666474050338,161.2146202748703,32.61503988850307,162.33629802944253
3148,113.33914178660088,88.71566910501583,113.23712912257028,88.92886793778459,32.34802038200058,161.1905093088699,32.563407808180095,162.33017506817552
3149,113.39981143624256,88.71992453750522,113.29443152088973,88.92890291405985,31.927398336015504,161.19740517878063,31.92183003477096,162.34955354319007
3150,113.45703076776545,88.7155263141001,113.34942931027167,88.92494056450818,31.4982925856119,161.29100627015023,31.467828140324304,162.44362083532047
3151,113.51406113580813,88.7036399974567,113.40429988743237,88.91947154200227,31.098403964293713,161.42249539880794,31.278971992222417,162.55222181533284
3152,113.57008979499034,88.69539193691423,113.45763850414221,88.92638951571307,30.636484355064063,161.49488695662845,31.08338919762938,162.5813058726362
3153,113.62246657483209,88.70058515236086,113.50801888323008,88.94481803361856,30.090695389101757,161.52518703945,30.7267911789338,162.57790881285703
3154,113.67062390651174,88.7179928442728,113.55556683024895,88.97231027497381,29.592169241028536,161.5476530603518,30.25914195574423,162.5469516560472
3155,113.71550967053376,88.74377178038637,113.60203571950518,89.00376865647262,29.131878083493966,161.5849574312389,30.034110949967303,162.55088600809378
3156,113.7590529522709,88.78033940091774,113.64732910844343,89.0400930242715,29.199499690577355,161.5858154017749,29.994115018543276,162.52737018242178
3157,113.80633265640604,88.82818002177768,113.69805644115002,89.08073468587237,29.064025661010565,161.53502438010085,29.73391894763886,162.51536179004157
3158,113.85552813682408,88.8843267307289,113.75188443226898,89.12271262907224,28.75885585688072,161.50317948664107,29.464976244575528,162.56474074965456
3159,113.90701915106247,88.92960505706056,113.8080495190853,89.15249511865251,28.511086752237013,161.53629386551557,29.283753935763297,162.63771577545066
3160,113.96271487861951,88.96357109504916,113.86637155596813,89.17330330428824,28.26090987570725,161.62134267260805,28.936303610419642,162.74208504894304
3161,114.02288726997243,88.98786561828497,113.9263436702754,89.1890369884353,28.054524565496965,161.76436928012313,28.53932438673858,162.87866133080158
3162,114.0850791532992,89.00342387646931,113.98572214728863,89.1989358255562,27.917465754708985,161.91860336608434,28.466248366449307,163.03218563396982
3163,114.14989713239929,89.00902405954875,114.04503681508758,89.20419296603478,27.915647597947466,162.1257704078998,28.73821996118013,163.2017804279337
3164,114.21137208231275,89.0058752727598,114.10212579197676,89.20746814445164,28.132157755357735,162.35881202734032,29.033545706907734,163.38122330719636
3165,114.26702714757526,89.004345810629,114.1530031664551,89.22190755479481,28.58259196661685,162.5814318718817,29.535953496382145,163.56908519587412
3166,114.31871757851353,89.01439434368638,114.20146076040929,89.24594167222004,29.03598452550814,162.78253914007442,29.975765813943028,163.72317010568892
3167,114.36530759819672,89.03527608879236,114.24639753726788,89.27729895294776,29.374693576216792,162.9405349906753,29.964448079961198,163.83185420530646
3168,114.40799162617984,89.06481536972747,114.29011316467852,89.3135671305817,29.775948362929736,163.05065912089307,29.92092461632786,163.90445570305147
3169,114.45031874325996,89.10460129900386,114.33609693467514,89.35428534451323,30.05490019088611,163.14721996313042,29.962010608637815,163.9882387223231
3170,114.49239107677154,89.15450081167958,114.38410999074262,89.39845721407416,30.08889618846742,163.28263370959576,29.981489900024215,164.1557468463892
3171,114.5360843196202,89.2131700224787,114.43451303309737,89.44498503246278,29.976816224721492,163.44257845449482,29.87102143984128,164.36812506868753
3172,114.58405088454559,89.27025766490071,114.48594610128984,89.49164688219126,29.418127874081875,163.62729270310126,29.425215544807603,164.61696397458536
3173,114.63568096476014,89.31857727387789,114.54022169232087,89.52947362599083,28.838346783240503,163.86218226131976,29.075229286622296,164.890736010802
3174,114.68732700903155,89.3581598740163,114.58975086768933,89.55956332834337,28.40109147379947,164.14520223280175,28.63159293650333,165.16217955563982
3175,114.73685139145927,89.39069438266235,114.63404276938407,89.5848524217234,27.697770470409065,164.47489131882148,27.86920267147465,165.43051521342633
3176,114.78195300932785,89.41574957555729,114.67438990195039,89.60639473494504,26.94828460512544,164.7873741424706,27.270725417939452,165.64675486841273
3177,114.82095799087274,89.4333630963464,114.70951044897646,89.6249935248636,26.211244380413,165.031998246677,26.798320298402874,165.8253128176587
3178,114.85058418926424,89.44398058560162,114.73635546410091,89.64112011197145,25.569822887169753,165.22501520356602,26.42617629595621,165.97420458524985
3179,114.86918308824073,89.45540223141435,114.75324800541647,89.66435464734948,25.182109922318528,165.36799929419598,26.128439846638724,166.1009703101112
3180,114.87445686055298,89.47303830420582,114.76149244501768,89.69235336633773,24.788327210705155,165.46305645601126,25.885359382856965,166.2113189502054
3181,114.87282372536662,89.49584085559518,114.76443171481185,89.72174647228265,24.50792253476338,165.52603423424367,25.687774096060135,166.3064874241222
3182,114.86547759023505,89.5243086779115,114.76357240249507,89.75449151212287,24.51880346477795,165.55661598695366,25.528317004556516,166.38916337275253
3183,114.85265284806806,89.55853295387766,114.76012198894374,89.79001258473782,24.51974149413302,165.5910245410529,25.398615595865902,166.4620670977202
3184,114.83899923443111,89.5910804454154,114.7589630818249,89.81732073867126,24.51599832739118,165.6211788189926,25.296287882653132,166.51934293834984
3185,114.82899293897094,89.61958118837791,114.76188540631007,89.83491070782773,24.5123900572208,165.64355692824594,25.21964121196451,166.5607252159179
3186,114.8249246027994,89.63622964083346,114.7679693011545,89.84269688721528,24.511410925997893,165.65600972826886,25.161927100499728,166.58758969408552
3187,114.82709954275789,89.64157211694506,114.77633221790292,89.84259280343339,24.51688644518154,165.65731426606226,25.119169581869823,166.6027418117503
3188,114.83653124129246,89.63877277286915,114.78950588522771,89.83803771977666,24.52842183318312,165.65072847771202,25.090911616099167,166.61044097748496
3189,114.8514299491113,89.6279232538043,114.80449292079336,89.83237720242089,24.544033523673352,165.63796100332303,25.072503892587683,166.61454787445777
3190,114.86743114282939,89.60982187650022,114.81526995974,89.82695025657037,24.561711207601956,165.61987946956214,25.058793512777047,166.6170110131913
3191,114.87967804630738,89.59211457640595,114.82007878742922,89.82223030361943,24.585281003676897,165.60201179031364,25.057367664989176,166.61840430609598
3192,114.88873479781347,89.57891761864245,114.82359610068447,89.82013514676945,25.1921116169291,165.5888895771446,25.878414459666853,166.62133586772177
3193,114.89708181862012,89.56934311048649,114.82898863390149,89.8175227941712,25.82427341215784,165.57942774271635,26.57068470110031,166.6228989913961
3194,114.9076583859064,89.56411262580338,114.83995650205405,89.81512522696947,26.58149265477941,165.57411566283687,27.30464290367627,166.62354755712246
3195,114.91934498448613,89.56708579920398,114.85676772387873,89.8202195450859,27.388541589737716,165.5748123164591,27.967986076468613,166.62805257497277
3196,114.9324647636062,89.57629539809476,114.87668489059075,89.83100168238406,28.01849147009713,165.57982824935672,28.253706753917463,166.63565846996815
3197,114.94892000458157,89.5899014191403,114.8960841894327,89.84489754110022,28.588091547091697,165.59369999694897,28.400766455116496,166.6533225808544
3198,114.97148003706977,89.60810091804201,114.91623399245488,89.86209458780921,28.742483934347693,165.616370926686,27.943988315131605,166.6791546222873
3199,114.99865776207922,89.6294194290183,114.93861528108432,89.88184852118607,28.242515450714905,165.64596025051623,27.497453218284186,166.71139987921202
3200,115.02799494358504,89.65509357492283,114.9621083475679,89.90289495198999,27.724628539727963,165.682757256616,27.136705554909607,166.74651299403186
3201,115.05832578363398,89.67821722914469,114.98893353186929,89.91582479774407,27.036192042620886,165.69388611183413,26.792307279698836,166.73805005844775
3202,115.08902317613668,89.69369582239939,115.01886655240632,89.92237868985733,26.567399294506526,165.70733078160174,26.905575919418347,166.73839411462438
3203,115.11984443365067,89.70202940506137,115.04949702586124,89.92437606650714,26.288993570085765,165.77010376694787,27.01398636674286,166.81179356976875
3204,115.15297467172917,89.704266846953,115.08076946207589,89.92275074663219,26.159601098546112,165.7854390865765,27.22794399229923,166.81573881616976
3205,115.18643441094677,89.69990038245099,115.11078637057277,89.91822434103315,26.43065789804959,165.816004081995,27.386341805249227,166.8518191003615
3206,115.22200263455056,89.69701918155693,115.1440453970568,89.92270634196875,26.711257436900524,165.87822179301946,27.44457791958454,166.93661800211032
3207,115.2586159122202,89.69750787730227,115.17777442078943,89.93631641139503,26.88824811411461,165.94828496704372,27.34150931937706,167.0248633373025
3208,115.2955972005148,89.70856415326323,115.21326829576329,89.95807957210063,27.362462222286993,166.06828469004165,27.61877359322687,167.12858756756242
3209,115.33178390198336,89.73027450839639,115.2489082499915,89.98656513090772,27.4493774574599,166.23206680223947,27.688137133879252,167.28015859943892
3210,115.36778132900608,89.76185714577869,115.28399617005515,90.01999324855369,27.546287195563522,166.3507717017983,27.775968957420282,167.41157228534112
3211,115.40402155581322,89.80316328698304,115.31903804227878,90.05694978529353,27.548454201494316,166.52799281969942,27.8410842101823,167.54303000934394
3212,115.44285512582765,89.85421194538904,115.35580670238703,90.09710165200164,26.93437834074606,166.6952257587833,27.017216827798404,167.66795413833825
3213,115.48173125254267,89.90700738414596,115.39456465868311,90.1398575088157,26.567479224119257,166.7848095373302,26.635359716844633,167.71529851587735
3214,115.52162092794067,89.96015395711449,115.43395216747615,90.18429940149629,26.52151050368954,166.8387141718148,26.630592534002997,167.72300790797843
3215,115.55875256287183,90.00706912801297,115.47013768212366,90.22211540606642,26.196993058434323,166.9328588755861,26.59573510025613,167.8187085379075
3216,115.59616640671067,90.04804323035735,115.50679845175388,90.25518481419714,25.995224761601243,166.9663848395016,26.587418386651333,167.87914656604076
3217,115.63415416819998,90.08336284065105,115.54364070731958,90.28448719797966,25.627914590117793,167.01339100167905,26.381667426791928,167.95704320769582
3218,115.67198378640147,90.11363530835683,115.57957089292927,90.310775962284,25.09924250318626,167.09938766144398,25.985409380482473,168.09917251120578
3219,115.70869941193664,90.13827792663038,115.6156426480591,90.33467773277604,25.227771815843656,167.12660391875275,25.712383349414875,168.15098290578882
3220,115.74323531351065,90.1618370786638,115.65090460166392,90.36305161217318,25.178047941849865,167.16839923528596,25.520649050293443,168.16028791816132
3221,115.77572364744707,90.18552887726933,115.68439143005155,90.39587017532139,24.82857970516212,167.25569692339792,25.249230994340486,168.20130006629438
3222,115.80707942296371,90.21571073331111,115.71428924001414,90.43357877217451,24.554533752897484,167.28621127028714,25.108382236617558,168.2439914800239
3223,115.83906745806843,90.2518443448372,115.74694110896466,90.47498795223552,24.43382114061743,167.31633046756144,25.22858262906403,168.26157204592812
3224,115.87140062849707,90.29396694270729,115.78106695460137,90.51934958415109,24.497052402203096,167.32524197494243,25.382967480570976,168.2755215277447
3225,115.9063125774885,90.3420156005789,115.81845226801765,90.56600571329538,24.934828172841442,167.24898041227607,25.79914541191612,168.24725212184143
3226,115.94408392189362,90.39614058287326,115.85963182995357,90.61463008111275,25.293915187186105,167.23482522833376,26.065705077732964,168.24968512477864
3227,115.98290955571882,90.4515770087482,115.90045427077459,90.66465416701662,25.6746935084309,167.2354479295654,26.336750200273656,168.24015663612442
3228,116.02308605753149,90.50545696887197,115.94037062081668,90.71269208050424,26.19593660771867,167.20385983950638,26.631627940518175,168.22106284311272
3229,116.06491992278828,90.55696462748195,115.97746272205198,90.75892602671595,26.26911931846968,167.2031244638812,26.316339000754798,168.25869129700666
3230,116.10420925157942,90.6060434920445,116.01256427510803,90.80407000976801,26.132270414484825,167.2030840281948,26.003576993574974,168.27324351673522
3231,116.1438018136912,90.65440581010185,116.04889015651477,90.85019944709286,25.88000487429363,167.23700836004932,25.649770680310713,168.33241449922266
3232,116.18268111185571,90.7009377636552,116.08719554883027,90.89589620442248,25.42047950079815,167.35729518195566,25.369006184512294,168.4612417227741
3233,116.21838806703438,90.74609231092431,116.12458761685794,90.94172755440563,25.11596425195115,167.48012234683983,25.29449349637779,168.592903648299
3234,116.25456742470634,90.78997239700851,116.16309510390724,90.98779533731332,24.53219548120674,167.64502188768975,24.90257723451472,168.7455853353128
3235,116.28939156388941,90.83511723765801,116.1992820301584,91.03446344268934,24.449318078271336,167.8390751680433,25.3678300388952,168.89718363214874
3236,116.3250570458448,90.8820126128123,116.23438356275737,91.08182275911233,24.423365061648642,168.0590377210455,25.269168877022196,169.1070375654386
3237,116.36043263380992,90.92940261613074,116.26777406189511,91.12892526736177,24.511870592584057,168.28359089198338,25.288361231049677,169.26647358740686
3238,116.39370191170205,90.97663622916379,116.29959889679164,91.17616864777007,24.413925918228237,168.54058512052669,24.942551244717542,169.48738449179814
3239,116.42541363790818,91.02473192403994,116.33217088678992,91.2240138691042,24.226051554043575,168.7098112269738,24.540172396748535,169.6221259153316
3240,116.45640094198153,91.07619188826456,116.36392245922234,91.27620415233218,24.019105984256935,168.86081719277541,24.342184268950227,169.7326376541739
3241,116.48540506920402,91.12982573631517,116.3951921413695,91.33050730660533,23.99818332095791,168.9856036627821,24.111657590424898,169.83215176066923
3242,116.51652810629338,91.18510698287142,116.42858610350227,91.38610692120793,23.415767833490307,169.07542785278687,23.919618574633404,169.89239094643733
3243,116.55207817458154,91.24287007252295,116.46746540926563,91.44382702395328,23.339030932016733,169.08348359590286,24.003756887433273,169.91364665358583
3244,116.58884898504469,91.30143682548112,116.50572553437573,91.50054488840274,23.382183066092225,169.09048983377525,24.336173914805237,169.92140774794228
3245,116.62589938185167,91.36033935736857,116.54193994850343,91.55608776932837,23.8356289410024,169.023371553883,24.813872061583393,169.91839814139675
3246,116.6619878346173,91.41937348246918,116.57650824948196,91.61049236706691,24.90783769986007,168.98018216017138,25.936703345972543,169.90671841058114
3247,116.6981016458302,91.47519940572799,116.60985698455922,91.66338661232086,26.08723510453783,168.94258548302773,27.112137927662467,169.90727907254407
3248,116.7338378036498,91.52936050915608,116.64199030386348,91.71611982022829,27.26979778410148,168.91614303101875,27.983135199597687,169.9349647155304
3249,116.7667976974638,91.58193387064789,116.67222109238281,91.76828641366085,28.5014302049461,168.90416007679997,28.7419631887765,169.95790592706757
3250,116.79452946303485,91.63218998620408,116.7012335596302,91.81999010448911,29.69787154547993,168.9328007838391,29.538560677805403,170.00613999578025
3251,116.82106256512668,91.68218884283613,116.72999992207393,91.87165605370916,30.746470955992578,168.9578642828548,30.235139744092066,170.03051120853283
3252,116.84809190729099,91.73474852752152,116.75918822190403,91.92653869771641,31.52053435893146,168.99072660932637,30.61698175511613,170.05166737275653
3253,116.8757085563958,91.78977873695642,116.78884908143509,91.98370147909878,31.99022004644289,169.03133753580084,31.232907674630123,170.07021242607254
3254,116.90306330548673,91.84819885880552,116.81802451153565,92.04374331785588,32.494640933579134,169.08877886614627,32.05491005995291,170.11851040656035
3255,116.93124388763668,91.9095218734557,116.84793782969305,92.10619560482878,33.34029600925948,169.18404516497807,33.12008953212923,170.23728599280716
3256,116.96105059598707,91.974713512355,116.87862439783112,92.17143023283845,34.1321118864995,169.28211740068974,33.957905502964095,170.3368233266493
3257,116.99060146982906,92.04350633199067,116.90775783528997,92.2388761906122,34.76998460018474,169.35399509216717,34.60515088776482,170.40999713533563
3258,117.02108047404383,92.11577781388154,116.93797971857853,92.30813219126534,35.36170275238343,169.44203573353647,35.1190202514755,170.4770710752387
3259,117.0518468657341,92.18942530055527,116.96866399988244,92.37887111787248,36.277982590557606,169.5218268028145,35.80772249256772,170.52072959082832
3260,117.0817660867689,92.2645322921922,116.9983170616074,92.45071567038109,36.98351825724292,169.60098553927685,36.37336219350591,170.55631440175276
3261,117.11194675104277,92.33999514455967,117.02788147863242,92.52306123300242,37.24307264605329,169.65665338467971,36.53158464015084,170.58540528717066
3262,117.14185761176441,92.4160727504557,117.05773484091011,92.59623158725633,37.16396725659711,169.6554680996554,36.59202445736753,170.60930103218337
3263,117.17071314820296,92.49206790188302,117.08674219269685,92.6696168188619,36.97301557990504,169.68158019314814,36.46416316574833,170.67051109169321
3264,117.20179313454504,92.56829722275306,117.11765904986767,92.74388159971379,36.85606880506773,169.74259136984597,36.44701314980648,170.7623410944643
3265,117.23245592750251,92.64359073855857,117.14890785285866,92.81773507273068,36.957646585628446,169.82711606725277,36.7352894903005,170.8774678285722
3266,117.26195698208703,92.71835821956554,117.17877446802082,92.89139109329318,36.763888032010684,169.94882475195413,36.82926855265855,171.01160871896906
3267,117.29360332458026,92.79256180552169,117.21072970377237,92.96466218200264,36.46981589284829,170.06546417587901,36.77847219064656,171.11238367398337
3268,117.32930250467955,92.86568056914794,117.24779107321673,93.03658490885981,36.79208980408608,170.1588812942055,37.306801692833595,171.16103268884763
3269,117.36271108499204,92.93548739069232,117.28039277394454,93.10469167303732,36.988103281422816,170.26086286163337,37.48627857297984,171.21229144100772
3270,117.39644283762821,93.00256368762592,117.31215580903422,93.17045158832107,37.10170752516783,170.3197343346686,37.3381021922958,171.23540558127382
3271,117.43287561513013,93.06620131732099,117.34886385250306,93.23330891844769,37.16541848509207,170.37330263446592,37.235625955351836,171.2887740935443
3272,117.46766782883243,93.12352814683155,117.38260595000072,93.2895907372421,36.881375716120516,170.42819321362873,36.96882148671201,171.3755038902791
3273,117.503418270039,93.17492359312605,117.41584354814405,93.34097396325967,36.753885863365795,170.48183630418578,36.83786746733735,171.48535737256853
3274,117.53793143457901,93.2217899501074,117.44877831680283,93.39007444094989,36.792755260790116,170.5658579539629,36.83993099224216,171.6091059432564
3275,117.56784442967047,93.26382922095753,117.4801134562771,93.43579131228482,36.54400394215147,170.69873757508273,37.00781433508073,171.74441697229287
3276,117.59754454793786,93.30296709864963,117.5077525878995,93.4786796490666,36.54443500753865,170.84142399659237,37.24701397022421,171.87864713645132
3277,117.62805040661196,93.34380338051429,117.53671415506892,93.52672848960962,36.76400980290358,171.02311518969788,37.454285680403835,172.02286244184612
3278,117.65371740938933,93.3882639560743,117.56441640222357,93.5805541538749,36.95975988922394,171.1927004477412,37.60194705208415,172.1556795954826
3279,117.68079483136108,93.43887966962575,117.59295392226198,93.63825392834013,37.477846762316624,171.33709227260007,37.98722743417428,172.27117733356923
3280,117.70818413199703,93.49426620737063,117.6224733230224,93.69746901717365,37.914371798387016,171.45578174909554,38.264089331314786,172.368131161951
3281,117.73552621782858,93.55369129424797,117.65242702389736,93.75857925935814,38.29341863979934,171.57782125702542,38.5118334213527,172.48646193287016
3282,117.76343033179405,93.61839263677216,117.6821064127765,93.82120562422263,38.583981457396824,171.6860791971736,38.752214045487726,172.59791001891753
3283,117.79289446309946,93.68826338107787,117.71056634181434,93.88472447412937,38.94878820761864,171.7830831387471,39.15293948929909,172.69722073246848
3284,117.82125061806101,93.75075806935676,117.73871386998461,93.93915226543888,39.43199476657926,171.86672578327511,39.65596507269262,172.79505605922563
3285,117.84986631740465,93.80454192080418,117.76599468811017,93.98563299632585,39.939308658869805,172.00331442288734,40.07322553393746,172.96424898333166
3286,117.87660643567027,93.84989582880085,117.79168109204745,94.02587306317619,40.09827436762901,172.1900734655036,40.18718598291266,173.1796016284436
3287,117.90417955675274,93.88858950549417,117.82006110715098,94.06175610094368,40.347324667479896,172.35392383888401,40.37279874187996,173.32411616472424
3288,117.93375588501922,93.92051761048081,117.85194586733101,94.09479348158744,40.57693819059167,172.5726945693716,40.520757876098735,173.55765191400886
3289,117.9627820791214,93.94506351274937,117.88244634557911,94.12465829541516,40.817333182376416,172.79292657580336,40.69709027548323,173.76373716995553
3290,117.9924812634309,93.96287963915252,117.9123029729719,94.15220094601052,40.86085589907805,173.0088444614964,40.76838185303738,173.93165681152053
3291,118.02225139469638,93.98367829943403,117.94175789450169,94.18222577581831,40.75578416775997,173.2319535990588,40.80110532876773,174.09476356147678
3292,118.05210626092145,94.00770132728206,117.97018990480727,94.2136960923343,40.70179977118873,173.37412463568904,40.91383449172729,174.20276934010673
3293,118.08276976698163,94.03454453443233,117.99795450934825,94.2459492334218,40.73038175388888,173.47715645456915,40.89966354385929,174.31482517742597
3294,118.11146610765368,94.06447592497562,118.02520719182425,94.27966527961279,40.69066449423451,173.61128308555894,40.88675265320476,174.41976460721642
3295,118.13493770527018,94.0966042439549,118.04891161634836,94.31409152220846,40.58875321181488,173.65094031408935,40.789162664259685,174.4896281987429
3296,118.1572777711943,94.13116526716821,118.07142005639723,94.34861057176806,40.42479244753086,173.69469242061783,40.68283011348441,174.57133583892795
3297,118.17844839573627,94.16741983758484,118.09314784179118,94.38215162582449,40.29414055381822,173.75374476697618,40.574055619913324,174.6605116023411
3298,118.19966133756316,94.19947527940435,118.11615893392079,94.41109639836515,40.17529738370926,173.8092532665923,40.479258451788645,174.75566186433673
3299,118.22251542599427,94.22808321577081,118.14170508234534,94.43684472255542,40.18066918882116,173.88762001710455,40.66375944842655,174.84119610597162
3300,118.24811865637693,94.2540850402764,118.1709494743196,94.46080039426619,40.07527492957253,173.9648491108814,40.55206595632045,174.93343315054463
3301,118.2751438243129,94.27853229236142,118.20144313506047,94.48577923957751,39.906711918373446,174.03527503265093,40.37266686899561,175.0132612349483
3302,118.30705569433304,94.2995110392467,118.23456960607919,94.50833224640182,39.73426460904627,174.13268775646642,40.13654049266986,175.10079637080096
3303,118.3406793149058,94.31792306765266,118.26699825526772,94.5297711421642,39.58974240866234,174.20250319167565,39.958472807379216,175.1579539177966
3304,118.37683330873864,94.34018356639444,118.30022583957802,94.55824454875908,39.46054792618512,174.27296419983867,39.81370919414982,175.22844537240178
3305,118.41319766709876,94.3695262792721,118.3327680904991,94.59306285120805,39.32895311471185,174.34026476848842,39.68664570208076,175.30426045722544
3306,118.44762582944082,94.40414575056869,118.36319642810362,94.63088161694596,39.03919333085142,174.42364957283598,39.62372508692601,175.3968014370675
3307,118.4778241018005,94.44401493528628,118.3903556253147,94.67178038981038,38.88755016921343,174.50955563863857,39.5081024251834,175.49807407243318
3308,118.50794724725975,94.48710546855796,118.41913741885634,94.7148926902826,38.72047982899077,174.60861379181463,39.30360362023529,175.60366095074866
3309,118.53548848192928,94.5354486113423,118.44731288064082,94.75932869013585,38.571769289831565,174.70842252090313,39.0728648285598,175.71294155076714
3310,118.56417591550417,94.5806752932692,118.47732647695179,94.79387145717656,38.33433133842142,174.81371637801632,38.775255813826206,175.79504744967608
3311,118.59021953234073,94.61713573818052,118.50494659252882,94.82057236295505,38.18440168127199,174.87167494013505,38.65722843717051,175.81927385317707
3312,118.61530122828208,94.64426444393088,118.53171305456905,94.8409604315379,38.05424691753764,174.8833037725181,38.57908812126539,175.79332502251634
3313,118.64085159285202,94.66349834720441,118.55821544498438,94.8562444801252,38.03732153213606,174.84275452845085,38.7130560386053,175.7314393638967
3314,118.66844386750137,94.67466857933002,118.58491374859254,94.86759985455231,38.627966525997245,174.75320069716085,39.60659658875432,175.64022373480762
3315,118.69703644747585,94.67769052716027,118.61475163734413,94.87578345020665,39.19530317377081,174.61576401437114,40.175622612836335,175.52533519263451
3316,118.72616773647917,94.67325309205809,118.64459054762206,94.88182412241272,39.76521101460417,174.45874082288597,40.568654153424376,175.4304139436017
3317,118.7528183198611,94.67085265531304,118.67247135430739,94.88849238612156,40.462246333169325,174.29872335443852,40.948636337054495,175.34482779863413
3318,118.78104118153003,94.67924138998343,118.70057140659307,94.90800723314253,41.179590848553175,174.1612053498213,41.40044225839804,175.2665555276479
3319,118.81243470661354,94.69925043270628,118.73214639539303,94.93889164366666,41.87052245017467,174.02707605374582,41.74189504181303,175.1632932689047
3320,118.84382279840509,94.73088946238312,118.76258346298275,94.97893181228459,42.414077835449746,173.91076176410226,42.00363341690773,175.06446288627723
3321,118.87570169324009,94.77322543312563,118.79306869552592,95.02504303430423,42.43032614692893,173.8174550151067,42.26227167653781,174.97590024608445
3322,118.90646994156313,94.82619359548836,118.82429799194867,95.07595371640191,42.55865285630959,173.7818150081906,42.47791032075495,174.9442702941529
3323,118.9365912700785,94.88972541453334,118.85439708467311,95.13092468548453,42.67688229655843,173.77229937610358,42.5759554491157,174.95221657213983
3324,118.96775327674244,94.95992800112869,118.88389650231562,95.1858652418862,42.91190135776979,173.79870057820443,42.88366222268391,174.99918189859338
3325,118.99784868255725,95.01625389270308,118.91186983955221,95.22482160877118,43.07358347372853,173.852181537984,43.17493694241339,175.0649376970373
3326,119.02749588620276,95.05789273146483,118.9427278051982,95.25068053768115,43.2477926798096,173.95863184772062,43.405851156770105,175.15092932715822
3327,119.05797676768755,95.0885174553779,118.97364207987512,95.2711360667369,43.44874332069211,174.10169262980622,43.615540383153835,175.2551350137444
3328,119.08890913273838,95.10650472282641,119.00519051874043,95.28395827644583,43.636576676581726,174.27735202949034,43.814674006718285,175.3741494993663
3329,119.12086411300845,95.11175633832384,119.03888754941842,95.2905944154259,43.717875593375105,174.44914566817042,43.834886875628314,175.5039312576223
3330,119.15367896638797,95.10674397943808,119.07203026182692,95.29569839048341,43.87224949225467,174.63029380399132,43.87798471750596,175.65350043154206
3331,119.18518593720245,95.11231199304193,119.10199190868761,95.32529496567531,43.910002994801886,174.83455101499754,43.97716066900387,175.84592330376105
3332,119.21414170162033,95.14122932594708,119.12682278526968,95.37692369958987,44.01732790258616,175.01969447354895,44.20057447326885,176.0010869062901
3333,119.23726027136877,95.19310123625417,119.14705467280368,95.44502247235961,44.0544869021693,175.18436936881508,44.27862097985784,176.1304342611145
3334,119.25842387428891,95.26065551077119,119.16673113143138,95.52122518639709,44.22440618028357,175.35078275672808,44.55188042997097,176.27175841716897
3335,119.27839859571799,95.34907039893196,119.18755477860495,95.60778722833967,44.49885103212812,175.49015777316205,44.94782026877966,176.38229189739528
3336,119.29542354934908,95.45816924761259,119.20877330397157,95.70248107658627,44.92448377260907,175.60980241824018,45.337628107542066,176.47861513581515
3337,119.31420033563366,95.58295046050314,119.23425031239577,95.79995985100523,45.24776110304723,175.70284903551973,45.53302309347716,176.56365851923593
3338,119.33815954127537,95.6885168117467,119.2653421584204,95.8767690512309,45.48760715555327,175.73995064491234,45.63792769490466,176.6261061370871
3339,119.36638918388992,95.77440370381042,119.29690699320882,95.9379745554122,45.68141841240031,175.79091820169637,45.799499447306104,176.69607356138005
3340,119.39870448828925,95.84315945079516,119.32838157751824,95.99017299089302,45.97574946304228,175.8433049985788,45.97017868563983,176.75980108262664
3341,119.4324983145509,95.90197136441512,119.35908545144086,96.03964668438167,46.68058857349906,175.88278614648127,46.89191483538081,176.8305545457581
3342,119.46706101702465,95.95110881029152,119.38980938023509,96.09123749448692,47.32692230224165,175.98265807061145,47.72458209189499,176.9690668074716
3343,119.50199137254221,95.99292781851379,119.41957564938782,96.14778775690624,47.91887725183106,176.05537263022202,48.38878481450431,177.04994622965856
3344,119.53532170166865,96.03109484491847,119.44942445785975,96.20962212434657,48.7135216232339,176.14385898422202,49.08347463027834,177.14435286511195
3345,119.5632043400596,96.08208825535058,119.47662826200597,96.27613239909822,49.493671518967055,176.22950527863603,49.57176359397611,177.21084477721348
3346,119.58840664865036,96.14481538558994,119.50114365539496,96.34513980579294,50.261310990073724,176.30595788363786,50.02109016666389,177.27075009396066
3347,119.61274406046255,96.21633765064462,119.52587486620187,96.41609165656102,51.04554372087058,176.3906645671976,50.44576128725123,177.33821485002437
3348,119.63641523973526,96.29342951926911,119.55022189493249,96.48838154036942,51.32143931489736,176.49165482996807,50.85788361689662,177.43476829953937
3349,119.65921769794875,96.37331234711148,119.57463508500776,96.56205963875317,51.42108108028538,176.55735949876683,51.036631642228606,177.5443666257499
3350,119.67999167049882,96.4520526965657,119.59662178284644,96.6347619492378,51.48975353128928,176.66209417972127,51.13770278562016,177.6570236890406
3351,119.69737335900075,96.52282477555728,119.61524584214204,96.69797371398872,51.36099431713874,176.76328795540186,51.09873046037098,177.77123207630962
3352,119.71437441582631,96.58458797034439,119.63310661339752,96.75333508030918,51.27812565801481,176.87412674719366,51.06813988940332,177.86758542004497
3353,119.7286864648641,96.63809279126959,119.64636796704025,96.80183480882555,51.14980061957741,176.9831740688762,51.038183033082,177.9488900102635
3354,119.73608036376585,96.68369206620157,119.6524054169636,96.84529700673482,50.971979327174566,177.08090835709658,51.01006744504935,178.01761639775404
3355,119.73589252272926,96.72125996034362,119.65124895150785,96.88451295424484,50.73741508166462,177.15102340071883,50.982587663810335,178.07664269980435
3356,119.72442314771754,96.75078025031821,119.63942386830198,96.92041821971561,50.60409294745881,177.20064155174262,50.949660161253924,178.12753982855617
3357,119.70065547776981,96.77392155342869,119.61512632721207,96.95359933469,50.490343772905774,177.2357367138541,50.90880478521,178.1723008123837
3358,119.66582749241972,96.79628634264353,119.58128101275231,96.98435042659014,50.45233612480492,177.25593653912983,50.862398896708555,178.21172452653778
3359,119.61942602360499,96.81254456922741,119.54098805260467,97.00519214906981,50.40435026659493,177.27428658797186,50.81190865427201,178.24566869062383
3360,119.56426516871947,96.82388273396066,119.49544386026103,97.01924270625678,50.35136175317802,177.28799027656814,50.758971595396396,178.2706209549563
3361,119.50421176093197,96.83156992925532,119.44747408222206,97.03003877467849,50.29234076053132,177.29895466626047,50.703939180098295,178.29042076052627
3362,119.44132678881593,96.83650141719104,119.39928262722945,97.03914435354828,50.2291661235677,177.30765595272382,50.649304358700164,178.30696607292063
3363,119.38278440653708,96.83623799291927,119.35584507361114,97.04381797426952,50.169839881452454,177.31428487092026,50.59989702684456,178.32116841941635
3364,119.33472555274564,96.8332514339109,119.3210492087579,97.04808170329312,50.12061598710268,177.31842835633515,50.5601789859211,178.3329251131357
3365,119.30231895985584,96.82648229837139,119.30065460245768,97.05044441175583,50.086177373529914,177.32021080148874,50.535293768284916,178.34270412258525
3366,119.2851454340057,96.82270756782805,119.29258146271509,97.0527885453652,50.06637275301675,177.32057660307945,50.52264650335463,178.35095146238322
3367,119.27915386507894,96.82112407962997,119.28836977909516,97.05510142708431,50.153628721290126,177.32277126977155,50.64976309821812,178.35791344618065
3368,119.28141143916328,96.81697949987566,119.28487211698464,97.05294659825546,50.25076332902653,177.32407803608703,50.7524918447639,178.36213265825592
3369,119.28829217518042,96.81068284944506,119.27887162034504,97.04864760374578,50.27102817653078,177.32395892565967,50.716655575879074,178.36416674283853
3370,119.3005818823524,96.80592211616117,119.27670637750938,97.04476052112071,50.38317147718775,177.3279119966165,50.81081605848102,178.37247619489023
3371,119.31751708703776,96.79857127666041,119.2814478858877,97.03854935504386,50.55357863845412,177.3275307355572,50.96747948541867,178.3734402493579
3372,119.33747991005903,96.7933371351786,119.2969014288218,97.03549788972626,50.64277738259017,177.3059941937816,50.98598274796126,178.3449775432016
3373,119.35961977493842,96.79054162447885,119.32057398668171,97.03693485361539,50.91701497644443,177.28001586363857,51.26675999476337,178.31640337558173
3374,119.38989439082582,96.7880726609391,119.35318381223207,97.0389586680496,51.15993851316615,177.26345738600233,51.5852655329547,178.3070476123139
3375,119.4291201720892,96.79198280163787,119.3916189127312,97.04551025395595,51.50527803123268,177.2760553492771,51.98443858941093,178.33908588920897
3376,119.47774888071706,96.80088663328779,119.43236773992447,97.05516113386186,51.86148090805402,177.30175170435115,52.20114000780214,178.38169771670402
3377,119.52943225437724,96.81260712234122,119.47201729391773,97.06640103052094,52.005576203561255,177.33345584426283,52.20134110080894,178.43086611134677
3378,119.58186473123352,96.82881505694607,119.51106359219332,97.0785366532673,52.13454792796623,177.38031023009327,52.2606579620366,178.48568996296825
3379,119.63105138682701,96.84525806912056,119.5494894095462,97.09051574941938,52.290190066218216,177.45585684545406,52.23899532677721,178.54055688051398
3380,119.67983857783979,96.86025751790653,119.5907672344893,97.10190826445618,52.43587717411163,177.5467269905797,52.47243688812846,178.59994838970354
3381,119.7263058241918,96.87658950877567,119.63444836129885,97.11381520234967,52.570733790290404,177.62726616754549,52.73909845292844,178.6467058375379
3382,119.77012709110106,96.89251984149107,119.67792105643451,97.12769135008163,52.66979417055077,177.68994100446915,53.04548647147425,178.69852868427137
3383,119.81373700542129,96.90731704574145,119.72245537700599,97.14162154113838,52.82575926363145,177.74005755019277,53.26836585919696,178.73942068651712
3384,119.85956267874299,96.92250825108385,119.76838741373327,97.15687806406136,53.15858907618085,177.78719862955697,53.52129390176268,178.7832297550937
3385,119.9082789704072,96.93844396052532,119.81631273070829,97.17321198639982,53.45415220850505,177.82757074268892,53.73029518344911,178.82404587207128
3386,119.95857103420022,96.95576886259717,119.86400449358563,97.19048152895711,53.89871964687108,177.86428781814203,54.035433445965126,178.86262447879926
3387,120.00806903963773,96.97464896142688,119.9116330578949,97.20830918829715,54.317936541551404,177.85799138588632,54.4962787128298,178.84865736845916
3388,120.05711332116122,96.99093158373013,119.95979863328233,97.2217238402194,54.773065101457675,177.8200798085426,54.995251894425785,178.79264504775685
3389,120.1094829455172,97.00485059399355,120.01158304236618,97.23352553701095,54.94354738557748,177.74000407514131,55.08955262499963,178.70322019279646
3390,120.16514624080901,97.01493659566638,120.06738763933647,97.24043278739343,55.044491653978966,177.67705369568066,55.045386707057,178.65508896236173
3391,120.22249547208482,97.02152498204931,120.12470652245587,97.2451784128578,55.06577405095732,177.60106888562808,54.973226584331286,178.60944234853886
3392,120.28016104073915,97.02488189758294,120.18212411555054,97.24856602985054,55.10884824047055,177.54749574366403,54.95238223120254,178.610110767806
3393,120.34005657279587,97.02465115815885,120.24043173348055,97.25036336512466,55.09536120919581,177.46642579154243,54.99277901163447,178.57748350529673
3394,120.40256233960432,97.02091068893633,120.3002603581788,97.25102882347734,54.944778802715774,177.41285096038072,55.05305203804184,178.54565054186554
3395,120.46323663919753,97.02147307292809,120.35562728300013,97.25665539876353,54.738801629333075,177.40303035527407,55.15073154963229,178.53657810613487
3396,120.5212595515335,97.02518679412019,120.40940147051528,97.26667699518178,54.80280771369785,177.40275640800996,55.30363149108685,178.49791764604691
3397,120.57466096716992,97.03391189219349,120.46040406775995,97.27917046801416,54.895085681307144,177.37428895198312,55.34586028610556,178.4509879869906
3398,120.6256361346173,97.04467223407089,120.51046331893572,97.2912314122303,54.96884315447541,177.3504187830837,55.316755008024934,178.41273400133062
3399,120.67524946759008,97.05892501625493,120.56014056452521,97.30536272673395,54.93450928192163,177.31356671020066,55.179173888397116,178.40113837756374
3400,120.72479888758927,97.07699517923527,120.61248060815633,97.3211283820841,54.78728076582782,177.30531476885307,54.96828389118406,178.39859151798314
3401,120.77218221304854,97.09101156648164,120.66409598981477,97.32727351454369,54.67870526172218,177.29301914272412,54.881341482517115,178.38537682341035
3402,120.82253331637715,97.09602774570962,120.71722432094566,97.32465284091374,54.29695456571254,177.26851532721443,54.47962289094516,178.3740886796271
3403,120.87490564914134,97.09295895151563,120.77192497189438,97.31675592740248,53.97666389605958,177.25953469545837,54.317949280491995,178.3554042242394
3404,120.9325014207937,97.08459527518833,120.83117487944996,97.30750540495727,53.725151620374895,177.2903805221451,54.20385703193088,178.3802428660141
3405,120.99409988581282,97.07051865786279,120.89312195856216,97.294208176554,53.55438076081825,177.3228642021412,54.1648699282364,178.40152116968795
3406,121.05851230722318,97.04914180577904,120.95643514904812,97.27780613002426,53.3323304939294,177.3425368723386,53.94674067178954,178.41969875563206
3407,121.12304147712696,97.02240132927513,121.01992546265373,97.26168891501304,53.10802662255296,177.38595755403614,53.66786961283523,178.4742063008594
3408,121.18740722356254,97.0104144606779,121.08023953166897,97.26293915956022,52.94826755793787,177.4406125262246,53.61706531726465,178.52237115779187
3409,121.25081123573737,97.01466587766153,121.138780142813,97.27913909289194,53.172991380514006,177.51912127173094,53.7838044329079,178.59362628333764
3410,121.31076108757459,97.03422241704834,121.19316113594527,97.30771716287519,53.10165979302696,177.6046985586734,53.66150313731671,178.65097056909858
3411,121.36686967344811,97.06621587290391,121.24704370887723,97.34501778419782,53.011961389277644,177.6800192875307,53.55259252337222,178.72231801772148
3412,121.42154586689975,97.11294084556157,121.30204972587508,97.38956265097514,52.75170944782375,177.7656249242895,53.280032524695386,178.79473169304566
3413,121.47222842494678,97.17396090934012,121.35454606682636,97.43952366826105,52.56626569970904,177.86068240897765,52.97906927392522,178.86736466378628
3414,121.51699671760744,97.24736933136407,121.40105568455094,97.4939051457117,52.65726851708048,177.94490343796684,53.021320042072695,178.95024608885882
3415,121.55976397544059,97.31165911950731,121.44502491705254,97.53876124476902,52.560999047113455,178.03649597936123,52.964837062259654,179.03146912712538
3416,121.6016308514999,97.36511303534931,121.48921883514622,97.57466044074907,52.30598869434877,178.1042036055413,52.904588612041486,179.09569919319804
3417,121.64909426676833,97.4077591483163,121.54004332690343,97.60387810521982,52.07087467366366,178.17515008801388,52.628616160753275,179.1520292985246
3418,121.6975680443871,97.44264569581158,121.59251600317697,97.63085594467111,51.76493219402976,178.26433016566708,52.29758659620087,179.24814348218524
3419,121.74532204772842,97.46816450747214,121.64508088649507,97.65379048559865,51.61923376457817,178.32652600906957,52.07293360989697,179.30218973220286
3420,121.79400968606744,97.4846063026628,121.6968162641335,97.67384498594505,51.65776778760743,178.34491887470944,52.06628117134931,179.2985151160947
3421,121.84856181737844,97.49914312559467,121.75175176129537,97.70170543590446,51.48606996084475,178.36602089574203,52.04759849238091,179.32478007892541
3422,121.90580491367226,97.5226273892224,121.80577542696882,97.73789998252717,51.29380000143589,178.41057499786666,51.91667823840775,179.39343666594095
3423,121.96610097586243,97.55731623387902,121.86237975294205,97.78256808833292,50.93860010236356,178.43658419743153,51.5683148824005,179.421674557076
3424,122.02357662279765,97.60329138287592,121.91905466760915,97.83454675206947,50.7213940244473,178.4924762510751,51.255756322379234,179.4909628597396
3425,122.07995183848828,97.65730748263167,121.97465526538552,97.89098711828807,50.52015147196318,178.51167153935555,50.917917058048936,179.54601707966205
3426,122.13615745129037,97.71870621307897,122.02933109975504,97.94765112045984,50.40565260693017,178.5398860657273,50.80952720553079,179.5798311894895
3427,122.19266496515489,97.78945664732778,122.08243699542024,98.00762910136777,50.66116068778508,178.54543182852225,51.413646522735306,179.52836150135488
3428,122.2456948919688,97.86154212498303,122.13521995293988,98.07016952017021,50.93976740933958,178.51936668678863,51.91500065255349,179.4725531629338
3429,122.2983334873336,97.92784466395655,122.18609792640427,98.12528953156323,51.33248228539781,178.4516236322804,52.359710235446194,179.4170193036562
3430,122.3497067759985,97.98915481950392,122.23869672953914,98.17840452704013,51.84575243934176,178.39563798850736,52.63991500817349,179.36227294193645
3431,122.4007691105742,98.03924235010977,122.2916821764449,98.2214168311801,52.36887465073996,178.34924765172707,52.84502346843763,179.37857410663938
3432,122.45362015203627,98.07894145577423,122.34684566059043,98.25615518711136,53.23402084854922,178.3182098276928,53.40006352101237,179.41273175723913
3433,122.50828603653373,98.1120610339124,122.40341602208372,98.28593573802931,54.163846443392764,178.33515135128906,54.09794255409693,179.49672704393458
3434,122.56551310506602,98.1358049627121,122.46150536332046,98.31137630651975,54.04109781407056,178.44027077627075,53.871544308664895,179.6085413575298
3435,122.62218551986206,98.14926556693514,122.51859024364795,98.33234779022936,53.90468183272399,178.59265131406946,53.6918144899287,179.75119150942788
3436,122.68129840825839,98.16113735544168,122.57526005111657,98.35149373217249,53.63222253407479,178.76628408955062,53.398527700064335,179.88256489749503
3437,122.74057462772609,98.17534749190403,122.63297969199115,98.37923097283003,53.44181511953271,178.96504865694985,53.20376057386407,180.01295628336007
3438,122.79956729638054,98.19810009888029,122.68983618772118,98.41392868958674,53.464063803652756,179.13841126591066,53.32637436668412,180.1423306649055
3439,122.85649636285792,98.23014232968593,122.74492294943443,98.45498511851326,53.11164633158047,179.30886524042086,53.29305539322431,180.26170009845325
3440,122.91149272916071,98.26976131565445,122.79890174390576,98.50049531343961,52.61822976460185,179.44631312779586,53.32240698638629,180.3682248313435
3441,122.96623927971125,98.31751304764609,122.85375454351741,98.54954938221269,52.68123644690341,179.5772389624719,53.342032739041805,180.48742787741216
3442,123.02016080348889,98.37326933289546,122.90872671955856,98.6013191452287,52.864139424450144,179.7147609134156,53.52178347399734,180.64887166408144
3443,123.07502573855733,98.43674599874078,122.96398554774314,98.65548763883628,53.154677009298545,179.85959796577723,53.67019679318198,180.80300008320881
3444,123.12963240068078,98.49895744472907,123.02038287955183,98.70952015443778,53.16419374373785,180.00374117420725,53.43438685750584,180.95101712098398
3445,123.18552798366474,98.55216063149571,123.07824036544329,98.7527729746993,52.895289062234845,180.14733413166158,53.134790396588684,181.0942883248799
3446,123.24449943308981,98.59706784014091,123.13789483710529,98.78864850928368,52.84607599124317,180.2588463239572,53.07093137681023,181.17858031594875
3447,123.30532462420926,98.6351214292898,123.19838347901847,98.82064044797592,52.77105382524049,180.37677977784327,53.03951172120754,181.26666022373533
3448,123.3663212998455,98.66495343731779,123.25870232335275,98.84739107078745,52.60361971203072,180.47217805077045,52.88124326982234,181.33958271651554
3449,123.42699796431269,98.686504259813,123.317801835469,98.8699005378762,52.212229894854175,180.5407857710049,52.60557384550815,181.42705621995364
3450,123.48778501040306,98.70555738733908,123.37646651436502,98.8970931044999,52.066400838587384,180.59337418974627,52.73282022577015,181.49934837509173
3451,123.54726409694807,98.72388884235214,123.43375738337875,98.92853453699573,52.11205613561464,180.60549456433782,52.74815483356892,181.52524113986468
3452,123.60537905758709,98.74864402252511,123.49028772214812,98.96266286958469,52.25272987967788,180.58022422815017,52.78231204642258,181.51840812449947
3453,123.66149558273288,98.77888660536438,123.54591712829415,98.99879292716012,52.25082379701957,180.52715966637072,52.78643718448292,181.44330929495848
3454,123.7192574324316,98.81293817787551,123.60574261917829,99.0364655032626,52.13737658892921,180.4620166652852,52.6529674468674,181.38713001206833
3455,123.77905419971192,98.85258933584498,123.66824149001873,99.07553702759448,52.073340883054584,180.37447066676236,52.482630531776344,181.31329851246042
3456,123.83879870808057,98.89129099912503,123.72893488766803,99.10647843044339,52.16608889813918,180.2477165605662,52.41584700191049,181.22897033992118
3457,123.90040464169056,98.92195271368155,123.79167918494046,99.1293050850827,51.70000989339862,180.10008170774879,51.928701819208754,181.13422225356473
3458,123.96408871710221,98.9452487880167,123.85517920004662,99.14696655675765,51.699044338663235,179.95766445228745,52.10341921218217,181.03365657111505
3459,124.02943724526033,98.96365215433794,123.91883783702359,99.16311894883391,51.45783954096724,179.86074334162782,51.92864544592748,180.98937185882482
3460,124.09439519333391,98.9753138990691,123.97967273599205,99.17547162445777,51.560440317374834,179.8393304742391,52.24720621267068,180.9901126634674
3461,124.15779244932911,98.98029047260967,124.041684439972,99.18487397554802,51.99948803355573,179.85083739961252,52.83593504356507,181.04048945141392
3462,124.22083159009894,98.9851492299209,124.10533491116233,99.20110391965503,52.423594395576934,179.8681758660358,53.22265328162137,181.06015712326928
3463,124.28435872782667,98.9969538704818,124.16730355752935,99.22334792172708,52.808200513294054,179.90349700913055,53.54633134904991,181.07619058011608
3464,124.34669025160251,99.01565719675344,124.22958763933545,99.24897343375702,53.56353477953786,179.93159603322735,53.89036199624891,181.0513520556194
3465,124.40735142573767,99.04049300085222,124.29032421251573,99.27744580735316,53.95034532306809,179.98866725998687,54.213173558512615,181.0467540533711
3466,124.46877243569521,99.06929400514753,124.35307608385688,99.3078797039497,54.28411893328127,179.99107726979565,54.084911416502386,181.0032637136276
3467,124.53349086038222,99.10416164349911,124.41767925377835,99.34010592341741,54.267555993949,179.9718126822479,53.94920820257363,180.9742545576992
3468,124.59723418704567,99.13569040678529,124.48135147626519,99.36069508806246,53.906011494015736,179.90297156037045,53.69263917239532,180.93158185168093
3469,124.66001440303386,99.15576118275831,124.54507251533222,99.36989724497394,53.50925606681927,179.87060369299135,53.353138861326435,180.9277275998985
3470,124.72518401971483,99.16413775919355,124.61046956014113,99.37016861191735,52.99213246205299,179.8914885416448,52.92612340315631,180.99935402484616
3471,124.79270526396049,99.16228998258283,124.67869785624997,99.36387100177429,52.44926689322268,179.9513992934096,52.63424241442148,181.07372009806033
3472,124.86231386405235,99.15101072739618,124.74662304017738,99.35348358365059,52.08987953961535,179.9909693523549,52.70698025089551,181.1199617185286
3473,124.93007436472024,99.12955765443704,124.81314880811054,99.33870812150955,51.80848323770052,180.00915428824422,52.48590862881934,181.08724824589785
3474,124.99688927085028,99.09789515082386,124.87935974238498,99.3203909664681,51.327326874146394,180.03751484544807,51.996347836131605,181.08121615318146
3475,125.06282232672085,99.06606301444785,124.94281760720693,99.30037531667678,50.99150738775493,180.10494989344087,51.66151163749847,181.11149732071217
3476,125.12735024079578,99.04314779852984,125.00455597584516,99.28957445581204,50.69817759188407,180.15021884702725,51.318136937977634,181.13500575536833
3477,125.18910640289037,99.02904840226144,125.0647241204947,99.28616295539791,50.403264208978186,180.13698015428997,50.88438421999147,181.14687167572814
3478,125.24674302791182,99.02167566055874,125.12293531856278,99.28631892231274,49.8872450510159,180.1111540390598,50.27818474233748,181.15566397975434
3479,125.30233091405081,99.01833839785616,125.17953065313715,99.2868163797937,49.12433045044077,180.113919471695,49.75446755114079,181.18925806808807
3480,125.35726005107307,99.01829333611315,125.23653970691701,99.28530398416171,48.66157474468138,180.16503029430788,49.474027789603355,181.21447130898895
3481,125.41062097733898,99.02496732237306,125.29286393415053,99.28697331104284,48.527940900306156,180.20150908011257,49.39906721361585,181.23405163031552
3482,125.46528231481122,99.03193590139738,125.34992263839031,99.28337539132734,48.80492321697338,180.21191177335146,49.97296855476786,181.24826402883755
3483,125.52192508853886,99.03172290246376,125.40949811024942,99.27569106389933,49.37625890835935,180.22561705098414,50.76820736423149,181.26358253191717
3484,125.57909266168978,99.0246173101567,125.46868832684518,99.26510867233657,50.00922254634678,180.30194546278577,51.331186310577046,181.3565807432864
3485,125.63618074677801,99.01228736115394,125.52606416865024,99.25221398308153,50.728431670903184,180.3904802972957,51.64250903929873,181.44737667301695
3486,125.69461483521742,98.99652824208333,125.58377246853564,99.23746945567268,51.200457324426445,180.5456143369093,51.507761392784396,181.63977194764715
3487,125.75369270491512,98.98074793143819,125.64292847360896,99.22371825193407,51.18127513024474,180.72268204111015,50.8496104078178,181.82295159605033
3488,125.81492587744212,98.96952002640049,125.70362335675505,99.22204303432872,50.966546499430244,180.92224952474268,50.1979444829316,181.99979334569724
3489,125.87524227947972,98.9685360321365,125.76284112175439,99.23005859946288,50.401003735919446,181.1070217370391,49.81752288294354,182.11973325033975
3490,125.93480268151394,98.9755304864564,125.82328983187824,99.24282352628137,49.86452798757769,181.28316559737914,49.89311027368936,182.2074518058299
3491,125.99338968386161,98.98755055408806,125.8817681714392,99.25564255036778,49.5209311323615,181.44715795568038,50.1497617075632,182.34134568920376
3492,126.05388992363295,99.00813354382753,125.94125304400956,99.27345708458303,49.247718563906915,181.64270240695245,50.31456042777377,182.5090310866972
3493,126.11576806181418,99.03641284202773,126.00257762628105,99.29405476779543,49.201984050094296,181.77844984158807,50.38106285094929,182.6792221122467
3494,126.17641021262142,99.06178574691316,126.06300453245468,99.30454478137978,49.26012460532385,181.92836903068786,50.02954577143585,182.86471107423992
3495,126.23548556553183,99.07656371019328,126.12216017347015,99.30739293668445,49.35781202448845,182.09306085276535,49.680949232614324,183.0631074838484
3496,126.29619069897994,99.08240342332006,126.18268096438644,99.30651633418164,49.13211816875731,182.30815100269174,49.08779153135431,183.27153247445563
3497,126.35572618280533,99.08414482685423,126.2424165337058,99.30641588211635,48.605496897703475,182.5325170563644,48.57286132520001,183.44250116909058
3498,126.41480244796603,99.08159233503156,126.29978781906449,99.3029386819788,47.92862803825386,182.69111897102556,48.14577900012999,183.55145579045805
3499,126.47212373882199,99.07142749322912,126.35602651441448,99.29702554266964,47.23082376070966,182.78242370192925,47.732019415387455,183.60527095585655
3500,126.52784675047862,99.06380172613552,126.41237496221966,99.30223394533793,46.611097319154815,182.87176383025033,47.447578214467114,183.68127489231136
3501,126.58259085629012,99.06868243015265,126.46759303376311,99.3179337404282,46.28921579711363,182.9300313400169,47.231350039355306,183.74829880358686
3502,126.63875695580512,99.0848705086222,126.52435589145954,99.34076964773622,46.100217387558274,182.93296988781722,47.17870690628903,183.77422416338663
3503,126.69505381374826,99.1086029689835,126.58329777070992,99.36647042198986,46.11080574843436,182.88086381528177,47.10093970431056,183.76747733741067
3504,126.75227581134786,99.13904260110559,126.6428550417283,99.39700953474701,46.353204533582954,182.77836468265716,47.32431954708791,183.69531454134645
3505,126.81209967687444,99.17894155469251,126.70391471852726,99.43132995870155,46.711094044423476,182.70107435221738,47.64869419048915,183.6453486761632
3506,126.87286709062376,99.21949429757558,126.76455659341616,99.4564579436641,47.299722029385464,182.65173717176225,48.156672514823654,183.61154996659002
3507,126.93357015060447,99.24999518766806,126.82411728471007,99.47240225398305,47.83991054842008,182.5610845978447,48.54244486589738,183.5596306709897
3508,126.99528283169646,99.26980243125537,126.88348556612117,99.48182495428462,48.24422894527186,182.50233586619888,48.67329183807776,183.56879309840792
3509,127.05647676475407,99.28267492293024,126.94257197894437,99.48982698096542,48.57449355320193,182.43450227886697,48.79501640764796,183.53555351207365
3510,127.11487366537142,99.28842500868875,126.99979529869326,99.49380414993685,48.8815300833478,182.43211759836274,48.82558198344704,183.57301521933272
3511,127.17131016699597,99.28535281021185,127.05494641715559,99.49459332749356,49.112803811480326,182.47348797224106,49.027508810877016,183.59748222260814
3512,127.22573770424964,99.28411167355296,127.1099936356189,99.50768180511942,49.13059327431231,182.5475434037027,49.03718532514126,183.67072349786514
3513,127.27907121542744,99.29417274567587,127.16397679645644,99.53163344492057,48.9763812156579,182.6362134742588,49.052214564916696,183.75581240800886
3514,127.33228617706209,99.31699664406968,127.21800902323787,99.56446184644716,49.4669894578686,182.76091627783305,49.94494647507896,183.84974501228066
3515,127.38439665011254,99.35114944775056,127.27155076712576,99.60329043900582,50.142788263826624,182.83828234734554,50.74155096816491,183.90919329830163
3516,127.43699608058527,99.39390374355145,127.32667901980099,99.6468755556449,50.57687208012115,182.98886761542883,51.057772356671705,184.01879060024507
3517,127.49233881636196,99.44734330849005,127.38479606738436,99.6942969544219,51.4745160113718,183.18309390346744,51.8931089932045,184.23170549086302
3518,127.54977759809539,99.5117248986596,127.44309589468284,99.74498954277173,52.443041307655015,183.39433309184912,52.83535751841876,184.4197113573975
3519,127.60768301882528,99.56539894261073,127.50180262541481,99.78327424444801,53.86499534988541,183.6258846050121,54.076068406032654,184.6531358907573
3520,127.66717043212637,99.60813232491711,127.56051683036121,99.81181112530065,55.23626350750227,183.85163419253502,55.00091043008218,184.8573191988095
3521,127.72835039524448,99.63956475771451,127.62093037498595,99.83264074810506,56.0435829146149,184.07017745400853,55.83465217489135,185.03707319637746
3522,127.7914160701246,99.66065087941695,127.68220685365259,99.84737291628153,56.702125796432355,184.3120109151223,56.37569498131355,185.1978005743279
3523,127.85610061986792,99.67140144058531,127.7458051923234,99.85723698482403,57.72029660714434,184.52179555240096,56.9907730434639,185.34345230831678
3524,127.91938165473223,99.67179572788416,127.80872176512221,99.86320073391859,58.29840745505724,184.6591568318081,57.44934357924923,185.48389159127018
3525,127.97897903719554,99.66406527203195,127.86554804136442,99.86914196868435,58.48926323497978,184.79333495574508,57.54514852113582,185.60887052884976
3526,128.035209956605,99.66819863182889,127.91860770879894,99.88843502191624,58.76032253757551,184.87968655195036,58.225238847865846,185.7257500918553
3527,128.08751967043813,99.68466299115723,127.96709172476389,99.9189258544547,59.19518181399756,184.97111570454334,58.92714084064359,185.84300756144253
3528,128.13242581685344,99.7109423834078,128.00907587218757,99.95512744695276,59.56565548724703,185.0579475876763,59.49465475724821,185.94725645707032
3529,128.16642859695938,99.74422741009164,128.04029178811948,99.99192409227234,60.02602055369987,185.13818181718284,59.94767426021937,186.03827508191605
3530,128.1866385217581,99.78722338534061,128.06058078581106,100.03311067319065,60.35168997712196,185.2082468957627,60.30454955932698,186.11397412838554
3531,128.19667645111454,99.84000811411997,128.07453426344023,100.07783266280045,60.700491613790746,185.2612822918266,60.58851882082671,186.17444562922066
3532,128.2005769025095,99.89030004011384,128.08370186732276,100.11126312030599,61.24156008803494,185.30342430924966,60.81401729838068,186.2204110559844
3533,128.19585251676048,99.92673706560686,128.08655795141712,100.13319435535911,61.34750520524378,185.33005716625672,60.98926685087981,186.25238921223868
3534,128.18335344388726,99.94813135080274,128.08399453873582,100.1447358969382,61.33741780349203,185.33509113600547,61.12485069772397,186.27148711426253
3535,128.16850218403894,99.95757344026198,128.08189880504972,100.14896400606446,61.32397907883364,185.32894705779213,61.23469144355138,186.28154777991261
3536,128.15840374022994,99.95990608881634,128.0842876930142,100.1501233447128,61.31924524132361,185.3149586983544,61.331425880998296,186.28578102664218
3537,128.15483297257109,99.95032284349308,128.0907781811412,100.14626442904621,61.321373991633884,185.29525306505099,61.414685609214786,186.28441021121066
3538,128.15545252595493,99.92889022879794,128.09956722224467,100.1383830285272,61.32656200398212,185.27218888437105,61.48410753956552,186.27855028612518
3539,128.15956201716924,99.91228416385098,128.10947385840728,100.13643081257953,61.33556932218111,185.2482067220674,61.54304140758742,186.27009183053968
3540,128.16681006710039,99.90209034566561,128.11732248461243,100.13905979870252,61.34814363997297,185.23075948156313,61.59021347067385,186.2677165437754
3541,128.17487130009872,99.89845724237925,128.1198392096682,100.14440683081212,61.36178691143667,185.22007613227993,61.62492506118981,186.26889748314358
3542,128.1781235561145,99.89892412317941,128.11513155179108,100.14934663563508,61.370125319684284,185.21631817407373,61.64605187744343,186.27418563858424
3543,128.17170193297116,99.90330142731943,128.10188743932807,100.15656347036214,61.364829934975226,185.218363230651,61.6531602459442,186.2827556885106
3544,128.15662414971237,99.91340190852401,128.08375588028895,100.16555785315803,61.34958543821276,185.22600988474696,61.65080935353142,186.2926957869454
3545,128.13647022997768,99.92309542884526,128.0657151048005,100.16741590908553,61.33056815224281,185.23303342721053,61.646349789921736,186.29502836524162
3546,128.11761646512198,99.92643918606535,128.05601564204935,100.1643394183811,61.3151725080048,185.23728634468682,61.65135395957109,186.2892206047317
3547,128.10519279011433,99.92451839004332,128.0571814381512,100.15870280511352,61.30576137849274,185.2351612545881,61.663760609569145,186.2800410592965
3548,128.10116103087674,99.91713202419562,128.0660672301963,100.1497554575512,61.29638856351469,185.22878944261842,61.67048317568463,186.26983049923453
3549,128.10704906358308,99.90602940669005,128.08038953667605,100.13809695298065,61.09422833225334,185.21601647755898,61.39952112056497,186.25706969768615
3550,128.1223612765245,99.8903655686979,128.09553718348897,100.12563188720048,60.673963342862336,185.1961780221292,60.867354883202296,186.24128690237893
3551,128.14521228939344,99.87747577022785,128.110683957665,100.12275862567454,60.52847509556067,185.16865759645492,60.818266052636666,186.22098310338177
3552,128.17431925460392,99.87444423018184,128.1279645824872,100.12893826487911,60.35009318925016,185.12534773761212,60.730517903586794,186.17703670253297
3553,128.20349472833118,99.88081508174596,128.14667397334824,100.1424702315146,60.269111043693016,185.06699381592264,60.80507866274621,186.11311487988667
3554,128.22986488658844,99.89508631728339,128.16667331625032,100.16118345976072,60.24442715438007,184.9863126320198,60.95158528924335,186.02613386825314
3555,128.25490828649092,99.91820027942713,128.1887484560073,100.18408627418208,60.492763638952745,184.8819023345715,61.447978352197474,185.920497488392
3556,128.27804045379347,99.95014266834227,128.210875188789,100.21032575696009,60.755798150635606,184.80949238186594,61.5906793451277,185.87626006345315
3557,128.3016555303506,99.99000611191721,128.23298436293516,100.23923457442307,61.51367914006098,184.7727592027211,62.08168125118463,185.88520839536656
3558,128.3258074657361,100.02272224109636,128.25438713017925,100.25931900209419,61.79524866957391,184.76178786399052,62.18245296430618,185.9210185832756
3559,128.34747771189322,100.04738695781684,128.2732588952312,100.27272625253563,62.379676556963595,184.7909461523172,62.64029265438667,185.97799724832075
3560,128.3680777808944,100.06632696303613,128.2917311472712,100.28399158676235,62.67669290828685,184.8611333955609,62.74811733577898,186.05220162563967
3561,128.3890063066236,100.07847628376102,128.31204576928815,100.29142997740503,62.98327855172211,184.98589648520365,62.93501286109075,186.15191743042783
3562,128.4099860980867,100.0838295667084,128.33444797373002,100.29580244071708,63.25553715227743,185.14322939349273,63.41620061671389,186.2413647570833
3563,128.43296210417066,100.08982833795632,128.35965646637806,100.30811746579185,63.804455119321815,185.27832891568502,63.93455844862303,186.32243305747215
3564,128.45749943102874,100.0982419226535,128.38638520253656,100.32927975542178,64.05436037325761,185.426574031912,64.30678065540556,186.44970020794992
3565,128.4842173129312,100.11748965338582,128.41445213505077,100.35822758739327,64.55747104517116,185.57143052161805,64.66691134678157,186.57542599319012
3566,128.51328048886165,100.14771826878521,128.44193006373348,100.39413674725928,64.68197001081828,185.67525484576325,64.8019317305366,186.6464888213766
3567,128.54285408261376,100.18584612141774,128.4680613304966,100.43450817607577,64.85798932947233,185.7857844450048,64.72348486813773,186.74166847290607
3568,128.5728290728993,100.23300261917856,128.49505958814962,100.47787311787425,64.99771173961373,185.89509992650787,64.71044695125289,186.8564244202373
3569,128.60148656366607,100.28860418414318,128.52099463687432,100.52284876041202,64.88217917349323,186.0225930324271,64.67435457441063,186.98348371060166
3570,128.62833535727765,100.34635634367592,128.54655369012852,100.57065231392606,64.75743265978885,186.146327209289,64.76768153118253,187.0895460981529
3571,128.65549333158435,100.40389888461806,128.57394568512422,100.6199136448412,65.01680565204163,186.22285927255712,65.33619294916737,187.17055657053663
3572,128.68321526277262,100.4604200089105,128.60334473650315,100.66984019951765,65.0402851716008,186.25869669529996,65.52438219131395,187.2024594485507
3573,128.71071460914317,100.50806871324895,128.6314511785556,100.7100296463604,65.1572243665926,186.33565678601113,65.65112887520198,187.25560895366945
3574,128.74009065319228,100.5489164045771,128.66079419602124,100.74438941315682,65.36589375588471,186.40082766265405,65.69471203390734,187.32014391677757
3575,128.76837714724442,100.58493001943445,128.68886565982274,100.77622558905152,65.78222030651426,186.44139352703436,66.07048246741255,187.37597762734808
3576,128.79664431404169,100.61845024165046,128.7156282165595,100.80849286835128,65.97449813528424,186.49829325248058,66.03114168690875,187.47890482723426
3577,128.82613070629472,100.64504746083594,128.7435535688958,100.83642260389567,66.07703667433871,186.5695262991394,65.99656417917656,187.58562376345395
3578,128.85604713392343,100.67087626384624,128.77350397758383,100.86876988199025,65.75376068117336,186.65504718141597,65.86621115203127,187.6872978645882
3579,128.8851062854454,100.69781194260865,128.8035857746772,100.90649509995507,65.81341195635014,186.7653652542575,66.0314369263402,187.77017190036392
3580,128.91368217380875,100.733708681738,128.83164839444666,100.94962153507593,65.73202878672626,186.87729970780057,65.94296723136621,187.86643041594544
3581,128.94113344342716,100.77824379471728,128.85936907022096,100.99840103894651,65.66106191425513,187.00406356419748,65.82880163029334,187.98630176750973
3582,128.96960074456456,100.82964962928632,128.88758407969723,101.05140459852365,65.47268458929697,187.14940977377285,65.91442547519816,188.11236387771032
3583,128.99913113581636,100.88497572103324,128.91590058366253,101.10603641533916,65.67048883732203,187.2852349318403,66.18336001020639,188.25799678913438
3584,129.02568646556742,100.9468620264482,128.94087678574138,101.1609414305673,66.08808614668455,187.4336317181248,66.70282194099812,188.4163660757629
3585,129.05013656943515,101.01050345423641,128.9656791915297,101.21759362408271,66.73988338957686,187.5919258006041,67.34386170828947,188.57384556051252
3586,129.0740473058933,101.07169986888647,128.99081537465725,101.27126188892221,66.85994458388669,187.7787498840737,67.38208503876297,188.7410611524682
3587,129.0980584079407,101.12819555023708,129.015062171305,101.32060816314561,67.11298878462674,187.96602879273982,67.37935218585748,188.90562726027164
3588,129.12301723799084,101.17965241217661,129.04109220524572,101.36732220389209,67.14978954978058,188.1676212109528,67.02966319261279,189.1001079608802
3589,129.15071315529013,101.22642084095712,129.0717503057468,101.4120521495552,67.39754571230368,188.34910030857128,67.22254304403052,189.25760339493928
3590,129.18026901757025,101.27090748655436,129.1045768731612,101.45677088683279,67.59609021180539,188.5008551704182,67.50822406038526,189.38630715530235
3591,129.21357131888576,101.31448416148596,129.13835402753875,101.50234291736821,67.39463924520483,188.59380230111694,67.479469860811,189.4485397488494
3592,129.24732984829146,101.35404934876131,129.17094978270072,101.54612378368849,66.93473411201619,188.6450156583658,67.32101188181308,189.47131658945003
3593,129.28322600687943,101.39654799527581,129.20527620735356,101.59356940230444,66.76306957576965,188.68953046705,67.12373447933629,189.52132626858304
3594,129.31988990445782,101.44408981309807,129.2381200013962,101.64522784351949,66.32288369388702,188.72174901252836,66.55638408189955,189.5753943597331
3595,129.35570020297476,101.49754120908452,129.26969218779888,101.70186312226153,66.24461029497301,188.7389574687884,66.2625217000364,189.6599983665668
3596,129.38772352495684,101.556612127321,129.29942788310674,101.76232401171936,65.82682944185669,188.75135731909444,66.0262086101778,189.7232444994735
3597,129.4189406521384,101.6189356730496,129.3303163604912,101.8241039756404,65.2416809897704,188.77706000757428,65.73135094259368,189.79440148711376
3598,129.44908190501005,101.68279537818991,129.36110770190956,101.88557261400271,65.02376710026367,188.84643700790647,65.753233446058,189.872088739841
3599,129.48123640203696,101.75126072140453,129.39420490266016,101.94863173097171,65.03990428225073,188.9451824174179,65.96258778337558,189.948479531312
3600,129.51097542558782,101.82069851906655,129.42547186898562,102.01273347872306,65.20424764099683,188.9900626734632,66.26751789146472,189.96582374870886
3601,129.53986671531126,101.88588039219543,129.4548184473632,102.07193994271586,65.74915765458971,189.0495594131831,66.63149443681264,190.01441037726244
3602,129.56789651636163,101.94628181899519,129.48234673199113,102.12789933958976,66.05536708819966,189.08066227299705,66.75098295574442,190.05487743301956
3603,129.59576494357148,102.00288459814958,129.50854205506226,102.18233982347104,66.29967009100436,189.12416302896895,66.76152413886471,190.0999309679007
3604,129.61968332616271,102.05652784560489,129.53101741788603,102.23506213378398,66.70636361040435,189.1634374757792,66.88685794588409,190.1506726024454
3605,129.64274539859366,102.10750713959901,129.55395657495077,102.28571890893264,66.8854579895068,189.21608725586063,66.92858868277375,190.23082463588239
3606,129.66411099177986,102.15562872511816,129.57843008760676,102.33619086570474,66.67267841842285,189.26869973909243,66.60540764047113,190.30921150359015
3607,129.6861568221456,102.20499593609452,129.6037239312431,102.39191626314746,66.41387664590742,189.3579361412391,66.41971071173964,190.3793648946505
3608,129.7085539991547,102.26052344106591,129.6287316754237,102.4529446087998,66.02265010585383,189.43256281745118,66.20473138208838,190.44968246050288
3609,129.7316835614216,102.32211153001577,129.6538569949759,102.51893218106396,65.69870333972723,189.50752333410063,65.95599919611055,190.50807755081343
3610,129.7554026292626,102.38919965104172,129.6790825842496,102.58935887389853,65.08244012396287,189.57858604313438,65.26285875323951,190.56223007605874
3611,129.78194881415715,102.4624412497047,129.7045099590904,102.66296624416263,64.56911481950003,189.59867550755598,64.96900297210675,190.54839857276153
3612,129.80857597715556,102.54193681449858,129.73001354929457,102.73929645989675,64.20003699498959,189.58260763735123,64.87782735143148,190.52647378420264
3613,129.83435836320342,102.62653561123471,129.75536667370037,102.81749197693769,64.48594609502301,189.5672529103907,65.36521571461266,190.5241783744273
3614,129.86081905760201,102.7128929920603,129.7822575552136,102.89763994245081,64.67598945906505,189.55094698565847,65.69400180939121,190.52858244205777
3615,129.88712874314064,102.799406677512,129.80841843161045,102.97871248142255,64.84280516129171,189.55796663770371,65.8578870565007,190.5789217583589
3616,129.91304683550936,102.88542065286993,129.83392315074613,103.06005299628835,65.00491606699615,189.6015127511086,65.90558299125406,190.6724734381123
3617,129.94014984399075,102.96992182979344,129.86113777488836,103.14073716541444,65.60056430239072,189.6318043652776,66.0574095529149,190.73615973851503
3618,129.9667964691837,103.05071530741458,129.88747580872285,103.2172322682816,65.85093004315071,189.7592238079746,65.95571186467566,190.86595660468257
3619,129.99331306528637,103.1275963786791,129.91346527666042,103.29020524471113,65.73123301049709,189.92865273113975,65.49858895910045,191.0173312242509
3620,130.02080683550489,103.2000153735588,129.94066559189318,103.35974257269261,65.10458322403109,190.09838339981656,64.98476284784688,191.1545580399615
3621,130.04786968316984,103.26824364936336,129.96831374678652,103.42674359372892,64.67131675030494,190.26230573263803,64.78121037115375,191.26255412665867
3622,130.0756127245243,103.33248197338672,129.9960915844248,103.49190138446691,64.38406519617203,190.39187347536327,64.72548382713131,191.34744502377876
3623,130.10580947572194,103.39310413065468,130.02632964235198,103.55546394977165,64.21432090960006,190.49519990669603,64.7619170913038,191.43195341246397
3624,130.13612537538805,103.45042092092994,130.05759275374916,103.6175303512259,63.69008764161203,190.617896164422,64.4077256897406,191.51590343960942
3625,130.16789027206013,103.50706474106686,130.08914597352674,103.67807499668216,63.32752627824413,190.70887677247302,64.12811204139852,191.61732755335862
3626,130.19989798778266,103.56247914443354,130.11953733554762,103.73623387809904,63.236589579106834,190.75109597328816,63.91092351116877,191.67703037675463
3627,130.22932978609117,103.61280575856506,130.1466871450847,103.7869591389618,63.30286113893813,190.8229148921949,63.80724087001252,191.78284098100534
3628,130.25884068237934,103.65710818808502,130.17447219998058,103.83060335076837,63.23863230035105,190.83901453851718,63.74924960647056,191.78783695364797
3629,130.28568419457136,103.69627771008805,130.19862924028595,103.86983355565053,63.06974811212867,190.85639374845806,63.66306977343275,191.792028739101
3630,130.30988554237757,103.73081025644639,130.2221387039336,103.90599605979183,62.81645816806147,190.8559880622235,63.55880958244842,191.7869557447623
3631,130.33329758688734,103.7602287536848,130.2470757296953,103.93925451920055,62.75873079101049,190.8377317204686,63.36382108303572,191.77450288880655
3632,130.35570361661684,103.78510832317811,130.27211587368367,103.97030259403397,62.65488419994921,190.82308619514507,63.14764156388318,191.80367552376012
3633,130.37792656785095,103.8099178590597,130.29705953928945,104.00481438605452,62.49403478993899,190.84782910029764,62.901151398565624,191.8608246151017
3634,130.4025482749693,103.83900029795794,130.32312252226063,104.04245314433624,62.2575157092362,190.85543552231286,62.668569232600035,191.94041101697945
3635,130.4297545606353,103.87227832642945,130.3537284809309,104.08160846934011,61.92681575874158,190.94953353488174,62.37495524362875,192.04568487916023
3636,130.4608773068521,103.90914822309152,130.38568343737893,104.12239231694406,61.63661781082619,191.07176528721897,62.157279434678195,192.16936041817752
3637,130.49374910857597,103.94942931097223,130.41771732668718,104.16430092041817,61.35093832747116,191.22386715680236,61.95451461534918,192.30185700050018
3638,130.52717095895747,103.99323906595338,130.45031711727796,104.2072174340689,61.09759600252062,191.40812273077003,61.72581744649018,192.44434774858564
3639,130.5607083381495,104.04043917419604,130.48165868350426,104.25074699795665,60.81227437561207,191.58563762070986,61.43779488952742,192.5879627098869
3640,130.5962816759367,104.08435377808448,130.51451259970906,104.29067221388277,60.73551403305838,191.75972324852108,61.425724855487914,192.73207453699735
3641,130.63147003492358,104.12532900116224,130.54628031067102,104.32842025091621,60.68238108367914,191.92047276295918,61.41421289851404,192.86216296018807
3642,130.66610208331778,104.1637291891335,130.58080098490748,104.36422072359811,61.06138255638224,192.06129040811604,61.90153889006888,192.9804498718204
3643,130.70011186230437,104.19792371574106,130.61498946245348,104.39639230152112,61.38425930458497,192.18377855258387,62.23121998423532,193.08883562592624
3644,130.7323000746873,104.23000905100591,130.64623620263401,104.42844387052489,61.4398418880554,192.29981299141468,62.090995767399974,193.19995620218813
3645,130.76729686582232,104.25998309766004,130.68206015509622,104.46044570352625,61.594902526445104,192.3939469163389,62.050737459933856,193.2944306650889
3646,130.80292056346582,104.28591453723885,130.71690843097295,104.48960557495491,61.76197804148835,192.47678624685523,61.93156774760703,193.38390063053654
3647,130.83749555896947,104.31368931554849,130.75117162286773,104.52069826497943,61.737977915546544,192.5506741835531,61.78694295767397,193.4724384630915
3648,130.87413556385667,104.34297467776416,130.78681579282446,104.5533571086389,61.8598474527215,192.62666389218023,61.873387175914715,193.56056602026686
3649,130.91084487716583,104.37337729452858,130.82467159723657,104.58676788607183,61.82642116737289,192.67490197227042,62.22066231951143,193.60677547307537
3650,130.94821041553814,104.40664807208756,130.8624772933931,104.62108802110347,61.90435592224659,192.7128990165731,62.597309207216426,193.6434557223614
3651,130.98844396514627,104.44077640072604,130.9006438305063,104.65605140667273,62.081032843083115,192.7461889049994,62.6319027224095,193.69034413991085
3652,131.02576400482462,104.47653314371156,130.93765880508616,104.69243446356731,62.225034615547926,192.78816800783326,62.684808025611154,193.7451822536954
3653,131.06246850128443,104.5152611618307,130.97278002319146,104.72942376814274,62.370096545945515,192.8571649337257,62.64200151509354,193.8411137730157
3654,131.10141416635827,104.55391920451902,131.0105178546776,104.76679732222051,62.41368463577926,192.913337622212,62.417692968760676,193.91696954273024
3655,131.13682986420855,104.59316340489602,131.0436973138607,104.80500642317746,62.37857250451301,192.9556935619341,62.328746795696844,193.97526597547113
3656,131.1688109573668,104.63259345401815,131.07505834801722,104.84339154514113,62.10288320258768,193.04032398774604,62.2001940348285,194.05713756829138
3657,131.19851243739114,104.66905170317975,131.10427256441463,104.87734755625777,61.708401321762025,193.1298747671674,62.02790645927342,194.1290150766313
3658,131.22561388642987,104.70430663473635,131.13213118076814,104.9105223257801,61.394277876273605,193.17900103837923,61.73685955493774,194.1476958477389
3659,131.25011925564044,104.73721925042938,131.1570814708382,104.94203145576138,60.96912573166376,193.2594035982724,61.373106979749615,194.22355131878737
3660,131.2707931123546,104.76496252945314,131.17725542022325,104.96794272353158,60.48358016593077,193.27397463987643,60.91293979464097,194.244159640714
3661,131.28683178783115,104.7879326060694,131.1967140435999,104.98991056252625,60.13520087425203,193.2827747527316,60.54632251007967,194.25204154538488
3662,131.30609961907726,104.80596430099334,131.21949477250246,105.00858463722068,59.664010703726895,193.29656566095088,60.172356810380215,194.26236900971222
3663,131.3262940315681,104.81907367027296,131.24398129715115,105.02461189907959,59.24824945378157,193.3391735248915,59.89182392702812,194.34634350672556
3664,131.349324318562,104.83596551674697,131.2716128891702,105.04594565366604,58.931621667186384,193.37250534089281,59.739333926679144,194.40700286282842
3665,131.37310885696172,104.85445637428217,131.29930174495402,105.07128745488967,58.70322859376762,193.42841116491027,59.58637365346123,194.44830530128735
3666,131.40047314679393,104.874402871038,131.32916944528355,105.09863066838933,58.556390425071164,193.46387448646965,59.446604024771545,194.51380645441398
3667,131.4329405987479,104.8985918956797,131.36044476003528,105.12714093824992,58.64634290709604,193.56968708120323,59.49730974347835,194.62459142692765
3668,131.46733077742175,104.92700815633393,131.39137821629362,105.15700742222845,58.67611450261232,193.66425145522396,59.45651408376503,194.68877608083935
3669,131.50137884398552,104.95797741033901,131.42285066761863,105.18558175700687,58.60449262503341,193.7850768553145,59.199991300175974,194.780694752077
3670,131.53357442145307,104.99159235360736,131.4518563979757,105.21335777577028,58.49524838098698,193.86627469933006,58.959911499899164,194.87501112260802
3671,131.56338607442203,105.02229937187033,131.47954117405854,105.2398415981397,58.12496965058838,193.9638779392368,58.47583964849563,194.96631650744604
3672,131.59345883097924,105.05027595742295,131.50775965713376,105.26558406300546,57.7020147644691,194.08130493634943,57.983150703337756,195.06021647066655
3673,131.6198493515651,105.07659013120382,131.53282282477167,105.29085142443479,57.595760811788075,194.1871262546111,58.01567910195298,195.15127894344928
3674,131.6435241554364,105.10134296347427,131.55657278118082,105.3156273075893,57.44049021287747,194.26118750740332,58.1352409896619,195.23847354171426
3675,131.66932089137012,105.12455988242134,131.5844622314847,105.34036356448935,57.1685241300011,194.34973333284256,57.985339821410236,195.3041263959427
3676,131.69445940125576,105.15227330237917,131.61242721262684,105.37098515026393,56.947969445893236,194.44792752442393,57.714952953878026,195.41018353768732
3677,131.72451581180724,105.18321618733475,131.64562966868075,105.40503642855323,56.80354062698841,194.54843190354862,57.56943158891485,195.51944354053282
3678,131.7581739542329,105.21817214368158,131.68166336501406,105.44211005806822,56.90942861942724,194.6570066983538,57.512125866000495,195.63383567038
3679,131.79459147079356,105.25660170768977,131.72051100072662,105.48127838478386,57.038259221383335,194.76785184612112,57.39299062207818,195.74966889421273
3680,131.833687120832,105.29873615055727,131.757694354736,105.52233461466079,56.76664398318409,194.85001681971949,57.16323792260183,195.8176806608341
3681,131.87526389544703,105.34441411299913,131.79467530345917,105.56476440795655,56.54284127866407,194.9272652933071,57.13967437025982,195.87974313481354
3682,131.91554008858753,105.39169588875859,131.83130529039826,105.60581334687045,56.426680106130505,195.0197613200942,57.02600976969249,195.9465260120155
3683,131.9550708361759,105.4367332542263,131.86519766824287,105.64634719898783,56.45501289151655,195.0788289417145,56.98786553185062,196.00653790994554
3684,131.99042589751588,105.48051389697845,131.89735209873368,105.68663252325773,56.313175711702165,195.12518818205726,56.78918319069686,196.06139909169846
3685,132.0249969193108,105.52306098210367,131.93138294509274,105.72687953176363,56.03911813259913,195.1573144860857,56.5045761253113,196.1123428661099
3686,132.05563922714467,105.5642228270555,131.96330832912594,105.76684694334418,55.830278250940985,195.1766235970938,56.2940795175396,196.15983450820917
3687,132.08705400626195,105.60982322366142,131.99598721549089,105.81472622807202,55.54926180177579,195.2406697830418,55.8905180340997,196.235581970475
3688,132.11855020041912,105.66034051213836,132.02945459018173,105.86945403979297,55.04337195448795,195.27212381949752,55.41311346686998,196.2581708508212
3689,132.15065610528913,105.71752993148591,132.06388208204265,105.92935758164826,54.67547169468968,195.26559010930424,55.13152137607934,196.23980438332117
3690,132.18489923846255,105.78007381813663,132.09924185709085,105.99280269024824,54.33522259671612,195.20447922245677,54.995904587751035,196.15558927587472
3691,132.22236028631184,105.84792621636221,132.13708033146435,106.05885680201746,54.09941986492209,195.15344299347424,54.865300783574106,196.10918023285893
3692,132.25990682813978,105.92143099326461,132.17565056802863,106.1274795302648,53.90945385290219,195.11855633751432,54.70033832782427,196.10152092260844
3693,132.29964218675832,106.00049561817599,132.21437016430738,106.1980677511559,53.61110411685984,195.10026221882822,54.43298868973289,196.12543197613
3694,132.33737725976337,106.07906823195702,132.24979058261394,106.26989287986164,53.43766798996767,195.069738850339,54.15740711993122,196.16554300987934
3695,132.37333261261662,106.15009292431402,132.28292256310198,106.33318366277578,53.285751704190844,195.08246609411972,53.81359574452126,196.2198796673422
3696,132.41051134012787,106.21413684264697,132.31854862302967,106.38972484482045,52.94040069998686,195.1422418503078,53.36972788045605,196.29290403035233
3697,132.44569367977311,106.27202011307847,132.35220933436202,106.44209358056693,52.616130064210495,195.26719874036365,53.132682224766874,196.37298207436072
3698,132.47873224410344,106.32526359964925,132.3857000483741,106.49281474021353,52.38669260490254,195.39302516277218,53.05345954176407,196.45931481197084
3699,132.51065392811557,106.37257483919697,132.41916423753318,106.54075908892851,52.15474286186127,195.57174625477342,52.92713333002351,196.63148334535063
3700,132.54039117219278,106.4156332717662,132.45088076514799,106.58906843746958,52.02308333903513,195.7049512639676,52.829678877134256,196.73625209169464
3701,132.57274411449117,106.45514584321437,132.48424509349445,106.6379654331467,52.09045636927213,195.80653426175377,52.96932873914363,196.79620431911738
3702,132.60743964652912,106.49705199682985,132.51913386545073,106.68644001455499,52.07858609608361,195.93377952630635,52.84602084680302,196.9027319135812
3703,132.64092906360017,106.5418558209557,132.55441208482657,106.73506942405795,52.210458499910295,196.00251053400797,52.78009642212105,196.93543850035212
3704,132.67412835927888,106.58830996818571,132.58740699773267,106.78344299214513,52.2391162105466,196.0441792877612,52.70114207125416,196.94544515599492
3705,132.70330758364398,106.63522681386056,132.61479747223197,106.83170148743616,52.08379201566792,196.05250919721297,52.49072436187496,196.92918876846593
3706,132.7293759480773,106.68398927080324,132.6388406350603,106.87999366271488,51.97453893338742,195.9949470309735,52.32462001941307,196.92615496633508
3707,132.7519350496914,106.73232665813605,132.6583043210532,106.92827409781967,51.86337462180384,195.96664594774208,52.19196855385061,196.93262345889065
3708,132.76506924834905,106.78047627261962,132.6684793418254,106.97659346014719,51.594222009346424,195.96016271121604,52.082143640894046,196.9440937895001
3709,132.76594667984926,106.82860265433042,132.66773899930251,107.0247096907619,51.48750709537281,195.91334917602177,51.98694860355239,196.95543994129503
3710,132.75383973542944,106.87651356139996,132.65632628262088,107.07257770294432,51.35002452356263,195.91036866732455,51.90110944821146,196.9735203396682
3711,132.7299434935323,106.91419309809253,132.63544014018845,107.10621941643618,51.22390439752742,195.91571922995237,51.82136518753877,196.9834205501968
3712,132.69657090624472,106.94086399711571,132.60656616423253,107.12731876689436,51.19538436621587,195.93442815468157,51.746577309297834,196.98570083643918
3713,132.65445014409897,106.95619617657229,132.57325763973068,107.13803199157029,51.15876195743581,195.9417249030301,51.67786176240161,196.9816053164439
3714,132.60456196930687,106.96127265078455,132.53590043017994,107.14189778090582,51.11550924769532,195.93938958016622,51.61384585700679,196.97374873687139
3715,132.54882201882413,106.957542034089,132.49246156295507,107.14229349712159,51.066343909974265,195.93067262199818,51.55077450461412,196.964803934779
3716,132.49010516588416,106.94542884809748,132.4449209010703,107.14046977651549,51.01322758993488,195.91883108928164,51.48744737665667,196.95550124588857
3717,132.43267619441252,106.92566782443393,132.39770857896622,107.13732506228942,50.960550384211246,195.89935057954187,51.42810268545449,196.9462235129327
3718,132.38052408100862,106.9088871204095,132.35550402269303,107.13455323698992,50.912437688218404,195.8827529389535,51.37552283725107,196.93835510711537
3719,132.33801693102257,106.89479996076165,132.3231254641655,107.13020827130869,50.87320032981294,195.8687165894283,51.335090583515395,196.92998253859287
3720,132.3096361338984,106.88387309753509,132.3067210083895,107.12504099542934,50.791849924185854,195.85756849159029,51.23472213747096,196.92141374891133
3721,132.29622815709956,106.87851618962159,132.30378990309995,107.12401454982762,50.622213536569795,195.84937659527287,51.02167956928492,196.91410563581985
3722,132.29699218846858,106.87804238273286,132.3077356059652,107.12732430673486,50.29871891754557,195.8441322531733,50.62401306766663,196.90972716989077
3723,132.30742148476787,106.88237480362693,132.31194013323153,107.13456897639996,50.0902256666461,195.84135493508794,50.454427912438376,196.9075920059492
3724,132.32488051588578,106.89111664826167,132.31571455542306,107.14483902108876,49.75108700079935,195.83247180568267,50.12736303239212,196.89546405399724
3725,132.3488008762993,106.902497478003,132.32340933268634,107.15650561361593,49.37676719214094,195.8628082077412,49.81071591903572,196.9402146395061
3726,132.37776904010803,106.91835171356237,132.3379847547717,107.1699698010263,48.96059467109085,195.91250663402394,49.50039558310271,197.00103571700896
3727,132.40746680618133,106.93836588463553,132.36017443455546,107.18487206434321,48.57582108410971,195.95419643052853,49.22800708826361,197.03660788985087
3728,132.44010179614887,106.95863978292283,132.39224388786695,107.20026900615696,48.2084218030838,196.01220734395022,48.90175288451085,197.0874689723557
3729,132.47376078504718,106.9777967897386,132.4256373789523,107.21516575992716,47.9708229177226,196.0955660788852,48.595211505186505,197.1651518714104
3730,132.51360218820287,106.99029059409139,132.4620157082805,107.22232630585097,47.66188926482892,196.17923196335383,48.39898130695064,197.22898795537174
3731,132.55581237658,106.99677536363589,132.4948608306854,107.2240974359732,47.49309177125009,196.26801406995764,48.24749402769184,197.2769019851356
3732,132.5983248276093,106.99795533670681,132.5262443673511,107.2215627561682,47.497591118713586,196.33780525157442,48.31314196453701,197.34306984101067
3733,132.6404783098966,106.99336209742671,132.55926824071958,107.2155834284214,47.436290812487194,196.39848006081854,48.21653815359941,197.40826181348476
3734,132.6814894931545,106.9829956457956,132.59461746288866,107.20684838232116,47.20511180455453,196.49908250320613,47.87729269636786,197.5032293887045
3735,132.71835185246834,106.97708077199063,132.63143583372548,107.20954568530465,47.02318872866483,196.61498601940983,47.56662340588644,197.62311322848407
3736,132.75647418893803,106.97642112401307,132.67038145976636,107.22167587500418,46.82707110766332,196.74269811516496,47.25238308422071,197.7724911237249
3737,132.79536455703874,106.98523714443698,132.7122262721381,107.23986417098959,46.59912767654734,196.89646357583874,47.00580649386628,197.93008966551608
3738,132.83789328732792,107.00229171646319,132.75456359009914,107.26200114770225,46.42221704357969,197.08299467863966,46.88532585093667,198.09893968219117
3739,132.8834617258767,107.0283628969718,132.79768842420754,107.28833572574699,45.92660553133774,197.2812002809997,46.53110242597115,198.27768102490418
3740,132.93078683145237,107.06326073880764,132.8426601241012,107.31785129007903,45.177810331685,197.49985835937755,45.742768715020865,198.46197938776203
3741,132.9775698992627,107.10637051606555,132.88683900215923,107.34903408654047,44.65429982494054,197.69689344243164,45.16512067877052,198.6221184059303
3742,133.0234262318329,107.1397585770122,132.92954053351133,107.37011209956559,43.782786310355405,197.87140725037878,44.17544072880613,198.76305703884216
3743,133.068638032863,107.16367874546714,132.97215045475366,107.38360762923058,43.00175275230974,198.017724982419,43.446384379163575,198.8892698461375
3744,133.1121423639376,107.17928649128278,133.01462576065953,107.39130584793085,42.437939319288255,198.14580824473325,43.170792364789875,199.00313510388742
3745,133.1555335780437,107.18765279128272,133.05730910969237,107.39491273867363,41.7764507486824,198.20734220695346,42.89035419002116,199.04382947319942
3746,133.19920903010134,107.18775446118762,133.10089393667994,107.39472161751226,41.30031425582879,198.26867323006582,42.66942170932367,199.11887203714105
3747,133.24166154403275,107.17955064534091,133.14452477744314,107.39147592301035,41.18352302382433,198.27884713436686,42.49089315768214,199.1490144772103
3748,133.28516813031754,107.1641308195093,133.18924033539938,107.38633547379597,40.99744373967512,198.24376914486112,42.3033735290522,199.1225840725711
3749,133.32992102904848,107.15292722440002,133.23420162230545,107.38429985379862,41.23092245677381,198.19033629819265,42.211194180384986,199.0888528093583
3750,133.3752487657436,107.14460465822988,133.27931309441846,107.38329064310733,41.423469704350445,198.1404443845007,42.14514924370539,199.07993496548156
3751,133.42248609325128,107.13924469111461,133.326539639865,107.38355119976205,41.440502293787276,198.06034640405977,42.15338730800973,199.04362205745795
3752,133.47184216052986,107.13817347828645,133.37599892802604,107.3872096626319,41.45375651827362,198.04151703237386,42.094663460663064,199.04989949812347
3753,133.52286328996934,107.14176254120002,133.42734504093647,107.39358110549716,41.44308008385061,197.98041606107387,42.01760294091235,199.03827080928588
3754,133.57596384389637,107.14935676489493,133.47990917234821,107.4012087786614,41.428136971659896,197.95972244997103,41.94913439697169,199.05542020124625
3755,133.62924046662351,107.16125923528219,133.53210222794752,107.4107766012499,41.23089390706147,198.01234275435104,41.593760783293405,199.12136592963745
3756,133.6822135261689,107.17410117487933,133.58270054691417,107.42184570271067,41.01033834768784,198.05329763003945,41.33456953254423,199.14529181941683
3757,133.73405342876356,107.18833947045047,133.63066772268397,107.43325688411414,40.68642970487608,198.05715684269566,40.99042401346219,199.1304892243701
3758,133.78590819610972,107.20112746589537,133.68013044744234,107.44139412403756,40.242890772769115,198.06694743690477,40.60941689592551,199.09763317876465
3759,133.8379672546654,107.21118800475699,133.7317634698801,107.44756957227688,39.90861953444098,198.0365348448004,40.391326064793404,199.0505112646824
3760,133.8900625145782,107.21854102866637,133.78495864485677,107.45218118167429,39.62508578743897,198.02946618733026,40.25701416899106,199.02887991216554
3761,133.94195072563588,107.22387296438151,133.83869229715503,107.4555633121058,39.46678807257171,198.00605115955253,40.31859405845156,199.01511808929
3762,133.99660437975652,107.2265289742219,133.89550975294765,107.45796403274733,39.573867773208526,197.92698164417752,40.43938146212571,198.97858256338213
3763,134.05342364851415,107.23342705257738,133.9530754694679,107.46927355513068,39.71794241968278,197.83433183981765,40.61226788008648,198.90136802102174
3764,134.11787036370876,107.24583507488116,134.01718778174106,107.48857517720788,39.89577279971552,197.7684470879602,40.66125828767533,198.84311975205412
3765,134.18112274770547,107.26676741833447,134.077813459954,107.51493935263102,40.25315656118268,197.66386898898438,40.847797920419765,198.72136448147302
3766,134.24225239530574,107.29565887065623,134.13553910016464,107.5468674245569,40.87753314563827,197.55619479279514,41.456802610313275,198.59870280987462
3767,134.30179332511082,107.3327391281777,134.1914652702598,107.58352946574762,41.656058646170564,197.46006154878805,42.198796067981995,198.53283733502872
3768,134.36098303694857,107.37781543997265,134.246817748361,107.62373870194654,42.3593381620921,197.3912059761773,42.85646082180062,198.5219152501067
3769,134.41919096310758,107.4310470231391,134.30326789419638,107.66691483512851,42.9417899255792,197.34009676215285,43.28338463209753,198.51280347889846
3770,134.47708256926484,107.48518004126477,134.360341535719,107.71223203213924,43.25575225461779,197.35319456722186,43.32700141780558,198.5471381302291
3771,134.52914296862326,107.53841203994571,134.4158324502114,107.75745908435592,43.63473180771371,197.39504602643163,43.363551291806225,198.61844252209048
3772,134.58219149928905,107.5856164939143,134.47105631900632,107.79616685773128,44.00238393973219,197.52041702140806,43.524505987704536,198.71708830103444
3773,134.63702667679823,107.6265679052902,134.5270289508167,107.82925842004813,44.120918926199934,197.69377091877163,43.765349793538405,198.83777521914433
3774,134.69354732885827,107.66169236160918,134.58381983244664,107.85864232918247,43.9841929920278,197.8807894827217,43.854472894842665,198.98591580126396
3775,134.75159277442037,107.69097190014071,134.64197570601306,107.88483138732562,43.88325178605162,198.05867428268542,44.0402667678195,199.13330974910497
3776,134.80837844133276,107.71434802030849,134.698770738426,107.90841747146452,43.80935748095839,198.26794103306727,44.1259929309487,199.29494378081415
3777,134.86344078621195,107.73196130157456,134.7539307747196,107.93010987995027,43.92231137845693,198.4755125355005,44.159760106046114,199.46396818034634
3778,134.9197991061068,107.74571723383082,134.80957280356986,107.95100747672127,43.80731440200115,198.67313020460108,43.868772474784414,199.6284649856955
3779,134.97369423188712,107.7650656171167,134.86149264897833,107.97808113127773,43.75728209058656,198.85892133819885,43.85858777707157,199.7852110107532
3780,135.02620648507917,107.79089344499688,134.9127413006337,108.01091464220634,43.69981712558792,199.04764892075394,43.95304650986769,199.95588893209316
3781,135.07803205884525,107.82227182262136,134.9649737728723,108.04791902682643,43.73727084655892,199.2196184353178,44.05711981467164,200.12127167699978
3782,135.1286287144902,107.85975194956033,135.01765539959885,108.08869472614826,43.7198344706869,199.39261222378425,44.178018124964524,200.28355770670115
3783,135.18116996122328,107.90308715524593,135.07286860163885,108.13218799557791,43.70198316583034,199.53153137661104,44.211274415413996,200.4096309615931
3784,135.2326894166455,107.95213281711918,135.12555419204872,108.17788790906519,43.76190690585332,199.68776350425568,44.31208636634375,200.57512371726492
3785,135.28485082569463,108.00648656645396,135.17993817826982,108.22535313779859,43.990942152784086,199.7879483351143,44.311382176503,200.6577859417466
3786,135.3383252883582,108.05647770588864,135.23274183645256,108.26760034482022,44.089867599210145,199.8682843878235,44.351260316327696,200.72143291562972
3787,135.39299975603674,108.10387855973187,135.28608099947837,108.30876126648808,44.15605936734414,199.9094907253957,44.439480381515054,200.76187532860857
3788,135.44719497209186,108.14811720390247,135.33957118803016,108.34816820822424,44.2137545221533,199.92690339083816,44.52714762621436,200.7906033892467
3789,135.5015741597786,108.18420340786106,135.39344437124797,108.379401475562,44.249662126866276,199.97288098344322,44.604187602645126,200.88323371703356
3790,135.5548743301393,108.214096893533,135.44806932128566,108.40656871347653,44.25087888424619,200.05204579942375,44.55379404841467,201.00019620663812
3791,135.61066474487635,108.23951147445597,135.50385471287595,108.43298666061249,44.12057692476822,200.1066333382294,44.403611516385304,201.12397920677753
3792,135.66604293391552,108.26233699904209,135.56008663601978,108.46138362165891,43.91712596517263,200.2187129596344,44.099746464375585,201.2537580634368
3793,135.72161633523572,108.28358712259211,135.614674452349,108.48617988201711,43.45145737930595,200.35425667589664,43.52994954008119,201.38800111121165
3794,135.77958710858607,108.30850816757379,135.67279726273415,108.51851933635852,43.002996632242365,200.47967512146147,43.15452052829762,201.47074500432745
3795,135.839136594424,108.33828560649225,135.73241993456108,108.55767821452542,42.49776130929455,200.61683819139412,42.79040573306593,201.55020878950643
3796,135.8987087931502,108.37884162017995,135.79114157195144,108.6037926885219,42.04231805812209,200.69905771776774,42.577476928929954,201.60608356634404
3797,135.95493435570015,108.42779302922368,135.84483287069418,108.65455699306612,41.754097172804606,200.71038779544222,42.52890326384107,201.59411660743135
3798,136.01039797226144,108.4821220646698,135.8988176048243,108.70733036922063,41.52054148315032,200.7022082902052,42.457861798088224,201.58774809508114
3799,136.0649851252694,108.54074428488472,135.95239557899194,108.76288094249196,41.488841837933315,200.66265215883968,42.49934138834292,201.56926122059858
