frame,x_sp_ma,y_sp_ma,z_sp_ma,x_sp_lp,y_sp_lp,z_sp_lp,x_sift_ma,y_sift_ma,z_sift_ma,x_sift_lp,y_sift_lp,z_sift_lp
1,0.044243402531765764,-0.10165635623383408,0.12239144367297825,0.044243402531765764,-0.10165635623383408,0.12239144367297825,0.8806400332229057,-0.9962702369350426,0.4627795830858349,0.8806400332229057,-0.9962702369350426,0.4627795830858349
2,0.09539927336145951,-0.23713513015109455,0.21701188800692162,0.08159068831106361,-0.22099906153773863,0.233958578100542,1.1575548376907225,-1.7206692033987303,0.5906973873429777,1.4236928862675868,-1.964784698026739,0.7908721592377368
3,0.12910628457414564,-0.4068946576687985,0.2873202629526495,0.10179609850308576,-0.3650643580078678,0.32729106910180156,1.2470863328146846,-2.190280369129575,0.8134070695991094,1.685966598096376,-2.788289694223667,1.1353177672191301
4,0.12703393615600475,-0.6021801692541888,0.33566326236213706,0.09318448212817126,-0.5332838557923869,0.398523824838552,0.9722937577466352,-3.5484740265289325,1.0844948147440596,1.5324630558269983,-4.277149328108441,1.4957239846404973
5,0.16651837153821147,-0.38604870543105974,0.3656064402081013,0.13326047428747534,-0.3393230294472459,0.4467128280524877,1.3715828797996505,-2.477778628453055,1.2821142005209059,1.8579987439064753,-3.0847916022457724,1.764057461445981
6,0.08811372566081002,-0.6157856298172353,0.3856159360446288,0.05711696159100853,-0.5557975730429344,0.4797011415080451,0.8820229533084843,-3.3064276313589835,1.4360196401538747,1.4286731408018005,-3.9873654389952073,1.9666270800499348
7,-0.026861159630285333,-0.8421740013939631,0.39905520775790543,-0.05485999285118233,-0.7774225719531548,0.5011084395337692,0.3981242020131485,-3.868239545206105,1.5593349800865368,1.0344900726526043,-4.545632576050838,2.117778092414436
8,-0.1925142954410426,-1.077832694388965,0.39368535181286635,-0.20861905354985116,-0.9964814551879007,0.5159861757499961,-0.6575282902080053,-4.811420601754885,1.5916909621595414,-0.17689658365542105,-5.817485067699879,2.201796205211943
9,-0.41351344934086653,-1.301383294079255,0.3755473596854766,-0.408607664421069,-1.2021107904518742,0.5232389612723307,-1.634726904096866,-5.442465879356534,1.6981110733587392,-1.0547186064441423,-6.490990699828946,2.3315219517862102
10,-0.6906656957712928,-1.4921539378430864,0.34881629282016824,-0.66012001977376,-1.376146070075109,0.5226994513984803,-2.8412118387201835,-5.900418645605266,1.767790448083864,-1.9916544739875772,-6.941392391205318,2.4706528548002074
11,-1.0045349495173994,-1.6404090798809146,0.3190957454919168,-0.9422775251447719,-1.5075456007151962,0.5155834567126532,-3.631491214239321,-6.219640643390064,1.7841744666320023,-2.9497557248843056,-7.2723245118234,2.5863966729209937
12,-1.3499404577491152,-1.7384157953189485,0.2949907081169548,-1.262323929572932,-1.5910959830661304,0.509064935656576,-4.4686880469187376,-6.335765133965844,1.8193315053781116,-3.8021030240620743,-7.362161572191356,2.6862634737403477
13,-1.715951278728209,-1.7722066825074463,0.3014236360660422,-1.6079471857652257,-1.6103321594467597,0.5395532676414188,-5.461269556624705,-5.408458413054907,1.8714241439682542,-4.694181046022703,-6.058219115279604,2.7807962282815084
14,-2.092025387578893,-1.7303916649355786,0.34142037991129065,-1.9626023874255807,-1.5571698060255108,0.6041069257665628,-6.247178623216025,-4.734750759219147,1.9647924202506228,-5.080289765793743,-5.537038552567566,2.9056434922794168
15,-2.4608921697946835,-1.619743046843247,0.4134318676882634,-2.3080030696440375,-1.4434442969740258,0.6962418630988503,-6.1235378749804275,-4.064648420258703,2.0899906728134523,-5.2646535549988895,-4.651740388369188,2.982046963249241
16,-2.824262300902432,-1.4682970235883317,0.5163083701033252,-2.6570969512854035,-1.297537800016139,0.8074505847727769,-6.026212416487667,-3.1693651500196003,2.1787229701783417,-5.275088524331284,-3.8189958586613706,3.061762889672676
17,-3.19348777902426,-1.303458981851562,0.6537390058769176,-3.0169350977264324,-1.1385030870888266,0.937462378183938,-6.10506969147264,-2.3093178224667876,2.218775146697583,-5.6744517771962135,-3.1142860801331165,3.0884697240933483
18,-3.575418032703153,-1.1348545801211098,0.8275027648476904,-3.3845476058219375,-0.9809291155878412,1.0858106274019677,-5.871388470316642,-1.1620351694530158,2.3325685726761494,-5.74080687941064,-2.112691951306033,3.2206944778464677
19,-3.964213748684791,-0.969546044015667,1.030607791344602,-3.762025404512909,-0.8212410136056831,1.2475761243820325,-5.408412319232872,-0.03162495601541315,2.5027852298230715,-5.485442886328316,-1.274145518497281,3.4232674356413275
20,-4.359524418716288,-0.8062571860008247,1.2333628014251707,-4.144060275859334,-0.6583652128239513,1.415382545876167,-5.127151086203202,0.22367883148065631,2.697044661518895,-5.097226789949428,-0.6354096325390077,3.6641704470074377
21,-4.762206236050277,-0.6423145555057793,1.4322788934739554,-4.532134448142556,-0.49265286571359035,1.5847802227684584,-5.132795193954138,1.3872305167073316,2.9265589540540917,-5.302037578442117,0.5014466161144724,3.9349086123790333
22,-5.166848665435799,-0.47175670420155946,1.6210889819057324,-4.919545722279823,-0.32287236691906646,1.7489554005596593,-5.23932871129464,2.1115412651019705,3.1943559855043513,-5.504532531815075,1.2110525332518591,4.1945656996194
23,-5.571684413549767,-0.2906058524969969,1.788130768379211,-5.311852198176805,-0.14585021303787343,1.8868250908010327,-5.300062737115077,2.488371647117054,3.5027825635723526,-5.541762217278375,1.3986367738911811,4.477377390954373
24,-5.974312284611325,-0.10892864164514704,1.9245911029412375,-5.706398542321499,0.03159219372744351,1.9959531439551914,-5.151011967204575,2.475643822537914,3.8653390028425534,-5.6913415319960645,1.0613202149819083,4.743515274128041
25,-6.379028986268335,0.07500618652723975,2.0262430334858155,-6.102377685678433,0.21238444163955963,2.0762180272930912,-4.681942699724484,2.74983129430843,4.247429602499176,-5.081913753382894,1.6181513652610138,5.0804287861601996
26,-6.784898783282048,0.26015645812806526,2.0967268815739786,-6.5012150304774305,0.3974033846979603,2.1373371093874334,-4.306511823873093,3.318453542164659,4.553547302516458,-4.411280932572081,2.4920734582913164,5.336634585927682
27,-7.185547650508488,0.4510028902884799,2.1437077333149013,-6.893707769232615,0.5888666760732306,2.193387927974251,-4.166471537191541,3.959043913968769,4.821377246563829,-4.030317614197367,3.2477504412674425,5.567993476929282
28,-7.588533340369823,0.6477573908384113,2.1627305433396216,-7.288190377440196,0.7829615025936059,2.235617411670577,-3.853892435746239,4.169327950024792,5.025996886161982,-3.9487664759007344,3.9094567159459346,5.73866569889519
29,-7.985956268205447,0.8412993938085112,2.151852717286371,-7.68149229212251,0.9769531991828524,2.2607632617641436,-3.2664002418505125,4.889562450894857,5.169502239781561,-3.5644397148002,4.975999884217504,5.82894924800308
30,-8.383966504618604,1.0363429402391298,2.1383944271719453,-8.075683363569626,1.1766655817908194,2.2799421968249907,-3.3476988815935487,5.715201377039826,5.217541061030505,-4.102362735057531,5.579975425431072,5.848073724852754
31,-8.77701660487381,1.2340756342367596,2.159534148675398,-8.465063760173738,1.3776226257286477,2.338441811966838,-3.621296760184213,7.015523785346046,5.228360918781423,-4.947867049821116,6.245562249459692,5.864991224854031
32,-9.16385545193511,1.4243230321881906,2.2218825970849108,-8.84478352137798,1.5690072673257147,2.430639821000702,-4.563061057299508,7.762653345511895,5.2051962645906755,-5.782127532533252,6.803200673653494,5.9371063694923984
33,-9.534485894438097,1.5928440550973657,2.317639220885423,-9.206129857355675,1.7347670566650584,2.544319578583547,-5.503561312253079,8.095491202887123,5.2588226709252694,-6.261947409510122,7.121584508373773,6.068060185401529
34,-9.884297328804683,1.7433807933991379,2.426294635511798,-9.543985419897625,1.8805954693325706,2.6625397354916975,-6.195497261147354,8.290791612519861,5.258634676952876,-6.463076718511624,7.256464001715231,6.1323426711751186
35,-10.202698604235424,1.8996766237618516,2.5545689325568084,-9.855470041138878,2.0295334717986435,2.7879808920183873,-6.743794166987624,8.487407157080302,5.269529413834306,-6.664661934367014,7.392747567659485,6.198226023541102
36,-10.487712037936701,2.0720522426568895,2.7055477749187777,-10.143429797895948,2.1974642262479684,2.919424906045772,-7.519078008011305,8.30918796051156,5.316240897928712,-6.816270328950787,7.457565274631314,6.250861510207229
37,-10.744825202436697,2.249407705306805,2.8602785503534216,-10.415783345248723,2.383381144344268,3.0340953864412867,-7.419094596123432,8.289694758654173,5.3978861217079235,-6.561144284847122,7.515422336261285,6.315752002433314
38,-10.991617775176845,2.4192348930155796,2.988290091616005,-10.687810109814958,2.5710104955978745,3.131146451095178,-6.774160142344779,8.133513467774154,5.525357880227966,-5.97683257773323,7.608086551766935,6.450138440804784
39,-11.242361110885799,2.580784360519457,3.085423498934265,-10.967853733718632,2.7543485074757386,3.2039186843022853,-6.095365065467588,7.891331607241724,5.6808184343819335,-5.604758390766383,7.61013952425631,6.629483960914348
40,-11.50671613229095,2.7421181762669087,3.153848822075895,-11.260598196362631,2.9351064837537013,3.2553444911131493,-5.890825837700608,8.105726365969355,5.802267730443324,-5.802590013816511,8.098237534350996,6.779608444086309
41,-11.7920125260541,2.9063836647301615,3.2027811179464707,-11.566784647305619,3.1104248411709388,3.296640072904964,-5.68300752141113,8.686967298146383,6.026309444031282,-5.788053146143413,8.849161297265264,7.011325525586358
42,-12.097945245221132,3.076997552178677,3.226503145336995,-11.881781335738303,3.2852600905435536,3.329932237863679,-5.399232156887167,9.248580953104241,6.294547462917822,-5.710468459683429,9.44413086086445,7.277697097914485
43,-12.41735142986461,3.2559924625023866,3.2245462397250786,-12.20175011630046,3.4653049842840344,3.354183162150878,-5.14746169602068,9.785673436306867,6.617770026284564,-5.694490301136069,9.833655172446093,7.565902571749934
44,-12.746087048508935,3.442331510066937,3.2138304334915158,-12.526013585185906,3.652112194988807,3.367807451698877,-5.204421330725018,10.248360645990878,6.8961591481434255,-5.747453579358027,10.05964272550803,7.758618598324694
45,-13.073774142453766,3.636108899307433,3.2011230779980226,-12.846465068716824,3.8427657444260945,3.3775266029862143,-5.510593020277631,10.568830458548303,7.10326547374141,-5.7692961893446135,10.117334906711772,7.900276579715686
46,-13.40473300938311,3.835589090653091,3.1906679762829153,-13.168493024083489,4.035513580101293,3.3850143046107273,-5.601141772744474,10.955655594953395,7.290941173539676,-5.577100298228558,10.174215901690237,8.050998937457615
47,-13.742430419297937,4.027908208374689,3.1829791660901683,-13.497588139930057,4.2228644947273075,3.392387453182773,-5.346112528463401,11.060198657177711,7.477929497730928,-5.436885699521839,10.29130413436649,8.177203752836673
48,-14.085685909440643,4.209371782000214,3.178157787740123,-13.833310935901535,4.402530661943209,3.4020902743590304,-5.081150157849136,10.867069200850379,7.599502235382565,-5.131570993222906,10.330085500762175,8.299719985003017
49,-14.430018579560796,4.3843440437550285,3.199262244107532,-14.170924788718441,4.578392280882119,3.441335070522302,-4.954734708046754,10.573680989165222,7.678456308907818,-5.018657863145568,10.214444793380146,8.416879307971945
50,-14.776979148855252,4.559980716816578,3.2500980376149506,-14.514219843368572,4.755305325010223,3.510259450892145,-4.853413500413367,10.25657783287504,7.712895485853188,-5.013206830588577,10.000407953809404,8.525488637036224
51,-15.125099732665518,4.74378249273186,3.327669964085316,-14.8623770991428,4.940137304821045,3.5995455762346418,-4.710118657498647,10.010375155487726,7.793127898864634,-5.011201389690633,9.836722481304394,8.639411491418254
52,-15.475570149854676,4.931824173173985,3.427075372460196,-15.211265744382276,5.1273659891369485,3.7007029963873825,-4.597937285839374,9.787777460715215,7.895121457230519,-5.02478421590649,9.618315831964864,8.747925565852725
53,-15.827436682411653,5.119410972088817,3.552338420240304,-15.560438135943938,5.311115606542739,3.8150299308818516,-4.614663439509231,9.57083355187431,7.986728069827816,-5.009970673488718,9.482818556867798,8.859953186871811
54,-16.177032330358394,5.3066707701804035,3.7011965251659484,-15.907791824509696,5.491744852139322,3.941729795361293,-4.788723150342941,9.515156152559715,8.091888760965958,-5.237079998928722,9.666251664757757,8.974743084820286
55,-16.524354441380858,5.490726635142683,3.852436773780569,-16.25310314648004,5.666474021855589,4.0545483157785895,-5.2780414057916865,9.489970651894492,8.214502659055945,-5.660058186674331,9.805585908412205,9.106282542985994
56,-16.867771146409876,5.672839154308111,3.9812256070968437,-16.591894795767185,5.839827936698771,4.146912245647152,-5.475981364596265,9.443614517696648,8.319766585177888,-5.717197666187032,9.727879709446457,9.208454186755654
57,-17.203016190142527,5.858946315268687,4.0844912493482175,-16.923762985952706,6.019977641428062,4.220435912053226,-5.63441938975354,9.402342335367585,8.427022313490507,-5.798073126272941,9.54749704821823,9.30962259426462
58,-17.532219786589764,6.04676766158554,4.160137984484108,-17.255189866611154,6.207713457300497,4.276071537800195,-5.747129819110588,9.32304594024857,8.53201850025668,-5.802039708012399,9.354551345514675,9.415419554349352
59,-17.85959572347395,6.232158648428223,4.210583617197549,-17.585429087848798,6.3959132915604044,4.31633242927023,-5.787630719036802,9.363559671589833,8.645456728671958,-5.72379136731609,9.28017300029294,9.527916456223545
60,-18.186479300054906,6.415863748777632,4.2417140114279634,-17.914274961552934,6.583646186002655,4.352254382537743,-5.858032381037674,9.34474802762743,8.731708855360859,-5.677233035523011,9.175275971379532,9.604305888645975
61,-18.51612191181381,6.6018227017400735,4.243894246113257,-18.247333909595778,6.776543419060564,4.37356030683418,-5.795701471714737,9.106062192181613,8.811617299016696,-5.669849452451985,9.093957405239655,9.68185664346818
62,-18.8465431493603,6.78993024388766,4.234115221966003,-18.581185285178194,6.969719702165242,4.384149991730448,-5.550724936860181,8.956888875485442,8.86779706920317,-5.649759869053304,9.164522787090092,9.748326683252877
63,-19.179391232181448,6.977051950254852,4.218946463212435,-18.91296372305348,7.158433051096184,4.3880168846265075,-5.494229305372967,8.909079970225779,8.922068924854935,-5.632291635740223,9.15007605446033,9.79781005946602
64,-19.519284641969723,7.1619627990701495,4.198906379411253,-19.250279822661284,7.344719727802811,4.385366027930445,-5.427798723330103,8.983363432159393,8.95871711540577,-5.640434385429414,9.190133036227815,9.831549504846953
65,-19.86471847468659,7.340399148043228,4.17374988970333,-19.596373202443424,7.526041686140579,4.376190021014565,-5.413408005991857,9.035963213321624,8.973847322383948,-5.652710637834772,9.14081032056304,9.853656258858967
66,-20.216257187374115,7.516493090969578,4.147341321441735,-19.94740515029441,7.703294231185174,4.362159682357995,-5.452528162040673,8.984222742088937,8.97226922758124,-5.6571228512388245,9.0387298192515,9.876188372498175
67,-20.574607324150552,7.69407074809448,4.118072161912301,-20.304352562813474,7.879531901670966,4.3474674245426055,-5.483449218999279,8.957454768437552,8.98532055483653,-5.662845225123264,8.946389291351718,9.901817839913253
68,-20.93247260311699,7.870598957570628,4.100175646864184,-20.662455872905298,8.05461064483677,4.343762565731029,-5.582554440556708,9.094192652565626,8.977611357182324,-5.792473456155676,9.102745953131297,9.90883944280653
69,-21.288000596110628,8.056687493277524,4.090960723468623,-21.017866999795476,8.240082453479195,4.347553204077865,-5.625838389125549,9.152719380220844,8.953328441518478,-5.810771216347859,9.253058550530543,9.896890144111813
70,-21.647020676745388,8.250537039205303,4.090274936228308,-21.373127776160462,8.431980211720557,4.356816317290123,-5.641643125500288,9.227761977278076,8.924143543929988,-5.7836549295459205,9.324511280018092,9.876356856576198
71,-22.004694074617124,8.446127467333852,4.101688074617902,-21.72603578923929,8.62678593307409,4.374281698628148,-5.599050152993449,9.186000272843186,8.892181751560539,-5.702044579802091,9.269925230580519,9.849719552548857
72,-22.36641003646309,8.6431502389624,4.123186660502491,-22.085922258896897,8.823941686938483,4.39609931554092,-5.475436715058078,9.24270195006226,8.857419636913331,-5.530669564995473,9.28306520154826,9.819758080602657
73,-22.73049548425881,8.842064720851798,4.1536275392439155,-22.447114610252157,9.023005368802842,4.4211049491422685,-5.084253821900366,9.384835260741871,8.822868488974757,-5.016574009703621,9.350427200657931,9.800464119070474
74,-23.09932592569404,9.041783124217687,4.191635420585778,-22.81393772854342,9.223823901772864,4.448749521094786,-4.857800393810326,9.564098469807155,8.772958324902456,-4.837843389341496,9.44473446781564,9.770387519925613
75,-23.475680240574505,9.236629347156942,4.232422258311498,-23.188105588129336,9.418334827777109,4.480943375657277,-4.635767087348077,9.790706208142852,8.727342732292621,-4.820208624337715,9.813467243970585,9.739025147357289
76,-23.857246183362243,9.42603938058004,4.275036487929729,-23.566111772352553,9.607289521485063,4.516639786015688,-4.43470840879446,9.948910028498698,8.690462929467,-4.7519785930278395,10.032371262084599,9.70992414874517
77,-24.23805613705454,9.617589679472752,4.319523374948303,-23.943479261251706,9.796513817841898,4.55463157370492,-4.285073420449492,10.161668883869465,8.632499215467028,-4.727162799870261,10.237097964870054,9.646211714539303
78,-24.619115986520864,9.815804373363259,4.360645090979625,-24.320148265830063,9.991589080299335,4.590723457688352,-4.112397977831971,10.606791811350105,8.609253115854484,-4.612156929388496,10.620117117129531,9.633819259201617
79,-24.997607577889244,10.022629055620937,4.403139372395365,-24.69675173586143,10.194502837575497,4.627915945251602,-3.9711551702071697,11.10382797931814,8.60275507066362,-4.4643808330508605,11.060015711043167,9.63953777765361
80,-25.376555456684272,10.229860816841647,4.4477563115976935,-25.073269777347058,10.397455420628264,4.667641432898222,-4.2543398175413705,11.445466097254192,8.566368955782824,-4.564560016020509,11.262446333538733,9.603927520828277
81,-25.75523895896941,10.431484169279598,4.490908049879458,-25.448931883877886,10.595204251674662,4.7059759831575025,-4.463267310257648,11.7319168998561,8.551544394200164,-4.77119816483957,11.376763768323373,9.587651609992397
82,-26.126741677451463,10.623341184450354,4.5245294594821,-25.818201655867412,10.78441621046817,4.7337641749615464,-4.684498659886796,11.80968355042765,8.567980719735646,-5.078331655562011,11.467771067720571,9.61462630214268
83,-26.50524348029346,10.814183313006222,4.54867133173173,-26.196048275511085,10.973840093480113,4.7527593021479095,-4.895368092031011,11.920043412401592,8.576276133980567,-5.248436032693384,11.510727539702572,9.62182636983553
84,-26.882113389919557,11.004310035150217,4.565007656152816,-26.57164812200149,11.162596063880628,4.766291552506763,-5.149240354190474,11.897523001034916,8.563757387526389,-5.47476347153227,11.388394056013981,9.558299980373489
85,-27.25452745381147,11.194597031938018,4.575040794922295,-26.94508416347716,11.351826926983888,4.776630042926233,-5.502508390300332,11.71208244714432,8.54405659597246,-5.7034834669060075,11.280836419462021,9.53591194605076
86,-27.62789945145254,11.387219742287142,4.577456143246611,-27.32158595791171,11.545256109255726,4.783068917122824,-5.816581970060645,11.55270572778405,8.567982208699881,-5.777176197675102,11.360512364035266,9.59575045044201
87,-28.00059380573019,11.582788867977808,4.572037694126952,-27.69828661778945,11.742557690125482,4.7847965655165705,-6.084588166823343,11.74666543255344,8.616686029030603,-5.986293754250259,11.768277591929328,9.63747088603029
88,-28.37652335663631,11.780211375978132,4.566580685299125,-28.07376434809793,11.940568679848425,4.790901124084792,-6.059454359942385,11.977623452552638,8.722921201865654,-5.868441518171122,12.100324817309104,9.76294005692868
89,-28.754707755317654,11.974410139292326,4.566361827490131,-28.4507184279284,12.13676451175328,4.800183522393326,-5.957245294541683,12.25052839643866,8.820025735525725,-5.812336222225066,12.433218204853123,9.89072232789816
90,-29.13430926547603,12.167558393790578,4.5700251388379955,-28.82933136121552,12.333431718707207,4.811161890591976,-5.8786313653918,12.511576203424912,8.949907363145273,-5.721226051607862,12.650886294682573,10.02467508411483
91,-29.518644250327025,12.355527071303666,4.5749534428177725,-29.21044569875943,12.524681163440443,4.821699669446303,-5.7482143867593845,12.883962785237117,9.127563693617622,-5.662962820815428,12.824753496829677,10.127453854413002
92,-29.907668838935855,12.535006253529176,4.587664319645857,-29.59603680973089,12.705697399217131,4.838296777973025,-5.567311326273415,13.306112025994807,9.29736631693774,-5.583810394135074,13.017181282758369,10.225482061140344
93,-30.297516985070974,12.71287458122268,4.611910849827828,-29.984357808226182,12.88447111804405,4.863434960934373,-5.41471873915497,13.609077494918141,9.403889552560184,-5.454566646786246,13.169861181141595,10.294293544784427
94,-30.688000239985197,12.896959199515148,4.643740243406752,-30.375993237073146,13.067282743323359,4.8926013033573845,-5.109685192161071,13.66853242672573,9.53572596413952,-5.308523634833931,13.28511372390766,10.382076067463602
95,-31.076119827212977,13.087993889879483,4.675260494610418,-30.765360501800412,13.255727112456436,4.920708236305131,-5.008013115119324,13.705135387153328,9.580786316884216,-5.193000522283856,13.368694054857063,10.422650745364686
96,-31.460527567355026,13.288645461766583,4.7090656488283535,-31.150570980925327,13.454129620834252,4.949762703661975,-4.889326170462075,13.678761659084598,9.595953702653159,-5.11226888997216,13.415982306729935,10.439799089467826
97,-31.847148714250697,13.493671687472068,4.74585493592245,-31.538842613313648,13.658977600440304,4.980865553461315,-4.740867425130187,13.753919868409522,9.608329406087039,-4.958191154620544,13.54734361255278,10.48178064322277
98,-32.24056417864438,13.699886536032327,4.784943212906718,-31.93200165498148,13.866197328313772,5.0136226857505815,-4.571115921404442,13.93155268914857,9.620833135103725,-4.816586843806886,13.794077047744247,10.510694927142339
99,-32.63615905219284,13.902160262477746,4.821366583221376,-32.32483148133692,14.068140684208641,5.04557603655966,-4.335929572706045,14.063498001269261,9.616927235826381,-4.5722429405953795,13.977144439233149,10.526224338685402
100,-33.03550589379028,14.099492960558933,4.854830952715687,-32.717969231942625,14.264853617733783,5.07661445116572,-4.096671338101911,14.27861314355976,9.630348919373183,-4.30437368430384,14.233586899720589,10.553542778147143
101,-33.437769970653534,14.296468151656994,4.886537508623987,-33.11814496635217,14.462875418803254,5.108028196010925,-3.6590511981467078,14.360562028706962,9.632896367112993,-3.7703074389612254,14.244762893477656,10.593929303986561
102,-33.83742543866002,14.497135289273189,4.918858810535999,-33.5147366838837,14.661901166802442,5.138664191900813,-3.3130025819960522,14.437761611099956,9.66513491560849,-3.4752324326024513,14.242431061435889,10.638819906880794
103,-34.23045765065852,14.70705494223662,4.949968450650154,-33.90392092495401,14.86914090391518,5.168560306337588,-2.9982050380610366,14.57470035072365,9.698048902102789,-3.297624937222194,14.314180615724982,10.658084715102328
104,-34.62231525239001,14.924800502677975,4.98270882602624,-34.29488648360209,15.085922766019047,5.202217946638218,-2.7479232480919586,14.612246244384567,9.711328336746,-3.1594806201930075,14.328123729648645,10.675979876137545
105,-35.01324876967634,15.13787001566471,5.019373548379967,-34.68591900790904,15.299901640060504,5.240693815558948,-2.4095603510216757,14.47697734261914,9.732591395745658,-2.904238856288104,14.235900229760347,10.694579883179493
106,-35.4094001658382,15.346113234918024,5.056732687189871,-35.08190415941059,15.509620407209146,5.278665109354343,-2.171044915366462,14.38016848740866,9.76281534032161,-2.707957172553853,14.195668809690304,10.713573275069166
107,-35.813998026681695,15.551018593382079,5.097928975888354,-35.48449761196528,15.715514685184257,5.321090117252177,-2.125822079481762,14.309840587667669,9.735386815502547,-2.7504330559473313,14.305234709014822,10.665130741000317
108,-36.218569281151744,15.755448609624795,5.140140928883002,-35.89024282181056,15.922207912791148,5.363349041201242,-2.2543959975907413,14.470701951164315,9.693772358979212,-2.7085339080309807,14.523696534229536,10.627923272224988
109,-36.62326426609774,15.96555185687736,5.184974419584779,-36.294454493637566,16.132596755493175,5.405134276702722,-2.4268236905133493,14.587545844343532,9.620215210966077,-2.867913180778015,14.626974105344436,10.564228679231741
110,-37.028129945368484,16.18126196647934,5.232817043704199,-36.696767134212,16.3463939584213,5.447444487006974,-2.623784213430024,14.533606812248275,9.545497831512986,-3.0895011512915422,14.547601391307058,10.493332178828716
111,-37.431658618845226,16.399864460134868,5.278782328887639,-37.09873211012345,16.56166373295285,5.488445136211067,-2.905218422571063,14.49787452035971,9.45667840057265,-3.3890561728321,14.46718840577139,10.419234325680192
112,-37.83301439896598,16.619793621617728,5.323143033867904,-37.49804581845182,16.775447108235525,5.530313022686159,-3.2978993684600217,14.448746103634154,9.352169486797507,-3.6348296959260242,14.286038238807121,10.342769733665438
113,-38.23577682575126,16.839424250166946,5.364321918000397,-37.900544803180885,16.989547251362215,5.56833153704986,-3.2473757534359677,14.335703868340708,9.242300363508466,-3.2214728119503535,14.082628169470341,10.28072970490985
114,-38.64418392577069,17.056666593978743,5.398722551638642,-38.31072364846519,17.20269690490107,5.602909231764538,-3.0698761542284463,14.08282917524631,9.159696205600312,-2.9160037567464463,13.861431721709861,10.20447037696018
115,-39.05271959671361,17.265128121043304,5.431511891699562,-38.720038542024845,17.407251204098827,5.638071065082767,-2.9620127272165946,13.663079893549527,9.085744058226323,-2.698900656402441,13.585285676207922,10.154827143886036
116,-39.4564809014105,17.462699607118903,5.47734589256233,-39.12229141909943,17.602001409611013,5.69078920228973,-2.761594732786966,13.362487658635894,9.076210517940401,-2.589993136290091,13.451180983817764,10.17222310277394
117,-39.86319212030757,17.65469607227132,5.538618043847255,-39.52728439742626,17.79311428952441,5.7590893113810955,-2.465331651102407,13.02964731797941,9.125165196926961,-2.4548748358884627,13.129987733628417,10.248599955469611
118,-40.271478808351716,17.845784437402106,5.611127888128628,-39.9354515359647,17.98373318048073,5.835210196119733,-1.989198897502582,12.66702995171596,9.261619867050639,-2.2201935573816125,12.807595916115027,10.413595969909759
119,-40.67507827270432,18.03905890184224,5.688694518046963,-40.33747383401222,18.174811245251348,5.911827688294906,-1.5564007666082924,12.300691660660599,9.371586330053164,-2.0895003345128713,12.430034872738997,10.491327694158471
120,-41.075005353789,18.234311530202326,5.770897540112235,-40.73952912259782,18.369631248718278,5.985802648863661,-1.5006986218819711,11.905000870821766,9.486211619217674,-1.8989449521252064,12.054702805755031,10.562105851800178
121,-41.47024883375909,18.43198468688516,5.8550250534342,-41.14285946794594,18.570207758354087,6.054186961660984,-1.4367075479620846,11.669163530845804,9.643587141184033,-1.7587821390577298,11.914176632603787,10.64879851708157
122,-41.864335072373834,18.63681775979209,5.934613873802076,-41.54205016777153,18.77688581886358,6.111645629851809,-1.4218789870778357,11.550039006533993,9.747133186638095,-1.7457331968233751,11.863701686324958,10.652863391685855
123,-42.26037934371203,18.84788685348438,5.995715835059983,-41.937510194090976,18.987728129882115,6.157284197134589,-1.1823956357073668,11.363071065290503,9.83206566515073,-1.4795005545097173,11.81584558129153,10.689115422517897
124,-42.65516133613271,19.059858343702047,6.0378587691778085,-42.332525453375716,19.201275149106824,6.193040258415747,-1.214117829479886,11.42964247899028,9.87568621683218,-1.6137361389396658,11.914869364150901,10.723491639506241
125,-43.05188809868767,19.26837804832818,6.065271460016142,-42.728159058892366,19.411808375258353,6.222600770565149,-1.23757001293498,11.629791241929246,9.883557354964312,-1.5899196227568388,12.107980187750268,10.802423792675375
126,-43.454678706643115,19.478293392612006,6.083014165316367,-43.12677874653126,19.62431059839381,6.249677122855612,-1.2007494371599574,11.843962003029754,9.925411912102538,-1.5492614210729976,12.166317033348683,10.861231554720531
127,-43.85272484046178,19.69133474590093,6.098948565874979,-43.52109245615416,19.84078754768608,6.280296803541848,-0.8548901694448641,11.830238791573551,9.961392564948643,-0.9998412792034095,11.817805785011014,10.909273810416904
128,-44.24911735675977,19.907292946957135,6.109034675183009,-43.91769696196648,20.059562471635267,6.304968878515496,-0.45697017259067557,11.685731410355007,9.994544040285234,-0.4877047439331532,11.518733690858385,10.973069075007919
129,-44.64439936517449,20.12267255764389,6.12464177106446,-44.312797599325144,20.275878216484752,6.335708323634307,0.044655416056948616,11.45698384741008,10.08973762337395,-0.02667135898812234,11.22816569676368,11.043457020367043
130,-45.03823199355839,20.337804797304564,6.153826818808793,-44.704754719675734,20.491269328324368,6.377031235673134,0.3669832381838547,11.159051652193137,10.158577574384026,0.3465196652519188,10.888048766621656,11.099381152291366
131,-45.42821762669081,20.551204189824123,6.1974906728899315,-45.09300152965605,20.703835160621956,6.428089157269594,0.8540752133679018,10.776194210970102,10.223633780837151,0.5299085272327838,10.633923916914004,11.140872378286366
132,-45.81798658030014,20.766153389746922,6.2529125027097265,-45.48157060360243,20.9167523349682,6.486032437032018,1.2509649200738397,10.519516777821723,10.241629288620771,0.6779544765821284,10.722009475404914,11.162238056583371
133,-46.208589460685815,20.980875378475258,6.315865507083315,-45.8738106543269,21.130388905737554,6.546513325878072,1.5292780575339546,10.25077498784855,10.27324828191716,0.6540690379244259,10.680713107827689,11.195055042690582
134,-46.60112629573918,21.197529196729143,6.384352775881179,-46.2686911721155,21.34813485221068,6.611057743674797,1.4524711363960976,10.055318519055382,10.29982527456406,0.6538271502419505,10.354121727333299,11.216309664053142
135,-46.995039004820704,21.415854659973466,6.465936731348045,-46.66839482994988,21.568651108667126,6.681321656884273,1.330879256476719,9.823346398969084,10.299651289957032,0.6642095548322821,10.022670084930752,11.217984494778138
136,-47.38685484625071,21.636032478351662,6.548890807980159,-47.06417899786202,21.789295374408752,6.753458528137041,1.2433746499408986,9.717443560664181,10.298652432858963,0.7731293363123012,9.88168149905755,11.233044903018083
137,-47.788551253157635,21.858300405837117,6.619045606435791,-47.46648246429027,22.012798472187495,6.810437914404202,1.2343159113651918,9.752183269215132,10.317919465113677,0.9723550650120469,9.858384898369295,11.273779122516142
138,-48.19325773925508,22.07915416049469,6.674802795303143,-47.868751063098244,22.233974559942666,6.854957810010748,1.2518226580054017,9.77343457292933,10.352264136233186,1.0539697978857685,9.838288560089438,11.326401890283227
139,-48.60205027049629,22.301836281178456,6.720119334804603,-48.27207765878131,22.456698316426795,6.892385808801346,1.1821713926599522,9.67270775305299,10.379459990226263,0.9981422906300416,9.943293452149883,11.347127514739721
140,-49.007693786286836,22.523599664090884,6.757766986618651,-48.672381349743446,22.676451957523092,6.925491617955037,1.262964410005679,9.622680006139179,10.38944058237322,1.0219619756936467,9.9870662900169,11.35719355579568
141,-49.408967429987385,22.74354625551343,6.784610014481571,-49.06869075718466,22.893126330769537,6.953805971632598,1.8816774856187048,9.462043192725472,10.425183361042926,1.8165626789734461,9.573367342272343,11.39868667195709
142,-49.80588606953608,22.962759067276465,6.798119572299744,-49.465057296978294,23.11025700423706,6.975775938971462,2.412316273002516,9.32651077036327,10.46898349842822,2.3410529098827917,9.207268028135562,11.425765416194986
143,-50.20436235332591,23.17854186512456,6.799626058540318,-49.86152933712127,23.324191683120976,6.992124653180238,2.831902261983201,8.928144142329252,10.515302100976141,2.7049974412528854,8.66952908161448,11.463079329680694
144,-50.59923139128769,23.38933931537083,6.81064258795622,-50.255759702810806,23.535360309241653,7.017162916026628,3.302852780515086,8.586738885380846,10.52201014898369,3.1725480429179664,8.408668076669368,11.466226282655311
145,-50.99689413637596,23.59850510806069,6.834527956421826,-50.655126669583616,23.74594421222685,7.054228546672346,3.893096911490801,8.126952100200914,10.519005924505702,3.6319723365718346,8.026430778761974,11.476346549430732
146,-51.39394296327495,23.80738745409467,6.865702522339641,-51.05750007654934,23.95796251809004,7.096137216974062,4.578995107114294,7.503537999947268,10.54819605792492,4.008197008067242,7.6054443656307065,11.502967597867542
147,-51.78961756466626,24.01323392501128,6.901934746914366,-51.45643507306342,24.163565482988595,7.137646979897475,5.109468260794401,6.939371139139989,10.58318893421055,4.158768889227468,7.309681403953503,11.524764351637549
148,-52.187924881065584,24.21669378228097,6.94455415724126,-51.85577379848422,24.363599605686932,7.1787567005096475,5.129368358217977,6.676313553804264,10.582751219146408,4.356182851059836,7.083670400128178,11.539535101692325
149,-52.586467268762355,24.421974124828253,6.996611251370664,-52.257126214868336,24.564485255914146,7.225289073420939,4.988971626723529,6.438973944862151,10.559116645299076,4.182957283172904,6.8976053414994905,11.508290176595668
150,-52.982584697591726,24.63375981922416,7.0453383460246,-52.657282187487915,24.773436494258547,7.2592964487300975,5.088220128244015,6.3900419118314105,10.530207359245354,4.330159725832351,6.758225129329698,11.486419366458268
151,-53.380721827254966,24.853326646065995,7.078768073775233,-53.05590247573062,24.99221055821574,7.278475184670866,4.965046449353218,6.2764512693875325,10.499137024695834,4.307970313992199,6.720433235699081,11.441696850325222
152,-53.78025495246782,25.075879515638647,7.0964091721112394,-53.45640677726692,25.216625012281455,7.287426912559178,4.913785633632181,6.456427276462863,10.486751324680416,4.467147587614527,6.92236139757999,11.44019870858164
153,-54.18399087904033,25.29550050537224,7.101269833410648,-53.86359114194599,25.441477896234325,7.290979026578226,4.832587913508704,6.865097776012077,10.412627602433583,4.559961701468882,7.2890838405203455,11.367289080384335
154,-54.59501463443493,25.50848895455042,7.095765331718873,-54.272618889008996,25.655946884011804,7.288910418824024,4.865140850944853,7.287158808371958,10.33804897090136,4.646825611474371,7.645367321652402,11.309390736321665
155,-55.00876913904009,25.71713991077203,7.0823180671326345,-54.681949353661416,25.86336751006719,7.2816637746413235,4.862006433568443,7.518091927692493,10.249973242481886,4.744207291885911,7.670992754615527,11.242364502760944
156,-55.42435846224935,25.928068077377503,7.054765192205406,-55.09309813023897,26.070230963665374,7.269069660282059,5.010859561107526,7.522652069600162,10.173814987565663,4.703805471689908,7.3734948899656185,11.163668993236405
157,-55.83984075749007,26.14083582276673,7.024083790506482,-55.50592867120897,26.279373704482932,7.251672541062039,4.782080811994444,7.453274304476474,10.114900754345614,4.429079992133416,7.041736050557691,11.130438674403248
158,-56.253516259581424,26.359340103556146,7.008270593860764,-55.91713174242035,26.495042595211032,7.252291111304774,4.471133281387302,7.4723132118442726,10.092689775796584,3.953333681939451,6.9722368882165044,11.126146847137464
159,-56.66156365916628,26.578587351781362,7.009612673181983,-56.3235064347369,26.713252605472004,7.270292235885266,4.000905216855021,7.21820587349564,10.044603067782782,3.5242341538518938,6.766447158250477,11.124471223278572
160,-57.06960539978394,26.79170175085257,7.029481733836221,-56.732467313152874,26.930299097952755,7.3042318576759735,3.465634571475819,6.655769625029452,10.020225936828108,3.0567538641582757,6.377785707648167,11.085855710972593
161,-57.482848083628454,26.993198398014815,7.066656821414334,-57.144037632822936,27.135181379622196,7.34870429828613,2.9897854883552726,6.089084420780665,10.017642521186856,2.7691267677899027,6.133059568801802,11.084410449538574
162,-57.90154219773752,27.185880113625856,7.120492312948471,-57.559513603563104,27.3298154395676,7.400352772796141,2.1536495540953666,5.5928406164794,10.026173929753245,2.0565790297209157,5.788237647285696,11.075594321215926
163,-58.32030560342716,27.377722464987176,7.186413893107774,-57.976964723101744,27.52180411762959,7.452352260103001,1.4383537994297562,5.260961858958331,10.04582695915125,1.5474855513376826,5.423217395420509,11.054167670972776
164,-58.733911991982595,27.575317515967114,7.267080208398834,-58.392884421556154,27.718787341297666,7.509728063477085,0.8579040526099289,5.107698555345108,10.078540257373195,1.0922356058597282,5.270208759464124,11.08133999119216
165,-59.143504793200606,27.78140594522902,7.346856567390871,-58.80417894304798,27.923554404899672,7.570194605032559,0.49795521786315916,4.776566429277903,10.086926332104227,0.7863096487357446,5.07766827524529,11.09453661268814
166,-59.54656321286609,28.003258380661585,7.40729645544723,-59.20899870056371,28.143416428643786,7.611663225328972,0.008786301459101087,4.961033862490939,10.107855397029452,0.32136536182487,5.481132440736708,11.128675858759879
167,-59.94430314458782,28.232978180943082,7.448955214968968,-59.60864167347078,28.373282288344654,7.638534348194781,-0.6303140451889394,5.283771369438588,10.154259407947368,-0.3941096571934814,5.774204874084867,11.157702371163655
168,-60.33892969883425,28.46308900133056,7.473586802221006,-60.00129242083467,28.60384726061358,7.652338548348058,-1.3318192864383254,5.6335375464041295,10.141206289354953,-0.9726273511650165,6.116058689151108,11.121921109603502
169,-60.73579278961679,28.69505924304619,7.4847028617854106,-60.39532513101088,28.838126425971957,7.65847987122268,-1.8143366029406973,6.171744007199126,10.116574078133297,-1.6291085523326436,6.559914181327416,11.073853846644827
170,-61.1338387895374,28.924439516803577,7.484311125676743,-60.79226631932382,29.070229762780144,7.6574926645958605,-2.1925091158985306,6.599173944757958,10.118466014523683,-1.9542771694655814,6.669925664254642,11.056717905646279
171,-61.53037183337811,29.15220674776943,7.465989978094525,-61.1896619465716,29.30014778053598,7.649504505707368,-2.5649558561583947,6.886451565638715,10.098992904425447,-2.237918220655994,6.699693693298181,11.059334946266445
172,-61.9283943666267,29.381720091080837,7.43256674878115,-61.58776750482843,29.52897821896016,7.6365526298270785,-2.6981559872267207,7.198691407648343,10.117158112600304,-2.070405009299924,6.673376210259597,11.104133546571925
173,-62.31994306892352,29.604270577329157,7.410712731981991,-61.97902576129466,29.748561473973204,7.637025521765154,-2.781580406746129,7.099761536281161,10.090945383543316,-2.0727451757115216,6.630822454649935,11.10298981106189
174,-62.68034252630216,29.830644209507458,7.403931312050406,-62.33321663969634,29.968440924965517,7.65172522660737,-2.6303734702825965,6.868566705838626,10.095197013941428,-2.0942419233412397,6.38002306566312,11.144220315032904
175,-62.987393199497845,30.085633254852365,7.415471548882992,-62.62840898013705,30.21303218677634,7.679372999362847,-2.346880112431863,6.473645369422609,10.156198918653596,-1.8985821075638885,6.084118636901529,11.194313965855242
176,-63.212709238170746,30.370002170031036,7.442333901538074,-62.84357128755903,30.486709371623256,7.715783403026075,-2.074473661609358,5.895572365747907,10.241747971438933,-1.80860796107147,5.856241706412083,11.245136790427742
177,-63.33993682244216,30.66056871442684,7.4869494483933225,-62.96511660045081,30.77106157922895,7.761833344065481,-1.9705912219625599,5.509662122655374,10.308075539399672,-1.784924490171948,5.688993215942166,11.288986507668183
178,-63.37974874198141,30.925124935063426,7.547425697178762,-63.00271814459933,31.038913613529747,7.81469774358385,-1.9248049100256956,5.133036561292575,10.3570627347684,-1.7980329811317348,5.571720346778215,11.320878547823764
179,-63.35904772533894,31.1375593122183,7.62015170606411,-62.97926686847726,31.267581908911556,7.869903990816534,-2.0554748301713435,5.035841060633322,10.388153404115814,-1.825005091928594,5.496329337320764,11.357112899625323
180,-63.30468195452645,31.289217202904318,7.6763342041258795,-62.91699387954523,31.44987596277223,7.903886862226949,-2.1542523604997985,4.879192855143559,10.437195954752385,-1.846798552723195,5.44666721069267,11.376148051987498
181,-63.238279761378855,31.394706915532712,7.7146901662550125,-62.83710793463461,31.589243665602595,7.921911873683186,-2.1120006524721213,4.752098709353185,10.44802335275878,-1.859741225131737,5.411446750782425,11.380645411669148
182,-63.17804272210853,31.471076749435614,7.733007060852252,-62.76119244472321,31.7056865118143,7.9256692525508425,-2.0443463277517053,4.811548915965809,10.44340722412407,-1.8667767190267457,5.392827738374109,11.372748228183594
183,-63.129575678017254,31.546503848109918,7.732623677743165,-62.69723866287554,31.833501028099377,7.916602652148417,-1.5678843702564151,4.852117406973987,10.423697704566502,-1.2726340603162176,5.378311669475132,11.357994501156279
184,-63.08858351616718,31.636544606774102,7.713012429613237,-62.64128827656978,31.982914955963814,7.89580829975044,-1.074985435636353,4.924631225315611,10.386895363414684,-0.7508450607022084,5.419137969052634,11.329806023534152
185,-63.03661131037188,31.74690817369625,7.676511170877497,-62.57060643274704,32.150937319379494,7.868841767825889,-0.7313659638182008,4.946206804972868,10.347214770971894,-0.5301634838806448,5.396430642018174,11.299753824478763
186,-62.95535871018588,31.873520750621505,7.624829955654919,-62.466187677020045,32.32030949274829,7.839744985647473,-0.30461555128274753,4.899603590511362,10.3139893543334,-0.2339556092213198,5.331724613130057,11.291245459358473
187,-62.83283481447921,32.011766803728584,7.587590173349824,-62.32105559303858,32.48020527326244,7.826678984407831,0.11783469650863754,4.805724941583864,10.295825956903451,0.018640379040072597,5.2786914054810214,11.29373617519572
188,-62.66189197703019,32.16298731803484,7.564197779168975,-62.135468549845456,32.63295144373134,7.826432888207914,0.6762326074948808,4.605691692851037,10.28478810894556,0.43767885081389807,5.13896352628834,11.299598986250361
189,-62.44706038188058,32.32979212377502,7.5581927841136025,-61.92156964475926,32.78823392176809,7.839058300735135,1.1613573712591465,4.3828564848966876,10.294229329963587,0.6879096179222921,5.0210547785358,11.321862367679243
190,-62.216520697691834,32.52349825375819,7.573605162487768,-61.7039093423461,32.96968781672528,7.86629549010536,1.1891350481775074,4.263258289102131,10.31879572788448,0.7923847997935141,4.823992182264626,11.351550985964629
191,-62.005437165900545,32.76252606600616,7.606863972774212,-61.51113179476046,33.19578506958026,7.902253849709085,1.2240084031198282,4.049189104844802,10.361386681426033,0.9345278139298255,4.546569277751534,11.391266638855619
192,-61.832093172483155,33.04905888076737,7.65228050411429,-61.35182434625217,33.46710145445096,7.940423158982438,1.4602741728860038,3.774829531804752,10.403612363355702,1.1148032541634112,4.218125403419416,11.40897768382965
193,-61.68358090275635,33.36489337639378,7.710720561462799,-61.21487277161469,33.75986310585571,7.980399415628156,1.7744598888262149,3.2850715755019206,10.452698094899793,1.480256979202603,3.6254811492031833,11.446976890915998
194,-61.52890691992924,33.6927694073365,7.772842970597021,-61.070530602011985,34.06238513776691,8.025768661501743,2.1311582619049654,2.617879079536604,10.512177589234858,1.844915519860182,2.9490157075711307,11.499083441213804
195,-61.35416545081865,34.01780514510824,7.832689028054092,-60.90669335505228,34.366672741137855,8.070338528912016,2.29070710133677,1.77638694143379,10.569827278734389,2.1154384281148086,2.2013007003260414,11.549071252233322
196,-61.15319513088994,34.33660228101365,7.887326791783705,-60.71455668185264,34.671347989336894,8.111734533674065,2.3569160117440684,0.993683810690182,10.636949198848079,2.171020907566757,1.6633652229658886,11.620502333957567
197,-60.93033522363384,34.646008487450004,7.935443774278445,-60.50126383053304,34.96952090687672,8.149231990002214,2.2984262449907202,0.33046543225088676,10.738029494177088,2.0174982414384566,1.2623784904150979,11.733645310672262
198,-60.69093177074297,34.95715245307008,7.97974137643442,-60.273988462888184,35.2719723842165,8.18593249909603,2.0055695724421128,-0.3114083210076044,10.81573032869989,1.6300097609702833,0.8443813843155346,11.805126186345792
199,-60.45215771714936,35.275884187550396,8.019006709980141,-60.04646616276353,35.58442942764115,8.221212988762915,1.582484857133597,-0.6314908850776455,10.920488601123605,1.1463392519025628,0.8288539536425212,11.887056785370127
200,-60.22225478861442,35.61646445763547,8.052894509265364,-59.82488493344613,35.916765173913895,8.2551736642152,1.1028471590456361,-0.6611565443310592,11.009329517516305,0.7932959270816178,0.8547194659650361,11.953689768729497
201,-60.01152562734715,35.97776124839207,8.080777283760886,-59.61745004627164,36.2656224248505,8.287136904537164,0.4315183631894537,-0.5358723345503881,11.080047711674338,0.27715997476952514,0.8993030172417549,12.003109179525993
202,-59.8145615731891,36.35217227222495,8.105550748289401,-59.42255991459784,36.625146114717886,8.315387848007578,-0.24743665434188322,-0.2449545838320737,11.139558550319322,-0.14135820899495727,0.9959496689419144,12.036871793801563
203,-59.623544718022174,36.72947108790625,8.129799726714854,-59.23285160816876,36.98884669040246,8.342670390677915,-0.8871690225465274,0.06449818719449624,11.15048748377859,-0.5300251983117548,1.18032413677951,12.026196195981367
204,-59.42929791994035,37.109280078847085,8.153604057445579,-59.04151811456907,37.35638986254198,8.368281804565468,-1.3572922559512441,0.4262349317041099,11.121954304222095,-0.7757850481528328,1.4099467385970739,12.019018489749444
205,-59.22669925205042,37.490668296357335,8.179188789116306,-58.843030450670874,37.728093903827094,8.396850976974916,-1.6344174015253579,0.7977082341645872,11.109411388641885,-0.9394759572038933,1.4679783829738595,12.017744057118723
206,-59.01489916302517,37.87469769176404,8.207122344032047,-58.635010798589875,38.10466233972884,8.427900443257608,-1.7352020698729524,1.0110117562989167,11.089131095562125,-1.0464459414172405,1.5827776049952877,12.030516620967715
207,-58.80338049330679,38.254122821094384,8.238004004904107,-58.42519838768804,38.48115785256468,8.46152339231129,-1.9354687234232408,1.3062325323048412,11.067792770108086,-1.2451418475509457,1.8472583317463915,12.039828291122687
208,-58.59336971532104,38.64033723328627,8.271910792876195,-58.217377755161415,38.86617137207833,8.49733457765306,-1.9262603408471357,1.6621360620408292,11.053559583952255,-1.3430849129936926,2.1717892200585776,12.052615448066957
209,-58.38564624141492,39.03404727009913,8.308532094846436,-58.012000550413184,39.256061605690604,8.534079571891768,-1.8611703832655435,1.8833956742053881,11.061323065940792,-1.3451377493371803,2.3181507068359264,12.086507398563969
210,-58.18122447538916,39.4352422128433,8.343515611594393,-57.81059726249365,39.64991365226088,8.567522890218296,-1.7676303882242226,1.9655248865523263,11.111270074015678,-1.3568784719266895,2.352084278466152,12.134256094969217
211,-57.982464386179174,39.840618221577266,8.37864891868086,-57.61669579525205,40.04877222597382,8.598536846698229,-1.6620058085978024,1.9941801071362135,11.171040893657628,-1.2862196074570647,2.3874817039576453,12.188653983051427
212,-57.78426397895827,40.2510289218413,8.411742620432127,-57.422826895079105,40.45566749599451,8.628545473016272,-1.4820871904190507,2.0734318973384203,11.221031542172474,-1.0905458855003245,2.3596646088152764,12.223163675716263
213,-57.58512645963731,40.655699014909224,8.442496021626923,-57.22651855738358,40.85623501839863,8.657307515892317,-1.3489230001403545,2.123684498712204,11.265759314509262,-0.9786480733520277,2.365750664157682,12.257682944824646
214,-57.37716502109602,41.061987233614644,8.471934062280724,-57.020250322377926,41.258530535140366,8.685944464816343,-1.0891562147775649,2.0518178344184204,11.305172748065898,-0.8333742144179704,2.3716148932285104,12.27719073459446
215,-57.16455181705317,41.46160877193652,8.499442981567011,-56.80919957892086,41.65510032985881,8.714168882668465,-0.8212508531927327,2.021763512028776,11.340120645103761,-0.6416824536665313,2.551431842624264,12.291358804046817
216,-56.9544073188847,41.8624337636466,8.524307601015902,-56.59905763944261,42.050987898290124,8.741361426578145,-0.699799776200694,2.0595657259450006,11.356340426416741,-0.6131834143363484,2.676737851803474,12.300028555707305
217,-56.748765930938255,42.26010226369971,8.549697006323422,-56.39218236317884,42.441987869993596,8.768622972807496,-0.6338387353397462,2.19073057439848,11.357080343894435,-0.6780479713316354,2.824063274177253,12.305614112400239
218,-56.54315260076289,42.65103272614474,8.574294912348233,-56.18691779279116,42.82761240802997,8.794558255524418,-0.7667453867088965,2.3204641471198477,11.342625853322177,-0.9272009828617758,2.946089483047242,12.305465517204457
219,-56.340450234252124,43.042900725699546,8.597146688752472,-55.984869906134705,43.22098577682023,8.818628638325263,-1.0347809864866362,2.9452986041660973,11.323376223467637,-1.176606513389219,3.6794962196790615,12.290394334574865
220,-56.145142308498905,43.435130029924125,8.621704184861503,-55.792113226350075,43.61425782344598,8.845000942315913,-1.2851054344513835,3.5592875611135746,11.299963968017748,-1.3909669819568822,4.282788268147581,12.279283401917452
221,-55.95660756587182,43.828038845707844,8.650314443687508,-55.605738829384954,44.011700950307144,8.876181965838809,-1.7591828289657778,4.042262440081508,11.282485414218561,-1.8168422916197835,4.589156682716446,12.271625193396693
222,-55.77343819083306,44.2244498952286,8.685316816654831,-55.42348348643485,44.413113699109246,8.914934958820162,-2.2204350631086234,4.426738289004025,11.27836995437942,-2.070680494512029,4.880054821888177,12.281642513829526
223,-55.59176199059661,44.6259147285485,8.72780935580927,-55.24241622894292,44.82151277242653,8.96097389790239,-2.6301872935942376,4.818367571849095,11.29348970578372,-2.321565675933999,5.096477864508572,12.312974799411451
224,-55.408344457008354,45.02678308401645,8.777607497764567,-55.05985863906976,45.224109825708865,9.012721496183097,-2.9717375778693538,5.146687566861931,11.327261361174704,-2.520303533015828,5.221179581940705,12.362509390622249
225,-55.220744551040895,45.426602872244835,8.83538480773646,-54.87094968892406,45.62026734575933,9.069497438779447,-3.1164443081492506,5.549197469993523,11.387343244379538,-2.606099136472516,5.419152073029079,12.436041349246322
226,-55.02958359009575,45.82138590661326,8.902161203922976,-54.67650158087389,46.01484186556292,9.131209245546884,-3.2845776839982754,5.559393445197725,11.473639557209353,-2.7674292558111144,5.664435026310481,12.515263061740313
227,-54.83594252831283,46.212868344112515,8.976326435525316,-54.482112535252035,46.401962262530624,9.197531350866106,-3.536252408917268,5.601129699326266,11.569129098834452,-3.0179751551585574,5.924443805578351,12.592930261109418
228,-54.64177581783225,46.60064617339798,9.054697320884518,-54.288587859733674,46.786907407303076,9.266820318022656,-3.6846949249418977,6.003246118922564,11.673350002887323,-3.3263439669800894,6.468488740195486,12.669023927764785
229,-54.44801229115789,46.9882627938609,9.131018176985588,-54.095533572664266,47.17469430319279,9.33434618351187,-3.909673605896347,6.333602781820292,11.779969922696454,-3.589154151566139,6.849100319551084,12.749544576213733
230,-54.25244282645692,47.37480266076379,9.190075789555756,-53.89902598943269,47.5665461000155,9.380233415203108,-4.015229251780727,6.741179824309813,11.892054965334454,-3.678450794221273,7.247514291108545,12.84343441399555
231,-54.05485288166988,47.766394327278356,9.233434699278845,-53.70049918130888,47.963399309104894,9.410333767332732,-4.141168854831117,7.037665535446323,12.0037318984222,-3.7784307168348947,7.361571080430855,12.940605670278917
232,-53.85738886430179,48.16564484012483,9.263149852509407,-53.501446040517344,48.36648438506306,9.43071907174132,-4.223001696656023,7.142312434683641,12.110892955928925,-3.7212375688562798,7.2794901284543565,13.04662240877704
233,-53.66519532505767,48.56829700454172,9.282280987773095,-53.307202895917655,48.77440090884805,9.448368091288843,-4.102669681664029,7.180307337689576,12.219217455874693,-3.487043441758737,7.208315917844416,13.15508544492883
234,-53.47276777830574,48.978956602958554,9.285983982804781,-53.1147329867924,49.184498576517264,9.456969405504525,-3.9980500572537516,7.0831710184364365,12.34048619267552,-3.4446090491379033,7.022111331602776,13.275927842211475
235,-53.28171841995262,49.3953864303304,9.27289865313701,-52.92760521418628,49.59660759312988,9.45674407651729,-3.699076438941844,6.589464294543436,12.479494333196195,-3.256682809155819,6.650306182454572,13.40990293480844
236,-53.09402512612727,49.8161098725901,9.259609783993374,-52.745131378675424,50.0131460212711,9.470366357247435,-3.3865270481015015,6.055759053769075,12.632993074851793,-3.1049430298079974,6.237215300230825,13.553402118927922
237,-52.914215337415236,50.2385093441345,9.264635412838116,-52.5682213207445,50.43073575131159,9.498161024842874,-3.2902354849813102,5.286301649814071,12.790712363094393,-3.1759309141641503,5.671823563730451,13.69832150029442
238,-52.741507720771196,50.66005185937246,9.292694733748997,-52.39621810026174,50.84681966918404,9.541415104553487,-3.234441178885827,4.669083971663282,12.941739680231905,-3.3110661326175035,5.227312267783172,13.831320786126213
239,-52.573852238522335,51.08286784249934,9.340612684752442,-52.227381345937054,51.264831841386034,9.597209121606214,-3.367107429797245,4.180850494786311,13.08468697637734,-3.5393673677688944,4.889655677451522,13.960754831576148
240,-52.40564259335198,51.50084715256327,9.399472430675699,-52.05735647913924,51.68084718786669,9.659328211978565,-3.709395096920682,3.7318150040536677,13.221883352667913,-3.826336101322273,4.674933742161018,14.083532198520459
241,-52.232034553973584,51.91466698058891,9.473408879057631,-51.88156511264511,52.094430570632305,9.725912995937671,-3.9534521425912414,3.102758756954202,13.332743599444983,-4.0527066041861355,4.112437028327593,14.177192804233707
242,-52.041308491343045,52.321069220478684,9.562759341018985,-51.69112152977909,52.50042043374342,9.795132367834295,-4.273897487946625,2.6669978178759157,13.401316958585655,-4.1763370362616925,3.702810060344212,14.229851106930887
243,-51.83743465637457,52.71886058013019,9.639162812420562,-51.48691525225277,52.90097438181419,9.850352132812713,-4.357102185295359,2.43783978828278,13.436938350082569,-3.9430121981456705,3.5336173672297897,14.25757957067997
244,-51.62357520462005,53.11825493867438,9.70104541526075,-51.27014214639857,53.304733128662264,9.89359976466816,-4.189005992811935,2.344388829295151,13.445088280496558,-3.6196534786939596,3.3633471480786463,14.265273218423136
245,-51.40558305379149,53.51765047986124,9.7496514409671,-51.04949568298755,53.704419265833806,9.927907391978934,-3.9142970415591973,1.8117385724873252,13.434534793862486,-3.29227402973608,2.6304190197371504,14.266788383131562
246,-51.188738768220595,53.91897207472167,9.785265412977193,-50.83205844424571,54.104881658452044,9.955368673557368,-3.5062192393371974,1.0806288978256329,13.400448370495251,-2.9615354853897218,1.800481995708546,14.261111170621707
247,-50.97672081191416,54.321989478921246,9.805585835320779,-50.62003688846663,54.50661771119723,9.97520772822759,-2.9290702995597018,0.36705592137140763,13.348640363027831,-2.5597443065381,1.2193822884337595,14.25037288879678
248,-50.767521337321035,54.73005501730942,9.810541034371452,-50.41383412739616,54.91313766078252,9.98901146304254,-2.5147746070109642,0.010147469234147943,13.314002103510202,-2.498278566423539,0.8557278841105957,14.258336059548627
249,-50.561427596141804,55.138084528455416,9.813241190933207,-50.21064834305079,55.317375386359856,10.011525698317332,-2.1961780170941383,-0.1467346025386166,13.252050802906249,-2.5084916452255692,0.873893745829782,14.20260950892649
250,-50.35808691706575,55.54211716450719,9.82686273683854,-50.011256772550546,55.71696520475621,10.04216023721305,-2.1920460438683054,-0.4599336389597459,13.221225007391293,-2.6147018020056927,0.8263316310126708,14.188417864738128
251,-50.15818615583323,55.94003132044313,9.849984808482047,-49.812042376723994,56.115764438386,10.078150991891285,-2.2029356804038907,-0.8017187951753413,13.179581526229024,-2.5784416289126284,0.7193216123522045,14.151370800545717
252,-49.959064314394816,56.332884571889444,9.881685211003003,-49.61242706833977,56.50825282064391,10.118023402128387,-2.242897532679541,-0.48398354643951746,13.138358898263636,-2.5109004948281224,0.9624440730617178,14.122705938739866
253,-49.75443714842063,56.721226831866865,9.922048823873617,-49.40748420603094,56.897243171421756,10.161056311111158,-2.550036481619917,-0.02196986691737557,13.149586813830108,-2.7700133135505953,1.1116611379578825,14.165941810618714
254,-49.54509658110741,57.10832915257741,9.966311639193353,-49.194432780724995,57.28845007268424,10.199963683566708,-2.7852869279855046,0.3634146213134395,13.183049943495387,-2.7477266943315892,1.1931942065026095,14.22184006635418
255,-49.330519309806284,57.49896663389431,10.01291476724102,-48.97415962773503,57.68407697061487,10.23488695932306,-2.926697787774815,0.49780635307421206,13.220775943232521,-2.861741288549389,1.021213228407954,14.286517581620297
256,-49.115371393618204,57.89728975029969,10.052716312967327,-48.751083481538984,58.08654944705769,10.265627636603451,-2.941414363941542,0.6257191151539777,13.310506694156187,-2.818787314533983,1.1855017508046077,14.350585788379188
257,-48.90364405008212,58.301767800511186,10.087307487166422,-48.53317305235242,58.49142416944157,10.294906923673025,-2.802906544489209,0.9275595860058677,13.401251124076587,-2.668773707598443,1.5017411824913798,14.433666132105799
258,-48.69885119737235,58.712495335224816,10.113056718172366,-48.32482040200601,58.90151653596437,10.3172312091188,-2.8201751421482397,1.3354129449982644,13.517800809155082,-2.639926268656781,1.8335641984023405,14.510474153337103
259,-48.495966261334246,59.13153541812305,10.131908070991704,-48.12381898093806,59.31682611562072,10.336661904335008,-3.172603671532407,1.399271869171268,13.642774674639492,-3.0562087497937784,1.9494718731175642,14.584655631163416
260,-48.29310339292903,59.55593234814307,10.144718661795128,-47.92689833912508,59.73527622032013,10.354413698280414,-3.2445601998974856,1.4902914368161309,13.745690490623135,-3.3085592012812226,2.011751618302855,14.681370702860349
261,-48.09432983776506,59.98138712945206,10.155476763606252,-47.73584433360311,60.156930726156766,10.370179207012654,-3.5585267070087934,1.4223366751623066,13.859303169608857,-3.617597675710898,1.821470490117414,14.793970838722217
262,-47.8991505686879,60.40655562023897,10.163982387719798,-47.547046881893365,60.5814375727124,10.383573324845608,-3.6296946740324176,1.501421606239109,13.98580545615631,-3.6307958116627614,1.625246350267222,14.923420429629767
263,-47.70296971454483,60.8299502817894,10.173462513565365,-47.355472208260856,61.005120926101824,10.397461455325157,-3.525950474303626,1.414894030192635,14.139232402066922,-3.2927237741363555,1.5483903229186562,15.07518201373939
264,-47.50587248842485,61.25222091719546,10.18991153335172,-47.16060011075635,61.42757684599121,10.42236119600744,-3.5129969020818663,1.278487054903839,14.277821509610218,-3.0413799603106275,1.607540224048809,15.20630036306336
265,-47.308580433001026,61.66958536818338,10.216592311056878,-46.965068138880525,61.84277791882339,10.455903635543004,-3.450567948695383,1.2405084246016616,14.452369158557277,-2.852783628623409,1.8648510601327946,15.37326620040946
266,-47.10990532823201,62.081073164094455,10.251535460034706,-46.76846188355306,62.25005884798305,10.49605880203,-3.1040988920694645,1.1723835119948567,14.60219959716558,-2.735732098307396,1.8857939468204838,15.48122120007989
267,-46.90916060582832,62.49238839069097,10.294104744563318,-46.5669638778623,62.65869388758201,10.54045238821147,-2.890058904169008,1.330756584419255,14.669017178926586,-2.74830112911848,2.195006096644264,15.489808055657779
268,-46.70763258455943,62.89651665783767,10.344705705491336,-46.36342238870811,63.06103950949889,10.588655442580245,-2.530797240340965,1.9083306895523133,14.716454138193066,-2.6748739443237635,2.7988922609661064,15.508026475190198
269,-46.50248337418466,63.27509631213322,10.404996996773258,-46.15819648432418,63.43341367345262,10.641935942607098,-2.352351090328179,2.678439384433062,14.757795056934073,-2.647502890000324,3.499271084760807,15.551036040352265
270,-46.27588079517471,63.5996109912619,10.473516090954703,-45.93384728294415,63.74714647930734,10.699882571670063,-2.4307526195403133,3.464382402907261,14.789011275664361,-2.6805079715091806,4.124955549336535,15.616952733276682
271,-46.01571417973943,63.85230126093077,10.536194074910044,-45.67742023870094,63.99111233282533,10.752187949336083,-2.3633668426004735,4.18770456956454,14.82136729370625,-2.585745689173118,4.649419131567684,15.678222110018165
272,-45.73758231060895,64.01835588540695,10.588445764024387,-45.40453849094468,64.15272194204798,10.793664801186136,-2.1948408496528025,4.7513689270183885,14.812868289471801,-2.391983621496776,5.052713191874706,15.729716929320713
273,-45.46096809502154,64.0931856180201,10.636965414782885,-45.12924461874276,64.2277418218818,10.834827827292237,-1.8255339185345367,5.313781922467025,14.817540716936346,-2.2234422395297035,5.30114183877802,15.759119513170363
274,-45.22601185416406,64.08756226736968,10.674839814442697,-44.88148876782715,64.22553551472402,10.866420678098793,-1.4561729219097486,5.58903885317414,14.865704980914115,-2.0235829225149726,5.456550260678966,15.779636912874523
275,-45.049533618933225,64.0325049380005,10.702365893177005,-44.67449376898729,64.1692226186082,10.8911411221826,-1.2859085954755551,5.741562767566911,14.900160884264546,-1.827847408261449,5.531381520089786,15.794603702530647
276,-44.9267319822588,63.952744325879095,10.720361814477766,-44.516665154562126,64.07950286542692,10.911542337135856,-1.2364866118552276,5.791472154424518,14.914808947289917,-1.6598020061655954,5.545540089615946,15.807972294710373
277,-44.84342939898556,63.86351999134668,10.729451204870752,-44.39948996598204,63.9744470636772,10.928956976550094,-1.2206121068281548,5.735580188461228,14.906509507210025,-1.5226671481371923,5.520978631315544,15.8194710516704
278,-44.78099539200617,63.77543053750088,10.735712649705775,-44.29822113510735,63.86858060812036,10.94466320366805,-1.220559522987516,5.684067122242226,14.895844586816912,-1.4018610969575418,5.478548853757968,15.829837797573314
279,-44.710817073333985,63.69052316891133,10.746692836606458,-44.177513492316415,63.7676500324605,10.965085051705335,-1.2137773688518256,5.633940346560936,14.886776209049803,-1.2707818826130162,5.429566555218492,15.84015268339111
280,-44.61789381587121,63.611687128363734,10.755880668599875,-44.028525593359795,63.6753129601872,10.986579558649707,-1.1290394508788308,5.420948102830372,14.892015152723602,-1.1229283557917344,5.189664960198859,15.853991118486572
281,-44.496943106157914,63.52861954590881,10.764875775136606,-43.85558293148116,63.578775602815654,11.002563526844115,-1.0267776096556331,5.205580361792547,14.895874066779678,-0.9641771897861963,4.980005131632473,15.863069496603659
282,-44.35555412408477,63.421750860766025,10.774257094778354,-43.677261446904105,63.45608890343042,11.016213357648597,-0.923391259135044,4.9714253578088625,14.899377068177639,-0.8177898821490739,4.772360456243,15.870714135682913
283,-44.19650382228128,63.27550893718478,10.78800095861395,-43.50240128176991,63.29453218462471,11.0329591956384,-0.7552576704754802,4.8296352512573115,14.906520758680115,-0.5886523520527621,4.722513792377975,15.881732353833867
284,-44.01868457958996,63.08516378405616,10.801614290816083,-43.328844048707296,63.09740015532036,11.044202714606858,-0.5324411677549636,4.710183530713118,14.919315718796447,-0.31276629072448364,4.7036707481667195,15.895608715338195
285,-43.818348913618784,62.86065582340532,10.811908978342236,-43.14505235775736,62.87748928861665,11.048054599539103,-0.24748976894474606,4.657590895147488,14.912938123362611,0.009719867932388049,4.7667805595600825,15.8790304656213
286,-43.59335344059246,62.62569025001038,10.813650331429415,-42.93774628237305,62.653297056119534,11.045362391354494,0.03350234870510033,4.648365407587621,14.911382109203725,0.28525370788264437,4.845910058509457,15.873434130911804
287,-43.33750738162224,62.400908908684066,10.805855186442852,-42.701491352088006,62.44368991046845,11.035981350051621,0.36933580146413225,4.890774113913471,14.9051429774467,0.5676542732633709,5.031800871428156,15.869982220413203
288,-43.050248122132494,62.206613628917324,10.790018505994887,-42.43653890373117,62.26393016763165,11.020679687137324,0.5494742104214195,5.210869187240573,14.907514812007674,0.6412779067654519,5.233504004974358,15.88032876649639
289,-42.73352597751419,62.03962143658878,10.764779996356712,-42.147399945962576,62.107265655386726,11.000792254014854,0.8411878472435221,5.587007400902831,14.9240629469524,0.9265615578775644,5.427973945687628,15.912708088613506
290,-42.398930702300646,61.887825244555884,10.729659021722131,-41.84015363413764,61.96056596688977,10.976502894599241,0.9975468571017347,6.0184576928250655,14.94834509269039,1.0802305982321463,5.813867006296937,15.949856882587397
291,-42.06114989315156,61.73161235399216,10.694003878456313,-41.524313759950765,61.80757395358714,10.950062496021376,1.2305981916487403,6.3583712756616775,14.978421915383292,1.3845323498727353,6.072174343464873,15.988457963211557
292,-41.73332520759847,61.55628600034472,10.663302778713424,-41.20975879617943,61.63749362942091,10.92830073047653,1.3677814281729122,6.674315235723206,15.026878380317951,1.5406450258638802,6.371916996289464,16.017495369820296
293,-41.417122489021196,61.35666517889141,10.638020975783244,-40.89871765323236,61.445463755586935,10.910492057089622,1.4897656340226504,6.939986267977011,15.076471880607233,1.6456391035275622,6.570752206898073,16.05360916016376
294,-41.104964675571104,61.13805175159086,10.617839585846975,-40.589526712594356,61.236582215074115,10.896151599059934,1.6572616537016591,7.1464477364937,15.125696703528739,1.834047007428364,6.761400129381344,16.084623574171818
295,-40.789627464590524,60.90453318567673,10.602140885493183,-40.278537621515135,61.014540019974106,10.884470696950336,1.943905039863235,7.220903004991995,15.176449720784913,2.017835464335683,6.754740072161842,16.123762514130465
296,-40.46456386377867,60.672797951954685,10.594209069922442,-39.959571568035564,60.79278498681847,10.879947235746105,2.006559496221031,7.403418580288415,15.205455887441278,2.0994409572912027,6.9004335085524175,16.14962107555663
297,-40.12311768779573,60.45362994996869,10.59378477300094,-39.62634949882066,60.58036471329326,10.880839258104144,1.9820395203018797,7.31720178824846,15.233562248422368,2.0095252284183984,6.861008294010259,16.177050503772737
298,-39.770052075923786,60.252397254688894,10.601270468569334,-39.28206112253323,60.382570857354445,10.88616830537448,1.849587236919778,7.278645438888746,15.245225546239636,1.9617066204691926,6.829958530965538,16.185455343311176
299,-39.40724229062509,60.065232006975386,10.612073846404838,-38.92959703953986,60.19876235970997,10.89421000228672,1.7574518663532606,7.312756610227139,15.264548586510262,1.8824484560066066,7.015593041502507,16.200949942741293
300,-39.03616572831157,59.88210915285942,10.626659123779127,-38.567178617436994,60.016200252715265,10.904652478768638,1.4859012974594643,7.256385022936132,15.280275944254635,1.5351717078478395,7.00351660158563,16.222308090301755
301,-38.66360654709064,59.69282000788927,10.645165429779142,-38.20134844382966,59.82922464003091,10.917257093424212,1.2729028882477904,7.141162434495627,15.282864634744072,1.4309333776630035,6.958209107489929,16.222238485882844
302,-38.295910602702335,59.48928831095857,10.66809880061606,-37.83800661374754,59.629474373747534,10.932095119887308,1.1895857041129947,7.1127615913566,15.29291396085199,1.581537456598352,6.88672158173583,16.246209274230797
303,-37.92781843191244,59.27767697525,10.688536249756952,-37.47070772079249,59.4219532910927,10.945317812506499,1.1752244463118138,7.117808643186189,15.296088292603848,1.718579336579846,7.013868384516932,16.251089251921975
304,-37.55924572332604,59.064258463172294,10.704871358899407,-37.10462445368794,59.21198891746766,10.95562204743726,0.8781757989365688,7.1901179681007426,15.309773531478813,1.2892790905873797,7.044575230350696,16.276934339903057
305,-37.187503607752085,58.850664454483194,10.718965187044306,-36.73687258414962,59.002135137182286,10.965072759950893,0.4001255064166802,7.023380239086467,15.312907595334119,0.7147379391331425,6.737843766853898,16.26954804274572
306,-36.809068603661245,58.64075382808746,10.73175600359009,-36.364725627196776,58.79757009839352,10.974624206668514,-0.057084629276305365,6.747780348285541,15.297260932497268,0.25092166032437785,6.556023869459262,16.24623623330541
307,-36.429620501398745,58.436785360259286,10.739288884986019,-35.99207184347935,58.59483543294403,10.980967951832383,-0.2658248805667811,6.632836302620283,15.310673318081456,-0.062151345053099716,6.494339108609481,16.276414023778308
308,-36.050775840836934,58.238672263676996,10.744192314094601,-35.62044164663556,58.39638666311737,10.98661470365184,-0.5929079528766901,6.537967891445136,15.326102219709618,-0.3079035154769014,6.428759215521724,16.28514356346423
309,-35.668480090979976,58.04286951707361,10.749431542295127,-35.24461585870268,58.19986937885949,10.994244659722796,-1.0649869927373525,6.485546887250121,15.305331707674496,-0.4729304646153747,6.398334722832585,16.268660066630947
310,-35.29357828840637,57.84395362337242,10.75492571088713,-34.87241988017033,57.99950725217377,11.001722385412151,-1.5778115173954013,6.129394582327091,15.285326252137839,-0.6432548119915136,6.133127347124719,16.24369276513854
311,-34.92465975802047,57.6430279326406,10.76235554221482,-34.506193597984414,57.798110683099516,11.01081647599779,-1.4595957758536402,5.833257105258443,15.283318819161464,-0.4358375720490888,5.920757188977031,16.269463436157377
312,-34.557606088483595,57.438392815193446,10.770778664770706,-34.13958983268895,57.59225087646181,11.020092333379472,-1.1398262276417632,5.750369435907014,15.337918485476003,-0.21407327617567,5.714694081660927,16.34090943260483
313,-34.187656404989546,57.23298975014662,10.780819019609085,-33.76685354014293,57.38515336574421,11.031034007666936,-2.003511458976824,7.673951913637165,15.421411885302309,-1.7005653272631258,8.426387546092673,16.421161856759124
314,-33.8161640825529,57.03505130005712,10.79213524147783,-33.393354619636476,57.18663592514883,11.04310388873229,-2.8278808379139155,9.47245141475878,15.470876393435969,-2.769823266346023,10.508297673432754,16.483187119795133
315,-33.43755031355501,56.84531813428697,10.803710348914201,-33.01452354022352,56.99647011652852,11.05440453963802,-3.7316782651466136,11.188730385694127,15.514370573944138,-3.7083038068804752,12.054966455685156,16.509991060091885
316,-33.05625684309999,56.66089190199672,10.810721327501003,-32.63070218168347,56.81341988617006,11.05879883723321,-4.652843525631454,12.83608267737392,15.570566772424316,-4.431199263319907,13.225168043655813,16.52459558352371
317,-32.67368685896498,56.470882786342266,10.813545142458901,-32.246873002806225,56.62546571788539,11.05821684543951,-5.370458185038711,14.543158816948933,15.635088214924515,-4.774119916231806,13.995496122222052,16.529058324355795
318,-32.29553727253423,56.27407957638398,10.812211921430775,-31.871450022023122,56.43222189682992,11.054541911697825,-6.1405397297031765,16.321658235876356,15.668965418033157,-4.813945105311713,14.704079879424073,16.536280986250777
319,-31.921445615005315,56.07225258936324,10.809440596134793,-31.49981744113762,56.233102162479774,11.05026779686002,-6.990365658861161,18.077316680478106,15.664437748498674,-4.935392176688695,15.188151135908242,16.560437698284534
320,-31.550256241911246,55.869214305905174,10.801104594336438,-31.12673681281229,56.029970559868616,11.042798185883795,-6.727695018604474,17.737594650567335,15.686012312891073,-5.157061576673606,15.502314484743723,16.62518028860052
321,-31.174026272672627,55.66346465005239,10.785606839910818,-30.749228617069686,55.82378307344352,11.031237968079017,-6.520675649744852,17.532231638106033,15.693680991579349,-5.252830483848188,15.877237571456211,16.66348069592586
322,-30.792955934225983,55.45876006667939,10.772189576226928,-30.367821517022666,55.61672151953099,11.026730179189066,-6.211969499141646,17.441101450253644,15.716098010684746,-5.234569457013056,16.248733463180375,16.69301634644469
323,-30.410218346456453,55.25787089569592,10.768551183717562,-29.98575093086518,55.41379283881067,11.032259808529613,-5.897794064005474,17.433729365698486,15.756170336222272,-5.166717605020804,16.595253778165496,16.729478342341423
324,-30.027423410929256,55.05789987511333,10.774421222253617,-29.602092780108457,55.211684546983655,11.046519330731016,-5.7116204061130835,17.464318931047966,15.840093945846801,-5.079062417858372,16.74384028050517,16.808607598832612
325,-29.643265682427703,54.85783008232602,10.78852213368182,-29.223031388263983,55.01133548433627,11.065409337438096,-5.701310526517684,17.361743094107336,15.941783131144174,-5.034085551846295,16.760931354310426,16.897835209603205
326,-29.259971101614692,54.66096607838761,10.809787919349759,-28.847274047758685,54.815061388019224,11.086517171716363,-5.6718565838896104,17.449795938220877,16.012339250395563,-5.070441886701235,16.955614457041577,16.950976493836848
327,-28.877989528756427,54.46850756778269,10.836045381620917,-28.46871224769484,54.62451978749763,11.105795755186996,-5.38246255358554,17.603086276801882,16.05841593831362,-4.859650817340176,17.121596013830175,17.004860398656977
328,-28.498908764979294,54.27711704483575,10.871133554074706,-28.08917389955323,54.435105600811774,11.129740069726493,-5.102053356996604,17.63520230523441,16.12094221468739,-4.630906613191213,17.212274827207295,17.052622955497053
329,-28.121584970980592,54.08330534608109,10.905866420053734,-27.70955006248121,54.244372006737066,11.154181553176885,-4.957771697562119,17.605271359084043,16.19344703906807,-4.546383322562047,17.273642205846183,17.10336420082419
330,-27.747541290653903,53.88726771589877,10.929448410592128,-27.329910397424218,54.05059035937764,11.167256484792249,-4.655332037627292,17.451176930055684,16.232650420278322,-4.199574457163989,17.201219968691152,17.111609542027598
331,-27.37439179559603,53.687477242382386,10.941092116613763,-26.949584918906677,53.852458707789665,11.171083799140217,-4.220660100899722,17.283983945496708,16.225152352211996,-3.7001603143513444,16.99917368771954,17.103051739472104
332,-27.004382181144667,53.480304568320854,10.940981634261313,-26.57733161709818,53.64569400143651,11.165738534534196,-3.8553482441670743,17.296953056048384,16.190885718349847,-3.4236045875432866,16.993297255965548,17.083531705676336
333,-26.63259957727076,53.27342950947022,10.934152448741658,-26.20801236993556,53.4387654710621,11.157439348491993,-3.577946221574285,17.120318427078544,16.204059907984792,-3.386770925385094,16.91100998930076,17.116687603169492
334,-26.258704256300966,53.06522390014977,10.919536634625233,-25.834055776491567,53.22827186575981,11.14292888342865,-3.422348959710645,16.838943621871586,16.228716475315114,-3.2845002591629426,16.69324373760924,17.17298756545986
335,-25.878372693507966,52.85902839640184,10.893399840963768,-25.455651988883584,53.01855104267819,11.1237746370955,-3.279121178811308,16.661924848496078,16.25740681169778,-3.1661532803187846,16.61742179049993,17.228054590675217
336,-25.493070163681267,52.66133827688454,10.867143204718367,-25.07365126215269,52.818088011230614,11.113142737588841,-2.742766739924576,16.453402338587782,16.291148386814832,-2.626123026097515,16.50074905677,17.29249613699925
337,-25.107085572822466,52.471576443165795,10.849648075059635,-24.687765581437464,52.625005565972415,11.110553073863862,-2.4568955604520193,16.409574799218827,16.356475684916553,-2.2670050584794184,16.513237307182358,17.355707553327353
338,-24.719487909700508,52.283811148775236,10.84377842834627,-24.300398937155705,52.43571630986825,11.11737137527238,-2.259378154605243,16.447997361913657,16.431006650736943,-1.877996825020667,16.50530196367796,17.40162755513732
339,-24.33182228004948,52.09791067180732,10.850436447434026,-23.915474698115013,52.25070607422733,11.131524905828385,-1.7798708143042221,16.41720303686401,16.513067337059233,-1.3013796377739075,16.560010492030923,17.43562907912525
340,-23.94234778192803,51.90553845005236,10.866122926970537,-23.528164699623417,52.06254906636407,11.150244253358698,-1.1627020568349367,16.400010568363836,16.567877885997362,-0.8248456320408108,16.536982726206222,17.47610841105656
341,-23.55900913396802,51.70470779599441,10.890078082768692,-23.143339964360585,51.864896031999734,11.170200471784682,-0.7401331188030768,16.574782498523025,16.5910468602886,-0.6352605745791523,16.649714893896423,17.492902164396035
342,-23.180054743980353,51.49322721879666,10.926958556170796,-22.762267406103874,51.65469033978853,11.196621995780426,-0.25487624263452474,16.559219678229713,16.60721196880183,-0.3673325802998762,16.58378996517811,17.50479425724958
343,-22.801190579214822,51.28069128313502,10.968419171611343,-22.38205655860634,51.4418996784285,11.227849489732376,0.010870831146616966,16.565232138061678,16.628825111327373,-0.01789139302408016,16.493895652102708,17.54333058670839
344,-22.41941651140664,51.07855243546663,11.007772543109011,-21.999287424430847,51.23864150244729,11.257400056942258,0.21556552586389657,16.483403487248896,16.646843108594368,0.10702733406830425,16.394522202264014,17.58117317909792
345,-22.026536098792363,50.88430598568534,11.032586940292415,-21.607310473404908,51.043820738893174,11.269848453205157,0.26319030012489086,16.482151333903296,16.67145928267101,0.08512389830150893,16.400616446750558,17.61642083898863
346,-21.6314777291172,50.6965137340765,11.041164181641062,-21.216276903183143,50.85785670439614,11.266736155139178,0.1523263674412321,16.447943153444196,16.71411326064774,0.111773268682243,16.418439100755254,17.670153903994162
347,-21.239173734465044,50.50653514833946,11.037446580383994,-20.82553078085072,50.66940564983459,11.255202880360697,-0.040982757606350756,16.445987573112458,16.79636789115375,0.032177005039125905,16.413082828423214,17.781493822487327
348,-20.84825921563185,50.30948208454691,11.026906270848858,-20.435690592164704,50.47401948473291,11.241756101973328,-0.26166814361038926,16.64280962952276,16.933073045228923,-0.2600525054410431,16.822637335053997,17.930088001619467
349,-20.458729581262237,50.1089764884782,11.00468283451584,-20.04500154730802,50.273079039908495,11.222624124251494,-0.36585368817967445,16.711670421795525,17.058925766726123,-0.21360092215561727,16.820265159483032,18.03152208235484
350,-20.06552619354229,49.903239004416854,10.969896810533987,-19.649648209323132,50.064311309549936,11.198201486950332,-0.5326042771414461,16.643378420309293,17.20287318674341,-0.12907442910712516,16.59097227363235,18.166040296388086
351,-19.66526188889655,49.69823687612066,10.936475705894376,-19.246709965439916,49.85587660437706,11.187073486568845,-0.5904094647059932,16.500485078956963,17.36803095003861,-0.06441191287131522,16.27141875767712,18.309938206337712
352,-19.2589931807673,49.499429440052104,10.915803380028636,-18.84060968396586,49.656030582896484,11.185854093842512,-0.6513249473385215,16.45332546091337,17.566568163493532,-0.1405045273148363,16.23560641029308,18.476697541920398
353,-18.84802401957018,49.313750017287795,10.912972039781065,-18.435137708880806,49.471178309681044,11.195870271988763,-0.6760841774437019,16.434397899622322,17.746948532988338,-0.10767011718926445,16.26083309275153,18.61000572735454
354,-18.434246365138982,49.13852040726548,10.92530793248782,-18.02761765903193,49.296769008192996,11.21462625987509,-0.5030643674869348,16.392524972749978,17.892301646776936,0.09490124020345095,16.226115405043355,18.73738790859313
355,-18.02052838470352,48.96419606721449,10.948175346205302,-17.622258119300756,49.12640572101901,11.239833397076534,-0.0764244655066067,16.028310177075188,18.002215436975124,0.35353319398336835,16.139332919929704,18.846251443501757
356,-17.6156181597654,48.78191967662274,10.983356993607678,-17.223687804296727,48.94837662409843,11.268728722478404,0.012129621957724226,15.792399235712368,18.13104190053629,0.39420004354991245,15.946688551028732,18.944555453458587
357,-17.223304035166322,48.589403627360895,11.031092775957015,-16.83280538995578,48.75709400352398,11.300236037979376,0.12098894392403833,15.656068000514328,18.212229788238602,0.5192075286095073,15.710255054323584,19.010533438653198
358,-16.843454887132445,48.38478265579337,11.068788509820735,-16.446613859854033,48.55123626270316,11.321307909780188,0.07640337321524278,15.45925201132356,18.283337510434993,0.3990118098923485,15.300633099329042,19.086716148879056
359,-16.468538865572672,48.174661396260184,11.095318484242037,-16.066206563047153,48.340453961768254,11.331939056370615,0.23365043690159587,15.0975577345558,18.318989645961064,0.45882535741517744,14.96700375060632,19.14623406214601
360,-16.091624443692982,47.97080426222231,11.108546242679914,-15.685623807128245,48.13840154684848,11.332690193023824,0.436623880889326,14.535310748762647,18.356206847914706,0.6649226161692611,14.46698509105223,19.199554000338637
361,-15.712442539627002,47.77161488908968,11.110344506000402,-15.302724428268403,47.93987681132058,11.326814091621623,0.3671759850191416,14.265902355930882,18.424394430825693,0.6189830420748557,14.404606469179097,19.30693192874907
362,-15.33025218061516,47.571107358334075,11.101298917643648,-14.916836913279889,47.73974008126303,11.316748129191053,0.2258166998214085,14.130519726297768,18.529042120943295,0.5731187248826188,14.473218327964913,19.45034646115365
363,-14.94630833998657,47.365156507857684,11.082126051629121,-14.531832466305861,47.532317242973086,11.304049917949982,0.2212548650608753,14.076121044173046,18.668612171138772,0.5556811736408018,14.537043403518245,19.624206248854932
364,-14.563541842397235,47.14972041855931,11.055558844268147,-14.148493589948142,47.31264245518176,11.291313604087806,0.01050518867788025,14.116040162860173,18.859622223277313,0.3461823571972281,14.629411820596955,19.822892379500132
365,-14.182057441683018,46.93210326643581,11.028423934468352,-13.765296123176029,47.08990708867038,11.27594335455433,-0.06396767835801655,14.257510902454264,19.079110013655654,0.14504440343124445,14.639636173692084,20.042495131844138
366,-13.796053704535908,46.7197554313468,11.00115851927065,-13.381231542411625,46.87277577727288,11.25725957549432,-0.24829091247937035,14.391482521416576,19.300827110433968,-0.005397421021901272,14.626872049868352,20.21906931297553
367,-13.405933068902302,46.51017590628199,10.983117874872992,-12.99603447682591,46.66191311568216,11.247896838634356,-0.533140570993863,14.598508409282308,19.519641372002894,-0.1079173527362114,14.487627255891978,20.36456526811365
368,-13.011237087446702,46.30717439746601,10.97600096527683,-12.605578818671988,46.460126299813076,11.250030222882375,-0.7023351615044471,14.711224904657955,19.68555851262658,-0.2350694248656494,14.585422622982616,20.471536630515853
369,-12.613225735374796,46.10393640251788,10.975140082066465,-12.208658050323692,46.25901554782784,11.255592878680504,-0.4547774101782427,14.763182591460568,19.80320585790103,0.23568015753783933,14.698494342903038,20.545354801895645
370,-12.217410480218808,45.900404389951234,10.984221044157493,-11.814567986804883,46.058792117786034,11.269226452302629,-0.44723286461352424,15.060152853896302,19.891986616862685,0.29475680928836323,15.141008678025525,20.622660057612546
371,-11.822965795900005,45.693237089805805,11.002922287724527,-11.417936911294152,45.854045183431886,11.288098797991065,-0.3477068375837871,15.286846684591163,19.943443636753095,0.2720606517623921,15.4259052090637,20.69503042370391
372,-11.436053775465004,45.477792651711326,11.030545531677957,-11.028297596439439,45.64093934738475,11.309538770202437,-0.3255727004699323,15.618459916610366,19.944678348033168,0.11188997264646622,15.739979251920117,20.743232612368757
373,-11.052469533610996,45.25404005180745,11.070003336907273,-10.6439587885329,45.418541767218315,11.33797131030277,-0.24445561933154192,15.897202216066075,19.955640320269048,0.07113476276720454,15.90351007680701,20.795300229495396
374,-10.665946804598226,45.029175880666955,11.111802768349811,-10.258730109537977,45.19409730564605,11.369969745973306,-0.22677447018483005,16.296480042047442,19.973435223723666,-0.0400290091843447,16.076387973166934,20.85127745423927
375,-10.276389153456428,44.808409517934486,11.143177310924754,-9.871602852449843,44.97380116340128,11.39104619371398,-0.15998123910510537,16.51136245430505,20.005337997949614,-0.09276536061281435,16.168856840797094,20.90448966550644
376,-9.885464044674412,44.595747533226366,11.166912033354544,-9.482238242973954,44.75971775120246,11.401773029686519,-0.5075856690143332,16.609636078436868,20.051060072327296,-0.13887949140968794,16.086976848381838,20.956221523588667
377,-9.491221646669363,44.39176539098984,11.179009486848853,-9.090827476792741,44.554432274078486,11.404381246449258,-0.5669419861879982,16.503028451916453,20.114627841345637,-0.07695677232235981,16.105442559504013,21.04160721382851
378,-9.095156971711303,44.19548193749609,11.18336038792974,-8.695203208048303,44.357736025731874,11.404298790870785,-0.5624194433039685,16.392951560817856,20.196235817627098,-0.01487654278189407,16.046606359935268,21.144092435339196
379,-8.696912671521904,43.99863496704317,11.183499030223713,-8.296753728202798,44.15980529901493,11.404131721080173,-0.45130144610574685,16.263111543264003,20.3035841168618,0.03208921841291652,16.05187166426465,21.253315434333633
380,-8.302049617866402,43.79893789566099,11.178083753065774,-7.903630224234848,43.95832521945599,11.405519213796527,-0.43930595038635467,16.15683746392236,20.43373605973536,0.018887719889049394,16.004403606347537,21.386384102189464
381,-7.913257451515013,43.5917707665884,11.1715291522061,-7.514933811935418,43.75007760199698,11.413139092034363,-0.42174753477204474,16.147075865662032,20.584394596935685,-0.06420617916072438,16.13883543354313,21.535172985220875
382,-7.52434279131508,43.38167089327533,11.172507043330617,-7.123758129803102,43.54048908027395,11.42682629379922,-0.28425711391924435,16.236188254969694,20.749432911870198,0.07698584049357768,16.34174640102943,21.68221402804829
383,-7.135685159894567,43.17338841036084,11.180174212837752,-6.732974580279239,43.33321948506921,11.442817224696562,0.010060286494398496,16.264290347696488,20.92621645782129,0.410251999731822,16.26396925288162,21.827008180510624
384,-6.7461737774528014,42.96732181578718,11.19690915634507,-6.343700004001517,43.12984553819116,11.461224032332352,0.10469515394969114,16.192989137404464,21.10789951722957,0.49445414010483446,16.147335001368187,21.9923933109862
385,-6.354623342983211,42.76142218110265,11.22193184963253,-5.951209881564098,42.92735824916126,11.483764343615626,0.22984818738485258,16.266719163715578,21.254898024511146,0.6173585381269195,16.18182202910459,22.110178587488928
386,-5.968754171049877,42.557769400634804,11.252676485699759,-5.562719491075608,42.724858451276276,11.51006120059005,0.1365263037844961,16.18353992528632,21.440055347560417,0.4081047296534691,16.042864050837803,22.28529805205386
387,-5.581608054248007,42.351859716047365,11.285145680079488,-5.1765685570820565,42.51857368463474,11.536583065525978,0.03538603765880101,16.199722394743265,21.63568749181769,0.177640573147608,16.02127109838796,22.486020176432334
388,-5.195205375447732,42.15246632793451,11.317753337845218,-4.793433241383894,42.3181091436219,11.563150209211805,-0.02995283286120297,16.093137111444655,21.84440650372142,-0.028420556296335497,16.002904377247482,22.707414342408185
389,-4.8123142537315955,41.9577990398238,11.350798159979409,-4.410899482104293,42.12163179025164,11.591596349484007,-0.2083921794474995,15.860197676141118,22.03649622919917,-0.14756653860663674,15.909413223104549,22.888633481194585
390,-4.429328287267793,41.76542990863439,11.376237508370426,-4.027201927143716,41.928879457321216,11.611433218464114,-0.6014992235190246,15.850708425382896,22.203944351993457,-0.317012291179444,15.913123848199136,23.027838813376782
391,-4.052008280273224,41.57650855256416,11.396200245048409,-3.6499303924374598,41.74254220556952,11.625397153386645,-0.969659408413291,15.915058456607188,22.360947978587788,-0.6021135777931048,15.959987907913725,23.173400382747303
392,-3.673504676120433,41.38710712604027,11.41295412069171,-3.266843667786574,41.55316014158571,11.637924167143662,-1.158767559558609,15.99439732523055,22.504679584720968,-0.5251599337250469,16.144544113476822,23.25733628508852
393,-3.2942123517814874,41.19125412415375,11.426012462324314,-2.8802630656155777,41.35534758404466,11.649989395057322,-1.0785295446992131,16.12336943084813,22.6034628158538,-0.39443269536476705,16.191487592175594,23.341047725563037
394,-2.9179527500437077,40.99251717328011,11.432993170552553,-2.4996150739269494,41.152813938839635,11.658305979900444,-1.0021104933539262,16.378786497449784,22.63466032656078,-0.35881078274127004,16.49545853788904,23.373624214009364
395,-2.5390958979786697,40.79295771306456,11.435473879687006,-2.1192118273502913,40.949363547774404,11.664768741639216,-0.9904830042323555,16.495298298540103,22.609638658428217,-0.44320026597728657,16.54505699825255,23.382721841582285
396,-2.15065090516504,40.59598071443173,11.432657024032954,-1.7300122569619585,40.747312242770164,11.668835293996958,-1.0726178490431795,16.59516606551288,22.579786489194834,-0.5949424894204012,16.48145069640653,23.38843390042479
397,-1.754918667350179,40.40394007656323,11.433494146081738,-1.334975142996655,40.552014767319434,11.67522919321606,-0.9288049168151191,16.459954187902436,22.540379244495014,-0.4697382403590594,16.180710018570476,23.371985474303997
398,-1.3665191461628976,40.21267920070205,11.439121359238799,-0.9560666636643212,40.36397088273767,11.685165650756586,-0.9647767801315386,16.81856069036898,22.458634813095614,-0.7710024190046589,16.672620137385177,23.333335015746457
399,-1.0102852622903078,40.007638730579686,11.450339271952787,-0.6121527934688614,40.16718079011487,11.701259514399867,-1.1706417610849444,17.06605999779094,22.402159957040276,-0.9456600693311902,17.055560002540616,23.307357014231908
400,-0.714157475572981,39.7723575120264,11.46462975807372,-0.32391735370630254,39.941576107321964,11.720900837199858,-1.3467121684680212,17.39650893418893,22.340943045047013,-1.0024847401162371,17.347729969403176,23.29568905173168
401,-0.49781469061922834,39.498645685680096,11.481350406168886,-0.11572166219004248,39.67934463889959,11.739003091323813,-1.453894416875727,17.53940360161949,22.306336384672505,-0.9725430773188248,17.55446858377944,23.292695454827182
402,-0.3795543668258622,39.210667781641106,11.500301903015801,-0.0021189080134393218,39.399773348879464,11.754911083191832,-1.335501181036714,17.825284387913616,22.290301669316907,-0.8530631436643029,17.788409419258386,23.294325694498017
403,-0.35391149752854895,38.94550448736951,11.52478736061322,0.023519294410423365,39.13130902523545,11.77431908298607,-0.9692934431846778,18.22262219502117,22.285978618423812,-0.595175580557936,18.162368382047696,23.30969439712331
404,-0.31594730208366506,39.16103073651743,11.543745084562936,0.06328862438829477,39.36755218633595,11.786440584364898,-1.5073647556428287,17.699086809257185,22.290726464326006,-0.8557537229616439,17.933823902683027,23.324620027250205
405,-0.3881672228123214,38.99712831523425,11.55451050842841,-0.016334376400722217,39.17492844813603,11.79054542340939,-1.348616452103612,17.71504777442121,22.316740953027946,-0.6324053537003245,18.063140823371562,23.331893340234664
406,-0.48166880330266926,38.87550805700202,11.555290962086557,-0.12014445891370296,39.023187246342815,11.787668268512334,-1.183872380165259,17.73299059525432,22.336947274323936,-0.4535910017379865,18.127954176509814,23.335945120166432
407,-0.5852878199030107,38.793917249669406,11.548261699053926,-0.23784116496346752,38.90666236856904,11.781768406343087,-1.0087094196833981,17.746269601871777,22.34965833660077,-0.31655193719030816,18.147966446840393,23.335194999184036
408,-0.686697195268337,38.728304077925834,11.53729453772651,-0.35742084809958036,38.80162570458235,11.774499123007077,-0.8214313824245834,17.757105505181446,22.35336232576891,-0.21541332687474785,18.14327568779387,23.327831655981818
409,-0.7844667327259244,38.64814623953977,11.524204438629845,-0.4745975264195872,38.675575155216606,11.76584533206285,-0.7178870298007461,17.746797672923844,22.350728805288323,-0.15570517132088202,18.098461759714635,23.31638139975071
410,-0.8801604155195933,38.540719641948364,11.503851487703983,-0.5888054971456318,38.51978125993054,11.75460762933346,-0.49095726195136125,17.353210436054052,22.332364521783035,0.3031349457212292,17.593333170490645,23.29925802411656
411,-0.984549357626903,38.40354639802798,11.485125107845917,-0.7127371621976462,38.34086289108249,11.744267055621211,-0.52664976174062,17.009491475155624,22.305163607219765,0.28809221479520203,17.249497124348167,23.28229769911435
412,-1.1155933828608589,38.238426686818904,11.468629652373226,-0.8651248297733408,38.15020881510446,11.734268979672507,-0.6250797504686822,16.73485966599741,22.27747385011998,0.18400983337847904,17.062719287167194,23.26386037265193
413,-1.2803842475461267,38.047232798409084,11.457202865546503,-1.0465424925865496,37.95316668955006,11.727832748170593,-0.690868058507671,16.528599410114015,22.260094671787424,0.1480812489729314,17.0035635643103,23.257411872667756
414,-1.4772065794264035,37.831446329804166,11.452644544106914,-1.2494480884555172,37.75083355424087,11.727138850143358,-0.9167503245253477,16.265522508907246,22.24799725933384,-0.10681722842909608,16.867954624093304,23.25318700910238
415,-1.6993735276724196,37.584924951990736,11.452905478836461,-1.467510424275984,37.528049048715715,11.728973901601393,-0.9714990568402095,15.996962330577421,22.238959443417837,-0.08099972758207946,16.742595613442813,23.248732182192935
416,-1.932482832972679,37.311854237941446,11.454761959888284,-1.6913328267560102,37.279986621339404,11.730108801274367,-0.8711274747026765,15.610905614288713,22.23418554334913,0.11962883796043905,16.443204919741763,23.24787535923599
417,-2.165659815178111,37.015497253581685,11.458957329483939,-1.9118310475584381,37.00804775399016,11.731385076288182,-1.079674754132201,15.57626221469695,22.28385416471045,0.17692686381354503,16.17663870909117,23.311424859578295
418,-2.3897567131109128,36.70048831813735,11.464640694810187,-2.1200964222350174,36.719645130761485,11.734885519724799,-0.9649065523597566,15.423948623680536,22.37848329734548,0.3156071594157641,15.905142103317266,23.42334542212062
419,-2.600687509507817,36.36856444609369,11.47250106910809,-2.319282961921964,36.41364068258565,11.740625240232195,-0.9237210720995382,15.32982240308509,22.464219869152146,0.2428722253749926,15.846770881098166,23.499732486869817
420,-2.8110294148798474,36.028471636615535,11.480168746687884,-2.519386069024612,36.09913420480421,11.746044057268774,-0.8999697223094292,15.031032179416863,22.564895043041794,0.2023491574444284,15.60458325451459,23.58909903865022
421,-3.028924949456388,35.68400912055091,11.487962955019592,-2.726377534706818,35.777807657047354,11.751591938410181,-0.5962032183335075,14.480600525396571,22.664996723775754,0.36495174581105083,14.922550116139844,23.655777134884907
422,-3.253260691912533,35.34512856362062,11.499431858421728,-2.9387538279512206,35.45481900390043,11.760635657879522,-0.2612415423251312,13.83830895576954,22.721737446963573,0.7701938459012136,14.282354321606938,23.648951266822102
423,-3.4827074039752506,35.01120781705519,11.513336673545018,-3.1572140816961376,35.12905039143267,11.772398099030484,-0.22255432565238778,13.338921958918384,22.75032338177307,0.8913619524357317,13.803171997489766,23.60524591492337
424,-3.7134071694729816,34.67819019898892,11.526675324225394,-3.3788905446619615,34.800188168968035,11.784078201909255,-0.09080784106117534,12.981172011724952,22.70807894975073,1.0097385334308273,13.570758764672968,23.53705021291463
425,-3.9435256533365077,34.33756818007748,11.53966735513947,-3.601264947778762,34.467486033652705,11.795465903549452,-0.12000416882955635,12.569100637762432,22.591456307442254,0.9569726095244672,13.249219624869262,23.440414582835636
426,-4.167069471555246,33.98762586078689,11.552516832172465,-3.819693169259745,34.124936194698904,11.806995933384073,-0.10187092148401414,12.038810123758163,22.463228233754194,0.7785163000276577,12.980934982601033,23.337050732234985
427,-4.381133458067147,33.62577053183583,11.565719596203573,-4.032602963667733,33.769900007828525,11.819326357283927,0.07348421116542811,11.589471839457282,22.287380198957656,0.8596412169537947,12.678155169483995,23.21559085343246
428,-4.584183346399757,33.257433886025375,11.580766147165292,-4.236542023340136,33.40730342495421,11.833635666460191,0.17276531445914545,11.375068837043257,22.095491713502092,1.0262779650023537,12.280421219630067,23.090274818994274
429,-4.780907518062299,32.88472278492875,11.5980166664684,-4.433508621896707,33.04216121017291,11.850639042227654,0.10430650072580326,11.357471248763174,21.939104495557277,1.2143856373575816,12.168966056958075,22.975651786577256
430,-4.975872290791676,32.50682396147574,11.616899549298019,-4.628170250752691,32.670289647796935,11.869037782975544,0.11312819787729131,11.319720554371814,21.814515230366613,1.2760497114203988,12.070693386079922,22.890372954781316
431,-5.174067112356155,32.12633760292486,11.63715742599104,-4.823436954768225,32.294100833041405,11.888397110258108,0.18656777160745222,11.31170713445533,21.712599748706058,1.4212565111819302,12.188692951122375,22.82135041404717
432,-5.374320883500465,31.74483903857167,11.657895419680045,-5.019503322227894,31.916931460853956,11.907784097404445,0.24677293131888564,11.296470912614817,21.638401791762462,1.3892088315684223,12.118413213700807,22.763085368957334
433,-5.574781288570114,31.3642782836504,11.68004636066926,-5.214307220657179,31.541172864618844,11.928527241387606,0.4824480467844451,11.188828294964303,21.637978897742528,1.4695233033583959,11.910096470699969,22.79572169813784
434,-5.777204647941092,30.987303703702523,11.703985209725792,-5.4134576174423925,31.165248549771302,11.95053296295444,0.7448119800405224,11.283278482722777,21.672185420656547,1.7921788553138736,11.957253550609154,22.831294048584788
435,-5.9775299892097555,30.61069157555653,11.729245666609406,-5.610117332935117,30.789084412604232,11.97336110140495,0.9150462490111927,11.49743003145961,21.73137147113173,2.019480405873767,12.008547981780302,22.86539279725121
436,-6.177284662018419,30.227615127987345,11.746411817827115,-5.806978890124934,30.409022261959944,11.988831140044406,0.8183089033018168,11.470764448204939,21.81086383740434,1.874412859089296,11.916687294404554,22.905274167013747
437,-6.374473324142397,29.842715091902992,11.75908816997303,-6.0035055518051745,30.02561620786565,11.998543500447173,0.5304029062278467,11.465326768449351,21.887963791813434,1.4007148349739913,11.862109165144773,22.940614117198344
438,-6.57183534790595,29.45464525956203,11.775659343268998,-6.202692868062696,29.636763520308136,12.012578707879392,0.07741014061837292,11.229175738207278,21.97260675804498,0.8886847907266705,11.688895911665814,22.978872069397042
439,-6.772743816866168,29.06742244853735,11.79016896379819,-6.4060398028981655,29.249755454088653,12.025536682571614,-0.24267234560159617,11.17479973211468,22.07142004671105,0.5148321022599293,11.641111331539456,23.026562246715507
440,-6.980209484166526,28.67675455686861,11.803701919023988,-6.61452742303239,28.86079686181879,12.03952333965877,-0.6091570971960536,11.247465433450762,22.126011089242553,0.25399855615087297,11.625482512628908,23.0820872860231
441,-7.188848425907955,28.286955548655335,11.816573395895817,-6.823862997919122,28.474202682508007,12.05462212041203,-1.2370495870354532,11.009215181880071,22.18467099111545,-0.05807874796104484,11.384577013866691,23.14092849533945
442,-7.398766193051603,27.898820103942164,11.825808446734204,-7.031493126770571,28.091089035946847,12.066324099798573,-1.7792369276456566,10.913333207123646,22.252974871991384,-0.217214873457849,11.406558665597894,23.206582520375722
443,-7.60457120912253,27.509788902912117,11.831896724580389,-7.2347358980740655,27.70907889722964,12.075886207030408,-1.8983973893759767,10.924433425187187,22.329459211823867,-0.08181169553222264,11.451588462659972,23.28450322994726
444,-7.804893240584963,27.11862248956665,11.838486677552984,-7.433684399457283,27.32183298292595,12.083710343515106,-1.652697472346161,10.498700978809875,22.36117452492593,0.1782907820309689,10.898020608332617,23.289705563681476
445,-7.998641281369651,26.73148805311135,11.843437055876892,-7.626847595836607,26.93609287575287,12.08812609540285,-1.3028486838314974,9.707016206594293,22.3568071222393,0.4014112523981519,9.807446146656849,23.252907433477713
446,-8.18915295490851,26.34286498015423,11.848592287708634,-7.817623169932292,26.547780711242158,12.093100589339267,-0.7274644270075343,8.874523376269124,22.315896331506103,0.924804499706896,8.964174289086264,23.189040322754966
447,-8.3767090453722,25.960267977573928,11.850739225086912,-8.006092485607454,26.163730240523137,12.096196541302,-0.0858782258114088,7.80454859230413,22.23590227941486,1.4735165351477872,7.978512049124008,23.09938303558645
448,-8.566749369284327,25.579542452441373,11.849309317613537,-8.196070100676796,25.779566321653256,12.097985235990842,0.47804849950833217,6.843882135285438,22.116719591755405,1.7151770990693538,7.11075263588054,22.984575107979285
449,-8.759839673395899,25.199562509685446,11.848930346067823,-8.387325291701474,25.398140331780656,12.100170153695897,1.0745405064363232,6.031386049967412,21.988218414194332,2.0388031271190163,6.851022702983759,22.89833213029982
450,-8.949527412121936,24.82341344915631,11.850920471595618,-8.573604626604016,25.022752179550093,12.105312222162118,1.3142450534594219,5.254904494074149,21.85862273362259,2.067618883992572,6.72744231629682,22.85456431002628
451,-9.141251415072796,24.448683148119233,11.851070123282662,-8.76387744538143,24.645809089597417,12.108435765129942,1.3510809737448704,4.718169250688032,21.794902912302224,1.9651031971114172,6.380752716299714,22.859332953089453
452,-9.329940066902312,24.08467886965822,11.85132276712739,-8.953069491465278,24.28000722553785,12.109688169713143,1.593275263245236,4.615321521058786,21.78164571257782,2.1704795937879546,6.053643274709743,22.889458381270405
453,-9.516667304528987,23.722936710402095,11.854701381368898,-9.142579958961797,23.91665897712372,12.114845871817703,1.8081965123700647,4.479784939281128,21.804569743667287,2.6309152465511354,5.76448914819763,22.931491518039977
454,-9.698442583712607,23.358313035834186,11.861615405047452,-9.327307683798965,23.552618886207018,12.122062953721231,1.9826330721223149,4.553790426454851,21.876688048936025,3.0667564209805467,5.510455179195226,22.99467484173937
455,-9.869637875388964,23.00073365367068,11.866926826450616,-9.502367524486667,23.19327420987352,12.126170825643719,2.216193701098099,4.689337991757306,22.003308202990084,3.309837905750306,5.321512140148156,23.07709282093133
456,-10.035222980124407,22.647382562279784,11.874268807380503,-9.671171597821523,22.839590065432645,12.13276031144236,2.328966760203895,4.529114388811114,22.149007236858946,3.4642277456448447,5.193346397955274,23.175598170911783
457,-10.202266947889322,22.297863770945753,11.882139173779452,-9.83931254504307,22.48960498994137,12.140692179713344,2.6641676449809624,4.3087635198683545,22.299726213803236,3.6672466887264576,5.084143347666236,23.285586600011417
458,-10.371595241843991,21.95473525557363,11.884329862815925,-10.01008932157262,22.142734119955072,12.139242581066025,3.06129976991877,4.2463268510925705,22.445799200790265,3.804727599583971,4.97040863120845,23.406941648946315
459,-10.547801962179774,21.62287988800558,11.88053756441374,-10.187979867209416,21.804700020433707,12.1301278862953,3.1731009810891595,4.1217487595865485,22.59508936266921,3.807682179589379,4.751899608528487,23.536058881183866
460,-10.728124688211835,21.298270027696073,11.868466996626355,-10.369637129537947,21.473159961707463,12.115173275551545,3.1888126533855115,4.082519497339043,22.75921434666125,3.971323233064998,4.6734626818187515,23.67964483043085
461,-10.910250978150236,20.977472251545397,11.849808370087665,-10.552702887713224,21.144726123554705,12.095750934156495,3.321413032131776,4.174071582154761,22.927204498737623,4.3248666524000114,4.766114677138914,23.83047838269094
462,-11.091293692962065,20.6577560679209,11.826291235378049,-10.734249326748136,20.816182439351927,12.072552974821582,3.7352988355869683,4.131693768994899,23.09908617501174,4.8956056803469075,4.66390690019144,23.988955913154463
463,-11.269203412006219,20.334708511977045,11.795368494761144,-10.910842289634868,20.488902711749237,12.04786837964361,4.083785504832089,4.234719178407449,23.279335983673857,5.217816468091461,4.808200226108064,24.158805586859796
464,-11.437264812156585,20.01068724256369,11.757700788317038,-11.078646583530984,20.16306578988458,12.02075053716001,4.387095010346768,4.59745454192876,23.473932608578142,5.4918646949240575,5.273506349629817,24.345897585132203
465,-11.594133018527973,19.685998592058098,11.721418197975765,-11.237001303449373,19.834607641002393,11.99334482273767,4.586363297826744,4.8902466714519335,23.642828773360982,5.544233528327441,5.518009170264888,24.49177748707032
466,-11.749220689798037,19.36189835781597,11.687309329056808,-11.395387668706437,19.50822162037366,11.966361140892323,4.943771933838142,5.414795289866393,23.776832864498775,5.704329958049463,5.912926272273774,24.590444620127144
467,-11.911924165057062,19.038584802273967,11.657395609025766,-11.560421418535725,19.181763987241673,11.942346460942137,5.217971475466422,5.9249059914686395,23.899854222225073,5.870063825723123,6.314974892071527,24.694973202153907
468,-12.083114692083935,18.718834222943947,11.629681103019513,-11.734678836946138,18.858041445416085,11.918263729143028,5.449284519392175,6.404580055384954,24.005427402477224,6.156143429704959,6.756004682716674,24.790711488362998
469,-12.266484053735313,18.40006819985348,11.604024379475574,-11.922778228848358,18.532825677418394,11.894010521744054,5.516123039994386,7.017249989975589,24.12714841960285,6.426358972584526,7.110660140288701,24.92528216663554
470,-12.45886451734821,18.078790811176194,11.585105777318992,-12.119202185750598,18.208785006862296,11.877626973646342,5.8172106448109355,7.275551452202351,24.18862826055696,6.837792122714547,7.124369557467156,24.99346999876884
471,-12.647961906282637,17.752130907164116,11.574744648660085,-12.311476230654002,17.882702072323788,11.86913530890577,6.047604642422634,7.179234842308075,24.217999454304337,7.1172028188789085,6.982381990420475,25.05584146752026
472,-12.832836236816688,17.415728778243334,11.571374709042786,-12.497649278164172,17.54782757527985,11.867490271862494,6.377353530667968,7.119156004446617,24.274005052871203,7.3116225286683525,6.794845332779605,25.138174868987257
473,-13.00997317906765,17.071157502144402,11.573238602916799,-12.67582053864297,17.20833581897454,11.869006013709555,6.613373959462747,7.091760048937469,24.310978013949345,7.460704403788584,6.877258405085375,25.15910075729564
474,-13.175352719855182,16.725281517490632,11.578511530349822,-12.839906109082307,16.869551405587124,11.872154420752956,6.824784948634298,6.987268481569147,24.327549977873918,7.56766930495304,6.916589908906931,25.174632976720222
475,-13.33459860278555,16.375146990985254,11.587158137428094,-12.997346840626179,16.52617535284729,11.8748051154783,7.012046812016548,6.7541386493318285,24.357930395881617,7.744703327598344,6.898705133359078,25.218846557802866
476,-13.493040303816098,16.028108126672766,11.59962493184553,-13.15389275920692,16.180217604817113,11.877537950868032,7.213551428177313,6.505232931978623,24.379424945894332,7.934003985007956,6.873398317387867,25.298749842532985
477,-13.659212300769568,15.680338068727318,11.61262981012532,-13.317904453330213,15.831077478316619,11.882315565331428,7.2862124511295665,6.582020683734774,24.454504926745805,8.13422198351181,7.075154057773503,25.397402894504033
478,-13.835172569940065,15.333297900001583,11.62484328790384,-13.489267261561913,15.481849198759887,11.888420327252753,7.0880459355193475,6.989968349835258,24.552801587598044,7.884534673810615,7.536990155480301,25.516515697000727
479,-14.022030018152945,14.990616938172263,11.633668394848078,-13.672683552714227,15.132608219516113,11.894159573642996,6.915928866011759,7.454461673021886,24.65035626338869,7.686396343397895,7.902152331017563,25.64302195118977
480,-14.212828762550194,14.645365399969023,11.639566385029761,-13.860231099971731,14.780935231511615,11.898371494949146,6.795722895969372,7.727380594090226,24.820108673920867,7.583755048177427,8.151567162333702,25.80082193711169
481,-14.406148622660938,14.290166583996914,11.644269848349625,-14.049438249451763,14.425748564073107,11.902233675612989,6.484537300771323,8.263345530497032,25.0123110211675,7.221635649326963,8.688565435732247,25.956652038079174
482,-14.597573749829326,13.927059745443483,11.651252599843378,-14.239539143620672,14.066171299558983,11.909394816076556,6.189879374418145,8.864367341987862,25.186904905969964,7.0427334385856675,9.149452677059145,26.086831277637287
483,-14.788513129203999,13.555279377269844,11.659873148571092,-14.430379142761558,13.698988002382553,11.91927208830987,5.926866298609271,9.190735618599586,25.347918115725985,6.995122213178819,9.116581481548327,26.21406930228531
484,-14.972730124918684,13.17980472659014,11.679402158252753,-14.617240513295965,13.329949477446476,11.944767633699888,5.809065438150216,9.419078088035185,25.448778413983863,7.23027400847887,9.182684024096906,26.267857012610083
485,-15.15195218661057,12.797838807458618,11.714082425343356,-14.79918080733162,12.957245142850253,11.985512828730043,6.183424121923582,9.485182172127484,25.53424078083268,7.7031061682254816,9.322033678475131,26.334209481432083
486,-15.327459415520611,12.413808456232616,11.765039305293165,-14.978679560745295,12.580924999153424,12.039325705432583,6.608548824237771,9.579771270729623,25.609053181467388,8.141811147512538,9.461036875794184,26.40413615593445
487,-15.508473652488535,12.03085926331327,11.830632174971688,-15.160000289839523,12.203137548830554,12.10314874676022,7.144844630189205,9.688681146061528,25.620188137743746,8.701130566568626,9.548865990799449,26.427792674787884
488,-15.690438487888903,11.65020373451612,11.909200142098829,-15.339404764990881,11.827331912687677,12.173784473170091,7.879243200642635,9.560549696707962,25.630105087232156,9.119355562879248,9.600895979938397,26.477029521426992
489,-15.871779465809148,11.270369343588142,11.99768352195806,-15.51703929177529,11.450758298889731,12.248756481891519,8.476860035415658,9.276082428680372,25.640300347655998,9.368551722884773,9.45852690937465,26.519840143071292
490,-16.0537121246069,10.894434689028394,12.077975046331861,-15.692868683301114,11.074732219731196,12.303422591290829,8.992709933182159,9.254584287565056,25.625748295610514,9.583785855659409,9.320001801044054,26.539710906888693
491,-16.234082543424268,10.5251197665856,12.137266678024368,-15.866540562553457,10.7067497571389,12.338625595590239,9.302356088667604,9.125114326105438,25.642987413764047,9.734290738215282,9.16922765106321,26.549829966106756
492,-16.415811308508374,10.158004481928167,12.176429762114221,-16.043273989011695,10.340595682499027,12.358867990314003,9.376084649511204,8.93850900965305,25.65855403113723,9.80867541238288,9.0599008600401,26.578181431629194
493,-16.606449456823093,9.79644695416726,12.19769818157714,-16.23097441051664,9.977226241517926,12.369101471081102,9.393179949263569,8.796291056441277,25.684829193485886,9.857011167890704,9.055097434062127,26.634725283204453
494,-16.806259232255538,9.44488066449095,12.200563366425303,-16.429402304478444,9.622456815064377,12.371346874949518,9.176565895967915,8.728675644064921,25.747833856807176,9.78482174133343,9.11497231582499,26.70285006969911
495,-17.011781315183768,9.100644489461006,12.186213058127798,-16.633688975829063,9.27572139064341,12.368410186405443,8.970116223964165,8.759228110939407,25.83051891674689,9.71294809313826,9.274730180646907,26.81449004800243
496,-17.213022931226,8.755921070721598,12.1531198213192,-16.835904620036246,8.927776218315309,12.359279686782163,8.961452534109204,8.961815489865145,25.921872520605746,9.824092270303952,9.467496827246464,26.91930039924718
497,-17.405402034616884,8.405849839796735,12.127497307177537,-17.031887945361806,8.573277726243411,12.359023965821947,8.994664929171808,9.091903487558909,26.033012638904307,9.9871757669831,9.49533009872734,27.014250566145957
498,-17.593733708839014,8.045658294168595,12.119212770482212,-17.225985980413622,8.212294249782087,12.3726001671308,9.018332530882896,9.111193677798415,26.160863267969958,10.083397252259616,9.327124590735508,27.105613870368355
499,-17.778215960400313,7.676277261075761,12.133329420561264,-17.41809513341706,7.8429816501289356,12.402882029997226,8.918183098291285,9.082527684688472,26.286245366972746,9.9453093091815,9.140626187968497,27.196380702885172
500,-17.958002425989925,7.3031564834164024,12.162354820898951,-17.606822846528352,7.469012656401367,12.441577793017464,8.899842687176507,9.059395453303722,26.44040195190225,9.943831232414158,9.083975910707013,27.344229364770477
501,-18.13866273272735,6.926651489736736,12.205647972039978,-17.79304074117361,7.094209835075796,12.486480277374095,8.970393960393546,9.05727284413131,26.604476352876183,9.955204312572324,9.128130669059292,27.501409559686948
502,-18.325216639591407,6.549208192133989,12.26431755482711,-17.980402929955684,6.72203435014707,12.537350433223331,8.971656429253317,8.981045317722849,26.716654270284565,9.842263649509118,9.169090894111577,27.611815615801206
503,-18.520801480382698,6.174756283634962,12.330328762141873,-18.17131455249523,6.351609194833853,12.583126465983804,8.81175296972586,8.808693507099601,26.790273386660136,9.691958031207404,9.144155804551236,27.66001208961216
504,-18.732638543181082,5.8048724828756715,12.389491067953415,-18.37610757136744,5.982994897260563,12.624636043232835,8.369710878824394,8.672743141661792,26.82954489884863,9.264338828380827,9.046097418983429,27.659752436377374
505,-18.951581087193336,5.442679601694515,12.440307716011265,-18.58922813591272,5.622229458397671,12.662335767838673,7.911338730344153,8.499078106128856,26.82093300543842,8.861997748224109,8.714806408758362,27.61121048846949
506,-19.16980345554283,5.080823199597869,12.484589219675646,-18.805178215241185,5.2605205352352575,12.69813660720201,7.6731840177556725,8.158657707923027,26.769613907505825,8.626573838371444,8.174587248638042,27.528365965588158
507,-19.381588733865105,4.714221901945298,12.522432949513178,-19.017242883331427,4.892361357315671,12.731016735752318,7.315047762048145,7.729160449823232,26.63704390814949,8.382511899349467,7.704705917839963,27.422470633279566
508,-19.58599887318485,4.340525924254285,12.55082915555657,-19.223161026704144,4.515895971911986,12.759677255040433,7.061798626232353,7.368580748484363,26.44540906774979,8.347006612318074,7.5186650217282205,27.29814649507794
509,-19.78354439833037,3.951673153260217,12.57606070192626,-19.42257306201868,4.128327954063848,12.793001353452981,6.906565778633267,6.9532409484690385,26.29200506234567,8.324993453649617,7.310543456237208,27.2367082424179
510,-19.973061728010325,3.553421548766597,12.610487775032095,-19.613236108059127,3.732676105328432,12.836303508823557,6.896583869396078,6.654254485903464,26.178377068396316,8.44099138730073,7.254665089025367,27.20337824921368
511,-20.15757430737062,3.152246482792241,12.64938113945235,-19.800457819298597,3.3325719920074492,12.881487135336263,7.386234607898946,6.850877392365735,26.123771092663397,8.925678439978965,7.8056107566709425,27.222688129791546
512,-20.343658658511607,2.746276657472075,12.691762001630645,-19.98738149330528,2.9313931703007703,12.927089772523843,8.044440846835254,7.12224638943397,26.126786551101883,9.513270087961102,8.08208554530016,27.264605427554457
513,-20.533725992693057,2.3391819699023353,12.745989540054216,-20.177704446650882,2.5305388748237014,12.984087658074705,8.564760372141691,7.443815805246979,26.177363107724588,9.90443266172405,8.108362105538875,27.315607280971275
514,-20.731538844451386,1.9341984910867749,12.813504348924248,-20.373988532707823,2.1307188729230133,13.050978118183645,9.098231708675302,7.803349468860008,26.29133155076265,10.174076010489076,8.149671720916285,27.408543311399335
515,-20.93917228187501,1.5326983429201593,12.894440743912066,-20.578949243012087,1.733257815685047,13.126381307788694,9.659955485906696,8.051187628553597,26.45960649828639,10.565615198135564,8.232001325312396,27.524516704016296
516,-21.14673416595891,1.1408144817242931,12.981592875857135,-20.784041523862467,1.3461137073022036,13.207359594083126,10.246951022276779,8.271817252808109,26.61661394280917,10.913556443265156,8.204000266682222,27.643336225848152
517,-21.3517294782726,0.7511780141820827,13.071716473137169,-20.98607320616204,0.9611658718093679,13.292477577557134,10.700439694780053,8.528643386968842,26.784255352348985,11.138950454388585,8.338367987749512,27.767945983848435
518,-21.554778790972385,0.36391068281563155,13.156862894928281,-21.187051982935387,0.5761864806098516,13.364398808375745,10.764591171437011,8.584693583782357,26.952928688139266,11.184644913903643,8.745767911854589,27.907093451030374
519,-21.755386905953866,-0.022918096629010065,13.23064504352662,-21.387066919544296,0.18961417666083935,13.41876900802401,10.770578070231059,8.64652702464676,27.122395704229955,11.335271359343759,8.907897282468118,28.045691201272394
520,-21.95232854849892,-0.4093057529589005,13.286862305944286,-21.583694582598874,-0.19790991456119034,13.45931239092589,10.755632729777727,8.949493133620352,27.26497229944897,11.34432147237651,9.184687912590814,28.137770539364382
521,-22.150625545565877,-0.7901320850136705,13.326652745836236,-21.781931828387954,-0.5833478667740377,13.489253220827337,10.564969783889904,9.218110745509401,27.350822412051578,11.062105111110387,9.383231079703192,28.184981058309795
522,-22.348775763579322,-1.1630919841094933,13.347994639158843,-21.979748337046995,-0.9622833628799576,13.507873525093391,10.28639576941394,9.626315493803194,27.392468831538352,10.88479125982873,9.79062392377226,28.204639441163923
523,-22.54891608793754,-1.5378641741385977,13.353511150139251,-22.178704571530677,-1.338269962778261,13.520673163931718,9.881827311558435,10.122811707723784,27.39990240466435,10.597602243493991,10.147115553741823,28.202502558071725
524,-22.749652323709405,-1.9149883405566088,13.343276099842441,-22.379260116126993,-1.7179193059115638,13.529704264738644,9.556988493340667,10.538551997930812,27.3918926519558,10.425418134188563,10.476019771444728,28.204508125061565
525,-22.95447974190631,-2.2976934779081106,13.3271225857194,-22.584619154048873,-2.1028526975555,13.532192588434603,9.348125487297748,10.717959462788764,27.33925033489361,10.320451756377127,10.704151468953981,28.18173993961812
526,-23.15642156412639,-2.6850066528068144,13.308033509447082,-22.789353515716694,-2.4944774552135294,13.52822563467191,9.07713361817276,10.959432261158314,27.286953988279986,10.267177707792145,10.809372432026903,28.188317496442814
527,-23.352462136478373,-3.0756152752147496,13.297306689339514,-22.988434167387926,-2.8874171727887923,13.532555033959186,8.825742880347224,11.005382495327584,27.263650064827587,10.144570895900827,10.772506851725838,28.21667626165985
528,-23.543091442834612,-3.4690980492873824,13.298891684860362,-23.18310927211222,-3.281602694830963,13.54836367108421,8.918910772122734,11.082823615695329,27.267867240971608,10.240937525057358,10.763944010796056,28.2534491793719
529,-23.736596035806333,-3.875694924320698,13.312086539027614,-23.376904605762366,-3.6863081740881674,13.57144730466795,8.953421343064017,10.875210520333804,27.291832830029033,10.27109443494784,10.605173160447892,28.295030636754127
530,-23.930039925286792,-4.28075719355127,13.333879446604369,-23.567508970107866,-4.085106611217684,13.598603902254014,8.988790400838916,10.687678659125096,27.341798762716813,10.1468456138475,10.525092074560952,28.34832317415321
531,-24.12826299001965,-4.681634968569025,13.362703681879424,-23.76176988153864,-4.481829047519915,13.629765644817732,8.966823775854742,10.484654661766244,27.397282628163598,10.023093306488382,10.489263328626476,28.40031183878282
532,-24.33483039689797,-5.077098311887065,13.401577424131046,-23.965084682646303,-4.875377640249297,13.664650723815631,8.87889126916942,10.26789433535314,27.482464180755066,9.87188961073469,10.40752110038091,28.457695861391468
533,-24.54966077281255,-5.467806559606423,13.4502834900429,-24.175050056586848,-5.266639984377947,13.703049966849672,8.866623579713316,9.955344310141282,27.562926887286473,9.894691235021499,10.131752743922158,28.51956310559072
534,-24.76667230719278,-5.857560348950767,13.496043333687266,-24.388210711210633,-5.6574885902301695,13.73954559466316,9.003645284231297,9.604631000550597,27.631910615068797,10.042129845787763,9.738800177973665,28.57845333388614
535,-24.98263971189417,-6.250968956784505,13.526392278564579,-24.60279596975563,-6.0515243084073935,13.758129859803102,9.322703255995638,9.067037194893047,27.689505377014275,10.610263896505822,9.177526012181383,28.62379010317975
536,-25.193619121361724,-6.639559190721971,13.54174483366348,-24.81388110575839,-6.441528519520106,13.761966972028457,9.643693339860722,8.707354171083463,27.73244548964694,11.010817712083854,8.827737257844246,28.65203004815501
537,-25.397098330772856,-7.028969967443688,13.544198523091824,-25.016737509271046,-6.828261805767686,13.755495779784722,9.9836621772072,8.383777783100271,27.77547804817875,11.20903093048603,8.651161546770926,28.692908933630783
538,-25.597760750901163,-7.421998372962977,13.531723381826284,-25.217710967112627,-7.219264209157755,13.740092074564169,10.295876849728959,7.960423131047625,27.836194098937327,11.30417478421039,8.396363810466113,28.760863174651394
539,-25.798347327093815,-7.818063938855694,13.505043262316207,-25.420232899921512,-7.615543411430031,13.717223646361774,10.598375448190357,7.724331200326736,27.882130522995176,11.314867927632173,8.400670709048592,28.810189471296457
540,-26.003577491058433,-8.212676074252554,13.46783345907594,-25.62673345383061,-8.00983564236982,13.69137452956404,10.810424969839218,7.8581457477213945,27.909980051003384,11.34494526483953,8.712193580014375,28.839518164412155
541,-26.21685029797234,-8.606198862007162,13.420569552532456,-25.842679485526325,-8.405538486145359,13.662471395543578,10.901810997723866,8.345558000907532,27.9814557579247,11.329931018623936,9.286050259950049,28.934458432438486
542,-26.43546284908027,-8.992080299829246,13.383233441217563,-26.064684453633916,-8.793785355278626,13.643732723311018,10.731098571841232,8.698335931985426,28.039339453387218,11.390899072572589,9.304262368666697,28.989714304417543
543,-26.65695189323082,-9.381885855951943,13.355234931061457,-26.28846800241504,-9.183693486045769,13.63071839679838,10.341635235479329,8.985032834950267,28.11947698912863,11.082180350098023,9.32516256286537,29.055043301181602
544,-26.87393960779051,-9.778991272889684,13.337352997324723,-26.503975912024934,-9.575899983050073,13.623770189618991,9.99464585654415,9.176307227451222,28.245114107857024,10.77918409826117,9.316803187408594,29.188574176614768
545,-27.078693181081565,-10.180131663491435,13.328279964777492,-26.70633216354225,-9.972683882810964,13.622226824745516,9.674397225877453,9.58989502199955,28.359835895148926,10.519098257030935,9.513658537650434,29.31647660849121
546,-27.277106656267943,-10.582557904475166,13.327718230398906,-26.902364957501305,-10.37376949362138,13.623671480738974,9.11851937185886,9.54334595993209,28.44693156466103,9.918558878335624,9.23667195376777,29.376136826881808
547,-27.471902722275598,-10.978381571092228,13.334264072820005,-27.09476815401965,-10.767011504006337,13.625968712052769,8.390647097236267,9.15876805858001,28.578798550107056,9.20690438015643,8.852263311807569,29.479036924656636
548,-27.668690556628867,-11.367662832675618,13.348527440788567,-27.289941632681366,-11.156857114880998,13.630230533269273,7.710657944582517,8.654635661525694,28.662256448909755,8.649997326002996,8.688868543960856,29.56512608250191
549,-27.875389767621936,-11.75661958985309,13.358410549889053,-27.4959000114634,-11.547706621117245,13.631679889680541,6.97156814999362,8.43241993841132,28.769358579276414,8.217271670065788,8.506301848081176,29.646868149633868
550,-28.08778218101089,-12.14104057229122,13.363541127907787,-27.70853982845465,-11.935851262118819,13.628217985991052,6.862651030743325,8.528291780696563,28.873351674423713,8.40049060666805,8.79330840850425,29.726845767716267
551,-28.298688406242718,-12.520656950897004,13.365876778065278,-27.920337594042866,-12.317476857215519,13.62419988589696,6.712189080945577,8.639891227263043,28.967956564005828,8.431112567983726,9.024222840923262,29.856673263590075
552,-28.510875194977878,-12.905546328988951,13.362588381379762,-28.133406243210665,-12.704645241676124,13.616713271030168,6.426038625610218,8.737577811969127,29.090008721274106,8.259669097012901,9.404034721826324,30.01861287018939
553,-28.71834942315287,-13.284814206457433,13.353372827050547,-28.344762944287524,-13.087515373246404,13.606487593996968,6.863348130592978,9.270159621914182,29.271123550562738,8.721263035118941,9.913103701755052,30.190066138596602
554,-28.92664223686824,-13.676807864249277,13.342074931157414,-28.5559256521631,-13.478545120593111,13.598361005114377,7.457502525895859,9.98596482651449,29.388002195778835,9.071842609665381,10.418324677564495,30.29309428389514
555,-29.128122073871623,-14.073304726714877,13.331239708575417,-28.75951567993857,-13.87320709193977,13.594465082158514,7.952398962093886,10.590659535077894,29.49381367667642,9.241313596290498,10.789357342147847,30.365638317333918
556,-29.32238136668695,-14.469239943264546,13.324760941009643,-28.95609815413932,-14.268853696327684,13.594658655343496,8.31301265224727,11.068768923410081,29.595855778225218,9.218460414616409,10.838668751065157,30.430821215181766
557,-29.51636311845848,-14.865380687353742,13.325319646213655,-29.150380633294247,-14.66450728672158,13.599418375141186,8.277188436130565,11.596640289517959,29.680745574523144,9.156589947313186,11.397428924806924,30.472637591438104
558,-29.71052598124541,-15.264898959532314,13.331588468240396,-29.342448050944746,-15.061454125763643,13.608631142153062,8.843918479827904,13.259034588217597,29.71519201182114,9.834841773153386,13.427618706853568,30.502207660831985
559,-29.90882650043031,-15.665355781778068,13.345043595264277,-29.53706274584741,-15.460367669132829,13.621849808955554,9.44824942767787,14.78267575422811,29.69732142040661,10.221615822571422,15.037069918775435,30.508591204746374
560,-30.111663780316626,-16.062522831613613,13.363014309582002,-29.73774359012065,-15.859597663335249,13.63536051167855,9.688089441429105,16.16411690496241,29.644920005101152,10.60068444934419,16.373428592847755,30.511633847336423
561,-30.315725211442317,-16.450950334821194,13.38511433584157,-29.939900577986965,-16.249432845450155,13.65190287455374,9.8841257777451,17.564196269547455,29.61882001166726,10.809832177855336,17.562029204533236,30.515506098430695
562,-30.523155078355714,-16.840761567154797,13.409759911206715,-30.14678880278951,-16.640902266077493,13.670742644005538,10.214856118456977,19.12117929353989,29.54837167030061,11.051577325022405,18.694468731683667,30.44847929841159
563,-30.735975653262905,-17.233444065605866,13.427230025726155,-30.360340409051755,-17.035193761057943,13.680138923073788,10.322185225461803,20.542752397554633,29.460525604165902,10.75406402112807,19.173773274809214,30.377539405465004
564,-30.950905926022216,-17.629137328168614,13.43570593822544,-30.576957079217415,-17.430636615911567,13.680303357262122,10.568822281649831,21.49897316626207,29.41402870726129,10.692601301652847,19.427302874616366,30.365603842090064
565,-31.163786730938096,-18.02518012679232,13.438343454888852,-30.791288637212215,-17.823964320198183,13.677406944610143,10.320831488324993,21.378687405641358,29.375010795810653,10.777589666209607,19.657310144443652,30.358280756695486
566,-31.373671436820874,-18.422297923597288,13.43398552053235,-31.00399344723477,-18.219541583049526,13.671416292373724,10.260379718785765,21.397835367835164,29.35754923507513,10.941877038358598,20.03747457497339,30.364078235691288
567,-31.585503485412126,-18.82498375558968,13.423420984093358,-31.217861938279828,-18.622396058321396,13.661304841904471,10.25747669642983,21.362628411046334,29.321709965875115,11.199038065575241,20.315197495493443,30.343550872152765
568,-31.797465879632487,-19.23063970813361,13.40497204988741,-31.42884244091075,-19.02460494360362,13.64768068072651,10.270778719002138,20.991599553273463,29.269909116071034,11.314195810368346,20.196474577969745,30.30870684671291
569,-32.006354774170845,-19.639833379339187,13.388931312194773,-31.636066874210922,-19.430374052270256,13.645464797312707,9.996991155388665,20.429488299226257,29.287035413142085,11.05744095765609,20.02176111462773,30.311726526273194
570,-32.204459700312114,-20.046473436292636,13.384346550612092,-31.832024971947,-19.8355231304109,13.654143835830407,9.85599859033922,20.30638600963893,29.327789844444407,10.549549934840853,20.04603204343103,30.327616095537067
571,-32.39906886951349,-20.455637243083114,13.392280477130187,-32.02545794263256,-20.245091884053657,13.67114210681855,9.51290260315083,20.341869835313354,29.39630748090289,10.042584781966728,20.167028015418143,30.422729462522845
572,-32.59311349852812,-20.86411749220214,13.410232940468605,-32.21665200041742,-20.650820620291952,13.69361081692462,9.09760647039209,20.439099141285617,29.476796934181735,9.668806119130009,20.386988673460074,30.517020989548556
573,-32.79198374536656,-21.27204964424538,13.440132264369977,-32.41314885632276,-21.05734600638943,13.722969222626793,8.677848490981045,20.4195776844741,29.549773715180063,9.453115054791141,20.595717212681453,30.59504610265501
574,-32.997321391460176,-21.673535955938135,13.481090143250727,-32.61671792423186,-21.460945171059503,13.757204132532156,8.462739935568198,20.21267111407844,29.651357357468257,9.697991764754423,20.463951757882676,30.672616148956333
575,-33.204503885168684,-22.065322920304297,13.53090053852308,-32.82179957669194,-21.853886122975435,13.792873575370079,7.925201638070571,20.42145228848568,29.785310937500338,9.35505404710336,20.590450153645623,30.761884592762275
576,-33.41349464627621,-22.455997932105177,13.567806116456259,-33.03060522163946,-22.245477470213828,13.813645838528785,7.5708555912590265,20.46621986126929,29.90432000018706,8.983059994604174,20.387381612055353,30.843634507354416
577,-33.6281123823951,-22.846864882925825,13.591031963562573,-33.244974058199546,-22.63695019747991,13.822620517347513,7.040271752312967,19.956705671880417,30.02232687315631,8.14173729488444,19.635154096843465,30.918857676512395
578,-33.84334602239554,-23.23534025838679,13.602762934195384,-33.463080845817586,-23.026969991336973,13.82437818955815,6.83925014676439,19.402358890494845,30.066880899527675,7.840669819859153,19.08617190767813,30.95525697165806
579,-34.06195092983609,-23.630300338043654,13.604968396875474,-33.68628101843126,-23.422453157712606,13.820351432684317,6.843516501801234,18.85738666934221,30.148039301746554,7.928824788110122,18.780192431048015,31.05162884890715
580,-34.27967404273664,-24.0292001477242,13.59099533210867,-33.90995924565326,-23.82424970672754,13.806634375131981,6.923769320668354,18.222333390108925,30.20443311037201,8.18548200491379,18.43244503556016,31.104363953804736
581,-34.49231260839443,-24.433306665397506,13.564153015548582,-34.12747721226891,-24.232299424478626,13.78799248005204,6.769422648349948,17.880501234021747,30.261447126644637,8.455403175173775,18.252449028710924,31.16418920734976
582,-34.69562831007463,-24.850313544309444,13.540343020652424,-34.331355631531224,-24.647313457595192,13.78363249490694,6.9712804630030085,16.665130453841297,30.294969699582122,8.614968923479672,17.120946899956657,31.20694114871807
583,-34.8864875348639,-25.27516974469495,13.531113394623054,-34.52098106925571,-25.06580974835472,13.792026052593966,7.332282090622452,15.581690349247763,30.359705736605488,8.859161764945016,16.081001033705363,31.293396476732084
584,-35.0617886652039,-25.70220548386527,13.53697235906981,-34.69229007324214,-25.486681403351827,13.811351846281303,7.867023075268821,14.961621449550755,30.41753473328189,8.813515556990618,15.227796122738374,31.36194954108571
585,-35.23590695343933,-26.130457167870823,13.553614981397262,-34.86221083201003,-25.90882671925149,13.83697997368599,8.199512138694644,14.172103778054664,30.50765870251261,8.861774697998944,14.400765199122377,31.434843483497307
586,-35.41472678021055,-26.5493524943776,13.583248332275769,-35.03751088362567,-26.322259937654795,13.86876634982207,8.251787924002974,13.244510194791795,30.573935720134887,8.824598998015537,13.730431708149592,31.523101665376956
587,-35.615768695994184,-26.92618915956742,13.625563416903379,-35.233031405670744,-26.690679197467226,13.90519120644655,8.002578342198996,12.519798131788576,30.68119341804647,8.623351364651569,13.385713892343047,31.630529850007118
588,-35.85052875114151,-27.24245250498361,13.682720463381475,-35.45905282645763,-26.999634787687228,13.948310626098143,7.7959957658098915,11.811940169468164,30.80724813750018,8.702119206575096,13.178801539140132,31.755637195239064
589,-36.11985586383555,-27.483432657166396,13.743497051109506,-35.71928677407963,-27.237719741514177,13.995342111384796,7.964882379956886,11.877649181004822,30.95692311258361,9.029420041860057,13.10303100525625,31.89576589819981
590,-36.40367052244781,-27.63711661993251,13.78738009177488,-35.99739115300304,-27.389398840332007,14.022139048479898,8.137572721560899,12.000513102796495,31.086808466763284,9.234199790850916,12.966459182193796,32.04029959451058
591,-36.676045703327894,-27.706367435140496,13.814703471942163,-36.2708338897456,-27.459977091087186,14.033649671017708,8.366867110971604,11.980869297478975,31.244799948144518,9.231559067784568,12.885739812402575,32.18579918414394
592,-36.90588855744299,-27.713811141543044,13.82756428099147,-36.518313130239854,-27.46591916754078,14.035201389544332,8.648511824831822,12.001338492853364,31.410930984673588,9.19492451349419,12.823132295827675,32.33314434433458
593,-37.083137432530194,-27.67957674754648,13.826941119944383,-36.72445589681038,-27.42249079970449,14.029283543235103,8.928374094812229,11.920918881780155,31.554837374692905,9.142879960670959,12.785487509117273,32.449351704678925
594,-37.21866243006753,-27.628191968868492,13.813919964344914,-36.887906186335414,-27.353793478974076,14.018869409946383,9.060665440204609,11.693818166217811,31.675316143852385,9.09071802628375,12.769484215380418,32.54521737632696
595,-37.321247521094364,-27.573736840219137,13.79586140952603,-37.02004301792289,-27.279251099945064,14.016047171968731,9.105709383878645,11.648106969946987,31.771695649691754,9.038608979708945,12.765697639556247,32.627338028115105
596,-37.40621050404058,-27.522113531917743,13.773314766295389,-37.14186336233392,-27.204408257499104,14.017591309634199,9.015196179531362,11.794315459137847,31.846454989111308,8.978515258705361,12.771214271177238,32.69667356480528
597,-37.49319573627365,-27.47245161885718,13.761978912863569,-37.273514830662705,-27.129859341610164,14.023969364669535,8.922982380045005,11.931566800152748,31.901916758589433,8.901100898070755,12.784981433772252,32.75640253385178
598,-37.59656715541721,-27.419179336446284,13.76360224843539,-37.42596411628565,-27.048781125249757,14.037760220081973,9.001075589145278,11.847467698522848,31.93725984548263,9.036004857277455,12.631715633573583,32.808350407631316
599,-37.71916737241095,-27.347964823570756,13.772040735711608,-37.59215656762947,-26.947577241449668,14.052002919699902,9.177653195029096,11.754751199804218,31.954723590798913,9.267682011809534,12.510991505356602,32.856372587839324
600,-37.85540980630577,-27.24466696755215,13.788195439565293,-37.754466356943816,-26.815717461248333,14.066674766421936,9.263920293461588,11.572890779923288,31.977190961158364,9.323435347205523,12.308857942689368,32.899602087471834
601,-38.00054000355776,-27.094664038973406,13.811355112636578,-37.90775418928447,-26.64510953144123,14.080378106761954,9.38007206115592,11.339802376331338,31.970991220225457,9.421240949303535,12.093544390173873,32.89686126230051
602,-38.151964515581916,-26.89147197764212,13.831688347078842,-38.05432030415949,-26.436123570967226,14.092296505022913,9.369624499270449,11.968733428013676,31.932566451258936,9.33162814204431,13.144707061360663,32.85421365438573
603,-38.31788644381823,-26.663650746427827,13.854270065853052,-38.20696312697145,-26.216868406793797,14.107352185082872,9.295695635010583,12.848483147322163,31.878213978900135,9.158518350475187,14.349193672962587,32.8010530052354
604,-38.52447277327787,-26.440436511680463,13.877075076884877,-38.39661120403532,-26.009700407121006,14.124368752081224,8.994465076403538,13.772120101182706,31.845699426545558,8.71017644993225,15.389444330889837,32.793794656159896
605,-38.77734414961481,-26.2415919879549,13.889661031325048,-38.63276169464802,-25.82277087355435,14.135609016375595,8.41576935070857,15.029710316025081,31.84076997899117,8.202123313228972,16.5111653959778,32.83985342360417
606,-39.07162553796891,-26.06668931880384,13.895385587207546,-38.91155860572024,-25.655426219200194,14.141725848174687,7.375594169487541,15.954555477334447,31.841654645753596,7.406694334746684,17.02042173698289,32.90645680891323
607,-39.38808513445929,-25.897144454342783,13.903901611049076,-39.20879666561347,-25.494444335931437,14.15358581410442,6.403063013318504,16.78951600279118,31.883924695294983,6.823592159031507,17.253270266547275,33.01285533667028
608,-39.71124369261036,-25.711060229026003,13.919266168814596,-39.51483941197341,-25.318790291864893,14.172017505210963,5.0653564285253605,17.879006788534678,31.96138142074703,5.908485521085117,17.753638267356326,33.098751190236776
609,-40.02962940257943,-25.50180286235508,13.937922160733553,-39.82001749260021,-25.12044898571936,14.193016262100882,4.492119811762497,17.921617572199448,32.06296841886657,5.548079737411835,17.6838113057438,33.1646786130475
610,-40.34311420118496,-25.26505734157169,13.959084144887637,-40.117338219537494,-24.896868329158803,14.215217330043341,4.0786974923855555,17.764029904918335,32.199292440561294,5.26427945355382,17.63246608354734,33.22692918686486
611,-40.65104847369507,-25.00607336687645,13.985657276826274,-40.40956707222009,-24.657248231476174,14.241140143200022,3.3977570868242544,17.953230344720044,32.311199956426826,4.458544639455459,18.12325306989813,33.270028128444
612,-40.96339635879793,-24.746182844508894,14.018036151021475,-40.7083900116209,-24.415212733854087,14.270782297855844,2.7120672178371725,17.973524075025804,32.375945744338786,3.7882160405421894,18.64196286647459,33.311544848399066
613,-41.29122991267413,-24.503835946611602,14.05213181419032,-41.02505516261573,-24.18442965750314,14.299859239927857,2.7092084688198974,18.341864078810467,32.42618449214737,3.90326743578034,19.26627917466918,33.36514194523746
614,-41.634485899313134,-24.287557980330366,14.081968874420088,-41.35415763687263,-23.974554717495312,14.325537390548757,2.4372262698297,18.55254927148683,32.412660956612754,3.6803791096616454,19.412759956874815,33.36750541218089
615,-41.98890797128759,-24.085977331629913,14.104876409198283,-41.697179989004255,-23.77558663734231,14.343404633373526,2.4570764874111637,18.73890644861669,32.467534999485345,3.4708336822289203,19.81558668306099,33.46260610075252
616,-42.34634267844858,-23.88511788060806,14.123784976124595,-42.04666217891535,-23.57737521549587,14.35830023134981,2.2441269355804603,19.833321174950193,32.56930482154868,3.351788614435993,20.90783289953,33.60228985599895
617,-42.7033169175642,-23.682857914719815,14.140038310546306,-42.39612133622214,-23.377163866102137,14.372058290888802,1.980226876273799,20.894123612156005,32.68079521083529,3.193136361714488,21.723302514775504,33.73760514726192
618,-43.05844621607633,-23.478200442891932,14.151547846113532,-42.74468052804363,-23.175152433508924,14.38299733274133,2.355889129899234,21.66437035526681,32.831419970001555,3.3011458069329884,22.387451500826362,33.888082111355686
619,-43.41607008740728,-23.267606113847968,14.158343290299054,-43.09892380950948,-22.965244093674638,14.391650873582954,2.871724352622229,22.40457377944254,33.010843910996,3.5385992564538187,22.99917174460814,34.04798737933088
620,-43.778820540441906,-23.059673387494207,14.162350782467614,-43.46130280277138,-22.758562714530523,14.40003417107294,2.8489692081366065,22.868626126075526,33.19611706626477,3.616947385418424,23.414001904331574,34.21018860253312
621,-44.146126991384826,-22.858928395005414,14.171014447954724,-43.825294316491515,-22.562237171294395,14.417863228741007,2.9088585303612886,23.476700956122755,33.43231254065156,3.5536653892334376,23.568546613590218,34.36829686130565
622,-44.52037063127268,-22.667170035054045,14.19021063282015,-44.19715557636471,-22.373430472103912,14.44430372980575,2.5782958748091995,24.38653533530459,33.61282037096905,2.93014150207354,24.404074111869004,34.510592334954985
623,-44.90484361291046,-22.479724683024617,14.219005735864009,-44.57947742580664,-22.18850918657457,14.47852123051588,2.247720455626792,24.67796743436599,33.73438013756924,2.434437120879969,24.972151719379234,34.61245317409543
624,-45.289417064805086,-22.290154149144104,14.255241144589666,-44.961787389838285,-22.00241901653673,14.517836948904408,2.133473179866544,25.08364848502283,33.864651762823684,2.278908019560073,25.526241386541727,34.73091532548016
625,-45.67993873364804,-22.092538846306663,14.30038853254761,-45.3500026611986,-21.809467937975768,14.561669974658818,1.9008402740225852,25.49102003638387,33.98122117608004,2.217311159209531,25.99980053361359,34.84874424565494
626,-46.067460690462674,-21.893919866092112,14.354747121169982,-45.73599855913965,-21.612546601735644,14.609658452975522,1.6321177347308153,25.581303944416568,34.058557888809,2.26156774211085,26.021375051421142,34.925793289242826
627,-46.45684377343594,-21.693160643056586,14.415440717919493,-46.12440204214118,-21.412483886410246,14.658529185533178,1.3663789800193002,25.83468022029233,34.1245594531403,2.200772271157422,26.180997844754184,35.00453939053988
628,-46.850857247425765,-21.492345037884462,14.466683753594438,-46.51322482789828,-21.215389825695308,14.696705555771413,1.1785091718283842,26.53984954320889,34.20549719066104,2.1466749885244387,26.762927786894856,35.117062071488874
629,-47.24705623785457,-21.293970031668135,14.508972785432972,-46.904993228536334,-21.01876075120242,14.727743103922377,1.4817222706068935,26.633859027857092,34.2947182887927,2.227393949246961,27.095171204313175,35.2369976967251
630,-47.64854224219786,-21.098569944791997,14.54319333569628,-47.30265151102768,-20.824341466008597,14.753929787152392,1.82935175283053,26.628512862655384,34.40770212535078,2.3705322383679026,27.123984345788543,35.35255092368109
631,-48.053474868030044,-20.899167068512575,14.570388819194957,-47.703946918547075,-20.62539146236342,14.777487470853789,1.882031675352296,26.643294377509854,34.514084297494314,2.3101588887812743,27.27093990063397,35.47107211114282
632,-48.453636519808505,-20.69698666976046,14.589626999484906,-48.10160304092799,-20.422387110569364,14.79723142124798,1.878718890096811,26.629395947808995,34.6242767622183,2.2432931921099803,27.377316663898718,35.593567930956425
633,-48.85308034742744,-20.493439001144335,14.601040050305308,-48.496676336664876,-20.218770172874688,14.814532615165055,1.7098591545676016,26.927547486601178,34.75459081076647,2.0444968593065744,27.541049088338287,35.703189600662355
634,-49.251728770123414,-20.285092807789457,14.606274482078081,-48.89371310899494,-20.008968563187732,14.830193460031717,1.5195994507560238,27.221390385134047,34.89734776552195,1.7590270731932054,27.8096328452459,35.825738446399036
635,-49.654737507787814,-20.076142514446197,14.620727353442415,-49.292447898553235,-19.801688090552975,14.85404891297732,1.2994184904807682,27.425853067022032,35.023893154574324,1.487304354862916,28.353749080300666,35.952105797770336
636,-50.05913355219559,-19.874713920556555,14.64411341222396,-49.69353808907769,-19.601441570182324,14.885504561887702,0.9780377295826275,27.795524013145247,35.12181223353545,1.2516552535016425,28.89047115846869,36.04337681689232
637,-50.46378876715929,-19.67954380902909,14.674387312566447,-50.0963109384867,-19.408987737168644,14.922178023976166,0.6061863486180751,28.33894027009472,35.231866418867384,1.078992792684139,29.33171874007302,36.153130212378706
638,-50.86803178169681,-19.488684156610145,14.709899476479844,-50.50149583822524,-19.219205563488906,14.961827669345332,0.2819578296196927,28.68821333047435,35.31923044123948,0.831843342316723,29.53354315093403,36.23489832377212
639,-51.27563998377349,-19.297285099814474,14.753791197277186,-50.909012490711696,-19.02936441022144,15.005168856567407,-0.05668945433678596,29.04962705229872,35.43574897152587,0.5943661804370723,29.69886467328829,36.36716444535683
640,-51.682507052052465,-19.10240774478815,14.805043112217014,-51.31500938025851,-18.83882730148899,15.05142762198674,-0.22937110886303308,29.399527142994746,35.55112088865908,0.48299651281390243,29.884513427555948,36.48251721408308
641,-52.08081766092739,-18.900639689459663,14.862221655428723,-51.71608132638323,-18.63743854120574,15.099562647584085,-0.4276938565325966,29.80880293285696,35.64397134390432,0.2191286692965198,30.250835365957823,36.5799610571091
642,-52.474915717042315,-18.69102841247044,14.913853652360322,-52.10921940993434,-18.428387063857397,15.14111719444123,-0.48933583907840106,30.01079311388195,35.70098502690829,0.16138072960106775,30.580418634765955,36.634142897629495
643,-52.86524220504695,-18.483238828203376,14.962341133435704,-52.498046373444595,-18.219316737833363,15.181995531884265,-0.5586810645144589,30.047117993873123,35.777388039535225,0.0982755569472309,30.719485950561413,36.69534607637043
644,-53.26004771845453,-18.274352014750384,15.003106481553127,-52.89053577683619,-18.00823391648691,15.216269661982897,-0.7624744763079235,30.20942423300686,35.83094350682021,-0.11545587693102195,31.021930922636272,36.74968248276359
645,-53.654732804103205,-18.070773133017283,15.036164688203131,-53.28350495868426,-17.80132949510486,15.245013937240033,-0.9036069890071439,30.36134475169901,35.91457506822099,-0.31467397865900043,31.106570761313442,36.83036996652656
646,-54.05028911739304,-17.871282943596597,15.064528677549296,-53.67943100718511,-17.597470419287433,15.272642452215461,-0.9711468649043649,30.52875349395272,35.92032666929117,-0.4086902917559165,31.202289358592406,36.85257504109819
647,-54.44738004249185,-17.668006672731106,15.087073403745334,-54.07850813081981,-17.393821518601246,15.29756531611063,-1.7839567429101983,30.590698322574273,35.97590707165412,-1.4492087668903262,31.178476833315397,36.94789774995013
648,-54.8405661845545,-17.463317694208182,15.102447765596308,-54.47490766851433,-17.189725454495903,15.319233396360014,-2.3930730553822483,30.4432066891844,36.03190595529534,-2.175795045979907,31.080957836465128,37.03168139616251
649,-55.23807975550289,-17.257485909428443,15.122043717536151,-54.873126611461636,-16.983786745782215,15.345349616640465,-3.009389764006298,30.198958384538095,36.10307464168186,-2.6184126850207243,30.90139162258681,37.09718190695609
650,-55.64005275462819,-17.050257720541836,15.14333200658308,-55.275887659777204,-16.77674848392728,15.375379034779282,-3.7245868645451123,30.17396949847566,36.14156231458543,-3.128234106062887,30.940685806929363,37.12263741754482
651,-56.041891137385775,-16.840188711184737,15.172169900211225,-55.67676961080327,-16.566483704632624,15.410517989775242,-4.340605051230423,30.007941189224052,36.185727162997544,-3.5612009958823347,30.96102480795919,37.15446253043687
652,-56.447781696936225,-16.62324779084768,15.206363310761375,-56.082013264424155,-16.348984436296327,15.44820641617155,-5.062030810746506,29.864967936406245,36.20145924559775,-4.078809079950334,30.851553584667403,37.17950611544656
653,-56.85268575107886,-16.40911729803159,15.24499084313291,-56.485301985869086,-16.134507533816375,15.488521891072383,-5.762264814577777,29.70521114302764,36.25353590223479,-4.400304564183121,30.772314723015533,37.208705915095116
654,-57.25987677256693,-16.20129966697984,15.290918076935707,-56.89137168859086,-15.927738472600597,15.532118437643884,-5.143644479767653,30.44480519643544,36.29262599480951,-3.7785826669682065,31.87336948492754,37.283460463977214
655,-57.669653674048035,-15.988373366846183,15.340654519299388,-57.29914291561047,-15.717494047688207,15.575336702247538,-4.582971676788746,31.252795950520063,36.32301819896956,-3.257006908461473,32.77045965893159,37.34065612025142
656,-58.07322571600806,-15.772675527103607,15.385723920220219,-57.69878524217888,-15.506098457090083,15.613846533567278,-3.9832604540759773,32.25708687616845,36.36175842011987,-2.652244502163451,33.66411239037442,37.398717221683285
657,-58.47134027586283,-15.55399402314822,15.428744466778982,-58.0962457764702,-15.291320944220368,15.650764999480169,-3.0956329880876474,33.1609741594111,36.42358377883547,-1.9265245944882141,34.4303506384578,37.45205038056928
658,-58.870767635731845,-15.328163299609306,15.468509502124089,-58.494251362429395,-15.06730299540333,15.686059705779352,-2.021424782615693,34.35492535968155,36.487366018953594,-1.125636683058647,35.44770568375838,37.50734234234619
659,-59.26463229736877,-15.104645850183088,15.504019672464523,-58.88851148877176,-14.841636760232689,15.71870386700149,-0.29740291299906874,35.78721404315994,36.61002124505472,0.25300769729381667,36.48162194965828,37.63666055372021
660,-59.66251410246707,-14.887712018265166,15.537182490351507,-59.28580445609793,-14.62129272728233,15.752024836270767,1.3262113979495174,37.225870012317294,36.74964106470901,1.3257903506117514,37.30022619899179,37.7687019903568
661,-60.06616634080768,-14.680899587896034,15.569445411908724,-59.68887439917275,-14.412003518645161,15.787339505786331,2.1736069775287987,37.94971425360094,36.822876699061936,2.0268915727823114,38.074596846588776,37.829437506352576
662,-60.47457560179864,-14.483635911470042,15.60141321332377,-60.09991545420945,-14.211613706184389,15.82483285494545,2.861987898188616,38.605999726499334,36.89194104737964,2.390968549947225,38.60395351796463,37.872827991364204
663,-60.889613895001396,-14.289113359630667,15.634163245391994,-60.514324250587606,-14.016319729789581,15.861286065897504,3.483709423072754,39.42871007406611,36.9587085274006,2.7666483880336834,39.44126763915694,37.91884566844487
664,-61.301425334028536,-14.09420604717844,15.668317749324746,-60.925330129365975,-13.823796697625465,15.897422935633669,3.7369617772022803,40.292128687119025,37.012823518192334,2.779435735787781,40.2445782531548,37.94719908270787
665,-61.71198024491663,-13.889912566820467,15.704128178362275,-61.33765995886976,-13.621302788793857,15.932855850004675,3.8896888160340097,40.96699226069116,37.0618052413787,2.816245965338254,41.049787923285365,37.973635892773274
666,-62.12495128986687,-13.675663112084878,15.742004273360275,-61.752516624612845,-13.407594541034417,15.968413161719832,3.3647656325109665,41.40272158943408,37.04552487771482,2.6212565652827244,41.624997304289714,37.98990125020674
667,-62.52717855802071,-13.453159796089341,15.77676864204747,-62.15239753638447,-13.186372903365244,16.001223000119104,3.110984492293836,41.83892551795712,37.015924487831114,2.8213716714605273,42.04058732528243,38.013017286330324
668,-62.9278734079388,-13.228375888213511,15.811303050808586,-62.5506835626605,-12.96283759205046,16.034210743852466,3.0337888011622725,42.121756463086754,37.016969427712766,3.0932009864568277,42.254664924722825,38.02475238073091
669,-63.33132469127113,-13.008247858405259,15.848124818411122,-62.95322796895228,-12.74363367107139,16.07086262034339,2.5219516439588396,42.46953926126728,37.0826519762904,2.5162895147970072,42.42354043766921,38.117539094987414
670,-63.737606680735226,-12.793119157427375,15.88461902511863,-63.35921421857368,-12.528151504780407,16.108028086976798,1.9324711569770514,42.364167376723046,37.09229133958538,2.0645797117567963,42.32997897326094,38.12533704948138
671,-64.14409718067232,-12.580302809054546,15.919802580653913,-63.763482295512354,-12.318018469273015,16.144931349820187,1.9695950309146928,42.491869419075826,37.117849963432114,2.2972188940139566,42.73570410771807,38.14934795033039
672,-64.54509771713789,-12.372936546298666,15.957001696985522,-64.1632178627204,-12.111901116219565,16.183534714028735,1.8676905646458641,42.896196081992386,37.15461950270966,2.3088389435808403,43.607949294300816,38.18943525627163
673,-64.9442670860563,-12.169852423624613,15.996243403302222,-64.56534537978429,-11.906895212460615,16.223797586063036,1.8641064288858575,43.034633890556336,37.182672255853696,2.220094387350333,43.86517637768986,38.20386498116864
674,-65.34571814962405,-11.965277759960042,16.036070019609337,-64.96514363906596,-11.700783529382806,16.264078405787966,1.2495679796770816,43.21264553824452,37.19437036355316,1.6363529953538234,44.0847594755586,38.20125253791313
675,-65.74830563192258,-11.761019920444008,16.078604442653184,-65.36641842716456,-11.494468920666494,16.305406353786204,0.6475844078387698,43.5276371313335,37.20960201816807,1.301142233897926,44.3380875962597,38.19623614946049
676,-66.1484233520276,-11.558596558826885,16.12278641299589,-65.76796020981612,-11.288822073601613,16.347676885700334,0.6369480742877738,43.83048365222056,37.165699698665016,1.0664120227399054,44.50665407604279,38.19087535154701
677,-66.54939611448624,-11.355211750843313,16.166264897330183,-66.17335891552794,-11.080514331931552,16.389397360898638,1.2009532490944603,44.0342540688178,37.219367924890676,1.6994888469146332,44.278417698190445,38.25362114579339
678,-66.95398837090698,-11.153361415775798,16.20634194567239,-66.5804844635943,-10.876154718404068,16.426654462520183,1.3852057423415371,43.92693675275444,37.275493464912515,2.261877462210381,44.151179116102895,38.332644218635394
679,-67.36570480240766,-10.949751125167818,16.244057798337064,-66.99265347101064,-10.671683313043077,16.461911811295366,1.8409307079180006,43.205121821788225,37.354095033251085,2.9018079308802873,43.73496037236473,38.44673524032338
680,-67.77860283030124,-10.74437428673043,16.279387406750956,-67.4075052515116,-10.466833493978625,16.495800461849846,2.051031861137914,43.04405432724519,37.4433511963687,2.9843188766574347,43.741767474165684,38.5353430117481
681,-68.19404968696485,-10.539464277702773,16.310694244007813,-67.8228998841027,-10.264000636534687,16.526375772608112,2.3273340490819603,42.89928079432005,37.5338464037536,2.6313684549051137,43.76711291159349,38.592499313198516
682,-68.61235595271805,-10.335485347979365,16.33916179949315,-68.2389357604778,-10.064062531239657,16.555186897122997,2.0659840912742142,42.657793016851606,37.613882953974304,1.7257265250988278,43.73229278441915,38.62165035569631
683,-69.03329249731372,-10.129914384828542,16.36347544923196,-68.65748861375431,-9.862952638006659,16.58173870084682,1.8147506435968659,42.36203118014739,37.69422317831709,1.0497461830230326,43.597848447503736,38.64099091953725
684,-69.45181867828634,-9.924906081572118,16.383642271291617,-69.07561048027338,-9.66050999269004,16.60585647694099,1.1738821087472462,42.485603948334614,37.72862467031954,0.7929346521629272,43.726135517379305,38.6638251549422
685,-69.87178750946084,-9.719651733109806,16.40752691125708,-69.49280855697637,-9.457704287543203,16.632698517777985,0.5480226496871916,42.66043856180689,37.75023792590205,0.6607912197467019,43.94923080009862,38.6878092647628
686,-70.28918799065822,-9.511974418159525,16.43237852718104,-69.90735593816571,-9.250044660789323,16.65992366171892,-0.22079864881616662,43.007238109817706,37.73096422617118,0.537866131891606,44.03683151609077,38.70206951630022
687,-70.70158894406373,-9.303755931429865,16.459954642728796,-70.3170035540746,-9.04029261972277,16.691666999932043,-0.6235801270335126,43.071307348902316,37.70867911054401,0.5295919942143721,44.05508688324646,38.70789682292835
688,-71.11183228697102,-9.096650321296606,16.49166424765292,-70.7252351013625,-8.830471307465803,16.727280004804488,-0.20662862224800077,43.21376966582517,37.70575794539498,1.25070529106091,44.21450086937648,38.726265539267146
689,-71.52149587478955,-8.89108825136876,16.528355883267743,-71.13157753402547,-8.622804049826273,16.766144038460496,0.7268113631186819,43.200580357929695,37.69389285280072,1.9266345641079137,44.086255715866464,38.713334808291506
690,-71.92969824597527,-8.685452599970693,16.569226565051697,-71.53828986438106,-8.41494081847867,16.807882731754642,1.5896076688971088,43.256816942543765,37.67762674563703,2.413870187599362,43.96895926722727,38.69150031677585
691,-72.33446354330384,-8.479821176966066,16.61368823261522,-71.94468325415664,-8.208517980557618,16.851070314529125,2.149239312073489,43.07132256878203,37.654319324135116,2.668558622869427,43.76219145710829,38.67329220339849
692,-72.74191316351235,-8.273370194534044,16.661415952147298,-72.35424295105521,-8.001585324301088,16.895458849423495,2.5346654792330314,42.95145192784144,37.62030531544756,2.6938491536316134,43.80795599559129,38.64839097640621
693,-73.13661312180038,-8.06978416551426,16.71125366162482,-72.75129606594152,-7.797738949001534,16.93981400311028,2.84161437853372,42.92029869690085,37.57493645096711,2.6001300824471256,43.87347709324997,38.607163986626084
694,-73.53760238628671,-7.862528845212973,16.7590845189316,-73.1548729695797,-7.592220054370747,16.98264573812353,3.279670550887212,43.12263069527705,37.53275033203683,2.79270922966665,44.203646337889005,38.57425844418278
695,-73.93842315536594,-7.654599502319792,16.804295404519106,-73.56056667891008,-7.384423312211824,17.02444563414321,3.129137091500453,43.10454734097244,37.47580960710443,2.8490974128446545,44.31292204758163,38.537088112022694
696,-74.34482580157159,-7.446760813967343,16.846891298532075,-73.97005408343719,-7.177514170885166,17.06408934825531,2.9554387224195144,43.1773045018226,37.4328842319522,2.962962445460134,44.26892142420998,38.50057016946615
697,-74.75490511938192,-7.239819889477809,16.887024407010834,-74.38213162936954,-6.9719278719278925,17.10219782781602,2.6956195461994943,43.22288345265615,37.402224078401254,2.8792558812938434,44.179527255684505,38.47801887119237
698,-75.15863561717913,-7.0316870304443855,16.924076390518284,-74.78622241992248,-6.765201152397455,17.138681778299418,2.612371962603022,43.604112829905695,37.37230912287392,2.9216429187595208,44.46237485387396,38.4611007397638
699,-75.56455163858443,-6.823310059131851,16.958315388174427,-75.19029816132799,-6.557705847451318,17.173612698023792,2.602502327094282,44.034284364826455,37.39273753115429,2.8815102489546534,44.969725947402374,38.50752656705445
700,-75.96698366258398,-6.618720146693738,16.991619509272166,-75.58705463372931,-6.353633178709757,17.209383779930775,2.6274680681766487,44.46371210009607,37.43965236057299,2.783513589895408,45.407202515158076,38.559225182627394
701,-76.36518706579089,-6.42103436342484,17.02526721599552,-75.97991138332422,-6.157115516917424,17.244540903587374,2.2716231161842226,44.591293239741454,37.50036432304508,2.44504820356685,45.60755475698849,38.620957965916624
702,-76.7664350989229,-6.229448433153891,17.05696670191473,-76.38158657617107,-5.9629749031187504,17.278107578563237,2.336688424989479,44.654400961648264,37.58290768316248,2.667283746639676,45.5258377210059,38.690051230897495
703,-77.16699316553999,-6.038656915906378,17.090429387726584,-76.78562105288385,-5.768255006616149,17.314086772758333,2.340221898260588,44.69523302130454,37.63359992287834,2.829111523570518,45.298651437025946,38.69448085530893
704,-77.5642824690346,-5.846018980766393,17.126234914839785,-77.18763650160231,-5.572085911621065,17.35286588038453,2.43875958313185,44.905961494574996,37.716823209529664,2.9160691842953645,45.29943335634161,38.75069376695511
705,-77.95986260353722,-5.645287843953817,17.165076758538248,-77.58668136732754,-5.368376696525014,17.394691405026272,2.3604771642013875,44.97996389540403,37.80790701163509,2.8442602748819277,45.46258424800303,38.80738000434982
706,-78.35303198867143,-5.436356602151351,17.208379986405912,-77.98448029098678,-5.155507314738044,17.43974299213455,2.783342645990776,43.89581957083007,37.8625627028495,3.41855291639349,44.25426967441576,38.86140025835244
707,-78.74812396765563,-5.225484832265918,17.25469953501738,-78.378692478927,-4.9429694928662045,17.486155854011937,3.23138720622304,42.82380284402898,37.91260850095563,3.845811368690041,43.335720455102226,38.914513286839636
708,-79.14603095084071,-5.015015584999968,17.304691654127428,-78.77223533395515,-4.7336017573880556,17.534239128530356,3.8807964123381664,42.0917421597834,38.00616826361432,4.202793568537242,42.9253083676699,39.038913875763356
709,-79.54522568429044,-4.8142899470096765,17.356907086846533,-79.16851919142361,-4.53427284516657,17.58211180395039,4.175811274608478,41.5306869417341,38.059935944278415,4.468427341696749,42.5854100198859,39.09962773799047
710,-79.94669103916895,-4.628237387188857,17.409174828955983,-79.5692178193429,-4.349161744812588,17.63031856215306,4.712484113225226,40.743538834635594,38.194269979641064,4.992259413975434,41.82615497224438,39.20781479943484
711,-80.33346236684582,-4.445279902348434,17.46224755369719,-79.94968286365835,-4.1716367840443676,17.680021196488383,5.26418363691299,39.672214697892116,38.289506737025256,5.387643717622944,41.00969814807637,39.292588917230276
712,-80.67468544433198,-4.236752778039778,17.515430109405617,-80.28462113302166,-3.973272185941849,17.731146259947867,5.961433031962114,38.35390829364707,38.39287510356512,5.8756694171424675,40.22486145566593,39.38910272787493
713,-80.94637618560957,-3.991270759714289,17.56728237082158,-80.55203856776637,-3.7391369517862234,17.78181079402495,6.156597432099564,37.97886003707082,38.50003577019084,6.098173831023332,39.55795446391501,39.47598680978511
714,-81.13354223502151,-3.72392520644198,17.618582811123662,-80.73629944707574,-3.4813890398534197,17.831657632414828,6.248892203864234,37.54961798292483,38.59943622175546,6.123935929054823,39.02652413420458,39.55145155830953
715,-81.23764754906185,-3.4604447188378025,17.66837661132883,-80.83867592126381,-3.2199381048701454,17.880370773827373,6.061929842448797,36.95890639448263,38.645590602263205,6.027600490930762,38.62797950107085,39.61225306094563
716,-81.2728650089464,-3.2303854831874466,17.71002340757069,-80.86969306529518,-2.981794115459517,17.919337447800686,5.766837870946845,36.433424378275,38.71685828375924,5.878211456518021,38.35579757013613,39.66006670422241
717,-81.26317333966087,-3.0519323864324335,17.742835467938658,-80.84958748865624,-2.779983227193127,17.949184779414427,5.640539559121229,36.30061453507672,38.746926416152284,5.722774689421925,38.173210908309144,39.69743983320449
718,-81.22760360078453,-2.921946298588599,17.7678921074926,-80.7969176867979,-2.6226203491794835,17.972341102078904,5.644480119397235,36.20164903560373,38.77513608894618,5.585057648971585,38.05215644747949,39.72543308133536
719,-81.18051179940814,-2.8341956467070863,17.78552007116472,-80.72927753058258,-2.5015838985584864,17.99102731529246,5.688813681377901,36.29047970701695,38.78245162855962,5.470676967844708,37.97392672109099,39.746937339120535
720,-81.13000435170419,-2.769163754542498,17.79626656267003,-80.65769148680207,-2.393825785436389,18.005538175429514,5.73659791217981,36.35674300782281,38.784648748050856,5.386180716530435,37.93247189788683,39.76318532857245
721,-81.07624666221658,-2.699875762998499,17.800765959090448,-80.58472992851452,-2.2699176646754906,18.017160758466087,5.77418706062053,36.3876945076845,38.78402330939764,5.318852161798962,37.87929560984606,39.77494767719839
722,-81.01832987233036,-2.609072926580175,17.79943715015134,-80.51255401423467,-2.117624610189536,18.026893420875204,5.815066182510547,36.42989025561009,38.781917157981155,5.2812615081307035,37.869606581517516,39.78407323426037
723,-80.95061595618424,-2.4878004996718373,17.797973333606794,-80.43245195619396,-1.9381647963507416,18.036209230598867,6.1657147369244205,36.57645002947604,38.78036571486395,5.6930304026282315,38.02410413980121,39.79510843127473
724,-80.8572508555388,-2.340910064180285,17.793191956932617,-80.32491474220112,-1.7502668642405224,18.038454525211996,6.379647634414218,36.485595344350415,38.78158635646291,5.833345831609853,37.83531682151512,39.8095399690592
725,-80.71831070938028,-2.174542867612244,17.79172379481834,-80.17338952955302,-1.5667836088297535,18.0428996230113,6.40583270512126,36.28468334941429,38.7946242768981,5.690948790215195,37.55670426154932,39.83384461037641
726,-80.5257932159583,-1.9918931127898216,17.790356478892697,-79.979924006957,-1.3882030002783954,18.044407419103177,6.38582165420594,35.926253789648186,38.815249356660246,5.528511002886446,37.132765779118316,39.8613989032274
727,-80.29697118337536,-1.7929027076217479,17.785749132936754,-79.76430462504378,-1.2057645505595143,18.039699508527217,6.313440442161828,35.52172079141016,38.84081044722874,5.350299325545215,36.744455400593154,39.890213488839905
728,-80.0565396805181,-1.5742185543661649,17.774150276784745,-79.542705881168,-1.0073911797635053,18.026442919963408,6.178463150932404,34.919591814533725,38.873347185339654,5.107596591889089,36.13866281369745,39.922192689880596
729,-79.81947767099228,-1.3278517576404614,17.75727595484219,-79.32435678386896,-0.7804188110946955,18.00874162983962,5.96847277489895,34.23677303553396,38.89532956506654,4.80499914661325,35.56921157502135,39.93050297342788
730,-79.5948228208944,-1.050414009303585,17.73368686188106,-79.11598729275714,-0.5185593715470822,17.988194672541816,5.4008601260189355,33.50255465896418,38.90272447803913,4.480388469654049,35.10313218116087,39.92084866828048
731,-79.38451547105562,-0.7414185270150855,17.707090489380054,-78.91999969400683,-0.22823258416523934,17.965831431086198,5.053446909975414,32.61429252919511,38.89588600057321,4.258470891117066,34.28530846097986,39.90017887731686
732,-79.18505850240017,-0.40975007007291964,17.672985609473404,-78.73139917152643,0.08282446806665122,17.940825728385597,5.123501549807234,32.08138539739741,38.88347645432104,4.423259660620476,34.00004455637752,39.88271783320151
733,-78.98512088868252,-0.0710737603398629,17.64706468435733,-78.5403324219977,0.40179748538180043,17.927310654852672,5.232900992665872,31.731138411613255,38.87038608400865,4.647857162730423,33.81412625795547,39.879477993296
734,-78.77063866731423,0.2668783941802203,17.63332256626875,-78.33589311327336,0.7219389349218341,17.925101945716698,5.379171170429693,31.498090666077744,38.80494687214046,4.876009156548342,33.76426745402455,39.813304999733234
735,-78.54181658646088,0.6027976549164153,17.63260010690682,-78.12007131710311,1.0399634720238429,17.930968355833052,5.636796811535012,31.513603857191736,38.73352229254305,5.194525709436364,33.76183102510452,39.765914597945
736,-78.30663194998456,0.9374979936851398,17.64009254458304,-77.89765142022915,1.3580681373120758,17.93988517685433,5.977219922103226,31.66982604695578,38.68971731107029,5.4325951555779985,33.86301955306155,39.74489004680668
737,-78.07593808704615,1.2747069583686357,17.656435942389038,-77.67704746802725,1.6826421042634725,17.953759894161028,6.196134317332771,31.65025313323475,38.66142582558542,5.326966986937701,33.69278975545021,39.730972057720194
738,-77.85662769610339,1.6201902768038294,17.67978173435222,-77.46489555779601,2.0179799741130715,17.969852974318783,6.484150941812639,31.997451122151862,38.64356740681464,5.366222259806859,33.630446136546865,39.72496411000468
739,-77.64894438934729,1.9731688441701707,17.70191357364957,-77.26228352348751,2.3634436670959333,17.975526324570332,6.624085634672032,32.22803629158752,38.62801693772957,5.509566432061397,33.79307776525141,39.72172207600898
740,-77.44861300383688,2.3330665301383164,17.714646834002952,-77.06521559044283,2.718843004806439,17.974932005091745,7.063885336024289,32.61493472684874,38.610793621707835,6.1388529361491395,34.18533487768616,39.7259835056502
741,-77.25109775388806,2.703934593774105,17.71820333940575,-76.86940572604345,3.088664759332877,17.970907734948668,7.554704650056274,32.590773466712136,38.67243534460145,6.7587093599253105,34.02913277923836,39.7765839506321
742,-77.05122917466777,3.0770096050012867,17.716252614917064,-76.67338086572474,3.459481896586692,17.966471284751258,8.179589623376978,32.448457731354445,38.715380059976575,7.573409155387255,33.796680717505325,39.79544522156035
743,-76.83973331356972,3.4568490310134314,17.70964078860173,-76.4665843406887,3.836306992582843,17.958259554724656,8.881433627219002,32.3159940876809,38.775541639858226,8.302659359763672,33.73560445007534,39.84944862330979
744,-76.62169408456205,3.831990500216568,17.69634466916547,-76.25133584149837,4.209381222775688,17.948208500001478,9.630737211669404,32.02592548810331,38.88221389984866,8.691134779193593,33.20085357492821,39.963730687920865
745,-76.39953056877722,4.215707425506961,17.686166535863144,-76.03280038636724,4.586962278865516,17.95080954920659,10.1846762946109,32.01589179288226,38.955303708713764,8.83624578315575,33.24555941939821,40.00994004128658
746,-76.18801322918,4.607162215369364,17.688921037409255,-75.82457302610106,4.970014556209572,17.964605406805184,10.735115961418948,31.576820417387253,39.111467265004585,9.0577240047981,32.87802659825748,40.16188671799767
747,-75.99425373580249,5.008399527127367,17.703543552028385,-75.63288037877382,5.361181351166054,17.986878726376066,10.946813876954158,31.035542879373654,39.25462127158079,9.26342316273487,32.69009460502677,40.27227718406059
748,-75.8122012126562,5.417100475850539,17.72814280410923,-75.4501309719972,5.764117272330769,18.01449126203661,11.254933424682578,31.032053472238886,39.36061612347491,9.67783563346713,32.81756339836245,40.36310343416948
749,-75.636151605045,5.827174303194742,17.761758015664018,-75.27506172576082,6.166141491899803,18.04786086692944,11.504234894283243,31.127662556976443,39.509931414490865,10.251839675066986,32.97478573076687,40.479547682409134
750,-75.45945405602468,6.23698968087964,17.80675832266297,-75.10008455980793,6.568064961410262,18.0858257980116,11.62541701991926,30.95879342127294,39.61988797921188,10.58791949092238,32.87685418986472,40.55345782402368
751,-75.28277248836858,6.6380848640833925,17.861564486824356,-74.92200434920764,6.967162254154364,18.126114980153467,12.057721672195923,31.333585267084544,39.652178673974305,11.165688094201062,33.06016651780449,40.575754760092856
752,-75.09865608227445,7.034627121529427,17.90432861275756,-74.73657389274132,7.361654593104941,18.15217523678962,12.758415676707092,31.332755570047127,39.710160161501854,11.785994698416046,33.14482790488916,40.584562241295885
753,-74.90297996517971,7.42535485486395,17.93520924977503,-74.54095658381071,7.752635455015274,18.168505146240996,13.240309931348657,31.445372659871282,39.678479375829966,12.103777278676196,32.980342946859196,40.57630165032645
754,-74.69673668081367,7.812820327150269,17.955851231123255,-74.33850125240576,8.140484225628137,18.179636519742754,13.784933579757453,31.690166114665924,39.64061147754224,12.458830704662898,33.14352795418145,40.54954484304544
755,-74.48899898375709,8.198439763017365,17.966355029750535,-74.13216237250329,8.529659836782836,18.18462821333224,14.349321151570098,31.869849570154763,39.61103010071336,13.025482437380113,33.44431158848878,40.54273681365867
756,-74.27976993511771,8.587005724948188,17.96634677648881,-73.9240018530756,8.919773292621882,18.18488808152633,14.68494209718334,31.919804619713933,39.558982985766505,13.407046310767605,33.534112012764744,40.547976018198824
757,-74.07555658082416,8.973133308685208,17.956563685424502,-73.72071391117076,9.305715384384012,18.18248845163428,15.235807142809415,32.06899082912575,39.51991749703779,13.873514400542463,33.52997208734743,40.55073821958277
758,-73.87746906885232,9.362617303180249,17.947976324790538,-73.52323253513154,9.693840215332541,18.19252635963333,15.63791795371811,32.253322176662614,39.4976239472913,14.36591875997209,33.81485256199444,40.54111195429774
759,-73.68741254062893,9.755569692542508,17.9523621479485,-73.33301140773965,10.084545222846845,18.212308127876177,15.774468040495812,32.64882440004053,39.47523584967872,14.543786003568616,34.27846007663765,40.52748769484268
760,-73.50405974448358,10.149330365883223,17.969786362449792,-73.14797740145984,10.47641705421217,18.24028207980321,15.979247499137506,33.45568351379358,39.46068008318447,14.60954991896218,35.001332964492875,40.51306291100213
761,-73.32275501841761,10.544810425489002,17.998783498256426,-72.96538555649231,10.871716800258977,18.27580614315638,15.623374854876666,33.7354362502882,39.463614964454,13.970428709142912,35.14391617644997,40.501743286931
762,-73.14129365598389,10.939264359133734,18.038997533760288,-72.78225172379052,11.268645243904995,18.31595854000029,15.237766665825154,33.77706384646564,39.46190760184268,13.689428732052747,35.112491518830744,40.50178052990448
763,-72.95713947948313,11.332908816749955,18.089993858862343,-72.59731540838868,11.66589319439542,18.35976902349832,14.909653587257196,33.886835987153006,39.48144660969039,13.476074767143546,35.02639506772946,40.54042660996886
764,-72.76361544311528,11.72454166599072,18.15085240974203,-72.40446163949589,12.059757372579949,18.406683529222878,14.568967374422966,33.97288834548112,39.52755507669959,13.446679822089335,34.848427810021285,40.606344548531986
765,-72.55100017498151,12.11175675003125,18.21195068404016,-72.19237806625485,12.448150748495603,18.45693564341147,14.058696111923448,33.868914408218416,39.57492469707116,13.305099366091246,34.699785446417614,40.650503862810545
766,-72.33314276390564,12.49777973630709,18.26463210204149,-71.97468761659874,12.833955573702738,18.498579760186253,13.678210025010863,33.65333762057364,39.62843251648018,13.173064064491385,34.658204918994855,40.691376586385346
767,-72.12557193696475,12.891221473799536,18.307574207147287,-71.76615509919667,13.225955895480753,18.530990434922355,12.889261960776532,32.999357321860124,39.6828867371048,12.435746026738887,34.372768155332245,40.72551785589747
768,-71.91596573827833,13.291288016275143,18.342753992685296,-71.55473924343914,13.624590136478702,18.55835216280127,12.553358277058573,32.76368756079334,39.74366763179572,11.766907398022358,34.33715299218789,40.76141007706063
769,-71.70770810018513,13.696235417946761,18.37193458577119,-71.34592293505123,14.028819811538009,18.583634869328787,12.274993407986983,32.61043726685354,39.81080920929254,11.53535300650052,34.26565269289199,40.803811463989135
770,-71.4975137485513,14.099166331152691,18.397098273437866,-71.1380843108644,14.43053171648663,18.610040437613875,12.055889127894629,32.45816114642458,39.862324312483175,11.441960285691136,34.14544487006912,40.85387544359336
771,-71.28432184750838,14.495770863658045,18.420028729559426,-70.92852935562533,14.8232002042003,18.640020057258187,11.832519634195972,32.28764438345914,39.89847347348347,11.502122470517932,33.90475141155029,40.90845871525583
772,-71.06918511285384,14.89128399453277,18.440288480440426,-70.71783462605977,15.214900636069604,18.67232198740817,11.630538759466312,32.10020439722305,39.94980830691292,11.469444042333695,33.67768040320368,40.96479893464305
773,-70.85383255788912,15.290044037949057,18.466602891463978,-70.5051013608979,15.611629185601798,18.70793372915292,11.31102966106692,31.91413439779291,40.00370059080328,11.26049535224231,33.57259386977551,41.01776853655396
774,-70.64165500954259,15.68661437232789,18.503853045358593,-70.29458124029972,16.005756983684453,18.75016578525954,11.729297039735172,32.114515511290506,40.06176531473713,11.487247232044977,33.7863446716789,41.06843068695094
775,-70.4365862084726,16.086459861561753,18.551555069595764,-70.08778768388309,16.403402843415922,18.799256566985097,12.114872822134348,32.12364638008373,40.12426750818728,11.547899724283033,33.88158405048843,41.11840497579577
776,-70.2397686352562,16.484076665912745,18.60489517472494,-69.88758606215436,16.803883974239398,18.850869353638522,12.196598723187766,32.26985904216854,40.19828060990263,11.473148162710144,34.104162370585115,41.191211702399656
777,-70.04654542178132,16.884011810299185,18.661321206341977,-69.69115995092223,17.2068531295949,18.902269770239556,12.07777974752558,32.604057236050906,40.221612532506306,11.225919793538315,34.482150101987685,41.196740180861084
778,-69.85239282027977,17.28686090236681,18.72208277109559,-69.495206398727,17.607284611608378,18.95717340183582,11.641634930474428,32.99302434232794,40.20635431728081,10.725215329979795,34.720930724425884,41.16283992425979
779,-69.65087954610217,17.68686325941859,18.786565824827733,-69.29434292206967,18.006169382105274,19.015310697570815,11.171825933091398,33.77943212720388,40.14884784530159,10.195836228336077,35.42960643907087,41.08732827853998
780,-69.44239810421286,18.08290152244698,18.848657165194304,-69.08727131073168,18.406022299539508,19.069860448178662,11.290456039439679,34.84203660077506,40.065383709633316,10.404208593106606,36.45086259883104,40.99649155928996
781,-69.22861443455493,18.479085295051917,18.905097346891385,-68.8756226382409,18.8040305806248,19.119554472907613,11.342475117526533,35.68274247507451,39.958406633133166,10.860025905432124,37.257682021744856,40.90086308663428
782,-69.01194572465216,18.88042802681286,18.956834998675124,-68.66006428644995,19.206777866969265,19.16648986478111,11.318292064012983,36.48641905198251,39.82012285704979,10.995740309365104,37.77054369410901,40.78977568268155
783,-68.7955456619592,19.28396789124639,19.00539055768034,-68.44312124760307,19.612018037876688,19.212316246547523,11.36919494079309,37.32964600292916,39.6629065638907,11.09389639671822,38.3880516449673,40.70667654922304
784,-68.58178048496173,19.69098285442493,19.051008195481913,-68.2287571978229,20.019636215453875,19.256250005400716,11.454250636527668,38.03859735124031,39.53989708702635,11.046855848265238,38.90360609591101,40.63680817654634
785,-68.37131975802076,20.104560872083745,19.091847975449234,-68.01873899764162,20.429574966145097,19.298215134433857,11.165326708327912,38.41237855236321,39.44635589589699,10.183707713091605,38.78974026125941,40.58510124405312
786,-68.16407180985063,20.519890740389897,19.127556333222145,-67.81124426450238,20.84027708918745,19.33817573493998,11.336395304900494,38.53637082584112,39.41930897056477,10.018332789401503,38.86470764907642,40.5886794386652
787,-67.95365465473314,20.937631915136357,19.162839504005593,-67.59951722834253,21.25490362617823,19.377358073060766,11.005573640141755,38.52828529098995,39.38467560043921,9.80630070780148,39.18648075930411,40.54748070456395
788,-67.73547486654331,21.352440088484,19.197268274636663,-67.38134625319628,21.66500862506551,19.41496971830764,10.317347296216877,38.81413861966619,39.3769640008707,9.417117573389705,39.847255098616095,40.53019860914377
789,-67.51390752111293,21.766522029558104,19.232190621564172,-67.15986186666166,22.07674893514538,19.45234749000526,9.535428401053554,39.07039339139699,39.42622879230227,8.74247028849949,40.19849231321678,40.56254390441184
790,-67.29691833011212,22.180618885644105,19.2684854284397,-66.94249306327042,22.489600524129834,19.490694873981855,8.732233953141693,39.33392904109643,39.48872567418555,8.160472503967023,40.70302687682768,40.61199161715947
791,-67.07979277829658,22.59365478362391,19.30473481293428,-66.72608147919988,22.902363338293366,19.528666519913656,7.927999741070781,39.81962676164135,39.53031987490963,7.569440791135199,41.43967646103047,40.61865483369715
792,-66.85944808475989,23.009042002150395,19.343003155298923,-66.50839289373089,23.316373064767763,19.568891225419023,7.531297376969566,40.69158944454834,39.548771708936435,6.852984703808144,42.036726458207745,40.5970145060314
793,-66.64058804597907,23.424513521052237,19.383305140511588,-66.29400498906763,23.731017703411688,19.61098119061503,6.778088996549899,41.69682472864976,39.51216954033445,6.301371078903004,42.875977848887715,40.54613662102227
794,-66.4247095785502,23.839064170201617,19.425606331425602,-66.08078294819472,24.146636594483834,19.65463465103749,6.100650737404141,42.44141282268654,39.49408619486256,5.887935797692188,43.442761458917275,40.48665071937319
795,-66.20590086866427,24.259599776745592,19.47022327181473,-65.8629463887562,24.56712034523238,19.699873618976167,5.721678991001468,42.6904022701218,39.4558238948522,5.74918456432592,43.59872565210075,40.42772844751323
796,-65.9882392624584,24.678051375991494,19.5166776236576,-65.64545983643465,24.986765228417582,19.74592523775826,5.595535773980389,42.681018025548425,39.37965003893588,5.627350851281695,43.178627030913276,40.374933450214705
797,-65.76980380087815,25.09467396605113,19.5656782128941,-65.42759754281094,25.401885208000195,19.793414115644957,5.534348450682947,42.50007785380706,39.28378171831489,5.580258133866157,42.830751502036094,40.32837636459012
798,-65.55388644516945,25.512955106964476,19.616571501918962,-65.21276557049318,25.81844471967301,19.841642231737094,5.780721128653298,42.19279502112029,39.18701096475225,5.847971829022361,42.70903117254821,40.25829642988166
799,-65.34100054180035,25.92907236264366,19.667198702891387,-64.99951006462815,26.23163965309191,19.890007106091463,6.282540761556585,41.73592828445005,39.111219966615,6.177765933470015,42.41062924664744,40.20433850567365
800,-65.12783954142628,26.341071079928682,19.71838743776111,-64.78765151562534,26.64142330959779,19.93951601408642,6.77954232104558,41.206836924813345,39.05186534424289,6.455745064270514,42.43675207209219,40.150162156396235
801,-64.91095153712958,26.75122632786486,19.77012897106071,-64.57223510003651,27.049027632706316,19.989942841003803,7.3366707974317045,40.5421433345729,39.0087472835349,6.792311647578925,42.16676868303604,40.110393577422236
802,-64.69550848300351,27.155482090963552,19.820602323108943,-64.35507234856536,27.453447015347994,20.039074620386213,7.772587181251843,40.405933295610716,38.94189641365007,7.086338353599385,42.389127366323116,40.03426819134271
803,-64.4789560641089,27.556102703061296,19.869952375194114,-64.13624761236349,27.857213318343323,20.08722468740289,8.05374778768243,41.04885025212695,38.845220712167965,7.089861015829103,43.11238291705544,39.92414672148071
804,-64.26230430504552,27.957087317819674,19.918614973201603,-63.91720773120987,28.259938858500572,20.13513311565205,8.351673411988482,41.82023022238545,38.74185697382293,7.1682243525272735,43.85881477464234,39.82183611242778
805,-64.04843065329632,28.35743958952485,19.966809875223472,-63.70206200088799,28.6642369839184,20.182800510894808,8.79913548230981,42.11880707392221,38.66322849364698,7.749092080500095,43.94794778807484,39.74305738158286
806,-63.8406615064326,28.760653768933068,20.014438043371573,-63.494425000620716,29.07099113303182,20.23001751229292,9.25233706290278,42.427568814879415,38.62139403972734,8.347123859435849,43.83337838101549,39.732235245883246
807,-63.63607644638259,29.162503121928943,20.061847855675186,-63.29267189369188,29.473494371302188,20.277788531438706,9.700519183886346,42.59908754625883,38.577787332800376,8.82915601891357,43.81267498546009,39.7105590102195
808,-63.43574331588349,29.562118730415616,20.109242553415108,-63.095657405044875,29.872426035730566,20.326618339099063,10.19586424716175,42.94200903437457,38.54397031147365,9.405069324511707,43.751891132728076,39.71087144075382
809,-63.23613616939455,29.95947973392077,20.156174964033756,-62.8985015005465,30.270390773437054,20.374410242009102,10.732796187767596,43.05790531951683,38.57430339344623,9.932098624345091,43.824544760067084,39.75652398187386
810,-63.03705978543638,30.355301274250916,20.20425571950442,-62.7009849519136,30.66795442154332,20.42303307063668,11.401050187647895,42.7210439026824,38.65524153111268,10.286875031705975,43.79107752048191,39.81489338925667
811,-62.837115495025216,30.744637183212124,20.25625391539055,-62.500470139784596,31.059808050078775,20.476546811335677,11.885002623780162,42.168274313054646,38.761704187129304,10.39553439849942,43.638656151153434,39.881179452480275
812,-62.63710838495014,31.13321235039343,20.311659017591275,-62.29802923478034,31.452886629769036,20.533275911176208,12.017959052841306,41.97086866193286,38.884929210865934,10.51809117282909,43.506452860503394,39.96125590507265
813,-62.439537918859386,31.52105357901503,20.371238589963884,-62.09666838323433,31.84685925614366,20.592913867784578,12.093121954561628,41.85540458489394,38.984665962916424,10.66773420796458,43.32010666690881,40.04802233979574
814,-62.24566402980709,31.909983483921337,20.434796828470404,-61.898385716197225,32.237412708208616,20.6555082014919,11.986868190901065,41.84988267985378,39.11057884385867,10.53589730556886,43.39149556321827,40.14139660988743
815,-62.0588241216503,32.30833141694154,20.500444676899146,-61.70867980813592,32.636199381845344,20.719986741934406,11.68615046777437,41.90385716267306,39.249041111474064,10.34872194311843,43.488843358471435,40.24925328652445
816,-61.87123802376659,32.710396486119635,20.564170296560004,-61.51740518462735,33.04048159136268,20.779180320347958,11.227587316473432,41.87709449813396,39.36181693913683,10.04197616393185,43.57796843147868,40.344627029400094
817,-61.67236912968704,33.11343749591845,20.626373132113148,-61.31620275812514,33.44605107597239,20.83459160919374,10.967808586587068,41.92848936232062,39.47658535922284,10.00701553455986,43.66428256713073,40.44468905882222
818,-61.46857228541529,33.52073127807849,20.68361888034788,-61.11144460948946,33.85465824671007,20.886640763652096,10.499267250248922,42.127340471755495,39.556945921865925,9.514658025530135,43.81408246921092,40.49624592245826
819,-61.2615135997485,33.93203500773963,20.736426116222702,-60.90468127890736,34.268483831582905,20.936372089714506,10.144400585586085,42.389504330185794,39.63209764130828,9.318091300633887,44.01302821221368,40.558338888648656
820,-61.05541941232763,34.350577092730255,20.784923368196623,-60.70016679008564,34.68791032565286,20.983712797401555,9.828610791284865,42.56905984319151,39.686316699340715,9.269704740769033,43.98000715579903,40.60363418158759
821,-60.850599204424555,34.77673208678168,20.828652118782077,-60.496499136070376,35.11080071101528,21.029250231692526,9.74902138560549,42.842359868400436,39.70528997296923,9.305197507375977,44.30169020862579,40.61494040258138
822,-60.6397754694725,35.21080365396021,20.868733215921264,-60.28931602118315,35.538794091800646,21.07430790258666,9.798896593683619,42.91307374330465,39.69463524241877,9.436154502333844,44.317107229410404,40.6141987196719
823,-60.426986989628475,35.643564221340014,20.907849507898845,-60.08006328214995,35.96597916316459,21.1177194723482,10.131898984669236,42.89057621413606,39.677028101353024,9.779318316403451,44.2135329691059,40.61177972131233
824,-60.21503788418438,36.07167648373522,20.946558179868287,-59.871922199263786,36.38727227611649,21.160097485865183,10.227197209715914,42.82857250445996,39.633966921012146,9.929507172384534,44.086477495740304,40.598319148966695
825,-60.002981273146936,36.49613132491772,20.98613240982804,-59.664582485614204,36.80546488270683,21.20204976813628,10.62700953148829,42.700818916547014,39.61450649641363,10.012474225711022,43.98153140383086,40.589328494863175
826,-59.79137901756069,36.91790591682205,21.02671732775619,-59.456723216905004,37.22211778932609,21.244363089088257,10.830945108014078,42.490336331550864,39.57214018765241,10.005934282918204,43.86008632045991,40.57226939047
827,-59.57811141653449,37.335327756279845,21.067833673410753,-59.24474512723019,37.635870449030975,21.28674128242907,10.959860643177846,42.50922202290928,39.52833939488705,9.998576182095256,43.89135779654011,40.55272917686503
828,-59.36743454907291,37.74838484800045,21.107919980104246,-59.0329551995772,38.04712476234834,21.327994666451445,10.923418762867044,42.20021602675534,39.496433558688665,9.853727283666773,43.802731373602974,40.530280213291306
829,-59.16040801084823,38.161758290737524,21.146147499836445,-58.8214826838337,38.45978953362077,21.367213993876714,10.960668354796512,42.07233716582416,39.46965340324511,9.929140551950802,43.73879721489512,40.50905739296169
830,-58.96085264283337,38.56736509283631,21.181644418370052,-58.614429001262,38.86534163251048,21.402297053935442,10.803896883356131,41.992599757741104,39.44923336824305,9.950875055320958,43.634074065040764,40.498623418686556
831,-58.76277535098818,38.97706583532577,21.214251469134293,-58.41097569225064,39.273758936562025,21.43409070262145,10.727051925714411,41.885841709726,39.428238219310835,9.958100037967306,43.47383811253553,40.478245630790255
832,-58.569017758007796,39.386576238310234,21.24194945308926,-58.21660160731518,39.68463836236538,21.461308562025312,10.69103930380038,41.780569037730295,39.40461937848106,9.984355536641571,43.34572135937795,40.45968983125496
833,-58.36652117298916,39.78923254184104,21.26627474467661,-58.01293732448166,40.08912460141258,21.486264313475992,10.796911430427382,41.81389018782159,39.36218902639549,10.13294985408045,43.39843068553361,40.40886392288093
834,-58.161278947879055,40.185500212192714,21.288463869367593,-57.80760298210122,40.487393031493504,21.51062847748533,10.816400035350393,41.76770404746149,39.32397599962845,10.125816660299,43.45782702494235,40.368314517101865
835,-57.952540508980015,40.57970050625205,21.307566487908904,-57.59993931971995,40.885573987147644,21.53356102219252,11.043251460456748,41.884360966380896,39.28254885074211,10.275155493156532,43.615269055862555,40.32417880606344
836,-57.74694262588648,40.97304604272896,21.327711863960594,-57.395652017224855,41.28326566834234,21.560480397431533,11.1496029698172,41.97849568965219,39.25017254289092,10.416272394505185,43.72239839027435,40.299056220262344
837,-57.54574903462675,41.36677950831587,21.350905288633594,-57.19428839070629,41.67870457588849,21.589767810309823,11.327369374235598,42.12970452086718,39.23019463191844,10.591825985694944,43.83186726130339,40.303139681922
838,-57.3450472953082,41.759225671268716,21.378907560411754,-56.99473352095933,42.07193384679988,21.622184762636998,11.385248069163508,42.43383078790918,39.2059582527954,10.553526259092173,44.057762789655925,40.28833682016917
839,-57.137380568077475,42.15146422628886,21.412895570737035,-56.79217012641388,42.470820977098704,21.65899915586224,11.21967153890551,42.643667473126044,39.207510291047534,10.228765012746317,44.10491691204981,40.30957735723546
840,-56.936032672388464,42.54271202028553,21.451196713431017,-56.59197329607007,42.866787088052604,21.698413328066483,11.180997183481924,42.69962560693212,39.24672215482225,10.273689359928705,44.08384448743793,40.343400826321094
841,-56.73469132154614,42.934012463661475,21.493339903006444,-56.392526416493574,43.259317034299926,21.73891250194591,11.296493370096199,42.715857713815325,39.332151101479546,10.398546752088443,44.02875535809901,40.43551301394343
842,-56.535186233521905,43.32426991726168,21.540202534858548,-56.19267750073688,43.652636310085455,21.781009680326736,11.030617193298335,42.48222650298842,39.450361479914015,10.119901893226594,43.744173906883944,40.54286879217756
843,-56.3346194665416,43.716515257620344,21.587595568192967,-55.990601247289206,44.04748810683861,21.824911478529508,10.848370455250675,42.28155367572015,39.58496666569363,10.036776741851344,43.54241865950241,40.66263423515148
844,-56.134753607864226,44.11370578704903,21.636458427812663,-55.78796517820905,44.44495997075618,21.870399358123166,10.61458545733961,42.043669855017626,39.71261851163137,9.962184119981615,43.351949489457866,40.773077892890875
845,-55.93756535908667,44.50673031409211,21.68665772481549,-55.58925514720367,44.833773252637094,21.916864098248116,10.493990716751034,41.65682874614476,39.85443314169018,9.883337822345036,43.13195113862136,40.86372644768933
846,-55.741276200650105,44.892934237379954,21.736824531025423,-55.38901741419468,45.217124349545045,21.964020752148603,10.604725386654005,41.35062793172643,39.96691897662206,9.848827763662994,42.93895615797503,40.9272260328162
847,-55.54303880169603,45.279697564155256,21.78149596538163,-55.18735001127652,45.603135957922056,22.00491689617459,10.460252836943168,41.10756676768018,40.07028856718167,9.764518124038197,42.81220101436557,40.98245672230462
848,-55.34050034672377,45.667941129803786,21.8214558166979,-54.98331673813293,45.98969357411571,22.04055138456672,10.138628386543346,40.89578685369674,40.13007361487417,9.539062010405456,42.718284979417675,41.030150505799995
849,-55.13614299851001,46.04974394601869,21.856084481978336,-54.77939133243719,46.37335665180546,22.071661928320946,9.862592851818508,41.07567703045263,40.1583368967681,9.046882866940784,42.94531770642118,41.05825454300593
850,-54.92873390332821,46.433335963607114,21.885389855241048,-54.57310993557952,46.762019637986526,22.099039882036088,9.506012014276664,41.155634783548706,40.14279918235168,8.681515275998363,43.013399002839606,41.05316527632264
851,-54.72153993026479,46.817028484304,21.90992741013061,-54.36667191222654,47.154186611433815,22.12408634332263,9.125996395698149,41.24371591041123,40.11605640006287,8.347239956193743,43.05173088155752,41.04792880022045
852,-54.512598277292234,47.20840544958816,21.930381313690408,-54.16137363924451,47.55066240712274,22.148002268273867,8.7080059221573,41.3852087801998,40.063494491359705,8.007770413124524,43.08914185274711,41.01138608052407
853,-54.30762947909772,47.60703428469155,21.945448409833237,-53.96042852786385,47.9498195316895,22.169866650056846,8.33010750001254,41.52972382939827,40.008403549298514,7.820904839621008,43.10800536477281,40.96978217329457
854,-54.10534457234881,48.01070502169817,21.959276514977486,-53.759688760414896,48.35409766196458,22.189729837084293,8.195665701152965,41.718522138274814,39.97305759532533,7.954980347203755,43.213523147603205,40.967088626229085
855,-53.90229061790579,48.41755604093668,21.97405320675425,-53.55718288181599,48.758513631872155,22.209476571924785,8.166582946236089,41.88991696918188,39.90356454031323,8.051118908151016,43.28039847456428,40.920350502244816
856,-53.69499356865335,48.82515020337899,21.996237296981466,-53.350184248554555,49.162854330222416,22.238234008607467,8.46860219163464,41.769439114664145,39.866464346998335,8.278739474674113,43.229952597132836,40.91682685457558
857,-53.485737281232474,49.2344600975413,22.02582502538613,-53.141259090566976,49.56680295324368,22.274132216303723,8.528916246899541,41.76853152491105,39.84184610155746,8.152618135385666,43.242136100944805,40.9043341844605
858,-53.280462733112074,49.64447018687981,22.061908252260277,-52.934652201957554,49.97267437792873,22.314510188095777,8.565332725693226,41.64994052260472,39.85017748368756,7.974824447166707,43.071697453560795,40.93899715337416
859,-53.076306686022036,50.05533580407062,22.103561360161134,-52.72799592899882,50.37960759954543,22.356976881665293,8.54829895064466,41.56757535685948,39.89651411599261,7.685853569078151,42.99257216450137,40.98823505895739
860,-52.87133679714388,50.466780451743695,22.148753820091066,-52.521962454508895,50.786627463770145,22.398588802035395,8.438314691063846,41.55314133653043,39.93092822297877,7.408722945526387,43.01263082939148,40.99896052330912
861,-52.668038463661546,50.87433402648605,22.199835039004522,-52.31841068184374,51.18985879103741,22.44362718613715,8.082956434811539,41.35622705980016,39.94989888649097,7.128573697338459,42.861895687203294,41.01694965795309
862,-52.462682848582546,51.281707354783315,22.2544823571307,-52.112394358357186,51.59516256279855,22.489150003336064,7.838668284506785,41.15870518554326,39.987675098700535,7.046994270961801,42.72360152540626,41.01289272673044
863,-52.25720622446695,51.691721084388426,22.301098693949466,-51.905713035013655,52.00743250020353,22.52789928583746,7.610638158750283,40.92624731017576,39.99122238588494,7.153756787128152,42.46581243662068,40.99364195970553
864,-52.050852399371145,52.10839402740081,22.341487391376006,-51.69861672766937,52.425464520398634,22.56303715065515,7.634324489620775,40.690457899201334,39.9842887164618,7.2822439902695475,42.303129625223974,40.9553613796678
865,-51.847475405569114,52.51879062035936,22.377234097664978,-51.497248424574444,52.835475607314166,22.59596193273409,7.655265577985814,40.74161071054271,39.96194858653309,7.309884457440279,42.391134033141554,40.947541006964265
866,-51.647742318605566,52.926288404901086,22.407836606670173,-51.30045275495652,53.241965032120255,22.624943951457798,7.520822923998462,40.80698734796183,39.92498352153124,6.965273693980722,42.53502998277158,40.94414202498356
867,-51.44787949644743,53.33300854614752,22.43372853634558,-51.10360797279683,53.64790761854899,22.649635769614832,7.588931474952773,40.82288824617646,39.901234656927514,6.925183727725026,42.66509993771789,40.93226371750955
868,-51.24433909675151,53.73980001584283,22.452259270503074,-50.90582740938036,54.050596686432826,22.671239134627392,7.592356016932039,40.761355863159594,39.921329946250914,6.7478506795128474,42.495907428082695,40.99276224351046
869,-51.03686704924432,54.140215095648934,22.47047703658464,-50.70138588972276,54.44884081161583,22.697725006087698,7.361650180145616,40.63489490810541,39.9743504490047,6.418410921385007,42.2527387620904,41.06815747726465
870,-50.83029226963858,54.53244060012438,22.493743779849357,-50.4943338256918,54.845134435203235,22.7283539997928,6.885859605990624,40.85088182056838,40.03585187442242,5.978878927549514,42.38387077166701,41.12632979490677
871,-50.626305418817225,54.92405456396257,22.522818971462158,-50.28558435609365,55.24305745768731,22.76367648413464,6.352966903737033,40.99755079111763,40.10580908801906,5.588630645985421,42.43315404584368,41.1630595365335
872,-50.42428280693062,55.31817029867534,22.5569253605333,-50.07941200632346,55.639135168665945,22.8020218832083,6.026913415400665,41.07523255988948,40.1425224027518,5.501275578572863,42.59676764830684,41.16717161520539
873,-50.22298211994472,55.713423294990996,22.59568118193377,-49.87648502675838,56.034358549664226,22.842123561045593,5.853421664447166,41.132460459445234,40.21188567155896,5.282206456768478,42.790199542101156,41.21587289754878
874,-50.02113672564068,56.109744747181104,22.63831489159031,-49.67213271305696,56.431519381191215,22.882764102878177,5.229268710318045,41.059414054095164,40.30002357732251,4.711092514978551,42.76581378402637,41.271610352692655
875,-49.819650281584245,56.502471733229314,22.683605443039006,-49.469580992237276,56.82335641510107,22.921514991897954,4.944627225829693,41.13077779063371,40.38004744008234,4.573903434544571,42.67985003574661,41.374511638346235
876,-49.616973427320865,56.89426508926079,22.72851610218867,-49.264843538817125,57.212955157263956,22.961580910111792,5.083045725597669,41.383762662061756,40.4185334935508,4.869199559179364,42.757608332362956,41.42542366362531
877,-49.408334013023406,57.28520467109131,22.771463899513435,-49.053188410814464,57.60372569987636,23.001172137709048,5.486730074593283,41.37975102616267,40.43812418816063,5.305763119245809,42.783971427148046,41.44026763315196
878,-49.194653454446225,57.67512670693398,22.80809618987447,-48.833396611227194,57.99529764049753,23.034117888263822,5.936539148350418,41.422082020621495,40.479446843648944,5.6794372229183905,42.81269878920899,41.47394511240636
879,-48.9837995720456,58.062073913926476,22.8428496649217,-48.61972605105911,58.38172671218903,23.066213041902287,6.224590628295475,41.45498943036581,40.54814586413654,5.977205725378151,42.94433606815658,41.51292723325693
880,-48.77590858472523,58.452925603648744,22.872973116435155,-48.41369759077929,58.77316373934782,23.094789770657012,6.509135908320667,41.33249340772674,40.60886885083648,6.058833543497215,42.88913430507656,41.57830340577471
881,-48.574523344952084,58.844373345318864,22.89850986125398,-48.21510070272229,59.16741134599309,23.12164572827577,7.005813573088994,41.37718139705287,40.65131173443066,6.028848066510291,42.87946931789928,41.62277126350703
882,-48.3775409698389,59.23732698348071,22.919750261220265,-48.02413754018592,59.560603057259904,23.143770812109434,7.265027062459825,41.43785537856478,40.66172801674408,5.998110951027259,42.83681997528526,41.67260470734177
883,-48.179945852754294,59.63036867177808,22.937037526103516,-47.83378373997083,59.953528662883436,23.163426119128776,7.3490688384309815,41.36938240287061,40.7123098795886,6.124652496359138,42.78745956184678,41.734292008680136
884,-47.980605195017475,60.020177603241386,22.956487079416362,-47.63947614412968,60.34627955159067,23.189724572876585,7.348193562440714,41.27879885603873,40.78701728400677,6.31036430882822,42.690535370017784,41.79123567571635
885,-47.78241290283385,60.4055737613631,22.982072927818127,-47.43942711186114,60.73588182452199,23.22146039410831,7.342128462873216,41.18643766705592,40.857675284001765,6.47522140680881,42.61392286999821,41.854110296322666
886,-47.57811520984283,60.79142803687532,23.012400565787363,-47.23274903537174,61.122942419942824,23.258268011444805,7.391660698109351,41.005123599075944,40.924500407899764,6.688532648943914,42.53022024210395,41.91008706267326
887,-47.36820590249724,61.17456741566068,23.05073514341513,-47.02048389232971,61.5077362371305,23.30017844379818,7.763477112891883,40.842371473700304,40.99793228524871,7.15017734013872,42.33211011969586,41.99894231150877
888,-47.15945447724025,61.56268808099417,23.093518642575177,-46.8087129541302,61.8976887819642,23.34453524769264,8.500790029562879,40.742167579063704,41.10247709454509,7.937631456469254,42.301772488547414,42.105725616507456
889,-46.95234484064152,61.95255358658013,23.143668829802646,-46.59908294756441,62.286450405107274,23.39194392278059,9.376999743158905,40.69738450232194,41.23302037168085,8.750260965229684,42.31859522555584,42.24388313111859
890,-46.74434646192599,62.32306083151312,23.202813841197177,-46.39109024178018,62.64802523816618,23.443550682775864,10.231449602529384,40.6781813619343,41.39004949044781,9.522715471638595,42.349563763662545,42.414025276372456
891,-46.51866838399965,62.647077520757705,23.264499202391303,-46.17028145920468,62.95583458978734,23.498562286397018,11.04523722369421,40.64204103178877,41.583442262967054,10.166424144703754,42.33331791506504,42.60527185303144
892,-46.26221046203334,62.90359978080775,23.32305643398448,-45.92221932144781,63.1966474067388,23.550435638490207,11.855395945490278,40.48959677697953,41.762910953256345,10.705141920671386,42.259758447355416,42.76137033601906
893,-45.98571488871427,63.07216266587294,23.37621795711642,-45.654372294783336,63.35607426655228,23.597389688434497,12.590512000055604,40.2161778215633,41.93105187338173,11.145634079161596,42.12359108710466,42.885263046328646
894,-45.715460150808006,63.15086452175632,23.426297695359363,-45.38672000108728,63.43208494098476,23.64281184944814,13.164324158845561,39.98804942513807,42.07967863239335,11.489272100086188,41.93886460367774,42.9887699485575
895,-45.48387458251789,63.152420704742106,23.473103740079008,-45.14268214112969,63.4369912652624,23.686236256804197,13.438312037500758,39.82371915076497,42.212740454161754,11.744724885441205,41.72728720110909,43.07712063400402
896,-45.307701780880286,63.103120288534065,23.51519538400182,-44.93704948582394,63.387237260044486,23.7270266871162,13.607110893525629,39.705146695227796,42.307366372399585,11.921399306666334,41.505541796218566,43.147902464827965
897,-45.18485806229514,63.02293344369767,23.551978175992854,-44.778842645751915,63.297036573102204,23.764686381286996,13.71285472278207,39.624876665277476,42.36248316999634,12.028857322951808,41.28553450273581,43.208406945591925
898,-45.10822733878167,62.92364440796238,23.578559486227316,-44.669661857366954,63.179829989457026,23.79244463790042,13.78796496125952,39.52958494483716,42.377761952058684,12.077284437912358,41.07436284661939,43.25335318958731
899,-45.076402574185195,62.815956874900344,23.598713536027898,-44.60714502639913,63.04778633989073,23.813312561079773,13.817897288640962,39.42548036327458,42.38695404427134,12.074818790096481,40.88110323770001,43.28786509254215
900,-45.08747715766487,62.71208630509282,23.613828295612812,-44.58998789033986,62.912940309856545,23.829455392413475,13.805226386436512,39.32962517205765,42.39086545127258,12.029298409157775,40.716588187415056,43.31507307025366
901,-45.1332167845635,62.625189219650736,23.623135120890563,-44.61325901241331,62.7912366575635,23.841484418853653,13.758779483581542,39.252504193110404,42.39062654158136,11.952272369313546,40.58888264897251,43.33560523411486
902,-45.066465562103815,62.68891111164003,23.626667386711848,-44.56428464600333,62.888774263746335,23.84998168062718,13.823531060224349,39.30613731174344,42.38690434688973,12.043842766760093,40.6810392455388,43.35019958141691
903,-45.14167144448364,62.64696819157391,23.624195633085513,-44.62575446639514,62.81595802303211,23.85555239127283,13.752963716153166,39.272638488200236,42.38117059270691,11.949520562014,40.61878243039377,43.35852201325885
904,-45.212606431450695,62.61518575239335,23.617091262207353,-44.68696992037472,62.757107858044726,23.85877073106057,13.68743247049231,39.24830092988821,42.3708429066943,11.863408536143256,40.57210955472443,43.363434163785506
905,-45.27127308589387,62.56772520872253,23.610931389177807,-44.738804228313796,62.68173087620475,23.859780292505203,13.633262333026265,39.209834449696906,42.35993275965732,11.790255885002468,40.50866886976023,43.3635869374822
906,-45.31225610347918,62.49247842309276,23.602957275290493,-44.77577134326048,62.57576756294106,23.856590856154526,13.596413774193934,39.144161935354624,42.34717911405574,11.73662730114378,40.41287473508293,43.35929000138607
907,-45.33349945967567,62.39096417429554,23.592360204779396,-44.79674397958803,62.44469672713642,23.849560762954436,13.575837139132577,39.05175408753249,42.33200580412046,11.70112937232707,40.29201846152783,43.351077443544725
908,-45.34193652046671,62.25889419232841,23.579640085020955,-44.81133272894044,62.28707226917014,23.83989349096526,13.649160525042616,38.786412211936636,42.31356756308754,11.790399836600958,39.947126217890066,43.33841284431101
909,-45.36569259141596,62.0908105526437,23.565254351012577,-44.84892435541039,62.105849581452205,23.828257280790755,13.541375700937623,38.61681055516116,42.294992917962674,11.608382023932784,39.80449157147568,43.32597899995921
910,-45.43418209871735,61.895372599638314,23.549739688190005,-44.93062006914764,61.91700274181253,23.815794838725687,13.67159791242423,38.566019090591304,42.27672172011767,11.813682570546643,39.84944122534743,43.312935071608685
911,-45.562703750315926,61.684823130088674,23.537448409042163,-45.06097902924999,61.72870744169646,23.808832035656245,13.848964658250578,38.49523922427299,42.297056945345446,12.060706274349739,39.852350328001336,43.35461342409028
912,-45.74386170026283,61.47168182734997,23.531533736421498,-45.23315300041822,61.537607331175565,23.809590109707987,14.122522705818024,38.35051908513981,42.32630747138005,12.393400573708655,39.73525024794471,43.396415734961074
913,-45.94691256978855,61.24843584382157,23.53458490077554,-45.420692302268336,61.33203027972417,23.8180871937547,14.289328204984953,38.11890780538353,42.35412922478946,12.492441777482542,39.49012725095708,43.425086478225076
914,-46.13599372502156,60.9890489236629,23.543755012586825,-45.590510664329464,61.09329930176165,23.83010132285366,14.479697352642175,37.940741965475745,42.395613199881,12.569989860837463,39.32165531734648,43.46436266690995
915,-46.288900347854614,60.683620524289566,23.553089935236496,-45.728603208301315,60.810877037741555,23.839433649651784,14.678980841690601,37.937867801880856,42.444373552617755,12.617885874212096,39.12791727485906,43.498983728888035
916,-46.40792246086213,60.34821214730211,23.563318326546497,-45.84203707888625,60.50134556453212,23.846599631333785,15.06969370612337,37.8788728857428,42.489533569024886,12.762474137944714,39.05794880754847,43.51758992055665
917,-46.51497102585795,59.9983725375346,23.579686014293266,-45.94802751618524,60.182125134657895,23.85654999303951,15.223615043850948,37.77278395308802,42.54779151309448,12.91421778070657,39.04713432480989,43.54823050299582
918,-46.63115912554282,59.643219529801854,23.599380948256062,-46.06332624762784,59.8573017141999,23.87025016321643,15.416639287334931,37.62025129020178,42.58367603092285,13.168415332257183,38.99539503990906,43.59287578213265
919,-46.771381600491395,59.294280437879394,23.613316283784194,-46.20230517777389,59.53255576016671,23.87784857292797,15.59562244807484,37.4995428118799,42.623276676446366,13.520686445623166,38.956565886825445,43.64272680362589
920,-46.94460043202545,58.95401478862739,23.618828352782643,-46.36974362874766,59.20988209766884,23.87731454151915,15.800430446591935,37.544380708454725,42.672245555503444,13.727965490639015,38.973938588922664,43.68913536232747
921,-47.15116076808109,58.62354346455419,23.618496428410825,-46.56387524397182,58.892288370749355,23.872151942285676,15.950931278207136,37.47867929408367,42.75391552275538,13.792676508815651,38.86050927036445,43.78887900426696
922,-47.375184243203215,58.30164504534396,23.616972381295184,-46.77450414357169,58.57570910979357,23.86840321880142,15.97984859169511,37.79803122118631,42.882968042154204,13.633292671043863,39.25249181177188,43.940055773840584
923,-47.600521603375,57.971686811381375,23.610468390565046,-46.990053529411874,58.248217314039636,23.86245020370713,15.912123885691464,37.72449894148822,43.02707448571757,13.473859812427415,39.07147917355249,44.071836939325706
924,-47.81097475442335,57.62966647409119,23.59652787271122,-47.19314256850607,57.915039889049964,23.85246982195954,15.925921278937013,37.57118544002142,43.18348450861362,13.504266104839118,38.84359849927137,44.210072962735026
925,-48.00594558666315,57.27170431993543,23.58053591773039,-47.38449613889262,57.568628762897525,23.845998235352138,15.84051879485658,37.35467639988219,43.36155279911241,13.509259502371183,38.50528963396654,44.37128595703607
926,-48.190433287511446,56.90429027167978,23.57044380184955,-47.56874446832821,57.214152456369796,23.845119904619473,15.621879753170338,37.15872885698112,43.56888293229756,13.478801087466769,38.26467061300272,44.55526544712312
927,-48.37274785366113,56.53513321245827,23.568642268001167,-47.75047710399627,56.85650379342559,23.849922959600526,15.324232670795102,36.89200762010265,43.7894745134801,13.274510469875466,38.048048145264005,44.72681579922793
928,-48.56230481341318,56.16722071191411,23.57498881903996,-47.93904210892884,56.497673843190114,23.859942416095645,14.852650396092283,36.87644012732885,43.97921251987843,12.773796594019352,38.10377836765559,44.88336626480464
929,-48.7655544144947,55.805507048497255,23.587300097665153,-48.14222204795648,56.141885355291386,23.874294313910603,14.491900371071317,36.5400118916311,44.110401445898134,12.29862141921821,38.16451208422889,45.00368974975207
930,-48.98047921141344,55.451862327370876,23.605754552689252,-48.35724643462818,55.79112751013274,23.88964622423245,14.09346696944364,36.54629955088269,44.25581807894319,11.86149638906932,38.1929982912533,45.124163601185685
931,-49.20094467726332,55.099161111957464,23.632086966144616,-48.57424915068996,55.44347495149486,23.908480271775048,13.85556026038299,36.68274352524177,44.384397706794445,11.889244178487655,38.31470387212386,45.22892241195329
932,-49.416714422950285,54.74257822988831,23.658675930960477,-48.78704180154937,55.090112075911165,23.928205584989843,13.595732396307941,36.98425331717266,44.485052722613325,11.847322189548999,38.49215738777285,45.32660126481042
933,-49.62508513458063,54.380060231771466,23.678443256679234,-48.99454648095223,54.731969182103505,23.94027738267678,13.392573100247832,37.2735370691949,44.53430096598469,11.859491588267023,38.6545999967247,45.38887617641626
934,-49.82619993793347,54.01288698180649,23.69237563051384,-49.194754920469556,54.36900425999881,23.94673257140342,13.31661976649723,37.43547136049809,44.5330860357129,11.87198955011171,38.59682322138801,45.39204288513343
935,-50.02333154909971,53.64324630756921,23.702775108849895,-49.39122967295561,54.00152324507497,23.95278743920544,13.455631459429837,37.3066311916756,44.50028258889466,11.852066513687092,38.369672569276545,45.369599883850825
936,-50.219462615123575,53.27111793500091,23.7078020414608,-49.58814194612943,53.62844628221467,23.95677735278719,13.749393214848354,37.15361168577273,44.48094552145282,11.977097071683303,38.15371685570455,45.36536799442751
937,-50.417806209450134,52.89651517283123,23.709664545159313,-49.78848431046514,53.253213579616045,23.958540122965456,14.276057285227582,36.9441762616008,44.4346522585763,12.346534535637021,37.86689345773681,45.34799198196158
938,-50.616693050098014,52.52076315307678,23.712326810265516,-49.98677549027492,52.8802364387173,23.966195106356704,14.239896106684006,36.723562312104086,44.378253523771605,12.221187669909959,37.746226975562365,45.330276293747474
939,-50.81654110354801,52.145056251636376,23.71668988218137,-50.1837017614727,52.50539494540603,23.979693149397892,14.196881731438294,36.37431449663217,44.32627825352276,12.040844826798805,37.543744699730944,45.33677075649736
940,-51.01844363721366,51.76375746808713,23.726743015584812,-50.38104349268726,52.12593666987859,23.996370007441893,14.238182236744091,35.9478273573254,44.30097578187441,12.061471471594084,37.29912127224984,45.36356021658558
941,-51.22007520746451,51.38291676387314,23.742143335082492,-50.57914112094979,51.74717082211863,24.013893575040406,14.399494113258603,35.63788133761297,44.309364466821144,12.259243782411088,37.07772253452692,45.385003190685985
942,-51.42142013550542,50.99977907535655,23.761515661326808,-50.777904442831726,51.3664041471499,24.032727812473922,14.456024544957153,35.447172734865504,44.35250139667329,12.242588615139184,36.886674591480286,45.42480576680912
943,-51.62447290076762,50.61956984954985,23.785032556835638,-50.97816976347946,50.985257736950224,24.052151142354795,14.356279157483474,35.34780877439429,44.403595851528216,12.152165027857302,36.8276208077841,45.47978427279523
944,-51.826173272537936,50.242768872432144,23.813145950249826,-51.17819621294478,50.60828915321362,24.07288199604092,14.027719168861058,35.326166299347825,44.490893947942496,12.028585642189448,36.771736623657716,45.559775682689605
945,-52.024364891529295,49.864344938377535,23.840708157804638,-51.37385684167752,50.23352893094924,24.09495516714849,13.955145887717174,35.23540351444433,44.60004083519672,11.866992055356329,36.74442071438124,45.651517419925256
946,-52.21409929073864,49.491423603978106,23.86526970547388,-51.56088756026119,49.865829344796786,24.116761267370617,13.896111997146456,35.29584312569079,44.71878751354754,11.673938362103982,36.82982356084401,45.760122019535636
947,-52.404277644007664,49.120079902453114,23.882675109000527,-51.7519333868898,49.49754037596274,24.131760249300786,13.752652032744702,35.360414405117695,44.838569755285974,11.565226201206348,36.82015264105066,45.870945094942975
948,-52.589577096124415,48.75076289636167,23.893763761973183,-51.94072326411294,49.12977450804801,24.139677646153327,13.416370434775612,35.36073743039653,44.97865540713887,11.390084144412837,36.69457467129723,45.98950692848083
949,-52.773515144403405,48.38028992718101,23.899633788104364,-52.12992760620421,48.75612173089267,24.142731729053086,13.170023134698269,35.385303358224746,45.12669976226792,11.20086098181538,36.61578909428959,46.11643406709636
950,-52.96414787947024,48.00953594493478,23.899295502756942,-52.32790907402997,48.3779548800751,24.140748462527014,13.045984643468467,35.302721091049655,45.28458050558398,11.144645849986267,36.4957500221169,46.25408513961077
951,-53.16271858028027,47.63609136837432,23.893098510051352,-52.53267172440088,47.997800336664376,24.13606752585751,12.824082446651984,35.2866647055026,45.424746740563464,10.912459141021937,36.48267016163366,46.37555991195629
952,-53.36936635794513,47.25965908585056,23.888729275493667,-52.74207016215002,47.617295727619094,24.138935107310978,12.492456085683969,35.26138653596584,45.567996661087314,10.511039451217313,36.4764899025997,46.50400193603901
953,-53.57929591164383,46.8786048166243,23.8887447455518,-52.94751889593412,47.23847785099342,24.150345534325652,12.217159796919187,35.1787670346717,45.69424820059444,10.20528737367174,36.499694936326016,46.6185943907994
954,-53.78524636578981,46.49427622444475,23.897548089732577,-53.15076790887273,46.85819203579508,24.1699919331495,11.933830489592264,35.21779133742161,45.83832665691929,9.99425702574666,36.611166060876,46.75870814471543
955,-53.989933041747264,46.10428110291048,23.912669035276334,-53.35092021151221,46.474738697821564,24.191383965209997,11.782785595610356,35.34107414877649,45.95583508387614,9.921432937147099,36.702895881053685,46.864011059471935
956,-54.19306486721655,45.71430795600432,23.93416474693208,-53.54857676604385,46.08937506539264,24.213784817638384,11.60634481130915,35.422566480399276,46.036540483217145,9.778947399138914,36.74051857682648,46.928700601407726
957,-54.391427588629824,45.32464905762347,23.964837772678607,-53.745009913315016,45.701940069397935,24.23986583304292,11.415738602044504,35.52361118035014,46.070485043188214,9.74192315577873,36.73964116807249,46.95076129065053
958,-54.58696377844252,44.93771993329618,24.00370519400071,-53.94053682954663,45.3149588172558,24.269709332349805,11.252753071693297,35.64186408862483,46.09466841306176,9.562893480536312,36.843997862425304,46.96769340495327
959,-54.786391500419654,44.54860838318776,24.038392094209495,-54.142854669174866,44.92323761919043,24.294633320443587,11.279137819904127,35.9045340891272,46.07433129862718,9.46862830407218,37.13062322263771,46.95099530484025
960,-54.99472669648102,44.15635493365287,24.066069687168493,-54.354296943050514,44.53084209870279,24.313453720555643,11.21156615411786,35.75948282594852,46.04109439087902,9.275262047571543,36.81900018672381,46.92905340277549
961,-55.20425033494733,43.765350324928825,24.08885798611491,-54.565529956004035,44.142276766927324,24.33126229402942,11.091981636988919,35.512500460760364,45.97259987925595,9.082204842383097,36.520770157912615,46.910546661613864
962,-55.42057572172187,43.37250818852153,24.112396177378013,-54.78303637357647,43.75071702504277,24.352358474426527,10.903823965589533,35.45091345751453,45.88281921638144,8.929555755369371,36.542691584712806,46.858829296162305
963,-55.6400131685187,42.9771863001034,24.13266595142427,-55.00303422558492,43.35700107249901,24.371570493683613,10.711100467913358,35.36732419776674,45.803026310649706,8.716083724799224,36.49685867472152,46.81217490514222
964,-55.85662492804807,42.57510868270005,24.152420437494147,-55.21825266397965,42.958386732533555,24.39475431193555,10.700978214239663,35.29221321948269,45.738079959253575,8.876401583838888,36.440453173440545,46.76611679353059
965,-56.07306969592124,42.1719290071767,24.172510865193345,-55.43300645345265,42.561435140934954,24.422025847030675,10.77412409483604,35.10320075462783,45.67107703505371,8.97100116367388,36.343469266747775,46.72575170721444
966,-56.28769723893754,41.765459967208784,24.197005217334393,-55.646438149329406,42.15689397884235,24.450900943581086,10.913142442014475,34.791060385397415,45.620838981979325,9.180247600367172,36.29772076069109,46.68829569950282
967,-56.49402657797508,41.364222023481084,24.224591678977863,-55.85215653587021,41.757738234753845,24.47864157099281,11.085290629375082,34.785774333327,45.580064713215975,9.291984279770261,36.1432984637945,46.66194573186102
968,-56.699673954524854,40.959005058212114,24.25705095035203,-56.05282886520413,41.35806210379877,24.509788843087115,11.362848380864971,34.84135814268276,45.54723649834468,9.494092334595708,36.051277258949646,46.65194574401447
969,-56.901254207008456,40.556448940837036,24.291689364381387,-56.248990522971184,40.95617406364962,24.542547620719223,11.625210650663076,34.72546426739586,45.56560079527744,9.623871161965058,35.997320722362716,46.67769179249826
970,-57.10493685237706,40.156553710048804,24.318850432445185,-56.44803977036118,40.5543623972156,24.560604204814144,11.985532923241358,34.631770681915654,45.617188990234986,9.778167901518094,35.91990545261036,46.737953676974364
971,-57.315790928030616,39.76115662508315,24.33326681351741,-56.654954876192974,40.155072524421456,24.56563489605042,12.085600909038197,34.66087588845356,45.70285404600982,9.869051260140079,36.02549316816623,46.825926219823934
972,-57.53101865505096,39.35999029929267,24.33548931470685,-56.871903435930236,39.751318604035234,24.56140563968339,12.263471023635471,34.66183039570069,45.81308926236808,10.015970073149251,36.01773581465819,46.927016253037124
973,-57.74539813826674,38.96029418678132,24.328006722979236,-57.09100895630393,39.34762227334961,24.552000265776638,12.3141832022334,34.630112725378595,45.949240646675214,10.088547612932434,35.99282661125848,47.04028948716321
974,-57.95859606536793,38.55622675182083,24.31312474050788,-57.308181653254174,38.94256608786259,24.539278757321735,12.616648622054019,34.708416021738046,46.1021480038114,10.439368709184137,36.00971602303218,47.15913330854972
975,-58.1732878846054,38.14080778781482,24.285923327719406,-57.524581593974034,38.53055561823041,24.520574007915233,13.079351518797013,34.76368609186042,46.22949344772325,11.055878392521695,36.01694329219255,47.228748525300865
976,-58.38967910963631,37.722615177219595,24.24655217762858,-57.741606494172835,38.11443367024962,24.496946658883683,13.480467780939888,34.88636295757529,46.30505936116551,11.43329021492184,36.13731987919961,47.245474530643
977,-58.60735289784163,37.297114765648274,24.20677775238697,-57.95917442580098,37.69041235921143,24.470390866273593,13.759648700470063,34.95128441012019,46.33190295332323,11.615629609122813,36.1173927388286,47.229151955583035
978,-58.82469837021083,36.86446302565931,24.180939690664307,-58.175996590398256,37.261258321714074,24.459563658304667,14.090393286713132,34.96653109953338,46.31632884408339,11.803075227523806,36.20036411830472,47.19738575903038
979,-59.043218554653734,36.430381136660124,24.171701601218086,-58.395747493607466,36.83035294437698,24.464489166416296,14.436028522299564,34.84525515965277,46.285073092258344,12.047817676688938,35.98381597343128,47.179515000484336
980,-59.26627613850182,35.990034373431904,24.179503372706726,-58.620348784840175,36.394410086314416,24.483650041552877,14.7186178308332,34.81284906145417,46.2325167537863,12.110357474693316,35.91250889438162,47.16981888509552
981,-59.48783029172669,35.54776326607853,24.20349267320045,-58.84092129341157,35.95793273742309,24.513883361589453,14.844294071376739,34.83869090238489,46.14482252333742,12.235026089395932,35.98286024768032,47.140448927198356
982,-59.71087075208514,35.10417810578584,24.241049257057284,-59.060076683918496,35.52185622580912,24.548202200263432,14.583057551146643,34.87695915043024,46.062330239531875,12.1247810396196,36.06283226776276,47.09503794565991
983,-59.9360673467597,34.66121819909701,24.29284941570786,-59.28085069738187,35.08532445061339,24.58848586540136,14.431366451426454,34.675846445510125,46.00175143693876,12.072458692830276,35.898758603650094,47.05273449532783
984,-60.17140866625842,34.22930282049156,24.357373344113768,-59.50971033233963,34.65604407279951,24.63306280720706,14.319398302963414,34.357417208980024,45.9430443306417,11.970815449068338,35.48099176130631,46.99223681424511
985,-60.41475230662649,33.80376024842362,24.410106918210573,-59.74602240508988,34.23073525269629,24.66479206544763,14.241594195658996,34.02071144229798,45.88219382862695,11.983094375958776,35.216740789092405,46.92105957301393
986,-60.655159169361454,33.37204250883516,24.44858053158028,-59.982799343527766,33.79802241815225,24.68540997747297,14.269524775120466,33.98187381406267,45.795881209966744,12.227896229957361,35.137297228149855,46.8398082654066
987,-60.8890400625326,32.9411627459255,24.472485950097123,-60.21667153426762,33.36637306145662,24.6968108967877,14.13447791546489,33.744486636125636,45.72467594143855,12.063572742769765,34.90102365746487,46.79922992549944
988,-61.12082234908018,32.50689723658704,24.484339604746463,-60.44999201989834,32.931546018962415,24.70219224943287,13.883669294051861,33.67565452185088,45.68732630643102,11.848388801855164,35.07199030314028,46.79205233859687
989,-61.35100511965749,32.06876707598855,24.489738552873675,-60.68292832485675,32.494350153970714,24.7058110227099,13.271239026403112,33.38426123777457,45.686129189295016,10.960879920053113,34.92883482289418,46.811848028100606
990,-61.586563171287054,31.624967845249596,24.483192690888878,-60.92215401469694,32.050583482568925,24.70512024955862,12.462556555901157,33.26547357242565,45.70042124094033,10.005191069798585,34.826651286893025,46.845487351702054
991,-61.825081037597,31.181707092888537,24.463419204740717,-61.1596030097097,31.609170710692624,24.699744493489767,11.646379667184396,33.3713002844438,45.74734684093912,9.171147014862507,34.77034391109897,46.89097295133197
992,-62.06226412989107,30.736588420110873,24.449871171100366,-61.395444592322804,31.167767009958816,24.70099602659432,10.864671384875477,33.30265878529149,45.821279041809525,8.651458974936853,34.55381533958817,46.94054613315755
993,-62.29045065682814,30.289329562469735,24.440929599742127,-61.623355436063456,30.72233036074051,24.704699026567276,9.952633789367349,33.16317248458758,45.915155669367536,8.282960867566889,34.432007364710884,46.9838699565724
994,-62.51527556571244,29.83531100331142,24.442212965446082,-61.84661177916363,30.27080102058828,24.714837765232467,9.168591018124177,33.13610538825233,46.005322549221106,7.8141476694367205,34.31902953018676,47.034862155840834
995,-62.73719264457984,29.381709588283677,24.456880994697155,-62.06652663370658,29.82024606578599,24.73455376070624,8.426773209687976,32.851196274315605,46.084570552217734,7.399077557162259,34.226995832514895,47.08994008036839
996,-62.958770162869996,28.931821881294493,24.47785160504803,-62.28551629677986,29.37335305724013,24.75768216957982,8.383532501522424,32.88108596755433,46.144409208743866,7.340623170535344,34.287963180284315,47.13701976828985
997,-63.18465801785388,28.483767212400295,24.506469974255076,-62.511787846463484,28.92375968539932,24.782923288413524,8.462513573769085,32.84045347989127,46.18110426193116,7.223988659852715,34.24440016450179,47.15900162052398
998,-63.41979038946996,28.039386128222393,24.5340374848469,-62.74579752707666,28.479466440888185,24.797382251968155,8.634424407507666,32.63797260881975,46.19040138342095,7.187629862200132,34.00959176034182,47.1544471769336
999,-63.659609923615434,27.596681350369412,24.5518292896477,-62.98578802900895,28.036849635546208,24.8023794653107,8.899067527511681,32.641043048678405,46.18753358004357,7.435722117721968,33.94303145990072,47.14765415159278
1000,-63.90327236037189,27.148869423422394,24.559449957489605,-63.23059436690898,27.58721233168715,24.79982271362086,9.190891034563128,32.566382619154005,46.16793524852312,7.717777297523593,33.838622465657075,47.123187093015176
1001,-64.14463536616854,26.698175551621958,24.556949851931293,-63.47469351838697,27.134509670921098,24.791355858310517,9.760610673136409,32.44955977696615,46.1055289979031,8.156937233332167,33.69318731840882,47.05811501018077
1002,-64.38407704887021,26.244960663192632,24.54512902389082,-63.716051594053084,26.682829034020003,24.779600380902654,10.431195700969011,32.15294543274183,46.01704522485101,8.608957380064364,33.323320321496325,46.984803335075256
1003,-64.6237545846183,25.792179257865,24.5234716757324,-63.95541008712346,26.234847104064556,24.763824208406582,10.553879002982134,31.736795029189434,45.92243862755596,8.481705627059092,32.98066993614296,46.92141393777286
1004,-64.86440085516587,25.340167012940846,24.49195235377764,-64.19567834112009,25.785075416413434,24.744750991803624,10.575554539886147,31.17473549521095,45.84603966916634,8.16538598803593,32.41117381036356,46.87882900924893
1005,-65.10668072332938,24.882884405024253,24.461064077328036,-64.43658558549436,25.33301297383457,24.724788903123883,10.574463860807334,30.495559106190832,45.80470487177354,7.937055388705851,31.589540647410182,46.87382951336521
1006,-65.34616332537335,24.42600949265818,24.439356217829133,-64.67434167825354,24.88035493429098,24.714174493709624,10.409864360750968,29.52937667598112,45.71366589533804,7.800746891825484,30.65513940313086,46.7965435973063
1007,-65.58211884814858,23.97513178333987,24.42765783602828,-64.90972062794432,24.429544980557548,24.712105939938716,10.183705342385743,28.698573403002847,45.651104021147596,7.6869509856296885,30.049016647400553,46.754440534697764
1008,-65.81730341207495,23.52244004409731,24.425865824099365,-65.14490828129448,23.97371827972256,24.71757649161251,9.86011347285561,28.045608646776067,45.620066979737544,7.6703327786325755,29.760406362270317,46.71666720070503
1009,-66.04610225341321,23.066359203979466,24.430133510876885,-65.3723691051046,23.51537166229802,24.726483736969342,9.4598056444156,27.264660520076934,45.588773325496454,7.65134419852714,29.1025547740073,46.666069811131564
1010,-66.27309472100211,22.6080650837873,24.442871743614216,-65.59654798728324,23.057663785520134,24.738929937983873,9.433648192290754,26.587611822849436,45.60035722969823,7.672411803890209,28.656475677401534,46.682656165164104
1011,-66.50433756312664,22.15237146851851,24.46470964682094,-65.82435122448929,22.60133161925176,24.75476470510848,9.636217940122046,26.30797351214739,45.57582578816982,7.809940079056104,28.556528967313515,46.65177100871393
1012,-66.7393732955691,21.69775001560986,24.493253585133175,-66.05758441548794,22.145703655644464,24.772551306489788,9.863720326572318,26.37445907745423,45.547890823011265,7.9811383039452375,28.59952674214858,46.65218312238583
1013,-66.97634411359918,21.2461666565037,24.513015261777905,-66.29354439164715,21.69376248192257,24.779908614199968,10.038238933275752,26.92320623412136,45.61109952821311,8.08080510978021,29.03451457526496,46.708498857669106
1014,-67.21235671835144,20.79402554517364,24.5230248195028,-66.5306081933736,21.243795019136556,24.77869859331168,10.065237917199056,27.173127782425368,45.66268667905634,7.948393029498418,29.105624275651383,46.75612780953603
1015,-67.4450408016976,20.34246398944547,24.523441852405632,-66.76816998635178,20.793083101430398,24.77130324649831,10.18925720980404,27.361485608155814,45.72723509376639,8.056409883882745,29.271181030802108,46.80774404768997
1016,-67.67807904342729,19.885559665094526,24.5154599850404,-67.00679713999425,20.33653025265141,24.75890464339119,10.443204817924897,27.8025561580078,45.8158748913506,8.303279781711002,29.327328961130544,46.86432297282731
1017,-67.90899950892175,19.42949950956494,24.500391285478898,-67.24213950092616,19.88229044767524,24.743978176139866,10.593170511879464,27.748963949703697,45.86871391027698,8.398904437884081,28.760847073158818,46.91732650834047
1018,-68.14042953577739,18.973700275751614,24.477721819755764,-67.47540260106511,19.427483443347395,24.726655098160908,10.645673921529424,27.307436533477368,45.98582518096527,8.467646716957615,28.02014085741306,47.004152835848934
1019,-68.37265518846303,18.515833489187465,24.45581123889093,-67.70738397573965,18.970049068209427,24.719976946532885,10.626933656687306,26.89135438078922,46.074803710756335,8.481876975759901,27.58929688029422,47.05937811051847
1020,-68.60333639555616,18.06092297197511,24.444920352691536,-67.93512547115719,18.515686405447877,24.723225253794187,10.670355126597006,26.218103754355774,46.1337630345664,8.527367594432633,27.284802406303868,47.12113746930792
1021,-68.83096112076531,17.608204458001204,24.44624812438509,-68.15886922323097,18.064587413641377,24.735307993013674,10.755219554671175,25.70005250339618,46.19662726677236,8.418190881734764,26.972477639967757,47.17780946734051
1022,-69.05959755690927,17.156679420602117,24.458807761446817,-68.38444269141044,17.61387739157065,24.75363780209249,10.812691477057085,25.08774702528198,46.222705256380344,8.503410259362873,26.710287376757233,47.182699055479475
1023,-69.28856113363578,16.71317180413362,24.48284502902149,-68.61155677599332,17.169342081043933,24.77794624189479,10.570662093664513,24.41091500498298,46.22220915806663,8.319914019765124,26.334524642214106,47.16156016204668
1024,-69.51998763450267,16.2653956244607,24.51602922459256,-68.84248493805661,16.719474226879125,24.8048389291524,10.602633406980274,24.19537357356764,46.19943052772473,8.464279299762534,26.06435561095978,47.12175336610472
1025,-69.7450172629538,15.826576165423365,24.55731654382317,-69.06783066902699,16.27687040915575,24.832354644989863,10.748524597527679,24.20689713464896,46.133474263672476,8.727651276385439,25.880607889753417,47.071344675749046
1026,-69.97085833356056,15.379975123988014,24.59026441728181,-69.29577440674723,15.824944173910621,24.849906584803698,10.853733832326798,24.008454236139983,46.08164608251146,8.83742584413225,25.599924940617075,47.04000404200768
1027,-70.19418390148941,14.93094746513716,24.61099664150958,-69.52027862760971,15.371661511697514,24.85694210285206,11.058945339308815,23.78544601866139,46.003103472666766,9.097388329632107,25.380547702132436,46.99589854170237
1028,-70.42363324128294,14.479223067999571,24.61968224165844,-69.7513326317633,14.917329234638794,24.855670139595247,11.276769739905138,23.60170622825629,45.99157729708804,9.175786031909734,25.193441946255543,47.06071518264769
1029,-70.65774804890883,14.0268182538334,24.619909755692813,-69.98676293752625,14.464060275184456,24.85034835863744,11.667136469928899,23.34223337255532,45.992223954452136,9.654429326884005,24.92453510266979,47.09012427551898
1030,-70.89888658641304,13.574184915511333,24.610325035710858,-70.22850727737294,14.014464111232304,24.840770474446522,12.10740673083993,23.204093406408795,45.989822892240156,9.85502474185856,24.721908602793373,47.082594061730674
1031,-71.13223238490461,13.116437213920662,24.592741147079284,-70.46090817712276,13.560752725091538,24.82973509440832,12.230942699031923,23.13428370740287,46.041220083479004,9.862638663592588,24.678390695339495,47.13432534019651
1032,-71.3646944274598,12.660952680234148,24.56574812808947,-70.69297577398397,13.10823428795308,24.816297000117746,12.195953398884598,22.91529427932484,46.108203642776196,9.799185045365803,24.461303200314084,47.177924220610315
1033,-71.60191809790453,12.20859494755172,24.54702464860298,-70.93011852824942,12.6582581471895,24.812735895271306,12.481618157018334,22.964521251258265,46.16453966872321,10.091941592373272,24.533530985839512,47.206556240033166
1034,-71.83664022556377,11.750594303773882,24.54167779891442,-71.16478916692809,12.201393526827154,24.820820275121093,11.944071324568016,22.595180795030693,46.23733263078479,9.345030319901893,24.006687069642897,47.23144064438332
1035,-72.06320036485413,11.289693660149474,24.548514917381215,-71.39233999831144,11.741247257024616,24.83712549278249,11.635950527653625,22.103694583814114,46.203119516928155,8.940267516818688,23.403291187613856,47.20208974622843
1036,-72.2869256794689,10.831318101225818,24.565036499743876,-71.61514182751486,11.282460057421188,24.85946754315834,11.090105227843926,21.635250626269503,46.1875437956135,8.704083250194683,22.854165548228778,47.17554161695073
1037,-72.50967496596863,10.372958595679428,24.592248655201644,-71.83642077235065,10.823795381546232,24.886102365172494,10.918010147578057,21.008858093910103,46.183061102248274,8.857455250452597,22.20033794284198,47.14238617435464
1038,-72.73534463187988,9.916484664946092,24.630503246682842,-72.05892109521253,10.367392590058595,24.916445573023847,10.750060847010772,20.371169306962724,46.138454057477155,8.827678835681887,21.769156739697696,47.11961261220301
1039,-72.96331764843356,9.462155980696105,24.66864882955037,-72.28347871079855,9.914157227384877,24.936202169014287,10.907918748327063,20.018470672074653,46.16078011989521,9.198725615721195,21.638364863306677,47.19577912344153
1040,-73.19900533174992,9.008400894159886,24.695523667786073,-72.51610434581188,9.457771132679149,24.946456031242157,10.965407592005592,19.453668937754724,46.184330772977425,9.701240569161937,21.487621516052037,47.2533564365011
1041,-73.43243715258521,8.56072033917448,24.71044668121743,-72.74906620354109,9.007574497687457,24.94937262865227,11.61850837322009,19.257131653952147,46.19548083593217,9.958208052205057,21.298223960876197,47.28171502058043
1042,-73.66631320388036,8.110505509251198,24.715042719166494,-72.98420350502126,8.556272435902395,24.946600031018132,12.001587342939503,19.25334648285668,46.30671451259029,9.96776040025527,21.244041306685777,47.398355426395135
1043,-73.90206113554831,7.661708373703728,24.709528511810735,-73.22119784786234,8.108904210783757,24.939471160270116,12.542501149318287,19.439616727804925,46.429255800021664,10.272992545916818,21.40011514619606,47.505240344869804
1044,-74.13772424299292,7.215521307118245,24.693518564182522,-73.45748432486985,7.663306509783353,24.9284429501276,12.77822587316081,19.99523436493537,46.55708025815179,10.42411625225808,21.814958905928396,47.58801106638313
1045,-74.36843105913671,6.766164041754305,24.668851365723963,-73.68906138749357,7.214637482978949,24.917101361515083,13.015998660539044,20.400847434941397,46.72524952272236,10.405450241242539,22.03137114065301,47.71240406504175
1046,-74.59435156702857,6.314261228733721,24.65554172456276,-73.91517553477873,6.764668500981624,24.919109097550123,12.938020939452231,20.380628602531658,46.80604938183046,10.35365859942183,21.81493305653312,47.78128855282025
1047,-74.81493234012683,5.862725062130395,24.655823645920325,-74.13812808490842,6.309045888589226,24.933234158162644,12.662233382363752,19.79149551910543,46.86804236343931,10.244515141072723,20.806934539254506,47.80344106417678
1048,-75.03849424597851,5.407627716062802,24.670025332118644,-74.36308510657572,5.852341791394381,24.958183363207322,12.294068222023627,18.857263419807033,46.930073717938384,9.88565940491749,19.449495123741,47.804393686501314
1049,-75.26370374586881,4.952964478185847,24.697059141150756,-74.59070688000072,5.394483659904654,24.990206407538253,12.167338450889913,17.863128213263213,46.91685895196258,9.739022007365818,18.370174631501417,47.795731032232496
1050,-75.49389258447015,4.497326500955536,24.737436910040547,-74.82090436916491,4.9405857054621825,25.02898919846841,11.778678736010717,16.67985345010971,46.93110455902255,9.550707868480309,17.450209204912046,47.8394049889584
1051,-75.7296395737492,4.049701566153907,24.790777093087552,-75.05490624059351,4.4954667169556135,25.072885831076977,11.602136124961463,15.185266382203492,46.99173346091498,9.607104762238574,16.561944997166677,47.93669200853422
1052,-75.96934767327973,3.603366989828935,24.85345445401597,-75.29251390470432,4.0496494087187305,25.11950552774771,11.826398623784884,14.058563930144016,47.05812373808187,10.086615713447788,16.244344936051103,48.080953634061665
1053,-76.20586162193962,3.160177172763112,24.905281076470075,-75.52445602923795,3.6095421881954977,25.154234329615687,11.920022450985739,13.107918226958134,47.16742997408224,10.250541575034989,15.850328179814072,48.22689812388931
1054,-76.44081345292962,2.7225632916191285,24.94515950218903,-75.75443718614015,3.1729411073156353,25.178614258807276,12.038141498179773,12.96137743882895,47.32460193911159,10.326901697207042,15.829404218868007,48.38259332522331
1055,-76.67346240631635,2.283649033637434,24.973643044339923,-75.9868120145527,2.731314969308227,25.195727320191427,12.448740825840634,13.315827906670386,47.51582459938966,10.505159813736942,15.972213181616075,48.53872849074189
1056,-76.90438603426637,1.8474049978225104,24.99259922091009,-76.21951179072909,2.2891471855976038,25.207389253410142,12.812008559888223,13.822540574712104,47.71685043967353,10.724261230557833,16.301395656197403,48.66646881238184
1057,-77.13747879807141,1.4103894859943167,25.00124364475676,-76.45442713535496,1.8482867608643148,25.214784982677912,12.904608338430931,14.25568043481592,47.920914334180914,10.450297281725195,16.410333402420356,48.821520679896174
1058,-77.37116224650107,0.9688209699520193,24.998245580305326,-76.69204586581894,1.404781753418114,25.217546393675644,13.059903363437895,15.010241009235688,48.09864671609343,10.528650581693205,16.789869424896366,48.97118618958819
1059,-77.60008797312982,0.5288431811506327,24.994325250187774,-76.92626509988101,0.9620169752135823,25.230781160523918,12.768098465622996,15.615880619851977,48.26885401038303,10.413502809179954,17.27056531657689,49.14544800209425
1060,-77.82741646531638,0.086790774657032,25.002403920640777,-77.15501589886178,0.5213503436518814,25.25563610402814,12.656165151728306,16.387875754752617,48.45328190410068,10.356850862204913,17.755790280148275,49.331957720931115
1061,-78.05584242077508,-0.36093280557902474,25.025740728157988,-77.38233273641403,0.0806519549576824,25.292590392437074,12.555556540467611,16.972611173938585,48.63305216443621,10.277493681260408,18.171451455290878,49.514764361086854
1062,-78.27905968007798,-0.8043997157123792,25.062875563183077,-77.60674253088563,-0.36167258145564374,25.338036248302494,12.215917667055562,17.293894558501776,48.80279165091426,9.997031873838733,18.300487871543407,49.68099314754421
1063,-78.50445486431603,-1.2507314691341616,25.11175509970987,-77.83298894823312,-0.8089082050755687,25.387983090008333,11.98482425815556,17.631301029032176,48.98721347919208,9.99843033624679,18.6438112434332,49.83896922015854
1064,-78.7307533627552,-1.6953263364903075,25.17270028672185,-78.0585356401451,-1.2539338921185414,25.44255648376609,11.911509448357261,17.85130950008998,49.10163997400181,9.775318468039098,18.58424625347438,49.923007877844185
1065,-78.95586376164101,-2.133729676408676,25.247240966666958,-78.28320130079068,-1.6950825709924018,25.502178098050802,11.813081367063896,17.871722813070086,49.17351873728957,9.847294384494461,18.560408324061,49.95613410139395
1066,-79.18395679679621,-2.570544232793385,25.323057174483687,-78.50929628355979,-2.1336012225647556,25.564246872423528,11.873790958614814,17.866720456306027,49.18878221019553,9.945932650043506,18.676698646605658,49.95461649844869
1067,-79.411409773835,-3.0068909757621687,25.395947506319512,-78.73385425544573,-2.571805172572034,25.62563331313624,12.008525447775511,17.535802694273556,49.145980140114496,10.164997152468981,18.419294736517735,49.917457985949966
1068,-79.63978402286135,-3.447384165239465,25.46309068790108,-78.9592193384043,-3.0112508709380132,25.683495576366493,11.963612581112848,16.963839364089736,49.05851945813667,10.059920413415956,17.90055310207531,49.85735307688042
1069,-79.8703520278905,-3.882128428821799,25.517867504560158,-79.18810887519375,-3.447517821370496,25.728121296207778,12.115694720811415,16.56290132004311,48.937993828621416,10.036919782283285,17.528153533142294,49.7836251471167
1070,-80.09277824930304,-4.306943042891407,25.56687672390494,-79.40939782630632,-3.8710383438216756,25.767685185493207,12.147016439990116,16.05113225493411,48.80254277751502,10.081101354622332,17.310271332913068,49.72368446526243
1071,-80.27111613312559,-4.726495839700963,25.612745294475232,-79.58530114800881,-4.28331561208809,25.808682369105835,12.246769086013922,15.858158816331729,48.71383380674899,9.964802757087817,17.236201855853867,49.703768354405035
1072,-80.36895964187816,-5.144188163636487,25.65231531702974,-79.68139716456884,-4.688514864452292,25.849944568797326,12.17899295964508,15.740561344659518,48.63100898167979,9.845324575173196,17.318263239892932,49.660168234058645
1073,-80.35772681839121,-4.747297838222382,25.677346323763857,-79.66719105673656,-4.302637909641781,25.880334061921364,12.209173443993828,16.0053985958955,48.574414033133756,9.954676508552929,17.324861027617235,49.634696615867774
1074,-80.29643052253667,-5.101376386298937,25.698212568365154,-79.61156451764026,-4.652640399031208,25.91247487623027,12.006012555684496,15.849042737095427,48.54515591795887,9.872066054199953,17.258447829257012,49.62466149381819
1075,-80.18405938512885,-5.394004729010509,25.723326678746403,-79.50212387919257,-4.951778608230434,25.95218406853431,11.807397966871408,15.926835340115359,48.54503153982119,9.83273068548037,17.16489186557827,49.62666516759752
1076,-80.04285424453694,-5.6166383528291615,25.759011209946,-79.35149086430391,-5.190999124254606,25.99714395695791,11.610155459510494,15.886161266185791,48.56852554227745,9.83179566508362,17.063061958403665,49.63797236951754
1077,-79.89417184749345,-5.773941159295608,25.800238147981606,-79.18068873152806,-5.365327716367783,26.042783488246606,11.482623103207978,15.737022390708715,48.600584470118164,9.861488182682377,16.969482360677567,49.656147331384005
1078,-79.74624803491062,-5.882028088562709,25.844498188697823,-79.00383156260571,-5.483277849987845,26.08786447270132,11.47945793771569,15.669008726482016,48.62279242986983,9.914547357371468,16.892183130456697,49.67977167952505
1079,-79.6124340790372,-5.9508387446997135,25.890878317508584,-78.8353763543592,-5.553624133591595,26.133877842014623,11.611146822997732,15.618712188240757,48.67050411922056,9.980360545095317,16.835362568733903,49.708040922810234
1080,-79.49823050414767,-5.9874058911787,25.936543206169848,-78.68262717422516,-5.58368078295787,26.17072115438025,11.720416708510978,15.599696146757305,48.7174120635062,10.050511128492701,16.800777958577143,49.73829742123576
1081,-79.40826434422208,-5.994981469651486,25.971452482679613,-78.55282720854419,-5.57789685303069,26.19679328659925,11.804471920583982,15.607325380599164,48.753972983496155,10.116773789658144,16.78921870953374,49.75887248567628
1082,-79.34181581897477,-5.977704374074721,25.992774295999862,-78.44839714264143,-5.543571719172605,26.210812858273382,11.866861617513534,15.628977890665823,48.77920026725499,10.172842617805074,16.797233605274187,49.76936733611792
1083,-79.29929226635366,-5.9461851113218795,26.001236059486615,-78.37206955440207,-5.490935360303652,26.214357182308596,11.907975713862424,15.659610879967547,48.792941991584385,10.216557740098551,16.817845384553323,49.77101112646947
1084,-79.27665780789816,-5.907867783568021,25.997171800334158,-78.32271425596217,-5.428962716860924,26.21000486549436,11.928980486269161,15.693396324624175,48.79545705831233,10.24471554903689,16.845605596803868,49.76620738771016
1085,-79.26918456515486,-5.869171387878961,25.982034035025062,-78.29162095720852,-5.366216804697231,26.201248371206542,11.936493475929282,15.72566260770733,48.787569415230365,10.263207662757484,16.87707265583093,49.75745122615925
1086,-79.25837811377868,-5.822228241697303,25.957425230767416,-78.25146292241058,-5.29639797042842,26.19097193474939,11.944262762006371,15.762431389653136,48.76896843475028,10.287753850484284,16.917745444045128,49.74453718857504
1087,-79.2222435068966,-5.7601857343639615,25.929363802426533,-78.17799382207124,-5.215687843797521,26.17613355324563,12.978876311373917,14.7760348541306,48.72606048053498,11.749469825543718,15.523633895786674,49.706636522684725
1088,-79.14499056670958,-5.686072690567751,25.900345577876497,-78.06188600519489,-5.128548650680013,26.159179547678676,13.931894627437776,13.721059797930485,48.681890188178166,12.84357077308771,14.351674520817545,49.67092725253724
1089,-79.02325399735182,-5.595315037806798,25.873305096424392,-77.9070745882279,-5.02624247579869,26.142608503460153,15.153184752833587,12.326340736533098,48.665757617133735,14.114442497007854,12.973118265555595,49.664113429539995
1090,-78.87484644760143,-5.4737396234129205,25.858413755442385,-77.74194489061597,-4.895786880141315,26.138224863709915,16.50856532402494,11.184375258572663,48.70100875182375,15.271887060059688,12.154218293124257,49.70525120833175
1091,-78.71689611906656,-5.292655301640385,25.854814072879453,-77.58708797681605,-4.7131877857928925,26.143219042416533,17.97996211024306,10.146896647448516,48.73626893721771,16.193780709453815,11.470585104762975,49.72769170346576
1092,-78.57581321941109,-5.039037013193992,25.856058949083156,-77.46514798004586,-4.475352095770821,26.150565793922258,19.68039536682971,9.409533956530812,48.75939709222138,17.090555208512903,11.055436100030313,49.74069107648066
1093,-78.46218624609264,-4.728567024220897,25.858316506853793,-77.37109722164931,-4.195294827847331,26.15648079614907,21.562377473788242,8.854703794141333,48.80394637690518,17.979036190029973,10.728835681027311,49.783793724261926
1094,-78.3580956908422,-4.384589782147368,25.870599855665475,-77.28040931793097,-3.8865180909436217,26.167303175495928,22.138838818220293,8.850059193404173,48.85102651598029,18.782440618896725,10.57922369550951,49.840840489244314
1095,-78.23944004535923,-4.025364666171791,25.893907251666377,-77.17148054942992,-3.5623754275747257,26.18391761747965,22.526034323533384,8.758210078457461,48.91254310401588,19.174080697303417,10.453304710652688,49.89873782030098
1096,-78.08992590455071,-3.6614895017743883,25.917178724435438,-77.03124424757226,-3.2300124736864566,26.193183449545316,22.60521320833273,8.750485746244044,48.985895373310086,19.622875818028376,10.389258661913752,49.96836910463414
1097,-77.90577300768423,-3.2981048591008317,25.930097371494725,-76.85851987396921,-2.8969152209718363,26.193811897537785,22.702411214843888,8.575277757864875,49.05351332765778,20.007568061439674,10.282543305566174,50.03612088749622
1098,-77.69523758096966,-2.9363034720755703,25.93266734120921,-76.66361715070975,-2.564653312220414,26.187853811319716,22.84899002837808,8.716430389811045,49.151008005873194,20.312828779846114,10.416140025590137,50.11901454623187
1099,-77.47430177181619,-2.5734432780304166,25.928086892507828,-76.4608531387009,-2.2284587156754014,26.179115110096564,22.66705777633037,8.749756711157195,49.25731063143891,20.157250561864497,10.335844978105522,50.20263860611969
1100,-77.2589325836514,-2.196470877392013,25.92084446517829,-76.26034629745267,-1.8720545765563021,26.1720107699121,22.474852400991697,8.905491431209834,49.369158056003954,20.129564478049478,10.315258234511996,50.31544443601209
1101,-77.06059261825087,-1.805389056273135,25.904509859901996,-76.07222626048245,-1.4977319745562747,26.160204466793793,22.20036790694994,9.02503290572535,49.46881465807847,20.09311161731547,10.315486544794725,50.40828330005695
1102,-76.87674154764541,-1.4037287136538377,25.879473429884836,-75.89635507359255,-1.1108175637199964,26.144921828031176,21.94836140150863,8.971545147874174,49.55852019377377,19.8574758988682,10.130582553053062,50.477641854323096
1103,-76.69662613478926,-0.9918211469017044,25.86443946364117,-75.72319723702509,-0.711921490874559,26.141840797931117,21.723686957932117,8.859907090278364,49.62217570308133,19.853063062979775,9.962687823237326,50.52062105301618
1104,-76.5180240120794,-0.580364325148564,25.862006523826814,-75.5516375316255,-0.3119478059489554,26.149594445901904,21.647506080093258,8.884231557155474,49.71560982979576,20.08979063634986,9.991497862277368,50.612612006948375
1105,-76.32806927005906,-0.16936345555826138,25.872308570682303,-75.36766122317907,0.08636780323722648,26.166245012978283,21.284000638191046,8.398442576499841,49.813312830050386,19.859318417561084,9.527004033625778,50.717302250369265
1106,-76.12531600256627,0.24349666928283958,25.893123107371412,-75.16969129837948,0.4856052292495769,26.189169011313307,21.116131921711794,8.100934609118726,49.898568295173966,19.569615495882395,9.200650797570653,50.8007020948561
1107,-75.91625236746695,0.6470894397860387,25.922423685648734,-74.9635689545381,0.8791035425276761,26.21842180557949,21.040271923533243,7.638199200194482,49.95898414852282,19.565086372898612,8.75518988353663,50.87917837169456
1108,-75.70116195725473,1.052493550468642,25.963620860684223,-74.7496576762832,1.2782119711889208,26.252677670007266,21.04450989809906,7.116517809787085,50.047857157773414,19.661465976750915,8.334153150711613,50.98481229843097
1109,-75.4878380623906,1.4608662462288304,26.015150059319822,-74.53633581423159,1.681282879063755,26.289899733107887,21.39253727523062,6.73873422104042,50.182380831124036,19.996722044222,8.029147284368499,51.127595666411025
1110,-75.27799536062855,1.8707818179705669,26.055334127362848,-74.32440986325798,2.0850146014445214,26.313938211526004,21.74782438099352,6.321093947885818,50.3574532622531,20.450706341679492,7.698710918337654,51.28631387523259
1111,-75.0688576897318,2.2854717150204875,26.082687606193655,-74.1155850916453,2.494573477029659,26.32631607799246,22.47682280443942,5.991913462480175,50.56206870335683,21.580214242145843,7.706182380629013,51.5139887276881
1112,-74.86473341363838,2.7044879656133385,26.09817642978899,-73.91280921180888,2.90909436506618,26.330999230776605,23.307563176755703,5.962916411403898,50.85652854806313,22.199282318796183,7.651609888434057,51.85158455859919
1113,-74.65441556075365,3.1305027337532962,26.105874311999905,-73.70426821385378,3.335180962639272,26.33332296833954,24.20064844714712,5.884573908714324,51.2445140413312,22.681567923427625,7.574558216205141,52.252276933613544
1114,-74.43659671223207,3.557839953610322,26.103401740901173,-73.4914481897357,3.760854054893359,26.33090434933,24.964732599739815,5.75768254003301,51.66889620481298,23.131877058856443,7.272168314395501,52.63353090598078
1115,-74.21254317737717,3.982288260587132,26.09033080331739,-73.27254993979986,4.1856719166126535,26.324322377779296,25.684074936525537,5.726986968885296,52.06857088689923,23.533438116146865,7.115351573849795,52.945069921878314
1116,-73.9853083161501,4.40473512074485,26.07588863140958,-73.05166625101825,4.606922314843843,26.327484043340853,26.217888814343073,5.676233685507057,52.41873433914905,23.84926238210975,7.002385549680649,53.182186674224766
1117,-73.75684403815288,4.830865029500195,26.07268780112319,-72.82792924725557,5.026759186693563,26.340412976761286,26.795488085907873,5.777701044638268,52.72918761207457,24.341977939273033,7.0350927861310515,53.362181517415976
1118,-73.53061180859355,5.256548573363297,26.083945377879367,-72.60450346480751,5.444934585594387,26.363608844928535,26.84720225313253,5.721681886028119,52.95993797057389,24.771153998556187,7.077717795397478,53.50063364502736
1119,-73.30264263157332,5.683221651417167,26.108844524833717,-72.3781881474499,5.865787912169146,26.395412920506033,27.013207561608453,5.628076844615571,53.074481483345224,24.988033011846454,7.004556801525303,53.60500462317992
1120,-73.07984299691013,6.10393636815688,26.143964554765688,-72.15429828491344,6.282621242906142,26.433074944724044,27.172575726287352,5.64934762688638,53.09964023150148,25.1319939384311,7.075086374262831,53.691026491701294
1121,-72.86094462883432,6.526195438919136,26.192256794345376,-71.93288860678811,6.7042569275739075,26.476238325415974,27.134901362585534,5.755915332286564,53.07350344266105,25.030336835133593,7.012142604210698,53.75123866017993
1122,-72.64508409016683,6.947791768155408,26.253049996047782,-71.7145026041317,7.1259753825025305,26.52331404504908,26.793946284118228,5.480518628547724,53.04255691162507,24.572716645681613,6.516948432139158,53.79781311991437
1123,-72.42882796621481,7.371371111857526,26.314516775031088,-71.49794308315158,7.549497903600629,26.57193211743058,26.639552670992536,5.465655130103343,53.0235903129768,24.46461589754728,6.501538836323599,53.838358512708
1124,-72.21188761861052,7.79381897916344,26.36650269875471,-71.28128434896028,7.972314425173044,26.609820997810992,26.41831761481859,5.532578848356985,53.01831313763099,24.524203708851843,6.732061927660834,53.879112967085184
1125,-71.99274551826838,8.219256560874083,26.409027776355355,-71.06313496804545,8.397864854099524,26.640052702568042,26.689280349383765,5.94995681973163,53.02678656765913,25.295180195291557,7.425794164873203,53.92342949135744
1126,-71.77483366321592,8.64767212684156,26.443923140221077,-70.84362252437664,8.828879351665787,26.66645403400283,26.870394861386405,6.28733057535309,53.085054386744055,25.66299192935998,7.75909354943121,54.02213778688363
1127,-71.55643373363304,9.081389050609275,26.46998941036526,-70.6249249289833,9.26200603670572,26.687126461438574,27.135116971153842,6.669322500836045,53.135771911809364,26.041747412669924,8.216673359943265,54.094818714558855
1128,-71.34134755235632,9.516332017277628,26.486275562774008,-70.41079743292691,9.699047783376248,26.702693772282796,27.651060677014282,7.207430150121898,53.21567654564624,26.48320241228287,8.676320822690332,54.18643176636499
1129,-71.12350359975734,9.95599256625598,26.494128993627605,-70.19323746743727,10.138729902928272,26.71599473653167,28.42389581979389,8.183686133390811,53.27158342588579,26.8245760056185,9.208090090042873,54.22756095391759
1130,-70.90134218426394,10.396017703562096,26.501776192861474,-69.97228054971377,10.577784660870364,26.737808868588466,28.934211572327396,8.810552521431463,53.35508411997828,26.979189533104805,9.535195244425408,54.30131918552413
1131,-70.67162468336109,10.837199483827181,26.519353695432123,-69.7443871180696,11.015580170986652,26.76774029647597,29.12867815889334,9.277826752688313,53.41799440140504,26.801366444973734,9.820945826151714,54.33831441478592
1132,-70.43995955075991,11.275481255172153,26.547635825355894,-69.51428317599286,11.448934764115974,26.805014832229336,28.783743946019413,9.412221817841454,53.47816944204256,26.633196427304853,10.081972553744963,54.37467760526646
1133,-70.2081389464872,11.712673940187459,26.584866261880332,-69.28239430056188,11.881957269856304,26.848213182597544,28.599826804941788,9.9692877721049,53.449299446881525,26.4711407107684,10.663643573472534,54.34218801359195
1134,-69.97705778192793,12.150276022154229,26.632076329618332,-69.05069694369477,12.314568730932974,26.896233900039828,28.66692362396776,9.641501065218895,53.44253057546856,26.78536665254839,10.078008583097517,54.33997329725466
1135,-69.74873523697714,12.584348103369994,26.687692280694076,-68.82445703855373,12.746331592284603,26.946612159874196,28.761983281900438,9.642278110416347,53.41620545386343,27.215717056125957,10.160530321887896,54.34482702564948
1136,-69.52530111581716,13.020404982647003,26.75121161098201,-68.60299368507552,13.181180399369437,26.999502582057943,28.94190228561431,9.518362703236146,53.402898490115675,27.67040832903691,10.219015920538348,54.33593173422699
1137,-69.30689992340928,13.45278796908598,26.81342251877049,-68.38664770654279,13.61418478345848,27.052616051619825,29.323561077776684,9.59373979883536,53.374723147709645,28.192939073024597,10.448533111397031,54.34932754792786
1138,-69.09123087541833,13.888024897713896,26.866936744766765,-68.17109854007707,14.053070163791254,27.09681948726959,29.651053216759877,9.37429572988878,53.41727583953604,28.22969487548699,10.239633128463772,54.43725585836647
1139,-68.87382963069128,14.322300697666112,26.915215497343137,-67.95304821199178,14.488784985240384,27.13760441863576,29.797869617195687,9.05341814542063,53.479865036632546,27.97903704402667,9.962296421823707,54.54340044344768
1140,-68.6551857328778,14.754602211586759,26.961416624225684,-67.73352326190128,14.922638015677864,27.17878483495244,29.891374464161203,8.57918527791537,53.58776343464291,27.67185821931342,9.901285511097905,54.63401908403183
1141,-68.43325142790799,15.189963249257513,27.0016063867638,-67.50891136500759,15.358323928451536,27.216342399440528,29.584422758790577,8.878573559938982,53.707798241116485,27.31725424825474,9.890113991550113,54.7410318572858
1142,-68.20916393644802,15.620793954817554,27.038754521687213,-67.28172888981159,15.789199931935256,27.255074461620705,29.31114061688864,8.622030228975632,53.876638018525355,27.2629323705915,9.648767505957816,54.90217023347082
1143,-67.98112590209122,16.052492638028724,27.075436474586404,-67.05241228322879,16.219120274239142,27.29753904839027,29.04436936304224,8.316333300991412,54.07837298179339,27.33516796549045,9.37520438577661,55.064796790072
1144,-67.75323649057695,16.48434080266082,27.113585766402664,-66.82399455724241,16.64877347023806,27.34390628476782,28.813532845734468,7.840951800726121,54.284554295392425,27.60379970218371,9.097516382871415,55.22262582598876
1145,-67.52207197425574,16.919332420449578,27.159392068182168,-66.59188387866554,17.085586223060215,27.394248099371737,28.74520006370711,7.708676630168639,54.45272837113031,27.660263558777395,8.972441641258305,55.37180144036911
1146,-67.29365573480453,17.355056127701545,27.209521302990726,-66.36231166843889,17.521955883539178,27.44618137098871,28.887869412636054,7.455920638475018,54.633679058836954,27.718327241252574,8.596385239977051,55.545334890369276
1147,-67.06260724220779,17.790120242704198,27.263597051411125,-66.13250810616766,17.956184329353334,27.500001922625763,29.222477938144046,7.181119575419287,54.797245049969526,27.92800456544558,8.424234479361097,55.66426278813709
1148,-66.83185268437923,18.220914390985953,27.3223182801097,-65.90428077806152,18.387118752893933,27.55453004404111,29.604830517556028,6.997220957740707,54.89854577653155,28.056386870633194,8.447758959114935,55.704838985346946
1149,-66.60282721518497,18.653972445874007,27.382136805711497,-65.67976852154624,18.818978518280982,27.609325663356262,30.015407485621303,6.82777408468263,54.96823473537474,28.42963131482206,8.255967081573177,55.77036535535901
1150,-66.3752701863869,19.08756247257872,27.440962085045907,-65.45519847779539,19.25191308263637,27.66366060752125,30.540339198593006,6.822447126561425,55.025036061808976,29.006106989701646,8.253274437520751,55.83895849050556
1151,-66.1468897072818,19.517711855402695,27.498620744569006,-65.22871747688819,19.680768267424238,27.717387233585036,31.03853107384192,6.667042799779223,55.12408690965995,29.641188541126628,7.983831240283867,55.98099220932703
1152,-65.92070716679737,19.943515674944187,27.55534813015095,-65.00318711664194,20.10756636291274,27.771750290436568,31.55655076349827,6.4737860569558725,55.22953050580949,30.016526985353714,7.813154828707842,56.125804823451105
1153,-65.69507927694221,20.37028073406089,27.610999041912475,-64.77672727706556,20.5373194641426,27.826221349923127,31.91349133667596,6.525655124200114,55.30626687322024,30.10257028484326,7.741115110469404,56.2557399497224
1154,-65.47305877902573,20.801673083617686,27.663315093560993,-64.55228806403578,20.971671118185046,27.87748812796089,32.083619836582656,6.651718141989124,55.373009396303246,30.07326794863673,7.914764367633193,56.32616405214679
1155,-65.25220787219166,21.237032976341514,27.712668474498823,-64.3293765333317,21.410142719912212,27.926158957057677,32.11369268182457,6.4619120362413325,55.53640317911138,29.814600968463406,7.7712707955428035,56.464486899706415
1156,-65.02957466756234,21.677119228714705,27.76130713807793,-64.1072690237516,21.85165683658339,27.975047208492885,32.0640986611417,6.348971857464849,55.68424618184892,29.766511905563295,7.55622355431973,56.58348823541194
1157,-64.80718535560194,22.11806908107758,27.80934924240303,-63.88520496719653,22.29432079333606,28.02359090461075,31.261678837481472,6.446750430409702,55.85033923396243,28.95372606828868,7.832367338301014,56.72244123148036
1158,-64.58729922979892,22.558903304627933,27.855652114148466,-63.666416556791404,22.732686738576447,28.070287131852993,30.16862423552423,6.789843249229238,55.92807888607963,28.07028134604542,8.131206060114195,56.79747885100434
1159,-64.3663044681954,22.99855714966694,27.900863874156485,-63.447633495475365,23.167298135158166,28.118124394498718,29.084646922893942,6.991653936846091,56.04240705670774,27.242716170579712,8.215668798167744,56.93899601753549
1160,-64.14553697756969,23.43811011597929,27.9468705945572,-63.22767032629782,23.60159890100847,28.168186800213146,28.086281323988043,7.240490039107944,56.193241515720864,26.485358243937338,8.40953527570422,57.11797114390836
1161,-63.9254020178819,23.872522605408687,27.994905694543277,-63.00649684147468,24.0323515238633,28.21852621877336,27.313680097797057,7.4481071260008616,56.34393519295176,26.097025552355728,8.736408725578428,57.228315770912424
1162,-63.70509376350233,24.301583056898366,28.046832736817883,-62.784466949800304,24.462063630617408,28.272116947690186,26.649554139458473,7.741644921848234,56.41570578200277,25.698578761662958,8.83465715477037,57.29008692477046
1163,-63.48505718488543,24.73222893780621,28.101133555849014,-62.56222196887632,24.895278472825552,28.32748675307425,25.91091415137249,8.49434826940032,56.4523239798791,25.437561014314753,9.455850035705897,57.29795473261856
1164,-63.26707622258395,25.164019857001446,28.15717146616988,-62.34172347436263,25.33071300504609,28.382829944780795,25.713266661829365,9.084825185301229,56.42877560439459,25.219015660895725,10.182434832048742,57.259404222096315
1165,-63.04748421266649,25.59186440894231,28.215509171503527,-62.121397993723804,25.760108009782755,28.438625825664314,25.49996658356567,9.567038379523996,56.40535970986748,24.7865674158032,10.690757802053184,57.193435966295844
1166,-62.82706344441114,26.022241348905553,28.274949794212095,-61.90140126283698,26.189779484795906,28.495844775405317,25.273419424869427,10.05546672879861,56.35335557625077,24.299570487453273,10.94648733148029,57.18110997876484
1167,-62.610344318822484,26.44772645335405,28.33379670373843,-61.685806927783204,26.614461033137577,28.553171245217804,25.23072660460632,10.070412298554404,56.28160262895505,24.07363139696575,10.613846672570949,57.21046077268988
1168,-62.39522255223377,26.87475437779937,28.392929165099858,-61.471210965928854,27.04079627483057,28.6099607915278,25.09454278674618,9.957243113311579,56.263747725694536,23.97762884661102,10.341605635099473,57.277615107216945
1169,-62.178266685902955,27.302623704973463,28.449081130720415,-61.25534430274188,27.46977617178358,28.664716487696698,25.143365470040102,9.995200835749737,56.29434291795415,24.07240701660909,10.169106169099157,57.375174061906954
1170,-61.956051294356406,27.727668460183946,28.50485361479481,-61.03260660063267,27.89787027296497,28.71957870571599,25.107941158297876,9.765897181037397,56.380998539246654,24.087953977632544,10.198685989058495,57.48718795616128
1171,-61.73088653463304,28.15062902886533,28.562092177268244,-60.80582552091309,28.32692065210376,28.776050705870837,25.054710414285417,9.351694085966596,56.513228997872936,24.074517960328013,10.195669784790772,57.596200686289144
1172,-61.50753655426225,28.576211135797216,28.619050467771707,-60.58145873331324,28.756041798849427,28.832503941731616,25.276698608911644,8.946879017814307,56.69592290262249,24.19005592562132,10.139850382533153,57.71832327346903
1173,-61.28453583048317,29.005764664347087,28.677653965764097,-60.35759770021236,29.186134159334998,28.891496395376844,25.47149045203155,8.639354750042244,56.86120910165512,24.103636282385075,10.079963536251213,57.83159397397672
1174,-61.06619967134581,29.437034265538482,28.737277595965253,-60.14063541660976,29.61378864384458,28.95183832708097,25.513857268133602,8.756392336246288,56.99024310529919,23.97412482762774,10.087516874018936,57.91190753029473
1175,-60.84873698805106,29.87104356233781,28.79843926549255,-59.92382728055655,30.04434982491175,29.01384374053378,25.386277524118583,8.904280668884896,57.0737692807511,23.717185839821536,10.128602100548742,57.9555593052762
1176,-60.632436869955114,30.308749602681015,28.860819748896358,-59.70789055678735,30.481501531743426,29.07654217081098,24.54025761393553,8.8238562441092,57.113706704931715,22.678743230347067,9.886257415514763,57.97282563041059
1177,-60.416306146378595,30.746891615156102,28.924469202299168,-59.48948412462015,30.918994015783667,29.139768741730336,23.932994838355107,8.701812151265237,57.11990854850008,22.12235287036552,9.801223795286196,57.97386015560173
1178,-60.19607462785951,31.18788351160637,28.989270649375563,-59.265670318474186,31.361253110429328,29.202861146878718,23.519445311943404,8.494561765733469,57.107462936101065,21.92496723383621,9.586504753262995,57.967916799129156
1179,-59.97270414853429,31.628866187123162,29.05363973046391,-59.04096040065088,31.80309796567245,29.264023530523104,23.143676137044174,8.262041154541159,57.08750223076308,21.945515161266133,9.326960725754109,57.98667093600514
1180,-59.749231840387736,32.075690320414864,29.110708595196446,-58.81557811066596,32.251072714700186,29.31659730754116,23.088210300021068,7.802702004305742,57.04119510451648,22.230926072717736,8.785957970512575,57.98075656761024
1181,-59.521884873085945,32.530686881179506,29.160098257238612,-58.58895958512242,32.70444397844389,29.361133318781317,23.0999502142619,7.2418331405960075,57.02105127481079,22.49000217532107,8.267642622248786,58.00307084082579
1182,-59.29392739085255,32.985073721391686,29.201720587193673,-58.362535195073995,33.152910008516834,29.399611147970873,23.197731451743714,6.699480558610576,57.02400329755107,22.66330155654754,7.913025498543343,58.03292738378719
1183,-59.06577173076577,33.43228031552789,29.238245646724916,-58.13814165148114,33.593695857310216,29.43672158947888,23.902606483137752,6.351298365147112,57.05113472831632,22.818254420214732,7.619753283588679,58.074687034135806
1184,-58.84018377697011,33.87570908388624,29.2678007086776,-57.91746122935348,34.03009604589834,29.469969356041997,24.50201838942432,5.783826448303846,57.101451508700634,23.070156352695896,7.188164544908606,58.12681223963044
1185,-58.62036131961358,34.31511550530768,29.290382502832774,-57.702779768714,34.46561082415736,29.499121713083465,25.090272262748933,5.261950242831879,57.1598526062073,23.508807385473784,6.761150513803581,58.17132443895396
1186,-58.39964076105398,34.75498373208434,29.314231665331004,-57.4855698771747,34.904198313576046,29.535330707071918,25.694335489596043,4.801015992895886,57.21356775635693,24.059662397358075,6.4206675178578765,58.22311381117182
1187,-58.17615561434312,35.1954772762904,29.34619613413003,-57.26257663195029,35.34940482818556,29.579083426973764,25.97702389657131,4.426817038272889,57.26986546056649,24.320963028809743,5.93969071849691,58.24886590838968
1188,-57.953754910719546,35.629825723451425,29.388747602977084,-57.03682721423821,35.79270853295589,29.63028438205529,26.292533695978943,4.098099373495316,57.3110655029249,24.605553224683305,5.531229505874681,58.27534985463886
1189,-57.732040097792634,36.06829075845519,29.44210649298565,-56.810250845323154,36.23829473110851,29.68798259009728,26.76862987702233,3.6929128394257633,57.35198222047035,25.02285119698471,5.156579095667034,58.30750164197695
1190,-57.5096868244126,36.51677995196221,29.50300858184115,-56.584912428638624,36.688605255772394,29.75030758058232,27.273028648395048,3.3068653665240837,57.39707687652249,25.410291659494316,4.874398835978555,58.357652837743885
1191,-57.28839851468016,36.96662793254509,29.57176588482245,-56.36380483142463,37.13566615201358,29.8150585438645,27.624544238526205,3.0011306601526186,57.44176389492556,25.635046888774074,4.562627813788634,58.41801522021934
1192,-57.06261337835534,37.41717975298185,29.64910862105787,-56.14156637021621,37.58219166847151,29.88228349066867,27.863408442704777,2.8239173600095757,57.49450727428437,25.8954263183237,4.410016473974885,58.48106180965205
1193,-56.83572596199535,37.86947415494204,29.717376012057382,-55.9184725976664,38.031060620417335,29.937561966346014,27.9311614399558,2.6947721366469373,57.54522075052764,26.063597919059728,4.358273851617773,58.54442612799476
1194,-56.607134309012544,38.326655140602035,29.774324782743232,-55.691033689007945,38.48936472254839,29.981962453714317,28.024400343630614,2.734951806597726,57.62104910428062,26.054022102823843,4.348267669502798,58.612142426232516
1195,-56.37834251529137,38.78968107135326,29.81797771637684,-55.46158967467614,38.953791958120235,30.015546622048255,28.06204423786561,2.7152374179128116,57.7084900431307,26.046258282176186,4.2319177817409,58.68703831971034
1196,-56.15027614025883,39.25002194617533,29.84799273860519,-55.23223305097946,39.41341308883639,30.03921329281264,27.804527005125884,2.752103686534551,57.80287965792871,25.816050950655782,4.170769812466971,58.76544164404129
1197,-55.92017716965493,39.70510829364588,29.865938784518693,-55.00186414729838,39.865583271918865,30.056863843306676,27.59073799377961,2.870394192422498,57.89244391365918,25.745579630234833,4.251140737899923,58.845819140988866
1198,-55.6884099231236,40.15876180813677,29.87189426530878,-54.77315008690945,40.313034396966984,30.069751954186888,27.44765140341206,3.089696505424384,58.000433821702714,25.702059320177288,4.368840471165013,58.95753862149611
1199,-55.454980200942295,40.60865824883972,29.865773965120244,-54.54327212264089,40.75493761612498,30.078727375675886,27.19923274411525,3.517992490445135,58.07470903084093,25.60000316051391,4.850106910765434,59.015503735564444
1200,-55.217247152197196,41.05690436133368,29.856191917006846,-54.30985306969595,41.19634074327622,30.08268713627686,26.938755840469536,3.814332204986097,58.1526723619099,25.462407824871608,5.11905726311651,59.081503467368506
1201,-54.987945039479854,41.499131038284986,29.8576659813816,-54.08146676711145,41.63984150970124,30.10140022325743,26.815507076493756,4.330673220693826,58.24518974094779,25.400974865805082,5.678995809494166,59.17356344194139
1202,-54.768484786130784,41.93783338613178,29.87611507438687,-53.85964468643969,42.08479755537689,30.13748500498195,26.647250545251914,5.087464708198482,58.3049839686345,25.295203300410886,6.357851016627659,59.22667679157379
1203,-54.55896316521078,42.37958889214167,29.915388757655226,-53.645515055236054,42.53346650602829,30.1905382055001,26.818906282009948,5.919767240586654,58.37950880668438,25.47421325835825,7.03724066899182,59.30489668016686
1204,-54.35383815379656,42.83060236425003,29.974258301032332,-53.43538830670585,42.98801195574425,30.25710077160402,26.83803672475672,6.684582750025659,58.43815193195565,25.523678187655584,7.6166998007421425,59.35850531888024
1205,-54.14958284046832,43.28126065336004,30.04799475693766,-53.22914439401852,43.44071157811489,30.32886509961035,26.70967165705388,7.407496011718018,58.538917977252645,25.369681810805073,8.0786465259966,59.50498395167989
1206,-53.938105324874705,43.73181469633494,30.139049457859805,-53.01873457742531,43.891869399244776,30.40872842263475,26.669124243553497,7.78093669967551,58.697529724059876,25.26976666795039,8.338870720297155,59.667775215341365
1207,-53.71398004344166,44.1753330933488,30.246642621552933,-52.79746425437591,44.33549842101023,30.494505611821864,26.69710046964887,8.209044444739185,58.853866501566664,25.226322045486516,8.50390285556421,59.815601715298065
1208,-53.478887720521314,44.61015284536374,30.34090750402749,-52.56755078285089,44.773305383759755,30.563446882392423,26.67517854198307,8.378735279500074,58.991313225090764,25.154031655460173,8.622966832373557,59.952172870927434
1209,-53.237680650808606,45.03901893398508,30.414389279930454,-52.33181883151515,45.20231183243967,30.613798866608644,26.795071907100322,8.392570970172965,59.15843902942668,25.250804542818297,8.732490440219278,60.08913187137319
1210,-52.99512318911193,45.46553891752805,30.46761676332385,-52.09203552949076,45.63011216166387,30.649557710300325,26.7204393957135,8.371973446966006,59.298430029530834,25.34249971804127,8.896047185749055,60.19648205760292
1211,-52.75708604204369,45.893718283236936,30.503690576840256,-51.85388543642197,46.059558782431175,30.675454288199454,26.836327796553363,8.32729209906213,59.46208563282581,25.601468929791796,9.032495135461275,60.30429317693221
1212,-52.523432461829934,46.31701548293385,30.525513308866483,-51.61861039487047,46.48308183848714,30.69455624388597,27.05211732580135,8.266538555319375,59.56302318254905,25.759150377273425,9.132049929806957,60.40764920503502
1213,-52.29077287779047,46.74475272017921,30.528896842560208,-51.385002120752056,46.91240388317991,30.70627091912813,27.305347458531624,8.246644342948292,59.63072539886912,25.94828196024612,9.155739467943814,60.48603734390199
1214,-52.06244231386214,47.17254300751609,30.51260714942361,-51.15440584864439,47.342631559294084,30.71085000914115,27.59800853202934,8.286767841097904,59.686476996279566,26.185404397189863,9.212616319500006,60.548865404007934
1215,-51.83129317140164,47.603199611647135,30.493551931614757,-50.92082598479866,47.77777320657473,30.711098326313657,27.85734429726591,8.461648761212139,59.72641703048942,26.28715482101079,9.435196439767758,60.59482081489745
1216,-51.595851347518625,48.03599009057712,30.48422754878654,-50.68527274132707,48.21270777039515,30.72105851591314,28.006687682896963,8.514039269292095,59.75160255457256,26.367114244958852,9.455986674648004,60.63841878729504
1217,-51.35966475690229,48.46563065215963,30.487616267477648,-50.449955522974776,48.644645379799044,30.740957801707932,28.257614694626792,8.583441237094108,59.776172532828106,26.586738130406328,9.574890387343872,60.669374743200606
1218,-51.120323882786536,48.890117604424994,30.503755504654315,-50.211431710327915,49.06788489560517,30.76925623607544,28.6181827103709,8.777158818787585,59.81324450672086,27.10006526584646,9.847560891818679,60.734131692442155
1219,-50.8787280791868,49.3222265429059,30.52867096014842,-49.96824613526788,49.49687449787522,30.80259702178588,29.09510306535203,9.784494799408654,59.83381007319491,27.62504421616103,11.196139726589777,60.780563286943625
1220,-50.635821060771114,49.75551823109625,30.56359463597733,-49.72255145522511,49.925899928665324,30.839698168576543,29.562941675183996,10.880936468296088,59.84561640487789,28.094406769737223,12.33856644479732,60.80175838839697
1221,-50.39621027220717,50.19191390821425,30.608790991972388,-49.48032089391029,50.359915595308294,30.879858842655736,30.038220901074556,11.903863829571563,59.87502238850938,28.57519446600114,13.18494823760497,60.84395618208635
1222,-50.158812027366366,50.62882333241511,30.663424231622912,-49.239366415902204,50.79777525816762,30.923063851512616,30.61019512046313,12.882742672085524,59.92389615771467,29.015445212158376,13.97596327258338,60.899394548281094
1223,-49.922277884300996,51.06726873135778,30.715418970667024,-49.000934366848554,51.23782520608463,30.964699450829407,31.175793603673927,13.888779479473213,60.011261062030066,29.36442855004969,14.485298503227677,61.002083819666026
1224,-49.6878727040553,51.507485098708884,30.764258469695818,-48.7698037503641,51.67941637995029,31.005406728433265,31.657008095104487,14.871874301885468,60.11191521056941,29.686111359620895,14.964372958649756,61.09910369177152
1225,-49.45541737308389,51.95519007272763,30.810327752677363,-48.541595512977494,52.12423044945471,31.04583137193365,31.860968783276995,15.791464311845397,60.19763456857787,29.892938716368693,15.451687734479192,61.19667882143444
1226,-49.22789611783367,52.404032254480505,30.85311292515548,-48.318825162166924,52.57343838654474,31.08425037275098,32.019426809166575,15.987022635950074,60.2988988079024,30.047560911543105,15.960435102637195,61.29201170528211
1227,-49.002255064013546,52.85577098629115,30.892244901163455,-48.09652402089221,53.02260595291314,31.120725062341176,32.15268625300894,16.1480462138198,60.41573391623715,30.18714071202188,16.3805326153291,61.37496270150471
1228,-48.774575501193674,53.3030361856414,30.927807730550196,-47.87103160775662,53.46884816061633,31.155465898373297,32.13881840135645,16.347199431168757,60.51253378097156,30.212034501573616,16.706048982737343,61.43952168513513
1229,-48.54790332674511,53.748513548697986,30.96102789570693,-47.64439631113948,53.91396008682831,31.19004168768197,32.052902110803366,16.5443396237126,60.59619457294212,30.192506792798575,17.07435212739122,61.49274228212801
1230,-48.32049931896462,54.194006921452,30.99634911073346,-47.414941493029325,54.358201774380994,31.22638564143331,31.933699543072404,16.80916967073115,60.64312559663964,30.131630821008237,17.335786234417238,61.540856752427025
1231,-48.08908846456997,54.64243751586523,31.0332386276947,-47.18294642282514,54.804882893118496,31.26444123293262,31.86842509145297,16.976919578941295,60.68301091984019,30.205075076578435,17.475756017611168,61.58388640025165
1232,-47.86003492854417,55.08904584063797,31.068978884953168,-46.95108889975407,55.249748851525595,31.30253713188897,31.80247163533685,16.943195848030268,60.709895303021995,30.21848119161075,17.40959615807849,61.62135247838423
1233,-47.63093389690032,55.5329057432524,31.10463627453874,-46.718842526933535,55.69304470989345,31.340444559363156,31.63119004299002,16.886306422317254,60.70057084658898,30.07888417877937,17.443449885998792,61.619179416691296
1234,-47.39957030398228,55.97984221668802,31.142478530775694,-46.48447959051885,56.139302042849806,31.379422389467873,31.326178017379426,16.86048276340642,60.66353921777508,29.795097691009722,17.52570709658687,61.585723783961505
1235,-47.165332333921974,56.425789492100904,31.182627224045603,-46.24653597957296,56.583745816228344,31.419160326896538,31.093402564846443,16.82970888870555,60.614346598425556,29.578705003783156,17.577844490183786,61.53990185000226
1236,-46.92596656740798,56.86917818884792,31.22216673771468,-46.00365459192443,57.02508463488045,31.456950446865086,31.049945076137597,16.67503331509074,60.553942463583574,29.63174262285138,17.554716790184628,61.4890513382717
1237,-46.68494829279415,57.31306344844647,31.26070110242959,-45.760081868930016,57.46637676267601,31.493873641125848,30.97730501514499,16.54633483837683,60.50459757433213,29.584171821041277,17.540517640315777,61.46886186199989
1238,-46.44753763857592,57.758744669849854,31.297104255493565,-45.523030362955616,57.91153299200369,31.528818309118467,30.779839005628062,16.21731289629553,60.47157278050989,29.48966546329545,17.18027807346912,61.47924399747199
1239,-46.211952370144424,58.209028602861466,31.330916554894134,-45.289549583833384,58.362336229051834,31.56178194877626,30.371750153058873,16.12829227975285,60.444662878109995,29.07618934591158,17.05192344489747,61.50012787110151
1240,-45.97980013011104,58.65975008936562,31.363246309264685,-45.060256851752236,58.81179406964618,31.59414828521533,29.844971410642813,15.903162110116096,60.45288372616322,28.425150926718743,16.843434578211664,61.53362413861988
1241,-45.75188453853545,59.10702529668413,31.397659105890025,-44.83650575008773,59.258305597331294,31.630758248745135,29.482190361165014,15.726616112554673,60.4991303576647,27.958957807569305,16.794363143786462,61.581896529368926
1242,-45.52520134692443,59.54848939580516,31.433487424200933,-44.61383696480353,59.69911072606949,31.670058634987708,28.863497244816156,15.893864833049845,60.561480672380135,27.238276814156368,17.22153922149094,61.62332159751081
1243,-45.30077386978206,59.98920205770304,31.472785221013705,-44.39148951820889,60.14021491479371,31.711963212701043,28.252519297976473,16.150190254815637,60.641495751112444,26.901916494906885,17.62982998128426,61.66625808213943
1244,-45.081203644635195,60.43075880120974,31.512612930392862,-44.17349371766243,60.58273110011364,31.753516994918154,27.64630543958751,16.4181516290826,60.726217479760045,26.54967870815704,17.971381565924506,61.72873651247348
1245,-44.85885860544794,60.86041562035457,31.556350195117567,-43.952904041888466,61.01244570039788,31.797324758566102,27.1848427140398,16.887788864877255,60.83127381800976,26.41127139979321,18.169677784338962,61.83452435058937
1246,-44.621597407250036,61.248450287472615,31.609090454744617,-43.72084849428244,61.39386337773365,31.84815222204231,26.947958459893115,17.2348909896143,60.914612792874735,26.255148886453007,18.306768785850792,61.89691406477799
1247,-44.35870640322851,61.56645840371171,31.666242561914665,-43.464931524994675,61.70054164997494,31.901174761681258,27.026916411914208,17.650940730505802,60.99399741419874,26.17786507101516,18.464605434308854,61.957895987742575
1248,-44.06932295539927,61.79892866725551,31.72373540356893,-43.184301513212,61.92145572716622,31.955538140709535,27.136687106963304,17.994901966809774,61.06739924361746,26.170911797675256,18.620844533860893,62.01776108989667
1249,-43.77588647629506,61.93382294489107,31.78201230863383,-42.896445264273254,62.04708802981196,32.010896147980795,27.326943302132516,17.89312242018745,61.12752067761124,26.221488938148198,18.752318633906288,62.071057764273085
1250,-43.50999988461291,61.97519459034714,31.841166466360637,-42.62458771756412,62.08352179757199,32.0673992715333,27.361386386064307,17.856646304366226,61.18620308395034,26.306248669351287,18.843114938241932,62.11352647386765
1251,-43.29794833504968,61.947170162849325,31.898122175508227,-42.387514771031114,62.05262566717545,32.12177356467128,27.41391915407137,17.750696744354588,61.2206571846731,26.405168099768932,18.891437384224385,62.14400925176518
1252,-43.15098198357267,61.88357870779047,31.944243987711292,-42.197977997421674,61.977680484697935,32.162109886037555,27.484343184333227,17.737560599728678,61.21596132082496,26.499951860926444,18.901838583283197,62.164905051606205
1253,-43.054249102147345,61.80255996058943,31.979671538773243,-42.05801086290622,61.877691055351974,32.19172726267265,27.57676554909178,17.665209569344935,61.226885881559866,26.57809220561504,18.883699155602987,62.17912938744525
1254,-42.99950236896665,61.71344188956237,32.00587459124849,-41.963389504691804,61.76286973108996,32.214037228175044,27.629681470828185,17.587227153951126,61.22909894287222,26.6366175786851,18.844512084888557,62.18973650524836
1255,-42.98544905399298,61.62344472494346,32.02116973417528,-41.91449461676581,61.64028628087966,32.228761159026554,27.644653233785867,17.50867430364951,61.22273517246385,26.669216051002152,18.789665908413227,62.195254062770076
1256,-43.00770121953793,61.54138387625813,32.027186522360296,-41.911581646110676,61.52003968447952,32.238830968179336,27.62428464957688,17.437024318007428,61.21220631651381,26.671874885487693,18.726337487340835,62.197398449406016
1257,-43.05658021207905,61.477576125630925,32.026963372645746,-41.945851012284066,61.41664749938715,32.24947520375994,27.579999108049023,17.380123810230284,61.20355213222944,26.651324539142653,18.66791089232543,62.20141964590418
1258,-42.993348025457536,61.51900788302186,32.0210117065387,-41.890945013408384,61.49643064711857,32.259454599073656,27.63841564708642,17.417196145907624,61.1975924127074,26.687388149363866,18.714063832475322,62.206174726105765
1259,-43.06142449694735,61.49338179418169,32.01733022797593,-41.95380133387034,61.437460092699226,32.267669437868406,27.575938316111316,17.395521272065576,61.194617189926355,26.644502106969522,18.679207090974764,62.21124099818595
1260,-43.1277547536055,61.467012061148374,32.017215468890015,-42.014232287290326,61.38016822374203,32.27615740220501,27.51537238943315,17.372556220663935,61.195306899523274,26.6018072347775,18.64060587225751,62.217289091049324
1261,-43.18535163686822,61.41419757632877,32.01929101031944,-42.06252474583115,61.29359950416671,32.284833345465735,27.46282993273441,17.325432771418246,61.19816089453927,26.567417097454168,18.573379316932332,62.22416299753789
1262,-43.21987210748383,61.324017827079,32.02166010035608,-42.08543677021222,61.16958372815518,32.28994022613464,27.34199702772714,17.441464712222505,61.20365836946126,26.427561312633774,18.748288332775104,62.23103936965046
1263,-43.21256672461125,61.448425413061784,32.02365673220765,-42.085032292508885,61.324175654261865,32.291431945562316,27.51832370153535,17.31491687978061,61.21334094454925,26.632304636715762,18.596502488668992,62.239710430049485
1264,-43.209466278646254,61.61494744177735,32.02329121796929,-42.07751269804203,61.5137312014407,32.29074000689478,27.67230071868535,17.194966387023726,61.2162797665422,26.778477128839935,18.49458022661945,62.23883700243392
1265,-43.24586333248283,61.40815778129223,32.02180020000144,-42.1263729547118,61.30094268519962,32.289756494078304,27.53109125217606,17.276181360823635,61.21557285463709,26.651348367498233,18.50334809779725,62.235591889972255
1266,-43.343868721034745,61.17253113431303,32.019866764994696,-42.23313320465723,61.08289024119967,32.28842017766141,27.438329324355557,17.49452067702309,61.19929618272288,26.581268032147875,18.681071058511638,62.21291226152473
1267,-43.50572369010364,60.92269289218183,32.016283114360114,-42.39100432949947,60.8649697429056,32.286184917988436,27.43263267273504,17.734059910487172,61.19351384073886,26.604359365556906,18.832040825071683,62.210089389019544
1268,-43.70633853653674,60.66512030235765,32.011256327794776,-42.5773826696211,60.639146698305304,32.28337157797212,27.527293145702693,18.053683466849016,61.21263271931156,26.727526273920766,19.034403714169436,62.2438151479238
1269,-43.91904833438918,60.387041474779956,32.00547118988425,-42.771457753976804,60.389222832964144,32.278983586707724,27.551514880762962,18.121085281444135,61.23479684498053,26.767418125668662,19.10132474244678,62.27760059751567
1270,-44.119262461492674,60.07347166079531,31.996608878824425,-42.95399265668451,60.1024984505121,32.2716380532424,27.561144536345136,18.182174249084166,61.27035953442741,26.731407196310585,19.21168132648873,62.325324369009934
1271,-44.29090140065248,59.721604968832494,31.98437346502005,-43.11566377021617,59.777259776644506,32.261493213933896,27.557820584447217,18.278363116876132,61.32281141273987,26.68504901868034,19.314175918100396,62.37963933205221
1272,-44.437409399156515,59.347278345213546,31.971083448120936,-43.25770556487495,59.43252369734833,32.25069024073923,27.720081949551894,18.34941427124615,61.38570276052464,26.84109487216833,19.272758885504203,62.43636289231432
1273,-44.57914874152571,58.95549786225369,31.959434623352248,-43.395717371326796,59.07258807167462,32.242030858649244,27.86278552608624,18.331440579499407,61.45909115529553,26.956213720069623,19.260545064222317,62.47725883145947
1274,-44.73290397046567,58.5633898323359,31.949689146475873,-43.5424197623858,58.709840384466645,32.23538348076654,27.788557494347813,18.30284495133662,61.52894758661638,26.795168657380742,19.251989202968126,62.519570891706536
1275,-44.91184958499099,58.177556930025844,31.94235824263868,-43.70762932336452,58.34932985293383,32.23074541258185,27.605048988964295,18.045706638478276,61.55644869567241,26.581567973407317,19.03313659320427,62.531933327884474
1276,-45.117493644671654,57.80263517181751,31.940193296656183,-43.895209878191615,57.99481598795364,32.23038040000669,27.30984856682686,17.64615010150843,61.56517886532065,26.23227562467842,18.54590556832014,62.52022027174378
1277,-45.33865659513417,57.43786887592649,31.943070178837203,-44.09980967868134,57.64150990244761,32.234059792671175,27.06048217390886,17.293323352955962,61.57751303422485,25.960633046347645,18.265474867213143,62.53625593876293
1278,-45.563837445579054,57.077202080926206,31.94948541184008,-44.31436342845654,57.28635132718198,32.2398894283731,26.83979941318722,16.97203581960553,61.596258106043784,25.784433942006387,18.10094424493353,62.57373099815779
1279,-45.787558293960664,56.70609227845711,31.957898671916475,-44.53198821158408,56.92103582927913,32.24544102253305,26.50347226195758,16.7124410509181,61.591275689683094,25.658897205670538,17.9020060599915,62.58426077348492
1280,-46.00099909379821,56.32774511708067,31.96595218258694,-44.743177844756765,56.54912960658,32.249739224446344,26.169970537287995,16.505262025341796,61.580042666298084,25.550785087051686,17.83876586908273,62.57946366369155
1281,-46.20860498597598,55.94032979567975,31.974309841480263,-44.95198486811239,56.169271929280626,32.25488998368577,26.00807612944591,16.21969539910428,61.55019191552752,25.452520348822798,17.72956218741777,62.56026468454992
1282,-46.41701856874712,55.54437065092848,31.984551200147582,-45.1627010726472,55.781032956526055,32.26262338519382,25.964844601517193,16.20641958712003,61.55277584169777,25.429453029064653,17.816179628665868,62.56996540193558
1283,-46.6305915838647,55.14329574505035,31.996481593682102,-45.37750889255659,55.38931275615633,32.2733157500004,25.999730174238724,16.476139123076393,61.596716869028306,25.338236941160517,17.9661800653893,62.61219141731486
1284,-46.85413926863117,54.743514951492244,32.01004167886868,-45.60105007087534,54.99796943670075,32.28692483857936,25.988898374628192,16.813889403305758,61.657428350534786,25.226418195249487,18.276942673380113,62.693681775677085
1285,-47.08471909093313,54.34501747915726,32.02510715729552,-45.83083811535012,54.60894672625989,32.30242299607285,25.98819578186104,17.066561470415692,61.7259900669427,25.194658810757552,18.461722949045,62.79500268132586
1286,-47.317083272559,53.945525319088176,32.043199475513305,-46.06141292698102,54.21605234648349,32.32006269877559,26.05065933000897,17.328448434897012,61.83363834966476,25.27468736730646,18.556138319536394,62.91138441812726
1287,-47.550169983227555,53.54352579248988,32.06411427050419,-46.28979710093346,53.820962978193734,32.338182982113075,26.154726990497018,17.521973510237924,61.97733438099452,25.38902482752687,18.632004126441117,63.04214234179333
1288,-47.780779620444505,53.135805195896445,32.087265219112965,-46.51641758854285,53.41886002857094,32.357510458595705,26.231365894663195,17.63659704612922,62.1580564893574,25.43171951500221,18.523580926718136,63.182788236545605
1289,-48.00713261643197,52.72734985623547,32.10965534082384,-46.73977770401688,53.013936894088246,32.375748676347385,26.40611352031104,17.72238111864602,62.34659709697213,25.660681270893534,18.57094047959314,63.33200479405829
1290,-48.23036866680313,52.31862475597401,32.13127075921112,-46.959909767849794,52.607029949255455,32.39439026289003,26.67460759675277,17.673083938345723,62.4933592147868,25.902316557158745,18.499127766179864,63.42795421628342
1291,-48.455267793333675,51.90258323208908,32.152124873840414,-47.18272246049893,52.190015749981406,32.413796307760066,27.150651126026226,17.56537862469537,62.58672204823234,26.340757615327192,18.550163554586902,63.47670989136979
1292,-48.683852539877115,51.4814007169449,32.17453033439125,-47.4085945632788,51.76986128299079,32.43560648591687,27.52609825254128,17.524505061611283,62.63672890055016,26.60788899249863,18.624296890400938,63.49063241011251
1293,-48.91458947662213,51.06199978091141,32.197843521883534,-47.63729182984159,51.351392527954495,32.45872955579152,27.934381237905352,17.400170395976804,62.652237862510496,26.976077373070147,18.51686455104272,63.48977880431849
1294,-49.144196184660004,50.63663629839031,32.22205456592362,-47.86441573324263,50.929456994055236,32.482362841877574,28.390121127423896,17.14881427715163,62.62046608136267,27.387480113872495,18.25306906512153,63.460917474283306
1295,-49.369979423201684,50.209749286620394,32.245858017072436,-48.08822236306993,50.50704587996302,32.50568539790522,28.933797741046,17.251561282902724,62.59123567144633,27.790928414248697,18.36817277945845,63.477620777995135
1296,-49.595730029381365,49.78193645882696,32.27129593561519,-48.314231539367626,50.08612430837823,32.52960652559482,29.29298767054968,17.264136787412912,62.53883810272059,28.052149023777044,18.464955759760223,63.49574557815805
1297,-49.820247542771625,49.351293984920304,32.297843620420494,-48.54029291894689,49.66306513849584,32.554590987494834,29.513393344323458,17.170696820016442,62.49661648444912,28.123984242501294,18.280567058201395,63.50100811351886
1298,-50.04261178686591,48.91974274992998,32.32451183285914,-48.76518017732006,49.23394093692818,32.57964021752923,29.55124614657329,17.060107079049242,62.47260369783037,28.171356832844786,18.21444539004163,63.50078971561514
1299,-50.2631844032525,48.487237999747705,32.349769478554535,-48.98721284328002,48.80343506313497,32.60435077627566,29.68749720912177,16.892692024559583,62.52087571434272,28.260899760592405,18.117785926652324,63.576872210908995
1300,-50.48229898393252,48.05512317143037,32.37432248075634,-49.20919694497553,48.37436847092176,32.62849656666227,29.670244705553984,17.011687647308865,62.59418410608234,28.27527192818804,18.279404166483804,63.66046738475718
1301,-50.699585697942474,47.62147766828709,32.396807921672035,-49.42798443588714,47.94286863438142,32.65010753396235,29.61413041830519,17.33529085187227,62.69968328722582,28.35538744757192,18.521096454941656,63.7425222143287
1302,-50.91863261665838,47.18909522211622,32.41869592899315,-49.645957813905156,47.51259871399229,32.67050536509064,29.630196264097,17.454556961420934,62.79202100141913,28.583348810391303,18.758681389361765,63.83270360557044
1303,-51.139158664515094,46.75421164940049,32.44059364501821,-49.86429366954179,47.07874433439389,32.691081882677366,29.797807052405926,17.42475045957396,62.87234073520066,28.916184314490874,18.74288913768977,63.893180109278696
1304,-51.35783486760297,46.31908241837507,32.46009520833989,-50.0804409720962,46.643636400462796,32.71020555663243,29.96940973175703,17.48822680078712,62.953998204386004,29.061025099840126,18.59386569510048,63.93449336028539
1305,-51.57708836556227,45.88234663821652,32.477808123790226,-50.29749147906926,46.203425441042285,32.728152117889,30.179351231071696,17.657058237529725,63.07969500989424,29.216521501381507,18.701798929355466,64.02394781456948
1306,-51.79620032369686,45.44415998481306,32.49412780961609,-50.51406458262596,45.76089322022558,32.74547481708665,30.403926236955925,17.928707255775304,63.159759367654765,29.414351788146863,18.890458319783495,64.10834927606899
1307,-52.014957487287006,45.00361895568625,32.509312760868376,-50.73129773661888,45.321487048486865,32.762477741082485,30.848665200872077,18.198583353886182,63.256894859073576,29.818281732376366,19.27647997133091,64.2223494674002
1308,-52.23653201954477,44.56096469759765,32.52781599069064,-50.95240948340606,44.88000315962693,32.78496312258046,31.073432541290863,18.12373774444641,63.36698703114799,29.90502708028101,19.216290603109908,64.34547508226186
1309,-52.46120820628642,44.117106617273805,32.55045446061833,-51.17740496215913,44.440085357593816,32.81149915472294,31.046865874710786,17.983198699106502,63.500337601072296,29.788522047802807,19.119624972333686,64.50168096751402
1310,-52.68992021495292,43.675334377535656,32.57799964697733,-51.405423331336955,44.00189314053312,32.84126440384886,31.138332093426634,18.003326784557228,63.677316958089634,30.005107332438243,19.056465922715393,64.67490497413411
1311,-52.919336539093585,43.24082720300744,32.60939165204882,-51.63310308992918,43.57143971531299,32.873441839233884,31.640478041824455,18.06814691119899,63.87194050522947,30.624580134066374,18.937812181254962,64.83213285681634
1312,-53.1502448259794,42.81156219808807,32.644264288297805,-51.86330514771226,43.14628469993735,32.907194255654645,31.952527824695196,17.99014388663272,64.0630539802618,30.904276404041326,18.86915424134241,65.00939583546986
1313,-53.38320589974842,42.38755669195954,32.68214409993872,-52.09830179450132,42.72205072796674,32.941468048834096,32.18211663268818,17.84162644623653,64.25488915423003,31.09476738400135,18.8147591720788,65.16440820558988
1314,-53.61495906732772,41.96233988332035,32.72422172131254,-52.330602161540774,42.301565913077866,32.97765550838981,32.27003761526638,17.51659801629021,64.40156925494716,31.304609833495213,18.74451832497433,65.26967568956273
1315,-53.83692232360358,41.546641707635224,32.76578058573211,-52.556267568010476,41.88733809715909,33.015523025742915,32.52982424132216,17.329739213761993,64.50491382094401,31.456849156966946,18.52454451496175,65.3275083476455
1316,-54.05119154103072,41.13296584524243,32.805903292700656,-52.77508642517637,41.47251271517701,33.05307383419273,32.8940205394336,17.279326600587634,64.5832319575029,31.539455356172237,18.489232285394714,65.39707871570552
1317,-54.264511320433535,40.71419512902905,32.83452456728,-52.99259183155753,41.04934249488039,33.07537828395569,33.05946103997869,17.213967126054026,64.62137073718876,31.63402432757551,18.453043525999792,65.44286774106877
1318,-54.47915701501428,40.29434313606497,32.85106115173324,-53.20994192885032,40.62603701310644,33.08490246089549,32.93874334834308,17.141917873242587,64.63822380332132,31.759253296852627,18.3667021912399,65.47468093921772
1319,-54.693923211071535,39.87324311367732,32.855552417740036,-53.42593547215149,40.19987299478857,33.08379713949934,33.007775707753986,17.132153023666387,64.61446032309117,31.90603766319619,18.40447995569546,65.4918813212969
1320,-54.90844621581778,39.44985115774639,32.851016668122156,-53.64057115490333,39.76827025514364,33.07695964190722,33.30560103120948,17.205414620982502,64.56337362411362,32.31187762572743,18.550701609968115,65.47960760662268
1321,-55.126560423446215,39.02112755155325,32.83678215048087,-53.85602440301937,39.3329459684488,33.06537740344741,33.664147862837105,17.23279427919349,64.52305919040995,32.78023342106461,18.580497822764585,65.46572312020426
1322,-55.348430463879936,38.58503945723443,32.811709212524974,-54.07321799842906,38.89452407313911,33.04901726160461,34.08002610702177,17.361037764132682,64.49701421056002,33.227410299766085,18.579761732678577,65.44881004341048
1323,-55.574066904732426,38.1446130131898,32.77515000780448,-54.29253333846208,38.452889907999776,33.02792008005892,34.610425642667096,17.261640677019145,64.4724510966623,33.69864079193663,18.400960574015297,65.46092374464007
1324,-55.805923643741295,37.70450830410651,32.73960407718477,-54.5203804591145,38.01113678217612,33.00568980548742,35.29683325487448,17.329630069422393,64.45833346577696,34.3220275632226,18.49011406771423,65.47437286397745
1325,-56.038597088482035,37.262875307479,32.718878132773796,-54.75103896868381,37.57540333150853,33.00094334982173,35.905649856928456,17.4627267743384,64.45378267016358,34.75823760097867,18.597210776734737,65.49393616197246
1326,-56.270307024016255,36.8172467883374,32.715493839931675,-54.98518876446249,37.13467593514639,33.01284703369452,36.54152114620567,17.38868523317092,64.45590054942907,35.1968858551714,18.49500540363343,65.51311075890871
1327,-56.49732085900876,36.36910675404418,32.728808495461834,-55.21364883682618,36.69439441443826,33.038961114408444,36.85610141677625,17.18336244842667,64.48084261164519,35.388617389798924,18.32745974549275,65.53310597831407
1328,-56.716834883290026,35.91415361788058,32.757800306280004,-55.43695894342745,36.24511032057033,33.074238802856925,36.94810107603849,16.957411413579354,64.51621637329222,35.369938700442354,18.07008431153368,65.55770404001875
1329,-56.93001408064032,35.456200325418834,32.80179354864601,-55.65460232995732,35.79302215340447,33.11525918190912,36.95377983161154,16.704158148052088,64.5690589216916,35.30433104483195,17.801908160422474,65.59541840217446
1330,-57.13530052933397,35.00285322934922,32.86294841667172,-55.85997138289936,35.344286741388686,33.16455972296528,37.011103202330425,16.682601172050227,64.61271521874303,35.44388917796849,17.742908049707168,65.637575043278
1331,-57.33483606274921,34.55628236415497,32.93871055568059,-56.05736581812985,34.90005223128164,33.22020386268846,36.67437966003601,16.25413385849086,64.66707760406166,35.23158917941548,17.387754911445967,65.68780668503314
1332,-57.53741787179912,34.11048156851218,33.01234799026766,-56.25554228227978,34.45681462144091,33.27613380047814,36.143378410232245,15.848731645717809,64.72969040564581,34.723163341990016,17.168608045848003,65.75013864816128
1333,-57.74563275772066,33.67114591453072,33.06940949966955,-56.461182097120165,34.015435650274654,33.3135336781329,35.69134812227935,15.254931360162496,64.81095413653296,34.53671338424698,16.54539133912938,65.83366310102589
1334,-57.960673659136695,33.234546785507845,33.108344518978186,-56.672191305924976,33.575735439774284,33.334679551702074,35.0427456709752,14.277043179587764,64.86679692472576,33.962516508149626,15.403804296629628,65.8701788899628
1335,-58.1807514855753,32.801501862196034,33.12854685546941,-56.890369183340574,33.1342843017805,33.34060801737822,34.45747524249448,13.363351549932682,64.92162706803651,33.427212232999665,14.445757079552479,65.90592248227887
1336,-58.40043020906811,32.37296533623621,33.13067356629235,-57.11038904182093,32.699351599003215,33.333060561141316,33.80614799873235,12.449741194338673,64.95223374172002,32.85450972106569,13.612543629022518,65.9192308582449
1337,-58.62718153904115,31.949706440070067,33.113930470000895,-57.3368155075015,32.274127214977575,33.31632775773623,32.92703110187568,11.33947450757683,64.97475344597284,32.28423568805321,12.805604996019033,65.93258165045165
1338,-58.86087362093442,31.527607442780887,33.078973949381066,-57.56846981842564,31.85359211616656,33.29274245733772,32.33147234770937,10.234452878688382,65.02488128181761,31.891966996559724,11.873096530263775,65.99538326551459
1339,-59.10039032373415,31.10398422924932,33.02860487091943,-57.80764038570076,31.428739551195385,33.26431097472406,31.883690454262446,9.003953843049231,65.06635181960894,31.463344350704485,11.044079899263634,66.05187371789282
1340,-59.33633942720322,30.679768660369923,32.976077898590205,-58.043951192725274,31.004006530687597,33.231300881779255,31.395204516048082,7.9955864299850425,65.11639248714309,31.245641925381513,10.221483868810273,66.14620660610174
1341,-59.5670482409363,30.246729290709933,32.93479906251311,-58.276770763054934,30.568033746611295,33.21212501942982,31.48775178264144,7.588066313856331,65.15335802864821,31.41495143550046,9.794191421818518,66.17156121827652
1342,-59.78837258386962,29.80850176209067,32.90937190153978,-58.50242153233588,30.12575268450879,33.20767273875095,31.602687964663012,7.2579234936406705,65.2189510957482,31.513837627011057,9.516224803007757,66.23877006646853
1343,-60.00466259520171,29.364076681405617,32.90419982015655,-58.72264547266719,29.68046453123871,33.21926110123826,31.991953923831385,7.243563112598343,65.33692001555971,31.835346546010683,9.657991626302541,66.35225345749924
1344,-60.21563346291407,28.911084388233114,32.91753165971905,-58.93643367184311,29.231419255607467,33.24302110154266,32.433085025718725,7.571338524060759,65.41472933178629,32.07018444754462,10.09016505882497,66.39051755397398
1345,-60.426503227893,28.456278821599767,32.9475694237225,-59.146604555409695,28.783073937934628,33.27389739418715,32.97200266654699,8.109527160394006,65.41989227206801,32.49530913168153,10.436299377847591,66.36810784125566
1346,-60.63780287873021,28.00485232574133,32.99573044600912,-59.356629230759175,28.334517659279474,33.312967339735295,33.6834680975924,8.696360612040863,65.38407210271252,32.97464103150085,10.689156218483975,66.29967218821899
1347,-60.85824963063275,27.553273084668593,33.06116144797433,-59.573128132492606,27.885879243707674,33.35801894539122,34.47819715377133,9.394053668214692,65.31441350021852,33.603795286681866,10.90613876781223,66.24480354042947
1348,-61.08438824577185,27.109055345787823,33.127074568394704,-59.79426979705113,27.441831113388425,33.405142296301754,34.75969863495106,9.854112233980457,65.27297698897387,33.6981989035023,11.001856104690699,66.19314445801672
1349,-61.31707252976535,26.66893407174633,33.17690360809651,-60.02372781149915,26.999458380747487,33.433834838093425,35.033963896374175,10.18699029218343,65.1990917765124,33.70888092400028,10.967124639575305,66.1550613387933
1350,-61.55531526391129,26.229732524117267,33.20790010004625,-60.26175891177234,26.55934844859275,33.44570625288364,34.93885255525824,10.142283441623208,65.08852600067287,33.445601599574374,10.768965606610477,66.1293931477241
1351,-61.793230236915775,25.788573647463515,33.22041979623359,-60.501259426992796,26.11784721102477,33.44366633756933,34.87478158084524,9.885112994299945,65.05443045266891,33.28042937338409,10.62706069842745,66.16032712254083
1352,-62.03266473721479,25.346096027560026,33.21823107346163,-60.74288865760596,25.67742582520764,33.43249122265618,34.45919655042801,9.31028923331109,65.08612446807146,32.896145916259435,10.048077837236722,66.22766263635572
1353,-62.2773363246568,24.904539025563153,33.20084153128458,-60.98822287168902,25.239418004771647,33.416583085192144,33.858189431609766,8.589586501399502,65.18740473632917,32.4696522341896,9.346840092956546,66.33143828534428
1354,-62.518112253269656,24.46815655691302,33.166806053247605,-61.23105985055173,24.804554058094503,33.39413803131257,34.972221227649285,8.492028591640945,65.3053203517978,34.76882352962013,9.659348771984861,66.43834989357522
1355,-62.762410633059545,24.025114028519546,33.11874594343523,-61.476337972118145,24.36346882837778,33.36710595160847,36.41722254811194,8.287981454296492,65.46448038834357,36.65487062523942,9.7122485387616,66.57071494873979
1356,-63.0030736900265,23.580167268464457,33.081464539090426,-61.71680908461302,23.92014235879408,33.35145828386295,38.00364127835568,8.324091153045567,65.65711404588237,38.28783193234236,9.977399481416505,66.72805262627419
1357,-63.23768191868164,23.12987433770237,33.057258225769694,-61.95240015917183,23.46890595516699,33.34621992833957,39.81804876901841,8.708203907745926,65.88125725207931,39.64647427307648,10.484627245115924,66.90511664775556
1358,-63.463933109004046,22.676057423492885,33.046676362185025,-62.177993284692484,23.014273194136727,33.349521079722734,41.75455830349023,9.17440442973562,66.09903947666344,40.949555075496484,10.994176810367415,67.09098606478851
1359,-63.68230724170876,22.219836152188403,33.04927086259222,-62.395344230535436,22.557514054089868,33.359814099235805,43.75297111224862,10.080384615414157,66.29772669150243,41.863292546552316,11.509001694267111,67.25756472751836
1360,-63.89728790244019,21.762024828026163,33.059642882802315,-62.60798132304969,22.1023293825686,33.37206285530577,45.79396189467731,11.211892319409397,66.4754474959985,42.57028007631858,11.980509869104536,67.41552665504523
1361,-64.11338805638033,21.30614598591091,33.08169852786867,-62.820283197819016,21.649776389176527,33.38852016722601,46.060394086078745,11.619007088385306,66.64791535613462,43.217779840750055,12.408729834311622,67.54241299445424
1362,-64.33528457882147,20.85244301282104,33.115009979352614,-63.04113014156769,21.195413493495774,33.407845011316596,46.53923199282147,11.767328355602102,66.78764091964089,44.08096153937213,12.182507389526917,67.64576193571527
1363,-64.56318267797957,20.39824203305333,33.13887689992898,-63.267417377900216,20.74234871359619,33.41598766796907,46.90552361080247,11.74137401369769,66.91587141473181,44.723815878960856,11.96436014221005,67.76701681039972
1364,-64.79135752825258,19.950266274157958,33.15129806132599,-63.49754512239887,20.291688352521838,33.414859202974284,46.80701689796854,11.311488026895052,67.02781738584206,44.64822238041885,11.498188745696522,67.89207199556505
1365,-65.0230692103657,19.503598465490253,33.15198982819922,-63.73118443286148,19.84404589800904,33.40649261685247,46.442829875785314,10.851000591980815,67.13003242561756,44.44116586015169,11.156404857615414,68.02369691279164
1366,-65.25703615090933,19.057807691361358,33.14088866492234,-63.96743110055835,19.39815979227408,33.391007942226786,46.122324131652626,10.353781762526696,67.24382134023067,44.22324286685207,10.927102407090231,68.16539946801996
1367,-65.49167641792859,18.611641640289243,33.12132483397741,-64.20406372008168,18.953849356749338,33.370151042183274,45.39207288280385,9.207802032316135,67.35742591655416,43.45996628710084,9.891681704526578,68.30535682706912
1368,-65.72793216149223,18.166967370998183,33.092480525700054,-64.43959656628417,18.513689046681993,33.346820967645854,44.687693133940996,7.677631297940661,67.49401071107245,42.96751489481334,8.576610968644998,68.4462564210698
1369,-65.965248198699,17.72158700822322,33.05475437841707,-64.67850483184561,18.068195990455074,33.32315647783592,43.867499476127364,6.365771528408953,67.6214826437782,42.731540900680265,7.260031253495985,68.54656126257723
1370,-66.20177151997662,17.275280681059257,33.02797591100082,-64.91650614030031,17.62142473614425,33.31199498618309,43.20493433201145,5.345771768029318,67.720376870293,42.70434985955727,6.593064605570937,68.62530368082453
1371,-66.43569238050767,16.828776356863646,33.01425574978042,-65.15214490690971,17.17294622147427,33.31222950011392,43.15866294234706,4.074687461023371,67.72229347637197,42.9506599158003,5.425207928849218,68.58235465059263
1372,-66.66845563532111,16.380076758476722,33.013026540893996,-65.38531538007835,16.723159850802613,33.32160852451607,43.16615952571192,2.7041596799213976,67.72598301241686,43.075015625563665,4.384394789867058,68.58275632125394
1373,-66.90254792801166,15.929220327091723,33.02553466052177,-65.6194250389794,16.27053472151912,33.33955783108847,43.26587637073701,1.6111216093975975,67.74305738726116,43.248663391627424,3.9821047612773066,68.6360245332154
1374,-67.13820588358361,15.479833190641836,33.05101424790996,-65.85267527402141,15.821682217214166,33.36393353552538,43.79406340886732,1.0047500708890134,67.6946209768495,43.42179824266284,3.473714927269965,68.6156910138886
1375,-67.37499051696696,15.028400847661416,33.08750882905166,-66.08450471193173,15.372556122086058,33.39167735124214,44.113838865729676,0.5838443928947059,67.64245770944949,43.40330268134266,2.8438613455947728,68.61678302443043
1376,-67.6103862225688,14.58070885921998,33.119806047879266,-66.31501512944676,14.925807838791854,33.40463160621872,44.35011734623774,0.18613048225673523,67.6041033769475,43.43226453733031,2.1198603322414806,68.62539887546234
1377,-67.84803824106385,14.133364310252313,33.14132846742196,-66.5499367862085,14.47749773827505,33.408232278131955,44.50618599757926,-0.511894936345802,67.57741564392222,43.49611796973876,1.5078130939059107,68.65149696659928
1378,-68.08870785133043,13.68854461786703,33.154286904497624,-66.790832730728,14.029633635416827,33.40749277953389,44.50234857158603,-0.8094199807594766,67.58542155447535,43.577619955517264,0.9337650067405431,68.61741635711542
1379,-68.33145856398312,13.243611810441855,33.15661970248574,-67.034435227002,13.584407571545677,33.401193977913785,44.56308179094016,-0.948546874208275,67.52729225788512,43.649533224297265,0.595605761797193,68.5328618615099
1380,-68.56903299349362,12.796451955422818,33.148031176283695,-67.27582898317961,13.135406902351907,33.39019296058249,44.77899898165587,-1.4258350996419282,67.41198931965361,44.01080342509002,0.27902583671191233,68.43318357129446
1381,-68.80495761524206,12.344398840284263,33.1288395514251,-67.51564251441266,12.685711358079825,33.37578630951098,45.01814353041272,-1.7108726432483194,67.33180022659114,44.359016169412456,0.10832980958933358,68.34028303210265
1382,-69.03955968298476,11.892382655098654,33.09981418282114,-67.75340907350328,12.235984118479863,33.36015094840965,45.235520800420986,-1.7336003404655076,67.27346864608782,44.44616841178693,0.11765998730602907,68.31522103010695
1383,-69.27173713919396,11.439570845192591,33.08073114123651,-67.98502769234602,11.787614808895563,33.35576706996149,45.5069994934908,-1.5409374440719215,67.19053055684996,44.637776215828964,0.20412394666148398,68.27455348107638
1384,-69.49961589501582,10.98556046028015,33.071291956789636,-68.21122426308156,11.335907984578037,33.35949733666492,45.84534383285164,-1.3673093595821078,67.08270963513567,44.93464690404819,0.21457796285344022,68.22406484698186
1385,-69.72847668643793,10.533516722345771,33.073247570578296,-68.44029196428099,10.884620774140023,33.37148201828975,46.241976371089386,-1.0963748550679284,67.02164105910518,45.293478788900686,0.2724452999648184,68.18766819191869
1386,-69.95572337383918,10.084904933981628,33.0875872903782,-68.66789877622813,10.438195576724185,33.39117933829335,46.79833317322679,-0.9703003982156864,67.03845905036306,45.80939861847155,0.23964248564577864,68.21177647269134
1387,-70.18448278527251,9.637036846897363,33.11212941390366,-68.89732266563529,9.988239960954532,33.41518546979116,47.1713880121934,-0.8605156394283167,67.09985976000947,46.26904635530215,0.15584360868130415,68.258918217821
1388,-70.4150131729296,9.19157386344913,33.14645618003511,-69.12950282329645,9.539810155419636,33.44221888792251,47.669756206455425,-0.7560832015883806,67.21914988010838,46.86847773357279,0.16295770322286524,68.36474266697698
1389,-70.64309614421789,8.749774722951305,33.18126037016995,-69.35777581093468,9.09647945492226,33.460720616853436,48.25480932665239,-0.7347650341528926,67.3267860855041,47.2744281564724,0.19137082060586272,68.48293512657163
1390,-70.87444901861974,8.30675963907702,33.20784948723616,-69.58743387640891,8.652985587454657,33.47274665607444,48.96761713860856,-0.6742638413803882,67.46976956024362,47.89747041755128,0.3485354892228808,68.60669467923348
1391,-71.10371132001242,7.861986112611565,33.22550053489991,-69.81263711636794,8.205108191175787,33.47898158782764,49.63754554534072,-0.5384022083986256,67.64382689769351,48.479679083006275,0.5182363100906543,68.73254206847432
1392,-71.32797813899245,7.4141118011135365,33.23513345818464,-70.03443178256632,7.754721656260069,33.481994555602164,50.33797449346214,-0.4804170896567075,67.83283395687812,49.108815764818466,0.5944408661544549,68.85958928438474
1393,-71.55413743839357,6.967546945773548,33.236467559932585,-70.25847774643938,7.308202305649638,33.48129590470254,50.882275372159555,-0.30242475085823606,67.98809167997862,49.623664561558805,0.7485934011821765,68.96880450589512
1394,-71.78179295192656,6.525551312950015,33.230122047830925,-70.4855851166692,6.8629627839935905,33.47818666338675,51.313803262039485,0.01655799061995461,68.10402585620659,49.92356409695119,1.0146229142021008,69.02945664011918
1395,-72.009282007052,6.082929102364576,33.21650822469467,-70.7142380165301,6.4184587572988265,33.474394283240194,51.545507626789636,0.25209767854590553,68.1984332503791,50.1134998968682,1.1849483699340608,69.1143839689688
1396,-72.23558656000313,5.636670843830854,33.2105757100704,-70.94120007326006,5.97267466690297,33.4796679285135,51.74963131897944,0.2125662194362425,68.26602192403942,50.156234182281516,0.9576932509787099,69.1771905055915
1397,-72.45765620170171,5.186077358496312,33.21442950221925,-71.16660140886249,5.523136047021503,33.49361106760402,51.808407980106374,-0.11801920635026852,68.31006977250665,50.28628716921929,0.49971417700488924,69.22389798117243
1398,-72.67715251528047,4.737282752610518,33.22896480845117,-71.38800550158052,5.077044936227807,33.515554344684894,51.701877335732334,-0.3139224675136158,68.34527818652853,50.2406522096781,0.36109760091731175,69.27489913465968
1399,-72.89476737508792,4.297343576271932,33.252620508005904,-71.60591983113018,4.639286232706275,33.54391203929905,51.356820041934235,-0.5164992263294873,68.39901142898836,50.034712196914725,0.18060228840854342,69.36561711694993
1400,-73.1135887905911,3.8566332632482423,33.2832977621373,-71.82469119236873,4.200620543480492,33.573481670079985,50.91450372856911,-0.8831376400673236,68.47358236558658,49.74579383487627,-0.09545995501724752,69.47478482468082
1401,-73.32732465915366,3.4199256327595178,33.32327071666784,-72.03629307076176,3.7644977581774373,33.60658211138243,50.20623681660995,-0.9129413277239038,68.58916042953268,49.0267351789176,0.29956983478084914,69.59677814159996
1402,-73.54272690031301,2.9840113355962625,33.372545548455314,-72.25205589586966,3.32635379334654,33.644135568338214,49.70874881046707,-0.6852891935208978,68.67047756042905,48.695417670265904,0.9329855040009538,69.68361043942288
1403,-73.75821546755448,2.548649008131247,33.42047074407978,-72.46888403953454,2.887363906261126,33.68207711674607,49.21292068454344,-0.2641044953946073,68.76725664870543,48.330652766989346,1.3465370137550514,69.77087049834998
1404,-73.97242897385452,2.114026993235366,33.45856793850632,-72.68640073745254,2.445960976478669,33.70930241335439,48.74416875633292,0.504022360894306,68.90062967577303,48.173999800323564,1.887354291168917,69.89333772060314
1405,-74.19185965434504,1.676694380891235,33.48931401915518,-72.90958154422924,2.003637704974281,33.731299997493636,48.24440192456574,1.176299314137554,69.05664930295555,47.852996253549485,2.409734210960524,70.03534358474133
1406,-74.41514112435061,1.237723815557723,33.515031955180866,-73.13426303827697,1.5642422135552683,33.75202548392657,47.91277423627754,1.8085117088431462,69.19627818839957,47.654465356970285,2.7015577642878914,70.17445746986223
1407,-74.64207569952207,0.7993442725104887,33.53890257228906,-73.36194731445681,1.1259929239368491,33.774288123946754,47.64588173281763,2.4885042819148624,69.33524277976751,47.45249618923644,2.871097951489387,70.31821019237908
1408,-74.87658665551305,0.35797715583897327,33.560819631247405,-73.59152827761493,0.6854552097269804,33.799767759951415,47.837177740785734,3.0116154079674935,69.47375559645641,47.45342534756644,3.413508804937575,70.45554698384817
1409,-75.11002529055548,-0.0825053534833114,33.58252639732806,-73.82284473523895,0.2447362500722569,33.830114054941134,48.151374102840826,3.264272044048458,69.63846775664875,47.87917618968824,3.7817554182062,70.59880158449705
1410,-75.34123496605837,-0.5218126770873278,33.60715432354283,-74.0520291510867,-0.19250717672793421,33.86629380001786,48.454267495989285,3.5793515053776863,69.8317898712577,48.10259281643732,4.073905924234872,70.77250586494951
1411,-75.57166140593765,-0.9597016801939255,33.643089259280785,-74.28142183953895,-0.6289159446367263,33.90722605487699,48.746701657893915,4.094946632202245,69.9975233304453,48.410265601133325,4.792369604620828,70.92788898344486
1412,-75.80232123174817,-1.3994556707802368,33.688002840670734,-74.51425650783716,-1.0672307902819935,33.95185211094242,49.215995761867184,4.4362782754490215,70.11633519672667,48.71135639954661,5.217544206717778,71.03358265561354
1413,-76.03900408354885,-1.8391001857737503,33.739889015654875,-74.75398776553867,-1.5051132499036661,33.999718321255145,49.444847809589916,4.435522206241262,70.21493648846193,48.663940749574486,4.952464861967197,71.11369885524195
1414,-76.2777555801644,-2.2799075415347505,33.797426318265046,-74.99486266093676,-1.944097908559761,34.05103416183579,49.67058030284712,4.311706265064801,70.33346439239918,48.57285824346426,4.502913855264402,71.2375931514512
1415,-76.5175192752519,-2.719936307114943,33.85798884195704,-75.23659249026973,-2.3847925047654606,34.10470266889597,49.90333240338679,4.126378595262311,70.46716665005643,48.677876467700244,4.459576813464031,71.37881015737148
1416,-76.75128386884164,-3.157956186158728,33.91825683940953,-75.47074004967023,-2.823565726008308,34.158483839365275,49.6524984112967,3.912334233214347,70.59001992380892,48.50532452050037,4.317405602201005,71.50956843343185
1417,-76.98149800998722,-3.6021945081297058,33.97797925708621,-75.69810472202498,-3.2648742092754124,34.212849614610874,49.45963118425204,3.712144163514019,70.67802520007535,48.32905212309653,4.224373190058134,71.62379057755095
1418,-77.20689690790466,-4.045053968657516,34.03143003624462,-75.9202696640112,-3.7049163724537335,34.260026924408784,49.475020503415465,2.958125513179046,70.75728564989113,48.59340421627742,3.864029190428666,71.717377365183
1419,-77.42404070173112,-4.479685269017832,34.08239136041787,-76.1324830928578,-4.135326528544374,34.305312759171336,49.470455327020865,2.2571382900223274,70.8621806982571,48.82818672518501,3.504679459527302,71.80596044982765
1420,-77.59797846854148,-4.904451720814368,34.13395180123398,-76.3018685197138,-4.5504077468604835,34.35311300125718,49.83299102479491,2.039491889015445,70.97191890499872,49.26243257327523,3.270757623457656,71.88545442665983
1421,-77.6981281459996,-5.323248402679144,34.1837811912265,-76.3988900682456,-4.957862199266118,34.40186456220995,50.047200877703155,2.0234069802356456,71.04626020950919,49.40041805234856,3.098793156147635,71.96370674532203
1422,-77.6878724829634,-4.921941576255875,34.226135030689626,-76.38770701192779,-4.561767172942793,34.44606583124293,50.11685974219624,2.2878532089813737,71.10638980647045,49.65126647852586,3.258877340252477,72.03956640306377
1423,-77.61398390029875,-5.278744791588209,34.26050566269169,-76.31517615345206,-4.918033492492188,34.48460456049404,50.209163099545364,2.2717897216504523,71.18139231868813,49.50046325427932,3.19441678513267,72.14119047845774
1424,-77.47776670526272,-5.571339982566998,34.29188296678882,-76.17879475763749,-5.215187602981462,34.52243296903399,50.33917208442892,2.2658138879904497,71.25571121343012,49.40550020317784,3.0779383270417346,72.23158102830362
1425,-77.31374118806555,-5.788425907712392,34.32637445072287,-76.00450089772333,-5.444538398467701,34.56086151447271,50.17894968663055,2.08435634502929,71.32916257508127,49.36812526014307,2.946933916954228,72.30988821188377
1426,-77.14831846296643,-5.940323136215995,34.361207358382565,-75.81756835240205,-5.60947678164077,34.59798555438907,50.0158434312938,1.8607503840414026,71.39397550548375,49.37520503322506,2.8249517708141303,72.3760654035516
1427,-76.98843908619065,-6.043717412223901,34.394911199334,-75.63238093862826,-5.720977352627537,34.63331592884055,49.920879436982474,1.4422796287898747,71.45073328387008,49.413445842856625,2.721896239569435,72.43116642433309
1428,-76.84531840691334,-6.105437127904732,34.42782065044267,-75.45866902593656,-5.785749395443146,34.667987295598934,49.89496173525812,1.179452210161751,71.50424158572463,49.47241183860496,2.6425515036983906,72.47626539679698
1429,-76.72891703364121,-6.132639392252829,34.46034645404206,-75.30358212092888,-5.808818959903803,34.70189632885895,49.91114175058048,1.195222447117935,71.55318829335098,49.54114636711097,2.5913336662332553,72.51757927026966
1430,-76.63983753710498,-6.130480612471579,34.49075723550921,-75.17336482355913,-5.794058927762792,34.73293248150584,50.000287292634226,1.2054875501716957,71.57451534314188,49.604036568912676,2.571723601418459,72.55333292084768
1431,-76.57793568521306,-6.106628973336117,34.513074486313045,-75.07256963386791,-5.751090874878203,34.75330189914672,50.05947959633787,1.2382697587099658,71.58675085914956,49.65849055106292,2.5763012929079303,72.57761310975334
1432,-76.54001238473882,-6.072638502159758,34.525435993113575,-75.00151473137375,-5.693816961648334,34.76218767494286,50.09294703257772,1.2793194689676834,71.5897250741997,49.70036570572106,2.597016508098129,72.59003500236695
1433,-76.52118567090548,-6.038531559106823,34.531424677874746,-74.95568312720908,-5.635310595993399,34.76699138282584,50.10661284126538,1.3183307635201735,71.58374202530963,49.72889545291434,2.6226266046349815,72.59202062846951
1434,-76.51156740777667,-6.008045591343564,34.52835052256744,-74.91986845955168,-5.581362892207979,34.76473461188009,50.11139684807684,1.352210836458967,71.57147098869827,49.753491492907195,2.6486964620971376,72.58741967854435
1435,-76.49360932572533,-5.971801252401904,34.51799815697119,-74.86947833742205,-5.522798054747694,34.75914196580311,50.12527197600329,1.3910495238507095,71.55623361511401,49.795040618992445,2.6858897760863054,72.58019079377685
1436,-76.45094236138883,-5.9241773536097275,34.49924796407041,-74.78805787204193,-5.456400586550678,34.74791250387419,49.71753452752419,1.6676850525847828,71.53736578325932,49.24141502396249,3.054736390471388,72.5735565173068
1437,-76.36928145295364,-5.863690877652533,34.473319547334036,-74.66755933170766,-5.378477210471868,34.7323843184842,49.38055948186695,1.9197350157939543,71.51124354074429,48.884332662848,3.310555862212743,72.56095784840797
1438,-76.24765615995733,-5.781751899764221,34.44872103681103,-74.51611333328637,-5.277938023665954,34.717573950631895,49.054518048329115,2.2080159783936977,71.47878096477501,48.61368080333668,3.5760216289376983,72.54163391280473
1439,-76.10468684140153,-5.65593895669696,34.43698809177776,-74.3616969186939,-5.135666913774699,34.716449654288034,48.647807926331964,2.4250702017596,71.44242566534227,48.305376348066815,3.729122704052834,72.51792862761071
1440,-75.96390966501562,-5.462556890462611,34.431270339255065,-74.22928898905359,-4.938871093460488,34.72273839106477,48.15141707531953,2.474143719195525,71.41763878235051,47.963509901600816,3.688308268873828,72.50673439179337
1441,-75.84720365505285,-5.197693921470759,34.42976035457214,-74.1296905292002,-4.691796406074207,34.72974999211285,47.385978233421035,2.3863108464415697,71.40729389760746,47.32572219621038,3.553963108084194,72.50691471914828
1442,-75.75603337005954,-4.883611433878638,34.432210331952255,-74.05218862306802,-4.411479826484292,34.73703763783495,46.52651978782573,2.181248485476106,71.38840897975547,46.689938595390174,3.3768380333255728,72.49085631792265
1443,-75.67122509144862,-4.54131136727112,34.44186567557183,-73.97663019253432,-4.108495118233406,34.74428911156977,46.46768260484841,1.9307033036024475,71.37001873543565,46.61597235746901,3.145627739291824,72.46698362720049
1444,-75.56856532064384,-4.184913475982293,34.46149495547723,-73.88115125513897,-3.787977969510086,34.75675454168796,46.415093924645475,1.6569585008859598,71.36219167305649,46.666612100502654,2.893818039455455,72.45897528927092
1445,-75.43482419050909,-3.8269824879141026,34.4792473482185,-73.75472188019384,-3.4618047643596563,34.76018416336308,46.44094131731336,1.6131651235658406,71.40588756789954,46.81302897599833,3.0656427232705603,72.51958848026918
1446,-75.26033234248379,-3.467895756193519,34.486499702099906,-73.59123551643631,-3.131868465519932,34.75646000630562,46.72883113836085,1.5955319472902,71.46780738451277,47.26146882902871,3.182518526616768,72.59081919005446
1447,-75.05746632638576,-3.1110498509213547,34.483865536971926,-73.40452030958774,-2.801718126529619,34.7477838774187,48.20002482920092,1.891476727560563,71.54761609666421,49.21811683356968,3.6019561946724177,72.6805724337451
1448,-74.84710883713309,-2.75371955120203,34.47328673721918,-73.20944558979126,-2.4663501130320356,34.73618084045838,50.09702793809943,2.1687072374727028,71.65867530535913,51.002334044467425,3.9228634506321045,72.79723216475237
1449,-74.63905204595733,-2.3778976863648635,34.45520234675661,-73.01154198048552,-2.1113572872262507,34.71995185170835,51.94346809400282,1.7805986630389397,71.82459292973643,52.21052874470583,3.2435414673303296,72.94712340268894
1450,-74.44331432474858,-1.9890161774272936,34.43282463725812,-72.82274978281245,-1.7421428758075623,34.70060125047205,53.33416806910803,1.6854173215935901,71.98019104363748,52.95045428434386,2.872382390076368,73.04494611866501
1451,-74.25936232172266,-1.5906620869721164,34.40227548642306,-72.6446441748868,-1.3606260166785553,34.67983311863473,54.54715807453441,1.8570607204491618,72.13293181852549,53.40663830751584,2.8159135174969037,73.13111625136342
1452,-74.07971724234595,-1.1871899469733478,34.3823198707511,-72.47196651240567,-0.9743857853442026,34.67246936126876,55.642423099792346,1.813320363433401,72.29648704041372,53.751688667931546,2.8152642408366173,73.28281465756213
1453,-73.90224768360896,-0.7825651689922323,34.37415618979543,-72.30190603205418,-0.5837626559295663,34.67598346309637,56.55510577696922,1.7133910272498396,72.41339754731231,54.090452417108146,2.741426714147623,73.36356977347474
1454,-73.71334364343345,-0.3716916790825426,34.37886564085251,-72.1217729083595,-0.18457885452631284,34.689286915562334,56.69684819248107,1.2704721668612473,72.54843574473877,54.84584598729699,2.71649436105462,73.48810296708541
1455,-73.51729614367417,0.03159908816443413,34.39559776993966,-71.9334271187141,0.21092958981876542,34.71077078413265,56.52147258105313,0.6729298083462572,72.64154256579175,55.23114045714627,2.474701790737869,73.57657093974828
1456,-73.31102974097139,0.4385227841552095,34.42580730330884,-71.73151146104857,0.6120256573806228,34.73971232598738,56.67641524417527,0.7319291906411373,72.72312633851894,55.825380147460265,2.21975658868788,73.68998231546695
1457,-73.10315989873042,0.8435540272087485,34.4678619956987,-71.52460128212968,1.0118993561931175,34.7732656727644,56.959027011918764,0.8982251697202622,72.81097489581337,56.23648942243451,2.300633195248045,73.76408467260707
1458,-72.89654719008435,1.2532104093219636,34.51935759663171,-71.31780152819505,1.4164231466581947,34.80848684603444,57.45763058936866,0.8053040216689754,72.91273706197923,56.73529647614554,2.2295733973586582,73.84953977330905
1459,-72.69416577871452,1.6686024376263673,34.56090574632824,-71.11475430476762,1.8229386347536902,34.83325572670439,57.959427094154044,0.6385747577338722,72.97098420449254,57.11953269381959,2.10424254579487,73.94136105416123
1460,-72.49199982174665,2.089383678509283,34.58985576342237,-70.91390319327554,2.234576590594171,34.84721279565557,58.35090085042727,0.4080318383998912,73.05733325775759,57.33049472266136,1.834020581246195,74.01204030893508
1461,-72.28557462482884,2.5164093951525186,34.608391604390455,-70.70887626305337,2.654748586083031,34.85430686928723,58.32487856764514,0.11613115087647674,73.11269163025001,57.39151557941009,1.5561469245778465,74.08184843025653
1462,-72.07712729221144,2.9368878163864163,34.619147940571374,-70.50195033259959,3.0725811313952627,34.85825537215674,58.0998094570203,-0.4260142334262582,73.1635208893474,56.955342975158736,0.7758489540457468,74.12365235272813
1463,-71.86401189789927,3.356039827959164,34.62052793925362,-70.2914256954579,3.4883546519412816,34.858589077517024,57.40640117869884,-0.9958520029740809,73.20055791167658,56.23594705543231,0.06420836211449021,74.17847325874209
1464,-71.64752933954894,3.776294439499687,34.61189759737906,-70.07741774235815,3.9055226377066363,34.85549322604883,56.59894465107276,-1.8148783496541203,73.25601569834356,55.43908647511437,-0.5679586086414243,74.23286474565698
1465,-71.43126437784802,4.191597616639369,34.60355487188507,-69.86289935237792,4.316881844581136,34.86228002698641,55.82220946991786,-2.529785013678417,73.32100242184349,55.01193488763257,-1.066894857642031,74.31503700962217
1466,-71.21575868616151,4.613345559355638,34.6046422109722,-69.65011859676534,4.733240907154683,34.87782861848544,54.88567448243128,-3.14608518148938,73.37925652180986,54.433238804251744,-1.3917193314123344,74.39550460176046
1467,-71.00117362209204,5.034128537946631,34.616005956058615,-69.43781364886203,5.150141638882206,34.900459518933836,54.11407377399271,-3.449044561409443,73.45125717628355,54.098389760074525,-1.385838891543289,74.47494250885131
1468,-70.78693094344491,5.450115242815395,34.63818901144696,-69.22395819078585,5.566957605465441,34.92965007506153,53.24154914305624,-3.7330859781406196,73.52943915394825,53.580808285652154,-1.4175122126013766,74.56024779190366
1469,-70.57111775030117,5.867313738992006,34.67170663733904,-69.0093763794178,5.985482885971444,34.964663911835665,52.86572677671761,-3.6432750887507197,73.61723028635082,53.37390191332755,-1.4738276835902167,74.63134746561852
1470,-70.35473347635661,6.284726833286521,34.71636493630856,-68.79509219452086,6.403476605395807,35.004354800827954,52.74981431603155,-3.414525700512817,73.7034316269063,53.20542199010296,-1.4136618682762443,74.70579708216302
1471,-70.13378333371489,6.699442809251407,34.77176655068034,-68.57449261300815,6.820079518507262,35.04753289645571,52.901150770541264,-3.185615254630109,73.82392179696522,53.22421298922134,-1.4292022607568193,74.82356706258633
1472,-69.90890194998076,7.118893706676541,34.82779504251478,-68.34939449009028,7.23871659507116,35.09278775163866,52.8383591148172,-2.912493541092137,73.93424728997883,53.14386926292657,-1.378737099612517,74.94140036951431
1473,-69.6829886703421,7.538642093624971,34.878063027989285,-68.12353247983239,7.657175196177477,35.13245872044686,52.96983966239706,-2.72301614101134,74.07385332006073,53.11830818430634,-1.3685411356064436,75.09065998993886
1474,-69.46209333304687,7.959388004148971,34.92497840413626,-67.9022469739424,8.075492041986939,35.170963330863366,52.97548224129815,-2.543042062734066,74.2167483493361,53.055123074448126,-1.1129027729210943,75.2312350649946
1475,-69.24518912945894,8.382020723754966,34.9648390872742,-67.68534712167768,8.49573728685519,35.203598705405675,52.91161962960131,-2.466354844196067,74.37974194474339,52.6574777423509,-1.0896411176033642,75.39435143489949
1476,-69.0286585761116,8.804741582914476,34.99916238051308,-67.46904849452773,8.918043737753813,35.23325538896776,52.49123482428497,-2.496858474788248,74.57804025590467,52.04704454946516,-1.253743137528766,75.57702020915072
1477,-68.80715752172479,9.229520683751538,35.02856685448564,-67.24885539588591,9.34281746357866,35.26073746119312,52.14731745820376,-2.49223604963916,74.76079441484657,51.662788120598236,-1.2312119223157056,75.71880277986733
1478,-68.58707336603437,9.655737921073017,35.05262440111258,-67.02897825006976,9.768640284819973,35.28624603313452,51.70467209217766,-2.5582078422981764,74.92128748265493,51.37093612486546,-1.3760895579237915,75.85788997467138
1479,-68.36366359319602,10.08061792662887,35.070745726705184,-66.80646808848911,10.193235824078043,35.3092166436972,51.38671606266524,-2.7969137302619274,75.12983441616146,51.21657170178867,-1.6740755991671574,76.06013846710904
1480,-68.13965993975404,10.504301794824494,35.09415223999851,-66.58223265636423,10.61745494984054,35.33815374665668,50.958278789521756,-2.857680856430895,75.24298117679533,50.977362751619246,-1.6939346388410483,76.1449027734245
1481,-67.91563194617504,10.933587625986021,35.12216071678972,-66.3582229020585,11.045076615003179,35.37376387918051,50.480482478582495,-2.9262660523019766,75.3267848925384,50.67716782920095,-1.4707095944529396,76.19229438845731
1482,-67.6941662852518,11.362451740576706,35.157845857303734,-66.13785391826694,11.471371276997658,35.414834791564964,50.304486063610334,-3.1705821084679706,75.38231136868062,50.50895890473013,-1.7162934925971252,76.24118901780457
1483,-67.47573853480438,11.79028811907779,35.198540579442046,-65.92148958771301,11.89658474737533,35.459035173905,50.29854597849993,-3.489186683823621,75.45170754661628,50.31893758366851,-2.1982237002404523,76.35078818859738
1484,-67.26117064490334,12.216226965110653,35.24481655387748,-65.70733488243805,12.321052809811116,35.505567764090394,50.442986319744634,-3.80058080921063,75.59590198610539,50.48124963081872,-2.4205567705161775,76.53882303664979
1485,-67.04458596771386,12.64272250152143,35.29579673300533,-65.49128239762084,12.747500117289619,35.55296410008177,50.59646853803814,-4.024742996880931,75.75453700675939,50.640224134810936,-2.639590245568471,76.73399792703061
1486,-66.82360545513679,13.07073224338447,35.34990378557651,-65.26813753888099,13.17646153855069,35.59904697455506,50.69364773413262,-4.016317739597918,75.84402279936157,50.76838258557531,-2.6722037978625193,76.88580508707825
1487,-66.60068678995952,13.495788771071405,35.40298712612197,-65.04186711472714,13.602013543750694,35.64518220305449,51.05220742179124,-4.14008745050306,76.03548464390336,51.12231805480023,-2.665724397283803,77.07433710959643
1488,-66.3764622422869,13.923262436994719,35.45364573886083,-64.81464408531724,14.030088151179827,35.69028397438281,52.04474910739983,-5.243924631196823,76.3010253740349,52.18270883284828,-3.795436825538509,77.30985061432261
1489,-66.1590213366455,14.354075815698252,35.50176954169063,-64.59549501709502,14.460987866893651,35.73464348452665,53.20473878835083,-5.477881989158991,76.62766251923878,53.333946005960435,-3.9131041251527945,77.59372360404733
1490,-65.93788488952926,14.792021541720517,35.54735329664008,-64.37423390629795,14.899004607695586,35.77820808450633,54.12305239905278,-5.689538782349314,76.89757695976645,53.861681988759955,-4.267591334898317,77.80921182742912
1491,-65.71232709881903,15.226565905426146,35.58974229796662,-64.1528142529431,15.331066583269124,35.820729291856125,55.20075735919956,-5.9688297843940346,77.15164951830396,54.82283016440776,-4.47019491262777,78.06063247910218
1492,-65.4831212000682,15.661464990450222,35.629625089849725,-63.9291356218935,15.76408158765197,35.86290400809362,56.02444969178686,-6.368748440076945,77.41345199204927,55.26611901175684,-4.838958895413378,78.31529501887496
1493,-65.25605790734097,16.093206401107455,35.67043535136713,-63.70557430711704,16.196737747539366,35.90556090180667,57.235649469124574,-6.686387737348163,77.67502085814778,56.16525030986913,-4.874952365284195,78.51536862881933
1494,-65.03066916423887,16.523224606467434,35.712358886811145,-63.48264472588819,16.62608904346121,35.94879519189164,58.34419606304376,-7.049764545770287,77.8996285324778,56.99405960936648,-4.931185703455734,78.6909222105623
1495,-64.80648795618814,16.955314952434136,35.75503527653713,-63.260022424403076,17.05795506931703,35.9922630749188,58.764407537599006,-6.701839781120523,78.04117220541302,57.477771176220706,-5.105894008113062,78.80499960106503
1496,-64.5814350625366,17.388416726169293,35.79774480887255,-63.03584656710795,17.49012987480602,36.035252507741575,58.45080139044051,-6.930838685940497,78.1138160127095,57.132525952461684,-5.28795682289111,78.89331741493987
1497,-64.35872692875503,17.822962880791867,35.84223976807704,-62.81118640379841,17.92677589422908,36.07970381682701,58.337945182238826,-6.55299995112966,78.17681373968196,56.73574919331934,-4.840722098715039,78.93758107795287
1498,-64.13407896930097,18.261837837378188,35.88919169170017,-62.58628211589815,18.36621372735181,36.12672539585303,57.8720127655619,-6.244826550370081,78.15840823020906,56.47078837970216,-4.503349389389782,78.93775418837718
1499,-63.91199049433624,18.694332657911332,35.93689971616572,-62.36462040574818,18.796847852499976,36.174547643770346,57.57754083957772,-5.686626608832293,78.07925623849206,56.16824743439413,-4.083507056567423,78.90603860624313
1500,-63.69006316962827,19.1253241502306,35.985470888142224,-62.14281100380122,19.226167811701345,36.22320279892043,56.85946516298786,-5.136064205510166,77.97763413789978,55.87980822938172,-3.5042741851881436,78.84719842631489
1501,-63.466870968270676,19.55874579511254,36.034983698276974,-61.91794180405252,19.656056051497103,36.272430192102675,56.33993529958606,-4.903025622694489,77.88304838045548,56.04238757111686,-3.513739013564159,78.82394820455654
1502,-63.24604721414051,19.99046797019291,36.085739006344745,-61.69597837321978,20.08603577510671,36.32256639459156,55.94671294770041,-4.510498956316757,77.79519639112223,56.1672171808678,-3.4184921123698295,78.78739821884551
1503,-63.02798031226157,20.428078409034423,36.137748409348795,-61.47618010048254,20.524079904619988,36.37330918882564,56.1395444422504,-4.169509853606335,77.70187484615252,56.36206728168858,-3.4617237279679878,78.7482517535121
1504,-62.81274568573066,20.86324049179902,36.19043359107858,-61.2589457058698,20.961940083331328,36.42481466385906,56.54976095341464,-3.895110570981476,77.61300855506346,56.69248540332724,-3.0003011417823338,78.69642246992252
1505,-62.59734381741433,21.29750508488749,36.24441412327074,-61.04297868055063,21.39971313510357,36.47771971361883,56.888213818700294,-3.6125654094940267,77.56939166518107,56.90919294994039,-2.6408732662611327,78.68319510845619
1506,-62.3795418889755,21.731961398152926,36.2990766939754,-60.82770101449237,21.83380281340809,36.53125366538285,57.38477138525599,-3.500972825781483,77.58212855112966,57.20893409046931,-2.441695159086773,78.71975962001645
1507,-62.159388950055195,22.1620314763891,36.35352949705971,-60.61188150946735,22.26182082912949,36.58464070397669,57.84730226240318,-3.549876662331463,77.66305367183467,57.35027689339835,-2.260419850011541,78.81034590417529
1508,-61.93611478715431,22.59062565526294,36.40859799223651,-60.39073580314454,22.688961889058294,36.63844386506384,58.002980867658934,-2.85540007164939,77.74302726445083,57.43079684323092,-1.5405575387150265,78.9067414039733
1509,-61.7094088865114,23.01599336628252,36.46446751337251,-60.16447532757025,23.113543321692294,36.69330135974072,58.46468388592109,-1.9093189976072704,77.86653136378905,57.91707839287157,-0.5086867897699627,79.02618303714083
1510,-61.48338397604114,23.4414207101199,36.52098879614222,-59.93705097532831,23.542908124992522,36.748676464462925,58.86236880080141,-1.0510058136780727,78.00674677145034,58.308312828856955,0.07034367784844475,79.13511337531061
1511,-61.26136369115633,23.867853957954726,36.57697790912174,-59.71261956890129,23.9723466215717,36.80344824038685,59.16361378636727,-0.26644330442164965,78.18472983000947,58.6788166448151,0.9187006420318207,79.25497563986912
1512,-61.04269545390429,24.296085952098508,36.63264241528165,-59.4921348068905,24.401835325335114,36.85812665376463,59.53835895441085,0.6808102865509273,78.32683692997209,59.03141246037244,1.814072373226969,79.32833704627213
1513,-60.82372315359141,24.724948582822734,36.68762286999718,-59.271238381651216,24.83131257309113,36.91220820533417,59.94484233627376,1.8060499710760194,78.39048818168665,59.48409283302524,2.6902080382008458,79.32421939021361
1514,-60.60419096540926,25.15619500453859,36.74186567266659,-59.05185238669153,25.26020186000066,36.96606192517685,60.39668245429943,2.8497784649110938,78.40446071303714,59.81181263613594,3.304920559651766,79.31348636738092
1515,-60.38478410620779,25.5872400492123,36.79512950136362,-58.832173956081014,25.689197454761892,37.01932250868594,60.7815522751066,3.4883811760268157,78.38417526416838,59.94558114320097,3.801168323831061,79.28300817555758
1516,-60.169900229948816,26.021046686014486,36.84763404840259,-58.61542983877143,26.12068720223935,37.07219020324263,60.80538580430569,3.754521407884701,78.33793715127184,59.958079503303324,4.1397817599258335,79.26349475002515
1517,-59.96095204012142,26.45545817297278,36.90006811128936,-58.40403469064747,26.556273899102223,37.12552167933948,60.983567328607826,4.396203003161739,78.2740281487849,60.19725495784912,4.68956221565193,79.23676824695777
1518,-59.75328110958671,26.895598983386254,36.95316188128612,-58.19608156143476,26.99827397827159,37.17940784826079,61.202370665479236,4.692121641261782,78.20854766556516,60.488688560026475,5.0312491887414055,79.2452617629178
1519,-59.54641995238946,27.337544231095322,37.00895711174005,-57.99100815971072,27.441468841014842,37.23685864229442,61.294689722848815,5.241083714923418,78.21476566026145,60.593466535673095,5.876037178497646,79.32819494446747
1520,-59.33785940093281,27.781593522774298,37.067869781616515,-57.78323968574173,27.887050183491226,37.29695180510664,61.26978470951914,5.799924572591465,78.28513803035031,60.6796566036083,6.732705323617418,79.42080849003128
1521,-59.12366827221955,28.224856962198306,37.12905148630641,-57.57072420896599,28.332094078969693,37.358796468878694,61.06223086561003,6.3616810287524235,78.37087461674207,60.46209522623298,7.336127239521971,79.50961066468481
1522,-58.90353809220597,28.671952002342763,37.193897053699914,-57.35224341446436,28.778930704056535,37.4233870948208,60.79977781719664,6.761488028926574,78.49723472159319,60.08098684889548,7.589220306026222,79.61502143739416
1523,-58.68137756267195,29.120408066735052,37.26118528163593,-57.1307315634929,29.226402870175562,37.489149789397096,61.09745363885833,7.0648205588194575,78.65331278298792,60.467796417087555,7.598421262145129,79.74544540822096
1524,-58.457688545788805,29.572283621089646,37.33020198065098,-56.907349511950706,29.67652671030085,37.55527560075517,61.07578236930953,7.12745240678847,78.91994027223329,60.566475260776414,7.543828654794149,79.99330684092105
1525,-58.23171261558123,30.024775608762425,37.39654989084842,-56.68204634052792,30.12575657209817,37.61590943914703,61.07424594429646,7.057498288374558,79.21818729779177,60.77423032764,7.2101428231569065,80.2647470853501
1526,-58.00811120570619,30.47796960522209,37.45624886691946,-56.46106967934383,30.573948797038817,37.66987585461291,61.14347689729881,6.591318752684822,79.46624899226282,60.93317504970353,6.964405779511632,80.49264789505953
1527,-57.78580884285183,30.929164622138142,37.51150792132477,-56.241227267986986,31.021714041763182,37.721560059969164,61.16075918462525,6.023311201628865,79.67075217774911,60.99525949514189,6.802753252971127,80.64195200135636
1528,-57.56356198826726,31.381474233909668,37.55568908494461,-56.020528357467676,31.470749915120727,37.76182692804623,61.35173716406491,5.702836731671206,79.83593998358133,60.99394701494216,6.947503540293323,80.71901077802845
1529,-57.342178378558884,31.832193163539923,37.58959807401739,-55.79984440063074,31.918780149369173,37.79374990526218,61.66331204178018,5.7725958741673535,79.98006505047074,60.94797380667919,7.381551583751508,80.78643401763907
1530,-57.114349035329305,32.27993337670097,37.617870779510554,-55.5696072321877,32.36631367280942,37.82485121014948,61.4470825159993,5.990315098494447,80.10765882624847,60.86046745804446,7.7338642236358295,80.86013055007838
1531,-56.887751416985644,32.725871913695975,37.637739238858785,-55.339857458191524,32.81286897614418,37.851688816914546,61.252689275753745,6.253393222455781,80.14567348810999,60.609413368583866,8.019971418642966,80.93830584690838
1532,-56.66747923138483,33.173096602132794,37.65180091804511,-55.11577204623298,33.25928972557638,37.87322688176078,60.98592317927392,6.799857407620074,80.14049980622136,60.436400637960126,8.35675083159,81.01499931019796
1533,-56.44681454640774,33.63021354809312,37.669817659391086,-54.89545671541421,33.713637561407324,37.90165947112711,60.66060205534986,7.142120102892244,80.14240599173355,60.2174519730394,8.359367140135857,81.1008030627506
1534,-56.23139311618839,34.07739059883379,37.690833912189454,-54.68149389207721,34.16080165211196,37.937030820412645,60.2149236584762,7.723963138643551,80.16489776423418,59.80708898427958,8.741820499097248,81.1659993230426
1535,-56.01219525241667,34.525981307450785,37.72545066299285,-54.464485926171136,34.60955624441961,37.98289942535445,59.667034188407236,8.239651732977263,80.2250644737454,59.280868491916365,9.22271416578253,81.22563508749215
1536,-55.78813570447458,34.97368834143582,37.773688763539326,-54.243558684537,35.057950321866734,38.03757029303593,59.197229318999234,8.51970835253672,80.32417226305502,58.916144246869536,9.593626916666157,81.33036950417436
1537,-55.56602139298004,35.419458609230915,37.82980502018797,-54.02110888895959,35.506215594995425,38.09679705802871,58.73525831855896,8.778358425528639,80.43284098595416,58.58178431975716,9.86302641597022,81.44357401675342
1538,-55.34056061429235,35.865031259138824,37.89480335438893,-53.79466385182275,35.95315526581175,38.157801576098734,58.23244482075315,9.061760156883064,80.52394622880401,58.076627555990605,10.113029770353734,81.52777385414663
1539,-55.113028528185176,36.306535009652585,37.97115723961327,-53.566872488126855,36.394617508950496,38.223086301233366,57.80435177929496,9.319018770344664,80.61954951513366,57.80440450588845,10.386088324435715,81.61832170623691
1540,-54.87895846980868,36.75183234177269,38.051594669224635,-53.33415088742884,36.839850384896536,38.29339087912103,57.34306574734662,9.631299763434697,80.6648379585559,57.46393694678929,10.412388980221216,81.64494990708852
1541,-54.64304996341246,37.19241984209333,38.132031687140866,-53.09873357250311,37.281186784600585,38.364495267783106,57.19463774426022,9.62659630768504,80.71672478714498,57.39561788607682,10.381574541648126,81.67645727543328
1542,-54.40325982102441,37.63788893983172,38.20040810429396,-52.85854576881772,37.72813857360887,38.42104811270738,57.17641846654617,9.466803405749825,80.76779090556944,57.33141224719206,10.316847327444902,81.70963400021309
1543,-54.16607076249839,38.0823254372706,38.25501304291855,-52.62113768980722,38.173369326084874,38.46412681888477,57.16488676405215,9.312234912912832,80.77609181123232,57.34358794893147,10.255687408296765,81.73134912806984
1544,-53.92905528581051,38.529495977248416,38.29613067991872,-52.38570139519853,38.62213218897446,38.49600366822913,57.17930404320235,9.23517696403009,80.7646767923683,57.34423969388356,10.28644689698831,81.74937404476155
1545,-53.69099590038615,38.97965214564796,38.32506742689142,-52.14926693870055,39.07254431397772,38.51928756247946,57.31498979261741,9.072505383371503,80.75990272378078,57.276496494944915,10.221824000105183,81.76686510011857
1546,-53.454323597371136,39.43192380487358,38.340982507780595,-51.916000429794806,39.52268302701217,38.53640541820259,57.33678526210458,8.836579177218704,80.73982200575941,57.190198467902015,10.143002617586056,81.7844408056702
1547,-53.22163581202322,39.88220137818926,38.34541329651787,-51.68810514311768,39.97077189778762,38.550514233355955,57.441495350942816,8.736894845446718,80.74325292503843,57.11920861814315,10.072536751597548,81.78526018394959
1548,-52.993722776098046,40.33559009188853,38.337548774042496,-51.46518581302678,40.42171605806825,38.55940730962458,57.53450298192241,8.666790896527855,80.72449495433217,57.25009458772736,10.010417756438496,81.76270938627898
1549,-52.768516392798624,40.78250658825251,38.32771153590034,-51.24113126395876,40.868918255317986,38.5644614968667,57.60260705384397,8.632953562526733,80.68658536662642,57.31136904108359,9.971391820046746,81.72538820034808
1550,-52.54563491194631,41.23321539602769,38.316913074680706,-51.02019912320547,41.31978210299222,38.56595972379145,57.72493132835162,8.310577105811085,80.65310992923408,57.49969767077332,9.528537502722774,81.69733916506551
1551,-52.32326505727409,41.679249502543,38.306896122641355,-50.79798741332353,41.76710254832384,38.56541152366683,57.878285440313704,7.97743801703471,80.60926860988376,57.68450444515121,9.238925735288793,81.65836222559314
1552,-52.10827707939752,42.12424890929682,38.313903765607186,-50.58041779642483,42.21360517457998,38.5847307348964,57.92556909580397,7.7324485706253,80.54545348826863,57.614979879818286,9.041044005752982,81.60319865062674
1553,-51.90261133398685,42.572369586963234,38.34013692045648,-50.37225571018831,42.66233928538151,38.62314682211945,58.076553421115825,7.402197037528238,80.53274325726693,57.67055754941301,8.73279588857461,81.63480200525461
1554,-51.69983775779752,43.024938978051345,38.38244595219038,-50.166129814675415,43.114787788070636,38.675276730278185,58.13792286262874,6.904703524407983,80.57185014053428,57.58470099157732,8.243392246855588,81.7200584581821
1555,-51.49544029421041,43.47790067468455,38.440384095425244,-49.959380781122974,43.56899913342527,38.73526776809987,57.85143219972932,6.350090777859222,80.59181138402442,57.216446948262906,7.771960460655002,81.7403538540365
1556,-51.28858786314391,43.92899235059975,38.51370747502975,-49.74834420950264,44.02043632410533,38.80326878657357,57.64292015533972,5.8390157013411095,80.65081336689141,56.99085268698065,7.462972172580697,81.79218968337761
1557,-51.07391954726322,44.37739125481524,38.60175098896193,-49.53284028128672,44.47110169885646,38.8781347810311,57.25047292908356,5.716433001684825,80.7304550111159,56.69936873087131,7.347785400276408,81.86392801827796
1558,-50.850656815746014,44.8168645740023,38.700589763787946,-49.3088825418396,44.910405714078315,38.95591193973017,56.81064043897363,5.558339643850575,80.84101968520615,56.438963816511176,7.263807388109738,81.94535990226483
1559,-50.61881675083086,45.25165364455693,38.783123207324685,-49.07799785783201,45.343044274755066,39.0163687738875,56.503140665082924,5.3896682615468965,80.99377514317342,56.20090218332873,7.2172594176029055,82.04565845202765
1560,-50.3828634970765,45.68474989378197,38.84756639364837,-48.84192212286053,45.775194535492595,39.060943741185625,56.04059349700653,5.3641931720914755,81.11891570219937,55.89418658972313,7.222806495007931,82.15974060845045
1561,-50.14831228393579,46.119357261955024,38.89386756195889,-48.60555332243279,46.2100508636784,39.091418235017976,55.60852859276679,5.464080321743164,81.22752531231158,55.54534475028453,7.169565938505329,82.28676152829497
1562,-49.91568799981327,46.55837657007983,38.92414119025324,-48.371481092922046,46.64997940194175,39.110871991842735,55.39286970500041,5.709777869454306,81.3803252211414,55.2681140520062,7.271553134077893,82.40635682481694
1563,-49.68465606375058,46.99679323037136,38.93736227941214,-48.137850400064885,47.090931252169305,39.123143609762664,54.92145582056345,5.87900008074721,81.50087550109578,54.763467865849925,7.3083071722528326,82.4930912680222
1564,-49.45285074575458,47.430767855023724,38.93420912600225,-47.90785108399793,47.52916194633829,39.13055555953318,54.53511603624601,5.849953244755497,81.64809251772303,54.37460380225222,7.1908310734743255,82.63183027912676
1565,-49.221132177620234,47.867794640742275,38.91502169876425,-47.67998953136132,47.967034639683554,39.13193392135477,54.15848974652121,5.748670438095952,81.7794335504453,54.051488766094266,6.998303735307864,82.74489071807635
1566,-48.986840952282996,48.30158588785234,38.89454549458308,-47.4496149921372,48.39756869681176,39.12935921368397,53.78613104693302,5.3343435909372445,81.8926664710809,53.770282532463426,6.422331098366107,82.84508663578397
1567,-48.749058221669486,48.73317926770539,38.874852846820296,-47.21325832063402,48.826913769650325,39.12450717463959,53.44235761640498,5.010476035682822,81.99450584183202,53.470513514629005,6.127993012314543,82.94183873432237
1568,-48.51233636120827,49.163798139288595,38.865986569270994,-46.97693557219286,49.25795196898968,39.130072660938936,53.101613407175975,4.6237200063062485,82.0374241433828,53.131557412043264,5.747377033255832,82.97197881950039
1569,-48.2733051267539,49.59385094153021,38.87065266692158,-46.736286448713706,49.69071753947112,39.14791925858001,52.803775019508464,4.055256560716192,82.09534985611948,52.92624824938154,5.332948674615968,83.03363373832626
1570,-48.03939622221626,50.024266879930735,38.88742006101699,-46.49929747234648,50.124280544571384,39.17556104677225,52.65556216209339,3.5210547466054227,82.15594653139051,52.68772828720213,5.015736880669562,83.07593345200914
1571,-47.806681742263855,50.456091684739974,38.914936717425995,-46.26512612164981,50.55741474991462,39.21015076391115,52.458179299169636,3.079246499844695,82.15952621341609,52.435115747186664,4.744017077994744,83.1009835649181
1572,-47.57628116541254,50.887474835308616,38.95371830185345,-46.035334061888804,50.98981217029753,39.24880047584708,52.20713420142475,2.700705640117873,82.16929510133241,52.14211195464527,4.51610553090667,83.13302106097655
1573,-47.34691423489929,51.32654850922938,39.004485033057136,-45.8065447072702,51.42592834817032,39.29274121760335,52.00617201841913,2.6018071378988776,82.1884953947393,51.95592490157182,4.302416969624356,83.1833518538723
1574,-47.114143662810335,51.767045302138015,39.06568080919918,-45.573172905119925,51.86514780699174,39.34027634154678,51.90272653818003,2.27759468705391,82.19395497397716,51.873841822297635,3.979383028098997,83.22008110718204
1575,-46.87361927193896,52.20351893482029,39.12461026540403,-45.33265844574767,52.30232514023081,39.38475710521642,51.97778307384416,2.12552812928709,82.22954599122933,51.961402825476284,3.8139583137968622,83.2445912921798
1576,-46.63379664510839,52.635783646977956,39.17766978699205,-45.09102089944534,52.73664306721127,39.42583058801666,52.02946892246214,2.076655848175826,82.23074471991981,52.06434396965658,3.713470438464975,83.2529196041813
1577,-46.39227677243009,53.066830859904115,39.22392743258212,-44.84949352189809,53.16795816035883,39.463338819995805,52.14656097521342,1.904440041172553,82.2342858307896,52.16459045891501,3.4767936862095863,83.25570344066902
1578,-46.15571073247694,53.50182801923666,39.263990890912105,-44.61235895595203,53.60074709548251,39.49766069422226,52.36930687410112,1.775930351392474,82.27931866109805,52.327896255287605,3.3320080330386723,83.30767937999984
1579,-45.91764279862264,53.941342723133566,39.299717812107566,-44.373219204515465,54.03574228250681,39.52971062240455,52.77089529543317,1.607319839516216,82.34672630460238,52.6143038476268,3.151585297118192,83.39368454804622
1580,-45.67910708101119,54.379892811382746,39.32971601337674,-44.1351056410732,54.47117747994854,39.559978793054576,53.130287012418364,1.4696474949686782,82.37872734354606,52.83519599677844,3.0193361452801057,83.43717411129327
1581,-45.43811366253281,54.81544912718847,39.35505530525937,-43.894232446044164,54.90722931421899,39.589933265113096,53.42461268878673,1.5391483811276003,82.42082256905374,52.985811065489,3.0497077218050106,83.48206675183458
1582,-45.20069164846129,55.24951768054231,39.3803567432918,-43.656841259142105,55.34362656926658,39.61954574193931,53.50148283247108,1.5989986428719776,82.48591517288502,52.95863968456177,3.1540494225933036,83.54533005339364
1583,-44.9604614389369,55.68852457835483,39.40651793497983,-43.41799327901539,55.78649872935955,39.649187780693666,53.70838028693134,1.6999582655218566,82.58398871101349,53.15251694857313,3.32798861646248,83.63047321294913
1584,-44.72509947192966,56.12864550666791,39.4331529288705,-43.184813945283224,56.22792873083327,39.678644169781805,53.72673729284415,1.8787180633678868,82.7101958249856,53.06523240936108,3.4194188526780533,83.73360306319822
1585,-44.48904320162474,56.57430883591938,39.459501772232436,-42.95093410827524,56.67397160708382,39.707082905309456,53.675337287437515,2.007372086557233,82.83032079246408,52.97800925891656,3.4666209682356155,83.85791249978018
1586,-44.25426201039679,57.02226276236648,39.485403777838705,-42.716000014238745,57.11995411766928,39.734433160338575,53.450187922312914,2.0056314235450268,82.94449147558541,52.818922976895664,3.2581430717916997,83.99434773146899
1587,-44.02084813571599,57.470609401325945,39.51204053664895,-42.48227218783538,57.566456299110506,39.762097446534696,53.153507374679066,1.9426987737101933,83.10020387861613,52.58615011337954,3.016045001804825,84.13633924957026
1588,-43.787206381915595,57.918125383056676,39.53954173774307,-42.246488898679615,58.009178677878865,39.79068980984485,52.98712341389436,1.885708313048269,83.27200360850719,52.55299584395389,2.967944662684733,84.28219708285006
1589,-43.55729716940061,58.36402990006146,39.56650218091908,-42.0174206583333,58.450818723909656,39.81829093212798,53.03873123075455,1.8084137756736194,83.43946570808902,52.683071936869446,2.979616773999696,84.42031439997969
1590,-43.330066800611334,58.81280039920065,39.59392104443736,-41.78885275890185,58.89988173576105,39.84608446612574,53.043140391263734,1.5703291843108806,83.63765615251444,52.93559884611455,2.858761370982662,84.60705179487675
1591,-43.10363930704014,59.26050694059852,39.62333212817258,-41.56311063415313,59.34618727198452,39.876048439887626,53.26867143635131,1.19140405842033,83.81432928170734,53.20488262174743,2.5135020419903236,84.76228227164209
1592,-42.88142861617395,59.708450754486606,39.652982676829524,-41.34126489909289,59.79573156022181,39.90587234646278,53.54681698799838,0.7676238548172307,83.99381805931262,53.474933719214164,2.1470253627868225,84.93195380467482
1593,-42.66907903581821,60.15934025405772,39.6828106037319,-41.13034584670821,60.248061335551576,39.93562039647542,53.82979584753005,0.5490888648039423,84.14314623988615,53.61239897826218,1.8900720506872333,85.06321999488969
1594,-42.45979268162982,60.597662399472874,39.715811318886274,-40.92344575382215,60.68223753829977,39.969169761101256,54.17694467122102,0.41864624222409785,84.3137794099127,53.711803254692114,1.7309771299935657,85.2323807776056
1595,-42.23831953056787,60.99476831320243,39.754611540889236,-40.70475796151282,61.06576629806194,40.00922389561958,54.41986773505813,0.19623736192876973,84.46803981040152,53.80631588465658,1.6406620019887945,85.37743807722858
1596,-41.98131178185239,61.32403353346093,39.79779080050739,-40.45790493211129,61.37934525637193,40.052501528987165,54.529816267658305,-0.05244863171952632,84.61432919700664,53.89718097873386,1.5902061431603518,85.506724756914
1597,-41.70459392300161,61.56528603766869,39.841637864217475,-40.19179102858238,61.6108497515581,40.09557068854292,54.547859750431506,-0.17473482122288814,84.71700621927288,53.98843274825243,1.5583811791052529,85.62244808815069
1598,-41.42388840614457,61.71459746655767,39.88922335806514,-39.916945618471836,61.75419519269654,40.14270077101683,54.617664549886214,-0.11947935038493768,84.83062923115364,54.07914385482488,1.52379519461979,85.72748072745581
1599,-41.17117799342581,61.770053157485265,39.94194266853934,-39.65537649871187,61.80800263138348,40.19400823408629,54.73730177510445,-0.013161178692935677,84.92475750429766,54.162567387313665,1.475223405276823,85.82526143891556
1600,-40.97083215094988,61.75000608147737,39.998742572976575,-39.42754572639158,61.78871050760989,40.24830921564681,54.89318573969745,-0.010578933293991994,85.02838370702815,54.23168219861469,1.4113611835785578,85.91661381630473
1601,-40.832347758842126,61.6908389434612,40.05729625317558,-39.24518046418274,61.71963488788093,40.304317298288424,55.02250409451051,-0.06506634348554807,85.09294054649321,54.2829275995286,1.3367635791692152,86.00239595811061
1602,-40.739655998251976,61.614837848501935,40.106870435986636,-39.10696826990606,61.623176208276185,40.347545486677234,55.11110274624503,-0.13990642655095875,85.14888753201653,54.31731318376133,1.255806740283872,86.06928849504214
1603,-40.69015974495973,61.527308009621194,40.15007748807159,-39.01358524807672,61.50804348966539,40.38307557334474,55.159013586173415,-0.22540450614094537,85.19567025676106,54.33224387394614,1.1703617854158916,86.12341802495092
1604,-40.68152570932248,61.438532326198505,40.189207955284594,-38.964817126462776,61.386628828709284,40.41632744532207,55.168218371867624,-0.3116621230690223,85.2347652316324,54.32593315099146,1.0859634419143633,86.1705885987538
1605,-40.701933189800286,61.358862323219064,40.22185163526472,-38.953255411166005,61.27117280476392,40.4468571001474,55.149311983220485,-0.3898839347743053,85.26723197813683,54.301511602213644,1.0092761272407433,86.21157726487081
1606,-40.73982561245332,61.29406546132826,40.24437897449939,-38.968766507132706,61.16939110016374,40.470229874777864,55.11329826677884,-0.4541211739117199,85.28853508937306,54.26450048071467,0.9444748059043664,86.2431367754036
1607,-40.68893759525382,61.34534044310851,40.254590717356386,-38.931367794996284,61.25565185660186,40.48459140414578,55.1617111248348,-0.4032381908430459,85.29760903803741,54.31303309602136,0.9977372733929557,86.26444424427956
1608,-40.74803647113092,61.306607629098025,40.252743920267996,-38.98612640022284,61.18641710721903,40.49202063624573,55.10444986443528,-0.4417079195613124,85.29465071044449,54.25499190350078,0.9563681098224984,86.27727495731015
1609,-40.80899992023794,61.274625920561306,40.25011684697785,-39.04632554493722,61.12732749370014,40.4952007892409,55.04547926236985,-0.4729329459149312,85.2909888065719,54.195542935351796,0.9209194791447621,86.28446857283538
1610,-40.86072996745514,61.2280944431753,40.24532719414356,-39.09763364810969,61.053634562830716,40.49514416415581,54.994765458599375,-0.5183846031623209,85.28507185260774,54.144593665121576,0.8660427682288369,86.28728801284566
1611,-40.89258192968517,61.15269111248195,40.23516826048587,-39.12637414846977,60.95056974337446,40.49166749304515,54.963199969819435,-0.5923321638288809,85.27388548583946,54.113910284843094,0.7777241896783234,86.28612114232743
1612,-40.88571834987621,61.25725670920869,40.21887507638884,-39.12474869968421,61.07960304101361,40.48341403292465,54.97131351556186,-0.49044101164706666,85.2574794333091,54.120433541246776,0.8940704943023221,86.28077623838392
1613,-40.88099189882587,61.12084434772883,40.19951820729933,-39.11903302638694,60.923192805812846,40.47214349211386,54.8518623799283,-0.6313177461663564,85.23867927031331,53.94972377961269,0.7384463945686268,86.27236864858658
1614,-40.87213817116981,61.29523566897035,40.183007532919625,-39.102281367109164,61.10946155156854,40.463527377627685,55.00203393815893,-0.46224666126835295,85.22063446540278,54.13129171141393,0.9132101322815473,86.26310747467159
1615,-40.926194166495954,61.08838754520596,40.1693622291335,-39.16937589972299,60.90706787479238,40.45617188618912,54.81090722740212,-0.6819842778432026,85.20385947216226,53.9375585066134,0.6793207021568497,86.25311449877223
1616,-41.042388203144824,60.87101381001181,40.15735678624693,-39.2895917738949,60.71222127557707,40.44834713906464,54.37122076319431,-0.7660815544207078,85.18974443708942,53.450344738111724,0.642389253250425,86.24409613796819
1617,-41.2115625813097,60.66056521507027,40.147918739753784,-39.44789668042047,60.528354829752594,40.44176953275128,54.07453773300456,-0.7606954877668167,85.19086000278949,53.25865077643439,0.6725991908904232,86.25153674186812
1618,-41.40563539848499,60.44597088137801,40.13963902635167,-39.62061449274033,60.33550600781419,40.43430934710511,53.73754283288194,-0.6666381496880704,85.19632663929762,53.03035395781793,0.7727293293583485,86.25885742055831
1619,-41.58960507890583,60.19843280387583,40.13280025527623,-39.77936001906273,60.107742246225094,40.42746479602759,53.48547374528112,-0.5855554500222604,85.19181143761284,52.949198836229954,0.823106081809038,86.25088617296487
1620,-41.74040011716372,59.90769509243791,40.12212217616897,-39.91427146358507,59.83662796795682,40.41604925581471,53.33995647937338,-0.5910280112704521,85.18469645919212,52.863128167644085,0.8284103965145355,86.24157048276344
1621,-41.8630976421695,59.591045944807,40.11011280150213,-40.03395455379881,59.53950256882213,40.406290617493184,53.026499650151074,-0.5486864010641339,85.18941169965981,52.501752089171326,0.8659183912470442,86.2475353444833
1622,-41.9788056789103,59.26066394251253,40.10218226674799,-40.15455416942972,59.22834998495864,40.40190112432954,52.72404715873119,-0.5543378339489294,85.1914799185923,52.193509671179484,0.7083023763915807,86.24243729822393
1623,-42.111151736208356,58.91721813524787,40.10022449248835,-40.29177340960816,58.90527222359179,40.40272866103829,52.731379106846724,-0.6042669851461312,85.18486479691984,52.078464652460944,0.5880645836151981,86.22898471771846
1624,-42.2759248063083,58.566247128699935,40.100891848447446,-40.456238328724965,58.576629818397514,40.40473345140261,52.56677982513564,-0.686515561964035,85.1710134173642,51.93847328127685,0.4864866559543152,86.21834163514043
1625,-42.47647879406295,58.219603474820005,40.10676094664623,-40.64761454268701,58.25117990455157,40.40884671464858,52.348639790522775,-0.7365770617370188,85.15263601571897,51.66440949873418,0.49152536418749776,86.20300764056358
1626,-42.705464570160196,57.87683161904218,40.11605200283203,-40.85869040411733,57.92551809874667,40.415156343014,52.03431534274974,-0.7784145678792965,85.1233105166261,51.423291976927636,0.49581677770753646,86.16394180062626
1627,-42.937901329267014,57.53142044118772,40.12478178892511,-41.07203089775385,57.590556504428896,40.416398683453906,51.757754507739016,-0.8359381741683435,85.08495514807981,51.26555347666744,0.4523521458435473,86.11708022012299
1628,-43.16077114099715,57.17159401429542,40.128217896745724,-41.27951646434225,57.24163171620783,40.413161661526374,51.66127853215528,-1.0325761907408564,85.02802762321915,51.10723503462367,0.313864312125124,86.07044319122964
1629,-43.371114363472586,56.79341837529331,40.12499726796488,-41.4807032285011,56.876861796657245,40.40610197457698,51.59425314466995,-1.0523853921808175,84.96806019077138,50.969328857046285,0.27895217799021127,86.01849069504826
1630,-43.567786312738505,56.40389148668,40.116317581244196,-41.67354591618125,56.50082711856996,40.39603420317577,51.50652572835291,-1.0415926601240542,84.90465326176601,50.9634915123959,0.27978237781732473,85.9609902121753
1631,-43.76601562295657,56.00775721558612,40.105582233445766,-41.871230197372945,56.11899735066866,40.38496870942742,51.48855265078839,-0.9639943227053192,84.82893825624787,51.015602131255065,0.3654321442330864,85.89799088870608
1632,-43.97041892468608,55.614219692995384,40.0903534375179,-42.074358529333196,55.739098871915374,40.372453570683724,51.581081121531,-0.9501029995350719,84.77217818650567,51.05307934744684,0.41794223955770027,85.86844210892887
1633,-44.18597300121114,55.220631635206274,40.08018888069062,-42.287709637701695,55.355776725475195,40.37294349498549,51.62721843573049,-0.9414382328446644,84.73561842426652,50.99646056761716,0.4414146317400722,85.84579737707071
1634,-44.41192445350735,54.824774252073276,40.08232526344108,-42.50919512875889,54.96867563507889,40.38515492513276,51.62274087746044,-0.9245150086910475,84.71083589723513,50.91801719549063,0.42735811019067255,85.82753750047445
1635,-44.640799712733134,54.430225949065,40.09874550573937,-42.73391973314278,54.5829900579497,40.40815004123211,51.658423615595886,-0.8059190407466859,84.69996656546286,50.88140169516036,0.457245905165624,85.8225220909567
1636,-44.86405699699414,54.03303337270383,40.12526148254287,-42.95371744046593,54.19210086306344,40.43611119297481,51.760127511463644,-0.7940343505316589,84.69567618769726,50.93097204656089,0.41024156805021084,85.81530126383556
1637,-45.081049007346905,53.6305972601337,40.161081055134694,-43.1663887856599,53.79296158749671,40.468833253923975,51.73428540680374,-0.965933204100387,84.71206789339469,50.89640657163036,0.1453176887233379,85.82105236345879
1638,-45.294497002796454,53.22011490633337,40.20518013159239,-43.376733226821116,53.38675998655604,40.50420382277445,51.66383968922118,-1.2164610784874887,84.74916532273326,50.86225854926995,-0.09128171213171762,85.83830667499033
1639,-45.508251156327766,52.806860043312696,40.24903802764708,-43.585651446621505,52.97863865017068,40.52871676289352,51.72261255307218,-1.5552333632884228,84.78312088188892,51.01117702342647,-0.41960281060945737,85.86818396921767
1640,-45.726901594997955,52.39749069786787,40.28193284637828,-43.800304565970386,52.57120120912619,40.54569670781924,51.933741861718914,-2.008292435305755,84.82376217415326,51.259318059493474,-0.8642482261580284,85.90195868360622
1641,-45.95080526945883,51.98463177265274,40.30338053531251,-44.01975516508358,52.15857316091163,40.556330493919475,52.078225866630675,-2.463232187793716,84.88475281010305,51.334652833301476,-1.2533654099295004,85.95738071859313
1642,-46.17592644878375,51.57020464411995,40.314867962962694,-44.24392558550499,51.74706940860607,40.56224976450543,52.14930196917707,-2.8995672247340205,84.95455325058265,51.32120559221902,-1.4973139374308626,86.02337154122931
1643,-46.40256891230015,51.15330229996726,40.319803140172,-44.47017484103708,51.33515223930479,40.56456642779552,52.21278036363669,-3.3648950459824882,85.0386862757275,51.380004369350736,-1.8025611796501233,86.09407075176821
1644,-46.62750731354173,50.73983533473364,40.31515582022641,-44.69319077375905,50.92724371598323,40.56389912689586,52.35384774392478,-3.638786676350924,85.13809280623575,51.45533773844113,-2.005689864859887,86.18380355639128
1645,-46.8471737102896,50.330479339315914,40.300523108269736,-44.91061395563848,50.523854610847806,40.560714528523945,52.55876147881448,-3.92784898177978,85.25596350324068,51.59580265971709,-2.212988183737793,86.29523966839777
1646,-47.068027817340486,49.918965288132156,40.29290853747129,-45.13087826483201,50.11717655692595,40.56485072467838,52.5791965509889,-3.988777311588152,85.40988128973844,51.619667437734996,-2.2046504329935477,86.4499317851288
1647,-47.28551355635241,49.50365112802771,40.29253539041806,-45.350151160377756,49.70406538133212,40.574717977448806,52.4549231964062,-3.742944805580574,85.5546242760342,51.56670154331047,-1.9533061675229049,86.56802723875595
1648,-47.502576470464255,49.08776723850254,40.30004650907643,-45.56892051254845,49.28719475226613,40.58994720285961,52.373592855467386,-3.5802194456491763,85.70726305764845,51.4649555652186,-1.8958120217455074,86.70255693820557
1649,-47.717873764433634,48.67401462834797,40.31404118166878,-45.787714173052564,48.87136245573363,40.60899394016667,52.372326272201896,-3.556478593979186,85.87070971364179,51.42483195981818,-1.9794369608122953,86.84852940834466
1650,-47.93135251197355,48.25913198382218,40.334954600159385,-46.00340943011309,48.45451877034796,40.63082916239661,52.271648329441625,-3.5503560436818637,86.0343818318563,51.32739267627134,-2.179161132044498,86.98199175393934
1651,-48.14603872149019,47.84188223113305,40.36364829463145,-46.217401678879554,48.03696777416929,40.65566271098326,52.25075617063712,-3.4844276455799443,86.1790675436124,51.38839466354613,-2.213949060115403,87.09630560953403
1652,-48.365810906735504,47.41791898512287,40.399302990947774,-46.43255258110172,47.613303271034084,40.682821058772355,52.1955964908512,-3.248755233858433,86.32776060681904,51.470112001430735,-2.0468216435691695,87.2340051569975
1653,-48.58582137472153,46.98736931040297,40.432923262506804,-46.650333696476274,47.182249289308054,40.70934895248779,51.998417072949294,-2.862212110271174,86.50105387624365,51.243735423470675,-1.5301216484724094,87.44380154593071
1654,-48.80672858790069,46.55456649416201,40.46482751026527,-46.8695444240586,46.749058054418086,40.735182767437635,51.82944710576703,-2.647397965697416,86.7000317571352,51.02780090497615,-1.1142955983876788,87.64071916664187
1655,-49.029970381246486,46.11772670150553,40.49557126275976,-47.09298369519189,46.310683621179486,40.76106647694946,51.69636071336326,-2.1774389653894715,86.87433236603671,50.84627508213272,-0.5674657805283324,87.80398319557337
1656,-49.25322095644445,45.68037651523838,40.52474081121269,-47.31768819233024,45.876282359958104,40.78675161435064,51.394906392753164,-1.78183521521683,87.02068278612474,50.5026389555352,-0.36349251557629403,87.93531442079652
1657,-49.47768120088671,45.241515147624,40.5522506529517,-47.54223140950208,45.44409364560607,40.81226337893259,51.331416250736304,-1.3935353855642516,87.20021246552803,50.491806704407686,-0.3389020039667156,88.10320159100957
1658,-49.70464643423564,44.7952221756807,40.57825321819758,-47.76791430779404,45.006400781309885,40.83772148373067,51.173210011226104,-1.0078354966488632,87.37064914806008,50.49475233174787,-0.2051283547635937,88.23004774021875
1659,-49.92609150860157,44.34567443490678,40.60141613379282,-47.98984367344667,44.56117830908185,40.86206884222597,50.96438887710563,-0.9491321778839786,87.49041650684394,50.465902969884645,-0.3543828707596899,88.30703264492644
1660,-50.14455437328632,43.8988273527419,40.62863459032218,-48.20906065691654,44.11800905600224,40.89205178995995,51.047012469996645,-1.3077705157663337,87.53244715115953,50.55759827514293,-0.6761901684845679,88.36218888158173
1661,-50.36750397190817,43.45411284435827,40.66170358078072,-48.4327677424336,43.67635091744755,40.92748541350805,51.07775761231625,-1.613526852050335,87.53690383939555,50.52367896029425,-0.8577870661623903,88.38201124527536
1662,-50.589803813881424,43.010343722698856,40.69825828534373,-48.65546502429065,43.23326887078071,40.96482197184606,51.16105926379959,-1.9893473640565076,87.5100702267848,50.55460692606826,-0.8914017445565707,88.36022495598256
1663,-50.81156651134926,42.56711651420048,40.738716457680816,-48.875098496759236,42.792470717052424,41.00504384794852,51.32730148208972,-2.169440166096919,87.45839830944891,50.49859401152863,-0.8817515250604223,88.30897160486536
1664,-51.03718093343913,42.120739133438846,40.78244108830818,-49.09883520378121,42.34688130114079,41.04690527786176,51.30768715470155,-2.2905767439377405,87.34091731009386,50.46085196122715,-0.9234686915440655,88.23768858782529
1665,-51.26305055086186,41.67617828471299,40.82133750189742,-49.320557277352414,41.903734643497486,41.07817049295045,51.30997737358189,-2.4227316096939,87.2100016024756,50.47179893573625,-0.8585051626849327,88.15290135734696
1666,-51.48960420516814,41.23545170035769,40.854308652862336,-49.54551679040276,41.461695909810125,41.10043527391407,51.34788657959255,-2.3081752603140444,87.09373886062413,50.50057546486165,-0.7159943778449177,88.08282514419665
1667,-51.71756728707945,40.79349021289086,40.873855600149334,-49.77273385680853,41.0195668046287,41.11169922698838,51.43028590389346,-2.003497764755352,86.9734147088906,50.69732726973567,-0.5395964194972419,88.01701227158581
1668,-51.94341014788931,40.356814494484155,40.88193587615396,-49.99847737308592,40.58492799161327,41.115675225308635,51.49540658288689,-1.8042845279502915,86.87369278289155,50.725057553995896,-0.4694024623313696,87.96666331978996
1669,-52.1690606843879,39.916956808405345,40.88044091934628,-50.225757667189356,40.14472316003743,41.11360099596822,51.551503100414536,-1.6513703547290626,86.80213454949691,50.7933963884375,-0.3670889599132825,87.92800274814223
1670,-52.39683175017156,39.47467856351637,40.869882350308146,-50.45422016850412,39.704035587679016,41.10916474289526,51.63906452418084,-1.465452735639442,86.74910012334766,50.81247632146621,-0.20116114873521576,87.88848304926375
1671,-52.62021952421365,39.036748227625175,40.849864287652395,-50.67935507134526,39.26463324775495,41.102440703096455,51.62702547660999,-1.1791312673278265,86.7172684779773,50.695097548508606,0.021992990810966284,87.8570713608687
1672,-52.845896831124634,38.59818224696291,40.828345386325445,-50.90310924198676,38.82427640411256,41.09279748535896,51.67086543148074,-1.018337518380921,86.70451952444542,50.72060649595737,0.12290914065594662,87.8303705418869
1673,-53.07560916404731,38.16095920650153,40.80567511059462,-51.130812106675734,38.38593014366549,41.08025371165215,51.79027683710153,-0.7747826755650302,86.73683931669746,50.86626441883578,0.4100040453930801,87.87013216394418
1674,-53.30844967150959,37.72544672952973,40.78475632576822,-51.36413510570108,37.94785848902533,41.06669871842829,51.53063831467564,-0.6181166435615156,86.83839685307557,50.62589978939703,0.5765761419303197,87.98894044102651
1675,-53.54448478259108,37.28316856343025,40.77488432561789,-51.601357148975296,37.50816080336057,41.067522532892255,51.249643116425744,-0.5935462027523672,86.97851502518748,50.272357177685684,0.4577837031425965,88.13906123534295
1676,-53.77456849644194,36.84097138890862,40.77931157881074,-51.833997093446044,37.066876135361,41.082530595689974,51.14234938564104,-1.0708087904383554,87.14372246748236,50.281000842336205,-0.29182630414584537,88.29516303891914
1677,-53.99724472729738,36.39202205529259,40.79937332767152,-52.06177111600631,36.619034505980025,41.11112001718435,51.15777336911314,-1.4055244860501528,87.32396940694277,50.420851807126574,-0.6040265125765029,88.43236525903511
1678,-54.21269794038685,35.9411238762389,40.83248427652899,-52.27997118905383,36.17058926500203,41.14762967742959,50.98663096396402,-1.7797898031696584,87.50836232269023,50.13220559409242,-0.8245589042651555,88.55114326445427
1679,-54.43477116253975,35.48520435566739,40.87744224909804,-52.5016076254092,35.71627328757979,41.189546302225416,50.74995371300494,-2.1225874690209623,87.68300505655462,49.931653374843975,-1.0269978388048693,88.62832650394286
1680,-54.65992549723296,35.035175355893315,40.934081498588704,-52.72164767744407,35.2665192156106,41.235780955982804,50.39718891996395,-2.573521851519446,87.80350795836475,49.72766986714471,-1.1319140962405099,88.6769623802829
1681,-54.89092327844109,34.5910863054759,41.00226133976162,-52.94525780879551,34.821909780011744,41.28645676257526,50.27885204402374,-2.976273229869689,87.85238573924103,49.544690360293984,-1.2297599168928468,88.70216007862513
1682,-55.11930295092844,34.15530555339804,41.06841647689798,-53.16577326284645,34.38596330448383,41.33732026454963,50.30600333832669,-3.2344123118654804,87.84978629101843,49.4532494054682,-1.360354282261866,88.70628250771404
1683,-55.34905937873812,33.7182198376361,41.11816379967035,-53.391597915301354,33.94864374804141,41.37004468718555,50.237723453902824,-2.9886902662361807,87.80624534042546,49.53576062336515,-1.4077438783336331,88.69346227488555
1684,-55.576499693201306,33.27830367442307,41.15019733739661,-53.621088327751046,33.50824032642769,41.38593652145913,50.128696461937636,-2.9102439076247064,87.74515068473139,49.668896418657646,-1.394930558597105,88.66902943294129
1685,-55.80025556660807,32.83668436442154,41.16578819263751,-53.84868100639291,33.065488805464874,41.38861663394511,50.289517794545965,-2.693169302266634,87.69828915261013,49.74911171415393,-1.1481705687983346,88.67349187484591
1686,-56.0202065705618,32.39604062733426,41.166274789074976,-54.07591966314231,32.6236829766068,41.383284053592185,50.36209032476117,-2.473428818976883,87.67060414041568,49.72134441211846,-0.972266572914834,88.68682151087484
1687,-56.244455983234424,31.953704448463142,41.15508917840721,-54.30562172138817,32.178824594024285,41.37623253304722,50.98046617529046,-1.9264262753984922,87.65972014779092,50.422445277746114,-0.3177933621598361,88.70774179910117
1688,-56.47175471344446,31.506388031137263,41.12900452972812,-54.53730183176091,31.72841280320587,41.36278088809069,51.48919428109219,-1.3810821130989224,87.66561759737344,50.81202755426037,0.18664171981669808,88.73454192219629
1689,-56.70916571369186,31.055368069565482,41.08963952993923,-54.77169578593556,31.28073843519753,41.34363989176409,53.32719389804988,-0.6207593992171856,87.67273167962134,53.03632380843278,0.8372577550241643,88.74154320014019
1690,-56.94810003018847,30.609310356690507,41.062000919868254,-55.0071901750617,30.837217314040107,41.33726158384625,55.03600556397465,0.21931826809483024,87.7163976570005,54.790047455489585,1.5341659510880454,88.7810474487956
1691,-57.18098330630496,30.162734389241365,41.04756457228155,-55.238788491912004,30.39249272739914,41.341391099518134,56.7120482161771,0.9646841487589499,87.78237709524569,56.220756062666474,2.000314966767598,88.82443507177011
1692,-57.40866683733082,29.714519368855825,41.05106142341537,-55.46505631819302,29.946489181982702,41.358424828816226,58.28721646418913,1.2740368092476946,87.82107004105907,57.205443440280106,1.982479526013139,88.85113060166849
1693,-57.63209002061906,29.262597631120208,41.07343339551768,-55.68689734410749,29.49836787953044,41.38839773367444,60.11718033786758,1.6227299312905987,87.86583497344093,58.25963941794405,1.984439279545977,88.90199983442683
1694,-57.8519729743622,28.807740368877955,41.10734576421037,-55.90695267165468,29.043653443324363,41.42463173641912,61.32163890287639,1.543043015180344,87.92528790621631,58.94324525994665,1.9054432807215624,88.97124299685858
1695,-58.072407843780546,28.356796097012126,41.15730445137073,-56.12974414946322,28.58941920931987,41.46764154556945,62.73084131576137,1.488221549175606,88.00625898558397,59.60668538444225,1.854621357536703,89.066199344951
1696,-58.29810857482618,27.904596341027982,41.222257043152915,-56.35610109913874,28.13551216999529,41.51546215432599,62.75137528131105,1.2827278601888545,88.08417906086784,60.08923387342248,1.9059714776793113,89.11165333048163
1697,-58.53177373329267,27.455742053963206,41.28760322780996,-56.58819330048351,27.6851252130372,41.56497853104321,62.79546328971467,0.8532571243942468,88.13441916031123,60.48620559642865,1.8214388326987214,89.14189363767217
1698,-58.77456916424018,27.005207900540043,41.339759636670095,-56.83030161288915,27.233358903488845,41.59917187986425,62.797692400239406,0.3600979278435449,88.18583997639232,60.786160723619815,1.556351493656071,89.17529091120205
1699,-59.01759604620707,26.553877453767136,41.37572590852437,-57.071625085987996,26.782965203242465,41.618782994038355,62.98304510970658,0.106769045327544,88.2490539369768,61.1197289241081,1.2764161791232707,89.21875501430954
1700,-59.25966910344581,26.09699629420924,41.395752119543154,-57.310947911262126,26.32911711639031,41.626184948452995,63.263157593420054,-0.10868196224669605,88.29017482484625,61.78282551021095,1.1060131601577037,89.25892185990104
1701,-59.49534591294611,25.639244386237962,41.40162888764636,-57.54557749417742,25.871962867483248,41.62410821479193,63.642170539493335,-0.01845261237871121,88.322139780225,62.28888001231778,1.315967965407646,89.30689318034148
1702,-59.729840669081014,25.174804301307585,41.3932779404383,-57.78173650411489,25.408505182734057,41.61601021142845,63.88904214066916,-0.06580484369919465,88.3317790083154,62.624561781879486,1.3009703013252243,89.35312108474928
1703,-59.96658620626766,24.71232320278318,41.370461666237894,-58.0192407717062,24.947879312706533,41.602409327541736,64.1862718753862,-0.14393864056894862,88.36562050725772,62.919039685515216,1.342971689569902,89.38942849783945
1704,-60.2100869366966,24.248939043915144,41.33414882053039,-58.26240629200229,24.487650236010683,41.58421520237059,64.61595800258597,-0.20957573938218949,88.41069161388258,63.35025757905934,1.276468870616041,89.42750121043132
1705,-60.45665140671403,23.787263657289692,41.29689479178406,-58.510798397345724,24.02791309611749,41.56288706631749,64.57252301281414,-0.5715518605714265,88.44615072989129,63.014391452589656,0.6175505134443737,89.45468682067747
1706,-60.70631504476841,23.32352402941036,41.268444568920195,-58.75959700840815,23.566813004981196,41.55059744574377,64.51922263421423,-0.7570077833571652,88.46901778810509,62.826434164060906,0.2700167336044435,89.47564126275242
1707,-60.95579636089572,22.86312290461396,41.25090083019103,-59.00702138659027,23.11018286908917,41.547477762437516,64.09934749951523,-0.9632916413946022,88.49291836106076,62.557395746676306,0.013721736582630262,89.49735724418633
1708,-61.20648378553452,22.401131946059415,41.24421300033292,-59.2551686920105,22.651613792727435,41.55173326215863,63.789992980341445,-1.5324721099555658,88.50333731751103,62.47659870432254,-0.3563239554961754,89.51197339323936
1709,-61.44810106532622,21.94337051769937,41.244541617825334,-59.494918480563825,22.195252862789594,41.55803203303903,63.54801579505149,-1.7262145177957775,88.51690899809911,62.4323282811453,-0.3097708359888339,89.533758301493
1710,-61.6825558398214,21.483433275527585,41.253962520089814,-59.72736366375542,21.73502491751219,41.56839464654262,63.19735268917623,-1.9948151324874994,88.51008695014737,62.267922252987866,-0.31941855063824437,89.52292271178978
1711,-61.911172832069056,21.020913209860407,41.27293210904864,-59.95458051527961,21.272140897136268,41.582383079493994,62.47870533167648,-1.9696431475171698,88.48651172933859,61.814101330900826,-0.004690315348997609,89.49893710599945
1712,-62.1348671319467,20.557315580038992,41.29305413543802,-60.179740319309865,20.807082118083564,41.58818392827959,62.136223023847684,-1.4105105671250735,88.4460089785739,61.32117945707021,0.3708670341749233,89.45522255115915
1713,-62.35608718874561,20.09306288847287,41.303760660827244,-60.40121084198266,20.341713601111955,41.58581801849996,62.501705935180205,-0.8057285638050273,88.37707983218304,61.99489765988155,0.9181713120767921,89.38024352614272
1714,-62.58111662332215,19.6328016606949,41.30347202153674,-60.627269424537964,19.880573821895105,41.5766152354903,62.965235067097936,-0.35768338629223606,88.3084988707233,62.543946736502434,1.1558162670080914,89.32514721419061
1715,-62.81444044018895,19.183783349690522,41.294034049662095,-60.863252467339805,19.433083774891077,41.562514336866485,63.36816544234144,0.09247180082056478,88.27632073275943,63.02196863523901,1.1893451087049873,89.33085889403759
1716,-63.05779893322646,18.73368232560291,41.27901369415304,-61.108709237013706,18.983181219200397,41.54528289137335,63.76110693933112,0.3066828480588004,88.2268296187036,63.40712482342871,1.2315676913314118,89.31968581359064
1717,-63.302931796735834,18.2892889118289,41.25659016240914,-61.3543799915086,18.538785576298785,41.52654496322807,64.03718206024146,0.5819823158623574,88.17951427693166,63.420772070113635,1.3067693091139148,89.28634455263148
1718,-63.54876061894482,17.84024931730384,41.226427664335276,-61.60210649438198,18.08664899063115,41.50717089928438,64.48981255504161,0.47775479192169573,88.13171846124577,63.36843588602169,1.1651016703644859,89.24210785571123
1719,-63.78493920683965,17.392431494768406,41.20330653289808,-61.84065906904246,17.636175818037664,41.49604944817736,65.02009941190538,0.30100727638574265,88.09893289672206,63.31364710316197,1.0693637844407273,89.20653638257971
1720,-64.01721029264839,16.93771971542001,41.18955961198337,-62.07288146956347,17.180753324919767,41.49349653251342,64.81503474243185,-0.094899129793795,88.08811861450269,63.30430881087108,0.9108609703596026,89.16983963349495
1721,-64.24754288282648,16.484155997290905,41.18623366402764,-62.30104331479459,16.723116873273113,41.49875341772698,64.52790933767952,-0.526177792067619,88.07889201515668,63.187333855268776,0.5458030077896904,89.1442035842151
1722,-64.47655993055744,16.02442729404083,41.19234554582876,-62.52530240395812,16.26540344729978,41.50914644793724,64.22074273952498,-0.9069651093405059,88.03097191122595,63.103302184255945,0.18047328227444637,89.11554992880176
1723,-64.69813271050353,15.571625643954201,41.20778498173288,-62.743541675994834,15.811699407145742,41.52373992725677,64.01103111128963,-1.6408761305357995,87.98476370944648,63.173309582697165,-0.5838048459700382,89.08036816555426
1724,-64.92208670204165,15.11868018465025,41.23224708573285,-62.962848292872806,15.361482507064883,41.541533308080986,63.971407778593985,-2.4807199397485675,87.95405335359834,63.1750611420359,-1.3202997525382796,89.05149212897881
1725,-65.15027255766088,14.669254573495174,41.2644116398944,-63.19189611414159,14.907439924765184,41.56187808083601,64.27517598036091,-3.1767952252646747,87.9088459716261,63.60957088751421,-1.9121824454731287,88.98885932659162
1726,-65.38294936895335,14.219318945954793,41.28777061704355,-63.42550283617364,14.454398303151658,41.57205125356786,64.39040674947285,-3.6342389559542903,87.89626165931254,63.68502810862174,-2.032940087712986,88.98397061094114
1727,-65.61718834103056,13.765986586927903,41.30130059833815,-63.662333599879965,13.99964765864864,41.57417722194455,64.39240453686699,-4.129135191530185,87.91132807891566,63.61974249408061,-2.2624341434173467,89.01190108314202
1728,-65.84762441571691,13.311486047055517,41.30677104123484,-63.89637686279962,13.544258307559442,41.57195175563344,64.80282751454598,-4.436195852449734,87.94233337448617,64.01735595645819,-2.4182204594963173,89.0616497997829
1729,-66.07349663523713,12.854656808109992,41.3046252393769,-64.12605916478599,13.086331188259432,41.56519878451895,65.0475698972924,-4.639577637174995,88.0124963878501,64.1084794896564,-2.4755006600136644,89.14881950742051
1730,-66.30062261600983,12.394318485645593,41.29416220098661,-64.35481162111411,12.629639248974017,41.55448795799555,65.26122225286518,-4.395426034191082,88.11492534741943,64.26276118329756,-2.3695785944055134,89.2525579793819
1731,-66.53192871333428,11.935920622336802,41.275770447216345,-64.58442004042485,12.177615146158985,41.541201873267276,65.55850693847941,-4.1208833949233385,88.2407112582134,64.45101086335225,-2.3648389828702543,89.36561650494639
1732,-66.765336924759,11.483442776112986,41.25817527609351,-64.81693202377373,11.726632501746337,41.53717835255887,65.66906715667392,-3.525225198318868,88.37757451050012,64.78081875822744,-1.915925308877593,89.42906220793726
1733,-66.99763375906021,11.039237246819209,41.25111267989773,-65.04527706038374,11.283808407106418,41.54214752942772,65.87790870111374,-3.2812234232842195,88.47973601863762,64.91369214163912,-1.6912274308202526,89.47934348180242
1734,-67.2295542963585,10.59736969957498,41.253776318038405,-65.27457719507701,10.839641028860218,41.55351520931814,66.24539494886199,-2.627241096766152,88.55967713699067,65.11437291957549,-1.067415528610047,89.5208020625351
1735,-67.46320344648305,10.15375058175989,41.26463660967427,-65.50812055680998,10.395036842382828,41.57000209318039,66.24457928149174,-2.0149781558936044,88.61388158118896,65.20324482277002,-0.6071005563592499,89.54209031994081
1736,-67.69884347961822,9.712262180645629,41.28482486700491,-65.74770424598624,9.95039987730045,41.59090198594936,66.41177896920757,-1.1798886135202873,88.6418422888929,65.28353295717831,0.14457011027295352,89.57267909677262
1737,-67.93185975199833,9.271320166868197,41.314909142970286,-65.98476652401037,9.506986141181082,41.615975575345935,66.51059516106751,-0.11185046218453487,88.65072527887105,65.33935094020116,1.220403804261973,89.60565060950601
1738,-68.16181281562238,8.825051554106016,41.353455223956985,-66.21878805674562,9.058965819513734,41.64394404219106,66.66672545508838,1.08823470238734,88.61546276137965,65.53139199036,2.185261328226693,89.60015843274246
1739,-68.3910733621473,8.373647986445684,41.38372370765003,-66.45353805240084,8.605534135400186,41.66207999024649,66.42094344171844,0.7351586827184564,88.60435577747309,65.31430595185806,1.2230805604302772,89.60068862920532
1740,-68.62485390150505,7.91822687059656,41.4045628341562,-66.68824254884201,8.152108952963102,41.67200949230283,66.27056843501178,0.44806648619405354,88.60760201604573,65.13936380598142,0.41552444449956794,89.62248809340699
1741,-68.86207920355396,7.464743029925816,41.417391699719865,-66.92387999956047,7.700092501105685,41.676240195220736,66.29209606084272,-0.4156416323134636,88.6205544981826,65.3308665449075,-0.5919500080856029,89.65280968279922
1742,-69.10091746799903,7.012844851861061,41.42195263421244,-67.16139286404936,7.24982164530867,41.675676866680845,66.36050492100328,-1.3337252704721094,88.63311379890305,65.47668031205531,-1.5129942009133086,89.6657170859882
1743,-69.33911422492929,6.561325509502293,41.41895239565924,-67.40036966723231,6.799890416783251,41.67198643020862,66.52096046121589,-2.4734961276104532,88.64781967916879,65.72575647636286,-2.1767203640557606,89.69285340326935
1744,-69.57712501023782,6.109707452425022,41.40822458957089,-67.63666159296335,6.351667352515569,41.66566793314638,66.8574264135703,-4.205242711482095,88.66020291556396,66.14782317591782,-3.0647634206476795,89.71645917384951
1745,-69.81315369926992,5.659450521992402,41.389555199640654,-67.87066348787079,5.903339879507041,41.65775846724352,67.11853384721216,-6.21022736197043,88.69069235535298,66.51860000147371,-4.048594377189376,89.73677675954691
1746,-70.04415374701156,5.211686746806975,41.38077589700905,-68.10007233441829,5.457123183596364,41.66146819517936,67.63769108284588,-6.967023209039856,88.74421903013912,66.82798906927249,-4.825896641463148,89.78670000803996
1747,-70.27152480342149,4.765229242812276,41.38311045693185,-68.32666519638698,5.009935132468583,41.67510980566784,68.16723444767834,-7.6907704351805375,88.7962142901272,67.08517228842237,-5.447014504893913,89.84549363542166
1748,-70.49370795888935,4.317774174648098,41.39641508169499,-68.54769704806566,4.561096592180078,41.696791568787155,68.54260881740878,-8.122988638437965,88.86627799378752,67.41438324393647,-5.890992415082966,89.92433365286652
1749,-70.71452180335989,3.8669690310814024,41.41888424488182,-68.76789898573428,4.1079085015205,41.722769280386935,68.88768016905387,-8.763864439957624,88.95029811238807,67.63252501625456,-6.654191291628275,90.00003031361611
1750,-70.93226313600448,3.419853004101345,41.45029919306056,-68.98526718143883,3.657709918577528,41.75263355033641,69.16522253037516,-9.577291701624905,89.03822389227233,67.84167669213114,-7.428539921259847,90.08565224140067
1751,-71.15002884198951,2.9756903184874197,41.49136698210624,-69.20170275829666,3.2114490218023746,41.78614885681406,69.23219780938261,-9.985626140845227,89.16032920050192,67.95138398551188,-7.830400927233481,90.19686053864206
1752,-71.3709518774621,2.534022923280957,41.54015644210666,-69.42201000596039,2.7674281949333523,41.82170862243397,69.29192688390012,-9.84238163345148,89.33584902735994,68.0642618011456,-7.654610575213997,90.3645069970057
1753,-71.59757318813234,2.089703229827663,41.578779783106455,-69.6481093031523,2.320823833091082,41.84703078463988,69.52947321808071,-9.717158756176149,89.47808885093153,68.41095085245723,-7.531143205474167,90.48810403505193
1754,-71.82589358967248,1.6477186950253315,41.606754037412756,-69.87745571617104,1.877557568899348,41.8634484185392,69.5928849450213,-9.779317998599774,89.63323412414803,68.44868326434148,-7.696500706055587,90.6243307265649
1755,-72.05521238317219,1.2039880176668074,41.62631773183159,-70.1077885688952,1.4325542362020154,41.87513972974329,69.73815591371554,-9.800512468470655,89.75101090118925,68.71217261945117,-7.723039351949382,90.71269514574954
1756,-72.28020089167418,0.7617376828862199,41.639095322499834,-70.33429585361809,0.9895181089484588,41.882751771977716,69.89809984656262,-9.578934591278575,89.83603028865234,68.88267813446406,-7.810089704709872,90.75038888398335
1757,-72.50558123773249,0.31659367881394573,41.64340784661291,-70.56237827784024,0.5438465601878791,41.88700974018926,69.92176580485844,-9.184583018817657,89.90369319336376,68.85826702060433,-7.804586406943894,90.78533485991154
1758,-72.73186898964735,-0.13335918957095594,41.63775339923395,-70.78850074911207,0.09495989792993204,41.887527057834816,70.02972165455819,-8.84250019994957,89.96526050007633,68.908892943999,-7.653416700593471,90.84437842184587
1759,-72.96065162873211,-0.5864131536964093,41.63366936134281,-71.01675693709284,-0.35735317721534904,41.89905315887737,70.45366591923664,-9.038475404904624,89.93057462628428,69.42363712043056,-7.789115713857702,90.83523544791973
1760,-73.18610691423035,-1.0361219033454487,41.64300802808415,-71.24249078856349,-0.8073604294889843,41.92234281512668,70.6819081912647,-9.27100494663542,89.90429903464452,69.8160667213732,-7.963626571123569,90.82892925151978
1761,-73.40807128721259,-1.4879109012575613,41.66819801782443,-71.4646901533802,-1.256230941116493,41.957772190253934,71.06322844061205,-9.204261638921912,89.83280407191204,70.10920588548183,-7.954313699354054,90.79757836140253
1762,-73.62810702692704,-1.936518361404254,41.70351729569808,-71.68448195954602,-1.7036200389301435,41.99889222194385,71.26007053989096,-9.268508341774973,89.78619332854069,70.3168914923024,-8.017112890958872,90.78532946968099
1763,-73.85414065005014,-2.386496027166616,41.74968770521618,-71.90785307643287,-2.152375005798552,42.04478606602889,71.42591705049196,-9.304142507438362,89.78411894058172,70.40080282321316,-8.093014551593209,90.8048517655327
1764,-74.08342428329938,-2.833636427625796,41.80835446410914,-72.13487601598142,-2.5992393045648337,42.095975027083576,71.68400213755814,-9.20653093218457,89.82325334319758,70.43415881820937,-7.890859846305398,90.88265848915574
1765,-74.31950245014652,-3.2760768687686577,41.877949152958706,-72.36850821744324,-3.043675088545511,42.15056476330243,71.72199122635355,-8.993324632782638,89.8444461550246,70.22562146497881,-7.416079031850947,90.95053272226707
1766,-74.55134053852466,-3.711177905641762,41.93557300384512,-72.59932699183165,-3.4819022827409167,42.19182276275371,71.40246768959074,-8.526992911768906,89.90874232937914,70.02733020159519,-6.947262753126006,91.00971672977893
1767,-74.78349918769898,-4.150008056748586,41.981573945803156,-72.8317715748768,-3.9219069664351034,42.223056243576146,70.88208671966443,-8.140649671071456,89.98638516596579,69.56769618555555,-6.7553779347250815,91.07855481198729
1768,-75.01861026385552,-4.5893511870820705,42.0179629405916,-73.06813704119868,-4.359442349853949,42.249652800757524,70.42580417468585,-7.76622240293049,90.08368504413399,69.26866711710306,-6.473606717986215,91.13701223514133
1769,-75.25073917382072,-5.020224748263719,42.05341952023009,-73.30024870734294,-4.785478358456716,42.280571156482154,69.91480389722477,-7.249881495212121,90.17818880196619,68.92280944754387,-6.120114773065723,91.19549191350104
1770,-75.44214984775002,-5.440488046310717,42.08363073106392,-73.4902289234408,-5.197690919729518,42.31072467121411,69.50122825619839,-6.70609654163657,90.25363066279654,68.72953115710627,-5.794115733765381,91.24363083927241
1771,-75.5560127458379,-5.861038830423453,42.111699653316805,-73.60180277085935,-5.606229314956559,42.34796132767332,69.19320298533734,-6.585479061538732,90.28907495855526,68.7141656823711,-5.796494490644992,91.28305472905905
1772,-75.58084961674909,-6.262176452300148,42.134621792765685,-73.62842972580972,-5.998058514835242,42.38693686355278,69.21434085561543,-6.634405080422828,90.31572767616248,68.84283000801497,-5.758813371576641,91.305984442811
1773,-75.63514305594222,-5.901516444709653,42.166309798949456,-73.67916031845607,-5.643266254809832,42.429303744895066,68.43493291577758,-6.598255076712185,90.33402759360283,67.78597374785416,-5.871728163471578,91.31750944368947
1774,-75.52185955283238,-6.199468916670554,42.21142107369815,-73.567056099491,-5.943648607691914,42.4792438609764,69.23335072077184,-6.223347239314297,90.34436916392819,68.59359855607063,-5.617407417718321,91.33681387696622
1775,-75.37837865648798,-6.423252978994559,42.265529027238735,-73.41277066731905,-6.1806308574307405,42.534026166017085,69.99814267846287,-5.770986890282632,90.36396120058697,69.19061746043789,-5.293284129872442,91.36456079848672
1776,-75.22747156962882,-6.582122276274686,42.32168263379591,-73.23726918973765,-6.355750110488022,42.58863228796657,70.76246434158655,-5.1250171521313215,90.38049219571624,69.616049467603,-4.955796555921069,91.39036422113249
1777,-75.0789916428495,-6.693797767899202,42.384305671505246,-73.05799622060619,-6.478324673439737,42.642098955347876,71.43804622116036,-4.425276328081585,90.38457154985537,69.91247059309244,-4.635822494190812,91.40447375573385
1778,-74.94472484485419,-6.765589801016926,42.43512784505234,-72.88765247693722,-6.554113676764826,42.68068222841785,71.80262865574502,-3.7344494681254887,90.37664137592618,70.10807012321052,-4.347035176685707,91.40734759811887
1779,-74.82983927818806,-6.8003294077514935,42.473039437981775,-72.73233576262922,-6.585792667042824,42.70697572300456,72.0531754841086,-3.0876343409125817,90.37245572767632,70.22555415818631,-4.089116723132645,91.40416378114486
1780,-74.73485256047267,-6.801034040605902,42.49692502966363,-72.59622692857788,-6.576218404424898,42.72182346510228,72.14788739164015,-3.0830544039810923,90.37157863776059,70.28406897246848,-3.8557054918232536,91.3964744779868
1781,-74.66387252314011,-6.775513043363667,42.507273302619915,-72.48708107644359,-6.535147312592186,42.72792913649753,72.21836047340035,-3.054394458391202,90.3592079405207,70.29276333422717,-3.654720155707686,91.38562670277558
1782,-74.61551314363162,-6.736930503158023,42.504270560006574,-72.40593660459275,-6.4769187110126,42.72691005330203,72.264557309846,-3.0134614184864303,90.33791418536725,70.2650489727985,-3.4887149077761594,91.37071518873888
1783,-74.58958713344907,-6.6949250637457975,42.48842331801442,-72.35298095777986,-6.412503597896745,42.720944007485016,72.28760558571743,-2.969013663726825,90.31170715909916,70.21389743064013,-3.357348423623444,91.35345516298594
1784,-74.58199467808626,-6.655308141927535,42.46129687598628,-72.3211472591035,-6.351994683858913,42.71137740060953,72.29215423756858,-2.9278790963626578,90.28410372395322,70.15550608061842,-3.256620568028744,91.33515703683491
1785,-74.57262549316727,-6.613732239754688,42.44078047539914,-72.28234857147308,-6.292111823254701,42.707074340511404,72.29672566111832,-2.8856484021094984,90.2631615662218,70.1190537823892,-3.167300823077158,91.32448712721373
1786,-74.53836214550591,-6.5658291312514345,42.42756551395192,-72.21239147067153,-6.2288521091562306,42.707257203810606,72.21390462543876,-2.8899492015877604,90.25034993074397,69.97440356645363,-3.149122731526596,91.32113342318283
1787,-74.46858787740945,-6.514969177556328,42.42185066660135,-72.10660328905381,-6.164070725226488,42.71214548299292,72.01041675013725,-2.9293966450278104,90.24338810424817,69.69559376974557,-3.1696488996502015,91.32076660880833
1788,-74.3594262993281,-6.450080020469835,42.42226076955006,-71.96591829653586,-6.081231100254716,42.7202223539905,71.76364260784902,-3.0552177307886645,90.2399315926624,69.4159956186467,-3.30045831785972,91.32158343074725
1789,-74.22125029053423,-6.348539245376891,42.42863402790911,-71.80822201907802,-5.959605591088362,42.72972578695854,71.63710197661393,-3.207134188953964,90.24225594981793,69.35392619263749,-3.4236158268352166,91.32348695352877
1790,-74.07359902633549,-6.187787020078121,42.43975005002463,-71.66055848916153,-5.785807398631253,42.73877351745212,71.53227580114161,-3.2571410606115236,90.2563156982264,69.3073706892596,-3.3517757948097717,91.33441799733382
1791,-73.94013588049994,-5.952406089064164,42.45418451298729,-71.54433310820082,-5.557289790770778,42.74691162930329,71.42396083915469,-3.354030299433083,90.28363045610175,69.23156947399951,-3.336551821996168,91.35633129833727
1792,-73.84046240611698,-5.653402585718561,42.46043330403781,-71.4611803577136,-5.28493064590073,42.74728099296697,71.22187645923174,-3.428885904888229,90.31548761527694,69.01928259927905,-3.266277031683366,91.3836544401185
1793,-73.76546937215066,-5.3170614761822765,42.46023543603967,-71.39409679564116,-4.985402094015979,42.74202917288116,71.01128722346205,-3.281670604854425,90.35534424169579,68.74882487613407,-3.003540366059884,91.4201884502071
1794,-73.68034122093253,-4.957630196555247,42.45599303478114,-71.31298202005726,-4.6681065444448935,42.73405025289215,70.86267790789026,-2.9565231661800313,90.39997554865754,68.52255125355903,-2.691198416176322,91.46132696595623
1795,-73.56059045039736,-4.592427423281331,42.44782766697765,-71.19998523613125,-4.338983829319861,42.723684206570056,70.7802310384773,-2.5473343942370748,90.45060561966774,68.4497383416355,-2.459820827127727,91.50909715491345
1796,-73.40058117790154,-4.230819149590246,42.43538493059253,-71.05206547330509,-4.007872693678027,42.71206459000398,70.222978128951,-2.368550965732354,90.51153028467014,67.82394174458271,-2.531857486511187,91.5587861896628
1797,-73.20870684407085,-3.871077324352989,42.41894303771736,-70.8764750387007,-3.674887573754772,42.69925605693318,69.66411012597332,-2.2993345226084716,90.56448556376752,67.24491633509318,-2.59200178448114,91.59734083522503
1798,-73.00085606243073,-3.5122164966804648,42.40570152721715,-70.68655849193094,-3.340260813929992,42.69605412759665,68.90665850013097,-2.360515406656794,90.61562072941999,66.46990200587284,-2.864712515339331,91.63998360968236
1799,-72.79048713628768,-3.147023878972,42.39999650200394,-70.48863429027341,-2.9965422810500417,42.70038288072153,68.44941425395223,-2.2809348401288085,90.67136917524495,66.14039205493528,-2.782266311432329,91.68867475906691
1800,-72.5867946176986,-2.7686642993149735,42.4027573020542,-70.29385241915331,-2.6376026637040906,42.710564769040936,68.14552811349365,-2.430750896912552,90.78765427085447,66.06134251759515,-2.788355315845331,91.82651572106585
1801,-72.3945763423848,-2.377812775193866,42.41475079705087,-70.10767831048935,-2.266056080574505,42.72673917556558,67.89292177601038,-2.835508426941397,90.94333781774131,66.07068439683749,-3.0415041888818033,92.00435022345823
1802,-72.21348232772152,-1.9797043120651114,42.43548848382531,-69.93122903175221,-1.8828315832970095,42.74728567140874,67.59334562496069,-3.2461905126353914,91.09938079128786,66.08401395601993,-3.285500956010362,92.16271160820418
1803,-72.03250258298957,-1.576785841775541,42.463955246907794,-69.755989106152,-1.4934551182272198,42.77040770420939,67.61963191467184,-3.4043632287296313,91.23468560342492,65.95926396796041,-3.377357470274285,92.26729679028057
1804,-71.84242135433227,-1.174720695203707,42.49377911295989,-69.57291977704246,-1.1010688941614215,42.786482977206376,67.73289090093375,-3.483379982335445,91.39204824980123,65.91020564044318,-3.381496865673505,92.38415031478242
1805,-71.63488018671397,-0.7724164295872195,42.51746728527775,-69.37206450250281,-0.7072569498972794,42.79775313948319,68.07871184149707,-3.379298940085322,91.54740400395447,65.9016632194763,-3.3768579628499413,92.49086463610162
1806,-71.4167515998276,-0.3681345588041507,42.53410851513646,-69.15687217322157,-0.31112186570833755,42.80443838823306,68.2419895326364,-3.3246902103402274,91.68621503663952,65.91922985316542,-3.122186527634043,92.56576817554061
1807,-71.1951501270442,0.0356492731098178,42.544624580152345,-68.93621132364491,0.08512211569294964,42.80872170436194,68.38253602845712,-3.5578338103957305,91.80600329249162,66.08816022253897,-3.3885498199546147,92.69660375839099
1808,-70.9734151001336,0.4460492436550024,42.548094833670035,-68.71540325652421,0.4870911508559201,42.81007480875667,68.76066104232173,-3.4725552721303194,91.88220999178058,66.61790348619171,-3.4058788292073388,92.80658215800412
1809,-70.75639527330311,0.8582330582303856,42.54501809702467,-68.50242872928827,0.8919670597172655,42.809385574735145,69.15484938577578,-3.3817298456506943,91.94710784761837,67.06432093637565,-3.4540591908641765,92.89528008344449
1810,-70.53795707283332,1.2793442651831335,42.534696433707424,-68.28868480710176,1.3059530597591293,42.80647370857833,69.74804325310416,-3.3546535623605296,92.0327444425348,67.5713009211026,-3.4733793750782245,92.97210913151368
1811,-70.32178177452208,1.7032689429121626,42.53234598729065,-68.07900572049869,1.7231950946716503,42.813985381925264,70.34334514951416,-3.350806507606261,92.09778701407927,68.03292540491717,-3.4587423769536776,93.03707257832609
1812,-70.10908771453575,2.127324322008751,42.53996751375932,-67.87039797311388,2.1429070469365548,42.831721721081436,70.88324839223927,-3.171687675134239,92.15246034976667,68.35544686220842,-3.1951681162279395,93.08846740510842
1813,-69.8958398454972,2.5499418861210934,42.55885322967868,-67.6589813860386,2.5621851470804278,42.857786339683315,71.45432522640877,-3.240027515114646,92.22644785817837,68.67540773664886,-3.078069733138974,93.14188359093527
1814,-69.67919150293775,2.9701374753430136,42.58761326740489,-67.44221822314896,2.9767762937808957,42.8901683703944,71.63140920928114,-3.3978237832832408,92.28255072517017,68.54489086685523,-3.570748426773192,93.23795381903282
1815,-69.45957893220613,3.3905480745102308,42.624805541769256,-67.2230643479956,3.391513533723386,42.92539466771853,71.58630933003289,-3.424841044659147,92.3611920386482,68.51711373316148,-3.5803455055852442,93.35081181185988
1816,-69.23543610621384,3.8093066822396415,42.67135192257092,-67.00244814247382,3.806216403094452,42.9646832616866,71.55899045861274,-3.2027170639747102,92.46592210736871,68.54426680582243,-3.278020583468838,93.47907241709548
1817,-69.01189996972114,4.224349624225597,42.72674332497714,-66.77920402514886,4.220401896777073,43.00687757929245,71.39667799242545,-3.0004302075662905,92.57315354253132,68.52719794778879,-3.052828700783741,93.58950907928904
1818,-68.79051826856582,4.637797449941692,42.77220419148344,-66.55843113813297,4.6328733156538755,43.0380432073655,71.45793478231181,-3.019734365150762,92.76051195242195,68.88235634370899,-3.1565899069068584,93.79289914210788
1819,-68.56999579611876,5.054348854522912,42.80653306581393,-66.33731161990467,5.049956634646069,43.05992084448752,71.58387889396307,-3.2590425880217024,92.99162508096907,69.21739939703984,-3.2940140146277317,94.0178533359854
1820,-68.3511862277097,5.478392862489436,42.831954631013424,-66.11626277849969,5.475733745831657,43.077103100009715,71.68836700544038,-3.5825186485423908,93.25027777323446,69.51395916406294,-3.612877704576355,94.24789799027351
1821,-68.14082330472867,5.911187418419811,42.850262618065486,-65.90272573096881,5.908405317867022,43.09218373256525,71.79420244722958,-3.6285976370886637,93.44744967952528,69.37516816890971,-4.071824771040883,94.39935549857007
1822,-67.93066580327185,6.34702679320682,42.8611341527477,-65.6920880085997,6.343291842651027,43.10257770376864,71.86091949103003,-3.9401492203184882,93.6496466769625,69.2760568877853,-4.426193282989078,94.56390219135376
1823,-67.71196087923353,6.78198895014471,42.86346083954647,-65.47524658181274,6.778636835525929,43.109752224425485,71.90432384281634,-5.207320589380728,93.87637492712491,69.20292328346775,-5.733642817755216,94.76679941116073
1824,-67.48963499282452,7.218949395501798,42.8651023669745,-65.25680484603538,7.214366185209196,43.12561993792067,72.16458395299674,-6.617265192331187,94.140546409396,69.41274246266788,-6.995544148140926,94.98728082542017
1825,-67.2643739455622,7.652237041072459,42.87760062961809,-65.03768137280086,7.643236816237646,43.150921964017954,72.03002511168826,-7.710002164607207,94.33005761109807,69.41688988636145,-7.83751502300261,95.1751682352919
1826,-67.03747949235128,8.090806576260988,42.90209595514128,-64.81433070848706,8.078939053141884,43.18447042886076,71.68076898493719,-8.838228098466118,94.48120699090941,69.17481764832598,-8.619021817651655,95.33112073193195
1827,-66.81454807165916,8.529603176237352,42.93777167935657,-64.59258781800001,8.515104458755754,43.22506650047559,71.1863505734718,-10.040914443898624,94.60365007847224,68.79902662487146,-9.557191044810372,95.46908234765681
1828,-66.59282013127567,8.966575567766803,42.982270096555986,-64.36956603864512,8.950601152329698,43.27100659836642,71.0527483190297,-10.91300922624388,94.75387261796725,68.61543221671754,-10.04621758863232,95.58929614350718
1829,-66.3752890118918,9.404941017485289,43.03691580594742,-64.15175574419187,9.386721794176662,43.320943011953624,70.26706411660376,-11.786813712479983,94.86479414175717,67.56030282638002,-10.425541611522476,95.67382022646156
1830,-66.16278034057918,9.842049034867586,43.100658938561224,-63.93855283718835,9.822505639893393,43.37304447838027,69.6007272284678,-11.805273851925968,94.92984291159044,66.88172905825938,-10.555645179295068,95.74849322266105
1831,-65.94629589493402,10.277248730055137,43.16500128249642,-63.7216577018025,10.256003004513872,43.426777165754174,68.79283033679718,-11.741336765686725,94.95614823690394,66.41241087087693,-10.762490018090102,95.80852615419234
1832,-65.72327187997993,10.712139067620296,43.225117530024534,-63.49971629279866,10.686592799234624,43.47691701998035,68.10603730899665,-11.514014595666858,94.97731021106473,66.05418147722298,-10.539131489999612,95.8589077074793
1833,-65.50049009157891,11.142314915898027,43.28050229291616,-63.27686532455264,11.117993612557699,43.52385293253582,66.80106289838112,-11.040923246342675,94.95164460114425,64.6600536055319,-10.126605717265651,95.838891048381
1834,-65.27642869245481,11.573279270853254,43.33124383538077,-63.051634821797784,11.550848029001992,43.568213052959685,65.76839060949746,-10.440190008382348,94.8986696121487,63.738099988334554,-9.927711203084105,95.79832357383017
1835,-65.05601660830415,12.008481585176233,43.37787076207626,-62.8276681476992,11.987022016810148,43.6104391301212,64.85466854491546,-9.805094810208468,94.80330256218308,63.29481661006465,-9.452622472889448,95.71893567462543
1836,-64.83853679597802,12.446953163257682,43.4193911876062,-62.60765945173752,12.427060359513385,43.65050735588418,64.85688704197727,-9.464002324919065,94.75904498754065,63.31462405362426,-9.46205981872026,95.71650594343866
1837,-64.62022968750537,12.885293938440416,43.45644550214664,-62.390464058278994,12.865490587299314,43.6893525030385,64.85564308992431,-9.422486945688462,94.77794925742425,63.4878406203376,-9.713443600841597,95.80907459236063
1838,-64.40121079637488,13.328444506818277,43.49251888365709,-62.17367362081544,13.308649344554592,43.731266690200115,64.63599631251144,-9.213615491866829,94.78019677166787,63.39750857253107,-9.787327864180417,95.86054871886464
1839,-64.18340525230892,13.770321600678976,43.53032558390517,-61.95820748629298,13.749320187240281,43.77402802314451,64.26304441383132,-9.438752529907296,94.78128582495674,63.11978879128629,-10.067296272002906,95.90215725659739
1840,-63.961619577532154,14.209069155681911,43.57074331263678,-61.74113094054842,14.18628296649661,43.81789348525743,64.87916285108143,-9.637656325186729,94.81130372636062,63.17216979674496,-10.035887520342209,95.91470743559526
1841,-63.739259900046015,14.63765749687814,43.61335150301194,-61.522045408043255,14.612692743724125,43.86271250434846,65.38260892981334,-9.647091868016737,94.86371222448095,63.25601357709803,-9.868594545277313,95.93209617611767
1842,-63.51361000218542,15.068074008958641,43.65793898089721,-61.296618600202045,15.040317995900585,43.90805904165239,65.5819031408891,-9.688316280519707,94.94262562195654,63.201149262626366,-9.456725335143956,95.93435291443456
1843,-63.29031597094608,15.489749845622292,43.70390800493306,-61.06912767155404,15.461892563821193,43.95319884963753,65.52200462317647,-9.411443426176852,94.96512255989144,63.15909323099369,-9.079178406418682,95.92031008052345
1844,-63.06461054466966,15.918068781604212,43.75208955560003,-60.83937920681262,15.889924090260509,43.998790217660314,65.50272355284595,-8.800953840848694,94.89839153048516,63.332386445563955,-8.561019751995612,95.87913154556497
1845,-62.84080339778958,16.344589757490773,43.800053131106,-60.610725930142465,16.319459550674072,44.045163249740575,65.4499178170146,-8.386401804441045,94.87808812888572,63.20212274908053,-8.28371529570855,95.88745727502356
1846,-62.619770566899035,16.771242399748658,43.84861857862186,-60.38601191982496,16.74977214641615,44.0925024427143,65.45926564368513,-7.522579367326399,94.84749819744893,62.98101506980968,-7.652883702147465,95.87950018585296
1847,-62.39944678656825,17.200471531047057,43.896440238772875,-60.16607543687961,17.181953361202133,44.13947339567095,65.37583085327002,-6.696255389461247,94.85002154233017,62.95604694170776,-6.946535067157611,95.89959524402548
1848,-62.176856154259745,17.631610565577123,43.94333923748946,-59.94646999730658,17.612819102203467,44.18607460068671,65.3149924878149,-5.952216007907475,94.85626439892908,63.0062502624529,-6.351679246373001,95.92927745412085
1849,-61.94902858806059,18.063352764537196,43.98902259290547,-59.722085536770265,18.0459814985062,44.231407131788956,65.4528904492309,-5.534146581232341,94.89885008280814,63.1893397069888,-6.059689984639412,95.99384899947482
1850,-61.71734481991273,18.49608021918811,44.03549945333068,-59.493890978034294,18.47840656677907,44.27771272955311,65.61446173728147,-5.1147252628004845,94.95069110063564,63.36470334382943,-5.774149885105863,96.04188206877507
1851,-61.485618987013304,18.925231967924315,44.08373113718022,-59.265806195962234,18.907796625912376,44.32577194482855,65.59572173481763,-4.8070129650797835,95.02366729459146,63.45730624800017,-5.4874840100805615,96.07915719773543
1852,-61.256141875396125,19.352947355756417,44.13279258637248,-59.03786806727097,19.337692733648986,44.37482635711262,65.71218013492225,-4.433545514001506,95.08094730041546,63.45345924732133,-5.298155622381068,96.12730742272005
1853,-61.025204423581094,19.78534071551568,44.18324456725622,-58.80661349353921,19.769711164350376,44.42524357656913,65.79976475099635,-4.26172102802834,95.15546230520489,63.30468833304885,-5.017006202625618,96.17358287185131
1854,-60.79901022939552,20.218569410132627,44.23518807101601,-58.58025636502727,20.20133566674515,44.47748106123428,65.78642986668298,-3.704885117498929,95.17748341702267,63.2094944903119,-4.055826913462052,96.16437709740829
1855,-60.57746065288285,20.653051506258503,44.28797996250166,-58.358202160037884,20.632178711858224,44.53062019583066,66.02100627241086,-3.0882907795047663,95.17701781033485,63.55180013919593,-3.17524595027849,96.14051247490373
1856,-60.357914301264536,21.080435588491316,44.342805631547556,-58.13675091394344,21.05645786364785,44.58530571060378,66.00096485976884,-2.25077295008228,95.14741465691507,63.6025871491503,-2.3485061899873934,96.1221455939415
1857,-60.13665800326079,21.505025574271126,44.399274750611795,-57.913075711380046,21.47868823274727,44.64092027623427,65.9029412610217,-1.2806239984144876,95.09945437258487,63.55773383926615,-1.44903828513113,96.07742963332984
1858,-59.913119955026154,21.928579193772457,44.45703996721314,-57.687065824870615,21.900922660095755,44.69728770583482,65.52889878282235,-0.23728165767142628,95.04643502686532,63.085035721184276,-0.5654043214611741,96.03307982535497
1859,-59.6880713624027,22.349821610364017,44.5151441365254,-57.45945760130462,22.324079593286545,44.75367455341388,65.22781642418425,0.7687729454295029,95.03966280715683,62.730041891255965,0.05000186958936503,96.08332486113245
1860,-59.463028253969334,22.778560747420812,44.576143307842266,-57.23050359044417,22.754791700270253,44.812470815144735,65.0811501588294,1.74301739323443,95.07615865021717,62.52347001031311,0.6136432684810907,96.19089929979823
1861,-59.24609061497363,23.198349778210147,44.63627407517062,-57.01092430343746,23.178100525959177,44.870898750524155,65.00029685402389,2.0140642013797634,95.14742022483684,62.47465739938479,0.8328532140837945,96.27799385032603
1862,-59.02613186189204,23.626423701912074,44.69671049977999,-56.79005178863536,23.610245285121195,44.929734357267286,64.43046789042103,2.187678280862454,95.26175285152459,62.17207755880971,0.989819119026942,96.39203134945514
1863,-58.80865462737979,24.060509626294888,44.75622015906207,-56.574117697082684,24.044346099972618,44.98789895211303,64.02878304529857,2.3047363304132062,95.41307980889644,61.938775587928646,1.1564913504209482,96.53535827581042
1864,-58.59139158918083,24.49284694017854,44.815703746583296,-56.359217209641024,24.47502828995329,45.04634548929598,63.86017010743568,2.0604795463580667,95.61701605697704,61.981177688936114,1.0198538780770938,96.6933961491454
1865,-58.3719176578909,24.923512749758007,44.87388573576582,-56.14206854045336,24.905003787709752,45.10394328646515,64.05599696447112,1.7456480634034066,95.86301299593889,62.08187089942901,0.9632567639187328,96.86891956483828
1866,-58.15082643275139,25.35586549523101,44.93096689767603,-55.923320768065,25.33760298682767,45.16067121205448,64.28085332224225,1.6715518457514182,96.06406381423517,62.23191560507205,1.164676636709019,97.03443082541676
1867,-57.92800585812655,25.788839731030766,44.98849158529908,-55.70117158445808,25.76998518934945,45.21852990323269,64.68548371195891,1.614596680612483,96.25765180733502,62.688675063636104,1.4157813028554114,97.22130012816851
1868,-57.708114867058335,26.221395726352533,45.04733699009206,-55.48117905329105,26.202360545780515,45.27779730830439,65.098111659796,1.7578891036319626,96.47250078241862,63.18404255116778,1.6761144738295481,97.40334251310286
1869,-57.48891773390352,26.65491501425811,45.10763384170837,-55.25948006542764,26.636567518113694,45.33858836766697,65.74920938512959,2.143510979440621,96.65512411641824,63.65259016504459,2.2039600726108377,97.54696322046675
1870,-57.27170983077335,27.0891873230388,45.169090998281014,-55.04223813589887,27.07117615027074,45.40002861370702,66.3698160161583,2.508745105648293,96.79116483136154,63.99420838940663,2.6389313660245692,97.64920166682732
1871,-57.05726681639994,27.524405875499518,45.23051323040739,-54.82798198877192,27.503858112463075,45.461320478689395,66.69307025917901,2.45284767724003,96.91660669484625,64.0806029702543,2.1244940867078284,97.7603071174318
1872,-56.842432981712044,27.96269811858531,45.29093743475017,-54.61361072340577,27.93922501808293,45.52019459423533,66.80516406689021,2.7550402885828165,96.94965707093323,63.91985138306097,2.265365109760697,97.76856814186876
1873,-56.628158645870926,28.399454663015096,45.35155970940807,-54.401263775542915,28.37596165562593,45.5789012578082,66.74470933251699,3.193378077673284,96.92938623087882,63.617279829776706,2.8172675482309324,97.72566857535139
1874,-56.41152872888051,28.840233980044264,45.40966195016831,-54.183393764457755,28.819206974246995,45.63518400717677,66.32687268482152,3.4762360676467075,96.83937652293793,63.209732248439906,3.1360580448853974,97.64902048532166
1875,-56.193993567700545,29.281542512118286,45.464770999087285,-53.96409910732964,29.26213118831884,45.68886101903456,65.85136108454479,3.0197152736896484,96.7769331939267,62.93453121986213,2.4169525109584793,97.65740003855211
1876,-55.981843314834855,29.731427793925448,45.51652628475039,-53.74898340201461,29.71468649775832,45.73993721148719,65.14811692052614,2.746436873508806,96.70754664742368,62.4624863795285,2.4236616999361016,97.65312804558164
1877,-55.76609012560065,30.177000608679048,45.56455568401753,-53.53322280356403,30.158564186028524,45.788391404087065,64.3724142894623,2.5061903429571504,96.67382051802379,61.95085472168325,2.4832103481755796,97.68710035322047
1878,-55.54308778563977,30.6220156644612,45.609120155589274,-53.311045419906314,30.59954319558275,45.8346341679393,63.69419783085456,2.8875817673114774,96.61059340848023,61.4930282533275,2.5308346424310875,97.70039792212577
1879,-55.317900503219285,31.065022370160968,45.65336325590313,-53.08886871715569,31.03583626194684,45.880797300765465,63.173664751420894,3.024849158400007,96.61895485250578,61.122408648026614,2.7771746788262632,97.73146511248099
1880,-55.090208427289,31.507896182259085,45.69506211326049,-52.86479058657331,31.473839949780455,45.92573157206048,62.74097156024798,2.4328230241147595,96.66671020854733,60.781070168899646,2.394426758485801,97.76410389382805
1881,-54.860290884252294,31.943662337122756,45.73346520248669,-52.6346914499287,31.908425931711072,45.96630013642662,62.48458255671886,1.9227482292824938,96.75958947280013,60.587207535534404,2.081736361198926,97.81040148251736
1882,-54.629903035167956,32.37859392327147,45.768880550035064,-52.40178825749157,32.342845366082614,46.003375178147635,62.22224350780135,2.057072096566669,96.82185376605825,60.46091618940945,1.7596261636655133,97.8730290036874
1883,-54.4008994177832,32.812975804135014,45.80188664143331,-52.17145754998479,32.78186166987479,46.03791346667421,62.12687029320705,1.798942751677606,96.90372253869222,60.349249508430326,1.543405556747611,97.94036291775313
1884,-54.175778964027934,33.25170421814887,45.83257503042489,-51.9467967365457,33.22192858499474,46.07037406716065,62.08459952452554,1.6578224888017852,96.96929807382814,60.1973387065485,1.5862266497227042,98.0102253050521
1885,-53.952895461979466,33.68923078206824,45.86121448350113,-51.72444487162905,33.66121790086421,46.10088115963618,61.94298702316237,1.526580569610955,97.06695089930749,59.88483612918948,1.62836029580208,98.09575873992429
1886,-53.72772438862264,34.127428478665124,45.886415918249156,-51.502937545845775,34.0988130731882,46.129349089297286,61.89028681978059,1.0488943378046445,97.16165413836389,59.749087539312264,1.3809909308756654,98.1801130418575
1887,-53.5002616502218,34.56629154444843,45.90901338704596,-51.280970387838146,34.53945292111414,46.156457421989145,61.914657823204095,1.108860705318713,97.26713881670086,59.72083968654196,1.355582979808358,98.27055322071732
1888,-53.2740591564445,35.004421193000084,45.93097321897358,-51.05855138385089,34.9780509814119,46.18247427244454,61.96699229543754,1.1060994443749312,97.39075425942808,59.817065909813046,1.2431348284402572,98.3887449405375
1889,-53.04791442813648,35.44499846595561,45.959344867523875,-50.83201847374863,35.420887824444584,46.216840694115405,62.005294162988065,0.9419134017931627,97.52382291950485,59.903753108490555,0.8561277612980209,98.5231347257879
1890,-52.82211802462313,35.893471846423424,45.996392161244,-50.60549881833151,35.872985065714204,46.26022214682654,61.99586430454535,0.823163276719532,97.65610974671884,59.89388094130296,0.6533242974120408,98.64608371632971
1891,-52.5982584137215,36.34010633478729,46.04147229059787,-50.381607042004084,36.321589499701524,46.31043389320837,62.044273385642335,0.5431672326441759,97.7962587937272,59.90040418005374,0.4802613060383767,98.76986715754869
1892,-52.37269893286539,36.79157567786153,46.094171190399145,-50.156437953304874,36.77188068542166,46.36494407521425,61.99951849160282,-0.24901592671431383,97.94755759203615,59.583953056923896,-0.3643196810538222,98.91349393438858
1893,-52.14774127484908,37.240367933894305,46.15335366787586,-49.93166473661303,37.21745362571615,46.42147278552687,62.38372902274743,-0.7898980212027797,98.12324582653281,60.04534329158402,-0.9707251941398617,99.08195927354494
1894,-51.918087780166246,37.69229171751844,46.22035471183685,-49.70348720427028,37.66619076134266,46.48183592408514,62.92915669314061,-1.4466419113264615,98.30786958104598,60.72430601251411,-1.4442425816699904,99.25202985466056
1895,-51.686467160430254,38.14249980357945,46.293041899398986,-49.47569738201099,38.11078311241766,46.54400278660759,63.28981122059695,-2.0711169295446648,98.48604521247933,61.12860956877556,-1.8701594086496658,99.42572066966721
1896,-51.452998474441465,38.58527430701886,46.35581678424344,-49.242700736679126,38.550006344930765,46.59482184106854,63.48375234457696,-2.4826167427554626,98.64454352417808,61.22878819674226,-2.2101040110873287,99.57495339550172
1897,-51.22160436363843,39.022939741565125,46.40802115250638,-49.01035246004194,38.98784072539497,46.6365775331978,63.61692690763439,-2.7035907747087746,98.76173628123833,61.14564524926081,-2.105815880634518,99.65247297651945
1898,-50.99619597626867,39.46344343019672,46.45039953927709,-48.78439992063997,39.42855079841278,46.67233716187589,63.53173188114258,-2.804824467260448,98.86004806764177,60.78394264711543,-1.8687660307217566,99.71592522065411
1899,-50.77277847112561,39.906120489503714,46.48578125640008,-48.560052119432974,39.8722127472682,46.70462452672178,63.6875767734635,-2.734365280240737,98.943528778462,60.501572143330954,-2.138686470693205,99.78606544428443
1900,-50.54712821996954,40.35214585705162,46.5139128618296,-48.33214209318992,40.32002618315132,46.732695507348936,63.34741584648829,-2.6287764386804673,98.97464424161095,60.30053098763019,-2.2454720978324443,99.82071558981062
1901,-50.32166802441741,40.79529270478604,46.532630107110506,-48.10538999274492,40.766247089896346,46.7570956731059,62.90045951809906,-2.6863899999042222,98.99166921222722,60.30443671624741,-2.547760268201148,99.86623531119606
1902,-50.09462957531949,41.236183380845446,46.54246007116483,-47.878993930122036,41.2078538288342,46.77855641199987,62.5222037201149,-3.0695744846733874,98.98995057087802,60.26251381592033,-3.291757586819427,99.91596867513083
1903,-49.8701594345729,41.673650084110136,46.55338339018389,-47.655054768129204,41.64320603670271,46.79889484165325,62.30206955600755,-3.3749910351614445,98.96558045541707,60.22994362189917,-3.7773962106531584,99.93403894565185
1904,-49.645376013046416,42.11004819699388,46.57336414976422,-47.43023332761838,42.076250662787814,46.82890867154199,62.39052361802261,-4.072817112826563,98.98192947313684,60.4730236954895,-4.339384668201628,99.96275852843453
1905,-49.418800206954636,42.54541865858781,46.602229849404694,-47.20457453134346,42.50981208084916,46.86695414047185,62.765759427215194,-4.456611949898098,98.960854394593,60.77669001945134,-4.191739533334555,99.92949568075937
1906,-49.19072029026831,42.981668120122634,46.638089014773016,-46.97567012434844,42.94764921845824,46.90984325802764,62.8078546761127,-4.618479186884272,98.95374719540847,60.55448647072635,-4.220515750925454,99.94493241570667
1907,-48.96600764676883,43.41845994147386,46.68011011590015,-46.745940302887206,43.3904338037091,46.954536130564556,62.952195675902516,-4.489053701065428,98.95360519671019,60.54555251987795,-3.7269894181726673,99.94712027088245
1908,-48.742217346528356,43.8594389343901,46.7305440277739,-46.52005541946199,43.83644435830123,47.00357566842078,63.28581829570936,-4.642149864280654,98.98569001856279,60.96580054977892,-3.9460413437348834,100.01287218267866
1909,-48.51742761964242,44.305321143492016,46.788972585013525,-46.29323736644248,44.28546053795574,47.05649572052914,63.669259499846504,-4.396439025964578,98.95490700249297,61.325542117187005,-4.0684728437322475,99.98881532830737
1910,-48.29375584223151,44.75216043932852,46.84439105238162,-46.07030837030924,44.72996480764312,47.09913333110975,63.99761425432792,-4.309484005874628,98.93677929229813,61.54396575721277,-4.280103809251694,99.96541400378547
1911,-48.07322627702704,45.20155364875983,46.888308516393316,-45.8511721704689,45.17409350024174,47.13116127810146,64.30037973817457,-3.9924509738473173,98.88209287525875,61.95811204489425,-4.2979006018719526,99.90854400306056
1912,-47.85140023841372,45.65272191301409,46.921519722626535,-45.629727878979665,45.619766613505284,47.155626508238605,64.37312501851282,-4.2065201744335114,98.84801409799786,62.06411759492525,-4.455085965944181,99.83771451156738
1913,-47.63071568258191,46.098207815193526,46.94448435947115,-45.40843748540166,46.061171261407495,47.173473943608855,65.14202463705728,-4.357551067138306,98.80556838968388,62.662627694850976,-4.650102828766293,99.81523487115292
1914,-47.406800903433606,46.54171964819486,46.95779415479465,-45.18275131076758,46.50399744346046,47.18512979611238,65.77216984465808,-5.20416669325826,98.76344584488369,63.105457640402186,-5.257495294723785,99.79033568056019
1915,-47.18131901801298,46.976846185445595,46.960181598548175,-44.958964919181,46.94018806245194,47.192289093732676,65.92141143299088,-5.426186956549009,98.66585582214178,63.22683211975951,-5.4764950763852385,99.74770883261549
1916,-46.955950403085545,47.40823518489026,46.95212065243698,-44.735327790325655,47.37341939757374,47.196203133074384,66.0507207014512,-5.821924294369753,98.63151865690836,63.31601810164251,-5.841641006848345,99.72615671773886
1917,-46.72843066837508,47.84308272595171,46.94263868751256,-44.508057178391084,47.811424105318935,47.197860781067874,66.4163081084113,-5.8299176337237215,98.62883986911643,63.650459125768435,-5.7081676190638655,99.74956779981896
1918,-46.494909282870786,48.28507018169089,46.932967902075205,-44.27551877120327,48.25711054597167,47.197265904827155,66.59163870444247,-5.966935740356525,98.66183686834486,63.890568647432914,-5.631939422863413,99.78087535369869
1919,-46.26588090388136,48.72309347892128,46.92765870659312,-44.047425615801295,48.69930807387174,47.20162227068069,67.0358881883203,-6.028937862893379,98.72002835952496,64.2331684167343,-5.607187247638878,99.81555654760889
1920,-46.03533584028725,49.1625451177055,46.9294982782228,-43.81879867814999,49.140022792233275,47.21287427312971,67.1385680004225,-6.1050415238383,98.76029547453072,64.54216769169504,-5.684629509801002,99.8552201832038
1921,-45.809063300222455,49.59897267788043,46.940386908153364,-43.59384594470249,49.57739594897432,47.23157291876542,67.15174414104051,-5.615248726359644,98.80175458707662,64.61817834701722,-5.402525447323545,99.88600021427571
1922,-45.57943271252299,50.039908210530584,46.960338133258844,-43.36533951083635,50.01645638562078,47.25721272829582,67.3962755394688,-5.353396272497556,98.88855481997749,64.77603646905925,-5.2245719315988275,99.94643064035313
1923,-45.348335679788796,50.48395341431295,46.98728881566974,-43.13605323705744,50.454930498408494,47.28556189988302,67.6099745023309,-4.893063452558593,98.9641241556797,64.84572846653667,-4.992195211365832,99.99334749540915
1924,-45.116678579044425,50.92793521257391,47.02025511231943,-42.90124085216707,50.89746528688737,47.31430039051621,67.70434749457897,-4.663617834078674,99.00290914987549,65.00931394526366,-4.710246633706477,100.01738080087533
1925,-44.888605987785354,51.36963759964822,47.06208546884547,-42.66704650006397,51.34064680432153,47.34698087813011,67.80819257202832,-4.310579359631703,99.01837344277762,65.12342286074121,-4.341279909836617,100.01614956274192
1926,-44.6622432525487,51.81241314398024,47.10283034269587,-42.43783666215575,51.783908613655555,47.3770037946629,67.71037924072785,-3.958084790670569,99.04087055896197,65.08500924813372,-4.083082102563132,100.0344430946364
1927,-44.44026525281942,52.25792322497246,47.139886346597606,-42.21379834639344,52.227983619398664,47.40493683693354,67.54405728401643,-3.5399930058022244,99.06005239171502,64.99786498926152,-3.879597654315592,100.05581620615516
1928,-44.21795109237555,52.7053125824721,47.17287668187255,-41.99268460696632,52.671973894115744,47.43177942799002,67.50599315740193,-3.3608928932792685,99.0761659352084,64.93237824646788,-3.708621230680337,100.06942131635446
1929,-43.994228410172724,53.152383821047295,47.202067919966794,-41.76973335157541,53.117298048977965,47.45859438635678,67.28221683374639,-3.123536034186266,99.04051421776529,64.71837373585763,-3.5349596741687144,100.04313714439584
1930,-43.77077109535307,53.59515454276607,47.22974271121431,-41.548924889143976,53.55749456574335,47.48648870249095,67.11154013790353,-3.00451508751395,99.01245595995589,64.56070648939412,-3.4728500701928113,100.03218646111023
1931,-43.550946429328874,54.03534492077617,47.257309124608796,-41.33029708051439,53.997739538096326,47.51542680518041,66.90082021955294,-2.97254070372811,99.01245112271477,64.48099803625232,-3.445633934343962,100.04938046142951
1932,-43.33080245025608,54.47122977783092,47.2813719794989,-41.11172337699529,54.43590358688589,47.5426273838229,66.58268938818152,-2.848622973937534,99.0249736965824,64.24711166371328,-3.1534749232808594,100.05946450674311
1933,-43.10654125577115,54.90876581906894,47.307796816784474,-40.89002777948298,54.87727495083364,47.57009357097849,66.49988986414748,-2.643274660457562,99.02341328688141,64.2640360062992,-2.8469531267269312,100.06646765032667
1934,-42.88072598570122,55.34660989418612,47.336048104728505,-40.665769051289665,55.31895881962078,47.598647362745055,66.26412356433919,-2.3462113872885024,98.95156390542093,64.00905987814421,-2.476493860110378,99.98021603033462
1935,-42.64867674148777,55.78908391512004,47.37026034937187,-40.432155461304255,55.766252508228355,47.63475062897015,65.93039578573443,-1.97805650322175,98.8683399008045,63.67316908842648,-2.0723800021938743,99.89211877375678
1936,-42.41535895189009,56.230334463116726,47.41020547125789,-40.19538837846079,56.209727097980014,47.67599104027051,65.80639797900324,-1.6301888979809578,98.83683338291155,63.53787635636829,-1.7381166784638469,99.85677371298821
1937,-42.18093621553341,56.67495413012149,47.45509812837878,-39.958269625091674,56.65277219602467,47.72109316898447,65.6009493492816,-1.294164626107373,98.8006094336155,63.327318092364145,-1.5634367090197527,99.8321541702483
1938,-41.947593415865704,57.11917355516717,47.501604148841864,-39.7245139065901,57.094474968717044,47.76651070894844,65.40010045260956,-0.9865063423354676,98.77833015618472,63.21151064717048,-1.4866171589653563,99.85698938697276
1939,-41.7114377069042,57.56579426642831,47.548378545492426,-39.49151076648298,57.53763634472958,47.80863951182411,65.26846501681159,-0.7997407016054736,98.78128002243713,63.049993096372546,-1.3213962454981003,99.90857305046168
1940,-41.47284914666909,58.010665023624156,47.59853870494822,-39.25841984463171,57.97857598315412,47.8531046993833,65.06978998417875,-0.6365881822208779,98.8099835769066,63.030202607406395,-1.15563649946438,99.98452575476699
1941,-41.234270874699135,58.451793446591786,47.64596721550105,-39.02449878306254,58.416578565165395,47.89206674281318,65.21707788495151,-0.5499028421821586,98.92945194211757,63.23071045400759,-1.0004577192623871,100.08195640304103
1942,-41.002056730577415,58.891096129769956,47.68558765532906,-38.79280037979543,58.85726636649056,47.92662186273143,65.54582241020623,-0.41638703278670985,99.09725250835857,63.510587357822544,-0.704554146209595,100.20945459240524
1943,-40.77386883909738,59.32816089281007,47.720152714468405,-38.563597221934046,59.293709800663784,47.959575005881646,65.84858992097473,-0.3543158022420083,99.28722570740074,63.831161034167536,-0.5575454187306528,100.3783187504479
1944,-40.55080183705586,59.76161813662662,47.750870809792964,-38.33935659506094,59.72616429721791,47.99092650532551,66.51197305931476,-0.16381820959678436,99.472129425938,64.49062748498199,-0.3533434507174045,100.5102894369166
1945,-40.32949086328241,60.17377623628941,47.77878305137058,-38.12047910425898,60.130777052268705,48.020802803456256,67.36259822088662,0.02310320948248626,99.68020104580866,65.33183065772421,-0.25330366886219446,100.69200158576388
1946,-40.08783988943279,60.53046088191958,47.805025393873294,-37.88531725744395,60.476751687493746,48.04963272943578,68.28978622514167,0.08135782506722322,99.87606764684206,66.03828640373008,-0.1960025057070865,100.85389227809611
1947,-39.81543696679627,60.80945479032288,47.836120248789875,-37.62275921189435,60.744020169536945,48.09117997794389,69.15650973211662,0.0009540222837721574,100.04913744896915,66.6364992579624,-0.2191843240325338,100.99469277283521
1948,-39.5266279812206,60.99483302471625,47.879260941916066,-37.34187997238303,60.9213760484487,48.14325065341426,69.86699605785613,-0.1976128507482468,100.2035747958361,67.13395728678691,-0.329267763300637,101.11988265128633
1949,-39.24874174752115,61.07658334204001,47.932301826858726,-37.063447329309824,61.00119702651685,48.20055071767455,70.37545557768864,-0.6041092989063694,100.33986717837651,67.51818756476338,-0.5194171698422312,101.24101363889729
1950,-39.012784160826385,61.07140015915836,47.99497876719122,-36.81157164624092,60.99678069723541,48.265871001321564,70.7927743226968,-1.03957692848005,100.45168631754454,67.7982727504829,-0.7542796627426808,101.36009278209967
1951,-38.841708430436995,61.01054227066961,48.066453133308976,-36.6044530193608,60.934335597048246,48.33564303173506,70.94972446172075,-1.3183693726762304,100.58455252986342,67.98534307452424,-1.0009685076318198,101.47464214868447
1952,-38.7300750376234,60.92177624035729,48.13148747530632,-36.447580620235456,60.83395660612727,48.3870517186525,71.0558527828926,-1.4080870595588406,100.66182637829462,68.09655888890732,-1.2409778416172461,101.56208177898606
1953,-38.666839092368136,60.82310402388994,48.187175051037066,-36.33939482383921,60.71569870082211,48.42181838706512,71.11472790005955,-1.508070024094169,100.72107100903027,68.14833253805112,-1.4618385414305317,101.6251619680405
1954,-38.643164227643716,60.72470002996254,48.22176330078828,-36.27356763527017,60.59080706939473,48.441460284268146,71.13439146284387,-1.6064932817036168,100.75958513614401,68.15448293556302,-1.6587918788589389,101.66703188077243
1955,-38.651671211359826,60.631818679294305,48.23754963603332,-36.24613947123892,60.464088478369916,48.44932437600097,71.12437608143229,-1.6975510302055343,100.77925628626531,68.12353115515053,-1.8315478377928522,101.69257860226593
1956,-38.68665972487438,60.550158849518326,48.24087740871357,-36.25533150405253,60.34410539193856,48.45063879938879,71.09009922299037,-1.779691887280332,100.78231690063001,68.05902555089128,-1.976967420239047,101.70832228663957
1957,-38.62817510604373,60.61606546104616,48.22685942957956,-36.2114799762146,60.44866327948555,48.44579711364993,71.14971850326458,-1.7154133586171743,100.76793453936457,68.15235080693098,-1.8639163946061954,101.71509357629185
1958,-38.70242568557897,60.56927673172181,48.19512822424244,-36.279492336953844,60.36790784683606,48.43605172199511,71.07360191820992,-1.7599220285876351,100.7357496149043,68.04196637723449,-1.941964795352727,101.71444693604785
1959,-38.778940304396194,60.536681963191086,48.163883545225,-36.355116441824116,60.30772788570015,48.42408333179823,70.99494873064299,-1.790046850356735,100.70422387532295,67.93386337108058,-1.9940989261052633,101.70957462176595
1960,-38.8514856253473,60.49645601334008,48.14300227660705,-36.42602111495678,60.24212344290655,48.421581801879874,70.91917202885607,-1.827907033977296,100.68317230684772,67.83599076883009,-2.0522784151331517,101.71280037871082
1961,-38.91445731716,60.427520885017785,48.13133960517513,-36.48377661802025,60.14641063244277,48.42473630824508,70.85383856914987,-1.895345455145612,100.67053087322329,67.7577436943991,-2.1449321944419166,101.71939454069431
1962,-38.95372762497191,60.3296591066159,48.125524304780356,-36.51492055550932,60.02386243246774,48.428822042874195,70.81095444585942,-1.9931492663838595,100.66355985543844,67.70928705537456,-2.268389560583849,101.7258943492886
1963,-38.939883967193964,60.45544608010429,48.125582096800905,-36.50761138134045,60.170380377788625,48.436026004477164,71.54907758997292,-2.7952952825413027,100.67375702229565,68.74082213957041,-3.4200803875254713,101.75092729524425
1964,-38.93303726690964,60.6109251536043,48.13274282206277,-36.49752661711752,60.34087532010818,48.445435933145504,72.26256821095387,-3.7124425816164006,100.69582300186134,69.55446084742094,-4.486812565062037,101.78005935570866
1965,-38.96895261990202,60.41993337586226,48.14244458791147,-36.54581448613512,60.14727207583585,48.449546700009726,71.76874462099676,-2.7329283140053504,100.7182619953009,69.10539531100841,-3.6099275166700533,101.80118577491866
1966,-39.06490960682117,60.20463205836783,48.15357087059921,-36.65131628876668,59.9475213258052,48.44945857457524,71.60619543719227,-1.53952122773022,100.74133185567521,69.01191994610409,-2.680334136092197,101.81721565418788
1967,-39.2207464864268,59.99163070786278,48.15749209196857,-36.804433800990736,59.75910892683103,48.44555517027046,71.74224024146191,-0.2970333590985974,100.75754522724017,69.13188835744855,-1.8924826493496167,101.82399399705119
1968,-39.41042679527962,59.782130477384705,48.15631396067719,-36.98281021573994,59.57216016898527,48.439591259464265,72.04808189718449,1.0109250698854213,100.76467188428568,69.31693665710151,-1.1842671381669283,101.82342367490472
1969,-39.605624826970576,59.54845643332278,48.15254112565316,-37.161476624557146,59.3588035501114,48.433176017114434,72.32432567357066,2.248990333332134,100.75794251604886,69.4388968332835,-0.7493277943527883,101.81224377613005
1970,-39.776289262562706,59.26665359576487,48.13908572890212,-37.31593167034446,59.09894656229809,48.421528271863984,72.41950576105457,2.359382258293074,100.75808731128498,69.4336100327367,-0.4081849676730326,101.81458193282491
1971,-39.90151713687599,58.94263972587042,48.11542867766953,-37.43310802152264,58.79934982421115,48.40464650903732,72.37192962426525,2.413733598258318,100.7728919905413,69.25412956816524,-0.12025205806617828,101.84320744118747
1972,-39.994210571112305,58.59350614451834,48.09397447088843,-37.52753574549929,58.47377335116098,48.39083319428438,72.37162363287933,2.5141385056197696,100.78103471525554,69.17495789655916,0.07759392126283393,101.86249634472132
1973,-40.08543066770269,58.23244230889049,48.076082792996566,-37.6239752253137,58.1346650649024,48.379625911629475,72.21448944463755,2.497967004620702,100.7852689955914,68.94108250985403,0.2336743634437141,101.8759711776766
1974,-40.2048919914368,57.863926451383,48.062158600524235,-37.74634598274392,57.78987231965642,48.37009545540527,72.0442660505255,2.381698711444131,100.79782375442932,68.75882150859178,0.271208533525926,101.89084289306861
1975,-40.36914369858132,57.49301517977291,48.05242553272482,-37.906467079539645,57.443520457834325,48.36231848450133,71.67210861849408,1.9209818900950364,100.81841126562388,68.33734983950427,-0.09560347404045638,101.90946293138234
1976,-40.57514393755649,57.136023341228444,48.04647238391652,-38.10144110384395,57.107644462478376,48.35743095078074,71.19831879598517,1.6036274020881796,100.8544124536494,67.90511050205606,-0.3396283151066669,101.93505832192683
1977,-40.80549394528057,56.78592829871366,48.043693515274406,-38.316409765874184,56.77311407272622,48.35354438480937,70.8000908246812,1.2810981982867733,100.88595623322801,67.62705492136156,-0.5807936066532188,101.95776600686182
1978,-41.04157516068076,56.43677914334789,48.03886339964665,-38.53750182254817,56.43614260487264,48.344064140813686,70.54200201370496,1.0425176397731741,100.91020588713307,67.48055863060523,-0.6151696040882157,101.99195599990426
1979,-41.269304665733955,56.07862222227699,48.028671093462,-38.75250901650331,56.08975449339314,48.33072644935282,70.16265034496361,0.7993556453422096,100.94184427918958,67.26922696208663,-0.6856313791018649,102.02642068245693
1980,-41.48883871382018,55.70428550820706,48.01487312486109,-38.96378963323383,55.726298190618806,48.31512445582068,69.99464959768373,0.346715070827952,100.9939426828704,67.22670777195012,-0.9800814806767869,102.08105047159245
1981,-41.70073741624615,55.31950060764276,47.999499448089466,-39.17128574852904,55.350760251839,48.299111119629366,69.78005273805562,-0.048617115178480386,101.04880264647525,67.09605810458234,-1.2294213848782118,102.133117491498
1982,-41.91070463962294,54.932468795784374,47.98249931369853,-39.37897804059438,54.97258850953507,48.282343827623876,69.95355313786095,-0.05662761779445566,101.11625362652147,67.22072363630978,-1.2675812319341457,102.19938522133654
1983,-42.12379486340791,54.53808264314943,47.970391661596295,-39.5921624446523,54.58833045804197,48.27558575744531,70.15351758182572,-0.17257862241781652,101.19399573885734,67.28478937614386,-1.431550390292864,102.27577839669135
1984,-42.33950369551547,54.14845553029089,47.9626936787899,-39.80688844930368,54.20796748539271,48.275724754919175,70.24683721621665,-0.24846508558352257,101.29693233904327,67.26944350849323,-1.5675289531541865,102.37289260289056
1985,-42.56018365064473,53.7587022286844,47.96263882948337,-40.024423927396775,53.83035912263044,48.2805948938332,70.34333214951737,-0.4437349955149771,101.40278217395301,67.329761294713,-1.681993333893471,102.4728271883921
1986,-42.78591042302425,53.37159583622309,47.96834215731471,-40.244304457689886,53.45382795359166,48.2873943658113,70.51327687217238,-0.5810332580839916,101.53285178630743,67.38995907963782,-1.738516383458166,102.59487576453756
1987,-43.011213389498806,52.98499401893187,47.982526634932356,-40.464504931136176,53.07310226280852,48.299908898528045,70.61146530504153,-0.48729916771860565,101.66436233797802,67.46616658019632,-1.6908417937067708,102.71921876044635
1988,-43.23078924565353,52.59657424915506,47.997713580320955,-40.68030664935568,52.684857464672994,48.307162008520535,70.91765991554894,-0.603753198476559,101.78020421541004,67.71643887301863,-1.9631477225071317,102.80506796077947
1989,-43.446224701585656,52.203434502103306,48.011809741897494,-40.892867042776025,52.29146876502016,48.307600472902436,71.02410555420964,-0.8123082633244374,101.86685074891506,67.86526370724329,-2.1478578478750006,102.85790392347424
1990,-43.6601641067443,51.80680069037722,48.01642318222152,-41.10673923866592,51.89188406902789,48.30213775068443,71.14387090445204,-1.1114123698392597,101.92406106750545,67.96811783290165,-2.555635114596575,102.8824272215675
1991,-43.87650145907794,51.40478368096777,48.0134754842539,-41.32467976082754,51.48761780163731,48.29381341424287,71.21972397009974,-1.3719853162758278,101.93442309970867,67.92266208919555,-2.8347079831181294,102.87309000637629
1992,-44.09864023382666,50.99433928959815,48.00462996782268,-41.54701291853262,51.07972021764933,48.2840071928317,71.2465248819752,-1.6881352168315766,101.91613791788598,67.89118919905299,-3.1382062020842576,102.84745426294147
1993,-44.32381534752787,50.58078932439202,47.991219424233506,-41.77127375316887,50.669396704901246,48.27185022819693,71.24349118774263,-2.013321105318574,101.8577920419487,67.8380045164759,-3.3582412841650107,102.81338472821015
1994,-44.5483790626985,50.16333443442565,47.97011638641145,-41.99240894752948,50.25672628626389,48.25764881150712,71.31438468946907,-2.559938093276111,101.7568770668105,67.92651510871926,-3.7502297809717784,102.75424170393445
1995,-44.77687743736461,49.74747346418988,47.94789268700327,-42.21578480881075,49.847145021113576,48.242413210079526,71.1199098499196,-2.6849802573509294,101.65490114884709,67.81683942373849,-3.7853401882821154,102.68990800926349
1996,-45.00869899487699,49.32854131530583,47.935647052820464,-42.44308400325462,49.43300441470234,48.24000088742574,70.97818108237003,-2.8692732259077003,101.58135850856112,67.75121975239756,-3.8665660299500924,102.66400566205088
1997,-45.23743252791351,48.90707908143829,47.93620266328082,-42.670610217074184,49.01594849555601,48.249674642908005,70.82049400811371,-2.8491017035338535,101.52988984804848,67.65227578592297,-3.904414480689896,102.65353306740225
1998,-45.459279335627116,48.48177923033658,47.95062462302835,-42.893576895232925,48.59633904844073,48.271291200159766,70.53967035234488,-2.9300321880321762,101.54409497847605,67.2742458913843,-4.026254666230197,102.70928666820957
1999,-45.67418901525039,48.05350934601216,47.977387721482756,-43.11229256564707,48.17138039354331,48.30220038462801,70.26695736922382,-2.8268819783468015,101.59520834807498,66.98962864157211,-3.9450109637061885,102.78658723372207
2000,-45.88872498654473,47.62552929495687,48.01611856766178,-43.32900249151171,47.74559937439095,48.33914682757756,69.84415765334951,-2.7178347294333665,101.68218052748075,66.52577643307109,-3.8490324971108434,102.88600029307247
2001,-46.11192721598186,47.20031350545598,48.06671592209159,-43.55052689341185,47.323378439569375,48.38075973969083,69.31150585452878,-2.4530132320513016,101.81117795143929,66.13731244566898,-3.767722059278665,102.99316276348145
2002,-46.3409770990431,46.777492383494966,48.12881451383581,-43.776772491897916,46.904326262729654,48.42680313944428,68.7894266906852,-2.483917172266083,101.99222897290895,65.6528563132109,-3.8473493607415064,103.13592297913985
2003,-46.57612570262922,46.35730918710983,48.18666118088731,-44.00830195711918,46.483717241289206,48.46857816581773,68.11327829486243,-2.6654138483238032,102.2061446273742,65.07282296588093,-4.179425989834908,103.32124539849173
2004,-46.81074395628869,45.93746794826239,48.23868163532181,-44.24074797200695,46.062652980091265,48.506213665201784,67.47086815664882,-2.846908577322093,102.43979060364865,64.61114298931096,-4.418726490114523,103.50590019642448
2005,-47.042455000756846,45.51407668745223,48.28341345654984,-44.470022245678216,45.64018126279704,48.5394252934236,67.06106338415655,-2.994847957359549,102.60548837613138,64.26616973440296,-4.647681763784212,103.62263498500803
2006,-47.26842527134358,45.090684630353856,48.321476991888886,-44.6962982366694,45.217097479999026,48.56987043310572,66.64203050895382,-3.345156334212413,102.75543302757048,63.99301569061881,-4.926395331973304,103.72529772660704
2007,-47.48821446836214,44.66424102696853,48.35282847671699,-44.91625219097149,44.79132500659447,48.59776595685172,66.39467031383766,-3.5167811057989167,102.86716511543331,63.77480892735248,-4.862179030829435,103.79267679343725
2008,-47.7021597478373,44.23003617821106,48.3768114163289,-45.130147564959934,44.358007867974045,48.622881212602266,66.20852563622853,-3.6278407119948497,102.98096131687257,63.665412995048115,-4.722374483717419,103.87900363120701
2009,-47.91396541244438,43.79210644428814,48.393153301090585,-45.341861674043045,43.91989630660841,48.64529211992271,66.29068103633473,-3.8881196870183214,103.04641144665554,63.78158146160186,-4.974591429884198,103.9385735607558
2010,-48.12729447898088,43.35382105805059,48.41451567429601,-45.55501077395429,43.47922102154696,48.673968121544846,66.49042663917669,-4.033596964950728,103.03942858016377,63.86285574686147,-5.299030757863431,103.95303698981935
2011,-48.342985889719316,42.91423860209795,48.44194048399621,-45.768689001809896,43.03905100916288,48.70809794357805,66.61309687426812,-4.209964061889912,103.05013604530099,63.824245940286666,-5.573667893807841,104.0245889751394
2012,-48.56221293789645,42.47606276989243,48.475350804332,-45.9854275670701,42.601182425772656,48.746116956476214,66.60381020886622,-4.587890790358259,103.05687057765192,63.63114915538009,-6.10836049774375,104.04664608166215
2013,-48.787770015264094,42.03590980314903,48.51435812853843,-46.21074807206581,42.162778747298766,48.787721201092175,66.43600567105419,-4.912153160201582,103.12798373209799,63.2568817279251,-6.54993017844599,104.16437405874557
2014,-49.01726384223017,41.59886661532488,48.55798772711449,-46.43956497780282,41.73046371702302,48.831379100973855,66.20061849309343,-5.417986519918696,103.22775580089271,62.86986522501736,-6.866001155776045,104.28502347061826
2015,-49.24506222944756,41.16325433752788,48.6053408192625,-46.665402844549526,41.299601518676404,48.87544964168984,66.12607603890453,-5.829529653455719,103.34726134895662,62.85550281517345,-6.896620202972098,104.44087743770366
2016,-49.47023048745702,40.728674851064234,48.651046767198125,-46.89009554157304,40.868310726629296,48.91209643980091,65.82144668246391,-6.038432803928513,103.46382896236278,62.70792836118525,-7.011706209448287,104.55227120129929
2017,-49.69271852397947,40.29499960300004,48.690116333239,-47.11424728119655,40.43527029673423,48.9436601473475,65.51578431384971,-6.209880727666092,103.59185463964076,62.571140420784396,-7.173996783120316,104.62566894495036
2018,-49.91463252011484,39.861608896992564,48.723129301290584,-47.338615795765534,40.00189163254222,48.9713285707551,65.28753024335924,-6.268428013530237,103.69550168352102,62.46690141706663,-7.155775318881532,104.70990697288046
2019,-50.13678557521289,39.423949934339596,48.75021460965047,-47.56333958754927,39.56416109798482,48.99512589902607,65.43137046857157,-6.226910389483506,103.8517222209901,62.736149023821675,-7.311308529934061,104.81531812749819
2020,-50.35666777874269,38.990701000982625,48.77092984561209,-47.78727139871102,39.12810502136694,49.015773058402736,65.92816688044597,-6.001616719870869,103.98306260969215,63.23340343051343,-7.1936965688293215,104.96219989401979
2021,-50.58185023252167,38.5513392363462,48.788472297048905,-48.01592780100489,38.6867133751903,49.03799779505385,66.42286568774621,-5.699779058457744,104.06252903378788,63.545119341768405,-6.962202592465586,105.0334392001967
2022,-50.80968760857954,38.10726622280206,48.802589846106756,-48.24397068564917,38.24439685083701,49.06059915888011,66.60842053572061,-5.668013379456867,104.16408500454804,63.65457543554442,-6.929322055760846,105.18153852486387
2023,-51.034733203354484,37.66403143643938,48.81792438358086,-48.46686078420549,37.80419189075739,49.0822334462383,66.90206241388658,-5.348774023296247,104.32206501546676,63.75942892122003,-6.594723911436041,105.36620386440566
2024,-51.25725284319743,37.219522348321085,48.834082695485364,-48.68563281130734,37.36204500261135,49.10303683437886,67.2147346909883,-4.823127101986288,104.51450054923559,63.85248347690541,-6.111364377519244,105.54579344844866
2025,-51.4794427742229,36.7754877945391,48.85240356310948,-48.90450859957791,36.920409270934734,49.124248792842394,67.34678055452244,-4.474495262274794,104.73476689348432,63.67696761628058,-5.82140424097363,105.75526718328165
2026,-51.70486644738057,36.33783293472604,48.874495695539,-49.12640921862424,36.48378315486569,49.1472776632645,67.31960181916598,-4.0598709192079925,104.94075039390647,63.66381618556145,-5.6631414018165875,105.94194526775728
2027,-51.92983914338165,35.90320654332267,48.89512459631177,-49.34871107690635,36.05135295741774,49.16580301743545,67.11681951526182,-3.713471975863791,105.14557961136607,63.68986171227841,-5.390973618282757,106.15284256445781
2028,-52.15203967586548,35.47007960283662,48.91105029379878,-49.57295427838385,35.61624647133889,49.17995505784833,66.94663743065648,-3.5394268558069846,105.3742454562745,63.66997061265144,-5.2775979135378615,106.30852138038411
2029,-52.36998879430473,35.039311534830055,48.92351912240051,-49.79329294736653,35.18372516860366,49.19114491962505,66.83172465787176,-3.2970653053461447,105.53172877778493,63.58959308488751,-5.242805394015823,106.42457209447356
2030,-52.58776325209049,34.60868676577489,48.933129223651534,-50.013070592835234,34.75385610437424,49.200159966059225,66.70790936470364,-3.1508969283728225,105.63436000646449,63.53477767121594,-5.0417370091974645,106.50466784225716
2031,-52.808320113928474,34.17733048995343,48.93856185982124,-50.23721932275039,34.3227982900576,49.206883585310486,66.56919012567428,-3.227442810539693,105.707204444938,63.4829292851862,-4.977674060091729,106.55550493469705
2032,-53.0295636557519,33.74457818487209,48.944075157994966,-50.46288364344648,33.8865714769509,49.217184888941404,66.66641479742951,-3.252416996609525,105.72573007148519,63.519180793262116,-4.947286535728833,106.58699635186278
2033,-53.253846611602214,33.30668981501456,48.950336823382706,-50.68949669126091,33.446017307816824,49.23036831257183,66.75803280751094,-3.2717339051174292,105.71827606796738,63.66651501530668,-4.990675769365625,106.59681237576251
2034,-53.478549190852554,32.86856500419806,48.95950104444471,-50.91383336313093,33.0075065928311,49.24427666861758,66.81317112657563,-3.368131220913867,105.66438850668894,63.76682121455559,-4.987593123772661,106.60164209997336
2035,-53.704496734561395,32.43131599882506,48.972469867590334,-51.139497342857965,32.5672830744387,49.26045184374123,66.9451058709795,-3.50434683106095,105.60696864311176,63.916046496292914,-5.145528761216385,106.58728496431017
2036,-53.934569757705106,31.993796457517927,48.98899112488364,-51.36430166133821,32.12939629264209,49.27819235806357,67.29212598674964,-3.5875163921956577,105.54590366202615,64.27313830995882,-5.254657152361547,106.5628633658243
2037,-54.16155323836215,31.55471810398317,49.0058188877777,-51.583628487803985,31.69344668631291,49.292459045343435,67.48452319434396,-4.148032890126582,105.48484123868087,64.34865497321836,-5.837471186362794,106.53063840619241
2038,-54.382472979360635,31.112345593422674,49.02295674626164,-51.80054552752111,31.253447734783375,49.30401005703717,67.91969156862123,-4.583420495146376,105.43119712658742,64.7416260973866,-6.225847179870876,106.4993982583566
2039,-54.6049027646037,30.668754749524528,49.03646963840514,-52.02233766097991,30.809315851837045,49.314067836390095,68.25887014923644,-5.1127462668973225,105.38116310810904,65.00079355541564,-6.684458381669648,106.47030133775992
2040,-54.83251595554952,30.228217821937577,49.045972692654466,-52.25178989546208,30.367248614688,49.32189410002328,68.37968975512493,-5.70536225327561,105.36646082517336,65.02629477075135,-7.207210248540646,106.48205558762615
2041,-55.06597330543274,29.793468394505386,49.0541869384183,-52.487083818705685,29.93355741144111,49.329126815684546,68.62076755405198,-6.1366290713878495,105.3783334701251,65.20403056016288,-7.359684825524624,106.5259055683295
2042,-55.30287659740529,29.357568074086586,49.06305113735869,-52.72823628195,29.496098632404138,49.340628846593546,68.63324871508246,-6.389804662305969,105.38931794886032,65.09168892349187,-7.394876202410766,106.54209810760567
2043,-55.53673710778202,28.920176378382482,49.07240319000613,-52.9636094326573,29.060814898347743,49.355948492223106,68.08415607419292,-6.570088259111446,105.42598857261454,64.45188308433441,-7.309362262065946,106.57974278265127
2044,-55.76952456935786,28.478707666627525,49.08472721000685,-53.1954999215736,28.623659264828394,49.372646146050926,67.45462469781145,-6.584351713438377,105.4906371577022,63.604900492251744,-7.499494910025467,106.63653164181277
2045,-55.997842672779115,28.033057095606903,49.09859502955083,-53.4234133819418,28.179688002146268,49.38847748903454,66.69226470787659,-6.461139304411406,105.6202554985503,63.07432879336706,-7.379358987023764,106.76476921831016
2046,-56.22071720805142,27.590414799885455,49.115201927283074,-53.64376533661071,27.737474401095984,49.40550034003465,65.90603126029289,-6.108104517749399,105.74355429818051,62.56175278316555,-7.099935099678792,106.8539252125359
2047,-56.448792499717136,27.151218057574656,49.136907728550696,-53.86977588605506,27.29598827499694,49.42532876122659,65.25727069972258,-5.458185698479849,105.88174183749167,62.17074130725875,-6.6256784289184445,106.98213426040574
2048,-56.68308102094373,26.706325217643066,49.161901879685196,-54.10198035857659,26.851424354625408,49.446008944504634,64.50974906878606,-4.857209368267094,105.98905769363492,61.87612651669841,-6.055887642203604,107.07803050280282
2049,-56.9206233122679,26.264949459264898,49.18334406520572,-54.34113176835968,26.40539466544647,49.46216741855397,64.06313408463514,-4.327581960439232,106.09312520584984,61.79715791659073,-5.623681676731403,107.13285147137553
2050,-57.16577012801868,25.81913095494618,49.20004762642787,-54.58516962716557,25.95754465286273,49.474386455292056,64.0920414581938,-3.7913650239939587,106.17445176134865,61.846747515276775,-5.152794694577499,107.16734094056216
2051,-57.412753085985436,25.368094987780992,49.21160857765929,-54.83157961551933,25.505953722822948,49.482350545042756,64.4075254318533,-3.1869532955735727,106.2170712898987,61.94585184203543,-4.921580646344874,107.16676537755988
2052,-57.65929322220076,24.90866768071204,49.21666678282745,-55.08010959562351,25.046916180423153,49.48519821723522,64.62942956278,-2.838366408032777,106.20466381480688,62.048270305245254,-4.824017994786459,107.17034411415382
2053,-57.897407531841885,24.45460281762585,49.21569147995197,-55.31798196025763,24.59748101049088,49.48442777981322,65.0145491027146,-2.4179844355880293,106.1922514029118,62.288454551708476,-4.449762597477317,107.15974596681764
2054,-58.132595958355196,23.989889738232787,49.210968168878715,-55.55303386228576,24.14060316160658,49.4828635154351,65.20086448992919,-2.2238320066580415,106.17085059720847,62.22363665945999,-4.2300517737593575,107.19613334483127
2055,-58.36901046212089,23.524480009021147,49.2025835326714,-55.78957969288317,23.684846812846228,49.48065171429256,65.41701872009658,-2.023892843072463,106.15558454295957,62.228308359313395,-3.8639267466403955,107.2277045791824
2056,-58.60384897036019,23.063568027009207,49.19432996820735,-56.02558347364425,23.2296007165907,49.47779368410905,65.40720020425745,-1.7796319896076667,106.16320133165614,62.06609407735814,-3.5322684513635045,107.2641041604583
2057,-58.84143692315396,22.604890008808717,49.18695931737811,-56.26384749336575,22.773797972832988,49.47495106611854,65.36603694930017,-1.5589718762422469,106.1830564184146,61.996864785520266,-3.1725070911959725,107.30170150159341
2058,-59.08090123411836,22.14594226640462,49.184030308493675,-56.50470507399376,22.31211160201621,49.47697422598486,65.27152094254434,-1.2681375677378677,106.22998778993468,61.93068449332575,-2.9287661518407786,107.3413775540167
2059,-59.31880157496684,21.687496124982033,49.1844175437905,-56.74212945093511,21.851371154904534,49.48130340364054,65.40932207424645,-0.8561364651878605,106.26069217401248,62.23092920964981,-2.651316577268203,107.3534907297776
2060,-59.551970307896795,21.226708543833404,49.18634921603232,-56.97331986953337,21.388751780965638,49.485397218351466,65.32155804818767,-0.7320780421897339,106.32108686355089,62.308394913214265,-2.5231964306043593,107.38917866225404
2061,-59.776261279223036,20.768440022389687,49.191496581244145,-57.19140547533822,20.93168133203124,49.491889275551046,65.44312587994975,-0.5082590454392076,106.38311088016827,62.41290315330616,-2.37667887457398,107.46526556257037
2062,-59.995545093688676,20.309170503140123,49.19978495266186,-57.40441201012292,20.4765031654495,49.50001885712718,65.70431985014983,-0.202194734665665,106.43459664102791,62.74149194241953,-1.9536532094009713,107.51447172998378
2063,-60.21593576145631,19.855954406319277,49.20503877933361,-57.62032770473912,20.025638384232884,49.500788349005575,66.05150462551468,-0.04980190923422517,106.46170345853383,62.958259079298756,-1.7945007233396675,107.53117186044558
2064,-60.44217211200529,19.407022536285464,49.2068322539402,-57.844724691147356,19.576423830626585,49.4952679871196,66.1456160399881,-0.5490502914986339,106.46558022469807,62.83577246946711,-2.477943072105716,107.52037791146398
2065,-60.67141466308704,18.9692939207646,49.20263165937857,-58.07667719196118,19.13436091559442,49.486220706990935,66.16647580417673,-0.9052835378509312,106.48696428133653,62.627792884977765,-2.864422768900942,107.54496696370603
2066,-60.90206029125825,18.53264619420805,49.194343306852026,-58.31276381946116,18.69264434012516,49.47597821434843,65.75464945153513,-1.0766520225656524,106.54760765883506,62.214162166374706,-2.840217965207896,107.60039866688639
2067,-61.1333446335381,18.095179438240386,49.18082570608924,-58.55203212004482,18.2482176448313,49.46202593912088,65.6767939245216,-1.3661412343464916,106.60445108124932,62.18714848013749,-3.0761060236042983,107.66551755610827
2068,-61.366937155931595,17.65388648312937,49.16037413490138,-58.788788890126256,17.804467377768596,49.444828101718535,65.68534208320474,-1.6899100358418688,106.63214780963173,62.33158726162173,-3.271495777757848,107.72493809865136
2069,-61.602214578661744,17.210425330761172,49.13470891254295,-59.024571189708894,17.361407689619504,49.426820149388156,65.27225202009315,-2.023380623287785,106.71285098023917,62.114200663288365,-3.1487332309483875,107.83456994465728
2070,-61.834343560051714,16.764599496846266,49.11648133620853,-59.25709379315698,16.917526796447973,49.41769096435881,64.99782446164535,-2.3116548449349636,106.82147232502575,62.07547572963581,-3.1572546653203597,107.93827729670424
2071,-62.06344462910021,16.318567061737877,49.10684547471397,-59.4858190607052,16.47113336690272,49.41639711103434,64.94781601316518,-1.964071059397228,106.97231631485697,62.05756774540121,-3.077738224652738,108.0559998133333
2072,-62.29406529184114,15.866046287634683,49.1050019183566,-59.71627791058359,16.018715624543216,49.420881320938946,65.061826739513,-1.5594139868575998,107.09194773621924,62.170200706232706,-2.7786770501522646,108.13935561902821
2073,-62.524568350392194,15.416857354424238,49.109466304609725,-59.94597200324228,15.569789589394627,49.428710633244584,65.32576748916966,-1.427591756896881,107.17451576949782,62.21621620452098,-2.596887825591547,108.1941656045162
2074,-62.75246899820749,14.969903525500603,49.12228270711696,-60.172336728870036,15.122535576666447,49.44106038325003,65.39714618725,-1.373951021500973,107.20335750768928,62.294171704591555,-2.8073972174439885,108.18049016293702
2075,-62.97917147341316,14.522412532985841,49.14309292147147,-60.39637840716994,14.673631304114911,49.45680187674206,65.2349074801602,-1.3715080079835267,107.24082427091766,62.19516774592769,-3.0476178030449104,108.19122278376962
2076,-63.20496151401635,14.07166416228083,49.16930780769021,-60.619315732097654,14.222478185558117,49.47298018396583,65.3069336147305,-1.4529016578926224,107.28395234838341,62.10323945389321,-3.08821981729849,108.26868129798696
2077,-63.42939346463796,13.621456672744438,49.18619558750442,-60.841783049634785,13.772782195908302,49.47869268802908,65.5316864407332,-1.8673378088818724,107.2954439303178,62.38193891010426,-3.689492057403324,108.30170303970384
2078,-63.653773694986576,13.168130191336322,49.19501897857389,-61.0649254663268,13.320396563152693,49.477736212371674,65.682471713826,-2.56461599413638,107.30644233397352,62.51353949498696,-4.478247550936488,108.36177768156526
2079,-63.876859535884996,12.719402862035698,49.197720450491964,-61.29002995426958,12.86927710067852,49.47398050280303,65.80464175666445,-3.5178348617612265,107.3010828886216,62.71078649786612,-5.234384173307907,108.37448598665797
2080,-64.10483602307478,12.270192976398986,49.19480671456219,-61.52189283145754,12.41893234799831,49.46689415130037,65.98946646987852,-4.587725880482722,107.28931173002745,62.918802555904485,-6.058266222771568,108.36244979306518
2081,-64.33484885245547,11.817770185622265,49.1842386035954,-61.75435530577046,11.968821747397637,49.45628652057826,66.48077464158787,-5.541964822354147,107.2341090356506,63.54784521752817,-6.913849663097878,108.23796573273378
2082,-64.56235639094899,11.363936711630368,49.16578201572354,-61.98415174408875,11.51627223831816,49.443152659215635,66.9496831435949,-6.488390120461213,107.16721996062448,63.85174112785756,-7.656341206631792,108.14636462350748
2083,-64.78525317526832,10.911306927045336,49.148766236211785,-62.20726786031568,11.065816717053181,49.439545294633774,67.42523578340409,-7.573648043609362,107.0716353778637,64.09099872016033,-8.29971975335925,108.10526968933375
2084,-65.01101311335614,10.453834587151542,49.14280183652497,-62.43388424546228,10.608524398655453,49.44551737070391,67.37307607198694,-7.987125877601603,106.99297519717608,63.89061518259239,-8.442896927838266,108.06724291531347
2085,-65.23555012907688,9.995732925026356,49.14762501252169,-62.65797747241706,10.152209010563874,49.458964392408056,67.52535630620689,-8.287452982625968,106.91417417211068,63.924054121998914,-8.70377744247504,108.06634323233959
2086,-65.46006671374192,9.540455112844239,49.15932678939501,-62.88150175144265,9.698344528378232,49.47509463855673,67.61789184298702,-8.641862825975068,106.84623922651555,63.96499298960518,-9.114207486397518,108.04231400576872
2087,-65.6851491465254,9.08865044148699,49.181786266122266,-63.10598396329634,9.248366456076582,49.497171695038055,67.70081424004812,-8.838278536677876,106.80389543262251,64.04498275650712,-9.436404915729376,108.03269895689652
2088,-65.90913981562713,8.635425720175393,49.214124747693575,-63.330894337065885,8.793708138927084,49.52324478551568,67.48959014036393,-8.778456540093678,106.84414611720076,64.16293262211731,-9.52331039754416,108.02396513943216
2089,-66.13706761545582,8.180165095169501,49.24587908201971,-63.55883664123312,8.33792166568188,49.53933193654235,67.32269938412512,-8.657027327963759,106.86532144697756,64.11692453062331,-9.570269909545472,108.00365838047978
2090,-66.37018143466166,7.727862738666257,49.26736504652157,-63.789711257200594,7.886012758446197,49.546391049957485,67.10486134231064,-8.569406369852004,106.85010736039457,64.00012605558653,-9.710365939316498,107.97272200104584
2091,-66.60865172761063,7.283623824168917,49.2771911796516,-64.02676453219217,7.440326985726385,49.54625224041024,67.07618668127098,-8.661789094354834,106.83408767606461,63.78342154733727,-9.695516185442331,107.93702844998897
2092,-66.85210767882734,6.839378731273074,49.280150114985396,-64.2702870430846,6.994183601824654,49.54499787715799,66.93390490625184,-8.9890222054276,106.78617626040644,63.63797168745532,-10.164559210529644,107.89562829452304
2093,-67.09089660894801,6.395805257229909,49.27762054387624,-64.50841226775475,6.551417737888337,49.5406811782237,66.74329574514957,-9.047033663496533,106.76659807930184,63.46035458100437,-10.365037926649348,107.88034294625093
2094,-67.33265986024034,5.947186817548951,49.26465360960722,-64.74878053017338,6.106239111133319,49.53186976993002,66.59191294636,-9.031092070321789,106.70922594324753,63.42214295998239,-10.416822851310489,107.82415933093193
2095,-67.56744122077522,5.503356987212815,49.25025907549383,-64.98337074956491,5.661467049679055,49.53181725525264,66.4294684317737,-9.254264934201993,106.66909010182303,63.43516799411411,-10.623742991287427,107.80105356685411
2096,-67.79402055404626,5.05654116072047,49.24601917955007,-65.21082220993465,5.214547455831196,49.54086593554482,66.52211108276818,-9.138368935080367,106.6530792797172,63.6599220482981,-10.285667648947523,107.80335788594898
2097,-68.01289086742732,4.606944042878004,49.25393189332643,-65.43205206836443,4.7650547260175875,49.55846274091179,66.64029329679,-8.888179033960357,106.64534244862939,63.79513106355929,-9.930153570233697,107.80174453561935
2098,-68.22921922166663,4.155496271626656,49.272338919965286,-65.64879744499486,4.314285766612601,49.582118434757795,67.1798666595242,-8.403931989712726,106.65414672092065,64.36628459007171,-9.19970990244281,107.8150117172007
2099,-68.44457628730683,3.7108104289612234,49.29900724493106,-65.86554312604848,3.8679676848897535,49.61088252453561,67.60664336481308,-7.618948634848121,106.6505543220826,64.7204314606867,-8.674140241979757,107.79160806528165
2100,-68.66728262538348,3.2645189527323066,49.337005863799696,-66.08908895001923,3.4207713717835255,49.64441050363451,68.00981458304604,-7.173544134707751,106.62455925789016,64.89322840586702,-8.552156620503975,107.76148330137981
2101,-68.89147962901336,2.817492053961617,49.38630508329658,-66.3131171038072,2.9702710497795906,49.68182947287652,68.25415485872364,-6.754198856969029,106.6302579685611,64.90583382394402,-8.376549016317904,107.73889199897899
2102,-69.12212928801623,2.369797886461543,49.427488072729275,-66.54241262479981,2.517842803564988,49.70856894579601,68.34973515056424,-6.026893551241765,106.66055132642992,64.7506842211054,-7.966785702754946,107.77743664747541
2103,-69.35620528726344,1.92658101482962,49.45885631460547,-66.77523528674816,2.073292245888193,49.72647608515709,68.30188237512584,-5.401479448244684,106.66930654182742,64.63491120482904,-7.2770711191593636,107.79690939228067
2104,-69.59133179614774,1.4819789556644651,49.4815726927058,-67.01110569561608,1.627363561671379,49.73962926890328,68.3235868551826,-4.809775004729502,106.68750658523452,64.6017084015646,-6.688712576554791,107.82126793983238
2105,-69.82677329816481,1.0365041796217658,49.49632971930709,-67.24666480314488,1.1844059640197024,49.74867219890993,67.8686393521212,-4.414002434800394,106.69294097960683,64.3899053084821,-6.069768619085913,107.83703608108316
2106,-70.06275198532329,0.5894730112762985,49.50247228123158,-67.48263652010324,0.7431446785716038,49.75391692010061,67.47286897865322,-4.04169381248035,106.72324293559916,64.1991794764493,-5.658635554881338,107.84968953383326
2107,-70.29593056342779,0.14910517169439869,49.49962130675263,-67.71710681750663,0.30744923559569864,49.755918067073885,67.0398232806038,-3.628140438021247,106.76168963793552,63.87233577494057,-5.561635724525174,107.85957871759936
2108,-70.52924771853917,-0.2911626374334835,49.49620135493055,-67.94873119711178,-0.13212397651663838,49.767083336132536,66.56992984015736,-3.1540345394810227,106.80634193634312,63.437811002327805,-5.320403395636585,107.87537240734572
2109,-70.75739804366285,-0.7298592406686983,49.5041566631054,-68.17624074009306,-0.5749819402863983,49.78839199005656,66.3500641282865,-3.012529804044252,106.83810198222169,63.2755233615227,-5.3209340942205845,107.92866825983495
2110,-70.98021115001276,-1.1735683444232075,49.5240579847148,-68.39731573461134,-1.020487956455279,49.81823358707378,66.3953108441052,-3.0337325700403355,106.85164550291739,63.513278765398624,-5.186400772893655,107.93796986090632
2111,-71.20051381265615,-1.6117725512296444,49.5534550002316,-68.61681163426469,-1.4622294136096015,49.853413930994165,66.3941570696656,-3.2739866275700895,106.8451126920276,63.69446476000382,-5.345274978038374,107.9262739968042
2112,-71.4227923920125,-2.0477042245607593,49.59008966858504,-68.83754427203539,-1.9012676942595397,49.889196466751464,66.49671879251076,-3.444958559678493,106.83834915522246,63.797616536698136,-5.2363363761886745,107.91555075311321
2113,-71.65091678130433,-2.481690581747309,49.6373902242555,-69.06409193647774,-2.3366152935717692,49.93000231542323,66.43454626615184,-3.6063516018988935,106.82364900098705,63.636971676110825,-5.215928813593327,107.89372001649487
2114,-71.89130407360891,-2.9171387359646923,49.69359131224839,-69.3065600048883,-2.7743411532710702,49.9738434173572,66.46112515766194,-3.5680785960975006,106.8023996100547,63.458280427253335,-5.146356490605367,107.86526787800658
2115,-72.13642226964807,-3.3496334282950126,49.74090185464377,-69.55202000891171,-3.207949119113954,50.00773504748852,66.72171952334912,-3.654896737969133,106.76638782692156,63.479952839613155,-5.092868566587134,107.82711296989194
2116,-72.37885880294513,-3.779793743487978,49.77864358871984,-69.7962029232525,-3.638599659259942,50.03487094786688,66.93806349103993,-3.6184926054576794,106.69306503497086,63.61104322540557,-5.075937978105277,107.78638545202315
2117,-72.61682180216924,-4.212396778489912,49.809094457277666,-70.0357313549448,-4.071496805108521,50.05903331289522,66.90070354957459,-3.4706381006736065,106.64913794994688,63.735796658619606,-4.791247234645404,107.7629895687523
2118,-72.84736743815014,-4.6532464658498505,49.8321017269193,-70.26833564261982,-4.5102413146623554,50.079335083730776,66.56161502798254,-3.3096141271685284,106.62330077631084,63.393658012644174,-4.8093010792019095,107.75209095509952
2119,-73.07403738632911,-5.096107434223546,49.84996838858366,-70.49698073604056,-4.951373679215674,50.096295404262435,66.35890092995872,-3.1641679333029655,106.61473314883985,63.277425910994765,-4.604524752481374,107.76416567173482
2120,-73.29731896173706,-5.533501548800961,49.86249390245878,-70.7164494829101,-5.380592425217381,50.11324402646872,66.45671498139396,-3.429112794257247,106.60897202367521,63.36168876283646,-5.082596102713198,107.76447123608084
2121,-73.48208755067348,-5.954667850053458,49.88063390106353,-70.89886203468032,-5.7935485600322245,50.14457757129994,66.60449547797816,-3.4744762088383423,106.6336032582082,63.444081371904545,-5.117010440807779,107.7969451501529
2122,-73.59121315799149,-6.372048122971736,49.912889481799944,-71.00502519606175,-6.199755869652926,50.18794405586993,66.53886715948464,-3.6440711887893613,106.71758994532848,63.365869352480615,-5.301324456055065,107.88957199398956
2123,-73.57728139518954,-5.971820158522727,49.951546879785035,-70.9908162407224,-5.81114775589612,50.23370955870709,66.64666086293172,-3.407909963611789,106.81398444085268,63.395463421246106,-5.097054164495162,107.9723656039574
2124,-73.50838414323303,-6.3300283180299255,49.99511493543546,-70.92449383444428,-6.162947281265271,50.28145253134696,66.72246016349027,-3.8483038202416515,106.90665421949294,63.41952754013679,-5.3068490908775425,108.04225672689455
2125,-73.38393708825116,-6.622656040567319,50.04854497161312,-70.79819356545417,-6.459662633411775,50.33428959521363,66.94843383707305,-3.9253291998288264,106.9972710790554,63.493230477386135,-5.499076812532374,108.10014192430256
2126,-73.23608321667867,-6.841116565490208,50.111821797935704,-70.6378157762428,-6.6924574453709145,50.391352584439176,67.29385651176271,-4.1327938808428994,107.07550983705056,63.59585470122742,-5.657260979843921,108.14761733971271
2127,-73.08517041850511,-6.997326731457175,50.17069663113603,-70.46354876267604,-6.863396071634958,50.43426733078968,67.20833719259764,-4.30086948764303,107.1520331704057,63.7130777864008,-5.7779859887545415,108.18226106377563
2128,-72.94038271936942,-7.104563853927048,50.213034413922074,-70.2905917913024,-6.9804249325854775,50.4610355147649,67.40881398037392,-4.505199732392247,107.20139105149096,63.83417466529184,-5.864096717234821,108.20254584906958
2129,-72.81168294497087,-7.173708376834397,50.238928496463,-70.12870893843078,-7.054200979124856,50.475105996640295,67.53476040310107,-4.5596717797369,107.2007955470355,63.94726255256934,-5.9212963663007425,108.21196965491689
2130,-72.70434557475903,-7.21073394594741,50.25222866408916,-69.98299081181716,-7.088430085569843,50.48126004313127,67.63836269270368,-4.586295616747332,107.19014124821433,64.0483200750109,-5.9505717389236565,108.21457239205014
2131,-72.62194959667515,-7.21806773372138,50.253102293916704,-69.85916028760019,-7.085080934959766,50.48297466992762,67.71170533258687,-4.591582432514788,107.17131658538031,64.13062764964,-5.955698264727821,108.21080358609574
2132,-72.56617935321492,-7.20348654481224,50.23891363952124,-69.76346798398225,-7.052435014676349,50.47732422237069,67.75872188583043,-4.581562527770157,107.14627975876516,64.19564795416487,-5.936311678763315,108.20097197932526
2133,-72.53570789668268,-7.177797972059741,50.21089820584608,-69.69769755555876,-7.003590705405587,50.466174785398074,67.78279300884483,-4.563058564737422,107.11661383175328,64.23916944071593,-5.902871179707061,108.1865475196187
2134,-72.52485947469374,-7.149264491440151,50.18841198171808,-69.65837454966318,-6.94979073982771,50.46214708824981,67.7885340411543,-4.543274680409237,107.09299177482694,64.26240681799308,-5.864898809275931,108.17999189381997
2135,-72.52798966661244,-7.1230170580686165,50.17416900287323,-69.63631194139606,-6.900015706994427,50.46437584558307,67.78148453701948,-4.526965847053073,107.07790957439248,64.2734138148861,-5.829539059779372,108.1802995548576
2136,-72.52989383405561,-7.0917371633416115,50.169432339621125,-69.60735466299369,-6.847849716596423,50.471681763524764,67.77676354037627,-4.503418289727912,107.07191815795497,64.29389002674463,-5.788939840487358,108.18611515639965
2137,-72.50880816197005,-7.048193168534146,50.172413710572705,-69.54618658546806,-6.786312979208773,50.48133703983034,67.79646942369496,-4.464425440333228,107.07316661051965,64.34835536687918,-5.735390667417652,108.19459225965008
2138,-72.44922650700671,-6.996573431565138,50.1816698253902,-69.44483685759096,-6.721374767275516,50.49414610605376,67.73095520584013,-4.4862948105197935,107.08301743189857,64.26877006542135,-5.780023601247583,108.20718982892907
2139,-72.34211154066006,-6.932381174956811,50.19970974362709,-69.30125362003268,-6.643468340469196,50.510662766681286,67.7016680494747,-4.5589877307312054,107.10042354231292,64.25286926662882,-5.8798193413755415,108.2221205210202
2140,-72.19754137351735,-6.8351496112199595,50.22338370926347,-69.13601121913761,-6.531513152067668,50.5253816877614,68.05795313469946,-4.496687635996945,107.1334357091602,64.77370602248399,-5.762140714637661,108.24968739009303
2141,-72.03940212701303,-6.677869666731511,50.241199652354815,-68.97976309013234,-6.365522631549149,50.5341833007992,68.38402365156789,-4.398836579847823,107.17916242781885,65.14237416,-5.629632351177836,108.29432572848137
2142,-71.89472667824668,-6.445730177819507,50.25089549905679,-68.85561797958691,-6.145064094865576,50.53765677415864,68.73160631507115,-4.404897587304383,107.23473912555865,65.47437599815768,-5.7022980371744865,108.352514563624
2143,-71.78088208219182,-6.150640467259468,50.249649673109985,-68.76379066111832,-5.8809273571277,50.532619687766406,69.0514487793261,-4.226382443552894,107.28420971732191,65.7208203484573,-5.5252809122108015,108.39912500608582
2144,-71.68894447284477,-5.81993490786899,50.245012447379274,-68.6869237327165,-5.58953776237955,50.52584211747245,69.25043916618944,-4.072991679485083,107.33913927553972,65.77638050883384,-5.40144144317744,108.44568496433025
2145,-71.59049840531056,-5.467184994283153,50.237320963424516,-68.59988298626848,-5.277378190441411,50.51905045292797,69.39126279575034,-3.829327400430217,107.3906149400353,65.68563082040554,-5.313661186387388,108.48117128504674
2146,-71.46476808786105,-5.108786809408627,50.22209784203326,-68.48406120634816,-4.95270813432779,50.508250434701885,69.31632841118267,-3.6598846853723117,107.4402457813586,65.36883599775081,-5.34844877803139,108.5149359702906
2147,-71.30179723540236,-4.755263857791068,50.203860252829074,-68.33264801858523,-4.6284980961927955,50.49476432806418,69.00362384371064,-3.471646971456861,107.48184594526215,65.13877915955372,-4.9211787465516394,108.5333549991418
2148,-71.10505439340058,-4.409507892191511,50.18767950752473,-68.15067332873802,-4.3086351587554255,50.482567614107104,68.92559025583512,-3.106235906146832,107.50610365143085,65.2737614556784,-4.393398293987376,108.54921079476202
2149,-70.89128407874884,-4.058949693094826,50.1715336753586,-67.95397058968099,-3.9823185320210324,50.4723277526647,68.63595604938521,-2.9205248334402008,107.5442516036365,65.1357261923388,-4.477373770594246,108.61046881391219
2150,-70.68078473053687,-3.6996566764721277,50.163251405531945,-67.75514299077354,-3.6449966865833083,50.471575665433285,68.10828455802573,-2.873261664157782,107.55996406690497,64.71367623594865,-4.545991748376185,108.63322387176713
2151,-70.48011001683429,-3.322371173538329,50.16115637493392,-67.55953990746424,-3.2890546873291164,50.47658148364544,67.59632628599621,-2.707701238038297,107.6197123319035,64.26899457873158,-4.416076814758361,108.71842608640873
2152,-70.29208258578575,-2.9339657960069325,50.16707059273601,-67.37294473874803,-2.9191698339673238,50.487891152104055,67.17188902311479,-2.500250421469263,107.682096190348,63.904134428793306,-4.218083704333759,108.787444533442
2153,-70.11158397616214,-2.537316528747063,50.182114186966324,-67.1950011780357,-2.537981644033961,50.50461511000393,66.32356925669139,-2.083303750344835,107.70404599304526,62.76503571491644,-3.8453332544019174,108.79044699385362
2154,-69.92801994483429,-2.137232746386016,50.204809081396675,-67.01539657655084,-2.151369484019421,50.52460662912972,65.5527040537937,-2.19751278253335,107.70640262854576,61.979267548509505,-3.8594639785774314,108.75550663105597
2155,-69.73521616286463,-1.7364867263027208,50.234261837392474,-66.82950681606367,-1.7627654491512526,50.54689351336086,64.52496512952067,-2.3111784294897038,107.68230985984985,61.2683221128426,-3.680194231108645,108.68812701843038
2156,-69.5232453119651,-1.33775018788466,50.270178931855654,-66.62695187913504,-1.3746373098493514,50.57172862958116,63.42824328490881,-1.7956563789517768,107.57027739085775,60.3963951568943,-3.2074803396791762,108.56163648883432
2157,-69.30085481496197,-0.9415134391905083,50.303702305362336,-66.41449916148085,-0.9871485500772493,50.596706322564025,62.55025734817353,-1.4167529386263247,107.45501824988816,59.68439357116099,-3.0568197279045997,108.42958188786596
2158,-69.07720544984015,-0.5462530110468413,50.32913164774496,-66.19720308050763,-0.5968031885398144,50.61294254303173,61.65235743754114,-1.202312216020983,107.25849423851453,58.97225188187921,-2.973881572748231,108.27751776736702
2159,-68.85512418068272,-0.14367776476919747,50.348820591724596,-65.97816236514466,-0.19840553834300406,50.62495852025506,60.76763559344587,-1.1634768178643498,107.02698257971575,58.42440502694237,-3.0403590774424423,108.11126198244
2160,-68.63558570331018,0.2645449937879051,50.365914885353085,-65.76188762859023,0.20399278054904946,50.637684845525094,60.43228507339633,-1.3331348470751159,106.85312169302848,57.93093836420707,-3.1027590219817394,108.01131606886331
2161,-68.4195974091683,0.6752559267829852,50.376313489060564,-65.54725809295454,0.6075735594449174,50.645939204652855,59.917115361667165,-1.2181269356409732,106.72829472397777,57.38790199231251,-3.0661118173288013,107.9607798770102
2162,-68.20565649319953,1.0888043694132132,50.37938879173404,-65.33695354865763,1.013859363607036,50.649962037742654,59.270790836606885,-1.2402996900494871,106.65348785780951,56.6954541566071,-3.0442571462679386,107.9492029505055
2163,-67.99578130552112,1.5037890948811825,50.38374975709184,-65.12878590316858,1.4223726703771384,50.66196774440727,58.7654317438794,-1.3661081768357028,106.64490578318151,56.030117270492006,-2.8589486199449734,107.95413101323467
2164,-67.78485450207113,1.9175386659180533,50.39320315764327,-64.92014543511287,1.8301103383703292,50.68261947853525,58.185501451265026,-1.2959293927386886,106.67862070741033,55.37643438573245,-2.6825408924616077,107.98800896111219
2165,-67.57148110125314,2.335447974528086,50.41462478113372,-64.70956768882291,2.2438572600983884,50.71104776348697,57.709261619512546,-1.1492013284897382,106.77005962469282,54.85775919103851,-2.482377121951419,108.04797779895881
2166,-67.36228631115922,2.7410668211515095,50.44393142205597,-64.50180927363624,2.6484921276584896,50.74339867597819,57.31677471584988,-0.8551306654787663,106.88220082947791,54.58054411577772,-2.2444659502816364,108.08618064490555
2167,-67.14997029631878,3.153972704195745,50.47879340231728,-64.29084138975833,3.0626789623284054,50.77948563430162,56.631517619862194,-0.7033349368590558,106.94316697180588,53.89519775075607,-2.2641294117183905,108.07560864286107
2168,-66.93527456747113,3.5714332930159878,50.52254075231108,-64.07628030337015,3.481129235181401,50.818714018604446,56.14199735970581,-0.6648497114956722,106.98322239319691,53.47164232141452,-2.3511003651764657,108.06578044119742
2169,-66.7152976782699,3.9862794215087924,50.574804719263724,-63.85629628200254,3.8956777641163667,50.860510699645445,55.66834329119464,-0.5215637867413117,106.97925273905406,52.89389513424521,-2.2734702485213987,108.02586389877077
2170,-66.49245135742724,4.402953357317712,50.62386831092639,-63.63224410173086,4.311052736917229,50.89959896634696,55.302213859765025,-0.570973863181359,106.94795681991688,52.478310801080795,-2.3061623221347705,107.97109129701586
2171,-66.27079882055536,4.825408417654586,50.66817150807909,-63.40778251409562,4.731481679455047,50.93575063512092,55.53090301774349,-0.7992836332853922,106.88261233607791,52.85603173381753,-2.548550609850707,107.91079712039522
2172,-66.0475574346667,5.2509788944635165,50.7083601261556,-63.18355100558352,5.152049055682273,50.969786295115895,55.85761759807992,-1.104772767893976,106.78496366002383,53.30993176002266,-2.7972286013182215,107.85030069375794
2173,-65.82189059421422,5.67488275278502,50.7455578825141,-62.955107861665404,5.569864745111787,51.0027791607563,55.93192596664049,-1.537235129052421,106.67964336634121,53.44896771241723,-3.0974230840603063,107.782765047061
2174,-65.5945373923626,6.101599291755814,50.77965414191555,-62.72630230504223,5.993204833153305,51.034909440265906,56.29843935956478,-1.723157271518739,106.60085721547594,53.502434169078626,-3.1978849778530907,107.72368615196618
2175,-65.3679823036016,6.529866021115765,50.810613251431,-62.49861915785289,6.418648910798282,51.06639241229694,56.42323122941886,-1.7690774102507074,106.51153181170694,53.32996281921252,-3.163848428074599,107.65911600917322
2176,-65.14666156706028,6.963437328573203,50.838249555465616,-62.277812928527844,6.849293907653009,51.09723613814799,56.786617373553,-1.9774858596564107,106.44220442852388,53.28005381835827,-3.2383369051373494,107.60135247377666
2177,-64.9309545132099,7.402140638714342,50.86461169193062,-62.06417014760298,7.28569972888376,51.12635774768907,57.06387960754853,-2.11649785518001,106.39051042279421,53.16583432989116,-3.306235581250476,107.55508790817431
2178,-64.71992235364938,7.838423370780931,50.89194290428252,-61.857845314665276,7.721644690918012,51.15645046195238,56.72673757896177,-1.8556032867030807,106.34261925262221,52.93819750968835,-2.9680602844095976,107.51217053658964
2179,-64.50649303005896,8.269863602096693,50.92213822872206,-61.65160345708296,8.151862390257728,51.18944131736928,56.288691281614064,-1.6141111083251578,106.30908033071789,52.767380103795375,-2.7713846950058274,107.48358471809864
2180,-64.29288204566532,8.69842400475474,50.95520834140954,-61.4451012420646,8.576730968976955,51.2248174007777,56.11852068252579,-1.3526729966459778,106.28094754449236,52.78572241966028,-2.706651169777632,107.44921942578023
2181,-64.07609405008554,9.121851922018228,50.99084993971977,-61.23326758746858,9.001716011020644,51.26201335498175,56.05400398613565,-1.1653795995965854,106.22908311332512,52.8801760457169,-2.625292564687131,107.38321658166558
2182,-63.859935196388214,9.54857843616705,51.02909199042499,-61.018009530382706,9.430087684845311,51.300711104669375,55.73479559893925,-0.8800661183158611,106.17771164717314,52.380573989770035,-2.3114670597293916,107.31423421747093
2183,-63.64800985462893,9.972339043796989,51.07076238442809,-60.80405489948406,9.855952559857732,51.34153015085701,55.62208139096938,-0.4924222476343015,106.12231175765275,52.355681230261474,-2.0175510447778207,107.24782490798151
2184,-63.437327319033535,10.396720916209123,51.1163555362333,-60.58738088042029,10.28282066962433,51.3847514679737,55.47710787640294,-0.0759610930183961,106.09598799688948,52.21490156592312,-1.745566340668001,107.23539875399362
2185,-63.22622495150168,10.823969893021536,51.163574826839486,-60.370519384835035,10.711872235856859,51.429306997046154,55.39372535213003,-0.01645436994251223,106.0875767979876,52.07136160168157,-1.6286356166016092,107.24638680469518
2186,-63.01571902322889,11.254021994893916,51.21032844761348,-60.154774149416625,11.141927285295559,51.47346074490425,55.40688548739645,0.16102624025506063,106.13407469461649,52.097671841969074,-1.4447879919797415,107.33584791377207
2187,-62.80033463193512,11.689409934572405,51.25599583989613,-59.937286846195164,11.574905395106473,51.51675501780262,55.21518594192123,0.2412967652848454,106.25273786231226,51.98222842671289,-1.5320847369487787,107.49824284697472
2188,-62.58225197318947,12.124545096922859,51.30127850161529,-59.71792992675902,12.00805379401849,51.5597531719038,54.93614297226521,0.4177116700388831,106.44530924667072,51.8477388532564,-1.4388343933017445,107.69322118270424
2189,-62.36194633190363,12.558910290325048,51.34754635295919,-59.497137090457116,12.441216773726506,51.60395813464458,55.041110534638065,0.22600996676156504,106.69565604665452,51.7033237530574,-1.632989450623717,107.91229375602288
2190,-62.14259660997444,12.997720845744286,51.39429079610525,-59.280049803835134,12.877602623481133,51.64940986634709,54.6542821328399,0.048361652839076674,106.94908630780616,51.270502912403636,-1.721123644736869,108.08048922137793
2191,-61.928265999533785,13.435397721619582,51.439700781177734,-59.06719551393544,13.31332150761061,51.69418446345008,54.598502408805636,-0.28824861036564114,107.21960784638478,51.2642131655603,-1.9796056115768677,108.28046501160595
2192,-61.71408263406957,13.875903324620733,51.48473222892277,-58.85477019907369,13.752267746990512,51.73931665848891,54.72612702727679,-1.0151707083328763,107.51718563397351,51.48723548960555,-2.8341672494108963,108.49861139175323
2193,-61.498625669313604,14.314924735002633,51.530708734147694,-58.64193947516542,14.189506327269033,51.78557885562546,54.897548971754986,-1.7088645478080742,107.76929605025533,51.86636199384627,-3.377900108321482,108.68946018048338
2194,-61.28458297543115,14.749398123526545,51.57705635535185,-58.429848908372534,14.624316322006779,51.83220381440836,55.65532123458571,-1.9586272716325033,107.97219635537999,52.859343497042566,-3.429136492629541,108.86552729035247
2195,-61.0703842735741,15.182587117148575,51.62504056009973,-58.21759888269732,15.056259211597473,51.88029672063791,56.37000675281285,-2.3190579298605405,108.14597576637986,53.55006406046078,-3.45985615179023,109.02992254134283
2196,-60.855211480180834,15.61139001078956,51.67417100081395,-58.001060353187455,15.48447309818807,51.92927297374839,57.161946388959485,-2.80498756506921,108.30276607397722,54.18041155121085,-3.926202180456789,109.20114202161636
2197,-60.63561414310255,16.04203663417627,51.724055995942024,-57.78087122170588,15.914884675538692,51.97858574152937,58.162955204267575,-3.351178638563425,108.49768954385311,54.65988464870761,-4.303900852542444,109.37288110859227
2198,-60.415534580803474,16.46938811265577,51.77546738611443,-57.559455561775565,16.342122726450214,52.028527111219894,58.905436742764984,-3.8124868198856845,108.66034497174212,55.01856925439315,-4.683321696118857,109.53676809044767
2199,-60.19794414697757,16.89619941013137,51.828743931559345,-57.34055184160225,16.771340005024253,52.08042966171756,59.43425185258116,-3.7299995084147413,108.78985681875855,55.22115252165148,-4.880565996032037,109.68691146404072
2200,-59.981507107698256,17.325783299850748,51.88225072238604,-57.122189387134085,17.20357543443739,52.132855256439036,59.87219368696956,-3.7947989974387104,108.92530378052084,55.4595866999675,-5.1096110985971706,109.83132664898595
2201,-59.765913839080305,17.756453370898015,51.935640598401704,-56.9064819937844,17.636346271818294,52.18444782596483,60.066574656787886,-4.294821764973401,109.05407235725926,56.00245400250694,-5.520883554637247,109.9630076034155
2202,-59.54737902553511,18.190881920885115,51.98771893749862,-56.6892753225107,18.07133693661883,52.23508644138989,60.567644682527806,-4.743508471191649,109.19569267488518,56.759554083650535,-5.764834289996698,110.10896071440473
2203,-59.32795891189592,18.62471657943926,52.03933741991909,-56.470465327460666,18.50522852773324,52.285854572133104,60.90119471438348,-5.510572783343177,109.36625570480571,57.21695131602948,-6.843547164339698,110.30553593187709
2204,-59.10680419114412,19.057304722659474,52.09138796863288,-56.251059785885886,18.9374761205206,52.337303031275184,61.148157590879784,-6.269898243186159,109.55905817883563,57.4378681470673,-7.695130213315654,110.5215208527921
2205,-58.89174248044897,19.491074350121043,52.142521732529865,-56.03738748150689,19.369721514043515,52.38802155943412,61.29153669931935,-6.89326011844098,109.71319488156877,57.44642381011833,-8.267700057635675,110.6666420587214
2206,-58.67539516764373,19.92567173566532,52.19241395208314,-55.822416347863154,19.802160256549076,52.43817668840643,61.46237461216285,-7.743617500970123,109.85740078899246,57.400989612812644,-8.937389812333882,110.78996905370653
2207,-58.458989440295184,20.359320035515516,52.241555420590814,-55.60601784463031,20.236295713594032,52.488037574625295,61.57110637851408,-8.533080766738582,109.97982284922898,57.357308449030896,-9.46161245099066,110.88232432292061
2208,-58.23791787019847,20.791773313581544,52.2931153074076,-55.38591268179651,20.668773792769493,52.540983772626596,61.044600783072994,-8.985379758142207,110.08901879048177,56.787584477090554,-9.637415175640928,110.95426361612415
2209,-58.014978311486445,21.222058526352875,52.34647982379486,-55.16304415350404,21.100990140323475,52.59570056756512,60.27502808169067,-9.587346391950069,110.1724905389518,56.32032414591912,-9.911211850370478,111.01683949474551
2210,-57.788918186485645,21.653841058675102,52.40265635383626,-54.93587916842496,21.533718009251583,52.65288997830074,59.468028601821146,-9.609466439833518,110.17759885093304,55.732101076625206,-10.200764838309924,111.04165178387095
2211,-57.56355180380465,22.08337466894365,52.461006037165255,-54.70891352001734,21.96268107605908,52.711479967353114,58.726797455907324,-9.45757629699256,110.11379124614355,55.204507394710596,-10.173056430478404,111.0273061921995
2212,-57.33600775731624,22.512652708819285,52.52275166345326,-54.48232678731601,22.390672861280613,52.772278325877245,57.919747998969775,-9.442696280856968,110.06211730079396,54.52510425944208,-10.233730433519863,111.00357502904622
2213,-57.11107029622875,22.943142016817816,52.58724440689909,-54.25782561087681,22.81770025164574,52.834741655535254,57.21485909038645,-9.203531976336777,110.01036523203493,54.06659978120867,-10.173139632944158,110.98620671047077
2214,-56.88625616475401,23.375181175020813,52.65389566879697,-54.03240904155371,23.249916330453175,52.89813465533594,56.42811153106033,-8.8827182765914,109.96549740351112,53.58467254205967,-9.999792255576315,110.97491333093052
2215,-56.6642523747439,23.80633677761811,52.7190744952702,-53.810123654578895,23.680717043859133,52.96032034958293,55.817102963297806,-8.725163471858282,109.91156709431696,52.91226865313321,-9.840021983420604,110.95152989455302
2216,-56.44401301609666,24.23862434412191,52.78214623809911,-53.59136990347735,24.114916466760285,53.02037444649957,55.081553041552354,-8.558169360413471,109.84918185345926,52.191131997685545,-9.835354021599327,110.92493727296241
2217,-56.225353656496395,24.67563748090276,52.84186824747823,-53.372679872259674,24.555203208762567,53.077335437341894,54.66007725325339,-8.211091755184693,109.80045448410257,51.84522772062976,-9.652360106536701,110.89690597876988
2218,-56.00785442524542,25.110994599931427,52.90038620712007,-53.15442179856946,24.991503759115385,53.134261232239865,54.4918907881802,-8.172302367032007,109.77768595612432,51.857999434425196,-9.680765727945724,110.88053326704942
2219,-55.78786723128482,25.549907996474527,52.95664866621638,-52.93427862363394,25.430061791047713,53.189508008408914,54.4079787104774,-7.936285982743653,109.75100694480533,51.732703650916115,-9.516599377187084,110.85179584559717
2220,-55.566225107509176,25.991890383718584,53.00998251210387,-52.713179784454304,25.869653172748816,53.24278114441737,54.20552155161934,-7.60293590035257,109.71334323939148,51.548952255250434,-9.136359291295404,110.81252428961173
2221,-55.3470135171736,26.43302658984695,53.06025142450455,-52.49303483425838,26.30918695385566,53.29441705642749,54.025081075532164,-7.407437304944987,109.67198201525562,51.318132285510856,-8.899683371762404,110.77840637476169
2222,-55.125565675239386,26.87554723467434,53.109019675053396,-52.27090154838111,26.749159091805133,53.34510489397608,54.1697897719196,-7.251034248342434,109.64156155076627,51.30113845646641,-8.74453119258918,110.75145031233079
2223,-54.897174368315284,27.319469532171947,53.1567358275402,-52.04324331296604,27.19334595409996,53.394715122924104,54.51443597333337,-6.964813650344669,109.6137059287958,51.38324612229961,-8.559184470242748,110.72592030216383
2224,-54.67037805898074,27.762663545340143,53.202286037880796,-51.817481603470284,27.63924700988216,53.44097422055567,54.5111044426722,-6.746656013064701,109.58382602292336,51.19349959120598,-8.325980990919966,110.69551573157221
2225,-54.44684510060481,28.214621899715965,53.24463193950053,-51.595164555335934,28.091200561000438,53.48524156345669,54.28614995771943,-6.33200990741578,109.51695901945736,51.023209466430686,-8.037919821963529,110.6254736613257
2226,-54.22690348082249,28.672053193270365,53.2835730942215,-51.37659476709235,28.54962067682041,53.525569544251276,54.187065901340354,-6.161666197208112,109.4455440753532,50.9278102978354,-7.963106193479346,110.54779425254351
2227,-54.00450257185349,29.138005708191933,53.3198322092166,-51.15654533150777,29.014351035032302,53.56302750175241,54.190303291785185,-6.293146264857371,109.4047941950222,50.908863410458345,-8.079789066742347,110.51206245730597
2228,-53.78019303214013,29.600184583017498,53.35486648910782,-50.9331416802733,29.47172811482883,53.60029423270421,54.43221326822607,-6.33742039322109,109.36579899636487,51.145063326731716,-8.117377986204716,110.48446699894427
2229,-53.555946918995595,30.062906812309787,53.39182101247109,-50.70916223019087,29.928101448463924,53.641577284026546,54.550090459134694,-6.32488965067747,109.34083440508823,51.32778418312218,-8.100953443955992,110.48170537527292
2230,-53.33390718539982,30.524311975379884,53.429549232588336,-50.48627001842326,30.38475348543402,53.68401642143828,54.57518288874604,-6.2868474608744025,109.3786868492382,51.43801449305374,-7.989309950310071,110.5631462567159
2231,-53.10982197309252,30.985206503553243,53.47194863230659,-50.262557838462136,30.84007468766289,53.73006944696865,54.7801225793518,-6.498735778008668,109.41791003223734,51.52212197470754,-8.168506098007457,110.61945921766156
2232,-52.88416780182739,31.440722741103848,53.515517637520674,-50.03809338543423,31.292212601705245,53.77574362710867,55.16539082696287,-6.713311246869391,109.48204935365574,51.825718345799864,-8.21137918704022,110.65535114512515
2233,-52.65589626865477,31.88970614268281,53.560081954480175,-49.812092422095574,31.740454899037193,53.819642184197235,55.583466054058995,-6.669123035424219,109.58822070004119,52.155778753537724,-8.037230554472751,110.72152582996489
2234,-52.42287784438265,32.33590765210218,53.605539552548436,-49.58012956933721,32.19049237862587,53.86213429379991,56.02468920274573,-6.7971662986949966,109.72366261914867,52.5075278360466,-8.314569676295164,110.84063897605958
2235,-52.18936266293285,32.78199433930105,53.6520909347649,-49.346879172756545,32.6380249084791,53.905291730287665,56.20617187262491,-6.9250887291507155,109.85802339288124,52.6777794119694,-8.484016529938254,110.9350648765527
2236,-51.953794080626636,33.2283467828725,53.69598578524191,-49.11042252087368,33.08618796304438,53.94784054800895,56.23430620080393,-7.055414269991871,109.96709981992713,52.59451168154646,-8.57599342222488,110.99418220583766
2237,-51.71875524317763,33.67170211498781,53.73863027748627,-48.874669726633144,33.529893766052304,53.99019363528879,56.105217422466076,-7.2167446850768115,110.00917683173745,52.275306122160785,-8.594441015450188,111.03164579193634
2238,-51.48620362642093,34.112625398028776,53.77605458808844,-48.6429865555315,33.97103149281016,54.02901398455044,56.064362092879485,-7.2378158444384475,110.04406009186478,52.13159123933477,-8.680487287734078,111.04207105428212
2239,-51.25222525556545,34.55369865411625,53.81388729557602,-48.41017746883638,34.412149197385965,54.068394327528104,55.805029558921554,-7.2228191432798186,110.08121831701031,51.94999353528052,-8.603085823071526,111.04615235019655
2240,-51.0164105287956,34.99978495193345,53.85434837946689,-48.17472407095894,34.85769583202369,54.10983908047487,55.36075691092204,-7.366005947587283,110.08697544733214,51.63568486627332,-8.552334434084402,111.04317806136496
2241,-50.784678775920206,35.44441372860741,53.89486710848807,-47.94070594931032,35.30455327307707,54.150780896484356,55.01582885489506,-7.293638353399695,110.04910752670541,51.60729876680623,-8.624571347229699,111.04556257601104
2242,-50.553510149816645,35.89252195327562,53.934093374445474,-47.70836206864097,35.75499214542674,54.19068839866613,54.88976092298087,-6.996398357646011,110.00014108767537,51.78172383697916,-8.31206719377432,111.02955363609615
2243,-50.32646771581924,36.33733372126592,53.973694630007216,-47.48103439007971,36.20186711705603,54.230557150434755,54.88483898623891,-6.780797986508121,110.0085219898818,51.87204781190128,-8.134643024907968,111.08114663438029
2244,-50.101493131721504,36.77887255669677,54.013609860196674,-47.25711265404536,36.642330169020845,54.27156325669373,54.947916695860386,-6.6206709335331775,110.06262893548954,51.78664920302386,-8.019209846707879,111.17606475438022
2245,-49.873433179201136,37.223341487921644,54.05469215790806,-47.033200805418204,37.08423501947891,54.31262488372957,55.01534980550041,-6.448160858364636,110.20042548141171,51.83577219699246,-7.980568180829279,111.34967115048926
2246,-49.64476390829202,37.66537731351402,54.09413978333678,-46.80683615037327,37.524046326930126,54.35205560589192,55.28568069431187,-6.245328707707748,110.38408606630605,52.09041038052372,-7.760193864788579,111.55026638948101
2247,-49.417815615334014,38.10632322057624,54.13365734524572,-46.57864966677616,37.96588918040417,54.39203930310957,55.93042152731462,-5.809429830015846,110.58828630024212,52.650186776723345,-7.268132024578809,111.73326302749533
2248,-49.19151005166647,38.54647964885682,54.174953824403836,-46.3492850036591,38.40865539083736,54.433895468851844,56.53312417821623,-5.3624605061417805,110.8992685375188,53.261240769206765,-6.970842401552554,112.03290241605212
2249,-48.96988764139673,38.98429874730653,54.21811986560126,-46.12402432871552,38.850748608600924,54.47742775017764,57.175572642161825,-4.897055941309496,111.29518827930137,54.00731989967292,-6.339453964037576,112.37223945097442
2250,-48.747227559579756,39.425136328652165,54.26216589648963,-45.89877395970237,39.294141162696576,54.52143846980522,58.043881222511686,-4.382007657524408,111.71690102231554,54.8720897186037,-5.838787817941054,112.74413879278941
2251,-48.5204483299091,39.864502641545315,54.30580841317168,-45.67067064195839,39.73238557499965,54.564925029086446,58.86715945787363,-3.9043708301787787,112.06910573399486,55.339196366713324,-5.513056782746086,113.00183726393327
2252,-48.289003418763464,40.30711021681494,54.34976876197115,-45.440220743188235,40.17398450779552,54.608186402846506,59.876865769791436,-3.356183721839228,112.3698469055599,56.08833894782074,-5.205332881928561,113.23309289606135
2253,-48.05435031101852,40.746977189566415,54.3912321175295,-45.20603735338684,40.61252034072985,54.64700493309743,60.655318313814,-3.0015704341832907,112.61763344009944,56.57736748055816,-5.036997412682427,113.40611291925516
2254,-47.81921269639412,41.1839991225923,54.428702143239214,-44.971630340931995,41.049697783693716,54.68154240892156,61.15103485321199,-2.905128361078815,112.86744836959048,56.930971080546534,-4.949474083852502,113.56955541369904
2255,-47.58624849461645,41.62397112633803,54.463787637603026,-44.73772144804998,41.4917725053106,54.714770256468285,61.50374377521092,-2.7476063114117233,113.01417334424103,57.17739619549786,-4.8938594718689385,113.70874442154799
2256,-47.35715896441504,42.07091426259456,54.49816821185241,-44.50931668519085,41.94019721673107,54.74905759917892,61.84323913549113,-3.0048770567376364,113.12200342504002,57.614609816057325,-5.04136924008123,113.8619014980511
2257,-47.132892991998204,42.517118724702,54.53012777092039,-44.28608954768615,42.38726175653354,54.78318913890604,61.98056506983251,-3.1788381273074786,113.17749248529849,57.95175321198247,-5.046761080572987,114.00902616249964
2258,-46.911044790718755,42.967697783332156,54.55832909504099,-44.065536423932514,42.83601674718016,54.81527372335544,62.13644053953914,-3.0691671985845987,113.2629907288147,58.01958606950799,-4.730237015382501,114.13357676849677
2259,-46.68521579688888,43.414869392163965,54.58417626520817,-43.84004717904989,43.28296045278824,54.846037343355064,61.98398796712651,-3.082684044504665,113.34898224572166,58.01452128438285,-4.591470065521961,114.25836961504093
2260,-46.45597688443009,43.8618602058656,54.61173657390354,-43.61122109144456,43.72885111674355,54.875767816996174,61.89591477923925,-3.2484334118816056,113.44962258153421,57.99156039472645,-4.770930687848873,114.3671886505205
2261,-46.22369276219986,44.311880288913414,54.64333720838749,-43.38083260759364,44.177268750968096,54.907777223088736,61.841309547674605,-3.4947642964118737,113.55718780013186,57.98365439393071,-5.074549067974892,114.48765599694386
2262,-45.9965295969841,44.76432162326048,54.67547338401234,-43.1536949138005,44.629594430918566,54.93921961081599,61.84239503070184,-3.56640209746448,113.6702848841913,58.01980558090902,-5.090293894815693,114.60015256621226
2263,-45.776538124909294,45.21195584774032,54.70208391361526,-42.933340197145355,45.077401666235886,54.964230199298385,61.77669345103246,-3.300454310496323,113.75519055342062,58.19683479691793,-4.819971021482384,114.69325418347913
2264,-45.55556369351017,45.66793842094782,54.72427632812198,-42.712951719747764,45.532913710156244,54.986042337199315,62.07070564999121,-2.6308570436357233,113.81865355244118,58.829415900506305,-3.9270423757681563,114.76193668392959
2265,-45.33437750132424,46.12369984577627,54.74271766195935,-42.49453458562184,45.98997373923282,55.00467316930618,62.41311607090376,-2.449179444293598,113.91584576272236,59.19487235677927,-3.578628403636894,114.87351277764216
2266,-45.114053501986064,46.57579051602052,54.758266938790044,-42.27670913984202,46.44067659101231,55.0209763157853,62.72468528226206,-1.9945414021281094,113.98556321523041,59.38550903714552,-3.0304900746748054,114.94882298833541
2267,-44.88647816781021,47.02115285084449,54.77142891978403,-42.05052638123426,46.88455507139094,55.034910636168895,62.98277333761894,-1.3295187461919602,114.05960733559452,59.438431864604844,-2.5797034585066587,115.02233267234665
2268,-44.648449951818066,47.46385187934518,54.77910299428467,-41.81216289461079,47.32712377624952,55.04560866098593,63.35237008181078,-0.3507014814001771,114.11982679911705,59.628313787243336,-1.9388100468282747,115.09665755307186
2269,-44.406700697429244,47.90936330445435,54.782737615098846,-41.56790282044169,47.77559961698607,55.054071265757635,63.562173540338506,0.6180844902387346,114.15918203753093,59.607991360032095,-1.2110694710617853,115.14283282091968
2270,-44.16811654396366,48.36275015812698,54.78683248396743,-41.32608422108606,48.22867897399261,55.06192716017614,63.511699070893236,1.5190688475573135,114.18916298874923,59.395852672395165,-0.44883504144655073,115.16937040712176
2271,-43.93164492836746,48.81374392101254,54.789721254533426,-41.084529508743934,48.677597900422136,55.068695976048716,62.993094302582236,1.8417873852976625,114.21959949575421,59.087919741285624,0.004004452171111783,115.18798075016761
2272,-43.69726835138046,49.26319732471349,54.798797671276134,-40.8475683597727,49.12606891854099,55.084058692091574,62.439788846411936,2.4417648772171328,114.2131963815537,58.64545964020291,0.3990453901521913,115.2081691146946
2273,-43.46198108479933,49.71144406466039,54.81362875309204,-40.61536354528787,49.57073136036111,55.1054514291546,61.93036187217967,2.9603816674892376,114.20712779672792,58.2506797456023,0.8803668983110831,115.20796666721174
2274,-43.22631993912467,50.16026755108759,54.83439514789306,-40.38578437881955,50.01519936273011,55.13119382300638,61.537112613455044,3.391254159167003,114.19318531758086,57.99194752993666,1.1565157836247801,115.20986340568724
2275,-42.991664971427426,50.6046416062658,54.861859625994235,-40.15862871188478,50.455978512839366,55.16073253524044,61.07068720758371,3.745147008310978,114.20216799235374,57.8064222569821,1.552948060262159,115.25871995961059
2276,-42.75734234077246,51.04158875529009,54.895101231193856,-39.92799059474383,50.895759998002106,55.19212445743637,61.02042733471785,3.6774651327140524,114.26081229478697,58.0636024523792,1.486841404780723,115.35418710696352
2277,-42.524152981776524,51.47406869017045,54.932907284106086,-39.69543428217339,51.335070498303345,55.22403040819074,61.13115232462761,3.397103077054232,114.35436601707985,58.30442150652757,1.3136108199595564,115.46758127271526
2278,-42.29048867139758,51.90841288435235,54.97435036389902,-39.46092179675189,51.77392332426731,55.25519457670438,61.28852123086209,3.165417901927137,114.4687133799323,58.429729531959964,1.0867864427107063,115.58655458723635
2279,-42.053315333136226,52.334401040227824,55.012334915178066,-39.22322189866616,52.20227236299989,55.28616302415794,61.833948710072576,2.806746943276299,114.60962818448976,58.885318024405706,0.7677682995335908,115.72619353719638
2280,-41.812276727174215,52.75628723947083,55.048561559320454,-38.97970656343436,52.62493460262395,55.31819121243411,62.360942969390585,2.3078040390014283,114.78718555255577,59.19384449895679,0.49304379329670744,115.8730856042887
2281,-41.57197058802794,53.17796001483444,55.0831047610555,-38.73869683240282,53.04630103376707,55.35022543443478,62.677085389777325,1.833178802945212,114.98734170820715,59.20163839008735,0.1942403066702103,116.0225639123069
2282,-41.3350658835677,53.60292149174044,55.11479472830741,-38.50140738483131,53.47272697383278,55.38101916869509,63.30576391052702,1.7227920971625899,115.17326325792813,59.667699217402976,0.6401851095885829,116.16958487532249
2283,-41.098379366396955,54.030028148443314,55.144696739692016,-38.26253888865177,53.90283117045093,55.41066602400042,63.6585974475819,1.6798200665831668,115.35510360009188,60.04640257183426,0.6913061499217068,116.33614906459201
2284,-40.8623130485936,54.45639470757104,55.173587927270226,-38.0235558158984,54.33365727180335,55.439951613570315,63.947030860170166,1.7574558171941532,115.52905530551465,60.29153913231169,0.7808382969219514,116.49637947205936
2285,-40.624195605025825,54.88399914692256,55.202833842416545,-37.78309562047529,54.765819370016665,55.469960770125994,64.27801380249424,1.793259687232512,115.71015865500794,60.47788821136874,0.7096432957334322,116.66310993586515
2286,-40.386266360066514,55.315454989954965,55.237127209519805,-37.54480433432635,55.198700822643126,55.50690402952461,64.34652446337121,2.0359243835901153,115.83308953000486,60.61889241588635,0.8042028386104403,116.7618139824054
2287,-40.15463317904878,55.75430697541367,55.2763140011661,-37.312250258832705,55.63673331625377,55.548954474741755,64.47818374905685,2.424334021541604,115.97224949906092,60.77014456094515,1.0680151106978855,116.89784855252968
2288,-39.92771292551225,56.19820792046212,55.32043118845096,-37.085778391264355,56.0773260362019,55.59499062996788,64.65885869435334,2.7595153163799155,116.08027675212823,60.72915524972057,1.115664616375067,116.99429151954709
2289,-39.70618107915133,56.641727277403824,55.369296699022485,-36.86614746728913,56.516320417002106,55.64427550076931,64.45150921847448,2.6707295620822906,116.10832110131462,60.58594825447687,1.259092108240774,116.9846786801205
2290,-39.48800918433378,57.08462648378827,55.42308836503392,-36.648169917136826,56.956562068789786,55.696302634225134,64.11802750746716,2.795125346535769,116.08805875025337,60.315318179483405,1.367627015010953,116.95985131617196
2291,-39.2685114279479,57.52485140679955,55.48192322654049,-36.42907622447362,57.39526656273087,55.7505209151278,63.778583440323025,2.920820315424668,116.037093887288,60.02954555225568,1.5019765194063195,116.9236152123975
2292,-39.048852128884086,57.96180749459978,55.53929681517925,-36.20837235215748,57.83222930006435,55.79950491055037,63.37009394682375,3.146042909961958,115.92532569482222,59.69846659847587,1.6062172899322547,116.84752450812485
2293,-38.82776326922152,58.400265544935415,55.59324405696816,-35.986834922107576,58.27139171555176,55.84638724979559,63.02852227232869,3.200767050817176,115.83864689700144,59.51525521964879,1.5991646890824183,116.7877555206793
2294,-38.606600718426655,58.8366655574647,55.64581841812204,-35.765570270630015,58.71089520764984,55.89337491367753,62.61795761760878,3.0043405254990727,115.68829256302035,59.308003448342674,1.4289824583760717,116.70926322928226
2295,-38.39066370399426,59.273182662328786,55.69454752974268,-35.549508289915806,59.148907462218816,55.93821625613853,62.45809312487695,2.99595173240436,115.56762902850011,59.335831535704415,1.3917446297651521,116.67401443193842
2296,-38.168883681162214,59.68718692904703,55.74055663820012,-35.330324414425846,59.55471075760174,55.98279583000441,62.49254612606679,2.8417638541922123,115.51852770847857,59.52298438223845,1.2606468326227989,116.6605760729502
2297,-37.91800751032928,60.04140913948131,55.7884705346266,-35.08744531776209,59.893583578582806,56.03357174378991,62.641101989040045,2.6818171130111574,115.50674403712922,59.69045263221832,1.1523891645385176,116.6853804399665
2298,-37.63173903320052,60.31124501646859,55.83766473053059,-34.812816378288126,60.149079024440134,56.088245629934924,62.721535780957446,2.3779252446204295,115.51697081210436,59.70585672443882,0.9428482724129957,116.72343519439883
2299,-37.332452940825966,60.4856179481291,55.8912612378835,-34.5230678729577,60.31415786594643,56.146021998459986,62.82174867586219,2.034110479999044,115.56153207836589,59.712457572454554,0.788668108510072,116.76190450278835
2300,-37.04903943400218,60.55980461960848,55.949789162418234,-34.241347700425194,60.38553595033091,56.20696360805113,62.85769033380038,1.7602392501467434,115.61301966698858,59.709809924698234,0.6615613072477445,116.79903054658766
2301,-36.81355220769759,60.55043567815625,56.01268743939551,-33.99086107324807,60.376389271392576,56.27030826557736,62.95749861514184,1.5011720332422382,115.69391658906264,59.69752134542194,0.5553267263771253,116.83375715518746
2302,-36.64578414731354,60.48913101146084,56.076674589321605,-33.787312838616735,60.31020266689784,56.33151017269239,62.89385790732715,1.3303514426991092,115.75704966595586,59.67717100157021,0.46258096975100327,116.86173910705942
2303,-36.53538124937481,60.403210190348936,56.13935678816484,-33.633807223214745,60.208873533099364,56.38759701986468,62.85615382891852,1.2904567603674426,115.80852433556848,59.64757235101175,0.3782541205061205,116.87940710370145
2304,-36.47054625187926,60.30699651810511,56.186746672257016,-33.52728233121642,60.0892158118075,56.42588596406985,62.80167988065175,1.2683557305417754,115.82946236968279,59.61185094091651,0.2992083642638676,116.8865790773373
2305,-36.44591122750115,60.21003140861633,56.21809035683957,-33.46313399620069,59.961601959638756,56.447840939727634,62.81758018757138,1.177322633175961,115.83023227059536,59.57112748037142,0.2266043225973114,116.88408000933111
2306,-36.45534803168855,60.11944503939127,56.234427192884915,-33.43830319027057,59.834167031449844,56.45791408106182,62.800309492087294,1.0946506795721063,115.81814424583133,59.52252898069637,0.16067120126695292,116.8746432865204
2307,-36.49027316067541,60.042045484450675,56.23746008077416,-33.44893530974775,59.716984431115264,56.46097106417185,62.762482514833174,1.0251869210230455,115.79759889943524,59.46477437277698,0.10645229628425243,116.86185862674763
2308,-36.43693676355543,60.10236593626238,56.225903675933935,-33.41073677691586,59.81482684667333,56.45698440330159,62.8163032157498,1.0781992084688918,115.77164046849609,59.52876906234371,0.14612233475781458,116.8481018200573
2309,-36.50006206689491,60.059148437315365,56.201633840083694,-33.46617116829442,59.73935989868169,56.44701928103589,62.75458815210966,1.0422314501687486,115.74068844706113,59.463196960972866,0.12193658857939221,116.82988400399275
2310,-36.56314346049142,60.027167512403274,56.171324253611516,-33.52679938023328,59.68062443040185,56.43771396124311,62.69398771016998,1.0155973479811549,115.7119173327466,59.402186603700926,0.10622015435952556,116.81353069266913
2311,-36.61950666906746,59.993520482346014,56.14668836542783,-33.58233409506181,59.623637112838765,56.43150077853694,62.640783399564214,0.988017117714985,115.68868072215996,59.349021742298376,0.08552513333872666,116.80121630254766
2312,-36.663305955969726,59.952539388647615,56.12613306603512,-33.62516622867913,59.56161296577639,56.4241823471911,62.598452471151134,0.9525585606743442,115.66942499444556,59.30657809179217,0.05190219577855852,116.78892316680133
2313,-36.69036470169059,59.90639069805154,56.10942433758835,-33.65122397389025,59.49702380682569,56.41640697867406,62.571901962807544,0.9115731697425707,115.6540802174048,59.278064979272166,0.010594181626918123,116.77711389077443
2314,-36.70309804878041,59.85594371165307,56.10031304050417,-33.66491430483252,59.43192104306824,56.41530879989712,62.55939522120544,0.8654198750853264,115.64616697641232,59.26116630961214,-0.03566883547065087,116.7726446761941
2315,-36.712638193752646,59.79028524857845,56.097997052240586,-33.68179230396003,59.352161075137495,56.41740805426416,62.55010653577124,0.802840028545846,115.64312300069122,59.24176334492442,-0.101072349901314,116.77244697491955
2316,-36.74187177888391,59.7010851523648,56.10344805385764,-33.72787273522036,59.25177264412232,56.42318221652167,62.541458843364886,0.8210894992333543,115.64887574673861,59.22389697526169,-0.04219885410329672,116.77761757740268
2317,-36.81337914231036,59.5957251941739,56.11389956487403,-33.821267179311974,59.142490902180995,56.43287807606518,62.670880850605506,1.1659119080069928,115.6591615190228,59.401131053859444,0.4591123603064403,116.78617008333244
2318,-36.929554108634726,59.48597451757571,56.12201556649336,-33.95630289422503,59.032433308185766,56.43752974340464,62.99852825106629,1.6129897909150976,115.6688530421069,59.79608645082474,1.0055688641377702,116.79330514267406
2319,-37.07356832068718,59.3573014892687,56.129998904231414,-34.10849730410096,58.90394744120056,56.43830091951513,63.3492811396195,2.0304724263748763,115.66435849344715,60.12806048790545,1.392395774259553,116.77709881134213
2320,-37.22344311347429,59.17924710071758,56.13610920530257,-34.25248531658981,58.729640326041476,56.43522642564629,63.62640906192759,2.385885309952863,115.65491298738249,60.32704245887298,1.5770445857998365,116.75382301663878
2321,-37.35333774043523,58.93609245677467,56.13343517351979,-34.36686732437736,58.50417240162592,56.42767334431267,63.98945140290281,2.907544503792664,115.63775733770765,60.68619355854496,1.9054359154020453,116.72550937111514
2322,-37.44074746166504,58.63744550225786,56.123653802701426,-34.441551996814965,58.23416828699278,56.41679218099474,64.39529837027429,3.7884433107818882,115.58631584097316,61.1245168841645,2.6076175209742902,116.6539743543873
2323,-37.494918028529,58.3033660651805,56.10806324746907,-34.492659396146834,57.93159852251635,56.40392739466567,64.79507466796164,4.643710451540036,115.52836687666732,61.53227252548941,3.220703789132607,116.59426719775931
2324,-37.55263674955333,57.95075153032473,56.08785721329825,-34.55312787083253,57.61067436694076,56.39083757251994,65.15521577570914,5.120751362147202,115.45840543365428,61.780245510622116,3.6696851483235586,116.54124794421435
2325,-37.6550722790945,57.59143309626761,56.068791648071326,-34.655903735617244,57.282442837353784,56.37705934881716,65.42393623351873,5.109901655603436,115.39073904699718,61.87888771794524,3.6296824574801647,116.50979846392232
2326,-37.82010109625021,57.235624655090795,56.05623782714945,-34.80983771807574,56.957733825819524,56.36998592367606,65.6076022474638,5.056728231606932,115.33549787180091,61.852531081333176,3.545815095847499,116.48113708178674
2327,-38.032870945603406,56.893710091240884,56.05163111406523,-35.00253455658448,56.64122461376714,56.37016732010452,65.78035173000559,5.040445150008172,115.27280307382986,61.81862469568929,3.4055077972842076,116.43520246105165
2328,-38.261205427359215,56.55586771142478,56.05365538529843,-35.2086723460389,56.3262393776396,56.37516403777618,65.77613037536965,4.980568261377172,115.24947153118828,61.79424902387691,3.3626615960475617,116.4417249071926
2329,-38.48076526183827,56.206525623252325,56.06020145103486,-35.40989741196514,55.997069275548704,56.3835197137502,65.5504826218803,4.9459668524462,115.28363958107035,61.784161302750704,3.663396655829668,116.46723498533848
2330,-38.676309735045784,55.84066898204411,56.069699500349174,-35.5944653399004,55.64878485206321,56.392132401889015,65.2958269504712,4.969938301396469,115.30271744168077,61.83791170084719,3.9734391652208383,116.46629081197271
2331,-38.84592957858472,55.45852545739634,56.08173304290739,-35.75979010585943,55.28413697599837,56.40003904973644,65.02834923855623,4.795111380187136,115.31945041144083,61.75820035075438,3.9568980003907677,116.46156989827384
2332,-38.9993175161943,55.06719302144954,56.093380379743735,-35.91562846554847,54.90898408567361,56.40257528791076,64.97682501272293,4.691606280340705,115.2869545130852,61.793879018086734,3.705866028025797,116.39997978645204
2333,-39.1549834312742,54.67026735984957,56.10006663327605,-36.07524089377346,54.52461840908491,56.401552765201984,64.98300989272126,4.5201059540108455,115.27006853815878,61.805300541824316,3.3689481226531637,116.36992564135987
2334,-39.32524766060487,54.27422090775088,56.101333017171584,-36.24911967682901,54.1379967845398,56.39777523000058,64.85919197515932,4.594255544009755,115.27238994349781,61.63575995570183,3.3670569468512226,116.34913960813685
2335,-39.5149557211612,53.88577799316892,56.09819226139399,-36.437337405615175,53.76072116642183,56.391026225260156,65.34822589996442,4.856626593937034,115.23945818595045,62.35333353363565,3.695910252778941,116.32627183115997
2336,-39.72281510278508,53.502464003670745,56.090663960912984,-36.63988134150073,53.38533909325663,56.382829683403706,65.59837362391205,4.6031223277216995,115.20267648638747,62.57412408803867,3.576821287398391,116.32431539514843
2337,-39.941193972521,53.11747025905028,56.07895169876276,-36.851587768631575,53.003896774719365,56.374288757575904,65.92886863027832,4.058313118351553,115.20175032824888,62.94425011213169,3.145954195548925,116.35043475369228
2338,-40.15684587461201,52.7263296772219,56.06671911629143,-37.05733559942963,52.61608114642766,56.36987467770571,66.28868765251312,3.1865947413834808,115.21183425276223,63.15606470084184,2.083786116760425,116.38413114180224
2339,-40.3646205630392,52.32505837762413,56.0565847682298,-37.25818889802754,52.21882752675633,56.36549844099578,66.14247096007111,1.9656220787075234,115.24896691345582,62.68786469842848,0.4960140456955229,116.39169740134753
2340,-40.566569920615684,51.923121909449215,56.05377563374768,-37.45731574484836,51.82081676160614,56.36853487134515,66.3546622662514,0.5757918604353236,115.24958743532586,62.7821783461325,-1.1472036327282489,116.36854939152578
2341,-40.77108836892152,51.51703245601266,56.05670348729437,-37.66270583243587,51.41836277512579,56.37650301935004,67.01114795134464,-1.0672227728442414,115.21485182501185,63.331605245993515,-2.527242551472799,116.30929252943449
2342,-40.979439280560115,51.107655470592384,56.06611832541093,-37.87131530006348,51.01712276876692,56.3877275773283,66.86194399991841,-2.951609830241976,115.2267783190193,63.52505386828899,-3.6860019409991707,116.30918931832511
2343,-41.192214426595186,50.696386574121654,56.08229165090465,-38.08329358734223,50.61481897809434,56.40145174483958,67.0032410290158,-4.708807858612068,115.2109694976128,63.73377485007958,-4.791108356304281,116.28337352015123
2344,-41.40842917442437,50.28663234158224,56.10407920626788,-38.301101261334146,50.21033500546944,56.41726116895312,66.90588727508613,-6.246907218426497,115.1716346958378,63.77036598301746,-5.698557964238575,116.25312577543373
2345,-41.62607013551031,49.87921590461401,56.12600118840432,-38.51609939390465,49.80737580278672,56.43335362038913,66.9910067058332,-7.264839843154099,115.10403186191931,63.96095922338619,-6.418864945278117,116.2019407884781
2346,-41.84297468199911,49.46908600039792,56.149978325453205,-38.73219075492578,49.40030502909101,56.44973694686366,67.57500522961024,-7.757623935393451,115.02694131600488,64.13453133967897,-6.983422195196609,116.13562981366752
2347,-42.05519014949803,49.06027127298851,56.17077912870094,-38.944951721655265,48.996197855855286,56.46599923288557,67.77649987680763,-7.9240274168729945,114.98881005722812,64.19082058804736,-7.372414610474349,116.11551893260905
2348,-42.26954735420823,48.641924834553656,56.18952876262431,-39.161124528160116,48.57930899812751,56.48214221329138,67.6519748357068,-8.103487310136831,114.96639834059319,64.26405252577099,-7.757658754911835,116.0851461931728
2349,-42.48320948611939,48.21790126690162,56.206123020866706,-39.37573669765353,48.155495053621095,56.496841424259316,67.44165349404534,-8.22289552033357,114.95455987330683,63.970540451796055,-8.03984331205406,116.1151659931345
2350,-42.70003333959388,47.789525860299236,56.22280457639468,-39.59184582523513,47.7275514296324,56.51207567570384,67.18829604200768,-8.164922757868693,114.98248305323928,63.74623212100905,-8.191926855205427,116.1672216149131
2351,-42.91310648677778,47.3634219394358,56.2398476480127,-39.80287859507968,47.30314433840491,56.52850675073708,67.01270137568972,-8.227165898395597,115.0125396181513,63.55173553454471,-8.505238942417877,116.20017040311429
2352,-43.12747552596956,46.935554369899464,56.25699602241736,-40.01250539073109,46.87833170166618,56.54527755004909,66.79281267075521,-8.409094798064944,115.0660053013545,63.49559016602918,-8.913130016123228,116.2329277205782
2353,-43.3428130930627,46.50460112405141,56.27383868790625,-40.222990037724074,46.4508535561832,56.562161059692905,66.56767754059264,-8.568855119958277,115.16394365762213,63.45939093472477,-9.195157702928103,116.29788185905737
2354,-43.561592921301326,46.07288901603251,56.29045373275847,-40.435899786836615,46.026040823184225,56.57898586865582,66.71705891053769,-8.685198150565334,115.24423998236578,63.86741409312038,-9.306763577614106,116.3580524654741
2355,-43.785799287479925,45.64938226776834,56.307494165352324,-40.657451338691345,45.604376017410566,56.59647514778065,67.08318107615443,-8.70591717737485,115.3315140369459,64.52277807515358,-9.338446991919785,116.40175663151237
2356,-44.01939266505226,45.23125662109731,56.32595345934692,-40.89021801868568,45.18466950616206,56.61443021395146,67.5884904617973,-8.542715820836154,115.39322845650187,64.88920417393066,-9.062839791981496,116.45544370076533
2357,-44.2591395258557,44.811702851531884,56.34550685286555,-41.13194591770166,44.76296581644592,56.63332757698669,68.11875187202578,-8.46782463800618,115.43046452768857,65.23142380935356,-8.883306618473123,116.49296224166947
2358,-44.50103378185845,44.393296503898725,56.365718579810206,-41.37536821107152,44.34670304284539,56.653259997067124,68.53023423839144,-8.284592319789553,115.46850836977825,65.30834362299468,-8.777118573491887,116.51678209364563
2359,-44.73681736862976,43.97200720935431,56.38554207892242,-41.61299704913869,43.92908377992836,56.6728617281921,68.86669879869187,-8.03927851585894,115.49289983467862,65.35421915658405,-8.774943288139228,116.52264663151448
2360,-44.96824036472838,43.54816084707481,56.404333084649345,-41.84741135690695,43.508424676221296,56.69138705703129,69.22549207302193,-7.870027058457735,115.48680827827138,65.43968981882803,-8.842151821311356,116.52194065250963
2361,-45.19724181256964,43.120620408797066,56.42313228562464,-42.07741752304209,43.085234594402216,56.70964085383988,69.40519822768377,-7.662417616021745,115.47348198989174,65.70431950762818,-8.747533798560314,116.51787958269101
2362,-45.42119158267777,42.69371276895986,56.44161980134212,-42.301219068344366,42.66267434655391,56.7278832402083,69.16578761928027,-7.131657002231107,115.47328106441948,65.66391225619694,-8.150874538767411,116.52680224800002
2363,-45.64703572639684,42.267646832438565,56.46014467215412,-42.52675226264142,42.23722306941428,56.74627934787405,68.80374913269527,-6.643948570936757,115.4424610155335,65.29045386193698,-7.424712839569164,116.51204217843208
2364,-45.87894565520628,41.844363659032716,56.47886184834056,-42.75833348333126,41.80993104884681,56.76512998485484,68.06601522786342,-5.8537324454948045,115.48005045360294,64.51062393891534,-6.454715273512378,116.59245357854847
2365,-46.10913720282477,41.41527441459466,56.501622216558864,-42.98844359746186,41.37761566036875,56.78998582072186,67.20735812701479,-4.886278325442044,115.53984910070442,63.526897107103494,-5.475641992916093,116.67919384504202
2366,-46.33422349819741,40.979544935518156,56.52900486384854,-43.21072803079201,40.93929621979112,56.819702600668265,66.35712385971739,-3.972309062285141,115.63933446171033,62.75388043449129,-4.844389067685839,116.78601379165794
2367,-46.55296968099957,40.538757362944935,56.56095121841071,-43.4267995922723,40.49666008214581,56.85292707392421,65.52881227451206,-2.9687381140935356,115.7559614179802,62.232213022925094,-4.271739257321556,116.88689484625785
2368,-46.77018439074997,40.09642263145692,56.59812458815685,-43.640439800638255,40.05465630674936,56.89011532158348,64.63410129397211,-1.9579143679957765,115.88632648430745,61.90985396773449,-3.6415871312726193,116.98647879907958
2369,-46.99153597168776,39.65312745305679,56.63961713520638,-43.85632674735602,39.6165283732427,56.92969819129069,64.04239220590689,-1.3755077770762267,116.00492508765824,61.80252615852838,-3.241331697059642,117.06767177750798
2370,-47.22064940382713,39.21510239623574,56.684977261944226,-44.08074437022854,39.181829250896044,56.9702151612138,63.60920019892653,-0.945352159575563,116.14657113229316,61.58294499116003,-2.9037766873538757,117.1472950343826
2371,-47.456726169119406,38.78673944122011,56.73030177489447,-44.31461655306903,38.75630562447728,57.00617918317285,63.26003430307249,-0.9415220883979496,116.23015908524714,61.03750227721116,-2.8469919781612227,117.2247575754461
2372,-47.69409454982794,38.35875593681029,56.77068168241701,-44.55232466789832,38.32722222551283,57.03877646778411,63.09569519738335,-0.9317284308902422,116.31612247904415,60.51231437104947,-2.5713625507940754,117.30745007487296
2373,-47.9293932454301,37.92655088894943,56.806612619965,-44.7895484208789,37.891499642618676,57.06943804155481,63.02619100928535,-1.0500898176208546,116.41803578791465,60.24672386962729,-2.6707571012670805,117.42823679813742
2374,-48.161035746430585,37.49175307791216,56.837683962883354,-45.024301877714414,37.454914594571854,57.09681648364999,63.1985521096271,-1.495266003462072,116.54380661430726,60.48016194791963,-3.137441103664925,117.57127721961598
2375,-48.38908999578746,37.05050413817223,56.86293923723743,-45.255897088245575,37.013575615765255,57.1214055857717,63.35235359489661,-2.00756001166105,116.69984678613669,60.740261508788166,-3.4334902641676477,117.74830256088744
2376,-48.61004417300029,36.602913210389886,56.88518576634142,-45.477311014455374,36.569069129110446,57.14767876978794,63.42192417743681,-2.26587600465917,116.90011825994391,60.968217635305216,-3.427205205049209,117.95561813743522
2377,-48.82636022446209,36.15640043527266,56.9062446663463,-45.69275602320875,36.12559312645075,57.17631964183661,63.634307073797395,-2.7020648137264573,117.12730500889501,61.206760936405956,-3.656921196539572,118.17609858774333
2378,-49.04511499729153,35.70729448620013,56.93012451807812,-45.90954508939956,35.68160875104901,57.205314473879135,64.21316461751348,-2.9471674706469386,117.36478127393138,61.54441277717223,-3.8030674560966298,118.38301750363071
2379,-49.26941646317764,35.2638747096538,56.95709016064788,-46.13166971838383,35.24107005028289,57.23513020348913,64.84325075514349,-3.51825984314658,117.60563304423424,61.792036318571824,-4.147464425991755,118.57391627071345
2380,-49.49687460397005,34.82774799868415,56.98604687669662,-46.358906629647414,34.80365996150753,57.26586579222392,65.44000665905938,-4.09210461485007,117.83465615341156,62.108546785170276,-4.735591987725934,118.76269560528817
2381,-49.7271013434133,34.391827767504424,57.014842444110215,-46.59103533313889,34.36783713226931,57.29313856819659,65.35419002210817,-4.1568767499988475,118.06441543886207,61.85595345573129,-4.87425910638282,118.95984395414409
2382,-49.95843539119799,33.951876740179614,57.043373853911895,-46.82750525598866,33.92715810224701,57.31752503670743,65.19307670712867,-4.314194175120581,118.25838491114325,61.61569721890851,-5.039296883556554,119.12937058141877
2383,-50.190845972502125,33.51217621372695,57.06885407918919,-47.063449255293826,33.48657997610725,57.33970300837638,65.08610378552724,-4.650198632057241,118.40505492094076,61.519083943990886,-5.182842098670078,119.26425248649551
2384,-50.41907735946704,33.072969660152175,57.090554476921376,-47.29090607280118,33.049389770755525,57.3602231986627,64.8952794113555,-4.91770306584469,118.48926828309267,61.3746223871443,-5.437448869164185,119.34016305104576
2385,-50.645027819909934,32.63369712612879,57.10857690847925,-47.51379451379619,32.610360220393815,57.37844191588561,64.65560006457602,-5.237069615994438,118.5234301418269,61.33719268547383,-5.6724977653511806,119.36197803811649
2386,-50.8694673021123,32.193077621969564,57.12277512198788,-47.73361277778675,32.16951906010319,57.394571214440944,64.59201623930096,-5.407596086648187,118.55828285493152,61.53586531897114,-5.875992572876543,119.40686657322709
2387,-51.09618409415978,31.753182538741463,57.13466772157186,-47.95528207706659,31.73055544557413,57.4104314804756,64.35730389470577,-5.350615010758665,118.58785134843464,61.58534960504468,-6.029631369334927,119.47262136283994
2388,-51.32438483443914,31.32144077478003,57.147615080581325,-48.18008222364117,31.30072251265372,57.42670644469612,64.38730044864427,-5.368419813804481,118.58878944535907,61.48227484418962,-5.936297703919588,119.52821941098436
2389,-51.55556076037888,30.894419244456166,57.16042873850485,-48.41239948224124,30.870145822079877,57.442266438521976,64.63194882056959,-5.361745850049827,118.58984385051022,61.66315639581845,-5.878872125007119,119.58511977673041
2390,-51.79032366217832,30.464869328908584,57.171219320868246,-48.65161560631853,30.434648399215178,57.454542586761924,64.70487685691066,-5.425013959281621,118.60315230895415,61.66222934773127,-5.941132698257183,119.64729134505325
2391,-52.02436465217455,30.033191242998733,57.18074671950073,-48.88640761038245,30.001218909605544,57.464992265571844,64.94097671463686,-5.454835324018736,118.66432977152888,61.81765950960346,-6.081350594610325,119.73201283322314
2392,-52.254299957175625,29.600866068481757,57.18977294444835,-49.11606304119836,29.568043402344216,57.47475631033522,65.0439718659551,-5.511997889322841,118.76171380654755,61.831314836569526,-6.265057443625272,119.81240463010298
2393,-52.484771072616454,29.16741659715925,57.19754076246091,-49.346295296531046,29.132644813279644,57.48337012291429,65.15282371991242,-5.441163380386788,118.83498218240074,62.07768151864164,-6.256450131810389,119.87013964663551
2394,-52.71402558675531,28.72680891309054,57.20360050911878,-49.5754121296445,28.69176480857952,57.49066165631264,65.32392710776111,-5.404336428639899,118.88023080396181,62.25358280651407,-6.2838485869784435,119.90616208990983
2395,-52.94047609215612,28.279871717442635,57.203464884445246,-49.80278682828783,28.248557338820824,57.49275966848539,65.57012727138775,-5.5323309352051755,118.9290670038726,62.36156355372025,-6.319292068839913,119.94442963173603
2396,-53.163974713713706,27.834079739451536,57.2039750366294,-50.0285347654287,27.806796079810468,57.49693288873567,65.67221657872223,-5.541585714414007,118.97521040426456,62.507539901465805,-6.198753021845893,119.98379394548708
2397,-53.38706496707603,27.390209809254515,57.21146165912791,-50.2568824866817,27.362171258360966,57.50753181407767,66.24721395651423,-5.87236310564247,118.99753946539265,63.14269481546447,-6.663009293777097,119.99805295498807
2398,-53.611862113962744,26.943070033402716,57.22143774138111,-50.48440419443958,26.916306647833718,57.51987723917288,66.7995548296205,-6.077519281282376,118.9893170587944,63.777247252463845,-6.945875092000173,120.0011696836311
2399,-53.837276836540944,26.491561712188684,57.23128330204555,-50.709313672917744,26.46700586754915,57.529772041269545,67.33306112033861,-6.212637388533379,118.95262904311636,64.1493468009831,-7.152384921600792,119.97594663965232
2400,-54.06074735811983,26.03708400918333,57.23971292367623,-50.93110407694621,26.013356001187503,57.5362658359161,67.7236312840046,-6.567863761105442,118.92227143524026,64.47587446855428,-7.463118353761941,119.95856054680331
2401,-54.2863729892121,25.582836325497325,57.245434138107825,-51.153096329660684,25.55987002926333,57.5386115838114,68.39059662309018,-6.801404869093037,118.8897056006212,65.10199483967064,-7.576526072217819,119.93148302693184
2402,-54.505413677065725,25.136035394737153,57.24718971746825,-51.36648284960835,25.11475474451944,57.53714654894485,68.65641372976934,-7.40373837728751,118.89222214412769,65.01161681047184,-8.199146693231286,119.96809063127343
2403,-54.73013290444046,24.687586034391963,57.244979231012614,-51.58766123852863,24.668924307010794,57.53373803984061,69.04684329933913,-8.036761582900189,118.90476666200563,65.1736881322486,-8.586412421260734,120.01725194401332
2404,-54.956245487073296,24.244532663509595,57.24148882880016,-51.81242387912329,24.22682397115344,57.531616693019664,69.06768730561141,-8.322958286821502,118.9575642054064,65.31147854195326,-8.968543654144698,120.10021979697243
2405,-55.17958227137669,23.802320848804857,57.234600454786566,-52.03561301981743,23.784868390095898,57.52879344878285,69.14728225332847,-8.422718998464198,119.0700373176039,65.62912090109585,-8.929760340598333,120.2407500363208
2406,-55.405642079067064,23.354837436619437,57.225220536819464,-52.26308677926767,23.336335595503275,57.52342683650788,69.39488319716854,-8.490986639450815,119.19097741190859,65.98240850774089,-8.83331578568123,120.33563091681624
2407,-55.629530796722335,22.919081512037383,57.21503644391346,-52.49061893372483,22.896171227915897,57.51676882655971,69.5320956513134,-8.18126947865919,119.38719608352787,66.13526964050567,-8.377150033259747,120.52207796477418
2408,-55.85670557897652,22.473715859731694,57.21274676524451,-52.723750096239186,22.446642428564214,57.520251648964,69.56794173426523,-7.933356049454164,119.56405810390925,66.48135368428642,-7.977190447117865,120.63002706073755
2409,-56.087627365365016,22.022288299709704,57.21881365353942,-52.95514656976667,21.99637392518594,57.53256059630846,70.1722193034861,-7.857170028658623,119.62842359718879,66.94954823537084,-8.411258211950585,120.61813259796357
2410,-56.313530767268134,21.56910890319115,57.233094077965006,-53.18407825162618,21.54419895527087,57.55128146507966,70.72669793183286,-7.93295564490378,119.68914415911637,67.49974589169042,-8.86668376722586,120.6212575658295
2411,-56.53974293473704,21.11084370882517,57.25521383395942,-53.4122322099612,21.08845607150932,57.57563799116302,71.15153394758268,-8.130009034042928,119.74032910214753,67.77342682180422,-9.475192351889463,120.651628334881
2412,-56.76615771649713,20.64975532358862,57.285614562511284,-53.6368617892904,20.630590344080094,57.60437534395433,71.61930381352407,-8.849218883581274,119.69626687567394,68.25561964098245,-10.346287466792152,120.61834833194985
2413,-56.99319234827176,20.190863503954706,57.323585640072935,-53.85894192063621,20.175827783146087,57.636004523683184,72.03213036063794,-9.595199907229143,119.70140017065143,68.65810744328522,-11.013050688824325,120.64100209691972
2414,-57.224807089444724,19.73301603442309,57.358278599381485,-54.087264713590045,19.71998975609162,57.65518005778844,72.48224473622915,-10.574580908071887,119.65840016857348,68.90167152746533,-11.487038797787587,120.70187724437736
2415,-57.45756513996178,19.279604904997395,57.38126920310578,-54.318849106795675,19.26644460252655,57.66278460748254,72.61607998482665,-11.433501140880603,119.69310241490567,68.8819760705998,-11.660717741399031,120.8146077567942
2416,-57.691829282018084,18.82648708552421,57.390723305841284,-54.55198299136631,18.814341745527926,57.659786725596085,72.61402667272723,-11.719487203814365,119.82006225763861,68.8761847087835,-11.752425307594129,120.94419982662569
2417,-57.923884059732764,18.374402020903673,57.38639789568599,-54.784115983070166,18.363404514540676,57.647830779438145,72.38790259602163,-11.941831155566454,119.96447210208171,68.73042848265355,-11.849288875865591,121.08791289446779
2418,-58.152418167031385,17.922867148566837,57.36984203200804,-55.01484142498027,17.912419613388813,57.630648807591335,72.16778078420053,-11.832840857780878,120.12765268897007,68.45017190151114,-11.708573332376245,121.25573243302813
2419,-58.38288426801947,17.47338272458857,57.340859355619244,-55.24547023969889,17.46355862251386,57.608339228390705,71.67681879818251,-11.676262186326841,120.35493090763941,68.10466086322246,-11.912953232446354,121.42486659019458
2420,-58.62215131786833,17.02089643933489,57.29959055931922,-55.48346763924637,17.010520127441882,57.58217204356065,71.75800757904723,-11.520712460322576,120.55570405585995,68.6471869929411,-12.052647660472463,121.57034197801387
2421,-58.861207159588965,16.567804964044385,57.25785461968313,-55.722577458869964,16.55392369281346,57.554235758212286,71.67784591470291,-12.143906576794034,120.731110179356,68.78006600636269,-13.191284288263997,121.6911419638709
2422,-59.09999778983882,16.115560534734612,57.225825110292924,-55.96040215467478,16.099147065950497,57.53690246869762,71.54511197526291,-12.984499317945504,120.85858906227281,68.59893064369193,-14.201832014502479,121.78489954635357
2423,-59.33963465159904,15.659679991426039,57.20489921864027,-56.198144928405455,15.641166569118512,57.52913267805547,71.4793541581211,-13.764833321070016,120.98093805965354,68.55740599828171,-14.87738435868241,121.89251518579935
2424,-59.57915155909311,15.200260892461223,57.19562182266245,-56.43465460509128,15.180796124060413,57.530001107311286,71.94024426717598,-14.785122144480225,121.05789209059199,69.12023168425388,-15.779029615664898,121.9559366712158
2425,-59.81946908605851,14.737509283135005,57.1955661791203,-56.67187258990085,14.720225912530132,57.53660038465098,72.43577077118206,-15.980099283134136,121.10523030524675,69.45548084658586,-16.51962764693785,122.02031460527672
2426,-60.05613891258314,14.277413223241487,57.2060792259327,-56.90351936417025,14.265488772417697,57.54767784906236,72.90808356603522,-16.954809782138636,121.12814049649782,69.57196525736275,-17.12585737960803,122.07191710397942
2427,-60.28588238890049,13.820753681125892,57.22723768631121,-57.129819404744,13.812308582449429,57.56243985178055,72.67771404245502,-18.332223786793524,121.17972122738219,69.50050887797502,-18.151559408764406,122.15634523443848
2428,-60.51111670269782,13.364293635725815,57.25725983246912,-57.354121211087154,13.356246765742148,57.57975781876065,73.19548950188633,-19.247404818671317,121.23701453333396,70.18938660765855,-19.351284918538656,122.23613402319904
2429,-60.73674580863475,12.905106986545917,57.27719827952172,-57.58158786937381,12.89618090393375,57.58589811218035,73.99301870513263,-20.101320957857464,121.29645855210191,70.8435110290006,-20.326327506190594,122.30327266466631
2430,-60.96324496486287,12.45444195221802,57.28852364371687,-57.81112997070562,12.446600511986873,57.58488841430923,74.6162546446818,-21.126354814191256,121.3235750120538,71.23240273082477,-21.207722121696158,122.34281987095842
2431,-61.19303560296045,12.007245637522976,57.29420218220671,-58.0460139992528,11.997954979934027,57.581956720428956,74.71100218618545,-22.13639640235861,121.43534523457265,71.39586749845868,-22.262323774282624,122.47243301033942
2432,-61.425442978143415,11.558114878844147,57.29546398251404,-58.28485822334978,11.54707401323071,57.57919574162649,75.28727313789764,-22.969332082453146,121.55823184473837,72.08669383705178,-22.868980422749384,122.60401904672484
2433,-61.6573161052692,11.110199307847024,57.28968763882713,-58.52069111755116,11.100999107827644,57.57316412449951,75.36197341171506,-23.564535603623334,121.69569976640922,71.78454375575377,-23.03653313425675,122.73063297080813
2434,-61.88653613971823,10.659372643143747,57.27616908149712,-58.7502308557151,10.651863115353153,57.563707814170264,75.52453909767337,-24.194349566891656,121.81568775911599,71.48890370108387,-23.761978465048745,122.85292823112854
2435,-62.11759967168982,10.208648595171931,57.262004426507254,-58.981286846377465,10.202711094842018,57.561386520067984,74.82831484515025,-24.628420674051984,122.02988941458926,70.79342141667662,-24.448245761191842,123.09577303437672
2436,-62.3431306960856,9.764111050349191,57.256849408631176,-59.207102660963464,9.755100412900045,57.56601018607797,74.30921830664802,-25.119070183047512,122.209057451013,70.5895571955247,-25.085865352501614,123.24482672007083
2437,-62.56477560121187,9.31644479096104,57.260788018488135,-59.426994211778926,9.307733817032883,57.57619784518462,73.93620610903871,-25.51003665475208,122.40276867928168,70.50438937095723,-25.555501091056374,123.36754020281715
2438,-62.786729629113786,8.865633458600772,57.2709220045531,-59.64766725072632,8.855881789238401,57.58928294948467,73.4391686080711,-25.634263774309904,122.5966119666217,70.13754525672546,-25.907650487202403,123.55473669289488
2439,-63.006889764198924,8.419120488917576,57.28650307571686,-59.86753390854668,8.404420891468382,57.605792932678064,72.5146889256762,-25.99430684086415,122.79214711149201,69.79587695423798,-26.25840860566017,123.73380804942929
2440,-63.23238523371307,7.975128413034967,57.31076919947997,-60.09096116312929,7.958528029817144,57.62629436583669,72.13658446048083,-26.591990636031706,122.98396696813157,69.42780137318583,-26.59414196727315,123.90342295112323
2441,-63.46254619751181,7.5349838158940745,57.34285292507435,-60.31701574380377,7.5159510097355104,57.64925810450754,71.73552783243424,-26.824499785002256,123.1720578370111,69.05415196841363,-26.943359370349295,124.05199913168036
2442,-63.68541833332304,7.095626774884726,57.37373122201049,-60.53943092581414,7.076721963048638,57.671953963088896,71.83129299069086,-26.879307347030956,123.27247355832932,68.98670618561242,-27.069512679494178,124.19469598052551
2443,-63.91257456941513,6.651965940766444,57.39506500103144,-60.76930059810241,6.630579204333948,57.68385867268819,71.24088476919768,-26.825311753528094,123.42765372618823,68.31402115875308,-27.11088306637422,124.34334476851222
2444,-64.14358160303973,6.2079790217642925,57.40772202221,-61.001797623992786,6.186674796674202,57.68797785742767,70.56253497549561,-26.53925567312248,123.6098015793404,67.73063112169498,-26.783800253320596,124.50413295773076
2445,-64.37593779347942,5.766623379210024,57.41150239192436,-61.23839295307665,5.744515243572277,57.685454384956955,69.76382022630112,-26.446201428936124,123.75817801172221,66.79363506795661,-26.752265427331004,124.67184862435569
2446,-64.61293226783798,5.3241534790296114,57.4070210140488,-61.48003062879866,5.300862007910126,57.67805769662783,68.96542248792704,-26.24633092473374,123.91443125672873,65.99426044506922,-26.64863832242406,124.84606371846316
2447,-64.85323537153904,4.8817108614376865,57.39472472588978,-61.72271660262569,4.857744757302691,57.66727416657453,68.25583224212946,-26.101370668988768,124.01094777851051,65.38370137066511,-26.699381163797675,124.92691106010682
2448,-65.09482433833817,4.4345611274684,57.37510836539707,-61.96303662551135,4.413281095266492,57.65515796996179,67.50018823358805,-25.862564064654894,124.15371942838001,64.7587239909353,-26.68863776355325,125.06807672567449
2449,-65.33359676573895,3.9841330883776007,57.35843665456744,-62.198136268628694,3.9676466595272517,57.65415792969988,66.5602019334405,-25.767978890436314,124.29899784209958,64.23425274976016,-26.722660248473645,125.20931045542858
2450,-65.56623381359027,3.531182668655521,57.352680957729824,-62.43097483494687,3.5109361361457285,57.66240341526257,66.24250214365472,-25.882155383106724,124.43246855155263,64.06602073548781,-26.979975446248986,125.34091208560835
2451,-65.79456555893644,3.0747167453308646,57.358912313764286,-62.656089116489014,3.056620713049387,57.679664343725904,65.98716475311727,-26.26943395228454,124.54908766436841,63.967725966376264,-27.210783172134732,125.46709549607213
2452,-66.01877167175262,2.616990130537942,57.37762364519811,-62.87872289885231,2.5988289506852635,57.704398248311065,66.06367812354847,-26.625638061075954,124.66457810311464,63.885697421504084,-27.6018326963638,125.6084501307472
2453,-66.24087305904541,2.163569683525355,57.408515195249585,-63.097297615564216,2.148403174474707,57.735104736083414,66.17775623514335,-27.390620312630624,124.76738889443368,63.82766752715809,-28.413876139648494,125.74079747432657
2454,-66.46904548409691,1.7126523618474572,57.44993078594193,-63.32381428226003,1.697075029976825,57.769070212091044,66.25730463216681,-28.21847042760329,124.93689654261455,63.76758600207908,-29.28178665557975,125.87960858709596
2455,-66.70546737893302,1.2626316035028933,57.498781280274365,-63.558059697473006,1.2480007410765832,57.803407176282,66.51470262704541,-29.196040292922138,125.07619786680321,63.842963165401,-30.129040552486003,126.02248827340009
2456,-66.94819685621833,0.8143218474737821,57.538218670402046,-63.799910210396376,0.8018707952741075,57.8269950271294,66.78433446830887,-30.199686310253995,125.23194376046446,63.903137995327256,-30.871862396699548,126.18473224457544
2457,-67.18598581392976,0.37652377884819255,57.56682850407946,-64.0407786115763,0.3619534176278768,57.841507800600795,66.77234027814713,-30.775067583989955,125.40349606986042,63.8027684167528,-31.103215308508016,126.35884272862266
2458,-67.42535952846661,-0.06727704760930914,57.58499307576242,-64.2839454751593,-0.0815631882431247,57.849824452407205,66.38663223534337,-31.075190876369668,125.59247807768563,63.22931805044628,-30.927444366764245,126.54470892484392
2459,-67.66112641125179,-0.5108754998114289,57.59279176745357,-64.52432834099021,-0.5261545366916534,57.85229381262161,66.04856185074588,-31.33239110536518,125.77702931366834,62.817981167907895,-30.931201433478662,126.72900112309088
2460,-67.89746984625076,-0.9603968332503869,57.59049196464186,-64.76145210496234,-0.9728578610956871,57.85036524196898,65.87947446704959,-31.288106577292815,125.91522413302367,62.714588304500516,-31.01110222033659,126.83249749590091
2461,-68.12817684879273,-1.4039663106868905,57.577683488568375,-64.99263243171346,-1.4143472716011887,57.84486885800599,65.59262126884627,-31.253747693093583,126.03155296825501,62.46344623545224,-31.305943962156697,126.91799044578282
2462,-68.35836821258138,-1.8509559957338757,57.56623104493693,-65.22276893776909,-1.862207478262954,57.8504837476789,64.9748464142789,-31.153491186949207,126.1336007692593,61.941811688661595,-31.600322204009856,126.99334973915033
2463,-68.58444241723215,-2.298240951107087,57.56792217822535,-65.4483603136017,-2.3107616653649545,57.86767103477933,64.16270508066748,-30.76747706559527,126.22219514341008,61.26739857544718,-31.49190334326333,127.0746613381728
2464,-68.80813940274197,-2.7485393947795322,57.584044404757904,-65.66960253803155,-2.7609532907456464,57.895703656360396,63.62606550942074,-30.643517661111872,126.27045802148568,60.95256519889557,-31.415144985031144,127.13311132270783
2465,-69.02676987707297,-3.1970312821465687,57.612719982320144,-65.88740572446073,-3.2117307163029047,57.93168086335465,63.38515651424324,-30.70815306149199,126.28231817623772,60.60000941833646,-31.28480731637342,127.18546811848675
2466,-69.24490147148134,-3.642233734873732,57.65131331854891,-66.10432634429203,-3.65867782166074,57.96969653449251,63.10080516771771,-30.824611548989186,126.26998289604612,60.31352275388335,-31.39152740001883,127.2264437771191
2467,-69.46619162528694,-4.085603720009146,57.70192941550416,-66.3247868269668,-4.105098062332601,58.01262058168958,62.77586544351962,-31.179611272339276,126.28830706864359,60.255800362158595,-31.87863782038808,127.2575506672983
2468,-69.69679215479114,-4.5315322986252236,57.76405502311663,-66.55415483811386,-4.551316116916628,58.05989562961801,62.598837711479185,-31.44601347258764,126.3124517962634,60.24984706486081,-32.38250312403861,127.29402011265137
2469,-69.93236925010976,-4.971140174466453,57.816826091394155,-66.78832410358636,-4.992089581691169,58.096314953425264,62.957513076065005,-31.621672549502158,126.34075841287104,60.673034724810165,-32.71062859917436,127.33703247878908
2470,-70.17350655947045,-5.4076846342011216,57.85805103888946,-67.02893637196793,-5.429260258226587,58.1233681523488,63.63351600541491,-32.08973758296804,126.36702078572787,61.210689367232916,-33.018249094583986,127.38363251771102
2471,-70.41641035823963,-5.844125582273659,57.88704805313588,-67.27279506635487,-5.8669640183988045,58.14267880720065,64.01524091397027,-32.800849227702365,126.40568212819127,61.45913396982715,-33.62134293885469,127.4317083322176
2472,-70.66171480521145,-6.278903106864224,57.90653721742333,-67.52047803613426,-6.3017221379773085,58.15731497525828,64.40308471636412,-33.51647744525159,126.45606522355418,61.57545102743014,-34.02975531520393,127.48881138477262
2473,-70.90293659205724,-6.70686139763995,57.923944413068135,-67.7630966173888,-6.723691467617476,58.173000414341566,64.67737103119342,-33.79364350137076,126.52677708788983,61.48613452219288,-33.95429021958862,127.56130598693477
2474,-71.1051440646052,-7.130406997437226,57.93642871883092,-67.96396573061605,-7.1358160495560705,58.19030562649181,64.7712769138724,-33.74371001381332,126.58755700788535,61.30552630848074,-33.87460714876055,127.61375698698639
2475,-71.23023729817844,-7.550571853106144,57.947321566081406,-68.08861414524783,-7.544145401292149,58.21707154940951,64.86925903026321,-33.664830092407705,126.61265521960244,61.23980783639579,-33.91833633940074,127.61835783685667
2476,-71.27044002539856,-7.957671479047546,57.963030880849445,-68.1297987619979,-7.939794722722578,58.2468966943265,64.70967431109273,-33.529400070814205,126.62763505736919,61.229940386892295,-33.66787889524666,127.62013828161159
2477,-71.3127934507257,-7.588602699749279,57.98629790422698,-68.1683736316073,-7.578538305386558,58.28057376667027,65.02682546380254,-33.526208710871025,126.63970688167508,61.284535336946895,-33.817135147176124,127.63222141328423
2478,-71.20895262277718,-7.8956866473719485,58.02091903325876,-68.0634760120504,-7.888283929014496,58.32097738744777,64.60174279389632,-33.37588990319871,126.64806619343648,61.21921945139474,-33.746468135195705,127.65053019474765
2479,-71.07111302998518,-8.129508783824715,58.06562727497433,-67.91409345720615,-8.133940547834323,58.36691687093246,64.23463428568306,-33.31402211753927,126.64751024511021,61.167323275594704,-33.72629438169918,127.67194895189397
2480,-70.92098423324678,-8.298645025913302,58.116840299288896,-67.74090316732094,-8.317336007013454,58.41375393265878,64.17904567453135,-33.272923550581886,126.63615122602396,61.13624192446369,-33.73424609675829,127.69232135894441
2481,-70.77545435098321,-8.416845894593477,58.174313058477864,-67.56601056236109,-8.445753948483324,58.46011832073917,64.14825305722195,-33.17756870684605,126.62954595612952,61.12384494783086,-33.75599421095391,127.70721898369699
2482,-70.64459423395381,-8.494887267245822,58.22087095348712,-67.40030851927004,-8.527848083081134,58.494246941159716,64.0438683628889,-33.15204811238396,126.65355777675192,61.12660968317359,-33.780671223449104,127.726420327374
2483,-70.53470154411228,-8.536126015906946,58.254803059621146,-67.25005737146921,-8.56622017496074,58.516728666250394,64.15151477129623,-33.18626185692252,126.67554628976058,61.141415406876035,-33.79798064139247,127.7354930559884
2484,-70.44577277459057,-8.544059368999708,58.27501397350085,-67.1192432571602,-8.565621111845173,58.527938307111484,64.2379198780507,-33.190061612508956,126.68520004476402,61.162649225580346,-33.80348038518514,127.73616146897345
2485,-70.38198801090255,-8.528272930974971,58.284435399034436,-67.01489235187641,-8.535880563455615,58.532365725981975,64.29943616187288,-33.17206174601554,126.6845513503633,61.18258228582087,-33.79854940846529,127.7326474938965
2486,-70.34172982469345,-8.500520157875467,58.28545864120635,-66.9390445623357,-8.488912070725359,58.536183565439835,64.33846186173402,-33.14349869971966,126.67895632759331,61.19735362811031,-33.78543445303263,127.7300423767542
2487,-70.32188954480506,-8.467455812250185,58.27477101162451,-66.88933440677027,-8.432232719713685,58.53483286244319,64.3574315683734,-33.11041719357793,126.66799694987115,61.204249858183005,-33.76593380821815,127.72339787527905
2488,-70.31965510748013,-8.433412393375633,58.25344044376416,-66.8607706245173,-8.374378703016156,58.529036893880416,64.36033451156884,-33.07613380063614,126.65483517539877,61.20513558379185,-33.74325106242402,127.71392249503029
2489,-70.31844038991127,-8.39738770124684,58.238368422972435,-66.82983217039384,-8.317255114068326,58.528271052521696,64.36234518102947,-33.04091900833243,126.63965188585728,61.214669943815615,-33.71650016147821,127.71077985206027
2490,-70.29461254366599,-8.351932472378364,58.23010589860498,-66.7699412293176,-8.2540014061927,58.53076547737141,64.35340338322976,-33.089876779559255,126.63310201712962,61.20803882801535,-33.805087982442096,127.7135732759367
2491,-70.23445245893639,-8.300889347146693,58.228503663931846,-66.67090487624642,-8.189557600147499,58.535592087052876,64.55177447169311,-34.18141915407137,126.62949064692282,61.49475782682253,-35.32829824458585,127.71348832571002
2492,-70.13101774287773,-8.239231800581432,58.231675941693794,-66.53214101062,-8.115884877716073,58.54203423342148,64.68036130357628,-35.250577946771166,126.63601587133418,61.65318970217913,-36.50792161370223,127.72246844712609
2493,-69.9913071257689,-8.14943102749141,58.23597981428241,-66.37045494771323,-8.01322748306998,58.548910472953374,64.86192442640994,-36.43067756758574,126.66290317196935,61.82663033019435,-37.605090805109775,127.7519564271244
2494,-69.83433736411209,-8.008513958081664,58.244286636798826,-66.21196502232071,-7.862383410585934,58.55575688435307,65.4098224224796,-37.68293466464217,126.69912953758062,62.34925181789356,-38.60675992875822,127.77803969625694
2495,-69.68109693566348,-7.796307679913609,58.25358744094606,-66.07622044638735,-7.654828118879053,58.55979685934743,66.33963823379838,-38.94447355454858,126.73216350457838,63.0985980364728,-39.51104802304888,127.79110934245112
2496,-69.56027860383232,-7.514938365468439,58.257721964293246,-65.9773757444653,-7.397688829739492,58.561597087875214,67.45093057774996,-39.79384919144574,126.74961370961934,63.762969610021806,-39.8129140269605,127.78375342813776
2497,-69.46757698370101,-7.192103340927014,58.25608920964164,-65.89953135793102,-7.109312436023828,58.55783808929901,68.62061995717553,-40.72415214819486,126.77712474743902,64.32012838658892,-40.38840635352999,127.79586485601685
2498,-69.3728074119986,-6.843322216343774,58.2515143451972,-65.81336218949444,-6.798923906122333,58.55168071187439,69.02057896461882,-40.91152269228946,126.77960828488966,64.81519853949115,-40.76269624442653,127.80596281803541
2499,-69.25286324143744,-6.4853590459216965,58.24362579062297,-65.6996007390632,-6.475157428597151,58.54244446191592,69.24942609847109,-41.278690770324935,126.76908448241934,64.96426002508682,-41.24489204502683,127.79844561565271
2500,-69.0927599410214,-6.129534411747688,58.232014687155015,-65.54877619476467,-6.149925008441166,58.53033189712377,69.34043635722865,-41.55367491191293,126.74812357199065,64.98739849199121,-41.62143911077053,127.79058298796075
2501,-68.89192013671124,-5.77590704483548,58.217734305446754,-65.3630992990327,-5.823787128805888,58.51772734470391,69.05835470255674,-41.558865356199256,126.71927853248832,64.76710101359639,-41.622985451728695,127.76661827526496
2502,-68.6679236642804,-5.425947880862381,58.20246854440573,-65.15636196097608,-5.498901051281788,58.50667308516627,68.58618207458545,-41.40695470331494,126.69299918667743,64.48927081053803,-41.625144259367154,127.74682513189462
2503,-68.44009325463036,-5.068518542852457,58.191275532703315,-64.9451288202217,-5.162921672938807,58.50454410017887,68.74227226455027,-41.21519982171211,126.68211594323597,65.13754587608535,-41.27972115615641,127.7376558510942
2504,-68.22277922371086,-4.694561785153397,58.18922448712264,-64.74038903207875,-4.809731691831415,58.510968183421326,68.94308479433431,-40.80984987840975,126.66170728614577,65.61561559213344,-41.07224364414163,127.73375802803734
2505,-68.02329760542663,-4.304329035267757,58.195451085118485,-64.54894624753106,-4.438515238233584,58.52419298055941,69.10119735070614,-40.50027844478919,126.64050491558882,66.026929387337,-40.96004078108821,127.73163837022129
2506,-67.83716134936772,-3.9024084012575844,58.210362713888806,-64.36664594580485,-4.052748856951914,58.54230859758898,69.27870849655606,-40.0906523777538,126.63242391393196,66.15583082423358,-40.856988389404705,127.73193144897814
2507,-67.6559635255853,-3.49130462204519,58.23431042085399,-64.18924900178583,-3.6568056530294664,58.564559921389304,69.8358382591552,-39.823118307600424,126.6372488328826,66.74083801979623,-40.958172936399684,127.74805636002178
2508,-67.46986838704551,-3.0796362401677237,58.267000622520094,-64.00899341872339,-3.2575160328200585,58.59030996361367,70.43067580369384,-39.74177197045061,126.64252141044099,67.01856626140902,-41.017655799407216,127.74002185205933
2509,-67.27366125679167,-2.6733876756103463,58.306394630489,-63.82066009263897,-2.864377999427663,58.61855866609821,71.05756008034813,-39.682238142959754,126.64776618891092,67.18305662821973,-41.100709646588236,127.73499957582408
2510,-67.06388267681665,-2.2725160844366794,58.33928473245614,-63.619597002827,-2.473831000406328,58.63901458649023,71.22993897110462,-39.94305309297364,126.65681865543135,67.51284206297544,-41.173935087307825,127.73932926204903
2511,-66.84472939709481,-1.8715922130753124,58.364805639156465,-63.4066510948378,-2.079931959283755,58.65330842217961,71.50915179327993,-40.00369072067164,126.66370305670935,67.90639133961928,-41.041673510219255,127.74391810601766
2512,-66.62307980438321,-1.4711857334680865,58.38508578458274,-63.18860857848862,-1.6854576546099993,58.66561888178379,71.48217232284306,-39.97875818133044,126.6659400011882,67.82906797008303,-40.89073817298964,127.74218920409056
2513,-66.40551303050579,-1.065961627314219,58.40248168093464,-62.970115491765796,-1.2840748841013423,58.6793710031576,71.85014087278294,-40.07856548868295,126.67319395838014,68.12439864016334,-40.929905267632265,127.75020051151458
2514,-66.19421725382104,-0.6587469959678328,58.412280468147024,-62.756722118174075,-0.8805041992414091,58.688571487883486,72.03990093798609,-40.04847718743453,126.67289865078537,68.57573744912207,-41.005998356270325,127.76212258256767
2515,-65.98957997167683,-0.2451464445397739,58.4146517376262,-62.552246081442135,-0.47121794648209064,58.694126596233446,72.47783349428519,-40.03189479214025,126.6968310764368,69.09772478686739,-41.04899691956052,127.7845705378435
2516,-65.78439618150131,0.17430757593726587,58.41860957651204,-62.34872234353357,-0.05841729223678688,58.70839628884742,73.04301553016666,-40.18452010793972,126.71993450783455,69.6376982889392,-41.35050740098468,127.80347677222278
2517,-65.57455710151294,0.5944866403717144,58.43236987123123,-62.14095905105418,0.3560895898126274,58.73081411204932,73.45639376602355,-40.32838420702815,126.72678566264467,70.05828941706137,-41.57794860518499,127.80591940774052
2518,-65.35854433244003,1.011380187448251,58.455853996910506,-61.927821391611374,0.7688868467507946,58.75935087783886,74.08581478107166,-41.160706148062204,126.76992158001559,70.82265661889056,-42.51984058054486,127.8594926036404
2519,-65.13600104804785,1.4201330082403754,58.486294345000836,-61.70651840063874,1.1721717847352422,58.79186350122252,74.76828741440782,-42.09496065831711,126.81704489473965,71.12112115848468,-43.37325893592892,127.89721779584511
2520,-64.90969544871939,1.8278516131204092,58.522287943014845,-61.480204513988,1.579643884307136,58.82834915101015,75.17783799172803,-42.79855239242295,126.86092202612826,71.34111484547186,-43.88639578492591,127.93559346434488
2521,-64.68279225724807,2.2359209606805597,58.5666711964167,-61.25283788644165,1.987253842638127,58.86833564612581,75.3167229001225,-43.356813463188274,126.90491584290929,71.35537819518701,-44.145797376062,127.97360509983822
2522,-64.45558223240833,2.6531950720762096,58.61800162278426,-61.028764750196935,2.4057259112719085,58.90998476085227,75.23917844200456,-43.82963214708546,126.94562956697793,71.22007249248057,-44.2249632018869,128.01205014775385
2523,-64.22909739995183,3.0731670366185253,58.66420930635038,-60.80432179824644,2.8276552408491824,58.94704058485756,74.92971450459143,-44.359596990887766,127.0004129898265,70.89812334682235,-44.64510547452485,128.0625377679805
2524,-64.00270206691413,3.4954702688970194,58.7067237577398,-60.58004852777414,3.2522945147666324,58.98200294819508,74.6370064867785,-44.88642867222246,127.0741453094883,70.6571938623815,-44.95982697435091,128.1168064721017
2525,-63.77237061488768,3.9191426146088206,58.74826202298975,-60.353289139583005,3.6743901418539258,59.0181051691417,74.07178138228173,-44.79971123207881,127.11981050789558,70.4955510118792,-45.11655428106257,128.17171112399666
2526,-63.54479364062575,4.348781043458603,58.78693623462996,-60.12708346636823,4.097209337611872,59.05299275859161,73.50429154963123,-44.68028486376705,127.10881828809497,70.05697820397357,-45.28748489389478,128.1290446378674
2527,-63.319714065335454,4.781011367133335,58.823056093945645,-59.90160036631058,4.524659860070646,59.088080913372025,72.9927426511483,-44.65412182585202,127.0903613816975,69.7726098787352,-45.383346388289546,128.09418645052654
2528,-63.094085124650185,5.214242396881594,58.85775500447135,-59.673428838365105,4.950676276667189,59.124703053104696,72.57326566254459,-44.55491915695305,127.05940972845627,69.5136655169103,-45.20500593683746,128.05844359740732
2529,-62.87325129866973,5.643031237545097,58.89253164351098,-59.45200710514728,5.374419998615742,59.163472612650125,72.50406580902238,-44.45094428835918,127.02530855475459,69.64781793829552,-44.92299418400734,128.03266774169182
2530,-62.660591864604534,6.074701193588396,58.929727134829704,-59.236718523545946,5.804487163377772,59.20293897896406,72.51294581298889,-44.185017330683145,126.98099079444556,69.65819338821169,-44.83004960027366,128.01626870208892
2531,-62.44869442539574,6.510889903022754,58.968779280243325,-59.02373634830818,6.2407171158491925,59.2427074475418,72.52362985130429,-44.15528455721253,126.93293419933948,69.69054596281462,-45.06509513879381,128.01242958879266
2532,-62.23702241164313,6.949212194711471,59.007407342867964,-58.81179563557853,6.677668916727989,59.2812756402236,72.5607148748366,-44.19148916554042,126.87992676770963,69.78165873336174,-45.2475465602896,128.01480332886027
2533,-62.022096065357786,7.386191914160735,59.04925001662952,-58.59883494954026,7.114045271075405,59.32128296296579,72.4886147995824,-44.428802077503086,126.92272583326681,69.39456388670492,-45.73870115577124,128.06408741810523
2534,-61.8044556729446,7.81794824951275,59.09403392436522,-58.385050855494526,7.547870168865487,59.36424173118856,72.26882738013042,-44.722248529891075,127.03139220092831,68.94281522966016,-46.164418627145956,128.19520834743903
2535,-61.58487932062361,8.24770961165242,59.13934315402023,-58.167705190542755,7.97817961996384,59.40844315434855,72.15668871631867,-45.38652365940577,127.12075105583797,68.69238176997473,-46.76891322523093,128.26604329239532
2536,-61.361008012225845,8.67870922407167,59.18423360724945,-57.946064611478796,8.407541060887002,59.45280998532583,71.7585845951432,-46.013746421714835,127.2433302728404,68.43669419666477,-47.05363582742934,128.36922861869633
2537,-61.1358480950742,9.109453336471741,59.23006257027186,-57.72216489043446,8.837682945857734,59.49788531571202,71.34148616471049,-46.569447425936474,127.3696453907247,68.11522399327963,-47.31754760817163,128.46180635007815
2538,-60.9121238581914,9.538411762259908,59.27774323459026,-57.499032582693424,9.266543664859501,59.544461752470106,70.83186384477754,-46.94353399078094,127.49356034475953,67.74561670017187,-47.58466967255778,128.54312004009864
2539,-60.69291768143376,9.96553974687975,59.3261271206671,-57.28014948720675,9.695212223046195,59.591296102067055,70.24976311513242,-47.5066681814963,127.64524804619214,67.41316395490298,-48.06128506963597,128.65130794284673
2540,-60.47233241329377,10.395689656731141,59.37457467617937,-57.059450889667055,10.126227354847806,59.63795575773652,69.96333884889563,-47.68791420957363,127.79728822615334,67.09279527933911,-48.23691563184529,128.7851071908963
2541,-60.25227976565235,10.823246333091964,59.42222969322454,-56.83912408634429,10.554386301036018,59.684078223698066,70.03945556501924,-47.78071779488598,127.9271781392404,67.20189172932581,-48.28542700052282,128.95400918409808
2542,-60.02974817988782,11.258248513655355,59.469022929068494,-56.61607472832318,10.988784662480322,59.729778923676385,70.3387738222624,-47.55490357443045,128.07039400433928,67.71099944248958,-48.14774037002785,129.07405443655392
2543,-59.81079151037256,11.68871351463893,59.51572467140684,-56.39425139609739,11.41726459477046,59.775982649636404,70.6122954507619,-47.530229939603075,128.20921182039473,68.03320279577335,-48.120730580178105,129.20946946422578
2544,-59.59534693038567,12.120784972352082,59.5633572232551,-56.17577516030769,11.848495048083793,59.82324559744391,71.05138361687523,-47.56474845427551,128.3621128425495,68.40723921930062,-48.2205425980881,129.34732522888896
2545,-59.38039767244816,12.555083364274221,59.61066388636194,-55.958394107690914,12.280764917973693,59.870369218424585,71.73676453422279,-47.52056752718548,128.53961034034052,68.93847353907469,-48.251853755888725,129.50016688035114
2546,-59.164052520318855,12.990985662045436,59.65715039287392,-55.741996714197015,12.716372093325724,59.91683290636418,72.31403182463427,-47.2664893138141,128.6720997372287,69.18370992131698,-48.24941611040722,129.60435057401824
2547,-58.947121097203265,13.42605049827472,59.70399749086971,-55.52541446263214,13.15170688864942,59.963649121468954,73.21987101013794,-47.75229134251323,128.78645752590157,69.78236653263552,-49.07854163544539,129.7072034487829
2548,-58.726952609584174,13.859847447675385,59.75182559621593,-55.30633840332338,13.585083574949195,60.011538254479696,73.72677225138806,-48.1984296891883,128.84595819921495,70.06460434028651,-49.584350014862096,129.77544716707945
2549,-58.50257292173113,14.287039284551785,59.800357343295836,-55.083036074335965,14.013446022275241,60.060395378179024,73.94440475809246,-48.70839833269922,128.91635036497948,70.30477586241886,-49.89464773361866,129.82953587512503
2550,-58.27634248243773,14.716971875307932,59.84962425183159,-54.85806470236055,14.444248324012616,60.11004914558762,74.42748721474796,-48.934739538572174,128.95205510959465,70.79093523807599,-49.82875495942366,129.8642621084657
2551,-58.045910393078415,15.141941352453758,59.90043630973644,-54.63012531522013,14.868957580249122,60.16076226483462,74.85792478471113,-49.08147214812676,128.9395968818717,71.22376170450804,-49.7864421678536,129.85384720307667
2552,-57.81694079853228,15.569794069201425,59.95219533578479,-54.40368836097474,15.295063690269279,60.21218750477449,75.52171270635606,-49.48145547814727,128.91365118413853,72.12633610380107,-50.065566271784036,129.86911611258114
2553,-57.59117330167379,15.995395948337586,60.00353850280291,-54.17872552659636,15.722467348118363,60.26267346657829,75.94621525873958,-50.07697074290326,128.87197431252892,72.33568486538852,-50.534252491640196,129.84197830454178
2554,-57.36684741062081,16.41727684437135,60.055338900887364,-53.95514628091766,16.14616177319127,60.31306943459295,76.18793463056015,-50.000648112614336,128.83890030403288,72.62821125303799,-50.80877402689213,129.8496490342454
2555,-57.13826463519115,16.8413148321978,60.108246220696415,-53.72745718430539,16.57033188971389,60.36439365277347,76.41742300672352,-50.16205956010857,128.81209197135396,72.65050115951671,-51.19404058668033,129.851022885864
2556,-56.916388259574724,17.26634726336502,60.159968199530276,-53.503399640118985,16.99455715276395,60.41508828150719,76.68463418720337,-50.37346550803301,128.77658429429113,72.74280888199044,-51.48049745575696,129.8395000626676
2557,-56.70353938414473,17.69224662409313,60.21020024463464,-53.2893232018338,17.42210794040679,60.46471619637609,76.7888394333325,-50.69697047055321,128.773555472521,72.88183897116407,-51.55451528368873,129.86823708689806
2558,-56.492770526696376,18.118484737697997,60.25910427718835,-53.07707894544373,17.84680050136524,60.513741664993184,76.89151224544717,-51.09095323976683,128.79511230254948,73.03316164890715,-51.71872137108375,129.88661830452858
2559,-56.281720928230925,18.54453908884803,60.30940619699752,-52.86476205178,18.271799423824074,60.56537242486087,76.51376822642887,-51.25719359791416,128.7944046615505,73.04183781771602,-51.83243299249997,129.89350589552788
2560,-56.07283526973332,18.966862123901244,60.361762679618856,-52.653535819889385,18.69441689108721,60.61912571094915,76.36679888139044,-51.15990349790348,128.79651894948893,72.8636698126521,-51.810458694982295,129.8644735582362
2561,-55.866274328322,19.390284080989048,60.415188980991765,-52.44537325904067,19.118398565009162,60.67349505355538,76.08359413881496,-51.2043807861341,128.78987068899963,72.65624213412927,-51.88777581118023,129.85858029793116
2562,-55.658224337776865,19.816581795817296,60.471200038021486,-52.23517706530258,19.54687732195833,60.73043489199776,75.84999511555912,-51.10505895910813,128.77365614708293,72.35628958489553,-51.91673588218688,129.83648004672273
2563,-55.450585673563296,20.246451321321445,60.53033599574403,-52.02452084628265,19.98124029734659,60.78958709549201,75.67290757257898,-50.76461788850605,128.75557045841114,72.267590774936,-51.57850497317647,129.80279477300215
2564,-55.24225325176388,20.679935616513248,60.59284561321967,-51.81602779557285,20.41884719485857,60.85090084262958,75.62525613060411,-50.47472486178516,128.6977241122087,72.43538757241,-51.22263092412203,129.75855208357237
2565,-55.03057945712586,21.114128705761452,60.657798553384204,-51.6052186207137,20.85366566821596,60.91328769115998,75.74638180788612,-49.96192302176218,128.62893955404485,72.84830438120164,-50.73111805079632,129.70411612998305
2566,-54.817229879952876,21.549787790585345,60.72354036440202,-51.393897827136115,21.28909106449992,60.97647689145866,75.85340641407416,-49.42415577957906,128.51875717375464,73.04480306984162,-50.287562681534794,129.594200311568
2567,-54.601635057826556,21.985201654241465,60.7905329840323,-51.18086876258195,21.722431318011377,61.041149885761676,76.14209365201418,-49.06764477309599,128.40898929501165,73.2679879693058,-50.074639133637774,129.471084281491
2568,-54.384641777194176,22.42441331721801,60.859109858158405,-50.969279931084266,22.157880253222984,61.10691204290171,76.66381618030157,-48.35475621022902,128.30032971138894,73.70650648187502,-49.49916481602947,129.39034623692243
2569,-54.16806137061213,22.868639303010575,60.92596283165473,-50.75438114039393,22.60085865507703,61.171530714912336,77.30485008615793,-47.82943840931701,128.23627388854933,74.08684129679162,-49.26884472323571,129.37154504309117
2570,-53.95098185488219,23.311271253400538,60.99105773573681,-50.53601172993552,23.04479315737008,61.23442737148064,77.8807493009495,-47.54301197362812,128.21813043029306,74.45744923619776,-49.053643291621135,129.40502077592583
2571,-53.73288485385576,23.751639176636218,61.05403386268997,-50.31725245808157,23.485683202387936,61.29541934262679,78.27581285590655,-47.3428695860989,128.23991645783212,74.74277928527208,-48.92073306230175,129.4708364213052
2572,-53.51408876835619,24.199230553073082,61.11460180397227,-50.09823734061106,23.930775699317937,61.354053248855614,78.46207489533764,-47.28746071822554,128.30214487487498,74.95871237188379,-48.81660576655404,129.56158706710738
2573,-53.29378845611813,24.646190660146416,61.1636709394943,-49.87649322570495,24.374547926533815,61.39915311275948,78.73907848007615,-47.238270790956186,128.43669023663082,75.12537682710962,-48.6874946458733,129.67044010192745
2574,-53.07200882627334,25.093168858044727,61.20430448018619,-49.6528956798852,24.816371825613054,61.43642729565476,78.93939569584735,-47.07747568057578,128.62425689766357,75.21366436160203,-48.56949680058441,129.7949938351615
2575,-52.850345506328985,25.53781317527541,61.239873721948186,-49.43242586783805,25.25540263121757,61.47150327504994,79.02571686578794,-47.18111012614632,128.82358189509355,75.38530431820146,-48.44146796694947,129.92972533475094
2576,-52.63493080817171,25.982695728992365,61.26668646074449,-49.217696146329,25.696956888087286,61.500190351294826,78.91917659248509,-47.00880340089338,128.9755162747324,75.2804070462735,-48.183278722152764,130.01597086467223
2577,-52.426624982268464,26.42739146696539,61.28428104498548,-49.009485651205864,26.14021925438368,61.52258855812922,78.79024709741766,-46.785663664966314,129.0757616401711,75.23209099018898,-47.87004081739154,130.0603631328816
2578,-52.221847975096644,26.872578015315966,61.29420364396745,-48.80508375880167,26.585437539053476,61.54131094038166,78.69261182472367,-46.518669211546644,129.13397708559776,75.22860114738235,-47.59484910546503,130.07660721650814
2579,-52.0131723206356,27.316713263672476,61.30789794832538,-48.59927972489094,27.031992727534906,61.571517954172116,78.51418342513685,-45.96697021170558,129.14162288523667,75.0982407605625,-46.978573463520554,130.05773404317782
2580,-51.80755287766473,27.760483731278743,61.336433576934134,-48.39523248698268,27.4807805113399,61.61465919067592,78.37665809134118,-45.44850282096845,129.1526517365375,75.04365096833197,-46.48473787389464,130.0840796090709
2581,-51.606322747974396,28.20294404209607,61.380413610403515,-48.195510714783914,27.92470150050856,61.669413737230606,78.14196302326856,-44.91010882195361,129.1147107460203,74.8202814025579,-46.04955016681833,130.07296030789672
2582,-51.406438487335976,28.64798550441491,61.43516528069846,-47.99703747268326,28.37086923177657,61.730207786700525,77.81979726797816,-44.43331812779442,129.033109199272,74.62098148571886,-45.749362244968474,130.0386955221305
2583,-51.20517746883867,29.085822508835538,61.502114241411675,-47.797243740206596,28.808887967028475,61.79673436684506,77.73743230774414,-44.03950141883795,128.9488590670636,74.54671885971275,-45.479404749240665,129.9813501748177
2584,-50.99251139388532,29.522658775278128,61.58190046923284,-47.58702774206289,29.243975546647917,61.868379126172634,77.72069957557892,-43.69950280901161,128.86446812523573,74.61251927795593,-45.236792519748576,129.9108550824733
2585,-50.77175365997456,29.952617295149935,61.66100245002747,-47.36777465647802,29.674888577694475,61.9278111771679,77.65840974065128,-43.46060435689572,128.77741942397856,74.63284817031413,-45.16101837833385,129.83093447447544
2586,-50.543665446536004,30.383226540963538,61.72838024655836,-47.136845567847736,30.109806576620926,61.976695275137615,77.70302082786675,-43.471470838893104,128.68839252974945,74.69197258371884,-45.04804282518719,129.73952839043352
2587,-50.31485724903737,30.808801166982164,61.78221204937373,-46.90411501355507,30.54102511817029,62.0169602867363,77.6626495520725,-43.46711677031025,128.54741324122244,74.67126762720112,-44.93787718680729,129.6352844229013
2588,-50.08193122401115,31.242837052536068,61.82420212491444,-46.66774761565785,30.975894101441476,62.05179815905539,77.69354134088195,-43.27755761257187,128.3735380716024,74.57977528090409,-44.537361056306864,129.47480512090337
2589,-49.84958985146414,31.678972938294734,61.856930123817214,-46.432997299465804,31.412411629539925,62.08284034193858,77.62141803667139,-42.97626318244934,128.16920378678194,74.34034968815686,-44.108746265314714,129.27740968611465
2590,-49.61522570976269,32.11834338122091,61.88041820572881,-46.19857021749217,31.85007534581061,62.11371728077783,77.40206228664489,-42.67683568553614,127.98241322167888,74.02557329279186,-43.742214608792445,129.1126528045473
2591,-49.37909225755775,32.56022165381309,61.89629929741298,-45.96673472735647,32.2880742423121,62.146225326742666,77.28355002532739,-42.36027056905149,127.81605734146373,74.03503918558982,-43.40550978268079,128.9850342652969
2592,-49.139652875528874,33.002050982101586,61.91919657872726,-45.73324046635984,32.72673285219705,62.183671451135076,77.46001102889493,-41.92861619976121,127.67811917202798,74.41819718901536,-43.091587652227894,128.8987022693695
2593,-48.90749711424007,33.44408331233862,61.95006727708046,-45.504184119634004,33.17044301642602,62.22448657040413,77.55210312503247,-41.63715377526262,127.58284420082309,74.65111055877347,-42.98295252134433,128.86148519213813
2594,-48.68036112796903,33.89331239943303,61.98904815624185,-45.27872547202272,33.619793033688225,62.26819114935387,77.54827272952386,-41.29198895093795,127.50599838077252,74.6386562124888,-42.80227548457755,128.82597273140613
2595,-48.46194845240871,34.3473043855238,62.03532394961739,-45.06148337180359,34.07194487436616,62.31529102875445,77.37146518803212,-41.209500425064476,127.48240215172034,74.30437278650163,-42.71881033243003,128.79280884134383
2596,-48.24518596981966,34.800001887667534,62.08731476860905,-44.84422425422477,34.52301763287569,62.36499526914965,77.24516430008437,-40.8972428151153,127.47916418297984,73.94015960135808,-42.225455314891384,128.72487314061974
2597,-48.02540472791014,35.250811436001726,62.14197437226311,-44.62269077566446,34.97254503853702,62.41567413365535,77.50227512035906,-40.771155291194326,127.56818392913542,74.06330838045561,-42.067012145755555,128.79378944035696
2598,-47.79627748552972,35.69932059891993,62.19625690000501,-44.39465817795979,35.41882633834259,62.4637582282461,77.55892019146692,-40.731101567367304,127.63569266344257,74.13881382641871,-42.01280554618861,128.82388374174036
2599,-47.55632607720896,36.14329538624308,62.2489472344584,-44.154567111906296,35.860010430735315,62.511474525711286,77.11564487968998,-40.6046634307453,127.66700585152515,73.87521804186815,-41.81127738899999,128.8129913813067
2600,-47.31506611224532,36.58601405762568,62.301122301663085,-43.913804586833336,36.30150937903048,62.559898343957535,76.61635365948163,-40.84070613100973,127.68414056642189,73.51114021519464,-42.30310286272699,128.81771308492645
2601,-47.07936534158081,37.030523456875216,62.346408266200555,-43.67502302156827,36.74699084893258,62.60053768263946,76.3481749945789,-41.1671001115092,127.707092212196,73.34794552218177,-42.719790177141775,128.823405701956
2602,-46.84375188443397,37.47934684886155,62.384247381262945,-43.4387168454446,37.19493493152714,62.634426677983086,76.33365641571204,-41.372780842570855,127.72905100266982,73.24776230507442,-42.929986802165566,128.82200953731777
2603,-46.611777803811925,37.928500051993375,62.41476397414075,-43.205012216044544,37.64265184616203,62.662709471686426,76.42915687394684,-41.92800570674523,127.77923898561782,73.23671498387081,-43.160442477694325,128.8221941102849
2604,-46.37873718005845,38.379465417870875,62.43905877209696,-42.97023815675886,38.09342385779009,62.68786619756878,76.19108392468755,-42.642463118773264,127.74541164375371,73.16567237929868,-43.81086846248155,128.82464085733716
2605,-46.14379318465357,38.82791824427001,62.45846866398618,-42.73537058275969,38.539626015079904,62.70925473954242,76.10411458702899,-43.293180139029424,127.73152752552035,73.29387537069424,-44.31542756207509,128.82889264295352
2606,-45.908049949831366,39.27700665313116,62.47299325986716,-42.5003031260144,38.986975904828384,62.72914073579163,76.27123591000883,-44.17181545460496,127.74453969631165,73.42499640894415,-44.885106162607165,128.83642962106907
2607,-45.672957774377096,39.725708565841785,62.482343262610925,-42.26918058792922,39.43365002255746,62.74702120988765,76.4096409046945,-44.435248882564515,127.74300823155716,73.35551225745174,-45.13780433995441,128.83370754462268
2608,-45.44423845254394,40.173579969075405,62.49139234678529,-42.04201810840077,39.882610422554635,62.76270766699504,76.4302929535658,-44.58830370740668,127.76822253456483,73.25693828674959,-45.20694150268636,128.8708141552785
2609,-45.22113077408862,40.62220267057116,62.50221082505322,-41.82154769604825,40.331542767224576,62.78002729529297,76.50402627431617,-44.854105650860284,127.82088827847502,73.27396805505383,-45.29553691163128,128.93241573511864
2610,-45.00028106847792,41.07466380836857,62.51608698443979,-41.60146248359151,40.78562130189291,62.79950687591881,76.47349077199324,-45.05039657115398,127.90872480612042,73.20937844014686,-45.328631319661646,129.03247354210367
2611,-44.78031473028713,41.5221286216993,62.533789193247635,-41.38071350960588,41.233553086040914,62.82252484797992,76.4389118801728,-44.96788762092304,127.98955245327029,73.10121516034117,-45.43018116618165,129.10695368211313
2612,-44.55829257175448,41.967753923923524,62.555401848487925,-41.156859445078105,41.67790751750171,62.8476206862946,76.450322905204,-44.77238630514985,128.06608660409648,73.26308377275427,-45.33588756239182,129.16288454528066
2613,-44.33456020588263,42.40794492216796,62.57867915910841,-40.93263179402865,42.11762246794255,62.87231578878724,76.33732841077217,-44.54931826666149,128.17295516963352,73.24903679203805,-45.386359422650564,129.25456585637895
2614,-44.10714193663282,42.84365464674428,62.60411516085667,-40.70644102251068,42.5531599649216,62.8964752964087,76.32370611017448,-44.56653801531314,128.30480970208615,73.19745534001993,-45.56325690229395,129.3534759707501
2615,-43.87929159527514,43.273713681785345,62.63203337989425,-40.478343589206894,42.98477169563268,62.920912000162396,76.37759000639728,-44.65500915400126,128.43168558650513,73.20615608509658,-45.67069932398279,129.46442165801216
2616,-43.652291592666664,43.705614693925774,62.66134719541205,-40.25180187603502,43.418054725176034,62.94701162699343,76.3565221524593,-44.780326084284376,128.52134095574314,73.20291750967928,-45.84250113392778,129.5330505948719
2617,-43.428420320897935,44.13916056276951,62.69234649225742,-40.027118829962184,43.856278257439364,62.97573404284737,76.36242164954973,-44.962766840443635,128.54716671512685,73.1595781090907,-46.02033909945362,129.5490223857027
2618,-43.20887183120412,44.57604336884033,62.722103467410015,-39.80576615964191,44.298020815065584,63.005440586016114,76.44897319921841,-44.999121246350704,128.58870269655307,73.18003234733455,-46.0342505564198,129.57817892547175
2619,-42.99272927306299,45.01212498684471,62.7510735718151,-39.58629137377533,44.736707108013725,63.034995986787955,76.43791514358634,-45.171236328586055,128.6332427604444,73.30527842972717,-46.05875392104677,129.60184793993923
2620,-42.77987341200493,45.450361985880434,62.781684540283706,-39.37297539975399,45.175164612203616,63.0651571312325,76.52907060306705,-45.10084180943707,128.64575765019475,73.40658274457311,-45.86595773368319,129.62312607204368
2621,-42.56775845876235,45.88854150217457,62.81412079562155,-39.16234086944449,45.614142908987404,63.096045272644254,76.67259516840706,-45.02092303434576,128.64102001437755,73.52631928361222,-45.836618485396066,129.64181701895149
2622,-42.34985120743492,46.33021874502751,62.84680895968353,-38.945863786930936,46.056683678779294,63.1270251637661,77.04913993949214,-45.28816717061354,128.63239477252475,73.9974750213372,-46.262990409548586,129.68281534055126
2623,-42.12786760700816,46.77099590758612,62.87899448066551,-38.725781225959885,46.498482231987204,63.15742589153466,77.31987545543366,-45.3828562102001,128.61951815150846,74.2179475369143,-46.4470474589104,129.6896985003998
2624,-41.89808636054405,47.21666669897883,62.91110745867708,-38.49600148955137,46.94757289272719,63.18792846787327,77.62959774849215,-45.34926531290897,128.64028707307241,74.40557696287411,-46.45238246687688,129.70392577822133
2625,-41.66781738472808,47.66043094680074,62.94601175974755,-38.26597186165927,47.3958909700915,63.22338774380423,77.89745526027266,-45.392327452387455,128.67384376725178,74.55304878414942,-46.43484288777712,129.74849272892382
2626,-41.44174729923148,48.10559748324307,62.98476087397235,-38.03823866809939,47.84024458323205,63.263571877109534,78.07454238351177,-45.25214875795418,128.66635140075155,74.65276685054579,-46.18089423682739,129.72643293367628
2627,-41.21481258931959,48.55746896861205,63.02750158849086,-37.8116716229604,48.28662584316921,63.30731793178469,78.21746841868836,-45.166771698695136,128.67547070368124,74.69027816094436,-45.84443522838706,129.73399580238117
2628,-40.99058610720087,49.010126463185664,63.07348444129775,-37.590568229169115,48.7339139255302,63.353255543309494,78.27108177278554,-44.99685354061164,128.70462923218182,74.63133193296227,-45.582590923048706,129.76948053181053
2629,-40.76810431789303,49.458764064896556,63.122265159522755,-37.37103010554197,49.17782276731019,63.400555721585604,78.0561794094426,-44.30055205079695,128.72685566962897,74.57489258585139,-45.09297346607307,129.81950732795102
2630,-40.543146885603605,49.901610617039346,63.17424925289797,-37.14878585476599,49.61501869389474,63.44942569465296,77.88827370082726,-43.674268251863275,128.79162479980403,74.43898456926762,-44.637383391599506,129.88813063282143
2631,-40.314627059096146,50.340025250504446,63.225439314167446,-36.91777470927995,50.054603618943865,63.49350033466235,77.76057474203047,-43.306453205012474,128.83179512624457,74.39676734244127,-44.49235743445159,129.9174391694046
2632,-40.083403473359226,50.77476930113838,63.27050968072717,-36.683146562570435,50.49267291480686,63.5317128525512,77.80459777284908,-42.64743437810502,128.78465154821322,74.59959308274695,-43.94499511040458,129.8525325607633
2633,-39.84947273842926,51.213545107096756,63.308418170654726,-36.445561112703224,50.93224207390522,63.5640120718973,77.63849981834761,-42.21875687219692,128.8395095850835,74.45463721250476,-43.59118275568515,129.88676355444198
2634,-39.61791809205746,51.65065673155084,63.34016042348253,-36.210152181854646,51.36897813439797,63.591889727280204,77.26478098371112,-41.87471341388253,128.85392012083588,74.0113906030454,-43.29346089139552,129.88228092046157
2635,-39.39178816534376,52.08495607060759,63.365840369718214,-35.9827532551561,51.80467207819928,63.61642942668526,76.97276396745912,-41.536473484952346,128.86206519936513,73.68499073421695,-43.06542310869041,129.89977869412397
2636,-39.1653943748294,52.52700642583051,63.38636356357665,-35.758961407370954,52.24638371408384,63.6399468879407,76.56885919424765,-41.335254057153186,128.83494358796392,73.25991978582077,-42.796028012846634,129.88781222073573
2637,-38.941103724398,52.97148042179227,63.39932221423862,-35.53954381100124,52.68918797137983,63.65996836363494,76.25286287023238,-41.222246469681856,128.82118280324724,72.94579677663683,-42.640279846995824,129.9231101570097
2638,-38.717532871570405,53.41039762430206,63.40960373728603,-35.31821722273306,53.12835844138578,63.67695604016744,75.90283368932904,-40.998109698279656,128.86727273512162,72.71656595841695,-42.578803751659294,130.00997671734854
2639,-38.492737904682905,53.84989239900066,63.418527746268246,-35.0938786964087,53.57121473266305,63.69221031391118,75.38661267192938,-41.13156670262588,128.94298778632358,72.52514513914677,-42.592477681212905,130.03152276074437
2640,-38.268707112876925,54.28414994860489,63.43629906588427,-34.86873775763668,54.0082028235686,63.7187551063477,75.17545403805069,-40.966967189195785,128.9283714297569,72.49304923289858,-42.28065280721724,130.0106089836357
2641,-38.0429621633308,54.71819608457926,63.46434827041449,-34.64116154707909,54.440887902062165,63.75501614288758,75.17585715757228,-40.801547310373415,128.9300910842495,72.43990498723531,-42.02252417909727,129.98374935502102
2642,-37.81708602678763,55.153454285210266,63.50264643665083,-34.41557914002184,54.87531204672774,63.798665830968794,75.1591096607223,-40.636538679109016,128.90225851458277,72.40097560871438,-41.82012031900623,129.9408880509986
2643,-37.59255529859311,55.58863376492777,63.54960736500782,-34.19177252750228,55.311119023018655,63.84860777308821,75.21419393954443,-40.477743411832904,128.85671858118104,72.3125761090688,-41.578006718408524,129.8539455648856
2644,-37.370426570604856,56.023552796643294,63.60578886866,-33.97138532921457,55.748563822762044,63.90340640125034,75.22219921191494,-40.23176501306902,128.77885973739856,72.2006479702164,-41.32005840174859,129.78503770349047
2645,-37.14662307107172,56.46574183784303,63.67042076072791,-33.74630682214309,56.193319804366936,63.961109152722024,75.03828486439924,-40.1738181267498,128.64347651329592,71.86523330944817,-41.44104193279225,129.70788798892374
2646,-36.92357390802438,56.90904589877289,63.73295234763908,-33.52186881968485,56.641538085397514,64.00915677346413,75.0067732116092,-40.15535088416971,128.53193152731117,71.80550305311868,-41.65662478213675,129.63305936828613
2647,-36.69927861305072,57.35431115429763,63.788804399617625,-33.29704909177863,57.08710122139139,64.05303726670358,74.56364521952237,-40.43562129593858,128.42990399716595,71.29606044636839,-41.923267795737814,129.54873107346248
2648,-36.47532400045958,57.79972075773615,63.84379436305682,-33.07110209600842,57.52979338393841,64.0992302549831,74.23794076858886,-40.600163530741916,128.33091276289028,71.02593406950464,-41.96657526017647,129.47818243673737
2649,-36.24048715828902,58.216786899216,63.89607116982787,-32.842576271697865,57.933960691762714,64.14533785011878,73.867488573788,-40.57015737052391,128.22680776108615,70.7589282422226,-41.74395168167376,129.39384874759253
2650,-35.981878290296066,58.57102628654635,63.94419500180158,-32.59768235039403,58.27151944242278,64.19118372575305,73.47695705902532,-40.52928265151597,128.12630584838942,70.4834734080935,-41.498209673815836,129.27997705800655
2651,-35.69315755102566,58.84896211176203,63.9855894655113,-32.32806299363685,58.535684442309936,64.23467008422605,73.13131363250139,-40.452120250320355,128.03938081176898,70.32797401897086,-41.23529944260013,129.20571404416538
2652,-35.39513909587825,59.031176999937784,64.0240593307158,-32.041144889743215,58.71279219465665,64.27942391596929,73.10143138747509,-40.18102639952905,127.97915843086801,70.28132181484933,-40.987895841683375,129.15975902613928
2653,-35.11100665159755,59.115489195629785,64.064717865254,-31.755859303496493,58.7967001544466,64.32342129563375,73.10993226594476,-39.741948954590995,127.9419095992084,70.31512615830003,-40.78188761721972,129.13053227721505
2654,-34.8718521552811,59.12161918304977,64.10924943773163,-31.499378355641294,58.80130559759608,64.37091050156768,73.46366691555144,-39.577533103205155,127.91736817620222,70.40214900162925,-40.63686583964362,129.1065580973891
2655,-34.69718711684241,59.07888050419968,64.15510125904802,-31.286129692472638,58.749294190329195,64.41941910774975,73.70801096623852,-39.44485463054659,127.8865772511227,70.50606842326755,-40.55078110159525,129.08243425873002
2656,-34.57378806645982,59.00884854092867,64.18969199502229,-31.121656365732107,58.66016487125184,64.45080211765787,73.80711591468054,-39.435877282021416,127.86795654077288,70.60482493980416,-40.515185465721366,129.0558537714967
2657,-34.493590423882786,58.920598602774156,64.21116777273006,-31.003647383973647,58.54699878172368,64.46588825149504,73.88075386087179,-39.52230757363498,127.8746883945187,70.68917535100586,-40.51998106385505,129.02428869844553
2658,-34.45632827845327,58.82567229009776,64.21724005009689,-30.929016907640396,58.42229204530322,64.46517694634224,73.9125943373637,-39.61456123311273,127.86261344731346,70.7546489645522,-40.55454466006371,128.9867035547963
2659,-34.458059650361015,58.73286412159935,64.20708257778355,-30.89702486543727,58.2936785032688,64.45243551016227,73.91313769642454,-39.710885191366444,127.83540317776252,70.80234713523227,-40.62124680907792,128.94560540335095
2660,-34.491012395208735,58.65133956660359,64.18786918144794,-30.904612812865786,58.17258254057925,64.4350119316387,73.88220255479574,-39.79734631037376,127.79860556165919,70.82011259824978,-40.69264805585319,128.90593397667624
2661,-34.43408993708092,58.715250805914174,64.1534255103032,-30.86467686053665,58.27513137798627,64.41088035492828,73.93711557257998,-39.729142134358334,127.75468839169797,70.83130930395775,-40.62455304026338,128.86448866046572
2662,-34.502600383488,58.67100109952677,64.10416827660535,-30.923464881063623,58.19747405874442,64.38193204576945,73.86961823256824,-39.77915269898057,127.7070532621561,70.80091745464502,-40.68146808344285,128.8221371409666
2663,-34.568989495490264,58.636570028919174,64.06649203343424,-30.98387860449913,58.13539311042219,64.36746212637438,73.8029838651029,-39.81961807377105,127.6610532260108,70.76496191114023,-40.73017715771666,128.78265822494413
2664,-34.62410655247325,58.5909520263859,64.04341409314627,-31.034201770705785,58.0631044134148,64.36571419790792,73.74679230679413,-39.87120967633708,127.62933344585338,70.73338000607282,-40.79198575084702,128.76034213455978
2665,-34.66475520900913,58.51714895023007,64.03427856781214,-31.07014108232841,57.959425647084416,64.37207329250984,73.73363544770251,-39.90676799527202,127.60739143898245,70.75095345911821,-40.82424134851905,128.74455474303184
2666,-34.68482228157252,58.4094310190097,64.03556348187306,-31.086744298319676,57.82031385989292,64.3812569773269,73.73719707131505,-39.96347174044754,127.59410430364575,70.77031015189355,-40.900184028935925,128.7342513563784
2667,-34.69198920539851,58.261953196962374,64.04276341600537,-31.09712602848356,57.64243962379163,64.39030670778514,73.22530137497615,-40.294642449335235,127.58714917571001,70.05324149372625,-41.35257487741107,128.7284768151031
2668,-34.71193024947775,58.071895907255126,64.06245129322973,-31.130352278772538,57.43290787367885,64.40423168671812,72.52296782450134,-40.37970499008902,127.59337635713622,69.20746793462664,-41.3891663143726,128.73280117094032
2669,-34.77702887198004,57.840702271806094,64.09453546419508,-31.211494921356362,57.2036544250801,64.42128305222688,71.91884611945565,-40.5167058884662,127.58634330918926,68.67261361852175,-41.5526874239943,128.70693250366313
2670,-34.90443082054403,57.5864011534627,64.12474031916639,-31.343346368463976,56.973011536542785,64.43923486941952,70.91725637689896,-40.37863620765927,127.54893203966083,67.68322359806436,-41.386901656800724,128.63382778829234
2671,-35.08901104011091,57.319854166337436,64.14488024607373,-31.51536470586613,56.737979715989205,64.4480860594032,69.95148727979458,-40.25052005054548,127.48959253875663,66.91890875609806,-41.37245514431182,128.55042875794572
2672,-35.30089319497864,57.038405010332724,64.15485031305168,-31.703985228229882,56.48611082130641,64.44967045981551,69.21750072268776,-40.28804332063866,127.44821139965156,66.66563808400795,-41.6254124100106,128.5113797706939
2673,-35.51593201880854,56.72775296187467,64.15737129434942,-31.8923681497377,56.203051505178735,64.44697736090656,68.5183539946168,-40.49678252358763,127.40152628672288,66.48963942874384,-42.08507814399092,128.47757893412415
2674,-35.71396858163979,56.3895796897582,64.15248714670821,-32.06991479499924,55.89224258021929,64.43808773713224,68.41908787401498,-40.78437382410413,127.38233061685189,66.3611540916667,-42.45756194841087,128.5004792877805
2675,-35.892532662933725,56.0281403609114,64.13808177238425,-32.23684915134612,55.55963341792083,64.42499124039932,68.44114576202188,-41.03657887871675,127.35476463741188,66.30490020614282,-42.354580760655345,128.5206699090696
2676,-36.061526504941526,55.64965111104105,64.11715236245814,-32.39976015164095,55.211303811964605,64.41091865083867,68.37738867889769,-41.17667853240818,127.3554311549612,66.21518854349263,-42.399209840729306,128.5445023349753
2677,-36.236615280873956,55.26150340482977,64.09836000072806,-32.56959446679704,54.8535949912046,64.40624179948966,68.97950562345835,-41.24917671452723,127.37653399318307,66.53128176588615,-42.1264859692218,128.54171063098028
2678,-36.42723392349833,54.87759766354376,64.09050298584528,-32.754314293976215,54.49937591679989,64.41052353177423,69.37564440412216,-41.3531959647652,127.42048729070622,66.53267607836005,-42.155201581344784,128.5387900849382
2679,-36.63692629597771,54.498412559649786,64.09543059889656,-32.954725938457415,54.14495389269379,64.42427099928574,69.39721220060238,-41.26675333187258,127.44066829177692,66.39707207469579,-42.14542695590487,128.52865358610165
2680,-36.858526293080594,54.134098418692034,64.11003037348127,-33.16647317840648,53.79849539210733,64.44423391296506,69.45877492623319,-41.04127543235118,127.46158058669519,66.3718833396158,-42.18878151935723,128.51981143519458
2681,-37.083470898091164,53.77060809126635,64.13493625933492,-33.383005444410394,53.44771085457303,64.46892905654515,69.50238137231406,-40.80214044526865,127.46042037597279,66.31280432505044,-42.19986389193425,128.53317527539267
2682,-37.30254871267548,53.402371363390984,64.16868488149882,-33.59641433531695,53.089310438389596,64.49601472905123,69.62713121480617,-40.86055020667667,127.47628460611296,66.44292994935067,-42.223430690131885,128.5698162318456
2683,-37.51248195398626,53.02504056950601,64.20928804459317,-33.80462835004401,52.718744594976506,64.52427137448444,69.75505664106099,-40.73812799121707,127.47715925723033,66.49936907395009,-42.11446092955961,128.58548293845115
2684,-37.71464697784183,52.63740513152673,64.23890462086204,-34.00752905608981,52.333627595636244,64.53947670062364,69.54502244060075,-40.80827243480076,127.48904180879029,66.46684636282562,-41.998777862223335,128.58892884773707
2685,-37.91340513901273,52.23791840295369,64.2556092351511,-34.20682892717165,51.93639824115802,64.54303721986987,69.47699573067433,-40.801431766671385,127.52556713864809,66.38721294823755,-42.042450078576394,128.62795255354317
2686,-38.11707573003668,51.835214392878655,64.25840917957503,-34.40794081259524,51.53530478328842,64.53587601139536,69.41773237985858,-40.94292512258951,127.58044544582559,66.19883379418376,-42.26336678369034,128.67662586077165
2687,-38.33388959670753,51.426558903716774,64.25003524462784,-34.618992828738826,51.132606748425275,64.521565118145,69.30222576020438,-41.13196280047509,127.66699391384249,66.05675151833138,-42.551884446366216,128.75904479234197
2688,-38.563159754425705,51.022679364243,64.23048095660032,-34.83840506780853,50.734366576999534,64.50232545338476,69.11913295637773,-41.24018785433788,127.80217858533594,65.80889355524285,-42.65032497581897,128.9132372681927
2689,-38.80386138202277,50.620766087147345,64.20070920136966,-35.06688848449798,50.33836996965687,64.48019832862964,68.77425152787146,-41.33544539944086,127.88997625744125,65.56314904818554,-42.7231097619102,128.99624657854247
2690,-39.04260173024727,50.21728148076234,64.15980879078099,-35.29511353798771,49.941046993191215,64.45430104868744,68.40800978990487,-41.54171567577051,127.99455683554481,65.29212840901009,-42.81357578186716,129.07208820828149
2691,-39.27152516469017,49.80537307195035,64.12857432479014,-35.519350912136744,49.53429731875843,64.44006119425424,68.18450948186529,-41.608174438310456,128.1489705790516,65.20022209923931,-42.65686960845902,129.19562602395334
2692,-39.48922740919957,49.39204499171892,64.11133316871653,-35.73721615874252,49.126992636248055,64.43957325882363,68.10026547262603,-41.42315900059057,128.35133319560157,65.25823096786239,-42.30675887283971,129.3967253565395
2693,-39.698845870968036,48.97568643485661,64.11192940517995,-35.95092063800214,48.71597458537206,64.45413258738357,68.10606038581999,-41.124875432913164,128.545894450498,65.29704980743078,-42.046387331716964,129.56360890919768
2694,-39.90276456544459,48.554803662595965,64.12817871633261,-36.15997466033366,48.301156439255244,64.47975849856599,68.03527122731349,-40.907044388782694,128.7273143866655,65.23855824735327,-42.06371911448708,129.72034269252254
2695,-40.10638472459357,48.134780848254806,64.15846414232972,-36.36702528954932,47.887559065665805,64.51148072536952,68.09305946283393,-40.586008434162316,128.88465111134653,65.24358428453091,-41.810799092599034,129.90322916514933
2696,-40.31469636180604,47.71644505086423,64.20223006707177,-36.577250686842525,47.47409931329974,64.54665526812899,68.0711057857506,-40.224613847690314,129.11958355038482,65.08865833966428,-41.555045205028335,130.1165915925918
2697,-40.53072750922664,47.302772259154125,64.26147740409213,-36.791860800310225,47.06279738617809,64.58782330541993,68.03890404486319,-39.75592937521108,129.34732628233812,64.87527003836006,-41.23613872771522,130.28806790044837
2698,-40.75364715221542,46.8990324651502,64.3247281718541,-37.0122488508461,46.65634937877084,64.63442687288978,68.0071131028345,-39.45164899740604,129.51371212765653,64.8161977556459,-40.97405520287512,130.40337572384973
2699,-40.98320638978655,46.49098207845521,64.38066275522628,-37.23860650779227,46.244992129684185,64.67349108514014,67.93196929761577,-39.43188099187417,129.6104643582254,64.83764946400146,-40.93403233008656,130.49858179434318
2700,-41.21314615836474,46.07746038523239,64.42527244797203,-37.46832089041767,45.82701724447976,64.70365083710495,67.85003558200353,-39.28673963169509,129.6754342137588,64.84267012717312,-40.746606187737385,130.53696819311088
2701,-41.44074479752417,45.65736788624436,64.45703003597487,-37.69617475320361,45.4032179872026,64.72382647594654,67.65267791084278,-38.89213696308809,129.7361116434312,64.59720819177073,-40.470926381821904,130.5862349400089
2702,-41.664897081719744,45.228651520067864,64.48104976915506,-37.91900031250687,44.9747920157186,64.74164392577862,67.42325349689841,-38.6809361139625,129.773906271632,64.41371820174037,-40.23899799843524,130.64843973289263
2703,-41.88233788680391,44.799819855617,64.49185816093919,-38.133149964956644,44.55049037386031,64.74830090586299,67.40837838135717,-38.46591015973308,129.78456558604904,64.40841326760936,-39.994650216704215,130.72517926138346
2704,-42.09728374809615,44.37138279618038,64.48974960204495,-38.34303833095977,44.127199961648536,64.7485191416533,67.42245004111462,-38.236084467732574,129.79572919519438,64.34969392649086,-39.66751359261049,130.78829918863912
2705,-42.32006773394929,43.93894130285667,64.48012818877066,-38.56123280064556,43.700528225684074,64.75004734177814,67.3528836438374,-37.98103567579428,129.8318101167204,64.29358283312713,-39.362863495840024,130.85309199373822
2706,-42.55225014537565,43.51275292373535,64.4669976325226,-38.789414183941155,43.2763878234282,64.74710250126147,67.19765001446137,-37.562085229118374,129.87512376324793,64.19254069872508,-39.06133868933069,130.9192617204827
2707,-42.78743329184152,43.09576325798319,64.45092523125626,-39.02370947481018,42.85833059162238,64.73986338083525,67.1484511419477,-37.2604371495598,129.95800805238636,64.24494119290244,-38.83011052226757,130.98946542937963
2708,-43.02182832694544,42.67401256964928,64.4434194084768,-39.26022623728417,42.43357843165225,64.74131316379022,67.44025991131372,-36.889371614826274,130.0184133108917,64.5210057461952,-38.41411821334793,131.03379047840133
2709,-43.2477080324757,42.251563967061315,64.44253466241462,-39.48852748567475,42.01058310414177,64.75204595478797,67.64758271377588,-36.74522037551815,130.04665364716786,64.64368171772294,-38.3884838755744,131.04781225667674
2710,-43.47097611266232,41.822280363954924,64.4525562280632,-39.71384901376642,41.584319322726316,64.76882859829074,67.92000608998153,-36.56197015419257,130.0682268677283,64.98039739286166,-38.259952166610134,131.07602490044508
2711,-43.697581695564914,41.38744237314289,64.46828683671177,-39.94128478837171,41.15471305293939,64.78727827359306,68.16892655667625,-36.64183518601816,130.06029628730266,65.16871553884272,-38.39165259839393,131.05709515871806
2712,-43.92523512394689,40.96003199979785,64.48844538256694,-40.17090056430043,40.73093417319704,64.80948193391457,68.5211175954591,-36.742378508843984,130.0323024738595,65.4522568482582,-38.4810558861403,131.02806647613662
2713,-44.15670478342554,40.536136272316305,64.51854607538206,-40.402932329737844,40.30837536240021,64.8358233279768,68.86500061284733,-36.86549022318251,130.0131526840298,65.60631183836487,-38.5237318266641,131.03321575956681
2714,-44.38947899003783,40.11291361500612,64.55382491179172,-40.63518929045632,39.88651011278181,64.86071779254078,69.22124033879177,-36.925645131229125,129.97466315343803,65.8766285422793,-38.47882011692274,131.0266752839866
2715,-44.62745585943016,39.69272363604323,64.58758270970924,-40.873447162974315,39.464331861443206,64.88608242539655,69.36513315623252,-37.15793753991498,129.9611168751295,66.03455222443044,-38.45556649626482,131.04178202453915
2716,-44.86729548995752,39.26528525860027,64.61870959247634,-41.11329702499054,39.03727350461694,64.91165676521213,69.68854324206848,-37.10922698491535,129.95847483152977,66.30747598072067,-38.34974758301584,131.05097022314928
2717,-45.095806318544675,38.83229130485025,64.6460611462474,-41.34402247625302,38.60445532643016,64.93550430938467,69.73425177602957,-37.10521133750813,129.96233273296986,66.37773313139961,-38.22913680785477,131.0843884593851
2718,-45.316518905060576,38.39773908442785,64.67216295935785,-41.56801042912196,38.16821340224265,64.95867462857275,69.62991384061954,-36.88555077951255,130.01470683423258,66.14318596071297,-38.065235537809485,131.13696723665538
2719,-45.53019897425511,37.954002822120444,64.69506492335276,-41.78294517329639,37.72761713064683,64.98086905634146,69.33129117075163,-36.87574832709788,130.06194523951774,65.81999760869031,-38.20785965707563,131.15588519007323
2720,-45.74147574682925,37.51042645828484,64.7149942681058,-41.99372997833255,37.2875103145603,65.0021651799171,69.21800666591233,-36.8618183714913,130.08464593627517,65.74756171092983,-38.287582522470395,131.1657582862323
2721,-45.96118687068951,37.07056001720322,64.73666125277369,-42.211291923371014,36.850965442849464,65.02429689257684,69.11913073465254,-36.75831492822473,130.1406045815439,65.85274412514747,-38.141651950836696,131.21124597731318
2722,-46.18820756653044,36.635335993849836,64.76121829407633,-42.43523389589421,36.41631546152516,65.04910852297638,69.0202884805329,-36.75635192121173,130.1680170150667,65.87754730936193,-38.18285331107325,131.2290933252615
2723,-46.422059296995336,36.20558434656183,64.78668572638125,-42.66750443188886,35.9870339129026,65.07489662195441,68.69551282790881,-37.28459749278103,130.18114196581624,65.72471787628812,-38.87400298458119,131.22087909289755
2724,-46.656701730775325,35.77424229437902,64.81020140452786,-42.903597010146036,35.55418983225512,65.0985581330311,68.39883378923632,-37.834319765484615,130.16354404173072,65.49933401157239,-39.42527073985726,131.1964524146352
2725,-46.886784639301176,35.34030686116655,64.83708396532025,-43.13608742460255,35.117397330155484,65.12632259855307,68.2892361762729,-38.19090635585638,130.18269673498776,65.29073014353412,-39.518543302521046,131.25803261936886
2726,-47.11374605878718,34.90235022845222,64.86988356219064,-43.3648969390658,34.68100376271397,65.16050306615996,68.22019409852344,-38.5352451884757,130.23244049828278,65.03400199243634,-39.84079707419799,131.32332313183454
2727,-47.33637918727616,34.459045901311384,64.90760978191084,-43.58865888413807,34.239562972390836,65.19908942646893,68.16454181953591,-38.96728645965204,130.2877090919858,65.02964512261131,-40.1926181397224,131.3776219793142
2728,-47.56085093623519,34.01072822019164,64.94878126212507,-43.81485869613986,33.79332398441196,65.23994249075446,68.10608450665168,-39.673861051289705,130.31236742377104,65.18822620081119,-40.64817075101997,131.41518024712576
2729,-47.789107976788266,33.5708267642908,64.99177245615188,-44.043163123512315,33.356336629658244,65.28193242410569,68.24283348549199,-40.19659606366808,130.38539558192255,65.53142008011557,-40.91646242189898,131.49518471232216
2730,-48.02447287519021,33.13128384156298,65.03848568521649,-44.27825648232906,32.92003048985188,65.32515541418718,68.5414450633964,-40.11058670464156,130.50158000035503,65.87480056426573,-40.94069602666664,131.59376652117373
2731,-48.26517850691564,32.694196567591035,65.08600638694152,-44.519341304378166,32.48270399023831,65.36491536695907,68.84240119237231,-40.10680721028423,130.63291579324272,66.05300879139371,-41.07613893266229,131.67980773669228
2732,-48.50873440828807,32.258485622246745,65.12913861396041,-44.762590299525606,32.045044783656344,65.40100429423507,69.16758897671149,-40.34288508694242,130.7141356324553,66.1926429254425,-41.172949196980916,131.75666490683898
2733,-48.746945021681796,31.81923808390818,65.16702653350556,-44.99923479061202,31.60763601583471,65.4336097753706,69.55881108430137,-40.39426547148798,130.78971935422686,66.30659109656453,-41.24341764468668,131.82806668996957
2734,-48.97832237752539,31.37711861404465,65.19930644606922,-45.227231395615405,31.166509943589837,65.46274594426295,69.82164048868549,-40.3907606423933,130.88508336289655,66.41561175839556,-41.31813654601337,131.91550379302902
2735,-49.20385493759421,30.938240007612936,65.22569668519452,-45.448303875001564,30.726400721156832,65.48856205711157,69.97329481439162,-40.3274808705409,130.95151912942256,66.51365989112925,-41.46334676929925,131.9396694714411
2736,-49.43384675738927,30.501377183530085,65.24609323354662,-45.67246880772925,30.291790201180014,65.51117561694578,70.17845728246029,-40.446924594732025,130.92596869827125,66.88274294173,-41.73295631014924,131.87961034903682
2737,-49.66764556500412,30.067703891752604,65.26225216529414,-45.90175478658265,29.85718604508981,65.53213434176217,70.37129630649596,-40.74481391227081,130.8586017961521,67.22652065680775,-42.00476918368367,131.8065662662275
2738,-49.902280210711396,29.63764660397777,65.27822970994703,-46.134296311101934,29.42373723683422,65.55203538901254,70.65976360713333,-40.81688572491441,130.7609382068686,67.5427034158982,-42.02287929913778,131.71264910993273
2739,-50.13281148852357,29.20851853368065,65.29306978931764,-46.36615294955085,28.98970286488776,65.57003215672746,70.80389943238771,-41.14466739556955,130.62745003855477,67.5905844869418,-42.38471753893473,131.59577649244815
2740,-50.36065977454424,28.774428569578465,65.30572313335496,-46.595914861338045,28.552256777395396,65.58584923950922,70.99156191674145,-41.67772717616595,130.47177092337765,67.69036828216254,-42.95667989778186,131.48191577061348
2741,-50.58758325063779,28.339235512668484,65.31656718325371,-46.82455431182122,28.116241397609674,65.60000225341473,71.29358794516665,-42.25177366085336,130.29422504486627,67.94596787154951,-43.49169627026175,131.39082744780626
2742,-50.81908923617177,27.903640875388938,65.32963987693608,-47.05640717492739,27.68107237192375,65.61846365635344,71.72622957393891,-42.592434154161644,130.16383680623548,68.34279932329228,-43.6777435466646,131.34181015427882
2743,-51.04847722676743,27.470594789351917,65.348126934908,-47.28477861090487,27.25175125475958,65.64218581549146,71.95380436987836,-43.068654549735456,130.0917598561731,68.66310972449473,-44.1776456491516,131.30143141888755
2744,-51.281669876506925,27.03746398270364,65.37366537112513,-47.519939389699346,26.81882143557188,65.67163405472982,72.1361225266804,-43.40831638536088,130.0626723608202,68.90722037308632,-44.439974184496194,131.30058151765104
2745,-51.51514974111396,26.60161671794132,65.4041815189402,-47.75614380510033,26.38249424103365,65.70442753038628,72.41465166724254,-43.81050417439979,130.05278758285357,69.28360314581491,-44.53551649691673,131.29090755229504
2746,-51.74758345940353,26.1604745828536,65.43916235548397,-47.99204481228855,25.939206125861727,65.73924668492404,72.71003258181032,-43.94911546945167,130.0710563208173,69.39704427528545,-44.58991376599604,131.28046683083858
2747,-51.980529667124095,25.711707781557802,65.47874870596293,-48.22883427893995,25.486818984122586,65.77559259634275,72.95326685523398,-43.85211989320395,130.09911058151414,69.47279043487983,-44.590108752520756,131.26654938973658
2748,-52.207084981380376,25.262505154635786,65.52169985246205,-48.45616926390827,25.038530874939692,65.81163703773551,73.083949285872,-43.74705690166991,130.13169161605626,69.55420066772405,-44.656650290656096,131.26346503000306
2749,-52.4304606730438,24.80881950666786,65.55424884904527,-48.68020635738534,24.587664659357827,65.83538614496295,73.08531798097319,-43.83304279798292,130.1450950439893,69.62694314251341,-44.73038745177613,131.2603011328701
2750,-52.65627084205936,24.346554400876094,65.57469098827401,-48.90070973078705,24.131068062776954,65.8464240565952,72.89398439484809,-43.45728116820371,130.16626379167488,69.4333212869467,-44.49067110248252,131.2715280264711
2751,-52.87909403797278,23.885989380657566,65.58339858274569,-49.11876670448653,23.674733808966607,65.84714161842109,72.99787101031038,-42.95797336495236,130.16725904815442,69.6757100481814,-43.98767311663438,131.27976693146297
2752,-53.10787283740524,23.423728172134375,65.57974307676385,-49.34403036958609,23.215803138603686,65.8398006696524,72.9503404570262,-43.0475348139181,130.16670962771093,69.83264751342816,-44.29208481522603,131.27554187865283
2753,-53.33776014365589,22.969575066429687,65.5643991365964,-49.57309726435257,22.763029371408294,65.82655501460437,73.21953062194423,-43.12016347831816,130.17139616098356,70.21127613300918,-44.49553423992828,131.2750691454967
2754,-53.56569440451149,22.51852149545367,65.53902730019922,-49.804443622511855,22.31139950384762,65.80965801924415,73.4547607330845,-43.12990446707078,130.22253204227752,70.45103250751812,-44.527264887550515,131.3341587217542
2755,-53.79400713276052,22.060051913476684,65.50438605045353,-50.03444261958289,21.855561278819568,65.78975904549615,73.76357092327498,-43.027174775123726,130.25933573074755,70.76554357829878,-44.46320094048309,131.37023068952064
2756,-54.017347102529044,21.599343577736292,65.46924332525329,-50.26176418297382,21.39700593758249,65.76887275100196,73.74085358340395,-43.14841112151252,130.28403361557517,70.56126741176341,-44.74868326512698,131.3815711222472
2757,-54.2363204440925,21.137061138902027,65.44539556742251,-50.48346567446,20.935843264427984,65.76107594367943,74.08458788964052,-43.37650970522476,130.29110532850493,70.66042984437598,-44.828940739233595,131.3827732836732
2758,-54.45769460577167,20.669355652301117,65.43542116777579,-50.706429563651945,20.470886710377368,65.76616296007259,74.2748977508719,-44.02621406130723,130.28408482488155,70.91331064988631,-45.16789643075072,131.36631624439076
2759,-54.67517505872136,20.210090160865384,65.44094616095299,-50.92591666294704,20.012097808999727,65.78305379790814,74.48599361597716,-44.117774755603634,130.28670357120873,71.12247257674828,-45.36712199748745,131.3470321994999
2760,-54.90020098607662,19.746858432199577,65.46178607402113,-51.15104252394304,19.55043692643219,65.80963793752156,74.45625243954403,-44.62276563996195,130.2750266924579,71.20602505025627,-46.05329770979759,131.3116985147811
2761,-55.13304896917135,19.289136514798336,65.49664053029747,-51.38226310816157,19.09391539500685,65.84291405853885,74.54962404610573,-45.29075155018238,130.20186703048302,71.38072450013509,-46.70342887295197,131.2579842633615
2762,-55.37353557692635,18.834453953068216,65.5460108458192,-51.61841603461068,18.63941680932759,65.88204336835076,74.42772214051092,-46.0730460423957,130.12837994914543,71.34398168862946,-47.2886106238008,131.20392258697973
2763,-55.6039263132993,18.380129676360024,65.60503922275669,-51.84328585882045,18.18415062483141,65.92258106208176,74.73215650166519,-46.68029203610481,130.04816932745592,71.45442392156149,-47.86317112930008,131.1337693297776
2764,-55.828057214217345,17.929496232431738,65.64986497025599,-52.059942236916704,17.733319834857525,65.94692244424616,74.98111295063669,-47.34545963827326,129.98060658784723,71.71794390634545,-48.25114606294422,131.0869410320274
2765,-56.053203149087466,17.476624418874703,65.67746135959898,-52.280416475485346,17.281259020348863,65.9555490903722,75.01409720716582,-47.83974597031586,129.93183995175244,71.80158831593319,-48.590385135157675,131.06325249504422
2766,-56.27064175288543,17.03603239507465,65.68681805356026,-52.49605913820265,16.839471005540926,65.9505050449614,74.88738668047858,-48.57906525781118,129.89864234845675,71.65457041661064,-49.1483054166497,131.058389026716
2767,-56.492281948296935,16.59242625339775,65.68141560563761,-52.718752766470736,16.39178320288763,65.93719021936384,74.89004464848806,-48.99550013915369,129.88645271921152,71.6311159952875,-49.66052183163723,131.06626600660658
2768,-56.71744268701429,16.155007246540663,65.66201962116489,-52.94716039951577,15.950048613100432,65.91830542260071,74.92142558885105,-49.23369725224691,129.9033583145417,71.76861856395513,-49.926298166294856,131.0871285005003
2769,-56.947240097922304,15.717661988228992,65.62769801166853,-53.18115232386956,15.508658761787558,65.89431741163993,75.05132114157043,-49.35669217546866,129.93999738601008,71.844795951599,-50.03315165145309,131.11889491636887
2770,-57.17665659518241,15.286286818187138,65.57993230830425,-53.41437476581834,15.074694825687926,65.86525811511147,74.94366552126851,-49.3635298216948,130.01220000460384,71.70054906501032,-50.06886710473232,131.16838421309956
2771,-57.40980512816081,14.851817428463345,65.53153866018694,-53.65008236577221,14.642094321647582,65.83367779064909,74.97887536833312,-49.10522195540658,130.09604543743313,71.96070235670146,-49.66376368993995,131.2328392958401
2772,-57.64372796319399,14.41647876727042,65.49460367144637,-53.88715277047707,14.208287316702668,65.8142629572784,75.11225469213538,-48.96089120090586,130.18177715567472,72.17902601085515,-49.5168500213258,131.30016489250934
2773,-57.87575620143418,13.976988441052564,65.47155224156486,-54.12226941714968,13.769456048177185,65.80665193729013,75.32879077477611,-48.766525657793274,130.26998531468328,72.25220261636363,-49.621089431166666,131.3713306114005
2774,-58.0998579539657,13.538856123199919,65.46161124121377,-54.34772338630838,13.32918606847254,65.80832285079835,75.71218494306173,-48.49275547813815,130.36608809816684,72.65491930210251,-49.659586998166425,131.45001859885488
2775,-58.31539801753146,13.095730632871188,65.46335618287286,-54.56109422238977,12.884898741118588,65.81632339731729,76.11321232457563,-48.579896238360774,130.45972284938375,73.16494030797283,-50.048076084945116,131.52238365856343
2776,-58.523218816809084,12.651990514328968,65.47619693206586,-54.76445007604751,12.43696085734991,65.82872741266334,76.57479887723171,-48.68243141829061,130.5647601162777,73.62095350338022,-50.27854127326338,131.61190087329842
2777,-58.73591399547684,12.202201762684512,65.50055623276836,-54.972866041819834,11.983219729949775,65.84500295955297,77.2060314064458,-48.81050972360018,130.67454256388035,74.01278808984766,-50.4654085258952,131.7171919584125
2778,-58.95093975532307,11.753376023981644,65.52595557726865,-55.18145732600668,11.533970009538807,65.8523917754445,77.82273376473685,-49.31990293923292,130.78284985443418,74.65697524505964,-50.68424902462403,131.82150938859888
2779,-59.17210967185989,11.309756924553628,65.54150763225601,-55.39896006624885,11.088619005996783,65.85145577788579,78.3691583833365,-49.54335656789613,130.90997472902137,75.10653658272197,-50.626399296147966,131.9427585029564
2780,-59.3966732963891,10.869452606525877,65.54520652637763,-55.622952917821586,10.645500656428634,65.84246366286642,79.02137066995793,-49.76782658672057,131.02408009262652,75.52070751870568,-50.7930624491135,132.0410827842961
2781,-59.62713871405956,10.431002298321145,65.54017899606399,-55.85570500945411,10.207384406132174,65.83000076032675,79.16174850344467,-49.99156384909126,131.16288514328676,75.48480823685891,-50.89075495486481,132.18026639053812
2782,-59.86660621892464,9.990232705919272,65.52548133364162,-56.09874747220174,9.769081704122073,65.8132462668722,79.29040813690337,-50.071476594216854,131.28741516737276,75.59196582139182,-51.14432924796244,132.2839253068966
2783,-60.10530718323928,9.553015525819156,65.50182032640984,-56.33922448431769,9.337539198209617,65.79372513879946,79.11310755103763,-50.40147833171396,131.4096144382447,75.30129563966028,-51.6279913612914,132.39338892611343
2784,-60.33741101585357,9.11283835160873,65.47004701698313,-56.57886814893832,8.901536541445168,65.77346609508237,78.9886727625046,-50.363467634681335,131.5160670207543,75.16783557806059,-51.50292267331264,132.49335053270795
2785,-60.56674073667089,8.668855162675104,65.44809865293429,-56.81416036278764,8.460471116004046,65.7647382882685,78.82999842888081,-50.08464871750145,131.61265222611584,75.34156244883114,-51.15018572919581,132.57922280062928
2786,-60.78576691050385,8.223372938092274,65.43770459754113,-57.0367151094321,8.018983111064971,65.7664492175823,78.29857889809354,-49.91849779831293,131.74619095097037,74.90428775735496,-50.770073136408264,132.73474065852253
2787,-61.00015425666253,7.777504614944582,65.43851972142706,-57.2516358011443,7.5747897628136664,65.77624446210174,77.84064275156562,-49.93955783888098,131.8384218356556,74.71673097910464,-50.91898341474885,132.79918087812857
2788,-61.21331382857989,7.328982665129744,65.4485604776083,-57.46504325693019,7.124831461979564,65.79126340715877,77.61697490605408,-49.97105440383342,131.87804825993365,74.52962367951146,-51.03078081992498,132.84208691903254
2789,-61.43191367028866,6.878448875769455,65.47085786143414,-57.68482166816267,6.670935895466028,65.81274979245441,77.18887673199299,-49.832790123038045,131.94748616850143,74.25011808170984,-51.04753564030402,132.90889241321258
2790,-61.6499293511189,6.438243493714172,65.5030348327741,-57.89955317288143,6.230237044838731,65.83751214087586,77.08401101506269,-49.41995495750747,131.99394449226483,74.12480430075554,-50.98125959546876,132.95871726480365
2791,-61.872281464712074,5.989652993932873,65.5455035856048,-58.117612118238924,5.780917704582147,65.86578353108591,76.82823925987991,-49.26651486168482,132.0486201716494,73.86856328080579,-50.779345388933926,133.02257115924294
2792,-62.093702535678105,5.543012216723924,65.5767162199173,-58.336991117082164,5.329154905564281,65.88075327757326,77.41952818670268,-50.06418283999077,132.06803258989956,75.11494423583424,-51.67850897840808,133.03047399959272
2793,-62.32534661806493,5.094379255208926,65.5945992379853,-58.56423680831527,4.878329539707163,65.88399177192063,78.44739409688944,-50.97938952857613,132.05707137200693,76.1575279074733,-52.48020079466157,133.07424541055755
2794,-62.561532754995916,4.647687383853312,65.59966060098765,-58.79514122165229,4.432329988524547,65.87888624425212,78.91186015385003,-51.741044067397326,132.12993214018226,76.37389276045622,-53.34411293137632,133.17141361940136
2795,-62.80113392844936,4.203548438677499,65.59692623095005,-59.03178513757454,3.9874277103819327,65.87123521369608,79.62498564077632,-52.37905288356852,132.22318195330416,76.85951025246099,-53.84232499565292,133.27155390182898
2796,-63.0420297288747,3.759736284934134,65.58404935513224,-59.272289453355825,3.5445374749966017,65.85880130053555,80.4844826608331,-53.067436941695036,132.29749178290007,77.33896782296213,-54.22653211263251,133.3579459870528
2797,-63.283484171923206,3.3120914864775357,65.5600078775516,-59.51337440179173,3.0980700065291766,65.84165438000939,81.23417637121011,-53.84532573933315,132.3613473900344,77.66954285931182,-54.58244000180082,133.4102587701228
2798,-63.519625847735526,2.863824101285241,65.53578211970378,-59.7490319851924,2.6542790120004884,65.83650917663503,82.13658358747143,-54.861743042351264,132.42536905555204,77.99665359108884,-55.05287686303957,133.48209943987078
2799,-63.750751760465484,2.413897534583837,65.52336984187293,-59.9826228778181,2.206236524214847,65.84146361557532,82.06272570231769,-54.89230721182569,132.52576860151473,78.2877928147051,-55.175996010475934,133.53847411899
2800,-63.97424643541533,1.9624494402781176,65.52680061518967,-60.210768687981485,1.7559414230964165,65.85784871555305,81.82008296441356,-54.96640878328278,132.61445630596106,78.3399372521037,-55.39817808778019,133.59387471847634
2801,-64.19320645635119,1.5086196167671875,65.54632697728772,-60.43213771381756,1.3035317001942235,65.88447651267204,82.02251404201361,-54.888859086909996,132.66881084227677,78.40775000556849,-55.5836685612202,133.65859877676996
2802,-64.40934989586039,1.0494880078214455,65.57801813574604,-60.64806698642374,0.8466849619930295,65.91848879569557,82.03938985275406,-55.05397272146556,132.70253280419092,78.51315705721211,-55.86031064250029,133.70392934406186
2803,-64.62629624595918,0.5958838532239132,65.62256337792736,-60.86408068150704,0.39426710085699285,65.95658163399679,82.10747019908683,-55.175258284617534,132.73211867017724,78.76431644243938,-55.99766332847365,133.74244031878686
2804,-64.85141044096363,0.14686406860776635,65.6798460482482,-61.08755615382181,-0.05801438754859434,65.99756066082728,82.2552953467641,-55.70295171840958,132.7467228540664,79.0281212923377,-56.727612014719625,133.73496045365783
2805,-65.08454073205078,-0.2987161307040191,65.73617444861036,-61.31731811803512,-0.5040924375403266,66.03947009716605,82.36086999557232,-56.04028696019833,132.74308317653498,79.2489743135077,-57.23104398945092,133.73475617448224
2806,-65.31931254046968,-0.7411828701536893,65.78096165040003,-61.55004679334151,-0.9473033463851724,66.0677647410236,82.5191107540661,-56.555782881964916,132.75371615534917,79.52010292595172,-57.63362015266715,133.75269751643157
2807,-65.55452110733168,-1.1853990316390783,65.8120538621583,-61.78492528870999,-1.3928859570009855,66.08381190728839,82.63898947904134,-57.034576683975516,132.75913092750824,79.5005507124191,-58.02962379523471,133.77129876189673
2808,-65.78791477955068,-1.6269888082114274,65.8308102806155,-62.01872068105186,-1.8363276768540486,66.09186271985511,82.82528682178895,-57.39090714931383,132.75962108011694,79.60128335468012,-58.18521890802474,133.79987207019144
2809,-66.02466552344976,-2.072089760543143,65.83756284744824,-62.25411025575465,-2.2828958205671928,66.09305787477312,83.03947019726597,-57.64512687999372,132.77559481063275,79.7650637784493,-58.29405819322616,133.83758486296827
2810,-66.26042662003411,-2.511164631617364,65.83293923869176,-62.48742478193418,-2.719861186713651,66.08956741565841,83.05607268299745,-57.91453665662712,132.80242028704689,79.7922469501299,-58.32701728255336,133.88499771648432
2811,-66.49387229283897,-2.947260943558947,65.81581700447715,-62.72061361303952,-3.156606298519081,66.0817070583227,83.11647289667928,-57.68995697271073,132.86003419907124,79.91961772077605,-58.280386360995585,133.93499918515846
2812,-66.72521096301294,-3.388720715026799,65.7983458596776,-62.95284713478656,-3.5989377917180514,66.08478432956778,83.17712513542813,-57.515374523881285,132.92452331706443,80.04142526339783,-58.23143422270851,133.98780574780545
2813,-66.95379593460501,-3.833529994841313,65.79469871366528,-63.18208599579014,-4.043565396165925,66.0997404819959,82.99726945028061,-57.412073431122025,132.98464042112576,79.90249102616708,-58.291084921556504,134.03706486183083
2814,-67.17602264876042,-4.278643395710749,65.8063967698093,-63.40690544118553,-4.4906382204404345,66.12535216243492,83.15539629352931,-57.23235979838673,133.0285235494013,80.03213481215776,-58.30623639020662,134.05827806672076
2815,-67.39712841531679,-4.727957876480425,65.830586655533,-63.63102528225635,-4.941819111241552,66.1583066829847,83.27279780664615,-56.96547357241837,133.05128049973973,80.19373170080507,-58.03333600900803,134.06037544263293
2816,-67.61704446067672,-5.173626448304559,65.8667897210257,-63.85222188458134,-5.3895205216029165,66.19518342466392,83.16040429649459,-56.79373522598824,133.05710373578884,80.08393468918219,-57.929236548137034,134.05272914991218
2817,-67.83852956009527,-5.622846396802538,65.91612143527512,-64.07222629951472,-5.836249072194505,66.23729802872727,83.20916014754174,-56.579967555947,133.03352121267733,80.11647530031978,-57.73674017450104,134.0241786470237
2818,-68.06263479976285,-6.069073188733297,65.97683673648415,-64.29430672034565,-6.280105139643839,66.28283205106911,83.12107818448551,-56.487548527417474,133.00276370515215,80.05401472421097,-57.67652037808317,134.00344490448833
2819,-68.29192519547294,-6.514958718773411,66.03584361174345,-64.5219230458292,-6.728423058107607,66.32893682465011,83.18264693458406,-56.6043855684681,132.95185630976533,80.23243784766373,-57.90986552160576,133.97137838963744
2820,-68.52521105550538,-6.963521306054523,66.07868470809935,-64.7534626072767,-7.179299834649269,66.35857080011408,83.62741048336667,-56.55661777971372,132.88770938105674,80.67559027944611,-57.9648466380855,133.93201358310307
2821,-68.7623835023583,-7.408908591374963,66.11024381119178,-64.98979360110447,-7.625624474083659,66.37896648149604,84.06048076594492,-56.437049593285344,132.8278689550226,81.25164548052675,-57.87846123822162,133.8918359548421
2822,-69.00825411814887,-7.850818653918005,66.13859959897324,-65.23783090195064,-8.06902377067907,66.39986247023103,84.60037605221018,-56.39674480573405,132.77864291232956,81.93706476559348,-57.636288015062924,133.85856632628705
2823,-69.24830898279149,-8.280942197617648,66.1632744397373,-65.47646515931932,-8.492533007424097,66.41959689261793,85.23770566897294,-56.53401080191577,132.73298733700238,82.37646126667536,-57.78613843294398,133.82817654695216
2824,-69.44032677892187,-8.705346905755059,66.18286355969963,-65.6633580282735,-8.902117034032823,66.43942293744898,85.77972355604571,-56.73748406466273,132.70498534031998,82.71107195503156,-57.93394917675742,133.80943406681223
2825,-69.55213761918459,-9.130918665542826,66.19237328053313,-65.77222886985747,-9.308003778017174,66.4559456744179,86.39096290758137,-56.809831347561456,132.68447009492428,82.98175160884963,-58.0609797941615,133.80767547071125
2826,-69.57143335723747,-9.532021208984968,66.19706746226996,-65.79445661561884,-9.69613181496355,66.47672546379167,86.77310466647901,-56.67118473024913,132.68678507626294,83.21305674216185,-58.17089284684995,133.81882727672243
2827,-69.63218837858288,-9.18045052806052,66.21083511151748,-65.84901385124445,-9.345444761139408,66.50406615101956,86.54832279043919,-56.65897424361309,132.70784934449722,83.01026033185256,-58.08570523073087,133.83828378480803
2828,-69.5165251771671,-9.467670165207917,66.23888006703363,-65.73554322663216,-9.641142131279576,66.54161034530284,86.75476948223996,-56.826230354705196,132.74634584476547,83.19065699154488,-58.14746640812961,133.86549117602118
2829,-69.37921648921389,-9.679888500244253,66.27618655817439,-65.58684479643046,-9.872813338582718,66.58558443518714,87.05916660892318,-57.153888170907535,132.79662290763392,83.35159895781472,-58.18621858697246,133.89978301884327
2830,-69.23712701067278,-9.834120057479025,66.32089690098472,-65.42051238773875,-10.045737651227348,66.6313626364478,87.2109759984741,-57.30248876926954,132.85097594831183,83.49641669035773,-58.20453668284941,133.93804755827057
2831,-69.10010269304004,-9.943006296124768,66.37343399184836,-65.25297473911368,-10.16452805631503,66.67835995309402,87.35700486886647,-57.40456262773714,132.90566830018756,83.6240241678208,-58.206021183608755,133.97817819365034
2832,-68.9776606748876,-10.013690426023821,66.4323300968911,-65.09345139919027,-10.236854682594483,66.7254411936818,87.48883179502403,-57.46780001856173,132.95866067210676,83.73516357196189,-58.19224747599556,134.01826680396994
2833,-68.87460675864625,-10.052426864052414,66.47824651027847,-64.94770875882239,-10.26786184332544,66.75786044772764,87.59808525604856,-57.49920242566484,133.00003808890534,83.83060344448793,-58.16256847756111,134.0443479487891
2834,-68.7916563774656,-10.060220990998447,66.5113629914013,-64.82079031087609,-10.26221988869073,66.77904865219824,87.68684813718845,-57.50063574234892,133.02918047178028,83.90932624961326,-58.11648517766027,134.06034319308085
2835,-68.72963008038286,-10.04590461525743,66.53395340809374,-64.71725426382436,-10.230408959699815,66.79331261432915,87.7531660228533,-57.48115473104379,133.04870223522835,83.96915864328379,-58.061757559617284,134.07100231430422
2836,-68.68662688388211,-10.01924475950778,66.54428735946045,-64.63878381692618,-10.18406189171317,66.79990382228966,87.7993577647452,-57.450712548999256,133.05660338996668,84.01090152779138,-58.00556586869697,134.0744471553839
2837,-68.66098041904299,-9.987447582585109,66.54242617481803,-64.58420502286289,-10.13094433030983,66.80041314479402,87.82825551467977,-57.416088395739685,133.0529373750108,84.03583394505426,-57.951565682867894,134.07210633741616
2838,-68.64797846710067,-9.956504335950177,66.5344938573201,-64.54686264638913,-10.080075901955876,66.80396418491283,87.84400354044595,-57.382811718262815,133.04404945002767,84.05003150446099,-57.903838648665946,134.073639016333
2839,-68.6318901219302,-9.92284242578462,66.523534370364,-64.5041870134087,-10.02765615619503,66.81082919098719,87.86292851804575,-57.34752649749529,133.032583818224,84.07458640793006,-57.85456220256866,134.07914970366966
2840,-68.59247718176073,-9.880209216143996,66.52031230476514,-64.43217596779856,-9.967034216658021,66.82047695434972,87.90225512825442,-57.3063469031265,133.0287449913402,84.1276328029342,-57.79717848061847,134.08749081587203
2841,-68.5179981050333,-9.830610577060924,66.52354868386057,-64.32319325206889,-9.900869215035089,66.83245844130268,88.2952076299082,-57.70251969228526,133.02665762531134,84.66794896363074,-58.35133486392146,134.09144765683
2842,-68.40388115448151,-9.766348855277334,66.53091442609556,-64.1779149910824,-9.819577325447403,66.84560765530973,88.5515689261853,-58.076969269634816,133.0355081248479,84.92027349827285,-58.75092389115503,134.105775791301
2843,-68.26217736226485,-9.667460229961431,66.54455005145395,-64.0189147944583,-9.70489380696108,66.86015858618616,88.65884792785073,-58.55849612473694,133.0572201863455,84.90139869979033,-59.22895864690851,134.1259361264394
2844,-68.1114955007907,-9.510678414291629,66.5625831855786,-63.87009710879684,-9.539794481805096,66.87379811656767,88.87616241553138,-58.979048975234804,133.08492195509237,84.99229538025565,-59.55735708761362,134.1434958030848
2845,-67.97441935684265,-9.280833941696057,66.57206550533768,-63.74986703158512,-9.31971542207098,66.87788084220662,89.20137270271302,-59.31078800646332,133.1064856872213,85.15373705334922,-59.74994970169388,134.15506645654142
2846,-67.8663967406119,-8.987046066751745,66.57304651174638,-63.65906267749823,-9.05449014010803,66.87466801412008,89.89905138921792,-59.631082604335774,133.25100314669342,85.76237652109354,-59.93242299608749,134.34303352452866
2847,-67.77962864115753,-8.657587623820852,66.56895440468067,-63.58142696786749,-8.760988527496043,66.86788974323973,90.53761070215157,-59.91941540367071,133.39447751509164,86.1605866708311,-60.04368528961989,134.49478169418666
2848,-67.68434596063531,-8.307266557831642,66.56095052739406,-63.490513164398095,-8.447849331154197,66.8590458392778,91.10368716852054,-60.07070240279235,133.53380198800912,87.13334411108457,-60.10702634149979,134.6240813020307
2849,-67.56129926154571,-7.954696292866802,66.54809214517879,-63.37125087566832,-8.129524038533534,66.84707786124318,91.73119490551524,-60.33423126152115,133.67374194296343,87.84550840655105,-60.35070919912426,134.730709179232
2850,-67.39997852618468,-7.600729549894779,66.53018635309685,-63.217384744365155,-7.807596213036757,66.83312909937165,92.09598070876763,-60.370973407594825,133.77580166808997,87.92607852091824,-60.470958497068374,134.77081892511498
2851,-67.20348058383279,-7.244446446219584,66.50835192796228,-63.032496739079775,-7.479671949713754,66.81854595827393,92.46288929207137,-60.35340336987864,133.88855906339123,88.01767394292928,-60.407252611955684,134.8141117542177
2852,-66.99181277351423,-6.880579532641604,66.49427233601574,-62.835378514881235,-7.1387398359792,66.81316620550069,92.82546348340374,-60.33608689302779,134.0167192899824,88.11932013867123,-60.3038835878414,134.8664828323443
2853,-66.78740462302481,-6.507247723437257,66.48788153753411,-62.645539624472214,-6.786766351940452,66.81556582163246,92.90099920345195,-60.48979072544221,133.99148126243193,88.23633131244938,-60.57996860691988,134.88034983265678
2854,-66.59821489425401,-6.1194831839221555,66.48917752095562,-62.469556373828844,-6.418339836360747,66.82398120966944,93.05799150752237,-60.658634344462754,133.94165366586694,88.34798135184019,-60.8129584247055,134.85593836517202
2855,-66.42242311092586,-5.718204796307371,66.49879360131655,-62.304529793393876,-6.033122082354331,66.83819531105505,92.67746356875756,-60.87500868146731,133.85704285659918,88.33828719866017,-61.110163597823444,134.80061863119238
2856,-66.24860509329437,-5.3027543153860845,66.51696455939383,-62.1417639117227,-5.633994284445443,66.85704988233189,92.36834142906967,-60.938165533579316,133.77964267124935,88.36589863096752,-61.26384289424646,134.76848799387548
2857,-66.06949970033028,-4.883915115811925,66.54272176858964,-61.97366408324048,-5.230329665998191,66.87793212159976,92.12692817153393,-61.25187689818288,133.75404550003094,88.00708662486704,-61.644188371054554,134.76650815902326
2858,-65.88017345651456,-4.471749642033789,66.57763799004397,-61.793275590565514,-4.831221054201435,66.90233039556675,91.84045444187284,-61.4849374655265,133.7090724967331,87.68680673897525,-61.671661789944174,134.74833510597233
2859,-65.67635696477099,-4.070708395077387,66.61408391939618,-61.59520401708072,-4.440340930553428,66.92938055653093,91.22751729002316,-61.58541396590474,133.674871129854,87.01512472777854,-61.4634598909113,134.76619812626836
2860,-65.46017193268128,-3.6708036035365947,66.6494898034808,-61.38337871761484,-4.052217339327344,66.95675112911559,90.49182106765016,-61.41886294260151,133.64984869412362,86.3359067655376,-61.29795229786306,134.76549777332696
2861,-65.23931053690495,-3.272474430629524,66.67920709203318,-61.16518033290878,-3.665917929328139,66.9778520497039,89.78208510196848,-61.28793061858318,133.66885433104775,85.83352576287342,-61.23836475152455,134.7909059544934
2862,-65.0230772585173,-2.869625477502308,66.70395377382347,-60.94838764311446,-3.272944416820887,66.99524579996151,90.19997944393565,-60.79718158116416,133.76962345302812,86.89346439147053,-60.780668685126464,134.89004192070908
2863,-64.81544231873106,-2.464386869290368,66.72291313072589,-60.73548558264059,-2.873122582364001,67.00931769207278,90.5096744743755,-60.226951867259025,133.82388346951825,87.63968508063789,-60.215844629983856,134.9167144683624
2864,-64.61338976328553,-2.05545915834969,66.73585478003959,-60.528082130930315,-2.4670319558000378,67.0191507590417,91.12213288587341,-59.13743853838424,133.8111050834537,88.27096405594882,-59.25873807823507,134.86835483107677
2865,-64.40839920921336,-1.6434958334381051,66.74246039633505,-60.32052078496155,-2.059104598161671,67.025744632719,91.68202825930213,-58.14150844994551,133.78628117712196,88.69983071910403,-58.36296045327777,134.7972060548459
2866,-64.19841441056916,-1.2296795303432706,66.7501353519819,-60.11017569025499,-1.6499266178970542,67.03959062669516,92.70028348287612,-57.32514104029973,133.70837861417445,89.2637282686746,-57.69553476640679,134.69734871315404
2867,-63.98230008369717,-0.8162680038094341,66.76140880563936,-59.89650525639153,-1.2391059056263551,67.06145918018925,93.97152837180195,-56.612201347323555,133.63232059076668,89.9245414261316,-57.335671783020295,134.60291355945864
2868,-63.76262223398569,-0.3994291747448347,66.78160285592581,-59.682289659884766,-0.8235640199340786,67.0900730698066,95.19991565618912,-55.876004842919414,133.54404431501143,90.4337190046521,-57.08519260686389,134.5352230554829
2869,-63.53897834619635,0.01676205662508201,66.81039809111786,-59.466865662939604,-0.40851694049856474,67.12408948234561,96.16553655384068,-55.760909125933225,133.4040091800067,91.9019967784075,-57.25256833167905,134.48970428278687
2870,-63.31706124573174,0.43329922349744826,66.84694329496651,-59.252376141649066,0.00839882700967659,67.16152979605847,97.38096843315668,-55.78592292301771,133.32419168043398,93.33131110082672,-57.40583143515968,134.48344957218953
2871,-63.09612362846681,0.8509174025061756,66.8913408411824,-59.038269359394995,0.426008387203014,67.20157609406827,98.43266069594314,-56.16089626115732,133.27352777233224,94.2900166098184,-57.525598246130194,134.45067307731992
2872,-62.87627684877599,1.271704975156376,66.9438576406349,-58.82194150273823,0.8460853383121021,67.2447402761371,99.45453559472625,-56.752950449361805,133.24373143955683,94.95457330051343,-57.797061803315266,134.42453990832146
2873,-62.65655661642479,1.6964425497077773,66.99657092383289,-58.603883114036016,1.268253462431677,67.28891130089218,100.0728560790685,-57.01257239518584,133.23988044204347,95.14858578528822,-57.59937332385351,134.3942571673555
2874,-62.434062985303285,2.1150684567228204,67.04585319676424,-58.379804577283856,1.6803535526284037,67.33038494171524,100.55168580516273,-57.18284009336632,133.27990808176054,95.31568418733598,-57.48796206191025,134.41677515011784
2875,-62.20882355272696,2.528215041899104,67.09133780087748,-58.153173013567375,2.090299531692685,67.36931165744188,100.83117467703443,-57.184616388134245,133.35377837351137,95.15334977765929,-57.19143332210518,134.49173021032416
2876,-61.98031076487303,2.9439307032987645,67.1324647942873,-57.92229827606102,2.5032532746308918,67.40595630428183,100.26848775087602,-56.72201754316551,133.4197573465605,94.88516162398149,-56.72269755366748,134.54466855211777
2877,-61.75104482947792,3.3586085805106967,67.1700193842278,-57.6907593017946,2.916296935795717,67.4406827334768,99.64091506167914,-56.25175809680278,133.50159030107523,94.83280787441909,-56.362769270238275,134.64476764138414
2878,-61.522146885414294,3.7745228353558904,67.20517991762311,-57.46100168015766,3.3301255343341154,67.47417866154636,98.91920182667909,-55.822735076854244,133.6309829644026,94.47754725164353,-56.115975007382346,134.76471466665618
2879,-61.295401117302475,4.193211631170423,67.23688866492746,-57.2323628968925,3.7505010632462694,67.50676273587578,98.0520564992832,-55.35772081573485,133.75274656173076,93.88435760134499,-56.0340911490573,134.84858134289604
2880,-61.069413809861615,4.609311518408345,67.26617954457569,-57.00547579690059,4.169476422231072,67.5392353868031,97.08345354276017,-55.09618245687006,133.86847792679302,92.9422980264841,-55.821295119971786,134.89499919580786
2881,-60.84241796066339,5.03735113463308,67.29538399195698,-56.77669233277529,4.595853185912385,67.57115990761834,95.94680203072845,-54.652754334593205,133.93758793110234,91.96452838957937,-55.437104261216355,134.91372868134445
2882,-60.61091470799562,5.46890345512589,67.32343681477344,-56.54526171395307,5.02548220834945,67.6013341219539,95.1075429913667,-54.349470109068314,133.95900471294473,91.30084482736639,-55.12247012303048,134.91895616805814
2883,-60.378177628536164,5.896035677774287,67.35486965068462,-56.3134985322821,5.450863611381684,67.63580418401874,94.52651049613539,-54.23874930961514,133.98277980725885,90.98375014561238,-54.914989596730784,134.91885732624974
2884,-60.145849433699894,6.321484241465506,67.39012623549303,-56.08311647259196,5.873624407169428,67.67416937455282,93.58785021858876,-54.181678662922884,133.92189341277648,90.39269741848447,-54.8375627448242,134.85793644656795
2885,-59.91024993179776,6.748204278554654,67.42775032722602,-55.85050220629678,6.296677920264299,67.71413454910173,93.17956983469527,-53.96242871168466,133.85991091825537,90.34981967968726,-54.59581137681774,134.84873037491974
2886,-59.67739762123315,7.17147166997281,67.4690779327539,-55.621296659743265,6.718459113264085,67.75655826986274,93.23829050659907,-53.274831962740926,133.76650843793217,90.663063837829,-53.860600153146386,134.78607203935303
2887,-59.449869938324724,7.601027412513203,67.51352818088183,-55.39661377064813,7.145282595458202,67.80046565965144,93.32763789486484,-52.64191604017148,133.64521220458062,90.49115933216089,-53.202790001109975,134.6742831378852
2888,-59.228337215238575,8.031809084964088,67.56117910220522,-55.17495139526142,7.577838893756261,67.84555430454373,93.67614701411779,-52.23346506150351,133.5093432212346,90.49278725783664,-52.77725756038785,134.54510045698248
2889,-59.00856612183209,8.463084023247998,67.61346871442191,-54.9542681613281,8.010865703247706,67.8932143469328,93.87292641647755,-51.981914809092046,133.34918548637236,90.40282189923919,-52.65092066073207,134.40007809825053
2890,-58.79110277473436,8.894667153228722,67.6654552626478,-54.735957037277714,8.443689487773826,67.94176839478828,93.97759059275691,-51.81752059020419,133.20023577575438,90.41405699110682,-52.71070050612499,134.294727928994
2891,-58.57433542530811,9.329469617982495,67.71688859119723,-54.520394740272664,8.878041204215473,67.99050144198684,94.37571906305996,-51.618279728113556,133.1011138081103,90.50024483578373,-52.80975500363009,134.21755151636594
2892,-58.36047514138967,9.758364446896096,67.76750489441872,-54.30700477202156,9.304502657708172,68.03880924174548,94.3897843706713,-51.746926309322625,133.0273062148634,90.45493716470823,-53.15553091159639,134.23288901640154
2893,-58.14472018740197,10.190349721075412,67.81796100916853,-54.09123992414974,9.733752797187012,68.08752361367323,94.06775143205556,-52.28317009823278,133.01264426152844,90.2851429064454,-53.45250411850189,134.2730108496531
2894,-57.926055247194995,10.623493563290578,67.86850477214882,-53.87027404185159,10.1666865064396,68.13608340737613,94.070335752382,-52.87677516494473,133.05272120518694,90.18827413810473,-53.707924159226685,134.3217278157608
2895,-57.705681441906464,11.05740582813712,67.91735553343287,-53.64645237408775,10.603337256019124,68.1828444275841,93.75877896746624,-53.45005449810107,133.14040348162288,89.81406342649532,-53.98356814401113,134.38713235113144
2896,-57.48538360891577,11.490890232088764,67.9653423764458,-53.423375476334954,11.036601911418353,68.22990580368815,93.37071603897226,-53.88591541369834,133.28428037345304,89.31533961177972,-54.22595771201119,134.4760601089427
2897,-57.26205566417231,11.925662799015882,68.01319311308038,-53.19817184760276,11.473092314951442,68.27761476902914,92.8404044415803,-54.57735069984369,133.48177590348095,88.79921372260179,-54.936981525012676,134.63224399196673
2898,-57.03515217377394,12.360799156488177,68.06149112260228,-52.97083358117177,11.909930129581367,68.32649098285667,92.22294382010521,-55.30119425465653,133.69040475428383,88.34085477525727,-55.60072234783685,134.77954339688787
2899,-56.804959487848336,12.803752412747508,68.11002376127742,-52.74276260035045,12.348819649785126,68.37639527708365,91.87923134841284,-55.77205767072061,133.85035944563163,88.24504707773514,-56.04415553822285,134.9055963584387
2900,-56.577466839189015,13.245098295368262,68.15883812867932,-52.52111834753164,12.787782862580967,68.42695420491079,91.75741171461564,-56.11652432585367,134.0040696523807,88.34575012051972,-56.24551535480965,135.02670051151665
2901,-56.35130694212124,13.685949555405088,68.20992379903292,-52.3008935289462,13.228392294546692,68.4787984224947,91.74959754333734,-56.47478748122812,134.13574622652615,88.62760296099827,-56.442796119545875,135.1097248462492
2902,-56.12449184643401,14.12400335123986,68.26328553927763,-52.07916403002673,13.668536136771921,68.53128000809528,91.98769153313414,-56.96635745626219,134.2692906908207,88.90354276429443,-56.86153894326048,135.2050329322583
2903,-55.89634504628819,14.56482346134739,68.31759985201452,-51.85632938474043,14.107277442386364,68.58419627062689,92.37643706809023,-57.310702810331016,134.40775765538146,89.13594562397721,-57.00604598036895,135.32494389625526
2904,-55.67261434879262,15.002081992266387,68.37180411050934,-51.634683657420055,14.543681199953598,68.63675313415348,92.90745759817196,-57.206574875789585,134.4735820207253,89.39637056212372,-57.00728944500982,135.4043520482267
2905,-55.453095372086835,15.438831274295973,68.4253051256071,-51.4136345822527,14.978395277337645,68.68883931896193,93.30812335581994,-57.16474532427079,134.58223735195455,89.37314601832558,-57.18655501818063,135.54954045823823
2906,-55.23614279183385,15.873715963726507,68.47885954007629,-51.19088451088412,15.410814225321037,68.74156809759653,93.75227932319598,-57.41074566731024,134.75018648567726,89.68697188778087,-57.651684140936744,135.75622517034586
2907,-55.021454916987935,16.30638919279264,68.53226643503899,-50.97121720345045,15.841457383415705,68.79447630485812,94.17442593858259,-57.96516188968176,134.9571208798088,90.08825064241628,-58.30949035855476,135.99667619630824
2908,-54.80731180063908,16.738664369262384,68.58506683848235,-50.75261451166131,16.27278771052048,68.84716122342638,94.37497766685757,-58.562327618805256,135.21962494730533,90.298398338217,-58.93509900100603,136.25256657502658
2909,-54.59383028372974,17.16987838516399,68.63735936168017,-50.534856777829454,16.70511673018878,68.89960167218392,94.45950726546525,-58.88680346616577,135.50123518471838,90.3544077047898,-59.31325639640458,136.5142280333048
2910,-54.37798868200727,17.604071802305423,68.69226690701765,-50.31582951260704,17.140304973159004,68.9555844813531,94.47910133749272,-59.29651839586842,135.78807687259288,90.3150023930038,-59.54160817696463,136.77348006876534
2911,-54.16301146800212,18.03715348903719,68.75012215840816,-50.09971781333964,17.57556054514856,69.0146778781349,94.42948571107014,-59.80302697197306,136.09559406305627,90.25478081842999,-59.7442267735106,136.99249775030432
2912,-53.947494518724994,18.47035179032081,68.81177166740201,-49.88482785700313,18.011786886556855,69.07725807390803,94.62324016999976,-60.39681920095882,136.4053839752732,90.32150719545032,-60.21809244894205,137.25327374390446
2913,-53.73188353156897,18.905416609364202,68.87763573239447,-49.671002870171954,18.44895639920764,69.14348805139338,94.69193815647752,-60.912797037409774,136.6985520214733,90.54630021118346,-60.790848768484054,137.53001408831517
2914,-53.51428573116147,19.342370624756388,68.94786271968414,-49.45810145060991,18.886060588214754,69.21247479847031,94.56793541722065,-61.38956926203221,136.94591230990898,90.61845753171518,-61.47395829766395,137.76278638425342
2915,-53.29668802869638,19.77855959145575,69.0197960816089,-49.2459372603944,19.323374687679916,69.28122158983425,94.34990962894032,-61.76484251145146,137.18059854920654,90.43292726276664,-61.98619767894068,137.9956500483309
2916,-53.078242470311764,20.216606815352115,69.09371993507861,-49.032618188688865,19.763917544856934,69.35021697875798,94.46348684241453,-61.969969601120084,137.379642005842,90.63008698655798,-62.0399370081946,138.18807327716326
2917,-52.85809703472462,20.655413824140933,69.16897139607103,-48.81402016669032,20.204908652083443,69.42139647979432,94.73095831576808,-62.09600798611055,137.61217127528687,90.91646353029313,-61.89775245461044,138.43886559956385
2918,-52.638004015789186,21.0928414890346,69.24565165668187,-48.59555162497831,20.642382241922835,69.49473501753012,94.86398842766089,-62.49377489424623,137.88477687267942,90.93017273360961,-62.182554339876226,138.70766493138413
2919,-52.414245553192536,21.532585791080297,69.32207501793067,-48.37043775176197,21.081839371270135,69.56837175653975,94.64174393114097,-62.95557958774757,138.08338427417803,90.54976820876149,-62.81570750234499,138.90246148537452
2920,-52.19245201439525,21.96021072475575,69.3939179026672,-48.146204789465365,21.506450514782404,69.63768658127583,94.28325629955587,-63.20001957200692,138.1688824241137,90.21519617191856,-63.21951175872528,138.96848508818994
2921,-51.967039555933226,22.395642160245224,69.45723090375027,-47.918330157104364,21.93847699680272,69.69626631027107,93.75864988391264,-63.12760044736719,138.2697746903436,89.599863019808,-63.31403742016033,139.05230182421198
2922,-51.74103594904791,22.832530068550422,69.51285688671778,-47.69008898116535,22.372544052078148,69.7470713653651,93.58143111007283,-63.08109353249325,138.3395089008445,89.35841892363756,-63.385736176031656,139.122347899317
2923,-51.51668130692644,23.272227600875294,69.561259847328,-47.46441250895456,22.812325359927513,69.7923215087355,93.25846262581283,-63.212739485378755,138.40240463681388,89.31580110192198,-63.34004760326468,139.17668674067195
2924,-51.29803080733649,23.709489508534876,69.60095179348627,-47.24298876455207,23.25032534429987,69.83193792598142,93.14006853660315,-63.55163374601415,138.4004168143858,89.69069200417707,-63.40305221621842,139.22731151463873
2925,-51.07743872758523,24.145782311344465,69.63131201580639,-47.02357168863949,23.685927391467278,69.86627698095857,92.96192728149182,-63.67029072567799,138.327421899237,89.69798052417242,-63.542518517457346,139.23466256249415
2926,-50.85436494539686,24.58299092160221,69.65292599275544,-46.80278073890408,24.12450963756862,69.89562377822145,92.8996032027041,-63.43622016838354,138.31480770301502,89.49246686722996,-63.57089675362702,139.30684394443006
2927,-50.62885054045987,25.02418696285799,69.6746322314012,-46.58033789171609,24.564808610869974,69.93138843882771,92.77617648446487,-63.33033186146415,138.39577722892207,89.20574972131905,-63.68250778147152,139.4077960142628
2928,-50.40424264335775,25.462268193395097,69.70488959566792,-46.35889744385806,25.00426852443626,69.97472118818881,92.90066768988974,-63.36118326497766,138.51053125084357,88.96819223758753,-63.74454135504201,139.5631991398562
2929,-50.18238562193309,25.898866303327228,69.74460866878077,-46.13899323298489,25.440880587690614,70.02521141625643,92.73195048742309,-63.457829066979386,138.6727349097805,88.61854359646624,-63.870986455824045,139.75748554382574
2930,-49.96107940346381,26.335199341763857,69.79382853150115,-45.91945820970473,25.878117647306514,70.08139237846848,92.50160362899318,-63.847420221435904,138.88083915380645,88.40070636644332,-64.27343669298027,139.97494362371262
2931,-49.738452159271134,26.771917822442692,69.85052223529662,-45.696731975218015,26.31568185904254,70.13974440244459,91.86110178209165,-64.12459626829657,139.0829596817308,88.0619928095757,-64.53420577696018,140.1515118256539
2932,-49.5131298301243,27.21211469100578,69.91549934571064,-45.471601045643496,26.75580715757146,70.2013904510683,91.38385812838852,-64.4701255966781,139.33124234151862,87.72612292986133,-64.93212815423715,140.32348115928698
2933,-49.28255267216584,27.646223006641133,69.9892983090544,-45.2426323435031,27.190294785951014,70.26611879021623,91.24276054295149,-64.95797860670602,139.52776266080826,87.7217504889187,-65.36874686774787,140.45263596594955
2934,-49.04696116205919,28.0797673806287,70.06375935446518,-45.0077511879902,27.626588802728225,70.33191999158147,91.12151734146627,-65.39049645007503,139.6884958919799,87.6252400301774,-65.72720070357771,140.5487834866371
2935,-48.80980467907284,28.513172838788847,70.12660386457922,-44.77098744144795,28.06216234803028,70.3838307897442,90.94953457094549,-65.87899421993927,139.81100825850865,87.47032513496582,-66.06650945185442,140.64960698643236
2936,-48.573504069922095,28.9456516850121,70.17675557800554,-44.53514614913292,28.491627362352734,70.42386967531864,90.95335968995155,-66.29383662624826,139.89533388638097,87.429245114427,-66.30735284926116,140.74800872667365
2937,-48.33928790758112,29.385269326855163,70.21423187727481,-44.30037549404711,28.92861062418424,70.4539871154862,90.89218096974417,-66.49938828534862,139.96818174308603,87.35747707268199,-66.50826142161628,140.86757599206143
2938,-48.110119971361776,29.825910065439686,70.24206038171387,-44.06890202526402,29.367117367908826,70.47797089747043,90.99043303986474,-66.79797153772091,140.03799929869487,87.35769071660093,-66.73791511644481,140.96433648808008
2939,-47.88540383260861,30.26231028520971,70.25887747570901,-43.843336648278125,29.803591778495385,70.49659878236281,91.0547194997862,-66.96669384820031,140.08237354977288,87.24506364201912,-66.93294180770152,141.03629005355856
2940,-47.65972849118761,30.701092105178482,70.26385211461331,-43.61928948090783,30.24085996656911,70.51033666423002,90.81701384094694,-66.83161531640425,140.11252613979346,87.00522630882041,-66.77882782525755,141.06347529263724
2941,-47.4343386955859,31.141826780444703,70.25855285090283,-43.39748017497191,30.683627220478566,70.5205569231644,90.7067704028524,-66.49341452735614,140.15359348302454,86.90391959317392,-66.38177961755571,141.09413425983934
2942,-47.20962064751923,31.578459551697666,70.25446680797009,-43.17712217882593,31.123482728661322,70.52905076104123,90.60813698652159,-66.23294120101754,140.19702718378636,86.76269222636729,-66.22935166702182,141.14732885865317
2943,-46.98268998184334,32.01314463918065,70.25306402025124,-42.953726870485916,31.556086572445302,70.53774230623834,90.37604344453007,-66.1797938607323,140.23226339811492,86.54005641514082,-66.36434583553105,141.19654754889345
2944,-46.758083577878786,32.44784308175788,70.2580997241626,-42.72979044177156,31.992461439095713,70.55254891869943,90.2297793835034,-66.10177548606678,140.23998081669458,86.44012208843904,-66.4469833125139,141.2391663038197
2945,-46.536707389927265,32.885446327060926,70.26859941372231,-42.50600645992325,32.433672230957065,70.57161841767854,90.25370799322422,-65.79973758578907,140.24763800035777,86.65384916289163,-66.26759087639574,141.27535783729613
2946,-46.31520637942767,33.32593575968314,70.28699756088113,-42.28304593510477,32.874769481520346,70.59557367361745,90.42763864960548,-65.50718112238921,140.2734533338184,86.92163188468977,-66.1458686773187,141.32142500616538
2947,-46.096008243923244,33.77246141492098,70.3109390522033,-42.061141428160845,33.320066584289314,70.62105035050833,90.70024387499066,-65.42760230899096,140.34108212933538,87.12718142933707,-66.03621617179307,141.3854746795096
2948,-45.878679841807255,34.212422257077684,70.33710181683861,-41.84177600247862,33.75966023732014,70.64515997465267,90.91173082999276,-65.43450662526715,140.4023264998497,87.30238910885551,-65.79663768351188,141.4379747493001
2949,-45.656606146062664,34.65172348679015,70.36476368003763,-41.61899570260588,34.19796992381864,70.6677448326442,91.16095690957727,-65.57842264394834,140.47726853748628,87.43184539922017,-65.95922776296288,141.5285334054001
2950,-45.4308781620032,35.09220648504858,70.39553819081748,-41.392977887502205,34.634601325518055,70.69205755072174,91.5170698325766,-65.92277845692769,140.57531228243045,87.56906414075483,-66.62397047077793,141.63973558858845
2951,-45.19808608785957,35.530408376688136,70.42652970919615,-41.159782727286995,35.069882266473364,70.72026614526357,91.85398210082337,-66.16713788217137,140.67805145949737,87.732518186665,-66.98920530533188,141.73775004275734
2952,-44.96793806148229,35.965769956832396,70.45615706651935,-40.92795699363491,35.505176181505625,70.74902873849683,92.01677963572018,-66.58245485162237,140.8013722572525,87.91750605722193,-67.28343339218459,141.84525363445053
2953,-44.742904523476184,36.399576066630814,70.484727816436,-40.700539271750166,35.93918919764483,70.77795501622039,92.2867854579387,-66.91265274249237,140.90712031723046,88.31049720130606,-67.42318604854111,141.92297211851863
2954,-44.52693696388345,36.83549010717899,70.51642094177043,-40.48316600178261,36.37538177599525,70.80932031664996,92.66406705160601,-67.4165188068256,141.06092582783916,88.75856181437946,-67.76864823513671,142.0811265267456
2955,-44.3080450877672,37.2737312686565,70.54906699032077,-40.264139057313976,36.812833662582605,70.84038660196684,93.08585648774586,-68.23127898508999,141.2273326379899,89.18928245773324,-68.32756612044805,142.22820610001128
2956,-44.07511986769832,37.71082201791377,70.58104203295682,-40.03009523427904,37.251663026799285,70.86924146431842,93.57764162153427,-68.66113187721722,141.4000270220652,89.6296986120893,-68.58390574413829,142.40510933884693
2957,-43.83565603093322,38.156414783892956,70.61372066541867,-39.792059683454596,37.69957878628888,70.89872607243238,94.09213978092275,-68.88362215392695,141.5502999440029,90.04539567771721,-69.03299083643304,142.55229916361554
2958,-43.60645092819678,38.59044062060729,70.64349035559283,-39.562734128054394,38.13735729680675,70.92669643110297,94.44655586263875,-69.04268860834993,141.72937284802745,90.22167657786882,-69.13805763183325,142.72269543300175
2959,-43.37816252723469,39.034378027392684,70.67096795271293,-39.335109009983576,38.583249588727725,70.95401709685547,94.66912983646989,-68.93718798736946,141.93038866732337,90.22539821220762,-68.8550588840349,142.9141247473937
2960,-43.151242965364105,39.48726265551862,70.69523106288459,-39.110200730559946,39.03557705331062,70.97888816593998,94.702485957572,-69.03097980882718,142.16244288949946,90.20376697911271,-68.81084039412569,143.10099049749206
2961,-42.925240386493606,39.94105803437495,70.71567187151042,-38.88872220492322,39.48573983556754,70.99874709126259,94.63812451600936,-69.09620043855153,142.33938826955338,90.18203057683499,-68.97591696108792,143.2681654289179
2962,-42.69677384191323,40.396520913440945,70.73498801614024,-38.663244650688064,39.93788951654177,71.01809208359889,94.58255199361024,-68.94373744274691,142.49796986031527,90.24497729428651,-69.08547142632426,143.39684732424706
2963,-42.46826966038059,40.85023773157102,70.75187511722943,-38.43414738238302,40.38864414854584,71.03472210219027,94.31298936017338,-68.90001556843443,142.62015398023001,90.09874340155883,-69.13126230682396,143.51036752386335
2964,-42.23906056525642,41.296846355022396,70.76444141586431,-38.20419435870889,40.83108955397182,71.04781680694921,94.0176293956341,-68.67603287940298,142.76337166467775,89.99858632352917,-69.15076189844585,143.63838547114878
2965,-42.00817098040759,41.742704002000934,70.77971040443512,-37.97115236745618,41.2740747501331,71.06757980934717,93.894307575848,-68.60409034075182,142.87873446775487,90.01287563965887,-69.13414724452205,143.75657182997747
2966,-41.77492973767674,42.189167690241206,70.79990898389565,-37.73572210935032,41.716864716582684,71.09487617780121,93.95927459270422,-68.95670691631801,142.97465648993443,90.15467315175756,-69.3440478653006,143.87467585328775
2967,-41.54375762584948,42.63088179816636,70.82596366646659,-37.502819097852566,42.1580751361939,71.12826534798991,94.02801474363788,-69.23829676575066,143.03421348256305,90.24507484193077,-69.59659808157647,143.95208070102782
2968,-41.31147838450078,43.07301746649811,70.859628505655,-37.27086365889926,42.59936510403315,71.16578631031163,94.09775524856795,-69.33840283917328,143.05321390187285,90.30970450869427,-69.74426027003388,143.9756724772346
2969,-41.080738558594994,43.51288960973426,70.8993979988571,-37.03918187757018,43.04267389902861,71.20700378891961,94.2746141527552,-69.44661531898767,143.0761902827048,90.59297680556672,-69.85211098007822,143.99628647230742
2970,-40.852425056888364,43.953789968884216,70.94680099165896,-36.812608285356035,43.48634497086337,71.25091963263999,94.67396938231008,-69.5855388641003,143.096256032844,90.93517394263148,-69.94072598034148,144.0173987806622
2971,-40.626686358920765,44.39940870268285,71.00145184026329,-36.587913290803634,43.93468731338059,71.29674337557083,95.0848141788522,-69.74954746386857,143.074097809894,91.24156369997682,-70.03332977444796,144.0143023909771
2972,-40.4019135957098,44.85009512400002,71.04934528080658,-36.36344680593223,44.3874199375145,71.333817945778,95.29807513464938,-69.99420382477759,143.05605820714385,91.30080162319068,-70.18621028478078,144.0339518702927
2973,-40.17661572697739,45.30404577696327,71.09010690978515,-36.13728608994584,44.84210191320334,71.36516392266566,95.48647625358046,-70.04830633223207,143.02898083617958,91.45053746564692,-70.26107798682226,144.0589567269685
2974,-39.951527209991774,45.75928553001924,71.12469702734941,-35.911269330932356,45.29904133442498,71.39358078948533,95.63402098177599,-70.06988029131298,143.0143159505276,91.49440206030158,-70.36323190673394,144.07986118137745
2975,-39.72784564733469,46.21622312419861,71.15686741428412,-35.68891840225128,45.753977799050574,71.42349781888569,95.84427118334743,-70.19016999932454,143.03195315540586,91.60548874729201,-70.52924127725,144.102723202882
2976,-39.50841944440758,46.673602172157246,71.18220017811838,-35.472425075718505,46.208265181374145,71.44891114455014,95.49661757905513,-70.4004199088797,143.04924894268004,91.14331877768896,-70.77040239200092,144.12064830804226
2977,-39.285229180266846,47.128796602056354,71.20691014750332,-35.253282620419526,46.659098588033814,71.47971656982541,95.14720067350378,-70.41462440267753,143.04894082023486,90.88827259588462,-70.69117707954919,144.11558173813734
2978,-39.063890130724175,47.58324356354631,71.23206821327189,-35.0343190442469,47.1135937806775,71.51587660490055,94.7223207149491,-70.47804241470945,143.06932857376844,90.61165522179176,-70.72063214799347,144.1204026550365
2979,-38.84672177707929,48.03837295083745,71.26828713094363,-34.81913140046757,47.56732142283174,71.5596218246009,94.29791330760078,-70.4058230584571,143.07058364626604,90.20401007649527,-70.63307696648306,144.11957106417063
2980,-38.63267303950079,48.491253912599554,71.31433400026408,-34.60372156158869,48.020535222464275,71.60959797621952,93.91143215953046,-70.18915323502259,143.09908273624006,90.03237728364671,-70.31310661574221,144.16773315076722
2981,-38.41900824359628,48.93973469285132,71.36734231250463,-34.38492362154125,48.47217781594387,71.66268181710504,93.50584836641096,-70.0259419259349,143.10845514830189,89.7903017082368,-70.1769272786339,144.18149770985133
2982,-38.1991952811531,49.39409448111268,71.42349809474196,-34.162085216638864,48.926958775728195,71.7156625523338,92.99919104249226,-69.8537080841234,143.12970207564797,89.53206891710836,-70.14411220031522,144.21594198108838
2983,-37.97415832671657,49.847452157635516,71.48869821386947,-33.93706851510843,49.382507307207,71.77192590571872,92.76248169476752,-69.52795544662104,143.13817121699813,89.1469347595625,-70.00480744043611,144.2233579106079
2984,-37.75013131097549,50.298445509505,71.55601818872191,-33.714318369171345,49.830844460083924,71.83133731350287,92.44273485846907,-69.34799548669157,143.17873918268214,88.84230954243922,-69.82875438980219,144.25485402639077
2985,-37.528613149806596,50.74165967146258,71.62215461974597,-33.49403962549176,50.272572803963584,71.89000225710718,92.24062539078943,-69.13061607971791,143.23346916338616,88.68870825399608,-69.72666837532161,144.30678652786258
2986,-37.30664057816602,51.18436915278066,71.67538329838675,-33.27260451476103,50.71264205426147,71.93402422237762,92.22269540698755,-68.89927752836923,143.3071205315721,88.64008275787639,-69.50849079840502,144.36991849843074
2987,-37.08183196177462,51.63102627920266,71.71605310407891,-33.04615023687459,51.159138230491266,71.96688842431871,92.09600970746925,-68.83431460770417,143.36094300306976,88.60882560058236,-69.32102971099881,144.44308296904546
2988,-36.85412627515024,52.080214931043066,71.74776083739843,-32.81410741320444,51.610258431487075,71.99409370691914,92.1050243296333,-68.5804680461,143.42184351253,88.66481648322593,-69.02483060110498,144.48740498180578
2989,-36.62338274181802,52.5211504980068,71.7711223040217,-32.58045228086114,52.052043163884875,72.0145499191344,92.20778214950866,-68.20876305304716,143.45539210869666,88.77625126180092,-68.70047895940255,144.50808605405467
2990,-36.39289851687626,52.95621909972061,71.7820347512548,-32.34980209943066,52.491530119397055,72.0277543735082,92.0913940089736,-67.85899330279088,143.47721272336074,88.37898406505444,-68.35796362055397,144.48970377706877
2991,-36.1617913421973,53.39341455803076,71.77972130065817,-32.122941233299414,52.931336833324075,72.03486786451182,92.0713892240277,-67.65126210589253,143.47523517166678,88.19849665259851,-68.2180198767334,144.46797654219458
2992,-35.92877716964274,53.83216709311303,71.78030268087232,-31.89638431283221,53.36961317156534,72.0557586982956,91.8287690909804,-67.21137392002456,143.42742811652266,87.83021697963531,-67.82016095048307,144.414015668961
2993,-35.696272289890736,54.27173883796508,71.79813866938262,-31.66982311696157,53.80721566571881,72.0921016779121,91.42481513387949,-66.87807266978609,143.35343343185153,87.38602275450741,-67.51641105067175,144.35327493336652
2994,-35.46563426761825,54.70299037745844,71.83566206254567,-31.440052534840067,54.23950871758203,72.14409250955484,90.94072393158024,-66.51075755892997,143.2500810680402,86.92364908837925,-67.2142127887637,144.28603554401337
2995,-35.238774637848046,55.13174318539551,71.88825873112013,-31.209090251654,54.67202511093034,72.20582299263282,90.54171296278092,-66.22025905103935,143.15221827218716,86.7587386709088,-66.941723835949,144.22393229206517
2996,-35.00954211505649,55.56650565000799,71.9573759190563,-30.97186703570673,55.108048413030716,72.275459719313,90.37263326096551,-65.71193230463476,143.07631863361897,87.01757158689803,-66.33749639980756,144.18923055806445
2997,-34.774066922266044,56.00005954627693,72.04360670037853,-30.729846124407363,55.54142647584774,72.35204718656885,90.62494458913311,-65.31284361661494,143.07240529631449,87.32999234004004,-65.90299134688611,144.22537968031313
2998,-34.53239181449409,56.43357852921856,72.1449614895757,-30.484176210512864,55.97573615463566,72.43408036750117,90.8556178279404,-64.86705590573854,143.0818384638469,87.67846314975053,-65.632403321655,144.2654497506521
2999,-34.28593971727462,56.8456588499973,72.23565326006718,-30.238373910841723,56.380067363982896,72.50335534917386,91.20162613342961,-64.64645737005367,143.1134429087472,87.90240850564491,-65.4329360043268,144.29673751534088
3000,-34.01915667728373,57.200670574937796,72.31230523809162,-29.97935066553649,56.71954029727382,72.5600723659498,91.61838482513132,-64.3616692232947,143.1681090828949,88.0182286180017,-65.14943478077241,144.33716941533848
3001,-33.71926592852671,57.47702380243744,72.37165337283673,-29.692713026923883,56.97957743470834,72.60387599553847,92.16308757760129,-64.19745565729741,143.22894664589427,88.1791505238101,-64.91731785197447,144.3677188229902
3002,-33.397540807850085,57.65224998606466,72.41361212335698,-29.38580117469989,57.14651036720031,72.63566806739698,92.60194635367591,-64.08724553575442,143.29348211931026,88.35490439026267,-64.74108145628323,144.39045366023612
3003,-33.09071362179741,57.7211020607948,72.44045977767155,-29.082575192739693,57.21677929860044,72.65977179905312,92.68890557790591,-64.0878277446228,143.34904027653525,88.56280066375814,-64.62953727246801,144.40829933842454
3004,-32.827925030373954,57.70608869268742,72.45457527746204,-28.807224331872444,57.20668844609328,72.68120278351863,92.77745714179827,-64.03009066488897,143.3637969739868,88.76675570330409,-64.584752420789,144.4239696522863
3005,-32.63831697045989,57.638528612018945,72.45313649115748,-28.58284526997856,57.138722362279374,72.69733914647398,92.91191075365992,-63.91732129427414,143.37141707281245,88.94510150181273,-64.59717589573322,144.43559228723655
3006,-32.50923751664314,57.544139573293734,72.44904659635539,-28.413679165013992,57.031511479378885,72.70921550202564,93.08464111441243,-63.88623705500946,143.3805846394015,89.08509605040685,-64.65285257474339,144.44456296366334
3007,-32.43130181064631,57.43505144781086,72.44988268289195,-28.301307183742775,56.89974138604838,72.72587395753669,93.16009222690118,-63.963415815679156,143.38258007054154,89.18296432469222,-64.73772062138107,144.45919891579692
3008,-32.40093171903344,57.32449841239778,72.45494246090868,-28.238936276972108,56.76002505400086,72.74436578652838,93.19688518353384,-64.04487258367112,143.38940668968831,89.24144715517536,-64.83696805782716,144.4757683957467
3009,-32.40962367915857,57.22610050116255,72.46347752504865,-28.217988203541157,56.626460289517624,72.76261810720965,93.19570299319908,-64.13481615056453,143.39959534404915,89.26733286757826,-64.93602677904666,144.49220238797517
3010,-32.4453898581096,57.15087768118759,72.47365927888106,-28.22899479210519,56.51161082654795,72.77774074826665,93.16370868813004,-64.19960797820809,143.41054588213814,89.26678135515019,-65.02318296056501,144.50610798173489
3011,-32.394556435533396,57.20170118477726,72.48141317516031,-28.19648623589161,56.60359192689554,72.78762318404078,93.21096895837796,-64.15570515824857,143.4190780871348,89.28585884647897,-64.95295487905473,144.51525169112355
3012,-32.44873180564491,57.16905845703466,72.49184203216517,-28.24000827243634,56.53353474945401,72.79862162521114,93.16158917669534,-64.18109539049746,143.43003397829665,89.25683271438508,-65.00636113458599,144.52556977054505
3013,-32.49513952056938,57.14579881895001,72.50416113088637,-28.282341019582983,56.47858138022491,72.80926957059832,93.12092321544726,-64.19871472727489,143.44269568244638,89.22779011980089,-65.04902347648301,144.53566589778202
3014,-32.52643179887081,57.11216258571665,72.50585852096326,-28.316397826468805,56.41510038697575,72.80944062679592,93.09467817244952,-64.22636858871554,143.44440428716698,89.20539581005316,-65.10180612648615,144.53507939168315
3015,-32.53987818574509,57.051855032277075,72.4996020925319,-28.335252470002516,56.32012000046483,72.80216180082132,93.21013383395135,-64.28744928295706,143.4379841451265,89.37025509785457,-65.19625528496796,144.52706051427037
3016,-32.53817105109965,56.95702956750569,72.48667778155449,-28.339180749760843,56.18748679061567,72.7897956927871,93.25608673282852,-64.38675319972025,143.42456268216006,89.39632559199765,-65.33534788905816,144.51338939241847
3017,-32.536128648913866,56.82213638132465,72.46871155009673,-28.34769856172699,56.019899436778196,72.77436428186611,93.29132856983423,-64.60699452553006,143.40245415805848,89.39756307565476,-65.61936583656396,144.4916630976648
3018,-32.55896988456065,56.64512971661165,72.44684601121493,-28.38778724322039,55.82576890244677,72.75453200214027,93.22986126224895,-64.48219752529678,143.3574709356337,89.26990257513346,-65.35818147371532,144.44016506567334
3019,-32.63522249259511,56.43214409645543,72.42031154285397,-28.480914837399517,55.61710265359464,72.73415993178862,93.22288044037131,-64.3472245272289,143.33403761564608,89.24783698563822,-65.13231332416488,144.43159155544436
3020,-32.77582531449945,56.19380611470668,72.38972755410937,-28.624791083899197,55.40275318712665,72.71373502189918,93.04812146669038,-64.18806324092269,143.29557569809427,88.99265950481019,-64.92001056470984,144.4052924938243
3021,-32.965401255654655,55.940866600690484,72.3714518857249,-28.801010924826585,55.18394735932259,72.70681199521627,92.98457837425293,-63.902620228993754,143.28579858042625,88.93301217328833,-64.59578316873304,144.4149607360542
3022,-33.17772683131545,55.666928476568536,72.36619234990928,-28.99303307115877,54.94114032982908,72.7118580118377,92.88070856957236,-63.59223745339887,143.2948173848323,88.96142098310862,-64.43278942839318,144.44001672748158
3023,-33.38498884294179,55.36381519731726,72.3714749502775,-29.178679836213636,54.66688700257236,72.72433705948444,92.80139370668536,-63.341339854363575,143.35167150480927,88.90696166630357,-64.38110955008511,144.5209285522347
3024,-33.57154156207385,55.028780897283994,72.38217706139771,-29.34754936396102,54.36055658748831,72.73797545851492,92.81081302749647,-62.94441635153519,143.43462944792103,88.93119508986958,-64.27796812252038,144.6131512646622
3025,-33.73811397665555,54.6696629552213,72.40257285257444,-29.499311572790937,54.032218169908425,72.75574207226491,92.63482765488051,-63.115173837075815,143.5350633340254,88.72757379416593,-64.4916566909885,144.67899489162113
3026,-33.89890772020628,54.2964661995487,72.43229053126072,-29.64943632560879,53.68987362367483,72.77710267585121,92.31633816923669,-63.27733779971328,143.62297140604457,88.4011309279274,-64.64600819219822,144.74692720785896
3027,-34.0655809510165,53.922097109411816,72.46907400948255,-29.80384665008451,53.34404778213892,72.79879120981359,92.13715500651486,-63.240770308884294,143.7390631701607,88.065676342639,-64.51193792637301,144.82266298167224
3028,-34.25200700523379,53.55200433011666,72.49342058622437,-29.974338618528087,53.000940817615046,72.80833013504449,91.64755745295454,-63.39698563132863,143.8520022831895,87.46064061973154,-64.5139985926265,144.90711657259956
3029,-34.46057851295962,53.195480872800054,72.50506916552158,-30.168693377360754,52.661737125786914,72.80858270441063,91.12505832197301,-63.52031478411661,143.96296054345615,87.03558593596132,-64.56584583384193,144.98948557193978
3030,-34.684350794760235,52.84183274109676,72.50468241737819,-30.38059673525405,52.31895336557088,72.8001213180142,90.72239790139089,-63.366090618528624,144.04226563051955,86.80448702312752,-64.31806796991846,145.07123233453058
3031,-34.91243362254664,52.48661042273705,72.49563773451355,-30.60101535426359,51.971021931467334,72.78530284611915,90.12064231176015,-63.07606405352945,144.11939294117064,86.41892735829468,-63.87558235395003,145.16007449661575
3032,-35.13645146493539,52.12196042437599,72.47550279555344,-30.820541407999933,51.611833961702445,72.76596285494502,89.71371741618948,-62.61933592041817,144.21993449712605,86.12354780131794,-63.54420548103655,145.25644340624
3033,-35.34243416328502,51.741553630648816,72.45184465663444,-31.026644736717703,51.2371877216757,72.75404149370473,89.41972162107102,-62.226448166468266,144.3403294103491,85.89650240380585,-63.30869036229102,145.37526097225302
3034,-35.53741785556327,51.341429987946476,72.42718547990638,-31.22214765731284,50.84605275423794,72.74776204172392,89.1902329510141,-61.98233894431901,144.48585491050142,85.77012255484904,-63.0606481868718,145.52692380703928
3035,-35.7264544842314,50.93212603724773,72.41316242752072,-31.411469406564127,50.44958853691728,72.74825865411982,89.21718771695869,-61.743425675172645,144.63508233404403,85.6888136063819,-62.9849752331813,145.67987121200625
3036,-35.91611857454315,50.52172754546113,72.40895633780852,-31.600349365105718,50.053821697099586,72.75376216517977,89.03415831483423,-61.35397207938818,144.79379183868454,85.39417466842997,-62.793026318791235,145.82966817111273
3037,-36.114821167268545,50.117694704361995,72.41456790878142,-31.79635691251357,49.66210735402762,72.7632584190666,88.72955107387507,-61.01810780171972,144.96838655082738,85.0653591549793,-62.43068812633697,145.98920537233175
3038,-36.3255013872378,49.719982569790005,72.43004977802954,-32.00165758890314,49.274578508578614,72.77609894248134,88.51030723787915,-60.80996084114459,145.13050057838495,84.69346168586782,-62.10376294272171,146.1242772630425
3039,-36.5527986318141,49.33038215100651,72.4505041481783,-32.223316381003826,48.88996494492131,72.78479196365211,88.33141514660923,-60.46735736263046,145.28977587767736,84.46843057588687,-61.67212132994839,146.25310501778478
3040,-36.79087840362484,48.946548711217446,72.46623490337548,-32.455869337036795,48.50559221516767,72.79008617352095,87.9892194804832,-59.98564291014882,145.43721135289223,84.07467136440064,-61.151915958672475,146.38102235012545
3041,-37.028799589152506,48.55572843005969,72.47732561572454,-32.69099776382064,48.110877340861094,72.79265311063114,87.79105441723465,-59.66906864403909,145.62533565358385,84.03201381570084,-60.904615860512486,146.59337626558082
3042,-37.25786498908153,48.16009608677349,72.48303342626319,-32.919540431217264,47.7132895942899,72.79305687055434,87.34668463732237,-59.215126671408214,145.82117947004528,83.67080963984664,-60.62940271206614,146.8057845661197
3043,-37.4862932759732,47.75095734358963,72.48266919592204,-33.14945630181818,47.304446541400615,72.79048940250642,87.19793292702872,-58.49044816730747,146.0498124009669,83.58369686231747,-59.87781143911905,147.04791279082087
3044,-37.71005965597184,47.33429110433012,72.47495796631004,-33.374798112571256,46.89355390989694,72.78410772416532,87.0945100012481,-58.03810183415175,146.29631095438032,83.4981841536829,-59.4459107341182,147.30570155066937
3045,-37.93594206656648,46.91485691805527,72.46814679945129,-33.59924477442239,46.483662250628676,72.7855891553323,87.0088065392873,-57.64926619716624,146.5428723203303,83.33929997089727,-59.15967597405264,147.51994850393118
3046,-38.16061839183971,46.4944914449154,72.4702855876669,-33.82011775138733,46.07177270135594,72.79644374230244,86.8539238339343,-57.27271396324911,146.80063916721306,83.17313634063102,-58.78677204681746,147.73087785111372
3047,-38.38503273235105,46.07695321514113,72.48276373989592,-34.039367416991524,45.660460035870265,72.81593417815857,86.89831669359832,-57.022997349082125,147.0551077578648,83.08486415860801,-58.50792719114694,147.9243493789662
3048,-38.607772982589644,45.658887394207795,72.50406364708819,-34.257377799392685,45.243063777542964,72.84000248567912,86.79653692502676,-56.69724522732948,147.2199049596568,83.09240284455632,-58.333587626506926,148.05881638636615
3049,-38.829995577643864,45.23688702895482,72.5347594547921,-34.47478982391527,44.82191261214116,72.869510284102,86.90340258809643,-56.384886621449176,147.37470669410106,83.06312323538722,-58.147211689815315,148.19790183110854
3050,-39.04809673550548,44.81951679790501,72.57264557800265,-34.69097789818704,44.40226249021614,72.90147287663594,86.74742140871454,-56.459044546700746,147.4895469666658,82.867465732646,-57.99816290515666,148.32531608946886
3051,-39.27082370979318,44.40178499298412,72.6154116456979,-34.91450727615833,43.983333711763294,72.9324613016317,86.5140355553226,-56.29179486894061,147.58155356843383,82.5982521028695,-57.70957846515063,148.45783190859234
3052,-39.49528576351016,43.98226202733009,72.64599597480996,-35.1401075550341,43.56693733761507,72.9490295638466,86.03614066591457,-56.3845636623207,147.67186091059264,81.95100604509753,-57.900290638488464,148.56758122197266
3053,-39.7278977182387,43.56297866447549,72.66526572211862,-35.374634508169066,43.15022756885894,72.95679107940818,85.72974561512878,-56.49835444769179,147.74421258205223,81.64089010737837,-57.93670880058897,148.6676819646983
3054,-39.96393282388528,43.14380871902496,72.67522669918662,-35.6122468045949,42.73680570364685,72.96015072450386,85.23920868255766,-56.5755204512802,147.79969347791393,81.17922630849223,-57.93751233717206,148.74980185229188
3055,-40.201971996328204,42.72993005233515,72.67566989660777,-35.853631223272764,42.32669601516018,72.95644692356757,84.81616024223868,-56.66338632675792,147.876012870747,80.97823758617001,-58.0098875874026,148.82542413620018
3056,-40.44182442611129,42.31127112369942,72.66508045788507,-36.09874552649243,41.90898692286972,72.94692191018358,84.31951063967118,-56.8164578222827,147.92743948557782,80.68242314227933,-58.10860753844022,148.88149476400662
3057,-40.677269415812276,41.884830369062705,72.64447412140618,-36.33544293025622,41.48392375348455,72.93451582546814,84.12513482733846,-56.85732646776615,147.97330519311473,80.69378157248671,-58.01693913633163,148.93485908307906
3058,-40.90594604000093,41.45468427190352,72.62721327339506,-36.5661793223658,41.05492776880501,72.93694428756821,84.0495076122097,-56.996921248366974,147.9764415124684,80.75187506127666,-57.90844637044987,148.95227097389943
3059,-41.127346716916904,41.02131699620296,72.62697758757893,-36.78486341215519,40.62279829373284,72.95426111924546,84.1540323540766,-56.816749059012196,147.98695801375658,80.62326633121542,-57.813598684721704,148.978471788047
3060,-41.34060966934683,40.58572927526888,72.6447584192157,-36.99684594375549,40.18882302974269,72.98503047311361,84.16149742616813,-56.75396544843757,148.0330955404742,80.59092664869733,-57.78206637342626,149.0617152462394
3061,-41.55387413355014,40.146208064207755,72.67760663834495,-37.20746915212267,39.75368019191894,73.0252619973981,84.33642322549925,-56.62208326904901,148.13453836516402,80.5867664395926,-57.65335457543793,149.21154138023024
3062,-41.77134040042403,39.70574522779837,72.72797745818572,-37.423021396147554,39.31685338094906,73.07488477554206,84.53220857401648,-56.37418978938993,148.30296942257635,80.78447334657014,-57.44495614236861,149.43256812673798
3063,-41.99668441751852,39.27917927734797,72.79304411077777,-37.64842697911925,38.891644031678574,73.12961846557378,84.79279400838463,-55.904491725139344,148.54432154963988,80.89789506616675,-57.011100838594665,149.70686151746156
3064,-42.235873442393924,38.855854180656806,72.85897173262387,-37.88551873344084,38.465436741015964,73.17112307585313,84.81986003207795,-55.49918622726904,148.84286478750158,80.89720256005404,-56.57122768218981,150.01292971998575
3065,-42.475287207761475,38.4361098395484,72.91025163884039,-38.124189568723054,38.04341697863792,73.19926047718906,84.78115345788234,-55.07079621085041,149.21673872623708,80.85427106855353,-56.152528758187756,150.3383538774174
3066,-42.714622079312235,38.01534363799096,72.94309828520709,-38.36107044103723,37.62144331098419,73.21429496345422,84.97542952458275,-54.704894239769914,149.63870227707955,80.97322657509726,-55.890847899803056,150.67638469523368
3067,-42.948152157228726,37.59183661326414,72.96052622529182,-38.592113317835455,37.19851559793963,73.22150920299903,85.09284966015382,-54.38103752827048,150.0291614236531,81.03395985609819,-55.78644680024447,150.96569847398115
3068,-43.178326717313496,37.16445337036483,72.96945900253971,-38.822375227092884,36.77234794278313,73.22808598466945,85.25779343260551,-54.167502473028584,150.36782544681705,81.17893379042532,-55.756350008433785,151.2077648881071
3069,-43.40714226357975,36.74165317848543,72.9644558598284,-39.05275768615228,36.34871244677595,73.22958953023006,85.11294806741098,-53.9450930114449,150.64535065716163,81.06389260553861,-55.62009334337251,151.41945152207802
3070,-43.63327869094094,36.310621344333335,72.94393090294308,-39.28024088942875,35.917961599316534,73.22557806250965,85.0554239993764,-53.955147969134906,150.86467868362627,81.04646955252049,-55.56235704362528,151.6040499516189
3071,-43.85304528642296,35.87692400604984,72.93239023451743,-39.50134375813499,35.48203969325357,73.23326464814095,84.97075197772281,-54.148056020637846,151.03518250829586,80.89052795157681,-55.684208737752904,151.76932899268192
3072,-44.06554046803844,35.43587754387156,72.93606506633768,-39.71325428170848,35.03895133530361,73.25366862909063,85.01880799490876,-54.25150467601868,151.1768090336536,80.89848391850778,-55.59412235408549,151.94550978896964
3073,-44.2727698693254,34.99455341385487,72.95895575354868,-39.919990985567374,34.59704834849053,73.28835283420082,84.96389310013609,-54.24948511510327,151.30214305722203,80.916140934289,-55.43576309202927,152.13871316678052
3074,-44.47877742486355,34.54586095223201,72.99596912956419,-40.121957205119315,34.15089967345192,73.33135813615665,84.74036975399625,-54.193190379484456,151.45658596009653,80.6718431593058,-55.33934598660289,152.3514954923177
3075,-44.679776565296564,34.10951222917211,73.03920952900147,-40.32075841581324,33.71661548039554,73.3751804663427,84.38560562505235,-54.17045789919364,151.63533367692636,80.39087167731519,-55.35545475204025,152.56663332200145
3076,-44.88826844137853,33.66949749408177,73.09701785223119,-40.5282078960729,33.279757701807256,73.42579141175942,84.17247746509999,-54.17700798824041,151.81561423880817,80.129629163617,-55.315763578237984,152.76053644440222
3077,-45.10934527973191,33.23512235390757,73.1696302045752,-40.74816476978192,32.84515416369104,73.48218828098433,83.9901776014269,-54.170771214450696,152.002617771145,80.0417367521355,-55.31780117216063,152.93908345069156
3078,-45.3372237538682,32.80794283430002,73.23050441766416,-40.97495614876499,32.41597641358024,73.52382228975067,83.86525975685147,-54.048607429036736,152.19639407057414,79.90671675825082,-55.32534010721348,153.1110438695645
3079,-45.568526981985244,32.38379622287913,73.2758186071656,-41.20466365610059,31.987434553319957,73.55039685013394,83.5678443730765,-54.15610473745053,152.36146977675529,79.69487120603819,-55.469838712660305,153.25084160645926
3080,-45.797102777647595,31.957383503969652,73.30500539464487,-41.4346440179309,31.557419374901613,73.56704420703586,83.18469809212542,-54.37122985001288,152.519498788254,79.42373588799737,-55.650739306833515,153.40505268262763
3081,-46.027885217840385,31.52352034662957,73.32184728577109,-41.664743526486,31.12166408805916,73.57827334261466,82.97821770741895,-54.545660266857034,152.65010326602572,79.19836306785716,-55.7491269445236,153.54303246654422
3082,-46.25798757262644,31.08940282825013,73.32674601193185,-41.89400342505432,30.6890684785804,73.58219657197688,82.89352927346624,-54.63621925429503,152.76573674657274,79.0908628923857,-55.79454268684659,153.6827437906551
3083,-46.494452468528515,30.65075883587764,73.31627127565883,-42.13196423310676,30.25147297325702,73.57940747862676,82.72428964760768,-54.78496092253884,152.88850569382367,78.85857270797223,-55.86073267877285,153.82441404898418
3084,-46.726518594502174,30.21282239178369,73.30189368009857,-42.367899451015994,29.815055179392203,73.58678271954834,82.43310874021067,-54.891741691027,153.00391934189554,78.61868575651843,-55.903005417561,153.9522360154223
3085,-46.9546996044216,29.76928438041034,73.3011647531152,-42.600237911041035,29.375843052359713,73.60700097443362,82.23077909089866,-54.81317111568722,153.13431211807261,78.48533501745182,-55.680603539254214,154.10453901568516
3086,-47.176620411102014,29.323523508301516,73.31805842735125,-42.826703188813525,28.936552490863203,73.64012976084393,82.27161315093964,-54.67895842074546,153.24732515465226,78.61397629338127,-55.561331016761436,154.20328561949358
3087,-47.39245144561773,28.872053842761993,73.34948513402573,-43.04620613502715,28.49058192228983,73.68164126420609,82.32628948873548,-54.47555843383926,153.3638529386301,78.63814521747328,-55.43669708181105,154.32906480259646
3088,-47.60929165767743,28.422575270563033,73.39274559365155,-43.26621824725987,28.043450997117265,73.7284538894325,82.39286316197897,-54.29702715371197,153.44588282492526,78.66699624674503,-55.327915355589106,154.3965852879607
3089,-47.82500502401368,27.97447443302501,73.44811870255425,-43.479499162671075,27.598897315294742,73.77730840551412,82.43178150339746,-54.165332972964784,153.51724585941838,78.72475403972145,-55.27179163822827,154.4656785700103
3090,-48.038201376077296,27.524302915773955,73.51836043480036,-43.69090200772536,27.14723628450593,73.8320105914804,82.49350711734728,-54.07696321395983,153.60697128299356,78.66094345044907,-55.329875001769864,154.57782186863935
3091,-48.25423801936927,27.080498074243025,73.58963499381208,-43.903046876423936,26.70268974815431,73.88892332117186,82.62853942871219,-53.982862139923675,153.68273359415326,78.65568717631349,-55.357824074038845,154.66253890824467
3092,-48.48050022410322,26.642559517444404,73.65128385190901,-44.12667769156678,26.26331366419874,73.93551786276915,82.46049452588858,-53.927084405617066,153.7594090121416,78.27601629297507,-55.16907732177777,154.77896210377247
3093,-48.71179974206698,26.20770839408886,73.70311348920936,-44.35717181050781,25.83030082742907,73.97539696140299,82.24819963452971,-53.82566301451875,153.89941270838062,78.1487646669902,-55.012327399545704,154.93938532798074
3094,-48.94866621622724,25.774300251670397,73.74598095576575,-44.5936407069462,25.395418781879517,74.01056042510434,82.09274652699602,-53.83079997193581,154.05342266475347,78.0499439801708,-55.00657759747045,155.1326824637747
3095,-49.18049817141562,25.33983422992087,73.77489180256,-44.82804250624836,24.959468552739146,74.03573612436269,81.6160284598715,-53.87828348090463,154.27233960259014,77.53219854036803,-55.05164306182618,155.34589235167945
3096,-49.40923668379289,24.902592791551324,73.79836844290334,-45.057980216568836,24.52087906038558,74.05801244086467,81.20344862241511,-53.95353858526371,154.49067560176093,77.2400222771151,-55.15763294254638,155.53194451400054
3097,-49.63854418209215,24.46321579094418,73.8177594962889,-45.288482086005466,24.07913408916535,74.08191865805125,80.65291767272745,-53.83595952372273,154.7219651612861,76.69973983497721,-55.071172597167525,155.75191288605885
3098,-49.867362108330695,24.02233484821423,73.82782797428476,-45.51526799841684,23.638425458759716,74.10247181051146,80.03693861610004,-53.76733916232068,154.99895084167395,76.22288976499689,-55.05256414048131,155.98724704903083
3099,-50.09623461271313,23.584648761284754,73.84148715584193,-45.742562401708575,23.201314702789638,74.12522782312524,79.61021563033569,-53.82224188522128,155.25441257469302,75.73255500252266,-54.997671898459764,156.1965990259498
3100,-50.32736660261704,23.145022791914652,73.85891119545599,-45.972871144048845,22.765006399510114,74.14983146227675,78.92267939234003,-53.74460921272695,155.47496239149945,75.15171127741796,-54.7669506148401,156.38181610130064
3101,-50.553078491442236,22.707575337467,73.87898685478406,-46.19973759402917,22.33024137154791,74.17485914407844,78.69548936178249,-53.47098441230603,155.63626868648856,75.33434957424741,-54.42449733208068,156.50991983397387
3102,-50.777877112433636,22.273219034024525,73.90178408660266,-46.425973445397254,21.898693026657288,74.20094689428036,78.83591256499871,-52.905122035470825,155.76893800757227,75.55850014725867,-53.79537584633594,156.6359760885066
3103,-51.00443718083666,21.843636187429123,73.92538997534051,-46.65325995235337,21.468112903368485,74.22684951963632,78.83137198807867,-52.624794429181094,155.89270826968774,75.6553214807935,-53.758612479246295,156.74001925414984
3104,-51.222475170133656,21.415344900728545,73.94480580106901,-46.871500136116744,21.038022961591544,74.2445158244149,79.01556995559622,-52.50881345451747,156.03742235124187,75.69441695010691,-53.7944835363,156.92008970913864
3105,-51.437184359194376,20.98274147468952,73.96138510396688,-47.084559475946136,20.602532902962917,74.25643639054029,79.21440269638349,-52.4831174617454,156.14917699713791,75.70354773745923,-54.003877481274266,157.07703049678668
3106,-51.65019971815059,20.55459910138038,73.97184302588282,-47.29586596684336,20.17144616421773,74.26364085182259,79.51406904556347,-52.41040916290776,156.2652812800345,75.74398209409223,-54.068180574442614,157.23004233858384
3107,-51.8670882261902,20.12176446768344,73.97576597911981,-47.51130767194542,19.73383543528539,74.26631278576406,80.05930047165033,-52.73156770208619,156.37755696275082,75.92205012276646,-54.488692060917785,157.36163505055677
3108,-52.087820400504285,19.689692702638652,73.97564883060487,-47.73229394604315,19.296651471136844,74.26711139324763,80.05693252712916,-53.2952021193287,156.50700103946167,75.9490117926018,-54.990660628824386,157.4746573822105
3109,-52.313439932656934,19.253993474547524,73.97094146987439,-47.95913557837724,18.857424531695052,74.26648022317626,80.08213153410014,-53.84047246756486,156.6353970858954,76.09348424866003,-55.01231135966359,157.58575966566505
3110,-52.53976773373247,18.81816762342447,73.96078071987594,-48.18675512285094,18.419657749851826,74.26402930124125,80.07895336702788,-54.23899653823921,156.7703534578742,76.08563471123583,-55.29018014415865,157.68826184367643
3111,-52.7647849610495,18.37626392014843,73.94927394376128,-48.41240061954137,17.978659104878822,74.25953157360875,80.37040972337203,-54.53171537515797,156.83208361996248,76.45173079681453,-55.42834215690472,157.76610905762755
3112,-52.988828763472966,17.933187289919992,73.94289998727253,-48.636895485075705,17.539312291938934,74.2613162967213,80.71336544192603,-54.67494997783596,156.8680442818317,76.7867028618908,-55.50955190156369,157.80541385070833
3113,-53.21403489324548,17.483395998608454,73.94314996303018,-48.86388357599165,17.094947694469028,74.26870090241779,81.00279044261781,-54.97520237417387,156.88994069166648,77.01530279035016,-55.694234899339705,157.8460246732468
3114,-53.437898823796466,17.033794504739173,73.94930559615811,-49.08903771622951,16.650151967347327,74.27950894437207,81.12717652805192,-55.017133142626186,156.93612071270613,77.10679004301234,-55.85133860492327,157.91820742289443
3115,-53.65497190542164,16.587971003255127,73.95774471783362,-49.307185689287294,16.208600905065428,74.28951388697344,81.36222005708649,-55.03500977643395,156.9607281000342,77.22964872120413,-56.11130335463251,157.95379557426233
3116,-53.87018243476169,16.139389295427357,73.97163045994627,-49.52391097971503,15.761974280899995,74.30263103037082,81.68939196615064,-55.2471328592445,156.9851071420563,77.56952908681498,-56.208987051423826,158.00327319392719
3117,-54.088607344117115,15.689787740031951,73.99047976650571,-49.743297365023814,15.312594126111017,74.31761035191957,82.05557939631274,-55.258301359990746,157.016909001486,77.78521809337637,-56.27310203876458,158.06481669236283
3118,-54.3124345520568,15.243154031035152,74.00511680762862,-49.96472420964539,14.864185389501191,74.32203162208184,82.17726456751677,-55.212865205627885,157.06747128793577,77.98355923952433,-56.143197165178464,158.13678597927284
3119,-54.5462130908784,14.792946322751511,74.0087982395287,-50.1954539008911,14.411748748322745,74.31676153881841,82.25001031140884,-55.025792783285816,157.15940069739557,78.11558386193212,-55.811458927200405,158.22990196616206
3120,-54.78389842462065,14.345512532119905,74.00090470020375,-50.4299518718602,13.961755970579619,74.30291561849914,82.4416534704987,-54.844531407281174,157.25604747552262,78.34797493293006,-55.67547774059558,158.32098419211772
3121,-55.022960216364545,13.898351958126948,73.9832871917432,-50.665750248648095,13.511849348511868,74.28285401824851,82.66165537672137,-54.751671243217245,157.33714679955216,78.47962467888499,-55.69959843903145,158.41174736932123
3122,-55.263994108076396,13.451341602092144,73.95987901703582,-50.90214651077062,13.067542249920301,74.25972494202585,82.8366185380478,-54.47210849113109,157.42941150982472,78.56537674356919,-55.594320247243296,158.47890022921914
3123,-55.50707544975651,12.999317465000056,73.9275814536951,-51.142009176548726,12.61897781358288,74.23341320584018,82.54042642908679,-54.639583273315395,157.4898860123293,78.21597591510466,-56.03544309037667,158.510135277659
3124,-55.745322068962025,12.550856822246,73.88741357969465,-51.37959481584721,12.173504283311814,74.20525020715485,82.13906442791503,-54.81907573684688,157.5322300325392,77.73423771174417,-56.38939248051735,158.53047781881122
3125,-55.984513741996395,12.096769721004542,73.84765492525534,-51.61881817541757,11.722691753966899,74.1759926787605,81.57816611020677,-54.74325573048817,157.56173700309293,77.16058483254066,-56.13298858060473,158.5499669193991
3126,-56.2181207592073,11.646531404909444,73.81680070012264,-51.8548052370243,11.272747884612352,74.15677380063251,81.11682384236504,-54.712172902946776,157.62508911778932,76.81574334385606,-55.75933561681832,158.64896040374916
3127,-56.448336882298584,11.192418820971918,73.79622154687853,-52.086786727369635,10.819283183243902,74.14716931121166,80.77376876700156,-54.30836742313857,157.73121544940537,76.82495755501007,-55.06350097181593,158.80306169397056
3128,-56.67746735921504,10.737257933766967,73.78673995617878,-52.31601361464286,10.362796372468546,74.14631711537452,80.55212334362686,-54.19625870869193,157.86499027031775,76.95108897982621,-55.04371241072096,158.98232922652758
3129,-56.90764540485186,10.27969695220004,73.78639772424692,-52.54439112808155,9.90772674034321,74.15095587428458,80.31147042943577,-53.988318682506396,158.0380068460677,77.00292034188183,-54.76893120641694,159.17604678818302
3130,-57.131422568703606,9.8258726005672,73.79268540029449,-52.76774002657884,9.455491594295655,74.1555990581567,80.5872706599898,-53.4637940876911,158.2007225532284,77.36706390721193,-54.64158074919708,159.29262034448973
3131,-57.35060127088678,9.375538069053441,73.80319007066812,-52.98460453557321,9.008470320244427,74.15684447775638,80.95766267167316,-52.97745024024018,158.39141968840556,77.5877797346613,-54.60206503318078,159.42104262823267
3132,-57.57376084338524,8.924137236548825,73.82252615911915,-53.20804113812403,8.557372177382884,74.16273994934026,81.51286715606281,-53.30656813328074,158.60511872988158,77.8215811678292,-55.175988761598916,159.56184163008285
3133,-57.79911399206878,8.471667225859164,73.83594456677167,-53.433975896588564,8.104393644322897,74.16342623869069,82.12827966985006,-53.71096588128299,158.78801371867434,78.20123774265917,-55.56540221860949,159.711385955039
3134,-58.02664106333928,8.022643843587142,73.84122679647052,-53.663132257537804,7.651841698401199,74.1595695261784,82.70495120705654,-54.44045965259438,158.92370727753334,78.74238506329053,-55.925816585029175,159.83678484364398
3135,-58.2565638075062,7.573879911835956,73.83775704117062,-53.89421236998887,7.197403849137587,74.15172456426446,83.30959046876083,-54.65860307318369,159.01233174142152,79.33564787763072,-56.03392467961942,159.93271223867598
3136,-58.4879124777281,7.123783658322707,73.82528981285829,-54.1271261652901,6.743467918765257,74.13862372733851,83.77929885702797,-55.020938324920365,159.05689199467278,79.5764885024409,-56.060166853729484,160.00037609923328
3137,-58.718902241883875,6.6742827168239085,73.8093406892103,-54.359929515465865,6.295870256110893,74.12406025219389,84.07501127463134,-55.214860467271095,159.12395911729135,79.84579712753947,-55.94868701491535,160.05122766904387
3138,-58.952259023686366,6.220119676156801,73.79398923295676,-54.59350138475724,5.847741897635713,74.11018014030626,84.62232400071754,-55.12304162069906,159.16428111082357,80.33818389207701,-55.524735679539454,160.08823526244797
3139,-59.175681327092896,5.7646604753246145,73.77920065943098,-54.819092692669805,5.396233671208898,74.10507680548899,85.00736302639933,-54.67303519268179,159.16209837303697,80.56613248847275,-55.295664690783134,160.09457504781162
3140,-59.395862116442245,5.302751501233974,73.77247418405341,-55.04153656276427,4.936810080463916,74.10761099137989,84.87056674276062,-54.39075158476038,159.1271526257786,80.21485616219316,-55.27775948297653,160.08632858018888
3141,-59.61284128287571,4.843820969053551,73.77470494795698,-55.25824198292275,4.477875909921117,74.11662092642605,84.66332740622262,-54.20149446017389,159.07205458987255,80.08098829255573,-55.42874255767261,160.0541951581549
3142,-59.83505313742828,4.394167872336002,73.78603716353058,-55.47651122609554,4.0246020441612425,74.13150843709369,84.24687419663536,-54.37946407754526,159.00276001558683,79.83164012031625,-55.87022226490973,160.00550254270235
3143,-60.06284847068494,3.943454107404138,73.80626249452864,-55.69769295046513,3.568871886632384,74.15117909911575,83.89596866061365,-54.84661774364277,158.9041218797017,79.4871443930099,-56.58118672204761,159.9194253445565
3144,-60.292803535476374,3.494187236615499,73.83439595708846,-55.9208168689721,3.118876777028832,74.17399570208502,83.6252716728035,-55.36339629515322,158.7924038771843,79.39770851659132,-57.08811301844827,159.8291661371586
3145,-60.52281373183198,3.046589038121444,73.86913686651793,-56.14881425522861,2.6710821084261864,74.19749451000736,83.2089808624913,-56.08765062116304,158.69923246214734,79.40402729018496,-57.45266033921254,159.78087086647432
3146,-60.75335575472165,2.598172117533799,73.89372819246576,-56.37890537849477,2.222906821579747,74.20926628976842,82.80924410397915,-56.760430592244106,158.64735355620255,79.27429538330246,-57.79236915505781,159.77611591609258
3147,-60.98477513639095,2.15027557771886,73.90946091737825,-56.612814834037025,1.7738358746294667,74.21372379203976,82.56491101909586,-57.338936088614155,158.59722533285478,78.85684259371341,-58.075880519768226,159.75832269198892
3148,-61.219796943960326,1.7058695844173841,73.91806311461163,-56.84995356675318,1.3279723672405936,74.21445827443372,82.32922943033603,-57.75077973876181,158.5692558623519,78.67639364950324,-58.24528175099713,159.75136290000475
3149,-61.454708769012264,1.2635147020318063,73.91829443038309,-57.087780931191105,0.8874504225960985,74.21053144657137,81.165442101097,-58.68330891287926,158.5751838837103,77.07155515622772,-59.42412082170105,159.77101526670484
3150,-61.69383246545417,0.8208343139765437,73.90978711634712,-57.330850420797006,0.44298072573337655,74.20248633720837,80.09747721100906,-59.467691383023904,158.6707919703498,75.76271521037889,-60.51031878239683,159.86540441613278
3151,-61.935259137511096,0.3709381770919372,73.89181827810094,-57.57432123379993,-0.006356116998637473,74.19097826202253,79.03900082515737,-60.30410158224462,158.80018070412567,74.92593749200267,-61.395780701555466,159.96749932055093
3152,-62.16827990038213,-0.07578079160572448,73.87563910128836,-57.80803615772229,-0.45002793438044447,74.19007035061851,77.9605757739982,-61.08384549993904,158.86926879798312,74.29937746778984,-61.97868053775728,159.99129336649446
3153,-62.396132830104854,-0.5239896024338582,73.87302159602338,-58.036349044808624,-0.8959990747761915,74.20076029386284,76.76676579579352,-61.92492175537671,158.89878305897236,73.49676999674281,-62.561850222663345,159.98688884799415
3154,-62.61707147297143,-0.9764809551344162,73.88398707303057,-58.25686708319099,-1.3472563865444802,74.22183530569572,75.80143776398278,-62.54564249614127,158.9270073072176,72.85119685725992,-62.7179327548604,159.9662459158254
3155,-62.833314254455175,-1.4257575144959713,73.90440135966229,-58.470977300403135,-1.796414509318771,74.24788459402961,74.73008455743953,-63.4394058102241,158.96899137513833,72.32612763624056,-63.156138151753076,159.9724599579144
3156,-63.0531187898237,-1.871579436303696,73.93606245038897,-58.68716807474538,-2.2396571355098334,74.27927881600887,74.78616394933879,-63.47725310243462,158.96777330538092,72.10070519420846,-63.4474448048746,159.94755323102643
3157,-63.273354748741134,-2.3166143858546095,73.97915517428117,-58.90615280175103,-2.6888381963186925,74.31505968292755,74.83457239024565,-63.14096266264103,158.92279546321004,71.88266000299544,-63.30473712607783,159.94254188786542
3158,-63.4943826665017,-2.7554618839133553,74.0308106185351,-59.12594719192241,-3.1337382448523794,74.35242052990493,74.58343716377225,-62.96633411187043,158.89809110047045,71.49803433939283,-63.40925009972264,159.9960813109326
3159,-63.71893139150918,-3.192987536212849,74.0725844532867,-59.34778598848241,-3.5751011826195187,74.37859802950946,74.3357704044679,-62.893298337127156,158.9356672922125,71.21950403943073,-63.50592139119561,160.0714065236621
3160,-63.945307624718204,-3.6305598814248654,74.10319371163301,-59.57310151989374,-4.015386127030365,74.39599963219473,74.10432335581486,-62.79200011421456,159.02487435503602,70.70836287169936,-63.646966983548474,160.17991455259062
3161,-64.17297539921901,-4.066707445045052,74.12278924001247,-59.80217317031451,-4.452932764645917,74.40702486444401,73.73292032258824,-62.971215374175195,159.16910194169725,70.10575504218419,-63.82536086612904,160.32028565430304
3162,-64.40443905357775,-4.500617910119191,74.13278554714654,-60.036309882984035,-4.885546748513662,74.41141716329744,73.6182843883291,-62.9015181932791,159.32606128498497,69.94869869969845,-63.92585910433156,160.47377855276306
3163,-64.63800445340128,-4.937110120825618,74.13315923187906,-60.2742906222402,-5.318740156258424,74.4115698492336,73.66338697531289,-62.84343111313594,159.53383295300512,70.24656062450866,-63.98374653512615,160.63835946542574
3164,-64.86980703047175,-5.370162133898996,74.12545732994298,-60.51058590275035,-5.750803535695699,74.41038593974022,73.67003561043613,-63.21793667565593,159.7599522417262,70.41931938416683,-64.25813785698509,160.8101417423714
3165,-65.1005585281961,-5.8047583762592865,74.11857770993274,-60.74602641384329,-6.1844975009224825,74.41957532250001,74.01132115228452,-63.52630789414463,159.97075430695435,70.80211238292073,-64.59631651799039,160.98488541840027
3166,-65.32346568898402,-6.243952016833824,74.12142465258415,-60.97232450361818,-6.623714247734484,74.43646785464855,74.37371574795526,-63.81062342387288,160.15833638013746,71.16373973020424,-64.85441748678707,161.12611771200693
3167,-65.54010481545218,-6.686372021643012,74.1350309025364,-61.19095550582292,-7.066847684212805,74.4605773331542,74.51182235930214,-64.24177963784673,160.30212032554553,70.84986099347762,-65.3497419292068,161.22817163801102
3168,-65.75293475495867,-7.129472844279668,74.15873553950678,-61.40230144475714,-7.509878736464942,74.49098299714423,74.82577378546347,-64.50513261822394,160.39913493563495,70.65228051043523,-65.60126065348547,161.29917497396426
3169,-65.96251426221225,-7.575844032673932,74.19327561734963,-61.60843700126657,-7.957652882255354,74.5263522053632,74.9996151483986,-64.76630532340087,160.48636981512857,70.6217031293696,-65.74027007541336,161.38061779295313
3170,-66.1722690459476,-8.021055905468149,74.23761263297136,-61.81292094053923,-8.405316187706456,74.56481013503392,74.99664213204318,-64.8459065074377,160.62022400938508,70.76824905519184,-65.5367427255414,161.5498424145235
3171,-66.38661547361936,-8.467242477611352,74.28665366777253,-62.021163043052105,-8.853769981850586,74.60156390075635,74.97530652175652,-64.67117623749893,160.7853584986721,70.81623948206996,-65.25185026592756,161.76960891615713
3172,-66.60770131871,-8.912629040376734,74.33470387487594,-62.23961413848963,-9.300982233863024,74.6391033992393,74.34719068925578,-64.63049011566551,160.9793326102248,70.25205637930308,-65.324591333195,162.02385776688607
3173,-66.83389890285129,-9.351200107065575,74.37935615759949,-62.46460556812506,-9.74212016395917,74.67319415758942,73.67509467624978,-64.60523589865092,161.2249765169602,69.78320563515429,-65.41022222994259,162.30354680888223
3174,-67.04341595246139,-9.780383244803241,74.41971162545242,-62.67334561822739,-10.165776593071005,74.70408717380819,73.36401380719495,-64.29006129627653,161.51577177708336,69.30225920720208,-65.35125411791124,162.5840684183951
3175,-67.19776168097854,-10.208774863800212,74.45745140044673,-62.82610125502396,-10.578706862759645,74.73448390438155,72.88107985026036,-63.69210091843188,161.85584004676915,68.75419280074577,-64.74894941520424,162.86429373505115
3176,-67.26998603505918,-10.626620595666076,74.48680558781523,-62.899199473225394,-10.982133219959776,74.76023918211165,72.22043306516322,-63.296101146931576,162.17731367154795,68.23264654778262,-64.40991653295232,163.08745599067188
3177,-67.28195367606205,-10.232888204354694,74.50445455255283,-62.90791698154956,-10.597526937925917,74.7789057855184,72.96018537769065,-63.245734698460964,162.43018727920307,68.69587530861227,-64.53141798043093,163.27112434845097
3178,-67.19521733540223,-10.577924038892311,74.51237468016186,-62.824163071436146,-10.941058708812017,74.7923861283492,72.36024596227813,-63.532076676279054,162.6313046430509,68.3268867510436,-64.56667420445403,163.42554801453076
3179,-67.05460406867326,-10.855079533636744,74.52282352096333,-62.681431166248,-11.226949319016022,74.81465291634132,71.92647835265359,-63.500893001512694,162.78049764235413,68.06083341067185,-64.69675076703753,163.55670427061838
3180,-66.89497252180259,-11.059427913848271,74.5414783081467,-62.505299446744594,-11.44828864734802,74.84374680408744,71.48309334606515,-63.564604080404685,162.8769780398591,67.88770873125034,-64.86997636363357,163.66860377768106
3181,-66.72940796228782,-11.207296482611946,74.56440711249999,-62.316053452287704,-11.610912811746939,74.8732866739135,71.17739055197411,-63.66915572932295,162.9395186831146,67.794861669442,-65.05155537050217,163.76355178930743
3182,-66.56813465273649,-11.30935552801643,74.5920115599711,-62.12714412333867,-11.721497059421221,74.90500896409573,71.34078959357281,-63.751339042883586,162.96920181765063,67.76540862286527,-65.21863588708862,163.84669814595298
3183,-66.42106176515652,-11.37337617290896,74.62645706366163,-61.948631011870106,-11.786484855440062,74.94062713084202,71.48562188974216,-63.80002782188025,163.0036291093763,67.78114083443636,-65.36011461803778,163.9214359769803
3184,-66.29461687881475,-11.403541792554318,74.66038670706439,-61.78623601775239,-11.808960303501221,74.96940761824789,71.60507633256142,-63.81929977687358,163.03491898800857,67.8265071563901,-65.46842573079932,163.98101372697485
3185,-66.19277012715104,-11.405339615982049,74.6896851100496,-61.64763822407603,-11.79509387857119,74.98785215213907,71.69898350349013,-63.815371663638494,163.05795655051833,67.8873352662829,-65.54009985507165,164.02381064666432
3186,-66.11569586078514,-11.386335401087779,74.70630010773088,-61.53711759082127,-11.755604991478139,74.99546203073716,71.77015301135702,-63.79496133389392,163.07034796253336,67.95189558103604,-65.58066900134658,164.0512747093298
3187,-66.06329607041036,-11.354762151389808,74.71171778787672,-61.45638151903225,-11.70135108786025,74.99541274589608,71.81875886868426,-63.76177467474694,163.07168043253054,68.010529594596,-65.59686540102344,164.0670518552066
3188,-66.0343546726358,-11.317789759694385,74.70907398577707,-61.40479396092291,-11.640218235447666,74.99115993909398,71.84438009912006,-63.72492504509755,163.06521092413706,68.05564768255533,-65.59544428709361,164.0752881002064
3189,-66.0215524158356,-11.282391150502292,74.6980354970215,-61.370489669986256,-11.58159242161517,74.98526014067289,71.8553803704543,-63.690437079869405,163.05225098924575,68.09039057480567,-65.58515241842667,164.07951263063072
3190,-66.00432522388793,-11.242159269199117,74.67945907315422,-61.32429100885132,-11.519389508282911,74.97895759939382,71.86916023180477,-63.65131463963896,163.03372849166888,68.13299023390726,-65.56145991723415,164.0814656768378
3191,-65.96196574843479,-11.19300058066506,74.66129755794063,-61.24462210787024,-11.450466989477006,74.97336193663307,71.89212708936329,-63.603007525463795,163.01564485742168,68.18297221297892,-65.52392724459834,164.08230286271356
3192,-65.88302160004756,-11.13269529502573,74.64804443677652,-61.12626945078021,-11.372057487911237,74.97112531078359,70.99846654400629,-63.44731972381555,163.00696961728246,66.93921066454755,-65.33515256595327,164.09129389494393
3193,-65.76650283054957,-11.048418737965134,74.63884071205787,-60.97640401623772,-11.26990494109288,74.96902146408387,70.05423752987102,-63.30086098711174,162.99003846368603,65.88170887573429,-65.18966342905584,164.08458919346734
3194,-65.63041052432764,-10.91849882032233,74.63426746857407,-60.823456874788484,-11.12500250380939,74.96737746584431,69.23090983145639,-63.00870929936173,162.9662434561523,65.21042504722433,-64.7981240462041,164.06810489872504
3195,-65.49598468925205,-10.72289326635473,74.6363313437096,-60.69219907741246,-10.925021436595383,74.9714489068993,68.38658774090472,-62.78425701366046,162.95050847378388,64.64607899065533,-64.4435592555784,164.0585112111816
3196,-65.38188761550535,-10.456029000753642,74.6407657036944,-60.59375757213084,-10.674917852261835,74.97770603251453,67.71782482890198,-62.72155231209073,162.9504077527241,64.4298028704977,-64.234584513611,164.06062294374715
3197,-65.2916773883047,-10.138637235840841,74.64794822021923,-60.517792133671534,-10.39028569659973,74.98580207115941,67.07573032198803,-62.83893533379361,162.9615915998335,64.28366681546828,-64.20640918261033,164.07644766891633
3198,-65.20502470807546,-9.789688472380233,74.6613126163743,-60.44114910803506,-10.080920615344604,74.99870939267323,66.72443012368326,-63.434331386781004,162.98908952552827,64.57030766476622,-64.81061706754929,164.1179863226135
3199,-65.09791738522726,-9.429708379207034,74.67852375354451,-60.34260525649634,-9.757101360291601,75.01480836217495,67.22909759807624,-63.511443494653015,163.02909202617226,64.87492522531984,-65.26390755984208,164.16335458949848
3200,-64.95634119103583,-9.070206717715246,74.6996472288252,-60.21066494380461,-9.430991163457795,75.03177240676716,67.66999140589016,-63.78669633111745,163.07642635323148,64.97435142519734,-65.88254992739873,164.210695411898
3201,-64.77869371063385,-8.712630482024661,74.71894919788842,-60.047189238311894,-9.10432823868229,75.0412151718599,68.0556241018758,-64.48428449717686,163.10223584175372,65.0110058325769,-66.49377048622587,164.2121275538724
3202,-64.57850216474603,-8.353963959525075,74.73171184467225,-59.86432944074537,-8.773517910381765,75.04524187109308,68.197151038743,-65.11948780915216,163.12611776862852,64.73507219009164,-66.70553269445894,164.21229159652782
3203,-64.37533775849387,-7.987298937686706,74.73730724067566,-59.67545010972213,-8.429256501135345,75.04464391030895,68.05994766056119,-65.83398411807649,163.1981139486068,64.40627798767085,-67.00699117293559,164.28542095555017
3204,-64.18780804536462,-7.60870815298311,74.73589324976436,-59.498466188094355,-8.0721449898752,75.03957406386905,67.92832872434727,-66.30570626335367,163.22006630224257,64.1399301054876,-67.03550739508927,164.2845593014126
3205,-64.01415744263912,-7.2178671517665025,74.72679949357618,-59.330994496270684,-7.699959850737476,75.03058846644495,67.6554797295337,-66.23871550596827,163.24371964883986,63.98144099771218,-66.9935293745713,164.31657078462854
3206,-63.85037250108949,-6.819564544201073,74.71801708125346,-59.17253289722047,-7.316735221785547,75.02940994398925,67.38886399373419,-66.14059600363358,163.29928798380365,63.97147129874381,-66.88048053875478,164.39876362288226
3207,-63.685578973109074,-6.416426878108688,74.71094193785699,-59.01211812254461,-6.927759947626998,75.0357544119829,67.22679381711242,-66.06481692194819,163.3648452609166,63.994582513725696,-67.05675624210818,164.4919266447393
3208,-63.50975332067825,-6.01421879025325,74.71293461581318,-58.84215791961188,-6.538835932202995,75.04876278131609,66.79915236572748,-65.85145585197529,163.4715708310306,63.63996292277874,-67.12272168540622,164.5918747150723
3209,-63.316726889100586,-5.6149771210730535,74.72574599662535,-58.65552947607185,-6.151100743018439,75.0685957796528,66.59594081034976,-66.01500756969288,163.63698766247373,63.36156414030723,-67.44880071855704,164.7487588390889
3210,-63.11175825353783,-5.224125926910114,74.75030646100194,-58.45376689333656,-5.766879391513739,75.09512538514034,66.38036644785505,-66.16696187327419,163.75601191185604,63.012408393681575,-67.82688918544477,164.88428709369296
3211,-62.895101492824175,-4.82955004679067,74.78609570143516,-58.240550180819696,-5.379889826915069,75.12668354563833,66.11508868927817,-66.55390752581131,163.93772311253636,62.659285984913645,-68.23489800627561,165.0190818279387
3212,-62.679037233029845,-4.433289526365613,74.83212129475461,-58.025618019371706,-4.9896137045749756,75.16191983536628,66.54771037752303,-67.00318260202911,164.12394676196965,63.41431156567332,-68.5813149804588,165.1667831067141
3213,-62.46611040211159,-4.031794457276868,74.87983126625132,-57.814933974971886,-4.592303898627284,75.19963926993432,66.73734292446541,-67.37966480493604,164.2256962162001,63.79842735283542,-68.68829630824011,165.22382348443793
3214,-62.25757757278735,-3.618743288674491,74.92741738361623,-57.608134884874374,-4.183439666824737,75.23857906480175,66.61922718532811,-67.6534548509036,164.28370794672705,63.67470868591011,-68.89556610718812,165.2339954924474
3215,-62.04873629305739,-3.2019562907416574,74.96822417121953,-57.40175431042918,-3.772993181297304,75.27038945683286,66.70363221468486,-68.13351379769891,164.3907391736709,63.49224040088923,-69.25712811757205,165.33501976143756
3216,-61.842583268079174,-2.784219974339171,75.00335674940386,-57.19841724859692,-3.361814377413954,75.29771194828352,66.79512895291721,-68.37114788554078,164.43129408696637,63.35833667702045,-69.4929143684836,165.39849804724733
3217,-61.6367261030711,-2.3620844789955093,75.03409133199608,-56.994212106975176,-2.945012612817102,75.32250473732135,67.12012452354264,-68.54035847022585,164.48803682049075,63.46224703133955,-69.7163135207694,165.48295690742745
3218,-61.429461466285005,-1.9366822866751225,75.06029720726059,-56.78826575048874,-2.5257848959625893,75.34482092384117,67.63194219748122,-68.70853512095383,164.58874903770905,63.74719024052334,-70.00432449483087,165.6372838195117
3219,-61.21921927431324,-1.5089661635644531,75.07969364073251,-56.579695009078655,-2.102191533306012,75.36353467280153,67.34287142349358,-68.94229543421046,164.6149979994878,63.890845460663,-70.29387489255822,165.6990135003981
3220,-61.00557819471314,-1.0855827235637576,75.09614962721562,-56.36941170280202,-1.6826925912973412,75.38484208335345,67.35719896860958,-69.01230740401894,164.65895777069824,64.20365736731858,-70.14490568447731,165.71057756927794
3221,-60.78875054209841,-0.6664535525388147,75.11230466194132,-56.15603059669669,-1.2667626528424967,75.4101616338806,67.79278140046941,-68.96459304436091,164.75316911340408,64.61285160763144,-69.99322117233574,165.75506539186728
3222,-60.57214304787142,-0.24776110378391797,75.13566278299155,-55.94080280887007,-0.8527533564128149,75.44113707741484,68.30444968062108,-68.6476419393196,164.78434567430517,64.95936846525306,-69.69130866950808,165.79601950036172
3223,-60.35470673309418,0.17441274449608118,75.16435912991514,-55.72625207854067,-0.4337615866802887,75.47514918717707,68.67679853979092,-68.26490035364374,164.81081132872282,65.05367643146126,-69.30304264018683,165.80487826662
3224,-60.13827643209643,0.5944299806420172,75.19840752936291,-55.512285792621256,-0.01420104978527148,75.511399743328,68.83811564256946,-67.87813923374142,164.8114748347135,65.04369513691964,-69.02203418352104,165.8101666926268
3225,-59.92580637859271,1.0136058624913686,75.23937392095964,-55.30235097756979,0.4054709349701428,75.55090247029442,68.5671822846721,-67.48721836755202,164.7180589279419,64.63120873150322,-68.90197899033465,165.76923265603943
3226,-59.71316966349208,1.432371803834214,75.28748887702909,-55.09110727701158,0.8281145143521451,75.59337746598304,68.40772278741036,-67.06346389556255,164.68915688842594,64.36850091729742,-68.81981608507307,165.76349771563875
3227,-59.496393381585996,1.8490250262522652,75.33682522977247,-54.875781184826586,1.2458911882230015,75.63724260183125,68.11068941349316,-66.82158616637523,164.67747115597808,64.16758030320213,-68.63167750794325,165.74501930462714
3228,-59.27434086021124,2.2683079217154454,75.38390061468566,-54.653017443979884,1.6654784408964063,75.6784776551877,67.64163242977678,-66.58896631214658,164.63132947409034,63.92389240459361,-68.4667211891526,165.71722032641998
3229,-59.04914950786757,2.6954308994457143,75.42875496817011,-54.42435264545523,2.0889515415303563,75.7182096384731,67.57483209596487,-66.55746090925447,164.6285364723226,64.31669835888528,-68.43858257453476,165.76152904779914
3230,-58.828340913460686,3.1213498667346267,75.47264390788506,-54.198969843082594,2.514050358091154,75.75828403578473,67.63219929242611,-66.72260028304608,164.63364429869597,64.62378859994185,-68.53654382993102,165.7851276211134
3231,-58.61499061994913,3.552975745292591,75.51637732096576,-53.98350053729716,2.942734449380424,75.79989895959052,68.08420430299769,-66.46100428531315,164.67236737129497,65.33424143036348,-68.04261767798235,165.84998781526596
3232,-58.405426154636515,3.9892692064896798,75.55650263270202,-53.77450121086226,3.3768798995916702,75.83923083325594,68.72912189370352,-66.26251485113082,164.8024368358886,65.76956281294913,-67.84751090903491,165.9838803694671
3233,-58.190949071963125,4.423387243009059,75.59326473017782,-53.56291735977444,3.8094677907074113,75.87665361815975,69.24304125386872,-65.98477555453506,164.92805293303456,66.00176182384217,-67.59353086574916,166.11297744581816
3234,-57.96653947208301,4.855280862831652,75.62617634727135,-53.343357019680454,4.238122430803628,75.91177514039065,69.93327518907162,-65.9689656255521,165.10620305323832,66.43642845184516,-67.62622977017058,166.27557913522938
3235,-57.73544314089625,5.280584761717488,75.66123801320715,-53.11528822106075,4.66134125330421,75.94837522354345,70.27799858780953,-65.57513321086763,165.2934750343718,66.21624955463004,-67.10026560651605,166.40529421606428
3236,-57.50415183394558,5.705495758656342,75.70115624083837,-52.88398952299162,5.085254978781414,75.98878494603622,70.47204444372062,-65.31074461651008,165.51015055331786,66.41480972620514,-66.9630307392009,166.61542790709765
3237,-57.27737976650787,6.1295904379645485,75.74180652689172,-52.65431694435547,5.510189790983606,76.0291877849774,70.60991050855108,-64.91632386287284,165.7269315668955,66.49258196607293,-66.79561024950245,166.77201881749514
3238,-57.05066645883379,6.5612559926915095,75.78165140666486,-52.426233016637745,5.941325805462316,76.06908742386375,70.67994843017959,-64.97282620523285,165.98733887862846,66.92881388494824,-66.73417217001676,167.00088917916702
3239,-56.82751195373425,6.996722787455479,75.82191822060626,-52.202941090765925,6.378673121186964,76.10905201824195,70.99591514055831,-64.80114678960761,166.15845028501062,67.49424185540818,-66.56605391732215,167.14287414299378
3240,-56.60887990238717,7.435405103510244,75.86546846574038,-51.985314383474545,6.817197391378628,76.15331590883945,71.31299305824982,-64.65868663009554,166.31229519647536,67.83152206792367,-66.37396806157892,167.25520118950783
3241,-56.39304427790881,7.871641434887534,75.91157055676183,-51.77299193858175,7.251920465366243,76.2000470634532,71.52230991159584,-64.32857976951884,166.43255155741832,68.20346859610885,-66.18294366816707,167.35818497264108
3242,-56.18028521505313,8.30830949677444,75.95943628912221,-51.56431808780629,7.686057914100279,76.24820179483564,71.94345502422296,-64.75707775302108,166.54581698419238,68.20320696489989,-66.56403455586255,167.42969721366555
3243,-55.968454137736465,8.744632920618498,76.00934236966424,-51.35787825871497,8.119757158950627,76.29800838880473,72.14688051209494,-64.56088745169389,166.55305536481248,68.28532730808165,-66.25579185261968,167.44367446113614
3244,-55.753075728534796,9.178137248533933,76.06007979677605,-51.145061674277294,8.551767719455851,76.34688314411234,72.2906743412997,-64.23747140993345,166.55382896469936,68.18701202184643,-65.77396886367848,167.43532256256907
3245,-55.53691741140396,9.60809489622761,76.11223328331698,-50.926521585219135,8.983862419859756,76.3956669637235,72.17176182920093,-63.564584547817645,166.46849780964422,68.11849234730958,-64.96820712200406,167.41171899876102
3246,-55.31827469929105,10.039028199192128,76.16604424661324,-50.70372579058036,9.418451269070808,76.4448428601348,71.65043952239299,-62.36255412216828,166.39013099157347,67.71684763364621,-63.47105270373979,167.36073524723716
3247,-55.100451462838635,10.47381359301971,76.21687321873071,-50.48099042606402,9.855863171306284,76.4927821626557,70.98749894539709,-61.179069636316235,166.31221260474302,67.08428312315793,-62.242640576434816,167.32066061687743
3248,-54.884899960207626,10.911030983026391,76.26456954163865,-50.26157916880109,10.292446640452187,76.53915262289946,70.35679835412824,-59.92841490591199,166.23972830380112,66.73324437490689,-61.12697475425778,167.3119420832578
3249,-54.66728078887968,11.351014196218637,76.30971323541586,-50.041717432555416,10.7308356180758,76.58398181949154,69.95199416788581,-58.18509469619646,166.17080685584577,66.4704816507028,-60.073729747904586,167.30010796600925
3250,-54.44707212935737,11.788790429975599,76.35330082733283,-49.8249559613929,11.165322432492244,76.62902862566973,69.40620529222622,-56.740049792078686,166.14813939594092,66.1513684026643,-59.033431705672385,167.313131078518
3251,-54.22994614848228,12.219807568505662,76.39756784874052,-49.61273925796563,11.59243364217046,76.6749397501344,68.87110746762404,-55.57291811424794,166.12903022140827,65.74048584675914,-58.353200961638564,167.30923226853153
3252,-54.013978843106536,12.647605710592506,76.44377378268983,-49.401304668976714,12.016898022648117,76.72345070833241,68.46401255987331,-54.733057945245726,166.12930696399394,65.59012571253899,-57.851986686969404,167.3131792681822
3253,-53.796360812175614,13.073671426169145,76.49113872429015,-49.186158374115664,12.442932400533966,76.7729011965368,68.22648393074479,-54.20927747715952,166.15022863555896,65.34489753854513,-57.055160357734735,167.30408073795272
3254,-53.5794577800153,13.491385673401348,76.542362096162,-48.96979976443093,12.863374106635284,76.82565969307122,68.00806093970434,-53.59043569599686,166.18592583800336,64.86896499481699,-56.24921965842844,167.3201214430933
3255,-53.36208101478228,13.907717109011271,76.59736904727599,-48.75238268065683,13.283185409336612,76.88170022729187,67.31971536096185,-53.088906272757875,166.2503595891822,63.992573811526924,-55.63298671204046,167.40026550639325
3256,-53.14879104621812,14.327806760436205,76.65592963386611,-48.53597086765567,13.710222994173053,76.94018335750253,66.57726148253582,-52.78245702995531,166.32060847306806,63.24260392659836,-55.249369871636404,167.46956139273323
3257,-52.94077181606122,14.751153189134252,76.71764793636518,-48.32417686671391,14.139159077856888,77.00048587356808,66.00852505096655,-52.48731100755462,166.36939733377642,62.77932590989663,-54.75325040666417,167.5164350785554
3258,-52.733533719883646,15.17852826672238,76.7826308034815,-48.11544097397002,14.568402357801396,77.06243253667292,65.53946674184051,-52.10967919134569,166.43435561142414,62.392640407707816,-54.39002185827538,167.5629342562825
3259,-52.52373519899118,15.608561041734628,76.84848483263384,-47.9056326073097,14.998081740707642,77.12538631296908,64.7687547230367,-51.60730448643915,166.48091317517802,61.83842996034241,-53.97015006798615,167.5809331628267
3260,-52.312932631111074,16.035183295207617,76.91555239847133,-47.6943766203182,15.42474204789333,77.18919683235409,64.17877208602108,-51.213639551527656,166.5363398908378,61.517519359342934,-53.39498830898467,167.59303044803505
3261,-52.09869121217725,16.463183413583668,76.98361943520199,-47.48051485583143,15.850690100336726,77.2541935238669,63.884983170956794,-51.19783949046879,166.5856410069576,61.388281579910114,-53.30098569683194,167.61692512774064
3262,-51.88150534259185,16.891419181155594,77.05289372520257,-47.264190199099794,16.27718113922372,77.32058956547783,64.05026544747749,-51.074629162453775,166.58475846973082,61.42963182636793,-53.11195135837292,167.63662540994866
3263,-51.65907330065296,17.319774909949295,77.12208236311263,-47.04110699034929,16.70673776743643,77.38714552145508,64.29105016748348,-51.04395309350992,166.61543708931944,61.526717193938964,-53.19461033468575,167.7023916691645
3264,-51.437444898785444,17.752161561828586,77.19080804788261,-46.81844513445594,17.14039366651369,77.45389360229538,64.42337333947347,-51.046703448723136,166.67944665372445,61.59329441394168,-53.11141598318857,167.79329159220381
3265,-51.21968145208167,18.18683985236913,77.25908987659253,-46.600591993629,17.576279601376836,77.52070151500307,64.47376061989097,-50.755565497172164,166.7570753935368,61.51621392567355,-52.666779578933046,167.89424259684128
3266,-51.00611072736654,18.621518775237327,77.32794731419392,-46.38764342853407,18.01053236867995,77.58844194619134,64.80650298878463,-50.55757918340633,166.88219151065692,61.60545089538238,-52.3145165570395,168.02149899777328
3267,-50.795984235362596,19.062809484151135,77.39599687946833,-46.17924182374051,18.449333357288214,77.65557999078793,65.2224350921956,-50.410861134555624,167.00542914683433,61.91143715296412,-51.869232097013686,168.1184118369971
3268,-50.5840161336039,19.506269383581902,77.46126612566509,-45.97015987536796,18.89043245204133,77.71965384532365,65.17786142160146,-49.83795111896337,167.08124601371597,61.64081052474618,-51.27939133240661,168.14367773046146
3269,-50.3658120625529,19.950439621091395,77.52329755989116,-45.752779820120544,19.331481932575606,77.78005370841375,65.22001694527312,-49.370614618583694,167.17101119077054,61.68726515859959,-50.84080078289608,168.18356432065076
3270,-50.15079059996709,20.392495029861326,77.58411427680173,-45.535985679605226,19.77259527955564,77.83961394530203,65.23174426956088,-49.12062446216868,167.2240562911582,61.75029053472929,-51.02578925371454,168.21246749827034
3271,-49.935132060966936,20.835241534779904,77.64216646895017,-45.32081406241382,20.215007617620433,77.89688194637606,65.30898919221508,-48.86014925181088,167.2732196451238,61.876229294265926,-51.010395823990976,168.2683976229464
3272,-49.71558655151731,21.276070592921617,77.69353937131972,-45.10016185308684,20.65557575879558,77.94724135239088,65.59274642689384,-48.935089296338035,167.33671433820183,62.13628569759963,-51.08940505579032,168.3633104482233
3273,-49.49397745312638,21.71806245798408,77.73869554248378,-44.87766574306463,21.09416342250546,77.99249029445812,65.88106108482648,-48.6989156562775,167.39075356125238,62.50576145114451,-50.721223811832964,168.4720469480656
3274,-49.27040255444495,22.157481920007626,77.77976417995377,-44.654020548801775,21.53077621880397,78.0358593788264,65.85238060180602,-48.66656878600543,167.47342332296,62.59878800952794,-50.55626171230852,168.59377219169343
3275,-49.041278258736625,22.596953842648986,77.81611982507303,-44.42684342212722,21.969976760684872,78.07586403321588,66.07677538532303,-48.76882820076759,167.61307749377005,62.51308065962758,-50.36606074166189,168.72314730145672
3276,-48.81295848380253,23.03756448311707,77.84844286862686,-44.19699652079207,22.409354567983826,78.11200309429069,66.05277595582585,-48.799397624314196,167.75614988770582,62.35622184460424,-50.15470546808324,168.84871660871727
3277,-48.58853021815699,23.47694180872464,77.88125142271458,-43.97204392992433,22.84708155758343,78.15208969381693,65.96527060521652,-48.50516056773047,167.92723311182124,62.16227306781892,-50.06584880115398,168.98603022001853
3278,-48.3583700683733,23.91801874143488,77.91760073076323,-43.743981159465804,23.28926939121812,78.19773135226028,65.77245672190932,-48.43466954074771,168.09031844536423,61.93760681849746,-50.145770712863644,169.11618339579476
3279,-48.131856053500506,24.358979937032043,77.96052755059307,-43.51905548791586,23.730898645522338,78.2476906509581,65.40066323276186,-48.035822365892706,168.21437783411577,61.666849320072906,-49.83888459217179,169.2163970388389
3280,-47.90165222303182,24.80117575023037,78.00827976983719,-43.290953648807175,24.173995273600948,78.29919695126267,64.81191819757268,-48.16203775289081,168.32278041171224,61.30511695455615,-49.89789547105461,169.3064952577641
3281,-47.66924356582287,25.244448998813766,78.06028695145571,-43.061211614300824,24.618016482441583,78.35280316280218,64.40892116377054,-48.088588743180736,168.4328961863285,61.073038753313774,-49.795152842388376,169.41619933491924
3282,-47.43954165227378,25.687136644473185,78.11830864351397,-42.8332999572201,25.061028418154088,78.4086971088084,63.93631332429523,-48.30572429811164,168.53599778680126,60.62937618511485,-50.06138686599536,169.52452867344746
3283,-47.207336760784216,26.130568451133655,78.18211549180316,-42.599784028154154,25.5042854573727,78.46618677052733,63.47573468173104,-48.356005426079236,168.62376606609055,60.205267959805546,-49.982361360503305,169.61212269337736
3284,-46.97102471238952,26.57692132438417,78.23898701239045,-42.36389024908113,25.949088180396284,78.51501116647896,63.04033727507394,-48.13709441364767,168.69341408378358,59.831852913599114,-49.622686789899106,169.69392756521088
3285,-46.737205923325284,27.02388987756242,78.28709483273143,-42.12930333680549,26.394364454072957,78.55586653538073,62.67275207807725,-47.75751342558257,168.8149495938065,59.55887574176246,-49.25871453684333,169.8501283982247
3286,-46.50466677478717,27.47021110522222,78.3273119587079,-41.8971145381834,26.83777281087781,78.59101989706029,62.457518385021814,-47.79915590930061,168.99892950354686,59.464064287724014,-49.18425975482486,170.06243900794436
3287,-46.27435441448434,27.918955523300863,78.36114985681091,-41.66791337680582,27.28606324414373,78.62203395936824,62.322024136083414,-47.52935103377658,169.15444359747417,59.355471443377,-48.994910993511056,170.20084140662738
3288,-46.046823756128106,28.367037572093924,78.38753807510943,-41.442703150509224,27.734815559601255,78.64946840615887,62.1096620117286,-47.424905575423935,169.36652646015952,59.21697613138001,-48.92501332718732,170.4300310213915
3289,-45.81785829442991,28.81077159463919,78.40619756238668,-41.216656744012575,28.176840705701323,78.67342486068475,61.98084068651208,-47.15826294035324,169.57745804368588,58.966090314827866,-48.99002953568494,170.63227114851435
3290,-45.58738938097272,29.254092523909854,78.41814520971093,-40.98814089885797,28.61781332961391,78.69511901631951,61.90659449330677,-47.18411275982457,169.79247628835543,58.77238811448736,-49.16416008067498,170.8002854764473
3291,-45.35919943248032,29.694532902837647,78.43273920909712,-40.75994335153878,29.058235181876857,78.71894697752495,61.95744789151258,-47.28958115770306,170.01961031566492,58.755112757922106,-49.11903567466767,170.961970812272
3292,-45.131465821251616,30.138137391967657,78.4504337749329,-40.52988141441519,29.503465298252614,78.74410686516275,61.95166553005742,-47.39566886281112,170.16456086659727,58.68737087407536,-49.00528844509113,171.0654817070069
3293,-44.90537314578181,30.584719737226216,78.47126847154917,-40.30070044540542,29.949928944036078,78.7704306296826,61.95957170033493,-47.31924004504963,170.26594851729072,58.77714837456054,-48.87340016439819,171.1763903302169
3294,-44.67837590981501,31.029348646819795,78.49541928348722,-40.07100061763219,30.396528785103616,78.79837673672438,61.99836647153445,-47.32377942222849,170.40103364556575,58.86014523456726,-48.75153495875747,171.28021298344825
3295,-44.44397163471475,31.472839914349105,78.52199219746151,-39.83514309918664,30.843051308397946,78.82720619396646,62.13499538039227,-47.29076189089185,170.4424282747795,59.01200024567281,-48.682746051637714,171.35128968457954
3296,-44.20411684105282,31.916288311459283,78.55147706955213,-39.595161236949984,31.28703497007374,78.85663988510387,62.38612356863254,-47.18930082925542,170.4886833247407,59.15165759029625,-48.652695489157544,171.43500685711527
3297,-43.96243025466229,32.355040708050694,78.58264829031644,-39.35590894808496,31.72272010157992,78.88511857227057,62.6664044012163,-46.977366842434655,170.5484367397994,59.31106769655842,-48.59529999352187,171.52598839133591
3298,-43.72082802978507,32.79449492306514,78.60918601360154,-39.11820784173734,32.159058712130616,78.90854370323287,62.812401220538376,-46.9630797544498,170.60630080648235,59.389832444763115,-48.64316943824807,171.62369311437905
3299,-43.48344262610312,33.2347883718752,78.63235600732754,-38.88346310847257,32.60003587839622,78.92879189342902,62.86999766647536,-46.85293139488464,170.68329077108356,59.27614635937475,-48.4700609434745,171.70345056372358
3300,-43.251340322461814,33.67755616458873,78.65338397523736,-38.65504961225116,33.04360818414601,78.94768195244208,62.892720072455106,-47.01688261536432,170.7645676664747,59.280700316693476,-48.67614834446567,171.80029710266882
3301,-43.02257145143504,34.123136855663475,78.67281321489772,-38.428478448433246,33.492327015784944,78.9675254755161,62.92624609849765,-47.288845614774175,170.8418136303654,59.310343805439494,-48.97561750558723,171.88747896171455
3302,-42.800495981922964,34.5710398344846,78.68780810146306,-38.20554617069404,33.94422484430344,78.98401894402373,62.96741098210479,-47.55579204877479,170.9466014705624,59.429301251475316,-49.235966683809615,171.983872266844
3303,-42.58003924884679,35.02000969061516,78.69887648706225,-37.982305707874794,34.39580765198103,78.99810330210462,62.92934499967951,-47.90542080740768,171.02491928246369,59.43158430005704,-49.58359052278285,172.0503084964682
3304,-42.357692497856924,35.4756047875208,78.7134073379788,-37.75782457900048,34.84965299997989,79.01894522295372,62.887202585340006,-48.23021648995624,171.10344253862985,59.47508749316857,-49.792086234247705,172.12750292202333
3305,-42.13495809849103,35.933332067772376,78.73581052762516,-37.53263244862746,35.304364984139276,79.04696605781025,62.89887042000933,-48.46762136886523,171.17735931247043,59.53804837619228,-49.93161523729111,172.20853713995226
3306,-41.91411907875897,36.383721400273764,78.76368961725748,-37.310388695961386,35.749432503358584,79.07822001054423,63.02116873760042,-48.82773725915047,171.2731874073306,59.56355684495757,-50.00665458348026,172.30371358035168
3307,-41.685846866119824,36.83190134055278,78.79665230149315,-37.08187642195477,36.192115584248285,79.11236392875209,63.078713371754496,-49.0227037062059,171.36555670978808,59.593064131018245,-50.177351098104594,172.4101923739393
3308,-41.45683451479621,37.27316807134071,78.83356115086981,-36.852805611444026,36.63088256610419,79.14935947022933,63.18013849147991,-49.17177627402337,171.47067857603847,59.70291899400463,-50.38452069781159,172.52350973203428
3309,-41.2267458963062,37.710518673479164,78.87675790381846,-36.62350191215076,37.067913426554384,79.18863400678032,63.27201686958196,-49.30100512343287,171.5758937700585,59.87135865271638,-50.54505315132853,172.6407664948389
3310,-41.00087317191765,38.15000719457043,78.91687190631092,-36.39804569526995,37.50865520054583,79.21802382951257,63.50369544737622,-49.36918430657404,171.68787937137654,60.10678214126029,-50.726125468054825,172.73223534370123
3311,-40.77571181298832,38.590005815874505,78.94696654761893,-36.17137114080597,37.953760820745245,79.23825113128339,63.608992364818974,-49.48254652691201,171.7511059322599,60.16079275741642,-50.866229871366734,172.76126574097302
3312,-40.5529647591624,39.02706927477572,78.96698775357486,-35.94639405194381,38.39765941350124,79.25139836533937,63.68644808510013,-49.607701296327754,171.767368489942,60.19293125701366,-50.96811318508184,172.73852419023973
3313,-40.32734925394119,39.46965945785598,78.98014101804281,-35.720219329024594,38.842939203689625,79.26055233853832,63.69460545887862,-49.629268727160216,171.72738286034172,60.09736505276394,-50.86866240037949,172.67315674378023
3314,-40.09945014566245,39.9155282093308,78.98647853625556,-35.490871565015624,39.28952666715818,79.26708657827757,63.60353046963549,-48.61824047226445,171.61597372414533,59.89204181869881,-49.452673840543525,172.54995763586854
3315,-39.870322658245755,40.36171053891015,78.98475219941801,-35.26401597248704,39.734591060367265,79.27050132288741,63.5125656090459,-47.66185241539073,171.45633090423462,59.81531092097642,-48.467484369957184,172.41255549402447
3316,-39.63974073471454,40.80992775163411,78.9739134601833,-35.0356156847902,40.181121224862466,79.27014766043744,63.36406068031559,-46.80091597602348,171.27485706016287,59.753408264400214,-47.80423788601896,172.2998888367156
3317,-39.40847795551926,41.255637426064865,78.96337896064766,-34.80698771996646,40.625347237063345,79.26867266260396,63.107868323567835,-45.872832347385554,171.0829286380955,59.653403138714864,-47.230751748646554,172.19576763654374
3318,-39.18190717724934,41.69979868687262,78.96359260056539,-34.581312391548586,41.06852858677698,79.28003260144008,62.86419260263945,-44.878497788706326,170.90899377307946,59.45751033019443,-46.67646802199338,172.09575752078217
3319,-38.959620663060505,42.14880937186414,78.9759878742988,-34.360341002804795,41.516459559013,79.30331209374539,62.61699386054042,-43.93618591004639,170.7395484870297,59.28881214008891,-46.294166967525925,171.97628024935176
3320,-38.73921606871786,42.59989754529853,78.99981841682413,-34.13825614024201,41.9692151152619,79.33554207535222,62.426018341227305,-43.18510565484824,170.59537612264245,59.115672835763306,-46.07775879415593,171.8662629988724
3321,-38.518566628206266,43.05079245465092,79.03456108802126,-33.91515792842206,42.421841895268415,79.37407063626759,62.44590839266885,-43.124458421406786,170.50077370183362,59.13280596583394,-45.53550466391906,171.762567853396
3322,-38.29556824694605,43.49908335221899,79.0810262932973,-33.69370119532539,42.86827232134358,79.41849122827567,62.40376758440677,-42.94374915217729,170.4597390319175,59.1458370715793,-45.08581191528099,171.71999435344392
3323,-38.07098694581809,43.944377718989585,79.1388155486316,-33.468984607697635,43.31326293925813,79.46772036636621,62.41699305894543,-42.68838037396901,170.44456669099935,59.23309242050966,-44.743306980846555,171.72176813561495
3324,-37.84613615829308,44.392482069144286,79.203728528514,-33.24249174635647,43.760040707679714,79.51742994739148,62.26721219347246,-42.47820851107914,170.4634654238202,59.02470556930111,-44.48835406696297,171.7591098276082
3325,-37.6218121910941,44.84127675565152,79.25504690610751,-33.017063165818094,44.205669391993496,79.55144914544925,62.196237739588895,-42.27592587764713,170.5118158239757,58.85352433201057,-44.199989955256854,171.81636973180292
3326,-37.39781248249176,45.289641897742705,79.29069467801065,-32.79418052594847,44.653868069335786,79.57130344366766,62.094232096536544,-42.100011045135574,170.61354708456778,58.66239353879538,-44.06581730344743,171.89733982768342
3327,-37.17353599693261,45.73642288534053,79.31439237147988,-32.56917505179489,45.10231290366258,79.58480966854674,61.95399890113707,-41.93564943047242,170.7511278426669,58.418453876287835,-44.06382606302069,171.9983101790343
3328,-36.94439938406998,46.182356224708336,79.32589073474402,-32.33849277114554,45.55177532415711,79.59108482311129,61.673904418794926,-42.029788402285355,170.92427711392082,58.18693695386511,-44.0573054484267,172.11327063460698
3329,-36.71110011250035,46.624723923668164,79.3241190192759,-32.10683155652136,45.994887053871985,79.59064374008155,61.57693795320621,-42.02198816884667,171.0939080487987,58.256821374283184,-43.896561596753884,172.24025551739143
3330,-36.4767403989538,47.06759561746657,79.30829528587884,-31.87420530341548,46.436271073491795,79.58496191585871,61.36377405726129,-42.061361645004055,171.27214836633476,58.225912762657124,-43.85421677681031,172.3878084104622
3331,-36.24730721602238,47.51155085426603,79.29937810574675,-31.645263360557742,46.87821785998505,79.60017617136573,61.29472355170998,-42.08771800612338,171.47640476715566,58.124068424403944,-43.816831171092744,172.5768474440447
3332,-36.02861503551184,47.95559259191683,79.31407611527298,-31.425709276881623,47.31735533600646,79.63786681220101,61.10643139083316,-42.18556319545464,171.66184769533334,57.86940253608366,-43.7992823727779,172.72568996562174
3333,-35.81828201393857,48.399122843424344,79.35504570185233,-31.214203650246034,47.7584412908385,79.69520164479539,61.12444238784343,-42.05914874062516,171.82235911840934,57.899656152329015,-43.567260133536635,172.84718087931904
3334,-35.61524397483485,48.841049458347385,79.41437894688016,-31.010060917389104,48.200038005540925,79.76323719029871,61.07500780826527,-41.77152063970373,171.9782388494298,57.74246408071868,-43.265185101632184,172.97430757038285
3335,-35.412935957675636,49.28169139007674,79.4953354187805,-30.806241968660245,48.64527657277049,79.84224551063394,60.90109141118536,-41.49991205467113,172.10461237034468,57.40660526514394,-43.04467512231274,173.06879468557662
3336,-35.20276449239362,49.71622166171377,79.59731599332368,-30.596860115189365,49.086057979637125,79.92961036972355,60.55662749410825,-41.233403239537196,172.2075453140213,57.14213778394641,-42.70693614731271,173.14840767385468
3337,-34.97876379531755,50.14669335846954,79.71477730267551,-30.375150226987433,49.52396740643952,80.01947454498476,60.25346591127187,-41.105405834535446,172.28960388794349,56.89939199521146,-42.72965315377408,173.2283743378535
3338,-34.74448112228486,50.57353445740711,79.81382318168616,-30.142682296670372,49.95979590653756,80.08946769573593,60.171261771852535,-40.7818089410253,172.31693891859013,56.931081349582314,-42.47708527049865,173.28499800040112
3339,-34.50245291136326,51.00519127888656,79.89461034945863,-29.902881828247285,50.39321690900645,80.14551907229232,60.31327717438485,-40.201096321068476,172.35879867562824,57.09576927745548,-41.919959039685054,173.3465729673921
3340,-34.26068280993869,51.437691684342354,79.95908113397658,-29.659634118782012,50.82579313299833,80.19343548864548,60.265774543580804,-39.732878464036794,172.40221423955032,57.21169958341113,-41.42719099257874,173.40318025076678
3341,-34.01832573269958,51.87607702241197,80.01294958537667,-29.415205648811707,51.26123949418596,80.23806816204285,59.90879152410159,-38.98750897442928,172.419313683427,56.70554135183419,-40.512104850970665,173.44521560209654
3342,-33.778321954791195,52.317404300570885,80.05504940069224,-29.172148115534007,51.70036587721582,80.28274508334677,59.78004947229628,-37.98538292012135,172.48939848970033,56.41094116299819,-39.421332696627594,173.54815926290513
3343,-33.53880663875141,52.76090916859717,80.08749261184512,-28.93002429545762,52.139305897222556,80.3301389525862,59.63454488182349,-37.10767623933938,172.53084491884056,56.166121722441645,-38.56451686861955,173.59642004270972
3344,-33.29551772860107,53.20431693115013,80.11518823705684,-28.68679121149273,52.57783810827595,80.38167679841887,59.390212356408355,-36.01308479664293,172.5749814721061,55.77685310575314,-37.88017422756827,173.65792440761322
3345,-33.04800833600309,53.63980907630377,80.15684890274689,-28.44045873615668,53.011399639489284,80.4389171715527,59.04982334842338,-35.099516237183465,172.6202497115882,55.556014265751216,-37.3194300916252,173.69936540795953
3346,-32.79953058671568,54.077855206186506,80.20562630647261,-28.19322598639699,53.44669456187031,80.49407615150685,58.60767391293665,-34.36293436349741,172.65665394488593,55.37683502537816,-36.76320158185929,173.732009646506
3347,-32.55188969353831,54.51745946163635,80.26447190915222,-27.94668437592797,53.88526494426929,80.55237145819733,58.11355976334913,-33.67374179703767,172.7055310252063,55.14446808139621,-36.33317875927798,173.77850267848865
3348,-32.3048423582596,54.9579157226532,80.33570433403027,-27.699391029447145,54.32709797969744,80.61877179942547,57.96364064806062,-33.388858462121,172.7962733802491,54.83882552079925,-36.04030391888145,173.86135616565164
3349,-32.066859140980824,55.396092010831595,80.41017523918867,-27.46313922629131,54.76522127263116,80.68700839802659,57.837037539404996,-33.40197174958877,172.8601367533132,54.735517334211,-35.86111263670326,173.96536865529467
3350,-31.82842994580614,55.80475589616663,80.48558146912694,-27.231032622094137,55.166119620276,80.75640926354788,57.76204331936852,-33.38695929081289,172.9634534347722,54.72204203041411,-35.69153665295901,174.07487838652295
3351,-31.562447534931714,56.15029641495894,80.5549976257868,-26.979064636800548,55.496695840062024,80.81828808945295,57.878133167288276,-33.44603942306171,173.06706336284122,54.799657393376705,-35.65641357898712,174.18968484236572
3352,-31.26580063533563,56.41136687189742,80.61509648459372,-26.69871240692677,55.74572370071614,80.872067019312,57.94165029620594,-33.50107082478858,173.17799568169295,54.89661465184091,-35.61736303313114,174.28568916280798
3353,-30.960000055745137,56.57547721775338,80.66713277913021,-26.40443581148479,55.90312132684307,80.91915086237096,57.973713533388185,-33.62953373633378,173.28553723525422,55.010259794932786,-35.59640135100772,174.36605495472884
3354,-30.674088252493146,56.64439270332416,80.7121705595231,-26.117215011699415,55.97094382836103,80.96204209450921,58.04167588336878,-33.79732845619158,173.38219321929026,55.12601875573597,-35.60060758726726,174.43438549483977
3355,-30.43929409159235,56.63814748993736,80.74875467394486,-25.85852412864999,55.963097459478384,81.00017902927799,58.15525161426803,-34.034713679876724,173.45346019654164,55.23376659835123,-35.630607804266475,174.49317594122633
3356,-30.268323018842132,56.5834285708179,80.77726105163919,-25.646923824348438,55.8978131220614,81.03481489594132,58.22722516825188,-34.189906696219715,173.50343866593082,55.3240354211219,-35.68691520013089,174.54369008918485
3357,-30.148370451806315,56.49918824825981,80.80033376761445,-25.48527901962044,55.792880560149584,81.06790483934851,58.24832533059439,-34.32641358728,173.53852961895532,55.39164956545971,-35.7648887231433,174.5884247278047
3358,-30.071168940393736,56.39752036466195,80.82297839455127,-25.370518808377298,55.664179473805554,81.09907532856501,58.3142997758641,-34.42361117231947,173.55896703184052,55.43680768024628,-35.856998391779385,174.62800055685508
3359,-30.036496549852334,56.28790209871656,80.83918352463334,-25.299688259364228,55.52270895386271,81.11975333401205,58.34126658370936,-34.52685457594062,173.57728745023803,55.45798475864864,-35.957373645583,174.6619322519162
3360,-30.040998355988904,56.18098930560713,80.85006545366222,-25.273598886584928,55.379780357083824,81.13283241342194,58.33448820375804,-34.62500658908306,173.59060318555584,55.45266934451512,-36.05792566990921,174.68647252967506
3361,-30.077411943930695,56.087479403635264,80.85719416490048,-25.287057178194967,55.248640927456144,81.14257319520449,58.29761738220316,-34.71293171833028,173.6010616342861,55.421251679948455,-36.150453849944945,174.70568682314814
3362,-30.017671197053758,56.162997696926894,80.86217559617883,-25.243536384714382,55.36000442655042,81.15172385570906,58.357798566809564,-34.64103788092471,173.6098119546801,55.472664622230894,-36.07341637861461,174.72227527890453
3363,-30.08719904129428,56.10511411335976,80.86288626747758,-25.302999280962254,55.2718571582576,81.15767315834673,58.28823681629117,-34.69465369256845,173.6173668972259,55.41227950150994,-36.132253757851885,174.73742291385062
3364,-30.15364878480569,56.05692447509872,80.86126241695167,-25.363366138267192,55.199434530951244,81.16345563206961,58.22209960234153,-34.738379586189026,173.62282916688991,55.35453425455712,-36.18114192346582,174.75043876994008
3365,-30.20807046342752,55.99497877256414,80.85504214291397,-25.413738080933623,55.110861587126415,81.16626465647191,58.16749059765291,-34.79469799730446,173.6251733642662,55.306374543094,-36.24878933831764,174.7606775022314
3366,-30.243143327905827,55.90134718693229,80.85017697137214,-25.44550409935183,54.985387435451045,81.16711866476348,58.131081214589244,-34.88128425238035,173.62453913710644,55.27382640324733,-36.35377710360809,174.76769063731885
3367,-30.255603324979482,55.7727401345857,80.84666160024378,-25.457838777227018,54.82397789454296,81.16701139605941,58.213729878014,-34.97367448169875,173.6255470912554,55.395829187887045,-36.456483976162524,174.77339727020544
3368,-30.25679105382083,55.607250927196695,80.84090374958399,-25.465359174213162,54.63082926339463,81.16297183570505,58.310104827466496,-35.011128993549626,173.626519293793,55.4982039221853,-36.47450018186354,174.7774733607202
3369,-30.27823167819403,55.40373309449712,80.83377632518093,-25.50172975750922,54.41353301603933,81.15783668121028,58.322260446263435,-35.07084524812779,173.62609163237497,55.45527823214177,-36.52269618806702,174.7794503848742
3370,-30.352493703902912,55.169930388126744,80.82792327041741,-25.588645672786587,54.18714242270015,81.15298107424931,58.39560908801877,-35.195035769276885,173.62879479370747,55.50919884167035,-36.64760563952774,174.78662077034554
3371,-30.500436004681436,54.921567009744805,80.81881050845324,-25.733365288725896,53.96523484817095,81.14525708223157,58.539113208297536,-35.28678614961551,173.62678635773014,55.66407450095204,-36.698117180616435,174.78631501059962
3372,-30.709677796587645,54.682471544647115,80.8132897563985,-25.920686237121817,53.75459049827105,81.1419797239656,58.61664291095498,-35.3348858732742,173.60412374935473,55.69857028114384,-36.689107900251045,174.75762505609325
3373,-30.95299267554426,54.4460611031118,80.81227070625357,-26.13599932678102,53.539952646568494,81.14495297998589,58.64499244063319,-35.670583445951486,173.57547362652346,55.633811124830125,-37.112704345624486,174.72707585472787
3374,-31.197642338762943,54.18903099346502,80.81099812748286,-26.356527976580985,53.30107905892451,81.1480046922922,58.700529680125626,-35.94562883263539,173.5562196810046,55.701790075690916,-37.47783627297973,174.71421836486377
3375,-31.425664798784037,53.89370399529303,80.81267252826542,-26.568402967348693,53.023728545428895,81.15243843596525,58.81052237664106,-36.33035293039315,173.56276124240102,55.8678624719089,-37.88218733808173,174.7394972086173
3376,-31.625680628288574,53.561957969378454,80.81673581001245,-26.76082874990813,52.714271627208994,81.15762152650176,58.93627049383991,-36.7464939240739,173.57937063060038,55.884520366294105,-38.211863205881535,174.7755859324802
3377,-31.80685994697993,53.205039597391746,80.8237295637013,-26.939234363598064,52.38274936407882,81.1645961059946,58.94882760786222,-36.98464709739521,173.60629363454402,55.78863282571535,-38.35426337115485,174.82319497802848
3378,-31.984367494794522,52.83275060144159,80.83566526252348,-27.115789752709357,52.036761581955496,81.17291860408683,58.89726841860857,-37.30402080603428,173.6481140706606,55.75123941229831,-38.52363832669367,174.8754773982208
3379,-32.17508345006962,52.45614380442909,80.84738216177024,-27.301097080196868,51.68789409858408,81.18060996409687,58.866207718114026,-37.6345805882031,173.7180886028455,55.66191467595878,-38.62084026634768,174.92954914048602
3380,-32.38816127864102,52.07578213581921,80.85751598612248,-27.506635949768526,51.330987887008426,81.18747967285337,59.04563307552819,-37.63728828425424,173.8075452737794,55.91192020002654,-38.6748756870391,174.98605204460594
3381,-32.62046430639585,51.699979622759834,80.87055732575486,-27.729273433769368,50.97231692977185,81.19625547363025,59.12582935434186,-37.7560980859988,173.88549877724446,56.08770163778388,-38.88448763310496,175.0279099414339
3382,-32.86158260917696,51.32571027304228,80.88473843725137,-27.961524731689515,50.609829962651695,81.20841816617877,59.175043553436474,-37.855414718028996,173.94605337410496,56.28223078437233,-39.13378091968159,175.0733317354785
3383,-33.1013798600757,50.939517891716584,80.89793395382787,-28.193459370815972,50.23243917086,81.22073886403545,59.36040385148041,-37.8716269078277,173.9925161062141,56.48438991650461,-39.237814927777926,175.10888826740404
3384,-33.325124830687784,50.54129848355052,80.91070377241697,-28.409509712228957,49.844966676006976,81.23360916291058,59.7267563755357,-37.93129836824027,174.0319727603407,56.77600485216758,-39.26472577711036,175.14692165511286
3385,-33.533052488694835,50.129795566991746,80.92254546355404,-28.610270776196973,49.44597373921499,81.2459608357501,60.0768237380499,-37.9359606892219,174.06690833284634,57.02061060476189,-39.27306750703772,175.1838528535648
3386,-33.73478700240905,49.70667143484585,80.93435158311249,-28.805541188033544,49.03826842103935,81.25792405045574,60.5559145210091,-38.0070582895905,174.09604171448456,57.336653440285005,-39.34312313114192,175.2169801864245
3387,-33.93756784987442,49.284410945011345,80.94796072344093,-29.00390831992262,48.626728330101756,81.2706233336923,60.87619081140387,-38.28600734998868,174.08061871179555,57.6906152479858,-39.646461250351294,175.19301377012815
3388,-34.152379570257814,48.863745781289616,80.95994658454751,-29.21529866784421,48.21303707751042,81.27981478495111,61.28117888658361,-38.49619268537873,174.03400127183218,58.08676123834134,-39.949929427306785,175.12684988310514
3389,-34.37570074400024,48.449021714496,80.97021861432188,-29.434589186140443,47.805230563686195,81.28802528796489,61.53349575559458,-38.42867317704245,173.9516705096,58.252741123096115,-39.87290486731083,175.03643605898876
3390,-34.60058063609729,48.04007889069544,80.97691658142712,-29.657324201782927,47.399140177897166,81.29156001583881,61.71043178114092,-38.35315934386406,173.88755487640336,58.31948979795651,-39.70261081149699,174.9900616142477
3391,-34.82384512725433,47.631967745034956,80.98022527927156,-29.876205811612383,46.99722266920007,81.2930626141675,61.74541170311882,-38.33855128985233,173.8113227129548,58.301493429535185,-39.60268333544814,174.94612230235174
3392,-35.04354789111638,47.220177999018865,80.98041229773305,-30.092006031726225,46.59139797678283,81.29331681527036,61.795826954255475,-38.33996592444444,173.75708497365287,58.318811071043974,-39.54198606909128,174.94745462228553
3393,-35.253309203988174,46.80675556382172,80.97723601606216,-30.29935696779504,46.18424685387746,81.29222502747163,61.92411347287563,-38.125175212028154,173.6772492234872,58.556590365043625,-39.26412735176326,174.91535200759213
3394,-35.45504517890633,46.39027380678504,80.97019015204503,-30.50189197313173,45.77122661530983,81.28965670182207,61.942402859572795,-37.8232721494623,173.62807067829854,58.68905149592739,-39.172460583613635,174.88279887576525
3395,-35.64983485861524,45.98014783356206,80.96629382905866,-30.701933823762133,45.362543384982516,81.29093241009338,61.88674809189697,-37.531143777130744,173.62444325304827,58.81111067764657,-39.16356779132625,174.871994198327
3396,-35.847667495115886,45.56958268054588,80.96509500923206,-30.904305569646706,44.95252905530104,81.29612343602643,62.04526500380941,-37.40489751448482,173.6242316437473,59.05645691796671,-39.06527789812485,174.83154874335045
3397,-36.05163520221422,45.1635336628284,80.96929930471855,-31.112077758108157,44.54490187165055,81.3041286623339,62.21806769848089,-37.30933223297319,173.59475560139123,59.20092278301103,-38.92103330116413,174.7850281627913
3398,-36.266093827115945,44.75693563388086,80.97610346833615,-31.32768130634393,44.138185775073,81.31225214464641,62.39567188395215,-37.177988112234985,173.5701405037794,59.25223354898146,-38.79202299225055,174.7483541896429
3399,-36.48553050822539,44.35810629933878,80.98674321544499,-31.547135646470796,43.73922597627566,81.32276811448034,62.493817458853414,-36.9770688129899,173.53532709018572,59.21357628616397,-38.60732556279888,174.74112867916386
3400,-36.70702360012136,43.962331960910646,81.00094251371884,-31.76624494652949,43.34209204810136,81.33459081251456,62.3656358676793,-36.90283090937877,173.53087807776186,59.095153765385795,-38.41024510509294,174.74466503199025
3401,-36.92663173646731,43.56865714054605,81.0108852797829,-31.98179757130409,42.94713631818769,81.33657759950736,62.293218666663826,-36.816740110893996,173.5212434920789,59.018266474424856,-38.36793912688804,174.7333643603468
3402,-37.13928485931728,43.16869897492092,81.0112863765173,-32.19139035288392,42.546972773932175,81.32930994717081,62.09152279583541,-36.43514978303186,173.50512572288181,58.79303840558827,-37.9858085500888,174.73069989358467
3403,-37.344379424960415,42.76868394498157,81.00342473081439,-32.393928261049226,42.14671867552217,81.31659681295979,61.85916113157792,-36.2063319180247,173.5014228952756,58.72018262607824,-37.80363145238934,174.71540082026561
3404,-37.54788535074144,42.36540309921174,80.99047037274812,-32.59805817681409,41.73958603340638,81.30270132610086,61.654298058504075,-36.060825119174105,173.53600426446178,58.6477737807579,-37.70758669307914,174.74224505734
3405,-37.7601190030266,41.95606877019419,80.97204437891804,-32.81492494696369,41.323019859507404,81.28498569028298,61.59338769676808,-35.85125883884288,173.5721963966087,58.725273403588105,-37.52984632271368,174.76554131898396
3406,-37.979408158530504,41.544653333639594,80.94600249182238,-33.03801303144861,40.90807688330693,81.2638967090463,61.54514299959636,-35.54046782013415,173.5976949049611,58.721655522451485,-37.1641293025608,174.7900043959673
3407,-38.2012818791675,41.13006174063556,80.91267322346172,-33.26182889815606,40.492149688810464,81.24119438965124,61.4810382333298,-35.248546811497455,173.6485951812171,58.60793870250693,-36.84809243305701,174.8531829173558
3408,-38.41952307295279,40.710140553792115,80.89161965947366,-33.48125834670098,40.07690703101249,81.23353263207446,61.47165176219126,-34.98783874259502,173.71098384623863,58.6144053863743,-36.75332916629475,174.904018240366
3409,-38.6333328759728,40.280925390070145,80.88628013820696,-33.69622898169695,39.65395626791611,81.24037290778477,61.75563377996743,-34.973747560641065,173.7848601969691,58.87144707325449,-36.675180426336794,174.9731348810882
3410,-38.843975271046176,39.84603723766417,80.8982701710772,-33.90627777594602,39.22961813316513,81.26166812665313,61.69997329630606,-34.93400768790461,173.87279402508418,58.71225665406373,-36.699491847109435,175.03334106788563
3411,-39.05348622958687,39.412747971531275,80.92457175726054,-34.11370886683349,38.803395045656266,81.2934082466505,61.603688242959365,-34.92242247845417,173.95066025552484,58.51526331444704,-36.809341978603555,175.10655957922492
3412,-39.26527410621126,38.98005453151862,80.9656125807239,-34.324678998746805,38.37147940646605,81.33227067520862,61.33980001041315,-34.85656383302356,174.0429206465136,58.253238460434815,-36.71715610702581,175.1861896385894
3413,-39.48249925145404,38.5519125743158,81.02109124441006,-34.54074090658909,37.94233534405588,81.37664671625815,61.00232154976245,-35.03890282033116,174.13985411136545,57.861540554305115,-36.77030138214557,175.26443579285927
3414,-39.70834741817631,38.12768206039777,81.08997957674026,-34.765014119463906,37.518217260513744,81.42647603969802,60.90519800538846,-35.35340746138413,174.21949397975825,57.77480841445987,-36.98103546296855,175.34463872997506
3415,-39.93936123620446,37.70285573647079,81.15041780358139,-34.99366720453544,37.095634283035814,81.46747137285494,60.69857238695987,-35.49315601463207,174.31216329216784,57.65733306315021,-37.05865971914366,175.42652256527674
3416,-40.17112892916269,37.282262431857355,81.19960569458249,-35.22237562231332,36.676137977191196,81.49907267128987,60.28464661278569,-35.65363201523724,174.38321552469924,57.526530373179234,-37.14748738659894,175.49111530844894
3417,-40.39917815674232,36.86125762565463,81.23694413464715,-35.44573523021317,36.25656374327554,81.52294686932932,60.017921232483054,-35.63044220906544,174.45802755650158,57.26313213173061,-37.04625202315563,175.55278802887278
3418,-40.62924603315241,36.43732671702178,81.26620563392996,-35.6710821136204,35.832761883580076,81.54424071215978,59.7822150088998,-35.436723287875864,174.5541190273097,57.023381913906704,-36.81426686208705,175.65663788781833
3419,-40.86392466403614,36.01261871197316,81.28676810547066,-35.90279348439109,35.403991056943575,81.5620949448196,59.65257890354108,-35.37059348782248,174.61951670996248,56.882461772515505,-36.625255230973494,175.7164636581681
3420,-41.10644618818357,35.5837881575033,81.29827818022687,-36.14351453696255,34.97227960146348,81.57713393417532,59.64172471472387,-35.45354594007805,174.63641960737917,56.74665162128616,-36.806060175203335,175.71120906888763
3421,-41.33713420767536,35.16879599908723,81.30704342622839,-36.37323969291551,34.55741756210921,81.59921418021447,59.395004056447256,-35.50363846561486,174.65993179229577,56.52779139591787,-37.07965985977387,175.73461844148204
3422,-41.56814082184595,34.74950497808518,81.32420027069475,-36.606012048537025,34.14059277737075,81.6291742715134,59.0742295272708,-35.62193632458814,174.7068230053236,56.2068586673141,-37.30414829277599,175.80308020994266
3423,-41.796030244709954,34.32695911392025,81.35250787301489,-36.83556889626619,33.721553681504666,81.6675888769321,58.662040425003134,-35.58825749964732,174.7411766118715,55.78447937491399,-37.296497693703046,175.83919972608763
3424,-42.027022817857464,33.90159947425059,81.3916927887177,-37.06473049533313,33.29982815318585,81.71284259858678,58.31707973381898,-35.700944265451305,174.80056609006934,55.38695999398228,-37.31939041299937,175.91531540956726
3425,-42.25496680061657,33.47836140080817,81.43877448620998,-37.292352766747214,32.87825689236389,81.76238778047045,57.94463324177316,-35.880669892828124,174.82208506996915,55.00330850822113,-37.28031347831578,175.9787668919395
3426,-42.47882610203517,33.055829442515666,81.4943952599947,-37.51985981774465,32.45341440716555,81.81329155956078,57.61464114458409,-36.15553287148,174.85022502962207,54.80514780685613,-37.377035113553404,176.01418876215294
3427,-42.698286108595006,32.63277118736159,81.56094980756328,-37.744790346703525,32.02894175907027,81.86914942526596,57.61141812975175,-36.61186862035117,174.8464039376298,55.08237726876355,-38.037818815803426,175.94332890119213
3428,-42.918725037487874,32.20843133822707,81.62917502498416,-37.96670145839509,31.603323565701647,81.92782522115989,57.61768084431269,-37.0989572712764,174.81077894794535,55.206207696709875,-38.7473649590851,175.87135195948383
3429,-43.1418946409452,31.77691355009814,81.69061670744912,-38.19126045354438,31.173388134806245,81.97813466358596,57.82295053896098,-37.49535553215301,174.73183488245766,55.44064626108629,-39.194200948406056,175.80314887792764
3430,-43.364463872734056,31.34870417424509,81.74682628120328,-38.4122530028104,30.74565370129268,82.02613324576575,58.11104823063837,-37.98593182998347,174.66264500875727,55.570668768945794,-39.50188811045757,175.74079374316779
3431,-43.585590308024706,30.922803472568773,81.79218704456238,-38.6312633640945,30.31972635097162,82.06439440888698,58.530280341048524,-38.297583087047194,174.60534421574908,55.79985945891669,-39.5280410811005,175.75366831311402
3432,-43.808855732690624,30.49252368382142,81.82766340532535,-38.85274369603814,29.888134845822623,82.09486375366191,58.78976877632285,-39.46443369945964,174.55160987279635,55.692634463019424,-40.687794155125815,175.77001642118546
3433,-44.03082242316782,30.06538009966031,81.85597113551135,-39.07216763473904,29.46152541413492,82.11979069716016,59.18946547067092,-40.532960555995864,174.53699615709752,55.91990016776951,-41.600929687213075,175.82941067676637
3434,-44.25744207877134,29.633285226036637,81.8740946545934,-39.297177668789956,29.03016022561073,82.1395954115059,58.853463862715046,-40.811055314935636,174.64245064749122,55.51180499993169,-41.80141286820556,175.94490378184963
3435,-44.480293107010496,29.214134740037796,81.88223632396256,-39.52010517805613,28.609868533961897,82.15523017626958,58.58639644016315,-40.961812729652884,174.79572863680306,55.17727651152908,-41.97277818905227,176.08900695945448
3436,-44.70628375484136,28.789512877052317,81.88862027788682,-39.74834583254586,28.185971949180757,82.168940249596,58.15321822834382,-41.112082462602764,174.97304956027585,54.81363676422916,-41.986108483400145,176.22588779209255
3437,-44.933723428038064,28.361847302042477,81.89676206399847,-39.97740508811379,27.758077692070497,82.19063537412264,57.86015656493875,-41.20748864581058,175.17453927756804,54.66136616128483,-41.870246914012135,176.361510164343
3438,-45.15886721332123,27.930803685120942,81.91264217963074,-40.204241635534146,27.32775709583129,82.218517542368,57.601988436917715,-41.62906744205612,175.3419516047832,54.71375495674987,-42.01652722925694,176.48650444146068
3439,-45.38195223938053,27.49380808202388,81.93814871137441,-40.43108701189592,26.887979003349525,82.25304519539931,57.4427611237826,-41.24283915194932,175.5250371476479,54.59813083507907,-42.13562481284735,176.6051848607633
3440,-45.60207910664382,27.05421153902415,81.97202592450964,-40.651224007335834,26.449885225935088,82.29285460440552,57.11650431115341,-40.84835189113657,175.67932357151523,54.59658501640557,-42.19779439935255,176.7103207819181
3441,-45.8212371327313,26.61290031676304,82.0138931608634,-40.86872566921531,26.01086114333832,82.33604393811005,57.17548511652071,-40.88042257399205,175.8082674434653,54.54292823557117,-42.32328520349872,176.82767967894702
3442,-46.04241638888627,26.172756600216513,82.06322592556894,-41.08849329828923,25.571152463860127,82.38137387724252,57.4019371429909,-40.87481400187532,175.94221267169846,54.719456294081226,-42.389549761196776,176.9847393670003
3443,-46.26869692048979,25.72882172997959,82.12037057535261,-41.31201884650581,25.131070512316843,82.42925132680709,57.73344813127254,-40.90649381710978,176.08161735831882,54.91377578261184,-42.37148786577418,177.13649745665407
3444,-46.4977388068502,25.28690780652923,82.17717992567509,-41.53843396615944,24.69018933636823,82.47785890715703,57.75231296575101,-40.90131929226199,176.22570397051098,54.76636275512894,-42.1738934387012,177.29058099332892
3445,-46.72824531234979,24.846388415177312,82.22566977342376,-41.76671012416733,24.24983127929508,82.51637436323625,57.515067707011376,-40.77764998689834,176.37455839571675,54.467597239948496,-42.086172006180924,177.43929296935286
3446,-46.958243510208284,24.40289286122763,82.26618861029367,-41.99709637387941,23.80487420434361,82.54783588269136,57.47985149179581,-40.74586892580567,176.48712843839812,54.35180890079293,-42.14555934044609,177.52414202739635
3447,-47.185658609813636,23.959418368233187,82.29952035541412,-42.22359934734438,23.363565458444416,82.57513477473474,57.39779571915848,-40.7376642547405,176.60626865713985,54.28354832690832,-42.19337123325849,177.6122682446911
3448,-47.411742416710176,23.517204237489405,82.31971146214119,-42.44778424452896,22.925477544211553,82.5923340934897,57.25840275501452,-40.64879925207215,176.70552829399278,54.09457739613894,-42.19278502378161,177.6871467679348
3449,-47.639235461567,23.075478403948335,82.33117684638727,-42.675757429708725,22.48580366757662,82.60482085692071,56.860060947639454,-40.54129216123429,176.78118614463943,53.80146782197233,-42.13711159629853,177.77916551474377
3450,-47.86683221741609,22.635082448517398,82.34426935360948,-42.90451727963831,22.047110601740737,82.62610474581092,56.536253378553184,-40.758332228975654,176.83400425387006,53.725109080895514,-42.476573750886885,177.84536368234268
3451,-48.094667864348345,22.19527757119153,82.35646016164023,-43.13419519858509,21.607886724954962,82.6514528326059,56.48647993530572,-40.91267066279171,176.843487320843,53.74654570040118,-42.47355371789848,177.8709890835626
3452,-48.32069402441477,21.757136734759097,82.37523836712164,-43.3608576355656,21.17117988504604,82.67965951857545,56.494398940408246,-41.150553579859775,176.81265595696584,53.6619635132404,-42.658858178104495,177.86141534040624
3453,-48.54292663942764,21.323999684416002,82.40009583863524,-43.58385369373602,20.7374900972373,82.71040849370145,56.657026270192084,-40.90229426438753,176.76201947904445,53.934840172926954,-42.25611502836162,177.79009371942976
3454,-48.76306827511795,20.88840734681254,82.42893379073443,-43.803055811137035,20.299423440421727,82.74280081802549,56.78465588275039,-40.50367372245932,176.70289894583394,54.128023464931346,-41.72357951416344,177.7415766334334
3455,-48.9838567763346,20.447576973095266,82.46316304546144,-44.020924794028105,19.8581267718296,82.77639966974196,56.99815777525878,-40.064183171881325,176.62084026472024,54.268678784527054,-41.20232184833444,177.67586314502068
3456,-49.205925545568704,20.010659172503047,82.49699757430027,-44.242587242949774,19.42039275871292,82.80245020310994,57.3544050424833,-39.697941966550125,176.49600818021597,54.43567007385465,-40.83273670900649,177.595880417745
3457,-49.42982520074908,19.578728060112567,82.5233928340656,-44.46659721258169,18.98655985921859,82.82098407471136,57.26128624698251,-39.01006896532045,176.36037110683353,54.094594405223624,-40.467222790732514,177.5108663849011
3458,-49.65586726338116,19.146073695863993,82.54221001114561,-44.69548143689822,18.55039666645517,82.83414202558008,57.26431182678563,-38.99879836629685,176.21805598646623,54.0380120810426,-40.84740047291658,177.40435935653286
3459,-49.883445813132084,18.706620710868673,82.555948137636,-44.925915011701655,18.109901693049782,82.8456523263248,57.26245624510501,-38.577357992020566,176.1288844293918,53.88257021210204,-40.76303348034264,177.36393893990913
3460,-50.109578956676,18.266873036839442,82.56322955483512,-45.15425711413205,17.674175628961653,82.85372500003913,57.28979460095861,-38.7170445077622,176.10467892684562,54.14967225905992,-40.9369891574033,177.35795908846447
3461,-50.333815418995535,17.829535212396202,82.56357915024864,-45.379372128341224,17.237828702555607,82.85853231982637,57.32416608024808,-39.44118883699164,176.10252766460388,54.35233122173418,-41.68216198050242,177.3918161282373
3462,-50.55658958956451,17.390480724673008,82.56247317969016,-45.601929125149574,16.797501079327507,82.86877108963809,57.32344588270159,-40.1959462098179,176.1036218016812,54.45002088248533,-42.226229652770996,177.398236757919
3463,-50.78196474892445,16.942712916607114,82.56689388180479,-45.82848996144178,16.350248428873503,82.88367011792111,57.33715204791084,-40.86444373006708,176.12216270602397,54.59665815033577,-42.58811234898477,177.40289149979358
3464,-51.00910847684982,16.490217751813724,82.57857026682031,-46.05524413027753,15.898067367507476,82.90227265700354,57.73653802586003,-41.62672777229035,176.1245055186625,54.77188356570549,-42.94337408702242,177.36622583696249
3465,-51.23759495954557,16.03692094216259,82.5977405364485,-46.28371584489184,15.444473918639854,82.92507110197899,58.0775649836184,-41.81451612750452,176.17096759269623,55.05955943065221,-43.09285355922144,177.35289796761376
3466,-51.46309720137352,15.585872528344115,82.62168098651514,-46.50914736609402,14.991047452261018,82.95059637713806,58.28539509143664,-42.10511335652458,176.16335994760811,54.98459854554563,-42.971697370790146,177.31329838350726
3467,-51.688290272943895,15.131335741912235,82.65178804294145,-46.73200523247693,14.540331236572845,82.97809540559321,58.24034676504806,-42.14181542999797,176.14420927581781,54.967360955751055,-42.752353840619534,177.28886872616866
3468,-51.91924982920966,14.67625993831359,82.6789844002933,-46.95952021408879,14.090872050922192,82.99438566360898,58.07478846636783,-41.738934483188395,176.08444178148397,54.779510352194876,-42.57035872463927,177.25189641463803
3469,-52.15459720214816,14.223941085898696,82.69517454906669,-47.1907973098317,13.643137601319438,82.99972792840691,57.81294389336257,-41.41906316996589,176.05976120832202,54.42362136140334,-42.488503159761294,177.25334218310496
3470,-52.38837822498855,13.777079005611842,82.69977288243388,-47.42319514352295,13.19808789325669,82.99623299562784,57.47345951703103,-41.00357757437027,176.0900905178778,54.094539976379,-42.21648843463723,177.33228152085607
3471,-52.62218603050312,13.332929010557622,82.69352494856514,-47.65668160670091,12.753310139402547,82.98552178125114,57.18135837173011,-40.4803458859761,176.16146780074575,53.95015796348744,-41.91870872117214,177.41293152832563
3472,-52.85613876011684,12.888362866159687,82.67771350950363,-47.89202428103042,12.309667544821878,82.97063143059144,56.944256964940536,-40.19562983312206,176.20798519291046,54.0628691816675,-41.88788963113421,177.45849565816923
3473,-53.08992517712184,12.448116050554962,82.65249147867806,-48.12782461624699,11.868550512221454,82.95210100904613,56.89625429165699,-39.780875598243426,176.2324405204446,54.120236675684026,-41.42864061580871,177.43155917630648
3474,-53.32457150594973,12.008546089592734,82.61734067874796,-48.36268540743838,11.429292095107243,82.93029446710602,56.20092999882297,-39.92530357782484,176.26727651953246,53.30605122008625,-41.72286262647385,177.4313095345795
3475,-53.55938488526435,11.566480666967353,82.58116924074561,-48.59923098459028,10.988633560947779,82.90599525662131,55.6815811312804,-40.07781302392413,176.33926866308852,52.727825010837996,-41.95835630210039,177.46551455009035
3476,-53.789106680078234,11.125610303771348,82.5504342383751,-48.83178866298187,10.547883346606598,82.88743438633864,55.44317095922534,-39.91000629227163,176.39398564785338,52.44986918750554,-41.75863437637317,177.5001525925051
3477,-54.01487298280453,10.684107343364772,82.52839126289608,-49.0595462046272,10.105627959326604,82.87610788508981,55.277844924672465,-39.62796496112058,176.39242893592464,52.28240350662545,-41.23423641048704,177.53077112798766
3478,-54.240001431567364,10.242931432213014,82.51607311740587,-49.284927846131964,9.662680918974702,82.87129549837643,54.55018196391975,-39.78745161409714,176.3763634015345,51.47630147905774,-41.350370881480984,177.55164935260058
3479,-54.46887646639852,9.795274171001187,82.50810810413604,-49.51410818311824,9.212542997577561,82.86712097029614,53.688330982607816,-39.709643486957056,176.39735425124024,50.87831909700447,-41.308149474696044,177.59765116771817
3480,-54.69316570292974,9.348192207998743,82.50332160860626,-49.737665964973,8.762840088505863,82.8607983047078,53.10151412888123,-39.766949748635355,176.45882498729375,50.72780126383686,-41.02609250058129,177.63159371232388
3481,-54.91831029116418,8.900881590604815,82.50487238528393,-49.96002266623099,8.314607441442192,82.85728076474682,53.202619986526635,-39.36571692689091,176.50151908604732,50.745748724900345,-40.86102418455481,177.65410960200447
3482,-55.145969376831424,8.451832279621721,82.50700518841144,-50.18522339042989,7.865292567136622,82.84881360818902,53.60022453619574,-39.26353516853134,176.50918076251514,51.24802337085882,-41.141750525606874,177.65813611817623
3483,-55.37217089497726,8.004997941396947,82.5027304185063,-50.40783818169876,7.418801985467562,82.83703195421735,54.03312861755925,-39.645488429683994,176.51278618302365,51.869362936726105,-41.6447275321771,177.65961068432176
3484,-55.60068503716908,7.558695199420108,82.49132648557641,-50.63310440625498,6.973852938871364,82.82213434771818,54.328687671805085,-40.345533961849874,176.57421379608567,52.22810295115413,-42.124169180219646,177.7404435296141
3485,-55.83031670539248,7.112378408401257,82.47426876129477,-50.86064473525015,6.530174076515228,82.80452863166019,55.06109626994741,-40.54703013351068,176.64809911595964,52.45838984098402,-42.34349111586234,177.82379663922327
3486,-56.053779665792796,6.670790394692075,82.45370374554184,-51.08546628064445,6.087807137172393,82.7849855813696,55.56663098239563,-40.64537108222016,176.79320897440508,52.371987458427526,-42.23845551210907,178.01963736670766
3487,-56.275363611081055,6.2280040352050055,82.43273883978607,-51.30855241690954,5.642513765338615,82.7660268129233,55.47964137019481,-40.74999764416396,176.96980412327116,51.801788426911024,-41.91468103109265,178.21807684397754
3488,-56.4955596969363,5.779092382653345,82.41405960505485,-51.52966969657867,5.192539955881451,82.75689239105961,55.21253053682949,-40.78028932450562,177.17507524913245,51.22898663418724,-41.6134176862132,178.4176521935809
3489,-56.71526550291813,5.333313694604896,82.40519410577858,-51.750724181842656,4.746078471666706,82.75705243529256,54.69498547812795,-40.551432933045476,177.3803912333877,50.9051683290405,-41.422012941178565,178.55191669084923
3490,-56.93736594166923,4.889956412033882,82.4058612624249,-51.97173133326984,4.302456848888116,82.76346582541639,54.13368556905325,-40.43698365972043,177.57023461896483,50.80681862380736,-41.71190207838907,178.6346382806096
3491,-57.160928290539694,4.447187052821712,82.4124797221777,-52.195541027967636,3.8594680644858266,82.77088382638411,53.79531002925373,-40.334560771199286,177.74376766053598,50.90358517406969,-42.03703796390693,178.7591353600052
3492,-57.38536584080635,4.000249240729077,82.42824850577544,-52.42209587493961,3.4113176692949585,82.78389817274925,53.36351543299595,-40.499516463970295,177.94421110513002,50.79353436336447,-42.507494944774855,178.91944351258866
3493,-57.61009880486223,3.5496285055143493,82.45098953983346,-52.64771451393415,2.9606848895362914,82.7989702628788,53.19671979700243,-40.67336492911081,178.07900183135754,50.80603360874654,-42.615799241866895,179.0873277199527
3494,-57.83545652741351,3.1008522331933075,82.4706925034791,-52.87382422934154,2.511688775426026,82.80379557540545,53.23013745079115,-40.73328763657819,178.22744505918376,50.59741367189795,-42.301646905925175,179.28087390765185
3495,-58.063179522636695,2.6512373624897836,82.48077544342486,-53.10238518321827,2.061050571787896,82.80193538756563,53.35221865047524,-40.73142079773681,178.39094195452714,50.43902362880269,-41.91654015651747,179.48718540114677
3496,-58.29133059172949,2.19619490986092,82.48240167452101,-53.33134652224191,1.6053347556313773,82.79684388536042,53.37315601223444,-40.29779081868321,178.61232334336518,50.30232294824096,-41.05514815768515,179.71013509378642
3497,-58.52291828541644,1.736387931861675,82.47947232581728,-53.56142975546692,1.1475125517425626,82.79208715613088,53.27358220736131,-39.500068655309086,178.8508699337438,50.18595598582524,-40.302297086072606,179.89477185939884
3498,-58.755700549281826,1.2735919431010552,82.4716169776922,-53.794107888981,0.6880205681136434,82.78336544363701,53.11806251885614,-38.5089545637508,179.02957788530645,50.19119414586635,-39.51957492774444,180.01789559391196
3499,-58.988356905238284,0.8144882232180979,82.45633936878109,-54.026809050257974,0.2306623098685362,82.7723741726085,53.17215907381954,-37.156788756590004,179.1443115344058,50.302957268044146,-38.59624296854556,180.08671604138115
3500,-59.219716573749366,0.3568763244364877,82.4407775931177,-54.2553066707981,-0.22438487142206937,82.76967067888457,52.95076973416988,-36.36558280125078,179.25850599211148,50.108772743375006,-38.37735384470639,180.17199836485585
3501,-59.448789000191866,-0.09953957710623729,82.43661933320354,-54.48065664938126,-0.6765831162285038,82.7763885327705,52.6538265358255,-36.236135794795416,179.32697290309267,49.627034177381184,-38.72978647954567,180.23848321875457
3502,-59.676696177757826,-0.5568888297838146,82.44640400893186,-54.704807275582645,-1.1295601652786955,82.79285760988691,52.33480460497221,-36.38200777586467,179.3324417759566,49.21849089202693,-39.26684280605016,180.25951065491265
3503,-59.90183058032039,-1.0096242029332827,82.46477445860967,-54.92681460197377,-1.582421355200079,82.81313885909282,52.02577266788261,-36.87673513169155,179.2755851831945,48.88997621125121,-39.63129630534811,180.25103101998747
3504,-60.127262658526355,-1.458960788245082,82.49020555335895,-55.14981551816576,-2.032311021698531,82.83861858844958,51.70150140272679,-37.8082795277265,179.16034252969678,48.60294113855489,-40.472762418358734,180.1672599517328
3505,-60.35297831831493,-1.9022336317109865,82.52475734736018,-55.376336022200185,-2.478737031329654,82.86753470860835,51.323631225829224,-39.00485854458964,179.0646401710457,48.40783312288718,-41.339783890469185,180.102671064497
3506,-60.582002943967886,-2.3412154539454963,82.55990990911067,-55.60846844899685,-2.921320291993243,82.8872448013656,51.08806448585981,-40.375408186769036,178.99098646879796,48.57897955527863,-41.98237031039005,180.05304949951997
3507,-60.814935282676686,-2.7819575462926722,82.58572488073918,-55.84420720374392,-3.363541335138659,82.89850417626754,51.153028705683305,-41.22271956000166,178.88423677969308,48.84382539001253,-42.27513492257372,179.9922543125961
3508,-61.04391079738516,-3.2233125810536993,82.59981001542596,-56.07619478441944,-3.804690716001356,82.90225109656306,51.30261025404819,-41.715159754181705,178.81294049274618,48.825754796922645,-42.532057687591035,179.99633974859813
3509,-61.27243285791433,-3.6686499544882487,82.60648863452712,-56.30758735359501,-4.250284354559676,82.90409607713396,51.63051316073987,-41.81713051138286,178.73775872970123,49.03100308290451,-42.445193523632106,179.96180210446246
3510,-61.5006787998004,-4.111259090130949,82.6075773100467,-56.53889259128162,-4.69525857956034,82.9034141337987,52.00880544957526,-41.805060306236456,178.73005607151825,49.2644432401347,-42.15549286823176,180.0010783301031
3511,-61.731186834115135,-4.559386111652484,82.59979073670485,-56.771368858794894,-5.144193430917251,82.89950949136691,52.526024189223435,-41.447206384467,178.76965607071455,49.61533650652467,-41.9938425157226,180.02279112014637
3512,-61.957210290648376,-5.005733803434486,82.59174421274835,-56.99676712646983,-5.591416471090582,82.90576510859577,52.969770711021695,-40.80255777099431,178.85162350336682,49.84630326917762,-41.66076698969739,180.10010095727552
3513,-62.181577387478804,-5.454967351492403,82.59263596347736,-57.2191678721178,-6.039525271345511,82.92056145712682,53.125834413548915,-40.278201305855795,178.95277433420736,49.9652423407735,-41.50765003888424,180.18772556688012
3514,-62.406149500535435,-5.906170524580644,82.60630946917807,-57.442489567690394,-6.490860112471796,82.94421498740908,53.69700521523784,-40.301972937045086,179.0665848509622,50.76228370997888,-41.92221749891016,180.25530995907297
3515,-62.63459616714543,-6.358351688429321,82.63382495300011,-57.6688020610503,-6.942640155645908,82.9763736705111,54.38777372633319,-40.48145619512204,179.12506904903333,51.336542071160025,-42.50400675529617,180.2881472410203
3516,-62.867209314508656,-6.802648284421396,82.67147027517818,-57.898613410882824,-7.387341211273949,83.01478168120175,54.81825747355185,-40.626684625946965,179.26331662793825,51.64402776053232,-42.61892834508277,180.3886795722614
3517,-63.10285090054313,-7.241813805719834,82.7193496359182,-58.13178976197804,-7.827525535086262,83.05657229595214,55.15396992163756,-41.72624788262341,179.42678342864022,51.833119519215444,-43.82142249466986,180.57119969406693
3518,-63.33920726781766,-7.680293865304772,82.77782406241728,-58.3673479544525,-8.265775153668137,83.1013471956826,55.534655839881,-42.87674196329642,179.60735030880983,52.2118856287879,-44.927995764323484,180.7295090540309
3519,-63.57940894364158,-8.121067552317106,82.82607795380801,-58.60858526000579,-8.708759375349409,83.13417144426766,56.4618999845232,-44.03687882633245,179.80171970924965,53.245630165763345,-45.624919275766366,180.9336372624304
3520,-63.82103526404596,-8.567526415412033,82.86397201323253,-58.85086632053318,-9.154255056514758,83.15789181035417,57.348346954686996,-45.1666668592788,179.99389503773494,53.94185358014275,-46.24977276079758,181.11633880433703
3521,-64.05659350403327,-9.011182924311232,82.8904552634235,-59.08819433346443,-9.59872818071141,83.17377816995135,57.80875977148563,-45.923560769042176,180.1934271217656,54.578820063210124,-46.79947609607234,181.27857260121053
3522,-64.28669399130825,-9.456867100209495,82.90599610253675,-59.32155491850766,-10.045782680153287,83.18297240076193,58.171833892317856,-46.565009638753466,180.42021287965255,54.87778397638701,-47.32426210660694,181.4269588675771
3523,-64.51535019439298,-9.907308707486273,82.91158588052144,-59.551088097134944,-10.49555217831261,83.18769738019647,58.79746262811564,-47.461630461369566,180.60718049956822,55.34035403714181,-47.742471727768,181.55999011928512
3524,-64.74654377508355,-10.359298455306497,82.90741587437178,-59.78111628054356,-10.945370243379095,83.18911589036118,59.31481785541429,-47.73279779870098,180.73393947070895,55.511903553780265,-48.30945421184992,181.68915388905342
3525,-64.96730691929787,-10.806773545548229,82.89749719997569,-59.99889869012095,-11.38367338398872,83.1929367465139,59.65490095945862,-47.56512716096944,180.86516756031224,55.640702343859154,-48.291577972626705,181.81246435252206
3526,-65.13354961371219,-11.244283667572384,82.90369448870793,-60.162293223279825,-11.809787397008506,83.21428388330865,59.78238165208087,-47.90985407714719,180.94635608340428,56.17306982311197,-48.74646263325795,181.9129295365485
3527,-65.20819077573063,-11.67564088348934,82.9226811714125,-60.23658481308183,-12.227779250253853,83.24727169835197,60.16415772349287,-48.15732581344403,181.0291474429552,56.82190797705518,-49.035023127022555,182.01526557566092
3528,-65.23187663335075,-11.273469462782911,82.94774025573189,-60.25809656960727,-11.838282862628413,83.28230430888439,59.80245064125521,-47.97002278839853,181.1128179052947,56.26105361163431,-48.878869256665865,182.11495652980335
3529,-65.12980422822268,-11.621562642182212,82.97832171954731,-60.15987871270027,-12.181037740026273,83.31645208031243,60.26626157941175,-47.94188011600142,181.19058577433682,56.73383905375963,-48.935602717303006,182.20294034961466
3530,-64.98271864624216,-11.896258715633687,83.02158088198017,-60.01100989584751,-12.459526474177759,83.35790750353362,60.63503868095746,-47.964978809515685,181.25745493077264,57.12122571083403,-48.92400633585856,182.27507484199856
3531,-64.82062241984602,-12.094405357550285,83.07583587029202,-59.83414926859105,-12.671000373798146,83.40416883440079,60.89777665215202,-47.73273292481294,181.30576175294374,57.43392526215333,-48.86621750030699,182.33272284135066
3532,-64.6628122689752,-12.227788293460438,83.12578208947258,-59.650339030779584,-12.820560795572455,83.43715498474894,61.44859194325664,-47.49675632301286,181.3415644395702,57.6804193413731,-48.78240285637297,182.37601002613738
3533,-64.51942410403299,-12.317916307879354,83.16120998085096,-59.475337054853185,-12.92081924810756,83.45779658453193,61.59334821487631,-47.459156015856955,181.36639223685896,57.86975384527094,-48.690617476141185,182.4053666830783
3534,-64.39798248184012,-12.376092212988533,83.1831362756673,-59.31544409105474,-12.982813403236934,83.46984522948941,61.71779610967143,-47.516095455628694,181.37193014956293,58.01290350791095,-48.598874390097386,182.42304261913185
3535,-64.29683257582154,-12.407731573804824,83.19409070301265,-59.17154519520252,-13.008663516007209,83.47593787209881,61.8167617969326,-47.54615023685628,181.3672536819467,58.11677610834636,-48.50461583334952,182.43275221528185
3536,-64.21722994867508,-12.41391569285932,83.19734456438984,-59.0475357336325,-13.000183471433326,83.47830926329418,61.89226253588576,-47.547371909486536,181.35407589049083,58.18745274702635,-48.40423349612456,182.4365060028799
3537,-64.15780348615397,-12.401790478969838,83.18794658157829,-58.94693961490875,-12.966537459173423,83.47462573994223,61.94375366027789,-47.53159473159188,181.33447722332008,58.22820984348297,-48.30714218244552,182.43433649894612
3538,-64.11490313423927,-12.379554551286374,83.16650356614164,-58.869682385994125,-12.917585555784472,83.46666473985742,61.97639110387157,-47.50945541102619,181.31136214241945,58.24444399315652,-48.2211154088024,182.42786410112285
3539,-64.08679304985512,-12.352225563314104,83.14986868539383,-58.816279777499,-12.862774797827797,83.46464089315147,61.993132644196,-47.484922608196676,181.28732629058084,58.24195245779127,-48.148043617529616,182.41906010908022
3540,-64.07107218396081,-12.32517321643757,83.13958580873722,-58.77992802429076,-12.81302192936919,83.46712582718091,61.997146553147665,-47.46251352109357,181.2697873515156,58.231234703259005,-48.09078593376452,182.4164311478285
3541,-64.0609286869341,-12.301392052845541,83.13585548482546,-58.74826756852502,-12.773020168802503,83.47233549633246,61.99596768838984,-47.44324328856788,181.25900853343583,58.22460841588956,-48.045685965355915,182.41736895925308
3542,-64.0487798251506,-12.284421202941076,83.1362384357667,-58.71433170039499,-12.745244692419998,83.47716759372271,61.99895331075173,-47.42835837636147,181.25515990511312,58.228636814086315,-48.01143757620643,182.4224492992158
3543,-64.031499709102,-12.278390901389624,83.14059464585527,-58.676795840646584,-12.73124613768016,83.48433290186013,62.010548075103856,-47.42560063814739,181.2571990561815,58.24330587731627,-47.989961324359335,182.4308968498426
3544,-64.00510490600638,-12.2781692366307,83.15079840702772,-58.63111013121347,-12.721214404287142,83.49345374142291,62.03322411330586,-47.428216769722724,181.26495255970173,58.2716307076231,-47.97284722093565,182.44084470956554
3545,-63.959192164338205,-12.271100612770717,83.16083248092923,-58.56397947020221,-12.697120927698736,83.49575703148349,62.07712153797682,-47.42117138206136,181.27229880510788,58.32411096402744,-47.9423068594944,182.4434908198851
3546,-63.88966058254945,-12.236773944384243,83.16456460297661,-58.47763332733312,-12.636572971949706,83.49314031894411,62.14281994336468,-47.385559781129935,181.2769127107947,58.393526393768035,-47.87687851723424,182.438028798225
3547,-63.808561157334616,-12.151104433896501,83.16239157242816,-58.391564484694364,-12.522060536487565,83.48706787920004,62.220244670588876,-47.299740569244605,181.27451811055334,58.46536855525799,-47.76251759543724,182.42835153018456
3548,-63.74206074305935,-12.004941779435695,83.15434632838964,-58.33052002078642,-12.355749343843666,83.47715849365883,62.28237328051746,-47.17752174350672,181.26768995181706,58.513971184391906,-47.63114514151348,182.41738582001705
3549,-63.69882453274476,-11.801724450874119,83.14074058243435,-58.294890177008014,-12.14813464042101,83.46279780801738,62.48550458906319,-47.19895491346079,181.2586861507598,58.76862921687281,-47.732416646426785,182.41053407400173
3550,-63.654879861424384,-11.551817578925364,83.11943685798293,-58.25490737458552,-11.915407740020443,83.44507452586089,62.94054711162811,-47.10338879429579,181.23996294010524,59.335856561869036,-47.6486034388202,182.39698802789027
3551,-63.57190467600109,-11.269451099889205,83.1007230710512,-58.17753382665427,-11.669077994253014,83.43715425632932,62.97851625673406,-47.414187427621094,181.21976433106218,59.210858099706286,-48.11690284310466,182.38643761605326
3552,-63.42974049599087,-10.976804263496055,83.09315607504506,-58.04644563558333,-11.417494410426055,83.43950027032737,63.11589687439695,-47.533167725987276,181.17967700938942,59.28284855990972,-48.16879581588021,182.343976277645
3553,-63.2329833499258,-10.690167660035318,83.09610213314187,-57.86607773248668,-11.167241692004138,83.45008878839356,63.13240547403363,-47.642131617586585,181.12315512269836,59.21376144911525,-48.1369984897849,182.2791760383931
3554,-63.00218807131717,-10.405059571164063,83.10795288820151,-57.65323898580243,-10.910489621143029,83.46666976904562,63.1669635184322,-47.64342089572199,181.0427774608308,59.229576162097935,-47.90812582313873,182.18867894150642
3555,-62.7644071932907,-10.106453185727974,83.12955697384635,-57.43431439486752,-10.636964762886254,83.48820699698872,63.02862581309014,-47.430273713847335,180.93253488769,59.021656817833595,-47.403350478196664,182.07109546885562
3556,-62.53667836009176,-9.780899286585116,83.15969360720753,-57.222723773595064,-10.333610845414846,83.51274912407686,62.863636613401894,-47.21812516336433,180.85283770954223,58.932578478808836,-47.287927302432294,182.0229023755573
3557,-62.33130318232747,-9.426784501978947,83.19598476137888,-57.03131325646937,-10.003820565559844,83.53833257069556,62.14683505155681,-46.93042689934259,180.79554267719712,58.50332984162782,-47.046909382061784,182.0180516694739
3558,-62.14362689474486,-9.049002781663436,83.22399729655628,-56.856411228651865,-9.65454695976305,83.55408937896848,62.194250330678415,-46.282249623295,180.77125679363118,58.59225208644086,-46.687214143699734,182.04768283365908
3559,-61.962761319143176,-8.663876090188937,83.24398034366641,-56.6868734246356,-9.297099989417763,83.56317538031337,61.78480416234788,-45.80744848643575,180.78386788414574,58.26350114162648,-46.32841193506616,182.09184421485313
3560,-61.7759455034117,-8.273623497266431,83.2579652138521,-56.50964850819023,-8.929441708967605,83.56979270910458,61.90018960342449,-44.96582435240094,180.83923948013785,58.601128056609525,-45.47281231026064,182.15414099587895
3561,-61.57971101985924,-7.887418838791877,83.2650712295322,-56.32216558368788,-8.559987142280821,83.57239958144739,61.962353749893474,-44.233545068443924,180.95071819014436,58.80568055111404,-44.73372138589504,182.2421712253173
3562,-61.37096284830245,-7.506084984881238,83.26598553889214,-56.12359980331931,-8.192603419400537,83.57245844826595,62.029303471407594,-43.59622217638597,181.09656082589137,58.68718789202412,-44.00226800491471,182.31558793708422
3563,-61.154895432481155,-7.1245258003236245,83.26791686786072,-55.91450617766803,-7.817498979152275,83.58071071785633,61.760898364504925,-42.99029997219526,181.21341656144725,58.25051201528371,-43.71957835134019,182.38214406125562
3564,-60.9384344038452,-6.739170018995404,83.27189375668551,-55.70508067326679,-7.438314518063752,83.59743542786293,61.68885646295745,-42.629632785442105,181.35121151450545,57.82282635169655,-43.69021450259262,182.49879762614026
3565,-60.72405493239028,-6.345449036570681,83.28567519018452,-55.496952759586755,-7.051438710859757,83.62096681681086,61.24044277471191,-42.388942802078525,181.48008012143973,57.40856195901943,-43.66549376208486,182.6148731483016
3566,-60.512585568534156,-5.942027654214624,83.309469882922,-55.28978674548488,-6.657794291652884,83.65061482268428,61.162850312610175,-42.27169307465442,181.57964582042382,57.21242743198711,-43.72383471133147,182.6840077832554
3567,-60.30781110773888,-5.5381796139747745,83.34094537039137,-55.08614483135254,-6.262453991876057,83.68453002427435,60.84472805427627,-42.45615312748695,181.68939837441178,57.34409649053064,-43.65078888821885,182.77964882399857
3568,-60.10235626815822,-5.132480819472074,83.38060836366247,-54.88257923641762,-5.865989282168512,83.72063866676477,60.03243240499399,-43.535806939947115,181.8122919335459,56.67699216871081,-44.78461785636714,182.9132174656396
3569,-59.890908671902054,-4.726629390570155,83.42872570414075,-54.673597571364205,-5.470209353539866,83.75838406470162,59.71416902566725,-44.269545363787216,181.95515705751353,56.54056532978971,-45.06788219662197,183.0458985730535
3570,-59.67540281900113,-4.327248560042218,83.47976009521567,-54.459112571063514,-5.075525902300651,83.79957332261435,59.524807497267545,-44.8003460278253,182.0900967456356,56.269394983977435,-45.31924140672196,183.15338570870836
3571,-59.45305043378974,-3.926579313255383,83.53102452375938,-54.23892541419706,-4.6782847693933185,83.84260127523606,58.897724594152706,-45.294053473372294,182.16732989686508,55.36890116373797,-45.66671908337257,183.22566395483392
3572,-59.229965201744115,-3.523578528215345,83.58223494114758,-54.01775928534992,-4.275531633228248,83.88718399242505,58.507440951412654,-45.85834228204601,182.2091179413155,54.907475185191316,-46.037034176885875,183.25748016526182
3573,-59.01233884676525,-3.1141041316759233,83.62444950778912,-53.80063585035619,-3.866144675926453,83.92192500505573,57.91556051292559,-46.593921495871975,182.29187140137708,54.38269930609857,-46.646027719686224,183.31470783493538
3574,-58.803958509134716,-2.6966546102523745,83.65932257643104,-53.59292355744505,-3.450285260379352,83.95033075325406,57.17544174098387,-47.443719475104245,182.36298393555174,54.0302710797045,-47.15930417696001,183.3847457146779
3575,-58.6001456216168,-2.2691313635525656,83.69041439321315,-53.389481979124206,-3.024110430910478,83.97726489805356,56.61746529468558,-47.589297300661805,182.39556667925453,53.25157949067581,-47.7852265230772,183.43830565991686
3576,-58.403231665584954,-1.8344164433245063,83.72015254717572,-53.1927219734253,-2.59297677540712,84.00581292154136,56.10353956472192,-48.14664946373109,182.45167316923826,53.064210594342434,-48.21747091068013,183.54518525740912
3577,-58.203672489602596,-1.3931809755126132,83.74064159479322,-52.99393142143561,-2.156426789098056,84.02773354625398,55.581023473429376,-48.90838066326825,182.5291387606637,52.744556702125024,-48.88658130044172,183.66083462175916
3578,-57.99717438232875,-0.9561989242447841,83.75768483498746,-52.79007741683485,-1.723687628743686,84.051374097441,55.598527683363706,-49.538405295992604,182.63459294574034,52.58337509377749,-49.43997056922292,183.7760596141142
3579,-57.77870673949957,-0.5240887520981936,83.77549423907212,-52.576102472017126,-1.2965602081723666,84.08005100433834,55.181951750358316,-50.1248161612789,182.75521696307578,52.1212504943718,-49.89701721630735,183.86445063144515
3580,-57.55307419448748,-0.09832173385128562,83.80297473802041,-52.353254163904765,-0.8758759769691917,84.11485843520377,55.20904905193196,-50.22928181653715,182.87082030542462,52.21964501781786,-49.89947185455817,183.96270620352928
3581,-57.32945019731424,0.32903886433179197,83.8398287027762,-52.13375040846232,-0.4545420682172444,84.15605050283112,55.19421335124513,-50.38280129061454,183.00206365906837,52.29557826669649,-49.98654007644788,184.08712355636925
3582,-57.11398730400583,0.7570148182223854,83.88315041404873,-51.91929129626653,-0.028664981187750294,84.20101100208151,55.419498292437275,-50.35994773471364,183.1520920418745,52.17935027192343,-50.0067962983098,184.21104860924186
3583,-56.9012468245364,1.1844001757855251,83.93056055495036,-51.70701109068437,0.3954746743222313,84.24781184997224,55.170598998093034,-50.3853948959528,183.28335791648297,51.85126086953092,-50.026292121899715,184.3502371505435
3584,-56.68515944367997,1.6080121011034108,83.98571790439972,-51.48867703558143,0.8193530034041036,84.29602218729804,54.77690529909039,-50.22187608385247,183.41914561421967,51.202315912030635,-50.09520946034496,184.4968287239588
3585,-56.46584820441597,2.0271013445351116,84.04362487804238,-51.268561635277095,1.240033363350091,84.34691067971895,54.15195135643259,-49.9873277316654,183.55748206501136,50.46014038298062,-50.07805104678389,184.6372775284421
3586,-56.24347759368877,2.447000128940753,84.09885736977597,-51.04619404413456,1.6618159527415621,84.39456013385019,53.98122736760391,-50.026232511351076,183.74153132320885,50.17885198033711,-50.460641661334854,184.80826330562087
3587,-56.02045457717356,2.866822398177715,84.14923604572218,-50.822741956422185,2.082353390371508,84.43777591178323,53.60967707000559,-50.14074219606887,183.92368835637384,50.14359411978258,-50.513976735607066,184.9735512859483
3588,-55.796639071661154,3.289362061341959,84.19438267896928,-50.59929746589705,2.505969551122512,84.47813380483836,53.40734893298167,-50.38836429596646,184.12696105173998,50.35166506167834,-50.82933061677429,185.18395514976163
3589,-55.575685759937635,3.712977146610716,84.23525058721559,-50.38012561344101,2.9322075261652696,84.51683580932071,53.21026179908857,-50.22209321042367,184.29819642519828,50.34770262696313,-50.45074197568498,185.33055062194626
3590,-55.35298426143022,4.143136798324999,84.27372754597545,-50.16047763607896,3.363646853548647,84.55545904140797,52.74679752551768,-50.59955257716514,184.45043029541768,49.73552920411507,-50.90772164513998,185.45886794598366
3591,-55.12968949615824,4.576303078226616,84.31003974969457,-49.93741015918218,3.7974606048650252,84.59374644790574,52.50142163894954,-51.38474612953188,184.5593540446807,49.16678444552901,-51.89386907424218,185.53662761495042
3592,-54.90301431371235,5.006107434457951,84.34065030966799,-49.71113993263773,4.224681236066209,84.62865045036193,52.63599379117432,-52.034907629212896,184.63354619464062,49.02446297564607,-52.42016825357157,185.5730886080612
3593,-54.67595209641219,5.437721527470696,84.37387688806312,-49.483684269966226,4.6543074397061925,84.66689876077,52.5756231119427,-52.45025194267594,184.6904225570024,48.94393522792378,-52.915304876006786,185.63764876374805
3594,-54.45281662757917,5.870875483688395,84.41340327190392,-49.25829514142928,5.084115162273856,84.71069654619102,52.561898309782926,-53.30641330545771,184.7480443762619,49.135645788101726,-53.67976633798448,185.718921620736
3595,-54.230844424940756,6.306618752656879,84.4587311486923,-49.03373227328273,5.516189437815255,84.7593819933626,52.29800319109327,-53.88742769313091,184.7768948712559,49.17217130286359,-54.17772638073579,185.8195830503598
3596,-54.00629352918891,6.749127694630886,84.5100764837159,-48.80774101320042,5.956742503415091,84.81220759863508,52.20810577005244,-54.85189326433288,184.8152388342255,49.268262665289065,-54.4733921828069,185.89361481405714
3597,-53.78843635614037,7.192361834576241,84.56500384061806,-48.59030743768955,6.39855149727986,84.86662126374267,52.59865186603912,-55.34293535122588,184.8635824335346,49.40715880711452,-54.817035524701254,185.97758555299623
3598,-53.57369105436152,7.632485670164201,84.62203950447794,-48.37606309752807,6.8389400664339846,84.92124435669884,52.95802188825497,-55.14880279900273,184.93646068533846,49.411055457336424,-54.760757225354624,186.05388002910883
3599,-53.357213222753394,8.071741610428976,84.68413647421393,-48.162315481232845,7.275026092628127,84.9779506073833,53.09447868177601,-54.87639904553469,185.0313412741626,49.41370166922197,-54.336032438102,186.11922907049643
3600,-53.134556608741256,8.50579247925851,84.74534038913478,-47.9425463952665,7.706819513841648,85.03381405724993,53.18754043067809,-54.398982530066874,185.06310634012465,49.39102595637325,-53.78078174272597,186.11781902854017
3601,-52.90622370856509,8.938404314675193,84.80270543890184,-47.7154305559874,8.13783534235983,85.08521310251949,53.07212789875625,-53.54075211165376,185.09051857501,49.33459900185914,-53.173129483283354,186.14443145273506
3602,-52.676981109834834,9.367890880541538,84.8579599353903,-47.48650676166442,8.565562711834275,85.13605971936815,53.08800520465428,-52.92949890086175,185.10673452767514,49.35093246557116,-52.91632407341012,186.178891675725
3603,-52.45409445722396,9.794860534867041,84.90974981642414,-47.26042778083181,8.994459469576954,85.18571134304986,53.198469958717475,-52.27064806120924,185.13767040089954,49.56512625506008,-52.538006338876954,186.22004149624937
3604,-52.23297110962022,10.224048157118297,84.95804727441444,-47.03678045629661,9.42505096129163,85.23311096801277,53.22247082701136,-51.42164421546675,185.15698788571478,49.683085738268026,-52.08470855197842,186.26251645647812
3605,-52.01486172838543,10.652737081565991,85.00283884858727,-46.81773425252764,9.855099854197709,85.27756583374271,53.45453053352677,-50.6559139868323,185.19484628222364,49.96632838281914,-51.50345092489009,186.3339917519692
3606,-51.794193828116136,11.080511023468665,85.04412524136377,-46.600034049083085,10.284106374529008,85.32109804805096,53.83265613576684,-50.4228394098333,185.24985831989255,50.393829379211596,-51.403565982392905,186.41971812242252
3607,-51.57266965966243,11.507408946234932,85.08626101128401,-46.38216266729997,10.711646256403396,85.36948942283152,54.215057920907896,-50.274414476161084,185.34420965552732,50.70911701998898,-51.226530500834585,186.49245090170464
3608,-51.35251676750901,11.931674867915387,85.13460427754408,-46.1644176110409,11.137366218900793,85.42323301671411,54.621075511436935,-50.349288707415816,185.4314245501092,50.94911806048752,-51.23667916129853,186.56920093386177
3609,-51.134009905217255,12.354607655951169,85.18898255133217,-45.94760701322779,11.561659058232372,85.48193170929302,54.98711713679363,-50.359508837486274,185.51554896841327,51.1505185553354,-51.38039214169722,186.63672994767873
3610,-50.91624386671463,12.776910018414636,85.24853325574885,-45.72947031522596,11.98779998222178,85.54471705516961,55.48690256480786,-50.719856162696395,185.60927772114275,51.700369881375764,-51.808409561023375,186.71674863145185
3611,-50.69901933400155,13.204642591121658,85.31370437574503,-45.50991376114532,12.417322907245772,85.61025453234812,55.816322906752475,-51.170585169165605,185.65141847343628,51.85126780478242,-52.13245037718595,186.71667439311656
3612,-50.48376913491248,13.632032152473442,85.38552877883215,-45.292619152194554,12.845759773495779,85.678928011827,55.998806933497114,-51.591052974922114,185.6525276230856,51.95830262513173,-52.13144422659061,186.6972922522325
3613,-50.26934070676485,14.059295426965363,85.46332629827253,-45.07702611762708,13.273715525776996,85.75032829048561,55.696611942451426,-51.54383380267334,185.6282057132352,51.563451281005605,-51.841754888934204,186.676756486106
3614,-50.05602613361293,14.490439547691162,85.54297656491067,-44.863908347211726,13.704925093804368,85.8237560087003,55.4478826827613,-51.59677724381654,185.60698427501129,51.2942204086473,-51.65028769622576,186.66877090024178
3615,-49.845306199288494,14.921824005146961,85.62243118379551,-44.65315763389793,14.135680753542607,85.89778338564419,55.26316013916775,-51.58407690926717,185.60925946181854,51.15680575460867,-51.556984865039595,186.71325809671916
3616,-49.633283361857636,15.353802643092164,85.70116547695817,-44.44146469574648,14.565930723963348,85.97188520039934,55.08350975850202,-51.56974839848368,185.64844836726243,51.06523938947326,-51.61565612172612,186.8064055637224
3617,-49.42166014026061,15.781892324439525,85.77919259387467,-44.230586895898846,14.99268888957938,86.04610919444224,54.54646096028114,-51.30677266876999,185.65903873774872,50.88241205249414,-51.62470445152291,186.86610858145656
3618,-49.20771095581193,16.207136063857334,85.8546506854089,-44.015487135393066,15.418983214403644,86.11726847825096,54.33529563164409,-51.16297671086537,185.777166726765,50.90121178545519,-51.78482323397221,187.00070628242833
3619,-48.98891878234447,16.63541895660785,85.926331950657,-43.795398213374455,15.848158556002643,86.18505273360711,54.13941166741135,-51.71858046150965,185.9555970567921,50.924163327513206,-52.633926447576464,187.17416241922285
3620,-48.76927339865984,17.063007321690154,85.99335066232398,-43.5747275820644,16.27672144650449,86.24918678514555,54.2650693714648,-52.722664596986036,186.1523491483065,50.913887684157366,-53.64791227685798,187.33563841091683
3621,-48.548634872128495,17.48853764362881,86.05600409341916,-43.354768992983374,16.702187657175372,86.3106002606963,54.65188143001004,-52.91108578696748,186.32818131581655,51.320941131070896,-53.35786052868729,187.44479541789326
3622,-48.325191359665425,17.91824727690406,86.11420223367185,-43.130461155473654,17.133455687945183,86.3696970410804,55.212494220364974,-52.52762392603124,186.45916123670796,51.96717437241077,-52.384643762048235,187.51863784524943
3623,-48.10172586925148,18.35080879947065,86.16845076726338,-42.90615648425888,17.56768041658798,86.42686143756497,55.72526252711066,-51.99947422572743,186.56033955449627,52.432833068454336,-51.53722402160231,187.5913083692222
3624,-47.875332106640606,18.786903350899138,86.21997335113015,-42.681093008595106,18.003728305267853,86.48310562401099,56.651291617475216,-51.473870024597566,186.69247745651253,53.27649021119065,-50.82217210707906,187.67759603400484
3625,-47.64884552626416,19.22584885806315,86.27130070287562,-42.455360027386526,18.4412503881189,86.53835256224328,57.40986796487003,-50.91487875036795,186.78687925151613,53.87897234786627,-50.36037626535916,187.78133487428727
3626,-47.42381818296474,19.66306128770421,86.32118145569466,-42.230178094714844,18.87574903932776,86.59104465966399,58.17776710100976,-49.81790489590602,186.81922774308904,54.37563073661002,-49.95508827818228,187.8416666995559
3627,-47.19688102489335,20.102174289331224,86.36380366211803,-42.0026138585349,19.311497504768674,86.63417867963805,58.97142306878503,-48.36046147994406,186.86628143607297,54.78318163189067,-49.46983963115906,187.94254859387726
3628,-46.968164947666516,20.546605200690884,86.40081987727021,-41.774598428102266,19.751338662792623,86.67065152399437,59.4547185062396,-47.67377383391816,186.87419712005376,55.096518048612346,-49.056925763628335,187.94316392368248
3629,-46.74032121028678,20.985723185505453,86.4353214368578,-41.54549931431935,20.187313136757098,86.70530980323804,59.808730465536414,-47.40668523287108,186.89339936553534,55.48363749468209,-48.572717190073014,187.9451366527406
3630,-46.5104670653124,21.42778962133671,86.46444496246549,-41.31594937057349,20.627588742245383,86.73609867598174,60.27112653817215,-47.11830157623896,186.89598356640414,55.88932659485111,-48.086829808379356,187.9373045005478
3631,-46.28275858810834,21.866134643629685,86.48780232667814,-41.089937336867465,21.066275692603437,86.76325471841602,60.43754952892021,-46.94865084276344,186.87694584004942,56.27233751693979,-47.81785019747961,187.92601119096508
3632,-46.05372440614066,22.301886013921262,86.50602944250107,-40.863792876657,21.50269358202202,86.7875802295026,60.73160337837975,-46.65401726550631,186.8606886442173,56.68523691098698,-47.54001186085734,187.95657504015333
3633,-45.820165957634515,22.740206053385425,86.52393411195598,-40.6336082558139,21.941265184671593,86.81511385959132,61.03372092617186,-46.458570647750726,186.88654597049944,57.04080830097318,-47.42014605555803,188.01802952696957
3634,-45.58646152389618,23.178189282559863,86.54646408459605,-40.40255456775583,22.37815020436589,86.84617218426686,61.31747665371808,-46.44467334329418,186.89965835493797,57.309028417494986,-47.420108099962036,188.10314656168293
3635,-45.35381573003333,23.615892385443082,86.57312674937768,-40.171973607747475,22.819377430829462,86.87857980338251,61.683701404129884,-46.47291026930373,187.00274865512722,57.62850173206909,-47.453158239439325,188.21652483508012
3636,-45.12234888166965,24.056985120871566,86.60278568014218,-39.940617579837614,23.262130871041883,86.91210471344104,61.92422150054968,-46.627572163571614,187.13448400791597,57.84846486328158,-47.502374261462634,188.346337360601
3637,-44.889673164034086,24.499264697788668,86.63603309968956,-39.706783191903824,23.704787942230613,86.94699450386597,62.0586474118782,-46.9450251974545,187.29781004577205,57.97353568120612,-47.678160192153,188.48610746221487
3638,-44.655883305224705,24.940474105173287,86.67385362907004,-39.47291529353038,24.144518891959166,86.98395818071229,62.21346967369302,-47.16537743001263,187.49038149618215,58.160728850809406,-47.80218181676137,188.63522519982232
3639,-44.422714074944345,25.3806281000243,86.71543959824918,-39.24018885172599,24.579604621300312,87.02198659970209,62.335445821051884,-47.498149442495546,187.6783731256662,58.37241298758981,-47.99807890920596,188.78794974910642
3640,-44.19262001488868,25.821734596385127,86.75314127538515,-39.008320139045104,25.018166577195796,87.05580193477779,62.3598551399609,-47.59351533686064,187.85561418157138,58.42680430910258,-47.924310070168424,188.93148475583664
3641,-43.96131660381642,26.26611192699868,86.78806241164533,-38.77504974366708,25.45902281442706,87.08762259388959,62.40581687182644,-47.61057244947879,188.01797402723443,58.48188776809082,-47.84914754937833,189.06104001498647
3642,-43.736256901455896,26.707657895889522,86.82110884003697,-38.54984507158727,25.90039059313738,87.11807674423842,62.14695347458476,-47.29603826166367,188.14228316995806,58.20470073712625,-47.357669452023224,189.1573369300355
3643,-43.5146130354071,27.151013140887734,86.84943788604448,-38.327172278249506,26.34567515186397,87.14435846855552,61.865790215611334,-47.12844399942346,188.2518148949999,57.915605535358814,-47.191227159346575,189.2525594320407
3644,-43.29277015091687,27.59742047162977,86.87492688370064,-38.102603332898866,26.794888585797178,87.16979841233682,61.94068433930726,-46.88280127757211,188.36335060308153,58.13614460383021,-47.084723646360786,189.36548773321041
3645,-43.07337880809103,28.04945083691121,86.89869924682745,-37.88322292777131,27.248681297822092,87.19555689464921,61.92602860023671,-46.592157046856386,188.45013377147077,58.27608748162043,-46.91685114084287,189.45901292280675
3646,-42.85325638198974,28.502960238540794,86.91871114801474,-37.663666102733174,27.69986851531346,87.2188411700548,61.878690157155226,-46.3352467955379,188.5257361105634,58.40679597416569,-46.923015658456485,189.55161961929753
3647,-42.63208438995228,28.952971775275604,86.94010904198926,-37.44323736396234,28.148193121575588,87.24358450153221,61.855432600102056,-46.4181876568061,188.60122388247532,58.42249177012552,-47.1776670704765,189.6469120082034
3648,-42.410200106517664,29.4016514310327,86.96273595704302,-37.221894812583336,28.594212684160933,87.26964399930438,61.698422116292676,-46.43954020903498,188.6744136701192,58.25848912421006,-47.27961754588511,189.7341629305196
3649,-42.18657297687422,29.84653604800643,86.98686651534993,-37.00160349912069,29.035955032197982,87.29679119174132,61.57031945617864,-46.714476333264564,188.72677639202368,57.84684480755408,-47.2878421579606,189.77182682078248
3650,-41.960926442766485,30.290386929857913,87.01463943243225,-36.776818973254585,29.47929850726839,87.32560686001882,61.41744548634682,-46.8134167487653,188.76378757518367,57.41644479629087,-47.26870530994561,189.79875566414267
3651,-41.738902400559226,30.72988523963081,87.0435140556389,-36.5525408200755,29.91856630271159,87.35537379847042,61.07858758827014,-47.024901047629754,188.79439545853276,57.26408281770494,-47.44741655096696,189.84643067794127
3652,-41.51111757321017,31.1692216013152,87.07339955961575,-36.323424959232725,30.359505338547173,87.3858758968377,60.578061358439236,-47.55493326922708,188.8383451844684,56.88456299756574,-47.954437361114756,189.90543078756812
3653,-41.280524606586965,31.607395545792834,87.1047414702242,-36.0892093709621,30.800364567955505,87.41547931152276,60.21461237479317,-47.856645374437,188.90819207310759,56.787241850998676,-48.183818152375196,190.0057460234494
3654,-41.054390585373454,32.04440550696232,87.13610114011199,-35.86073817883721,31.23875802784346,87.44556110061538,60.025611147992564,-48.073246663843676,188.96658225755135,56.8550715768466,-48.49394661467091,190.09130985621073
3655,-40.824398980894074,32.48415262559381,87.1693646608918,-35.628909769303974,31.677169592011694,87.47785739566953,59.894525050289424,-48.34856901586191,189.0129492808117,56.819733715506224,-48.71614638862501,190.1542342149114
3656,-40.59068444349603,32.92328671598674,87.20326463735086,-35.39460392695487,32.11602334839932,87.51073006015037,59.99550273355803,-48.70372467044713,189.10786326407174,56.83523454018483,-48.93028068673903,190.2414247852341
3657,-40.3563295992257,33.361142319171336,87.23438853350815,-35.1597916051766,32.55355589460721,87.53936698861004,60.17883373506262,-49.152338329191885,189.21129117420918,56.86341773607976,-49.20840937256254,190.3202264637748
3658,-40.12241652780847,33.80253612773217,87.26437998966732,-34.92668216391713,32.99497441621491,87.56726191054804,60.26821632664123,-49.609081050709534,189.27203369296174,56.942652155094606,-49.63893173227856,190.3497509380304
3659,-39.89551592566166,34.243801036071744,87.29198418813883,-34.700740244646546,33.43540169409531,87.59346383692626,60.616600570000344,-49.8508526122718,189.36357745332754,57.119823948915545,-50.05367023243505,190.43738866539104
3660,-39.67164770296405,34.685186184821355,87.31438514705327,-34.47558326978135,33.8779643060103,87.61402940118245,60.87086442133683,-50.388149207717596,189.39365405286273,57.32781475372543,-50.621148707617905,190.47334387586588
3661,-39.443184508719256,35.12655016448767,87.33224699430534,-34.250611397127805,34.3200432989033,87.6308110734888,60.911728670879434,-51.027168817514436,189.4165018666671,57.34623253411355,-51.337531747283016,190.49648488109386
3662,-39.21367090240349,35.56721743730033,87.34500083015206,-34.02554748009395,34.7600413654315,87.64413947579634,61.180793110369834,-51.50457274773084,189.4456415076838,57.59191647826454,-51.66032350097245,190.5183747820511
3663,-38.98520588432224,35.99755113666628,87.35245121301276,-33.80187342854457,35.190836388167135,87.65441158458266,61.31130106664404,-52.101081889894665,189.50405870783453,57.64400143034851,-52.121259513402485,190.61369049847835
3664,-38.75497192977677,36.42754239180581,87.36360823586945,-33.576952082135726,35.62115976710865,87.66990432946591,61.301455955379694,-52.73163892175242,189.55212853918897,57.50935074321569,-52.63927060537389,190.6840576321201
3665,-38.524546776654155,36.85066691341132,87.37579706065458,-33.34936752649429,36.0475623239819,87.68879250158027,61.27848552032698,-53.20267270712851,189.62046640367163,57.44147144988866,-53.04023340510932,190.73482716302848
3666,-38.29566794130283,37.276465677262976,87.38915066734937,-33.121699161615794,36.47666204802616,87.7094244397173,61.21289602224409,-53.58711387265084,189.66525351294217,57.43417480842094,-53.314372856776245,190.80793264841
3667,-38.073937900274466,37.70153832231961,87.40757531924163,-32.89694444075205,36.904658646478616,87.73216876418593,60.998884563282026,-53.757342469132396,189.77059807318858,57.27273911444304,-53.47361713946801,190.91918085985236
3668,-37.85432207254433,38.12780994373953,87.43065922272936,-32.672356296564146,37.33252660234381,87.7567806937977,60.98187507322079,-53.7222083252472,189.86394444036725,57.2610054097983,-53.5668243863472,190.98541396927888
3669,-37.635701084648616,38.55405445162622,87.45632683977709,-32.44882093217452,37.761740971776554,87.78009101646425,60.943344847549476,-53.91569329404377,189.98868853279734,57.46501523087745,-53.719315405218374,191.08574742182142
3670,-37.41686675181251,38.981964520291065,87.48426927003526,-32.2260035871524,38.18973163132866,87.80227624795849,61.04590751874636,-53.952113441588445,190.073053838301,57.680041195352295,-53.82167630460417,191.187299958549
3671,-37.19698797439763,39.41461493525379,87.50952147636033,-32.003995963357134,38.6215574632994,87.82336775220539,61.3829039495391,-54.103482332356464,190.18132679452748,58.009071585605426,-54.210525592283204,191.29464797445203
3672,-36.98200409621456,39.84884916762932,87.53264217560806,-31.787371747343464,39.05479776181939,87.84430844030935,61.67363872342182,-54.43884858033687,190.31201410219532,58.25203135081093,-54.769471177877165,191.4056043163283
3673,-36.7690632545852,40.28291957275484,87.55382735399834,-31.572934682070624,39.48876067137485,87.8644802277509,61.832955507927906,-54.36589360141159,190.41957957937143,58.30760987456214,-54.598909770353785,191.49408245357594
3674,-36.554097944147344,40.716574837534075,87.5723697024782,-31.357822878348777,39.922832531305,87.88303839712587,62.01970454319871,-54.34544772214049,190.49709875865108,58.232545581609386,-54.48297395392089,191.57686235839614
3675,-36.33730725008574,41.15430787988488,87.58896097366697,-31.141861198643852,40.36344492206787,87.90106147811306,62.30842429682772,-54.38186513077799,190.5924154122227,58.432120845020265,-54.43041933392455,191.64524868396805
3676,-36.11612675387268,41.59458144024018,87.61024149805729,-30.923157339203755,40.80524629519078,87.92516452412885,62.54072763950591,-54.41355383086225,190.69591390514228,58.727463569938486,-54.45159764476672,191.7575832705824
3677,-35.894227989947396,42.038301968445026,87.63393178070805,-30.703904775279938,41.25087056107862,87.95185847114554,62.57933882019898,-54.628161166254955,190.8031186044279,58.74455068211941,-54.70487180648707,191.87413931007316
3678,-35.671613674778165,42.484126991907786,87.6613185139546,-30.483031433685618,41.698557065865245,87.98127310031485,62.49373049159229,-54.55782195439209,190.90787914634188,58.740984081924196,-54.816090950620655,191.99166718112727
3679,-35.44651383124441,42.931725117747845,87.6930207548727,-30.260317023424673,42.146945922925056,88.01364080482897,62.38945212704663,-54.474480675416814,191.0142613556928,58.68270916038097,-55.136837590876276,192.11463324213585
3680,-35.218382623053046,43.385230628953586,87.72882177144105,-30.032321173565077,42.5964809524062,88.04845856158367,62.58121124506022,-54.67684328991846,191.10561158016435,58.9257314988803,-55.17501159169525,192.18884712169034
3681,-34.99331162775477,43.842092321408686,87.76796177433695,-29.805968775057973,43.04637956556415,88.08454585269732,62.746452516959735,-54.8314459097788,191.19003574897488,58.96247254985202,-55.15602789978735,192.25121310738092
3682,-34.769280728264114,44.29547032277599,87.8090923122539,-29.580854619139124,43.494103193342866,88.11960414546513,62.858464423005096,-54.86474657007005,191.28591402454944,59.17588992501801,-55.01753227846566,192.31939414397897
3683,-34.5452732324589,44.744176794906494,87.84821659436852,-29.35526615271578,43.93426169227381,88.15447083111252,62.83953070175244,-54.83763323672262,191.34390508778512,59.29603346266583,-54.88906301278362,192.37903627089048
3684,-34.320350974240014,45.18790605804315,87.88460397856049,-29.129758337258277,44.37254548922753,88.18752344842991,63.135649492749245,-54.61860612159852,191.39067947000015,59.611005455864166,-54.74823621556952,192.43690895912172
3685,-34.09328329082808,45.63271494551011,87.91905778485686,-28.902730762133505,44.816104087566565,88.21971147741357,63.61307483443993,-54.356302664914665,191.42489295521005,60.1013759124012,-54.483740130418006,192.49013946736576
3686,-33.86218043570495,46.07285110114959,87.95317673003296,-28.67167175512229,45.25856270306771,88.25257268551019,64.0992883718739,-53.9591090147558,191.4432520598718,60.44958167370553,-54.31434236324093,192.5400180065915
3687,-33.63567287746451,46.508408218580456,87.99134550398911,-28.44487383906391,45.697171581192386,88.29294189117294,64.59029224729774,-53.688424610823134,191.51015819070759,61.027037804380406,-54.136462766947105,192.6230901611935
3688,-33.41251554581788,46.94569599960879,88.03314790675496,-28.22148844035645,46.13896394618121,88.3388221133163,65.33357910408738,-53.4294247869527,191.55012679270783,61.68537512348076,-53.96448249189803,192.65502175389372
3689,-33.18910284309233,47.392495084077424,88.08140570574666,-27.998646696108608,46.589569221925274,88.38965661721778,65.8735373165343,-53.23745335198748,191.55100300611824,62.109181493603465,-53.80069979664071,192.64203309620137
3690,-32.967073062193535,47.839059451786106,88.13613505671248,-27.777824206845736,47.03635286261777,88.44524845618443,66.47546587456067,-52.89301017340438,191.49537239068795,62.486489121825784,-53.43610682049122,192.55663205033733
3691,-32.74259756044669,48.28342568887674,88.19622796030926,-27.55541004516104,47.47793986570518,88.50357479286514,66.97767698114997,-52.52597370870421,191.44562362032818,62.865382906932666,-53.06904227691884,192.50849413425246
3692,-32.511455172119966,48.72199854834364,88.26182580620278,-27.325434995070236,47.91627605718808,88.56426999591622,67.35341379143581,-52.290628372498986,191.4118145065043,63.22763820746471,-52.80660605177567,192.50084510836925
3693,-32.27861679293936,49.15667731142813,88.33384764468431,-27.09113396213429,48.35083245075168,88.62783764614333,67.69668919262104,-52.311594769181895,191.40123716975845,63.42536449261002,-52.99155080059705,192.53402483441096
3694,-32.04368503345828,49.589787122728296,88.40662262365302,-26.854812844356946,48.78143125587033,88.69396245370788,67.90769854068454,-52.30723381698011,191.37545416685498,63.700764371442844,-53.07084107624407,192.58251326137815
3695,-31.811635588671944,50.02562741755519,88.47242866406825,-26.62036950572702,49.215295570869095,88.7521286215714,68.05273612855301,-52.36159602917959,191.39295709893005,64.0261775822108,-53.196742000874366,192.64769935260543
3696,-31.591614719709323,50.462271250545975,88.53069061079306,-26.397509317986454,49.65317955622138,88.80291936625267,68.36799925378061,-52.50362817416212,191.4628352900672,64.4214419898958,-53.39583202255919,192.73389322043673
3697,-31.37606351584238,50.90265102510082,88.58276922813569,-26.178982995968358,50.095311121072754,88.84950181562785,68.63374123655835,-52.683900566309525,191.59730385983184,64.7056843522713,-53.37481754715048,192.81920967952016
3698,-31.161534632635075,51.34517730024209,88.6305156081211,-25.96449246902362,50.5385265224581,88.89470778098892,68.78264587601095,-52.87753937716186,191.73079773383057,64.83871902262985,-53.29717057619925,192.90665672290447
3699,-30.9437674448386,51.789323731747544,88.67184905028584,-25.747404390028155,50.984621030363016,88.9366134999313,68.96731565757156,-53.010650861652806,191.91685563384385,65.0505500802457,-53.172285601837146,193.08052732947723
3700,-30.72403862216177,52.22799216779944,88.70819354757738,-25.529399300558286,51.42458448635839,88.97813940393438,69.22800967388052,-52.81631150716061,192.05054152014043,65.25379054014559,-53.010424136924286,193.1854031081876
3701,-30.505258137057098,52.669499129452575,88.74093552152276,-25.31281807175464,51.86493268422241,89.02025810581576,69.2911785492365,-52.567932917644704,192.14707942212775,65.25286053424527,-52.731160000347366,193.23803380659783
3702,-30.289743024528175,53.10998167413278,88.77643483053286,-25.097372389960086,52.306099770030684,89.06230844749703,69.29485984032844,-52.57700100468989,192.27467176809185,65.27621412827796,-52.92866469154066,193.3501645111451
3703,-30.07209762717005,53.55363893328354,88.8152047035702,-24.881288006976447,52.750847341503096,89.10484857633733,69.22003593595029,-52.43954778578504,192.3387417186261,65.32006551040925,-52.98245405639984,193.38499515736765
3704,-29.858835749394633,53.98631956944322,88.8562118381037,-24.66946211309046,53.1807512915789,89.14781047882575,69.2441709847583,-52.33962458272632,192.37881144143742,65.45777578234579,-52.902889361547935,193.39541301337604
3705,-29.63114853564299,54.37888195839132,88.89965583905837,-24.446813296065987,53.56267403674454,89.19270846848177,69.53404943884448,-52.18667549435775,192.38879651582823,65.84550324496993,-52.70417523920045,193.38146052436903
3706,-29.36810265575532,54.7050567969416,88.94634551844244,-24.192169149640012,53.87669642781539,89.23901973275919,69.78206206448807,-52.079632665903425,192.33221792382278,66.20552277560019,-52.55779874248181,193.37999712426048
3707,-29.074083075763525,54.94347773181167,88.99261738898855,-23.90796622732943,54.104274540883125,89.28531248288289,70.02869498995082,-52.03967740117536,192.30264798110545,66.54427863519258,-52.47828315820955,193.38465782899243
3708,-28.77018803976999,55.07894858658932,89.0397251571749,-23.6130825996174,54.23294291234598,89.3325994755694,70.32792877296963,-52.20962995425427,192.29277976082324,66.85436879494135,-52.47241625401214,193.39403401433788
3709,-28.494819823362903,55.115388669821066,89.08793773702672,-23.334901562522774,54.26811643294655,89.38079807133202,70.82028395413029,-52.2532730597364,192.24581279661732,67.12083241573222,-52.533893986517754,193.40518563737345
3710,-28.277294842576506,55.079961273877785,89.13599313683044,-23.093585777164755,54.23079647539542,89.4288120361611,71.2269612760436,-52.43577672959811,192.24417919221966,67.33438264999928,-52.64327165253912,193.4240809331543
3711,-28.12342860906307,55.005103241008676,89.17401518136946,-22.90173720181236,54.14664742628588,89.46276755406953,71.49152574405932,-52.65473164643408,192.25124053061595,67.49302045886,-52.77880327766038,193.43505922009746
3712,-28.020247804122622,54.91039310720164,89.20130403366102,-22.758248075990537,54.034824186203444,89.48457063616183,71.59576648040284,-52.7445523998385,192.27052760403245,67.60312071259617,-52.92481286418194,193.4383458190577
3713,-27.963329673340777,54.80828847972648,89.21678872320942,-22.659311588680374,53.90926817934817,89.49549948842366,71.6569178356934,-52.84301949016565,192.27797377229032,67.67075774080965,-53.07042260811833,193.43443526277508
3714,-27.94736022287112,54.7079397624523,89.22123509697361,-22.60348062921345,53.778833440759556,89.49848004193575,71.67799491570926,-52.93911151106317,192.27502867880636,67.69917390222274,-53.20912556900176,193.42570541989414
3715,-27.96586527282595,54.615993418581546,89.21692730355566,-22.591213525080924,53.65027326251398,89.49790961823726,71.66384514511961,-53.02485688909871,192.26575528077674,67.6887050642342,-53.33550261286531,193.41589934862571
3716,-28.01058915163524,54.53973992849283,89.2050680485895,-22.61679376532656,53.535243692002666,89.49629125703686,71.62336230769063,-53.09373115441579,192.25414389751305,67.64528880695352,-53.44189789769353,193.40687034854062
3717,-27.951169416057585,54.59685253545294,89.18604854507781,-22.566487441016,53.62821648793351,89.49412940982462,71.67777855975129,-53.04416924201386,192.23532072317215,67.70735809839493,-53.36110457033735,193.39853473680827
3718,-28.014573890077184,54.55549947962145,89.16999418736789,-22.626900085807968,53.555999296929635,89.49234476059213,71.62031797871204,-53.077923286476505,192.21934788305225,67.63929684087219,-53.42047195736966,193.39158147639606
3719,-28.073669831865505,54.513932709396755,89.15672979423901,-22.684814969437483,53.48620970312091,89.48900611639621,71.5671016241288,-53.11234326511627,192.20603168670132,67.5765361883924,-53.479402266729025,193.38418460315998
3720,-28.120510606644462,54.4500890255301,89.14633269156788,-22.72757631139304,53.39156133635663,89.48442463797055,71.48102412620948,-53.11855471478111,192.1955495439011,67.46829243981188,-53.494712995691,193.37647520686087
3721,-28.144660073838892,54.35428715867453,89.14052559495455,-22.74462076648586,53.26473818389453,89.48277498574406,71.33316983146054,-52.912914598732996,192.1886913896107,67.28501839095772,-53.21480510439575,193.37094954154185
3722,-28.145819215778772,54.48143958126762,89.1384295854544,-22.749051676405024,53.419921260550986,89.4841025309961,71.65762875173783,-53.22578367153656,192.18770898134036,67.68383119012647,-53.587372375063104,193.37165676327479
3723,-28.150607662258455,54.64503382363045,89.1407337024774,-22.74688165351412,53.60467740696964,89.48905836768662,71.85696605275747,-53.49524127511023,192.188308036425,67.84575341705042,-53.812784957523924,193.37234524011458
3724,-28.17875039646298,54.44106133305474,89.14788357800046,-22.790496385561333,53.39428588915576,89.49768936575413,71.50878080891823,-53.49779056607175,192.17948518416745,67.45864107866372,-54.042518910704544,193.35850884519857
3725,-28.27020213436351,54.20679909569633,89.15788371283718,-22.893531770799505,53.17307388266789,89.5080743053322,71.17848592128144,-53.32182238117086,192.2113867105289,67.11672131035601,-54.01763101302709,193.40387053454208
3726,-28.431103482998186,53.96106981140335,89.17292520242854,-23.052455145209098,52.95274908856685,89.52088267141878,70.88000911189037,-53.02950754896033,192.2645123602352,66.82637645552201,-53.88396833992292,193.46703571422358
3727,-28.64319978184759,53.71265740084531,89.19372180311285,-23.250392775499204,52.728703845192946,89.53657069432127,70.64386594921288,-52.72323269725648,192.31125974888258,66.60884148381047,-53.71632049139145,193.50644465793422
3728,-28.878028792399384,53.44265644367785,89.21527686862969,-23.46510858951035,52.47881775322911,89.55311444637097,70.19340244767946,-52.64711071181844,192.37671428904963,66.25152912374146,-53.607897897747684,193.56361262704758
3729,-29.109623186605138,53.137525066134096,89.23334933540359,-23.675930116285386,52.19702459815874,89.56697125403186,69.76155917342798,-52.77061051383055,192.4636466136035,65.9371855800405,-53.499561549337706,193.64638289058018
3730,-29.31713438459757,52.79271373433814,89.2416635789994,-23.866305410003594,51.881106969653324,89.57030750769869,69.35486746871284,-52.80197209190006,192.5505485822282,65.76604208261108,-53.40305111188447,193.71351474963717
3731,-29.50066396303442,52.41843026680899,89.24408807243512,-24.0395407693302,51.54120093069572,89.56846936652266,69.285246615788,-52.59782121429928,192.64367490105568,65.67124337216973,-53.27049437761996,193.76485137606835
3732,-29.675146416735267,52.02779168610754,89.24280974024569,-24.207049837846505,51.18530714456974,89.56381867474236,69.31269933070394,-52.561585481046215,192.71356269402122,65.74755043348023,-53.271877828229606,193.82991387916556
3733,-29.860031642398013,51.63143179361445,89.23506502059914,-24.383556892940703,50.82117653912317,89.55502899496126,69.26965908688425,-52.516070594585756,192.77543402016968,65.67432311868897,-53.208223737948565,193.89694227413818
3734,-30.06396195831966,51.237144084465875,89.21958676041493,-24.576760219577725,50.45409403275418,89.54156432099471,69.12634591429341,-52.314388039558,192.88083720517992,65.46725450242883,-52.90556214635385,193.99903724239405
3735,-30.288838727669283,50.85171013335091,89.2081030878528,-24.78993625609503,50.08517798492974,89.53891119410899,69.06405391495662,-52.090060968601776,193.00169671917183,65.23760725561822,-52.696106810979884,194.12508899835927
3736,-30.523490699477136,50.467231776716446,89.20278564501453,-25.014009189336846,49.71322947829783,89.54650133070271,68.96808553974323,-51.89434994251139,193.13484563382178,64.97574017446655,-52.52776024289731,194.28166045130706
3737,-30.754428831981098,50.07630689640428,89.20786833529661,-25.233893117067655,49.33228162076404,89.56095845638055,68.79537251167771,-51.75126104440329,193.2946921112818,64.74741105702142,-52.43072395774787,194.44541923488003
3738,-30.97397815241368,49.67292271452304,89.22145136803442,-25.445707710583335,48.940497459857724,89.57969920064846,68.7472162428812,-51.5148271786641,193.48674427322638,64.79273569565134,-52.15555751964808,194.61872779425858
3739,-31.18163145927572,49.26365979336094,89.24411430121653,-25.64681206088495,48.545956075973336,89.60276524687535,68.35523746866303,-51.21715818100356,193.69730477194415,64.50198117912788,-51.961019470171195,194.8061884567949
3740,-31.382928728926366,48.85439880025808,89.27540068344818,-25.842437631865785,48.15032165228358,89.62880536885419,67.70587995112209,-50.85275343693955,193.93239901512652,63.77813477944092,-51.63918362128493,195.0073937445485
3741,-31.587399756996,48.44929413901931,89.31450120576015,-26.042680384221242,47.75702684353468,89.65611976048872,67.1633145067614,-50.73606402983998,194.1386433252825,63.1968994449622,-51.48123098748384,195.17795073429903
3742,-31.796566339332934,48.05527356897172,89.34401029324168,-26.250119422664152,47.37165029203006,89.67342640312958,66.40623086180932,-50.3050398252123,194.3296349000855,62.35688544567187,-50.96049588459272,195.33781291464658
3743,-32.01331378983987,47.66774425115995,89.3647267478901,-26.466608416912244,46.98934090555864,89.68380036367988,65.72267328150052,-49.92540952063929,194.48974241296185,61.70240827939431,-50.629134855471605,195.47675837864506
3744,-32.2356552131925,47.28854013917604,89.37640217324923,-26.689307809994503,46.61170026303462,89.68759217859926,65.02592669029166,-49.92821753235488,194.6280291230906,61.136752445145824,-50.9410045552368,195.5930589613942
3745,-32.45403705412799,46.915437120600124,89.38076929639399,-26.90950687510027,46.23749681997254,89.68720520301885,63.9397408877856,-50.29738380114584,194.69854430049654,60.37583200257969,-51.50971666328493,195.63402249369636
3746,-32.67010657305071,46.53334028790513,89.37771590240763,-27.126779949737585,45.85386058425156,89.68385034419849,63.03386630526188,-50.75761241671655,194.76413840742518,59.69727333998587,-52.090884875553954,195.70865207436987
3747,-32.88330132873683,46.144320079185455,89.36556935675497,-27.340532164563406,45.46175732747144,89.67661517170109,62.489146834558774,-51.35210497623773,194.77083938261796,59.1739643494477,-52.54476504947165,195.73739045164282
3748,-33.08847297033048,45.751003110553846,89.34551462815354,-27.54622832303614,45.06505269768663,89.6667874333161,61.93825942024077,-51.85438998604967,194.73328689176807,58.731210540573194,-52.879079943144305,195.71022055564347
3749,-33.292998117574946,45.345209789758314,89.32962503309821,-27.752108274353585,44.65637849894242,89.66003321004666,61.80136509985704,-52.50427527729609,194.66985729212038,58.56194165774408,-52.97268125676796,195.676993011629
3750,-33.49996984966888,44.93248173461552,89.31701833816592,-27.960884001985118,44.240922275980935,89.65472230576258,61.65928395201619,-53.08857420729283,194.61191327429543,58.43222519387554,-53.054146263975746,195.66837897676479
3751,-33.71123690429334,44.51782617845308,89.30742532045608,-28.171444975157844,43.82718328606628,89.65075783600874,61.5381658883226,-53.305032083367514,194.52971579579514,58.35167888057569,-53.19299449867935,195.6307583691257
3752,-33.93104992642554,44.10360844538963,89.30180311539335,-28.386216580043524,43.42008668630029,89.64993007928148,61.51606869230349,-53.36083046766986,194.51017101563232,58.13282477386426,-53.41273325952784,195.6358968373569
3753,-34.15868247029982,43.693538713058956,89.30072333122527,-28.609345081022564,43.0156732837127,89.65167015604115,61.515682718839436,-53.33972162137713,194.44953266474187,57.90947241355464,-53.594365488149066,195.62472952381907
3754,-34.388127026050036,43.28538762103265,89.30418277454055,-28.83486311302645,42.613863690144,89.65521935664307,61.4642703900939,-53.38424017222543,194.42896714576324,57.67179189370132,-53.807172626173106,195.64231279616249
3755,-34.61560394827284,42.87167948178795,89.31232798965101,-29.058731384321867,42.20722060332259,89.66109727932205,61.371708694426374,-53.17587992385372,194.48697091158587,57.393337144209305,-53.58819181109578,195.71694322576312
3756,-34.83331728719683,42.458189122980876,89.32132101675977,-29.277581946589848,41.79635292848832,89.66838572352118,61.15134877382064,-53.10949868657417,194.53302287968424,57.18084144829802,-53.44103078241696,195.74732312604948
3757,-35.04456002026214,42.0404208021655,89.3313954931527,-29.494269493612986,41.37746547560472,89.67570567464233,60.90609895325314,-52.8931166963891,194.5452007672585,56.98140247918018,-53.11693322185879,195.74205798061573
3758,-35.250132206926885,41.6158813617499,89.33905073971206,-29.7034224143454,40.951935890675934,89.67874744509565,60.52674167576814,-52.66404559128434,194.56563218520486,56.66000085826512,-52.91117952594324,195.71844448610753
3759,-35.455606057100766,41.1868600783425,89.34329609832518,-29.908765819368643,40.52408900804812,89.67912964294747,60.382864783326255,-52.26174042322016,194.54509624626058,56.584709985574854,-52.617731360207046,195.67813931608836
3760,-35.66679457449973,40.76000198073202,89.34522143039834,-30.11807338928104,40.09822575332335,89.6783078519472,60.37505551495675,-51.747455004777315,194.54749773583984,56.66687728756647,-52.23932124257869,195.6624770585819
3761,-35.894120064833686,40.331521307448554,89.34577047070327,-30.342925976330484,39.67017449397516,89.67688598435063,60.63516027388675,-51.080209932148314,194.53261840723275,57.041091048062015,-51.79589160504373,195.65205686859875
3762,-36.12918723685409,39.90487051101509,89.34351548794828,-30.573752351468496,39.24577754248847,89.6743627440044,60.96754800192615,-50.79318941728026,194.45455660321224,57.33931113558664,-51.58241552562318,195.61562379056954
3763,-36.3618209888598,39.48030265635613,89.3451738160347,-30.802608040893393,38.82498885171506,89.68044417044352,61.35217541858708,-50.496645798432866,194.36084742654828,57.66370160242373,-51.420811617077,195.53539813779156
3764,-36.57962098577796,39.0522652226879,89.35060233067705,-31.018000922205626,38.40056387768924,89.69281252705362,61.68560960652132,-50.323104164251504,194.2916774843885,57.833768760576596,-51.25756535202432,195.4776345711474
3765,-36.793936123679565,38.61899937610352,89.36417705121131,-31.23319974691271,37.97038499220935,89.71192124913387,62.1936124477733,-50.201782162100145,194.1803134954288,58.05842717911148,-51.25072494953031,195.3515952267302
3766,-37.00744042211638,38.18486262536134,89.38675605075103,-31.44857961457719,37.5394264172881,89.73765109616606,62.81481895762044,-50.3898786106921,194.05658217175417,58.582767662126564,-51.55629584135098,195.2118558433771
3767,-37.22239266391209,37.74938402013258,89.41764961350917,-31.66570232947297,37.10723406082295,89.7682393055969,63.60389279611596,-50.60120025361472,193.94192257606983,59.37859687448975,-51.69262759403119,195.1290407925825
3768,-37.43554992405992,37.31762790776515,89.45720615110423,-31.884126564096825,36.67468777809563,89.80299505970876,64.2001611144274,-50.971165232050815,193.855718647594,60.04441479206553,-51.8773178972433,195.10352858856686
3769,-37.654614056259774,36.885316386175134,89.5057068640024,-32.10554204149628,36.24243817536308,89.84146666067416,64.70407649349745,-51.26393498170261,193.79169348685804,60.44283860463597,-52.049833571576926,195.0853276302461
3770,-37.88012834881806,36.45577926334615,89.55509013047985,-32.33140461682026,35.814162192235074,89.8820596324951,64.97952719994848,-51.417970065975496,193.79837075356087,60.533665398123546,-51.99649986469395,195.11942903335176
3771,-38.11787658553633,36.0270404700376,89.60331649653007,-32.564269110995234,35.38670464982403,89.92223727984094,65.28705379037942,-51.640834491229064,193.83165472456974,60.56638501855313,-52.01628082158229,195.189906244686
3772,-38.354842906448766,35.59978490535192,89.64587113493867,-32.79924523329935,34.958853179516765,89.95625453447721,65.64137632794088,-51.78153132383009,193.94863671520716,60.746437419564735,-52.04459100280499,195.28512601382005
3773,-38.589074392932616,35.17045353368692,89.68244621706171,-33.03207946385753,34.52987333816225,89.98494984331418,65.85727880281932,-51.688443572246776,194.12020199455867,61.03163679000539,-52.06314081159432,195.4006480664173
3774,-38.82086734298173,34.736948761604346,89.71276919631606,-33.26404927949369,34.0959026471662,90.0095192302683,65.78116836343071,-51.56687566940796,194.31125041905767,61.23053574780627,-51.940243277949264,195.54801156604034
3775,-39.05096130471498,34.29819949984084,89.73671344849369,-33.4947139697898,33.65626900346391,90.03036526722367,65.76786920921221,-51.416280298123205,194.49246341185838,61.505247646772354,-51.874834762735105,195.6920562024897
3776,-39.28191336507244,33.858696683553084,89.75501542571152,-33.724790040714794,33.21802032762335,90.04888785870702,65.76302979924206,-51.302691802133445,194.7044579356998,61.60231450840048,-51.89270738609895,195.85162829297803
3777,-39.512276570928286,33.42255888418801,89.7679068446021,-33.95287867614601,32.78484487502046,90.06587725433717,65.89985004278715,-51.31252137735093,194.90924074003163,61.65310858500456,-51.886348122292624,196.0198314784444
3778,-39.74233960084115,32.984647937074065,89.77622218882759,-34.18177775238879,32.34959406660114,90.08137507025471,65.77586813734825,-51.29901295414397,195.10924243788,61.28910412832121,-51.91097225658503,196.18975479300866
3779,-39.97191939654376,32.54991907105244,89.78917214834223,-34.4111120569643,31.918369561712474,90.10213142045511,65.69532590018939,-51.33748425597136,195.29553536624286,61.21284624721838,-52.01262384966517,196.34543514482831
3780,-40.20085596942019,32.1103401553104,89.80859654250584,-34.6392415091875,31.481931785087756,90.12862094136132,65.59341984033333,-51.396266021461244,195.48462619681231,61.26376496057228,-52.114879162448474,196.5127989607001
3781,-40.42468150704534,31.67125467395472,89.83437513136667,-34.86246754982356,31.042741566503757,90.16001962723941,65.53620816014667,-51.5608964444204,195.65422066713305,61.33263090623813,-52.208033756201445,196.67510987532765
3782,-40.64503769432705,31.232663760575747,89.86678415699431,-35.082715364006766,30.600297978197815,90.19563918264025,65.4708414571764,-51.63925951115537,195.82672683216134,61.492400598869445,-52.19094441487374,196.83462454564045
3783,-40.862966748127754,30.793952748948247,89.90480144660782,-35.29919867942735,30.15888574880157,90.23373208016791,65.4038939409237,-51.71724899408827,195.9652974632416,61.497388494778164,-52.2508704414009,196.9594391821931
3784,-41.08591004804372,30.356440442427214,89.94809623115202,-35.52109844111743,29.72098845757808,90.27365455522963,65.40868467090571,-51.826460779991635,196.11925541760093,61.57530273717385,-52.32335102249928,197.12230688595676
3785,-41.31231275103521,29.918703572268235,89.99721941712085,-35.74613754341613,29.281589083140997,90.31583305992689,65.58051211658126,-51.985945595817086,196.2135727578157,61.46819068154471,-52.487052394320635,197.20337741839847
3786,-41.53958578862144,29.480624746405383,90.04322933140875,-35.973101314491856,28.845517780194395,90.35413100963156,65.57138960318541,-52.180903480173335,196.2905382862295,61.34468381707664,-52.746160826583036,197.26447609726023
3787,-41.76531798664986,29.041741080520012,90.08695104221201,-36.19938667475438,28.40848237076914,90.39164953856104,65.44704382193869,-52.48832772010603,196.3285875966474,61.19540236681905,-53.13061846569946,197.30085346952666
3788,-41.98954717468001,28.602816479226746,90.12623967769032,-36.424653700766285,27.96947681928537,90.4261203679729,65.34287823484307,-52.75099576612869,196.34255728380705,61.131170305454674,-53.387724747490026,197.32561247812455
3789,-42.21120997515596,28.165771725569524,90.1565761990544,-36.64738542672912,27.531932909507482,90.45160892790913,65.20988128480239,-53.020209598214045,196.38494307844772,61.14363300304594,-53.51272679911207,197.41551290136053
3790,-42.437952711706814,27.728651267894513,90.18123359804257,-36.872475574144126,27.09500204144366,90.47352330413938,65.10348205088121,-53.1848103354761,196.46239861737777,61.06896403787327,-53.53812086884736,197.5329260199239
3791,-42.667686322864874,27.292805056135563,90.20199990918215,-37.10169972277952,26.65987713495141,90.49529973845164,64.84190362348698,-53.338377885086665,196.51738482981983,60.86781080296768,-53.57031874714339,197.6584785682729
3792,-42.9009176932022,26.859842689543566,90.21998084634794,-37.33472144523243,26.225521245989356,90.51882654861973,64.53198898783862,-53.431620620913044,196.63171068798727,60.469815022079516,-53.61498914152458,197.79248436367624
3793,-43.13628111106116,26.42689772376306,90.23537417895974,-37.57104443773262,25.792780986989396,90.5377830725257,64.24535798765496,-53.035368676658116,196.779414463137,60.14380553065906,-53.09364000743271,197.94203608835716
3794,-43.365670721114476,25.9940366621117,90.25316216517051,-37.799460600656886,25.360705359388636,90.56299802011475,63.990022146003575,-52.62299634879425,196.9190677893088,59.87345902940993,-52.82881822289186,198.03557363362378
3795,-43.588886212678716,25.558857178959446,90.27520717643327,-38.02321460614875,24.924122312827848,90.59440150935227,63.66959921718686,-52.203263299265004,197.07287702291814,59.623249495830436,-52.55365455185774,198.1266262764073
3796,-43.809126383718315,25.11986884126229,90.30836286469338,-38.243919547862646,24.48567883935355,90.63314324486022,63.35858149950136,-51.853216153075195,197.16971221691804,59.504718618018416,-52.350686821547455,198.18989051906212
3797,-44.028577803654755,24.68091954519897,90.35039483570972,-38.46509897159492,24.04861763137276,90.67706668473281,63.14115081098515,-51.660135452868985,197.18975330593932,59.45898393827908,-52.33126133050244,198.17922547201522
3798,-44.247337993483995,24.24145924218619,90.39823175160902,-38.68511605592672,23.61001968490077,90.72339159677396,62.95963314599532,-51.51058587372587,197.1886360449298,59.333386834108886,-52.39338790894126,198.17372169342346
3799,-44.46825073428701,23.80623480819242,90.45085086094697,-38.90723431021085,23.17495960640983,90.77296691388106,62.99042359320361,-51.404732264144926,197.15098367405267,59.29200740266052,-52.52990588787317,198.15283912080832
