frame,x_sp_ma,y_sp_ma,z_sp_ma,x_sp_lp,y_sp_lp,z_sp_lp,x_sift_ma,y_sift_ma,z_sift_ma,x_sift_lp,y_sift_lp,z_sift_lp
1,-0.043782870388122196,0.10253655347284749,0.12182148569595849,-0.043782870388122196,0.10253655347284749,0.12182148569595849,-0.8788918434861289,0.9996039405551898,0.45889790271762604,-0.8788918434861289,0.9996039405551898,0.45889790271762604
2,-0.09407675175274371,0.2382859254192043,0.2165161703507606,-0.08011512019574005,0.22219766906704783,0.2333827315987428,-1.1546275202139644,1.724373917179649,0.587260489775927,-1.4189358934550054,1.96906765888272,0.7891461790332965
3,-0.12735575476368868,0.407725390792401,0.2877938169735138,-0.09975506182382779,0.3658389112859074,0.3274863359464112,-1.242805454602515,2.192971938862299,0.8126283759773936,-1.6791112344700032,2.7910047855478233,1.1388873794553636
4,-0.1251646490460777,0.6030132490959483,0.33612209761732914,-0.09096864731374563,0.5340618583884911,0.3986895932419481,-0.9673473480359236,3.5511783443516025,1.0829757959664157,-1.524722701099169,4.279881699003383,1.498843912663721
5,-0.1648997888884818,0.386733098471579,0.36462541845718827,-0.13144852457871697,0.339858653266062,0.4455464176284111,-1.3682852233164213,2.479503315829464,1.2717489759819591,-1.852504054955937,3.0861804734412663,1.7583242656148017
6,-0.08625097392993528,0.6164134743517001,0.3843234307019457,-0.05490733862032851,0.5562416775913486,0.4782132970521734,-0.8768890559686083,3.3077231793370467,1.4220707654836944,-1.4207564365235894,3.9881946838014457,1.958221271428889
7,0.028860772393600145,0.8426816103785066,0.3985905093919596,0.05727989673333754,0.7776800215043407,0.5004356944394582,-0.3918274764334848,3.8684848718454057,1.5455976426502072,-1.0251496528540764,4.545179126765859,2.1103814471678213
8,0.1944665623283804,1.0783660186001853,0.3928985499582686,0.21119270701067838,0.9966509828578755,0.5150149613054782,0.6641519944652006,4.811463951429996,1.5727529708096433,0.18709038231061315,5.816532947765788,2.1894952502988803
9,0.41521282577748164,1.3020621812440347,0.37351821465631657,0.4112915549421152,1.202208887639849,0.5211688003749372,1.6428559960921438,5.441565012247419,1.6705877488462304,1.0667670159277665,6.488893679470696,2.3124187071976383
10,0.6920865309104445,1.4933302996200453,0.34746414668024705,0.6628249793746623,1.376214529381599,0.5212557185988763,2.850180290510186,5.897987837933692,1.7356115994744061,2.0053594489138975,6.936363975992125,2.449832280507392
11,1.006051537631755,1.6424255733422963,0.32351878325724226,0.9450311365740041,1.507686997715986,0.5192540246061083,3.6405142571850577,6.216177616289728,1.7645960327812888,2.9633310495311034,7.262735718885514,2.578838500169371
12,1.3518926075637596,1.7410209702142765,0.3107033129750812,1.2651536254618616,1.5911217587636173,0.5228722081707399,4.476819962624465,6.329887485114675,1.8218872547497196,3.8134445193958255,7.347435508570309,2.6999707738168115
13,1.7175473135682804,1.7741677140837036,0.32927902400793896,1.6097099633075658,1.608887789093983,0.5643487353467936,5.467390611112747,5.400247009368764,1.8705475800720355,4.702283652697392,6.039994461947343,2.774592986331227
14,2.0921645133360594,1.7310316724645503,0.38008459567259933,1.9621406343414534,1.5537960766109655,0.6387210957615549,6.2499396327331675,4.7237208157597195,1.9714536597949404,5.084236898234356,5.515466694200612,2.898198410347495
15,2.4580474724404375,1.6187665933050832,0.46385622761426193,2.3038159662477566,1.4380979241536982,0.7416573597694909,6.121610840157706,4.05149819456605,2.0793760870329243,5.265512422248931,4.628751513568588,2.964949511531631
16,2.816986246761726,1.4650105114753411,0.5782212068659699,2.6481565744623845,1.2897297812912076,0.8638828217167568,6.020713163406054,3.154735423760447,2.1465623293722347,5.2726565268699765,3.794596103710703,3.0286730020417707
17,3.1823156728538433,1.2957246697533729,0.7205691171798496,3.004305036685847,1.1264799542993882,0.9987396525373657,6.098443474483497,2.293798265487318,2.1623503164862616,5.6711383096574774,3.0890629069648194,3.0446514804737363
18,3.563082582112869,1.120712932322035,0.8905086931012736,3.3709204114077145,0.9634257517843738,1.1435920246568898,5.863775720409852,1.1432339327847527,2.232678862141269,5.736415135896001,2.0832787771295616,3.140643168257648
19,3.9521920460809796,0.9486101547777958,1.0872703043858885,3.748639285196499,0.7983249979123033,1.2992456397355618,5.400755923307021,0.007881272184334653,2.3658512355715935,5.481156014736458,1.2384932475759685,3.31553422660742
20,4.34641278528964,0.7782788398012792,1.286319602353657,4.129765415085306,0.6296155630062306,1.463313199567759,5.118438099334697,-0.2538521383634107,2.549744954845988,5.091561115885261,0.5919905935224359,3.5322821527213426
21,4.747022889287185,0.606206824128704,1.4825343056214146,4.51606706453919,0.4569727088625228,1.629816048363089,5.121493979659768,-1.4257025853356178,2.7322781905882745,5.29336218032713,-0.5549717793112319,3.759091299512491
22,5.150991001395935,0.4281081019187737,1.6657427534087015,4.902884690882629,0.2806357502904921,1.7883840246191531,5.226913646611199,-2.160113928105197,2.971479724951549,5.49477418296133,-1.274411213633487,3.991053952258603
23,5.556416891896994,0.24179002818750095,1.8255113209212983,5.29566943077372,0.09935130285730484,1.9191714961530508,5.288729623275313,-2.5463383783285214,3.267834532301592,5.533044194906679,-1.4706819092572505,4.267766022462889
24,5.958988523190962,0.05661876375145869,1.9573632033944781,5.690165628852345,-0.08088684642233426,2.0238066557677308,5.139609105385907,-2.542853512037824,3.6305689089976103,5.682625020558601,-1.1403002333030958,4.542464639053838
25,6.363032194354966,-0.12999834427291523,2.056779054159371,6.085608381920427,-0.26380501514879817,2.1018690857308457,4.668090433684932,-2.826743847407171,4.002421559166198,5.071011174079642,-1.7055296978606571,4.860926594470121
26,6.7684111232584,-0.31703323240965675,2.1250781219707866,6.484016730561451,-0.4504623682606913,2.160763901760878,4.290596512442601,-3.4030602916194175,4.2911174980346285,4.398621546091798,-2.5856607210318483,5.089817806830117
27,7.168823107846198,-0.5090881862231935,2.16905781299554,6.876231578188108,-0.6433601382648829,2.2137582393136586,4.149278132438858,-4.050148587518935,4.542127533796892,4.016535346569695,-3.3468297179999715,5.30038747031886
28,7.571564877222588,-0.7064683227394563,2.1867161234838592,7.2702215598796815,-0.8387487043384716,2.254597702188045,3.8345006075534265,-4.266132610775174,4.737217971580733,3.933100138728771,-4.013157731883669,5.450987382216223
29,7.969128148806662,-0.8999724509365503,2.1820884846892294,7.662452222709932,-1.034026524919717,2.285793345153978,3.2425043206190227,-4.990439378909258,4.8341648773615935,3.5459464761300863,-5.081826186978288,5.488832896433983
30,8.367279793545546,-1.095191155346217,2.1825175616352026,8.05506000296096,-1.2351094392375122,2.3184163520887533,3.321089804671136,-5.817452713884435,4.855846644042458,4.082061205883894,-5.6871843485856335,5.514049328341389
31,8.758971478224588,-1.2938492607778922,2.216371198234876,8.441415159640975,-1.4378968505961218,2.3893387776027315,3.5937961850577476,-7.1179783685364555,4.847158392048016,4.925895203813677,-6.35399455839887,5.552492746988843
32,9.145115178574141,-1.4850889758978434,2.279980231266933,8.820118577674247,-1.6307268138079616,2.482698176785086,4.5357517034895,-7.864827888086485,4.822770513043981,5.7593275248607245,-6.91280698374777,5.625094391243343
33,9.517554595355284,-1.654947219264361,2.36584436267319,9.183638623973518,-1.7980767970202658,2.5867064871638252,5.477045312096315,-8.198397722351656,4.8526882066465085,6.241600951298352,-7.233010563792024,5.74182610044613
34,9.868799019116162,-1.8072294876804942,2.4671992531457194,9.5230614513471,-1.94580670175943,2.6978655267626475,6.168868581856004,-8.393670337717522,4.839772641468887,6.443568252242559,-7.368916690694791,5.801125751881049
35,10.18530086840796,-1.9660584187448795,2.5970530329093453,9.832688607880709,-2.0972226154528446,2.824928214505526,6.716948048216219,-8.590615914692007,4.854845891716157,6.64417356348198,-7.506501764789333,5.867294341150133
36,10.467198876051201,-2.1405623502671802,2.7513984681856485,10.117927689377716,-2.2670160789164733,2.959864995173035,7.491129808759249,-8.413274221730916,4.919665676539393,6.794685083538129,-7.572076030725799,5.922096100968737
37,10.724553326821857,-2.3196655348213806,2.903695836214948,10.390457666809683,-2.4542266637756764,3.071983158651622,7.391278752492552,-8.394704914099576,5.001687365828677,6.5396613912926025,-7.630658533924452,5.986737578784624
38,10.973157618634279,-2.4920775805512765,3.0245461358458168,10.663830428374297,-2.643804073849672,3.1611458305880866,6.748346595316389,-8.241158460802067,5.141843787231597,5.957370299450803,-7.726047449339025,6.127821177765916
39,11.224102572176141,-2.6564488281908836,3.116274391643937,10.944009048392873,-2.8292459549452134,3.2278114546728642,6.070004317211763,-8.003513942527263,5.306037668150715,5.585745970030655,-7.733287811667838,6.307963248984233
40,11.487549994627912,-2.8194946369588134,3.184139862536857,11.236061635012668,-3.011305535708466,3.2785753759553216,5.863912330861425,-8.220735034344079,5.419582506039901,5.781613512456293,-8.224969474861133,6.448673685300462
41,11.77246260781413,-2.984429025321723,3.233058191987556,11.541921992743916,-3.187192334840899,3.3198702875489503,5.654382467000246,-8.804887273719816,5.634262641668401,5.765299395699369,-8.978913018180872,6.67024445767553
42,12.078510298450787,-3.1553688253632934,3.2525788899377512,11.857088422964356,-3.3624894844736675,3.3488474680037683,5.372106812863492,-9.370257938823823,5.896114614820272,5.689196834099894,-9.577613321858186,6.928562723041626
43,12.39790329641467,-3.334325587969123,3.247488884126859,12.17701882035489,-3.542999604546735,3.3699408082319025,5.119982050458795,-9.913435502777574,6.208717820412757,5.672910108903193,-9.972601178461117,7.209215928494588
44,12.726757913813422,-3.5205163059825844,3.2379059170957776,12.501051631713546,-3.730127057441751,3.3846175253933386,5.172928543351547,-10.381427408266633,6.478911459211402,5.723094444866654,-10.20228235235522,7.39827422812789
45,13.054563829105572,-3.714051732985284,3.224590309829569,12.821363712528424,-3.92104566836125,3.393708509969323,5.476679905937622,-10.706598887642276,6.6822182546574735,5.743299075784592,-10.26317703625978,7.538830556468081
46,13.385558868890758,-3.913263760895411,3.2107238371755127,13.143317177941878,-4.1140175245687525,3.3979069252446292,5.566016147749964,-11.098452110644246,6.859771115926177,5.550163101479341,-10.324116593669656,7.686738646330573
47,13.723324372431216,-4.105440157509523,3.2024777041998034,13.472250616799347,-4.301672936074905,3.404730644098224,5.308143089124897,-11.208397538058595,7.039624637736829,5.408022912858338,-10.444846632433782,7.807228761549187
48,14.066571372804576,-4.286983580198738,3.202180772851996,13.807536484101327,-4.481867176763441,3.418776815319502,5.0396838785787486,-11.018919139744272,7.159255587445145,5.099201010158353,-10.487157400992224,7.919345320018096
49,14.410225547694441,-4.462780903148,3.2271364835986893,14.143994798363016,-4.659089898161964,3.4616543903426984,4.911226965406719,-10.727919677299301,7.243572778728037,4.983231537929727,-10.374977804179466,8.036883716621743
50,14.756547391786736,-4.639731942634387,3.2777691351191396,14.486435378162039,-4.837761068475556,3.5302936804392355,4.80951457098604,-10.411726760215041,7.284598182578772,4.976492820985588,-10.163678188975844,8.150657751963333
51,15.103690534562684,-4.825347315015979,3.3554029514469224,14.833472226113399,-5.024671428337644,3.6196149613744852,4.665258096055482,-10.167358936396614,7.368627026311928,4.973101897598281,-10.00261154514893,8.26822224633918
52,15.45230696661892,-5.016445653166238,3.45549606099501,15.180475607265231,-5.2150080553344145,3.7214546027345548,4.5512649479613,-9.947812141771905,7.475125134140753,4.984734928465941,-9.787518081112879,8.38337751680434
53,15.802909670102077,-5.20871449471922,3.5771518536155034,15.52849087427501,-5.4030376062161665,3.8322976936328446,4.567143656859122,-9.73440277964714,7.574827220540937,4.96886266005444,-9.656235864853365,8.500177308149839
54,16.153022554545124,-5.400998369187766,3.718183638022384,15.876276785853689,-5.587942030615834,3.9514181307078946,4.741636848461227,-9.682366573563996,7.681128142604608,5.196357161094812,-9.843511165411044,8.607775101995378
55,16.501261521512433,-5.588586733751564,3.8628316604732533,16.22226191250882,-5.7653022639036555,4.0578880802773085,5.231733189982227,-9.660108479242817,7.801173908164687,5.62013494897902,-9.98593238360988,8.733297175434961
56,16.844566826522954,-5.773297861171412,3.988170535032009,16.560969602665587,-5.940521237439616,4.146982798979355,5.429600572248325,-9.615906971820953,7.907495770397856,5.677207112844178,-9.91030942650205,8.837057258016351
57,17.179301747887695,-5.961930161239807,4.088466573675364,16.892468986300976,-6.122474369215713,4.217674791305796,5.587533356800313,-9.577286787369147,8.016470579516177,5.757620323873045,-9.732455575073267,8.942960582882764
58,17.507623036339268,-6.152415482441196,4.161231733876462,17.223234713994458,-6.312186242902693,4.270469440675891,5.699086710731659,-9.501711497322132,8.125374129325794,5.760443169427593,-9.54326969930274,9.0553772661533
59,17.83461377653061,-6.339348188832691,4.208378345880211,17.553159494958106,-6.501622008082783,4.307371879860694,5.738788246224158,-9.545623567975333,8.237826052913201,5.681420158724263,-9.472272547122031,9.169505536763838
60,18.161565460678624,-6.52368948286879,4.234654219292103,17.882087676200324,-6.690090478794983,4.338348034666378,5.809458480774732,-9.52862360640591,8.324234504899199,5.635112894590265,-9.36899066687961,9.248213229031174
61,18.49118704307395,-6.709690834555236,4.232967006377639,18.21512006248658,-6.883435024094419,4.35563572654139,5.747133929769589,-9.291681034025203,8.409177411622544,5.627718929924944,-9.289336166890754,9.327471263258373
62,18.821652793352268,-6.8976764867480265,4.222381478026468,18.548906305281164,-7.076769020647538,4.365365508475519,5.501861504805592,-9.143271060381226,8.466083166137892,5.60727104407577,-9.360806036846464,9.392856829850878
63,19.15452820325708,-7.084608879077539,4.205567416878857,18.880670246516523,-7.265534672458923,4.367562951664911,5.445248205075396,-9.096152278419623,8.520833844629273,5.589694637979256,-9.346988074429229,9.442481275878755
64,19.494304157040734,-7.268844525315208,4.178536233559416,19.217918773547474,-7.451710577759544,4.3578744370629625,5.378900604097015,-9.17157410682514,8.55523861846124,5.597922382269074,-9.38812328863115,9.47487594692042
65,19.83971387913484,-7.446400277765749,4.147504136477125,19.563969545349675,-7.632711825604832,4.342712286129296,5.364477938333323,-9.224668264633,8.568495692269938,5.610188482260035,-9.339611745509536,9.498715372282364
66,20.19146847283826,-7.6219776314383925,4.120536481465377,19.915106522659677,-7.809708363670023,4.328090650851584,5.403612559351331,-9.172914848219769,8.568359005744899,5.614402531636887,-9.238029943911734,9.523433217904147
67,20.550038396556598,-7.798890410481555,4.089961868580362,20.272152661948855,-7.985633554386873,4.3121089134004,5.434425722333881,-9.146478355516303,8.582310140484187,5.619917432717007,-9.146337471151252,9.551334195679289
68,20.907931876667405,-7.974912202500711,4.068084082815118,20.630236710653172,-8.160623785231019,4.304459981534574,5.533533111961515,-9.282957084579582,8.570916832856032,5.749494812903315,-9.302867752019761,9.554190869604643
69,21.26349173109509,-8.160747776475711,4.055580439284052,20.985580140296587,-8.346263255429363,4.30497376285695,5.576992955872177,-9.340685692512695,8.545086853370142,5.767860733163071,-9.45272291201002,9.53752969612975
70,21.622470224788696,-8.354629184667086,4.0513406653828135,21.340709277488987,-8.538542106183172,4.310710798474125,5.5930498764218,-9.41466328778742,8.513425678217413,5.7409202850163625,-9.523396075320072,9.51425057029627
71,21.98004767053022,-8.550659811218777,4.05648834439795,21.693502647854142,-8.734014715523193,4.321921112332199,5.550569662183035,-9.371708832126144,8.482928078757531,5.659410048781247,-9.46781081960744,9.489435399923826
72,22.341667593453852,-8.748418677276375,4.072014484604122,22.053292383064683,-8.93191675556823,4.337757769660943,5.427014515202188,-9.427153187743983,8.44599820010802,5.488094556705599,-9.479866661071318,9.458687990282348
73,22.70542509010884,-8.948310914792296,4.099860642483832,22.41420864285555,-9.131791873054233,4.360139383884905,5.036162819535361,-9.568015702581906,8.40342567803381,4.9741986547055355,-9.546406906733425,9.432467131004648
74,23.07375610340242,-9.149468997316582,4.135012096190627,22.780653698596943,-9.333677541439133,4.384872027881553,4.810283568995484,-9.745251138467006,8.344488065781533,4.795818929414915,-9.639477161057169,9.396946735803255
75,23.449844724998865,-9.346001391584121,4.169704368581692,23.154597988414096,-9.529525697174192,4.410981408610468,4.588403876400053,-9.969710618885864,8.28864917068878,4.778220547761502,-10.006627693537713,9.350586979298086
76,23.831281540703223,-9.536972489014465,4.206045771889225,23.532486823225792,-9.719789128253375,4.44042016905268,4.387360002847269,-10.12639740385736,8.245709990729724,4.709973811075297,-10.224305207398592,9.313437856424725
77,24.211970622702218,-9.730004398947958,4.2447927143209725,23.909744675789756,-9.910280405173529,4.4727469077958615,4.23776770275229,-10.337077185011752,8.180495529286118,4.685211951514909,-10.426804679268896,9.242947183997513
78,24.592432463592104,-9.929732333074343,4.284089142085479,24.285882766504365,-10.106695233186372,4.507067064739233,4.065363856847917,-10.781038955481495,8.139673103120582,4.570336457982409,-10.809105526905554,9.215868094757088
79,24.970298739194554,-10.138012574497319,4.325010000772917,24.661932911788714,-10.310895224608256,4.5427895982112885,3.9241782236008005,-11.277536099363697,8.115302821078425,4.422458399955411,-11.248883766621349,9.205455177014631
80,25.34920297454573,-10.346525786482447,4.363623338187062,25.03840824780771,-10.514989239661771,4.576637128245906,4.207291950250456,-11.618039684634347,8.06906405304575,4.522595692366753,-11.450222162200738,9.16401257635279
81,25.728132066582976,-10.55016379591727,4.3929413870519545,25.414270059291127,-10.714520156326504,4.601365010692935,4.415804279260773,-11.90349804345119,8.038069518327623,4.728955263653191,-11.56368203629229,9.140027372033188
82,26.099759000986417,-10.74355801720307,4.414057260053459,25.783615407797313,-10.904991284735246,4.616801209673095,4.637107754799918,-11.982049993618372,8.04881557044866,5.0362387925532985,-11.655998805962072,9.159911802826127
83,26.47808761509187,-10.934968251414771,4.4363450318164785,26.161321653315433,-11.094868820991026,4.63397105563459,4.847913204735668,-12.092610512804901,8.055989434109012,5.206291247424717,-11.69913990637485,9.167233457458288
84,26.854816951838654,-11.125488162019225,4.451283078810463,26.536801679880476,-11.283956573642085,4.64612647801794,5.101871951788503,-12.069875534453304,8.045836159288644,5.433086767263755,-11.575491882651562,9.108071380321787
85,27.22719418466911,-11.316055473448618,4.455902200879007,26.91020114093446,-11.473476972844919,4.651080443961103,5.455174587900778,-11.884023062146781,8.03131956858391,5.661825424453246,-11.467391240961557,9.088691403061759
86,27.600524360313607,-11.508747490775843,4.452683896377554,27.28666042247364,-11.667094404094128,4.651860525477579,5.769279420316822,-11.725489720689277,8.059971287923068,5.735493297380144,-11.548812643492926,9.146164188168083
87,27.973223254466554,-11.70419490677236,4.444106827987737,27.663309856507738,-11.864495939783055,4.650403376051846,6.036873844513786,-11.920963068883395,8.104727795569646,5.94422628597495,-11.957751246059335,9.17687228313422
88,28.34914910500978,-11.901480341203394,4.434797418249673,28.038690889482474,-12.062771738531918,4.652624042010789,6.010845746391889,-12.15546750498703,8.202653454890612,5.825310063518827,-12.293910576147923,9.289756556212218
89,28.7272766782166,-12.095687171720028,4.428481380023361,28.415561706906352,-12.259322263618216,4.655726257120826,5.908294010859273,-12.43171037258628,8.289406619355365,5.768761109744704,-12.631244486414813,9.405091586835812
90,29.106813542955592,-12.288989626232995,4.426777278022074,28.79408109579817,-12.45639922208372,4.6612046498225395,5.829118272266644,-12.69714855857469,8.409694259698464,5.6770843559643795,-12.853468847547328,9.53093079993526
91,29.491009469650947,-12.477292765172702,4.429081678747068,29.174980024344563,-12.648211135626603,4.668933118669111,5.696232961999309,-13.076502330813048,8.569926391900367,5.617399736587609,-13.031415792171755,9.625590795590867
92,29.879812495211677,-12.657487271276167,4.437835024924315,29.560305830880296,-12.830117625748978,4.681459018052375,5.513311926139239,-13.505890936452433,8.718028213762295,5.537096437808271,-13.228098391681032,9.713740804192206
93,30.269584573581984,-12.836418876967361,4.4542002525427264,29.948550659710826,-13.009991698924177,4.698676432024888,5.360614089086903,-13.813116647470798,8.811385086994584,5.40780526504427,-13.383556564470327,9.775923334204279
94,30.659956705052885,-13.02177621096317,4.479293818664792,30.34007912743912,-13.193972650668846,4.721160723190107,5.055376026091606,-13.87758967807117,8.940358519724441,5.261598705549648,-13.502115404860445,9.858898779778036
95,31.047901850948058,-13.213864829830984,4.506221860298588,30.729286836436955,-13.383361838831982,4.744766685200764,4.953507715389742,-13.915603063912837,8.983778021369726,5.1458889818784685,-13.58693095546618,9.896250459325696
96,31.432074457509056,-13.41561791718062,4.535890910613644,31.11428998900519,-13.582717249654646,4.76976315134885,4.834739518954307,-13.889680031370512,8.999085727097999,5.065051753290307,-13.634708958886398,9.911430900351753
97,31.81843685370467,-13.621815201164276,4.568630717922183,31.502336863496428,-13.788561114209152,4.796834707540926,4.686197748695732,-13.965134416805363,9.008244970354323,4.910705358458288,-13.767253044051087,9.948409920680298
98,32.211860604338895,-13.82988991415133,4.596032379198084,31.89547834100475,-13.99733034393204,4.8178647994196115,4.516373430796768,-14.143080491020543,9.012742856718113,4.769045012874724,-14.015032533157324,9.96581325267078
99,32.60744259669455,-14.034032134304779,4.620062934076694,32.28827659643026,-14.200905723323777,4.837460807498922,4.281065800824298,-14.274499531345004,9.00290440303816,4.524621036487678,-14.198520508530873,9.972731210933102
100,33.00660367438477,-14.232683850294466,4.6473738740648045,32.68123774852933,-14.398842024551389,4.862348674943605,4.041694597058269,-14.48986545677635,9.007160437399085,4.256575302091326,-14.455705165082858,9.989178333715408
101,33.40868629877445,-14.430851959864313,4.673448433385251,33.0812329315519,-14.598044478984184,4.888084082088308,3.6040460235280682,-14.57167288457302,9.004977090074311,3.7223499404181206,-14.468131056614133,10.027014677156338
102,33.80815660458305,-14.632714884495524,4.700118533129464,33.47764673194259,-14.79820506899006,4.913116862471645,3.2578503645111407,-14.64984581585631,9.03301818069052,3.427096850142636,-14.467301114804966,10.070772955526028
103,34.20096095990719,-14.84417165849902,4.722460449859501,33.86660914228659,-15.006923351774805,4.934362604756155,2.9428601201286724,-14.788007815073783,9.05802718907339,3.249380751096871,-14.539781209502305,10.085845374189429
104,34.592554170990006,-15.063484084175052,4.746837863265919,34.25730619363371,-15.22531577298284,4.959697264106472,2.6924987724305844,-14.82596798000012,9.068285520464427,3.111143054381927,-14.554458441279202,10.102380718641221
105,34.9832337464487,-15.277952945066993,4.777570764116121,34.64807497910697,-15.44076109930322,4.992206551357633,2.354063221433638,-14.691434428747078,9.092807856920823,2.8558304378106274,-14.462878486419317,10.12307061768089
106,35.37912712377284,-15.487775174837282,4.80822917215867,35.04379860829924,-15.652082841821937,5.023414740896583,2.11543396363623,-14.595830623152315,9.125838812062131,2.6594709476887037,-14.423361867871556,10.142748091184576
107,35.783368089212374,-15.694573877597284,4.842961110288292,35.446026665659886,-15.85992280460168,5.059316868709846,2.070420123001059,-14.52432325896386,9.101264570277802,2.702229641523838,-14.530693418582032,10.089765090179949
108,36.18742206064401,-15.901391315397479,4.877865494714502,35.8512529718664,-16.069003867989995,5.094156960485201,2.1993002446134358,-14.682832511438827,9.05223269484321,2.6605741148368853,-14.7467856413134,10.040424723578381
109,36.59172522747708,-16.11390557970644,4.914032938486392,36.25509109082097,-16.28164286456527,5.127262511308225,2.372105863353617,-14.79580069305008,8.97367783020081,2.820279320440164,-14.846712890310972,9.972352683324441
110,36.99646135599482,-16.331591526521578,4.95324366597471,36.65727967162127,-16.497187429689102,5.161022614407587,2.569151997130137,-14.738903329600838,8.901420894481314,3.0419601006524077,-14.764572763276396,9.9049865093601
111,37.399828026198946,-16.551940903175055,4.991671905189764,37.05909349592117,-16.714017538851003,5.194613167898777,2.850771999912622,-14.699939568994548,8.814571015591211,3.341686368598603,-14.681526120740232,9.834577912721194
112,37.80099356420121,-16.773520404489407,5.02898016392532,37.458225751744315,-16.929362385741214,5.229652123411965,3.243758474133817,-14.647132089717278,8.713047418017826,3.587726123973992,-14.49776720095987,9.765556614174018
113,38.203281756236024,-16.995204749094793,5.06320220114596,37.86028132538916,-17.145370558480504,5.260980966993654,3.1942780239504858,-14.528899809310797,8.608284734742348,3.1750272579947856,-14.291273606492735,9.709622934971028
114,38.61098380626636,-17.214309510435374,5.093961603688646,38.26975284260303,-17.36039805533567,5.292147119804923,3.0182858652441578,-14.272106060544118,8.53508025606533,2.8709676665301718,-14.066290672144804,9.639017401342818
115,39.01872150576643,-17.4244206517483,5.126148871716166,38.678220701690776,-17.566709541089566,5.326890131629228,2.91203934570862,-13.849428984541177,8.4772126055072,2.6549806213273945,-13.788024455623159,9.596918063311271
116,39.42155331874719,-17.624519274400733,5.169108277891989,39.079422942794324,-17.76433560353023,5.376839334126182,2.7119023169967895,-13.548505758795912,8.479294555894365,2.5458174286069504,-13.654840350773982,9.61912003201482
117,39.827507070299035,-17.819727996112707,5.225019290218794,39.483583302415475,-17.959013133755125,5.439794978838567,2.415259565972142,-13.218268052088623,8.541722128852731,2.410010620969737,-13.337761690309865,9.71007670728381
118,40.23499096430883,-18.01416614379131,5.292998281753295,39.89091168737317,-18.153143320249452,5.511400992307451,1.937895063491511,-12.861745757275017,8.689467231773994,2.1737880585944382,-13.022878585195471,9.886946722833917
119,40.63776814348586,-18.211218874929408,5.365143228855803,40.29212155057646,-18.34795594029849,5.582686922259512,1.5042057985435064,-12.500670862119039,8.812549034414346,2.0424995461521833,-12.649312159270306,9.981216192207045
120,41.03726863323914,-18.41049189644107,5.439387538318582,40.69378318763419,-18.546400427529708,5.648742190219757,1.4482430017867487,-12.110947682502657,8.945954040524674,1.8518490503609266,-12.27771127885716,10.069308393866683
121,41.43228960885081,-18.61156158920549,5.516192038889707,41.09691778629659,-18.749741741843348,5.709713685097117,1.3840608663599752,-11.881600045055503,9.112571800898563,1.7115850819353358,-12.140722427908724,10.16133508346511
122,41.82607408528825,-18.819232448810958,5.589687152585651,41.49587469267238,-18.958474157544043,5.761043009700957,1.368943149414469,-11.76621391997946,9.220227821695724,1.6985368317590297,-12.090418376271051,10.167145750983188
123,42.22196571100832,-19.032332130294566,5.644395682795786,41.891207331859384,-19.170834062188014,5.800303252299308,1.129368235387738,-11.582093694613144,9.310927412228981,1.432257379623583,-12.0437105276452,10.204533805344449
124,42.616599046915304,-19.24559619847493,5.681052585486644,42.28608969078092,-19.38547845551043,5.830528861204766,1.1609676094225472,-11.64997146921064,9.352579429047163,1.5663867316866698,-12.143771908470677,10.236214445740355
125,43.0131224813544,-19.454930620195984,5.7049756452209195,42.68150643051404,-19.596886373892417,5.856534764200736,1.1843457620149327,-11.850270194572154,9.354896675306273,1.5420576308160245,-12.339043479463399,10.309470229478496
126,43.415724459761805,-19.66543246690698,5.719813054967347,43.07985849229662,-19.81025233183288,5.880588494263086,1.1471480689793039,-12.065586302196053,9.389996235054697,1.5008973349327992,-12.399102834350716,10.366156504083744
127,43.81361981669842,-19.879047212888437,5.731182892604174,43.473925482930014,-20.027791194402997,5.9064957554388045,0.8010648806958345,-12.052937787542076,9.424172379379666,0.9512402928080933,-12.052176848876696,10.422282589711319
128,44.20984639156477,-20.09544172703917,5.737862473175124,43.870205358965954,-20.247520433996744,5.927653113015,0.40283085178477734,-11.909488386163694,9.458137875129369,0.4384877448188206,-11.755290992201843,10.491140390145594
129,44.604738806588486,-20.311648362481833,5.751808643441701,44.264633593428286,-20.465295858272416,5.956673124002373,-0.1004548505357033,-11.684467603030518,9.553451284461424,-0.023741072086329085,-11.467502554920527,10.565020971272281
130,44.998051124078046,-20.528367180599428,5.775812008158594,44.655898869806144,-20.682874824043026,5.992758792453307,-0.42362940821075074,-11.389998127355648,9.632468307223835,-0.39757772818125575,-11.130206478792939,10.632519762837388
131,45.3874008576672,-20.74381220553708,5.814861375814107,45.043416849914045,-20.897814069569407,6.03920947278902,-0.9114064189374045,-11.010011616904219,9.708327138404739,-0.5814111026164428,-10.878025944867654,10.682944999823167
132,45.77648003395882,-20.961014181947917,5.866196266338989,45.43126826508638,-21.113083546510147,6.093129822150274,-1.3084233352152803,-10.753983611400164,9.731902779731715,-0.729705119568369,-10.966786489917654,10.699181105303984
133,46.16657369959286,-21.179368728749967,5.918992547380036,45.82301395068786,-21.33021479749223,6.143529398910559,-1.5867349785080744,-10.487212915795629,9.777247438428102,-0.7059806791564781,-10.927456577769128,10.73443968822555
134,46.55856807379395,-21.39999761953235,5.977111846858966,46.217373690427,-21.551709426272094,6.197662822021739,-1.5099490426302347,-10.293686942870684,9.815463779445297,-0.7056398770085169,-10.60263021879851,10.774458029319794
135,46.95219361404105,-21.62155125658524,6.051017814413911,46.61681873452731,-21.775007355228308,6.260185958657966,-1.3882779737982156,-10.061943086340033,9.824770551166944,-0.7159134869714409,-10.271499117794109,10.789203792111996
136,47.343991187073875,-21.84474730935208,6.1255663752723235,47.01257681669139,-21.998274456921568,6.323904633094911,-1.3007371431927917,-9.956103020725056,9.827589864745734,-0.8247733768517007,-10.131121905216844,10.809498584666477
137,47.745538107809026,-22.069497322934136,6.188273890770404,47.414746199254196,-22.22379200971384,6.373401960173221,-1.2917116620269284,-9.991506935843592,9.845624002116184,-1.0240408580463964,-10.109217058613229,10.850796863701834
138,48.149851039626824,-22.292078532268818,6.239861131073477,47.81669249699521,-22.446353378966933,6.413732087062584,-1.3094388888704995,-10.013785367111273,9.879195976298119,-1.1059847060548798,-10.0907003082608,10.903487648965715
139,48.558447522208056,-22.516382655712423,6.278446411319241,48.21984657940933,-22.670416639727847,6.44441613163273,-1.2398422981912556,-9.914114912962168,9.910162419693716,-1.0502471132775597,-10.196396350812691,10.92063281657598
140,48.964118741024016,-22.739493871214684,6.306646647705948,48.620164575779846,-22.891351114150535,6.468168229775278,-1.3205837664284679,-9.864464774559409,9.922228006964518,-1.074052560903779,-10.24050270127184,10.929158919231464
141,49.36537626730074,-22.960255002856815,6.325998875338222,49.016461107787805,-23.108886222825202,6.489100699402323,-1.939195774261766,-9.704881315914093,9.963940181164935,-1.8684752103282911,-9.82811962262457,10.984761313363617
142,49.76217118844816,-23.179923651117303,6.334979239345753,49.41265355365598,-23.326739810642238,6.506599350937491,-2.4700656158179597,-9.570608158234213,10.008806010871671,-2.3930589271536333,-9.462869733188013,11.020207199282188
143,50.16057065347823,-23.395853003101365,6.334515228145953,49.80885321163681,-23.541317908950607,6.5210034004657045,-2.890185480390747,-9.173787055321212,10.062899421711979,-2.757408969348478,-8.926483306185014,11.070702469743809
144,50.55525396753562,-23.607201330748094,6.340469394515896,50.20275793060911,-23.75363404462128,6.54094369637598,-3.361088463799378,-8.832652130195006,10.079460863724028,-3.224898154514232,-8.665670101686379,11.08030801208087
145,50.95273616265659,-23.81753849968465,6.355391807692707,50.60190438233067,-23.966025655861866,6.568967416215988,-3.951084330654446,-8.372869049494565,10.096937795309277,-3.6841537533133195,-8.28406614178072,11.10753237739063
146,51.34929982277391,-24.027905070819827,6.382495833406246,51.00365295278526,-24.17999964526725,6.606725531852184,-4.637152943886315,-7.7507806616923185,10.144576379916295,-4.060589878054343,-7.864347531352841,11.147724114766413
147,51.74430758347231,-24.23540618191222,6.4164971827335,51.40183589998901,-24.387479240634583,6.6460616361212494,-5.1680285954400595,-7.188113000808658,10.19444281133359,-4.211444725476887,-7.569619558726235,11.179362011846369
148,52.14240524039601,-24.440686720052675,6.451699486162049,51.80097087135832,-24.589273929079823,6.679903257514574,-5.187826396475799,-6.925261024745452,10.205043963555129,-4.408816067077321,-7.344332003950073,11.203057842945642
149,52.540878469758226,-24.647977683855746,6.495694220890356,52.202254880788395,-24.791960539691637,6.7185471443241,-5.04734372182771,-6.687236271151714,10.190595431850358,-4.235525228158568,-7.157260731565569,11.179012615730652
150,52.937003501034624,-24.862115495261204,6.532660216742109,52.60237344496093,-25.002544757789273,6.740937894577495,-5.146650225629092,-6.63688765581109,10.164449859247192,-4.382700759917373,-7.016894759396404,11.16450428315973
151,53.33489389126164,-25.083311418859854,6.5570715442703,53.00080544928689,-25.222261837867826,6.751155126192951,-5.023295534354908,-6.522014947343738,10.139393205413306,-4.360310846571564,-6.977005040166425,11.1217467954951
152,53.73421946646606,-25.306469209846433,6.5714726399761005,53.40118256611798,-25.447009968072187,6.756822441478278,-4.971943549979427,-6.701538609648381,10.121881258363755,-4.519491546444488,-7.178723392502505,11.112481670244636
153,54.13790226452349,-25.52624038714542,6.572201849364848,53.808318874521206,-25.671976796709703,6.756118049827204,-4.890471604620529,-7.10808750607632,10.03715056683204,-4.612029788646618,-7.543329431629114,11.02932679225707
154,54.548904825198335,-25.739085846431056,6.561780136401586,54.21731525243928,-25.886400184038276,6.749082600998914,-4.9228788481690735,-7.527829060600078,9.95040969396813,-4.698785087830643,-7.897785111171067,10.960988184295244
155,54.9626216412975,-25.94726093812793,6.541522599239502,54.62659679244606,-26.093569663782652,6.735058089249535,-4.919648276802538,-7.755407128665199,9.853998851982304,-4.796048719060092,-7.920920180004281,10.892893213043296
156,55.37836694452866,-26.157285350398638,6.509743249947711,55.03778985016937,-26.30005229282566,6.718336551762715,-5.067924831191346,-7.757237506604122,9.776611247035179,-4.754999855615507,-7.620873531228182,10.824942722729594
157,55.79426517949956,-26.36927832934734,6.479335445501004,55.45083087770115,-26.508806323304306,6.70127004404063,-4.838257077924873,-7.686291378343727,9.723289138959816,-4.479777011283427,-7.2884258471779715,10.805624491444007
158,56.20812616052142,-26.587331527693536,6.4622038950571685,55.86193799701548,-26.72465797619692,6.7006225694775985,-4.526976220809049,-7.704701122096904,9.70569699069065,-4.004019177716763,-7.219182421086413,10.812177105703622
159,56.61601207001266,-26.80685860201401,6.458919718144079,56.2678546667626,-26.944049926101272,6.713996766956172,-4.055881120978852,-7.448971661664414,9.679828988315304,-3.5748898919371257,-7.01416119883086,10.829293769831564
160,57.02356993608338,-27.02126103991438,6.4743718757703,56.67608279283346,-27.163141699397944,6.743299836055722,-3.520076225640902,-6.886729764916658,9.695340454407908,-3.106672703859581,-6.624580911957156,10.819989625855158
161,57.43621938042524,-27.224787423981482,6.50677324577235,57.08696306493852,-27.370414678475832,6.7827965383011755,-3.044038302316964,-6.321110198210093,9.7274892642403,-2.818966809423325,-6.380380975208741,10.834619307303086
162,57.8546270867247,-27.42016028583749,6.552530223694139,57.50215910536828,-27.567628288723157,6.8262626678413,-2.2076789817926796,-5.826452134381795,9.763133136953597,-2.1062142631040937,-6.036029411952362,10.845105932223976
163,58.273290650116174,-27.615044508674757,6.609564361092659,57.91951002757848,-27.762019404574662,6.8693827118641355,-1.492208034003149,-5.496200104393184,9.79795679928892,-1.5969289179435115,-5.67067813278265,10.840422412348017
164,58.68636861312292,-27.81601031003909,6.684400491460679,58.335034238905955,-27.961419095645994,6.920986604965665,-0.9119063322548302,-5.344726065094434,9.84023278614582,-1.1417934658234468,-5.5191626750922875,10.876440141667931
165,59.095399376014825,-28.024988525684673,6.759399900344614,58.74589033630122,-28.168390139257045,6.976746722726862,-0.5519477432540696,-5.0142610316295615,9.86269721715088,-0.835916969082396,-5.327348863411811,10.898433561465348
166,59.497666925513286,-28.24882377568861,6.817762322458849,59.15015161156169,-28.389640363450788,7.016232817092344,-0.06308882979491426,-5.199528672138802,9.883800595137423,-0.3714628355787449,-5.731908710657966,10.925557328840762
167,59.89488267175463,-28.47966002409241,6.858234158753418,59.54944292128109,-28.620249126819555,7.0419412735644515,0.5754111532078394,-5.523555419875431,9.929479060111692,0.34361088919520905,-6.025866318185475,10.955507046115795
168,60.289352698427244,-28.71041892544968,6.879007929900136,59.94199306581646,-28.851184584464075,7.051869526806919,1.2769380157102013,-5.873039028269474,9.911104223897222,0.922270109146675,-6.3668296642843805,10.913979277399886
169,60.686142635247016,-28.942766333619367,6.881557557854719,60.33594980265213,-29.08565854561748,7.049365350436547,1.759264920739015,-6.410156454706887,9.866815084163303,1.5785828247534015,-6.808865768107101,10.849609801403462
170,61.084119672155,-29.1721159247564,6.873243435038215,60.7328213396964,-29.317708416340256,7.040360846265131,2.1373083754397433,-6.837508609141085,9.853866610891046,1.9037220875584189,-6.91831241091264,10.828712706411418
171,61.48075717943878,-29.399448147197766,6.852011872124988,61.13024567159556,-29.547454733070225,7.029410024817632,2.509863707792555,-7.124295924757131,9.829788244184956,2.1873339478259193,-6.948214023957846,10.832641653859442
172,61.87898106945133,-29.627956604463343,6.814368248883938,61.528402867891685,-29.775918094792054,7.012249152416238,2.642883012602643,-7.436999224104696,9.839194612657472,2.0195011145015096,-6.923242325654692,10.87701230659069
173,62.27072475359569,-29.849886273390464,6.789856797828375,61.91960900834859,-29.995584591692666,7.01014236098557,2.7266030892785995,-7.3373311290658565,9.817034288242128,2.021858239689905,-6.880674718547753,10.87723459530665
174,62.63116779617672,-30.076122611158485,6.781098349966721,62.27352375203644,-30.216025159622415,7.022969786497034,2.5753673876280088,-7.106311683481815,9.826544384318241,2.042756022038726,-6.631360726462128,10.926915720251136
175,62.9379065291609,-30.33149580338005,6.792438041488566,62.56806834512975,-30.461417156044856,7.050429817791917,2.2906572205715707,-6.712956597717635,9.891847336462522,1.8460886025607435,-6.336753404881737,10.980581542806652
176,63.162650415980075,-30.615789416576042,6.824405368975905,62.78248404263246,-30.734987545882333,7.091720107260496,2.0167764631980103,-6.134593270579936,9.970444442149509,1.7552124200234491,-6.108707624374071,11.028984470651524
177,63.28999753441353,-30.90564153728287,6.873137098796447,62.90415338562841,-31.018603394652036,7.14180662667939,1.913105097040186,-5.747694009302474,10.031097823953159,1.7316648475323482,-5.940798579688256,11.070310329418813
178,63.33027547455434,-31.1703030589788,6.93283907492522,62.94216137138128,-31.28654744669478,7.193908556891155,1.867712186570413,-5.371153918411086,10.08109771168609,1.7450252119665728,-5.82358155736916,11.102302999568437
179,63.30871186779508,-31.38357571532071,7.002808739609283,62.918055849767875,-31.51584632813977,7.246137171595303,1.998003499104279,-5.274349317597361,10.114880343899118,1.7715649225326078,-5.74862597115857,11.139740029061024
180,63.25314208875958,-31.53578335130594,7.056260223569613,62.85505849236605,-31.69846081792728,7.2769131988375735,2.095705404083523,-5.118232772959915,10.16763254582267,1.7929443819259747,-5.699165457854556,11.159744906462112
181,63.186268743744606,-31.641794733875834,7.092288726844247,62.774954815638,-31.83805602941413,7.291966428692432,2.053322630432155,-4.991297512635318,10.179736324446452,1.8058302500264756,-5.664014619949493,11.16490172789965
182,63.12591011232154,-31.718455210393792,7.108913046706191,62.69901308305982,-31.95453528095578,7.293252178142238,1.9856986562740302,-5.0506517535534305,10.173668741127921,1.8129181986241276,-5.645265632917829,11.157367288678598
183,63.07744522086662,-31.793882964636463,7.108406345465836,62.63514044942938,-32.082387563747474,7.284146109466465,1.5094387414016572,-5.091302505049094,10.14970471699356,1.2189391420092643,-5.630810103443892,11.137025076713414
184,63.03674036347987,-31.88448053899409,7.090870932359298,62.57946593168381,-32.2323659752996,7.266993943381839,1.0171934466064452,-5.164887055803356,10.106787243202607,0.6976798801927547,-5.672456674507013,11.101255226067579
185,62.985218112378995,-31.995664145142335,7.056269887090814,62.50909045581794,-32.40096981481228,7.243021684492754,0.6741210460316398,-5.187373535638598,10.06308275081106,0.47742220886297393,-5.650450854609692,11.067767648839672
186,62.90451350382754,-32.12210384620543,7.003322310818111,62.40498218282691,-32.570241341994574,7.212273514261316,0.24774547028753757,-5.140642014162372,10.025509677772929,0.1813214235487522,-5.58570334177784,11.056346091149281
187,62.78271144807354,-32.260331069306325,6.963719639028595,62.26011206238288,-32.73012098651833,7.1964037226774,-0.17427201207665005,-5.046720357920642,9.999293487022625,-0.07127127952824203,-5.532647071428284,11.054018733521133
188,62.61198265378288,-32.41203951677913,6.941981941516426,62.07449542994367,-32.88282601878529,7.1976853777372485,-0.732466837386704,-4.846970007118631,9.977806373873047,-0.49030937412469877,-5.3928060201050645,11.052272524633892
189,62.397164346023246,-32.57892446538141,6.938105597948274,61.860477061270025,-33.037779708612725,7.2121864984843915,-1.217599298657416,-4.6239538294069575,9.978797573146956,-0.7406697052525153,-5.274420193942762,11.070107000188694
190,62.16627362977694,-32.772589022903354,6.9476799646193195,61.64216132725251,-33.21919039592184,7.233907238272481,-1.2459758028243482,-4.50434354838564,10.002609132616406,-0.8458366164017348,-5.077331692191489,11.097054872249883
191,61.95417800610484,-33.011826463596506,6.9717131556878,61.44827480516469,-33.4455316450359,7.261362833863775,-1.2822013043671394,-4.290671828146783,10.046058699533127,-0.989170574566594,-4.800233739213973,11.134705083315144
192,61.779619274976994,-33.297959187432866,7.014947043378547,61.287942066724085,-33.71650964358445,7.297593722711468,-1.519410093765188,-4.015952828817564,10.079810131150364,-1.1697503449121938,-4.471639933464157,11.144969167130077
193,61.62932954189233,-33.61252377836187,7.07564858745203,61.14974307306255,-34.00838588743528,7.339694979828012,-1.834564326943871,-3.5252849142783846,10.109938786203916,-1.535778198318502,-3.878334538240746,11.160457726433265
194,61.47268299931248,-33.93964171179854,7.136817571985788,61.003946900514364,-34.31034718698842,7.384141125115472,-2.192617165713259,-2.8574141202230483,10.150732577065876,-1.9015579849340347,-3.201276406990399,11.193531465142165
195,61.29627944722538,-34.264503806436544,7.1925918378022615,60.83887065061538,-34.61449991811475,7.424896615607176,-2.3535092420215515,-2.0157595069989194,10.201914499382465,-2.1731909414415393,-2.453399509390211,11.234211191978725
196,61.09394590599583,-34.583111889019555,7.243148700693423,60.645701230986575,-34.91902683675965,7.462394194256278,-2.421219831198913,-1.2328511882006652,10.265025539008363,-2.2304337451360006,-1.9152461453741458,11.302626157332858
197,60.86981379406544,-34.89219167912534,7.287290093939726,60.43141560700421,-35.21694025968316,7.496102534556855,-2.365237883426417,-0.5690257806999021,10.363507752114854,-2.0798390924721866,-1.5135823478574741,11.417292395739437
198,60.628897027214244,-35.20307125455527,7.324704786041872,60.202886571355904,-35.51916567786371,7.526305062962813,-2.0750046523868435,0.07313800758993505,10.44832936535994,-1.6949019818230353,-1.0953431608339328,11.500225031493816
199,60.38871735129005,-35.521652857847684,7.355756661498802,59.97410030100656,-35.831483814789365,7.553777555346058,-1.6559500138432734,0.39329536932372056,10.567996793816144,-1.2145757785669136,-1.0798033886227476,11.59990521732231
200,60.15763560200714,-35.86216109962369,7.381330521033935,59.75133490670971,-36.1637502387955,7.57972402901002,-1.1798053477212285,0.42279863106365945,10.674019884045505,-0.8641634608811539,-1.1057885276094708,11.679180362012422
201,59.94585002381163,-36.223385135480754,7.400917872067692,59.54268753431739,-36.512537113446264,7.603520094759414,-0.5117694907596702,0.29723896155477014,10.770676035207794,-0.350348104818478,-1.1505825057789762,11.748560271719503
202,59.747942371667556,-36.59763071633724,7.420022436310623,59.346729928755515,-36.87188071885221,7.626111085949933,0.164389124344535,0.006405566168356636,10.856583292052509,0.0665900969825875,-1.2471908509120988,11.798232427688692
203,59.556010038801816,-36.974684108533566,7.440578877175078,59.15600461194727,-37.235311843526766,7.64963466055555,0.8031901232002953,-0.3030660196486577,10.89261915535683,0.45530450267441036,-1.4317179763198242,11.80279226981461
204,59.360811294403426,-37.35427961724667,7.459500670858844,58.96365458926334,-37.602630565588676,7.670391800942991,1.273877849053221,-0.6650990535059096,10.884335654983344,0.7010456826009437,-1.6614433965916526,11.806461914943965
205,59.15712984307798,-37.73545973492541,7.478823078924645,58.76396367312633,-37.97411179887139,7.692812237395498,1.5510844756117104,-1.0367223800779006,10.885157130027778,0.8646202392752449,-1.7195328320093781,11.812205740778914
206,58.94411471619759,-38.11927413463503,7.499540222392169,58.55459684570103,-38.35045166099705,7.716767856254756,1.6525222234174155,-1.250157265560251,10.870218415374636,0.9708833984185284,-1.834307461925448,11.830080377086372
207,58.73122353517503,-38.498578868191366,7.521046443110131,58.343288280797395,-38.72682626368136,7.741088022981701,1.853393573453692,-1.545487946639991,10.858058942091033,1.1688214674981547,-2.098882095875847,11.848454516990124
208,58.51977503315262,-38.88475778214462,7.544945119555695,58.13394570476935,-39.11180963136015,7.766987038026172,1.844660668917963,-1.9013543541416091,10.842646714263365,1.265979442341718,-2.423491363756421,11.864758015083224
209,58.3106045127538,-39.27840054867962,7.573066645253399,57.92711614085294,-39.50163360852262,7.795327528802053,1.7792272530802187,-2.1225911127734047,10.84770190245693,1.266623229144946,-2.5698696857538015,11.898633310580154
210,58.10478908980174,-39.67944431386984,7.60087666196974,57.72438071707586,-39.89533904395831,7.821700859410772,1.6837565457874126,-2.204574152714988,10.89411059797447,1.2764590280173065,-2.603698511358697,11.946884087544303
211,57.90461696495445,-40.08465794210575,7.629208035263036,57.52922894768118,-40.29404787230039,7.846090681540488,1.5758419027962172,-2.233034363804903,10.949740361423903,1.2036919623374183,-2.638927062553087,11.998543417974057
212,57.70517517909098,-40.49488344550609,7.6566588607674415,57.3342296423387,-40.70077119881508,7.870602626745641,1.3941888790216306,-2.312042183974431,10.993450356415321,1.006902015828694,-2.6109232695878863,12.025790797059766
213,57.50490465204537,-40.899372359382916,7.681953960244878,57.1368592958656,-41.10116657039506,7.8939917548734515,1.2594911496718484,-2.3620749937802032,11.033598068511742,0.8938395219512595,-2.616837704803501,12.056313449422866
214,57.29576282096503,-41.305561348906316,7.703281737879883,56.92944305210952,-41.50336401264334,7.914584512862261,0.9983837435680316,-2.2900829044793807,11.062530412263936,0.7478983870229711,-2.6226333424450097,12.069989444964774
215,57.08204862507875,-41.70509003883793,7.722296402289478,56.71726245067905,-41.89984139256103,7.934376323039965,0.7292994235708501,-2.2599115728958457,11.086638918018135,0.5557171473504938,-2.8023694836073334,12.076461793844121
216,56.87096053787536,-42.105806425487586,7.739841495662417,56.50609097566185,-42.295616678992566,7.954240028623442,0.6073081440680883,-2.297648345590056,11.09832294545903,0.5268627872982928,-2.927652287256962,12.084246444683089
217,56.66431605365272,-42.503421451063794,7.756381956638063,56.2981409073468,-42.68656529779134,7.972611099665746,0.5413213774527088,-2.4287855654596053,11.096225314488,0.5913953475510607,-3.075013506200655,12.092221975639028
218,56.4575858657736,-42.894252238569244,7.771296712802224,56.09170031552128,-43.072090984899845,7.9888805098597535,0.6746851132729426,-2.5585841534192797,11.087837782153622,0.8402279103384995,-3.1971744015615178,12.103478628228503
219,56.25385773146645,-43.285938073019786,7.787045888383421,55.8885722439152,-43.46527703314445,8.005882189050311,0.9429459677319716,-3.183599715889117,11.083001425523298,1.089632582679972,-3.9307355942240942,12.102485363829741
220,56.05746394103668,-43.67798493726778,7.804957306071948,55.69464943802345,-43.85835965000621,8.025720040566043,1.1937019002167633,-3.7977766450063415,11.07294835279026,1.3039387309092425,-4.534148886979526,12.103142639714878
221,55.867507736411426,-44.0707310910851,7.825164547204498,55.50672302617918,-44.255635942718335,8.048609386154602,1.6677574103333346,-4.2810441355862885,11.079544974898244,1.7294850823640657,-4.840763763523005,12.116841297655554
222,55.68260907006635,-44.46696742830412,7.852130349596477,55.32255298592534,-44.65686629018477,8.079376315552839,2.128425090824677,-4.665773586322859,11.098539100379744,1.982357848756431,-5.131774534787464,12.139732395377843
223,55.498935330381855,-44.86813884527954,7.888342523805852,55.13932211287396,-45.06495423123758,8.119193626637207,2.536818820527051,-5.057488774243248,11.134214940166437,2.2314237384724573,-5.348139207156702,12.183510596397388
224,55.313188990876746,-45.26856352748079,7.9327908784420025,54.95434598620716,-45.46709346794105,8.165640819519414,2.876279496972134,-5.385671116243263,11.18573134598362,2.427647184283161,-5.4725418975456215,12.24285080058135
225,55.122855918840806,-45.66795938955602,7.984211422703289,54.76275387755608,-45.862832509442555,8.215979221654294,3.0177919928270556,-5.787877694237496,11.254783317221388,2.509829569637359,-5.670111431917632,12.321421000815581
226,54.92873331745363,-46.06251709285278,8.043337378950365,54.56557017624386,-46.25719091341673,8.26990048507407,3.1819616697145277,-5.797965844976891,11.348412319128371,2.6673888973672053,-5.915297918828514,12.408172710818045
227,54.7318950815275,-46.454095700294154,8.107965115481736,54.36832672893744,-46.64438588784781,8.326671945599374,3.4292394644292403,-5.840093954755624,11.454616129036507,2.9142218346851094,-6.175648924729288,12.495927264064575
228,54.53434777874319,-46.84213383229041,8.175904966053315,54.17181819483164,-47.029547820898344,8.385580407133832,3.5728417269280084,-6.242796937895894,11.563259996279115,3.218771964378225,-6.720236712285102,12.582759408117418
229,54.337540048012265,-47.22962978878538,8.244675763845448,53.97606934116355,-47.417219624262195,8.44559153988412,3.793260655865557,-6.5731758857322315,11.67894917251272,3.4780112751671814,-7.100900849641964,12.673906193910325
230,54.14005943065736,-47.615834156958556,8.299410374507255,53.77806834865077,-47.808801580588025,8.487159284795029,3.8950582419492994,-6.980206028502167,11.79637068276508,3.5641401521126634,-7.498856145147718,12.772578804575096
231,53.941318050572704,-48.007305664963,8.338368517170224,53.57873824572252,-48.20556209192642,8.512849769722564,4.017955876843538,-7.276477029044345,11.911938686484257,3.6615055632224647,-7.61272501628467,12.872584034785534
232,53.743060721431604,-48.40651131535774,8.362962838254107,53.3791398925326,-48.60860542916555,8.52807664287554,4.096889542050317,-7.381098987755797,12.02127670374947,3.6015268616490412,-7.530595611786652,12.9770120193932
233,53.55035857283077,-48.809073277883726,8.378547145268296,53.18442545663342,-49.0164364628517,8.542144830631807,3.97382977525784,-7.418714117213513,12.126628493519863,3.364661087868422,-7.4590278722571925,13.079235067206033
234,53.35777790031239,-49.219677663542946,8.378866116790261,52.99165743700462,-49.42645120101507,8.547355459179254,3.865692162243349,-7.320878044983353,12.244192078345977,3.3187217655417114,-7.272136317150826,13.197712220656069
235,53.16714941747223,-49.63617255159795,8.362202561986384,52.80443048299919,-49.838498625598234,8.543656376140344,3.561659118214007,-6.82574505504495,12.366102074685898,3.12577151359461,-6.898974690032514,13.32028981389093
236,52.979852510356366,-50.05702924002988,8.34760469077447,52.62099219306137,-50.25464975216921,8.556112817650135,3.24240838148088,-6.289083892433929,12.493239925363357,2.9674825648663123,-6.483138277984734,13.447905410827968
237,52.79944018398919,-50.47918966845279,8.35078207830368,52.442206097946716,-50.671557087035865,8.582087826931861,3.138530304439118,-5.516657402715592,12.630275682027698,3.031046557873103,-5.915044521130975,13.585520180168812
238,52.625002419870164,-50.90048332566685,8.370693364810265,52.26760356104317,-51.087326204979554,8.617185471458471,3.07473912632466,-4.898745497441464,12.77517385403669,3.1587401570181144,-5.47005098513688,13.724140983743878
239,52.4547017513503,-51.32344499273324,8.406455870848227,52.0956905413423,-51.50553497213233,8.660778346939319,3.1995834536447374,-4.411592853039741,12.92847873503519,3.3797312219159688,-5.133474564188343,13.868244631110512
240,52.28349396832369,-51.741434753586844,8.455833121811228,51.92250658974561,-51.92156661044375,8.7133235661224,3.5347766470906765,-3.963094330740059,13.083756432184813,3.6602667596316416,-4.919219269369375,14.005813981209007
241,52.10634546294454,-52.1548861616329,8.523134979363467,51.74352185227798,-52.33480889308187,8.773178658489535,3.7737744773233928,-3.333728647049602,13.203524838739613,3.8823607550092274,-4.356470704981215,14.107827594021709
242,51.91191169089282,-52.560962197106484,8.605721166504408,51.55019797881621,-52.74053003986222,8.835661293313665,4.09134084818028,-2.8978913751713673,13.283977268862515,4.003920106624216,-3.9467405962488695,14.16436249926191
243,51.70546158775417,-52.95852019169237,8.676190966385253,51.3441252327294,-53.14090119939971,8.884954796651876,4.1733779508285025,-2.6686690059501914,13.321823364536906,3.769851152662914,-3.777425444859584,14.183846325594239
244,51.489831669785715,-53.357568047624845,8.734033186506531,51.126107123854084,-53.54440717412151,8.92410955760572,4.0051446243872295,-2.5751555273180657,13.324757681750114,3.4464511599410237,-3.607075187432598,14.181558161949392
245,51.27039104392831,-53.75675903211698,8.777533663530194,50.904435486971266,-53.94393683968113,8.953240556457605,3.7310114729683628,-2.042497243534846,13.304291903821253,3.1193683798206244,-2.8740902202506726,14.170921739982937
246,51.05231184303378,-54.15803512711869,8.805242496161613,50.686050014660225,-54.34434805276592,8.972781503174073,3.3245974732259445,-1.3112342674316897,13.25640814976669,2.7892784480508013,-2.044043795648426,14.15421098713015
247,50.83951548804535,-54.56092873175428,8.818733830258692,50.47326866922345,-54.74596169029238,8.985788019515992,2.75009378827521,-0.5976389402711841,13.180919169892196,2.3884117916743217,-1.462856260483207,14.126728180350476
248,50.63001042371678,-54.96886732058763,8.819173772350469,50.26638646953092,-55.15226228688769,8.995178005428071,2.337869243351465,-0.2410121663126043,13.125128115482276,2.3269171250739276,-1.0991228494503869,14.128273093948303
249,50.423671554688106,-55.3767692130859,8.815961267246795,50.06198147408259,-55.556168041847165,9.011858277499515,2.022842026919781,-0.08466161139481243,13.04596946414795,2.3398408999662306,-1.1178699646319203,14.073306961923553
250,50.21960322823175,-55.780631796791134,8.821107226355048,49.861006929911234,-55.955515897946704,9.034174611198127,2.0204948234198197,0.2284024564716367,13.013622604429672,2.4466646865915593,-1.0704258955287838,14.064257439733593
251,50.01859668247792,-56.17841252543605,8.83516000243237,49.660075299289055,-56.35416766143044,9.061115100380405,2.033547976018433,0.5701348755803706,12.972168706496687,2.412264872212874,-0.9634379943740174,14.025415825594388
252,49.81798146183612,-56.57112062656134,8.858006905661641,49.45858473843249,-56.74649993076266,9.09210146791857,2.0752120736297415,0.2523252150159718,12.933270562516974,2.3459991438772856,-1.2065627574342115,13.993932292878108
253,49.61156581799457,-56.959248053585554,8.890578235877198,49.251736248054804,-57.13526684729752,9.12732770390225,2.381307173213416,-0.2097777831205278,12.959417249379243,2.6028832852618797,-1.3557493056652823,14.04896353520148
254,49.400472247007094,-57.34606618989321,8.928553363971455,49.03714142173805,-57.52621490477225,9.159827087381029,2.614888463413514,-0.5950603774321928,13.003924110873417,2.5783952983080667,-1.4369986626958777,14.104351531499093
255,49.184054088846054,-57.736469072671795,8.96807131747144,48.81548754056249,-57.92164638946396,9.187468313081649,2.7546496533800933,-0.7293638415276413,13.047636914481352,2.6898641926988116,-1.264827899668769,14.172848826657448
256,48.96725349104668,-58.13471974502348,8.9985343559022,48.5911446279235,-58.32403697212453,9.208542635611492,2.7655284979131842,-0.8573410828880452,13.137821926615723,2.6441860542939284,-1.4291380944597563,14.234946855224418
257,48.75406560417153,-58.53915142683226,9.023302280224625,48.372007081905366,-58.72885305594794,9.227737604432237,2.6231270135835927,-1.1592689720065978,13.222012213990535,2.490612094744557,-1.7454459299813392,14.310961301674382
258,48.54825312036639,-58.94973529234048,9.042337880678195,48.16277004377672,-59.13881082509159,9.243211424297089,2.635703683822,-1.5667788520620605,13.340350377831635,2.458675347972352,-2.0770295110747696,14.387580709803602
259,48.344672616042324,-59.368623977789454,9.056462657194995,47.96105346446306,-59.55396630954601,9.25795983097926,2.983592894837755,-1.6300316284966503,13.47773480455711,2.8721094735669217,-2.1926198355896043,14.476685622599529
260,48.14134099945279,-59.79293610017059,9.063221748867736,47.76349087681635,-59.972321440031536,9.26984950053076,3.0518993144813615,-1.7208252564020368,13.58330335581856,3.120926229337939,-2.2547357252474667,14.582256264442812
261,47.942143673751765,-60.21831429306132,9.066722087760919,47.57181900126429,-60.39389854727555,9.278643893860442,3.361355161723102,-1.6529002687805394,13.708698462222006,3.425541646463408,-2.0644834040468085,14.706369031492356
262,47.746553418831944,-60.64337767271268,9.067777425067657,47.38239187053879,-60.8182906675088,9.284859468351986,3.4269020463653583,-1.7316964371503605,13.838378468851253,3.433191537126858,-1.867939531123448,14.835780335588275
263,47.549858489554964,-61.066632470893914,9.070291457892353,47.19009208040655,-61.24181306343545,9.291993229531473,3.3161654370732587,-1.644322369735253,13.986340909460797,3.0884539646696947,-1.7901447785692777,14.971187545587961
264,47.35199319172263,-61.488727503665686,9.081037784961326,46.994092567127,-61.66404100225582,9.311277787994646,3.2974451524446806,-1.5070431354253024,14.123401339348817,2.831757121934161,-1.848388207025168,15.091930574591395
265,47.15353415984927,-61.90592343185976,9.100803263628322,46.79710376176,-62.07905057925264,9.337965607644128,3.2277293266458575,-1.4684397664260296,14.295029180530255,2.636152323317857,-2.1050512931356558,15.251673669964294
266,46.95318377452704,-62.31726891098647,9.126680802198907,46.59857511189768,-62.48618512108222,9.369143361246726,2.8745825856830596,-1.3999786521103716,14.428188582843827,2.514099060811014,-2.1258234735039734,15.353974524506953
267,46.75042325999692,-62.72835581493641,9.161126909913632,46.39497892284064,-62.89458585712285,9.405368531810554,2.6575689232484,-1.558043417593296,14.485462800005513,2.526064848790712,-2.435013503792086,15.364084584415298
268,46.54686168561029,-63.13212308105507,9.20616397414618,46.18950030755691,-63.29658407474561,9.447920187741556,2.2964307692547012,-2.135228375897417,14.522175369497313,2.451673258731534,-3.0387614821594413,15.38295868524905
269,46.339574595806454,-63.510477064560575,9.260239093513063,45.98238629866424,-63.66875234205334,9.494968775638757,2.1163567899274778,-2.905170314181438,14.559354336513218,2.422546645261523,-3.739008992500669,15.42694230468784
270,46.110573730599974,-63.83507873721016,9.319785125279823,45.7560189478324,-63.98254658487443,9.544056911667807,2.19337219882219,-3.691217609039734,14.591384906625047,2.452996580686208,-4.364868288189021,15.492427711123362
271,45.84943382938226,-64.08758109713682,9.379081668758793,45.498781696847374,-64.22635386325155,9.59301635356482,2.1254249913094165,-4.414443208705629,14.624710881392708,2.3572394822831617,-4.8891537115017325,15.5536751500396
272,45.571904408609846,-64.25353195693128,9.434754343298865,45.22638079832922,-64.38787885117378,9.637847950170558,1.9568012175398768,-4.978114474529105,14.619100334136377,2.1640606230390853,-5.292348545404401,15.608057211599402
273,45.29563934664155,-64.32856932408554,9.48491487284084,44.95138378983398,-64.4630746972974,9.68064191241812,1.587518491020032,-5.540541650083159,14.623974602519427,1.9957242421834274,-5.540901133928392,15.63758644445534
274,45.06032724015252,-64.32268925749784,9.520469966661953,44.70333336039559,-64.46065408307948,9.709814892357018,1.2176891218985688,-5.815465499444103,14.670416338514757,1.7956648173742877,-5.696166702068835,15.657215957465581
275,44.88359492372706,-64.26712560035016,9.545207193127485,44.496113985763984,-64.4038867480464,9.731419813553241,1.0470590170494556,-5.967318170757011,14.706008867615562,1.5997747054901132,-5.7707026179968075,15.671623421520547
276,44.76071382778577,-64.18718156498481,9.56179145883736,44.33819546125374,-64.31395887035906,9.750139633130413,0.9975652214796918,-6.01707247512424,14.72093932336537,1.431666943489488,-5.784720366668996,15.684340519882854
277,44.67729776342215,-64.09797601455996,9.569979819475956,44.220796916567856,-64.20894163687144,9.766232437181515,0.981807030407892,-5.961157749583688,14.71257180541766,1.2943888056791224,-5.760180261871289,15.694033407366689
278,44.61472047928165,-64.00987080925826,9.574283202577666,44.11911364843324,-64.10304901802624,9.778763771697129,0.9820994782973071,-5.909645850236046,14.701905129123453,1.1733287161712664,-5.717720194806673,15.700625438847164
279,44.54419555545552,-63.92491576322201,9.582264269494312,43.99772806429947,-64.0020332182794,9.794116822678665,0.9757093801874108,-5.859535148338434,14.69247056862897,1.0419627827111226,-5.6686693334446066,15.705567847026082
280,44.45105879104414,-63.84603897123597,9.588450069719288,43.8481851084062,-63.909613517051426,9.810881247748792,0.8909089090759774,-5.646514175666741,14.694615904006099,0.893823553395258,-5.428705251706823,15.71434002952481
281,44.33011356457343,-63.76283309170241,9.5961470289669,43.67524906903942,-63.81282672825029,9.825357321349216,0.7886604035681953,-5.431106084065428,14.695102177479983,0.7350856104538039,-5.218919044799236,15.72013711792187
282,44.18902531274495,-63.65572101923181,9.607141500354098,43.4973550987393,-63.68979421250026,9.841283128954458,0.6854063383947665,-5.19687170099644,14.696659802855926,0.588955689254075,-5.011083300270288,15.727509023222142
283,44.03020986577018,-63.50931416164396,9.621813867685391,43.322778675271714,-63.52803885241245,9.85904121680576,0.5174056468734868,-5.054984877787576,14.704922206471533,0.3600184018582723,-4.961083145971729,15.741573223814598
284,43.85232525988534,-63.31889499530341,9.633385007814478,43.1491690760488,-63.33084633338156,9.868227311770708,0.2945267033112656,-4.935462640088143,14.715832277133861,0.08406172584432342,-4.942161850504733,15.753846369302199
285,43.65192788554119,-63.09428649945097,9.639393334857475,42.96537233906669,-63.11090607677896,9.86799284544802,0.009649262076233567,-4.882943603302963,14.706316344510398,-0.23826910065700263,-5.00545117138268,15.7350764643257
286,43.42701983597907,-62.85935119583722,9.631870819865696,42.758194479511914,-62.886871734433065,9.856540249753651,-0.27130787102529424,-4.87374238298861,14.701569989464458,-0.5137614115088236,-5.084686137878444,15.728952717937094
287,43.17132591546829,-62.63489050044876,9.615059013776783,42.52209732331505,-62.677630488190665,9.838769902694802,-0.6071771016942107,-5.116179134280412,14.700431054587584,-0.7961987774663233,-5.270552892942816,15.729222928687022
288,42.88413701435889,-62.441005921960816,9.593830644692606,42.25721140299615,-62.49826674407345,9.818481915213601,-0.7873774253494557,-5.436097591804761,14.710246951842375,-0.8698810773762834,-5.471932786057782,15.744345819853752
289,42.56741441759103,-62.27463231022756,9.564797739661957,41.96807560253296,-62.342090789717965,9.795026074484385,-1.0791277039633187,-5.811668637929769,14.736300870865463,-1.155161076662257,-5.665502654629631,15.781759292321786
290,42.23255312797888,-62.12353251501869,9.529212158630827,41.66064949679956,-62.19586593612895,9.770155420644686,-1.235303617594808,-6.242485057172178,14.770846693735685,-1.3085415115920016,-6.0505036675684885,15.828195520640298
291,41.894491254124716,-61.96800402700575,9.493230353345266,41.344604793775545,-62.043375685874736,9.743267761661466,-1.468107051080506,-6.581672723079889,14.809744923099144,-1.6125186536620464,-6.307914727958849,15.874560626046314
292,41.5665413434756,-61.79336599175863,9.460044136071057,41.02996579239791,-61.87377964751707,9.719076876461184,-1.6050887701372782,-6.896395058551551,14.866080661987395,-1.7685189909324577,-6.606882133751833,15.911199151602505
293,41.25035746138634,-61.59437171722397,9.430030263242857,40.71894531004699,-61.682192851584276,9.696716798627726,-1.727091778483804,-7.160760764675707,14.922176994366701,-1.8735275310173671,-6.804762742118734,15.952185423899095
294,40.9382733931045,-61.376230485034014,9.404348426527006,40.40981486591097,-61.473651172029086,9.677097398211515,-1.894717455223605,-7.366056267468158,14.975653407978228,-2.062025910182343,-6.99465247087755,15.987061123746189
295,40.623019587886326,-61.14311040618472,9.382325856714258,40.09889637083037,-61.251910537178055,9.65937241804554,-2.1815093499576452,-7.439269753240178,15.027364927138878,-2.2459180696956706,-6.987056437396749,16.025536880015693
296,40.29802761296238,-60.91164485441993,9.367016010193792,39.77999305597339,-61.03032260117156,9.647772327827496,-2.2442628056505134,-7.6208494128893935,15.061565874956871,-2.327607660862511,-7.131917974209872,16.055480910037947
297,39.95664362735394,-60.69252193708453,9.3591162833438,39.446829878200774,-60.81790318361301,9.641415934132269,-2.219748520911772,-7.5337722691178515,15.0868868712381,-2.2377100800404017,-7.091645834379443,16.081713315350765
298,39.60362670221253,-60.4910648578679,9.358880971998405,39.10259454435692,-60.619958093749254,9.639164141329337,-2.087313779731328,-7.49487574210541,15.097579461190694,-2.189902872500228,-7.060341155165293,16.089185687498215
299,39.2408513819394,-60.30356192155303,9.362779575188002,38.750169809165676,-60.435902790672294,9.640434546988756,-1.9952304370008223,-7.528358601386535,15.118205525544894,-2.110734469462063,-7.2453885216566425,16.110910025526817
300,38.86982087623642,-60.119996853717105,9.371985813413398,38.387795735466575,-60.25302491895235,9.645513488891424,-1.723661432531151,-7.47160225879216,15.132127109094663,-1.7634469240958481,-7.232755367446112,16.131764639601656
301,38.49732508146599,-59.93014566903211,9.38527557749567,38.0220208338108,-60.065665192878946,9.652965088402997,-1.510636033891644,-7.35640621143143,15.130978745464336,-1.6591994048315,-7.187496014099577,16.130199709055972
302,38.129647231809265,-59.72568945410583,9.398005609815629,37.65872884587447,-59.865332188871655,9.65778591859191,-1.4273461544308923,-7.3276349268561445,15.140163470919335,-1.8098634739695565,-7.115000391457851,16.150482129842985
303,37.76157404257659,-59.513336385924426,9.40883126114001,37.29147506227306,-59.657344912161605,9.661563122521704,-1.4129995920700316,-7.332560078655255,15.143586023775763,-1.946980574057662,-7.241823006552308,16.159730138959375
304,37.393070848046754,-59.29946354978129,9.41996428338305,36.92544847682829,-59.44709335318673,9.666758755253404,-1.1159358099730199,-7.404526600418803,15.158677486647258,-1.5176338329248078,-7.271894114108945,16.185550373890834
305,37.021375597164244,-59.08542821486484,9.426654044937372,36.55774719481691,-59.236949605575106,9.66893479820687,-0.6378412462906603,-7.23789655023106,15.156836464311016,-0.9429974771741725,-6.965715326681439,16.168701291482723
306,36.64296353551193,-58.87514147045905,9.43144206188067,36.18563280163044,-59.0321099465324,9.670676999414026,-0.18049346533385857,-6.963024495821225,15.134042013095506,-0.4790459835306023,-6.784820803758298,16.14124880237341
307,36.26363433155238,-58.67081847199166,9.429955521728461,35.813095304400385,-58.82907955108961,9.668049856394308,0.028328276081684478,-6.847700056655144,15.141675640868462,-0.16589165025432723,-6.721967255532802,16.167973519037275
308,35.88490231893203,-58.47246853758604,9.426020343401627,35.44157906408383,-58.63036336853664,9.664830348572934,0.3554846971074318,-6.75240258138135,15.152090535207911,0.07990822687800672,-6.656194459650401,16.173209570228806
309,35.502651232753585,-58.27651410653194,9.424546059192133,35.065794317145816,-58.433621685084205,9.665733719005779,0.8276102440193795,-6.700757172313906,15.130452249644343,0.2449693600370002,-6.626334267541663,16.156050298312582
310,35.12779134333703,-58.07744406186302,9.424035323917389,34.69363974438303,-58.23304832716172,9.667164344957266,1.3405221405238124,-6.3454538261128866,15.10020999036111,0.41536299680419797,-6.362010550868447,16.12337488039515
311,34.758918484816135,-57.87629885872112,9.424834793331648,34.32745776461188,-58.03138097095195,9.669614939257555,1.2223851335352252,-6.0494971808173075,15.088821033202008,0.20797790350698603,-6.148889392594528,16.142293600115526
312,34.39191222785757,-57.67140558149199,9.425004811736535,33.96089907706911,-57.82523445146656,9.670596437537837,0.9024695386078377,-5.964699015329277,15.139489924130459,-0.013943828177154755,-5.940432228881593,16.205872633077988
313,34.02199084278714,-57.465718169707934,9.427207917365466,33.58818824432876,-57.617824629318434,9.673636798876535,1.765242295612498,-7.884881313282805,15.286513689786924,1.471400466044827,-8.648558158034675,16.37671406260152
314,33.65051466250014,-57.26745521679267,9.430596355249001,33.214702218093954,-57.41895894483828,9.677751116867986,2.5887935172027814,-9.681088788665765,15.396213994363784,2.5396882463622443,-10.7276860852804,16.508993057302366
315,33.27191269836964,-57.07736729682551,9.4334562187429,32.835884790487974,-57.22844784373469,9.680320767929338,3.4916286314278704,-11.395096799410378,15.503079961401362,3.4773747265478434,-12.272749975569392,16.593669724534767
316,32.89065710949048,-56.89272979700055,9.43319316750946,32.45210965319096,-57.04527006619951,9.67747862664214,4.412071491042339,-13.039950305058639,15.615840370640415,4.19984145113923,-13.442013226677547,16.648698544262906
317,32.508122246119925,-56.702635740800865,9.431593533994546,32.06830943275805,-56.85732096918311,9.672531468470487,5.129528868547193,-14.74483805441037,15.724723040607119,4.542648807579628,-14.212016344650285,16.673155722338407
318,32.129996466756516,-56.5058629735704,9.425957604326928,31.69290890467255,-56.66415998693312,9.66463384455316,5.899404019069597,-16.52221871039136,15.79850440547081,4.582389337224971,-14.92026092409175,16.696381989708016
319,31.7560521564685,-56.30419654512832,9.412441480284247,31.321437247549394,-56.4652516501795,9.64973440278414,6.748355913550961,-18.27710801057251,15.86335352827374,4.703346636799688,-15.403222332629138,16.738519013566673
320,31.385026623354875,-56.10149370383258,9.394352918098862,30.948513834342624,-56.262425888216264,9.632493855653046,6.485672966540749,-17.936805589531804,15.87137327092157,4.924370911551761,-15.715051340170607,16.815580519313972
321,31.008763570733997,-55.89610756884446,9.375254703100449,30.57098721549904,-56.056506129883395,9.617326085893124,6.2787052370377205,-17.73127628466419,15.874816871949413,5.020241479117098,-16.088951918937944,16.862624298975796
322,30.627672465451695,-55.69179993435125,9.357183947028293,30.18960039660172,-55.84956425323365,9.608088267119633,5.970120740692093,-17.639391406388647,15.89578110490073,5.002049177449606,-16.45933800717854,16.903833559081296
323,30.244994854362048,-55.4910429555732,9.346589634745493,29.807600064679033,-55.646433674612226,9.606580452097672,5.655989930348902,-17.630445548309336,15.935882832594578,4.9341260235960265,-16.804266777470758,16.953029781052308
324,29.86227516021224,-55.290845248953666,9.34543072806901,29.424029958828466,-55.44378225700814,9.613725316095971,5.469927299604288,-17.657763800515383,16.021170200888562,4.846535687149623,-16.94971692214975,17.037853174764972
325,29.478220138425037,-55.09018901287964,9.351967793249491,29.04507975566657,-55.242652620548014,9.62502712591225,5.459835105682353,-17.55109312137856,16.118578107046723,4.801708451063191,-16.96310810075635,17.127785288296742
326,29.09499208530145,-54.89241682504344,9.364002176696243,28.669388887900176,-55.04547997704069,9.636941865770037,5.430221063732224,-17.63597501311951,16.192855136002457,4.8378784798554975,-17.155306729187625,17.18941893097194
327,28.71300644487826,-54.698946262610455,9.381200043273555,28.29084787412191,-54.8542023191651,9.647254976983163,5.1405869574726335,-17.78722693145534,16.243892725466978,4.626812001161272,-17.31895604549121,17.249051725305257
328,28.333869306125035,-54.50635672291464,9.408182200408822,27.91129379132054,-54.663976355586094,9.663167331803926,4.859935619538723,-17.817075293148473,16.306456244159925,4.397858305012103,-17.407858883776697,17.299094810017788
329,27.9564763942828,-54.31092229269732,9.431041895239003,27.531664712855065,-54.472114323177884,9.675882322910631,4.715213520055132,-17.78360071163366,16.376491768421314,4.312964327793939,-17.46665678374848,17.35220446439559
330,27.58244446055642,-54.11385792296341,9.44374166893264,27.152088627900124,-54.277781205340695,9.678160703173328,4.412678533776654,-17.627751744669716,16.40707652984165,3.9661648838539083,-17.393790535177555,17.355368434508406
331,27.209330400327943,-53.913804582650144,9.451285802354725,26.771790135228095,-54.0795609365579,9.677935268600471,3.9780180929028908,-17.4607093271359,16.396281180248142,3.466765150781176,-17.191918478249605,17.34279859286705
332,26.839343046433882,-53.70663641175873,9.447002019146229,26.399555191346273,-53.87291268303881,9.668428311929148,3.6126796815332973,-17.474365707441137,16.362569147543205,3.1901957399683454,-17.186428174706236,17.323360183222082
333,26.46764033163642,-53.49997121273654,9.433116068768399,26.03032173271673,-53.66623388850449,9.653081376894846,3.335269180984233,-17.297404372755032,16.369872145123,3.1532488160176757,-17.10327415488301,17.35414264997744
334,26.093823248505284,-53.29233075737487,9.410596333547552,25.656444166154802,-53.45630307451466,9.630581070029255,3.179765875518049,-17.015248719170707,16.38391295552426,3.051041023877529,-16.883513735500518,17.40220553168319
335,25.713449976012956,-53.087065136126306,9.378440249951296,25.27802596074946,-53.24726230581486,9.605267948888503,3.0366941176029245,-16.837249643050242,16.40671163394661,2.932922882150427,-16.805699643684875,17.45493525803274
336,25.32813528091296,-52.89017669312092,9.346875070663781,24.89604587996987,-53.04712000596907,9.589227463008841,2.5004538974760098,-16.627637552056477,16.435091429062073,2.3930510668574647,-16.686943052869616,17.516848183606932
337,24.94221002145215,-52.70106544905789,9.322413489407536,24.51022586496181,-52.85413219213665,9.579536470411918,2.214620599758447,-16.581291615585652,16.49882697978523,2.0339508509677624,-16.696926464211188,17.58060334547382
338,24.554701183893627,-52.51353895978026,9.308523794631736,24.122928800973504,-52.66458220798609,9.578265035302444,2.016970444890883,-16.616671495536504,16.5745036880784,1.6448744984447188,-16.687045089988555,17.625558570890842
339,24.167115056073115,-52.32736058521604,9.306922753244042,23.73807532213529,-52.478979314995414,9.584193395933998,1.5373866598461792,-16.58225363805982,16.65465567062667,1.06819447581193,-16.740034279499106,17.661178854826737
340,23.777737228168764,-52.13431862531986,9.314874538331079,23.350863147971772,-52.29002228879557,9.595350588271218,0.9202785700300244,-16.56248562152174,16.709280604949903,0.5917096507730678,-16.715103934843484,17.701106318502138
341,23.394545768865207,-51.93254727539638,9.332422985138164,22.966170706095582,-52.09157925326583,9.609030366430236,0.4977395280880316,-16.736052281976878,16.740616028097598,0.40214981247357495,-16.827024057056583,17.722878312985276
342,23.015542447383247,-51.719777750355156,9.360284159925914,22.585086886080912,-51.880459517812746,9.62647754527983,0.012433057899782884,-16.719791178764794,16.754434656587293,0.13420613092913403,-16.760643963806768,17.73141030911895
343,22.636415078745575,-51.50577691241506,9.390194720511941,22.204710900410355,-51.6665838487629,9.646140154694205,-0.2535118010438253,-16.724946476403762,16.7737100225765,-0.21553853651708144,-16.66931434268692,17.763234002732602
344,22.254497454705362,-51.302212700093605,9.419533778867116,21.82186056394912,-51.46226817905214,9.665635261394499,-0.45827676494685565,-16.642450430698325,16.78735576790282,-0.34064569214927487,-16.568562332738672,17.79653662741889
345,21.861615865551485,-51.10720706079763,9.43740313036259,21.42991063270758,-51.26707316166759,9.671128821707542,-0.5059568814860522,-16.640423651918177,16.811812703364325,-0.318823930711461,-16.573562297747326,17.832006458538963
346,21.46659261252702,-50.91918893266087,9.441456196583164,21.03890367966824,-51.08118197060848,9.663540058464015,-0.3950577172321234,-16.60515608572379,16.853501396797355,-0.34543827768377167,-16.5900018686262,17.886195897149317
347,21.074344252215038,-50.72933167466248,9.43128008555352,20.648222425703306,-50.89309758477151,9.645602106657446,-0.20184971211679018,-16.600659316841128,16.935893824785282,-0.2659780214607264,-16.58116564656369,17.99741109912249
348,20.68347109150983,-50.53257043162433,9.415206673093273,20.258424181950595,-50.69808264734739,9.626669451649356,0.018754929572334877,-16.793692629330298,17.078024022036672,0.0261259599446933,-16.986537742524273,18.157292113106774
349,20.2939480980872,-50.33248703030519,9.38935746921622,19.86774329863074,-50.49750552971661,9.603903424324505,0.12299490938532516,-16.8601556632881,17.205114681188295,-0.02027675390571148,-16.982231104114266,18.25868486705998
350,19.900800733500553,-50.127633006010505,9.349147241964307,19.472440063522757,-50.2893604742917,9.573975502196062,0.28966760257739127,-16.78827945805347,17.347397640747403,-0.10484834747160371,-16.749605075672417,18.387323437825522
351,19.50045283371497,-49.923781721632324,9.310152762746405,19.069510311707344,-50.08129172708379,9.557149967019308,0.3481829043789487,-16.639674397355513,17.507177266729276,-0.16884379768416732,-16.425151833089497,18.52012771028197
352,19.094130040516564,-49.72582813229991,9.283279558699943,18.663483162627365,-49.881433650460075,9.549662560806182,0.410408758991879,-16.58375233634771,17.70301499760652,-0.09165245775594211,-16.381992053299673,18.684627001011638
353,18.683283799446,-49.540277002894754,9.270763147257131,18.258117513418473,-49.69607786346386,9.55002585877762,0.4349546252588237,-16.55596104005335,17.882273174687494,-0.12466962898221587,-16.400590736255158,18.818975472147088
354,18.269543399610725,-49.364527211009,9.27141887607987,17.850577032761844,-49.52085672597271,9.557187713177397,0.26068610023805056,-16.507441554950272,18.024023183797865,-0.328334773955716,-16.36002896917777,18.942838075653206
355,17.85576811950488,-49.18937084014274,9.285010226205209,17.44514265232316,-49.34957304660199,9.573320604214423,-0.16649307765524352,-16.13926672478764,18.117405778723636,-0.5876372708457551,-16.269171276040886,19.04666510092002
356,17.450895492360843,-49.00582802640877,9.313381205332488,17.046612631309724,-49.17050158996483,9.59556540027389,-0.2550530386159509,-15.898872018381942,18.237653750938406,-0.6283044202287971,-16.07312183781574,19.137989383721347
357,17.058713492235473,-48.81160228285739,9.354867899818947,16.655836097046198,-48.97808559471401,9.620875452536499,-0.3637434330861997,-15.75970471595149,18.314118715878468,-0.7531383803047491,-15.834450335657563,19.195722915440815
358,16.67885824412386,-48.60547335095865,9.383098017338504,16.2696855245626,-48.771398338659765,9.632427279869221,-0.3192627356416761,-15.560162070031858,18.37724489813884,-0.6329604247202757,-15.422099621527376,19.255431455003468
359,16.303899162002434,-48.39442187576284,9.399824284858411,15.889321062138743,-48.560272377626355,9.633211774538651,-0.47653715983194966,-15.197358258232724,18.39866015652483,-0.6929437036815091,-15.086483991556854,19.302258156367266
360,15.927022541838342,-48.190220661426714,9.407765528443127,15.508772912558745,-48.35820311249238,9.62872907184114,-0.6794062095525507,-14.634290493508697,18.421106829176516,-0.8989434402447937,-14.585198451397055,19.342441132111205
361,15.54787878953207,-47.99096005447839,9.40582076708303,15.125876798605303,-48.15981636317409,9.619147989979862,-0.6096142174484809,-14.36313153070062,18.481566183781304,-0.8525087255545029,-14.519910877638518,19.44785890304589
362,15.165665096956488,-47.79066099644173,9.393674012891237,14.739960285545557,-47.959913673353896,9.606011472471371,-0.46766004908201375,-14.225100292721953,18.581857930153582,-0.8058536197700064,-14.584769387457358,19.592757231782617
363,14.78169636420857,-47.585218204324434,9.370062663950593,14.354950260204744,-47.752823900588695,9.588835646264748,-0.46267869994520344,-14.166943890431398,18.719889973166257,-0.7879126926053006,-14.643867951945076,19.768229215444386
364,14.399227449691235,-47.37076384510031,9.333244543498163,13.971810706289768,-47.53365228931749,9.565688135647521,-0.25333527586102905,-14.200235879256306,18.913696000995778,-0.5798988398765204,-14.729310314977019,19.971521361746433
365,14.017956080206634,-47.154117387842234,9.29690817624255,13.588773242444294,-47.31148848401241,9.540926643175576,-0.1799422308965103,-14.334145075170763,19.13823298327574,-0.3797931605496154,-14.732073258441828,20.192284732627954
366,13.631880304406389,-46.9426062585813,9.26462151392772,13.204673541088372,-47.09492795629639,9.517059313191902,0.005286215595277172,-14.461162171842574,19.363264092439437,-0.22860846677876526,-14.71383040344228,20.367739836443377
367,13.241786812876633,-46.73368735870485,9.239659269149293,12.819521976917347,-46.88440830180254,9.500711532948737,0.2905256862068043,-14.660077167459116,19.588985150811265,-0.12574503214032695,-14.569348197928761,20.507784572560507
368,12.847194151547349,-46.530989029781566,9.223684293789493,12.429151185752081,-46.68255643406776,9.494036185142564,0.4593493522189481,-14.766150105539484,19.75959410995987,0.0011568739714750698,-14.662846802506944,20.61881777846086
369,12.449283897641529,-46.32780429454555,9.213542632573585,12.03232081688461,-46.481223266271535,9.490404664877119,0.21158963772677336,-14.812933504871513,19.878974915499903,-0.46975835636078134,-14.772464808931108,20.69667819275071
370,12.053578908952389,-46.12386802251549,9.215782968070172,11.638358012954539,-46.28040565312439,9.497323465431716,0.20429586434595084,-15.105980660750735,19.97997216992646,-0.528680275633978,-15.211379316214257,20.792424486976426
371,11.659317601642282,-45.915864750192235,9.227919524781372,11.241910511359373,-46.07481203181298,9.509746185545154,0.10498916432962167,-15.330227828839377,20.041573588445257,-0.5056668613546177,-15.492959778992432,20.876694556378695
372,11.272541296258078,-45.69925876084996,9.247055774253246,10.852395574089325,-45.860802529992775,9.5228080468367,0.08272048991821798,-15.66148194834512,20.05685739158373,-0.3455449351986273,-15.80479362246899,20.93786010765918
373,10.888902456551365,-45.47406838669033,9.276543924590388,10.468044755761925,-45.63738160349851,9.541326964703696,0.001440378748156057,-15.939589763799175,20.077999806420365,-0.3050647422395144,-15.966257107517771,20.996214640881817
374,10.502304797261287,-45.247660914123436,9.308052878435344,10.082783194496026,-45.41176823702721,9.563063790977242,-0.016497766468745165,-16.33789153119558,20.11095415332014,-0.19422145114993955,-16.136902812526884,21.05923375795536
375,10.112861885240665,-45.02584711390044,9.332754471634095,9.69575118703341,-45.19076960427041,9.577484249949023,-0.08328444131326962,-16.551565767284508,20.150151534789515,-0.1414081669611073,-16.227556543639412,21.11541036980851
376,9.722082868610848,-44.81252190395812,9.352629391255222,9.306469619498905,-44.97637548311629,9.584310192625242,0.26452596826498515,-16.648655999645932,20.196825496983983,-0.09503314458058887,-16.14431989438348,21.164685605754816
377,9.32789012724311,-44.60819338545728,9.359267937591392,8.915100319380233,-44.77101468527377,9.581423771075052,0.32395902488757355,-16.54029611195894,20.257282640479726,-0.1568834281036653,-16.16033603743135,21.2506166671595
378,8.931873954226306,-44.41178542920494,9.35635990815758,8.519535760821812,-44.57433570042376,9.574072590015103,0.31926500072509206,-16.427670325621566,20.335325164336123,-0.21920234273433242,-16.098246249116183,21.351016293522438
379,8.533665557355802,-44.214927303776356,9.351438247250012,8.121122035274142,-44.37640275184109,9.568815248408749,0.20829146415960467,-16.294854506946628,20.439123667698006,-0.266045929177885,-16.100444009634842,21.460396446756175
380,8.138820999246656,-44.01536623024493,9.3415271650668,7.728035391559008,-44.174870844464195,9.565650156158325,0.19665886699724855,-16.185004260732804,20.56630545169733,-0.2524831398773872,-16.049301937589313,21.592060054727032
381,7.750132029289688,-43.8084480510414,9.326484474958106,7.3393825621228315,-43.966404585182396,9.564738800863138,0.17846639672078782,-16.170267904859255,20.716483530762254,-0.17006637028985166,-16.178762945801804,21.745559134136435
382,7.3612943581849475,-43.59834952639896,9.318648568593067,6.948231802875389,-43.75637975609913,9.569612909045244,0.04027026714877138,-16.25362352923877,20.883922919218016,-0.31193267171528305,-16.37646764607319,21.898908145957606
383,6.9727328775728,-43.38974703774332,9.318980456891657,6.557567039339544,-43.548452826500814,9.578308426572745,-0.25356775705955314,-16.274440379678435,21.062502750632518,-0.6447702856069194,-16.292762702451228,22.041363645840445
384,6.58333464569308,-43.18293566047736,9.32677070896599,6.168405629745823,-43.3442566616927,9.587889247674322,-0.3480246245244884,-16.19502674889535,21.240883607895565,-0.7287853486310749,-16.168796651876455,22.20142512759623
385,6.191781105145189,-42.97606648607675,9.341720860909197,5.775921649136522,-43.14089702794346,9.600492754679186,-0.4738620613797783,-16.26271751274698,21.39018484592039,-0.8522255606984872,-16.198457361105362,22.319961931454262
386,5.805796934900397,-42.7712495815262,9.361239093884514,5.387350977054324,-42.937409143695206,9.615592095520736,-0.38196473527800295,-16.172233996000926,21.572609100326908,-0.644288345482019,-16.05267015634881,22.491051114079692
387,5.418715408983993,-42.56405969857459,9.38522674158208,5.00126844920745,-42.730082028065354,9.63362281675145,-0.28095158265458603,-16.180641154883734,21.768794788625005,-0.4139389740998971,-16.02317880467934,22.690898009289587
388,5.032443169582247,-42.36340453331639,9.410903082343255,4.618252168366644,-42.52858968622922,9.65321567908721,-0.21517129460732554,-16.06614955456072,21.97314214903526,-0.2074413425762922,-15.996411449564631,22.911025561214856
389,4.649525495418919,-42.167568599489144,9.435707643509712,4.235706910143539,-42.3311107642559,9.673360431744516,-0.03724323389079695,-15.826484251707528,22.15726708320154,-0.08882594758691853,-15.896479615717439,23.089128772644635
390,4.266605503268206,-41.9743932851807,9.455376683711892,3.8520709149719696,-42.13772881737884,9.687418267087805,0.3560005625369915,-15.811825169510906,22.324019881337424,0.08073081065715232,-15.895845528831499,23.228246923793563
391,3.8893402532528007,-41.78483977999617,9.469539208788344,3.4748507943958957,-41.950947335853364,9.695666452356607,0.7242162898943616,-15.871285746361602,22.482810954609775,0.36588669214554037,-15.938168445316128,23.37508713692376
392,3.510861939492745,-41.59492435716474,9.479779778065208,3.091795939169649,-41.7611822228211,9.701675661924554,0.9130791882030697,-15.946140159375824,22.629245055830733,0.2887529181493658,-16.119997225967133,23.464623540051825
393,3.1316065258392403,-41.39874205118196,9.48811164282529,2.7052520008604914,-41.56306477024677,9.70896938267137,0.8328758489023618,-16.072572111012473,22.731286497311217,0.1580645247011208,-16.16479749142628,23.54956108381589
394,2.7553805122741064,-41.19982472788663,9.489621291691323,2.3246377195029178,-41.36031569389109,9.711711182016534,0.7563963479886919,-16.327052339271084,22.76925666138332,0.122372630375837,-16.467784528002053,23.59022345515452
395,2.376595662661507,-41.00021635283212,9.48320406892578,1.9442876579376343,-41.1566796770049,9.7091300555252,0.7448506101558037,-16.444362575863558,22.74824984103301,0.20669460103811585,-16.517054553497665,23.601476402769244
396,1.9882557352992336,-40.80337839645811,9.471191373353175,1.555161451977431,-40.95451635317139,9.703804773930496,0.8270878108471317,-16.545286192931027,22.72251422445522,0.35843471006322436,-16.453319520105502,23.605584499379095
397,1.592570870382744,-40.61131667141362,9.465705677300916,1.160165873995826,-40.75903029289735,9.703774971249704,0.6833560103079174,-16.411305843102014,22.67883611058503,0.2333255373648244,-16.153192168836014,23.579838083379265
398,1.2042018843780027,-40.41991273370096,9.466505401847188,0.7812874710335151,-40.5707350348767,9.708963709310188,0.7192697439157403,-16.771867650085404,22.606171554508702,0.534510889485965,-16.645969376578854,23.553617185781274
399,0.8479814218029327,-40.21458473344271,9.470677970044093,0.4373673330730108,-40.37351908565768,9.718286326600838,0.9252744123888861,-17.020886048609597,22.5574107025116,0.7091647454207423,-17.02951387896452,23.539031679194704
400,0.5519133650615293,-39.97907563893338,9.48218049343483,0.1492093497790597,-40.147599808981475,9.735268089895577,1.1011226422319194,-17.35229516412814,22.500928878453905,0.7659376665896074,-17.321839318580793,23.53187997518027
401,0.33572862776688867,-39.70555008297083,9.50339073040488,-0.058818784199588026,-39.88556823822454,9.75767862316169,1.2080223933348706,-17.494826195496064,22.464025089929937,0.7359569440925006,-17.52853611398987,23.526990137362088
402,0.21739191538785602,-39.41784684727561,9.525733677949159,-0.17248472200903361,-39.60622984149673,9.776884634218998,1.0896950250941866,-17.78045297666078,22.443583217025736,0.6164660483497206,-17.76246780701811,23.52491274390123
403,0.1916570945293842,-39.152538906737256,9.548495107851439,-0.19819426330780465,-39.337651948086936,9.794548597730724,0.7234975215208044,-18.177809387145683,22.440206767419223,0.3585088246295187,-18.136325640655837,23.541522651608663
404,0.15340985076040348,-39.36845888571996,9.56145468057151,-0.2381454926166377,-39.57410944594508,9.800126460466476,1.2614529980364102,-17.654775010146835,22.46612057151061,0.6188427292204222,-17.908333735816313,23.56606386652191
405,0.22584579293529478,-39.20442066146211,9.567787947273153,-0.15845170116299062,-39.38147377677831,9.799139016922718,1.10330251143283,-17.670217353813985,22.495827262963655,0.39570260378134936,-18.03741817210597,23.580414958349454
406,0.31935172452847976,-39.08280366460209,9.568555219206713,-0.054653109199490166,-39.229723952480576,9.796302345403825,0.938649224625411,-17.68822659792785,22.516703367690262,0.21690697184796806,-18.102244465551962,23.58504462496242
407,0.42301323037336197,-39.00119371761311,9.56243314932637,0.06307877114320971,-39.113183922623946,9.791506939189363,0.7634095318828739,-17.70154113287085,22.528267929613424,0.07987531447519519,-18.122251273976218,23.58336791636481
408,0.524328689773728,-38.93574494849629,9.549749906310291,0.1825948058210316,-39.008267870881625,9.781843429356142,0.5761685383761384,-17.712304581220188,22.53366775424484,-0.02132079797773806,-18.117647533473782,23.576780584742032
409,0.6218177647736823,-38.85597227875965,9.53278778313836,0.2995759060379698,-38.88251851103531,9.767824737352266,0.47259229027243016,-17.702012905306884,22.532854100807153,-0.08124544632742385,-18.073092898387973,23.565450034453967
410,0.7173046429946633,-38.74883603096189,9.5100704350647,0.4136669108618102,-38.72690151213304,9.753399876197353,0.24549218582507817,-17.308671543572437,22.511561022576647,-0.5402318076539173,-17.568172522184213,23.54623315483568
411,0.8216643513230592,-38.61146293031202,9.492694880973719,0.5375867623263467,-38.54788078635978,9.744843128267622,0.28114864812288487,-16.964668883002354,22.488165412037727,-0.5252059545023954,-17.224167635199105,23.533117344825644
412,0.9526623845574433,-38.44602266982736,9.479346055930803,0.6899625621609908,-38.35706163020534,9.73847094589954,0.37950222754769153,-16.68948839236391,22.466254526225423,-0.4211741271820182,-17.037028614248765,23.51844071944406
413,1.1172975957327929,-38.25472608047379,9.467405970122583,0.8712965018967019,-38.15996651419683,9.731335804340315,0.44506082103777256,-16.483066782428644,22.449956666164493,-0.38533460731340685,-16.977812236202244,23.51205360250501
414,1.3139744713776,-38.03902583351016,9.456671972705696,1.0741438776851322,-37.95769187224448,9.72442412348419,0.6706177196212901,-16.22014040497548,22.430658817096475,-0.1305944781971305,-16.842298461826132,23.500902302448164
415,1.536104690304474,-37.79256221427825,9.449974142197261,1.2922041030634843,-37.73495022651833,9.719588527702012,0.7251663266586037,-15.951677577785448,22.418175424985897,-0.15649809397923065,-16.7169749856258,23.495972861655634
416,1.7692461740868821,-37.51951326811474,9.449398686212504,1.5160447415557918,-37.48690494680918,9.718311226488122,0.6247766157713415,-15.56559728438776,22.41720289621756,-0.35707541067332416,-16.417577601260053,23.500130889405572
417,2.0025322338576452,-37.22323740440694,9.453245143818494,1.7365956152517588,-37.215007079890746,9.719150218315546,0.8341934496865193,-15.531604262410802,22.46355123999036,-0.413154719065177,-16.1518602975045,23.56816450665621
418,2.2267780775787314,-36.908290363909735,9.45536951906285,1.944954070514691,-36.926650496544745,9.719315868776945,0.7218500682501933,-15.379889224549308,22.561975600916863,-0.5489438947655199,-15.881073235593181,23.685230772159628
419,2.437915877615104,-36.57641193619521,9.457510032721418,2.144287091170861,-36.620687786882435,9.719649724351937,0.6831175773171245,-15.285815029402093,22.64890424341478,-0.4740722800143034,-15.822769046379928,23.759577370595572
420,2.6485037966761102,-36.23641532357228,9.462055496860382,2.3445682841248936,-36.30625695680133,9.722024268543496,0.6623169669982977,-14.987867696590094,22.752682547962756,-0.430962154742972,-15.581334960667355,23.849768531121615
421,2.8666440995666638,-35.892090819722945,9.469061419298674,2.5517452135570973,-35.98503676463409,9.726747000681874,0.36125814276306395,-14.438781035247699,22.867298706758064,-0.5916630817428543,-14.90022587673879,23.929269474220945
422,3.0912350183568558,-35.55327820104823,9.477000032385297,2.7643236516036622,-35.66210497516521,9.732458032448998,0.027731156151762304,-13.79670203307113,22.934019008331877,-0.9968486821649081,-14.259975208465434,23.933972503463217
423,3.3209840642138624,-35.21935574897076,9.484305815929087,2.9830372819459274,-35.3363396759826,9.737911848385231,-0.010208387779544123,-13.297215870019706,22.96186488690093,-1.118976504159424,-13.780917915875364,23.89158768208535
424,3.551960557181465,-34.886363083030915,9.492477686698484,3.204955701513157,-35.00750174041792,9.744625088364577,-0.1428095859350284,-12.939461150077285,22.92242841187353,-1.238796321161996,-13.54850864478823,23.825946828532658
425,3.7823992265604147,-34.545816380835,9.501000158673953,3.4276112986509526,-34.67486816007682,9.75170689930891,-0.11642999662371886,-12.526971034492348,22.806617767690792,-1.1883772031324338,-13.226625591786057,23.729203255726585
426,4.006372645107887,-34.195995275173,9.508594654831592,3.6464260725285196,-34.33243077411436,9.75810636199803,-0.13853974824975426,-11.99593637328496,22.682148372804548,-1.0132879507159482,-12.957772979252503,23.6216420373004
427,4.22086725501304,-33.83425037922768,9.51694180817012,3.8597373534280175,-33.9775001906324,9.765582473690039,-0.31918465519196176,-11.545659101197318,22.514235766178604,-1.0980888717689132,-12.654351378568666,23.50436669648567
428,4.4243135664230575,-33.4659726700681,9.527366193257759,4.06405212439106,-33.61496127462008,9.775235817371358,-0.4234077460673745,-11.330879958251877,22.325412984582222,-1.2678676048242534,-12.256357254706085,23.384199861098793
429,4.621510408821484,-33.093302860576856,9.539289424994676,4.261483028817223,-33.249860329372964,9.786903315258995,-0.35927977135386385,-11.31325285446298,22.167203837252718,-1.459040028356625,-12.14483611945815,23.2748319950714
430,4.817009741289492,-32.71543582291435,9.552398944027317,4.456664314803937,-32.878020732028226,9.79954063146928,-0.3716516198829049,-11.275563165236598,22.042898378971895,-1.5230971029971598,-12.046593445017228,23.191300425403263
431,5.015768715526212,-32.33501121113409,9.567677125155663,4.652470548898736,-32.501891951379136,9.8139958261803,-0.4478787670861273,-11.267400710939643,21.943062775805306,-1.67018122537877,-12.164475440758936,23.126161196057396
432,5.216657488225146,-31.95360987457233,9.583473115651126,4.849132093527003,-32.12481519229209,9.828554866552182,-0.5102793565750745,-11.251943434454256,21.87074832661607,-1.6398775463730586,-12.094037008594835,23.06715928885977
433,5.417828598200725,-31.573122644063385,9.599634127515221,5.044603226750331,-31.74912714685634,9.84348430402272,-0.7458177324605229,-11.14424431820078,21.877990278506065,-1.7190493332109844,-11.88573894924067,23.102587475575106
434,5.6209595174854785,-31.196175935060207,9.617159167950707,5.244404402083618,-31.373231581719015,9.859176252929894,-1.0070565940125384,-11.238602530435259,21.920139331283057,-2.040501580492053,-11.932788521226843,23.147870783796176
435,5.8220313538338155,-30.819536359903932,9.634985417041218,5.441738006791403,-30.99704737086836,9.874684755537894,-1.175444450334665,-11.452498351439523,21.985236860647575,-2.2666659786227408,-11.983898724350222,23.189068482416243
436,6.022794610018742,-30.43684057723787,9.648484440501674,5.639525206269383,-30.61733737909631,9.886583453710225,-1.0748948113525203,-11.42714331932934,22.060304137993153,-2.1197187541437352,-11.892731995645995,23.223253910081148
437,6.220729326136138,-30.05228073862002,9.659783769218329,5.836667077896239,-30.23421494878796,9.894922929593854,-0.7838789047722496,-11.423213278863397,22.124787712501433,-1.6448728950370373,-11.838907358856869,23.238804501292776
438,6.418465226116276,-29.664255023691986,9.672477287061135,6.0361714950815815,-29.8454031847097,9.90504153938606,-0.3290819186918271,-11.187225301578696,22.199644659678214,-1.132094201006832,-11.665801474592342,23.26589014473706
439,6.619731093109528,-29.277066519804542,9.6821396163121,6.239836749236941,-29.45842931528417,9.913092437827595,-0.006649292371969873,-11.132926985624994,22.290543000748965,-0.7571707522174826,-11.618086999388698,23.304351660415335
440,6.827558084366888,-28.88641855984557,9.689115191645403,6.448697634501901,-29.069489974334605,9.920496524153048,0.36120018820850325,-11.20556521515862,22.33506273203172,-0.49489087836258394,-11.60240554159715,23.352567719966732
441,7.03653839077979,-28.49663970898143,9.695346458169668,6.658435696391344,-28.682911341339754,9.928941728535623,0.9905199674821739,-10.967330891444693,22.375734192264446,-0.18125874135435677,-11.361444803058161,23.402194286519766
442,7.24671640795012,-28.108538415030793,9.69691658601317,6.866402353695507,-28.299823683664254,9.93306348741439,1.5345761580859762,-10.871398121401889,22.42697529531135,-0.020175812387325798,-11.383273014456309,23.462970676976838
443,7.452699240332629,-27.71955886299853,9.694909596620002,7.069938846156072,-27.917853491393174,9.934635911600871,1.6562234076756568,-10.882299987099424,22.49946929997402,-0.15290980936624568,-11.428014853718302,23.545512751468557
444,7.653211652023046,-27.328434733833475,9.69535123215446,7.269114104270104,-27.530648912018798,9.936353970383395,1.4116626313377183,-10.456495317889441,22.538235736075272,-0.4126260148496014,-10.874385176537654,23.558138344902652
445,7.847088493092491,-26.94133316653897,9.695182299946032,7.4623920794205265,-27.144941638689826,9.93566607141235,1.061953488587937,-9.664750665531015,22.542920661740823,-0.6364479156197966,-9.783776721341475,23.527050448013707
446,8.037719977655422,-26.55273885500329,9.693375330135956,7.6532824012294185,-26.7566591207917,9.933672656542178,0.4857753456567482,-8.832306974506935,22.513915537630414,-1.1612785447998868,-8.940671626743637,23.473631958063045
447,8.225314001043138,-26.170181025586682,9.688863973929452,7.841814715019265,-26.372643904008633,9.930079348147073,-0.15757765527285172,-7.762538850042368,22.446306245882663,-1.7120572113929826,-7.95527974228098,23.394265260206947
448,8.415328390081461,-25.789473733754434,9.683786106304689,8.031835696990921,-25.988501748042335,9.928224452548925,-0.7238034173203317,-6.801684039149211,22.340266984353505,-1.9560087240731163,-7.087369911504344,23.28560398480796
449,8.608407039778507,-25.409518114898397,9.678976866341863,8.223135219747213,-25.60709811903933,9.926017172297257,-1.3228437647194409,-5.989201057891763,22.22413248054156,-2.281394244923878,-6.827658230946794,23.206197429187913
450,8.798123520839997,-25.033403450033976,9.674625975957305,8.409520710446285,-25.231729094123217,9.924903482342536,-1.5655474813258201,-5.213276001786683,22.09680561698715,-2.311251634553302,-6.7042751839112915,23.162571268479713
451,8.989852390546528,-24.658702231255937,9.670159278544785,8.59987385061082,-24.854816429507636,9.923447312321532,-1.6038828572801465,-4.6765018118326385,22.034310096389678,-2.208591663305168,-6.357603618592244,23.164946318396275
452,9.178575136929473,-24.294721632603288,9.668053406228413,8.78912441432403,-24.48904436979132,9.922339597015272,-1.8463033012515049,-4.573555861909197,22.027532011106956,-2.4131054081830556,-6.03066562629321,23.202003974281745
453,9.365400680275734,-23.933014473983928,9.667935736995005,8.978777127570963,-24.125737242879673,9.9239360620627,-2.0605570134123554,-4.438069068578803,22.05626344311237,-2.8722882098783105,-5.741595150335207,23.2564768882651
454,9.547344420231493,-23.568410345279403,9.668821583280506,9.163680230425216,-23.76171634876029,9.925048531728608,-2.233030583727672,-4.51179689210711,22.133224803841777,-3.3062672419594534,-5.4872567582919425,23.330349083139673
455,9.718686902277012,-23.21086283109217,9.668058312082916,9.338850119212253,-23.402407877316257,9.92296256589701,-2.4627508978139914,-4.646933977025408,22.267101309829677,-3.546758486746525,-5.298023596785733,23.41943092923319
456,9.884486721127248,-22.85754329566595,9.670305829999684,9.507845689500193,-23.048756574440525,9.924363895177297,-2.5712000015924916,-4.486575518406837,22.415901615308442,-3.6981878010669726,-5.169749236165214,23.52229411643406
457,10.051700404768859,-22.508032086845517,9.673548397097779,9.676157504915778,-22.698779101206615,9.927642119358081,-2.9029045695911155,-4.265798672141133,22.57357219700366,-3.8986709604331757,-5.060241652424244,23.636548411285375
458,10.221059647639176,-22.16491426821926,9.672260876581246,9.846905398904068,-22.351926427542175,9.922683424619986,-3.2975790213754923,-4.203032622171802,22.726025730490743,-4.034132859605413,-4.946249815242816,23.759916030248334
459,10.39722278254922,-21.833066586876665,9.666358242542191,10.02469332122462,-22.013902534042867,9.911437161798444,-3.407711835817788,-4.078381723387304,22.87649061261121,-4.0356471303902275,-4.7276809717783665,23.888956914648784
460,10.577406426266686,-21.508477493613235,9.651890325911824,10.20617910532449,-21.68238655557154,9.894062523176343,-3.421572608672676,-4.038966503657937,23.040737747937126,-4.197658266313574,-4.649075629608632,24.034288475896304
461,10.759292989817958,-21.18774212510489,9.63008563830611,10.388995702261,-21.35401728218162,9.87146169612873,-3.552065459357872,-4.130054245411484,23.21061998684011,-4.549291335412158,-4.741297097397937,24.189779593566723
462,10.940056686810292,-20.8681039337757,9.603555075246312,10.570266962785157,-21.025550740429725,9.845219205190725,-3.9639277120015493,-4.087163687393184,23.387171772072993,-5.1181506724286345,-4.63860692712681,24.35457758800534
463,11.117512885309264,-20.545195212043716,9.568812270773487,10.746496218839543,-20.698385265465184,9.816716131994166,-4.309793363169297,-4.189451127069085,23.572809640450565,-5.437893590346288,-4.782205014290773,24.52960136669044
464,11.284838328891784,-20.221353149713703,9.526601040546693,10.913767339565679,-20.372684478516984,9.785050257088844,-4.609330029797827,-4.551348216915929,23.774675259648312,-5.70832438506304,-5.2467066023245,24.723820559916817
465,11.441052757685853,-19.89668639108541,9.487417773996649,11.071628335843988,-20.044246194160042,9.754714712042931,-4.805544893829413,-4.844082776567386,23.94720699789668,-5.758074688479611,-5.491169688832036,24.87068027680739
466,11.595601939605954,-19.57252623197603,9.451483053061134,11.22958979662558,-19.717814649967092,9.725856123881222,-5.160809635425536,-5.368880621101528,24.08585572082145,-5.916606423185081,-5.8862753124783245,24.97110349458516
467,11.757836246605756,-19.249225223008125,9.418996225926106,11.394246737444687,-19.391369225376035,9.699230830087107,-5.433078409279383,-5.87896423759173,24.213201666762092,-6.080706112134484,-6.28830509215835,25.0782500315008
468,11.928479720198174,-18.929516836026103,9.387658140750695,11.568027915420757,-19.06768602782074,9.671460347022881,-5.6623236102903025,-6.358521811086536,24.3236996295939,-6.364896428201831,-6.729221271762065,25.17995264854857
469,12.111301009068825,-18.610765417495504,9.358191596115105,11.755608638784423,-18.742485688343503,9.64329820073212,-5.726639152875061,-6.971210743280588,24.446677781908136,-6.632241673964636,-7.083876167009777,25.320140470754765
470,12.303302141193509,-18.28952574085627,9.335214386138125,11.951702365599395,-18.41848082908387,9.622773845740864,-6.0264877604442395,-7.229424036271858,24.514278594535075,-7.04226203542533,-7.097479769929689,25.39638357386294
471,12.492167109879942,-17.962921734187123,9.31999220466449,12.143782574011835,-18.092449179417805,9.60935543066728,-6.256204654503481,-7.13299582222614,24.548230010100553,-7.320286576529326,-6.955284564614697,25.46423550508408
472,12.676965759927269,-17.626546818957085,9.312399953974353,12.329913974252541,-17.757599311097714,9.6034642451345,-6.58476521136209,-7.072790044208022,24.610709189821833,-7.513008774120066,-6.767595102333939,25.550134462094054
473,12.854137104845044,-17.281996308858574,9.310034525107563,12.508111412195138,-17.41812888261719,9.600734880527366,-6.8199353864929515,-7.045317774529355,24.652702572219997,-7.661615855308852,-6.849962909949831,25.574356197515698
474,13.019649453392896,-16.936143818047164,9.309702692705299,12.672271228925693,-17.07937429569005,9.598336953425784,-7.030799811221124,-6.940725716329092,24.674712109411622,-7.768122520434189,-6.889220681270485,25.592926733023724
475,13.179141149823176,-16.586036972543887,9.313677261477055,12.829789108818009,-16.736029014341977,9.596372515330962,-7.217092375977315,-6.707540046792379,24.71019475015312,-7.943844011860929,-6.871274136767412,25.642075793174335
476,13.337887872875871,-16.23906238149903,9.323839840927448,12.986418006183044,-16.390098351285154,9.596842943803457,-7.418009250063371,-6.458699583058925,24.737232047759722,-8.131265607499667,-6.846254134374093,25.726377950379486
477,13.50434559290868,-15.891326284586613,9.333724525017224,13.150539596468965,-16.040981354240397,9.598550374155067,-7.48905277225409,-6.535576736052188,24.813754645097223,-8.329347189338636,-7.04811661248942,25.829043802696404
478,13.680587025437813,-15.544274281745714,9.340199774772014,13.322036124409694,-15.691765675872418,9.599021852247235,-7.288588873151469,-6.943153299347418,24.9088812445826,-8.07687549609347,-7.509505247438564,25.94394708872063
479,13.867642540735968,-15.20160819066145,9.343943340324525,13.505578904308074,-15.342544751316803,9.599749995121885,-7.114257698358884,-7.407492691320932,25.00318298489825,-7.875830442247351,-7.874464107682816,26.066388754112836
480,14.058588259584674,-14.856401636212965,9.347064077834828,13.693237453191012,-14.990909114337326,9.601286579839526,-6.990309815396586,-7.681166713109183,25.168982700518725,-7.769707621845365,-8.124580167688666,26.22073813907769
481,14.252060954145152,-14.501256728519092,9.34820458081351,13.882575582427886,-14.635771490466555,9.601700715585377,-6.674033930322401,-8.218154751317744,25.349675924921005,-7.403531828469251,-8.662420754333743,26.36364865907895
482,14.443740204677859,-14.138226236001628,9.350820063918679,14.07293584572897,-14.276271190353338,9.604519478872161,-6.374072811274832,-8.820117169858941,25.511534226483366,-7.220658473948364,-9.12400151306994,26.485592187028427
483,14.635057121178946,-13.766596744614935,9.35731323016187,14.264193770411401,-13.909253233616326,9.612217867208534,-6.105907035585611,-9.148390871794057,25.659658758913686,-7.1687303116233565,-9.092636373191256,26.61151499335564
484,14.820217134728116,-13.391569923319238,9.376526499629971,14.45222601810567,-13.540772592654125,9.637168189508111,-5.984411933478344,-9.378581062544463,25.75153662395062,-7.401633151726689,-9.159701427161798,26.673301531969933
485,15.00084843433001,-13.010104299308766,9.409352449775957,14.635794257769481,-13.168645533517306,9.675834916594232,-6.355360635901387,-9.445712715117883,25.85006779460759,-7.871746000254184,-9.299814169355917,26.755481558186528
486,15.177917882625646,-12.626172577698911,9.455412685322885,14.816938202648485,-12.792428281574688,9.724619435680566,-6.778040818192503,-9.540300792706137,25.93764384417212,-8.308159633981509,-9.438807574688013,26.83853371706416
487,15.3609884539506,-12.24308232433955,9.51411265628657,15.00025825297975,-12.414505148742405,9.78155632918384,-7.313740934431546,-9.649016791375294,25.96601207943674,-8.866472764686645,-9.526398472945507,26.88007982981597
488,15.545808990284003,-11.862247585531216,9.5847457183102,15.182228875792198,-12.03854482910049,9.844371758773505,-8.04725075812287,-9.520563452700971,26.002348738837224,-9.282633184320588,-9.57810400738151,26.94473721311106
489,15.730309414957956,-11.482164793485934,9.665273277581583,15.362539184965183,-11.661770495399251,9.911541749665435,-8.644041918406955,-9.235827175978972,26.032959437025703,-9.530094164365982,-9.435482647978123,26.99594892014332
490,15.914248609506977,-11.106047382267503,9.739940214102697,15.539733363198325,-11.285630518241657,9.960744508050555,-9.160091884945986,-9.214268818844275,26.031310622731645,-9.744743893194716,-9.29686199242347,27.020840536629386
491,16.09581639799559,-10.736539682857705,9.794159175474826,15.714112618036795,-10.917544335577519,9.991021620593836,-9.469313053775567,-9.08469023082574,26.05437700512624,-9.89500062988008,-9.146029154977969,27.033463038911666
492,16.27835544836898,-10.369360313285327,9.828677708073192,15.8912620568497,-10.551368719449309,10.006730198779087,-9.54268416270671,-8.898039945087923,26.071053803290557,-9.968767304253982,-9.03662790233925,27.063112259080068
493,16.469328982349825,-10.007918143875093,9.848870841331456,16.079132000445938,-10.188059581692418,10.01594310907677,-9.55936704348456,-8.755954289663451,26.09829215231116,-10.016244538915274,-9.032105143276405,27.120401718424514
494,16.669188094621106,-9.656376359245181,9.851262614878145,16.277601876508253,-9.833311139111123,10.017750778511159,-9.34197865365534,-8.688704169501467,26.158978139012248,-9.94321627769407,-9.092370977785663,27.187276254397766
495,16.874418788157634,-9.312171491636994,9.832630018065444,16.481822403400297,-9.486599040234074,10.010552190613765,-9.133943383321448,-8.719221175613875,26.237602423268743,-9.869172360449065,-9.252059446179185,27.2975893216838
496,17.07477269626925,-8.96730891687553,9.795810161867486,16.683804762005302,-9.138636834160362,9.997675634839595,-9.122842992955448,-8.922271949252757,26.327654359496,-9.97746540441638,-9.445343335127184,27.404412412766938
497,17.266694573269163,-8.616609325328605,9.776013975585252,16.8800084242348,-8.784304266535695,10.003267104089037,-9.153194474129966,-9.055766810080739,26.435524586844494,-10.137987266618532,-9.47612709806549,27.502756420103648
498,17.455043157080215,-8.256339074329503,9.773656047051507,17.074793713811747,-8.423953738524192,10.022596321799888,-9.172938413379459,-9.079206337252815,26.563347963390317,-10.231184987100296,-9.310983028687069,27.60245868563549
499,17.64012134881857,-7.88711971379912,9.783578512053031,17.268107665822193,-8.054928591524057,10.048381414170489,-9.068080886831037,-9.051526231084793,26.685048536965056,-10.089649675946502,-9.125218317199604,27.689336644899647
500,17.82097824543165,-7.514027826768872,9.805441461871995,17.458257974854906,-7.680979289411202,10.079575956411386,-9.044038348005678,-9.028201758192244,26.838390145072378,-10.082680749028002,-9.068377779037545,27.8369552505192
501,18.00313508449938,-7.137584595002012,9.842560633059977,17.646024010887476,-7.306240185419833,10.11811180872424,-9.108897422363677,-9.02609175835769,27.00479701107051,-10.0886480012097,-9.1125610910619,27.99442534339836
502,18.19165730557231,-6.76021012760488,9.895056409407756,17.835091298837355,-6.934131445336811,10.162783951099225,-9.106379795324862,-8.949897082803753,27.116976098851524,-9.972084143855547,-9.153585122864799,28.10097451800591
503,18.389102088160083,-6.385830405764863,9.955723722855183,18.027293575485253,-6.56376694263095,10.203353748628873,-8.944429441438539,-8.77761460053892,27.186148828092477,-9.82047471586415,-9.12870413547525,28.144928533555063
504,18.602052329169656,-6.016176348515313,10.0122676746187,18.232871409013605,-6.195317730198309,10.242375001519989,-8.501714550924557,-8.641833020072525,27.21765837877202,-9.39292263768355,-9.03066958425942,28.137045371919864
505,18.822193707182844,-5.6540869726352305,10.058429455757718,18.446881738641803,-5.83463541481483,10.275559219567594,-8.04364716677635,-8.468211613514608,27.198459041761982,-8.991790793340988,-8.699355631828444,28.07948924867297
506,19.042156409531657,-5.292127136623726,10.091946556513934,18.66422806124797,-5.472864509820086,10.300696250125334,-7.807675209594168,-8.128178732689262,27.135751467765218,-8.75976944514855,-8.159683643464664,27.98438608247278
507,19.25542338276425,-4.925521652675777,10.120218109532956,18.877574800586153,-5.1047148788929215,10.323992701659735,-7.455018569451561,-7.699212154745301,26.987679707232825,-8.520005775581314,-7.690207247883638,27.867451001062665
508,19.460730606001242,-4.552085580221971,10.145377147547338,19.084398301449447,-4.728511747145285,10.349392242935078,-7.207525135340018,-7.337169766577467,26.791340543779633,-8.488193373894802,-7.503199984959029,27.743577733223308
509,19.659196890912146,-4.163568368319567,10.168460751170612,19.284997760012597,-4.341371460768508,10.380486932358021,-7.057258193451943,-6.920130653107673,26.637602456968157,-8.468126259215138,-7.294395778268589,27.68381203868438
510,19.850153909996056,-3.7655635771934683,10.197339553026918,19.477455636749518,-3.9460139726602126,10.418173554275175,-7.051705069169166,-6.620546751720898,26.52525249853902,-8.585343311806728,-7.2383053622353914,27.65547780512238
511,20.036328366351984,-3.3646294279018725,10.230353171884039,19.666596576975795,-3.5461798324794542,10.457355129497195,-7.54329895558654,-6.816756545993062,26.49007589954828,-9.069105982120307,-7.789166760758279,27.692368693533435
512,20.224315359438304,-2.9592581927139427,10.269977336248738,19.85555297852659,-3.1456394947060904,10.500103504179195,-8.201005816144226,-7.088001061605912,26.51716421546856,-9.654641467127096,-8.066015810682451,27.755314008939962
513,20.4166144635409,-2.553044195857236,10.322925852874477,20.048209468736847,-2.7457065667305214,10.555717186224472,-8.719227668630204,-7.410217493570156,26.58289068091042,-10.043575376858058,-8.09299643986002,27.8209056646086
514,20.616779281072283,-2.1487038719315716,10.387289974257351,20.246822954784534,-2.3465237635146905,10.619463423677347,-9.248707298522987,-7.770661012051451,26.711641291378523,-10.309943702102698,-8.135083591652144,27.92253101857091
515,20.827269437223645,-1.7473923312185935,10.46150354984659,20.454445868991545,-1.9492417060207323,10.688234915454979,-9.804242397690256,-8.018609190700165,26.899194663967574,-10.697185019916603,-8.217487892050968,28.052086489592057
516,21.039047615347897,-1.3553343016425754,10.53694157214405,20.663452890065575,-1.5619444035059005,10.757644941947087,-10.382965316382878,-8.238252895029635,27.085551727104402,-11.038881289379413,-8.18880877672993,28.187683008333114
517,21.248132548412446,-0.9654671398450455,10.61599221801986,20.86934560742396,-1.1767840727066623,10.831850173107014,-10.828397744904803,-8.49412182495844,27.27485657064353,-11.258379850869026,-8.322535033144284,28.323043291848652
518,21.453484022175505,-0.578257501407305,10.695706649584244,21.07226896367306,-0.791858715010263,10.898399735802986,-10.88797136948626,-8.550202405527635,27.445190602662887,-11.300367797395939,-8.729961305049052,28.463277184765378
519,21.656034849695082,-0.19147635106465194,10.764244448393296,21.273715230103793,-0.40533045214055263,10.947547913805305,-10.889501276654993,-8.612065255264413,27.614745709089924,-11.447318136402798,-8.89208975932855,28.60576773684629
520,21.85452765677038,0.19500984950521782,10.813951937110998,21.471457768650673,-0.017748312991202164,10.981593455574268,-10.870638649680883,-8.914664805808565,27.757635964902644,-11.453844063701665,-9.16863904877331,28.69878098726563
521,22.053783867275683,0.5758240875708271,10.848753546275422,21.670416365064522,0.367673064030385,11.00654767299491,-10.6779904788976,-9.183272279053991,27.83896695405218,-11.170595186234472,-9.36720363613337,28.739234354647145
522,22.252388777601233,0.948724300648353,10.866630691580315,21.868631115681126,0.7465541018120085,11.021722286188355,-10.398655084362897,-9.591581506072213,27.87395745017391,-10.992960428150871,-9.77464960280308,28.75437569661617
523,22.452643295659144,1.3234753825838956,10.867358930795287,22.067862232203215,1.1225271695639014,11.029756701661624,-9.994075684007386,-10.088123513933144,27.8729937199781,-10.705927231202326,-10.13118129081991,28.746283793231402
524,22.653096912615556,1.7005791155162293,10.852076536987123,22.26867381529302,1.5021276687845297,11.033741683477695,-9.66967711262137,-10.503908362117057,27.85530389905235,-10.533825361765265,-10.460118234601639,28.74299627580663
525,22.857501922643017,2.0833351368735356,10.832205718952487,22.474126147085155,1.8870173212662857,11.032501930612277,-9.462397099388111,-10.683073203205703,27.795999910000866,-10.429589508579287,-10.688144923620431,28.716179897352184
526,23.058741482088728,2.4707934900360224,10.809074525223668,22.678792504910348,2.278614127172776,11.024410579748524,-9.194006106474239,-10.9239979932111,27.72965133174204,-10.376161364742583,-10.79344637973292,28.719322565512257
527,23.254416151022312,2.8614525905294097,10.794277305330482,22.878204860843226,2.6714094511376594,11.024540920760831,-8.944008450142999,-10.969715242552162,27.694113958815386,-10.252338060892342,-10.756983464712485,28.74243027309103
528,23.445136798763148,3.2548843525804445,10.791480650312478,23.07344278063085,3.0654719796505105,11.0358286793463,-9.037012716600277,-11.047157846218113,27.70104341150059,-10.34742409285792,-10.748585426391614,28.782432978177564
529,23.63912700573311,3.6614123672447336,10.797955475203295,23.26807866777534,3.4701023096523627,11.05217425681765,-9.070569212887982,-10.839549035785765,27.726362766131295,-10.37601235344222,-10.589831251894955,28.82517011857208
530,23.83339606733402,4.066431454691079,10.811738858714858,23.459712500642084,3.8688668841364984,11.07143525871884,-9.103946464186519,-10.65192716494435,27.77735057176526,-10.249796788252834,-10.509717632202966,28.87356726154415
531,24.032648252630107,4.467267220036793,10.83308051537301,23.6550876571521,4.265550686320864,11.095258706797177,-9.079941582858652,-10.448862352624896,27.83183160618807,-10.124248307629319,-10.473885414460195,28.921051838478927
532,24.240299379651415,4.862684762398112,10.866224051229574,23.85937560510229,4.659054709746999,11.12450575442869,-8.989620186834193,-10.23213190317853,27.914554151141317,-9.971483901843245,-10.392181080111097,28.974199873365208
533,24.45628663977413,5.253527978840927,10.90827627749001,24.070249921144214,5.050415002776002,11.156369933795661,-8.975376002414727,-9.91929003018038,27.993543563825025,-9.992752641357756,-10.116182298020748,29.035583661151524
534,24.67452435581012,5.643449390345152,10.94608603552469,24.284383450543196,5.4413856662157905,11.185019543607194,-9.110403418103154,-9.568198100778229,28.06450539760199,-10.138465400501891,-9.722899628012165,29.096529992562033
535,24.89133231529553,6.036828867563714,10.970173515121441,24.499480106415817,5.835386769476125,11.197385406177593,-9.427619355777317,-9.03051121894947,28.13075576987317,-10.704998671172547,-9.161487710948949,29.157498213987036
536,25.102674677353328,6.425380039054453,10.980793082528972,24.710655127169062,6.225360171006705,11.196491277709002,-9.747446389305878,-8.670816614848116,28.181557593010872,-11.104717330519213,-8.81166628459269,29.19548491375456
537,25.30619995548704,6.814768648848542,10.978663762303544,24.913370771088896,6.612063913339474,11.185454301538165,-10.086408032635797,-8.347164185262029,28.231421402480894,-11.302014248250122,-8.63503305135773,29.240353300609733
538,25.506578179697417,7.207847726421388,10.963505609937366,25.113984932976493,7.00313502204284,11.167348215937169,-10.39687160148509,-7.92416219440787,28.302662472959806,-11.395335184108966,-8.380649517222258,29.312271578477347
539,25.706537635630053,7.604102077141698,10.934984717068584,25.315975392747006,7.399571923644224,11.142590557707104,-10.698048746805817,-7.688428686018177,28.35813315924179,-11.404781157817213,-8.385355832813705,29.36181550249041
540,25.91085752328401,7.998706961736069,10.892995484830674,25.521843317954968,7.793849975657526,11.11192732150105,-10.909374080624785,-7.822229499542709,28.391085769498083,-11.434180550179413,-8.696891773141477,29.39168775049667
541,26.122723827940824,8.392191413458193,10.839497758553263,25.736926104468083,8.189510809294745,11.076703465882542,-10.998710658950287,-8.309633945319783,28.465158499556164,-11.41648759432849,-9.270767687713901,29.486048574868065
542,26.340266951945775,8.77815081756137,10.797068472109096,25.958397278828233,8.577777264008393,11.05277327229982,-10.826489673955146,-8.662618371740711,28.516999122993013,-11.475841076287848,-9.289141361772698,29.542983346100065
543,26.56091022655329,9.168005852717862,10.763612803420324,26.181791115507593,8.967684891419434,11.03422507404913,-10.434844940619215,-8.949650803367941,28.5842718159588,-11.165279139497517,-9.310314626360107,29.59879483081261
544,26.777242594432984,9.565020543440664,10.737616920224273,26.39703243453261,9.359812043167363,11.019213597564423,-10.083659663817905,-9.140916313885034,28.697667643780758,-10.857718268148659,-9.301923880890596,29.721444772862142
545,26.981625580720987,9.96601666406303,10.718917593257943,26.599293629679348,9.756493146873906,11.00814975950055,-9.759535347418517,-9.55402372974996,28.802838115866443,-10.59318263331691,-9.498204941333652,29.84081959861154
546,27.180004479262283,10.368376138047111,10.71068543545214,26.795359225014415,10.157518256969928,11.002005336348157,-9.20106949133714,-9.507414682927584,28.871366531586073,-9.990934382147437,-9.221248752109062,29.87981662268589
547,27.37504565785872,10.764130840062004,10.71205836081539,26.987865607177035,10.550706491760865,10.999203393729996,-8.469055375718414,-9.123457871356077,28.980084577953892,-9.27609979729753,-8.837357767494627,29.96012718954143
548,27.572289443932114,11.15332861679327,10.721480434795442,27.183189136147554,10.94049989247905,10.998679945271276,-7.786682249344338,-8.619715718202505,29.044199333648105,-8.716767286412518,-8.674336331825042,30.02959526856583
549,27.779216479104395,11.542240006684706,10.72770390265385,27.3891882296691,11.33132450905277,10.996492824342786,-7.045359380259416,-8.397832459438975,29.13537302308731,-8.282302843573861,-8.492010509893383,30.102133533333866
550,27.99172178170953,11.926631844066566,10.728577718186743,27.601752111996554,11.719449448165122,10.988774893636897,-6.9341909097590575,-8.493830811572375,29.236836318921554,-8.463754088273745,-8.77908500412484,30.185811752771773
551,28.202665165814338,12.306202062027689,10.723595314316611,27.81341179237849,12.101003536335305,10.97740867303922,-6.78119328623382,-8.605092913548168,29.32769770677848,-8.490817014234413,-9.009476959430527,30.31734693159457
552,28.41472352417158,12.69101743111634,10.71253798197549,28.026223350518507,12.488083853197997,10.962120585988036,-6.4914547288907825,-8.702460410052552,29.44124338052811,-8.314561833086762,-9.38880414032212,30.475205620790423
553,28.62195388918379,13.070283947886045,10.698859906374969,28.23730748455437,12.870955499336427,10.947337211843303,-6.923690033999535,-9.23559684684764,29.632616705732666,-8.771335044915753,-9.89839106352077,30.657677026577176
554,28.829948089562045,13.46228517010934,10.683174855193652,28.448258591909468,13.261980950683313,10.934738773096225,-7.514534248609125,-9.95173173816719,29.763426054004427,-9.119032804477063,-10.403928958422135,30.7686129361169
555,29.03106811443801,13.858723645297562,10.665608987816745,28.65171533641022,13.65658585418952,10.924039590952841,-8.00584482905816,-10.556261379473048,29.885622899042545,-9.286125591975239,-10.774895146566108,30.846794634122887
556,29.22511465510793,14.254608885126029,10.652796497094394,28.84830874155074,14.052178139265294,10.917817112271827,-8.362951415517548,-11.034327997465835,29.999511466924382,-9.261100979490665,-10.824249013293798,30.911142576925315
557,29.41912566291612,14.650699698038293,10.647456265343633,29.04275891065114,14.447776299909952,10.916665043650756,-8.324498611660939,-11.56231751887591,30.082495069456467,-9.19804775709137,-11.383078272136995,30.950176490555496
558,29.613511013430703,15.050158839541364,10.647764477484175,29.235147819490116,14.844660496043955,10.919982217032832,-8.890262247959656,-13.224611395726948,30.133630953592515,-9.8755457538127,-13.413131776056385,30.99967108671834
559,29.812271664406573,15.450539645808298,10.655459698864057,29.43021636428382,15.243499396330494,10.927559957972287,-9.495323437559316,-14.748067244599751,30.132688242548724,-10.262393071438384,-15.022499246695812,31.015596405753293
560,30.01567733200507,15.847631501480327,10.667779061980363,29.63132830488001,15.642662265954085,10.935492138041283,-9.737051632833982,-16.129365015508622,30.08543635204951,-10.641543542634324,-16.358778974217028,31.028174054713794
561,30.22046123098103,16.23603747977921,10.68226197687017,29.834022970537124,16.03246558788782,10.94448154574224,-9.93420051141575,-17.529431241666877,30.068686307415614,-10.850739647526964,-17.547303785364775,31.041400685160234
562,30.428725613681383,16.625870386493258,10.697869752738239,30.041541398707267,16.42393167743878,10.95429910464052,-10.267586061257788,-19.086575171224005,30.016739008455588,-11.094972845185154,-18.679928407260714,30.987882447249568
563,30.64204554258146,17.018501138429503,10.7094043599257,30.255359828329574,16.818175485710057,10.957742998518482,-10.377706764219932,-20.50808081184776,29.931289005191147,-10.79972954626167,-19.159255447360586,30.908155020751142
564,30.857196294084513,17.414134739282428,10.714326684829487,30.47199623218771,17.21359270259516,10.954314675123806,-10.625582398474108,-21.46407760770798,29.886817062773797,-10.738622575793016,-19.41273993571092,30.893700476045233
565,31.07013752745857,17.8101453886776,10.711740445816888,30.6862513883145,17.606888171677582,10.946160474339411,-10.378607056708733,-21.343828285934446,29.84171965299412,-10.823800010258674,-19.642734219504604,30.888463306656146
566,31.279891829243336,18.20720801892096,10.70089948453118,30.89878180378425,18.002405661526186,10.933617239907171,-10.318636543905027,-21.36303173801902,29.822726706355546,-10.987932521184748,-20.02284936433913,30.8995060044632
567,31.491448168630857,18.60987091507575,10.68518920594891,31.1123858237403,18.405236402727105,10.918306533157107,-10.316670065080718,-21.327787798329776,29.786860172676707,-11.245596155324245,-20.300509693484706,30.88545679039457
568,31.702863148497027,19.015564308623272,10.66191371902887,31.32296784227228,18.807462277399058,10.89986915607821,-10.331455704038744,-20.956538175062363,29.73708279579137,-11.361741539478167,-20.181618120945785,30.854706389438064
569,31.91118227062095,19.424795478027498,10.640365414514436,31.530156365710965,19.2131828811387,10.892178063799834,-10.05692736594679,-20.394617001482796,29.747122130167742,-11.104973762409747,-20.006994397550542,30.84888994586603
570,32.10915042340154,19.831388809355957,10.629726282821492,31.72653959346601,19.618210093601196,10.894872932537574,-9.914266746407204,-20.271797061533785,29.782579298062863,-10.59687917347396,-20.0315257520019,30.843149841718073
571,32.30416609795775,20.240435582423032,10.630292706090973,31.920792746068972,20.027629073764402,10.904549228897382,-9.568431269048693,-20.307682090565486,29.835292788809834,-10.086186253354349,-20.153091596049723,30.914667188885097
572,32.499034742715786,20.64881360602547,10.639529807282093,32.11301652719647,20.43325607242202,10.918426332509192,-9.149970633465681,-20.40513895169616,29.896903052559946,-9.708639852168185,-20.37326167204572,30.99191953211414
573,32.6990802232197,21.056714312214073,10.660761974829562,32.3106685279312,20.839750043335844,10.939214745725048,-8.727641643020895,-20.385664225822765,29.953138432901937,-9.490098608853039,-20.58193932690018,31.061715792265485
574,32.90568821125797,21.458147464673264,10.695358486326894,32.515300514561304,21.24329711541477,10.967146642408396,-8.509431867812683,-20.178818946377994,30.04801087484494,-9.73241620639336,-20.45012258180653,31.146864943049046
575,33.11437345401804,21.84983731557164,10.739315474179714,32.7214598819745,21.636156462094068,10.997033662588214,-7.968150764509114,-20.387856388531066,30.165478643409333,-9.386974209576865,-20.576788532525597,31.22562115640216
576,33.324518558955205,22.240430631718873,10.770007834932153,32.93091507621078,22.027680663179726,11.011607237384657,-7.610263968975085,-20.4328129189401,30.273294993845816,-9.01255034278194,-20.37387963413005,31.29586503969766
577,33.53974118455625,22.63119579549141,10.788954974179228,33.1455241965452,22.419096286442137,11.016316215676287,-7.076728025018833,-19.923737968391123,30.37927439107747,-8.169422490372785,-19.621997714518805,31.351879755062143
578,33.755248394323,23.0195826550157,10.798364686543245,33.363691094359034,22.809085937818736,11.015702754660435,-6.874697536384348,-19.36967447847808,30.42277648301864,-7.8675442021349165,-19.073256837774064,31.38505996762856
579,33.97390618410571,23.41451791041239,10.797203154204569,33.586815637278555,23.204561447902748,11.00821770403029,-6.877227184273561,-18.824932346026074,30.50553649677686,-7.9536657502107895,-18.767542747063676,31.484076385301673
580,34.19125080063827,23.813537766472813,10.78095105504497,33.8101221329768,23.6064739511281,10.992058417799672,-6.955211318803041,-18.190627730551192,30.572540777246832,-8.208229990811136,-18.420456175719924,31.549727955693857
581,34.402900803738746,24.217969500849616,10.75133694344429,34.02699672634936,24.014721917633533,10.970490691837417,-6.798311777506157,-17.849737059188538,30.628207646758746,-8.475235027013904,-18.241348807150338,31.623646307707098
582,34.60527303375551,24.6350404120357,10.721399291114874,34.2307488841594,24.429687005972294,10.959950262870603,-6.997882027471464,-16.634514685429334,30.677225716826058,-8.632210269349873,-17.110061152937853,31.679619878422194
583,34.795742130137704,25.05981339968225,10.703944979928579,34.42079884196378,24.84807483823689,10.960148186638403,-7.354874976440211,-15.550988879592614,30.760191085188445,-8.871538057757457,-16.070120330788892,31.778803387243812
584,34.97132417123643,25.48676347660513,10.700959188448543,34.5929951546935,25.268893078243355,10.970808856815294,-7.886194202499177,-14.930495058657131,30.84059538911312,-8.822468244764726,-15.216790323036067,31.84331517184551
585,35.14620982866125,25.914908284521243,10.710993644643386,34.76406844124578,25.690915146812486,10.989987938633298,-8.214127492159271,-14.141022666971761,30.94643754060099,-8.867150068625852,-14.389888162704153,31.919859093897845
586,35.326171558696885,26.333572316238847,10.736726207060265,34.94058807522662,26.104104662037287,11.017965629946058,-8.26355792052146,-13.213844599462432,31.02028007838614,-8.826508158872633,-13.720121192568087,32.010847935763664
587,35.52891283960781,26.709919781951395,10.775103916563546,35.137580800157664,26.472096057471248,11.050584565128547,-8.00998458003981,-12.49030859389982,31.12522488930152,-8.621078923313323,-13.37655198693548,32.11395383976757
588,35.765212096793825,27.025714931784805,10.828374917152498,35.36476671432914,26.780691910701567,11.090001357297918,-7.799892901377569,-11.783455081354663,31.251116296252015,-8.696409153010903,-13.170596095439572,32.24270348020232
589,36.034393562041586,27.266752672367964,10.889566970359098,35.624887949704316,27.018821378511543,11.137429332264277,-7.9691376618085865,-11.849021537700297,31.400448850205628,-9.024044422472317,-13.094692072607986,32.38197578003136
590,36.31779886967227,27.420582334768895,10.935535532280362,35.90274022294012,27.170588233712227,11.166266918023803,-8.143019690952425,-11.97144237313959,31.529157364232038,-9.230138896165354,-12.957628661059399,32.524156253193006
591,36.590328522029715,27.48966016402866,10.96173331388266,36.17624692519001,27.241092781267266,11.176654737168409,-8.371405030138664,-11.952791172959081,31.688579363555316,-9.226662246372587,-12.877824665792957,32.670142402902535
592,36.82032802580185,27.496741855729038,10.971664309271663,36.42372683513041,27.24697927819894,11.175001283708806,-8.65077392874564,-11.97774524184452,31.85790912183805,-9.188002236107172,-12.819237676208703,32.81861918960359
593,36.99756113204479,27.462519071674258,10.969061832623883,36.6298156737783,27.20368546962624,11.166699418180677,-8.929648100242787,-11.900656094667726,32.0055089624595,-9.135172088615356,-12.784293762002763,32.935314581197275
594,37.13300283244314,27.411056718348558,10.95549190580716,36.79319828422156,27.134924613559665,11.15566128105309,-9.06119029082416,-11.672873036513161,32.12551895957493,-9.08241708215448,-12.767750419056643,33.030763137537605
595,37.23541071119294,27.356227412765108,10.937560175311992,36.92530034990578,27.060311716000186,11.153085757761989,-9.105317891294119,-11.625225189375433,32.22138301442326,-9.029532312020798,-12.762326384238976,33.112293949355724
596,37.32026155133496,27.304492612005923,10.91484738442953,37.047126824614246,26.985474372481733,11.154394885010435,-9.014437368055203,-11.77106916921527,32.296408245802,-8.969097631461183,-12.767505927884832,33.181358606669654
597,37.407261260197494,27.254984658622117,10.90296247727445,37.17876616712583,26.910838088931172,11.15994810391951,-8.922309004990138,-11.909067903374773,32.35013009786491,-8.891770299115231,-12.782089163480606,33.24100657942277
598,37.51063057743989,27.201698665563413,10.904230855762343,37.33120297174222,26.829645679403562,11.173194340425878,-9.000430010852964,-11.825261747904875,32.38610201388298,-9.026714698084467,-12.6292545364414,33.29410696807497
599,37.6330721356469,27.130515970970603,10.914936785561707,37.49713483976971,26.72849676269042,11.190529948086581,-9.177255803928484,-11.732466403954954,32.4003373740542,-9.259120856386533,-12.508321331420241,33.337893796737795
600,37.768907763161316,27.02724368026702,10.934351691660506,37.65905997291026,26.59665654259651,11.209107893377897,-9.263972015535465,-11.550544427929085,32.420454545959686,-9.315787623822985,-12.30607967219255,33.379395482775074
601,37.913664143095374,26.877073252194013,10.958733164014063,37.81211720743631,26.425943209468358,11.224022572212904,-9.38001106024486,-11.317406140057724,32.414023943613216,-9.413535856969949,-12.090740953547703,33.37658603616424
602,38.06458347976223,26.67337785078746,10.977743011950224,37.95837205398695,26.216655943957743,11.234374686849273,-9.368686668360471,-11.945265621678637,32.36107007994965,-9.32297033653313,-13.140658658441392,33.31129488484146
603,38.230367985320655,26.444831002407593,10.992721980433608,38.11090534660018,25.996943997447115,11.242093953645277,-9.294804263925311,-12.822536245377702,32.27553131706893,-9.14999678271645,-14.342538986244307,33.21566602202348
604,38.43717526564967,26.221098961380655,11.006768234826046,38.300698010296934,25.789401908917352,11.251013767009425,-8.994456486596896,-13.745044354383651,32.21493206325784,-8.702231221754104,-15.38227475598094,33.17516779640704
605,38.68993505997954,26.022006749116805,11.01755068452739,38.53674824678418,25.60225100616964,11.260546538511386,-8.415779126333558,-15.002418992701823,32.190689074766176,-8.194586116063778,-16.504757254190977,33.2039260215855
606,38.98395783799755,25.84686912107322,11.027683156963807,38.81528168663621,25.434670531397842,11.270806848206396,-7.376007147671814,-15.927658427258468,32.20117639053195,-7.401216742793862,-17.015639878793653,33.281703094262966
607,39.30021053071693,25.67701824918381,11.03766191461118,39.112255807379015,25.273305356134255,11.283995540442291,-6.404405750489776,-16.76386343539281,32.24009419164736,-6.820129448552139,-17.251341977688067,33.392740514984716
608,39.62325536245305,25.490461844533385,11.049220756501466,39.418170314257544,25.097088901926618,11.298838342781142,-5.067290762452419,-17.855579165943222,32.29233302750072,-5.905566152555708,-17.754314633013582,33.46862778874028
609,39.94146398447534,25.28067600780093,11.064690967559546,39.723154201269594,24.898155393070258,11.316843067900127,-4.494879856552311,-17.90111594311579,32.397251913315195,-5.545686783821735,-17.68641910242509,33.539279012632
610,40.254684545554426,25.043409600091795,11.083835732671458,40.02020058757329,24.67403091045977,11.337152493072963,-4.082998183508352,-17.74686346507927,32.54180566234731,-5.26259668277472,-17.636619403370304,33.60586768707539
611,40.56245840549624,24.78377492772635,11.105455971303492,40.312274357466784,24.433773809519057,11.35852827804909,-3.4026355454013824,-17.93894726447902,32.652306472890146,-4.457132838084978,-18.128508014660643,33.6406752202706
612,40.8748543590384,24.523001546333727,11.12909255748682,40.611140105053515,24.190929740198175,11.37999945568437,-2.716715383006778,-17.961227930754134,32.71388205006552,-3.7867944664229043,-18.64831471907244,33.664578758653676
613,41.2026833226867,24.279677743000388,11.155380759006569,40.92779528322156,23.9593169368498,11.401635587716502,-2.713865532273286,-18.330906444315474,32.75307564108854,-3.9019128322454844,-19.273931898263434,33.699667673782464
614,41.54574783608601,24.062444848498245,11.180032136609805,41.25672828708646,23.74862079062305,11.422263465896815,-2.441857347675782,-18.541147249098533,32.73421286000733,-3.679065352448723,-19.42048906482518,33.69848060630906
615,41.8999964359782,23.860088390802982,11.198316328859354,41.59960654414289,23.549045399186802,11.435531220750574,-2.4620542272432746,-18.729200004224673,32.78281776235502,-3.470139427974548,-19.82630190702037,33.78147876078676
616,42.25727360646367,23.658697878775975,11.214332194951039,41.94895915403297,23.350410771771365,11.447551470707618,-2.2499136496202463,-19.82599077958553,32.85694314216809,-3.352160851953351,-20.92190558243092,33.89291806742201
617,42.61410821944831,23.45603135125283,11.228446360563218,42.298297017953004,23.14985214350718,11.459164597525252,-1.9868933998095624,-20.889162574106045,32.9456067903712,-3.194541743833022,-21.740341230595934,34.010352156595076
618,42.96911997174861,23.25101175386548,11.236667629411224,42.64674333165958,22.94749604231816,11.466843563220241,-2.3637395173790807,-21.663300931799068,33.07125231940735,-3.3037289953309297,-22.408508726847874,34.14086489051179
619,43.32664263213204,23.04014894134935,11.238992375211163,43.00087114241917,22.73725635270459,11.471022549051865,-2.8810890470915536,-22.40901242660612,33.2210650938428,-3.542530264273929,-23.02526534219374,34.277761652512666
620,43.689311871480975,22.832037668618476,11.238161200368467,43.363137480250856,22.530238809963905,11.474606456256971,-2.8597722024020045,-22.8794233455608,33.38972949002672,-3.6221367572375884,-23.445611042876198,34.42440416249026
621,44.0564715783678,22.630854979690163,11.240790901423468,43.72691155334251,22.333066561181987,11.486562389560625,-2.9217251043671415,-23.497343891686214,33.59821466597088,-3.5601550779932594,-23.6070661153298,34.575987244363304
622,44.430506039785094,22.43812299912259,11.253065650297138,44.098520346768346,22.142937291017226,11.506199895141645,-2.592678236824473,-24.415027497163415,33.736916875006976,-2.937884713361689,-24.44891075888707,34.68188072610467
623,44.814798701479816,22.249424743341702,11.275348154622911,44.48064248535991,21.95653283461789,11.533998556800922,-2.262669362056165,-24.71151129434698,33.84728468538944,-2.4427768072607954,-25.02104781099525,34.761492202418054
624,45.199163073854194,22.058281179310633,11.304926850370983,44.86273320074151,21.768736885539116,11.56679417272406,-2.1490612510819793,-25.122419697200165,33.96063252530107,-2.287898833704191,-25.579751413647838,34.856891571463855
625,45.58947017586193,21.85872977051612,11.342832915338038,45.25073968817259,21.573902378212676,11.603577732207201,-1.9169389171912365,-25.534483240248157,34.060537162062765,-2.2268411920413436,-26.057908434733772,34.954737986783094
626,45.97681527386148,21.65801646390324,11.390325715594189,45.6365722559969,21.375130125304494,11.644767063653212,-1.6484040925924848,-25.62777294294865,34.13490135812892,-2.2712616193058826,-26.08240080549254,35.03081432661874
627,46.365998305733996,21.4551656819148,11.445054972625403,46.02480471332535,21.1733806186538,11.68770189583789,-1.3828912806675102,-25.883350080559552,34.19283323934115,-2.210698848521061,-26.244646908861228,35.104195704678304
628,46.75987206125112,21.25267719044101,11.490455955069203,46.413512083845276,20.975037326003477,11.720154647673393,-1.1953326994229545,-26.590829878723728,34.251175933471416,-2.1569401983950827,-26.82993815457715,35.19786796578586
629,47.15597309387155,21.052886121608214,11.526541216515644,46.805195269474325,20.77736739235909,11.745048050376903,-1.498667455133308,-26.687669965791418,34.33688704326103,-2.237876378795209,-27.165969068692263,35.306580213025676
630,47.557299198626524,20.856330630652806,11.555636719820304,47.20272081118803,20.582058533437568,11.766133680076695,-1.8466724118073716,-26.685940101899423,34.4488233797118,-2.3814074160514593,-27.19853224034728,35.42064070745737
631,47.96204386135334,20.656046019912228,11.578860964678544,47.60384837194897,20.382340519606377,11.785716005200285,-1.8999384548913973,-26.70399365171284,34.554405726539166,-2.3217100825144716,-27.349110140407845,35.5348802483331
632,48.36208304354614,20.453180705957287,11.592669870463375,48.00137994160906,20.178635319700728,11.79999272563985,-1.8970385215535637,-26.69387854494334,34.665021255186474,-2.2553320875823135,-27.459644007501264,35.653911710728515
633,48.761418572441464,20.249149781588137,11.597119568646242,48.396326387537776,19.97429988091515,11.81030926266034,-1.7286931858940158,-26.997120723538206,34.78373827460184,-2.0569386683983395,-27.627756330196156,35.75746603174255
634,49.15995161260788,20.04052691595805,11.595115494933747,48.79319140657847,19.763755787069016,11.818646964969012,-1.539315659053407,-27.297199117454923,34.91416473616476,-1.7722343409459667,-27.90175359163009,35.86934721651555
635,49.56279763462645,19.830881191542897,11.60210877678277,49.191716847834954,19.555354975137476,11.835087270094764,-1.3198579147974578,-27.50732339359942,35.0324206709157,-1.5013723861507458,-28.451207316261108,35.97229781793771
636,49.967031041081405,19.628416784921786,11.618235278936867,49.59261664896163,19.35372702825398,11.859315109371344,-0.9989654451836631,-27.881028993120797,35.11550193077148,-1.266252736813344,-28.991478650768588,36.041269715852046
637,50.371462116481844,19.431909805089575,11.642198513288264,49.99513452675465,19.159663236370193,11.889778064266746,-0.6278568246185723,-28.42883676418714,35.20422418983254,-1.0942931405553,-29.437085094569486,36.13304311050379
638,50.77541459058056,19.23931014584553,11.670985757655782,50.400005760590965,18.967944610360316,11.92275416551258,-0.30428069225980975,-28.782057604178853,35.276900185919025,-0.8476998736953045,-29.64270371932083,36.206627820680815
639,51.18278950145846,19.045754449347346,11.706852216044316,50.80729159576374,18.775971558075813,11.9581454031526,0.033825371280378436,-29.14887985721764,35.37692095189814,-0.6107119296423861,-29.814352229339555,36.33150551472154
640,51.58941157530189,18.84850775018597,11.75040657598909,51.21306056702101,18.583288282397255,11.996906656260947,0.2059990796090207,-29.503768002741282,35.47677246600362,-0.49977572419568217,-30.00512217272872,36.43862652620306
641,51.9873503703427,18.644372928953562,11.801443476943607,51.613808729393654,18.379898444793103,12.038937641739054,0.4036988786290622,-29.916583091183423,35.55396238549921,-0.23654269209921847,-30.37524010606097,36.52249779768421
642,52.38116668580973,18.432939724814066,11.84749495076413,52.00671000343235,18.169375835333295,12.074933100470185,0.4650402504275211,-30.120459075183913,35.60418336265098,-0.17911216384164713,-30.706531786706037,36.56543011906245
643,52.771384360209176,18.223367242668843,11.88862712433578,52.39543423757461,17.95880418049901,12.108412873757569,0.534308444905779,-30.159597084504018,35.67925540135917,-0.11610428791804288,-30.847780685603396,36.621524382210275
644,53.16608317648307,18.012859822305856,11.921282572010105,52.78782027596172,17.746362154984414,12.134493286147153,0.738004903960217,-30.323992373524014,35.72642742214467,0.09747577657523011,-31.15223855073716,36.66389768075995
645,53.56054599955934,17.80804245584403,11.948895079220739,53.180588206747366,17.53837928513943,12.157665019514589,0.8786754537861226,-30.478918257449774,35.8051816925325,0.2962626091168066,-31.239846151672207,36.74245293424366
646,53.95592566488194,17.607559701994187,11.972288116824965,53.576340026350174,17.3335549320853,12.180176687409244,0.9461523637646572,-30.64645070609588,35.805566405982866,0.3901558783648293,-31.33629679317691,36.7618310165371
647,54.352934616714215,17.40339615550987,11.98684312366273,53.9753346862952,17.128924395920627,12.197093528375966,1.7589301145158824,-30.71086009239298,35.85876414601239,1.4306696077431817,-31.31667374463764,36.85815477902671
648,54.74600532226664,17.198066276224093,11.994865115322776,54.37160284979927,16.923928959564833,12.211436339670051,2.3679545603162993,-30.56605868887746,35.92227884483128,2.1570741258849946,-31.222990805787543,36.94769392170821
649,55.143285795221686,16.99136408397442,12.00936316946718,54.769533834828685,16.716852958191364,12.232450526286875,2.9837157234917275,-30.325298270769434,36.008540728482465,2.5991729347694674,-31.046521188497838,37.02419120157773
650,55.54497988522418,16.783098205335122,12.025053529476669,55.17193538460878,16.508385115721932,12.25688863702893,3.6985353093187134,-30.302577428684447,36.05468572890923,3.1087254699702145,-31.08728631458229,37.05255166105461
651,55.94653281942219,16.571637175868407,12.046829036640942,55.57248943648117,16.29643753801671,12.284942835680896,4.314307387967735,-30.139204313598313,36.11061704445416,3.541460428795917,-31.109380889887447,37.0863025959396
652,56.35209942480582,16.352845576451465,12.071842297045984,55.97738870440341,16.076904395002472,12.313412994889896,5.035709650210816,-29.99787969077957,36.13800505192655,4.058976229387364,-31.001828432601034,37.120053501727895
653,56.75671782405967,16.13663232000365,12.100600356671055,56.380384919205035,15.86025671765933,12.343831851146216,5.735829901448143,-29.841692421590665,36.201243031569895,4.380402213423929,-30.924518282709975,37.15468368202517
654,57.163725771061344,15.926847153604108,12.138504467232258,56.78627691362714,15.651618824070198,12.379449616942225,5.116826173091429,-30.58197147312187,36.20755397118392,3.7580737848963364,-32.0274459362925,37.181251835771775
655,57.5730269791778,15.71186912219837,12.183062283857208,57.19362670823293,15.439581727999348,12.417585229060492,4.555719762951945,-31.390206928401916,36.20109006456258,3.235820638711632,-32.925801780396,37.19833469028745
656,57.976019048291434,15.494331862914331,12.22431922358206,57.592764830984954,15.226600325420325,12.452410121581167,3.955417664159733,-32.39486714009651,36.19402834058357,2.6302684146830257,-33.82065309861038,37.21481153009612
657,58.37378513000331,15.274009491411308,12.261839447750175,57.98991875074297,15.010406551791496,12.483973482365014,3.0671851374132473,-33.300000693437966,36.21623967125008,1.9040287937340057,-34.5879950470238,37.23474166375651
658,58.77297443093488,15.046612690217602,12.294421442328114,58.387705494850884,14.784996256555111,12.51215342475566,1.992357331125939,-34.49503019399702,36.2289121260329,1.1026079866526537,-35.60635911487857,37.246958504143954
659,59.16656845206336,14.821685038432994,12.323433372228713,58.78171071065181,14.558032918049868,12.53822009078156,0.26726804434861773,-35.930150292162246,36.28586685116537,-0.27703710393281744,-36.643841158770925,37.328056005875936
660,59.564156656594484,14.603316444026424,12.350056056986205,59.17870798429718,14.336250836889176,12.564853808713424,-1.35767665231715,-37.372442857959,36.35438699254469,-1.3509176062190962,-37.466634493094894,37.41862241839849
661,59.967608711529095,14.395024920221676,12.374314817468056,59.58156645849018,14.125347974044992,12.592047741130814,-2.20562721299063,-38.09835467653116,36.39213736181276,-2.0525547840807543,-38.242544197346575,37.442096403626735
662,60.37588275094591,14.196318876540678,12.39800531705148,59.99246344148399,13.923271503157068,12.62112258205872,-2.8944060894312704,-38.75670223011842,36.43100838095707,-2.4169364724014044,-38.77311629213757,37.46139672660042
663,60.790690590687824,14.000319050048452,12.424214031306287,60.40662420921765,13.72634068232459,12.650994552146402,-3.516741178278153,-39.58117553292333,36.45912736098751,-2.793141157009217,-39.61142145316143,37.46929591494701
664,61.20214110483355,13.803914666462545,12.453842470639115,60.8172527726137,13.5322373781355,12.68269492887207,-3.7706793367205553,-40.445933355569814,36.475443252791344,-2.8063856016436683,-40.41521006215684,37.46441414681185
665,61.61231624368606,13.598144176907304,12.485281441590468,61.22920651352517,13.328278802754204,12.713842604721542,-3.9239878404510673,-41.12210660272774,36.49669985277781,-2.8436118640591657,-41.220816842802144,37.459082058792845
666,62.024901787861346,13.382365723523709,12.518377350507599,61.6436974571233,13.113129471650637,12.744658407309036,-3.3990435156589185,-41.557175246733756,36.46809604815266,-2.648897707534231,-41.796333569671184,37.45482126959498
667,62.426489092962925,13.158178886775644,12.54953759466383,62.04296959091295,12.890311761318337,12.773886359845164,-3.1449191751171606,-41.991867507425425,36.423169713903285,-2.8494358523180034,-42.21235946515204,37.45636372587741
668,62.826736796676535,12.93176852446915,12.578119352683927,62.44082504420781,12.665219860835363,12.800954052552004,-3.0678223224502523,-42.27452005154335,36.412342675338756,-3.121435863585827,-42.42654076627357,37.45567696951419
669,63.23008674025444,12.710202742994486,12.60644880016107,62.84326854359346,12.444584514165367,12.82914964904769,-2.556148960950849,-42.62481983281575,36.46454211752382,-2.544634100288918,-42.59916343015433,37.54202684571797
670,63.63614654292079,12.49374482988725,12.637086172476156,63.24902947366087,12.22774953437841,12.86044389696659,-1.9666928307732998,-42.52009726699072,36.48060607446323,-2.0929417238820154,-42.506122365404686,37.5552048290718
671,64.04226150918326,12.27951764197152,12.66775461536628,63.652907329946444,12.016139411426677,12.89291318273403,-2.0040705301126347,-42.64865990717524,36.5009479532121,-2.3258723689053293,-42.91233905436543,37.561663422564614
672,64.44290711385737,12.070538963426674,12.699329649805408,64.05227767360722,11.808350849438204,12.92593361217015,-1.9025661297779464,-43.0542287724799,36.52161971698894,-2.338050063236676,-43.785489761039614,37.5653007789511
673,64.84176283878925,11.865876213749024,12.733190055342058,64.45408442732521,11.601726508137228,12.96075851229906,-1.8991986196878237,-43.193655395386806,36.544284811929494,-2.2494679173746777,-44.043129143400705,37.57027448391522
674,65.24281620123348,11.65971214406519,12.768580529529336,64.85348085005955,11.394010103898992,12.996530168409453,-1.2848208836261894,-43.3723182526107,36.554388220894495,-1.6657737875022671,-44.2627702324369,37.564230543238665
675,65.6450703130975,11.453644978070688,12.805119216402002,65.25442910618952,11.185938494103352,13.031770397161388,-0.6830401263303505,-43.688009368431224,36.56030153829572,-1.3306166930303531,-44.51586386945232,37.55081829456991
676,66.04495447172367,11.249348291841912,12.842226863182269,65.65574293911978,10.978500201109789,13.06683874314132,-0.6723582757413937,-43.988764444430046,36.50383169863338,-1.0959304451043024,-44.68418001606417,37.53925507204526
677,66.44568683425952,11.043736206456579,12.876463669577747,66.0609033510544,10.768057367852553,13.09908278778377,-1.2366287525283437,-44.19458830265625,36.54554340929899,-1.729050399510799,-44.458961881341885,37.61171926528893
678,66.8500267245634,10.839846390612617,12.907813591913847,66.46778506785891,10.561800488867995,13.127499746671761,-1.4210192804966875,-44.09007749059319,36.606319121512215,-2.291644337858424,-44.33542835485297,37.69504264613149
679,67.26153315736873,10.634699318213947,12.938913276758576,66.87975295945648,10.355890747082302,13.156110259738348,-1.8767984621399523,-43.37175207495138,36.711932473813626,-2.9318598443019583,-43.92378317790793,37.823254042692035
680,67.67422944513842,10.427881548197856,12.967562753234033,67.29440853324039,10.149656077751194,13.183348194457945,-2.087178491207794,-43.21426999928725,36.80675617470701,-3.0147029565047685,-43.93407706055368,37.91121303714656
681,68.08945683618046,10.221382643267452,12.990117942467837,67.7095873324371,9.945268007548764,13.205275344952991,-2.363715364030918,-43.073957267209245,36.90335510142954,-2.6619658864623723,-43.96246638179508,37.96825547806907
682,68.50759122515207,10.015952394736209,13.00909116577183,68.12545305848606,9.743857839960986,13.224789943744709,-2.1023722863501058,-42.83695613940064,36.99585514277958,-1.756358914259561,-43.92975970717567,38.00074878340103
683,68.92820616738474,9.809221686124467,13.028677730504004,68.54366326449497,9.54148873644751,13.246781941294135,-1.8518734645630022,-42.54513162733998,37.091440996198266,-1.080568709885008,-43.796760432495304,38.03264788397013
684,69.34635437268152,9.603204803825184,13.046238820742461,68.96135009710872,9.337868329306717,13.268392741483481,-1.2115983490417879,-42.67056840335743,37.12990607537911,-0.8241420664476256,-43.92610681246093,38.053767247400984
685,69.76610673716293,9.39696147169545,13.06482061859246,69.37831337885187,9.133958233153178,13.290007060017889,-0.5859369983460617,-42.846432394917976,37.14872277269323,-0.6922144706162185,-44.150033692977104,38.06990698304563
686,70.18331843791785,9.188193652215102,13.082737816068438,69.79266145040503,8.925109503916591,13.310283750910184,0.18283882641274218,-43.19252813296401,37.118242247648446,-0.5693852957219734,-44.238224863902914,38.08100331604195
687,70.59542342528025,8.978713579279379,13.104589707711003,70.20197965510202,8.713919760125906,13.336211089639962,0.5857646454473484,-43.25584062122031,37.096408188098394,-0.5611632765914417,-44.256719453643086,38.08610486860846
688,71.0052816030985,8.770247570748202,13.132085717520571,70.60978639788074,8.502585222670831,13.36747831236938,0.16883127341443482,-43.39781052752727,37.083613217203,-1.282460385534919,-44.41628916570098,38.09085915364649
689,71.41464400525706,8.563099050952133,13.16271593702223,71.01581351821287,8.29324466690238,13.40017058753275,-0.764512524490436,-43.383601853037476,37.06651312866115,-1.9582556110610299,-44.28722819140955,38.079091255139005
690,71.8226750063541,8.355526588755083,13.194496193129522,71.42235196079176,8.083407127118521,13.432710758559292,-1.6273111604669337,-43.43850051303393,37.046283055900396,-2.445395461529335,-44.168746123997096,38.06204659410971
691,72.22720695816459,8.147928160120399,13.231277442751233,71.82851589960588,7.875072727000723,13.46818997936731,-2.1867869413358956,-43.251857559290315,37.0292468275166,-2.6999379969169746,-43.96124049495498,38.05203793042544
692,72.6342700926009,7.939631501977042,13.274023707572017,72.23771192121379,7.666418946216874,13.507595908413235,-2.571941819781883,-43.13060554946816,36.99710770181062,-2.7250673516297828,-44.0060263251372,38.025264436422525
693,73.02860255892374,7.734150149658599,13.318727683052026,72.63443167262541,7.4608798440805275,13.546826212454137,-2.8785939817998254,-43.09764527955252,36.95101478932944,-2.6311082935054855,-44.070015893967124,37.982218255340264
694,73.42937446553013,7.525099959873495,13.36013838170667,73.03780799035547,7.25374927321796,13.58331406842531,-3.316568315248813,-43.29809477530133,36.899930552736684,-2.823673772062338,-44.39865884104481,37.936462571791
695,73.82994721845726,7.3156214800616635,13.400090363446731,73.44326872480602,7.044516359235739,13.619882957862764,-3.1657810482424082,-43.27815972626117,36.84429450163505,-2.8799206629346554,-44.50660112404219,37.89538712496025
696,74.23606785928295,7.10623611659947,13.437483358364506,73.85249017723166,6.836163189382839,13.654375142287483,-2.991870581809536,-43.34942387741532,36.79975366493777,-2.993577585574613,-44.46128793657753,37.85983885332873
697,74.64587758584585,6.897664390789994,13.471455151485163,74.26430873004252,6.629024182187212,13.686387603201714,-2.7319135770891205,-43.3938827479891,36.76862081041721,-2.9097315773779027,-44.3711127962644,37.84126580070664
698,75.04928449543411,6.688079977050627,13.50351275833342,74.66808030918094,6.420866137748794,13.717933167644897,-2.6485434509726424,-43.773755467059026,36.72495111618108,-2.9520627301715336,-44.65310038830504,37.81339611545586
699,75.4549013240964,6.478368356695117,13.53278923628414,75.07185223411881,6.212010607973661,13.747921095786136,-2.638917020299017,-44.2043948190528,36.72935104491887,-2.9123748710623456,-45.16185218439894,37.84110179249735
700,75.85718438760067,6.272439993615806,13.558857929979753,75.46845429720136,6.006503629620952,13.776462438211501,-2.664140486823904,-44.63533566400401,36.75912073008971,-2.8146500334740963,-45.60107967360439,37.87561133058277
701,76.25530027302457,6.073382458181757,13.584502164419659,75.86122372466272,5.808554063186915,13.803661453683848,-2.3083593727059024,-44.7654301783579,36.81465212311114,-2.4762785439044555,-45.80391929216692,37.92919863569768
702,76.65637322001594,5.88053818737302,13.610223528799228,76.26271634142505,5.6130848055501374,13.831151600061864,-2.373739993697595,-44.83164559164088,36.89446677537603,-2.698735746571882,-45.72482912438137,38.000597012299735
703,77.0566929716049,5.688466844316108,13.638869903638591,76.66649752904144,5.416993715401287,13.862187639964173,-2.3775646426473616,-44.87431112395257,36.94360403323106,-2.8605302918818554,-45.49788666898676,38.012475801582724
704,77.45365913463334,5.4944459394590295,13.67055514289911,77.06816647850648,5.219332258916458,13.896750013779043,-2.4767734530759093,-45.08791175979378,37.01826768254797,-2.947910365294077,-45.50069449554473,38.06796432717847
705,77.84879773652685,5.292237687500307,13.706088634910467,77.46673934349128,5.014038629741823,13.935192448748587,-2.399416911290247,-45.165186141178516,37.10740458216096,-2.8766986531893703,-45.66581802037115,38.119453899317385
706,78.24152068359295,5.08159754955084,13.744934714301314,77.86407520071705,4.79939429424452,13.97567736778477,-2.8225251400446045,-44.08366480232225,37.199395870530736,-3.451196156236132,-44.46010857110613,38.21417283948415
707,78.63636751035907,4.868627967539746,13.783013793946068,78.25804121237329,4.584756661447575,14.013771945368646,-3.2702650511055804,-43.01471953321819,37.29610862101529,-3.878226776311449,-43.54462567228092,38.30712098971911
708,79.03418096874603,4.6558444672514945,13.82294019644552,78.65149026035057,4.373164813779459,14.051845103072475,-3.9192237537197876,-42.287472299433915,37.42402521434214,-4.234922679577528,-43.14027105252545,38.45070111758672
709,79.43317602978914,4.453033846356044,13.868155920368352,79.04758569329981,4.171922920836311,14.092769576322233,-4.214177822904243,-41.728853206088154,37.49922159567664,-4.500589062273476,-42.802923454351735,38.52416085109738
710,79.83429709803832,4.265380847971243,13.917249136321924,79.44796433077677,3.985332018690799,14.137827131911527,-4.751528450784236,-40.94587883111116,37.65372383553387,-5.024947617309598,-42.04705604262625,38.65177460126843
711,80.22087428972634,4.0809089591108,13.96634508697355,79.82824650961929,3.806386820352144,14.183687724449317,-5.303350893821094,-39.877522600397604,37.77735540925142,-5.420463306190735,-41.23321011074371,38.75826067245363
712,80.56204463453851,3.870954499934398,14.013958691184241,80.16313446199243,3.6066480445252855,14.229517965172157,-6.000393389302444,-38.562367684137534,37.91618198920311,-5.908375882621289,-40.451182905770665,38.87585064325629
713,80.83360674080564,3.6252710893225286,14.065530208720071,80.43042620514804,3.3723159688485262,14.279935121395567,-6.195820904129336,-38.18773465439324,38.02431119796172,-6.131093251750856,-39.78461464196945,38.96476474063764
714,81.02099539517776,3.358839541403656,14.120632228359042,80.61490344037337,3.1154555636000065,14.333429485082165,-6.287640307157957,-37.75681075975789,38.116622139748586,-6.156486401566628,-39.251944205798004,39.03105353058235
715,81.12541608783044,3.0957169527863333,14.171643291901177,80.71758843727768,2.8543548302158004,14.383356456290912,-6.100387333410045,-37.16579289980729,38.15735965548005,-6.05976513239096,-38.85297954862071,39.08838905511573
716,81.16019550789548,2.865328180397297,14.211810225104603,80.74819580259931,2.615903411977712,14.420734724377155,-5.806056434737551,-36.64092440323732,38.23592228542196,-5.910884163610023,-38.581202496471924,39.13994410020045
717,81.14986655323678,2.6866307648243484,14.243061046914477,80.72751128800054,2.413873489663196,14.44864159422524,-5.680357250328506,-36.508371698600655,38.26943804497421,-5.7561912007114575,-38.39893567775241,39.18170679211383
718,81.11414350368933,2.55649397997538,14.267096551956303,80.674700176518,2.2563728019396474,14.470502942638893,-5.684471095057481,-36.40958189210506,38.298232734666456,-5.618648789617288,-38.278061363759335,39.211291805637245
719,81.0671398576235,2.4685705904456463,14.284087567106983,80.60715206795173,2.135154766027009,14.48832507704042,-5.728770807176845,-36.49848144968671,38.304886619951134,-5.504152066362755,-38.20005274128264,39.23298094098246
720,81.0165649677466,2.40340549982573,14.293644126644049,80.535474773411,2.027218913686996,14.500940737809984,-5.776568752625486,-36.56476360327944,38.30589538507505,-5.4197592058932615,-38.158827426401636,39.25031398829161
721,80.96274327528637,2.334058626153744,14.295923611681117,80.46234011219629,1.9031269893274294,14.50895394268906,-5.81414370218814,-36.59568466099547,38.30406728420753,-5.3526222080902786,-38.10591707514277,39.264182044856526
722,80.90483027288948,2.2433243147179778,14.292096828803734,80.39009067709323,1.7506647535006121,14.514658987679367,-5.855010884535882,-36.637810776434534,38.30070820274695,-5.315092227239879,-38.09645157865338,39.27377971219956
723,80.837113863042,2.1220547739130415,14.290514097845348,80.31000240478926,1.5711881799741036,14.52376815837525,-6.205661808787686,-36.78436745459862,38.29942274143371,-5.7268442600763825,-38.250969079839294,39.28515946820549
724,80.74373639770039,1.9751023788450008,14.28898237643684,80.20242565042753,1.3834096420963997,14.530201607376075,-6.419581047344786,-36.69348578902846,38.29786368982656,-5.867166213225272,-38.06187502363942,39.294674078714294
725,80.60478573149251,1.8087379632338365,14.288585655881725,80.0507970153816,1.20004503428111,14.535852413821692,-6.44590146402254,-36.492361684262896,38.30667306861187,-5.72507131222466,-37.782850379936086,39.31581358850187
726,80.4123288797658,1.6261137249809128,14.282708957064331,79.85732397062144,1.02149187852497,14.532824683032649,-6.426337131407512,-36.13392197093548,38.32754875272385,-5.563277811507634,-37.35891688701086,39.346996394575555
727,80.18365825150364,1.4271980756373415,14.271743566167416,79.64185608164733,0.8391258044605151,14.52215350381831,-6.354532426043059,-35.72954995744432,38.356988774192956,-5.385746829432888,-36.97080659427808,39.38203613535092
728,79.94348375114942,1.208525638312483,14.255520913814951,79.42054603189209,0.6407609210243707,14.504632956870903,-6.220168781305713,-35.12740433194906,38.39168560313471,-5.143667829336231,-36.365007748328786,39.41833297432971
729,79.70677077075743,0.9620414990552699,14.235715065211775,79.20256304688701,0.4136632335412656,14.48423249877363,-6.010537615025486,-34.44444024548217,38.41255420922848,-4.841189962446905,-35.79552049849263,39.42835296664422
730,79.48265121766745,0.6844176402649607,14.209383142862654,78.99465805178299,0.15164312379812406,14.461181176434525,-5.443060462286601,-33.71021427035406,38.4266015209202,-4.516323578331053,-35.329561247790494,39.42209934835268
731,79.27304847123288,0.3752731226217232,14.179198504396432,78.79926124426058,-0.13880633779077634,14.435488866757492,-5.095338665602789,-32.82205311323287,38.42319128195915,-4.293699716261551,-34.51191636343306,39.40195615262118
732,79.07463806897482,0.043344158955478995,14.141692959948815,78.61142153950749,-0.4500461931520031,14.407241216525689,-5.16474550017877,-32.2892663252284,38.403888682055964,-4.4577343124064575,-34.22679513772009,39.37677163752693
733,78.87561442492462,-0.2956203872572636,14.112689304452473,78.42079946993285,-0.769143071773353,14.390707783476296,-5.273326392621297,-31.93921114567627,38.38188622744976,-4.681916950012128,-34.040902793580415,39.36240746016755
734,78.66162432390985,-0.6336966766569504,14.094918906290614,78.21637722115399,-1.0892451505457932,14.384620055567739,-5.416560199732924,-31.70710976044957,38.30704285414036,-4.907075361108649,-33.99196661455102,39.28607242244526
735,78.43282155440374,-0.9695488992996357,14.087543705992063,78.0003046012325,-1.4071532001891056,14.384215628806546,-5.671051872903472,-31.723133373940815,38.22524840003942,-5.223380851442671,-33.98982941314638,39.22565015845333
736,78.1973948172694,-1.304155257099105,14.08528463733943,77.7775812248893,-1.725170339673988,14.383907530072035,-6.00949086137355,-31.879179209627683,38.167621223867265,-5.460447429371976,-34.090901724401,39.19495754283651
737,77.96613250701634,-1.6412975966506562,14.092315828585008,77.55649983620759,-2.0496779837139094,14.388875433878864,-6.2271610881919806,-31.859478311578854,38.13103479859679,-5.354308378021945,-33.920692878030025,39.18533180541596
738,77.7460337890602,-1.9866303013500777,14.109713366166536,77.34380412501639,-2.384897866095723,14.399222998606284,-6.514535912053685,-32.206686687147425,38.104938876475764,-5.393315796545885,-33.85836694107923,39.177735912772306
739,77.53762139815096,-2.3394319103160868,14.127358287880977,77.14098901824089,-2.730286487481092,14.400534181362257,-6.653985892431204,-32.437339513198765,38.08633692697229,-5.536542150899994,-34.020991478147266,39.170910920413306
740,77.33688917035914,-2.6992427170822983,14.135352058265436,76.94392623351233,-3.085650468988031,14.39528897233213,-7.093170141320116,-32.8242227386573,38.057192724828745,-6.16578153722046,-34.41311759160138,39.15748660979317
741,77.1392613322458,-3.070067835819987,14.135241451734114,76.7482044569979,-3.4554616699172067,14.38764111428847,-7.585445745380324,-32.79973920304102,38.10569379337774,-6.7867248358617305,-34.25662525065055,39.19096875107288
742,76.93941329475973,-3.4431272871408947,14.130380795313245,76.5522656976123,-3.8262798296543665,14.380383551748707,-8.211214731418421,-32.65708391847562,38.1310293985508,-7.601573882102682,-34.02397261297946,39.186581577085285
743,76.7280918758984,-3.822969518337323,14.11964103776401,76.34569245525981,-4.203119002846865,14.368172026819662,-8.914550084059856,-32.52412131757918,38.168330428104035,-8.332134883251495,-33.96243202780145,39.217337363583525
744,76.5104785610148,-4.1981415871418015,14.101218821052909,76.13075931391023,-4.576204979957628,14.353075014809649,-9.666918393101342,-32.2332738769036,38.24785601508779,-8.724042029541545,-33.42693110989382,39.31521277352149
745,76.28868473629609,-4.581844755203153,14.084537123476379,75.91210765847863,-4.953708543565041,14.349270075260572,-10.223232142915915,-32.222719031439176,38.29976853587291,-8.870826553944578,-33.47136259259221,39.35609390706934
746,76.07702147341965,-4.973192445525526,14.079089815598518,75.7032294362454,-5.336612439984495,14.354971023624751,-10.779986139672038,-31.782802501042454,38.42881499753699,-9.098816500660252,-33.1031457452108,39.49629985324194
747,75.88249204820023,-5.374270660815873,14.085609593033267,75.51039316232732,-5.727592530020464,14.369196843018418,-10.998120222995306,-31.240880106797817,38.559306723357885,-9.309589248321888,-32.91469264979268,39.5956825092924
748,75.69925307286591,-5.7828072876827035,14.103102800308758,75.32632288559478,-6.130354203383082,14.389649766071685,-11.310788276956078,-31.236910393293563,38.65100006929778,-9.727818984874446,-33.04168019670251,39.66774808550403
749,75.5217197608575,-6.192779750478653,14.129341960680271,75.14978348540146,-6.532277662130659,14.415680865094537,-11.566348710398154,-31.332310818525723,38.78947389240166,-10.306389904062685,-33.1985680059584,39.75940326159526
750,75.34315531830954,-6.602544691211619,14.166800316896909,74.97323013793137,-6.934147318974388,14.446185198323064,-11.69187512528646,-31.163453583556937,38.894462901617594,-10.64518139198825,-33.100533918981526,39.81950803563309
751,75.16456305283846,-7.003460865487479,14.216483934787213,74.79373854638864,-7.333100464511588,14.48130762580471,-12.125159141909599,-31.538056173021275,38.912814739146484,-11.223436546541246,-33.283644847068615,39.82242112940892
752,74.97922122276132,-7.39979590409842,14.255730929489626,74.60755054642402,-7.727454835692397,14.503812186491594,-12.827199667861478,-31.536886313020702,38.95118609043577,-11.84376879219522,-33.36818107506062,39.81423965156269
753,74.78270705165689,-7.790404890160787,14.282521202035394,74.41148255608341,-8.118359151935547,14.516059250725947,-13.308104013474896,-31.649526942625215,38.90701084068856,-12.161182876169708,-33.20367601846851,39.79704393266678
754,74.5758963517322,-8.177755976203185,14.299264752810771,74.20871131828146,-8.506133191817403,14.523397961116686,-13.851585622736849,-31.894405509136856,38.85567898221474,-12.515437580249847,-33.366925008446536,39.76152519727573
755,74.36783847711068,-8.563281471783693,14.306310527985628,74.00220326675114,-8.89524780844788,14.524993724132925,-14.414989150513394,-32.074195458227734,38.8115590055271,-13.081768904121583,-33.667677023530686,39.740827681792176
756,74.15858151431337,-8.951798426583292,14.301172338813654,73.79400446642303,-9.285311071602939,14.52016795110306,-14.74865834515831,-32.124349082218714,38.74835053433328,-13.463324041603506,-33.757369175913446,39.73350990884396
757,73.95472850591928,-9.337910634459732,14.285215278851199,73.59077687118972,-9.67119784369022,14.511624684456272,-15.29756554559689,-32.27357617379526,38.68779397872463,-13.929518356839148,-33.753070509723294,39.71733494584219
758,73.75694797379799,-9.727385757274602,14.270996384666784,73.39278526885207,-10.05916752020942,14.516028476404136,-15.6984336491788,-32.45794655031704,38.64931697147915,-14.421216335364251,-34.03785791093079,39.68833775577914
759,73.56658000482894,-10.120211050386082,14.270205718439634,73.20153029143448,-10.449597272058513,14.530586671411166,-15.834096757895685,-32.85359805563965,38.62432559136908,-14.5986178815713,-34.50151269601837,39.670809604344406
760,73.38224660471487,-10.513773772686642,14.280150576045074,73.0149712476141,-10.841214329358353,14.550969538840025,-16.038504678903557,-33.660411220543686,38.603396061203675,-14.66413608668432,-35.224415935143114,39.65679352020456
761,73.19942730293101,-10.909137474329468,14.299679053793913,72.83053020451887,-11.236398020437559,14.57694995603061,-15.68344109168969,-33.94040277936751,38.62461214141957,-14.02537528573032,-35.36742517952982,39.6784042177063
762,73.01615473654788,-11.30347770962679,14.332024775498676,72.64558830737796,-11.633212000037709,14.609161216537167,-15.298160347564373,-33.982217094478145,38.640096280796875,-13.744639468720822,-35.336135772329996,39.690929059553255
763,72.82989250997194,-11.696879897259533,14.376862779750695,72.45883436507602,-12.03024225009779,14.646800012472903,-14.971163326772421,-34.092034038977985,38.67330885552408,-13.532987300568596,-35.249979658655874,39.73790263225205
764,72.63388429211149,-12.088201687479069,14.431448854002898,72.26405594110102,-12.423851550701752,14.687489346608373,-14.632650874976507,-34.17801248793175,38.733434731931176,-13.506181807341656,-35.07175886668611,39.80423812107857
765,72.41889595290041,-12.475222680619877,14.485007583878478,72.05001951654735,-12.812072510836892,14.730233077731238,-14.124560282258178,-34.074118182526625,38.800376085311804,-13.366360753775368,-34.92307736664113,39.853568713410844
766,72.1991280382514,-12.861124231347993,14.530096231375255,71.83082077216027,-13.19776700675712,14.764297630605213,-13.74620144532378,-33.85860749709683,38.86750160521618,-13.235888160894442,-34.88149742187434,39.89918506313177
767,71.99004879732394,-13.254447088001163,14.566277370609738,71.6211500965021,-13.58966280034735,14.789918123580568,-12.959430112684558,-33.204775945827436,38.94867865868644,-12.50012541083113,-34.596222602341186,39.95875950470597
768,71.77918690383841,-13.654347450686325,14.59530453110864,71.40875545491686,-13.98815490534007,14.811063922183623,-12.625788083225148,-32.96900330748995,39.02051247638803,-11.83295212299082,-34.56066726180857,40.01806738277618
769,71.56991899690762,-14.059073222130094,14.619985333681772,71.19905894143007,-14.392186335743117,14.831826185417981,-12.34974814737533,-32.81540292365266,39.09594138500873,-11.602906487239483,-34.48895573102109,40.06770676703699
770,71.35887642470259,-14.461855302979254,14.639880697880981,70.99033055545101,-14.793744861171382,14.853035001043676,-12.13239775528591,-32.662964038907276,39.15399051713475,-11.511163479819556,-34.36856486124454,40.12031648178435
771,71.14478272914441,-14.858351468313147,14.654928225577864,70.7795951072018,-15.186296811004844,14.875264162875684,-11.910553886433048,-32.4924795680782,39.1986783462044,-11.573328095593455,-34.12777639260779,40.17216854943377
772,70.92871498528241,-15.253664799941916,14.667851410048176,70.56743470586906,-15.577731896038195,14.900392839641146,-11.71092520218511,-32.30483127224889,39.25785429417116,-11.543032923948978,-33.900406441532006,40.22863491768574
773,70.71211175654702,-15.65205768365247,14.68894394173369,70.3530399893265,-15.973993716717777,14.930866685161291,-11.393961755988629,-32.11827863236381,39.32376918807234,-11.336542733412392,-33.79481186496422,40.28962753967472
774,70.49812049838053,-16.04825865190612,14.719067857150657,70.14047141456248,-16.36771613583195,14.96602698480195,-11.814648946471168,-32.318060771181386,39.3635320808676,-11.565588311873773,-34.00809362795661,40.33111833809288
775,70.29059448412036,-16.447913433106432,14.756672654960113,69.93115309761441,-16.765168416046993,15.004927328365131,-12.202932950325412,-32.326868882808874,39.40615285566359,-11.628794290487168,-34.103230384653514,40.37802990840316
776,70.09102675368719,-16.845260799524816,14.801048756798945,69.72829164758826,-17.165383122422565,15.047414104291319,-12.288429656959938,-32.47282012237087,39.47632231844773,-11.55801068451243,-34.32564093555715,40.45518528375299
777,69.89493719108557,-17.244739282797703,14.850374731961153,69.5292493582956,-17.567926005454748,15.091581451525862,-12.171170813570336,-32.80691853476586,39.50761728395509,-11.31165310474675,-34.70370090452267,40.47532873048169
778,69.69777402588312,-17.64726040816169,14.903081670061324,69.33057481334738,-17.968050455432326,15.138340674013529,-11.735069158876593,-33.19616137934188,39.51509251356546,-10.81005575824295,-34.942860612495956,40.46677835391032
779,69.49323917459526,-18.0471058590701,14.958368734840311,69.12698648984384,-18.366783587153936,15.187318482714057,-11.263529174445965,-33.982862204102055,39.48021346742242,-10.278124784124723,-35.65187491286836,40.416641829648384
780,69.28208474061461,-18.442874556369972,15.012655889777575,68.91756125909544,-18.766389965167164,15.23414260546378,-11.379036126176606,-35.045663680921365,39.39489760546748,-10.482954725188987,-36.67331466454192,40.3199980261381
781,69.06580987555202,-18.83857536130207,15.062621767295479,68.70370985347468,-19.163964117646056,15.277474095953488,-11.42691560284901,-35.887095280352014,39.29176242400025,-10.934723984667079,-37.48064802177374,40.210502845054556
782,68.84683943472051,-19.239477007652262,15.107654186685513,68.48605681601983,-19.566303963079367,15.3177669583283,-11.397248987454052,-36.6917196603618,39.16022246010887,-11.065801767544107,-37.99422232306305,40.097162836129044
783,68.6284267882495,-19.64275007056391,15.148858606621353,68.2672127138952,-19.971287762609926,15.356228842968221,-11.44208684990974,-37.53553498561428,39.00432178832899,-11.160778763181385,-38.61201539591114,40.01250326915726
784,68.41271011030447,-20.049544182926315,15.186575513045769,68.05096878885614,-20.37868986950336,15.392239784068998,-11.522215363142246,-38.244816464244096,38.879915106485186,-11.111083493407152,-39.127793931172455,39.94621844953104
785,68.20039445387765,-20.462879576542367,15.219504168092755,67.83904711059473,-20.788382032307712,15.426298994277055,-11.229622365028847,-38.61906320657115,38.800743834234744,-10.246421214056582,-39.014482590538606,39.93267514216101
786,67.9914902575245,-20.8779225637704,15.248210506097646,67.62970874223187,-21.19877336663471,15.459216284343423,-11.399385692059015,-38.743139647088455,38.766750680664295,-10.08142054876482,-39.08949229825957,39.94408138164586
787,67.77946741657047,-21.29537406901429,15.276645098941826,67.41620790962375,-21.613087035746467,15.491470535247842,-11.067356934475145,-38.73537669767387,38.746639469176046,-9.867982546709694,-39.41157755370186,39.91411170880516
788,67.55964192629898,-21.709772373280785,15.305006695259443,67.19625049524704,-22.02275269210247,15.522968253100093,-10.379701783653843,-39.02151268305159,38.77278686247346,-9.478909499856371,-40.072610496955015,39.92063264219069
789,67.33639330445551,-22.123468580212712,15.333131666633962,66.97297329965956,-22.434086830181286,15.553530239650508,-9.601075102857079,-39.27762474470174,38.86018131396642,-8.806730934216745,-40.42380505070869,39.98697357498919
790,67.11767698643203,-22.53733577430469,15.360607949539684,66.75378222706325,-22.84670155288626,15.583034771061046,-8.80186704861861,-39.54132539909802,38.96120938420144,-8.228015974361218,-40.928443042844656,40.065402622587015
791,66.89875429970685,-22.950102151257372,15.388047910214157,66.53548905279077,-23.25918764631536,15.61222848895591,-8.000951201620168,-40.02723059040443,39.044004143878475,-7.63852690576045,-41.66534622890314,40.104026790031185
792,66.67655265988311,-23.365178490004375,15.41806216656519,66.31584871200272,-23.672877083001993,15.64431542499371,-7.6061792425219705,-40.89925558789802,39.08595244897991,-6.922267748567098,-42.26282113583838,40.11961150363932
793,66.45580696271665,-23.78031455140858,15.450833149310933,66.09948956684092,-24.087177287555463,15.679071374183163,-6.85275428510702,-41.90498770611674,39.08973390515466,-6.369467022869886,-43.102579163524005,40.09895091970654
794,66.23796575344417,-24.194492768291106,15.486142586648118,65.884240499054,-24.502415626588615,15.715858417428834,-6.175687034328841,-42.64992916700896,39.107146253837755,-5.9541522197916725,-43.669900913462406,40.06192915267756
795,66.01703133234417,-24.614671479237476,15.52296583614617,65.66424828652904,-24.92253927389438,15.75334792122137,-5.795516417663401,-42.899293664501684,39.08798946073152,-5.812917821786279,-43.826262108853044,40.010425853431435
796,65.79675101403866,-25.032833241219574,15.558372681754904,65.44416423409398,-25.34189560634551,15.788365863959115,-5.665303373050675,-42.890219272806085,39.018961567819744,-5.687959505828108,-43.4064042973646,39.96332538313079
797,65.57566097016577,-25.449176541148322,15.59667333806816,65.22372911016276,-25.756740838682752,15.82518378485482,-5.598899035056081,-42.70958376735085,38.926035536777746,-5.638150272265293,-43.05868911923446,39.91842699789456
798,65.35747364240933,-25.867142280078404,15.639899201794739,65.00674409243663,-26.172997286865872,15.865787056954426,-5.840607707338458,-42.402640240476906,38.81718057128215,-5.9024592394085555,-42.93717876653936,39.836124734808145
799,65.1423196875037,-26.28295098921442,15.682899026220644,64.79132229900334,-26.585893411405664,15.906497818555154,-6.338332159157174,-41.94591000981161,38.71736924477194,-6.229380288250191,-42.638884606008986,39.76639282021863
800,64.92687219279972,-26.69470360327398,15.725829243357744,64.57725155746346,-26.995436563899847,15.947800914776266,-6.831924578728655,-41.416787219505224,38.6345031823966,-6.50470400610557,-42.66505124621705,39.70004499947552
801,64.70766242973393,-27.10466132190688,15.768568789395735,64.35957214669443,-27.402846502408895,15.98928823002037,-7.386202902162589,-40.75191912558695,38.56525844882771,-6.839006137169241,-42.394987891705604,39.644750289456695
802,64.48997491985597,-27.50865272060499,15.810866409396638,64.14022568255483,-27.80700539925163,16.030170306782612,-7.8186701667958785,-40.615758194091626,38.47878548798914,-7.129515239075837,-42.61748404883913,39.55648883658856
803,64.27121854967042,-27.90894720726629,15.85254646529023,63.91925020876689,-28.21045044961654,16.0705665056421,-8.095681127035181,-41.259025345363135,38.3728987992889,-7.1286135061559746,-43.34126073335806,39.44979189772245
804,64.05232438417919,-28.309670475441504,15.892557727203503,63.698003905312916,-28.612916055263632,16.1097207800846,-8.389026822079465,-42.03060913136954,38.258541626755516,-7.202660371913916,-44.08799216974372,39.34645741718128
805,63.83626783900285,-28.70977954662358,15.932293471782085,63.48069802704727,-29.01697201188981,16.148884273894918,-8.832670217529973,-42.32922763368142,38.160764296587494,-7.77944665811267,-44.177109559851445,39.241892744605686
806,63.626685365895305,-29.112721091354558,15.97390397239671,63.27126144091098,-29.423455358350544,16.190104564525424,-9.284124419435463,-42.63804942590275,38.10337256289068,-8.376604453644802,-44.06242691626918,39.20819208039438
807,63.42030891932093,-29.514346914775015,16.015026957000337,63.067701244988996,-29.82573463663355,16.23169629620495,-9.730440720608627,-42.8095881726067,38.04367623671654,-8.857485081091118,-44.041659795746476,39.16849269245374
808,63.21781082978809,-29.913699522437913,16.054829891364456,62.86845431494896,-30.2243994264621,16.273079601500267,-10.223967051269588,-43.152420814823586,37.9888765101738,-9.432793855500918,-43.9806296340147,39.142684876256965
809,63.016046787210215,-30.31068401006123,16.095277621976223,62.66910024529272,-30.621983141820422,16.314499322811447,-10.761793464422954,-43.2679258025639,37.99589795847036,-9.96138430496384,-44.052800225292366,39.16518219721564
810,62.81483830888923,-30.706126355432673,16.13721039227236,62.469425683488915,-31.019164667131978,16.357051949790428,-11.432711965243467,-42.93033290080639,38.045791871689616,-10.318328987339685,-44.01884448857656,39.20797056866469
811,62.61244699611716,-31.09505752781684,16.182313400069578,62.26639295573366,-31.410604027034733,16.403657909734537,-11.920677278384872,-42.376730152913865,38.1264908647339,-10.429821676750498,-43.86597770820041,39.26825407937019
812,62.409784831475704,-31.48317475818358,16.230855057393235,62.06123439535733,-31.80321478261666,16.453437828423485,-12.059121346703359,-42.17845584467796,38.24203889907201,-10.555901987020754,-43.73319537694565,39.34162109594629
813,62.20943011685511,-31.870724840302287,16.282503438909195,61.85708688425105,-32.19689428318503,16.50498929084329,-12.138748658270645,-42.0626267520769,38.33780918230658,-10.709285720652943,-43.54649319249905,39.42075440502802
814,62.012595134182696,-32.259632674821695,16.336354077851723,61.65589221125134,-32.5874217144362,16.557668457279046,-12.038499002788816,-42.05734735984639,38.46856292759877,-10.58199822444254,-43.618092703439345,39.52008970090181
815,61.822884373691465,-32.657953779046785,16.393362781639592,61.46336907115403,-32.986178934623666,16.613383308769862,-11.744141966966614,-42.11161323736933,38.619974100733195,-10.399757812884681,-43.71564390688744,39.63591917618913
816,61.632816454303,-33.05964756007723,16.451861592519702,61.2697872261516,-33.39011118142019,16.667223586809033,-11.290203958685717,-42.08442086121018,38.75003428128855,-10.096916333533644,-43.80438182257092,39.74336694592896
817,61.431744865009506,-33.462208015253744,16.50995962406972,61.0666169167701,-33.795246879363084,16.718471277944026,-11.034565183340199,-42.135065025880714,38.87405926240059,-10.065468798677603,-43.89000402561617,39.84517399995115
818,61.22598063125258,-33.86916802794048,16.562334070059624,60.860066684482135,-34.203546083322706,16.76562629335613,-10.569075082184275,-42.33360796970566,38.97116864810817,-9.57518629226227,-44.039645501575535,39.91405454963666
819,61.01680698483999,-34.280256486311934,16.607999445829545,60.65130896044172,-34.61716482217566,16.80823668978502,-10.217583971866217,-42.59568833740489,39.06103465683865,-9.381324682779296,-44.23848934898177,39.98442658359218
820,60.80840293175729,-34.69865062714031,16.646965687952527,60.44453714672071,-35.03644507687639,16.846123201088492,-9.90482374681212,-42.7753764390604,39.13029005689543,-9.335120771738245,-44.2054616516679,40.031941662455345
821,60.601450061734056,-35.12461063102586,16.68160937175143,60.23865055808454,-35.45913757977954,16.882622651154147,-9.826409946212847,-43.04868148174039,39.15359224368229,-9.371317527534401,-44.52710316972748,40.04214373678781
822,60.38880834340776,-35.55843809010358,16.713989958176853,60.02942923142891,-35.8868691639507,16.920112638774214,-9.875805821621455,-43.11941561910632,39.14101285293299,-9.502122371674112,-44.54246949527836,40.03566778585715
823,60.17433567461125,-35.99093271535964,16.746248346159106,59.818312687135005,-36.313768921274836,16.956783612312893,-10.20776883989337,-43.09688893352657,39.109392518116145,-9.844828794526572,-44.43879052928713,40.01840910734025
824,59.96071788215872,-36.418758344611064,16.778397428582405,59.608350279394436,-36.734756810400064,16.992720751612545,-10.301152720217484,-43.035088818034815,39.062056764358424,-9.994254474010981,-44.311760610355435,39.998004725757795
825,59.746930523303,-36.84295776323232,16.810737134823267,59.39917749699437,-37.15268536062606,17.02761030678126,-10.699699430616484,-42.907275057310635,39.02499273609809,-10.07670410532904,-44.2068245017883,39.985023299786114
826,59.53355863505817,-37.26458484445808,16.84266671659887,59.18947275880086,-37.56919012629369,17.0614221429918,-10.90150334508628,-42.69675873306802,38.97355734546416,-10.069370787705882,-44.08540499800666,39.968105299801856
827,59.31850418601551,-37.68190147805391,16.874494799402886,58.975653402217084,-37.98283805174109,17.094566700750907,-11.02839841500887,-42.715588341121865,38.92418649291531,-10.061183739087731,-44.11668207391226,39.94890676940491
828,59.10610169996866,-38.09479098153027,16.906357902337135,58.76208993775578,-38.393922009107165,17.127544754274773,-10.9904732138182,-42.40666123648501,38.89326042270704,-9.915464184055473,-44.0281603591179,39.93248972109594
829,58.89758556498943,-38.507919737779375,16.93867796062694,58.549093728582875,-38.806336131332344,17.160683865233057,-11.026621861376837,-42.27890183215422,38.86447636840133,-9.989989009090152,-43.9643078242075,39.908116579633045
830,58.69670644028395,-38.91337945177128,16.96781988274775,58.34073655017074,-39.21173996108407,17.18913688809876,-10.869176044365936,-42.19926087796823,38.84962849121345,-10.011285805564725,-43.85960428656229,39.89663571573536
831,58.49735731261979,-39.32300071941497,16.99277732841411,58.13604751145205,-39.62007591753616,17.21307270623704,-10.79153362042258,-42.09253504988946,38.831615267328196,-10.017653627574642,-43.69936904651847,39.87596850063518
832,58.30246505273674,-39.73234477195052,17.014280979189635,57.940557587818574,-40.030790538425514,17.23407721192059,-10.754566151619953,-41.987360947970245,38.80905626504099,-10.043095117920162,-43.57131245866717,39.855923246245396
833,58.09897294911752,-40.13482663763883,17.032391668983085,57.73587295539145,-40.435099153138346,17.25277995311722,-10.858699032253897,-42.020838545454914,38.76263283716705,-10.189595278258345,-43.62420239763051,39.79951247973495
834,57.892830804370334,-40.53099934351722,17.046441511141303,57.529549571464294,-40.83327135933951,17.269000387807655,-10.876599763427997,-41.97466605970798,38.7236345541114,-10.180846046971222,-43.68362436762988,39.75931867012457
835,57.68326883627957,-40.92510685862746,17.056114453256843,57.32089108708406,-41.23136226266991,17.282544438447097,-11.10146541844108,-42.091186609323074,38.67220486246993,-10.328174182331553,-43.84096694014742,39.70856656186088
836,57.47677939858952,-41.31828676561141,17.069103280827175,57.11541866948757,-41.62885999074,17.302375469726776,-11.206385711265861,-42.18541842493756,38.635704012366894,-10.468145679194711,-43.948149505629864,39.67787949328825
837,57.27454152159787,-41.711800958459655,17.086110901825755,56.91274921505802,-42.024041607890666,17.325474689335127,-11.383225579200397,-42.3366892167609,38.609078258779334,-10.643778942773732,-44.05753213510541,39.67512833776445
838,57.0725792177966,-42.10409951339096,17.105919431522086,56.711735575798215,-42.41711498254339,17.349746139849255,-11.440131934005743,-42.64083697075276,38.582887759949884,-10.604980186842342,-44.283474070864045,39.662491815006554
839,56.863558000864664,-42.49622938335778,17.13192009384022,56.507698013978626,-42.81589294388157,17.378780292050212,-11.274836661929927,-42.850735452242404,38.59122629432583,-10.281345544758313,-44.33073391954734,39.69672139208968
840,56.660754301852094,-42.88726124343953,17.164285708389276,56.306001053127495,-43.2116388317405,17.41232037404735,-11.237675404482772,-42.906542893722765,38.63208163898889,-10.327490903815537,-44.30951052367104,39.728759563303576
841,56.457628881133076,-43.278259069860816,17.200218815190212,56.10483574856474,-43.603875801841994,17.446695933452467,-11.356612097340623,-42.92226733618083,38.712752329730336,-10.456017877512691,-44.25387501384941,39.81532943529124
842,56.25600303043541,-43.66823928562127,17.239737344363938,55.90307691958406,-43.99693721926669,17.481450952106467,-11.0961284544106,-42.68826214022008,38.84173766866462,-10.182264460844724,-43.968969761740496,39.93383212323309
843,56.05335513959161,-44.0602715414216,17.279411988751935,55.69907145401304,-44.39158472722321,17.517579001776205,-10.919802677546294,-42.48730223937428,38.9836050427746,-10.104320296768126,-43.76692625545922,40.056558896285466
844,55.85146363493582,-44.45728676957648,17.320800225532956,55.49455078777177,-44.7888869889486,17.555481721947974,-10.691356050641025,-42.24925276950343,39.12029344653085,-10.034245456633927,-43.57626481013199,40.169599134942395
845,55.65215877170815,-44.850191462899645,17.362930110310906,55.29388449483193,-45.1775824135289,17.593813464044555,-10.576656082158593,-41.86236367601594,39.26679010465278,-9.959181152278788,-43.35623653204375,40.26333322992406
846,55.45377513315192,-45.23627349518387,17.405170006480734,55.09168246108235,-45.5608123457466,17.63287904772318,-10.691844791284685,-41.556027826701055,39.374326506134736,-9.927260687392128,-43.16320592068777,40.328067077462705
847,55.25386757538447,-45.62283993042283,17.44367758786309,54.888487030682136,-45.946637760788064,17.667484884952067,-10.551192723595634,-41.31268950891125,39.48221431031089,-9.84499845128893,-43.036304718855895,40.38598443506309
848,55.0499263550707,-46.010923777502924,17.477597906548112,54.68320286721149,-46.333046762088344,17.697026040857917,-10.231767148181843,-41.10083459622958,39.55258524702221,-9.621303953380817,-42.94232055808297,40.4412395425941
849,54.84429777412596,-46.3925945036158,17.50550497061481,54.478133837701996,-46.716585023457924,17.72143688690751,-9.957016073218133,-41.280749246880085,39.591282411196104,-9.13056543661925,-43.16944241482033,40.48777313968662
850,54.63578489074511,-46.776012934986575,17.528588678573744,54.27081715398841,-47.10508216734455,17.742655881047234,-9.600137907068607,-41.360864769289144,39.589273892742845,-8.765288623596732,-43.23764348403248,40.496485435301885
851,54.42765702608456,-47.15957870720489,17.546237328575856,54.06342205907354,-47.49712133364104,17.760862595920315,-9.219419319892317,-41.44913040391278,39.577113843379976,-8.431069428773593,-43.276092251926784,40.50396641770245
852,54.21788447090626,-47.55089309454637,17.557165769741797,53.85714244499165,-47.893542819519325,17.775393090444965,-8.799649040425662,-41.590724759835474,39.54185801739686,-8.090381058629179,-43.313597377310316,40.48162090768166
853,54.012281721166765,-47.949439090744065,17.56289045398657,53.65526635285225,-48.29262732850096,17.788081557032694,-8.419790291708127,-41.73535865381783,39.50293249189269,-7.901903839285745,-43.33250227934775,40.44808880051517
854,53.80941245967631,-48.352984522202874,17.570347758915453,53.45370088415402,-48.69675543410105,17.80163305678746,-8.284141104364448,-41.92434546120371,39.473743113951215,-8.035817258291656,-43.43798795334178,40.440508021202994
855,53.60570708563716,-48.75968098023558,17.579242841908506,53.25034280446553,-49.10098801968441,17.81550206173584,-8.252355179060046,-42.09615205046412,39.40648666274111,-8.130016435486096,-43.50510611649137,40.390297945699714
856,53.39738065674783,-49.16706510757835,17.594587989689213,53.04202669063901,-49.5050812293087,17.83740866655711,-8.552370095789238,-41.97577720638302,39.355418972204546,-8.357228934081771,-43.45459736366922,40.3764534046354
857,53.18673144932604,-49.57610680388593,17.617171591059964,52.83142653744375,-49.90872339359422,17.86627857618189,-8.611509017047318,-41.97499669379691,39.32809415230069,-8.230679839213208,-43.466905109615475,40.36974946748459
858,52.979688857954294,-49.98586786113745,17.645049073823742,52.62285039240545,-50.31432767436903,17.898365326420745,-8.648202504336716,-41.85635525605855,39.33419291659068,-8.054633816012617,-43.29641189573209,40.412191324671475
859,52.77349566027146,-50.39658101538838,17.67705373763078,52.414122746060436,-50.7211063127285,17.93105769704377,-8.63339361558011,-41.77396051106221,39.381236049190484,-7.768353331200124,-43.21741021162282,40.47537018997987
860,52.56640925677091,-50.80790067597385,17.712733846670986,52.20614376440416,-51.12800174952781,17.963110171236888,-8.52513053150279,-41.759574957852486,39.42075021807927,-7.492038306902582,-43.23761502949398,40.49904593316073
861,52.36082553299756,-51.21526817902666,17.75547106211199,52.000577486251515,-51.531057911851995,17.99979148509441,-8.170860002038987,-41.562787697902486,39.455127172798775,-7.212883680270802,-43.086974484919295,40.52918584152669
862,52.15321183900614,-51.62243239274667,17.80263189081389,51.79267844234648,-51.93617428416119,18.03780348665778,-7.92823176394606,-41.3652664197102,39.50240841791126,-7.131141493874382,-42.94872085228249,40.52814434649775
863,51.946045776343254,-52.03217885276816,17.843802819412176,51.58458670696661,-52.348212732373504,18.071079971789132,-7.700377824804607,-41.132849190042414,39.51298192681514,-7.237050111468218,-42.69099730008845,40.50393739398479
864,51.73839311758088,-52.4486207613028,17.87966365564107,51.376355937903405,-52.76603825361146,18.10167573269745,-7.72375890043749,-40.897090782275185,39.50420338258767,-7.3642226173328575,-42.52847345866421,40.460888398364936
865,51.53381657068039,-52.858970281587176,17.908422998316134,51.17388184597646,-53.17600194027118,18.12768234490777,-7.743951898185076,-40.94823039678222,39.48115553311515,-7.391609143737517,-42.61646739798061,40.452114899482964
866,51.33301362752035,-53.26641765432334,17.93185546426579,50.976071497767265,-53.58244122949733,18.149598452763758,-7.608318256731577,-41.013634428040675,39.44888827473777,-7.047133342259791,-42.760469824563245,40.46071135370558
867,51.13227488497191,-53.672973444733195,17.953143008115212,50.778388449685444,-53.98822567719748,18.169780923613708,-7.675625021291008,-41.02963320652105,39.42301434231976,-7.006723643900686,-42.890601726570615,40.45074957068063
868,50.92801429130533,-54.07958858867292,17.967039656182806,50.57977522247592,-54.390719278130476,18.186928203974208,-7.679742700479677,-40.96796756224374,39.442563647536524,-6.8316062734621505,-42.72104806356475,40.516465998498546
869,50.719684771987424,-54.47978821087933,17.979198907827968,50.37411468330901,-54.78868695859541,18.207463235618444,-7.451482500950971,-40.841187409082956,39.504634607481144,-6.505604239919102,-42.47742773102805,40.60431702768519
870,50.51194157183637,-54.87175433885542,17.995343398614356,50.16554059101999,-55.18466895051993,18.23096724949274,-6.9793282480205,-41.05693155196295,39.590274950725934,-6.069444947639892,-42.60832759909561,40.684306354341025
871,50.306564840836145,-55.26320002274872,18.015546707090024,49.955106475510384,-55.58240776011249,18.25719839803845,-6.450442642774904,-41.203722530975305,39.68573622987046,-5.681407770674042,-42.65773164438333,40.73960577476158
872,50.10299174545657,-55.65728308239217,18.039213789224934,49.747190869164115,-55.978461469320486,18.284902560797978,-6.126476004848575,-41.281696172129564,39.73730105053687,-5.594414832680179,-42.82140784293738,40.74732320119274
873,49.8999839797523,-56.05245190809013,18.068850888107566,49.54249887956379,-56.37360043711268,18.31581226823868,-5.956250066228496,-41.33903998662674,39.81424583564877,-5.37780747420815,-43.014969633995705,40.805581916119834
874,49.69642607056643,-56.448481901607,18.105651862412778,49.336513685041304,-56.77047973405567,18.350527843278616,-5.3359952145175695,-41.265702423152526,39.92639082496075,-4.809305048391578,-42.99045001669534,40.88353218114659
875,49.493205775913715,-56.84093258774111,18.145230613702864,49.13247470467867,-57.16207163667045,18.3835273652331,-5.05458967952553,-41.33675682620509,40.017382983294134,-4.6760361205934995,-42.90402925555101,40.991096716773214
876,49.28870514787648,-57.232655423425705,18.181694589423607,48.926113742779435,-57.55159732895037,18.41506735553209,-5.1945665576082245,-41.589696210891105,40.05009909305585,-4.973195252138244,-42.981679910854815,41.02989123320895
877,49.07828356367379,-57.62347746883325,18.216184600446383,48.71281887276821,-57.94225141003584,18.44607804472532,-5.598714676956688,-41.585501670595114,40.052864164610206,-5.410010069179356,-43.007849613988505,41.02656551117034
878,48.8631426830813,-58.01317471231867,18.246033549580225,48.49171567063415,-58.33361230632525,18.4720099784919,-6.049820873130358,-41.62751839866415,40.0766438222786,-5.784733091700065,-43.03631872306245,41.04564261569117
879,48.65089664698138,-58.400000510113,18.272730498305226,48.27676231488156,-58.71992201425235,18.49593693044879,-6.340415155301946,-41.66023543194165,40.13374607296342,-6.083884225015228,-43.167796707218365,41.07277560539773
880,48.44181975741588,-58.79082267134008,18.293611610399363,48.0696084927565,-59.11132701332073,18.5153462783451,-6.627129708627958,-41.53774263515007,40.183231956869925,-6.168057531289062,-43.11269936322774,41.13493279699457
881,48.2395283421913,-59.182149888051356,18.313122309528456,47.870056708546585,-59.50545136899056,18.53627996979093,-7.125001685272638,-41.58219015318232,40.2084317673893,-6.139638741972822,-43.10292615426345,41.18039473688842
882,48.04179367032596,-59.574908629551565,18.330653509090094,47.678308666346446,-59.8984428585863,18.554895769725608,-7.384442204225558,-41.64274472488506,40.21071759609622,-6.110546305393517,-43.05992670179796,41.23090994291198
883,47.84348781835385,-59.96780741259281,18.34204578370012,47.48714637245789,-60.29121668777401,18.568936012083103,-7.470359252500267,-41.57401256727514,40.257666980369784,-6.239372816631044,-43.0102427388805,41.2873879925188
884,47.64322482014306,-60.35745463984438,18.353697214615547,47.291594544759576,-60.68378362497532,18.587670833983825,-7.4728627954105535,-41.48316285553802,40.33201348997031,-6.42744596266373,-42.913032056006415,41.33539145431385
885,47.44376032335487,-60.74259103781705,18.37237577162836,47.08998049352629,-61.073084766709634,18.612431773460052,-7.470090034637849,-41.390340866109455,40.402272423228624,-6.595044957512937,-42.83593821249757,41.38986779825127
886,47.23797303955583,-61.128131319240566,18.395851719826346,46.88150894290804,-61.459782861804406,18.642276846014443,-7.522584366849307,-41.20852187880605,40.46535991565427,-6.810696791382583,-42.75174255117762,41.43510706739049
887,47.026239048426156,-61.51096052344462,18.426474556681,46.66725343998156,-61.84424540180296,18.676370714086946,-7.897314731116169,-41.04520262872939,40.52042276953815,-7.2758538397960715,-42.55294123983839,41.50118017595645
888,46.815547800166286,-61.89872489379724,18.462436024919192,46.45347476341075,-62.23383047979122,18.713781781866754,-8.63847091312249,-40.94406778733357,40.59155667475013,-8.067246038200825,-42.521638892793334,41.57277335153629
889,46.606507827276005,-62.28814556026328,18.507805503205553,46.24201934244511,-62.62216792323998,18.756308911033162,-9.518929163089556,-40.89808404650281,40.688866998005025,-8.884484967223793,-42.53721432265065,41.68054700650979
890,46.39666202288841,-62.65838610910782,18.561877222627054,46.03241581496239,-62.98350486201898,18.80281225692192,-10.37783403555877,-40.87812414121857,40.81923374663899,-9.6618560647557,-42.56739093586183,41.826755464379474
891,46.16915163757768,-62.98242499216263,18.61628604907607,45.809977961393294,-63.29132912333851,18.850718596622922,-11.197096297035175,-40.84202782348155,40.98794528463569,-10.31105655783216,-42.551228694670584,41.998445703498355
892,45.91186355938004,-63.23870035725025,18.67222411374488,45.56118140600226,-63.531922572580676,18.90002932427218,-12.00971809786649,-40.688834008591186,41.15522612637719,-10.851938487000302,-42.47702109213312,42.14654885758112
893,45.636007490996874,-63.40692704447609,18.729605356929827,45.29390073997551,-63.69105048550963,18.9510488207841,-12.74281418979604,-40.414376362153234,41.3303490209129,-11.29094973969224,-42.3400950668687,42.27478566576045
894,45.36650020382389,-63.48573770433316,18.78340394163523,45.02692841290191,-63.76715900730404,19.00015905542784,-13.314399208311237,-40.18658052788856,41.4878053539887,-11.633040759549829,-42.15560230803339,42.38369295653287
895,45.13493794411351,-63.48717088009179,18.830329082584456,44.78291217725382,-63.7719511288,19.043717528501734,-13.588320682743435,-40.021902073175305,41.62057311188188,-11.888449329616071,-41.94379389231424,42.471616922602806
896,44.9586830523655,-63.437190269227756,18.871258842366423,44.57720020651785,-63.721536490361686,19.08327834870826,-13.757303927584177,-39.90181269504646,41.71292975557087,-12.065250598183413,-41.7209285720004,42.53845481391063
897,44.83599797833844,-63.35658572583014,18.907656139820162,44.4191561871377,-63.63090670318157,19.120589879758715,-13.862811240737248,-39.82091895994858,41.767586017833274,-12.172447423858044,-41.500245537770205,42.59692759057099
898,44.75941497224849,-63.25737136292411,18.934650580518195,44.310025345195115,-63.51377814385286,19.14886899818264,-13.937893803536118,-39.72567030220123,41.783264125206486,-12.22079375522051,-41.289200336075325,42.64254966576495
899,44.72750341606997,-63.14971837283335,18.954851878712997,44.24741896058765,-63.381770020591986,19.16969316112841,-13.967865477641558,-39.62158141566884,41.79250561511887,-12.218477248769428,-41.09600041321681,42.67740437720704
900,44.73859770663873,-63.045694205672426,18.968854985223732,44.23028342167954,-63.24676028605263,19.18442934188001,-13.955187952077795,-39.52569066751481,41.79538889704714,-12.172921908468485,-40.9312084973091,42.702819261109
901,44.7844159817488,-62.95868432403405,18.97658803682826,44.253657572367686,-63.12490731182307,19.19460398350224,-13.908744319459279,-39.448585751871526,41.793704192539025,-12.095721884166498,-40.80324527710823,42.72095363839097
902,44.717648821449636,-63.022440871127785,18.979023427692287,44.2046447329922,-63.222540782248736,19.20165548488685,-13.97347984144811,-39.502162985917586,41.789021777546324,-12.187357014603972,-40.89557197886798,42.73398260474472
903,44.79286780540859,-62.980536059438776,18.97631528004461,44.26609583082213,-63.149658156808236,19.206519848385557,-13.902886080356936,-39.46874480535333,41.783144425434564,-12.093066392818098,-40.83321192449419,42.74187908963745
904,44.863821926087724,-62.94887983925418,18.968847724612484,44.32730894524115,-63.090765733581065,19.20890071913245,-13.837328882677495,-39.4445857807741,41.772565325065045,-12.006961794016876,-40.78646820367395,42.74621385315646
905,44.92243120101003,-62.9015105927646,18.96154491933535,44.37915053013729,-63.01538825902862,19.208464266742528,-13.78325856277343,-39.40627113045525,41.76067023043812,-11.933810451799738,-40.72303974336862,42.744885029397764
906,44.96334051977942,-62.82624184689627,18.95340142478262,44.416090094724964,-62.90941668848422,19.20523028251832,-13.746528656580018,-39.3405629665658,41.74775891394881,-11.880220904763421,-40.627234334517986,42.74035855301106
907,44.9845022308855,-62.72462123283986,18.94369814818988,44.43701411835276,-62.77827886077945,19.199408507569437,-13.726073386577168,-39.24799984965294,41.73338919229362,-11.8447830989094,-40.50629800885498,42.73312287988526
908,44.99282910237124,-62.59244559727664,18.93204781974062,44.451523491947846,-62.62057627373728,19.190974669615873,-13.79954652761663,-38.98250760838283,41.71795656550506,-11.93414121736283,-40.16130863174592,42.72430676195956
909,45.01646746525531,-62.424268418353826,18.918591428348737,44.489021945710604,-62.43927898213107,19.180234449262077,-13.691919577686953,-38.81278416928984,41.699579906365585,-11.75223159687282,-40.01859324797325,42.711232505597216
910,45.08480963241885,-62.228736176711294,18.90362474824064,44.570600099052875,-62.25035714027964,19.168144225282106,-13.822316664758354,-38.76187729804746,41.68295089401037,-11.957656738578827,-40.063458475610624,42.69998295475879
911,45.2131990994476,-62.018098004377855,18.891472599770054,44.700886783331626,-62.062013894638156,19.161125616286423,-13.999427538166419,-38.691256983248586,41.70590264872477,-12.20417791068967,-40.06669055817658,42.744515229883845
912,45.39426784037759,-61.80496847209291,18.882968798246303,44.87306335693314,-61.87092217107871,19.159427395120936,-14.272550157047666,-38.5465102016344,41.73885597330251,-12.536259454119724,-39.94955533799966,42.790846077885405
913,45.59734180102076,-61.58175234766594,18.879327001282192,45.06070788437998,-61.66527868408404,19.161751579945978,-14.438926245486709,-38.314429551547015,41.765303628703045,-12.634866089451808,-39.70396739031645,42.81691802905371
914,45.78655413699705,-61.322299805963915,18.87997436750981,45.23070963664385,-61.426413645220066,19.16599335620125,-14.628546516332532,-38.13539517913339,41.806476987298076,-12.711720613458919,-39.53470930392413,42.85412285366795
915,45.93963212364603,-61.01687269796841,18.885932130163706,45.36897441909679,-61.14399109628864,19.1722648812656,-14.826875841758627,-38.132421231764795,41.858978188577446,-12.758941547378674,-39.340910459508976,42.889326069993004
916,46.05893148624016,-60.68167229375806,18.899274312473143,45.48262009671479,-60.83461502438352,19.182236505398667,-15.216637136122058,-38.0741588199748,41.91253184796542,-12.903126630498887,-39.27124972300265,42.9118113182778
917,46.16636428513905,-60.33200839120254,18.91683557673609,45.58885930459572,-60.51550742723806,19.1931102121669,-15.369333512805811,-37.968628273153016,41.97488365725788,-13.05422161503949,-39.26072490097435,42.945596895314466
918,46.282935258772454,-59.97679277792032,18.93278236388886,45.704422389326474,-60.190645957780326,19.20320702960879,-15.56161228173495,-37.8159205954651,42.01389020329523,-13.307497142178894,-39.20876471049196,42.99497498481651
919,46.423402925427176,-59.62782095065948,18.942907793828688,45.843531768491786,-59.86589039877673,19.20710844475109,-15.739849868103216,-37.6950454871821,42.056249271938185,-13.65881498954519,-39.16971015037065,43.050995304709055
920,46.5967231826142,-59.287590284414655,18.947271365620047,46.01097475671662,-59.54322298417642,19.2054357901773,-15.943861316711667,-37.74010623706466,42.10824506021611,-13.865334831895561,-39.187293920868754,43.1005990679962
921,46.80328681774084,-58.9571258365568,18.945456982758294,46.20504042360848,-59.225613997597016,19.198911955659582,-16.09316772414515,-37.67476874400572,42.192362647070674,-13.928596434330638,-39.074312296195615,43.20177041983531
922,47.027273194846316,-58.63525316725539,18.939497113347016,46.415600215190196,-58.909066788281415,19.190946204892104,-16.12015891286599,-37.99368383429354,42.32290405063621,-13.766978565022088,-39.465799255835336,43.351855598723915
923,47.25249515219761,-58.30535720869004,18.927861375578665,46.63104352832107,-58.58163330915466,19.18002155455115,-16.050273808048754,-37.919397501250124,42.4655852052608,-13.605578401109252,-39.28410871558121,43.4802659637629
924,47.462654949778816,-57.96335915917746,18.909613867405724,46.83392080349133,-58.2484773306123,19.16588410344587,-16.06085421591971,-37.76607978727368,42.62224160189065,-13.633128058025589,-39.056222411574616,43.6190902820471
925,47.657189185182105,-57.60534447145917,18.889911418566772,47.02510954209677,-57.90206323823308,19.15574105229552,-15.970306757719737,-37.550524952920334,42.7989202254723,-13.633388319203947,-38.71876807665279,43.782160684023836
926,47.84142652864056,-57.237900343964775,18.876794259266816,47.2093626658544,-57.54761063759451,19.151764805279626,-15.745874265183907,-37.355823743787056,43.00117192435567,-13.597705177017705,-38.47923596669782,43.96661870831392
927,48.02371016286372,-56.868763944538046,18.87133749829594,47.39123490979154,-57.190002464805055,19.152890837803835,-15.442501079202358,-37.08981027861449,43.21470458207194,-13.38895020092227,-38.26316032266643,44.133418436383685
928,48.213457124812116,-56.5009016936076,18.87361401513631,47.580089505434415,-56.83123420701027,19.158837490907363,-14.965858607717553,-37.07491438005922,43.391404232043996,-12.884119960151663,-38.31946098326007,44.27591389264516
929,48.41704265866173,-56.13927302121408,18.882353347702256,47.78365693955506,-56.47554026170892,19.169590618681685,-14.60174805583253,-36.73914932728731,43.51477524963156,-12.405997911992712,-38.38081509966906,44.38358353353783
930,48.63241510660597,-55.785673781987065,18.895773880699572,47.99905185632395,-56.12482544708756,19.179904812282274,-14.199845940927991,-36.74560942757064,43.65030260663824,-11.966035572312558,-38.40945945395659,44.49320262623235
931,48.853578144314234,-55.43290643856349,18.91417706385946,48.21654292223344,-55.77714285957535,19.190934601167832,-13.958451136317613,-36.88148009691489,43.77284643786771,-11.990856033684953,-38.53063767848899,44.599298711280404
932,49.07007512674108,-55.07629596991432,18.933488672762582,48.42986795773343,-55.423773142802155,19.20348030077131,-13.695909577853287,-37.18273799908443,43.8670043491075,-11.946196747354943,-38.70779474519985,44.696300172749524
933,49.27896068321317,-54.713874296049624,18.9491652221441,48.637689633729586,-55.06569975170168,19.21147093468627,-13.491616181920598,-37.47221575343014,43.9100277886739,-11.95680066015964,-38.8704508573114,44.75830344935441
934,49.48044886863611,-54.34677170652475,18.95894635486282,48.838075501231785,-54.702782741023626,19.21378844624369,-13.415754932757928,-37.63415577020322,43.906339766673405,-11.969199336608911,-38.812682253130305,44.76197006304442
935,49.677825950736896,-53.97715519696856,18.96434752567431,49.034690445490185,-54.335328398141804,19.214863485578935,-13.55550201802274,-37.50531393028358,43.87683318362039,-11.949793774175282,-38.585548187445006,44.738914157217245
936,49.874057517855285,-53.605047807132394,18.965553045079766,49.23168227828495,-53.962272132596546,19.215016794164224,-13.849577543071062,-37.352258921992245,43.86346866660446,-12.074861538483741,-38.369578768905086,44.73727582521938
937,50.07244735570665,-53.23046967526283,18.963662246841775,49.43206826633329,-53.587064095980715,19.212982965613673,-14.377110295517516,-37.14268748989115,43.82925878414908,-12.444552703399502,-38.0826866395327,44.72861696323061
938,50.27141182601849,-52.85475857085364,18.961026157863966,49.63057976009616,-53.214133117656814,19.21535164551841,-14.342531179067159,-36.92201997792303,43.77208276906336,-12.319738240817928,-37.96202504612853,44.7074459433097
939,50.47140203323887,-52.47910404633488,18.959780413596423,49.82793652863164,-52.839359847394284,19.223326629630385,-14.301075332864785,-36.57268836640361,43.719408868353234,-12.139224453432579,-37.75959442539131,44.708632318224005
940,50.67363455159778,-52.09789044208175,18.965495077061345,50.02581113815339,-52.46001736727586,19.23579182210639,-14.342994266598511,-36.14607931772296,43.69739184351983,-12.158951684369148,-37.51509729830761,44.737193587931785
941,50.87579533927746,-51.71715565814701,18.97570008443824,50.224509434277856,-52.08136495550845,19.248227711857197,-14.503834473081445,-35.83613404898806,43.712317829005706,-12.355830875204155,-37.29374180491624,44.76602792321259
942,51.07781972093319,-51.33408313708705,18.987994321264598,50.42393405942,-51.70066257166329,19.26007512564743,-14.55874502960751,-35.64541402748563,43.75745051967548,-12.337719290950583,-37.10270465692715,44.80524188513007
943,51.28157658291174,-50.95391586537901,19.005271819991275,50.6247811452569,-51.31955837571312,19.27334502941134,-14.457477432571856,-35.54606190720607,43.80548188720028,-12.245660832816942,-37.04365968602944,44.85744669644061
944,51.48398906560755,-50.57712837327439,19.027915844828524,50.82533116559382,-50.942608700789314,19.288651688822693,-14.126785651701036,-35.524409082196954,43.88431793048547,-12.120064275652542,-36.98773511719856,44.934202671347684
945,51.682867236913424,-50.198628748047426,19.048646828166532,51.02153743587193,-50.567797074467904,19.303977320566148,-14.051415788098536,-35.43316864718016,43.991146643550834,-11.956158926524088,-36.96004029551949,45.02162821644437
946,51.87320568920008,-49.825640441071585,19.066639325433584,51.209102386428704,-50.20004263183624,19.319308354608697,-13.989385228806977,-35.49307001583316,44.10863177542021,-11.760412820530345,-37.04498203482939,45.125679629842466
947,52.06376128644919,-49.454335827013026,19.080363272467363,51.4004731874662,-49.83179019611023,19.330604459606327,-13.84339413490808,-35.557787690011935,44.22523460600317,-11.649344464450008,-37.03544410836811,45.234152957881456
948,52.249303871530714,-49.08506050213276,19.08833696193392,51.58943818751212,-49.46405941126468,19.33533046769403,-13.504227184644943,-35.5584460821658,44.358181037704064,-11.47171883411401,-36.91014044062966,45.34925986999426
949,52.433385602901865,-48.714612862727016,19.088925467762742,51.778712834570925,-49.090437252962836,19.332964210927486,-13.254173058200767,-35.58283049687354,44.49990592020052,-11.279295912060212,-36.8311953107705,45.47117851690578
950,52.62400711765542,-48.34389764238457,19.083169341722797,51.976634477900824,-48.71231045981464,19.325354124798995,-13.125645754528849,-35.50029265554639,44.65417822564857,-11.2191358803377,-36.71118440596202,45.60717664545618
951,52.822429712708235,-47.97044980567937,19.07343462375491,52.181291605726734,-48.332162144174035,19.316996542822235,-12.899840381841718,-35.485058221296775,44.78806180035384,-10.983582883067788,-36.698822058551805,45.72206715302757
952,53.02897327020369,-47.594029246467336,19.06500971959415,52.390806756559016,-47.95171303810157,19.31574533529643,-12.563988291628544,-35.46068740512007,44.92127218167763,-10.578428257143369,-36.69347073713412,45.83823259094334
953,53.23888838071257,-47.21304253499321,19.05742381746013,52.596647074396934,-47.572956609078076,19.31970699341952,-12.28436463010086,-35.37810472026762,45.03765168118715,-10.268813680305701,-36.71672714444734,45.94192536084654
954,53.44513277342836,-46.82877075173859,19.057471420272883,52.800589675050446,-47.192693582580276,19.330701983449135,-11.995936930473546,-35.416803743346264,45.17132606868482,-10.052802499334948,-36.827855994640885,46.07451884387093
955,53.650388513828005,-46.43886640580846,19.065605004167693,53.00154536095171,-46.80934010049606,19.34526034078947,-11.840665492392805,-35.54033144826218,45.282919655480775,-9.976140346470292,-36.9197854943114,46.17688237768492
956,53.85436406495943,-46.049077895353136,19.0818084329288,53.200081106406145,-46.424165044811666,19.36254545557155,-11.661371906970363,-35.62234499877267,45.356494785245964,-9.831355906510053,-36.9578267242744,46.23598113725616
957,54.05386213635686,-45.65960886575927,19.1070483881233,53.397484589210976,-46.03689896865518,19.383256034213545,-11.469708366519548,-35.72358732225086,45.3831043840521,-9.79356092601689,-36.95705677471331,46.25669791981471
958,54.250732913327575,-45.2727374905121,19.139167874555852,53.59403596381574,-45.64997547494608,19.4063572482151,-11.306022881337128,-35.841888357949166,45.40167305904603,-9.61408589584753,-37.06146634812962,46.267468030916554
959,54.451296986695276,-44.88365846605711,19.16698802858439,53.79716743143019,-45.258294405481074,19.424322690476707,-11.333132078882883,-36.10456493730479,45.38240161924389,-9.52049702144952,-37.34812994332808,46.247873313901685
960,54.66062622306723,-44.49158763620759,19.18921654457162,54.00929244993266,-44.86604040748444,19.43759162870959,-11.266705871969199,-35.959373842200534,45.34750755182532,-9.3278929064694,-37.036450988420725,46.22065646816114
961,54.87094915010204,-44.10074446120598,19.206821788297415,54.221154105974314,-44.477612200893994,19.450150097270114,-11.14941793711114,-35.712080688329905,45.27622024609122,-9.135461266443844,-36.73817350243144,46.19709083009833
962,55.08795142029855,-43.70792539526099,19.223520881321022,54.43926482593836,-44.08607869393495,19.464375031096402,-10.963969658941071,-35.65064398167787,45.18087192203182,-8.984403477942573,-36.76019182422177,46.14093286853478
963,55.30797755169897,-43.312620651543774,19.23639385124684,54.659818961951544,-43.6923821187963,19.47617705089284,-10.773718016324592,-35.567262253425945,45.09515017110307,-8.772422969890673,-36.7145061747886,46.087785137469446
964,55.52521876824427,-42.9105976922249,19.24908631032517,54.87577751272573,-43.29382165969045,19.492342522266767,-10.765680443520095,-35.492161714529736,45.02990100161561,-8.934130918936882,-36.65806399722218,46.04692481498078
965,55.742367547130385,-42.507496503263845,19.261800588376907,55.091487576450845,-42.896952912442224,19.51228891686465,-10.841082474144594,-35.30308201806501,44.96564506233703,-9.030063710818082,-36.56102446248492,46.00998531044276
966,55.95793945785679,-42.10114766458828,19.278871281779736,55.306031294224745,-42.492540278662574,19.533779068935335,-10.981794273933884,-34.990796511203925,44.92137854522988,-9.240571148692535,-36.51513263305955,45.98065089071988
967,56.16535031683937,-41.70000748597592,19.29866999839103,55.51283687317418,-42.09348219516547,19.553754141400844,-11.155404339015144,-34.985415066284396,44.887377558416574,-9.353191998955193,-36.36064856684308,45.95881354956044
968,56.37220261918763,-41.294788954696514,19.322234879946617,55.71466637950203,-41.693805970921076,19.57621103619138,-11.434021820003236,-35.04097323029932,44.86521572939916,-9.55550525347526,-36.26857172217174,45.95621173399742
969,56.574956786293185,-40.892219261150395,19.348960057465824,55.911940400174466,-41.29190701789283,19.60124546503114,-11.695568616525033,-34.92494713670192,44.892304789519,-9.684309090190983,-36.214509920492674,45.9862717428609
970,56.77946817069709,-40.49241324329421,19.37065754545566,56.1115462433236,-40.89016773668163,19.613985783348028,-12.054146158345482,-34.831270906155126,44.95490575011579,-9.836697338093902,-36.13716877577734,46.05129690555458
971,56.99072823758573,-40.097099327160976,19.38076793179264,56.318615501866404,-40.4909269908248,19.614834550616965,-12.15186415480838,-34.860668054438776,45.04314529595564,-9.925189551019319,-36.24305745588679,46.14132153841903
972,57.20601353108518,-39.69596368432979,19.378583122560194,56.53546804577843,-40.08719245031626,19.60616348332568,-12.327061035721725,-34.86179776987159,45.157579855148924,-10.069660076972486,-36.235462750973326,46.24589255042814
973,57.420217478017896,-39.29630281760534,19.365957945847796,56.75435405670963,-39.683533554584486,19.591506483604523,-12.374694289178137,-34.8299637251819,45.29481178248878,-10.139668544009286,-36.21045260365794,46.360749419351116
974,57.63302625210384,-38.89229968894876,19.34500038812256,56.97119123450074,-39.278538800084604,19.57260628163547,-12.673196929004053,-34.90795673190842,45.455468749947734,-10.487366290767769,-36.22707978155362,46.4884771044525
975,57.84690182957181,-38.47691383213249,19.311575291551858,57.187028331383075,-38.86656608741374,19.54762107192132,-13.13188304360172,-34.96319017969679,45.596613809767426,-11.101511063426813,-36.23420788013477,46.57655712430939
976,58.06195179695537,-38.058614374954715,19.26641574173771,57.4032579774972,-38.45040190573198,19.518165197356108,-13.530176993054113,-35.08608118139718,45.68557339577224,-11.47815897822152,-36.35456320828103,46.605898373587095
977,58.278240189031834,-37.6328190813438,19.222459142527924,57.619925006149515,-38.02620323256474,19.48740854625802,-13.808218206215432,-35.151184851439325,45.722069357206465,-11.660964237095019,-36.33445635898869,46.59645782290083
978,58.49470195207113,-37.199896379916964,19.19388594460288,57.83645192879085,-37.59697909921601,19.473806983265675,-14.13932996428116,-35.16616568266259,45.71931724669646,-11.849572058556987,-36.416962803374695,46.570982791370476
979,58.71296461648856,-36.76577970833178,19.18093895901227,58.05659131919904,-37.1662452966431,19.47490444453506,-14.485924588893297,-35.04436217545945,45.70573183106255,-12.094678697601651,-36.20011706470934,46.56752004659309
980,58.93653702567892,-36.325625372827176,19.181542300868035,58.28228312952287,-36.73060505743085,19.486729984142645,-14.770804712584363,-35.011327673178286,45.66803464288673,-12.157566922360104,-36.12869260547787,46.56172709217599
981,59.159326911627886,-35.883513042404566,19.194458018272538,58.504408470291494,-36.29429033512748,19.50592783201322,-14.900823743780117,-35.037026411543245,45.58687293635443,-12.283623234232964,-36.198943313194334,46.53873111139546
982,59.38406750512952,-35.43992739726537,19.219929167417718,58.72511481846218,-35.85822327276197,19.528373696992283,-14.6437055555017,-35.07577570425083,45.49251889685993,-12.175635819465898,-36.27915856658046,46.488572526719835
983,59.611333296372536,-34.99702234017432,19.262303831509357,58.94749688489962,-35.42175329035883,19.5594236638397,-14.494490095867791,-34.87477283162342,45.42574395440402,-12.124989908985263,-36.1151391745288,46.44407524678627
984,59.84884142780487,-34.56543428629396,19.32079663044649,59.17786283841636,-34.99271417326781,19.598185016961715,-14.384423706299177,-34.55612081254825,45.36469602320397,-12.025267336472508,-35.69714067348242,46.38200178518512
985,60.09384089188713,-34.14018425733506,19.36792531870182,59.415181807252594,-34.56759887943096,19.62453701859583,-14.308439367648283,-34.21914896323643,45.30302440025645,-12.03966635749598,-35.43255905277083,46.31246918703111
986,60.335479350151154,-33.70862061836885,19.399855966380716,59.65262384251447,-34.13499237318546,19.638739296448453,-14.339092963030746,-34.180078310400056,45.21774727581473,-12.28690796524554,-35.35284963340673,46.23926400998517
987,60.570067233242796,-33.27784610493449,19.418048134806998,59.8868382652185,-33.70341559268728,19.644434595445933,-14.206121822128326,-33.942529737698536,45.143249838862204,-12.123779073858858,-35.116499863272175,46.19452296319766
988,60.80216909894659,-32.84365512250364,19.425596962485542,60.12031288709287,-33.268639235217144,19.645476123707894,-13.956332617604453,-33.873589221621025,45.099771357838485,-11.908884659182624,-35.28746423616048,46.18122582596256
989,61.03249068108973,-32.40556587469647,19.426633250286987,60.35334481127495,-32.831480103441166,19.644665031589973,-13.344053104650897,-33.58226278880541,45.08477071162508,-11.021131291851164,-35.14445900901698,46.18030935106569
990,61.267869156018584,-31.961804047873777,19.413959821536956,60.592549316630205,-32.38775544092295,19.63774441131874,-12.535258558940006,-33.46362802665859,45.0770709509076,-10.06486043427978,-35.042467477403775,46.18792722883889
991,61.50571413427012,-31.518560764425956,19.386996589421408,60.82982123036757,-31.94639288120251,19.625202920584954,-11.717985555264574,-33.56977302528163,45.09562075731751,-9.229725765754242,-34.98648013479669,46.204792839152724
992,61.74239531789047,-31.073435509519477,19.366612131970736,61.06576232252277,-31.505075690119128,19.6196366531685,-10.933878066382785,-33.50183151403418,45.138104416419424,-8.70833104022506,-34.77042301494742,46.23453578170004
993,61.970313238941344,-30.626173527156716,19.352481707023347,61.29408439790512,-31.059836885508393,19.61811674129436,-10.0179364851761,-33.36418720381059,45.184868597002904,-8.33788496903236,-34.64945344645969,46.25985501138854
994,62.19537486936186,-30.17230116971745,19.34720113815849,61.51805218444917,-30.60856059178851,19.62173213774535,-9.230156209519931,-33.33855694612129,45.23314994167237,-7.86688890460682,-34.53730638330664,46.28697979236141
995,62.41791479910611,-29.718801426500114,19.352728095871424,61.738801878284406,-30.15810847219521,19.63238538366444,-8.485541097852487,-33.053999619431096,45.281343026235035,-7.449833758819174,-34.44547382175672,46.324646268068314
996,62.640364380677596,-29.269018975573285,19.364862448224063,61.958753279607556,-29.711321132252138,19.64678020355639,-8.439887747617192,-33.08394789245683,45.339331731811946,-7.3895182432175375,-34.506497258366416,46.36924008587751
997,62.86739537267219,-28.821147172166903,19.38642855103942,62.18603746255499,-29.261897694653776,19.66496267309664,-8.517368554541035,-33.043433543622214,45.379217165898545,-7.272099515956191,-34.4630551121781,46.38685172057636
998,63.103528270316204,-28.376969726592232,19.408094175659226,62.420589759245395,-28.817738636423506,19.673566769519013,-8.688766864814403,-32.840966636060415,45.39558924433626,-7.235827136331171,-34.22823396709505,46.382265209316465
999,63.34394034861431,-27.934379883834612,19.419658833278508,62.66075858038956,-28.375192055308403,19.672337776599147,-8.953365128140844,-32.84397185696915,45.40127787813688,-7.483987859906556,-34.16159859792029,46.38373792364253
1000,63.58784113477902,-27.48663398293075,19.420655985464425,62.90549071415229,-27.925601354983222,19.663130716160428,-9.24563291423958,-32.76921327361917,45.390793173686724,-7.766633498340387,-34.0570841224211,46.36814411163906
1001,63.829144926616614,-27.0359756517257,19.41247883842259,63.149357473189816,-27.472917438069995,19.648916017415115,-9.816889346625597,-32.652113810074866,45.345225781347416,-8.207454681038433,-33.91138687306639,46.316219130617505
1002,64.06815850739235,-26.582799688204723,19.392989334165875,63.39028791422536,-27.02127649116586,19.629415059703508,-10.490209395234698,-32.35503512132549,45.28295145535027,-8.661763143445013,-33.54116690704672,46.2610883052128
1003,64.30701814785935,-26.130038336907546,19.363348251029013,63.62905270870501,-26.5733302994886,19.605650218675613,-10.616261557705865,-31.93859281087913,45.19424173982908,-8.536896374417498,-33.19838810323307,46.19377194342165
1004,64.54668748245378,-25.677929869753992,19.326257703318706,63.868740405794014,-26.12351987564019,19.581001021037586,-10.6401751949347,-31.376181820426634,45.12116941092178,-8.22190590425618,-32.62875989382276,46.14375060599007
1005,64.78775662993685,-25.220622025211313,19.28731922499895,64.10887179363385,-25.671470076388943,19.553016508573492,-10.640415310036506,-30.6968648689714,45.08219834127945,-7.9935694106934445,-31.80719004227592,46.13251064375393
1006,65.02629951329152,-24.76380139376819,19.25617380986234,64.34617455268473,-25.218891396538545,19.533019879195344,-10.479454692223689,-29.73054429197728,44.98625147532623,-7.860285776556515,-30.87267035991571,46.05147213064924
1007,65.26176678422262,-24.312994476110845,19.23541671619377,64.58147887086264,-24.76817468519628,19.521908298703803,-10.255762427444957,-28.899689031716356,44.915985727934874,-7.748090520001985,-30.266496953527124,46.00594195432663
1008,65.49687570448202,-23.86040485313262,19.223961150676217,64.81690416129251,-24.312457163574436,19.517711450965887,-9.933486667416153,-28.246837021295406,44.871707563711766,-7.73297013673902,-29.977857434441788,45.96776488948595
1009,65.7258860708682,-23.404448888119013,19.2180226553334,65.0447966606923,-23.854240117556493,19.51647268195687,-9.534634583160484,-27.466062303464373,44.82258036369199,-7.715993857878766,-29.31995748151173,45.91708124244937
1010,65.95347376273092,-22.946284258144672,19.221241020003976,65.26956012326472,-23.396659910611685,19.51952550096282,-9.507608817818257,-26.78904627429297,44.83408000752682,-7.736045593675419,-28.873896629743562,45.93533380325163
1011,66.18558109391822,-22.490724645108703,19.235327993655673,65.49799891200523,-22.940444823282906,19.527748310397666,-9.710855722242732,-26.509278740637463,44.81812061761462,-7.874621251336294,-28.773824389791127,45.91004352624179
1012,66.42170444521092,-22.036289154191202,19.257038934510042,65.73192338327911,-22.48495765091191,19.538780233971785,-9.939264013439523,-26.575586271114705,44.79834708915559,-8.045705207243195,-28.816777301060444,45.91661148851116
1013,66.65938577602802,-21.58484660010666,19.270471284486874,65.96816597438475,-22.033105513606927,19.539852144195926,-10.11169977647802,-27.124550948256893,44.86527404429897,-8.143529446037489,-29.251972306617297,45.97453449454342
1014,66.89578009691519,-21.132808561658166,19.27408545804493,66.20521529993687,-21.583193737773662,19.53220760186322,-10.13696436086056,-27.374682719852494,44.91672068836941,-8.009551415154517,-29.323315212183356,46.01717417812168
1015,67.12852363238201,-20.681299853706136,19.269587846164704,66.44257633392543,-21.13248792114457,19.519736202565586,-10.258862683415092,-27.56340807047749,44.98417062746193,-8.115873122156884,-29.489163988378706,46.071310987252744
1016,67.36135570924402,-20.22439001187586,19.25714942389953,66.68085005227994,-20.675900027299626,19.50269865936027,-10.509954255370326,-28.005037048071355,45.078013581247795,-8.360786770214917,-29.54565966493101,46.135529791581384
1017,67.59177907633246,-19.768343887973177,19.235488460733162,66.91569694823305,-20.22167577166931,19.481021764825336,-10.657988115270358,-27.951566967824025,45.13615756560327,-8.454325738856431,-28.979316231681114,46.1935018193649
1018,67.82243026411297,-19.312584236029544,19.205324363083054,67.14836511483558,-19.76691494891009,19.456136177913756,-10.706258981348608,-27.510158383016673,45.25551627610662,-8.519779629357155,-28.238690018386265,46.28349409972319
1019,68.05383267385857,-18.854696205769383,19.176301991262573,67.38012293988523,-19.309526498650094,19.442341992184456,-10.683830662589848,-27.09447885308039,45.34551757046031,-8.531618080521596,-27.80808971537566,46.3411317087011
1020,68.28410382511667,-18.399803099132807,19.158316780356145,67.60807888020675,-18.855275121775048,19.43860763466251,-10.72418359508909,-26.4216240999044,45.410833371561395,-8.574152021450116,-27.504000860121298,46.40686854354392
1021,68.5118431749709,-17.947192463083557,19.15144422173371,67.832434547955,-18.404336364495002,19.442648812696184,-10.805732851708559,-25.903859499790713,45.48011914988515,-8.462283404290817,-27.19201041807658,46.46002309359408
1022,68.7410297344636,-17.495782618304016,19.15459013940438,68.05880979171728,-17.95374632430312,19.451690943740346,-10.861725162219365,-25.291556707374248,45.50929505597294,-8.547083738744623,-26.929787706529297,46.468862626568566
1023,68.97092466056799,-17.052362428876418,19.169688951439536,68.28686758885574,-17.50929774444899,19.467132802327555,-10.619641740593526,-24.61481658900657,45.49937127611942,-8.364407866557015,-26.554094214022697,46.440591071215245
1024,69.2038399489716,-16.604807689472832,19.194349585797003,68.51900985430949,-17.059627481839893,19.485537757849958,-10.652460199745706,-24.39917812141356,45.47882524085768,-8.510228699493869,-26.283719118985672,46.408174822417465
1025,69.43066695562675,-16.166286159958165,19.22831826613502,68.74557064451001,-16.617250399454452,19.50575354058982,-10.801024381113479,-24.410309159824724,45.41905865566598,-8.775397769159978,-26.09962129618882,46.36993328327441
1026,69.6575967233454,-15.719837235990571,19.255308645175184,68.97410518644416,-16.165429327816934,19.517304411864938,-10.907794088632146,-24.211684952394535,45.37127391754568,-8.886041254513692,-25.81881956672081,46.343025721888424
1027,69.88152934791783,-15.270909108614287,19.27104678127142,69.19882943575719,-15.712205628540225,19.51933067614022,-11.115091509425673,-23.988410987838158,45.29923305896074,-9.147094093594765,-25.599270307531427,46.30694664503357
1028,70.11122402638499,-14.819260543047594,19.276641247856286,69.42988566145046,-15.25789385872167,19.514946035218227,-11.333091108557717,-23.804590440399608,45.29405484359358,-9.223843077634937,-25.412521805407497,46.374700249744905
1029,70.34538700334829,-14.366884222982286,19.27483125975764,69.66523601255304,-14.80461224154199,19.507564464119568,-11.723278764482984,-23.545105720936895,45.30563234115177,-9.701618320531349,-25.1438118004983,46.417137728835506
1030,70.58631116518136,-13.914238021280097,19.26128266510733,69.90676531943313,-14.355003277331292,19.49399443930813,-12.163445008700286,-23.40691121728629,45.31470287596368,-9.90229567418291,-24.94113355940223,46.41544852834781
1031,70.81907226751002,-13.456685897995001,19.233701206758234,70.13878381996383,-13.90144717791002,19.473012070039367,-12.285322059992243,-23.336747391602465,45.369468035631684,-9.908299821387773,-24.897298712726613,46.467124070708905
1032,71.05042645205742,-13.001446665929997,19.195414556186407,70.37027746576055,-13.449110075957684,19.448299199011533,-12.247652669579058,-23.117462475606164,45.433985944720995,-9.843110924143144,-24.68003954398616,46.507162374994344
1033,71.2868587372405,-12.549093714640723,19.1684008780967,70.60730240914305,-12.999214465241613,19.43642442331887,-12.530556572460167,-23.16685886355882,45.5027374917342,-10.134346929528084,-24.75229516775017,46.54843894650618
1034,71.52136762597657,-12.091182895187767,19.15387785337465,70.84237775582284,-12.542487740218807,19.43531662028734,-11.99000016912533,-22.79802423968493,45.552007970268235,-9.386757756837403,-24.22588107266779,46.540769270350886
1035,71.74825025183924,-11.630401498459069,19.150649121736432,71.07068162457017,-12.082467160111392,19.44150046957981,-11.68349840921509,-22.306672857161768,45.50406896181528,-8.983432951376006,-23.62267207893174,46.49334560951215
1036,71.97271187313224,-11.172135928130714,19.157265746250417,71.29447830056591,-11.623789705152056,19.453972717036674,-11.138646770938504,-21.838495181029884,45.46437271995362,-8.748385057331637,-23.073660993983385,46.45638488836015
1037,72.19662457317338,-10.71391735001265,19.17597456217437,71.51689791851594,-11.165264288926135,19.472166845008516,-10.96659069517083,-21.212164334784628,45.45384686510589,-8.90269810263935,-22.41971116689957,46.430891769531726
1038,72.42374519186217,-10.257652615230015,19.207555849057467,71.74055850389874,-10.70904013909433,19.495959273857288,-10.800142642285183,-20.574359224561906,45.40543785698724,-8.873605892050833,-21.988455830436454,46.408643668269384
1039,72.65291092777933,-9.803516405864096,19.24049069269625,71.96574878442009,-10.255925009311541,19.510613846571225,-10.957141004947443,-20.221722232970723,45.43394335480568,-9.242116033190333,-21.857895811071305,46.4966091305963
1040,72.88939326461751,-9.349881456606363,19.261846177476592,72.1986896844765,-9.799610175779124,19.51545171551132,-11.013780289843297,-19.656981673912092,45.460789059481186,-9.742714494446254,-21.70723536511226,46.56915286060703
1041,73.12330017311015,-8.902301125410965,19.271353853681894,72.43176345597102,-9.349468795181734,19.512982227682627,-11.66618545859585,-19.46037199212879,45.492474814409825,-9.99864877899452,-21.517899763252125,46.605998517069
1042,73.3573509880284,-8.45215910495506,19.269139926611164,72.66682193959116,-8.898219660566733,19.503363672496018,-12.045214500848283,-19.45679596939363,45.61681689326888,-10.004168683577193,-21.464034707221174,46.723045849499904
1043,73.59290352278687,-8.003424893905924,19.25576181586777,72.90355997667923,-8.45091175659395,19.48832342576334,-12.58131276369435,-19.64312634604729,45.75887448905009,-10.305311385879154,-21.62021210989369,46.840824386028046
1044,73.82802752675956,-7.557243943941177,19.233055436454162,73.13948085316122,-8.00533745830055,19.47057190434313,-12.812630988061997,-20.199121788438546,45.89295335887254,-10.453602944808166,-22.035300560645673,46.92740327230951
1045,74.05783500380748,-7.107837353341217,19.201777689595662,73.37066462289681,-7.5566832624170654,19.452573562578536,-13.044019499044687,-20.605471118157215,46.06810569755499,-10.43031705549762,-22.252312177588813,47.04995945898223
1046,74.28321348548228,-6.655954209927692,19.18081249113381,73.59693165113485,-7.106822562769366,19.446889707285138,-12.962435725718459,-20.585750562810386,46.14539173140628,-10.37530515283349,-22.0362964479494,47.117663123507164
1047,74.5038712502226,-6.204544603810491,19.171846719777047,73.82067150517925,-6.65139179993115,19.45164573952895,-12.683370130712023,-19.997060739329406,46.19585341800632,-10.264380639106657,-21.028470734242347,47.138808386357844
1048,74.72818406542392,-5.749615726863177,19.17616943797219,74.04691710349692,-6.194888853920953,19.466637282152643,-12.311902868639773,-19.063221617553733,46.242109849327086,-9.904972422457066,-19.67123976598336,47.12577204277608
1049,74.9545973317967,-5.295110259965601,19.19435236730155,74.2759596718642,-5.73720060860755,19.489706474905898,-12.18534790064531,-18.06911399178899,46.22556469010674,-9.758285447099247,-18.59196571467598,47.11309346466452
1050,75.18638259336394,-4.839639899843091,19.226687727230864,74.5076904892997,-5.283466791948984,19.520443973307884,-11.795924545791097,-16.886005647948853,46.22716900815654,-9.568016307398198,-17.672161951023767,47.15136494711159
1051,75.42424701673123,-4.392176049291485,19.2712581084662,74.74343578507109,-4.8384950840107495,19.555643955861424,-11.616488366044639,-15.39156924398716,46.28281209151212,-9.620138689760795,-16.784013625413063,47.25203512907619
1052,75.66661107120123,-3.94596772043025,19.323801147323966,74.98301749711881,-4.39279820927097,19.59223315624794,-11.837203553707917,-14.264786862326055,46.35900935570546,-10.092927752805387,-16.466243056713985,47.41666907236882
1053,75.9052851906116,-3.5029408837512617,19.36627404883106,75.21640931320762,-3.952830377138958,19.61780992775784,-11.925748597594628,-13.314242556417602,46.473315195198474,-10.250442722563257,-16.07234498435466,47.56981615623755
1054,76.14165899760336,-3.0655420089858616,19.399563813255888,75.44727078969893,-3.516383110344323,19.63578155213256,-12.038218862046424,-13.168282170203534,46.635103154444884,-10.321279443662297,-16.052004970884024,47.72817688026402
1055,76.37515292313986,-2.6268208077850304,19.423789169795604,75.68016698083576,-3.0748879526481137,19.648663842526325,-12.443296012936608,-13.52371668056748,46.836030650078065,-10.495050237247236,-16.195640518223204,47.88855482980484
1056,76.60660029389551,-2.1907043624095026,19.438904658645342,75.91320034883131,-2.6328110026604823,19.656471221138236,-12.80129941644832,-14.031402895437418,47.04392685812652,-10.710812257254032,-16.525442840335778,48.02031712049845
1057,76.83995614869619,-1.75375841105605,19.442482480111295,76.14834357281356,-2.1920159902614866,19.658762794290666,-12.888177763232878,-14.465253546192134,47.248994398556796,-10.432583676702384,-16.634975158521158,48.16713771738099
1058,77.07355723725188,-1.3122403910637552,19.432887363232737,76.38608379784208,-1.748585290909078,19.654790595517614,-13.037325807791719,-15.22047278905492,47.429176975003394,-10.505693511518515,-17.015081058843215,48.318005385745266
1059,77.30236831706462,-0.872333583737595,19.421472348457698,76.62097397809434,-1.3060123118034865,19.66028776418161,-12.738423512822385,-15.827387405351933,47.5815975312047,-10.382987194518579,-17.49701546206265,48.48346571287245
1060,77.53020774436388,-0.43047084317599804,19.420878855216785,76.85111653358939,-0.8656626562538023,19.676361389483755,-12.617627606917946,-16.60080960831484,47.75406679841357,-10.317025869276438,-17.983663194339318,48.66308105696031
1061,77.75991694630412,0.017010721699441234,19.434045466486285,77.0804333291851,-0.42526558245791696,19.703154271261766,-12.508123622800657,-17.186390975386473,47.92570097220322,-10.228443719263032,-18.40017283903908,48.83961139697159
1062,77.98498643432286,0.4602964328598787,19.460678998926213,77.30710470707582,0.016865602759620457,19.738028024811495,-12.160704175721174,-17.50810511475528,48.077979700592934,-9.940178056646266,-18.529601054582262,48.99157348555305
1063,78.2126568421673,0.9064257446553166,19.499909788240434,77.53567527052815,0.4638963839378189,19.77828730443703,-11.92153204263101,-17.845966863145108,48.25090983234044,-9.934474717043779,-18.873216203362563,49.14881671862717
1064,78.44166682592551,1.3506871965096587,19.552598610873982,77.76365470685035,0.9086139893101279,19.8246452137177,-11.84339059625194,-18.066452544949048,48.36114680374583,-9.707854728580648,-18.81407109267107,49.2232117887581
1065,78.66989735360394,1.7887880838283623,19.618983337061447,77.99082219126717,1.3495036806813683,19.876150231936172,-11.742070331250822,-18.087111244327343,48.42881340692491,-9.778379917151435,-18.790302516361113,49.25936948050174
1066,78.90103846373802,2.2255199748727414,19.68547039801599,78.21941319467702,1.7879385204888942,19.928981341761318,-11.802113015940135,-18.08208183069357,48.44651178816233,-9.877046081628583,-18.906552627956366,49.26184924021259
1067,79.13141626600863,2.661868039999137,19.748500324398858,78.44643434486431,2.2261290928626605,19.980631117107126,-11.938340683275237,-17.751164954603688,48.40872278483409,-10.09733490569136,-18.649104858020447,49.233208989678594
1068,79.36240480122264,3.1022547279596675,19.80681941298882,78.67405374316382,2.6654723157857863,20.029793357950034,-11.896651116700093,-17.17919117502271,48.31974771490169,-9.994481192560794,-18.130383831736285,49.169207309433176
1069,79.59470126004506,3.5367500597239996,19.85598079211655,78.90435642208905,3.101528142448165,20.06886661064744,-12.052296240896174,-16.77778186165679,48.205502897923544,-9.973677884328911,-17.75771878726644,49.09617127313506
1070,79.81807098314579,3.9617292873600625,19.898892407787685,79.12640388218517,3.5251750419607437,20.102362344039136,-12.086235977426227,-16.266563415206818,48.06861094186249,-10.01901269197205,-17.540075932828394,49.03622218656778
1071,79.99719519871294,4.382195972305175,19.93137560547361,79.30300787487273,3.9382508009050996,20.130196508634388,-12.187536229394269,-16.075763497883838,47.97700160614881,-9.903082795926395,-17.466564724480506,49.01245952379443
1072,80.09556100240148,4.800825036529752,19.957450336839454,79.39964689860916,4.344442492232706,20.158350666875798,-12.120806608075478,-15.960672445153504,47.88991585807785,-9.78417218865667,-17.54992062182127,48.96977300302368
1073,80.08407197944419,4.4037023380691,19.97833628301728,79.3851297758986,3.958278537493446,20.18467579278722,-12.150404905981114,-16.224918684698228,47.83032991068884,-9.893257058084709,-17.55624824089743,48.94311532179112
1074,80.02320261878694,4.7578861187314825,19.998659292295695,79.33014389436336,4.30843985821095,20.21618275519605,-11.947830847893885,-16.06873469838941,47.796449948556486,-9.81084957989426,-17.48989598577213,48.931186803967535
1075,79.91107685283089,5.050921656104165,20.019809338777005,79.22108576157036,4.608233912136014,20.251785991047306,-11.74922736484866,-16.146552972577496,47.79579255322451,-9.771495716093941,-17.39632634984491,48.93121708945285
1076,79.76953924893526,5.273983216408116,20.051252222699976,79.07002703743656,4.847996777051002,20.29219864375911,-11.55223304218072,-16.105589245031986,47.82081584264937,-9.770664413469403,-17.294363329924696,48.94126241564407
1077,79.62048219440148,5.431214014438616,20.091386487076065,78.89881041770596,5.02224584605399,20.336571208309845,-11.425002162992806,-15.956513966420536,47.854335174756734,-9.800523313063875,-17.20081663293596,48.959333872372376
1078,79.47264597431347,5.539464212745411,20.13554004195292,78.72204252255136,5.14036243285758,20.381566436324707,-11.421793187242752,-15.888419090899129,47.87628649983808,-9.853535770160168,-17.123430595136266,48.98277821887199
1079,79.33864437762955,5.609187143081926,20.17997519250349,78.5534017871482,5.211615513431618,20.42545593198353,-11.553678124572716,-15.837180434240816,47.92242837816899,-9.9194613158397,-17.0660578502224,49.009635109918605
1080,79.22346765256813,5.646618687440665,20.222379157726778,78.39988272876276,5.242369631153257,20.458307519836005,-11.663957572865238,-15.817273113534503,47.96651936157236,-9.990253629583183,-17.030902407156052,49.03765650255556
1081,79.13268090059387,5.654424681159651,20.25504089429135,78.26948572103807,5.2367630516285235,20.481251531192058,-11.74887888028707,-15.824661528854248,48.00107319813203,-10.056994347438241,-17.019206436179466,49.05653958024464
1082,79.06593250072443,5.637215749170822,20.27546215862654,78.16486296934637,5.20248476129182,20.493880090445092,-11.811625135838751,-15.846233895717578,48.025471184179125,-10.113208344006859,-17.027187046975822,49.0662550509174
1083,79.02329162693007,5.605717588537595,20.28339561008764,78.0884894095017,5.1498593855517045,20.496468220879894,-11.852931156881313,-15.876833644150205,48.03870190453675,-10.156943702456113,-17.04779345283771,49.06732923324639
1084,79.00072770836282,5.56742117397195,20.27877947225011,78.03921243008787,5.087912203582707,20.491007211177354,-11.873976813691979,-15.910627479885289,48.04071170325024,-10.185017250127292,-17.07552895799827,49.061926903275584
1085,78.9934833661748,5.528748264051745,20.26347137375473,78.0082527403087,5.025181789407828,20.48168456889765,-11.881370681235497,-15.942881259348713,48.032662021014424,-10.203375751439232,-17.106981433915795,49.05284331218998
1086,78.9828049401129,5.48155109361475,20.239296388101142,77.96814555953377,4.955259840747555,20.471923540796944,-11.889043282541326,-15.979841982489473,48.014404481726224,-10.227855482196855,-17.1477865315442,49.04022387522419
1087,78.94624455348257,5.419177205410221,20.212551996334838,77.89445757832982,4.874388369262355,20.45919965235817,-12.924190363432825,-14.99384720210604,47.97529913248666,-11.689977186488406,-15.753965022874409,49.007684898357894
1088,78.86852130493737,5.344914014359202,20.18522266273856,77.77808331993133,4.7871707357317135,20.444645656163225,-13.87777588784159,-13.939017232836553,47.941010967567614,-12.784483096364793,-14.582088566474319,48.98353544391295
1089,78.74698147728894,5.2539727968111745,20.15791521436075,77.62339227139121,4.684753173300357,20.42764418105518,-15.098844868749103,-12.544441798468496,47.90635563340872,-14.055201410942184,-13.203611554149802,48.95794624197304
1090,78.59908853175754,5.132373149711326,20.138723113604556,77.4584462156679,4.5543155177452,20.418451113896243,-16.454294373632205,-11.402081480940796,47.893952699744055,-15.213108334624543,-12.384332645855443,48.958958537717656
1091,78.44132091445557,4.951356418008065,20.128970300421972,77.30345706290358,4.371763380030022,20.417395476427128,-17.925698781859968,-10.364136380092146,47.87805657508068,-16.135009664515746,-11.700408060233208,48.9494237608256
1092,78.30016878200998,4.697773605054632,20.128915463197185,77.18128055941818,4.134021904645779,20.42380218357531,-19.625878824285554,-9.626454195131927,47.8476472517208,-17.031663337269617,-11.285083861552426,48.9339259184229
1093,78.18633067913962,4.387417912924729,20.13420983596431,77.08692161402439,3.854147326387976,20.432702497742135,-21.50801010129231,-9.0707883495161,47.82539589436878,-17.920823540252126,-10.957648748344624,48.94414876181032
1094,78.08169546745351,4.043592899519202,20.146122016578285,76.99575028880446,3.5455048101896813,20.44328926688487,-22.085774864941875,-9.065592804087292,47.851979303262404,-18.725668258580622,-10.807358531034593,48.9712520067798
1095,77.96221666501091,3.684366038718598,20.16472199257875,76.88623105305547,3.221368895955321,20.455594900143012,-22.474825189454645,-8.973725963865254,47.90036564967153,-19.119027654889283,-10.681414108501764,49.015928963634714
1096,77.81207080789427,3.3205156425682736,20.183964804840734,76.74573881127301,2.88903025511839,20.461087342725193,-22.55593074272216,-8.9659937753535,47.97158095004168,-19.569508795009725,-10.617293716815547,49.07357261262816
1097,77.62765681557113,2.9572007052831766,20.19497912180164,76.57298826325021,2.5559481066429868,20.459898025987442,-22.654368609943646,-8.790486824096151,48.036579225165106,-19.955401135893762,-10.5102628831906,49.13355673888489
1098,77.41706116545154,2.5954253340847173,20.19523843734048,76.37818653394524,2.2236724722182553,20.451790291414248,-22.80276949958873,-8.931188766943839,48.1319457056191,-20.262181113313897,-10.643467130186373,49.211314198322235
1099,77.1962500835446,2.232587747379864,20.185621552170357,76.17565822079487,1.8874873443009026,20.438438948758268,-22.62376797417618,-8.964277437151766,48.24318342420248,-20.10888991096833,-10.5629873174661,49.29889083322547
1100,76.98114352247302,1.8556689798538792,20.17127091183219,75.9754067778463,1.5311327157635353,20.424723492694543,-22.435653836693554,-9.119935727590063,48.36188314458034,-20.08516959458874,-10.54227588107792,49.41257403998928
1101,76.78340471263873,1.4646013889961433,20.148554079299462,75.78771507922517,1.1568346137864585,20.406871193230923,-22.165214507351184,-9.23926428297875,48.472276101554236,-20.052279199016418,-10.542238729556818,49.50673421393389
1102,76.6004458728511,1.0628325130971157,20.119110860619696,75.61236398981603,0.7698730653823076,20.387384011852127,-21.91680296599751,-9.185255249585294,48.571220695106696,-19.819380805932425,-10.356945073731758,49.58386323979271
1103,76.42083533474319,0.6508607998469065,20.10027505112563,75.43923625272552,0.37100866336493865,20.380662293622557,-21.694781799735058,-9.073155486622847,48.642872144782274,-19.816588702751083,-10.188704710463307,49.62560900925383
1104,76.2422357719748,0.23945732286547006,20.093152628340533,75.26722714336414,-0.028833721709071836,20.383938511204096,-21.622846848754175,-9.096764727667342,48.739790194890205,-20.057191657809398,-10.21670624146024,49.70720821407574
1105,76.0516766380327,-0.1713699703618045,20.097488824852807,75.08234136850672,-0.42692795652751525,20.394804901340322,-21.264124489395613,-8.610361239631716,48.851158646440545,-19.831701835921898,-9.751486670954455,49.81926667649566
1106,75.84783491827592,-0.5839789444544543,20.11156017465321,74.88318620351592,-0.8259008800284344,20.4111128664005,-21.10033422832547,-8.312295991404676,48.942203960098084,-19.546107399240096,-9.42464155773871,49.91412362814729
1107,75.63740772478192,-0.9873136618850326,20.133803235688237,74.67570597478068,-1.2191427139121747,20.433381317704406,-21.026963556929733,-7.849243872652937,49.00326420273003,-19.544817143689844,-8.978730771206841,49.99012606632265
1108,75.42053958080247,-1.3924564724698156,20.16758334689122,74.4603141457603,-1.618020528138068,20.46024926050635,-21.034686209401457,-7.327179286534396,49.08961681623274,-19.645365271741102,-8.557203461600702,50.08974677755301
1109,75.20506616906407,-1.8005549598259825,20.211826250569608,74.24543512354248,-2.020871837096756,20.490177245180686,-21.387770718103067,-6.9487635493358795,49.208246380029344,-19.986066643235432,-8.251537879513988,50.21743165074123
1110,74.9936845401279,-2.2102418411432545,20.24579625187161,74.03258061110593,-2.4244412707406506,20.507909406949967,-21.749199116642526,-6.530301965168294,49.36812788843049,-20.44554648592135,-7.920319695019043,50.35762506203564
1111,74.7836279439243,-2.624750143048754,20.268458620466184,73.82332230945127,-2.8338939095671556,20.515588543264215,-22.484312233035343,-6.199961964963151,49.54743255225238,-21.581822213516936,-7.926436978908625,50.548726626969724
1112,74.5789734475886,-3.0436276683153216,20.280265311961305,73.62035320593822,-3.248345425650082,20.51660825777789,-23.32379853364895,-6.168956813626386,49.81572050759971,-22.211071221624806,-7.869613573605073,50.866549174762426
1113,74.36835399515995,-3.4695474046911325,20.283907252396016,73.4116843679402,-3.6743724905264226,20.514937252933212,-24.228996049108726,-6.087924065082587,50.17394214649543,-22.706099901769786,-7.78985766887141,51.250835975884534
1114,74.15058488512483,-3.8968465729416373,20.276141984778146,73.19891011140896,-4.100008331222335,20.507384721877248,-25.006740711478916,-5.958927686310951,50.57206198622848,-23.168744603707328,-7.485627334730319,51.61549519374473
1115,73.92699172000248,-4.321276022881072,20.256319277585284,72.98022978275407,-4.524785976600423,20.494237567939606,-25.740291968933604,-5.926629371127017,50.94488210183934,-23.581435082104377,-7.327606237575103,51.911493898418016
1116,73.7003381642586,-4.743731384865039,20.234749832922294,72.7591515514494,-4.945929810518505,20.490524765115197,-26.288888544356762,-5.873360354397183,51.27099834569481,-23.90726338099243,-7.21295414209284,52.13380327850836
1117,73.47193214848599,-5.1697762836374155,20.224294836027436,72.53464581432317,-5.365514840045401,20.496354013005835,-26.88173819478232,-5.9713260677079765,51.55247621188897,-24.40858835897159,-7.243566924978156,52.288634319131965
1118,73.24497423942107,-5.595211868799092,20.227278899142735,72.30984083821981,-5.783325792600463,20.51133811967338,-26.946017157615323,-5.9129969032684215,51.779465534729475,-24.84477990775262,-7.284598957242106,52.40366161162028
1119,73.01561728442063,-6.021561140176096,20.24345031576345,72.08177654743974,-6.20380210686081,20.534446408231236,-27.117747509526843,-5.818411512589948,51.88435677669263,-25.066795284358015,-7.210511179741292,52.4958706799726
1120,72.79101987157115,-6.441972032468668,20.269616140285883,71.85596622954944,-6.620317615414314,20.563076037931708,-27.278189835865398,-5.839468754736128,51.90163315283441,-25.214928124451657,-7.280510754846463,52.57496336009183
1121,72.5698211878371,-6.863977579906638,20.3087801420833,71.6325013960033,-7.041713911689989,20.596996580953807,-27.239391411533845,-5.946132649183275,51.87761938311278,-25.116185332789204,-7.2174366327509585,52.63971755909624
1122,72.35114359447098,-7.285291089034263,20.360838643201856,71.41193109057535,-7.463189266743964,20.63523648430295,-26.89720994451805,-5.670986914261798,51.8615549524828,-24.66089162124044,-6.722317248673916,52.7058017318047
1123,72.13201058564972,-7.708502986793721,20.41409979711569,71.19308807662205,-7.886400412011696,20.67564849652115,-26.74209600992424,-5.6562739811677405,51.84967050386737,-24.55476763556988,-6.706777682612686,52.75122615055953
1124,71.91290715629687,-8.130576073572893,20.459661271388416,70.97483921506125,-8.308924026155859,20.707138418566597,-26.520865565248418,-5.723294514040435,51.85378404817988,-24.616088282422265,-6.937042284681567,52.79085593419495
1125,71.6922693445867,-8.55571902175123,20.497093983781348,70.75561394962,-8.73425032380369,20.732319749884834,-26.79212585852512,-6.140562198645092,51.85536714779753,-25.388405758705286,-7.630353248064576,52.8127360117754
1126,71.47315593761027,-8.983897539107215,20.527021100464538,70.53518272064066,-9.165073271974554,20.75371837038489,-26.97520655028136,-6.477581241354511,51.909388267170236,-25.759425262177125,-7.963043328163532,52.90093531856469
1127,71.25368318579008,-9.417409145943541,20.54671240794333,70.31562528827742,-9.598022610902655,20.76800530834829,-27.2419108152056,-6.859226807548549,51.95161847861063,-26.14097709199224,-8.42012818295707,52.96101154561363
1128,71.03780082216863,-9.852165819889787,20.55588453567736,70.10073159332023,-10.03488265927849,20.776514836410303,-27.761272938904977,-7.396654145679023,52.01142935589915,-26.58640130263448,-8.87905561145461,53.03540338589662
1129,70.81949739618136,-10.291667087713382,20.557030036326488,69.88245660612311,-10.474361994123209,20.783115192166605,-28.53661304480246,-8.37213927546092,52.03885131430698,-26.929726980908672,-9.410349587646602,53.064733975661326
1130,70.59682463963877,-10.731499705406254,20.557668439473964,69.66026285203806,-10.913083618263867,20.79795326737261,-29.051118097526828,-8.997925488767082,52.10235066556295,-27.08821728090496,-9.736637748917866,53.13372862948615
1131,70.3660434474549,-11.172356657376463,20.56794712077388,69.43065143437644,-11.350417271822637,20.820626766976414,-29.24912923490398,-9.46438219296905,52.160055921615836,-26.9129013077284,-10.022035141432982,53.183283957274945
1132,70.13280867041014,-11.610245673860367,20.58830078504048,69.19851336034588,-11.783294681618685,20.849994797805973,-28.907912746813263,-9.598355627495957,52.23933459062776,-26.747093171181906,-10.282780795304058,53.23079979489821
1133,69.89903665111383,-12.047103666785778,20.61605107893736,68.96437142253231,-12.215949275797966,20.883678526715958,-28.723207942181038,-10.15566924536033,52.22299031667928,-26.584055933494163,-10.864707903050515,53.209859297835635
1134,69.66564129558724,-12.484405003652643,20.653694485327044,68.73032475377678,-12.648256588487433,20.92208262776538,-28.789674138554535,-9.82787786021779,52.211721842037385,-26.89740551245255,-10.278929760647515,53.19018193375873
1135,69.43463459669945,-12.918117685874321,20.700300328167835,68.50164934753275,-13.079684454478066,20.963545710267827,-28.883372675025146,-9.82872823755616,52.18090276491478,-27.327554631924,-10.361228339649386,53.174899760356226
1136,69.2080982800906,-13.353779462393279,20.75491925823061,68.27759430837142,-13.514186619011735,21.00763774081383,-29.062356011978586,-9.704787560052663,52.15839443598527,-27.781330093297598,-10.419535771431203,53.14437240910264
1137,68.98680063623691,-13.785786932534975,20.808967601604976,68.05876646557137,-13.946856944920112,21.05269530411153,-29.442369093810655,-9.780125922149685,52.11308241850046,-28.304070641965463,-10.64876682553157,53.134811564414484
1138,68.76842062885976,-14.220523676324314,20.855035276434034,67.84095986693158,-14.385310745473532,21.089496313967043,-29.77137919938395,-9.560231753506596,52.137910569875515,-28.344927751252627,-10.439208233745841,53.21929513021422
1139,68.54874582682672,-14.654333419930657,20.896768923378442,67.62097566384787,-14.820617596241581,21.123725802761385,-29.920657564128916,-9.238824577400157,52.19127988887605,-28.099148453749255,-10.16114198748173,53.334548632858386
1140,68.32825106272209,-15.086312958504273,20.936769353007968,67.39979570576611,-15.254175972187985,21.1586835373806,-30.01806731350018,-8.763979603511554,52.292845753327,-27.79571027993374,-10.099720423869199,53.43675218365786
1141,68.10448175577058,-15.521302168280144,20.970250250577482,67.1734668311016,-15.689507835300102,21.189419492194478,-29.716881001167792,-9.06261198086441,52.42836902095413,-27.446143306142403,-10.087909524783285,53.55916111419908
1142,67.87843511934051,-15.951693483161042,20.99985631151464,66.94424948186263,-16.119929203823965,21.220452255218568,-29.452205898266534,-8.804713578394821,52.60848005361899,-27.39977790412229,-9.845180703509268,53.720708437292345
1143,67.64834657102602,-16.382937755377867,21.028110540981842,66.71257726259816,-16.549343458367776,21.254396750007967,-29.196286595323908,-8.49737805168327,52.82146994414157,-27.480325789185272,-9.570155003890122,53.87683358442284
1144,67.41836943437941,-16.814382875493628,21.057220927283588,66.48163990462349,-16.978534676155768,21.291669826772576,-28.97624922013771,-8.020656634319716,53.03618847231912,-27.756678379048637,-9.291205762150087,54.01825567641414
1145,67.18479309428615,-17.248943251067843,21.093994991033085,66.24688437390472,-17.414885358104524,21.332936878943865,-28.916525220207344,-7.88729442417059,53.20676447981244,-27.82061768612893,-9.165108562659958,54.16350196141866
1146,66.9537947868991,-17.684109370114033,21.136566090472932,66.0146413397817,-17.85068090299097,21.37725799303383,-29.06779174642351,-7.6328820911044,53.37815902077759,-27.88690881185824,-8.787501827190692,54.33060165146603
1147,66.71994919024489,-18.11861675671562,21.18247844802065,65.78205264003068,-18.28435527611365,21.422971306302696,-29.409965003176506,-7.356611733973196,53.52246589929701,-28.102152501166852,-8.614296780546892,54.43744020049586
1148,66.48591577273469,-18.548911094836086,21.231002554630592,65.55077294472588,-18.714816647287133,21.467448459752358,-29.797135839276518,-7.171877286869529,53.60149729493193,-28.232592569491377,-8.637499543860336,54.47103879515547
1149,66.25356474208091,-18.981436339119824,21.281053649120807,65.32320347780384,-19.146179091748696,21.51272261810827,-30.210744307631032,-7.0017412765640445,53.64758431460395,-28.608676221192386,-8.445067781945744,54.51486057633205
1150,66.0230072295826,-19.41447947370004,21.331648146109163,65.09585334466499,-19.578601145098514,21.558976401301944,-30.737848503805267,-6.99576014472447,53.678136939505116,-29.18784967852633,-8.441610950758491,54.5546428448331
1151,65.79178564489948,-19.844158959292866,21.380869830714975,64.86672008750837,-20.007011859240524,21.604354525025734,-31.240130745278574,-6.839519144425576,53.75201534996991,-29.828854631322628,-8.17100411112284,54.66412517040611
1152,65.56278707615144,-20.26951548341445,21.429004158690244,64.63848749615535,-20.433376937451186,21.65016504764189,-31.762532105875675,-6.6454034660507935,53.83092568733258,-30.21068166166902,-7.999300915995582,54.78944958970528
1153,65.33438522617264,-20.695869369896,21.47578388455105,64.40931036561739,-20.862724723750613,21.69574140683604,-32.12284553041035,-6.696691355746683,53.89033302249618,-30.302942033977413,-7.92652740514139,54.91462285861493
1154,65.10980586754484,-21.126881766036828,21.519622863354947,64.18236331616775,-21.296700740976977,21.7384316336293,-32.29606878328116,-6.822327217660011,53.94948951147425,-30.27717431288445,-8.099820966585657,54.9872700315442
1155,64.8866408857711,-21.561804773576714,21.56191333360911,63.957168724019425,-21.73473938158534,21.77996825178869,-32.33340640014286,-6.631374294898902,54.11002345092792,-30.024962904247182,-7.9554613856323275,55.136206053917675
1156,64.66179190983499,-22.00151979652004,21.60315420586705,63.73283295154629,-22.175880999926953,21.82149000411232,-32.290350923294184,-6.517600890142139,54.25926969916014,-29.982066813632905,-7.739748591677856,55.255985466849665
1157,64.43705671214231,-22.442257072934993,21.64118795742282,63.50839723848587,-22.618331603009263,21.86004371715737,-31.496982927423844,-6.615499736387426,54.4642286309561,-29.17714305903623,-8.016069373970755,55.4346715501945
1158,64.21485222718661,-22.882825205139543,21.6779787804246,63.2872714432933,-23.056430807820252,21.89727377970354,-30.4093253445191,-6.958926551638575,54.59683143489706,-28.298676864006357,-8.315139256508033,55.55410417893185
1159,63.99153288200124,-23.32205442723004,21.715187003770474,63.06603471411749,-23.49060053997997,21.93717930557299,-29.332525490589394,-7.160436753494616,54.76624516414484,-27.479229003813266,-8.39899884853098,55.73712864570283
1160,63.76827638511704,-23.761159550410653,21.752669544088832,62.843374108651,-23.924425456387606,21.978717145621612,-28.343625847826587,-7.408716103282003,54.970791417853235,-26.732429900219483,-8.591988447218283,55.956795324310804
1161,63.54547056546038,-24.19516902608339,21.791066471479706,62.61940950387262,-24.354761776975092,22.019338525900917,-27.580527920909553,-7.615957495520812,55.16433379852717,-26.35095072698623,-8.918478522040914,56.08984546419775
1162,63.32212860202736,-24.623901852603414,21.83145887836176,62.394251921720326,-24.78413983879843,22.06129418032307,-26.921940077973176,-7.909771965618114,55.27530160413156,-25.956836949085208,-9.016835718052267,56.17486585211955
1163,63.099082988035015,-25.054208723571143,21.875130385051126,62.16894050113227,-25.217010430659602,22.10592108765429,-26.187053148116654,-8.662826652189876,55.35493886419143,-25.69716942368746,-9.638168365344185,56.19918209811006
1164,62.87820380457083,-25.485536071603377,21.922758636857726,61.94557914206165,-25.651984402301863,22.152750929305437,-25.988943551862903,-9.253535418005312,55.34505017451639,-25.47754062086206,-10.365085843539738,56.17620714430274
1165,62.65561148882799,-25.912894532119026,21.972681642642613,61.722380914288934,-26.080909103159655,22.20010829355085,-25.775122852661873,-9.735990922310288,55.33544876080061,-25.042729556471667,-10.874027314433585,56.13529926267587
1166,62.43228708857692,-26.34285302204348,22.02371812324981,61.499587186768004,-26.510173980260678,22.248942364803458,-25.546687080745254,-10.224788809305517,55.29692576533626,-24.555883575321403,-11.130040720704672,56.14769510307505
1167,62.21266829925425,-26.767925982264142,22.074198596008575,61.28116603725474,-26.934451802877415,22.2979545023943,-25.50058211649895,-10.24012609370553,55.2274014359109,-24.33139115003976,-10.797358056294593,56.18623268818591
1168,61.994643007276586,-27.194395028210923,22.126313810776296,61.063778209422416,-27.360246628805644,22.347749243550393,-25.363614771817353,-10.127153576702012,55.2151845951289,-24.238490747642853,-10.524640973199801,56.25577608921501
1169,61.77455967070121,-27.62147191559096,22.17594957955694,60.84485549575392,-27.788451126225542,22.39606185430191,-25.414033059189922,-10.164722881678811,55.24359326472271,-24.338132415370758,-10.350949721316054,56.34610661556266
1170,61.549185327558064,-28.045757555641508,22.224337545536564,60.61900578179406,-28.21579593984105,22.443546834594322,-25.383121832762292,-9.93447313707829,55.3294640736194,-24.359773334215745,-10.379257361756512,56.45743556227532
1171,61.321124712189665,-28.46816305064681,22.2736631800656,60.38936368382433,-28.64429631736796,22.49207420891818,-25.33614468199387,-9.519278167427718,55.460951315378466,-24.351731952939907,-10.375400006768174,56.566952028520326
1172,61.09479636628117,-28.89323044545942,22.322065453099484,60.16204269647207,-29.072905674108334,22.539944552818586,-25.566840828700823,-9.11309662962972,55.62925730765387,-24.473314790323762,-10.318678040835294,56.68261959366468
1173,60.86873496443697,-29.3222797098134,22.371994382850907,59.93510178346032,-29.50249078153192,22.590221463596652,-25.769569704054632,-8.804398722030088,55.78236240210482,-24.392747279582647,-10.258092929790987,56.79976634445576
1174,60.64727082497552,-29.753101131510675,22.422646748208766,59.71497566854876,-29.929693940247923,22.641642218803195,-25.818614515078067,-8.92070644566657,55.909679477635514,-24.267545992502985,-10.26527550252808,56.88667771031612
1175,60.426576848591885,-30.186680967978994,22.47458452202947,59.494894366108774,-30.359821868315297,22.694439525657494,-25.695660071331254,-9.068247793758719,56.00044250626089,-24.013251324935037,-10.306284684629397,56.943805512503886
1176,60.20705030003568,-30.62389938393679,22.52854557073401,59.27571511692954,-30.796484244891587,22.74873319222384,-24.852676832493295,-8.988007656520166,56.0826225147242,-22.97681608046189,-10.064358204267753,57.01211135144703
1177,59.98767140560876,-31.061527815999032,22.584101144879824,59.05408492316278,-31.233464756617387,22.803748935940472,-24.246381293444365,-8.86621454177455,56.11830806638477,-22.42110146743622,-9.979583380212768,57.040333994273574
1178,59.764220688782835,-31.50204004369768,22.640614474503717,58.82713841169431,-31.675252283602745,22.858388117286836,-23.832562952410232,-8.659229762327675,56.12482788750819,-22.223501713285444,-9.764993035811772,57.042783739365994
1179,59.53783001911175,-31.942558331700145,22.697133253341704,58.59955670900744,-32.11665043949681,22.91164689141372,-23.456117959847216,-8.426979479489336,56.12086419137652,-22.24471737462172,-9.505338149021032,57.05910160279582
1180,59.311684056785154,-32.38898793317182,22.74619595379034,58.37170821311499,-32.564253156812555,22.95613761860901,-23.39828707548543,-7.967909624970389,56.0747803390769,-22.529203947486607,-8.96425513128136,57.03730923988131
1181,59.08194014371849,-32.843666190009706,22.786609685779535,58.142923901755125,-33.01732683383039,22.99173111906075,-23.408679639870137,-7.407124726112492,56.05176352871814,-22.788700928562744,-8.445728779669096,57.04511266676501
1182,58.8519768949183,-33.297754179166425,22.819555625134072,57.9146437064298,-33.46550923565141,23.02158099339046,-23.50613084428688,-6.864720409379542,56.04763703199754,-22.962975624793163,-8.090900162876116,57.06517198068098
1183,58.62213396153169,-33.74466867437152,22.848234589378254,57.68853695759498,-33.90600137951045,23.050978631074315,-24.211294749953925,-6.516123598191769,56.041320890987535,-23.11945774348969,-7.797346823183773,57.09837790942925
1184,58.39515396527868,-34.18783956164067,22.869963491113086,57.46629682687727,-34.34212552312635,23.076580251052377,-24.812004477343176,-5.94814720970964,56.06135670239717,-23.37318313696582,-7.365379399187461,57.13669277994232
1185,58.174148615030774,-34.62698300285166,22.884779920341956,57.25010809852367,-34.77733446812834,23.098183942137084,-25.402004105046885,-5.425621587413817,56.08734698640985,-23.813153608852886,-6.937875378600237,57.15677619238936
1186,57.95205452768408,-35.066467173789285,22.902050829735504,57.03088150307724,-35.21540182608784,23.127964872983895,-26.007581682872395,-4.96386822426053,56.104601290226945,-24.36561378139687,-6.596609227957788,57.176198496559614
1187,57.726657829040064,-35.506379831217956,22.92803318196946,56.80533321992868,-35.65986204306689,23.165809503474293,-26.29246645597463,-4.588803711776672,56.14029865859157,-24.627366957226823,-6.115213878038847,57.18106306756149
1188,57.50168155833807,-35.94012063938707,22.962469543193176,56.57650804414351,-36.10246186424485,23.20878565129871,-26.60943612573924,-4.2594879341416245,56.15980576497196,-24.912532555491687,-5.706335720626562,57.18678802786536
1189,57.27683548087545,-36.37817358463569,23.005014518733073,56.3465516060507,-36.54761200972156,23.255415885137126,-27.08670499726167,-3.8537794291919463,56.17133451413629,-25.330625638384678,-5.331245539969527,57.19309638711034
1190,57.0510226209022,-36.82637179907494,23.054203055472104,56.11767664503119,-36.9976264068436,23.305860604356475,-27.592513695698063,-3.467267779238656,56.18716502066654,-25.720035101894,-5.048676608720866,57.22077349329469
1191,56.82591923703902,-37.27583786891271,23.112237588380783,55.89297554905094,-37.444319095871684,23.359895415115982,-27.945690760813545,-3.1611510251918746,56.211503138246485,-25.947495899521524,-4.736554345460338,57.26768808488231
1192,56.596187995777925,-37.725898042448115,23.180260867619616,55.667298463460114,-37.89040316318496,23.41797313795017,-28.186771099624995,-2.983563991659275,56.25132325390788,-26.210601124886953,-4.583508628832564,57.31683266564897
1193,56.36631826410984,-38.17777813393647,23.240864925241453,55.441779075611194,-38.33892130479185,23.465747185281465,-28.256567455370305,-2.854153143737659,56.29846257074045,-26.381311140511254,-4.5314023607372445,57.37266321725178
1194,56.135622803760235,-38.63463816598313,23.29156281116871,55.21268989343699,-38.7969617474111,23.503952028120445,-28.352509881940758,-2.893964417258099,56.371043226242975,-26.37419153868371,-4.521091004910151,57.44063603678246
1195,55.90528440317454,-39.097382849918475,23.329718475783654,54.98204525024234,-39.261159759378714,23.532029839061106,-28.393129824739717,-2.8737891058865563,56.45703517202541,-26.36896152873027,-4.404356191611492,57.515151796948416
1196,55.67608535863505,-39.55748730338579,23.35422528898999,54.75178523771375,-39.720581608534665,23.550141909287188,-28.139187028705173,-2.9101565272478287,56.56083359834982,-26.14169363489637,-4.342799140374912,57.6014165335073
1197,55.4452329191951,-40.01239019117179,23.3661288338221,54.52067599150191,-40.17257019582124,23.561721264316454,-27.929086724331004,-3.027932157958016,56.65935721974538,-26.074428505027253,-4.422676684261829,57.6849701986493
1198,55.21316170705387,-40.465926126389235,23.36505949392076,54.291369294948815,-40.619864049080974,23.567669531327923,-27.790759439050262,-3.246641472291378,56.77451317938677,-26.0356787062663,-4.539731163646648,57.79909814822749
1199,54.97993071130853,-40.91577872558842,23.352034815552596,54.061052105110385,-41.06162443789037,23.56982422231581,-27.54596794503662,-3.674513816878866,56.86208297417938,-25.936459069505695,-5.020634414322512,57.86452235804571
1200,54.74252660057496,-41.36403089993782,23.336456886439017,53.827324332207304,-41.50287772709187,23.567896118778535,-27.289715019028435,-3.970007643731498,56.95568618428821,-25.802362856730937,-5.288841257017891,57.94006061503736
1201,54.512881911552306,-41.80606646076005,23.332722540166184,53.59759429156833,-41.9458720176202,23.581445275190124,-27.17277728422745,-4.484617290812776,57.06459093651778,-25.747174042797187,-5.847025228852792,58.0457255169715
1202,54.29184917881529,-42.24419640268539,23.34495392955358,53.37300727422152,-42.38990626944193,23.611232594259516,-27.010353160476548,-5.240181900817623,57.15037840449342,-25.64649676078455,-6.524764543941613,58.11911863570108
1203,54.07934531721266,-42.68524554598051,23.375077357696384,53.15493304444307,-42.83768935524973,23.654866373539296,-27.188209164684753,-6.071329190072024,57.22323836743755,-25.831686576407876,-7.202958376388622,58.193220414192304
1204,53.87029182148391,-43.13577961484837,23.422729578854614,52.940385917646026,-43.29171300115131,23.709888649547015,-27.21202470290322,-6.835829283573109,57.284231650968714,-25.885221992164837,-7.782101991969707,58.24632580502343
1205,53.66169859992983,-43.58610841568805,23.48552313387292,52.72991984914065,-43.744086129594656,23.770602775247475,-27.090369535976414,-7.5586078489715325,57.393895392389666,-25.740390342623186,-8.243829381962847,58.402522032712916
1206,53.445321595022826,-44.036214717955495,23.566750913660997,52.51520313359629,-44.194835496379824,23.84071383898608,-27.05860511987431,-7.931523798886653,57.555711468715764,-25.649473495317228,-8.50355178974236,58.57127943364307
1207,53.21572396371194,-44.47905864538169,23.66519471884369,52.28955475063382,-44.63790383546097,23.91751387264562,-27.09474374129843,-8.358806545558027,57.71263040654604,-25.613651029969514,-8.667842767367246,58.72194774693008
1208,52.97627866046546,-44.91327970868465,23.750871437055903,52.05644045737744,-45.0752474399001,23.978146683435664,-27.07924890505753,-8.527780838408137,57.851823619482644,-25.54776749136237,-8.786216221060378,58.86230762871658
1209,52.73135293154104,-45.341466289212406,23.815479357664724,51.81813641114851,-45.50375283993077,24.0199284007232,-27.207339126853206,-8.540290705712485,58.01286174574727,-25.651340629420595,-8.894651130033775,58.99509563945165
1210,52.48634282042255,-45.76748623085054,23.86090664407906,51.57668565510225,-45.93118599462189,24.048040305527074,-27.139090724548492,-8.51866299614381,58.1559216897917,-25.74790399536288,-9.0573600349103,59.09942303414164
1211,52.247055539629685,-46.195413218455144,23.89124907567696,51.33762944287029,-46.360436066979496,24.06821460696018,-27.260434230450812,-8.473060568184064,58.315313888249094,-26.010426388622875,-9.19316197118842,59.19915347185525
1212,52.012632044182105,-46.61852349769951,23.907803918803083,51.10167687976144,-46.783788686077024,24.08199708731453,-27.479474353812012,-8.411644368126446,58.408555390183025,-26.171536315158683,-9.292047103199952,59.297755635832466
1213,51.779822188805454,-47.046183953349,23.90512429473599,50.867622430308025,-47.21299073728128,24.08761770515602,-27.734940694940665,-8.391342842929355,58.46711874500596,-26.363342030539478,-9.315288404182937,59.369498647239865
1214,51.552111331916194,-47.47400131287745,23.882215715405206,50.63679059603328,-47.643111147795494,24.085482567140232,-28.029664391739185,-8.431020863918144,58.51107596118534,-26.602873433312297,-9.371690774133745,59.42291092327616
1215,51.32175176876139,-47.90475389643198,23.856822379825193,50.40310198831846,-48.07815059686714,24.079303568073314,-28.290716950629918,-8.605399325787799,58.54069513092552,-26.706829036343926,-9.593756423531584,59.46635097889325
1216,51.08667765271947,-48.33752599165813,23.84021308238032,50.166903745499496,-48.51284116503052,24.081970163568577,-28.441228762861357,-8.657429836567639,58.558626754353405,-26.7889847591288,-9.614002411109471,59.505937134836365
1217,50.85022734930281,-48.76699562217742,23.834408632874407,49.930416319296135,-48.94446420100185,24.092718433771832,-28.69319355957317,-8.726482073686235,58.57003779938981,-27.010092271374816,-9.732515363570691,59.52586609078591
1218,50.61003903431417,-49.19126926713212,23.84033730746833,49.69042184905299,-49.36743094957336,24.110825951067252,-29.055340356744342,-8.91982091762301,58.58952921819325,-27.526278489615954,-10.004587685534814,59.565563120696886
1219,50.367255430989196,-49.6231435592926,23.856090551007668,49.445659057928864,-49.796143275692216,24.134905574813732,-29.53337274080309,-9.92683435169786,58.592804696390715,-28.053751965582443,-11.352689926741858,59.59412435733471
1220,50.12272393821847,-50.0560733917119,23.88331699088804,49.198247708143256,-50.224789518854685,24.16414960632626,-30.002025971347322,-11.02299121408473,58.591819743293286,-28.524381762092727,-12.494758939642672,59.6027967219537
1221,49.88094222533507,-50.49204212332831,23.92033179828578,48.95408663553092,-50.658413059609046,24.19599484134457,-30.47890473213782,-12.045495933981131,58.60617892777457,-29.007233542073248,-13.340629464461557,59.628425137425204
1222,49.64092834958817,-50.92863631928011,23.965180544019518,48.711063429551686,-51.09599710020132,24.22926263953239,-31.053196884850305,-13.023915069253714,58.63130780256594,-29.450140488519214,-14.131225963456512,59.665701538365596
1223,49.4020020746476,-51.3669093101074,24.006620165545932,48.470718675253515,-51.535883884627644,24.260268087063068,-31.622785161303895,-14.029576093523172,58.69343209835386,-29.803776060272757,-14.640281291745964,59.75265778534919
1224,49.165457736368076,-51.80696343050148,24.045616093888498,48.23780172891525,-51.97732342891596,24.29128476015086,-32.10844844983671,-15.01233733988242,58.77396517889004,-30.12964685291633,-15.119099536340602,59.83600245848498
1225,48.930982169603276,-52.25438989562159,24.083409881645785,48.00781443705743,-52.421883410826865,24.32361084728795,-32.3164291312094,-15.931495914998132,58.854495341203894,-30.34076247986022,-15.605937500242907,59.92651843018753
1226,48.70143471767337,-52.70288158440063,24.118323619685665,47.783213173467495,-52.870768404792884,24.35438346749948,-32.47950232322336,-16.126392353564498,58.949516194399145,-30.499941616809586,-16.114053936915496,60.017622523038334
1227,48.47377078741893,-53.15430453235813,24.148315876214486,47.5590202430313,-53.31963514955401,24.381876711397474,-32.61857900227525,-16.286764425609647,59.060311457811345,-30.643827466206666,-16.533662062529324,60.09554037662834
1228,48.24423083673651,-53.6012939846871,24.174019908135964,47.331707363711736,-53.765606203868735,24.40686742196377,-32.60982699309631,-16.485526046953975,59.158503898041744,-30.67223538234034,-16.8588967345487,60.16006840924742
1229,48.01590963926003,-54.04650196924863,24.198375940318893,47.103357946028154,-54.21044235649778,24.432577546291665,-32.528179077797944,-16.682308605901035,59.247133661854164,-30.655552207669245,-17.226953026657437,60.21590036459808
1230,47.78687020660858,-54.49175055863155,24.225192877066913,46.872224315613146,-54.65443421165892,24.460318327276376,-32.411381652928576,-16.946994500582054,59.30048594056457,-30.597073155528463,-17.488213476417975,60.26778346745152
1231,47.55385899956638,-54.93997943953099,24.253450012793625,46.638580458358,-55.100909985630565,24.489710395991498,-32.347960782840055,-17.114653106321175,59.343613772696166,-30.672363992457434,-17.628027746247845,60.308037775320415
1232,47.32317842310152,-55.38632955999091,24.281016763026187,46.40499520278703,-55.54550592225285,24.51949816177224,-32.28324466459788,-17.08083349780097,59.37324444225478,-30.68737930881468,-17.56169270325069,60.344572146664916
1233,47.0922829099664,-55.829879883467896,24.307862951559258,46.170848680113835,-55.98847841691775,24.548435053148214,-32.11167022151929,-17.02407650882167,59.37198317033009,-30.54786762175271,-17.595623460845953,60.34940080536089
1234,46.85903835756027,-56.27655443167474,24.33600875993634,45.93455336734129,-56.43446807408546,24.57756605524319,-31.805195693992562,-16.998546323236123,59.34979956691523,-30.262842631071646,-17.67814925387327,60.330151211386394
1235,46.62299278622655,-56.722244831248645,24.36748688915044,45.69482485901164,-56.87865508839077,24.60846382170905,-31.570452037176413,-16.968061052958962,59.310845486959245,-30.04466315738929,-17.730554668505405,60.29416312573428
1236,46.381965372336175,-57.165353233891814,24.399324115527246,45.450357960466334,-57.319721163644246,24.638398204259662,-31.5244609148057,-16.813701379597834,59.25151881667609,-30.095548820063406,-17.707662143217075,60.24105723428073
1237,46.139310914639694,-57.60898532698541,24.429626092164177,45.20522004260392,-57.76076610455473,24.666972616572284,-31.449752563942035,-16.68523975877202,59.20470996333868,-30.047167806605714,-17.693565854672272,60.222814861078426
1238,45.900286743164834,-58.05439017755103,24.45795847547923,44.96661812133376,-58.20565346463778,24.69386080765323,-31.25084996962284,-16.356461020217896,59.17861016754748,-29.95298902223256,-17.333313068266694,60.23546683223805
1239,45.66300499543898,-58.504353140974445,24.48305856242107,44.73147911696898,-58.65614185772585,24.71821836523519,-30.841870488280264,-16.267789718151867,59.170961073567035,-29.540914619790136,-17.205018538136073,60.275576019348485
1240,45.42909972916565,-58.954785622443396,24.50516376574577,44.50042848699421,-59.105312196086906,24.740505148680445,-30.316073663429155,-16.042929460568054,59.20592652252261,-28.892378103120997,-16.99675459277712,60.3424127333976
1241,45.19937804672729,-59.40177797169535,24.529875238072385,44.274754172907635,-59.551533286540945,24.767620304534407,-29.9559933617682,-15.866375236765302,59.26986487137188,-28.429222828196853,-16.947720802863344,60.41422591104689
1242,44.97089854552496,-59.84291966525804,24.55727254260543,44.050116580539864,-59.99199730538918,24.79867622210147,-29.34117271954086,-16.03353264585939,59.363111034542065,-27.711712245135526,-17.374970978915382,60.49304457735569
1243,44.74464764012345,-60.283289958576496,24.58927554645743,43.82582659677542,-60.43274327110218,24.833379000681862,-28.73456000574537,-16.289568571079727,59.472041317983425,-27.37788009598528,-17.783104018164337,60.553597604345455
1244,44.52280428225037,-60.72425343137157,24.62253856150088,43.605462618029314,-60.874646500203085,24.868460521799424,-28.13399323339847,-16.556775808189222,59.592025299814544,-27.029824343395063,-18.124048734939965,60.638723339780434
1245,44.298190179623795,-61.15321905289535,24.66116818053097,43.3825983430503,-61.30366949793033,24.907246411895535,-27.678613630325255,-17.025110321371827,59.72557684562401,-26.896896460627442,-18.32095695063787,60.75372930707261
1246,44.05896625798604,-61.540943355367354,24.706852911350992,43.14865035236213,-61.6847870892333,24.9511824114262,-27.44513649509786,-17.371886478041308,59.819247246939995,-26.743256544674914,-18.457799632738876,60.822500775613136
1247,43.794332745516876,-61.858638237459985,24.757313503041317,42.89111885181637,-61.99117255454743,24.9976788673663,-27.52664364748713,-17.78755095320675,59.89807168084749,-26.66794585953055,-18.61536593727569,60.88657222815843
1248,43.50481059957829,-62.09064121470247,24.81598356110238,42.61035768139817,-62.211644690430994,25.053147890055854,-27.63659336439479,-18.130916170629966,59.973954177835694,-26.66113556945285,-18.77112364004701,60.94769499536797
1249,43.21231683460379,-62.2255777043326,24.878730451775773,42.323398230193405,-62.337316598265105,25.112897780731874,-27.825874070028057,-18.02918638396152,60.037159776604675,-26.710878022935777,-18.902648136280106,61.0016488352024
1250,42.94666940627665,-62.267151566543575,24.93881010610647,42.051769315515884,-62.373943536787955,25.170367322166,-27.86008067510925,-17.992911346550944,60.09610456178169,-26.795467752300908,-18.993589270090144,61.044146600749976
1251,42.73409873996121,-62.23850123596361,24.9934731776733,41.81420271553342,-62.342450097902194,25.222184215989326,-27.912921557804367,-17.886588614902934,60.12889791306916,-26.894672200708374,-19.04157289967871,61.07423581735503
1252,42.58674991819564,-62.17412317304407,25.037222382499095,41.62433695518732,-62.26681872196671,25.259585763691657,-27.98330018281512,-17.873533896098426,60.12336827205305,-26.989634736764412,-19.051611403313853,61.09448738427205
1253,42.48981269879804,-62.09288279412453,25.071567330447625,41.484201223917765,-62.16664464689194,25.28774611220879,-28.07578270522042,-17.80111546047165,60.133291193161604,-27.067856975582288,-19.033382702150572,61.108135821651445
1254,42.43501991646826,-62.00389166612982,25.098103446956134,41.38954082444691,-62.051931336852434,25.310442758836476,-28.128702275821162,-17.723144062184552,60.135787113998866,-27.12640092540957,-18.9942466592708,61.1188284751383
1255,42.421021083634166,-61.91399578209209,25.11403107737313,41.34069947279035,-61.929446059834696,25.326129879436667,-28.14369373659691,-17.644551473196252,60.12998516516206,-27.15897903391132,-18.93943742581396,61.12481359725035
1256,42.44326147282778,-61.83190629303271,25.11969008549705,41.3377666706313,-61.809151242834325,25.33560015264131,-28.123302001827714,-17.572954342601466,60.11914613769176,-27.16164161801141,-18.876099191068338,61.12663989832257
1257,42.49215243451843,-61.768123343413485,25.118260417504963,41.37200671766403,-61.70554985245493,25.344085683729396,-28.07896802475654,-17.516264846762834,60.1094213539947,-27.141098945304407,-18.817598999914185,61.12944703106847
1258,42.42891562224952,-61.80944766838023,25.111647701346087,41.31709805854294,-61.785482544296435,25.35276967093527,-28.137388887554366,-17.553230518800927,60.10287076293798,-27.177164390933957,-18.86382145511825,61.13345413985671
1259,42.49700527818059,-61.783838468710044,25.108094768529735,41.37992548300943,-61.72647553227353,25.360943663472607,-28.074900933594616,-17.531569305533022,60.100021825921374,-27.13429622062444,-18.82894221490213,61.13851682188671
1260,42.56333652248017,-61.75747444775712,25.107666554688418,41.44035785353501,-61.66908734785772,25.36874294552623,-28.014334212691928,-17.508599776357816,60.10043872897755,-27.091600421113945,-18.79027219087032,61.14410104705888
1261,42.620945052578655,-61.70463797444678,25.108468420377253,41.488693794421394,-61.582375040831856,25.375539222534382,-27.961776831383315,-17.46143766517646,60.102150877101934,-27.057175865982867,-18.722931078219162,61.14952934581183
1262,42.65548381000271,-61.61444062376183,25.10955231100583,41.511646770360215,-61.458312178335746,25.37907770186438,-27.840903580073686,-17.577412335411122,60.10796099169793,-26.91726931239807,-18.897765563676515,61.15722010800639
1263,42.6481336255467,-61.73884370463554,25.11166201840787,41.51120239948217,-61.612900921038225,25.38085972617049,-28.017359425868754,-17.45083573341821,60.11435633101791,-27.122117805720915,-18.745951275531553,61.16206523070749
1264,42.64500711038627,-61.90535754474443,25.113304689564682,41.50365785341427,-61.80245054387322,25.382392323336198,-28.171340341937842,-17.33085773740197,60.113441368620954,-27.2682398647167,-18.64404722592284,61.157681581649456
1265,42.681410476787015,-61.698565141030855,25.114097801894246,41.55252610809349,-61.589665777846214,25.383727109765843,-28.030137599836298,-17.412061836394546,60.111400521883,-27.1411211737818,-18.6527794875694,61.15397829909365
1266,42.77941067442059,-61.46293810846064,25.11195913204358,41.659282749074464,-61.37161313011225,25.38215629246346,-27.937421699472427,-17.630396681818418,60.09480475755968,-27.07110444886438,-18.830496132015647,61.131054027392494
1267,42.94118856468475,-61.21314988140104,25.10403596099443,41.81709934611907,-61.153732848006875,25.375852611916827,-27.931830647110168,-17.86996871482686,60.09045587025946,-27.094244564718014,-18.981477692442624,61.12958700581871
1268,43.14163441446732,-60.95568496120614,25.091849887169587,42.003365771838105,-60.92799354059452,25.366502116746123,-28.02600974365931,-18.189391744543816,60.11463396574604,-27.216551896509003,-19.18351208959461,61.168074302049696
1269,43.354198693942216,-60.67769680902182,25.07977617164699,42.19732555079797,-60.67814563207732,25.35640468848464,-28.049790952241782,-18.256621160955937,60.13777711190115,-27.255770307721093,-19.250170779358935,61.20314246092069
1270,43.55424647689024,-60.36414228762503,25.067337838128886,42.379722085230135,-60.3914352562979,25.34579885478475,-28.058783798816673,-18.317712476475627,60.17350213105028,-27.21891505786493,-19.360534441123285,61.25020065638418
1271,43.72559685313113,-60.012250889670746,25.052129540801136,42.54115484930691,-60.06617855206949,25.332829632321104,-28.054160010881237,-18.414101941527747,60.225485186885024,-27.171225098920416,-19.46324162960395,61.302938104212
1272,43.87171301262947,-59.63796268150305,25.03423975363448,42.682876693483465,-59.72147924158016,25.317570397097455,-28.21442139372237,-18.485099587827033,60.29336715915262,-27.325437784171687,-19.421774001439783,61.36443708624188
1273,44.01311876693679,-59.24623219485164,25.017828732988797,42.82064000521378,-59.36158888039828,25.304300275889517,-28.354846386452213,-18.466997789455416,60.370996838723556,-27.439270279632158,-19.409480026017352,61.40876569502385
1274,44.16665650806588,-58.854106968698446,25.005650024715084,42.96720137246142,-58.99883531165185,25.295284858976473,-28.278817437617178,-18.43869117790238,60.43900982516067,-27.277175772715854,-19.401113259585173,61.44690220597658
1275,44.34546414441405,-58.468252193643465,24.996364263315538,43.132334031265195,-58.63831685611552,25.2888659591145,-28.094664445820897,-18.181728718933847,60.46370324088959,-27.063299183273603,-19.182351492984758,61.45554169583633
1276,44.551054503658094,-58.09335664000743,24.989551106858084,43.31990604148711,-58.283828078117175,25.28426971051876,-27.799278840537657,-17.782218442539303,60.465656334371815,-26.71431316120836,-18.695159041754586,61.4358266243996
1277,44.772266963590546,-57.72863317763807,24.98535333430949,43.52458141383519,-57.93055862190638,25.28135601713909,-27.549619558243347,-17.429412317949645,60.47018682550578,-26.4422962777231,-18.414742494943223,61.44367432952005
1278,44.99760891752059,-57.36801117906274,24.984412281776816,43.73928249804072,-57.57544327078123,25.280155344011597,-27.32841526660804,-17.108145644154572,60.48177662077568,-26.26503031545061,-18.250186837568243,61.47559680374313
1279,45.22156681498352,-56.99695432661436,24.986401967538452,43.95706053312722,-57.21017757761943,25.27946232890821,-26.992325343508096,-16.848618999046046,60.466954167324744,-26.139189853546537,-18.051282121344528,61.482513578862914
1280,45.43523695912639,-56.6186585677312,24.988809643597154,44.16837082170993,-56.83831729141454,25.27817249777934,-26.659238454619448,-16.641488002112315,60.44639682385772,-26.03124638957187,-17.988055946766323,61.47468902557471
1281,45.64308780117854,-56.231294035367696,24.991536310114167,44.377326798079835,-56.45850696351395,25.27764992147159,-26.498219918626884,-16.355919333635406,60.41215165947032,-25.93355965447616,-17.878849745180627,61.4527502245587
1282,45.85181493029105,-55.83539458567936,24.996158272028183,44.58827810760582,-56.07032397071978,25.279683005975063,-26.454926877430644,-16.34265657172505,60.41345572842392,-25.910232752075714,-17.96548785380454,61.46160912096064
1283,46.06577950713348,-55.43440095443541,25.00249189341581,44.80343478359322,-55.67868159415112,25.284712438426872,-26.488482159331983,-16.61249778731554,60.45768475247664,-25.817768237823593,-18.115631511081027,61.500477332500736
1284,46.289795925987946,-55.03472770289558,25.010241877922976,45.02744336431435,-55.28744594591893,25.292476631510272,-26.475749363916165,-16.950499756584495,60.51660001667648,-25.70340185355199,-18.426753954476695,61.57690157166949
1285,46.52091106094053,-54.636331833208814,25.018038284965712,45.257779219909395,-54.898525644456335,25.300710721959838,-26.472693265541075,-17.203338209563043,60.58448044868114,-25.6681155222359,-18.611789172362904,61.676576933036486
1286,46.7539325417977,-54.23692675114204,25.02757771451849,45.4889932829072,-54.50571754450461,25.309862236277795,-26.53117765278296,-17.465247395772927,60.69428839198806,-25.743765798252756,-18.70622430854163,61.795835398156235
1287,46.987779035099265,-53.83502396146212,25.040243729799812,45.71803450525667,-54.110720599324466,25.319902967266273,-26.629923821610163,-17.658881677146805,60.841548506696206,-25.853211215784327,-18.782183166347806,61.930662185444746
1288,47.219218059680756,-53.427398487434715,25.055419595838575,45.945346400734515,-53.70870770338056,25.331396988143158,-26.699998446985493,-17.773662095166227,61.02481759732781,-25.89073983347866,-18.673887440282783,62.07287095049619
1289,47.446373319577134,-53.0190326307202,25.069930826369205,46.169359205352634,-53.30386969575412,25.34186453603151,-26.86783447231425,-17.85954658466598,61.21949200127469,-26.114165058157425,-18.721298078086917,62.23024119655796
1290,47.67037154116407,-52.610412674980395,25.084501227125767,46.39015028302688,-52.89706112112039,25.353568366739317,-27.130991346399902,-17.810467846845008,61.37569103267589,-26.352256598725717,-18.64961010504415,62.33476019881316
1291,47.89599101869694,-52.19451004407754,25.099531655381398,46.61363630367469,-52.48017934725121,25.36722553225501,-27.603599442526164,-17.703049342079296,61.48540587820936,-26.788834999175084,-18.700753801067144,62.39797373895687
1292,48.12534732595814,-51.7734921868827,25.116483065959095,46.840261338176546,-52.06018595820786,25.38366675223752,-27.977166248852114,-17.662356943067856,61.54804650496598,-27.055384685866986,-18.774904396994156,62.420372719395395
1293,48.35686782457267,-51.354222244862484,25.13354642655834,47.06973668705443,-51.64184710783596,25.400604448722962,-28.384671982958164,-17.537984301619154,61.57746003666628,-27.423364368255196,-18.66738837553291,62.43205082923059
1294,48.587315345157414,-50.928955521481676,25.150329201456202,47.29768171650807,-51.22000686674477,25.41689153003622,-28.841158711998265,-17.286458848969428,61.56187144063732,-27.83543556116144,-18.40343982323375,62.41784718112591
1295,48.814002608324465,-50.50217599558147,25.166118973494974,47.522373845665925,-50.79770193578766,25.43226978958532,-29.385591984605725,-17.388985111819498,61.55313065358934,-28.23800531334012,-18.518430564995782,62.44967673382937
1296,49.04077732342396,-50.07448841983117,25.18317199830788,47.74934313280149,-50.37690325259662,25.447785860865764,-29.74659887066933,-17.401342987321957,61.515152171436476,-28.498331590159644,-18.61514597840174,62.478102407196964
1297,49.266352863153664,-49.64395438086336,25.201114988182425,47.97639587390234,-49.95395175643449,25.46409893991616,-29.9684732992031,-17.307782893969588,61.48182649840657,-28.569823617721376,-18.430734562404133,62.48637923237364
1298,49.4897425778216,-49.21250196942012,25.21953701489909,48.20224363361242,-49.524926073760724,25.48080451728559,-30.007178027030402,-17.197161967144655,61.459365555444116,-28.61714431041177,-18.36459594105677,62.488028421052384
1299,49.711271711837924,-48.780117613249935,25.237403128556252,48.4252106007273,-49.09453994930992,25.498065435369778,-30.141467115312732,-17.029801457993663,61.51302411336879,-28.70374692086811,-18.268061203182754,62.567593275782386
1300,49.93131081925807,-48.348146159241594,25.255312019172113,48.648101166825725,-48.66561618923409,25.51545234823995,-30.121587287587943,-17.149039994188154,61.585264623805266,-28.71511054401103,-18.42994680952186,62.6511342014872
1301,50.14967026876695,-47.91471491446781,25.270279998288373,48.86791892445732,-48.23432644538832,25.529467315405395,-30.06096576462083,-17.473231346978324,61.6863730912465,-28.791587321193173,-18.672047561999797,62.73542644314445
1302,50.369691039321744,-47.48250716435803,25.28451160008303,49.086802167338234,-47.80422475917721,25.54224757108693,-30.07312836855239,-17.592864727008845,61.77883224546285,-29.015608384337863,-18.90991034778413,62.83432803936318
1303,50.590914082363724,-47.04769262496931,25.29973168982757,49.30579400757238,-47.37043791523569,25.55621573357909,-30.238103743861352,-17.563077291204507,61.8644412272025,-29.346357666075352,-18.894083002165686,62.9053258087906
1304,50.810273690916446,-46.61265197799966,25.312303009627605,49.52261317455317,-46.93541732502305,25.568496629217154,-30.40680682712509,-17.626625301637795,61.951880279091924,-29.489638322063346,-18.745080157724264,62.951827746583646
1305,51.03021305049507,-46.17602578259638,25.322706326773712,49.740361300649546,-46.49531578678102,25.57922416624298,-30.611928408295597,-17.795670447358994,62.08502700165109,-29.641695344177773,-18.853163597272598,63.046840616561454
1306,51.24997764805645,-45.73794208107283,25.331079956934012,49.95763010040143,-46.05288713178407,25.58870601440654,-30.833305715577286,-18.067359946363368,62.173425687822075,-29.83614415229106,-19.041879602301172,63.13864870515375
1307,51.4693477461837,-45.297507942689535,25.338577123389197,50.17554799392469,-45.61359098942601,25.59807710676067,-31.274018478455385,-18.337278167951702,62.28734483608469,-30.235468533081253,-19.427991198162843,63.26759068194905
1308,51.69167730569799,-44.85500327708307,25.350393338763205,50.39756871769176,-45.17227373471496,25.61388533194657,-31.494321156158097,-18.26284196759094,62.40637630753773,-30.317354949995988,-19.36830821151907,63.394239757331164
1309,51.91728058661525,-44.411324889853894,25.36634742987778,50.62364154517598,-44.73255433683233,25.633702667939556,-31.462493060670784,-18.12295087591916,62.53925535158114,-30.19478475263156,-19.272425960735458,63.54623017168758
1310,52.14709533590112,-43.9697066951041,25.386075153509513,50.85284898727152,-44.294522014640435,25.655666252205485,-31.54693141511595,-18.143534185640732,62.71964214006593,-30.404356098933647,-19.209670173716624,63.72801677609944
1311,52.37795026491592,-43.53532127523275,25.406789912351318,51.08200338076217,-43.864189375869834,25.67724622108811,-32.03957071571738,-18.208075981726246,62.937291866627845,-31.015828629148057,-19.090676862925747,63.91372570478225
1312,52.61042773885054,-43.10619553726412,25.43145785279599,51.313722448108216,-43.439172496931114,25.700824316141254,-32.34260440277582,-18.13005036237238,63.14239302801487,-31.287174167086036,-19.02200281040739,64.1035191538365
1313,52.844780590500065,-42.68237926757952,25.46219743189591,51.54997828061741,-43.015116629539975,25.72788688829366,-32.56499581578857,-17.98209256868955,63.34294161448609,-31.4718718014184,-18.968058246908388,64.26554149747304
1314,53.078007706593034,-42.25730596779782,25.49694212047512,51.78354469495267,-42.59476436599902,25.756717027704763,-32.64762374581535,-17.65731704328777,63.49321508079588,-31.677881202372763,-18.897958428351103,64.37821365707856
1315,53.30144226117455,-41.84162189350935,25.52985943838327,52.010546080895004,-42.18055765527006,25.785814786996823,-32.90347832918506,-17.470207589315905,63.60552664246191,-31.82788165586291,-18.677842090682777,64.44113080011394
1316,53.51714279340875,-41.427955248069004,25.561514376730297,52.2307007720937,-41.76574747565662,25.81473329033764,-33.26459468961122,-17.41953219247037,63.69685617780678,-31.907911806463044,-18.642382514995,64.51357779662247
1317,53.73144956385919,-41.009291445711995,25.58357445687424,52.448976648122695,-41.342674151295995,25.8303451380302,-33.428616731886926,-17.35419664229483,63.740731252494044,-32.00085197336346,-18.606249661310738,64.56262974626452
1318,53.94665844931303,-40.58957062039014,25.595469549820532,52.666666124229366,-40.91946335086,25.835163439200617,-33.30739810928899,-17.282258736556376,63.754105294366674,-32.124972878077784,-18.52005526428396,64.59887512314052
1319,54.16160900197655,-40.1685421686215,25.596574993200026,52.8826773175101,-40.49333048339679,25.83067493866767,-33.37710896596394,-17.272312357149918,63.732495390987026,-32.27118822050849,-18.557938184836974,64.62019696175864
1320,54.37603436122569,-39.745162624424864,25.588032873808462,53.09715023382398,-40.06172783951375,25.81987315577437,-33.6763274255269,-17.345253814351977,63.68977662434861,-32.67725772709069,-18.70403312442733,64.61904984028436
1321,54.593730732646925,-39.31645992993876,25.567966753618304,53.31226806629134,-39.62642832171998,25.80254881102713,-34.035929165945106,-17.37249474830622,63.66019200800324,-33.145826698124104,-18.733712213882917,64.61917361350045
1322,54.81476608979693,-38.88041161178928,25.53582599763788,53.528921566551944,-39.18805174834995,25.77927412176566,-34.45248318288162,-17.500606968402938,63.64796677071303,-33.593318806924955,-18.732843674120282,64.61722091278222
1323,55.03906901295639,-38.43987703568445,25.49291542292217,53.74748837416383,-38.74638123357941,25.75205735755739,-34.98338637823991,-17.400951875844,63.643788901734275,-34.06368336252214,-18.55397556297832,64.64785025333138
1324,55.26964015548006,-37.99951208228909,25.45255614119963,53.97456483381622,-38.304490066971006,25.725172454409236,-35.66986853162597,-17.468662078420977,63.655401680335565,-34.686145120101514,-18.643116969382543,64.68439421151183
1325,55.50150641838285,-37.55777782858664,25.42581505665016,54.20510048017629,-37.86879818810103,25.71442911447703,-36.27840829296723,-17.60153665987899,63.67581740970888,-35.12118426519603,-18.750259232826508,64.72171849811129
1326,55.73311087360796,-37.11224537512861,25.41373474327685,54.43989431535393,-37.42826318294887,25.71746665546524,-36.91333859084864,-17.527212137832507,63.70985142229754,-35.558267412738985,-18.647970043772418,64.76320510198988
1327,55.960883986696686,-36.66430527397358,25.41707036875241,54.66978358790298,-36.988242085807066,25.73347052343582,-37.22598351164384,-17.321823938984608,63.752385412352155,-35.748530015581245,-18.480407355352437,64.79411181874602
1328,56.181972896222774,-36.209616255024414,25.436739588039934,54.89498548976526,-36.53925371786919,25.75919337066066,-37.315839664277114,-17.09599029173572,63.79354541806419,-35.72839197937479,-18.223160884041402,64.81890666855591
1329,56.39724394067597,-35.7519076595086,25.472281290929885,55.11457450981896,-36.087402621611396,25.79153954774006,-37.31890701090964,-16.842907639024457,63.84741156668917,-35.66094163421686,-17.95513936396578,64.8544045745048
1330,56.60510022524942,-35.29858182804463,25.524218646523586,55.322014683518084,-35.63870297789809,25.831635249740998,-37.3743417694551,-16.82127072195776,63.893404780123525,-35.79858626724839,-17.89602290968775,64.90229891455994
1331,56.80747561251323,-34.85185911107499,25.591023475809582,55.52149345334004,-35.19437860853595,25.878424228109818,-37.03568526778566,-16.392775275475756,63.93372447608985,-35.58444241375489,-17.54080257287119,64.94339856369088
1332,57.012917768707794,-34.406075624285535,25.65637494014061,55.7218467383018,-34.751171558429995,25.926254339994053,-36.50251172066595,-15.987528408449657,63.975372882469685,-35.0739050607349,-17.321802360877665,64.98580107315357
1333,57.22309336753119,-33.96685492632323,25.70674028114601,55.92877872193209,-34.30988697460241,25.957059383589538,-36.047789428414156,-15.393934438482189,64.0417640720778,-34.88452234778511,-16.698721481084593,65.06354031532885
1334,57.43910412681327,-33.53030616595894,25.740531643543846,56.140318041497345,-33.87022810816858,25.973168596093302,-35.39784449292452,-14.4161689583161,64.08195234357086,-34.3094135421604,-15.557236976016831,65.08633104476209
1335,57.65966302616402,-33.097302875576105,25.755770151692676,56.358640366972026,-33.42880975272676,25.97418732727606,-34.81130367929875,-13.502588666433985,64.12343893667092,-33.77327078262034,-14.599282937139625,65.10994761365703
1336,57.87940565217336,-32.66879600184477,25.754407795066662,56.57850775864493,-32.99387407261929,25.96316723585511,-34.15930061175956,-12.58914632086643,64.14248913438348,-33.20027467198519,-13.766171408048526,65.11319899534313
1337,58.105834881600686,-32.24544969354175,25.735638207726847,56.804612783204014,-32.56856236691156,25.94442747338376,-33.279694873352426,-11.47909504923523,64.15370031018526,-32.629693584623574,-12.959366194002227,65.11977494754332
1338,58.33877872451389,-31.823144673947937,25.698259771955918,57.0357721198167,-32.14789574551788,25.918452288328982,-32.68293847738317,-10.374463031021616,64.1978108317077,-32.23593064472238,-12.027314313619563,65.17994842443521
1339,58.57703091628836,-31.39935916079427,25.643454170201334,57.27423505676654,-31.72296499184814,25.885590552163308,-32.23398631936672,-9.144184037813847,64.23262268308838,-31.80583614967816,-11.198570156734934,65.22872306935352
1340,58.81136629973028,-30.975046703312024,25.58483866353195,57.50953450041464,-31.29818907820125,25.846472813644613,-31.7439035592426,-8.136055239427527,64.27034050465154,-31.585093336562856,-10.376280912024757,65.31855779314603
1341,59.04055246326139,-30.541652132408803,25.539051732262998,57.741693918260175,-30.862089684033982,25.822718706775763,-31.83469023176113,-7.72891904988028,64.31508417589329,-31.7530247529666,-9.94923785035931,65.3548987438695
1342,59.26088888590698,-30.10315605174148,25.50994124918705,57.96730589857987,-30.419844247343057,25.81442181355461,-31.9462432334709,-7.399729903009528,64.39056590561165,-31.848517599362435,-9.672246615959777,65.43051568425258
1343,59.47705074263037,-29.658783254855766,25.498599253963274,58.188212401878026,-29.974773990241097,25.81963684247536,-32.32930291703024,-7.386378304241737,64.52745230812926,-32.164251489113894,-9.814996373413008,65.55810453499076
1344,59.688756877596774,-29.20596777850845,25.503806886923687,58.40324338882221,-29.52595985938269,25.83510105547542,-32.76630602452816,-7.714329228878975,64.62524869952527,-32.39723782610638,-10.2472438311865,65.60571082530294
1345,59.90110874068412,-28.751290593204693,25.523600115484523,58.61493414548977,-29.07774262464723,25.855765122195173,-33.30465457097004,-8.252201056127824,64.65656367713024,-32.8231551894825,-10.593124636356189,65.60397091674709
1346,60.11467905452186,-28.299895604468038,25.56079141642084,58.826799818101435,-28.629235570260334,25.883941689689227,-34.01731780769644,-8.838673437734418,64.65561462055234,-33.30531486644629,-10.845828685634705,65.55878463524502
1347,60.337932179351775,-27.84836634476866,25.616299679764115,59.04523228448407,-28.18066269971365,25.91926147154359,-34.814613948054074,-9.536044340616387,64.62075945373208,-33.936340978674835,-11.062556123699164,65.53117421490495
1348,60.56644085501757,-27.404312388524296,25.674716127157936,59.26807416305798,-27.73674936020655,25.95907895772839,-35.097578788135394,-9.99595860609389,64.58876382914059,-34.032567553340655,-11.158169832191689,65.48279056766745
1349,60.80060518634045,-26.96435337741053,25.71870225627815,59.49839084690583,-27.294488159338204,25.98203831923796,-35.37398824550011,-10.328609985380988,64.5222121077903,-34.044359249723115,-11.123346152346818,65.44512133062645
1350,61.039669646552284,-26.525280756773434,25.74481355645235,59.736744504073336,-26.854448382043746,25.989039467797568,-35.28178715102537,-10.28357634048037,64.4093378880255,-33.781797820108636,-10.925144169300355,65.41319437267965
1351,61.27796729629854,-26.084197268888463,25.751218122276015,59.97619131309565,-26.41298936253993,25.98084431269395,-35.21869856173731,-10.026340422085223,64.373929593497,-33.61573690723946,-10.78334229985914,65.43949610473449
1352,61.51734930027788,-25.641756072416598,25.743334062937834,60.217507929093834,-25.972580408095737,25.963908874888244,-34.802230801796114,-9.451675372871783,64.39520094650209,-33.22953067411689,-10.204609448735205,65.49730642319261
1353,61.76152673546767,-25.20014846918714,25.720989649652644,60.462391088821434,-25.534530060982227,25.943006059863166,-34.19822517475335,-8.731623156583133,64.48227382236973,-32.79989081483226,-9.504008972095313,65.59201219713208
1354,62.00117120811386,-24.763666290330832,25.68080314967131,60.704488073569166,-25.099620009399406,25.91432631309424,-35.30757908399921,-8.634367408379015,64.63836259261612,-35.094227321871045,-9.81650981815226,65.77543418560946
1355,62.24391430028658,-24.320556825934236,25.625958384624752,60.94889339409147,-24.658521962788274,25.88046154227312,-36.746579623725026,-8.430404818780403,64.84493625101324,-36.974990600489626,-9.869325658419028,65.9689090337539
1356,62.48320567498807,-23.875570839271294,25.581088137810198,61.18879586102829,-24.215220887035265,25.857212312655832,-38.324762910667765,-8.466627339194735,65.09625570083388,-38.601087600372246,-10.134469273037302,66.18600396289304
1357,62.71682995241207,-23.425234300625643,25.549348745718284,61.42421018683825,-23.764044109710323,25.844386653031563,-40.128203455219634,-8.851323451307005,65.39536844040366,-39.95125160136138,-10.642180645437596,66.41801046016109
1358,62.942642756045615,-22.97146378527007,25.53058000332712,61.650028994738356,-23.30953746032915,25.839520961764535,-42.05244207705174,-9.31791685550216,65.70267532701669,-41.24433824965575,-11.152217880514948,66.66295273113364
1359,63.16116831417902,-22.51536985114829,25.523047051888565,61.86790854825581,-22.85291425761211,25.839727904598636,-44.03934581734916,-10.222999819853484,65.99758008253164,-42.14918108081727,-11.666722744698866,66.8733178270916
1360,63.37663271746222,-22.05766933868841,25.522150595129855,62.08111976744711,-22.397834675170994,25.840823341626585,-46.07017758717698,-11.352836856218028,66.27457888474412,-42.84811435372833,-12.137432950347176,67.06574308283496
1361,63.59369706985493,-21.601898088372685,25.535068838298493,62.29414685879902,-21.945385185408302,25.848310566610714,-46.329132761043425,-11.759903225471767,66.45818961281738,-43.48975562478474,-12.565412119071416,67.22020581971543
1362,63.81683767622973,-21.14843672602248,25.56291071151509,62.515738058795804,-21.491186511027447,25.862216227627478,-46.80272412457437,-11.908883141731241,66.61415235606049,-44.34858686357978,-12.33956514389132,67.35563953077744
1363,64.04550794445424,-20.694399814909847,25.58204432845106,62.742314031340506,-21.03820608954212,25.8656770636869,-47.16488834199635,-11.88351626745337,66.75372254788734,-44.987335816474555,-12.12192682384149,67.49771699167971
1364,64.274055444277,-20.24649009253052,25.58862072779153,62.97241915811012,-20.5875874366024,25.858657553584212,-47.063056231228025,-11.45385346406425,66.86352933807223,-44.908016230418234,-11.655998284500555,67.62136142860027
1365,64.50579602420488,-19.799863870247382,25.58369785740011,63.20583290802202,-20.139968981383205,25.844627794560267,-46.69604339965699,-10.993630933398562,66.95640335449643,-44.69727446982168,-11.314510559480988,67.74780426775501
1366,64.73948619796994,-19.354046681449944,25.568561270919112,63.441678978535464,-19.694031911881027,25.825046081131664,-46.37233061379826,-10.497104970979308,67.06396921520427,-44.47539721616792,-11.086041971172534,67.88463353162486
1367,64.97359089365544,-18.907783425329566,25.54517235875476,63.677735964850626,-19.249615313285613,25.800292169869614,-45.63862739581926,-9.352053860098001,67.16386901328741,-43.707935439124476,-10.051738227655273,68.00910608992452
1368,65.20896866969767,-18.463071059866166,25.510355828116122,63.91256057860635,-18.809433243790593,25.77099611132406,-44.929916489839435,-7.822436422160269,67.28315043825768,-43.210979733838236,-8.737191282687487,68.13861850703921
1369,65.44490671418797,-18.01765073572688,25.465191624861284,64.15060902205907,-18.363941875588157,25.739825451966226,-44.10505451609613,-6.5111928583827,67.38407528943637,-42.97094022772336,-7.420979303860511,68.23398095129954
1370,65.68034034566402,-17.571288488400594,25.43081932753086,64.38817925580827,-17.917198558425227,25.720996006750156,-43.43832619966351,-5.491961295191144,67.46031518759234,-42.94006984873686,-6.754451704604499,68.31505011759849
1371,65.91369588201154,-17.124804749469202,25.409121680960453,64.62387601001477,-17.468818695236674,25.713172977278536,-43.391213059487924,-4.220925005268361,67.467180471217,-43.187316322413096,-5.58628040263669,68.2896046684709
1372,66.14643365441444,-16.67620732722271,25.398872027836767,64.8575081287917,-17.019174238681618,25.713505638552583,-43.39768854404852,-2.85041730312193,67.4762863301928,-43.31088167624484,-4.5454207503534585,68.29956869121439
1373,66.3810525014601,-16.225457454252048,25.401264704758294,65.0923782981751,-16.566654906315037,25.72133347506114,-43.49608363739006,-1.7573308228168913,67.49744192645304,-43.4819038080517,-4.143042915623067,68.36016427452843
1374,66.61772210015181,-15.77613862240958,25.416521447899587,65.32659717991322,-16.117871207590444,25.735585665460967,-44.02556829617556,-1.1507956872268816,67.46959949083198,-43.65552616006376,-3.634606106353192,68.34614137060129
1375,66.8559665204215,-15.324847760737109,25.44420053258936,65.55954042365376,-15.668871916773139,25.754715196520454,-44.34698954773636,-0.7296958963449018,67.43084017957057,-43.636732616214076,-3.0047616755448003,68.34740956375052
1376,67.093086736058,-14.877480860452486,25.466987040454026,65.79078299252048,-15.222329691673838,25.758431307196638,-44.58460208712216,-0.3316354066335867,67.40711134594487,-43.66461027535332,-2.280810700874407,68.36184257184138
1377,67.33178036177279,-14.430385464919395,25.480767543531186,66.02593375095675,-14.774143026310009,25.754440107353535,-44.7412430912891,0.3666169130719942,67.39239951804402,-43.726787535649315,-1.6689361743401183,68.39506523317449
1378,67.57280456302901,-13.985656842003491,25.489606519669458,66.26683401874838,-14.326306857595,25.74959402216033,-44.73713386889641,0.6641014325621231,67.40167569454361,-43.80900463878454,-1.0947279833823103,68.36572977006479
1379,67.81563238025946,-13.540763908666362,25.48774034473818,66.51029795485223,-13.881084615690543,25.73907897706448,-44.799269627987705,0.8034770890407346,67.345663148099,-43.88293430648789,-0.7562098540220394,68.28441226750796
1380,68.05298779134647,-13.093612492431442,25.474126819587365,66.75140560199651,-13.432084950176018,25.72295533923978,-45.01815199492911,1.2811763094010566,67.23789944707563,-44.24672497741709,-0.43924877658409234,68.19571733178799
1381,68.28832993206952,-12.64158357613536,25.448345040160593,66.99078073979933,-12.982421082266715,25.70183394737154,-45.25956676498135,1.56637610185671,67.16546468818639,-44.59757530923766,-0.26834941619572716,68.1137587297601
1382,68.5219096845167,-12.189584179880107,25.4117898912333,67.22799793091143,-12.53273500335071,25.678543909870562,-45.47887137220403,1.5892680568251611,67.11493304790343,-44.685566204605614,-0.2776107727733746,68.09179286720376
1383,68.75335093194956,-11.736773216962845,25.385214532590968,67.45947285717274,-12.084427558045716,25.666659728855503,-45.753576952056584,1.3970417100705357,67.0422400283257,-44.87870445882171,-0.3638414994556314,68.05854692135175
1384,68.98082734486646,-11.282827552346534,25.367019195034285,67.68591858408536,-11.632857548437906,25.661688026628063,-46.09696993481014,1.2241767990826482,66.95032736975675,-45.177716308142834,-0.3738724286165083,68.02274344977762
1385,69.2098160092566,-10.830919916033222,25.358754383852844,67.91561718906702,-11.181735261996195,25.663427042569616,-46.49636042751725,0.9536411016654293,66.90849535018084,-45.53796425771062,-0.43143372882695824,68.00425620170672
1386,69.4376638725055,-10.382407749731433,25.36338137534262,68.1440502374273,-10.735408765130177,25.673392119587866,-47.05156562348877,0.8278209282488128,66.94883117932483,-46.05239037057288,-0.39839340934356693,68.05013229643316
1387,69.66741896695414,-9.93465687544444,25.37921673846152,68.3744485751569,-10.285569975666977,25.688667623133146,-47.421891170334504,0.7181053110155808,67.02508159553368,-46.50972966376449,-0.3144753557910235,68.11585268199826
1388,69.89925410052842,-9.489423780723145,25.407141966024916,68.60766424524135,-9.837335422001761,25.709257861769295,-47.915558407721896,0.6132287220026895,67.16219718066432,-47.10484608767931,-0.32194383512661806,68.24371223556777
1389,70.12851148029901,-9.04785522822121,25.43677170192185,68.83657922242529,-9.39415034482063,25.72259583189389,-48.496788297732685,0.5914599461607113,67.28878748749464,-47.50672649689283,-0.35089633024234185,68.37496161009496
1390,70.36067941856743,-8.604934073747264,25.45707927538987,69.06661085537431,-8.95072500742074,25.72839937673138,-49.204939090435865,0.5308593058760066,67.45325530304576,-48.12576206078977,-0.5081456715237762,68.51732183742054
1391,70.59048270658433,-8.160237955080408,25.46857114326545,69.292013461617,-8.50290455533152,25.728608061075168,-49.86934859655797,0.3948337945401404,67.64720240568901,-48.70395409601367,-0.6779450883016964,68.6603777445979
1392,70.81508060191665,-7.712449409599184,25.473153954014823,69.51393551330743,-8.052574900894614,25.726661764464964,-50.563585417099794,0.33616202794065886,67.85762938730421,-49.32886374729159,-0.7545824753324296,68.80658216479759
1393,71.0413107532757,-7.265934031321118,25.46942378844709,69.73799078119653,-7.606096018617308,25.720964649229643,-51.10290694845254,0.15760736357957134,68.02880239177135,-49.84015625452987,-0.9091071072351834,68.9309299124544
1394,71.26877960878284,-6.823973927548089,25.45690882747684,69.96501431769259,-7.16089909737034,25.711708741504857,-51.530671140090654,-0.16153984978958347,68.15752649547272,-50.138078223511414,-1.175206620829851,69.00038251337736
1395,71.49581032246097,-6.381380752135624,25.43643045325185,70.19355023665616,-6.716447495170853,25.70100979035914,-51.75903473744085,-0.39723982031190286,68.25938033490954,-50.32500559619378,-1.3456812427953504,69.09146259217471
1396,71.72193624173985,-5.935157234981443,25.42430526894148,70.42076740396449,-6.270763204475901,25.700053920211072,-51.960364820853286,-0.3580448280841373,68.33505990201391,-50.36515984557174,-1.1187819810693675,69.15719029233858
1397,71.94424335259797,-5.484670131655798,25.422028274611588,70.6468261636414,-5.821403694695814,25.707709775977637,-52.01704145822517,-0.027763097213954646,68.38387966870613,-50.4928615700241,-0.6611070533337102,69.21256293882178
1398,72.16443628087906,-5.036036467474893,25.42905783880297,70.86925001061807,-5.375510481469174,25.722042727697907,-51.908944564784,0.16792453046128664,68.41531074164874,-50.44493919975581,-0.5227592959906162,69.26217711846434
1399,72.38310985137016,-4.596232536356461,25.443777551754057,71.0884286256269,-4.937894387433092,25.74144338075836,-51.56175120729831,0.370262523042592,68.45410829101512,-50.23511150571355,-0.34249676544043056,69.34401450538489
1400,72.60364335295101,-4.1557159793944285,25.4627412943199,71.30884924539441,-4.499421262527354,25.759301924464996,-51.1156955782199,0.736496635811941,68.50445928399203,-49.94037668226147,-0.06676158187492637,69.43730578562187
1401,72.81954481343838,-3.719225419886951,25.49201524095239,71.52225184194279,-4.06350147142897,25.78182625640902,-50.40223924986575,0.7656148001049525,68.58205288733177,-49.21612597108641,-0.4624950927162615,69.51996261032234
1402,73.03685348467806,-3.2834996770172222,25.534056023772887,71.73947358328378,-3.6255181000983048,25.81214579255682,-49.902099843358315,0.5376086272009074,68.64374604267707,-48.8819921392599,-1.0962234270300018,69.59255414023313
1403,73.254016608772,-2.848377793391253,25.576265348414765,71.95763466339412,-3.186729952661033,25.844345648731554,-49.40339976476497,0.11593436710116212,68.72183139534073,-48.514601732483946,-1.5101971095398652,69.66564779908556
1404,73.46935408048954,-2.4139688714402006,25.610232687732232,72.17596441218687,-2.745489999094688,25.867382602478983,-48.93123262160416,-0.652873147648818,68.83814474833973,-48.354654823874874,-2.051601779782931,69.7810586716511
1405,73.68956433748359,-1.976804785313959,25.637618146493477,72.3997105504228,-2.3032952129190973,25.88595353243536,-48.42793836429428,-1.3259138188071455,68.97877354193636,-48.03038159871275,-2.574664576924306,69.91274735295003
1406,73.9135312837879,-1.537958839707891,25.659164081115364,72.62494814898713,-1.8640062276666918,25.902474097305795,-48.092951186306884,-1.9586742468799279,69.10747277487225,-47.82838601233954,-2.867020194911162,70.04561628055859
1407,74.14123820547341,-1.0997009027585898,25.67719932575261,72.85335357263088,-1.4258737524067437,25.918878096329365,-47.82200703559733,-2.639145084666563,69.23585256926408,-47.62202828429202,-3.037042590819259,70.18239763157969
1408,74.37661363887915,-0.6584988344500908,25.692025582916084,73.08393822973053,-0.9855148686675586,25.937448975657162,-48.00811166086528,-3.1627876756071873,69.3793402644109,-47.61795841807125,-3.5800344662935077,70.31736077811429
1409,74.61102272016116,-0.21822638426553714,25.706244347420125,73.31659566749366,-0.5450542264876408,25.96039111876591,-48.31514481475827,-3.416266524545425,69.55587338014588,-48.037427142322315,-3.9489415992726427,70.4765611077955
1410,74.84337427333249,0.2208415290123552,25.723200073195823,73.54743467119876,-0.10811808484195834,25.98896465885959,-48.60937070945857,-3.732377732843597,69.76056275807609,-48.253109451361496,-4.242036962903771,70.65826508054711
1411,75.07545285316351,0.6584399379468623,25.75115732851941,73.77870313534504,0.32797338958820144,26.021952401001535,-48.894423111253325,-4.248751613532226,69.93642292105223,-48.55397580180673,-4.961214330400516,70.82337071109885
1412,75.308094139968,1.0978379779736753,25.78873593103918,74.01350402836941,0.7659332872575748,26.059141649755897,-49.35837986674471,-4.590627860064473,70.07326321981618,-48.850499097188454,-5.386911104824294,70.93937267244047
1413,75.54696011371213,1.5370908791650646,25.833436964999116,74.25524907570613,1.2034472429173657,26.099690005385458,-49.58297114764639,-4.590389935448906,70.18122036897371,-48.79967258644343,-5.122330096681981,71.0190436474217
1414,75.7880590260693,1.9776221281248636,25.882706391329585,74.49821663918117,1.6421757166912236,26.14265104194202,-49.803655283545055,-4.4668898520617555,70.30920728775573,-48.703427994716904,-4.6732243140311525,71.14062860427484
1415,76.03015043400241,2.417453164641146,25.934861667361517,74.74200827129276,2.0826852594922203,26.18784317596928,-50.03102614828093,-4.281743643225468,70.45210428011562,-48.80292838771918,-4.630125489272265,71.2858571568104
1416,76.26610729125775,2.8552551692736254,25.987713322251405,74.97811331590276,2.5212566453170404,26.234200278936232,-49.77582943746381,-4.068077122794178,70.56632715093836,-48.6257031640551,-4.488329322454985,71.41063544709316
1417,76.49857448331657,3.299352385854193,26.03918828223988,75.2075301711232,2.9624306893699193,26.28042666265101,-49.57970874944787,-3.868045629974703,70.6472149592769,-48.44521810155713,-4.395477799036329,71.51823388024494
1418,76.72607396584384,3.742145872422202,26.083506049069808,75.43154977331221,3.402405375266484,26.31860465352869,-49.591674269748864,-3.11398573740141,70.72667362676238,-48.705537444182475,-4.034987071092781,71.6220056923097
1419,76.94483426321713,4.1770432229363745,26.12426237153191,75.64519661538824,3.8330432319718266,26.353879459298632,-49.583578071429535,-2.4122714120380238,70.82636493124157,-48.93724893827143,-3.6749232305705988,71.7156317182238
1420,77.12014434745987,4.602833791264368,26.16043046019685,75.8158511653549,4.2490617362185965,26.386656470654202,-49.942909325274854,-2.1917279175102085,70.94075976977041,-49.369106451712,-3.438807190290822,71.80140163097825
1421,77.22115008372353,5.023011281532785,26.194376073411355,75.91371022838675,4.657869052845817,26.419961245305824,-50.15583407693308,-2.1730014371343382,71.0181133992506,-49.50574051477852,-3.2642070014895332,71.87610840917685
1422,77.21066579269488,4.620988533748415,26.22921836353453,75.90228962950243,4.261023026109771,26.45674281400192,-50.22580270707347,-2.438509079549337,71.07297519239057,-49.75696969855197,-3.425637633724674,71.9477367191215
1423,77.13722507664572,4.978197357503903,26.260165333035786,75.83026009378597,4.617745799957204,26.491846348465728,-50.31713450831889,-2.421514201055267,71.14895544264255,-49.604872851945146,-3.359961723844622,72.04661772044568
1424,77.00139119234086,5.271540512747415,26.285671300302962,75.69433630021422,4.91581009550382,26.523687156543307,-50.44628143158773,-2.4136110637008166,71.22458584317172,-49.50887272795067,-3.24126022810486,72.13292875610956
1425,76.83730182497277,5.4893812075342705,26.31466169291019,75.51996914764601,5.146004289935796,26.556300329549778,-50.28624473272816,-2.230523076937688,71.29430100151855,-49.47170575032619,-3.108487425207298,72.208301532458
1426,76.67170575871972,5.641522020169725,26.347553841433257,75.33285211914819,5.31120221164241,26.591278971514697,-50.12346962528044,-2.0064628181310242,71.35837328168341,-49.47912531361581,-2.9860385841518085,72.27357341971151
1427,76.51186773073985,5.745050417957581,26.381041391168523,75.14770806859491,5.42284347092023,26.62639165698694,-50.028435805504685,-1.5877705788127094,71.41335291843323,-49.51729881430847,-2.882764764495767,72.32831121790511
1428,76.36863814046426,5.807208757791216,26.412624762923446,74.97388153409632,5.488078207788985,26.659589771757002,-50.00268519683273,-1.324250917638055,71.46342698297939,-49.576415258852485,-2.802821845325072,72.37213893449267
1429,76.25167902964559,5.83487754115576,26.442661001181886,74.81821721951387,5.511634785747001,26.690374252366215,-50.01974497621138,-1.3393137091068694,71.51229772778305,-49.64586659408083,-2.7510134196607483,72.4114700607167
1430,76.16195695966077,5.832863715700303,26.47113076281432,74.68735130709601,5.4970257493884285,26.71862907280314,-50.10933632689654,-1.3494750764536354,71.5317214132623,-49.70951837193467,-2.7312362822111265,72.44575375457687
1431,76.09974394196055,5.809056849533325,26.492615017338938,74.58627518035158,5.454100262426491,26.737651590513238,-50.168697968724786,-1.3822317546653715,71.54318026915428,-49.76431080321003,-2.7357657851282045,72.46926953827517
1432,76.06166183579853,5.775141135628882,26.504690332682554,74.51510683629665,5.396881190967536,26.74596435073299,-50.202204512495456,-1.4232626044828056,71.5459686098219,-49.80634403785089,-2.7564060719984074,72.48127528180338
1433,76.04274042293468,5.741054165599325,26.51049133887001,74.46920028072404,5.338392206547994,26.750234389246707,-50.21577822260091,-1.462292212220909,71.53989601420282,-49.83490371312711,-2.7820086016741916,72.48289443370358
1434,76.03316509235255,5.7105692925393035,26.507275564361723,74.43341846941325,5.2844467833387725,26.747461038866966,-50.22038994854521,-1.496169642825763,71.52755194346196,-49.85943352878139,-2.8080762974036926,72.47794117467919
1435,76.01527169370196,5.674287513294345,26.49694236208604,74.38306313510053,5.225862050062021,26.741764406679742,-50.2341697612997,-1.5350635560493162,71.51236903723012,-49.90093720551552,-2.845295625259186,72.47058619606189
1436,75.9724281126798,5.626495358018709,26.479042284572724,74.30153942679814,5.159370386171582,26.731927720316417,-49.82663047475105,-1.8118983908684898,71.49218880236559,-49.347399893185866,-3.214236891894091,72.4621054135159
1437,75.89053558312646,5.565821225255409,26.454310447774528,74.18090508590927,5.081340724961784,26.71807842165155,-49.489906105907444,-2.064160826256282,71.46491060553092,-48.990446499379985,-3.470168414826519,72.44819601313003
1438,75.76922295391758,5.483921880226773,26.428089502099777,74.02965181525538,4.980829174572097,26.701248630443793,-49.163495149756756,-2.35241249201601,71.43610759334567,-48.719583460066396,-3.735620300900968,72.43187342263933
1439,75.62664494915555,5.358294039920945,26.41088650849742,73.87532120195095,4.838637928834372,26.694144175490283,-48.75591778412324,-2.569234916149674,71.4093476525982,-48.41073281713174,-3.8885864647621458,72.4155593195617
1440,75.48607431677415,5.164962052022176,26.400390347619688,73.7427384729102,4.641867189023325,26.695904530382148,-48.259004456619294,-2.6183987359352807,71.40004494203228,-48.06867461487821,-3.8478454630521024,72.41516777830476
1441,75.36932042992447,4.900117555069175,26.399448276732006,73.64281728686395,4.394947644804147,26.703741121678902,-47.49358057843057,-2.5307969334735505,71.41310104280745,-47.43114832480401,-3.713556358859493,72.43383533979848
1442,75.27793680186969,4.586108331867382,26.403063872773085,73.56494650340326,4.1147661973195815,26.71219911174488,-46.63386319412413,-2.3261066111157747,71.42109621425529,-46.79508622806135,-3.5367376284422902,72.43731342706828
1443,75.19276960800708,4.243821156973188,26.409470461053438,73.48911342241783,3.811794705420106,26.716559462003882,-46.574387511775605,-2.075555389432068,71.40498311806206,-46.72031352243885,-3.305518702411245,72.41619564970797
1444,75.08947419056868,3.8873918335317414,26.424701620356473,73.39322713369043,3.4912671931589685,26.724973175671117,-46.521525118111576,-1.8018022601868258,71.3997066827304,-46.7706273818161,-3.053668982854401,72.40742773682663
1445,74.95522811616542,3.5295508672641103,26.440330565464578,73.26667600697205,3.1651260884646506,26.726351967545742,-46.5485078505972,-1.7578328352233434,71.4425307489427,-46.91863423182498,-3.225233685819953,72.46483076259929
1446,74.78056156181586,3.170513418480918,26.445525536569964,73.10325056158655,2.835187469677397,26.720672759342946,-46.8376454486413,-1.7398948451057945,71.49823729762034,-47.368505932105215,-3.341749262002002,72.5270532907075
1447,74.57775342231746,2.8136852999393653,26.438959579350115,72.91672651086206,2.5050438545353306,26.708382035253468,-48.31028465319111,-2.0355607167307337,71.54597706145861,-49.3267179098339,-3.76084125486737,72.5741995271124
1448,74.36768733835642,2.4563682099118553,26.423343404083884,72.72197026605016,2.1696844752312914,26.692116333077752,-50.20967789285969,-2.3122608159698217,71.60559312317929,-51.113530415615124,-4.081224843397689,72.64259134544086
1449,74.16021809845748,2.080534278877467,26.399634367801525,72.52459417730597,1.8146833980317159,26.670528377990518,-52.060467339960624,-1.923193068474432,71.7090478636179,-52.32579707632714,-3.4011399879470496,72.75017529686582
1450,73.96530923277615,1.6916724170808655,26.370654514474666,72.33651965277551,1.4454922692874694,26.64479697793394,-53.45600198898515,-1.8272657012104383,71.81199282536122,-53.06873539074124,-3.0295553575303025,72.81935384853587
1451,73.7825573610716,1.2933313873609116,26.333455739676364,72.15922397040539,1.0640040091197194,26.617575937517795,-54.6742240714183,-1.9981855295965207,71.91619130944365,-53.52798774980698,-2.9727625275538903,72.88702757676812
1452,73.60369198692783,0.8898194873096064,26.308045636455503,71.98679398539825,0.6777893035918787,26.604949859417815,-55.77542959828949,-1.953185183289385,72.03276901491355,-53.87917815987961,-2.9711756051033364,73.0239047362089
1453,73.42648933396687,0.4852051399021962,26.295016800092093,71.81646112825797,0.28727071096398665,26.60381332385841,-56.692478427141424,-1.8519543692410751,72.10637183999883,-54.22126834563026,-2.8965450501904764,73.08823849046183
1454,73.23725175656801,0.07445977204642312,26.293866965454168,71.63557766857429,-0.11171990866935294,26.611578042767093,-56.840236195239,-1.4079076180554901,72.23084460302591,-54.98178267818864,-2.8703054542929807,73.17586849676502
1455,73.0403849108795,-0.32865747710160426,26.303764326732953,71.4461930442541,-0.5070330227925068,26.626532256471272,-56.668899132842725,-0.8099540312673207,72.328709175403,-55.370551743911506,-2.627893292123989,73.24541714817838
1456,72.83282380632131,-0.7353855043658606,26.32691683980258,71.24303491205383,-0.9079400020954371,26.648576945993202,-56.82714629022548,-0.8685773101304867,72.40397680652401,-55.968878129506926,-2.3722919663994357,73.33290145719069
1457,72.62316289711517,-1.1401528413993745,26.362052040619385,71.03469058093145,-1.3075880804830415,26.675235478444158,-57.11326868346181,-1.0343815938741212,72.48068435846432,-56.382766303804,-2.452694275866863,73.3901296722738
1458,72.41436834603579,-1.5495034203519902,26.406727522109033,70.82638923033748,-1.7118788473408229,26.703620148610547,-57.61562621526933,-0.9408340322219827,72.56119007011864,-56.884660032731865,-2.3810807126062445,73.45443152577698
1459,72.21044321656338,-1.964630703515824,26.443044211561276,70.62240810817933,-2.118214619837446,26.723099785296636,-58.119127426874655,-0.773690755398727,72.60044263949807,-57.27190692003489,-2.2551933930300727,73.53168870659243
1460,72.0069463002418,-2.385088697331759,26.466921204867376,70.42087226708843,-2.5296587741630985,26.73197605010067,-58.51378464575859,-0.5423004137621698,72.66798586925198,-57.48552117351302,-1.9843128346508352,73.59096027309863
1461,71.79962872616142,-2.8118576458050955,26.4808348705959,70.21544233682138,-2.9496864997415932,26.734451385622773,-58.48993785262884,-0.2498797346516971,72.72155075391386,-57.5492622462148,-1.7057540292575788,73.65540059758358
1462,71.59077788576353,-3.2322165044233726,26.487752125321357,70.00833437552343,-3.3674474827057184,26.734595507183965,-58.26642801925947,0.2925717962432427,72.77587410870292,-57.11437421026704,-0.9252533055811633,73.70589859734618
1463,71.37757842777482,-3.6513060470869347,26.48345901013003,69.79776278266765,-3.7831640594414977,26.729333691965305,-57.574553678559234,0.8624078893274587,72.83502297826189,-56.39710646179833,-0.21353956392001439,73.78309108452464
1464,71.16140088478495,-4.0715274394710415,26.46814984028036,69.5838439278513,-4.200276562023994,26.719638312797215,-56.76948825199792,1.6814137120933332,72.91847888215884,-55.602674201191384,0.4186072769515492,73.86584404284768
1465,70.94545613554519,-4.486792493097478,26.45266874914025,69.36897784170012,-4.611510151202213,26.719325997633295,-55.99593703396816,2.3964008883314647,73.01357990760567,-55.179259594976116,0.9178567067356143,73.96391655848812
1466,70.72981123276843,-4.908421512629234,26.44622992657158,69.1553311955118,-5.027637301079024,26.727424352508233,-55.06299830259259,3.012720582315467,73.11404173169824,-54.60507130566525,1.2430467674395076,74.07084813428617
1467,70.51452534778481,-5.328980028310103,26.450319194369516,68.94173735109234,-5.444208499576528,26.74284754552208,-54.29592520985814,3.3159915149640193,73.22341149535518,-54.27483555450564,1.2377622826095502,74.16772571641206
1468,70.29903026162656,-5.7446481996842165,26.465110782383487,68.7262637561279,-5.860642100691044,26.76466454005914,-53.42838212539938,3.6003331494999404,73.34428337429425,-53.76236146734027,1.2699748036334848,74.27954448371894
1469,70.08143339834577,-6.161515498034861,26.490142990607325,68.50981872118683,-6.278827255511847,26.79126258688824,-53.057638099938536,3.5108925724239826,73.45182397397318,-53.55933184464605,1.3266369205109032,74.36081698585339
1470,69.86283710174165,-6.578585038552271,26.526459191529824,68.29356040379211,-6.696504719796967,26.822722148711502,-52.94620561785481,3.2825492026386955,73.54474738160997,-53.394702202806535,1.2667879274587202,74.4436622290736
1471,69.63938962273313,-6.992872086516686,26.57457479339216,68.07100258750343,-7.112754004390835,26.85865349995917,-53.102868467464994,3.054439366713676,73.65982670244955,-53.41867387444374,1.2830594515676739,74.56038827671215
1472,69.41206797970511,-7.41189633651503,26.62349751329336,67.84392548765345,-7.531030379632949,26.896798399628562,-53.04501405449928,2.78197761059387,73.77440172239581,-53.34347141402106,1.233290159873137,74.6818549084117
1473,69.18390406977167,-7.831312335996637,26.6657330221609,67.61628152199633,-7.949207193423327,26.928443487585398,-53.182644596353015,2.5932195855074136,73.90896362295841,-53.32453252177163,1.2237966057679182,74.8321444672717
1474,68.96082497382147,-8.251739835839519,26.704454567925072,67.39319918013342,-8.367245014239307,26.95873396042229,-53.194936286372105,2.413921376878383,74.05229039533158,-53.26801067227537,0.9687949929017784,74.97665792780865
1475,68.74208895381012,-8.674003932515344,26.737655614355052,67.17478913740257,-8.787172963989395,26.98470027843902,-53.1384070098658,2.3383704678450896,74.21849140569418,-52.87799653338716,0.9465535509181764,75.15739020108478
1476,68.52391349839493,-9.09633495998881,26.765806416258417,66.95705751743975,-9.209130579018941,27.00819636841991,-52.72743523717936,2.3704697648886,74.4353967154813,-52.27636484344965,1.112045270348677,75.3661432548818
1477,68.3011073235156,-9.520810300721472,26.789102730077232,66.73563910876685,-9.63361567344475,27.02962709508691,-52.391523249380796,2.367146585530243,74.63250505383674,-51.89843504714225,1.090487695780498,75.52415368550376
1478,68.08002140612123,-9.946775454081266,26.807854790728992,66.51470376109923,-10.05917527245531,27.049834059867027,-51.95542674000644,2.4342473137124228,74.80959979993183,-51.61214112331959,1.2363634553393192,75.67337974363845
1479,67.85566484531351,-10.371359506133842,26.820338561281382,66.29102216480923,-10.483421379116031,27.067200043239698,-51.64724407801823,2.675153094008342,75.02995454346306,-51.46703606774016,1.5365263213800942,75.87923232505658
1480,67.63032525783244,-10.7946596734933,26.83684796516012,66.06516349944846,-10.907194269495344,27.08922621566329,-51.22519704118719,2.737015962820229,75.1645004993588,-51.232529757660025,1.5572416678365244,75.97607217159126
1481,67.40473704614904,-11.223611739035231,26.85606841604033,65.83919209577408,-11.334426550173209,27.11602627437897,-50.752452111586734,2.8059634050435776,75.27301219624034,-50.93547204554897,1.3342128641586457,76.04093545449135
1482,67.1814383399265,-11.652198192919881,26.882454707012148,65.61672004099235,-11.760420463951492,27.147835360682357,-50.5792850414378,3.050428726457029,75.33624300659876,-50.769748529146625,1.5799209408076411,76.09714608746253
1483,66.96103243039207,-12.079709878823856,26.915099810813516,65.39821125357611,-12.185291010406258,27.184065476646765,-50.5764121544935,3.3694054730939746,75.40410736533194,-50.584788327538625,2.0623601305155557,76.21298631273301
1484,66.74426714830642,-12.505227699033247,26.954497055805014,65.18184797481051,-12.60933641328887,27.22372759540869,-50.72710031890174,3.6818725029437736,75.53930641210418,-50.75540437790996,2.2860871691275286,76.39178976465725
1485,66.52454367807192,-12.931217405185699,26.99524887190881,64.96287052247891,-13.035302350079574,27.260933656489385,-50.889562550505225,3.9072043078191645,75.68696191828441,-50.92554403025222,2.506539797152326,76.57562374259939
1486,66.30028569966241,-13.358776922095656,27.038301372716965,64.73692875303311,-13.463853586308714,27.295852347447678,-50.991905601375095,3.8993155802841897,75.77054514691324,-51.06247862621643,2.540035745985388,76.71936164288036
1487,66.07490364637033,-13.783500761619939,27.08298038625514,64.50851616312016,-13.889101960821936,27.333439340255318,-51.358774937199,4.024078192919891,75.94485180136789,-51.42467642668744,2.53453567145119,76.89152181549936
1488,65.84834840086609,-14.210646107238409,27.12536260342842,64.27921691770825,-14.316872293487858,27.3701373366745,-52.36164236098012,5.129525406850123,76.16014412831895,-52.493946659465635,3.6657493669356027,77.07362653282941
1489,65.62872928090641,-14.641207639352235,27.16512218500127,64.0580593070685,-14.747531657631745,27.40606042919763,-53.53492105978453,5.365039797218308,76.43392140412121,-53.65663946457144,3.7848316583925157,77.30544832918514
1490,65.40538060809803,-15.078914223295882,27.201232884617493,63.834682873910765,-15.185314697574203,27.44014851793495,-54.46498326480591,5.5779016730436135,76.65892453192244,-54.19387219729086,4.140175119884568,77.49442885490264
1491,65.17762885236759,-15.513107214288814,27.234512499191407,63.61105923065131,-15.617026727615482,27.473755898013966,-55.55393107345616,5.859116218053537,76.85670056601295,-55.16633819749666,4.344629620944659,77.69586024467986
1492,64.94635770311127,-15.947558535371241,27.266588976503368,63.385196229044595,-16.049577170197196,27.50838030885638,-56.38927672403436,6.261568550464392,77.07389699642253,-55.62142187541867,4.715706033309301,77.92508945011204
1493,64.71719263314407,-16.37886684261928,27.29945806275922,63.159436439702446,-16.48178722145143,27.54327463282656,-57.61170047199801,6.581781687420976,77.27254649388189,-56.52934297025331,4.75366270721594,78.08001087204846
1494,64.4895851161764,-16.808516299310714,27.332161088106385,62.93421766580815,-16.91076348123436,27.577409801846034,-58.73006662144222,6.947036871070563,77.43750912526022,-57.36606532597611,4.811348233719508,78.21220082168037
1495,64.26319341680271,-17.240226085752578,27.366131871226198,62.709343197986875,-17.34224484596939,27.612248227045566,-59.15715313947197,6.600195295847657,77.55982823401513,-57.85476996990154,4.986991898527542,78.30069148032432
1496,64.03599854354911,-17.672835141887017,27.401936195316104,62.483011684253,-17.77392474969273,27.648365749665718,-58.84720499235074,6.82972908899583,77.64534326533712,-57.51400904540249,5.16972262987265,78.40380618081647
1497,63.811074804563546,-18.106910586269116,27.43931125343751,62.25613858545636,-18.210099583692674,27.68562115683321,-58.7377890738133,6.452380942293224,77.71678470854432,-57.12015618131293,4.722714507625256,78.47069135900254
1498,63.5840940625527,-18.545462162269168,27.477188347854984,62.028898025083656,-18.649213595196727,27.72355780681632,-58.271731647342015,6.1438997594697415,77.72248205001866,-56.855757833242855,4.385215646642865,78.48527354302162
1499,63.35956968448354,-18.9776360163749,27.515472542748117,61.80479551285054,-19.079526519991017,27.76196980559791,-57.97406896774958,5.585217892446078,77.66053506982433,-56.552316530318855,3.965083969006253,78.47053463893326
1500,63.135166195947825,-19.408252345941417,27.555186692549665,61.5805068835888,-19.508470951938794,27.801764872733102,-57.25223654698547,5.033765043279015,77.59779433289876,-56.26174206754627,3.385402609462313,78.42923011097108
1501,62.90947830846704,-19.841249298805423,27.596408235720663,61.35316075760693,-19.937935610802302,27.842596695348817,-56.728867318340605,4.799893877270541,77.53031356692901,-56.42297588616668,3.394794443487457,78.39796275844871
1502,62.686145092419714,-20.272516368209896,27.63946932719032,61.12872024073534,-20.367464072580212,27.88497264432411,-56.3321749950858,4.4066022105964135,77.46416343869562,-56.54597730785353,3.299349737956912,78.3561146573882
1503,62.465492817282126,-20.70966257832464,27.683930684995705,60.90639931362976,-20.805052010976283,27.92808845125378,-56.52054443577905,4.065056179117603,77.36401491695337,-56.73868171055079,3.342391786554316,78.3073255668164
1504,62.24750376551006,-21.144371625579016,27.72838885241774,60.686470793517174,-21.242465677629138,27.97128408215204,-56.92594165147058,3.7902949901964416,77.25617634963669,-57.06641800032044,2.880809327082252,78.24172243988917
1505,62.0292141711606,-21.578233963456963,27.77322995309603,60.467670197597705,-21.679841617330407,28.015039444897603,-57.26188156054574,3.5077191686084372,77.19634470309836,-57.282433014564305,2.5214394307728596,78.2189999224245
1506,61.80856768679474,-22.012286134360398,27.818966226172336,60.24960248851468,-22.113534346344156,28.059775307037214,-57.758530948230266,3.3964545467100176,77.18433972357296,-57.58380471710333,2.322611151737256,78.241272003002
1507,61.58547959900526,-22.44182993351416,27.86497194503467,60.030899557693985,-22.541036220904385,28.104928731260383,-58.22462279553026,3.4461902291801283,77.24055381855541,-57.72986182440417,2.1420826239382693,78.3256590432126
1508,61.3593829177447,-22.8698242191889,27.91270079686878,59.80699269974245,-22.967589594206796,28.15148651612711,-58.384669484204316,2.752517844799748,77.31886741410696,-57.81567835199564,1.4231406069032737,78.4243261687474
1509,61.129986919731245,-23.294654106649656,27.961195138516093,59.578089700997566,-23.39164133321349,28.198984729544733,-58.85236694807453,1.807610776392162,77.4279639431497,-58.307801011884344,0.3924240450027754,78.52888212711979
1510,60.90116623443847,-23.719587386671744,28.00960115007835,59.347923697099226,-23.82051920800187,28.246204976210503,-59.25702830156884,0.9504480739422596,77.55459910529912,-58.704291816941826,-0.1856790896641377,78.62268133872702
1511,60.67637382943001,-24.145572810661204,28.05732845600018,59.12077982262574,-24.249516126439357,28.292617584768603,-59.56713659583258,0.1671161724475373,77.72249436825453,-59.080805547815125,-1.0331257949902701,78.72955074912507
1512,60.45488163887174,-24.573431503490127,28.103966686345313,58.89752165608463,-24.678635122776065,28.338186037502048,-59.949211369038736,-0.7792802759327224,77.85004970767604,-59.4372887797523,-1.927968892103996,78.78931511155713
1513,60.233088163717355,-25.00196953381996,28.149328406735034,58.67385162794177,-25.107789977486043,28.382554725032527,-60.35922811503958,-1.9040551853046064,77.89708416793677,-59.889825122468984,-2.803862948112917,78.76542705000838
1514,60.01079111404862,-25.43284149601513,28.19453364354301,58.45172184373283,-25.53630674701904,28.427367619911138,-60.81198483390355,-2.9474731375043683,77.89331279102502,-60.21705781671219,-3.4184505375091576,78.74118225805134
1515,59.78875474468,-25.863399306756865,28.240316371036762,58.22941593084771,-25.96481507223521,28.4731193332399,-61.19592532407012,-3.5860459245490066,77.85919246416553,-60.34958880163781,-3.914849994923977,78.7078972189933
1516,59.571191702349594,-26.296737625763623,28.28508499578455,58.00997879642975,-26.395833218480284,28.518142764252033,-61.21765290408966,-3.8524863472809163,77.81365087204776,-60.36137506284924,-4.2535836553413935,78.69010302802994
1517,59.3593366250676,-26.730804787614048,28.327806679005487,57.79563065598601,-26.831070463492193,28.561632311498283,-61.392646839204076,-4.494303781593909,77.74268757446475,-60.5992134510546,-4.803314273125965,78.65259432920074
1518,59.14863087674568,-27.17054319097252,28.37143374662292,57.58459737574389,-27.27266399848059,28.606043994902596,-61.607741678198174,-4.790403136290223,77.6665967296129,-60.890981736368836,-5.144767611938171,78.6465480932419
1519,58.93854017393387,-27.612036920594317,28.41796794230414,57.37619739808558,-27.715399214049107,28.65433849147613,-61.70078798806564,-5.3392625790755455,77.67066199909578,-61.001059572402646,-5.98901143084529,78.72814667576746
1520,58.72653067438848,-28.055652967536524,28.46700624095285,57.16490982008855,-28.16054211711582,28.704607915470497,-61.680477132269715,-5.8977729207889835,77.74502127354094,-61.093217940144775,-6.8451618192144,78.8197963088603
1521,58.50884479430229,-28.498493424829142,28.518081717790434,56.948858219917206,-28.60516112968719,28.756447079549435,-61.47856269971619,-6.459274039376605,77.84475457869785,-60.88152142099317,-7.448320758534646,78.92333695517725
1522,58.285198026603084,-28.945244238756903,28.57241450934166,56.72687233323587,-29.051655374082717,28.810612861004362,-61.22357650234542,-6.858853403497033,77.98622007635444,-60.50681025384647,-7.70132771313563,79.04978911503079
1523,58.05970337297697,-29.39327813284243,28.630840865795093,56.50210063381732,-29.49871270280205,28.86754263835178,-61.52872069145762,-7.1613207088828466,78.12898713405902,-60.89952286125638,-7.709740919302062,79.16124645102974
1524,57.83283563260618,-29.84460978243474,28.69266616883265,56.27567077989078,-29.94831169804578,28.926482438612123,-61.5191092544977,-7.222215278860713,78.39672223065999,-61.00921746001683,-7.653491754578341,79.40405560089843
1525,57.60391023057702,-30.296631135744764,28.751708709312997,56.04766827275509,-30.397104151696553,28.979826983110094,-61.5305174930069,-7.150544007564345,78.69434667270777,-61.2283912149982,-7.318172907757391,79.66427155819672
1526,57.37763691657212,-30.749530263571234,28.80298369397786,55.82427294258102,-30.845021756109084,29.025474276538155,-61.61036523530391,-6.683510615590704,78.93756475888769,-61.39709979875727,-7.071610666581272,79.88412008184382
1527,57.15275756753302,-31.20043390519395,28.849502843383302,55.60201716614429,-31.292508932172133,29.068523717849203,-61.6366731222093,-6.114802177403626,79.1391371176258,-61.46587537411477,-6.90942257141255,80.02986875552284
1528,56.928259091344756,-31.652341525962857,28.885690700083828,55.37925946104134,-31.741169424004546,29.100856568281667,-61.8352814240562,-5.793158002660265,79.29264038473211,-61.468459590042436,-7.053661620301034,80.10784850898563
1529,56.70525079290353,-32.102707430779716,28.913002351797513,55.157041910975984,-32.18886226947077,29.12619532597738,-62.15311155064228,-5.861694015316739,79.4230401657687,-61.42589115598573,-7.487193267848299,80.18061781669412
1530,56.47629029598227,-32.550221701701155,28.935023300120555,54.92556713049512,-32.63615340726089,29.150949387400786,-61.942031842573726,-6.078754916711557,79.560032727631,-61.341440929172414,-7.839112116764919,80.25957362164601
1531,56.24887728535522,-32.996010181001374,28.94760779112666,54.69472925046892,-33.08253144532597,29.170375529651622,-61.74941203493572,-6.341750193822432,79.60667004744572,-61.09379914253531,-8.125003378187532,80.34866117441052
1532,56.027875720232686,-33.44305737040955,28.95349057736701,54.46956422122668,-33.52873434549923,29.183540904574976,-61.48308031373845,-6.888353401047762,79.61698368006121,-60.924857916050755,-8.461459359994612,80.43521693420912
1533,55.806045117448924,-33.89984587105624,28.96392407124005,54.2475032916703,-33.982644642102166,29.204363950906142,-61.15875186708289,-7.2307450204146555,79.64065343854537,-60.71105050393624,-8.463287072216007,80.53314903765849
1534,55.58917373997174,-34.3466324300022,28.976729014228248,54.031218187174424,-34.42926160816676,29.231584996675654,-60.716000105440685,-7.8125809258502095,79.69645924676557,-60.305881094555616,-8.845254926983399,80.6272618120696
1535,55.367797224539345,-34.79486797502915,29.000329466875964,53.81134618157771,-34.877603914645114,29.266549945978515,-60.17331614209285,-8.328367863347975,79.79235284250326,-59.784756576929055,-9.326233587813212,80.72113361080238
1536,55.14100539836896,-35.242247366339065,29.03758978707713,53.587322872908715,-35.32564951388313,29.310409913320235,-59.71000741015204,-8.60838859685396,79.91846424997517,-59.4267585049295,-9.697018250722065,80.84732971187911
1537,54.915936699954855,-35.68741172887871,29.086248852007717,53.36175915284965,-35.77328143165291,29.362180085465415,-59.25437150029382,-8.86628205909646,80.05267615936955,-59.09880893303781,-9.965564760353274,80.97969195427883
1538,54.68714427957626,-36.13209701946331,29.145421085667675,53.132178291264054,-36.21938109667255,29.41733162471182,-58.756896247921844,-9.1487464866699,80.1717153991948,-58.59862341733459,-10.214716642125637,81.0915509525273
1539,54.45556866229027,-36.57290031183224,29.213181831163638,52.90091790484733,-36.66022624618341,29.47402466356636,-58.33456526460414,-9.405487248459725,80.29132458139927,-58.33170429909672,-10.487218344352739,81.19814496307609
1540,54.21709430643816,-37.017881911371475,29.2815195511766,52.664344111562144,-37.105163410299966,29.53231832741729,-57.87669571020145,-9.718004306853734,80.36234446866611,-57.993223311086105,-10.513706448704301,81.2433991944528
1541,53.97699938003754,-37.45817398087197,29.350349795486725,52.42522492867445,-37.54622157534594,29.591855503861805,-57.73116622733659,-9.713300764984313,80.4218783572356,-57.9266144785579,-10.482878226450188,81.27836520771
1542,53.7341383387897,-37.90313912919226,29.410697912883528,52.182488750824504,-37.99273980725698,29.640383058300298,-57.71512322017797,-9.553212629563632,80.47274949698179,-57.86389864094073,-10.417977704036943,81.31396460788316
1543,53.49484432300805,-38.34714399560261,29.459300399213124,51.943409212737116,-38.43761587283219,29.677464786981318,-57.70383616691141,-9.398594891427079,80.48044765632208,-57.876852833816784,-10.356671140702923,81.33479785966945
1544,53.25634890478619,-38.79410033120866,29.493629069955,51.70681899005135,-38.886198922565555,29.702620372314698,-57.717810178656336,-9.321575829013794,80.46824605394751,-57.8781549878314,-10.387363929531082,81.35290105404677
1545,53.017232437358324,-39.24410864597804,29.51521642517486,51.46952989690712,-39.33647932739677,29.71861779713022,-57.85317474124073,-9.158880617425796,80.45813859126685,-57.81106140093795,-10.322711478164823,81.37264207609768
1546,52.77994407320094,-39.696247856362326,29.52422138055597,51.235601507417975,-39.786481628247415,29.728941747637972,-57.87411510718407,-8.923032302862428,80.4363091142266,-57.72543779979777,-10.243842432366664,81.39307092290889
1547,52.54705362955839,-40.14643461438707,29.521565344193718,51.00712884099336,-40.23444089119141,29.736131734216354,-57.97883441777625,-8.823303755492667,80.43529780761925,-57.654499987094255,-10.173394668757778,81.39632787707033
1548,52.31947091673957,-40.59973531090403,29.504473950700675,50.783791324905465,-40.68526578666427,29.735998488291557,-58.070878477721585,-8.753195511709471,80.41228542569372,-57.784220652563434,-10.111261862111938,81.3678584485953
1549,52.09469698117442,-41.046574661290634,29.485492014762464,50.559454616761165,-41.132336718137005,29.73194699439138,-58.13706656623735,-8.719464288442827,80.37103487248305,-57.843611686949146,-10.072343253425664,81.32750376860442
1550,51.87220375304609,-41.497297796064856,29.468860421510875,50.33829603085909,-41.58307196626561,29.727694863442604,-58.257268197806575,-8.397456365665235,80.32775810823794,-58.02989213895158,-9.629778321400629,81.2849568338497
1551,51.650108733829526,-41.943356174301826,29.45468856863933,50.11578369484105,-42.03021872683717,29.723008695086616,-58.4071356121926,-8.065245083128431,80.267786287611,-58.21152105307301,-9.340970888709377,81.2288415428838
1552,51.43431629691275,-42.38801979367017,29.455828517061896,49.896594057109084,-42.47614914699529,29.736287567860447,-58.44962340314814,-7.821489993467388,80.1963287018743,-58.13812068596936,-9.144215920224768,81.17467760139539
1553,51.22680612825698,-42.83570161088724,29.473695789896816,49.68582539272498,-42.924316106434496,29.766162284285343,-58.59906566999972,-7.491284023936331,80.17073733342185,-58.19516205415037,-8.835617861624636,81.19953864862983
1554,51.02132493265794,-43.28790310185584,29.505594393905437,49.476395806566885,-43.376347636683725,29.807656908195526,-58.66217566229009,-6.993562230326517,80.20368421955948,-58.114163621737994,-8.345886170278392,81.28761850021289
1555,50.813493236878635,-43.740536943576565,29.552902339726554,49.266096360333435,-43.83022328496508,29.856881623062588,-58.37680915554108,-6.43911027218012,80.23860746021782,-57.747267704753355,-7.874675757348294,81.32785536635363
1556,50.60276359339766,-44.191146374901116,29.617648799664362,49.05146313952634,-44.28120231526216,29.91609821670074,-58.17121703065786,-5.927863259171199,80.30579831042242,-57.524407905429264,-7.565557888190116,81.38976771493118
1557,50.383756880747065,-44.63896762978214,29.697573182558397,48.83225865070099,-44.731360166621165,29.982832324478142,-57.783001027731515,-5.805038454747729,80.40370917619424,-57.23665897123035,-7.450124265737143,81.47493171878304
1558,50.155855185663604,-45.07779234818095,29.788379750994945,48.604639393705575,-45.170132213840496,30.052567091183292,-57.348661815906205,-5.646517182828745,80.5336750629663,-56.98025343128932,-7.3658040925890615,81.56788592884288
1559,49.92060882036034,-45.51193522036136,29.864420759813868,48.371245491368434,-45.602277335037904,30.106574228370707,-57.04752485702683,-5.476882525219056,80.6976292975087,-56.74643568538764,-7.318632390122438,81.6774484499173
1560,49.68244769519624,-45.944453354991786,29.92447544314493,48.13362598190419,-46.034011685684824,30.14676063653215,-56.58940464597041,-5.450460422145977,80.83793883774884,-56.44370412216005,-7.323296860874348,81.80175374819954
1561,49.44639148676184,-46.378662809425556,29.96668030522159,47.89625045161821,-46.468590165486724,30.17309185883082,-56.16100511569456,-5.549580296571261,80.96083173625527,-56.099006894805626,-7.269141652846063,81.93926932831813
1562,49.212701139393836,-46.81744512928883,29.991728266464506,47.661478751295526,-46.90834718948564,30.187282864167685,-55.95073810649272,-5.794386063270412,81.12233026378559,-55.826022504766286,-7.37045343386358,82.0687943409633
1563,48.98115987396629,-47.255733302729304,29.99892827528549,47.427373332635135,-47.34917481691182,30.193454032779925,-55.4840146356878,-5.963093538790781,81.26055676896904,-55.32482147098798,-7.406877131971955,82.17373400990707
1564,48.74942684036634,-47.68966591496474,29.989988932641328,47.1970587133248,-47.78729924542335,30.195164288866287,-55.10327495671985,-5.933235874381707,81.42155619240783,-54.94121072421577,-7.288644267252653,82.32581356673622
1565,48.51837220793898,-48.12676649544156,29.965272480662588,46.969086955057215,-48.22509833194593,30.19114932920393,-54.731786827194455,-5.831095239255606,81.56619331140229,-54.62246530626389,-7.095380986797875,82.44952059301536
1566,48.284867922276106,-48.560630334322056,29.938357481759624,46.73875989511777,-48.65557366639738,30.18225755333221,-54.36416823511362,-5.416048120719139,81.69162015024563,-54.34528857395473,-6.518762926492026,82.55696973381833
1567,48.04795460486657,-48.99227011721119,29.910781210287016,46.5025719411898,-49.084851086830625,30.169554925918703,-54.02534294389704,-5.091537543826062,81.80708412659757,-54.050200656041646,-6.2238030631727606,82.66550148612104
1568,47.81163088392758,-49.422827908625166,29.892905253371065,46.265894194296976,-49.51571667428956,30.166114718417777,-53.686952494347686,-4.704628986517699,81.86472521372811,-53.71293535122188,-5.843132405392067,82.7103362070315
1569,47.57228501139568,-49.85270321674352,29.88801761590317,46.02421838290192,-49.94820018511909,30.17432177147429,-53.39213313166592,-4.135886624260864,81.93420507483178,-53.51085895524174,-5.4283416907647055,82.77974686168778
1570,47.33736922572422,-50.282837621595974,29.895184802278813,45.785619078298225,-50.38139236638884,30.192199933992143,-53.246979749137225,-3.6012990104895977,81.99868115643652,-53.27474041154575,-5.110935413696819,82.83271523862354
1571,47.103048489472265,-50.71430726043159,29.912893583529623,45.549447599658805,-50.81411733521183,30.216899000605565,-53.04966135706299,-3.1595917554669466,82.00997224206913,-53.02364763583015,-4.839182604743077,82.86979735701834
1572,46.87057796661493,-51.14530919327767,29.942468058741127,45.317590751032874,-51.24613469080603,30.246379949138074,-52.799138400283745,-2.781124537955017,82.03029632017729,-52.73250652531932,-4.611217648288246,82.9155152888666
1573,46.638747864157345,-51.5839303560769,29.985344859923295,45.086662163978154,-51.68184552932601,30.28244559834043,-52.59923511173406,-2.682178530153174,82.05829144070852,-52.54874829057671,-4.397264531940773,82.97312243979493
1574,46.40321874315653,-52.02385033775847,30.039759285298455,44.85113300087384,-52.12059686178628,30.323176429982794,-52.495910980671546,-2.357966326523006,82.06571159082146,-52.468139594798984,-4.073974759833387,83.01085251725311
1575,46.160072347051894,-52.459849360591356,30.090931324437012,44.60862793071158,-52.55739320720718,30.359918881919647,-52.57235625344264,-2.2056462604213736,82.09700311970296,-52.55658438039218,-3.908364284124097,83.03044090118176
1576,45.91773615708665,-52.89175957399273,30.134631726500682,44.365040239872016,-52.991410484292054,30.39157068332536,-52.62400894244525,-2.156745775941798,82.09555188046858,-52.659736330667045,-3.8077931647887198,83.03347044649111
1577,45.67393159859249,-53.322450341756614,30.17121202537747,44.121655389719734,-53.42241357588056,30.419413113273883,-52.741008925780484,-1.9844580676620147,82.0924986951243,-52.75982699914624,-3.5710572763811834,83.03015825149822
1578,45.435465529013854,-53.757063822049275,30.20340141784572,43.88288725992016,-53.854859208108586,30.445825442615366,-52.96550108268,-1.8555489540145427,82.12632388623207,-52.925250226686344,-3.4258461862785032,83.0735409884306
1579,45.195803291126076,-54.19618692501638,30.23270740939198,43.642313849904895,-54.28949418021283,30.47137356907328,-53.36948688616943,-1.686250124746529,82.17510843556306,-53.21494474614586,-3.2446095049328583,83.1457137828007
1580,44.955936788090696,-54.63439746246683,30.256391711115334,43.402859772252185,-54.72458775051791,30.495318760562498,-53.729817982609845,-1.5482082794663923,82.19079591700418,-53.437385151900344,-3.1119312694323056,83.17874821245195
1581,44.71378957829837,-55.06967451428803,30.27449775013265,43.160632169603566,-55.160325862028095,30.51804441441597,-54.02573740070957,-1.6172977350184892,82.22060078372337,-53.589825285921535,-3.141917974010028,83.21729018757307
1582,44.475191232821714,-55.503501680581785,30.291518439434753,42.92186910085852,-55.59645745505342,30.539386138438836,-54.10549761389183,-1.6767510545420847,82.28250176178678,-53.5655956102742,-3.245912703046142,83.28229587147662
1583,44.233777764374125,-55.942310197520364,30.30850786437824,42.68167892672203,-56.039119235484485,30.559928452121007,-54.31662359761651,-1.7772691742953317,82.37160702283423,-53.76317987191575,-3.419462032560651,83.35932628144637
1584,43.997212629427715,-56.38225736297319,30.325669988082833,42.44716711197853,-56.48036934597932,30.580010171992118,-54.340715871749815,-1.9557025637264005,82.49731051710718,-53.680654009187016,-3.5106714833854955,83.46649046834388
1585,43.75989134675781,-56.827705499994366,30.342616768088757,42.21192145691267,-56.926189942825346,30.599148209813325,-54.29509777627228,-2.0839141515966806,82.62021130697892,-53.59939620624579,-3.5574322254698196,83.5949402880043
1586,43.52381551447731,-57.275387417444485,30.360079415925473,41.97562523542809,-57.371891347631085,30.618037842030944,-54.075650722718905,-2.081555338370093,82.74498164838676,-53.446848654838,-3.348172406725039,83.7375082496832
1587,43.28907693431659,-57.72345725751276,30.378450041526857,41.74052566047883,-57.81811011026897,30.63740826604138,-53.78664315203081,-2.017760508959249,82.91418880557156,-53.220896598173056,-3.1052759203541243,83.88884640644189
1588,43.05411628824044,-58.170711914029226,30.39774009349102,41.50337873042461,-58.26056406623174,30.65766209940289,-53.62830738810511,-1.959845135677133,83.0931365007318,-53.19446076330097,-3.0563464667932156,84.03579677541912
1589,42.8229195545516,-58.61633621600264,30.417310520239173,41.27299600281798,-58.70191991664836,30.677881472990435,-53.68738997747225,-1.8813854676341506,83.2575588081893,-53.330663315388584,-3.067023521299691,84.16796063861061
1590,42.594350828025036,-59.06482792343158,30.43710751738196,41.04307363670881,-59.15070115111161,30.69799273729754,-53.700799743896205,-1.6420078439408403,83.45377730130782,-53.59147673329498,-2.9448494268563614,84.34201975118783
1591,42.3664625150421,-59.51232553016202,30.456814817505844,40.8158439321401,-59.596796443398254,30.71828140001097,-53.93440186999998,-1.2624326501544083,83.61813854019968,-53.86775964305225,-2.598981966736146,84.4829371411657
1592,42.142730253503785,-59.96004500849462,30.47685354101894,40.59246637969729,-60.046115991226166,30.738516904921287,-54.220858607793176,-0.837890703431462,83.7820821372041,-54.145682735702664,-2.231781151060956,84.63767400265577
1593,41.92894849736762,-60.41064110619577,30.500175372076505,40.38011632608131,-60.498153401829974,30.761833271108454,-54.510130093195414,-0.6182301212036039,83.9170070002348,-54.28874877932568,-1.9738805156781685,84.76084820518545
1594,41.718353863949694,-60.84867475415258,30.52832767295457,40.17188772275609,-60.93203796127963,30.790594723858735,-54.863376104424745,-0.48652582861974325,84.07357806127226,-54.39435549881118,-1.8135929115517064,84.92505197839134
1595,41.49550496301979,-61.24568777019856,30.55943961651627,39.95178210068498,-61.31547388941989,30.823050815825443,-55.11158063041509,-0.2639443947132863,84.21892459441034,-54.49395922112567,-1.7231567324716908,85.06658457448755
1596,41.237473461407575,-61.574820587642506,30.59718016884403,39.703902738826216,-61.62892146081318,30.86109784884414,-55.22498013844966,-0.014903703218525882,84.36193953575705,-54.58790563484999,-1.6723876831310318,85.1935250311326
1597,40.9610072867884,-61.81558401809167,30.64511276776443,39.43803599394811,-61.859946226980085,30.9080906656685,-55.24244045948596,0.10844937388533021,84.46343439214701,-54.67849960936008,-1.6393498855367699,85.30942515573341
1598,40.68144409537226,-61.96457772095254,30.699877425424262,39.16432149556441,-62.00297768056845,30.962234329073958,-55.30965018125878,0.053828862892156985,84.57891390977397,-54.7667987018085,-1.6041730270339403,85.41630082834644
1599,40.42953415449277,-62.02017512434249,30.756158172327705,38.903533121919786,-62.056922485594704,31.017238718163817,-55.42789480365048,-0.05275400643482387,84.67449137749726,-54.84876771344238,-1.5558782998501046,85.515439481174
1600,40.22933333661031,-62.00011193346609,30.813461504595402,38.675841111194785,-62.03761488386311,31.072113195123258,-55.58351491138707,-0.055307266451220714,84.77851412131906,-54.91765005573629,-1.4919906640443623,85.60694953672707
1601,40.09090277224941,-61.940615376391364,30.87180830476734,38.49352742642133,-61.96822383144248,31.127898834950297,-55.71277398899227,-0.0004567433503702284,84.84288190250555,-54.96881672808731,-1.4169118806654106,85.69235806954495
1602,39.99836237860762,-61.864354432292984,30.921266089468418,38.35544752438862,-61.871537996927174,31.171042245199835,-55.801201902622736,0.07467646826206974,84.89870599152921,-55.0029985121848,-1.3356056728565906,85.75893055537905
1603,39.94888032021649,-61.77672861626714,30.96429449168734,38.262076217000505,-61.75632637530604,31.20634663471946,-55.84909738158208,0.16027848145275064,84.9453140591109,-55.01791144339757,-1.2500404951043644,85.81287475496347
1604,39.939720982168524,-61.687756446815285,31.002855113990567,38.21286958044287,-61.63474456625923,31.23831704601531,-55.85882715222814,0.2467324479187304,84.98384411054418,-55.01223748750445,-1.1654053147334822,85.85970061438981
1605,39.95944643126755,-61.6075527804291,31.0345988225467,38.200692229772734,-61.5187949556997,31.266658296717754,-55.840599145916364,0.3254851806362654,85.01540262543534,-54.988680621892,-1.0880446512080677,85.89992285758974
1606,39.99715193954866,-61.54241913001693,31.05645865437713,38.21601524329224,-61.416667606894286,31.288603819404425,-55.80476176805513,0.39004055688908956,85.03603073628356,-54.951934481711426,-1.0227682875487283,85.93080577513106
1607,39.94622252566958,-61.593657467470855,31.06664792913694,38.178557832410306,-61.50287674007837,31.303121499046657,-55.85321146092606,0.33919016905358373,85.04509079440523,-55.00055316876797,-1.0759546371498632,85.95210715786513
1608,40.005323219429606,-61.55491427216441,31.06510148640437,38.23331083007285,-61.43369241113828,31.311045307104006,-55.79594746484795,0.3776775249346566,85.04242961744843,-54.94252227570837,-1.0346704155743358,85.96525415068518
1609,40.06628884236665,-61.52298825711585,31.061908414992764,38.29351477211947,-61.37456080975797,31.31318350809425,-55.736974846960216,0.4088289907723847,85.03821532814376,-54.88306991620453,-0.9991057608921776,85.97181963787159
1610,40.11798771201036,-61.47663789971066,31.05535187680053,38.344830245764555,-61.30091998443558,31.31055221029619,-55.686300698002796,0.45406679669387695,85.03057170815912,-54.83209426093736,-0.9441870643141532,85.97262593568693
1611,40.14975740499297,-61.40136797687504,31.044014371134583,38.37354236051588,-61.19790845551749,31.305582301949535,-55.65482572623137,0.5278684997179032,85.01822701720845,-54.801420846458775,-0.8558925685202372,85.97013066295104
1612,40.14316168672324,-61.50603667977607,31.028282247051838,38.372041589000474,-61.32699244201324,31.298137457923396,-55.66266889563873,0.4258734909817591,85.00234312714201,-54.80786717173039,-0.9722708519342962,85.96542709919326
1613,40.13807519267455,-61.36944513169517,31.010331295652257,38.366133963246696,-61.170481319075265,31.288482198133227,-55.54359093379263,0.5669203617130987,84.98248126617409,-54.63732771709095,-0.8165782315268106,85.95506017760474
1614,40.12937102442991,-61.5439284427312,30.99473849566904,38.3494552634455,-61.35679644961678,31.280775430520396,-55.69359120239513,0.3977489216291833,84.96395866070475,-54.81880808424302,-0.9913916212136948,85.9450500654781
1615,40.18343791055826,-61.33703878866069,30.981783415046696,38.416555781243844,-61.15438097725287,31.27410632122222,-55.5024511885823,0.6175372866522031,84.94802097514281,-54.6250668361445,-0.757472770917389,85.93594072988506
1616,40.299574958335434,-61.11966699662336,30.96920503184376,38.53673429819177,-60.959535905394006,31.26569190901688,-55.06283604460692,0.7016305042458545,84.93181514617042,-54.13790103851846,-0.720545123665573,85.92461141131108
1617,40.468487692065075,-60.90931754859475,30.954397730942368,38.69484804573998,-60.77574849576093,31.25416762458647,-54.76621395365596,0.6961831518242022,84.92575411367807,-53.946085412024125,-0.7507539153873792,85.92757320088032
1618,40.66223867992119,-60.69500082295804,30.936721874800813,38.86727680460788,-60.58314856387476,31.238313459891334,-54.429208700534254,0.6020491970445574,84.92284076581932,-53.71767589473476,-0.8508691083506971,85.92983481668524
1619,40.846079054289504,-60.447647835119355,30.92308633019005,39.02589601340979,-60.35556124986679,31.22537969780379,-54.17724093161736,0.5208426713461265,84.91567419297748,-53.63665522693746,-0.9013859917253481,85.92139635595923
1620,40.996798676315066,-60.15684809198834,30.913052052927387,39.160725623345606,-60.08437983207876,31.214610332297266,-54.031785109933885,0.526360355938666,84.90742764115684,-53.55066229518064,-0.9066309021843396,85.91135721100618
1621,41.119343757625316,-59.84004076183,30.90402935807354,39.28029431791426,-59.78713168140171,31.20756475821321,-53.718310153324424,0.48394420637090607,84.90529431788684,-53.18925120785819,-0.9442354526733411,85.90961851049569
1622,41.23488375088375,-59.50961446702212,30.89551559008399,39.40082484164629,-59.47596646542694,31.202266966056083,-53.41593482139862,0.48954102615417683,84.89811378584687,-52.88124898542748,-0.7866164100093112,85.89646347984355
1623,41.367185602475566,-59.1662013285141,30.889353556692388,39.53807742813817,-59.152920915392855,31.19875346546161,-53.42345255531174,0.5394680820594197,84.89169426852627,-52.76663715685355,-0.6664137818055351,85.8794660685764
1624,41.531972079469085,-58.81525456964721,30.88574151124697,39.70258426026277,-58.824301004281295,31.196513933872275,-53.25921027014896,0.6216743179405942,84.87391171553949,-52.62691910665591,-0.5648704539921084,85.86543917917814
1625,41.73263921370241,-58.46863943874669,30.8887119257958,39.8940401031756,-58.49887466866137,31.197848447579297,-53.04144549116542,0.6717660946865951,84.85158970200291,-52.353189663127885,-0.5698898156986236,85.84498252681684
1626,41.96179988466563,-58.12590268648294,30.894212837053082,40.105234762485345,-58.173241092603284,31.200682609083444,-52.72774065460561,0.7136334890884857,84.81628223692748,-52.112871195827054,-0.5741277813352054,85.80126423174967
1627,42.19440611025894,-57.78050644149374,30.896990551710587,40.31858318252825,-57.83830935553263,31.196420864044526,-52.45208768502257,0.7710244167817595,84.77169841904245,-51.95620065528743,-0.5307982716152388,85.7508309914302
1628,42.417334312774884,-57.420712484507646,30.893966920291902,40.52596905355491,-57.489433968314074,31.187130482986433,-52.35699432849189,0.9674747407607301,84.71187041334733,-51.7990406272697,-0.3924787158971652,85.69996796219868
1629,42.627594270376576,-57.042563565998144,30.885867334797343,40.72697151585681,-57.12468238840561,31.175411158589448,-52.29157489881301,0.9873825790143932,84.6501867349536,-51.66255016224606,-0.3574932805993993,85.64444855065648
1630,42.82405150293244,-56.653025828267204,30.873567082672412,40.919558627332826,-56.74862953865946,31.161765645480155,-52.20565431705828,0.9768822659911943,84.58430488356684,-51.65832022460929,-0.35804855067333824,85.58680422172745
1631,43.02199757841947,-56.25689282812928,30.85845201542223,41.1169472368692,-56.36679992531961,31.146293895747984,-52.189824568570444,0.8995037095388679,84.5078897436267,-51.71219301287688,-0.44350484262776857,85.52503644135439
1632,43.22596144339679,-55.86332876676703,30.8386914724704,41.3197151674118,-55.98688616379708,31.12922631680243,-52.2840410417941,0.885870941200284,84.45391200677855,-51.75056756294894,-0.4958817507136867,85.49641764269103
1633,43.44125861037594,-55.46966870806123,30.826148529164744,41.53316774182269,-55.603625155291546,31.127276635781904,-52.33140082774822,0.8776726888054617,84.41883800657362,-51.69476520256256,-0.519073556766729,85.47156487599598
1634,43.6674024777208,-55.07391830128623,30.82464602902921,41.755248705077015,-55.216768727655925,31.135899055287844,-52.327937580971486,0.8610929622356345,84.39366388735348,-51.61711077060707,-0.504779646756455,85.45035532964889
1635,43.897021323654236,-54.6795161878636,30.831281582470606,41.9810197905308,-54.831240831136576,31.14927610891607,-52.364153173021464,0.742537016757017,84.38421283075542,-51.58078333235841,-0.5346748909065585,85.44359359222226
1636,44.12138821085778,-54.282296015807425,30.84486427572798,42.2019934114388,-54.44031116305689,31.164503528527998,-52.465951352752725,0.730691193033042,84.38459058895893,-51.63061166324044,-0.48768973975473967,85.43827374234698
1637,44.339754398707086,-53.87984289904897,30.87076979355186,42.41591914778322,-54.041163120521006,31.187495159800548,-52.43942732834668,0.9026314202034885,84.3993808782411,-51.59576005961747,-0.2227641178769313,85.44177940051819
1638,44.55470070552525,-53.469598793242405,30.909478925853065,42.62747083279007,-53.63516160197625,31.21756596266838,-52.36769402418463,1.1529828286093595,84.43517947622152,-51.56097135430013,0.01375180559086911,85.45889778569445
1639,44.76974928355075,-53.05660389501021,30.949269102176608,42.837126386870565,-53.22720046068631,31.238132631125474,-52.42536610104844,1.4915851224853598,84.47254668917878,-51.70887214665345,0.3419365977848906,85.49473360792457
1640,44.989300545356585,-52.64733082333247,30.97694834817212,43.0522481737717,-52.81982945535206,31.25000820918261,-52.63521521685902,1.9446029169983579,84.51974890090521,-51.955907968784665,0.7865593106231377,85.53606394173775
1641,45.21380378560158,-52.234550671929654,30.99295436750449,43.27199995355562,-52.40725896676454,31.255327632062627,-52.77785138942397,2.3994505544923954,84.58558363858087,-52.02959050145266,1.1755834789942283,85.59428931091516
1642,45.439262321212595,-51.82020179347188,30.999648161609443,43.496351416505696,-51.99581289966806,31.25647142432302,-52.84683519475285,2.8355374111745095,84.65894348003032,-52.014239075356194,1.4192865520782696,85.66076973601317
1643,45.666049398551586,-51.403350766346364,30.998395349047122,43.72266723735976,-51.58394391253281,31.252607023963225,-52.90770152744243,3.3007794989942063,84.74544748558574,-52.070860574784135,1.7244629001056275,85.73352243941784
1644,45.89083039386245,-50.989943935274326,30.98647438241989,43.94564872885775,-51.176092115907,31.244727850457046,-53.045558608870536,3.574779524221766,84.8489738133982,-52.14333111335764,1.9276763595824022,85.8253955388835
1645,46.10999849688264,-50.58063650374793,30.96473634617824,44.162960557226526,-50.77276003738637,31.234502611360817,-53.246279089437785,3.8638042543306153,84.97393841016498,-52.27988199539199,2.134924623831658,85.94168400675156
1646,46.330583759515136,-50.169163792717406,30.95022143667461,44.38339387780466,-50.36616194043897,31.23173633182682,-53.26091853392491,3.92422977355022,85.12871238032963,-52.29794847532981,2.126082883002614,86.09713214156768
1647,46.548076705224034,-49.75392386789243,30.94256239667177,44.60308211464429,-49.95316113122112,31.23423011980086,-53.1310579320363,3.6778546413417788,85.26750552878235,-52.24040910077357,1.8743124551941124,86.21213968037002
1648,46.76545570262204,-49.33813973028054,30.941127979234356,44.82249378040605,-49.53639609080116,31.240435129476538,-53.04340314576119,3.5149931551335247,85.41645363896778,-52.13307621560224,1.8166851943954256,86.34219663506369
1649,46.98133799071628,-48.92449103805151,30.94656812313296,45.04208087553539,-49.12067449339848,31.25077940441244,-53.03533737916181,3.4910791418183074,85.57968079664356,-52.08686635977905,1.900139322218626,86.48645700369218
1650,47.19564530785618,-48.509751868615986,30.96077905586508,45.25863931438617,-48.703978326442574,31.265833503552166,-52.928454462396374,3.4843294534351172,85.73934475585743,-51.9842882899553,2.0993461072614474,86.61680558492068
1651,47.41135295672121,-48.09265382188968,30.98336848738607,45.47351905106668,-48.286565937992876,31.28459033724464,-52.902558358288566,3.417911686177759,85.88299385312837,-52.04125800855642,2.133766130155428,86.73329083359343
1652,47.632364971003476,-47.66881089350803,31.012122032352902,45.6896189047004,-47.86300612423656,31.305011777660205,-52.842371831489125,3.1819730659594065,86.02929577535693,-52.118224082990004,1.9664279748848614,86.87345012590379
1653,47.853613760057435,-47.23837014946558,31.03815451772955,45.90838008310693,-47.432052075379715,31.32403894551847,-52.639111910089994,2.795165423441145,86.194798399224,-51.88449531966458,1.4494116628529792,87.07421058784446
1654,48.07570385761138,-46.805668160499344,31.062261216360064,46.128550719428375,-46.99895562934836,31.34214238177659,-52.46298297708536,2.5801166043723587,86.38720621605688,-51.6615820091638,1.0333376312960039,87.26264526039328
1655,48.300027125684366,-46.3689271415384,31.085658541417676,46.35290178166551,-46.5606745885397,31.36067743399332,-52.324032167059485,2.109924655174029,86.55622205963125,-51.47463268961149,0.48627336373135766,87.41885107422522
1656,48.52426927612195,-45.931681278087474,31.107982971382814,46.57847877811181,-46.12637249540411,31.379465825104692,-52.0179435588897,1.714011694301838,86.69171438925619,-51.12683239613761,0.2820035927183381,87.538214333005
1657,48.74976069085387,-45.49290389664422,31.12712779125519,46.80397569332796,-45.694267387886526,31.396609588065235,-51.94789457404505,1.3256531016737956,86.86865902715853,-51.1097117432714,0.2573750418445918,87.70557158732984
1658,48.977754688256745,-45.04669951626645,31.14407345248252,47.03066337183599,-45.25666263141548,31.413062632273487,-51.78319871088014,0.9398981335594196,87.03270371166028,-51.107672117261906,0.123608079155969,87.83244258925522
1659,49.200273759428285,-44.59734679972389,31.159403552140027,47.25371608800478,-44.811640589189835,31.42953548037469,-51.56931929542509,0.8805810902730713,87.14285655973879,-51.07535746788814,0.27250800668901864,87.9087344419952
1660,49.42008003635071,-44.15078210933255,31.17951226623554,47.47440124527247,-44.36877287665126,31.45234557516124,-51.64965128098706,1.238955307535544,87.19112024235838,-51.16416891276051,0.5939656680623205,87.97027853611854
1661,49.64448895011054,-43.706269232662336,31.204412417278952,47.69966729978148,-43.92732457281878,31.479565289877876,-51.68001031572007,1.5447071592338097,87.1979170958409,-51.12932791306197,0.7754816987401015,87.98922357809278
1662,49.868385191224405,-43.26259371639777,31.23100205789042,47.92399451832516,-43.484336000172114,31.506918928364314,-51.764230435129136,1.920557164812615,87.17459307510451,-51.16116454099675,0.8091024247426621,87.9687980064627
1663,50.09182372334878,-42.81948585699418,31.262570449474527,48.14529481862552,-43.04365615483573,31.538337471891204,-51.93238425329352,2.100753946602367,87.12994676731411,-51.107318840628245,0.7994643678896914,87.91527018431184
1664,50.31910060392914,-42.37334337177851,31.29956476354188,48.37062547824051,-42.5982939251581,31.573536891913918,-51.917113158661195,2.222336741788719,87.01228200996195,-51.07224352527874,0.8414452907510562,87.84278999924337
1665,50.546334028256354,-41.92897813830745,31.33225839343195,48.59345094975385,-42.15531458902634,31.598741430568822,-51.92385514987739,2.3549596469283536,86.88199468619827,-51.0861223119166,0.7767881001879677,87.75819805060245
1666,50.77398416483322,-41.48834114949346,31.35810479818079,48.81915326309121,-41.71335512085961,31.613941408038652,-51.96563113734318,2.240520883892206,86.76694762360023,-51.117247576021995,0.6343497630583822,87.68898370148437
1667,51.00259044199912,-41.04646033033937,31.370742755717448,49.04674366238027,-41.27129629124263,31.618325340352744,-52.05200060029766,1.9360122536567697,86.64900383861497,-51.3160928988827,0.4580815881662038,87.62941093313921
1668,51.22871810771853,-40.60986938873802,31.37399854948259,49.27264370356551,-40.83672145973851,31.61747170163069,-52.120256710590176,1.7373168409056903,86.5503513402417,-51.34539879911593,0.38814781422043854,87.57959518554951
1669,51.45437131796121,-40.1700382152261,31.3690638727085,49.49990962954955,-40.396539408014135,31.611913960709472,-52.17841494481801,1.5848985447597455,86.47938355030367,-51.41484221958045,0.2861071422414339,87.54220265305594
1670,51.68187613396498,-39.727752659605116,31.35402280643801,49.72827322446832,-39.9558690535043,31.602967539557135,-52.26744458787107,1.3992062142186792,86.42803089299181,-51.43504037786611,0.12034107977849473,87.50256005092679
1671,51.90466538146234,-39.28986388666882,31.327486543444582,49.953206897470494,-39.51651349374313,31.589667600611524,-52.256428937087556,1.1128937194240143,86.39575108054211,-51.31870511537322,-0.10282725876614254,87.46757091150621
1672,52.129654126659055,-38.85134064640716,31.299010910907406,50.176654526942876,-39.07620616369333,31.57312425578431,-52.300697781390554,0.9521186220603064,86.38431671779661,-51.34508349062788,-0.20372078545682282,87.44164048488769
1673,52.35861013392108,-38.41408007091026,31.270235569666536,50.40395243102067,-38.63786406231884,31.554543355409297,-52.41901288562837,0.7084589382906971,86.41973011691489,-51.48938873159403,-0.4909450686015869,87.48521696952768
1674,52.5907304693413,-37.978455497633426,31.244258731640993,50.63683317733409,-38.199742876774486,31.53592833221921,-52.155822289918795,0.550883195915482,86.51012335145904,-51.244814968835335,-0.6585685395511274,87.59348918059864
1675,52.826465160307485,-37.53614471749426,31.229755783447676,50.87419634250989,-37.76013785432759,31.532031754028246,-51.86926550366437,0.5246117718258266,86.638147297207,-50.88525617590309,-0.5416201589805695,87.73016699665538
1676,53.05684736107222,-37.09409041451902,31.22684169748072,51.107638424067815,-37.319085784565715,31.53955573172975,-51.753795318055936,1.0004296487399564,86.8020039586661,-50.88581047188056,0.20665733855842727,87.8927650546944
1677,53.28051896206931,-36.64526527949265,31.235190037769105,51.33682833514046,-36.871362045992115,31.55616669080686,-51.75996091925373,1.3353594236125272,86.98240763547331,-51.01841839364857,0.5191047619376572,88.03644337042
1678,53.4975178787452,-36.194380621835435,31.2561682524115,51.55673162470397,-36.42291836983714,31.58041898720833,-51.580057363676296,1.7102543852022154,87.15691687958922,-50.72434064234988,0.7399237855642671,88.14044635907864
1679,53.72159758281405,-35.738606631807684,31.29164642558376,51.78023942244608,-35.968744967182275,31.61287673458985,-51.33570078617841,2.0527824737128055,87.32120570130596,-50.520462737407456,0.9421983347008666,88.2088479231607
1680,53.94915522809338,-35.28885775263265,31.340350053861243,52.002251772894006,-35.51923343105542,31.651398002714085,-50.97797179850544,2.5031705186855135,87.42838007416319,-50.31456910438791,1.0468717995919394,88.24926349670197
1681,54.182959704725505,-34.84495530675713,31.399592231560874,52.22795585722764,-35.074783281190626,31.693455214231417,-50.857544821513315,2.905806666720114,87.47290873843795,-50.130664653063356,1.1446102427262783,88.26705613745315
1682,54.41396134167464,-34.40927147097557,31.4566578063148,52.45049177367178,-34.63892898933283,31.735553824601666,-50.88467547655232,3.16395667995213,87.47141415070821,-50.03908025489579,1.275168207621583,88.26755284849813
1683,54.64548075600247,-33.97236724395161,31.499321518810333,52.677482737669244,-34.20174937470361,31.76134418629684,-50.81805726842066,2.9183204978745754,87.42491510659532,-50.12197486953516,1.322610395458273,88.25775718917785
1684,54.87389656771065,-33.532629348319205,31.526492734184686,52.90746980767688,-33.76145515235481,31.772322299411318,-50.71091015728847,2.8401200618348255,87.36028182190414,-50.2557795827349,1.3099235903092636,88.23722359190525
1685,55.09807945221793,-33.09111762897919,31.53860952405743,53.13515991938707,-33.31874649467951,31.771440745138555,-50.872922563295994,2.623301410171269,87.31643503072756,-50.33591269410672,1.0631525814915037,88.242482228015
1686,55.31807623313671,-32.65050172742704,31.53645833012241,53.3623048296227,-32.87693515961075,31.763306379381763,-50.94617785485475,2.4037319173496625,87.28919513133053,-50.307875948538076,0.8871716215738052,88.2541252804988
1687,55.54208659857929,-32.20812912518701,31.522314459719052,53.59186729385137,-32.43206415610412,31.753176951235204,-51.56475814399548,1.8568533110831105,87.29026862517617,-51.008407733588506,0.2326521219795592,88.28839930308486
1688,55.76863512691451,-31.760754494047543,31.491188866021254,53.82317177016291,-31.981643177782473,31.734560208001565,-52.07323944684828,1.3115760526800744,87.30921056319771,-51.39716285079849,-0.27181623181930337,88.3248477263585
1689,56.00467914676783,-31.309607130397445,31.445561363940687,54.05691879855991,-31.53393768988806,31.70923500137919,-53.910132132731206,0.5516636050161695,87.37807393359574,-53.620066893613284,-0.9219311687704465,88.4078673305374
1690,56.24257827096609,-30.863391076450178,31.41215143297638,54.29222992007542,-31.090437159946028,31.6971838160941,-55.616321492650066,-0.28832770604538094,87.48298808773252,-55.37121467022202,-1.6187117370247455,88.51162933625511
1691,56.474970606117964,-30.41669327019754,31.394040784692315,54.524219727177886,-30.645897727460707,31.69764598137177,-57.288095879622574,-1.0342811308067708,87.6162789031724,-56.798719943877195,-2.085171382092296,88.61530480349076
1692,56.703028884761046,-29.96865794944985,31.392461014982906,54.75156164512321,-30.200276106963816,31.70962360043557,-58.85949986398863,-1.343647299313724,87.73174887266343,-57.780689544834885,-2.067405729211855,88.69315125663923
1693,56.92766886365233,-29.51695474651024,31.404821328174823,54.975015376870275,-29.7524009282014,31.729642879463004,-60.68490523870041,-1.6914310036731588,87.8706743363294,-58.830794693539545,-2.0689372216574795,88.7989695442507
1694,57.149282716354115,-29.06222528747121,31.427229150122006,55.196919555572286,-29.2978131618287,31.754360621469022,-61.88472054602473,-1.610913172915153,87.99136069793704,-59.50993534217073,-1.9894505610009283,88.90290115998135
1695,57.37197015569461,-28.611352775595595,31.466756619074854,55.421648905716474,-28.843658293464497,31.786836771699218,-63.2887996710618,-1.555268686317825,88.13585516515352,-60.168383763231404,-1.9381892336772342,89.02768227968185
1696,57.60009648335048,-28.15934007661842,31.52409052771099,55.649795964826765,-28.3899079567789,31.827029196528898,-63.30635058066576,-1.3499079279879078,88.21484733310109,-60.64893277212281,-1.9894697428112873,89.09091916205934
1697,57.83579185544092,-27.710824518452398,31.58426682541198,55.88343477434394,-27.93978818701577,31.871438340204687,-63.3487466971781,-0.9206602813810469,88.26834462432396,-61.04476600612458,-1.9050063776562243,89.13368344527866
1698,58.08015181888811,-27.260534737370897,31.630938626240326,56.12657618872417,-27.48819702501609,31.90018018251516,-63.34931360358204,-0.42770223354279274,88.32170288602107,-61.34352601928619,-1.6399996779084378,89.17696920682538
1699,58.324264269696364,-26.809327014131892,31.660527680022767,56.368495124397874,-27.037891915292924,31.913470645598846,-63.53262143702574,-0.17446836027159518,88.39097046907872,-61.675568262269515,-1.3600896925586303,89.23099699536593
1700,58.56691236035805,-26.352536313137957,31.67484437347325,56.6080378126409,-26.58410290494692,31.915238176137926,-63.811414183066475,0.04092761621588195,88.4404906234013,-62.33723059982501,-1.1896758915437997,89.29024000628598
1701,58.80276234282348,-25.894840290431393,31.67685453778833,56.84264132424436,-26.126968853728552,31.90932100996738,-64.1895260754661,-0.04940354711340897,88.48154649994356,-62.84196885302741,-1.3997894092290264,89.34994789835285
1702,59.037106589975465,-25.430376290198737,31.665987717700308,57.078654750931754,-25.663488755448487,31.898665396058508,-64.43612069365604,-0.002089519519371613,88.49681781517569,-63.17656263728971,-1.3850272807954813,89.4035508701649
1703,59.273408081416,-24.967805989877775,31.640529504045887,57.315903632462,-25.20281779803787,31.88239608395776,-64.73258083102328,0.07589988621158639,88.53712528358831,-63.47024015244586,-1.427183653021777,89.44569274912044
1704,59.516086439924585,-24.50432451523524,31.6001779966713,57.55866483236305,-24.74255303733428,31.860155369828085,-65.16109970483627,0.14142484422565604,88.5923326740741,-63.900451884608394,-1.3607690062859383,89.49394198014244
1705,59.76156572652592,-24.04257639260363,31.557112299829704,57.80644113221573,-24.28279391525264,31.832948384040396,-65.11653878115783,0.5032792624312812,88.6276365500907,-63.563752617265685,-0.7019985714030511,89.51327152300064
1706,60.010227716745256,-23.578753477626705,31.52202230160122,58.05482699214477,-23.82169580035243,31.81402562765769,-65.06235889223731,0.688598618049041,88.64952280323132,-63.375004513013614,-0.35462627594971224,89.52919008374931
1707,60.2590323034155,-23.118335408356646,31.49693476046057,58.30216561221867,-23.3651318953563,31.80341223884312,-64.64174397574926,0.8946099566411007,88.65738515734314,-63.1051616513889,-0.09854522734085108,89.5413435174382
1708,60.509438624249405,-22.656433589024616,31.480565841419203,58.55049921368718,-22.906674966223044,31.79807756248606,-64.33194032643874,1.4636393805095298,88.65583834646918,-63.023628541829396,0.2714343124747475,89.55330596934971
1709,60.75105383052353,-22.198784311768918,31.470378874153546,58.790502499885385,-22.45042262303729,31.793935588165407,-64.08951842649105,1.6572755076394214,88.65899144121013,-62.97849041781946,0.22487048483355446,89.57320584995338
1710,60.98590328751563,-21.7389521769986,31.47082809874877,59.023382696616366,-21.990300298474452,31.795408330942802,-63.73930781323454,1.9257481850282037,88.63819739804129,-62.81466089521763,0.23446886723764895,89.5556676323713
1711,61.21524343160826,-21.276555479208223,31.482777064165678,59.25114123575933,-21.52752442668384,31.80243190042569,-63.02201712099901,1.9004426240675172,88.58822604903366,-62.362147419052214,-0.08031530966957931,89.51413359145452
1712,61.43957150913727,-20.81303167006002,31.496538971906762,59.476492404403906,-21.06252254406929,31.801835975083264,-62.68109215684469,1.341283856529939,88.53650092986123,-61.87090652427215,-0.45592823008423555,89.45477387362956
1713,61.66115582217299,-20.348840557022147,31.499780520234548,59.69788921242001,-20.597216804963008,31.792003931275424,-63.04884894671027,0.7365991578711425,88.47991810602082,-62.54691212797284,-1.0030486684939253,89.40247001869417
1714,61.88620395758782,-19.888627826275574,31.493755012848922,59.923679624138714,-20.13609664497324,31.777038706081278,-63.514483976972414,0.2888770038659394,88.42481840629989,-63.09752332919366,-1.2403978885408982,89.36428272281546
1715,62.11932768828317,-19.439575475680655,31.481432875879985,60.15934148466092,-19.688540460012184,31.75997638507851,-63.918227869772764,-0.16100901406876378,88.39988946258923,-63.57524955004615,-1.2739233693180754,89.38204341628696
1716,62.36231652370682,-18.98943056338929,31.462304810230844,60.40436939092051,-19.238582856558487,31.73858156426161,-64.31239326225844,-0.3749177126129991,88.35969648758609,-63.96057700115473,-1.3160442321712242,89.38083434813109
1717,62.60684159185691,-18.545061316763377,31.433635916753676,60.64953147967032,-18.794214415908662,31.7135824404875,-64.58969621654163,-0.65013208821439,88.31961993666505,-63.975132291062735,-1.3912168664073306,89.34781331030321
1718,62.85174163169465,-18.09605648728256,31.396262434706625,60.896659375090486,-18.34212033973232,31.68693630999526,-65.04355233463872,-0.5457706965582518,88.28577461846099,-63.92414033880584,-1.2495309892209852,89.30209007332763
1719,63.08709290132489,-17.648205685265662,31.36634332216017,61.13482892050269,-17.89166700120439,31.668932026463352,-65.57461418672713,-0.36874032234775855,88.27343428155164,-63.87066665881391,-1.1536540875660073,89.26492734325693
1720,63.31883842782713,-17.193504025852366,31.345318353941792,61.36699491745075,-17.436314798328848,31.659096930258617,-65.36996123803124,0.027150120612273454,88.25616356694023,-63.862784659535556,-0.9949594126424529,89.22872138509781
1721,63.549058700563585,-16.74002459100013,31.333518412488626,61.59542452730842,-16.97879235231811,31.65598099159037,-65.08327339221303,0.4583426785426685,88.23590351343731,-63.74683956279874,-0.6298598129062776,89.19928195385826
1722,63.77835080433885,-16.2804042096589,31.330219921225552,61.820146863194445,-16.521189676023997,31.657162883314726,-64.77827474671386,0.8390443586169675,88.17516889883639,-63.663944121344166,-0.2645372086092908,89.16740872649551
1723,64.00054773602201,-15.8277051096238,31.337585767629573,62.03897996868931,-16.06758575677762,31.663815847590694,-64.57023759768111,1.5729466788416278,88.12180710583877,-63.7349631953771,0.49981649345145657,89.13611082106819
1724,64.22537133014123,-15.37489510044673,31.355774255153552,62.25892844480275,-15.617481750573422,31.675490828547456,-64.53139745063864,2.4128750752551973,88.09243892238985,-63.73744687401144,1.2364007150675824,89.10966925046444
1725,64.45456975905398,-14.925615207770164,31.382276734880236,62.488625326372606,-15.16354845548117,31.690166895853814,-64.83621471715935,3.109145511054818,88.05877076000954,-64.17351077757647,1.828558201325984,89.06229317504591
1726,64.68793542761864,-14.475815750325886,31.400907947268063,62.722547008893606,-14.710587767007288,31.69560436585537,-64.95163482268876,3.5666549357612443,88.05138243420869,-64.24904430255197,1.9493463591071323,89.06005543915396
1727,64.92258997642753,-14.02258757315144,31.40999894902405,62.95946874481261,-14.255885744015607,31.693229414999948,-64.9530665129378,4.061471590273941,88.06892383726586,-64.18292795079816,2.1786916364764797,89.0872439684661
1728,65.15322348991609,-13.568154291531314,31.4101602515989,63.193470151079225,-13.800533514130313,31.685590612243093,-65.3622416566678,4.368480017920485,88.11382512402004,-64.57876651515718,2.334349607034849,89.14987945135393
1729,65.37904357920617,-13.111377988271443,31.401413044878048,63.42294116624919,-13.342649056961346,31.672111512310906,-65.60437771600829,4.5717516346919815,88.19279734253327,-64.66684152150081,2.3914399791235765,89.24024847412059
1730,65.60581196071955,-12.65107995220288,31.38383815993173,63.65132451222738,-12.885997229345126,31.654220422243224,-65.81424407714145,4.3274014228352184,88.30233322921036,-64.81727633094124,2.285298410598592,89.34927751190432
1731,65.83647218851337,-12.192661899987199,31.358976199647667,63.88047625813346,-12.43397656923942,31.634493892459332,-66.10674119242641,4.052346022145991,88.4378467139002,-65.00117074761847,2.280074149173111,89.4692699565353
1732,66.06924043976855,-11.740159121944217,31.334781952363258,64.11287795530659,-11.983043856174683,31.623887473634998,-66.21217087729457,3.45597029130444,88.57563048677501,-65.32847378439205,1.8309087069784242,89.54306168442159
1733,66.30127360350582,-11.296009683147552,31.31987763455826,64.34147040748171,-11.540327913687637,31.621164913587002,-66.41664288847984,3.2115914552342537,88.6854431079614,-65.45922675046661,1.6060370487218063,89.5979167489085
1734,66.53333525722503,-10.854253209147018,31.313571570157897,64.57130521996524,-11.096298550641851,31.623678782787888,-66.78055890943402,2.557513551224796,88.77966005582684,-65.65820970863571,0.9821814447397358,89.64631969951147
1735,66.7674824665887,-10.410768807357123,31.315684079482352,64.80559359784166,-10.651848075195202,31.63142040080519,-66.77771161546667,1.9450704793919114,88.83171841280215,-65.74632043818772,0.521833423513173,89.66993065988245
1736,67.0039538902675,-9.969435266178662,31.32800359581302,65.04603555460953,-10.20736989389757,31.64430419414079,-66.94405483948725,1.109940392604985,88.86333724413028,-65.82567672669849,-0.22991683762010584,89.70099145880933
1737,67.23810865526077,-9.528613053800829,31.349885768320338,65.28404525491361,-9.764070242894848,31.66102997987953,-67.04287465555097,0.04192349504407589,88.87445436924638,-65.88062271854788,-1.305777393305616,89.73454600697315
1738,67.46956782242316,-9.082412526730765,31.37906847116118,65.5191541398497,-9.316126211693906,31.679482044368292,-67.2007217164175,-1.1581208498307975,88.84612784835137,-66.07309296283536,-2.2705612921058553,89.73723006784672
1739,67.69998866442661,-8.63110334112675,31.400702119820515,65.7545963644962,-8.862786135081095,31.688782529315002,-66.95541344432297,-0.8051289442322738,88.82574635976933,-65.85578569946254,-1.3084589575828112,89.72980643472121
1740,67.93445603076053,-8.175796058579186,31.41541045489948,65.98963738437061,-8.409442218318073,31.69255132743277,-66.80492360479953,-0.5180794454248323,88.8250368199836,-65.67998790918688,-0.5010087682794069,89.74841235175279
1741,68.17204809742684,-7.722405966230606,31.424096736653645,66.22541422245912,-7.957478672840879,31.692677655221285,-66.82589073319915,0.3455603474857313,88.84263247488164,-65.87037589386296,0.5063337554336105,89.78854868967392
1742,68.4110688114239,-7.2705997794281,31.420004075888777,66.46290941335585,-7.507291396589908,31.68351401404536,-66.89337623125988,1.2636475218211762,88.85926745939987,-66.01519219583905,1.4274082787394156,89.80856423581974
1743,68.64911919912119,-6.819194238953201,31.406533221672976,66.70170931381571,-7.057474946891494,31.669322068993225,-67.05257992582328,2.403505604724112,88.87970234524231,-66.26261579294494,2.0912742372380477,89.84559513809641
1744,68.88676912274376,-6.36763133165289,31.3881880921399,66.93778843388436,-6.609310229226416,31.655438704123377,-67.38792732882165,4.135331558953442,88.90480007319512,-66.68338856210558,2.9794106461242302,89.88409185980959
1745,69.12209842591211,-5.91738373307241,31.361984836388224,67.17150872188226,-6.161029894116643,31.64005892332516,-67.64675791442986,6.140275287302323,88.95252344947679,-67.05265807557903,3.96327757947998,89.92226899401123
1746,69.35278897942692,-5.469646513407072,31.346372430262498,67.40112870738257,-5.714917004641643,31.636981137081836,-68.16280165471616,6.896886058919092,89.03232503311285,-67.3592540082141,4.740350951121229,89.98986074821512
1747,69.5803082007068,-5.023287577032311,31.3412680984979,67.62835463370573,-5.267885522069972,31.643210398652016,-68.68921960878002,7.620543362954665,89.11064472157513,-67.61332935775212,5.361248702828998,90.06279220773128
1748,69.8030751656951,-4.575948081389717,31.345813490415175,67.8503288683733,-4.819175670476525,31.656176577099,-69.06105729158173,8.052804938306013,89.19732853420254,-67.93866592987382,5.8052363277708965,90.15629669989936
1749,70.02482853603313,-4.125236977584042,31.35899826649839,68.07161816041295,-4.366080953371475,31.672892046842072,-69.4020490000828,8.693841105545985,89.2955766794934,-68.15313255317984,6.5685391127016075,90.24092097799655
1750,70.24407896131454,-3.6782550834916132,31.3801492915518,68.29042368469538,-3.9160157026557174,31.692513052142118,-69.67461093167732,9.507390145791685,89.39693035569883,-68.35751415356032,7.342972080656082,90.33669716409185
1751,70.46377844772186,-3.2342775558580694,31.411851782318223,68.50844447647405,-3.469925396201189,31.716736914925416,-69.73559656029565,9.9155324328031,89.52275974497043,-68.46169610740236,7.744682347537292,90.4536169044879
1752,70.68649725319015,-2.792809873799185,31.453805404168474,68.73006811714696,-3.026067303192198,31.745498524109742,-69.78896370223865,9.771816876863697,89.69993634614374,-68.56847541201378,7.568457951679257,90.62476633200205
1753,70.91436017203398,-2.3486325246701436,31.486269902423977,68.9569875940042,-2.5795734338256455,31.764690599216735,-70.02191013281119,9.646306119943707,89.84934922265147,-68.91110097819677,7.444770735977236,90.75901576989027
1754,71.14353499935835,-1.9067870635287973,31.508954272759283,69.18684396052856,-2.1364064376236374,31.775797402691293,-70.08065339569328,9.707939115716092,90.00652898353619,-68.94471153786054,7.609662382046172,90.89687665891059
1755,71.37351553907213,-1.4631891361609115,31.52297537857898,69.41758371738251,-1.6915024945726294,31.78192292128955,-70.22203010645273,9.728659809659014,90.12903411651455,-69.20519466581754,7.635875974440528,90.99383334090491
1756,71.59897040417327,-1.021020383656067,31.528010505718797,69.64437001556084,-1.248543754518579,31.78174170418508,-70.3788739983209,9.5070548686172,90.21957889687012,-69.37419721613524,7.722945157642067,91.03774014892267
1757,71.82450365078361,-0.5759631513933389,31.52282424510794,69.87260133630089,-0.802960176621979,31.776394625626327,-70.40001913784526,9.112818597094702,90.28873201862886,-69.34844248956335,7.717486054982234,91.07171517294186
1758,72.05059634696624,-0.12606933673146975,31.509657944507357,70.09878035010908,-0.3541562439085661,31.76939756349738,-70.50554187535077,8.770538452795165,90.35334554966227,-69.39669088683289,7.5661076857867675,91.13219730207248
1759,72.27932600773222,0.32694671534272807,31.500982198380772,70.32764335139849,0.0979438675275574,31.776330974229115,-70.93043306493277,8.966992942866112,90.33881142780378,-69.91126422511921,7.702024969312731,91.14634491342844
1760,72.50530112180209,0.7764797354578905,31.504232985016873,70.5545241888246,0.5476490309506115,31.793508240784885,-71.15945620792517,9.199824418820754,90.32492499511775,-70.30345314777796,7.876712413299205,91.15926563205983
1761,72.72846916297487,1.2281218595638466,31.519445947355244,70.77840776422289,0.9963607062246184,31.818934835037222,-71.54376069829789,9.133365490514766,90.27140302849857,-70.59774937599275,7.867590820666805,91.14175266450896
1762,72.95016500541283,1.6766208313070528,31.54417360861704,71.0001319483152,1.443644015313853,31.8494688735043,-71.7425413135952,9.1977024956804,90.23406633043905,-70.8057471081789,7.930501600468247,91.13925020866726
1763,73.17821820102519,2.126353910601488,31.582051076081303,71.22551254437616,1.8921563696717296,31.887180622082234,-71.90830423554776,9.23340885761056,90.23925008872028,-70.88869955567479,8.006371396427841,91.1626159762146
1764,73.40975204611576,2.57318020861089,31.63387432166244,71.45450459714372,2.3387384834783886,31.93161576272874,-72.16476901420268,9.13570739606498,90.28770290059863,-70.91918038406826,7.803902464568011,91.24078428338015
1765,73.64830614257679,3.0154237225811125,31.695862086177655,71.69008234141712,2.783005910718854,31.97869856679831,-72.20205626564565,8.922472847441172,90.30983704612848,-70.70853079080528,7.328937336141247,91.30033624912086
1766,73.8821518963077,3.450350055572507,31.74623636567168,71.92234205229032,3.22109033524359,32.01275831658012,-71.88064920493618,8.455931639685456,90.36209951256096,-70.50846124210199,6.859954085705349,91.3516953921158
1767,74.11583916843628,3.88892776939743,31.786553537560636,72.15583335725232,3.6609073013342823,32.0383118492138,-71.35814319307244,8.069147508259716,90.4210178188058,-70.04689057532742,6.6676772678424365,91.40464856653821
1768,74.35195893907637,4.328013044060747,31.819345895376703,72.39294453049145,4.098245160210148,32.061270746965626,-70.89952182000681,7.6940785485896,90.50376150696725,-69.74648066902708,6.38551896751811,91.4533440944497
1769,74.58477104260557,4.758983623779648,31.848601825949952,72.62564938121999,4.5243613235976206,32.08600773656637,-70.38678665786239,7.178022645558378,90.59006987991278,-69.39955741659084,6.032199531523075,91.50629301856394
1770,74.77679477669614,5.179722720550952,31.865260188217487,72.81624173924583,4.937051092935434,32.10281904158439,-69.97166490990222,6.635852918806066,90.66858282607393,-69.20527578656419,5.707260257374174,91.55746277235878
1771,74.8911224787364,5.60075969934784,31.88177154815629,72.92843665177351,5.346289162034033,32.12880782358894,-69.66308203006601,6.515954242152698,90.7015275632071,-69.1892415362868,5.710532912923162,91.5965548678224
1772,74.91626673949732,6.001990140564909,31.902642233578813,72.9555819221191,5.738280050831677,32.16574677866469,-69.6838663571255,6.56499584473014,90.72824581923011,-69.31759370433457,5.672960381567315,91.62133738273377
1773,74.96998796621284,5.641208992848477,31.93392388320106,73.00555659114362,5.383327355793863,32.207665869543916,-68.90489262386969,6.528692282358422,90.75987524675472,-68.2610891520321,5.785715173161301,91.65154033708886
1774,74.85682351387335,5.9397842796225415,31.975039082195938,72.89358308335774,5.684401278884457,32.25357181050941,-69.70329663396475,6.154026474507068,90.77749327848954,-69.06867437313088,5.5317529887164545,91.67641709825628
1775,74.71273343143349,6.163881954823994,32.02614705529364,72.73868230323016,5.921700951356543,32.3051498676446,-70.46830119020834,5.701795033798497,90.79073052845207,-69.66600346911851,5.207802602523872,91.69903275482524
1776,74.56177754995716,6.322611452582087,32.08256423708382,72.56313340012126,6.096684274792983,32.36003856516384,-71.2326373969397,5.055788317154238,90.80498767604216,-70.09145803100942,4.870253064692167,91.72362537949547
1777,74.41373871328483,6.434910990866686,32.14511553983351,72.38423836457291,6.219794043740993,32.413541429672186,-71.9081758004576,4.356170035767432,90.8206995728831,-70.38777409181293,4.550455165881111,91.74296597951667
1778,74.27896211947471,6.507677291562139,32.1931248892478,72.21351611037569,6.29632004606911,32.448858789178004,-72.27280912650869,3.6653264553845784,90.82233501769853,-70.58345744986123,4.2617816736835445,91.74938378207419
1779,74.16313119328855,6.542749127040996,32.22770791221742,72.05757212833858,6.32823510198599,32.470792591818686,-72.52335569175591,3.0185188309200104,90.81710460441734,-70.70089554157984,4.003854623726642,91.7453223338175
1780,74.0677603584162,6.543483212958159,32.250009470759586,71.92123440458506,6.318683868772069,32.48338368719191,-72.61804026118,3.0139438240454415,90.81465671504999,-70.75929248002548,3.770439477533476,91.73689150451678
1781,73.99672771568594,6.518069309472548,32.26025988194781,71.81205686129974,6.27767775672809,32.48935810455717,-72.68845191246788,2.985159947282626,90.80222410930493,-70.76794380751204,3.569354220057083,91.72804587026677
1782,73.94839769877986,6.479452894711989,32.257220073521566,71.73092008791885,6.219441096889522,32.48819649334408,-72.73442678208663,2.94396899054084,90.78094731659074,-70.7400952216123,3.403178634698544,91.7154636401304
1783,73.92268839128072,6.437439585370719,32.241044061371895,71.6780475935543,6.155024879036636,32.48154433226732,-72.75711727419707,2.899507367780121,90.75445316971069,-70.68871939056255,3.2718001923378925,91.69897816835507
1784,73.91539298029903,6.397605542988346,32.21415510869642,71.64631618546899,6.094440968602491,32.47211350229342,-72.76136392803211,2.8581518813838573,90.72713317384887,-70.6301383219165,3.1709281328954875,91.68213898515522
1785,73.90620279905058,6.355423712191682,32.19482912412003,71.60753619267648,6.034458934563151,32.4692711030057,-72.76575277628388,2.815302036418403,90.70744733583567,-70.5936219561453,3.0813202592166538,91.67454834214199
1786,73.87186738169187,6.307214657115516,32.18298487966311,71.53757480168197,5.971239039630879,32.47138521611304,-72.68299820665591,2.8192644582087354,90.6941079486665,-70.44899263839807,3.0630319034070084,91.67090529354181
1787,73.80206528695444,6.256388494395436,32.17730935220514,71.43180929970913,5.906430591134362,32.47640377597717,-72.479544692337,2.8587513101810287,90.68640475131487,-70.17018718017805,3.083559774569526,91.66932927219833
1788,73.69290611296115,6.191517194147369,32.175574371438714,71.29104073769136,5.82351017644966,32.48172573109887,-72.2327469690847,2.9845687581780984,90.68751108465409,-69.89061667118936,3.2143011387041405,91.67515365167758
1789,73.55460595126141,6.089991635308103,32.17863754152731,71.1331499284238,5.7019002984970255,32.48744635828437,-72.10627583086894,3.1364649076233486,90.6929106432626,-69.8285929664803,3.337448076291003,91.6786034166383
1790,73.40663749804756,5.929315815729011,32.186010299610665,70.98522781495414,5.528169280887273,32.492810411116565,-72.00190763292494,3.1865176073881774,90.70990762260054,-69.78241100680468,3.265650588867609,91.69126201905165
1791,73.27278054465465,5.694049939336307,32.19854948363032,70.86876856667888,5.299722533947472,32.49945815133594,-71.89431458260805,3.283578634118235,90.73938039310238,-69.70721015142416,3.250567577847821,91.71524368856437
1792,73.17288119622563,5.395139707152785,32.205601942602726,70.78554249359777,5.027388623872107,32.500755194129944,-71.69307746348393,3.358774571145571,90.77551250913258,-69.49570723464296,3.1805910764749927,91.74871939404692
1793,73.09782019157088,5.058813865705046,32.20526995765478,70.71854760217262,4.7278424609149,32.49537745396673,-71.48379615288933,3.2117790551978906,90.82244195386274,-69.2265221351953,2.918047859249298,91.79479661932142
1794,73.01276443561996,4.699390380489399,32.199276500586,70.63762395216979,4.410546009557384,32.48567897027165,-71.33664590702791,2.886698359346097,90.87210970436331,-69.00163523992963,2.6057507685773285,91.84323250378667
1795,72.89317663765395,4.334169612018713,32.18965700281228,70.52485029569539,4.081395112272453,32.47387732093089,-71.25556789740872,2.477714882775155,90.9264715816195,-68.9300798170296,2.3745660719476143,91.89375732251526
1796,72.73343117365758,3.972545198947239,32.17457379431644,70.37717755319876,3.7502687326840913,32.459808286353216,-70.69985928843838,2.299039810351424,91.00042626165867,-68.30555164384816,2.446673391375077,91.95735572453877
1797,72.5420010091926,3.6128331168230314,32.15307991713938,70.20193286596731,3.417311397663115,32.442376648817785,-70.14262564861353,2.229738068946115,91.06837154568201,-67.7277578357553,2.506725184366111,92.01141420764148
1798,72.33459861933959,3.253990743042516,32.13372072993095,70.01212272197296,3.0827241306998614,32.43359681384417,-69.38731802609132,2.290863085231316,91.14495482698048,-66.95454019366176,2.779353473359201,92.0795688364754
1799,72.12442118255557,2.8888226721321,32.12227496728762,69.81399994438205,2.7390944491547713,32.432517688542134,-68.93264160249213,2.2115432354338425,91.21905589104526,-66.6272265006355,2.6971534836455637,92.14164878800996
1800,71.92056669009726,2.5105513308697205,32.119381189747884,69.61875498695763,2.3802934390659773,32.437265195977446,-68.63370255238135,2.362105356008202,91.34665037705848,-66.55390361015192,2.7042121040664124,92.28257417870343
1801,71.7278268278347,2.1198060491530577,32.124489370032364,69.4318906526498,2.008862318087426,32.44674762872577,-68.38755209159154,2.767197159612478,91.51153387510674,-66.57046691893014,2.957854590522251,92.45917508112292
1802,71.54587413977937,1.7217840168679224,32.13816867335543,69.25459292972799,1.6257222775029208,32.46041322492661,-68.09435459940242,3.17787279126125,91.67927120406144,-66.59008361140357,3.201970047372712,92.61669732335854
1803,71.3637533460492,1.319037499065073,32.161289598788805,69.07841904528759,1.236494328931965,32.478359198510454,-68.12574561980844,3.336599538883834,91.81282790646861,-66.46940006565036,3.2942122267863825,92.7256243685079
1804,71.17258960968732,0.9172617539906212,32.18792407141409,68.89473468545809,0.8442834075595315,32.49141261221616,-68.2442517489386,3.416921360783065,91.96559881364472,-66.42433931421617,3.299300397813173,92.84403990582184
1805,70.96430236680847,0.5151857804662777,32.20876930745798,68.69349751896044,0.4505982175564145,32.49997294547211,-68.59451532912499,3.3141400869952555,92.11158453483023,-66.41893096686131,3.2955243845902955,92.95099284057835
1806,70.74567262082266,0.11102383567642021,32.221219148660495,68.47808976138373,0.05453196162094087,32.50251360340666,-68.76171009232586,3.2602599335913602,92.24594621393047,-66.43870394494319,3.041239254530741,93.02665504199327
1807,70.52372397272245,-0.29267134255365623,32.22652800527878,68.25727815956677,-0.3416501100013941,32.501590154567936,-68.90585316624023,3.493936363742145,92.36029909849799,-66.61155138584296,3.3081872134276376,93.15102293313691
1808,70.30183994063995,-0.7029994737163385,32.22431402123178,68.03639761667515,-0.7435581756966784,32.49725066981557,-69.28643708575835,3.4091232076428235,92.42371065085248,-67.14479726034061,3.326182538667991,93.24239291688056
1809,70.08489665821114,-1.1151443076675105,32.21566436226711,67.8234165747989,-1.1483844125012022,32.491092775109905,-69.68268981744203,3.318705931468586,92.47522694638167,-67.59402417814526,3.3748977724971425,93.31518859922673
1810,69.86685704347299,-1.5362270715596273,32.19821543286925,67.60975398539878,-1.5623046761256507,32.48121022894239,-70.27902031631757,3.2922902925039246,92.53554166987954,-68.10381610288422,3.3948011665327793,93.3701497258149
1811,69.65072501800655,-1.96006030625646,32.18812814779477,67.39962822430078,-1.9793895876648717,32.48124740981438,-70.87681184846043,3.28916535036385,92.57111135708165,-68.5680982324969,3.380825711640588,93.4123213510596
1812,69.43754909786598,-2.383941785535391,32.188706037451894,67.19002909786026,-2.398842126095365,32.4920948551002,-71.41893502984668,3.1107597418762545,92.60013094271328,-68.89302269441343,3.117845343720783,93.44971559777481
1813,69.22319898400274,-2.8062730883671576,32.19998560955163,66.97713122859646,-2.817771865190714,32.51061062832492,-71.99306023464767,3.1800255036226543,92.64320923326089,-69.21547194286515,3.0013769405464523,93.48715721416586
1814,69.00507189039773,-3.2261526758836454,32.2211912769013,66.7587168453998,-3.2320205319921675,32.535387288457905,-72.17255000143444,3.338305719643548,92.6894339859134,-69.08941750375355,3.4946909506775525,93.58588918962062
1815,68.78378509007665,-3.64623449132894,32.2515464860709,66.53797742072157,-3.646442200673173,32.56376118726278,-72.1308981913581,3.3658243158950563,92.76978472507442,-69.06657198679186,3.505020744806372,93.6997837783021
1816,68.55769645360901,-4.064583602425636,32.291960509154855,66.31570970456217,-4.060789047337405,32.59703770499072,-72.10798432153074,3.144454381258431,92.87713498093572,-69.09908704931188,3.2036370112070722,93.82900856916706
1817,68.33180133879732,-4.479140457197383,32.34106516002359,66.09065567788703,-4.474586083291699,32.63296287232911,-71.95039288169046,2.942917947027197,92.99251215982679,-69.08676057590321,2.979262368993099,93.94171644059999
1818,68.10842219846062,-4.8921817121478135,32.37997960400915,65.86849616085289,-4.8867536221073005,32.65761453236654,-72.01958651213047,2.9635840365729558,93.17693930753934,-69.45021976910911,3.0845912487568223,94.12899867068076
1819,67.88606371665249,-5.3084549911396595,32.40441253037719,65.6461957053927,-5.303611148431845,32.66958439359698,-72.15731499205044,3.2039417373276535,93.40010441342949,-69.79651627203376,3.223162079699284,94.33544595011377
1820,67.66600719261159,-5.732302863690682,32.420700902237904,65.4242967472543,-5.729218372979975,32.677541239101544,-72.2738823363889,3.5283275814033197,93.65237732276263,-70.10356408866348,3.542936443286905,94.54994137161744
1821,67.45487374106807,-6.164893745676104,32.43436340055937,65.21011416249118,-6.161710668864709,32.68785723534883,-72.3871093858712,3.575963983852577,93.84502099118114,-69.97038796694169,4.003016716029681,94.70299361827686
1822,67.24416067413817,-6.600568630264611,32.43962882204629,64.99894247131616,-6.596436366378211,32.69261737490693,-72.46225703443093,3.8891271668418073,94.04169541873874,-69.87821401661567,4.358646317441619,94.86884672163471
1823,67.02527101979643,-7.035424222278317,32.43547327699286,64.78169653837298,-7.031638097414945,32.69339123612776,-72.51491964490329,5.15802183984632,94.25651132603095,-69.81335849629927,5.667594097663017,95.06477926610864
1824,66.80274837627265,-7.472269379812958,32.43148496353531,64.5623903433753,-7.46709819058806,32.70378077537144,-72.78606395884823,6.570849453343228,94.49286820860792,-70.03219917541803,6.931894181384797,95.26146471317381
1825,66.5766932291385,-7.905292148016275,32.43670822484241,64.34178604819176,-7.895565977463403,32.72206759473541,-72.66066876658108,7.665546523899217,94.67728360220678,-70.04548580581682,7.775884659702397,95.4396145714079
1826,66.34827076638032,-8.343467974819772,32.45250298278316,64.11638569241154,-8.330786348638295,32.74707491595572,-72.31937591422468,8.795027373101028,94.83700816243191,-69.81186867969971,8.558771813420831,95.6014285468421
1827,66.12328386366234,-8.781867111961338,32.478974135757746,63.892316642146525,-8.766519514655927,32.77850547929794,-71.83129468811812,9.998281708248333,94.97790543866252,-69.44334763718726,9.497696320276699,95.75317442375805
1828,65.8991734532671,-9.218540456092498,32.513313240532135,63.666839427635544,-9.20171112200142,32.81421076472035,-71.705098240802,10.870839357136756,95.13179919815022,-69.26595175784662,9.987048579903949,95.88112086556578
1829,65.67887666504197,-9.656552631457169,32.55897359852661,63.44649937905552,-9.637498806006098,32.85514414325622,-70.92525678136157,11.744712666733133,95.277848051144,-68.2160472503632,10.366192950555881,96.01632122304977
1830,65.46317261538215,-10.093104653807751,32.61537072558402,63.23067043098088,-10.072809061026081,32.89987052913364,-70.26286865770545,11.763344970223407,95.3751711141963,-67.54181887121452,10.496528889352746,96.12306385417016
1831,65.2435695792629,-10.527666767200861,32.67311588340027,63.011157060988204,-10.505758037681915,32.94698454601282,-69.45714989857198,11.699330504963868,95.4399533503852,-67.07568176891952,10.703696733353139,96.20335076150003
1832,65.01770914127778,-10.962053937041102,32.72582384676447,62.78684071559805,-10.935912713524175,32.98974781730887,-68.77222001688554,11.471891242917943,95.4942700183733,-66.7203099862531,10.480545859928656,96.27168973452716
1833,64.79232192308879,-11.391877144414618,32.772760718468504,62.56177511752638,-11.36699908691142,33.02824730971966,-67.46776447621451,10.998117535302448,95.53123726176837,-65.32701936860511,10.067323657973402,96.3181587459485
1834,64.56584052432977,-11.822513658020478,32.81479474179085,62.334424391150485,-11.79955302161709,33.06386031685962,-66.43413987244756,10.396689422789443,95.52943925058106,-64.40430914347938,9.867834932399521,96.32180687472152
1835,64.34319973876265,-12.257366382196736,32.85340562630966,62.10843747050141,-12.235399415129775,33.09791458674215,-65.5173936903019,9.760703578897635,95.48017222147203,-63.958126770300055,9.392139448770521,96.26570883315561
1836,64.12376857415572,-12.695506729648228,32.88748992218272,61.8865450789612,-12.675113822234298,33.13044209548237,-65.51782022990871,9.419363984874972,95.43780669563141,-63.977796973166086,9.401570554422422,96.26232663331984
1837,63.90364266688807,-13.13355369545352,32.916353250506376,61.6674444206504,-13.113241574431932,33.16114752359351,-65.51750529156186,9.377945350322804,95.45695984354174,-64.15504452407288,9.65350286125934,96.34527335194208
1838,63.682726495832334,-13.576445084890535,32.942739843842304,61.44845402445527,-13.556121120210602,33.19348158146252,-65.29842109129025,9.168958550713342,95.47123125377495,-64.06741724254603,9.727522944767824,96.40104821813647
1839,63.46289908213949,-14.018020443215503,32.971219289019196,61.23070665255985,-13.996468609510092,33.227024822433286,-64.92584867243501,9.393889479041146,95.49064415808488,-63.79200793538645,10.007525544858185,96.45573015444164
1840,63.239063538638106,-14.456384227122385,33.00372679241981,61.011407540093515,-14.43302625277809,33.26319386043473,-65.54254358156207,9.593265855826875,95.48917027297382,-63.84496390393802,9.97622621843454,96.4659185776177
1841,63.014533230070164,-14.884575156372016,33.03816396580614,60.79003988691223,-14.859025305156553,33.299986286805336,-66.04795628570811,9.603282900537597,95.51657997266761,-63.92969596739413,9.809092109906656,96.48026272262442
1842,62.78652383110845,-15.314549805328932,33.07418907787678,60.562216714516225,-15.286203417138816,33.3367609139361,-66.2510027298411,9.645170908096032,95.58486244042759,-63.875372451832305,9.39722306709725,96.48828016351408
1843,62.56084618947052,-15.735701877192785,33.11271726513547,60.3323889252873,-15.707259907922863,33.374250380006984,-66.19254322905738,9.36848612468332,95.61280057759805,-63.83299535398324,9.019547598438967,96.47973520462205
1844,62.33269019929559,-16.16346328380193,33.15378471403409,60.100321708756056,-16.134756537213423,33.412530354822124,-66.1705387539463,8.75739207318107,95.55278235497765,-64.00450624401685,8.501094765940284,96.43495489438506
1845,62.106560232700524,-16.58955856740431,33.19401323551658,59.86942381741053,-16.563875017651178,33.45096190836852,-66.11713572001716,8.342690632043002,95.53778584111275,-63.874981704756635,8.223799806938517,96.45128306975295
1846,61.883238388374885,-17.015910526699418,33.23398763759784,59.642479377886545,-16.993890240168923,33.489555242648166,-66.12560393579552,7.478755059231606,95.51029140560242,-63.65414552547355,7.5928417644489885,96.4561565769973
1847,61.66059300004471,-17.444784427230786,33.273526669102736,59.42025920907719,-17.425720817677075,33.52827834000923,-66.04295812072527,6.652418457083432,95.52108664147183,-63.63065163361264,6.886597131204429,96.48109987257719
1848,61.43561509985405,-17.875452508815883,33.31273024926128,59.198277758881254,-17.856119199590378,33.56732929112356,-65.98310351640947,5.908423327551514,95.53603839212744,-63.6827366060407,6.292009941801151,96.51285021707922
1849,61.20509407963415,-18.30661094321578,33.3495563124202,58.97121262458095,-18.288703034362786,33.604013575985284,-66.12364885490729,5.490857542206555,95.57473279082278,-63.86950735791402,6.00075418951708,96.56973370452243
1850,60.97072911209498,-18.738795634017034,33.38670428698439,58.74034129754482,-18.72058876651941,33.64118277565267,-66.28829632302465,5.071985102072997,95.62103726950384,-64.04757442021129,5.715733232531148,96.61032809720967
1851,60.73663223456066,-19.167507802172288,33.42669064975401,58.50988937199125,-19.149541966188263,33.68117329166275,-66.2733124973922,4.764773376532085,95.69693200848336,-64.14207559209756,5.429369384955219,96.64507478507369
1852,60.504726432180576,-19.594771239847237,33.46759147113948,58.27951942863639,-19.578986776464994,33.7221566230056,-66.3926869709816,4.391765822008759,95.75112236150684,-64.14070336374778,5.240381087313043,96.69467339707897
1853,60.271221377892694,-20.026720212761848,33.50926881522283,58.04569967319746,-20.010560904496096,33.76378104295296,-66.48400876466623,4.220468788896127,95.8222902007082,-63.99464340025315,4.95946750512047,96.75011025087029
1854,60.042337248969105,-20.459472058451308,33.552707720421566,57.81663930104228,-20.441706487266412,33.8074942888359,-66.47226073249453,3.6637920996258373,95.84878599515982,-63.89989762182358,3.9982024336439155,96.75233279986826
1855,59.818047511602884,-20.89342546121455,33.597701591736474,57.59183119632841,-20.87201799192013,33.852781065261624,-66.7070381621511,3.0473187764274705,95.8413640770199,-64.24131520369427,3.1176149708296235,96.71819681723477
1856,59.595740291046425,-21.32024729912897,33.645306492839666,57.36763071513991,-21.295735398145112,33.900127263239156,-66.6862600244539,2.20957494313393,95.81973866867426,-64.2918203487117,2.2907715699530957,96.70424996467683
1857,59.37170476836697,-21.744250621093066,33.69479421232505,57.141221691934504,-21.717385622337762,33.94862575178611,-66.58682924140933,1.2390115661833383,95.78483803956962,-64.24559800917358,1.3909349053648565,96.66944593045895
1858,59.14530641210496,-22.167131310571516,33.745974819964296,56.91242229322175,-22.138960124702646,33.998278965806634,-66.21154837115601,0.19506092124725138,95.76007141152535,-63.77205609754886,0.5067350355002457,96.65648266995682
1859,58.91709775813395,-22.587647432453103,33.79652319837128,56.68174591236329,-22.561407350061756,34.04699774270671,-65.91152303835338,-0.8111438040816155,95.77954355742548,-63.42080363068417,-0.10827439281156837,96.73168287274795
1860,58.68875846514846,-23.01584960777873,33.848355731824654,56.44961613656887,-22.991595034115864,34.09643641443996,-65.76786205220361,-1.7852019636968453,95.83021314177373,-63.220720906448186,-0.6712971014728004,96.85378185468156
1861,58.46882645367526,-23.43530187422714,33.899249594560985,56.22712714838605,-23.414571950479175,34.14551214349601,-65.69080942044098,-2.0560272481921644,95.90636035667686,-63.176414036105356,-0.8902110312770766,96.94397456251589
1862,58.24581554650342,-23.86297083232915,33.950699533226356,56.003280217305544,-23.84631888091204,34.19533712512847,-65.12750252225962,-2.229381671191423,96.04972153820289,-62.879998272651456,-1.0467835926725546,97.07366702428133
1863,58.02528016764675,-24.29663529081279,34.00137123091729,55.78435381840331,-24.280005893434108,34.24474336437315,-64.73404795081045,-2.345871614158628,96.22170044152057,-62.65434732490275,-1.2128413949642127,97.22941844877394
1864,57.80492325227332,-24.72856676180992,34.051721128010904,55.56641066278713,-24.710288482029544,34.294170491030044,-64.57588818109052,-2.100734389153589,96.43282817729175,-62.70466483350794,-1.0754279982220571,97.3844326840885
1865,57.58245480549016,-25.15870190599921,34.10190616403736,55.346294407220014,-25.139738604583474,34.34388372581877,-64.783542367343,-1.7840526679628734,96.66643883837108,-62.813984201498315,-1.0175243702289438,97.55427752820906
1866,57.35841894624151,-25.590355444870237,34.15241993985731,55.12461640285828,-25.57164314241524,34.3941633949359,-65.01801797497149,-1.7077924969396447,96.8553240902591,-62.9722263179861,-1.2171622169998377,97.71421976444071
1867,57.13249837914393,-26.02261776617603,34.20275849337537,54.899349583501895,-26.003310310807496,34.44486421158544,-65.43208333231813,-1.6486711325996213,97.02708118127622,-63.43829980678158,-1.4661310096385387,97.87972787902481
1868,56.90937010813971,-26.454601511736882,34.25299132085797,54.67609750143002,-26.4351101885668,34.49551163343224,-65.85575174259087,-1.7901218249611017,97.22060483278409,-63.942942469229266,-1.7248225382688807,98.03694178991721
1869,56.68696113573354,-26.887663889238734,34.30411169517153,54.45116369980116,-26.868856162776733,34.546998560727346,-66.51582219448572,-2.1743808986824074,97.37105656576196,-64.41879301706662,-2.251616801516782,98.15875644641689
1870,56.466616193245166,-27.321475738987527,34.357065248284044,54.230785358667305,-27.303004409096403,34.599935408960974,-67.1427367551976,-2.5385364370775187,97.47794206978087,-64.7654321285815,-2.6858364079256236,98.2462229943243
1871,56.24905637579269,-27.7561711321681,34.41074323629195,54.01342062460983,-27.73516423726435,34.653475347392806,-67.47175095842222,-2.4816445247756596,97.58687532291864,-64.8568057648846,-2.170620048312893,98.34945632460494
1872,56.031049736060254,-28.19392908823368,34.46314388781646,53.79595753912753,-28.17000790121708,34.70433139696106,-67.58563976921187,-2.7835460247524213,97.61624446532292,-64.6968039531189,-2.3115087061847137,98.3668852878747
1873,55.813600015687776,-28.630246094157812,34.51498903935861,53.58053089974798,-28.606316130302424,34.75436220212086,-67.52457572735639,-3.222016638845293,97.60139850362762,-64.39287221757812,-2.8637900153218356,98.34245017047006
1874,55.594012569846676,-29.070635235119163,34.564279563697866,53.35979383661293,-29.04917921037009,34.80178522772781,-67.10297999661212,-3.50551015918186,97.5336761445564,-63.98224612370927,-3.1831472379780514,98.28772799135407
1875,55.37386492633912,-29.51153546722063,34.61175349859498,53.137953705021935,-29.491702468266585,34.8477564132079,-66.62478252338309,-3.0495457282802505,97.49071917770738,-63.70724281542607,-2.464119346292672,98.30477684406326
1876,55.15902612631986,-29.961064396935047,34.65477834639079,52.92018555723496,-29.94390296985764,34.88996532673013,-65.91872123290496,-2.7769628689172694,97.45573389598538,-63.23559120167796,-2.471097714924956,98.32441486958304
1877,54.94062800688689,-30.406280121634396,34.693205095078625,52.70175868433229,-30.38742161549415,34.92880807296507,-65.14212262894753,-2.537342056954427,97.46258180745008,-62.726570489827004,-2.530796435210457,98.3860678517165
1878,54.71542235091057,-30.850946359910058,34.729382224336405,52.47729920963267,-30.828043184191905,34.96667953056845,-64.46192328170383,-2.919378595247756,97.43409352746049,-62.26994734951302,-2.578557131855572,98.42162340620513
1879,54.4881918260917,-31.29363770257611,34.76560885961124,52.25299383013237,-31.26401267644714,35.00492688844827,-63.942382705120814,-3.0568127876120252,97.46659536187182,-61.901259848955334,-2.824889733809131,98.47058514461838
1880,54.25862934025801,-31.736200787073376,34.79964811528456,52.02690336976153,-31.701689937533672,35.04233072187544,-63.511834674796134,-2.4647023362273437,97.53009750624,-61.561444204004204,-2.4421007243075548,98.51609469918367
1881,54.02691255614549,-32.17166761390249,34.829731171557995,51.79490684612771,-32.13596533156891,35.074562568662145,-63.259634032544824,-1.9542597331084315,97.63198646614826,-61.36970066759782,-2.12925501663578,98.56960592536
1882,53.79481343986569,-32.606324695493385,34.85621728343825,51.560217022044604,-32.57010139828153,35.102585109176125,-63.0006255717399,-2.0884119231579117,97.7072149664686,-61.24629649642157,-1.8069144606200758,98.63664819823884
1883,53.56422298592137,-33.04047104907847,34.8799799324019,51.328225521035776,-33.00887576199393,35.127832770428626,-62.909060772918515,-1.8300223595416207,97.7925380332119,-61.1377966859265,-1.590495609897412,98.70837913058094
1884,53.33761973102723,-33.47901391527488,34.90083026958418,51.10199588644361,-33.44875347292583,35.150478152294426,-62.869882769723326,-1.6887804226617884,97.85975184592552,-60.98942344527942,-1.6332421462032796,98.78551152315893
1885,53.11334807551685,-33.91635098904007,34.919942473489556,50.87816513100243,-33.88784869156906,35.17148575671686,-62.73300283411475,-1.5573562346716947,97.96370463452814,-60.68137958717432,-1.675311352322891,98.88595173845738
1886,52.8869840400421,-34.35433161966165,34.93687281715838,50.65531229898452,-34.325213100825984,35.19184360564662,-62.684378153551684,-1.079255447789891,98.0584961373367,-60.54946647989493,-1.427608107883277,98.97526559759677
1887,52.65848178969251,-34.792957711482316,34.952512722044816,50.43210395825141,-34.765587694955386,35.21223992855181,-62.71333311590225,-1.1385087010805246,98.16322240211451,-60.525146951556344,-1.4016069813665184,99.06667365564975
1888,52.4311778919821,-35.23075212401723,34.96913745627488,50.20839717549296,-35.203806585498256,35.23309245018584,-62.77116383759731,-1.1343618552571633,98.28432446867221,-60.62649556555968,-1.2878275699612873,99.17917280855794
1889,52.20341179318421,-35.67089151640551,34.99045978106279,49.979926669970645,-35.646138934560845,35.26040546767137,-62.8162279406955,-0.9686975555624717,98.41338230202521,-60.71972284174238,-0.8993205158824691,99.30455501909351
1890,51.9753108263617,-36.11892918124139,35.01723832887304,49.75072273339518,-36.097753811198274,35.29348988925149,-62.814555029080516,-0.848995140794088,98.54513529954308,-60.71695895355921,-0.6956352050985524,99.4264066256375
1891,51.74858819842271,-36.5650587303379,35.051777944606634,49.52365168773449,-36.54581565212976,35.333163710576144,-62.87112036445838,-0.5679452222026776,98.68002149342966,-60.73084106969583,-0.5216657336149606,99.54829838823983
1892,51.519894373313136,-37.01603752711573,35.09415813330136,49.29524405674675,-36.995605184438055,35.37736734297937,-62.834376317193616,0.22514377446027234,98.82870976883892,-60.422358131850594,0.3235909763638082,99.70471571275164
1893,51.2917602147298,-37.46443947213177,35.14328555953919,49.067436818725916,-37.44079932165634,35.42384079396023,-63.226886183854944,0.7669999022302016,98.98156744608443,-60.89150529096774,0.9309844480945173,99.84600718110399
1894,51.05874624155985,-37.91593899901658,35.200884511330024,48.83622747300936,-37.889143060333616,35.47486865003047,-63.78029558761535,1.4248489605329437,99.13604223333337,-61.57770041610041,1.405610361853823,99.98016972244646
1895,50.82356822609279,-38.36566787976836,35.264556281652716,48.605387469970985,-38.333310911428065,35.52818931775487,-64.14868502688353,2.050379735856759,99.2934835314369,-61.98961252359255,1.8325833713422766,100.13201659662411
1896,50.586936692372454,-38.80797052141001,35.31814233251075,48.36982297163081,-38.77212956525227,35.56983805349944,-64.34993376206336,2.4628551691314735,99.4398731970143,-62.09680917614141,2.1734073900330153,100.27420085262176
1897,50.353065172335384,-39.245160129045296,35.362739667273,48.13548102251654,-39.20956307000163,35.60395526332017,-64.48822388652465,2.684718934303861,99.54919584119487,-62.01741169135026,2.0696491146387546,100.3562271228433
1898,50.125938316391675,-39.68527998370722,35.39956728328948,47.908068396407046,-39.649938439352745,35.63414965219643,-64.4068724638417,2.7866604555345904,99.65000026901947,-61.65858615133956,1.8329881080064068,100.43549496502358
1899,49.90116904847926,-40.12770426202114,35.4290589856502,47.68248324022919,-40.09336404834465,35.660520114833,-64.56572399330163,2.716691210961795,99.72804931116092,-61.37887623930434,2.10321267262258,100.51455725742672
1900,49.674353238319895,-40.57354607079798,35.44974041150604,47.45341106326989,-40.540993384836746,35.68105662446091,-64.22714288220342,2.611105765091403,99.77322869337782,-61.179341596003354,2.210059855022552,100.55687693098336
1901,49.44801733166792,-41.016529839790145,35.45970040527045,47.2255260078775,-40.98703191779647,35.696645383407194,-63.78137839847942,2.6685787863882555,99.8102423181912,-61.18512236269641,2.5124979445816207,100.60118519676075
1902,49.22043891093849,-41.45725133082672,35.46025136354378,46.99800575756605,-41.42841370764054,35.70884799184207,-63.403222716212774,3.0515562188938423,99.82564744608452,-61.14518309305999,3.256704807366321,100.64939253330151
1903,48.99532608988966,-41.89451861744291,35.46244619957735,46.77293532709727,-41.86350271868337,35.720458275610035,-63.18185484267352,3.356687098880231,99.81069309252821,-61.11317674342284,3.742438475683116,100.66584313270742
1904,48.76948276299609,-42.330658787956196,35.47455708878273,46.54656322629843,-42.29621532508738,35.74256326414448,-63.270447444420455,4.054653567799146,99.81753453370817,-61.35692533007445,4.304730100675221,100.6784335258181
1905,48.541248985138424,-42.76574302668856,35.49267644864697,46.31873331101715,-42.729449183778044,35.76989102769416,-63.64356609325712,4.438595784019012,99.77376928615617,-61.65839121632061,4.157135036860403,100.62890822156675
1906,48.311058995739295,-43.2016815151086,35.51696891497819,46.08731176741465,-43.16694704701154,35.80116005132676,-63.68502465173043,4.600464412943038,99.76360761458595,-61.43742640580331,4.185809862758577,100.65707002945283
1907,48.084158913520525,-43.63810965923637,35.55006676974401,45.85526086708713,-43.6093498696234,35.83670656820585,-63.82927623678768,4.471113008829051,99.75689976652488,-61.429007650798205,3.6923000074934347,100.66254639949037
1908,47.857839465332646,-44.07879837461259,35.59082353180893,45.626914892241096,-44.05507365913093,35.875983671961265,-64.16397094546457,4.624493302121758,99.77192844059999,-61.851841614693825,3.9117943201154945,100.70669560487286
1909,47.63030610183337,-44.52445356587533,35.639560386482145,45.39761048089928,-44.503872522868704,35.91912944265917,-64.54570407577823,4.378914746057016,99.72376665910711,-62.20999733759534,4.034358602561339,100.66565081742674
1910,47.4042206417089,-44.97099882965869,35.686976828274034,45.17281659285884,-44.948130329658575,35.953800149736246,-64.87302623353267,4.292019518987266,99.69189098277265,-62.42710131913997,4.245985531430741,100.63212354117367
1911,47.18190406447634,-45.420103215522126,35.72435168002337,44.95236517747774,-45.39202948567042,35.97932409548864,-65.17354863132735,3.9748106440360558,99.62683482326521,-62.838665195956374,4.263624952304265,100.55882895377817
1912,46.95883293885494,-45.87107892699645,35.75123585512289,44.729996066626455,-45.83754457471054,35.99746051138684,-65.24491848521563,4.188763377644816,99.58929240395047,-62.94195896473131,4.420558571869978,100.48357293366452
1913,46.73734558781819,-46.31644107611224,35.768047941084916,44.50807796033931,-46.27884074798354,36.009125586843794,-66.01188753118745,4.339849047060213,99.5203707446432,-63.53929768754433,4.615649508268433,100.44024595021847
1914,46.512945396116606,-46.75984323179708,35.77558500172655,44.281963950408986,-46.721563807290735,36.014946506107066,-66.63992418400717,5.186420750769426,99.45327660907924,-63.98080137365484,5.223030737368136,100.39774329431148
1915,46.2873359319729,-47.194894754806924,35.771920854357774,44.057872298772416,-47.15765487302036,36.016119005794366,-66.78536512892934,5.407965161681729,99.34908991572436,-64.10042335934422,5.441835093611133,100.34952554859953
1916,46.06224672429167,-47.62625007080026,35.75709182073766,43.83404823115598,-47.590798371722656,36.01333133192214,-66.91306048512814,5.803579529581192,99.30796648823797,-64.18853552473512,5.806904968289331,100.32287190970291
1917,45.83508303454107,-48.06105003956965,35.73996971439028,43.6066889419581,-48.0287194836742,36.00736005270461,-67.2782483241206,5.8116862441543145,99.2907227955729,-64.52370476136382,5.673619829580227,100.33339223509002
1918,45.601940569776,-48.50298424299448,35.722153329343215,43.37414983495834,-48.474321139186465,35.998665433829764,-67.45472843664581,5.9488827572984855,99.3159312876368,-64.76494589971189,5.597588863903009,100.35496742098881
1919,45.373091743218886,-48.94094876116467,35.709429718882376,43.145799743333676,-48.91639733236217,35.99566639600174,-67.90109717026104,6.011424655367535,99.35376753226016,-65.10877118457616,5.573188240912629,100.37443124385157
1920,45.14237429290254,-49.38028097625623,35.70406165556312,42.91655010881112,-49.35691277081768,35.99980169684189,-68.00551415548512,6.087909073491013,99.38846016194539,-65.4192448987978,5.651084410137192,100.39870714715526
1921,44.91547855626271,-49.816513133969515,35.70664413516145,42.69057790816802,-49.79403505731927,36.010257367641415,-68.02117037574092,5.598432716830358,99.43270077896369,-65.49694490625647,5.369244181092652,100.42762991041577
1922,44.68472342978243,-50.257188140185576,35.71713282637758,42.46064489893254,-50.232799771354124,36.026474462356056,-68.27019739918866,5.33726667333754,99.5080296058602,-65.65794653249252,5.191761664112124,100.4807044746149
1923,44.45213943153374,-50.70087771269894,35.735909615896574,42.22980204734979,-50.67090727009923,36.04669365805031,-68.48793324733295,4.877700247054558,99.57639682465799,-65.73018043505408,4.959829526910838,100.52594663372513
1924,44.218775930982964,-51.14442324678502,35.761995283035894,41.99349338748351,-51.11304674569157,36.06838921867805,-68.58427337434655,4.648686978336356,99.61282939193318,-65.89498049230866,4.678194955246134,100.54480712783918
1925,43.98873754881276,-51.58575434160966,35.79630405490652,41.75775472697254,-51.555914840095625,36.09328904041103,-68.6889535686901,4.2957972872345715,99.62586901353632,-66.00916536038024,4.309271366409138,100.54080645724864
1926,43.76058514404573,-52.02831172532214,35.828550878440055,41.52722186946502,-51.99899004232994,36.11470220691085,-68.59239538468668,3.9433333695955097,99.65364837688918,-65.97171852826808,4.051115018921094,100.56152846583768
1927,43.53697963364081,-52.473589463076266,35.857789962416675,41.30194966340607,-52.44286754404161,36.13473291227496,-68.42727674604686,3.525256530067743,99.68156374883156,-65.88568144662065,3.847682478688286,100.58740653734627
1928,43.31318188362151,-52.920713726303205,35.88355128380016,41.07961908224339,-52.88662654156616,36.15438588399145,-68.39005112422122,3.3462328128773464,99.70027567250608,-65.82094557959435,3.676758910260577,100.60475448306468
1929,43.08812422959929,-53.367563466352955,35.90478854958813,40.85543811283956,-53.33173998470216,36.1732756397631,-68.16505835247166,3.1086326743024015,99.67558572812484,-65.60609133446499,3.5028985720467594,100.58871202024888
1930,42.86338692872655,-53.810145848975885,35.923734731699824,40.63333855306201,-53.771748650422225,36.192552645862904,-67.99335835006002,2.9894483281428252,99.65563611950041,-65.44812671888761,3.440685096060319,100.58508647076972
1931,42.642231220129695,-54.25009577882149,35.943345229312776,40.413314903511285,-54.21174664240806,36.21358901585232,-67.78288515301264,2.9573850430349484,99.66554693704016,-65.36931738127608,3.4135237709347472,100.6060898019921
1932,42.42080819995271,-54.68569818917324,35.95948175150791,40.19330195851821,-54.64960664713951,36.2329536561087,-67.46587451856323,2.833413700991426,99.69478746507396,-65.13646129252993,3.121336649958463,100.62988348275316
1933,42.19512666374987,-55.12291262208758,35.977935115107194,39.970126878992204,-55.09064934946012,36.25260636367268,-67.38327644612168,2.628021634487915,99.69900449650936,-65.15397831421923,2.8148864525863373,100.63839932894638
1934,41.967822427068384,-55.56037524485037,35.99932070031377,39.744359202011616,-55.531949256605614,36.27440737571519,-67.14453050417015,2.330185293494406,99.64165853594774,-64.895403531205,2.4435106423204465,100.56831848105817
1935,41.73391636533091,-56.00235253513068,36.02660838588679,39.50879040420132,-55.97872438494048,36.303557424184056,-66.80736573991301,1.9610012073790464,99.57951743745683,-64.55586589483755,2.0383150244811468,100.50181687079395
1936,41.4983717341504,-56.443137447001824,36.0576283472246,39.26972991582913,-56.4217207701023,36.33570428142767,-66.68219090947589,1.6128211030023651,99.55756603064242,-64.4191937124742,1.7037011629467838,100.4765256767405
1937,41.26148583500036,-56.88747276357944,36.09090319504543,39.03014188368927,-56.86447913358563,36.36903700613125,-66.47534928603427,1.276559357591259,99.53352010312062,-64.2077500641437,1.5288120982482796,100.46390051219807
1938,41.02582874189827,-57.331468836070954,36.126621422419866,38.794128038374765,-57.30596042385531,36.403642835616715,-66.2738468352322,0.968744464605791,99.52181458955673,-64.0933679797756,1.4519747410149884,100.49459505457304
1939,40.78761518515945,-57.77773750884145,36.16568541957894,38.55926605353475,-57.748796965978,36.43818193749648,-66.14257067526954,0.7819521813458978,99.53146896503765,-63.93431711727515,1.286989036909138,100.55400283504171
1940,40.54691508681165,-58.22219760182817,36.20891991595956,38.32429510762302,-58.18936512529579,36.475926434589546,-65.9453349874855,0.6189328471881588,99.56937921915845,-63.91775722837585,1.1217266214966384,100.63179020086447
1941,40.30630881291942,-58.66301895591478,36.248270846879734,38.088700455964926,-58.627101265990454,36.50700049068559,-66.097574678914,0.5328500251392222,99.6829291565415,-64.1222781492741,0.9670684768783074,100.72139283930149
1942,40.07237798002501,-59.102049763706184,36.2800253845278,37.85549922381576,-59.067540883588556,36.533722638803866,-66.4332221856371,0.40023256461990664,99.83723348140065,-64.40748081948838,0.6718603673089222,100.83825773168888
1943,39.842650000233974,-59.53886565357692,36.30661481626838,37.624827421612025,-59.50374241974421,36.55865470597744,-66.74400333317044,0.3391435899836389,100.01413468294649,-64.73518202060674,0.5257452389416751,100.9936811656993
1944,39.618408726861546,-59.97215654477581,36.33033244510412,37.39939001751085,-59.93602819249575,36.58295808756178,-67.41393096665261,0.14943502833109246,100.17464491221267,-65.3992169400648,0.32216146979120064,101.10148645432714
1945,39.39617084402723,-60.38415410707022,36.35269919625086,37.179523070945784,-60.34047305544466,36.60733654858665,-68.27092620438965,-0.036474866289128105,100.35573399245698,-66.24591028482958,0.2230244583589729,101.25618704811802
1946,39.15363002452985,-60.74048789778702,36.37523739941247,36.943389804576896,-60.68606852155531,36.632546891033,-69.20396790203374,-0.0923766361797026,100.52229660366456,-66.95723974869945,0.16766217778863918,101.39589085031433
1947,38.880858599480504,-61.018622224835134,36.410520383744725,36.68036538077325,-60.95222565617733,36.67808670666344,-70.07229718648428,-0.007713451497938131,100.68497408944074,-67.5567762530836,0.19431598046401988,101.53030197225821
1948,38.59296996429316,-61.20313408120722,36.46260059042208,36.400583548054755,-61.12856599920965,36.7387976588622,-70.77955173907604,0.1937166253157061,100.85016318783687,-68.0516303499619,0.3067007925373929,101.66351021722703
1949,38.31613209655787,-61.28510588452608,36.52055425455242,36.12328068542294,-61.208627487422625,36.80102870508549,-71.28526952177477,0.5996268924283898,100.99792122831796,-68.43345976323685,0.49632734750167107,101.79277927111107
1950,38.08040543770004,-61.280089116849986,36.58410754950123,35.87164569947142,-61.204384586782794,36.86728151469243,-71.70217205483708,1.034796124020152,101.11242244677457,-68.71310509488228,0.7308728344025945,101.91350560311899
1951,37.90935912979612,-61.218307338613286,36.65485601635287,35.664555916093455,-61.14103608785159,36.93632093582084,-71.85906102539742,1.315285162323728,101.2417428000239,-68.90012243152374,0.9790261344406134,102.02493587364914
1952,37.797591765233456,-61.12859074872223,36.71833733553061,35.50757992112653,-61.039906260413005,36.98590963939951,-71.96534971317918,1.4061329645708998,101.31746019051103,-69.01150989090283,1.220298951519986,102.10859822090258
1953,37.73377461750052,-61.029533239053116,36.77266116638834,35.39903954424116,-60.92140894893245,37.01869978577052,-72.02484401903418,1.5065259253734815,101.37537806237991,-69.06393457732504,1.441593384895603,102.16958588956864
1954,37.709817665812466,-60.93102084599061,36.806742908426415,35.33305620500539,-60.79645575661794,37.037403826909845,-72.04482227895403,1.605069896817741,101.41341864793966,-69.07042468240444,1.6386774095379493,102.21078418896018
1955,37.71844513503106,-60.838103819540414,36.82225146815666,35.30568954658004,-60.66971882900751,37.04518628273814,-72.03465691965563,1.6961721794123434,101.43280460034185,-69.03927826106553,1.8114906224674652,102.23569930308199
1956,37.75349039195717,-60.75643675119087,36.82468413381079,35.314908983103486,-60.549732906805076,37.04592294351842,-72.00032784897235,1.778319421703045,101.4349808990285,-68.9745005830711,1.9569569714430721,102.24980906164441
1957,37.69519153240628,-60.82222365040663,36.80938829488348,35.27112308264292,-60.65424429416693,37.039684747035416,-72.05975655276619,1.7141635698803206,101.41931897113412,-69.06790630594425,1.843865923197891,102.25447531457594
1958,37.769441439340326,-60.77586738429304,36.77702703629322,35.33913817439001,-60.57362968578774,37.02885303504035,-71.98364078044122,1.7582338208090063,101.38653440507181,-68.95751847874755,1.921893655232507,102.25277414955092
1959,37.846241253648294,-60.74385362158591,36.74588151791878,35.41487858622371,-60.513681334335864,37.01646511765612,-71.90470040971036,1.787772844813885,101.35517256541081,-68.84936609243137,1.973927153087538,102.2479219943199
1960,37.91897551455791,-60.70404544700525,36.72485737610756,35.485815688756745,-60.44814033933137,37.01330621020582,-71.82873387000963,1.8252122840684433,101.33405281619463,-68.75151397261352,2.0321557403519313,102.25087140019998
1961,37.98203242039315,-60.635274052254765,36.71269901758138,35.543558149363285,-60.35239439943647,37.01556770708713,-71.76330872489814,1.8924739209995987,101.3209520515063,-68.67330420834129,2.124888949479409,102.25675316412523
1962,38.021293950716064,-60.537463600056164,36.70602442817739,35.57471015299029,-60.22981783719717,37.01860718837859,-71.72043531969001,1.9902169475668787,101.31311620468534,-68.62483547632989,2.2483938137960324,102.26217027953469
1963,38.0074477832263,-60.663247717412645,36.70521673599894,35.56728736639669,-60.37637041595999,37.02493753497378,-72.45860724709,2.7923772089728844,101.31613447319845,-69.6566036022908,3.4000481904247275,102.27732845273337
1964,38.00044508973063,-60.818693945363954,36.712919208783426,35.557002410974334,-60.54682245467953,37.03489227112496,-73.17226349366216,3.7096498824218247,101.32066725987873,-70.47050375980983,4.4669403364570766,102.28637526302633
1965,38.036427175333976,-60.62783132792416,36.72469404576237,35.60532653229404,-60.35328223684245,37.041040138194084,-72.67839848963942,2.729933010193923,101.32877003421416,-70.02139558862824,3.589861497417256,102.29462937485084
1966,38.13240135275213,-60.41257711959317,36.736559031417386,35.71082959935388,-60.15353296023431,37.041614244369285,-72.51582588505204,1.5364418206151695,101.34676608434911,-69.9279046810023,2.6602105396056626,102.3067537683951
1967,38.288295167168606,-60.1995817509032,36.7361396479115,35.863849562176746,-59.96517249647933,37.03357261059556,-72.65158367318462,0.2940956737375451,101.37309174070727,-70.04775345145156,1.872433494885591,102.32060767935525
1968,38.47788274480824,-59.990189451296416,36.72709700447435,36.04200444783762,-59.7783856157317,37.020341982239884,-72.95718599370333,-1.013545799916544,101.40512543608348,-70.2327867853687,1.1643416404329914,102.33406129407184
1969,38.67299769777244,-59.75663926204431,36.71687306401653,36.22054836947114,-59.56518529039183,37.00803031646991,-73.23350174781493,-2.2515153510543198,101.42069782921409,-70.35490742052691,0.7293136636838715,102.3311087659093
1970,38.843544878377514,-59.474856595227806,36.70162759246486,36.374901882986485,-59.30534593336509,36.994756784182435,-73.32867862351493,-2.3619047787647163,101.42178580781786,-70.34960546374268,0.3881737218631497,102.33380594603264
1971,38.96837448539263,-59.15064011947967,36.6786512888472,36.491802483077166,-59.00560815407791,36.97847765551011,-73.28084621640335,-2.416392013282209,101.43519988923418,-70.16968002727117,0.09998400927877399,102.35642328888149
1972,39.06053605987217,-58.80140846593737,36.65651286703293,36.58590183094539,-58.67997426175533,36.96380375264545,-73.28034315347735,-2.5168389804449998,101.44279572587354,-70.09006048741529,-0.09797185595705513,102.37246857519762
1973,39.151312557976354,-58.44030204176519,36.63727516000841,36.6820753789078,-58.34084575424685,36.951032287263565,-73.12314810830729,-2.500704742189142,101.44273392928862,-69.85593913980611,-0.2541300979298943,102.37896242757067
1974,39.2705093974687,-58.07172705656337,36.6226661909379,36.804272310050344,-57.996016578272865,36.94062947703787,-72.95267058868414,-2.384514915346203,101.45218280816654,-69.67340438116287,-0.29175351962910334,102.38966730731187
1975,39.43461850727584,-57.700801022211266,36.61123796123168,36.96427998931172,-57.64965434033033,36.93116365388493,-72.5801985547415,-1.9238646936686175,101.46802409935249,-69.25166267501977,0.07499463386497868,102.40254549714146
1976,39.64050825419608,-57.34385494709977,36.600578561551394,37.15916154265107,-57.313818828072165,36.921829240675095,-72.1058719858447,-1.6064245014281306,101.4950940623978,-68.81905370392542,0.3190706550918496,102.42016553978954
1977,39.87077071282656,-56.99381714411025,36.5911911451572,37.37402158516818,-56.979348310765566,36.91173726861586,-71.70704305382543,-1.2838120651788376,101.51659553735661,-68.5405629683424,0.5602972270275622,102.43578264399505
1978,40.106727124020004,-56.644696993223924,36.58106715205886,37.594885490241225,-56.64240304170503,36.897302456820846,-71.44843875119595,-1.0452689565898468,101.53502277188952,-68.39332341531049,0.5946479958144587,102.46664308365447
1979,40.334255259905426,-56.2864925322361,36.56835880059011,37.809624068088894,-56.29594538417823,36.88164531898186,-71.06844426040279,-0.8023450359486538,101.56009442344195,-68.18128333073531,0.6648659672947917,102.4970106521268
1980,40.55350741093538,-55.91207169547271,36.55251301334393,38.020581547952276,-55.932390106144766,36.864098047447705,-70.89920246822409,-0.35013372331912035,101.61190300341963,-68.1374702734257,0.9588787872209339,102.55295737175005
1981,40.765013262621515,-55.527264143102194,36.53288517416847,38.22766745958476,-55.55682669255082,36.84391498934017,-70.6831488568834,0.04498004305113723,101.66244915770423,-68.00544056390541,1.2080216992878348,102.6024211276036
1982,40.97446249780594,-55.14025639977645,36.50997475429382,38.434847685310544,-55.178678814615935,36.82129567406991,-70.8545123458076,0.052943981305233166,101.735163131225,-68.12802030891068,1.2461259971243852,102.67250214748061
1983,41.187141967852725,-54.74588597420312,36.49170219136245,38.64780533679443,-54.79445426372845,36.80833245868497,-71.05158152387563,0.1686860883848457,101.82026162744039,-68.18930417973617,1.4098561499902493,102.75164092036287
1984,41.402585789639446,-54.35627656538998,36.47801590329062,38.86256762611474,-54.4141571194042,36.802458068405926,-71.1407819973295,0.24395823995318858,101.92722251677087,-68.17011780561674,1.5452261525863031,102.8489223661929
1985,41.62329034486718,-53.96659357595026,36.47138651715671,39.08031998992876,-54.03664598486232,36.80080596049775,-71.23288509172306,0.4386506737155662,102.03793689554158,-68.22634978085836,1.659137494221506,102.95182728531313
1986,41.84922608393962,-53.579570436848535,36.4697757995293,39.30044987508461,-53.660199271368896,36.80047848509661,-71.39784742496396,0.5756470320229894,102.1745734651085,-68.28196887595924,1.7153483168342925,103.07617093437666
1987,42.07497566571014,-53.19303460498255,36.476900984053025,39.52104395527775,-53.2795372066571,36.80609612966455,-71.49175081008728,0.4818533046903656,102.30913558541752,-68.35412242744968,1.667613139105517,103.20288655336434
1988,42.294996349501524,-52.80468348336728,36.4863043086736,39.73705926173268,-52.891346669965344,36.80767950280211,-71.79438599731961,0.598166056650228,102.43411281746765,-68.60170192535158,1.9398185454757324,103.29651044760973
1989,42.51085356159348,-52.41163040629574,36.49552063919506,39.949646796931894,-52.4979964597607,36.80332816663312,-71.89822032184196,0.8064344392532918,102.52453529637037,-68.74888397413831,2.1243671442327106,103.35428206573724
1990,42.72493102653526,-52.015044303793076,36.49533137359841,40.16337882822636,-52.09843092570425,36.79307684608616,-72.01628638661326,1.1053937444824615,102.58588482262968,-68.85092486561608,2.53208917249863,103.38279639024937
1991,42.941199883896665,-51.613051230995126,36.48774417710589,40.38111389461958,-51.6941772027827,36.780078804157284,-72.09180140390541,1.3659539909463358,102.5987362746963,-68.80566833339857,2.811175388650659,103.37290677883949
1992,43.16312289724789,-51.20260964539268,36.47446420090744,40.60320597411328,-51.286279438930165,36.76582550675006,-72.11899817558185,1.6821628393554986,102.58213217366112,-68.77480239165057,3.1147481037667903,103.34741553822585
1993,43.387944328288036,-50.78905925930944,36.4560617405511,40.8271466262117,-50.87595866298517,36.748692380344416,-72.11747076743461,2.0075009652123064,102.52458152206626,-68.72250941098552,3.33486432847767,103.31250031524056
1994,43.61175301187563,-50.37166901429702,36.42711623912764,41.04777164105928,-50.46335340617474,36.72676445944109,-72.19171752500331,2.5541628976766004,102.42635727402696,-68.81293310929297,3.7268936816613256,103.25661163199088
1995,43.839354055157344,-49.955845272898905,36.39655273486807,41.27053417582981,-50.053822455923886,36.70337716362948,-72.00146995376623,2.6793519904603746,102.31686459598336,-68.70593349053941,3.7621016631581843,103.18796907614522
1996,44.07075060913969,-49.536881386888744,36.37865769429885,41.497798147986714,-49.63973143844467,36.695446137429734,-71.86265543996926,2.8642217301827766,102.23931995177696,-68.64134315429447,3.8435262573069,103.1601727788348
1997,44.29957995178189,-49.11551049087644,36.37287389323942,41.72581762546313,-49.22284612590819,36.698785792790396,-71.70738775020585,2.8444530025796184,102.18081979244518,-68.54292667280623,3.8814345061397804,103.14570730940926
1998,44.52211861608241,-48.69036038499799,36.37815524966509,41.94980691002589,-48.80340774621707,36.71118536004508,-71.42615762219685,2.925207616012436,102.18214727138287,-68.16263371840468,4.00293193066927,103.1841226793234
1999,44.73824401205075,-48.26219728239256,36.39499859965038,42.169921463817786,-48.37855695037067,36.73199797687013,-71.15145283644597,2.8219258012466737,102.22081328872291,-67.87483318130106,3.9215561712282088,103.24840123046816
2000,44.95441040809126,-47.834381804710645,36.42563667734604,42.38818460180159,-47.9529376856548,36.76075822696449,-70.72545128295174,2.712534435057817,102.2898876519369,-67.40729061440233,3.825191912962599,103.32822335532927
2001,45.179543546995745,-47.40950282361765,36.47014191674836,42.611303703055626,-47.53100453616474,36.796332050351246,-70.18846907025129,2.446883310383355,102.39744360413437,-67.01512787674525,3.7432040854650452,103.42034194850403
2002,45.41082677826083,-46.987031164135395,36.52603063719573,42.83921226253342,-47.11222607515819,36.83625800084746,-69.66027237939792,2.4768162782549683,102.55996576392056,-66.52587167721957,3.822047809099186,103.5461623326177
2003,45.64804945254517,-46.56700343779759,36.57600195991966,43.07224068003804,-46.691747803108875,36.87029877611708,-68.97680932379444,2.6577970644310667,102.74970719450242,-65.93943650799764,4.153679013393419,103.71100318725419
2004,45.88455010930888,-46.147248482773044,36.6194960462926,43.30604622387564,-46.27076665254144,36.89949691384852,-68.32624294842037,2.8390400274349106,102.95979275839781,-65.4712476793932,4.392795710545327,103.87873198774018
2005,46.117856508428574,-45.72396220002604,36.65621049382123,43.536504398919014,-45.84839052917724,36.92478518578758,-67.9107156744508,2.986729048744627,103.11081196612,-65.12223730446796,4.62155724787022,103.9832020410757
2006,46.34530933527908,-45.30063854445595,36.68509862491398,43.763962676597124,-45.42537965333456,36.9460489749726,-67.48597294146444,3.336956352900892,103.24393729837448,-64.84514860858174,4.90022078512163,104.07486725181327
2007,46.566357037700456,-44.874267402408606,36.707232672865636,43.98503477453984,-44.999682009274075,36.964723682996635,-67.23422266633662,3.508550510422096,103.34544312030539,-64.62441761548773,4.835956806036781,104.13339786939585
2008,46.7812320214527,-44.44019428857934,36.72428810879303,44.199902241440526,-44.56649962926166,36.982910134594704,-67.04387230729657,3.619246795888983,103.45243249262698,-64.51190004277899,4.6958872314360764,104.21516225296337
2009,46.99373584183756,-44.00242695166976,36.7349198380948,44.41255177607926,-44.12858626303086,36.999610794712126,-67.12327632403172,3.8791575463074346,103.52257362205708,-64.62552496115957,4.947780161723132,104.28070923348876
2010,47.2079993134047,-43.56437312823966,36.75103610124623,44.6269300567427,-43.688198197049424,37.023059949215224,-67.32305846383302,4.024736502983778,103.52471106520281,-64.70596927085501,5.2721215416402565,104.3008824849727
2011,47.42486047140954,-43.125008851401674,36.771962420134635,44.84205293907431,-43.24828100997344,37.0507706624184,-67.4450979980247,4.201083391370726,103.54132781339021,-64.66433386140967,5.546366334745653,104.37224246214218
2012,47.64550054827611,-42.68696620266724,36.796688973805594,45.060399911819026,-42.81055036676658,37.080205859443225,-67.43536062692696,4.578997483288837,103.54813449429025,-64.47023226000671,6.080950756901747,104.38684139751489
2013,47.87306115471436,-42.246827685519634,36.8217180917676,45.287860514032786,-42.37214920786222,37.10784870214976,-67.26384258312886,4.903439053221004,103.60880373273618,-64.09000761333022,6.522738636700023,104.48261432730452
2014,48.10473023777965,-41.80982970644199,36.8523760229549,45.51885226028838,-41.93987879903429,37.138582735223515,-67.02339135423189,5.409379862870942,103.69503644529537,-63.69717087734119,6.838866936575148,104.58251985114627
2015,48.334424878965386,-41.37444505277956,36.89203774616651,45.74645571433032,-41.50923317266885,37.17502722424831,-66.9439851467145,5.820518370078315,103.81278909433152,-63.67663183853184,6.868988390781328,104.73777805481124
2016,48.56132896984269,-40.94010807284484,36.9309611266857,45.97254454031016,-41.07814985932505,37.20490301604883,-66.63512254564084,6.0288855875927325,103.91868798904439,-63.524947634412364,6.983603259679645,104.8440179389067
2017,48.7851097502838,-40.506619108507884,36.96429366743816,46.19774399976458,-40.645269774906325,37.2306774201953,-66.3254052873007,6.199819835846379,104.0373098708516,-63.38579395388622,7.145607034689596,104.9134976466891
2018,49.00810102891966,-40.07336044001837,36.991219447371904,46.42301657824338,-40.2120104552798,37.25218244060656,-66.09391728599924,6.2580599375612485,104.13370391054463,-63.27890428369132,7.127154040393068,104.9942932060457
2019,49.23123489403129,-39.63583188727957,37.01149271024344,46.648602726420826,-39.77440272565651,37.26907862463747,-66.23212956970485,6.216187020314239,104.29483306140459,-63.544179100654894,7.282493872241906,105.10959790294737
2020,49.45193862933649,-39.20270812696818,37.02474458411353,46.873351584501215,-39.338472993409965,37.282112523935176,-66.72356054972701,5.990730905835988,104.44476418706581,-64.03541989567164,7.1646806404595775,105.2753425723461
2021,49.67783679071862,-38.76344860350334,37.033389064802535,47.102912347027925,-38.897188112436154,37.29529526552414,-67.2147423501477,5.6890387952472885,104.5441125926605,-64.34407547391707,6.933264245106506,105.35906530012385
2022,49.90625649630169,-38.31947117587271,37.03769003380287,47.3318926501171,-38.45496278125447,37.30806491149027,-67.39588555276495,5.657410651807706,104.65338324679217,-64.44723424957326,6.900511467337292,105.51164543867105
2023,50.131939307171585,-37.87634226981759,37.04415417376001,47.55567988694906,-38.01486877240468,37.320909416474265,-67.68291396054808,5.338141324731646,104.82302638074827,-64.54454229495198,6.565781689675618,105.70016222710952
2024,50.355268141702496,-37.43199682805422,37.050919573258184,47.77548715951815,-37.57289755181548,37.33248761124858,-67.98631836079733,4.812078386641572,105.02870483971988,-64.62917269046915,6.0819328542827416,105.88257935542363
2025,50.5782870941885,-36.98811267499075,37.060925075901245,47.99531972901851,-37.13141989808463,37.345518344521814,-68.10883516736763,4.462813195826741,105.25342909461617,-64.44485778761266,5.791247047368555,106.08330733539891
2026,50.804404262332895,-36.55052296499468,37.07615475183608,48.217944709614784,-36.69485857436697,37.361794323386064,-68.07531184331869,4.048076432054838,105.45824812568026,-64.42589544055694,5.63288502417893,106.26940057175351
2027,51.03002446410163,-36.115948075201835,37.089517210920235,48.44082824678848,-36.26247981053054,37.37313954475624,-67.86622894625384,3.701685550579896,105.65665578288571,-64.44531508715237,5.360785553354681,106.48109869861
2028,51.252718602003824,-35.68290155626888,37.09969976636591,48.66551108498417,-35.8274501492716,37.381492025218265,-67.6892653781616,3.52709186379708,105.87968639618248,-64.42076194610743,5.247055104185213,106.6358505263715
2029,51.471044439072905,-35.2522067602625,37.10706453997831,48.886189012526636,-35.394998990965505,37.38751426323333,-67.56991701293462,3.2842756741388848,106.03311823382494,-64.33707805078234,5.211927736439811,106.74943709390175
2030,51.689132215893835,-34.821646537420115,37.11043742316152,49.10625994849689,-34.965194016273195,37.390227888551934,-67.44295808197116,3.1379225302283804,106.13155998038461,-64.2798122605425,5.010724732764218,106.82745333799609
2031,51.90988901471426,-34.39036031236621,37.109130754327346,49.33065090123305,-34.53420981710839,37.3900869549148,-67.30178366359863,3.214283950505358,106.19973129884457,-64.22626285486061,4.946545146251726,106.8763426862834
2032,52.13135582221454,-33.957688413034106,37.10806327481184,49.55671014529974,-34.09808046003537,37.393655853346644,-67.39826483528824,3.2392229981902565,106.22184403311007,-64.2613633332768,4.916063426520619,106.90902454680231
2033,52.35589743599214,-33.51988981629503,37.10674814351959,49.78384796172404,-33.65763385267641,37.399174046508016,-67.49009390782639,3.2585880090717665,106.21797328584731,-64.40819163958668,4.9594763599647065,106.9246168071329
2034,52.58096022721711,-33.08185448819995,37.107359101032834,50.00873127822742,-33.21921540913515,37.40454006851736,-67.54726432451399,3.3550390669701353,106.16634690820344,-64.50823257889385,4.956428109196043,106.93337358607025
2035,52.8074041864256,-32.644694571020835,37.1119976063362,50.23501555124159,-32.77908323214783,37.41239556017339,-67.68124550564308,3.4913431314634074,106.11410942101513,-64.65783762744158,5.114426684971143,106.92484380700724
2036,53.038178790260886,-32.20728176640322,37.118556381211285,50.46057911041575,-32.34130068790616,37.42039967523714,-68.03053777855166,3.5746723361180917,106.06806357102391,-65.0155997519109,5.223720696659927,106.91584020117843
2037,53.265834443850956,-31.768287439430992,37.12572289449724,50.68047879756571,-31.905434022241923,37.42532225445431,-68.22504182833701,4.1352186948842675,106.01439790435778,-65.092135669659,5.806539058263354,106.88620199350167
2038,53.48728486062183,-31.325967845990778,37.13600717506227,50.897754886863524,-31.46548705418445,37.430146324765204,-68.66155814942373,4.570710404535233,105.97424764173742,-65.48579257680807,6.195009143137456,106.86713903958618
2039,53.71012495147035,-30.882446188673725,37.143835189432835,51.11985611213317,-31.021417492647977,37.43454053569529,-69.00193140983241,5.100196815620816,105.93524162595209,-65.74559091660608,6.65372515161254,106.84657006509431
2040,53.93805043273335,-30.441987990430654,37.148007466011734,51.34956912123366,-30.579423180593402,37.43698635525382,-69.12297026203738,5.692884424302912,105.92639649320678,-65.77056965636906,7.17643500729579,106.86100814052277
2041,54.17177868431869,-30.007308407729177,37.149287112022556,51.58510063829542,-30.145800705921214,37.437223409440115,-69.36340622512867,6.124189937783508,105.94680813037596,-65.9467356965676,7.3288826402769995,106.9108736972835
2042,54.40896270245497,-29.57147079826504,37.14967804527469,51.826620889036874,-29.708403115009638,37.44010551750215,-69.37544169748215,6.377380876302888,105.95793530645062,-65.83390196643663,7.364057171336606,106.92322587825456
2043,54.64313703995205,-29.134147814723843,37.150504118956434,52.06251591316134,-29.27318446506289,37.44684384682212,-68.8253464343189,6.557513524649525,105.97517098594624,-65.19319406041593,7.278363926509434,106.93843489946333
2044,54.87639501446036,-28.692771357247548,37.15425209286851,52.29504357624483,-28.83612436239087,37.45499313907061,-68.19379415087113,6.571502227590951,106.01565146264605,-64.34458428078376,7.468151660040722,106.96286782294258
2045,55.10533803763499,-28.247282508986718,37.16137125255798,52.52366217779581,-28.392326424988426,37.46408075192772,-67.42681405166431,6.447279891893956,106.1130439932149,-63.80925116327884,7.347085765449735,107.06843934442502
2046,55.328933404219974,-27.804810748766236,37.171613465981174,52.74475345540757,-27.950285053021044,37.47483727411857,-66.63645385424726,6.09329672937832,106.20263120032283,-63.2936588721825,7.066992954832434,107.13532187698756
2047,55.557815904330766,-27.365727053723962,37.18581095958195,52.97150457917308,-27.508907595452218,37.487238971832916,-65.98330330686129,5.4429070625691764,106.31562755588529,-62.89838420481547,6.592362653832373,107.24815333854716
2048,55.79295124393562,-26.920970001508948,37.20446556667507,53.20441394453791,-27.064465005258043,37.501650005188154,-65.23283481579452,4.841418756834389,106.39616756553266,-62.60094188493392,6.022198022616684,107.33239029244545
2049,56.03113665375763,-26.479699794400112,37.22018124156927,53.44405355538775,-26.61852592125724,37.51205034105625,-64.78348988048108,4.31141458754134,106.48552578803823,-62.52050751291725,5.589821745812851,107.38361960088814
2050,56.276749789233804,-26.033946935935116,37.2306064933683,53.68843329656709,-26.17073551999782,37.51802644360469,-64.81022821870843,3.775097346670212,106.56693295123247,-62.56921473510399,5.1188990618822325,107.41887061521487
2051,56.52406911445746,-25.582970381330767,37.235186816951256,53.93507391781027,-25.719201383414546,37.51902875744412,-65.12445533825273,3.1707216241722542,106.61842472436075,-62.66834560983652,4.887706042099985,107.4210597323666
2052,56.77082006802786,-25.123651261739838,37.230605553421064,54.18372044845924,-25.260269599171956,37.512155200280226,-65.34684700667486,2.822243543782799,106.61479426566159,-62.77057075149939,4.790179906243282,107.42877291444954
2053,57.008908113538276,-24.669708788045615,37.21944362157896,54.42157369595022,-24.810957289824852,37.50119578744618,-65.73239410875195,2.402100256165737,106.6198123046524,-63.01123448273682,4.416082512003777,107.42871391291814
2054,57.243940672972,-24.205059538530026,37.206996825890116,54.656592782538624,-24.35415481799447,37.49188219307931,-65.91951097548751,2.2080898919518717,106.60518902123997,-62.94511472501038,4.196217534335467,107.46166563102476
2055,57.480084475429564,-23.739687514991157,37.19172200909312,54.893080704171254,-23.898454688355955,37.48274292385239,-66.13613984589088,2.00825299451993,106.59691135856127,-62.94880947408434,3.830000629167422,107.49228638051355
2056,57.71466476891364,-23.278815761715894,37.176674936869425,55.12900151997938,-23.443260052717864,37.47303862683074,-66.12615051650657,1.7639748294654307,106.60370655059245,-62.78558618789353,3.498230343026186,107.52265517522336
2057,57.95203808722268,-22.820175601632826,37.16285475233212,55.367185973269734,-22.987502123182217,37.463719792992315,-66.0844640682141,1.543276667728881,106.62198454539964,-62.71534778214598,3.1383986447707044,107.55761524483164
2058,58.19143152031451,-22.361262964283195,37.15420946171603,55.608114784988175,-22.52586354159039,37.45999152400883,-65.98871179069475,1.2523092316136735,106.6654572568339,-62.64811617608278,2.894547501982762,107.5947662479914
2059,58.42936329515299,-21.902871335410637,37.1482788787738,55.84569914831928,-22.065189435684914,37.45802312400472,-66.12557595250067,0.8402468481054568,106.69936319898406,-62.94789839807567,2.617127232949962,107.61575431233301
2060,58.66261595294329,-21.442173452094664,37.141405578507154,56.07706173285222,-21.602661221069187,37.453390708137846,-66.03553285013639,0.716094058359076,106.75609819370581,-63.02393797251676,2.4889998649064946,107.65436385016261
2061,58.8871274433146,-20.98401499876317,37.13607685769932,56.29543286008198,-21.14569605327754,37.4496812913916,-66.15434175693848,0.49241102584417606,106.82370739642651,-63.12504608542992,2.3426259660041286,107.73517482772894
2062,59.106773032488846,-20.524844688775485,37.135066273116934,56.50879823965477,-20.69061426179836,37.448778432509314,-66.4132522730197,0.18646103039595407,106.88622444144026,-63.45144030222003,1.9197450879809148,107.79827103114768
2063,59.32739097857195,-20.071709405657913,37.13428102709553,56.724782582827075,-20.23981073512827,37.44366237083143,-66.75930452392491,0.0340454632909028,106.92512117126297,-63.66753385794664,1.760579865275139,107.82207033496532
2064,59.553731536117986,-19.622829992846555,37.13250576463042,56.949068091644484,-19.790597333809803,37.43463310250167,-66.85309267772038,0.5332666498799872,106.93526631354545,-63.54519175992919,2.4440652313633935,107.81242210168584
2065,59.782907773757756,-19.18510159114723,37.125560873415296,57.18083751789626,-19.348504050431504,37.42280522843373,-66.87334733916634,0.8893580454300726,106.95941585084788,-63.3365893494088,2.830363979695404,107.83444473667019
2066,60.013385508516215,-18.7484491955973,37.11364286476401,57.416712901636465,-18.90677692169206,37.40883080661539,-66.46026313360056,1.060491611554203,107.01157391039439,-62.92184651731381,2.805942173937467,107.88071434052338
2067,60.244083357322964,-18.31109412346048,37.090161414144106,57.655372257912155,-18.462465749466283,37.38457452834636,-66.37994944625754,1.349970910247242,107.06494158552987,-62.89200310179072,3.0418472553364824,107.9445230248201
2068,60.47668770271353,-17.869922038679114,37.05876689825507,57.891294338256856,-18.01883976588066,37.35627979381061,-66.38697344759689,1.6737304768316914,107.0931696398721,-63.033319267848476,3.237288076070379,108.01087922500177
2069,60.711078203343845,-17.426425899053477,37.026452345861365,58.12646065638545,-17.575774206624974,37.331598233372375,-65.97115414229866,2.0067895183907334,107.16043787053295,-62.81223061672618,3.1140568086709903,108.11227242385073
2070,60.94257733138217,-16.980593200359568,37.00158989990569,58.35868003134892,-17.13192160110132,37.31580656095395,-65.69287837296288,2.2945719620759926,107.26021246425437,-62.76979268954856,3.1221684733199297,108.21454985749195
2071,61.171352845778074,-16.534591960003407,36.98516612298676,58.58738432226405,-16.685588541985197,37.307734159226406,-65.63754165264547,1.9464473684820205,107.4079160758415,-62.74763573647241,3.0422345226980783,108.33126225668603
2072,61.40193141590395,-16.08213676873995,36.97610176004609,58.818042397802145,-16.233258382839118,37.304998735428114,-65.74708371014248,1.5414101354778462,107.53040218352518,-62.85713832454965,2.7429185333925172,108.41781329395734
2073,61.632627725359185,-15.633036880502244,36.972816694847154,59.04806093290229,-15.784430218383237,37.305106759773345,-66.00767518904641,1.4094515656776885,107.62280519613621,-62.90106869856723,2.5609969378549073,108.47388055779307
2074,61.86102043580543,-15.186174517488324,36.97745231497725,59.274901241012515,-15.337266649983011,37.30933463716286,-66.07792898415848,1.3558042372399373,107.65427679157095,-62.97940674644757,2.7715473374479638,108.46339431741701
2075,62.088470299361596,-14.738760541815202,36.99020220157907,59.499510413363815,-14.88843739463223,37.31711495751294,-65.91444994508662,1.3533010024222976,107.68589106587251,-62.880002687011306,3.011733911681258,108.47061548443949
2076,62.31529004428489,-14.28812929094754,37.00827802639149,59.723090287135854,-14.437385944786834,37.32527305107203,-65.9847152856721,1.4346576069662946,107.73189765433582,-62.785121432966825,3.0521922114983244,108.5445061433176
2077,62.54036998663336,-13.838047334614101,37.01861888404532,59.94579913544089,-13.987773868855987,37.324515921122455,-66.20873247666586,1.849109161618359,107.75309717046457,-63.06218886956922,3.653413941581931,108.58987348717737
2078,62.76505145089915,-13.384805245709297,37.022987774947666,60.16895078862741,-13.535423704021113,37.31914174671937,-66.35890979341002,2.546347284352205,107.77206569277323,-63.19169565626983,4.441880774700201,108.65777746633854
2079,62.98823785789282,-12.93612209044549,37.02155238757109,60.39398164035519,-13.084321649455765,37.31120717635153,-66.48094876043625,3.499596067158408,107.7739895491313,-63.38834508944507,5.197983089842243,108.67896147736336
2080,63.21614766301357,-12.486941102364346,37.01349940064194,60.625671923436826,-12.634000847130718,37.29888669823667,-66.66582376970834,4.5695278815972875,107.76827377023417,-63.59645381825722,6.0219097906713905,108.67324042506034
2081,63.445852640611406,-12.034569432784322,36.99619436982802,60.85782391514936,-12.183941894621368,37.281472090104124,-67.15832424489568,5.5238576142446325,107.72702987899893,-64.22864932145829,6.877596826975524,108.56673917430147
2082,63.67272441697285,-11.580770705368796,36.97048328448599,61.08716977296295,-11.73143637355827,37.26099794891822,-67.62897387222789,6.470521527216888,107.67817764591295,-64.53532546276892,7.620320798272927,108.48706467049489
2083,63.894995544536314,-11.128122970145194,36.94699267456644,61.31019484406208,-11.281034857235317,37.25088445334364,-68.10740917531653,7.556418988062937,107.60748216703726,-64.77570376073794,8.263982179939418,108.45900681784896
2084,64.1205728385834,-10.67069446905757,36.93441824495424,61.53713356207131,-10.823863922774585,37.25019806591793,-68.05838313135445,7.9703805258915965,107.52935233319766,-64.57702637513806,8.407337866024616,108.41344647675426
2085,64.34537258123096,-10.212709792506228,36.930899857954046,61.76187659914934,-10.367698615359231,37.255307837388855,-68.21387305442158,8.271073978132483,107.45863053385835,-64.61031650458656,8.66823402062256,108.4150523449128
2086,64.57044188626418,-9.757559057305533,36.932932298632885,61.98615638459981,-9.913966770178341,37.2618075951847,-68.30922212321778,8.625621851679194,107.39547453726152,-64.65208384713291,9.07871663026706,108.39347152378056
2087,64.79649667285855,-9.305868501811323,36.945927152919275,62.21159418540803,-9.464102331251524,37.274445236172156,-68.39379631346354,8.822098316245276,107.35684220051637,-64.73226026074586,9.400955392919474,108.38747836215212
2088,65.02173556279986,-8.85277965915366,36.97058862814058,62.437514484585776,-9.009568186857223,37.292813622835226,-68.18121851325077,8.762130408797704,107.38891926560652,-64.8504222398,9.487915912193154,108.38340062649593
2089,65.25067301312376,-8.397666083242594,36.99668332539192,62.665979941308194,-8.5538792390791,37.303249982737384,-68.01378611287716,8.640602368407796,107.40451732227181,-64.80505335659704,9.534930426743673,108.36182275431241
2090,65.48435637335271,-7.945462495177587,37.013568915903825,62.89705365018748,-8.102023984965909,37.30576994590349,-67.79642972460046,8.553001240806273,107.38343282297035,-64.68906020793021,9.675106963218463,108.32832694882445
2091,65.72314265293934,-7.501324555791589,37.01952291828631,63.13414257714222,-7.656374726034989,37.30181252414789,-67.76819097880734,8.645482044880705,107.36720604349581,-64.4734542751776,9.660462212012643,108.28643420844234
2092,65.96671886916377,-7.057137757467893,37.01811823757336,63.37766363035005,-7.210264011656591,37.296206019073466,-67.62725876626294,8.972982262235291,107.31717769817668,-64.32912262244982,10.129729624552109,108.24368536582972
2093,66.20544431084943,-6.613599626783065,37.009867851310126,63.615675463698,-6.767529515870476,37.28618602862765,-67.43725852702067,9.031004156529121,107.29240158853052,-64.15195697208841,10.330211327148143,108.22387089513201
2094,66.4468038153924,-6.164991301093587,36.99057341764633,63.8557742626856,-6.322374615711162,37.27107861976258,-67.2878193326476,9.01522296582383,107.23010127261801,-64.11556936622836,10.382176182025136,108.16665200811919
2095,66.68106989861377,-5.721163348745456,36.969347039487616,64.09039641384982,-5.877672661150161,37.26419543482126,-67.12692005344498,9.23853913064461,107.1848625089265,-64.12937049696345,10.58920758411598,108.14504183656595
2096,66.90750991263431,-5.274417211197388,36.95737363464782,64.31828210919916,-5.430884481549919,37.26546083165233,-67.22023440391993,9.122752894876346,107.17233775654397,-64.35400836993925,10.251209025102886,108.15550281103528
2097,67.12678810270543,-4.824949256786386,36.95720990376678,64.5403557096766,-4.981561758613464,37.27486394811572,-67.33879819060552,8.87264705425929,107.16893513037682,-64.4893685334143,9.895761929614475,108.15855720521265
2098,67.34400069734423,-4.3736668401884575,36.96744390812443,64.7582226415451,-4.530977778745891,37.29031975576078,-67.87770788130786,8.388605233475177,107.20043100065418,-65.0597716271375,9.165522385288062,108.1950378760322
2099,67.5605694352055,-3.929158879887952,36.986045492878645,64.97627168918737,-4.084844932062389,37.3109592596618,-68.30466690330361,7.603814824396342,107.21308549690852,-65.41489750120762,8.64017811523175,108.18553964600147
2100,67.78485185148521,-3.483015365344976,37.01556585854356,65.20120964660694,-3.6377897945781767,37.33597970358088,-68.70876835948671,7.1586095906258755,107.20297331350505,-65.58884158535062,8.518310016900013,108.16234672094234
2101,68.01085513481681,-3.0360878834593645,37.05687081663437,65.42661104976006,-3.187382436226458,37.3654203569986,-68.95288121511634,6.739340639018528,107.21738051717915,-65.60232492891248,8.342718707603915,108.14013893620123
2102,68.24283272937659,-2.58854408671609,37.0917465538913,65.65677587230081,-2.7350696039121964,37.38591449081142,-69.04766048226521,6.011985520333994,107.24896705387539,-65.44614531014734,7.932830280484782,108.17273443170247
2103,68.47785022330123,-2.1455200859705394,37.11845325031673,65.89014929905552,-2.290645979694098,37.399208918560404,-68.99975378596686,5.386529097093297,107.25327439855499,-65.3300538694128,7.243011823463677,108.18546469696301
2104,68.71363229582995,-1.7010623297063348,37.13677310835828,66.12641070266604,-1.844816078194786,37.40795509044477,-69.02110203699024,4.79474739651369,107.26924767459704,-65.29634456653442,6.654539396906428,108.20609054774545
2105,68.94950380513419,-1.255671800214077,37.146268061418255,66.36223853588402,-1.4019252281023984,37.4117272283497,-68.5662777221173,4.398888657925996,107.26068076287814,-65.08433231136,6.035516812345893,108.21400575241155
2106,69.18568565357755,-0.8087058157432658,37.14598429344455,66.59838355744368,-0.9607271048032623,37.41053344032058,-68.16985591358528,4.026428859578718,107.27769709741602,-64.89341950168026,5.624315833055992,108.21974187344944
2107,69.41878234975232,-0.3683942073927552,37.136195051158246,66.832947857594,-0.5251064233429449,37.40552794707241,-67.73585840653148,3.612615613722019,107.29862269109447,-64.56647328330672,5.527190129547617,108.21722467860936
2108,69.65201315411733,0.07181408869026379,37.12597826844868,67.06510266716842,-0.0856934991971679,37.409949683439585,-67.26478546343455,3.1380647264675225,107.32011254559085,-64.13181497846008,5.28571866229218,108.21298868045729
2109,69.88059859196521,0.5103561276746281,37.1263592141692,67.2936705734853,0.3569177368233541,37.42372766965701,-67.043783503311,2.996258003198185,107.34066026514499,-63.96722884148025,5.28581756137761,108.25869865338062
2110,70.10440985373029,0.9538776282225302,37.137162425570864,67.5162253866936,0.8021997530978658,37.44454990913269,-67.0883116329556,3.0174321898337206,107.35644472021241,-64.20435146239195,5.151367596372796,108.27893317744513
2111,70.3261179934776,1.3918961627684885,37.15730290014121,67.73740126494049,1.243741040120138,37.470514197458236,-67.08731851886002,3.2577016662119527,107.3504770222967,-64.38578933179394,5.310360603130258,108.27615931955047
2112,70.55003248444848,1.8276445056605033,37.18508728387416,67.95973537764127,1.6825986304529792,37.49752265641642,-67.18998655027872,3.4287336957687247,107.34864012756275,-64.48937273529913,5.20149229495647,108.2697510470003
2113,70.78007374703509,2.2614533937997248,37.223985919576826,68.18793975854595,2.11778203660662,37.52999814442584,-67.1283855754538,3.590132226255787,107.33175623278724,-64.32974866964406,5.181068201345003,108.24141670442113
2114,71.02251461936214,2.696666823361313,37.272682960133466,68.43201130731674,2.555309001722264,37.56627442516603,-67.15573463149077,3.5519294355764983,107.31137553161736,-64.15223755599062,5.1115300666786565,108.20627915918259
2115,71.26919091725037,3.1289342411963856,37.31353096967486,68.67859100704058,2.9887385955476047,37.59370366305258,-67.41733812436338,3.6389334012797385,107.28421703057005,-64.17516311843107,5.058186344244172,108.16865849531109
2116,71.51281635284265,3.5589096132257954,37.345242710650716,68.92363146778797,3.419242085518143,37.61476211012803,-67.63587388944867,3.6028349355100366,107.21754450858971,-64.30746464475754,5.041427595255345,108.13197722966618
2117,71.7517041582415,3.9913701946248796,37.36993060760915,69.16389560315127,3.852016646848741,37.63311838098611,-67.59988801111248,3.455115258477972,107.17204481421868,-64.43294159339042,4.7568356470047295,108.1114208628386
2118,71.98303827075848,4.432119827741581,37.38584792098252,69.39719464669685,4.2906652087096235,37.64625826932655,-67.26192353904001,3.294047658502206,107.13443432478876,-64.09136456348057,4.7748191901426615,108.08894200684246
2119,72.21034560103173,4.874879970588594,37.39676368140075,69.62644371486805,4.731698210717761,37.6561955806653,-67.05968158450551,3.1485664192658462,107.11848421681464,-63.97485239639877,4.5699858296494655,108.09650861584419
2120,72.43398546457702,5.312221537668826,37.40330027215651,69.84639595283913,5.16086160396389,37.66725512294468,-67.15756336634907,3.41353436497279,107.11570877119365,-64.0589711411237,5.048072775179821,108.09958217760509
2121,72.61927641433043,5.733496206784444,37.409968211767044,70.02975293314121,5.574102002445405,37.68729234315037,-67.30447733631695,3.4592939502243234,107.14444825716039,-64.14028097321123,5.082954332721362,108.13421499354702
2122,72.72918037962644,6.151476511160896,37.42916968171296,70.13697543993109,5.981188266378068,37.717947766207075,-67.23675299307916,3.63086548376634,107.22255023688795,-64.05975915287624,5.269445445877974,108.22027200698366
2123,72.71491806928951,5.750875054627709,37.46360761847008,70.12237513430827,5.5921333188588935,37.75960974678853,-67.34536772450825,3.393739470835353,107.31559646010855,-64.09006071276781,5.064341007716643,108.30071408357442
2124,72.64645265208868,6.109029601915755,37.508283106629285,70.05652432228007,5.943873966730423,37.80842722573934,-67.42026122554263,3.834018313680675,107.40954045854018,-64.11344680618585,5.2740487106802885,108.37109541612463
2125,72.5224783559908,6.402299215726538,37.559235336995954,69.9306917105408,6.241223897069759,37.85875302642363,-67.64543376171318,3.9121649885675773,107.50118570745495,-64.18664026595634,5.466974401392339,108.42728003431198
2126,72.37438599664874,6.622177646374901,37.616784045740246,69.77010592655344,6.47529016144592,37.90970235761576,-67.99116161667938,4.121413782958461,107.5730669543632,-64.28944459325861,5.626223202874089,108.47062708369246
2127,72.22305296618606,6.779389398496468,37.67178689543199,69.59554337166061,6.646951786029257,37.94831430519087,-67.90620214747068,4.290789818827169,107.64731270282498,-64.40690963563276,5.747533910623708,108.50227582926493
2128,72.07832730342552,6.887112761784952,37.7130897482173,69.4226269612131,6.764288203947747,37.97397524717383,-68.10660455357174,4.495682994325011,107.6945954062683,-64.52797585320096,5.833877459360893,108.52173724509666
2129,71.94955072566722,6.956578372614569,37.7377113326888,69.26070505032959,6.838237904275202,37.98661162934428,-68.2325451334763,4.550146091917917,107.69292169807059,-64.64108939948997,5.891192907721101,108.53008848715962
2130,71.84195636643938,6.993709200160329,37.74838156132437,69.11489465704751,6.872520114236643,37.98932008482748,-68.33588408789805,4.576693646609269,107.67980434199707,-64.74217332200521,5.920492321901368,108.5302601334474
2131,71.75956820556713,7.001058090212262,37.74702891958282,68.99106243313577,6.869193587365211,37.987686064401906,-68.40869010240763,4.5819974933987035,107.6590049516869,-64.82434801487355,5.925634783452112,108.52426872729663
2132,71.70404085458797,6.986438594506833,37.731954680705634,68.89547450277483,6.836536013092295,37.98053546635883,-68.45528369513661,4.571907487874447,107.63321684663671,-64.88919723678964,5.906222945085218,108.51341058953497
2133,71.67385069235911,6.960572568827472,37.70379833546315,68.82981613214373,6.7876220449871445,37.96903642995437,-68.4790567803165,4.553215413867854,107.60342876803254,-64.93257384670086,5.87269158304768,108.49876240606093
2134,71.66315956832483,6.931978867718967,37.6813132698583,68.79052107563909,6.733811643389293,37.964877506134606,-68.48463246863355,4.5333682039487,107.57982023011218,-64.95576556895936,5.834701856868811,108.49214594386186
2135,71.66640151893333,6.9056738851621855,37.66720207021562,68.76843972426572,6.684046139440079,37.96713327087409,-68.47746432620868,4.516998322141098,107.56486058346819,-64.96677592473876,5.799343686689039,108.49250979482838
2136,71.66835427816457,6.874344710673357,37.662824490544004,68.73939709516266,6.631962003035,37.97468041559034,-68.47268009362338,4.4933874985011935,107.55917617832519,-64.9873201240461,5.758809570279056,108.49853593473506
2137,71.64727642039668,6.830844649295884,37.666435888599636,68.67825631260287,6.570560330634261,37.985318434738765,-68.49238318437517,4.454415507920893,107.56099137531959,-65.04176148435225,5.705378989089579,108.50787187462934
2138,71.58782419009319,6.779241616221809,37.676575208297294,68.5770876751816,6.505646294908888,37.99959728817796,-68.42674030065503,4.476295295063477,107.5699192813912,-64.96201063687326,5.750025464284453,108.5193223034945
2139,71.48068246564355,6.714875670639284,37.69381981339957,68.43347963324115,6.427583286629454,38.01512965928226,-68.3974766212996,4.548809570084271,107.5880931044723,-64.94612927851588,5.849666394188465,108.53527279755693
2140,71.335562355229,6.617393332804831,37.71258984874664,68.26791705785936,6.315504109596668,38.0242375465211,-68.75447769067083,4.486209772386068,107.61136688184972,-65.4674964438429,5.731824558433044,108.54826119144504
2141,71.17688518303018,6.46003094460834,37.72359184200069,68.11143459741588,6.149512765504092,38.02621551811408,-69.08192770957328,4.3880973712661815,107.64510389160012,-65.83748792257242,5.599085965126031,108.5791483210434
2142,71.03193974425164,6.228006481380297,37.731910824653575,67.98717360747118,5.929106359400996,38.0287179994539,-69.43080059013566,4.394724585825006,107.69182654506037,-66.17083040442868,5.672339373136164,108.62822164375041
2143,70.9180002491207,5.932969271627832,37.73521502234369,67.8953414019889,5.664924363439928,38.027967049688954,-69.75169883041904,4.217422775633837,107.7387582552855,-66.41828594936493,5.49646778479199,108.67379961392353
2144,70.82609980199943,5.602236332899893,37.732017219036614,67.81856464514851,5.3734825614379265,38.022548403787084,-69.95187367931668,4.064617048316127,107.79094634299763,-66.47487513787866,5.373120256055384,108.7204260669431
2145,70.72784517841956,5.249533599367288,37.720611107648544,67.73169289093552,5.0613646780568935,38.01247160886927,-70.09405725354999,3.8208270515264737,107.83788873587268,-66.38511888234463,5.285211217674372,108.75805549629555
2146,70.60256164026694,4.891123390097579,37.70230067260713,67.61618045931708,4.736692161224637,37.998811250535056,-70.02081305972057,3.651501546296882,107.8903613709905,-66.06956631705147,5.320019940475054,108.80192030584415
2147,70.44009564356541,4.537477441332716,37.68205397980412,67.46513086332776,4.412397360119634,37.98342038129375,-69.70962084400095,3.4635884107733115,107.94324062465394,-65.84035760402884,4.892894783998777,108.83111886412009
2148,70.24381492232706,4.191700341077849,37.66134587620399,67.28350309903126,4.092524375404713,37.96703516818465,-69.6324217081515,3.0982498918155312,107.97100721944223,-65.97588302847127,4.36519402124006,108.84485192438879
2149,70.03057887487017,3.8411920231509624,37.63845934292394,67.08714346648755,3.7662547669956354,37.95059130811196,-69.34420258410304,2.912475221779375,108.01843454105014,-65.83985401245951,4.4491496229464245,108.91046993450631
2150,69.8203562926834,3.4819022115629563,37.62477210022262,66.8883219219807,3.4289796756626405,37.94471650273193,-68.8174686461166,2.865190948082559,108.05355501229388,-65.41887528571945,4.517811736751916,108.94808390773262
2151,69.61967767065163,3.104656633790815,37.61903229991078,66.69244533548985,3.0731553274403067,37.94603078047683,-68.30836329094693,2.7002139932502898,108.13526011543001,-64.977972955003,4.388778335452086,109.05217329114836
2152,69.43134154401862,2.7163568349930336,37.61992658885203,66.50532930215837,2.7034129325659784,37.95224542754981,-67.88696730500804,2.4930813251002713,108.2164762347137,-64.61637087797622,4.191166885797671,109.13750440900625
2153,69.25019108142378,2.3198028642942723,37.628060299317625,66.32666913174724,2.3223215286215657,37.96214103565838,-67.04048075390209,2.075829026802897,108.27421517189795,-63.47854933131234,3.8179659700598014,109.1883079235368
2154,69.0656555229826,1.919855599498233,37.644389959198456,66.14620723952613,1.935836275209685,37.975892047756744,-66.27030746099598,2.18976502079902,108.30789166175491,-62.69200236157069,3.831706772767042,109.18562979212457
2155,68.87167239806152,1.5193712480710486,37.669309174634726,65.95941081210951,1.547441889494971,37.99382804586695,-65.2423365801946,2.30301392751496,108.32196968077163,-61.97910472806137,3.651800694656417,109.14649113800384
2156,68.65845988792144,1.1209509514373033,37.70115566777622,65.75598158516729,1.159544850371089,38.014832203893604,-64.14271218277398,1.7864831543110515,108.25030931460715,-61.10365302357579,3.178005379273447,109.05259115945442
2157,68.43501223680305,0.7249765399927084,37.730486938377155,65.54273116281436,0.7722602732159707,38.03586776899651,-63.26174582927684,1.406699635906721,108.16443408577588,-60.38800161896239,3.026372355541667,108.94334927713457
2158,68.21055580293124,0.3299158241266062,37.75153060969739,65.32490784014945,0.3820561536301836,38.04788642518955,-62.3583287930689,1.1909023370127652,107.99680370502448,-59.6715709358798,2.9423803301667784,108.8136556537439
2159,67.98780571029404,-0.07250836016715506,37.76608209301448,65.10544856064618,-0.016231544437960543,38.05484635228558,-61.46653761041828,1.150680409575038,107.7944938910537,-59.11856686198634,3.00787718944143,108.6650182533406
2160,67.76765670341798,-0.480612274781256,37.77707246033351,64.88871478894328,-0.4185280623281232,38.06156289682834,-61.12530325345408,1.319611339159582,107.63172755316472,-58.62191121642105,3.06978744517676,108.58199671448949
2161,67.55124842622277,-0.8912168217153681,37.780801836354485,64.67374912803328,-0.8220111296757652,38.063174138357034,-60.60580165919523,1.2039742125870445,107.52706346047528,-58.077359681775185,3.0327871374250672,108.55233143449061
2162,67.33711797194192,-1.3046632043434903,37.77723467289051,64.46321491007758,-1.2281901372034767,38.0606649322589,-59.95682056562856,1.2254400723660293,107.48031041762957,-57.38507770569262,3.0106202406085725,108.57103842046715
2163,67.12693836669999,-1.7195132170198066,37.77552139637316,64.25438429296382,-1.636498207454258,38.066608041982505,-59.45152077898224,1.3509802882343542,107.49448856171222,-56.720868803773286,2.825125463972886,108.60918196785813
2164,66.9154546335151,-2.1330780706736276,37.778154483779595,64.04463756134136,-2.043955021262885,38.080486024117455,-58.874014317261384,1.2808581457583512,107.55733817547481,-56.06979652719918,2.6487494225442774,108.67674747816034
2165,66.70094978396553,-2.5507563401776503,37.79110890604992,63.83257599925575,-2.4574338764823502,38.10055590277956,-58.403084802057066,1.1343958440346724,107.67339317822307,-55.55494548154,2.4486580608020794,108.76379690014654
2166,66.49025687595818,-2.9561174891091007,37.812057070482304,63.62316755444484,-2.8617963159226547,38.124610787461044,-58.01685781780566,0.8407038663178228,107.80633268725592,-55.28014216835431,2.2108065895962667,108.81689301773497
2167,66.27623320962783,-3.3686861194368736,37.83972856480386,63.4104318921778,-3.275637924343441,38.15357821299981,-57.335343637474836,0.6890573828130366,107.90055512294752,-54.595044287799126,2.2301194780384543,108.83847924922901
2168,66.0595663294431,-3.7857226944931295,37.87737677766207,63.19409507619031,-3.693699641780945,38.18672544877335,-56.84804944062733,0.6507324851638254,107.96212786364158,-54.17140449306108,2.3168765058849963,108.84637129912707
2169,65.83737289292328,-4.200083887279161,37.92378305988972,62.972326026544025,-4.107845532425637,38.22267103162237,-56.37472046359949,0.5072879708384621,107.9788054479887,-53.592550013749175,2.238774197605958,108.83090847676968
2170,65.61239958281173,-4.616313392748947,37.96650186179565,62.746569331894136,-4.5228500867359145,38.25536315345654,-56.00756671951533,0.5563530332843215,107.96260981216932,-53.17500577042292,2.2709318524201634,108.793467354273
2171,65.38869400329622,-5.03835316557664,38.00390697146142,62.520424743090906,-4.942922735581482,38.28448424288034,-56.23293711417064,0.7842568262136855,107.88539562920168,-53.54947479572159,2.5130034443091613,108.71450618485459
2172,65.16352644976708,-5.463533910817706,38.03681561533689,62.294556478038324,-5.363145065640469,38.31116445407687,-56.55456306756438,1.0891490300530764,107.77050967512133,-53.999910069902846,2.761405676117467,108.63125842289594
2173,64.9361570787428,-5.887123302674051,38.06646141241783,62.06460462184509,-5.780670576824454,38.33644964467644,-56.62383352623964,1.520999762493524,107.65940458899189,-54.13561030376526,3.061241484066308,108.55580829431301
2174,64.70730053742287,-6.313577519929574,38.09292878872585,61.83438358296158,-6.203757959433363,38.36087315135635,-56.98651138707632,1.706646557145013,107.56397710492747,-54.18642808798924,3.1614179424709836,108.49397141271274
2175,64.47936713816085,-6.741634893027961,38.11554110880002,61.60530188605954,-6.628990292378932,38.383949013361615,-57.1072518063703,1.752282671323054,107.46910986130366,-54.0113172812989,3.1270714020553787,108.43713236691231
2176,64.25675682879793,-7.175053546658777,38.13353091770489,61.38305870372607,-7.059478156412783,38.40516236941369,-57.466919541122124,1.9607710854568157,107.38272954328005,-53.958744943727744,3.201449309077717,108.38163332302696
2177,64.03956934335174,-7.613558549079439,38.148632197988924,61.1677818529641,-7.495682712469249,38.42312927201947,-57.740792733788844,2.099899007687068,107.31558904043374,-53.84209073326741,3.2691911871070243,108.34163876168525
2178,63.826966258711366,-8.049586484452579,38.166060847176965,60.95972678365104,-7.931364515362922,38.443573655649466,-57.401751023192446,1.8385882914849765,107.28745159999183,-53.61272982227196,2.9306925048554655,108.31273947604538
2179,63.612040677652836,-8.480746446570242,38.18870126805246,60.75184921668987,-8.361288255381421,38.46933921615391,-56.962780202944565,1.5967120006114182,107.27612159538457,-53.44089103837471,2.733775889524382,108.29344435755932
2180,63.3968825898789,-8.908989091341773,38.215206705188194,60.54369247890435,-8.785825521766135,38.498439443520525,-56.79169858495589,1.3350230600562147,107.25743065986173,-53.45772609375949,2.6688096467693843,108.2587483726565
2181,63.178464055337685,-9.332038742536676,38.24488659852422,60.330154878852795,-9.210420859478035,38.52990076496564,-56.725111227517544,1.147284932288446,107.2099790094865,-53.5492716776689,2.5869344535721996,108.18937298556318
2182,62.960444359135785,-9.758338673197898,38.27679903399629,60.11301268260799,-9.63836222445358,38.56232440849113,-56.40408359900342,0.8614210417246213,107.1759216696907,-53.047250323475794,2.2723421686707654,108.14632089324687
2183,62.74642436171144,-10.181706571837635,38.31110483378171,59.89700539033099,-10.06383941620907,38.59569624336743,-56.289116453331715,0.47335105266182287,107.12874487540547,-53.01939643498377,1.9779585517737477,108.08324223832835
2184,62.53347346940394,-10.605780287508026,38.34824296878353,59.6781838155684,-10.490406841066216,38.63018459495778,-56.143326826315096,0.05670701318110427,107.11132986377687,-52.87837039449507,1.7058527554105622,108.07887257547026
2185,62.32007653400381,-11.032756903953029,38.38682115097464,59.45916032536209,-10.9191925978377,38.66583337407767,-56.05967691665354,-0.0028697805532097234,107.10711774147687,-52.735595675923975,1.5888911966668255,108.09711062187205
2186,62.107299263264714,-11.462488171787303,38.42555521506153,59.241272867260044,-11.348936655389071,38.701722177408186,-56.075146688506535,-0.1801236248531983,107.15376933723667,-52.76624151066237,1.4054785562484025,108.18608311204899
2187,61.88938945763087,-11.89743717663697,38.462613068983075,59.02139202217408,-11.781490948984093,38.73628171676519,-55.890128149056814,-0.2596860937636835,107.2830402693611,-52.65955303164175,1.4938194150125834,108.35381348871095
2188,61.66879689506835,-12.332101256647695,38.49948085847785,58.799650767386474,-12.214185013881567,38.770785295831544,-55.62192282487231,-0.43477896156372425,107.49155724069006,-52.535746247047065,1.4019827985202455,108.55639073156468
2189,61.446259868205054,-12.766094843898617,38.53788982604522,58.57672473958476,-12.646988288319008,38.80710380416348,-55.738390839505165,-0.24156952116132907,107.73557889169449,-52.40163694999441,1.5973570014079288,108.78086415342055
2190,61.22467925354273,-13.204624306530743,38.5759422718567,58.357466212102636,-13.083098980299177,38.84396194113031,-55.36375100708284,-0.06314850120935236,108.00619479800172,-51.97711797202225,1.6859223508142758,108.96882970097705
2191,61.008097754101755,-13.6420134027143,38.61260229956721,58.14239145885419,-13.518533321161813,38.88005133810667,-55.32092698127803,0.27448998593444207,108.27779395955444,-51.980357610338466,1.9451817216919491,109.16786961689807
2192,60.79161591534795,-14.082121385235437,38.64985963191862,57.927661787544785,-13.957082128788276,38.917485841945435,-55.46248270177648,1.0033736004953024,108.56405777815202,-52.21318614368529,2.801233902664416,109.36928443900244
2193,60.57379550113723,-14.520678100795045,38.688558674011475,57.71245178028145,-14.393854976226235,38.956585925344925,-55.64556472528353,1.6990849874533356,108.80201350239042,-52.60082063847407,3.3466011632160817,109.5369735495757
2194,60.357387216847854,-14.95470125980864,38.72755680296631,57.497979375178375,-14.828213515806727,38.99595943637305,-56.41218813320398,1.9506809385883934,108.96558850704683,-53.601210181292316,3.399578761977655,109.66366686666049
2195,60.14070182266316,-15.38739590903751,38.768288270574644,57.2832358673329,-15.259662075723625,39.036886528629225,-57.13433990844353,2.3128124159755616,109.1006534530747,-54.29923542448039,3.43192388618209,109.79320043585521
2196,59.92291896325949,-15.815656580720956,38.81010305331379,57.06409744762708,-15.687334498743226,39.07847249257667,-57.93281500195926,2.8004485830855534,109.21258062489586,-54.937082934154056,3.9000309230533565,109.92795593447343
2197,59.69998576346447,-16.24578924394607,38.84824355516158,56.84061132634155,-16.11723521148626,39.11600193944264,-58.94370449454076,3.3487271397584495,109.33840412937232,-55.42625071398036,4.279220925745412,110.06570526170199
2198,59.47656555990189,-16.672671145184534,38.887774378261035,56.61595161541761,-16.5440104120733,39.153979952385434,-59.69449514251665,3.811533828184932,109.45093960575971,-55.79420207572472,4.6598199577042685,110.2043773136092
2199,59.256270837696775,-17.09906391087655,38.932622071334116,56.394411598749,-16.972816388496835,39.19740392362617,-60.22915141914949,3.730047965322794,109.55450415303306,-56.003838618549615,4.858022335604577,110.3431456960394
2200,59.03706607788096,-17.528292970655063,38.97691625220176,56.17333686257189,-17.404700642194065,39.240531911938014,-60.673363615590006,3.7956750651456646,109.66722731763647,-56.24913201571187,5.08782473803019,110.47425735528103
2201,58.81872981926596,-17.958568778778545,39.02163373813165,55.95497536129678,-17.837086514836287,39.283459552959435,-60.87358725684942,4.29646211729561,109.78346370486352,-56.79761598697185,5.5000549806250785,110.57634249320131
2202,58.5976157810195,-18.39250425667497,39.06642621843099,55.73525652273592,-18.271595454560234,39.32688188780014,-61.380525027663,4.746405374469776,109.89753564375522,-57.56065450747772,5.7454053601687765,110.6840003412174
2203,58.37577426630968,-18.825865051254308,39.111224979936615,55.514063089770566,-18.705019702515706,39.370859340773116,-61.72094400744247,5.514833244831108,110.04709685584226,-58.02575697139655,6.825710795979942,110.85161708560484
2204,58.15220721825013,-19.25810526989769,39.155240206801686,55.29227101117153,-19.1369230058596,39.414351035654235,-61.975940064695216,6.27518300384435,110.22481535538353,-58.25572998092573,7.678418234704702,111.05323519102494
2205,57.9345991146218,-19.6915391176868,39.19771494931477,55.076072002859085,-19.568835150608987,39.456472182382726,-62.126229719749766,6.899288912074367,110.36903932802174,-58.27095284703892,8.251626343983187,111.19525743650063
2206,57.71556692832874,-20.125689058185174,39.2390551402295,54.85840225091619,-20.000825501322698,39.49813280241481,-62.30363121387804,7.750656872847858,110.49861524967336,-58.23144293995135,8.922081407404711,111.31644801657593
2207,57.49647358784459,-20.558831193400465,39.280081589941176,54.639277740332325,-20.43444916804831,39.53988181146168,-62.41794399311943,8.541106361217944,110.60899731652208,-58.192212442207634,9.446986687287666,111.40690424852812
2208,57.27262598145219,-20.990702155507943,39.32397486897558,54.41632333865948,-20.86633292358702,39.58520981641076,-61.897390042133324,8.9941255361477,110.74129805159299,-57.62682237335226,9.623166262213811,111.50671452617084
2209,57.04681330291562,-21.420281623318264,39.370507629753085,54.19051006060914,-21.29782853592361,39.63311784950474,-61.13254977902405,9.596659534865143,110.85768385845968,-57.16313768278905,9.89744407469936,111.5902655051003
2210,56.81774688382349,-21.851344266022533,39.41958625616605,53.96028724612672,-21.729825161500024,39.68316121945233,-60.3268596954932,9.618497878238529,110.90405333050859,-56.576689587202296,10.187001753581468,111.64220723734842
2211,56.58880070546999,-22.280277849750167,39.46747615599413,53.72973092069734,-22.158185331280023,39.73119090620643,-59.58330929710304,9.465626621056254,110.8859198979797,-56.04921657557782,10.158822974386757,111.65972361460155
2212,56.357492533346836,-22.70905737570184,39.517606970980424,53.499436741183764,-22.585684255610676,39.780427240664935,-58.77462911174637,9.449866705709415,110.8830181172954,-55.36955282060376,10.218857696831357,111.67663914704755
2213,56.12920983885279,-23.13906934553672,39.57286940715523,53.27169620240683,-23.012245717526795,39.833666362578924,-58.06820841048376,9.21005523384889,110.86864921291857,-54.910808367857726,10.157933861364,111.68304800898409
2214,55.90106435869847,-23.570591751498288,39.63100435088421,53.04310891650756,-23.44396453261925,39.888518512483664,-57.28045117212451,8.88861018411525,110.86441985118296,-54.42904025603464,9.984297563527063,111.69648824705588
2215,55.6757922342452,-24.001271071140156,39.68754556972008,52.81770338615917,-23.874305514324135,39.94205443366042,-56.66764547738516,8.73046472860434,110.84155809228838,-53.75642176477612,9.824077513530911,111.70717541699484
2216,55.452356900989344,-24.43306075558216,39.74222902477661,52.595900173246704,-24.30802615533134,39.9938094076356,-55.93003529089718,8.562743554253545,110.81678998017989,-53.03485804387637,9.818904894747572,111.716453019977
2217,55.23071469289235,-24.869470808608092,39.794955800440505,52.37435816721037,-24.74773281473592,40.043804333891906,-55.506976035527586,8.215101438375767,110.79139536633866,-52.6881504115865,9.635544284888233,111.70670623827714
2218,55.010321121381516,-25.30426061292785,39.84643966180152,52.153282185480954,-25.183478411048863,40.093669037743,-55.337922064759354,8.176064565039724,110.77702223094616,-52.70010067329142,9.66382356854115,111.68951510535203
2219,54.78763422752072,-25.742719725419033,39.89511155770967,51.930487232020994,-25.62158851783279,40.14131685161382,-55.25302041535329,7.939850019244616,110.75578221294127,-52.57371372129661,9.499427664611925,111.66770252606752
2220,54.5634405977346,-26.184257118890848,39.94093848551769,51.706840802994044,-26.060735568980345,40.18709292423418,-55.04926479237568,7.606180974236441,110.72973710175208,-52.38860177431343,9.118866653420058,111.63948484929861
2221,54.34155528101624,-26.62504102954401,39.98166056285695,51.48395345676867,-26.499910469792244,40.22912444370981,-54.86707082362284,7.410398064812683,110.6986947563739,-52.15650701887249,8.881910347081941,111.61848211579809
2222,54.117509031853594,-27.067251373981836,40.02032966635955,51.2591241037014,-26.93956501712557,40.26966549389718,-55.01010899589076,7.25397305727786,110.66128852859688,-52.13824550742,8.726652190058338,111.59300585024218
2223,53.886827609325096,-27.510835833402115,40.05938520582891,51.02908567672788,-27.38340520322457,40.3106487456356,-55.35325607103815,6.967774708374876,110.618629878296,-52.219186186796996,8.541220760567525,111.56453395056458
2224,53.65788994445171,-27.953740402852336,40.09620108365915,50.80114706025666,-27.829014372532455,40.348231460887845,-55.34868585017476,6.749496037224995,110.58981673238354,-52.02838517543134,8.307811460867496,111.54386707807352
2225,53.43230491184148,-28.405397384518952,40.13002233331703,50.576685928251216,-28.28065824973265,40.384029342298945,-55.12110506700675,6.3344442217503705,110.53553886408938,-51.855173162074095,8.019353398996131,111.48325849591639
2226,53.21036421781742,-28.86244484590597,40.16139213315907,50.356046851880215,-28.73868527585465,40.4168583276046,-55.01878168310197,6.1635551398577855,110.4702581558102,-51.756149158030446,7.943949185251075,111.41086635478874
2227,52.98604323746161,-29.32794498186048,40.19102918919937,50.13401641302696,-29.202952903904382,40.447797175235216,-55.01989181489204,6.294645096048458,110.42816026243925,-51.73536228531359,8.060281258109388,111.37501397143383
2228,52.759865378077976,-29.789675521602806,40.219312882431296,49.90863672113558,-29.659860763183794,40.478309408119436,-55.25952883926901,6.338639153277446,110.37678049853744,-51.96986805097901,8.097697766291125,111.3353669359677
2229,52.53355080067272,-30.251981879408234,40.24791989425051,49.6823651148544,-30.115784908279117,40.511203756402296,-55.37593047559268,6.325974970564221,110.34570703718875,-52.15220148734496,8.081345620023477,111.32306129462434
2230,52.30931170995573,-30.713017966666822,40.27589028638126,49.45701640552108,-30.57203966083281,40.54380224246874,-55.40313319310451,6.288172168635128,110.38232132515425,-52.26691279553633,7.970252822933405,111.39887233787672
2231,52.08298022811312,-31.173561008005304,40.309204322057674,49.230874785306085,-31.026990111767,40.58075454447981,-55.60964330215133,6.500375181504056,110.40986855730148,-52.35365084483593,8.149791884472837,111.44984991702123
2232,51.85535556980334,-31.628727419163592,40.345586446509095,49.004348759147305,-31.47876606140946,40.61927162532087,-55.99721461241716,6.715468576189799,110.45581872626211,-52.658499543292,8.192987536784004,111.47217692827988
2233,51.625183945792365,-32.07734585647631,40.383566537342375,48.776473668530656,-31.92664837704679,40.65667550583725,-56.419340555485306,6.672090435948611,110.54492469392727,-52.99110886692369,8.019367954411349,111.52578650153744
2234,51.39012870075893,-32.52319521593805,40.421344132956015,48.54260025468399,-32.376351030888934,40.691558551803034,-56.86598350617587,6.801067551121544,110.6602175211876,-53.34755833720213,8.297512531169003,111.62782432134047
2235,51.15441577229123,-32.96901631039726,40.4583937043197,48.30730941235095,-32.82362923838499,40.72523497856408,-57.05346272977937,6.929516432179001,110.78553851252705,-53.52192787004139,8.46734907158314,111.71364332596795
2236,50.91675899962828,-33.415128972741236,40.49234322057783,48.06882797159893,-33.27155579404495,40.757803011016854,-57.08663345203903,7.060157496281976,110.89280719159758,-53.44148629173999,8.559448195809379,111.7763731120621
2237,50.679660192739654,-33.858139604525086,40.52627689473349,47.8310295219427,-33.71491819045809,40.791413818879114,-56.959563510386005,7.221661702686108,110.94004607059775,-53.12439325582709,8.577963537743718,111.8287678809851
2238,50.44498558007074,-34.29863276500417,40.55434425562949,47.59714568934856,-34.15561547842083,40.82092413048322,-56.920651736356696,7.2429793232519755,110.97694358331724,-52.98137778843791,8.664008847213298,111.84635752055976
2239,50.20885338499726,-34.73933589530788,40.581641625647954,47.36209499382973,-34.596354882552696,40.849831910278304,-56.663796874167176,7.22803561861646,111.02853101756257,-52.80035965667786,8.586519455795306,111.8609588909679
2240,49.971062874194324,-35.185189746340704,40.611786049057486,47.124618048272104,-35.04166666657977,40.88097495269703,-56.22023234743966,7.371003376258297,111.05544796652944,-52.4863096386086,8.535595051304867,111.87335971631317
2241,49.73739993301237,-35.629549229012284,40.64312933887879,46.88864998375661,-35.488252082090746,40.912642370725436,-55.8739552296511,7.298328637299281,111.03407153209976,-52.45801991531408,8.60782764141226,111.8767908467553
2242,49.50436658355189,-36.07729303929986,40.674745047620775,46.654409783546946,-35.93832142070262,40.94490046096231,-55.745981473070465,7.00071550159567,110.99294259134804,-52.631744281511665,8.295288762992634,111.85491548951607
2243,49.27544208964094,-36.52178168869437,40.70632750900758,46.425186634350446,-36.38487161812081,40.97674853993951,-55.74159547404359,6.785163723108015,111.00274967150608,-52.724469701475044,8.118194886784963,111.90328230787279
2244,49.04856021561039,-36.96312558463635,40.73638600257922,46.199305389208305,-36.82513815065604,41.0079445042259,-55.80726359772493,6.625175044105329,111.05411456449417,-52.64373494913254,8.002902814704541,112.00236221709504
2245,48.818543251813296,-37.40735334191913,40.76809757740773,45.973434531276965,-37.266803899161395,41.039822273335126,-55.88120295035618,6.453131936472536,111.18912930304883,-52.70098233181864,7.964831338724088,112.1735893397729
2246,48.58790212827815,-37.848989056192345,40.799783374384376,45.745097885418424,-37.70621623469361,41.07158546911256,-56.16020382476672,6.251783052349973,111.36108284378055,-52.965135978231714,7.746060245061371,112.36334168693352
2247,48.358903767682314,-38.28948620139457,40.83175952555705,45.51483901387248,-38.14760579522312,41.10397346743984,-56.81463316026062,5.817913724247673,111.53679840891567,-53.53370243828567,7.255813333981434,112.52256600836621
2248,48.130534240614416,-38.729285740652124,40.86463828876486,45.28338489642178,-38.59001034345969,41.13727829612178,-57.432047357331136,5.373081211999824,111.82081558989756,-54.158796626578,6.960593948993748,112.7939598833051
2249,47.906433960839685,-39.16695955966947,40.89440497426074,45.0556278221739,-39.031955518676114,41.167195208044205,-58.0966947559134,4.907795634622124,112.17837264376185,-54.92376190597622,6.329477824973479,113.08884225058303
2250,47.68123305089359,-39.60764445368202,40.925010731023555,44.82784096162671,-39.47519309166433,41.19761278953479,-58.988440581416185,4.393104651545401,112.54845201038144,-55.8090713487869,5.8292131428759015,113.40941203758611
2251,47.45225052624541,-40.04664873989872,40.959917539339244,44.59754447083579,-39.91307575098234,41.2322923558062,-59.82841013386583,3.9178621035748575,112.86240713797551,-56.2885365628325,5.505169372245228,113.64564618681719
2252,47.218635852023894,-40.488848882886266,40.9957496810281,44.36495788004734,-40.35427245636,41.26746712941653,-60.85176415227986,3.372162505018628,113.11817987984232,-57.04811977374676,5.19934408908831,113.84285677282298
2253,46.98201208501746,-40.92837344631112,41.02878898459134,44.12892698587298,-40.79248127478919,41.29787869897925,-61.64111941289076,3.0192994756338063,113.33158810090173,-57.54476613601739,5.0322068624726475,113.99395013067236
2254,46.74487567616673,-41.36510967292778,41.05542847673448,43.892674781877766,-41.22938449778272,41.321628882262814,-62.14940448740572,2.924097290196076,113.55525367001603,-57.90657147294443,4.945512514893155,114.13883034420451
2255,46.5101060155344,-41.80487832410273,41.07920693747187,43.65705570095524,-41.67125836631155,41.34350701132157,-62.50930100109617,2.7670379231105624,113.68390767352673,-58.15986556409114,4.890282048386808,114.26525661208618
2256,46.279499142578345,-42.2516724199169,41.104060707235675,43.42713627205759,-42.11953446781201,41.36829959929361,-62.85307319243835,3.024602204807208,113.776395422074,-58.603308593759714,5.038188488427329,114.39887523442839
2257,46.05374297329446,-42.69761825599764,41.12817553912391,43.20231967304788,-42.56632966471523,41.39463528810946,-62.99264639049804,3.1988996179416365,113.8247652089553,-58.94672366148097,5.044467404066933,114.53065943199894
2258,45.83043207158144,-43.14782781096196,41.1500164402973,42.98011844525326,-43.0146788218366,41.420399415537915,-63.152516319530285,3.090102880877412,113.90375698133042,-59.02068564496288,4.72916558042946,114.65482069354756
2259,45.603221681466486,-43.59463970496108,41.16909072691098,42.75300656052293,-43.46121517379996,41.444398458131054,-63.00445124019241,3.1043958269067784,113.99698507212543,-59.021864728823545,4.591616047325824,114.78105028070833
2260,45.37259946793139,-44.04135543885422,41.18830751256341,42.52269344450758,-43.906817882968035,41.465796070324124,-62.92118408636043,3.2707098463053397,114.1007369128183,-59.0040171282775,4.77171899935203,114.88976683753697
2261,45.13885076905808,-44.4912016778301,41.21004447970958,42.29082051174434,-44.355061819076056,41.48802548883266,-62.87143905406301,3.517218445684069,114.21023510656467,-59.00148213055266,5.075562223444457,115.00989958125352
2262,44.91021899277518,-44.94347890239227,41.23266795107115,42.062245581033416,-44.80722461459599,41.50995683234844,-62.877592293559665,3.5890544012729517,114.32304395534939,-59.04266891598689,5.091520790333233,115.12062111862453
2263,44.68898665632062,-45.390899975848185,41.25141370609657,41.840721804352405,-45.25482573504412,41.527088791649746,-62.81591424607517,3.3234640034978473,114.4119903139019,-59.22384795989857,4.821690464337954,115.20691978330795
2264,44.46700954444695,-45.84666887099059,41.26700811816087,41.619346416289794,-45.710126584863126,41.542325136360994,-63.11272633980711,2.654356017874743,114.46702039438777,-59.859277618552795,3.929397000085463,115.2542402585499
2265,44.245057208574984,-46.30225880361524,41.27953268047328,41.400153193812464,-46.16701476271362,41.55515271308922,-63.45870305785811,2.473326044325937,114.55202763781527,-60.22891644234046,3.5817213800575494,115.35368242909695
2266,44.02410360660228,-46.754210731839365,41.28898673600508,41.18166877883876,-46.61757593013657,41.56544702416533,-63.77286763854552,2.0191115382452147,114.61220607865636,-60.422484543347565,3.034002319111086,115.42442718128044
2267,43.79598341119291,-47.19943660198147,41.29580441533082,40.95491144771032,-47.061314293421816,41.57308172439845,-64.0338988006994,1.354555710429777,114.67984773067556,-60.47837838612081,2.5836214774853854,115.49822452854045
2268,43.55756193777022,-47.641990100531245,41.29640006254362,40.716024061703614,-47.50371513682884,41.576682914496544,-64.40638655711611,0.37632734032340875,114.73116539037771,-60.67171437078377,1.9433532468510861,115.56894572371766
2269,43.315586217355886,-48.087371007432075,41.29193454275517,40.471313994041495,-47.95202540182466,41.57694429764289,-64.61848307809277,-0.5920758668323898,114.7675367940504,-60.65407744900532,1.215948161564353,115.6211212248144
2270,43.076782558742124,-48.54062991317011,41.28664471090975,40.2291045773042,-48.404960953988414,41.57525970665937,-64.5700296291423,-1.492961936906395,114.80325644782712,-60.44388673744438,0.45372401410814234,115.66039724514197
2271,42.84014851458795,-48.99148269012179,41.27898659090996,39.9872017698314,-48.85372524844405,41.57121765419004,-64.05381070666579,-1.815881652108571,114.86040032663993,-60.13757827281531,0.0007676284892680907,115.69558643572039
2272,42.60525704628587,-49.440758806449296,41.27868213077846,39.7494112451116,-49.301982369874075,41.57705483666867,-63.501367363447045,-2.4161668643807164,114.88539902600517,-59.69702305118525,-0.39437856873512067,115.74037966408092
2273,42.36912031046362,-49.88875951520837,41.285007130593236,39.516018322277056,-49.746347043077996,41.59006225814777,-62.99276404504245,-2.9350554699015143,114.90975727959382,-59.30318361698722,-0.8758715293277192,115.76439277201287
2274,42.132304104660975,-50.337295031313936,41.297003636898964,39.28502243578747,-50.19049174569329,41.607309090061335,-62.59970080585241,-3.36621335458894,114.91948583375866,-59.045139861314354,-1.152122957677109,115.78179197869753
2275,41.89618793493598,-50.781399743048205,41.31448825149891,39.05629128610594,-50.63099545076798,41.6272349198534,-62.13464564760463,-3.7203123414929085,114.95428674788847,-58.86270350226912,-1.548410434318711,115.84211071941195
2276,41.66015584057877,-51.21810321407267,41.33715627793034,38.824031046144,-51.070541345231234,41.64825243975339,-62.08738806846982,-3.652469037937517,115.01519694974085,-59.124363452410414,-1.4818477921514244,115.9241424461212
2277,41.425170396353565,-51.65027370896012,41.36641329778668,38.589947564005406,-51.50957451136877,41.67168204294996,-62.20215243418489,-3.3715579488762346,115.10199156364973,-59.37007545638892,-1.3079042909700278,116.02528669302905
2278,41.189709765702936,-52.08415596945452,41.40213294600707,38.35406274401135,-51.948059902107154,41.697138434674756,-62.3639778619589,-3.138785918055195,115.20757577178536,-59.500062486243564,-1.0799584697779236,116.13686681487363
2279,40.95090669658632,-52.50972322018417,41.43415694873924,38.11502071482534,-52.37605103370559,41.72215212745495,-62.91451507279501,-2.7787186925883747,115.32269895116426,-59.96080923397859,-0.7595771548378303,116.25476818874161
2280,40.70828243224946,-52.931351861352994,41.46177396745541,37.87010368331217,-52.79847355073979,41.7454707234377,-63.44842811861134,-2.2787870353128286,115.47501043331766,-60.27525849989949,-0.4840815203404058,116.38691671781152
2281,40.46639656775079,-53.35282653555135,41.486238847293066,37.627630430891976,-53.219647559169964,41.76739622477749,-63.773155970046275,-1.8035335604967946,115.65930256145201,-60.289737743136165,-0.18491707338607655,116.53516994078117
2282,40.22798989998294,-53.77751462172341,41.50910017055498,37.38888013204949,-53.64580463606064,41.78935206632439,-64.40972603539377,-1.6919032500287814,115.81520623557329,-60.76242976363916,-0.6298842885481624,116.66268878941834
2283,39.989882501897135,-54.204281245123916,41.53168002935245,37.148602452682134,-54.07557001691301,41.81160220483571,-64.77042746652937,-1.6473295000951775,115.98046865935618,-61.148347639364374,-0.6795158286945029,116.8122793104673
2284,39.75245346948992,-54.63029360067537,41.553847062329446,36.90823873954718,-54.506037232375945,41.83407321382923,-65.06639979716124,-1.7232945911678796,116.14205462263389,-61.4004619738159,-0.7675148801919475,116.96220012758737
2285,39.51293234036458,-55.057530282664985,41.57619081541959,36.66633916808367,-54.93782352921188,41.85711503195877,-65.40530064807078,-1.7573085314495545,116.30824521664036,-61.59414495590922,-0.6947152914999914,117.11961955889831
2286,39.273200263428556,-55.488589398590115,41.60182428937013,36.42611005593057,-55.370286834299854,41.88538793283625,-65.48015927528547,-1.9989502852772165,116.42947769693446,-61.740049372503485,-0.7884175414149613,117.21180400022835
2287,39.03937251698865,-55.92706557336306,41.63087303254924,36.19120724213008,-55.80792613362667,41.917240957555535,-65.61957249770653,-2.3864560679603697,116.56351102543837,-61.89874176849134,-1.0513348947661534,117.34091914000741
2288,38.80997875129124,-56.370625696112256,41.664340844843984,35.96215854822225,-56.24817005924295,41.95263532202608,-65.80621046506768,-2.7210511624616984,116.66287004892185,-61.863160955391336,-1.0985935725974483,117.43967372482173
2289,38.58581122028601,-56.81378565163687,41.703478919910644,35.73987088364509,-56.68680425240693,41.99227174964637,-65.60055710316648,-2.6322570919201924,116.70141234530028,-61.71976441982633,-1.2421471090756178,117.43829121115992
2290,38.36495022192705,-57.256237311080284,41.74940466972696,35.51929170974793,-57.12660969002965,42.03642774623923,-65.26657871498472,-2.756927757925307,116.69815859330537,-61.44832978030229,-1.3509581151512262,117.42732476677362
2291,38.14276551820568,-57.69602083475005,41.80101085703104,35.29771752645583,-57.56490054854407,42.08343099925513,-64.92527993574782,-2.8830517389715413,116.66313286166609,-61.161311425274164,-1.4856284285998282,117.40467063749702
2292,37.92038683409263,-58.13224719490496,41.85323003513956,35.07467510255108,-58.001226627963796,42.12722248744374,-64.51232905985731,-3.1096235130772327,116.57248068289292,-60.82721049245124,-1.590806207878341,117.34480905895639
2293,37.696640576163745,-58.57010318343046,41.90072525640264,34.85081459635309,-58.439852663709466,42.16764634616322,-64.16708167858,-3.165277012832935,116.50258012432963,-60.64136994999392,-1.5843774720576393,117.29371654966542
2294,37.47299031383482,-59.00624433057899,41.9441230464911,34.62732195132833,-58.879113175898986,42.20546758580197,-63.74980777634684,-2.9694790681394547,116.37105523440518,-60.43056614522452,-1.414520249153909,117.22453123410897
2295,37.25499033413819,-59.4423902132786,41.98658810526515,34.40935603599162,-59.31677783011981,42.24405217927712,-63.58511532509237,-2.9618746333127732,116.25701451571369,-60.45690153989309,-1.3774893516653588,117.18794304395286
2296,37.03144042119098,-59.85601179638497,42.02715128880899,34.18845797169137,-59.722209223402146,42.28322684907858,-63.61763137745486,-2.8080253244389946,116.20558546551608,-60.643356045024824,-1.2464452106454555,117.16659918080441
2297,36.77894490712985,-60.20978681637659,42.0695449149389,33.94386580952172,-60.06061305555722,42.32862242600588,-63.76563908991262,-2.6481574466379056,116.18751233493404,-60.81151431959859,-1.1379599490199601,117.18488405914334
2298,36.4922577136451,-60.47905695756201,42.119396239651344,33.66877420388547,-60.31548260192637,42.38388845461914,-63.84612555888555,-2.344170288529482,116.19369177666009,-60.827210115948304,-0.928007859739741,117.22047335597009
2299,36.19393722656339,-60.6531551643696,42.178939260727276,33.38006263008383,-60.48026940658108,42.44740432018746,-63.94553763463126,-2.00014949395255,116.23845621815401,-60.83313751912371,-0.7736578793229962,117.2583670396202
2300,35.91136244343109,-60.727604141996345,42.24107811888991,33.09921497059761,-60.55192097020722,42.511945872018366,-63.98073304090957,-1.7265172877738544,116.29170022454929,-60.82996062587932,-0.6467233118415079,117.29603685540913
2301,35.67577985819786,-60.718270854444974,42.30362361706197,32.848632323083066,-60.54281018357988,42.574914817530605,-64.08066414763663,-1.467496189604712,116.37259319403117,-60.817724836684846,-0.5405085878275881,117.33084275381248
2302,35.507637897730085,-60.656408017082775,42.366073677773514,32.64472763171782,-60.47608990867733,42.634324460070886,-64.01739043690844,-1.2961295603687417,116.43460541184064,-60.79753609545955,-0.4475214522500862,117.35813210782517
2303,35.396952783582854,-60.56991844487345,42.427462641202624,32.49097121823942,-60.37425260277582,42.68878022361344,-63.979920904516305,-1.2557672038828116,116.48588639408487,-60.76801480713739,-0.36303710425136304,117.3751657276056
2304,35.33202065964241,-60.47345373893914,42.47420479060496,32.38436854381842,-60.25439250879162,42.72621007539982,-63.92549032859848,-1.2335551904555413,116.50681978120829,-60.73230731122438,-0.28395438963462744,117.38199118798613
2305,35.30752885461811,-60.376326570190194,42.50515649532307,32.32032102181881,-60.12666483033058,42.74779433326137,-63.94138694964302,-1.1425189441440722,116.50718940324683,-60.69159566480716,-0.21136527450813236,117.37892938179733
2306,35.31710236807305,-60.28557515064824,42.52046542950778,32.29557566346033,-59.99912932816352,42.75674201165834,-63.92421809959294,-1.059979453720659,116.49409313330159,-60.64307790475427,-0.14553875519241327,117.3683966371093
2307,35.35205326048887,-60.20814276527282,42.521986929790465,32.30623514524282,-59.881914815901965,42.75787448457192,-63.88656846610294,-0.9908510291371743,116.47213929010374,-60.585434782718636,-0.09153488912395069,117.35426918685826
2308,35.29879692081192,-60.2683157207491,42.50934349786707,32.26806418901036,-59.97969906559294,42.75245431203655,-63.94021034673624,-1.0435437746348246,116.44517943442416,-60.649333948526646,-0.1310316086155257,117.33959990828035
2309,35.36197156585053,-60.22521190352257,42.4849999929041,32.323519423490715,-59.904279473261695,42.7422495234659,-63.878432531458394,-1.0077207571954612,116.41418476860584,-60.58372493859831,-0.10693113813931165,117.32140197549649
2310,35.42536956096427,-60.193448131409085,42.455125759774106,32.38424636226432,-59.84561203245568,42.733161366894805,-63.817531886513926,-0.9812926927574482,116.38586101820212,-60.52254536154922,-0.0913319034924882,117.305577184161
2311,35.48188040179429,-60.16024495732365,42.43022726587194,32.43982433785323,-59.78874572980747,42.726263917654514,-63.76418890657238,-0.9541304570738346,116.36245060847166,-60.469306593884724,-0.07086023678842931,117.29320887518233
2312,35.52563323060656,-60.11966412458533,42.408797522705555,32.48264307677367,-59.726875621327416,42.717673737195334,-63.7219017019873,-0.9190464799384066,116.34242795394563,-60.42689015470014,-0.037480137170431374,117.28018193304926
2313,35.55259882727932,-60.07369436997749,42.39145689908923,32.508657524238,-59.66237295005089,42.70907863298768,-63.69543677352122,-0.8782254510812563,116.32650799446412,-60.39844297092739,0.0037003324603530063,117.26778293004914
2314,35.56525772259805,-60.02325221437346,42.382216032967406,32.5223393478775,-59.597271006544176,42.707835387099074,-63.68299470797114,-0.8320763797623469,116.31846916386043,-60.38158086034926,0.04996077524013624,117.26315191213912
2315,35.57478885136402,-59.95756826209704,42.38073686467195,32.53923957350204,-59.517547571611644,42.71091475459227,-63.67372029129476,-0.7694607583409695,116.31622154122338,-60.36217280639307,0.11536060754317068,117.2637204195862
2316,35.604002234081335,-59.86848809966828,42.387967080066964,32.585298745083435,-59.41728918508416,42.71875011168331,-63.66509923629196,-0.787814649789091,116.32167424062499,-60.34433257153419,0.056399193744846365,117.26788076879342
2317,35.675368742072735,-59.763203417489336,42.40001760421774,32.67856035555642,-59.30808004710116,42.7303547312029,-63.79464791880146,-1.1326833405911274,116.32808295552506,-60.521668461339736,-0.44493963791052615,117.27093948230404
2318,35.79154037101223,-59.653377020537945,42.40708997713869,32.813595617381594,-59.19798315939322,42.73397546151168,-64.12231733060344,-1.5796289804292063,116.34214459245213,-60.916646846575425,-0.9912835536387166,117.28342091598685
2319,35.93572485902588,-59.52465953902192,42.40888400518695,32.96575634212593,-59.06957884302435,42.72833662225718,-64.47307185906108,-1.996952249050366,116.35447710802393,-61.24895494017367,-1.378162894212991,117.28300663203723
2320,36.08573815429874,-59.34662821847777,42.40688032827789,33.10956343715626,-58.89543708028252,42.71742165380894,-64.7503931861058,-2.352289562968725,116.36045168953862,-61.448648813316765,-1.5630297204100083,117.26968805128008
2321,36.21557480697558,-59.10349596568466,42.40112735480985,33.22379580052408,-58.67000164321541,42.707130465482805,-65.1137333851057,-2.8739469928458474,116.35151872704964,-61.80829837614291,-1.8914476571795327,117.24905092349177
2322,36.30288469954873,-58.804760350084706,42.393371540622624,33.29836194518689,-58.39989514428842,42.69814207081934,-65.52040214824821,-3.7542316568077294,116.29620033821183,-62.247695400026714,-2.5928066141840826,117.17604768770057
2323,36.35682967511409,-58.470591384858984,42.37896222780176,33.34928587296539,-58.09725221045156,42.68631246612165,-65.92121137468678,-4.609108134974162,116.23963865686467,-62.65648014554725,-3.205495735844117,117.11937801487333
2324,36.41420822999003,-58.11796142361285,42.358068289995764,33.40953854131396,-57.776319765325766,42.67245334894255,-66.28259203510262,-5.086054548366748,116.17568251235672,-62.905404343511506,-3.6544072342524148,117.07037685399207
2325,36.51627751135384,-57.75857754588457,42.33828544960494,33.51205406290312,-57.44804355615895,42.65782621067056,-66.55266989255374,-5.07491697812566,116.1137063402867,-63.00467776842675,-3.61427292234354,117.04116051842227
2326,36.681079970443655,-57.402694036641805,42.32491260206859,33.66587190765724,-57.12329835384457,42.649935033362745,-66.7374345037926,-5.0213312842649405,116.06268852984502,-62.97890630364614,-3.530198684448519,117.01257318570165
2327,36.89376808814868,-57.060780019023326,42.317404691908294,33.85857554714707,-56.80680253292646,42.647508418705605,-66.91130561320851,-5.00485269882307,116.00322884863367,-62.945834209424476,-3.3897582607446375,116.96643757718387
2328,37.122113825606455,-56.722978621777976,42.312242615147404,34.064796913956975,-56.49183618361207,42.64595887761629,-66.90761602379115,-4.945112238062064,115.97946150155576,-62.92131221228874,-3.3468801765415757,116.97215196183383
2329,37.3418067949596,-56.373664234763524,42.31031266610524,34.26620948150462,-56.16267512196237,42.646482056402824,-66.68111331630973,-4.910338285169936,116.0071908630952,-62.91056057907946,-3.6474313758613484,116.99949206712726
2330,37.537613000709584,-56.00784959297325,42.31461539786393,34.45101528084681,-55.8144301175949,42.65019305687611,-66.42603141326106,-4.934368575366657,116.01918561199624,-62.96437883431266,-3.95746335200754,116.99984357671494
2331,37.70759351159647,-55.62579293104565,42.324033672348634,34.61658665476272,-55.44984721181559,42.65551205972426,-66.1581552283788,-4.759661511868891,116.02960494809307,-62.88481925857056,-3.9409076840090997,116.99306270224565
2332,37.86129244522272,-55.234497724464156,42.332357997669924,34.77250467907991,-55.0747198509232,42.65464558605901,-66.1074415294337,-4.656120823652729,115.99596744558605,-62.921982963494436,-3.6897896138665716,116.93271426224506
2333,38.01712122501329,-54.8375876474801,42.33487714792954,34.932096427032924,-54.69038027274189,42.64938167451226,-66.11399989832506,-4.484641422167779,115.97901004351775,-62.934065223266835,-3.3529089143672506,116.90250182927397
2334,38.18742910558781,-54.44156280942053,42.332913174455705,35.10590169226252,-54.30377240810696,42.64227742818621,-65.99017226109069,-4.558808533302907,115.97839100236396,-62.76504151116746,-3.351002694526511,116.87786451732876
2335,38.37707754885102,-54.053133548545546,42.32634904924503,35.293976428795844,-53.92650200138422,42.63211434745832,-66.47986940883558,-4.821052434792104,115.95598368820909,-63.48300092454029,-3.679727829188471,116.87056120417529
2336,38.584744535054774,-53.66986154662352,42.3133564449666,35.49631226227596,-53.55116179442903,42.61859141697118,-66.7308017106108,-4.56754874210072,115.92499904804788,-63.703758019981876,-3.560605590993171,116.87382852883134
2337,38.80279875886128,-53.284940386323434,42.295060350791154,35.70777828644534,-53.169783241198594,42.603647494077734,-67.06113279442903,-4.022676745230155,115.93138369417919,-64.07301923246321,-3.1296037433897856,116.90854898043769
2338,39.01809956202765,-52.89384284457243,42.27676798367609,35.913397462333755,-52.78200837320155,42.59344838709048,-67.42035686100446,-3.15088701785273,115.9515103996137,-64.28359772813498,-2.0673925132260993,116.94812035688736
2339,39.22554680254209,-52.492601032040994,42.26057130741331,36.11411826154846,-52.38479512597286,42.583229075175105,-67.27259463710914,-1.9300341027603378,115.9863942574967,-63.81490346422849,-0.4797549782096491,116.94349600988977
2340,39.42735429859354,-52.090785315180874,42.247834630741224,36.31338381571605,-51.9868996253757,42.57646891716475,-67.48374063578933,-0.540079236090589,115.99621296163045,-63.909302322000606,1.1635023773709092,116.92376400117128
2341,39.63202105093027,-51.68481000177365,42.24146457516373,36.519158917669515,-51.58456581956624,42.57508804256162,-68.14016152608748,1.1033275555714124,115.99452938614512,-64.460108509166,2.543902868584632,116.8922086643382
2342,39.84074661894225,-51.275531242636994,42.24504121140795,36.728205435900726,-51.18343183534842,42.58042876437664,-67.98983967203145,2.987607059982279,116.00911471846564,-64.65295127426691,3.702701840199088,116.90413821879741
2343,40.05409090626832,-50.864339759969916,42.25413648927077,36.9406646451936,-50.781202894350386,42.58709588154084,-68.13103492739798,4.744860311444319,115.9999174220251,-64.86209079148988,4.807892907882995,116.88668946322754
2344,40.27103052246541,-50.45463126463913,42.26821475654896,37.158992449483584,-50.37677057608965,42.5951503629738,-68.03465132377288,6.282893750981595,115.9558951490964,-64.89943876502576,5.715325646688314,116.85686361156631
2345,40.489433555412745,-50.04727266066127,42.28219321568103,37.37454689509836,-49.97387167446515,42.60339894310598,-68.12179938630419,7.300815104331745,115.89075205491001,-65.09150437371633,6.4356648146136095,116.81202926971528
2346,40.70725535589702,-49.637234317799724,42.2980439045625,37.591263083965245,-49.5668878419041,42.61169098799792,-68.7081418703882,7.793852499575622,115.83643808012789,-65.26728212921137,7.000321988351617,116.75275220678577
2347,40.92027965559491,-49.228532993210955,42.31151366424774,37.8046563947231,-49.16288498317691,42.62059511260104,-68.91088340685256,7.960399968051038,115.80640452339358,-65.32414281415338,7.389373191520114,116.73560432109957
2348,41.13532494464524,-48.81031448339044,42.32428489110044,38.02142362352148,-48.74611451248233,42.630691699263195,-68.78715805566982,8.139913525206817,115.78029811678627,-65.39825347756171,7.774748918305323,116.70930546939573
2349,41.34955684628066,-48.38641966324359,42.336148099694284,38.23654408703428,-48.32241988115303,42.64062926519271,-68.57728458492086,8.259341642090568,115.7623095676025,-65.10383046852489,8.056723857960332,116.73130263750025
2350,41.566934059288414,-47.958162813360765,42.34796184192669,38.453161474935975,-47.89458815268585,42.65101686015797,-68.32319573671226,8.201198008392877,115.7820255191347,-64.87795360403082,8.208530751930773,116.77699430135766
2351,41.78059942887479,-47.53215782262917,42.359009078120216,38.66476652182695,-47.47027782334369,42.66151627933269,-68.14667091158044,8.263316834331954,115.80634279802052,-64.68235776400296,8.52170515874652,116.80425355782278
2352,41.99559828855949,-47.10438645148848,42.36930243210968,38.87501156048111,-47.045559273164315,42.67159627697134,-67.92494221749328,8.445076783327982,115.85224980764235,-64.6249286168878,8.929514677811971,116.83577754048537
2353,42.21154624981764,-46.67353365332275,42.379645914625094,39.086109796238844,-46.61818037587825,42.682142242917664,-67.69645327536895,8.604533372326651,115.94262407646376,-64.58637331552606,9.211370445546788,116.90011924942003
2354,42.430895869334506,-46.24192691987676,42.39048054574815,39.29959715439197,-46.1934723892983,42.69335685953469,-67.84307363806339,8.720642277758564,116.02817631516963,-64.99215915733016,9.322865580860608,116.97405135557698
2355,42.65567323363202,-45.8185401303277,42.40212527580472,39.521734857411,-45.7719289279562,42.705527502033775,-68.2062015568153,8.741059384387443,116.12723556617875,-65.64577382758179,9.354488884609266,117.03888708114135
2356,42.88990224020523,-45.40054889442466,42.414605947760585,39.75512134932568,-45.35235445098364,42.717538786982985,-68.70922570029518,8.577694514646826,116.2050787289289,-66.01030050795309,9.078725338420256,117.10357465196083
2357,43.13035625328883,-44.98110540930673,42.42623730210452,39.99753200067923,-44.93076035174407,42.728446628625235,-69.23780795783014,8.502887813397939,116.26144478172742,-66.35099381333993,8.899220507761337,117.1531747286266
2358,43.37297934437832,-44.56276601597204,42.43679212979037,40.241670804575605,-44.51456545727159,42.738667451116406,-69.64762493165658,8.31985897656651,116.31520021905,-66.42699647300822,8.79309133107346,117.18001010741257
2359,43.609472872276285,-44.14155032387983,42.447732541262354,40.47999894377005,-44.09702053083809,42.749319858420506,-69.98304378298225,8.074672381660926,116.35207750407795,-66.47262552358072,8.790934456878018,117.18756172250123
2360,43.841601071429714,-43.71782269780066,42.45899495184612,40.71510526794459,-43.676480367581156,42.76019756257508,-70.34188242331689,7.905544412736409,116.35888462730559,-66.5580369526067,8.858170142804314,117.1902017550179
2361,44.07130912960825,-43.290411922287866,42.47083287467155,40.945795633083236,-43.25341835036601,42.77143891170242,-70.5220395203238,7.698031139945318,116.35145262976268,-66.82267558525201,8.763639694707791,117.1955237101234
2362,44.296012341568456,-42.863625863412864,42.48120337152425,41.1703389373273,-42.830979097815245,42.781561254574854,-70.28306836445759,7.167185348226917,116.34050543754621,-66.78220959843019,8.166948176503762,117.20155431829878
2363,44.52256765805761,-42.43767603028588,42.49217417751836,41.39657840797632,-42.40564351978495,42.79241370632191,-69.92265183346991,6.679437340416822,116.29486488314804,-66.40987014240912,7.440705982897468,117.1709691749247
2364,44.7551176463066,-42.01454367190402,42.5056167557281,41.62880566433198,-41.97850303824553,42.80602214367525,-69.1843705088841,5.888892372346166,116.30409225153262,-65.62818409388596,6.4701417064772455,117.22064700847098
2365,44.986239349677795,-41.58568487914087,42.52254769632149,41.85992844431699,-41.54643314324285,42.82507309433817,-68.3245517389066,4.920823756360505,116.32384590886504,-64.64235619868617,5.490230789424025,117.26241778679031
2366,45.21265974829599,-41.150186239055465,42.5412176252659,42.083662121624016,-41.108353811300375,42.84621851613788,-67.471178959928,4.006026621186063,116.37895091691107,-63.865578913359016,4.85814932111273,117.32976464388416
2367,45.43304562723302,-40.709561815668174,42.5622967162114,42.30144327002027,-40.66588013047101,42.868711822469876,-66.63867060852309,3.001842608415914,116.45244166807238,-63.33982992946704,4.285092025629367,117.40348725105088
2368,45.652019814356876,-40.26736609802296,42.58945103263603,42.51684742834877,-40.22401344468266,42.89604902101957,-65.73938978696793,1.9904602629263115,116.54000416065583,-63.013499431260485,3.6547083922719668,117.48744501913913
2369,45.875171456494044,-39.82434670345676,42.62359674520434,42.7344557499963,-39.786150441096176,42.92849392656976,-65.14351663800507,1.407299948049836,116.63078933709173,-62.90305552139811,3.2540425064402774,117.56217762043934
2370,46.10594154995077,-39.38671835383521,42.66413127197991,42.96036071505217,-39.35181070011688,42.964329069175896,-64.70579751235917,0.9760105247757414,116.75385099869055,-62.68095841311845,2.915857457689633,117.63148046288438
2371,46.34345087607096,-38.95859337047068,42.703876591702254,43.1953737944872,-38.92648512577274,42.994775312391,-64.3541964349639,0.971764335845994,116.82649458344433,-62.13338352164694,2.8586472626943795,117.69165881849995
2372,46.582187184146264,-38.530685539666706,42.73618802438232,43.434183916506996,-38.49747615736048,43.01929723583412,-64.1870176492709,0.9619083058293223,116.9067882615623,-61.605757117903124,2.582851619693207,117.756304845792
2373,46.81875467767746,-38.0985434652976,42.76351494125748,43.6724880218807,-38.06181921454625,43.041287958151365,-64.11387874283425,1.0802863985565077,117.00610543069439,-61.33598860059587,2.682206164991651,117.86748328356104
2374,47.05153021402456,-37.66383646903327,42.78627873225275,43.90823768882197,-37.62532422642976,43.06024814412361,-64.28136086629048,1.525458527902411,117.13831738060384,-61.56386628828818,3.1488978054915355,118.01920186781224
2375,47.280519849901246,-37.22270406213863,42.80397456799002,44.140741540853774,-37.18410161910537,43.077148714363005,-64.42915374602697,2.037509356155608,117.30082829382708,-61.81719727145465,3.444697490742099,118.20617998852218
2376,47.50229360785253,-36.77524577598671,42.81981052568713,44.363116707594166,-36.739741028550746,43.09698238208545,-64.49146524643434,2.2951879983628745,117.50428560060594,-62.03764351136287,3.4377947703836558,118.42144506610352
2377,47.719437038928774,-36.32887055295139,42.8342209501407,44.57967384073723,-36.296428039580604,43.11899188409456,-64.69496202696496,2.730665483013293,117.74077959925546,-62.267621528345266,3.666831075637274,118.65152430200958
2378,47.939189795844605,-35.87992587127209,42.85087778256735,44.79766562840913,-35.85262242812728,43.140820417166815,-65.26368888833703,2.9751165254364222,118.00219840082536,-62.59661327918425,3.812353993850372,118.87236460780095
2379,48.164614457537894,-35.43667275898564,42.87010776070293,45.02102967579999,-35.412258666026304,43.16297746497832,-65.88319407381415,3.545662112542588,118.27025748427418,-62.836110280143316,4.156229744665553,119.0742548872471
2380,48.393234183408694,-35.00070225717414,42.89120154488836,45.24949927191259,-34.97500945883552,43.18586087558804,-66.4701693980506,4.119097286509186,118.52422418563988,-63.14464474939957,4.743959567748826,119.27696324385704
2381,48.62455118208824,-34.56494051811175,42.912745386243515,45.48266015059864,-34.53934095928574,43.20581183870981,-66.37582739456029,4.183132363642573,118.75082592701455,-62.88482650175684,4.881941617147314,119.46499213409986
2382,48.85690106408916,-34.12514322566622,42.934614619097445,45.7199982732364,-34.09880338933693,43.223361675369446,-66.20798041431699,4.339773712899733,118.93956200627275,-62.6387357646571,5.0463634390181555,119.62656137061533
2383,49.09020731240705,-33.68554281893312,42.95250735619877,45.95672031265973,-33.65832204007026,43.237831487661325,-66.09582126407797,4.675554229764165,119.08283120157712,-62.53740671270278,5.189703364306129,119.75816141255265
2384,49.3192442866851,-33.246405724074,42.96529587812046,46.18493812813849,-33.221201800706105,43.249471192630466,-65.90186912099358,4.943044989974972,119.1596147521184,-62.390101604517774,5.44430793310131,119.82840300599655
2385,49.54590483082421,-32.80723107192526,42.97475105667693,46.40854663722115,-32.78226914353154,43.25924268221739,-65.66090404278891,5.262296298013597,119.18456768021939,-62.35174901333074,5.679326206100708,119.84890544322684
2386,49.77091048569055,-32.36673057287826,42.981961015146936,46.62900775087073,-32.341552378820914,43.26855840728204,-65.59597066377093,5.432680846267443,119.21757758247047,-62.548488444198725,5.882721557811063,119.902007795522
2387,49.99804564338323,-31.926926413906408,42.98757740726345,46.8512309856121,-31.902690570408083,43.27830664917618,-65.36041789346993,5.375555567421894,119.23908614921231,-62.595688657097874,6.0361712806756636,119.96985018019024
2388,50.22662983521298,-31.495243709406722,42.99417078267173,47.07651401829182,-31.47291909712837,43.28832495865956,-65.39036945247445,5.393365641548598,119.24092725168803,-62.49103673471112,5.942764744621581,120.02228982688807
2389,50.45819306291379,-31.06828758054497,43.00055995537099,47.30930182573425,-31.04241165925128,43.29742941666004,-65.63487620476674,5.386741284299486,119.24935609636832,-62.67013285120391,5.885302114797958,120.08454825351511
2390,50.693335007214685,-30.63882881646093,43.00463704474623,47.54894706564281,-30.607010970687476,43.302857357642054,-65.70728671709051,5.449986551057717,119.26533173827004,-62.66706672378102,5.947374634503663,120.14683905112852
2391,50.92772538659412,-30.207239048220217,43.006466848617045,47.78412211693675,-30.17367177385711,43.30558484039278,-65.94099666425403,5.479761909707145,119.33510442027617,-62.819264368270446,6.087477732771428,120.23741676970587
2392,51.15797294187546,-29.774985866400176,43.00662124193672,48.014117209466136,-29.74056737637311,43.306485871421444,-66.04034702867527,5.537064405958446,119.4361249100615,-62.82991558453827,6.271274770925362,120.31805618744296
2393,51.388706113396765,-29.341607768455052,43.005461060845995,48.244642906977695,-29.305238962389463,43.30617718479071,-66.14649576369716,5.466364968819243,119.513381264543,-63.07403251416703,6.262830441939831,120.38468634549865
2394,51.61816672448648,-28.90106983946953,43.00355183941462,48.47400891857327,-28.86442874527306,43.305503812571246,-66.31593003699116,5.429587068655039,119.56456177405876,-63.248563654710985,6.290279952788604,120.42681662172387
2395,51.844762376987354,-28.45421792629783,43.00031384521442,48.70161785223619,-28.42133791342771,43.30440629739744,-66.55979005729988,5.556925214852324,119.62538426759917,-63.3548342601673,6.325199614011967,120.47003308394702
2396,52.06844330689179,-28.008528441524845,42.99713477388932,48.92770500334205,-27.97973056285652,43.30473014822968,-66.65972313873405,5.565556565532901,119.67613828251888,-63.49902258752629,6.204154927279335,120.51414901322052
2397,52.29183529932694,-27.564748152789786,42.9961868071775,49.15647341311413,-27.53519997593979,43.30668536040864,-67.23325848067647,5.896529141763715,119.7213999584996,-64.13293276243081,6.668635569574826,120.55383015787841
2398,52.517012642391045,-27.11769224185694,42.998040259340456,49.38446193428555,-27.089421930671254,43.3108031890954,-67.78544301637956,6.101878721358977,119.73408432555813,-64.76681632630688,6.951714121123147,120.58099134718833
2399,52.74276502249824,-26.666249021831806,42.99987827854359,49.609710432692694,-26.640186074923097,43.31270887997357,-68.31986009246569,6.237145003006574,119.71582788904776,-65.13950565385035,7.158327437529882,120.56857408919528
2400,52.96652457926874,-26.211835368867476,42.99996669845837,49.8317228280481,-26.186601839145144,43.31092245890177,-68.71115186460433,6.592465368623365,119.69878090376315,-65.46635251991097,7.469148237499869,120.562295854646
2401,53.19236822139447,-25.75766633797722,42.99756742230759,50.05381011625987,-25.73319138699433,43.30528438958824,-69.37878331692664,6.826247542113943,119.69110721663951,-66.09300613788136,7.582780293930161,120.55852482684404
2402,53.41151749791113,-25.310938580039412,42.992997782001915,50.2671868034508,-25.288133549724176,43.29770278138096,-69.64404749202518,7.428638399190455,119.7063024464265,-66.00103228958649,8.205209049223928,120.59441352119154
2403,53.63620147496368,-24.8625297954765,42.98544009856442,50.48829087876282,-24.842337121347718,43.28905356199163,-70.03360641375018,8.061673243942147,119.7349681821062,-66.16122584227064,8.592264951656377,120.65084441866438
2404,53.862223792634325,-24.419511650936602,42.97626361198522,50.713001486872244,-24.400273558842656,43.281281754413534,-70.05292007506165,8.347804570718962,119.78869390076817,-66.2965853377383,8.97431180458749,120.73809205432752
2405,54.085350703689244,-23.977360125807287,42.96231842023682,50.93609956568998,-23.958373358061515,43.27140457682359,-70.12917454462405,8.447718511514864,119.90332468443172,-66.60999280788552,8.935770574284216,120.88789156409057
2406,54.31110497902081,-23.529921212984313,42.94601350820086,51.163402565051534,-23.509891639105316,43.2590646483742,-70.3725379154765,8.515862983980153,120.03264523657468,-66.95991216787829,8.839270703486996,120.99447619292654
2407,54.53464191787048,-23.094186809325514,42.92928431551769,51.39071618278943,-23.06976567685689,43.24574033046334,-70.50234069091866,8.205307214603343,120.23254545655355,-67.105789355073,8.38231604655304,121.18455120192866
2408,54.761745611230815,-22.648905955751175,42.91865123146267,51.62402068184421,-22.620342351641103,43.24063191519571,-70.53069608341892,7.956848527395957,120.41000090663583,-67.44713473451228,7.982153060188485,121.30599155562129
2409,54.992964745534294,-22.197604142705735,42.9150587415613,51.85600090259915,-22.17021361028855,43.24325043902626,-71.13141091033883,7.880811474714076,120.50197193735367,-67.9151270865144,8.416471431132733,121.3166288252219
2410,55.219540317834266,-21.744560680422154,42.91985188887219,52.08580370991395,-21.71818435075807,43.2523393103992,-71.68249726089462,7.956748937077905,120.58807845049057,-68.46435148917395,8.872154064607248,121.34570726937736
2411,55.44669866617503,-21.286419634429095,42.93304595719876,52.31499503338234,-21.262569436880376,43.267683125606204,-72.10471117660552,8.153909294221036,120.65735167615364,-68.7362258080091,9.480734590919106,121.38837377242066
2412,55.67430579416824,-20.825461143249957,42.95546517646557,52.54075275797755,-20.804830141410307,43.28850366540504,-72.57354109580575,8.873352845675484,120.63260459368044,-69.2189898884831,10.352049620261205,121.37521569824001
2413,55.90272425339428,-20.36676830573563,42.98699480032976,52.763992594985396,-20.350242228942722,43.313856803025956,-72.98563664697718,9.61941570845107,120.65512697929591,-69.62016025048464,11.018828912317346,121.41459252722879
2414,56.13545611726861,-19.909103144126437,43.01617997631889,52.99294651938963,-19.8945254690167,43.327627824113584,-73.43657406687875,10.599041744490831,120.63007964510933,-69.8615464223185,11.492622502743822,121.4849226334226
2415,56.368867945238065,-19.455771906245896,43.03339152920771,53.224753433459085,-19.44103407547918,43.329492563192574,-73.56919282425557,11.457925553660965,120.6699664039782,-69.83865696800788,11.666107804664,121.59734762087609
2416,56.60339195313395,-19.002704079128083,43.03697766741435,53.45781015573353,-18.988967760233486,43.32066082723696,-73.56364511611925,11.743775918145552,120.79712708189463,-69.82933977498996,11.757676349702336,121.72683242155229
2417,56.835352041139366,-18.550637486334622,43.028069921413916,53.68964242336615,-18.538020729066655,43.304119015289615,-73.33365736402082,11.965552646171098,120.93620925512246,-69.67973894552384,11.85398701065411,121.86692068870052
2418,57.06347004532964,-18.099042144952147,43.007833825865724,53.91993360827656,-18.086972022422092,43.28319378757426,-73.10917141766788,11.855603652741125,121.09266269778762,-69.39502231895986,11.712279636299147,122.02617983470851
2419,57.293191075958894,-17.649447426567704,42.9749141672735,54.14999568394903,-17.63803372364701,43.25693732433038,-72.61234346542138,11.697845374565441,121.30594713764242,-69.045058274261,11.915780148084202,122.1870154444895
2420,57.53136066776664,-17.196867920698814,42.92862475768873,54.38730347879746,-17.184949196177048,43.22577992967239,-72.68812342803193,11.54167822781508,121.50834874827652,-69.58343217388057,12.055094673001845,122.34750603756456
2421,57.769131134459066,-16.74372700844054,42.88056242414568,54.625557656940884,-16.72833638385538,43.191517235444095,-72.60237581795808,12.164434111530534,121.68266617155774,-69.71217474847474,13.193466137957166,122.47509363963376
2422,58.00678670578717,-16.291446416573656,42.841396443424195,54.86277844059548,-16.27357054535952,43.16708076392363,-72.46481100719612,13.00457730661319,121.80796842749058,-69.5273895777628,14.203658689958951,122.56549640205674
2423,58.245627696197914,-15.835576074906138,42.81262143498591,55.10024167301995,-15.81564303975895,43.151532630684976,-72.39397372388686,13.784482512860496,121.93021601507152,-69.48138953597167,14.87883915482493,122.67362469518736
2424,58.484786647913374,-15.376224260846945,42.79475430650409,55.336800267590036,-15.355359775942732,43.14392497637397,-72.85098566687273,14.804774483070652,122.02755705559939,-70.04084718000452,15.780552150722366,122.76126044476698
2425,58.725108855188324,-14.913561909737966,42.78579024750241,55.57429018326107,-14.894887660451136,43.141731044555314,-73.34371413896197,15.999862244989647,122.09641690419588,-70.37294074599956,16.521176562900532,122.8400722882555
2426,58.96219894450384,-14.453565457021266,42.787541905696855,55.80638113244085,-14.440248999660444,43.14423788881007,-73.81435609938194,16.974715173607994,122.1391102593116,-70.48705252011854,17.127383787268133,122.89696893782032
2427,59.1927606985439,-13.997003566552229,42.800198939571615,56.033254968121085,-13.987160402845106,43.15063287022161,-73.5816471192642,18.352007983878895,122.18282610038996,-70.41201260918804,18.152996282538986,122.97935095828213
2428,59.419122284868465,-13.54067011075997,42.82273353030771,56.25821524024843,-13.53120097855891,43.16050567815357,-74.09660789137638,19.26723873333569,122.26091802596152,-71.09702065781825,19.35278126708232,123.08677553761616
2429,59.64556277140069,-13.081679559235056,42.837252262061384,56.48597580156001,-13.071240043168364,43.16117325779302,-74.8909372924308,20.120930595944454,122.35584010187975,-71.7476989004206,20.327511767062,123.18481981599294
2430,59.87248764786139,-12.631146448638201,42.84460899443275,56.71554313908729,-12.621700081889731,43.15609532997116,-75.51256687763656,21.145830161421472,122.41070616478324,-72.13476177639272,21.2086472307621,123.24346988137745
2431,60.10244236340594,-12.184001516085985,42.846271860994364,56.950374052648435,-12.17307282045017,43.14902868608474,-75.60426988369956,22.15543724831106,122.5287645311613,-72.29470364245748,22.262751914504847,123.38126268593282
2432,60.33489651140748,-11.73490666442221,42.842793088676174,57.18915969785246,-11.722217460147359,43.14136759905533,-76.17701646768843,22.988104961495512,122.66875383742823,-72.98178966869779,22.86913246140562,123.5322713912452
2433,60.566612052886555,-11.287022323874593,42.83120010370909,57.424825420575935,-11.276173964924642,43.12940001259667,-76.24752789880327,23.58302933426879,122.80960099136733,-72.67603268211839,23.036360993090668,123.6503686049379
2434,60.79540269422015,-10.836209881970774,42.81139500700498,57.65407050500272,-10.827064468637627,43.11363915765673,-76.4057934331076,24.212517308334704,122.93683015520332,-72.37623883731825,23.761367421312343,123.76490868633812
2435,61.02595928478922,-10.385499362290545,42.790256258862925,57.8850696663823,-10.377973713537825,43.10432906193596,-75.70172815631459,24.645519462185224,123.12611699007424,-71.67171299019294,24.446448430109324,123.9838592521346
2436,61.25129915585726,-9.941035556459763,42.77690284189205,58.11111670788049,-9.930470237838389,43.10074335978595,-75.1751347432878,25.13535112097191,123.28443207351724,-71.4612767310761,25.083475943435978,124.12615785796291
2437,61.473150771415,-9.493481337674035,42.77198976422769,58.33149848004935,-9.483231100590176,43.102151274933405,-74.79354151726602,25.525644933858775,123.46212357864998,-71.37039277679291,25.552753161889402,124.24611152906817
2438,61.69568133512535,-9.04284041339377,42.77221590239679,58.55290411333687,-9.031559661282229,43.10539496987038,-74.2869970441747,25.648863248552544,123.63030151523265,-70.99403421364724,25.903992854435717,124.41526009565038
2439,61.91664521295695,-8.59650273020131,42.77890351861113,58.773623264584515,-8.580277697799184,43.11304445932136,-73.35388280697518,26.00765732470704,123.7822630796699,-70.64385092343859,26.253856203911212,124.57897428951341
2440,62.143180347884886,-8.152663366433602,42.79485553396651,58.99793508827012,-8.134526825155033,43.125326813135985,-72.96777078829953,26.60468691334218,123.95962413045656,-70.2688201509398,26.58899873859192,124.73388439076649
2441,62.3746852891371,-7.712683937339771,42.8183983725205,59.2249601251725,-7.692091856539225,43.13993354471413,-72.55914706631428,26.83659741441184,124.13146496243635,-69.88916275191711,26.937721028058785,124.86765500758166
2442,62.59865947075176,-7.273467233909071,42.84257110560419,59.44819050892387,-7.252981833544182,43.15594460696547,-72.6513107348769,26.891170008052175,124.23531986939673,-69.81670722580098,27.063486504621245,125.00822251213538
2443,62.82650884612879,-6.8299275503379135,42.85829474040229,59.67845649772079,-6.806928021951795,43.16216723256859,-72.05633504670351,26.836520453014256,124.3716856761004,-69.13967152731817,27.104208965999213,125.13580566368955
2444,63.057906147320665,-6.386035801978855,42.86630964863824,59.91109818937604,-6.363080655365784,43.16160478347451,-71.37311715749394,26.54954978890384,124.53300993951,-68.5519984378554,26.776321829110334,125.27831990546909
2445,63.29040465511359,-5.944739239073117,42.86577947228803,60.147652223422476,-5.920946418582047,43.15465541681799,-70.5704774064004,26.45557852756721,124.65774462047555,-67.6105583565189,26.743744673715163,125.41872609123871
2446,63.52728086276321,-5.502298982217698,42.85566228132114,60.38907760142832,-5.4773115054218,43.14148266007892,-69.76760620705048,26.25490573257004,124.78786191474681,-66.80611256439123,26.63923906181633,125.56716735306435
2447,63.76716725545251,-5.059899286170173,42.83593215836097,60.631397193876445,-5.034240344094497,43.1231844275269,-69.05518798742851,26.109597587145462,124.85992476840605,-66.19313907633052,26.689686007841612,125.62726827244286
2448,64.00809391784306,-4.612752704813304,42.80933905404653,60.87131303012865,-4.589801929041797,43.1041227058942,-68.29515888444145,25.870178282955457,124.97587460807098,-65.5636745080703,26.678366015809427,125.74679277220451
2449,64.24630043261944,-4.162279879835709,42.786810700737306,61.106426277086406,-4.144224876771143,43.09735926107414,-67.35048991017366,25.774422086231912,125.0856821532799,-65.03432512854502,26.711337282494945,125.86876288612402
2450,64.47876547594151,-3.709371752949113,42.774504643740464,61.339700176513226,-3.687665264729915,43.09906121984672,-67.02724470623252,25.887461338302725,125.20617499045565,-64.86039584937302,26.967572486841764,125.99495415602141
2451,64.70744906555977,-3.2530446192722335,42.77233259469866,61.56568765322059,-3.23354435182248,43.108046758250865,-66.76643582301068,26.274018079036857,125.312638614527,-64.75611200499426,27.197679929838884,126.11755825676208
2452,64.93253915179271,-2.795459515373513,42.7814141478476,61.78948458318993,-2.7759029398819672,43.12321702480286,-66.83734479532853,26.630075133389887,125.43209151782656,-64.6674360437573,27.588462563050655,126.25559829731743
2453,65.15595288635747,-2.3421468766752893,42.803032905335996,62.00936562048459,-2.3255833601354974,43.144798975295686,-66.94663042080327,27.39507400073816,125.53986491236716,-64.60349807984556,28.400437304900542,126.38562443753781
2454,65.38578774132598,-1.8914692759042229,42.83723783627119,62.23725341673502,-1.8744647564800156,43.17162630508,-67.01906841560367,28.222267350809002,125.71565029750754,-64.53760156557512,29.267769396944537,126.52540880671313
2455,65.62386127488205,-1.4418265079720722,42.881314360202666,62.47267494659451,-1.4256707554458807,43.20126254174727,-67.27137410817751,29.198925161168276,125.8698669867043,-64.60791795473108,30.11405912229312,126.67635513332343
2456,65.86762205538967,-0.9937301181449841,42.91659681397789,62.715151221092995,-0.9796809434357356,43.22071324196881,-67.53670609417624,30.201871679504166,126.03708139961614,-64.66375468116945,30.85613125293385,126.84350662594969
2457,66.10615053302726,-0.5560644743694289,42.940725831762684,62.95640158266536,-0.5398463760939388,43.23067932687718,-67.52025121245664,30.77663952263955,126.2103119655906,-64.55895966806717,31.086853344059687,127.0158377161686
2458,66.34605329219359,-0.11238139984454665,42.95417558880476,63.199821471330615,-0.09640439987697719,43.23417810614737,-67.12934760007201,31.075869394317895,126.38979659979086,-63.98059766220526,30.910181667275065,127.18486877329666
2459,66.58207515295051,0.3311426822118776,42.95672495878506,63.44029853871018,0.34813332812894177,43.23126683767944,-66.78584766983856,31.3322658102959,126.56521432193784,-63.563944295827206,30.913125842577468,127.35681953642091
2460,66.81836313851137,0.780622509414115,42.94842975567376,63.67737714351755,0.794793925431994,43.22331040517754,-66.61258471578873,31.28754630696144,126.6979907717471,-63.45738089370409,30.99270493991313,127.45730400150939
2461,67.04867300005712,1.2242066794246753,42.93015104714862,63.90840779325396,1.2362589109934756,43.21231228226977,-66.3219565038033,31.25250775693836,126.80431682951097,-63.2033639785833,31.28703432593959,127.53578110261971
2462,67.2784806367271,1.6712231178820678,42.91330602285538,64.13886318576452,1.6839902678878125,43.21252961383304,-65.70057042759244,31.151166685985856,126.87994898721705,-62.678885447316034,31.580579543747323,127.59229347401599
2463,67.50473809958429,2.118382946296812,42.907659289550004,64.36540429986927,2.132286534683459,43.2223942604015,-64.88537049358231,30.76406861433778,126.92504401235496,-62.00137229743496,31.4711863119224,127.63928629629608
2464,67.72934323541507,2.568474444497076,42.9139148546448,64.58818715892495,2.5822200256219694,43.24067268345017,-64.34703247185391,30.63958235998329,126.94434726664625,-61.68395394533119,31.39398574065939,127.6806863299425
2465,67.94942766279381,3.0168010638594396,42.93215309154584,64.80781182661445,3.0328238549056006,43.26624746030247,-64.10578948882579,30.7040598800992,126.94422581760632,-61.329307184742696,31.263374954223117,127.7152003562448
2466,68.16928289715162,3.461843930284746,42.961760269123424,65.02643267483562,3.479612818986823,43.295333674323814,-63.82219922053859,30.820408266404026,126.91952684079584,-61.04123512013202,31.369901156478107,127.74365107833026
2467,68.39258580100224,3.9049329811782645,43.00553436273397,65.24860785673886,3.925784231360855,43.331466607458474,-63.496626688131336,31.17523011829647,126.9266249252904,-60.982116201639975,31.8568608858438,127.77449342272514
2468,68.62545479082534,4.350512985964586,43.06138224065949,65.47971122423681,4.371722649855153,43.372519346378745,-63.31873553975284,31.44147437478234,126.94561579934219,-60.97464786349889,32.36055077108571,127.8130476682282
2469,68.86283901589675,4.789903212579915,43.10744086015381,65.71513332409273,4.812328116227601,43.40228706698351,-63.67618212041167,31.61713325518018,126.98661936893917,-61.39601775758227,32.68864646286949,127.87139846942513
2470,69.10533847640589,5.2262296377407145,43.14252683948909,65.95664618522973,5.249337648297683,43.42322856825413,-64.35081253380686,32.08522756999526,127.03677977195957,-61.93176413027315,32.99618773492009,127.93673328002701
2471,69.3492103304814,5.662395302433132,43.16722127569149,66.20116577013206,5.686841857430157,43.438221415827925,-64.7308412763497,32.79606884206395,127.09309333386535,-62.178323299225276,33.59892173981446,127.99738379565161
2472,69.59509893201135,6.096984220258683,43.183248229822965,66.44929709173131,6.12144870835012,43.44933113447569,-65.11690901732473,33.51132448733798,127.15977225398562,-62.292879427193405,34.006891418941194,128.06085599518755
2473,69.83665650866519,6.524989070976865,43.19330031795492,66.69221492222162,6.543455099002703,43.45766528136815,-65.38964566165383,33.78891762797204,127.23467848896061,-62.20207600431659,33.93180554997865,128.13188230568352
2474,70.03908915011145,6.948607003684857,43.191438137099716,66.89341510884891,6.9557686277031054,43.46091812721363,-65.48219781360763,33.74046812529092,127.29865201094199,-62.0203623535318,33.853278864505064,128.18221653688153
2475,70.16436138382741,7.368857549508696,43.19008782569428,67.01852752922183,7.364564652933862,43.47572330917887,-65.57971410976504,33.662249995627946,127.32737401540795,-61.95457148891578,33.897076464931835,128.1845955780093
2476,70.20477408397569,7.776021832920519,43.20339974773834,67.06010696029178,7.760343459107747,43.5031893786101,-65.4199491118092,33.52687764292592,127.34088106664603,-61.944686088246335,33.64662905714526,128.18739605332834
2477,70.2467150721494,7.406920290941553,43.22689306777337,67.09809806303305,7.399041285305299,43.537038753074235,-65.73725681257666,33.523696080742184,127.34769781669713,-61.99946484822002,33.795874102420434,128.19876457561887
2478,70.14300672507513,7.714473058337519,43.25751928246277,66.99335357134206,7.709337650826608,43.573412803191836,-65.31215135920579,33.37347761995816,127.35667923316511,-61.93408626358637,33.7254690382433,128.21784258851048
2479,70.00478935181619,7.9488033550329025,43.29822114352278,66.84358374382151,7.955516066600421,43.61510146563366,-64.94505986596324,33.31160696098167,127.36020711217137,-61.88239040356213,33.70554761807543,128.23997020983202
2480,69.8547068224702,8.118224432389642,43.348621845797716,66.67043594043953,8.139171950732266,43.66106705838465,-64.88948154538522,33.27044504054965,127.34902857029859,-61.851291010321546,33.713612615109206,128.26027042393073
2481,69.7095494740043,8.237183227341216,43.405469531126236,66.49584541857796,8.268203960923165,43.70686157186903,-64.85873295398494,33.17500878978191,127.3434781413672,-61.838798597414915,33.73555317913975,128.2748016315117
2482,69.57826229688871,8.316020755259576,43.449410229559945,66.32983805355133,8.350879012434442,43.73797053145055,-64.75458835841643,33.14990610983574,127.36892988699881,-61.841743183763754,33.760558906369496,128.29354551913278
2483,69.46762135361087,8.357581914791027,43.48038888652602,66.17911503398635,8.389467945885151,43.756590907442686,-64.86270779866798,33.18433019895404,127.38808694811856,-61.856751241288364,33.777953553029604,128.3021084792115
2484,69.37830632449482,8.365605802056237,43.49877877469719,66.04810234080209,8.38892425811113,43.76517729524617,-64.94928856640634,33.18817595695195,127.39598988457868,-61.87799338469397,33.78345739344018,128.30232779346446
2485,69.31436956693912,8.349862899294543,43.507188472030066,65.94368812659755,8.359207318945177,43.76796818911158,-65.01078711325269,33.17017587832375,127.39437895979395,-61.89786472258982,33.778512009560664,128.29849862236372
2486,69.27409892031123,8.322111169851462,43.50750710848618,65.86778705455106,8.312236397099838,43.770470617708504,-65.04972023390508,33.14162911683959,127.38809790349886,-61.9125933800325,33.765404353940454,128.29562855991918
2487,69.25435930892608,8.289128131314252,43.496390454539416,65.81809163109098,8.255572061310417,43.768236622924526,-65.06858677161237,33.10863086635736,127.3767175257065,-61.919427260750865,33.74595384815911,128.2887759373244
2488,69.25229051564956,8.254964193076615,43.47523659856595,65.78957149782752,8.197686112446554,43.76254548253105,-65.07138806527435,33.07427332401787,127.36372820485171,-61.92023975292864,33.72321768738602,128.27942280163444
2489,69.25126655661072,8.218572262822954,43.461059197083586,65.75862489895508,8.14056234980954,43.76279574486284,-65.07320609350288,33.03868826927053,127.34940845199199,-61.92974067908789,33.696396597632464,128.27682424937197
2490,69.22744209499612,8.172928797062507,43.453898019858684,65.69871974534954,8.07739859446433,43.766782111696486,-65.06424700545702,33.08746664839614,127.34165446185763,-61.92309809976002,33.78502558031106,128.27742133066423
2491,69.16727067514552,8.121881958085039,43.452990249178484,65.59972595921401,8.012978006754516,43.7726742856522,-65.26263611233406,34.17899355115708,127.33535613588177,-62.209801327893274,35.30823418829336,128.27366770040132
2492,69.06381437042752,8.060208729657562,43.454904090919534,65.46091608909134,7.939267975727556,43.77749434440873,-65.3912698439616,35.24808313463121,127.34871658083468,-62.36829832616971,36.487769090860674,128.2900600717372
2493,68.92402978706077,7.97042028287442,43.45515663203149,65.2990958552592,7.836615130061197,43.77968785370305,-65.57333898637,36.42807278680687,127.37697357459339,-62.54232326273849,37.58481416455081,128.32070080816806
2494,68.76683920681157,7.829533365993622,43.45800758953565,65.14043145244833,7.6858048867573485,43.78100762597719,-66.12183696861811,37.68041510538866,127.39797551140144,-63.06528457667528,38.58658354144832,128.33184393340758
2495,68.61334316633098,7.6174188717317275,43.46486654307379,65.00456635121294,7.478299066291431,43.78303719437358,-67.05183099734568,38.94225427422204,127.39653494578967,-63.8144470909331,39.49101235230414,128.3180026274249
2496,68.49234126949901,7.336126478796062,43.468864710242485,64.90560571029675,7.221205907582929,43.78504448975562,-68.16282153113626,39.791855006607015,127.37218776331552,-64.47821375588266,39.79281729535386,128.28809656808198
2497,68.39963009396043,7.013303471606204,43.465923062314204,64.82782242476465,6.932828003037804,43.78027293868295,-69.33249248963203,40.722486313882776,127.35844324990602,-65.03528910248554,40.36845949110145,128.2799034237782
2498,68.30494958990556,6.664531856824827,43.459256965585155,64.74179260279135,6.622444645579368,43.77220327175775,-69.7323176113227,40.90993225805666,127.34922443949492,-65.53036091503952,40.74285467579566,128.2752672991884
2499,68.1851881091414,6.3065728499113005,43.44881657200282,64.62825547169024,6.29867861508926,43.76051630257898,-69.96071591869237,41.27711516803776,127.33175783056303,-65.67906035208736,41.22505834798105,128.26274847780593
2500,68.02534589896445,5.95070600838376,43.435093825926295,64.47770898226435,5.973399882686229,43.746360551908786,-70.05110115940343,41.55198992676399,127.30700140984423,-65.70190316990121,41.60155923246319,128.25225124276108
2501,67.82485232220887,5.597049351719772,43.41714484814641,64.29233740420267,5.647237195140108,43.73036117120263,-69.76838575585568,41.55703883643065,127.28519439202358,-65.48107535105603,41.60298958230282,128.23379301599118
2502,67.60132630161974,5.24709917025628,43.39593475188006,64.08594214258986,5.322366465251979,43.713823583247,-69.29567517011863,41.404975844258985,127.27353293305632,-65.20277370232186,41.605048442797845,128.22239108143393
2503,67.37395010278448,4.88971012726834,43.376938781310564,63.874804107919736,4.986450816282023,43.70446825885361,-69.4513039678178,41.21323802771762,127.25713738353109,-65.8503442156757,41.25980897363414,128.18886652746644
2504,67.156724754529,4.5158364328408584,43.366698657205866,63.669781614569544,4.6333688007586975,43.70317211711069,-69.65125768389426,40.807899417365235,127.22939059412164,-66.32790124251585,41.05251243947883,128.16477923908582
2505,66.95694711484481,4.125706707448435,43.36570987682046,63.47774379906663,4.262277290268216,43.709453732765,-69.80847740561941,40.49831556655217,127.20249464777321,-66.73880187799327,40.94046362579706,128.14531787561444
2506,66.77013544908168,3.7239134300534054,43.374243475728164,63.29463797902654,3.8766486759306726,43.721290412558666,-69.98570540447788,40.08872799842065,127.18844883927595,-66.8676551835201,40.837460795214646,128.14055297187286
2507,66.58787119658945,3.3129594928605726,43.39182372214976,63.116250995003924,3.4808482353114365,43.73728769443599,-70.54267830042343,39.82142450829491,127.17052209227317,-67.45276729139552,40.93892151502712,128.13153700162295
2508,66.40035740990751,2.901478508270263,43.41814644304864,62.93486875945658,3.0817190876091582,43.75687720155095,-71.13725649676637,39.740316173212946,127.15115879068514,-67.72988441106212,40.998477523146725,128.11166429713532
2509,66.20255734451027,2.4955325306598115,43.452351989703665,62.745377547340496,2.688812805942803,43.78017266384775,-71.76389913757177,39.68098475667146,127.13233156654337,-67.89401179404015,41.08154331150689,128.09972601733634
2510,65.99160094760728,2.094997464511893,43.48160781690861,62.543558238444454,2.298491717321136,43.7972074383491,-71.93636709695068,39.941896291785916,127.13324868768237,-68.22372084364576,41.154856155863904,128.09222176595165
2511,65.7715945564557,1.6943360004780001,43.50367603862456,62.33011131134145,1.9047576185468902,43.80818909751616,-72.21563419677163,40.00262709913266,127.13084599388158,-68.61727307794237,41.02269002687918,128.08559088070479
2512,65.54923516272859,1.294091428004649,43.51870126361854,62.11162713120024,1.5104003917103266,43.81533780853216,-72.18875472104872,39.97770197202078,127.13412609860164,-68.53999310578466,40.87173218000911,128.08729469248584
2513,65.33100133645253,0.8889781079095874,43.528785383014096,61.89260730395778,1.109120130981776,43.82173670480133,-72.55669339106761,40.07764237940905,127.12719628499964,-68.83539934208417,40.91101135753351,128.08401615503283
2514,65.11922742663809,0.4818988099192065,43.53076874576124,61.678767305954,0.7056830124887761,43.82301152485515,-72.74626374883808,40.04763268427341,127.11843426028271,-69.28676781390257,40.987345100884525,128.0751461683748
2515,64.914379936888,0.06841753812909679,43.52650258521292,61.47392806300608,0.296542218750091,43.82189753583079,-73.18485671920541,40.031431967452505,127.12096483665206,-69.80919212660069,41.03074604924566,128.07157362155516
2516,64.708906385241,-0.3509083381324249,43.52446380987803,61.26962916415573,-0.11603905690065047,43.83017805971927,-73.75037727659456,40.18446697476761,127.11588793260687,-70.34921538418509,41.33261343790418,128.06217362266392
2517,64.49834675987114,-0.7708906394771363,43.5316570088493,61.06074483217103,-0.530283917311482,43.84607243733625,-74.1635216767769,40.328535301066786,127.10241925916634,-70.76929874305891,41.56022542807647,128.04332903674288
2518,64.28117868726954,-1.187519664200337,43.5481353023357,60.84621770417058,-0.9427810561981231,43.86770126005894,-74.7936670501763,41.16138934352463,127.11031149733232,-71.53465015505539,42.50277407854118,128.05460101352455
2519,64.05705326135391,-1.595939009098144,43.57032604132361,60.623231646521575,-1.3457182386945294,43.89198439729148,-75.4768750616855,42.09627452567448,127.11643531814084,-71.83392828813098,43.35658040501965,128.0711695607323
2520,63.82893556940584,-2.003320391605285,43.59765646315679,60.39508162988449,-1.752850049419989,43.91980432656571,-75.88754792828765,42.800315831587156,127.13571853752525,-72.05515007022802,43.870048408687936,128.0954774273662
2521,63.600024021950276,-2.411059098548558,43.63404566763146,60.16590350720995,-2.160152697996538,43.95177809384344,-76.02790863706733,43.35885762994224,127.1705011157489,-72.07093287581519,44.12965496900686,128.13143365004163
2522,63.370488445341614,-2.8279447159483424,43.67759670867423,59.93993229961297,-2.578293254716941,43.98580425338856,-75.95195586349463,43.8318739662661,127.21191343169453,-71.93742438254026,44.20899018531963,128.1754141974316
2523,63.14183403516313,-3.2474140624794856,43.7172149920999,59.713730922156756,-2.999801927282272,44.01639032406807,-75.64490289559957,44.362202098783484,127.27596368081267,-71.61778505718655,44.629457756689746,128.23671268482835
2524,62.91345467381078,-3.6692325909573347,43.753468843373035,59.48780773483908,-3.4240272664536477,44.045216608753755,-75.35540280977511,44.889604292872676,127.3578336086871,-71.3792955674087,44.94459430659839,128.29878884248865
2525,62.68128525406395,-4.092589262556276,43.787273442773305,59.25944381283294,-3.8458381564357493,44.07373679660014,-74.79274310197954,44.802933423575304,127.4284512917605,-71.22009369246518,45.10156028361395,128.35980380509068
2526,62.452007959881,-4.521990427296978,43.81764967519586,59.03170441101983,-4.268434866752722,44.1003640023238,-74.22537633079689,44.68324412118042,127.4425088290975,-70.77998920936776,45.272157748653676,128.33554766863813
2527,62.225257509502825,-4.953912672174291,43.846213984871454,58.80460014922615,-4.695583394684996,44.12785119076159,-73.71353116912798,44.656778305940776,127.44714871978968,-70.49428287508978,45.36770229794212,128.31289831134308
2528,61.997825929570794,-5.386820617065397,43.87204315642112,58.574538105438485,-5.121264291660355,44.155430974151415,-73.29310649180438,44.55718792098111,127.43793111467627,-70.23400867569394,45.189026778352414,128.2912777072269
2529,61.77519588138325,-5.815353598035701,43.89718692428371,58.35112231337449,-5.544736810864315,44.184513854249694,-73.22234462129762,44.453047114453454,127.4077693313637,-70.36689158636004,44.90699376064772,128.2597911289277
2530,61.5607306507887,-6.246754971095461,43.92623878498096,58.13392481802839,-5.974523999911044,44.215702855373195,-73.22930180997643,44.18692764989177,127.36427113283578,-70.37654399623513,44.81398111862973,128.2433365394548
2531,61.34683698433361,-6.682628526522666,43.95705968977478,57.91891232502835,-6.410434495012765,44.24718582869736,-73.23762116560128,44.156947313392195,127.3159018184771,-70.40849180698324,45.04901891258946,128.23667276788674
2532,61.13280503300492,-7.120533592487791,43.98626717224043,57.70461708546972,-6.846969337524874,44.27630848423822,-73.27151116216693,44.19281022849626,127.26057388795752,-70.49939354851851,45.23154276406144,128.2324763605897
2533,60.915476488622325,-7.5570962404915,44.019081453423695,57.489353157495,-7.282942092240015,44.30739482791863,-73.20165765134085,44.43036202500529,127.30570957283143,-70.11514104261335,45.72278811591663,128.2997979352146
2534,60.69580202475019,-7.988519574947041,44.0565448799648,57.273610656579606,-7.716445380304263,44.3432167362012,-72.9867098326552,44.724315162290665,127.42239161065883,-69.66937035532935,46.149045754221575,128.44845133352706
2535,60.474118986721784,-8.417902895222811,44.094599105723795,57.05420568994586,-8.14638462644769,44.38026849498981,-72.8782804181134,45.38909976305665,127.51253610139761,-69.42199040113806,46.7538816796119,128.52671299650729
2536,60.24794785469943,-8.848408046733724,44.13209730544977,56.83028973957736,-8.575257091062468,44.41733957800887,-72.48617208816337,46.01718814253736,127.64919990216988,-69.17145711646396,47.03937482674819,128.6399253771034
2537,60.02040106765991,-9.278645023895473,44.170259796216,56.604039881070506,-9.004898883997173,44.45480747078133,-72.07545466536845,46.57377356209367,127.791516749797,-68.85480721195584,47.303933288356916,128.7462494778195
2538,59.794382337234026,-9.707218724994759,44.209901027226515,56.378664400254756,-9.433381675788148,44.49337296452529,-71.57195861769584,46.94837279830547,127.93704243485648,-68.48924375830252,47.57137652336039,128.84327082592927
2539,59.57288210833286,-10.133974820779367,44.250491012609814,56.15755762636069,-9.861687240358474,44.532438761152385,-70.99712700577406,47.512117361128844,128.11234566013894,-68.16183612768656,48.04846024161411,128.96404771138958
2540,59.349961941390156,-10.563684664899132,44.29160086711538,55.934607201680684,-10.292274874467461,44.57176350848245,-70.71799170133615,47.69432037710124,128.27632962915007,-67.84794493343853,48.224905653524615,129.1114375218665
2541,59.12759162407151,-10.990747613191816,44.332436636429215,55.712034408584394,-10.719952737589521,44.611060613954315,-70.80004251959909,47.78823117549236,128.4017332758672,-67.96480164512485,48.274863056242886,129.2746307767691
2542,58.902515579103095,-11.42518447332326,44.37170748081835,55.48649869532686,-11.153795959418485,44.64920779518851,-71.10661892064319,47.56392432928803,128.5313157375036,-68.47959468744898,48.138554441445294,129.36932618090103
2543,58.68102993217661,-11.85518463067094,44.41001108144499,55.262178173807754,-11.581813291111331,44.68684945805873,-71.38705759142124,47.5404068350307,128.65579198006867,-68.80847210840341,48.11270068226166,129.48787146531524
2544,58.46329247767045,-12.28694251748365,44.449336641731804,55.041430414114004,-12.012730434545652,44.72565922216149,-71.8328416679914,47.5758025602403,128.78767210656727,-69.1885241975184,48.21329294031994,129.60750216402286
2545,58.24609399555067,-12.720838716748474,44.489525007171956,54.82181253915023,-12.444598401508733,44.76553962102246,-72.5256954259578,47.533049466397394,128.93372059489727,-69.72620789206655,48.24580910098082,129.735524839527
2546,58.02742302350557,-13.156243093629744,44.52931279320299,54.603090714017405,-12.879707841984198,44.80529959393203,-73.10884876217233,47.280338809368125,129.0405672778711,-69.97615509526521,48.24435873618447,129.8278577121782
2547,57.80806658645445,-13.590870030578184,44.56826768829781,54.3840843368286,-13.314605108763041,44.8442429862868,-74.01887936943432,47.76734658599576,129.106093335763,-70.57853344763205,49.07445888968512,129.89487744174053
2548,57.585454424930184,-14.024277803638322,44.607548875949874,54.162560532027655,-13.747592805796838,44.88363713781763,-74.5277706101318,48.21406591947996,129.13771872291386,-70.86342959871364,49.58078833917451,129.94608460453438
2549,57.3586535879117,-14.451023239345545,44.64809704138625,53.93681908175449,-14.175507017530105,44.92457074224971,-74.74817090845158,48.724607749860084,129.19391240825738,-71.10570470771495,49.89156004549917,129.9862883450743
2550,57.13003559149761,-14.880451447542962,44.69022420903153,53.709439968893776,-14.605802196974947,44.96715049788301,-75.232224123894,48.95141568497131,129.20506926188236,-71.59300750119482,49.826137007395594,129.9987189952778
2551,56.897074739222234,-15.30491801604467,44.733087282557996,53.4789738892935,-15.03001035536297,45.01003361247837,-75.66143518153721,49.09822588507275,129.1706192847639,-72.02485326766786,49.783924369079614,129.96765583744607
2552,56.665441195704176,-15.732279229066172,44.77635753047169,53.249887996134674,-15.45562859356642,45.053085156138565,-76.32275152062812,49.49831837207279,129.1084827420183,-72.9268245522912,50.06356937016615,129.93555558302552
2553,56.43711611203146,-16.157370915982135,44.82004685230459,53.02240669795383,-15.882529080978188,45.09597138655278,-76.74426736867815,50.09366173987266,129.04163610093548,-73.13424308711443,50.532113558805705,129.89464064699573
2554,56.21034280574979,-16.578793035561883,44.86438804944298,52.796442722912026,-16.3057747995196,45.138956759040674,-76.98425833380107,50.01720208725502,128.99798353140622,-73.426618351482,50.806794052092265,129.88689905307953
2555,55.97923766234753,-17.002435860000688,44.90882513785954,52.56630447769752,-16.7295588264548,45.18185517909245,-77.21212478597467,50.17856254949929,128.9595525793566,-73.44868346973914,51.192071893985045,129.88512012281763
2556,55.75474672323392,-17.427116518068615,44.951334120604066,52.33968684969168,-17.15343584021175,45.2232258230889,-77.47707941399355,50.389943362350934,128.9098305322224,-73.54009120507295,51.478521232943784,129.8677295778253
2557,55.539281818236304,-17.85260477258939,44.99320042656749,52.12302529023277,-17.580578440983263,45.26443619358104,-77.58073725373676,50.713477211639834,128.89961933829508,-73.68034083966027,51.55277736157888,129.88894015224554
2558,55.32594198345824,-18.27834474054369,45.034741246765,51.90820712691137,-18.004771267555277,45.306011364888185,-77.68403174446483,51.10766559375664,128.91283271390483,-73.83225912039954,51.717193297219644,129.898336810327
2559,55.11227117300048,-18.70393679870242,45.0772936976149,51.693204448931866,-18.429298025206684,45.349819620848955,-77.30659619234862,51.27371821817508,128.93003245981348,-73.8411779296201,51.830954420844925,129.90398563796452
2560,54.90066696608483,-19.125765905097666,45.122182784800984,51.479192170253874,-18.85141017488723,45.39598820439909,-77.1599998069146,51.176378674024335,128.94024691412108,-73.66179410609429,51.80868451519474,129.88410902990222
2561,54.69136599499272,-19.548553527091055,45.169634614357484,51.268244780093994,-19.274747443055148,45.44430893432992,-76.87677107050946,51.22067921685138,128.94705129011777,-73.45425966411038,51.88585969664449,129.88762407615891
2562,54.480563815751644,-19.974143933060656,45.22049743296842,51.05525341525394,-19.70250787720881,45.496022759336114,-76.64275201272308,51.1211101644414,128.94288898854586,-73.1535769488412,51.91447884563812,129.87928815046158
2563,54.27002553283887,-20.403396725693415,45.27354794450637,50.84169664524652,-20.136252686494146,45.54898658265134,-76.4652756633405,50.780457079703204,128.9361931813237,-73.06365203708353,51.57593041014132,129.85281568491882
2564,54.058363680719005,-20.83641483443495,45.32752073660374,50.62993318574816,-20.57339988024229,45.60177950596301,-76.41491932639067,50.49022189672924,128.88250328911184,-73.22921453471453,51.2199072465486,129.80186388451366
2565,53.84305440370822,-21.270173380383632,45.382690996463154,50.415627749280084,-21.007796014426653,45.65443793694145,-76.53253427131861,49.97719006460334,128.80947222568724,-73.6389491772296,50.728415225900264,129.72702014708153
2566,53.626143438748066,-21.705314249155297,45.43962010667998,50.200878142977714,-21.442719555439446,45.70892416114134,-76.6340389236572,49.438834121092576,128.69696572071254,-73.82973453070473,50.28432055732619,129.60948095523784
2567,53.407361286977064,-22.14029467661028,45.498618147953316,49.98476876756968,-21.87563907880654,45.76571481176865,-76.91751763790768,49.081906586202294,128.57559043615763,-74.04706246416188,50.0708835651768,129.47712267940562
2568,53.18733282089076,-22.579137349308915,45.55944856082024,49.77026454369398,-22.310732678416965,45.823953695864354,-77.4344086587841,48.36878387590296,128.4471728466504,-74.48196861324921,49.495255551563474,129.37967095103193
2569,52.96752279255973,-23.022890837548655,45.618435950609005,49.55224079257026,-22.75325173941432,45.880781964549094,-78.07206232446254,47.8433982298682,128.3557718923904,-74.86114933619385,49.2650005560789,129.3441742205737
2570,52.74709547975321,-23.465090386010946,45.67460769886085,49.33063520702991,-23.1967637511535,45.934699411243,-78.64653018033442,47.55718827297108,128.30994900641184,-75.23313913216617,49.05015651941957,129.3599272270497
2571,52.525798548285266,-23.905081179720415,45.72838475541313,49.10877571302371,-23.6372844474905,45.98646380422012,-79.04233545075988,47.35734553006357,128.31275698571537,-75.52150174810546,48.917667936773746,129.41192571103085
2572,52.304185991951414,-24.352200693331525,45.78177256511815,48.88703361651987,-24.081917169104365,46.03789407713392,-79.23126185067517,47.30239879593745,128.36682858346884,-75.74139308837094,48.81419381422332,129.49344979192463
2573,52.08154210204377,-24.7986157792672,45.8248610123391,48.66313075898323,-24.525180682854508,46.07692236985323,-79.51414758746823,47.25454489236911,128.48905277544847,-75.91294330003574,48.68614840405704,129.5957757569668
2574,51.85797562027488,-25.24516178028618,45.86009587352958,48.43789140274291,-24.966601411552823,46.10868016701558,-79.72221929074219,47.09544786026252,128.6694900428272,-76.00642631913097,48.569266405475766,129.71755973066857
2575,51.63501088297758,-25.68959217249347,45.889705325031386,48.21613918915732,-25.40542079651777,46.137814575766406,-79.81552960592956,47.19997527619738,128.86516605486418,-76.18279784869313,48.441870600300525,129.84666289216608
2576,51.41834599552709,-26.134321210106194,45.90746233479638,48.00007487752073,-25.84681843152965,46.15746920487835,-79.71613331140342,47.02789659032415,129.02211762580788,-76.08209258176525,48.18378974987404,129.93807481192576
2577,51.20906905345381,-26.578824706365403,45.916121965332174,47.790647332011716,-26.289869055345612,46.170925179085074,-79.59269868875653,46.80509476251115,129.12975836714259,-76.03636322903169,47.87070821847313,129.98615683274195
2578,51.0036051764858,-27.023788705616095,45.91996619493096,47.585093516055956,-26.734770789993714,46.1835765613445,-79.49854159143428,46.53869527032406,129.19589061573157,-76.03401305798066,47.59570456813173,130.00549582350303
2579,50.79387140293291,-27.46753687619513,45.929372942951304,47.37727905203759,-27.18065356269632,46.20967257574419,-79.32160858388139,45.98714057776524,129.22325976645823,-75.90364259012307,46.97914257365239,130.00475958189654
2580,50.58630597781492,-27.910691759892096,45.95295702017192,47.17041773643684,-27.628588433655416,46.248008772275014,-79.18569893474296,45.46885866543667,129.2507500352548,-75.85139050348526,46.48577571284688,130.04226403416675
2581,50.382269419357605,-28.352671324108947,45.987915319834556,46.96723226320199,-28.07194985852625,46.293823635430336,-78.94975890470921,44.93003214330526,129.23106061703902,-75.62826091905661,46.05035941207482,130.04790103139098
2582,50.17900527564906,-28.79750901829267,46.03053550225659,46.76500759736739,-28.517912882336066,46.34256124542743,-78.62367010321653,44.45291606278957,129.16937357135885,-75.42752626147933,45.74997619284012,130.02592741835824
2583,49.97384271847241,-29.23503520015878,46.08682554277517,46.56133398843158,-28.955622897052244,46.3985142424391,-78.53695652166115,44.05884081086162,129.09089349556538,-75.35033543295089,45.479828907327665,129.9735585716961
2584,49.757167941021244,-29.67110997974283,46.15969153410652,46.34750638245691,-29.390017243930632,46.463354397258556,-78.51639038021098,43.71815052535758,129.010221113295,-75.41280406922021,45.236670581029536,129.901923071982
2585,49.53307137942924,-30.100249469901133,46.23368787406139,46.125721026183804,-29.820296710013398,46.517769113650886,-78.45072788381998,43.478427724258594,128.92805429791187,-75.42987937049769,45.160152712860175,129.82194971459657
2586,49.30242746947104,-30.530422485463102,46.29486700969295,45.89292710852458,-30.254879745660244,46.56038532921446,-78.49197707717558,43.488814080749144,128.8373644689563,-75.48559979822247,45.046689475844865,129.7290219369986
2587,49.07163034961342,-30.955806070678058,46.341195310362416,45.658707544184225,-30.685936704976758,46.59302435710115,-78.44644523557497,43.4841295204701,128.69797700929257,-75.46111359100969,44.9362824723396,129.62585853697595
2588,48.83702376219017,-31.38961310334745,46.37548899886605,45.42094479184368,-31.12060137499561,46.62003833467928,-78.47052350339952,43.29395780406242,128.5236941736321,-75.36353154738664,44.53516359617576,129.47055554750338
2589,48.603245207744735,-31.825434185320777,46.40148357800684,45.18483024553874,-31.556815319740828,46.64424981626606,-78.39003600532251,42.99119791910809,128.32471975491967,-75.11626001832984,44.10508442382163,129.28646614634152
2590,48.36774542103324,-32.264500932800885,46.41836163300637,44.94893743190809,-31.994109179782896,46.668490919820684,-78.16274038311029,42.69003796569221,128.15063969066586,-74.79467657283777,43.736989679233716,129.13927643566873
2591,48.130753759442676,-32.70613396210556,46.42628904595534,44.71542599804616,-32.43172681976107,46.69320351400092,-78.03646957586749,42.37205438884569,127.99292147347509,-74.79814684906762,43.39924169803447,129.01413454423155
2592,47.89012532027236,-33.147660848704675,46.44114236768387,44.48002993868919,-32.86996518569733,46.722851246415026,-78.20635633641946,41.93934600385592,127.8501178984378,-75.17690225683835,43.0847728850023,128.9118404592975
2593,47.656357680067735,-33.58929061042455,46.46475851570996,44.24886911450834,-33.31317992369067,46.75656716499891,-78.29391683230335,41.64703215107337,127.75319323575755,-75.40780419915608,42.975882115549815,128.8642754125325
2594,47.427075984907056,-34.038062960279284,46.495585778989266,44.02101496412384,-33.76203390029137,46.792200349809185,-78.28638697715847,41.30122548309977,127.67957423273135,-75.3936745067528,42.79490408011335,128.8309926887018
2595,47.20612470661068,-34.49168257650395,46.53251876868654,43.80119034629962,-34.21380979325442,46.83000902224667,-78.10864510720168,41.218513631241954,127.66584022817584,-75.05817166968775,42.71107513687915,128.81608501569994
2596,46.986644219187625,-34.94407641370146,46.57485290705049,43.581332293695986,-34.66458638210357,46.870028677475695,-77.98257752307545,40.90617444777852,127.67013119719168,-74.69132362982876,42.217283335254464,128.7685681839906
2597,46.764164616636776,-35.39446472775565,46.62147809818602,43.35729463776316,-35.113714759952444,46.912586247967816,-78.2437591477478,40.78071767324446,127.74741838535034,-74.81775558436742,42.05929554435922,128.83239713359862
2598,46.532499954563995,-35.84241051246845,46.66925271011778,43.12700447405411,-35.55948685456304,46.95419904035243,-78.30341812214627,40.7412693901783,127.81264900559755,-74.89457974891512,42.00537687716863,128.85952497635088
2599,46.2899124036567,-36.28577789530032,46.7144545404367,42.884520129491506,-36.00011050670366,46.99439988908956,-77.86227955289046,40.61496415944321,127.86653658835246,-74.63093373102494,41.80365514280757,128.8632797633619
2600,46.04589686772116,-36.72806534641641,46.75648618482724,42.64119752576089,-36.44119967058305,47.03270447133132,-77.36435978802034,40.850830689681345,127.90830218478034,-74.26718581816218,42.29530320795884,128.88418169839562
2601,45.80794116678656,-37.17226416250905,46.79196539101522,42.400392286002514,-36.88638821180585,47.063395366624604,-77.09740074103568,41.177180965078215,127.94305804530028,-74.10417228171043,42.71192780208293,128.89617195339076
2602,45.57059072108659,-37.620721200821954,46.82260829761949,42.162524747129304,-37.33399435865178,47.09005517283577,-77.08372982085324,41.38301049388381,127.96414955436138,-74.00388630794869,42.922074640093065,128.89768105182065
2603,45.33735658937825,-38.069580720094535,46.847282335990485,41.927649689273174,-37.781433489524446,47.11241892104268,-77.18082338211461,41.93861111023807,128.00651246763758,-73.99273023463842,43.15252270829245,128.8966200862974
2604,45.10333242095996,-38.52032665011803,46.865413136070806,41.691860415605305,-38.23198028014865,47.13134335284963,-76.94127455350127,42.65278365025384,127.97742031017522,-73.92151118790945,43.8029329871873,128.8977674366854
2605,44.86754973646482,-38.9685856201202,46.87789447775293,41.456074808549545,-38.677976929145174,47.14579149471316,-76.85345895223502,43.303380731063285,127.96324520878527,-74.04950697072118,44.30754716913433,128.89382071314893
2606,44.631157429986786,-39.417518496971326,46.88454166840381,41.2201324822926,-39.1251466093035,47.157815709991645,-77.02049857276758,44.182125914594145,127.96512631309008,-74.18051682115843,44.87730084459486,128.89318117999076
2607,44.395649551736234,-39.866099476478844,46.8850931095216,40.988228209837956,-39.571677883839016,47.167053442010406,-77.15857707479172,44.445609116632404,127.95697840371474,-74.11084979162227,45.129962927893004,128.89273117724682
2608,44.166516975104514,-40.313851023656305,46.88524232400805,40.76036151232975,-40.02050316697156,47.17390407668278,-77.1802263701464,44.59873269554493,127.98090590249497,-74.0139479903372,45.199147137472636,128.93392901186863
2609,43.942879460952796,-40.76233778366712,46.88675636302707,40.53905610159832,-40.46928509283731,47.182035530141,-77.25616866125978,44.86469728297995,128.02945034569066,-74.03376920522815,45.28789985257488,128.9944599059281
2610,43.72132394896024,-41.21463836377332,46.891812233465764,40.317997312630894,-40.92318254269938,47.19273072901705,-77.22970638624689,45.061299536968555,128.1179099387736,-73.97397784270129,45.32133599795143,129.09734644579072
2611,43.50047212219906,-41.66191358751268,46.901438351478944,40.09611513768049,-41.3708979180336,47.20763250515778,-77.19899511326881,44.979179071178926,128.20067214018275,-73.8693431307953,45.42320835706994,129.17629299222799
2612,43.27738125769508,-42.10734296096184,46.91432226284247,39.871030375241276,-41.81504136220902,47.22390379210261,-77.2141455254035,44.78399700367111,128.2773720602578,-74.03374021334788,45.32921956045335,129.22488000915274
2613,43.0525117559871,-42.547333966980915,46.92873550285605,39.645599531045605,-42.25455050547832,47.23970799063934,-77.1064671309451,44.56129889695876,128.39032741648535,-74.02400330819182,45.380045705404385,129.3169239378896
2614,42.82389023411301,-42.98281110532784,46.9460815449704,39.41826245416146,-42.689862655698775,47.25583385642684,-77.0988501596412,44.57920903343818,128.52257307163114,-73.97686380356375,45.55744201126625,129.41714865036803
2615,42.594584676125855,-43.412568278279196,46.96541317719724,39.18888288392882,-43.12119546282872,47.27168629822081,-77.15893737086293,44.66854499871527,128.64601017729888,-73.99101291665627,45.665621933526644,129.5268091696251
2616,42.36611170200012,-43.84421654320664,46.985579007992285,38.961023981192064,-43.55424092695577,47.28867065750889,-77.1421930855714,44.79426783059826,128.73600835045664,-73.99101396115648,45.8377399472142,129.59471845182398
2617,42.14087099212681,-44.27759728429945,47.00769413822796,38.73506935182409,-43.992303917294834,47.30848566588082,-77.14911994033893,44.976766809728154,128.76115879222615,-73.94832062682356,46.015593465012174,129.61218697032194
2618,41.91987481136452,-44.71427037052587,47.02845243756493,38.51227027852478,-44.43383601803657,47.329124162305206,-77.23752255830084,45.013303096032246,128.798416385446,-73.9701272075044,46.0296130315768,129.6402927188569
2619,41.70223681395844,-45.15008700727774,47.04898560988946,38.291273225946156,-44.87225256934546,47.35009073704993,-77.22855248877964,45.18564587775706,128.84254350702474,-74.0963724744549,46.05430242595094,129.65760700938924
2620,41.48781452591851,-45.58806340042933,47.071258412471074,38.07641330851532,-45.31045146307451,47.37189275080005,-77.32026392873736,45.11535858060192,128.85091227182767,-74.19874025748861,45.8616632291194,129.67483111502816
2621,41.274161586567736,-46.02600818316562,47.09581327614498,37.86430964765026,-45.749202299345285,47.39497236095918,-77.46347096240638,45.03548213402936,128.83994616714415,-74.31922564043842,45.83245609340667,129.68814266964517
2622,41.05476199485134,-46.46741030689069,47.121481494444566,37.64641305993749,-46.19147833356683,47.419001519327665,-77.8391138629835,45.302807710349605,128.81331469536548,-74.79146224759309,46.25922797931259,129.7060299146548
2623,40.83122276767142,-46.907820311773996,47.14729573785823,37.42485332264147,-46.63292560432547,47.443128049498895,-78.10891455738874,45.39747555213728,128.7873315044825,-75.01188529869715,46.44341239340727,129.7013091540439
2624,40.59983303770566,-47.35309397806277,47.17265858194358,37.19353813346645,-47.08163383437499,47.46691383378042,-78.41929737374608,45.364188347077786,128.79381722653724,-75.19997193980812,46.44894544829289,129.70664581680683
2625,40.36777735002248,-47.79646252436637,47.19992227692462,36.96169077752093,-47.52955160720789,47.494780673767124,-78.68843685122637,45.407634215231866,128.81392802960258,-75.34945436661435,46.43183235351575,129.74411492492862
2626,40.139601141457405,-48.24128998387706,47.22901818192596,36.73177869858866,-47.97355762277133,47.52521748756326,-78.86499957461697,45.267517948285565,128.7978318315478,-75.44808281621735,46.17782694285889,129.71815486065037
2627,39.91036061955563,-48.692901260626485,47.260798810630696,36.50285609641188,-48.41967626747674,47.55800726530825,-79.00827498625836,45.18225689368983,128.79955359028847,-75.48620608296682,45.84141323631644,129.7245887035326
2628,39.683380980606856,-49.14536046746436,47.2932280424993,36.279001449814956,-48.86676886705366,47.59057884987698,-79.06368830341358,45.012384843748244,128.82543104956974,-75.4297219552633,45.579513479683946,129.76350303055403
2629,39.45815557019538,-49.59367348346822,47.33120641660309,36.0568011150608,-49.310360365041994,47.62722511228852,-78.85094476205902,44.31602253589925,128.86193484155436,-75.37655689059423,45.090038407541925,129.81828408622087
2630,39.23094718890934,-50.03602786901462,47.377252155953215,35.8324372432692,-49.747089859446056,47.67022814991336,-78.68628174755294,43.69022575087826,128.93863712005523,-75.24391902117695,44.63496978053774,129.8961442378703
2631,39.00017229617903,-50.47409830971752,47.420684427178514,35.59948042153474,-50.186365104673676,47.70644979673913,-78.56065356992849,43.32256856862089,128.9861170654565,-75.20309323355697,44.49007613935011,129.9279703374243
2632,38.76682126553043,-50.90852288449234,47.4570253054207,35.36304466350244,-50.624145974080925,47.735797955699745,-78.60287215118002,42.66335249092501,128.94009410689347,-75.40304565622591,43.94249996321309,129.85630428857274
2633,38.53101515428237,-51.34696661501949,47.486135841441005,35.12385793819196,-51.06341384405153,47.759134194388615,-78.43992463587709,42.23492467857459,129.0053632085547,-75.26016661069667,43.58882625280058,129.89952040257793
2634,38.2979606292593,-51.783822317536995,47.509252516116376,34.88713160006695,-51.49991084568734,47.778210968972395,-78.06749000715989,41.890794606660464,129.03862389177527,-74.81737729247007,43.29089708387539,129.91689248502908
2635,38.07074228643096,-52.21797089764343,47.52648488023874,34.6586923736753,-51.93545626447477,47.794254328799575,-77.77623450862379,41.55246159919423,129.05977903864326,-74.49210630899279,43.06277492991602,129.94856813776263
2636,37.84349478800377,-52.65989985809646,47.538369104816226,34.433921664492495,-52.37704282122104,47.80923673812648,-77.37164787108142,41.35104180068031,129.04959948852562,-74.06702554472126,42.79319507402012,129.95450703176243
2637,37.618615725899474,-53.10423544613132,47.54353129591579,34.213611769521684,-52.819682476150426,47.8216559742958,-77.0554133485236,41.2378629219564,129.04973720814098,-73.75477219605395,42.637471289547776,130.00374776251985
2638,37.39451060555855,-53.542987199296554,47.54695777233606,33.991447723561826,-53.25863949242539,47.83188417547571,-76.707955759297,41.013943737085434,129.11310458093013,-73.529709658442,42.576547822113426,130.10125193116983
2639,37.169153804916114,-53.982281115182104,47.54875775338789,33.76622404719016,-53.701233649905404,47.840061543687966,-76.19609651405685,41.1479123970958,129.21350473526238,-73.33960890009388,42.59034992059451,130.13230578984317
2640,36.944005819930496,-54.416215013614625,47.55850411242339,33.53947557590822,-54.137806178813214,47.85853362219217,-75.98463161194007,40.98306108565201,129.21238820034037,-73.30673817503597,42.278308019693185,130.1164422205944
2641,36.716525901994984,-54.849900774805086,47.5761997545803,33.30968442652999,-54.57007210169022,47.88430901977204,-75.98531585518569,40.8176576402527,129.21523215669473,-73.2523827940194,42.019961472494494,130.09456316082037
2642,36.48834609342204,-55.28486306614108,47.60224317771611,33.08148010209954,-55.004184817091904,47.915709525334435,-75.96710237351014,40.65255438753697,129.1889231467421,-73.21116870122285,41.81740112323123,130.054680659199
2643,36.26125374790354,-55.71976729874521,47.638130937925126,32.85494907238838,-55.43970909323674,47.954614736302645,-76.0197707282908,40.49367504717585,129.14088670403456,-73.11839108891385,41.574998606879085,129.97328165586433
2644,36.036434923950395,-56.154325469704396,47.68575225403046,32.63193330313672,-55.87680008708154,48.000948195108826,-76.02426348103688,40.247348611106894,129.0638506172593,-73.00351325033033,41.31668873027938,129.91089074666968
2645,35.80975752438236,-56.59616421814278,47.74225281098497,32.40428472144615,-56.32123286344431,48.05048056427301,-75.83461857948974,40.18878935553164,128.93689955925547,-72.66496692261387,41.43723019322734,129.84805582326044
2646,35.58398827817114,-57.038309700795764,47.80320556784992,32.177711186602295,-56.76853799067694,48.09699050639494,-75.79862382944641,40.1684233652925,128.82705461572456,-72.60207207445404,41.651500955669974,129.77206063027816
2647,35.35720922107973,-57.48252207533862,47.85738678602356,31.950900041498226,-57.21325290319594,48.13919556461389,-75.35143870040984,40.44684361479425,128.73856075702534,-72.08936758532698,41.916588981636586,129.7042080481552
2648,35.13115511031582,-57.927598282160126,47.90613089893233,31.72318523257738,-57.655654175883946,48.179061183466565,-75.02218561435502,40.610813808748446,128.65102229877186,-71.81677186602474,41.95947959677781,129.64360379873068
2649,34.8945572075303,-58.34443999866475,47.95184511023121,31.49310594284179,-58.059618438722744,48.218779821457204,-74.64846218640157,40.58038753252058,128.5594903874072,-71.54716439529447,41.73652432246541,129.56898276941985
2650,34.63443044555855,-58.69847634540603,47.99273919582798,31.246765194291857,-58.396984068902825,48.25778564574647,-74.25492425676002,40.53912385758425,128.47167553560698,-71.26827886480014,41.49037763556054,129.46474299214196
2651,34.34523884523745,-58.97581964433744,48.03481534929463,30.976653381438723,-58.66052926928406,48.301970982567546,-73.90837567639106,40.46077950759359,128.3895438077684,-71.11202749164765,41.22647632973781,129.3957614432089
2652,34.0478636485664,-59.15748528858606,48.080233206077935,30.69047627591726,-58.83701257742146,48.35343325965633,-73.87944770738112,40.188955003558185,128.33221867121455,-71.06610656750101,40.97851355702977,129.35214303362977
2653,33.7643335917383,-59.24186914393621,48.12476387525578,30.405840779525317,-58.920998924208625,48.40131967318506,-73.88850736066121,39.749954300953,128.29420487315787,-71.10033742448832,40.772566275053016,129.32298329234527
2654,33.52504634494584,-59.247970425421464,48.168580523783476,30.149218277283303,-58.9255737532442,48.4480409069218,-74.24216721569425,39.58552334424587,128.26870539518592,-71.18728831748079,40.62752937577093,129.29884012384542
2655,33.35005568239168,-59.2046241939624,48.212583160952434,29.93562660254954,-58.87291993521547,48.49429494062971,-74.4862939885943,39.45244932619623,128.23789796501123,-71.2910379461912,40.54113237243515,129.27510491229813
2656,33.22645797746892,-59.134165887992786,48.24556125956161,29.77097615374455,-58.78340524266135,48.52358237077372,-74.58528660198974,39.44324197697812,128.21879818334529,-71.38963680463527,40.50520973539658,129.24837944850438
2657,33.1461039106462,-59.045835700484425,48.26610205816172,29.652860657710168,-58.67018292162332,48.53735591948966,-74.6589703431869,39.52969718213142,128.22465173505495,-71.47374731295162,40.50988715379357,129.2161631852824
2658,33.10883921847327,-58.950906844814675,48.27211869769338,29.57823051088545,-58.545476495077814,48.536560668232966,-74.69080569600601,39.62194575996783,128.21252456810132,-71.53920502614278,40.544434954902535,129.17853584815705
2659,33.1104022238119,-58.85810597064065,48.2618677075286,29.546033134428733,-58.41686937752053,48.52427993463088,-74.69180964374772,39.71825062972597,128.18525988230508,-71.587597296672,40.611112036372376,129.13821581366733
2660,33.1428274138657,-58.77656070712015,48.24186100599258,29.553161193074683,-58.295750818954275,48.506819242627785,-74.66188726000902,39.80475705074403,128.1477383856329,-71.60643961120002,40.68257099872742,129.09914977094397
2661,33.086558803399456,-58.84053803658717,48.206478467616705,29.513677014858416,-58.39834583547863,48.48214659397688,-74.71596829124313,39.73646732486712,128.10293077059,-71.61685881700797,40.614392371480925,129.05763921156696
2662,33.15510797161901,-58.79666008271844,48.156943333070274,29.5724886712758,-58.32090865909043,48.45266154734419,-74.64843338131287,39.78611816182338,128.05497367122797,-71.58643334288178,40.67098757249173,129.0148851287748
2663,33.22186284191958,-58.76317024946784,48.119065496871215,29.63305551244036,-58.2592059795239,48.43724474557192,-74.58135225233578,39.82543564840443,128.00862880965826,-71.55008933729012,40.71870846183526,128.9745640447931
2664,33.27713230746079,-58.71815458802297,48.09518328891222,29.683406331226013,-58.186989058998044,48.43398231344384,-74.524953583436,39.87620468022491,127.9759634658199,-71.51835527497786,40.77993093340544,128.95088947897906
2665,33.317768632915396,-58.64442849182037,48.08539467595444,29.719355863970566,-58.083263197463395,48.43945365114116,-74.51182781172112,39.91158461797652,127.95371660595744,-71.53595099445185,40.81205857773894,128.93486772220436
2666,33.33786025836125,-58.53671565313688,48.08672211013036,29.736099751803735,-57.94418079671707,48.4488251081545,-74.51557548780187,39.96832901224184,127.9406561125288,-71.55544782322504,40.888033156589884,128.92507644665724
2667,33.34520065629186,-58.38929163650484,48.094796125411364,29.746697831364234,-57.7663740722644,48.458893437719084,-74.0038671073139,40.29951657519423,127.92552509656507,-70.83856253221967,41.34042037166437,128.90776827476768
2668,33.36545571914598,-58.19948361290953,48.11646817485426,29.780157241116335,-57.55702403175206,48.47484560021811,-73.3015018735771,40.38449747484883,127.9226694211089,-69.9928078951218,41.37695620340866,128.90036736870493
2669,33.43085823047609,-57.96857419970756,48.14995065022276,29.861467732190086,-57.32792556436286,48.493135419432235,-72.69745729374279,40.521553722730324,127.91137894209704,-69.45819530220516,41.54069353224726,128.87109377421473
2670,33.55864737785678,-57.71424089191236,48.17818451127839,29.993547319918395,-57.09726642822122,48.50909033396165,-71.69643743937657,40.38338582047424,127.86124178829466,-68.46983503549563,41.374764333710026,128.78545898655958
2671,33.743546761075976,-57.44759034344516,48.19343159441098,30.16569609488567,-56.86220430863036,48.5134730101052,-70.73180511697865,40.25474111657324,127.78654307514365,-67.70702992370626,41.35965320433644,128.68932734331523
2672,33.9555836714681,-57.16612256160429,48.198260012335275,30.354325371492564,-56.610354830561256,48.510474961864375,-69.99866455664737,40.29196567358145,127.73199115823589,-67.45447986460417,41.612382231420405,128.64455300319844
2673,34.17066092396778,-56.85548897443237,48.19712146504571,30.542653649560002,-56.32730760382971,48.50458586482356,-69.30046545443336,40.500690898988346,127.67275015946254,-67.27908450438245,42.07206268976446,128.60793396398992
2674,34.3686049090174,-56.51731451403405,48.18939422704385,30.720026058810394,-56.01648151420383,48.49317556537423,-69.2015714949378,40.78834199227574,127.65255546016397,-67.15010344083849,42.44445295918794,128.62953176671027
2675,34.546805731801136,-56.1558846261954,48.170848680108584,30.8866293732987,-55.683881625014465,48.47620200613535,-69.22428406727535,41.04058369221369,127.62587050020159,-67.09336847441664,42.341438874677884,128.64814702480086
2676,34.71518798072792,-55.77740869364898,48.14526630662006,31.049129598146948,-55.335571313966796,48.45762378442913,-69.16050194847523,41.180669251140785,127.62477489075661,-67.00297262452942,42.38602395454419,128.6693291565336
2677,34.88975662164732,-55.38914753089949,48.12412551046762,31.218872755837193,-54.977859324657864,48.45051315052054,-69.76164658171173,41.25307816212656,127.66512598317635,-67.31910374335177,42.11337299527287,128.67418704341077
2678,35.080217891406846,-55.00519216814994,48.1149821014407,31.40380053108669,-54.62373406760331,48.45332752681129,-70.15618453924772,41.35659640835175,127.72258556106226,-67.32057461046769,42.142121808208096,128.67165675077965
2679,35.29009142184582,-54.62607574292417,48.11557607670478,31.604664036838177,-54.26943003303966,48.46288233854401,-70.17714293399347,41.27004150151195,127.74292678084552,-67.18535537045533,42.13238444235255,128.65724569399646
2680,35.51213004008916,-54.26179861926992,48.12232401168383,31.81702361754713,-53.92299525683499,48.47534261520102,-70.2380519646585,41.044622479774716,127.76624911050837,-67.16045449741806,42.175714455971274,128.647512728286
2681,35.73784074798876,-53.898335399163976,48.13949260438188,32.034316589875836,-53.57223576703957,48.492588153911086,-70.28172892017756,40.80549825987617,127.76683331097094,-67.10097574956171,42.18679971159531,128.65896422731376
2682,35.95796564702076,-53.53025460056357,48.16766884659406,32.248566296304425,-53.21396800946192,48.514247421421274,-70.40591122287809,40.863878781314526,127.78674229487433,-67.2298988232295,42.21026946445496,128.69969067502726
2683,36.16918987750377,-53.15308263948347,48.20266523078198,32.45767965673809,-52.8435260396624,48.53693900011346,-70.53378125814277,40.741481191848095,127.79132080001338,-67.28584649088847,42.10126799291151,128.71683030412115
2684,36.37226899373844,-52.765470714960514,48.22557679456018,32.66104389754444,-52.458446878728125,48.54542587310307,-70.32346256951944,40.811582852174446,127.79657530241263,-67.25325851174574,41.98557994117939,128.71937419874163
2685,36.57149453494551,-52.3660174952554,48.23652239068552,32.86044121171498,-52.06125660484136,48.54321829500321,-70.2544378256542,40.80474353252974,127.83117784807368,-67.17255177652294,42.02925217913577,128.75612676785647
2686,36.7752558686975,-51.96334975378702,48.23624325685059,33.06140450652042,-51.66015400475852,48.53303528665783,-70.19384189447594,40.945981035883854,127.88525412650046,-66.98301054594272,42.24992801708989,128.80125196669664
2687,36.991924064587906,-51.554649685503996,48.226402958864824,33.27217799408184,-51.25736170419902,48.51733936305606,-70.076382346418,41.13428931195076,127.9707579737538,-66.83905104448472,42.53774575986155,128.882856525113
2688,37.22077975071096,-51.150670745776374,48.20422303569949,33.49118416966284,-50.85902334189174,48.495660487102576,-69.89027198124849,41.24165373080108,128.1024635015228,-66.58776628112102,42.635202560734484,129.0320462264304
2689,37.46067956979803,-50.74879253859986,48.168168956294615,33.71907160984876,-50.46306136970106,48.46757088825727,-69.5431678918233,41.33683244142595,128.1811107837567,-66.33989520297241,42.70792668946338,129.10852931709755
2690,37.69810918360105,-50.34530088349173,48.12030155826842,33.94646713832899,-50.06575180427333,48.43502438885799,-69.17372528494754,41.54285881522105,128.27429247921276,-66.06657249576091,42.79821465614197,129.17584217785242
2691,37.92597674356611,-49.93318230904975,48.08445851614913,34.170253851571,-49.6589362451865,48.41628728844426,-68.94483933451617,41.60795383160951,128.42121633545273,-65.97040460780826,42.64044099491354,129.29468827837817
2692,38.14304472441862,-49.51977660291372,48.06190102387332,34.388167420160116,-49.25169953965405,48.41040932567725,-68.85248872722711,41.42116246189464,128.61834254730118,-66.02034101897098,42.28860865582236,129.49494775408715
2693,38.352717209352306,-49.103526543208105,48.05365240330016,34.60258124658214,-48.8408297491821,48.415899586713884,-68.84922263013382,41.122357195586666,128.81216074848095,-66.05135246965897,42.027806653991966,129.66278984549265
2694,38.55747761737827,-48.682781191026464,48.05962785126322,34.81294474725743,-48.42615603377245,48.43097517150188,-68.76941229504723,40.90440887128276,128.98965300277547,-65.9849279154004,42.04503876696504,129.8163410258973
2695,38.76259280359647,-48.26298375862074,48.081885814669185,35.021550724366996,-48.01279154587885,48.45447829118171,-68.81984453431464,40.58275397090342,129.14825036580956,-65.98139342505885,41.791368708562,129.99822084676603
2696,38.97288126860726,-47.84498256493083,48.118869558426326,35.23337123650464,-47.5996175581383,48.48276714842883,-68.7878289714794,40.22000509996356,129.3799172006164,-65.81741476386938,41.534334605488695,130.20311128914022
2697,39.19143902768141,-47.43154111047871,48.16989457082316,35.44974117370276,-47.18850256589331,48.515783762114616,-68.74623159733946,39.75075707688507,129.60496117436037,-65.59710529838519,41.21492800292577,130.36461421239295
2698,39.41679482880126,-47.02785300605145,48.224211468383835,35.67192177300145,-46.78211445892171,48.55356280197222,-68.70811436083697,39.44655630997419,129.77015933272426,-65.53369551208947,40.95288528399931,130.47768947571254
2699,39.64820906222349,-46.619889470009475,48.2726309384647,35.89957427670428,-46.3708357901054,48.58522953605655,-68.62978992489626,39.426725475085284,129.86434202937122,-65.551970178865,40.9128264580872,130.57354107464135
2700,39.87947537054908,-46.20649380909482,48.31113333834984,36.13018709316719,-45.95296080290595,48.60930310748456,-68.5459981533353,39.28145105679939,129.92658761336767,-65.5558946990576,40.72533227383821,130.61172235957247
2701,40.10796700795819,-45.78646717784415,48.33675741537335,36.35860796510536,-45.5292191690235,48.62334528094341,-68.34709013803712,38.886767749922484,129.98139414247007,-65.30919852287089,40.44957087724737,130.6538504769778
2702,40.33280897046832,-45.35780654972242,48.35450775375306,36.58194526745962,-45.100845901003865,48.634933941894474,-68.11671849487723,38.67550403328844,130.0124801902682,-65.1240445020378,40.21757794781152,130.71064886586794
2703,40.550596078285366,-44.92905230249603,48.360207985180786,36.79631665277203,-44.676607159450384,48.636568455951036,-68.1015896848373,38.460440933199735,130.02196876895476,-65.11650333214045,39.97297357434043,130.78637711179638
2704,40.765514760574746,-44.50066573834292,48.35250117896427,37.006267866819975,-44.25338004922682,48.63134851607183,-68.11533748025096,38.23055500063506,130.03226161166822,-65.055576733969,39.64544257102404,130.8452145876379
2705,40.987991887752,-44.068226158643974,48.33730713780335,37.2245679543513,-43.82677759621039,48.62743046397944,-68.04460375377921,37.975272630749615,130.0641811098249,-64.99725114534795,39.34038645701728,130.90601867362264
2706,41.21981189189809,-43.64199400343043,48.319892956199475,37.45269904533586,-43.40265975863772,48.620305734300004,-67.88826438022849,37.55602422049837,130.0999833334189,-64.89433982760114,39.03841867487162,130.96709136660485
2707,41.45447777647382,-43.224909443895164,48.299345240469634,37.68679858903532,-42.98459330133196,48.60862762792009,-67.8362512745911,37.25357684483826,130.17809940181868,-64.94428190941362,38.806528956001635,131.03690386206895
2708,41.68862436792512,-42.803172523653664,48.28576743563809,37.923444230008556,-42.559936386108696,48.60393474367796,-68.12549916183276,36.88206165230733,130.24740240064287,-65.21850629800993,38.39022953043504,131.0890739838601
2709,41.914477613301194,-42.38082134315373,48.27601869941422,38.15223412999249,-42.13707255969279,48.60568571176261,-68.33143997389081,36.737920856485026,130.28443824431366,-65.34045075357605,38.364608767740485,131.1084711435748
2710,42.13815857432814,-41.951637436238215,48.277235672328004,38.3782434977246,-41.71091548866315,48.613570887719895,-68.6028267076568,36.554761188890275,130.31703149924337,-65.67577819569084,38.23618751808542,131.15039116938092
2711,42.365373049158016,-41.51694284684961,48.287024282473375,38.60638396050643,-41.281467075348345,48.62601912745054,-68.85183657735143,36.63472672085091,130.3185528955843,-65.86460210350202,38.36803112578155,131.13899564797063
2712,42.59375066453541,-41.08970978642798,48.30211250785995,38.836790630637175,-40.8578785412951,48.6430621958536,-69.20473344077845,36.73550972161833,130.30313434524462,-66.14892820597244,38.4576676080802,131.12014744082967
2713,42.82626068522128,-40.66595241912069,48.325363887984025,39.069733067911436,-40.43544838409805,48.662533739253476,-69.54902892349196,36.858757438139094,130.2961087305806,-66.3027014967117,38.50036857446643,131.1306875319631
2714,43.060301225125656,-40.24284626087855,48.352787413686215,39.30288240270448,-40.013685928494084,48.679596497886806,-69.90640236815051,36.919069778649096,130.27054622085774,-66.57309404835755,38.45554683562069,131.13382435347003
2715,43.299532163168564,-39.82265573211782,48.37603984430616,39.542071763396116,-39.5915335537549,48.69444495080384,-70.05063732658382,37.151380930836524,130.26181621311358,-66.73032665491576,38.432409081854466,131.15507019196994
2716,43.54046237708291,-39.39527239938117,48.398212273930966,39.78281344792155,-39.16453478622097,48.71106834268725,-70.37394977852479,37.10277656222059,130.27078593744298,-67.00277932340018,38.326689142286334,131.174103845216
2717,43.76988541760312,-38.96245459605977,48.42018698361857,40.014336712462324,-38.73187680947401,48.72946855262819,-70.41951121710899,37.09875166400206,130.2760995438418,-67.07196158921872,38.20593697917396,131.2092113090875
2718,43.99153024773676,-38.52802509366825,48.43956634106709,40.239152661959956,-38.295751466075686,48.74580736646803,-70.3134775320356,36.87893849168101,130.32425802068187,-66.83577204939567,38.04184765049349,131.25313992060856
2719,44.20625334168849,-38.08445988229443,48.4547135716737,40.455096620820335,-37.855324179409145,48.760181760810184,-70.01308396927887,36.86884626607087,130.35838877518293,-66.51198662116066,38.18427314964669,131.25845150179538
2720,44.41852401159192,-37.64109519696882,48.467518354769126,40.66693646186399,-37.41543692151504,48.77435393665959,-69.89888342380321,36.854735743619145,130.37576326517143,-66.439118867974,38.26390662406626,131.26544956411865
2721,44.639137868819354,-37.20145075450391,48.483864986571874,40.885418921360284,-36.97911678994527,48.79122389014493,-69.79797717424296,36.75080651707187,130.4271191528554,-66.5425451948994,38.1176771738162,131.31390722415446
2722,44.866983572931254,-36.76643562538276,48.504102764982804,41.11019531597397,-36.54467690218442,48.811809969730284,-69.69831584873197,36.74864543773074,130.45136860730497,-66.56675459044627,38.158762639572984,131.33280610063193
2723,45.10162281578264,-36.33683989974054,48.52444087011705,41.34326357392145,-36.1155524383732,48.832514018222966,-69.3731353042592,37.27677413330383,130.45707537178325,-66.41403534506404,38.84991696508259,131.32307415137416
2724,45.33739990500193,-35.90573564457953,48.53941785951785,41.58049705010783,-35.68294760865141,48.84757754516804,-69.07722341773224,37.82646220851639,130.4287576846015,-66.18965826549753,39.40121888045525,131.29126516893362
2725,45.56894954727691,-35.47213373750032,48.557718854227545,41.81449912570271,-35.246496741957685,48.86665679646176,-68.96646606292784,38.182836019081904,130.44497416877604,-65.97806557746878,39.49390883424165,131.34269058250786
2726,45.79739405917912,-35.034399102719085,48.58210750165077,42.0448501546019,-34.81033121544607,48.892337157576705,-68.89508996466137,38.526953169490916,130.49292540991732,-65.71851192871294,39.81580462233348,131.3977786299447
2727,46.02175435907373,-34.59119804518136,48.609361537050916,42.270376623327316,-34.368993922049334,48.920399445206606,-68.83673432905915,38.958988784900214,130.54537824985425,-65.71148360017595,40.167647229782816,131.45165619002543
2728,46.24803323572447,-34.14306617555982,48.641720422685665,42.49836704602057,-33.922940783966844,48.95236078701959,-68.77689595752271,39.66548330855286,130.56899607457848,-65.86804993113277,40.62318462743365,131.49703709852554
2729,46.47802549506759,-33.70352441756965,48.678726014894636,42.72836603210966,-33.48630631711467,48.98834443650189,-68.91041503048912,40.187749350109016,130.65082594231964,-66.20771745039306,40.89101995045276,131.59218640230236
2730,46.71509542168706,-33.26433224311661,48.71977264546725,42.96503900659119,-33.05032902412629,49.02589260573349,-69.20474175427171,40.10108094726726,130.7770228955375,-66.54736277181148,40.91471184632957,131.70307169095702
2731,46.957369695775355,-32.827416187935825,48.76039579336657,43.20743711456561,-32.613155217571155,49.058747325997786,-69.50121704657448,40.097056425493136,130.9181759008816,-66.72260281926437,41.04998942108445,131.79525057848394
2732,47.20229438158868,-32.39177594112208,48.795798725859036,43.45183012508941,-32.17556514838096,49.08712078492275,-69.82357738489439,40.33319941288285,131.0098100811721,-66.85968035274031,41.14681880065699,131.87655718547072
2733,47.44182052012622,-31.95262178694462,48.8256156429254,43.689606177342455,-31.738246062836758,49.11171202569269,-70.21190739320254,40.38464843550722,131.09903106019803,-66.97104523388367,41.21727692609971,131.95193435884147
2734,47.67443158608619,-31.510645101390296,48.85002467002762,43.91871939992632,-31.297255104339335,49.133105613651324,-70.47093586040236,40.381028146526425,131.20427848521763,-67.07664453046297,41.291847480928176,132.0435950746771
2735,47.9010297284166,-31.071938293476986,48.86914089713061,44.14083891336598,-30.857314158276203,49.15182795916518,-70.6198913937922,40.3175521970038,131.2763903983092,-67.17360015166999,41.436998806298874,132.0721279601237
2736,48.13182950840383,-30.635235402710148,48.882684536844465,44.365899522942726,-30.422871713553977,49.16779913534065,-70.82582456366264,40.437166151875225,131.2592061778782,-67.54458211899357,41.706976469949176,132.027371485813
2737,48.36619897178661,-30.20167592849627,48.89231025611749,44.59592363408929,-29.98839683819645,49.18237966036087,-71.02075309785839,40.73533155030427,131.19951115353086,-67.8905645059767,41.97912101529507,131.96708609809335
2738,48.601357964788555,-29.771701559753737,48.901269045228034,44.8291201781504,-29.555036659163015,49.195333762092496,-71.31224407038178,40.80762811910811,131.11146499823127,-68.20964922529059,41.99745676167117,131.88360743028227
2739,48.8324087376971,-29.34265970704401,48.9086465572844,45.06160741476984,-29.12109333834396,49.205826597627286,-71.46084754731477,41.13563840427837,130.9835536606377,-68.26146494054512,42.359473060299926,131.768986103117
2740,49.060760191030205,-28.90868049726174,48.91381421918667,45.29199396940008,-28.683767928579112,49.214092013395565,-71.65412039691356,41.66921282733244,130.83675493688264,-68.36530190375663,42.931799242380286,131.66071498009853
2741,49.288151996460584,-28.473613663086283,48.91764447073169,45.52123276002452,-28.247894917695724,49.22116398525924,-71.96270147300127,42.2441837137939,130.67409631704678,-68.62406481300756,43.46731832859005,131.58240906353268
2742,49.52039324902604,-28.0382414541222,48.922507078409986,45.75409143908494,-27.812991513433563,49.23138743833755,-72.40106988502542,42.58606942282347,130.56837621147662,-69.02270261616657,43.653929597458585,131.55492049431214
2743,49.75078460969964,-27.605437060997474,48.9319787410337,45.98373224632825,-27.38394483227555,49.24611565220121,-72.63163931179126,43.06285324022829,130.51105108139032,-69.3442454446037,44.154239388963866,131.5341448002014
2744,49.984990074666094,-27.172435805445183,48.949038405588325,46.22005888187005,-26.9511522445212,49.26700383876068,-72.81482026184615,43.40263151796226,130.48979980417803,-69.58808650650559,44.41665615856178,131.54341664512617
2745,50.21959638928169,-26.736727853468334,48.971959539544024,46.45747155463338,-26.514970328626934,49.29210199909826,-73.09337228788183,43.80492301851166,130.49103512068675,-69.96453478272171,44.512331443199926,131.54775783373682
2746,50.453270565855405,-26.295774591039468,49.00045647321945,46.69460608578873,-26.071871341448805,49.32032456920215,-73.38788677397216,43.94353720300661,130.52008762373555,-70.07825043068809,44.566794471465485,131.54147361834396
2747,50.68760275192653,-25.847194652464765,49.03342800731084,46.93266879497796,-25.619661577781812,49.34993671101173,-73.6300434931737,43.846511180277496,130.55620090912643,-70.15443137264117,44.56705282495962,131.5301771048782
2748,50.91569259460569,-25.398129227961338,49.06907039246039,47.161292734262034,-25.171499323675633,49.378647586326416,-73.75952535469435,43.741431039124706,130.5932180018247,-70.23587685336169,44.63362265120176,131.53009056917898
2749,51.14024778945263,-24.94455057816848,49.09413384984576,47.38619235428504,-24.720729606284436,49.394889707414286,-73.76038294199142,43.82740098699586,130.60676540668493,-70.30866065307703,44.7073854445508,131.5296262094721
2750,51.36673989522278,-24.482383090623173,49.10826470260195,47.60707414252162,-24.26420869933369,49.39978075293172,-73.56857650430536,43.451550051913614,130.62090133722995,-70.11484847110658,44.46760082360294,131.53404977007824
2751,51.58983199990735,-24.02188731156169,49.11270170400105,47.82518155819585,-23.80791092596676,49.39634460350459,-73.67252017738552,42.952256535143206,130.62274490252523,-70.35704432355206,43.96460708115655,131.54691946368877
2752,51.81855988630289,-23.5596348931543,49.10600974161273,48.050296807755714,-23.348964405655337,49.38604001946115,-73.62499640213392,43.041814917575834,130.62152202843035,-70.51395517148988,44.26905562899647,131.54886081022443
2753,52.04809488123436,-23.10540249129137,49.08797464538621,48.279066056066775,-22.896126508541332,49.370113818392625,-73.89395227529684,43.114431392866045,130.63376201138956,-70.89241042671311,44.47253665446005,131.5597518856695
2754,52.27540280184958,-22.65426483484857,49.0587683890521,48.510003541648516,-22.44445118074408,49.34929413609286,-74.12778376234182,43.12396819740788,130.690988363974,-71.130556593714,44.504027523680854,131.62514500026876
2755,52.50268615918191,-22.195819678460353,49.0176418802465,48.73941209883358,-21.98864806893203,49.32285113400631,-74.43538098881004,43.02127844684987,130.7369274111715,-71.44386497942654,44.44000523323412,131.67054975314946
2756,52.72474928579146,-21.735118790189183,48.97509093198526,48.965979451414825,-21.530126662824234,49.29439614599888,-74.4117222787744,43.14246381829687,130.76098330271975,-71.23920268787118,44.72540391590926,131.67484552496487
2757,52.9427473557053,-21.272754235501132,48.94477669101607,49.18742084613929,-21.068998249585327,49.27998615471218,-74.75464114112263,43.3706271499454,130.78507467536775,-71.33815763421413,44.80568572059216,131.68106210077735
2758,53.16374562447525,-20.805076964529963,48.92768383514859,49.41075421237183,-20.604196200846335,49.27783353089823,-74.94451572602078,44.02044919124818,130.79293837121668,-71.59125774475041,45.14487559431281,131.68003236234296
2759,53.381565267442674,-20.345950335921692,48.92445790445191,49.63113888533683,-20.14559687483348,49.28585832309037,-75.15515864939006,44.1121045642644,130.80637467534441,-71.80097275411272,45.34428959136063,131.67196482820225
2760,53.60755356185381,-19.882857165806655,48.93579858271415,49.85748529014172,-19.684083079509968,49.30293058185142,-75.12570049124925,44.617097913156606,130.79410215109036,-71.88566176897679,46.03055647040928,131.6414339462692
2761,53.84178556639691,-19.425307376393008,48.962741638931256,50.090028921669315,-19.227728910714443,49.32835693648899,-75.22156914613934,45.2853080327778,130.72642492929012,-72.06204380095656,46.68088688524838,131.59631877999567
2762,54.08400864850852,-18.970843642769466,49.005146377098,50.32756445167188,-18.773415642300584,49.36067717892008,-75.10201678141313,46.067800726135495,130.65120847371915,-72.02699389527581,47.26622765206469,131.54285784667323
2763,54.31654564395884,-18.516555655621108,49.05538341101124,50.55390959613107,-18.3181975535612,49.39263666050345,-75.40898187689213,46.67509262592406,130.5817052394941,-72.13973949153984,47.84077422675599,131.476349164351
2764,54.542211228584364,-18.065900241562733,49.09142853366838,50.771396549641764,-17.86738751766727,49.40846785862268,-75.65995217022858,47.340193649049276,130.52131884083624,-72.40461999225558,48.22873401669331,131.4378038310501
2765,54.768190896379814,-17.61312901373106,49.113258265654906,50.99214345098416,-17.415387448765816,49.41147321564857,-75.69424464221018,47.8345853477906,130.4745641768981,-72.48884513846797,48.56803696471206,131.4173022124015
2766,54.98592937886991,-17.172628610020524,49.119404252433434,51.207692006508736,-16.97360067125022,49.40328091258354,-75.56828254088465,48.57408387539739,130.44253100662775,-72.34185760870584,49.12596028812853,131.41189963636015
2767,55.20746172092236,-16.72902457107633,49.11052451954191,51.43007179628772,-16.525873920631035,49.38648534250472,-75.57115576975471,48.99057689799478,130.4325826933346,-72.31807982996382,49.63812614852538,131.42182743352458
2768,55.43216997661897,-16.29159269097875,49.0866812787946,51.65803892451845,-16.08412791594183,49.363084787301,-75.60208519514266,49.22874196539492,130.45072652349634,-72.4550019049744,49.903874666554536,131.44651205719614
2769,55.661170269582286,-15.854244101496297,49.04742857179783,51.891473741242415,-15.642744955974944,49.334069012857356,-75.73107459828586,49.35171866299233,130.49049451360722,-72.53040349697012,50.01070780139144,131.48014311547965
2770,55.88922173632607,-15.422828247307898,48.99384762152147,52.12386688787872,-15.208773546506656,49.29908202757785,-75.62139016141978,49.3584112366963,130.5595903737357,-72.38478783802954,50.04631096983023,131.52553521449238
2771,56.12072702969608,-14.988151734435355,48.93976007661803,52.35851188665584,-14.776057950345123,49.26169856796567,-75.65377577955195,49.0996583723372,130.64320180027045,-72.6427129777828,49.64091834834931,131.5967701376506
2772,56.3532259467497,-14.55260266473071,48.89680547825208,52.594859239642965,-14.342176583556292,49.236111102861585,-75.78368381903294,48.954705257228866,130.7331119438803,-72.85823806115313,49.4935469218391,131.67168462918667
2773,56.58426699189615,-14.113110664872575,48.86538834729074,52.82966747175368,-13.903410670756028,49.21997991254253,-75.99622528794735,48.76005193241206,130.82997641559203,-72.92813782380831,49.59751126922743,131.74645539456913
2774,56.80789821488272,-13.675110032120243,48.8447760030112,53.05518360589376,-13.463262938245562,49.21090323920351,-76.3749424826765,48.48657612551289,130.94382374316032,-73.32679830188644,49.63629835797726,131.8435119552534
2775,57.02350894523935,-13.232096866820093,48.83628410521245,53.26890724306611,-13.019078350549648,49.20875599696668,-76.77134621860073,48.57405558410233,131.055158202883,-73.83289556443198,50.02515489461538,131.93805323512333
2776,57.231867066086956,-12.78845470960926,48.84159372650449,53.47278838384806,-12.5712360704424,49.213813971910014,-77.22834365353152,48.676579354295995,131.1786517539886,-74.28488653240652,50.25563287471266,132.04603302353703
2777,57.44565796900195,-12.33878681877306,48.8569160450895,53.68194938528984,-12.117606859932728,49.22125263831988,-77.85404945327757,48.804859351245504,131.31630072266398,-74.67159631347545,50.44259338991183,132.16867574384634
2778,57.66166596312493,-11.890039063196413,48.8739966235502,53.890835752540625,-11.668433989917434,49.220583200254566,-78.46594723290318,49.31448869799236,131.44818230691718,-75.31121876382575,50.661679952521006,132.29765085833216
2779,57.88325655800253,-11.446489420197972,48.88482372982592,54.10833028773503,-11.223112646377503,49.215027787711065,-79.00882112513246,49.537715727158954,131.59006166517136,-75.75747289700932,50.60360478851141,132.43045846007175
2780,58.10795939647981,-11.006240706507825,48.884507142193975,54.33210417325031,-10.779982278005857,49.202056581120594,-79.65747899662591,49.761661012876665,131.72377465978613,-76.16864780533545,50.76979663553565,132.54135165110105
2781,58.338318694932745,-10.567797193006722,48.875555234409916,54.56453036172241,-10.341824699629406,49.1856032441802,-79.79364141535856,49.984508111327045,131.86810105111311,-76.12863891225537,50.86657606151049,132.68005165667464
2782,58.577356769176816,-10.126978572477165,48.85610572004052,54.807074675564714,-9.903459851737967,49.16396701773964,-79.91821168143804,50.06361396904942,131.9972195513251,-76.23232243052891,51.11947459381025,132.78877102653368
2783,58.815290415222435,-9.689696425084176,48.826630987582426,55.04692047647608,-9.471873550568183,49.13854146692122,-79.7367781340639,50.39295888727286,132.1150461146659,-75.93795429497249,51.60251898742366,132.8908297984125
2784,59.04631924087232,-9.249473530324433,48.78832744139897,55.28587960640879,-9.035864822477462,49.111472022868774,-79.60876556230124,50.3545683407696,132.21702615888543,-75.80117624209002,51.477090066041825,132.9857267819186
2785,59.27483395419593,-8.80547412661494,48.75933642743802,55.52086043055215,-8.594838038110211,49.09545023192506,-79.44661397286433,50.07531644721881,132.3063092850316,-75.97162522111931,51.12406283541954,133.07681653851935
2786,59.49346130074403,-8.360031615334037,48.74150482302918,55.74353131534563,-8.153444810271194,49.089542904159686,-78.91003772287786,49.90837609874747,132.41613771799803,-75.52828209308221,50.743100291399614,133.21170521113905
2787,59.70796045488954,-7.914279848302386,48.73397918249374,55.959008188265415,-7.709415176356858,49.09095095762505,-78.44806799516257,49.928727228542456,132.48560265797576,-75.3376422628211,50.89157897534011,133.2675164420814
2788,59.92167202332948,-7.465909757179813,48.735156574554196,56.173214042123206,-7.259627555220457,49.09709354915091,-78.22269486202912,49.959958431485106,132.5142584609658,-75.14856663016322,51.003117166278386,133.30155123029073
2789,60.14123989747476,-7.015514607385403,48.74922487796667,56.39392689946167,-6.805869276141423,49.11030940592661,-77.79211777696837,49.821367150513815,132.56527328022355,-74.86648446230267,51.01960974339057,133.3565487096539
2790,60.36048935506638,-6.575490115159818,48.77481969287752,56.60961784942476,-6.365323665308728,49.12861920773921,-77.68576362812965,49.40833741771201,132.60630135816206,-74.73942560016398,50.95311891482797,133.4014217407664
2791,60.58440332058165,-6.127035081245451,48.80986412873363,56.828724468147705,-5.916115982554549,49.149633299912324,-77.42822502353432,49.2547331357722,132.65137990499267,-74.48110114535869,50.75102589396372,133.45557904782706
2792,60.806846137982134,-5.680480105161988,48.834304861053184,57.04860027542977,-5.46442253140271,49.157911015685166,-78.01834853509675,50.05252831260357,132.69075930958536,-75.726316528318,51.65049042706541,133.50482642656902
2793,61.03896126692913,-5.231956865738277,48.84843949966023,57.27595386674194,-5.0136401023617205,49.15752537956445,-79.04596981954863,50.967882167211854,132.70956295413427,-76.76731151058054,52.45208412715606,133.5781981098891
2794,61.27529890419523,-4.785324764777964,48.85116424042951,57.506779764842356,-4.567630819962095,49.15020151815888,-79.508492389404,51.72905304902576,132.79814515983946,-76.98122190462227,53.31532914492187,133.68613315055106
2795,61.514845356668474,-4.341215000575715,48.84344308964999,57.74322436912501,-4.122733624061967,49.13765749592127,-80.21834121840412,52.36671664548487,132.9156122402547,-77.46350013642464,53.813129152971705,133.80305425562457
2796,61.755320154052995,-3.8974474109054076,48.82324342171215,57.983322059849506,-3.679888377773564,49.117912231828,-81.07476448916452,53.0552246120549,133.01869303872587,-77.93977876497755,54.197352405511964,133.90547214092342
2797,61.996000149195524,-3.4498301489234886,48.79200189467879,58.223854571304145,-3.2334571534446503,49.093572089611996,-81.82179320604291,53.83321084986284,133.10765757869947,-78.26839673705872,54.55327242789605,133.96886041739256
2798,62.23123509228639,-3.0014675599870206,48.76152342002678,58.45936362031981,-2.7897045641772533,49.082146508358214,-82.72037462671578,54.849397398232504,133.21469972378654,-78.59212684115991,55.0232819655896,134.05696948197416
2799,62.46191492125661,-2.5514966723673744,48.743629722785094,58.69331141730196,-2.341821450478812,49.08146299170195,-82.64190391512793,54.8787630775024,133.31190686749767,-78.88022663905134,55.14582169988187,134.12825059036635
2800,62.68568296150776,-2.100210219265618,48.73767798373248,58.92243079427596,-1.891772792711825,49.08818437733474,-82.39470652262123,54.952159091362724,133.38765991599934,-78.92905744879049,55.36767865432759,134.18781725918862
2801,62.90570211662422,-1.6465294703123428,48.74486322583077,59.1452395431575,-1.4395074192376092,49.10233131811826,-82.59394681306337,54.87481384801206,133.45298779825103,-78.99312830086448,55.55328042950804,134.2559450505505
2802,63.12328752073089,-1.1874830913359466,48.7662446235587,59.36271523418562,-0.9827434920387987,49.126043487811074,-82.60919316962946,55.039969910366366,133.4872733593332,-79.09623274256299,55.83002404628282,134.30573252566865
2803,63.342063725218495,-0.7341094024653125,48.80360766786931,59.58029983365348,-0.5305333769346788,49.15699273239349,-82.67597263973997,55.161174966305445,133.51998851848927,-79.34557743021486,55.967326814027736,134.35477402865828
2804,63.5699493643598,-0.2854639456380631,48.85220665581909,59.80577655395369,-0.07854979315946281,49.18939953293019,-82.82257881648876,55.688862772474195,133.54403274232843,-79.60894375559262,56.69742351473183,134.36320124898688
2805,63.80568656082252,0.15981718731742384,48.89929192067172,60.037488339578175,0.3672796886582757,49.22223715286005,-82.92800486890893,56.026255991700694,133.54637414516844,-79.82926885954339,57.200952789595284,134.37481889919314
2806,64.04196141548913,0.6021085254544212,48.93741115797932,60.27117264597898,0.8103594050610889,49.24394297591158,-83.08563783564968,56.5417590134506,133.5636288722992,-80.09952041530627,57.60354355578596,134.40283594779572
2807,64.27815534873709,1.0461710913394136,48.96268282509107,60.50656919607517,1.2558397148233822,49.25419187008605,-83.20514766908336,57.02055458465698,133.57439613791317,-80.07928131880487,57.99947779294339,134.4221656951565
2808,64.51214820488275,1.4876080346501386,48.97706018895594,60.7406435888597,1.699192089148663,49.257867573039675,-83.39123203986559,57.37690271211371,133.58257902867885,-80.17906299778768,58.1549149931243,134.45466541249715
2809,64.74912515273309,1.9326341308530284,48.979311754668664,60.976099756259536,2.1457148505709673,49.25461119182426,-83.60479008337441,57.631064583247344,133.60607488318138,-80.34165333530807,58.263576773630334,134.49766856999122
2810,64.98475231223377,2.371670064646221,48.96841655511036,61.20931528643225,2.5826395042116523,49.24491860857998,-83.62050094110252,57.90042339574717,133.6339294257391,-80.36737742163183,58.296446251038624,134.5459497662082
2811,65.21764273047978,2.8077859904210185,48.94528651577496,61.442263382117794,3.019363830752805,49.23105656762948,-83.67899461363386,57.67560743800596,133.6925797327992,-80.49299609772922,58.24962522901969,134.60003897994383
2812,65.4483839301036,3.24935420928485,48.92325113675627,61.67471310096681,3.4615898064695703,49.22952597775959,-83.73715430717499,57.500376624353976,133.7576042192496,-80.61264723875777,58.200152493423275,134.65711765568352
2813,65.67690478894392,3.6941000080176813,48.91329734826769,61.90475619456094,3.9059704240593867,49.23812192604144,-83.55476892123627,57.39642702409231,133.80823327264076,-80.47151549512185,58.25926767362495,134.70041447855212
2814,65.89977409998582,4.139034418998914,48.916481175509475,62.13090347912301,4.3527852728200775,49.255085063126046,-83.71067205487051,57.216547013492686,133.85887132161253,-80.59994239480973,58.27436264799352,134.72808669377474
2815,66.12205259485205,4.588166510076954,48.93161553010421,62.356605445598916,4.803755670466731,49.27883843311213,-83.82704224622759,56.94964955824299,133.8863117776441,-80.76143306126522,58.00153519473849,134.73694766791274
2816,66.34354239132317,5.0336980384185015,48.95878411826057,62.579404639967294,5.251318733318031,49.306627055901274,-83.71458607905396,56.77785532277838,133.8871004236808,-80.65211854183408,57.897395681465774,134.72446388146065
2817,66.56702252708841,5.482806410493361,48.9993566271104,62.80111338486242,5.697939747706336,49.34004684529379,-83.76434164833607,56.56411832221842,133.86540334831236,-80.68586342946266,57.70492591476814,134.6971591581019
2818,66.79344908197217,5.9288284392499815,49.05249061991618,63.024939738825154,6.141624707205505,49.3780822117916,-83.67752701253914,56.471738197601574,133.83112704590727,-80.62425854657846,57.644731351820795,134.67394087814023
2819,67.02474491475066,6.374441446851905,49.10541592565158,63.254130386392106,6.589718201061952,49.41817791755465,-83.74072863941224,56.58877653316936,133.78274574349248,-80.80357615565467,57.878233323949495,134.64874063111566
2820,67.25943555527529,6.822210108097621,49.148885179069765,63.48668661542051,7.0400230557402885,49.44853820139576,-84.18721853511562,56.54211301663071,133.73097225906304,-81.24766837191186,57.933887040737055,134.6234156192697
2821,67.49757842061881,7.266960245997036,49.18207962113071,63.72369334361831,7.4859092319826255,49.47061386342094,-84.62177935628387,56.42363765714212,133.68049672691382,-81.82462737505499,57.84824169844,134.59696835382945
2822,67.74407003678262,7.708702045933787,49.207515405693655,63.97219371415536,7.929178694197931,49.48855350912195,-85.16260161750738,56.38362245977847,133.64248797719404,-82.51063872702724,57.60628751002336,134.57694511199648
2823,67.98455123020827,8.138963557153321,49.22440552770952,64.21116326212363,8.35278783141467,49.500581968521374,-85.80066080935724,56.520638047703294,133.6075219646862,-82.95051662143915,57.7559720808858,134.55349433709165
2824,68.1769700041104,8.563624111528586,49.227920203877225,64.39846381513233,8.762643060854431,49.50485807844824,-86.34317732853012,56.72360976715603,133.586375383287,-83.28546841035,57.90342484303674,134.5383750993409
2825,68.28893139761402,8.989252261123971,49.224962813780984,64.50760264136198,9.168768095326277,49.50944969154378,-86.95467317801949,56.79568882431168,133.57429295476283,-83.55613748018358,58.03048957636565,134.53798319518944
2826,68.30830864721175,9.390361316150234,49.22865867347865,64.53014267111963,9.556931335719739,49.529210543187105,-87.33674750389828,56.65707163361513,133.58235840402511,-83.78725371691098,58.14043762403103,134.5522667017872
2827,68.36874505459257,9.038744054757434,49.242637465404,64.5841071099332,9.206159210714826,49.556636270527186,-87.1124404665937,56.64476993224078,133.6079457511924,-83.58490050324825,58.0551667157518,134.5755887686525
2828,68.25319123204635,9.32644478686853,49.26577225506,64.47077761760757,9.502510802193274,49.5891053986261,-87.31874971916041,56.812730486608764,133.64403686184048,-83.76520306355178,58.117439377708486,134.60224851957545
2829,68.11550139786509,9.53908831220704,49.299033531178154,64.32162665417103,9.734684475420904,49.62867644340434,-87.62364751608908,57.14095843555592,133.68703436479296,-83.92651385774066,58.15659326053322,134.63427631209856
2830,67.97336687304941,9.693455195751179,49.34312944973824,64.1552481961798,9.90774729835432,49.67375858876409,-87.77551183852582,57.28972370450254,133.74078009900853,-84.07137059928431,58.17502772166603,134.67233676854804
2831,67.83663132222063,9.80298595093354,49.39507581933498,63.98796977537962,10.027116165339137,49.72021044931904,-87.92124017575073,57.392469625643535,133.7950137079866,-84.19875810291971,58.17701242504042,134.71313903335076
2832,67.71366990657756,9.874876349514649,49.45137240957753,63.82803735059244,10.100405732540956,49.76432097987166,-88.05353360367508,57.456793161590916,133.8454758640179,-84.31026365435096,58.1640739228779,134.75248221590388
2833,67.60953803269697,9.91423404593501,49.49422638111786,63.68155676514315,10.131853371281418,49.79274374143647,-88.16375482670904,57.48875622304591,133.88374027612568,-84.40632343752007,58.13475364521926,134.7766209338993
2834,67.52590013052941,9.922142783160465,49.525537220636025,63.55421368615528,10.126290859351887,49.81123327319933,-88.25311994612353,57.490291718520254,133.91097443905167,-84.48537704482234,58.08872913767167,134.79108019715864
2835,67.46360771962449,9.90786109535313,49.54740582844536,63.45051318166815,10.094503627523823,49.82430561498876,-88.3196672088368,57.470841040509434,133.92973087685155,-84.54533497640806,58.034018778604846,134.80110354116164
2836,67.4205001251692,9.881202361370844,49.557298278670835,63.37197805966883,10.048158616863478,49.83009183734724,-88.36593833607101,57.44040006611352,133.93715796074366,-84.58711246450102,57.97782818215599,134.8041201327691
2837,67.39487391128615,9.849408911232945,49.55512128128468,63.31739585390829,9.995042307291392,49.829950514986976,-88.3947968176526,57.40578244927654,133.93313797924952,-84.61202009582183,57.92383243717806,134.80143790325454
2838,67.38196801442803,9.818413365368814,49.5472364293279,63.280007901574024,9.944199085343941,49.83338093363309,-88.41043700050875,57.372447150235864,133.92427935023412,-84.6262398062147,57.8761168444717,134.8031146979669
2839,67.3659917935834,9.784562819826627,49.53670218352293,63.237250186567614,9.891909666237876,49.840713202128875,-88.42924456801035,57.33696461829259,133.91323726592043,-84.650862621215,57.8269460265816,134.80923243846124
2840,67.32655701563174,9.741895968647967,49.534295895471345,63.1653075989825,9.831421963495503,49.851630687622404,-88.46859730259925,57.295743432052504,133.91019523698196,-84.70385009405699,57.76967787163923,134.8186702280266
2841,67.25212135815144,9.692283266157414,49.538238567886395,63.05648121518358,9.76520092423832,49.8646762978469,-88.8615137538108,57.6919277533644,133.9150481161983,-85.24402898864514,58.323816662012405,134.83221534157144
2842,67.13795440835754,9.627957987771529,49.544126486350386,62.91111227659761,9.6837893742666,49.87594916272623,-89.1179309817493,58.06628622089476,133.92590512098047,-85.49644874413478,58.72325671977526,134.84883653882727
2843,66.99589721228106,9.529030162900147,49.552952229008596,62.75173711057943,9.569066707783772,49.88507975854597,-89.2257388155201,58.5476997472199,133.9475106213493,-85.47811228876505,59.20114760619486,134.87258522132743
2844,66.84463260405519,9.372282470935643,49.565598745938864,62.60248632630649,9.404004277120519,49.89339389705056,-89.44376479096967,58.96830029375748,133.96794414505533,-85.56947048952738,59.52956137680835,134.8872193952347
2845,66.70727265498513,9.14256670060205,49.57403524177133,62.48211254798012,9.183991777563984,49.896768238282974,-89.76931359721956,59.300279046941625,133.97719576416168,-85.73109319630318,59.7222809504165,134.89236482366064
2846,66.59913005253712,8.848846541589134,49.577883511564515,62.39129303640227,8.91875263733805,49.896301347777076,-90.47001591691934,59.62316711466141,134.09962545832656,-86.3438462378754,59.9081648154527,135.0628084280401
2847,66.51239572134467,8.519369859731182,49.5746299064746,62.31376469962677,8.625206493985074,49.89026283047133,-91.11183463679751,59.91282325345145,134.22471241115971,-86.74564282449899,60.02081778591219,135.20368759447337
2848,66.41729389893538,8.16905266439191,49.564569759408506,62.22306071112732,8.312069112124092,49.87942506613922,-91.68146478573361,60.06441755281834,134.3483339807026,-87.72154817775349,60.08451804487343,135.30634495420884
2849,66.29456971452716,7.816445919853895,49.54977522815347,62.104103268373926,7.993710458668067,49.86547470712692,-92.31265813924247,60.32866770452589,134.46901296881774,-88.43641246608843,60.328784302736835,135.39138534206393
2850,66.1337146531307,7.462401147945883,49.52939384239416,61.95059775493475,7.6717261432563975,49.84907235602453,-92.68016054348925,60.36604816710035,134.56055279040407,-88.51804458048926,60.449274845271546,135.4285129026912
2851,65.9378744963825,7.106097027077264,49.50256401028881,61.76614916759077,7.3437984795355815,49.82976611423502,-93.05033724487316,60.3488588659931,134.6621332147111,-88.61093333527151,60.385705903240655,135.469171223207
2852,65.72672624713354,6.7422924605567,49.48104002717502,61.56923819366563,7.0029266453196675,49.81744932842335,-93.41725960350881,60.33169281086997,134.77727772198574,-88.71441713753988,60.28238377436343,135.51791006225403
2853,65.52259642446923,6.3690462968611685,49.46625859148266,61.37931055962738,6.651034277960468,49.81205011008623,-93.49161962065278,60.485423937814325,134.74890873195287,-88.83178265273037,60.55852107904122,135.5268750528023
2854,65.33333357401693,5.981370954083587,49.4596879604843,61.2029365734096,6.282700155301281,49.813150889610796,-93.64616835578852,60.65427463019056,134.6919730423307,-88.94212376628494,60.79153021629592,135.49725264831065
2855,65.15708343366516,5.580189800219616,49.46271025502188,61.037252178865685,5.897586444420407,49.821190916114695,-93.2622411380677,60.870283850175184,134.62328342656178,-88.92990524717897,61.08859462858062,135.4416774088031
2856,64.98244873974517,5.164881858605309,49.47551753342414,60.873640554494116,5.498600274426313,49.835065305534314,-92.95016030985737,60.93299626461655,134.55840828768262,-88.95608989889791,61.24214107934768,135.40776654522335
2857,64.80225375100223,4.746259156279489,49.49680719860842,60.704641899179315,5.095118675098284,49.85182233224677,-92.70776610903907,61.24647708268604,134.54037430637032,-88.59728042796183,61.62236877246099,135.41752985165957
2858,64.61158623152932,4.334373483710284,49.527467215618145,60.523296730727246,4.696218800733801,49.87221321706182,-92.41973157002933,61.479174022881686,134.50438492983884,-88.27653754683337,61.649650566129374,135.4108994784287
2859,64.40643298711109,3.9336397985738376,49.5595329252624,60.32422039987098,4.3055785669857265,49.895020074891676,-91.8059251307801,61.57928500977392,134.49109364766198,-87.60599498299486,61.441446432391906,135.45388262856628
2860,64.18888942219833,3.5341189385238385,49.59069807847377,60.11133338889934,3.917763479145746,49.918206407220936,-91.0698931757342,61.41237296463758,134.4945035753498,-86.92729162035522,61.27581264742293,135.4795241749333
2861,63.96685430171405,3.1361061993502184,49.61550267681855,59.892289815219065,3.5317055022932253,49.93439805450134,-90.36144378827565,61.28145916509011,134.54130818182713,-86.42625321029753,61.21633966130162,135.52431701761355
2862,63.74967871455517,2.733429722181217,49.63402096654939,59.674831935136105,3.1388715284871647,49.94550363157486,-90.78299695948074,60.7912780599493,134.62871597742014,-87.48933485621397,60.75937427604206,135.58615208999396
2863,63.54133704681437,2.3283097649365203,49.64673413864665,59.46140549308837,2.7391542855804656,49.95312494169777,-91.0946727399793,60.22130737240274,134.67353462395596,-88.23625048752584,60.19484091196676,135.5875927687531
2864,63.33864227767728,1.9195260656700137,49.651765242169915,59.25351222088023,2.3331985130645028,49.954791105562606,-91.70656054676498,59.13203550111817,134.63627889827507,-88.86519736510233,59.23785079709694,135.51342744116198
2865,63.133264783552725,1.5077035018987495,49.650868931038154,59.045570574369684,1.9254129394893873,49.95373363180243,-92.26532997097526,58.136227935767806,134.59023739603296,-89.29076402885018,58.34185379428676,135.42689015347116
2866,62.922868485819215,1.094031660625456,49.65320537074311,58.83455354363886,1.5164338695754558,49.96217893011653,-93.27986626428324,57.31949735858272,134.47606414595626,-89.85032040940875,57.67373427487494,135.30889885144535
2867,62.70615760600609,0.6807992929027196,49.65732703844143,58.619787522973255,1.1058690877934594,49.97697966988485,-94.5466546384968,56.60651954087027,134.3455220348462,-90.50622739032386,57.313448032564175,135.1861256861281
2868,62.4854318524606,0.26419056830057086,49.66907774241721,58.404102338302735,0.6906041594999237,49.99740210053064,-95.76974239317761,55.87039998643634,134.2009618040355,-91.01162995056242,57.06281709381521,135.09482391653628
2869,62.26030915872818,-0.15169434627458372,49.689581541576786,58.18693224805371,0.2758949397852389,50.02351929629641,-96.72734965350705,55.75479997761556,134.0141315227352,-92.47572902322561,57.230550560940685,134.9756366594066
2870,62.0366430710635,-0.5678791867533828,49.71872982752006,57.97064409557382,-0.14066507581148807,50.05390806945753,-97.93776839138991,55.779721879125475,133.87798250750762,-93.90311383981556,57.384317300357324,134.90217573248927
2871,61.81379603508696,-0.9851914948838929,49.755866767492485,57.75480539705456,-0.557993101480501,50.086985859121796,-98.986177287504,56.154797537001286,133.78110377443141,-94.85951587381255,57.50424795400929,134.8283758119067
2872,61.591757508636796,-1.4056567023946231,49.80126174636468,57.53666737311671,-0.9777924617043801,50.12317747003644,-100.00565594075725,56.74704545873275,133.706605675489,-95.52229610986107,57.77580724950474,134.77370490298347
2873,61.369511832508536,-1.8300288569178718,49.845678093280824,57.31648553563086,-1.3996385021643505,50.159126627517,-100.62293372517424,57.006919136527216,133.6723651330373,-95.71480197120445,57.578056368174046,134.73530300404371
2874,61.1447118615519,-2.248257999876735,49.88726132760511,57.090464465991936,-1.8113890376495092,50.19279724472577,-101.10297960892323,57.17761715724315,133.68937521227846,-95.882831619646,57.46685071809479,134.750818977666
2875,60.917606655124715,-2.660990706232721,49.92684276718474,56.8622313785448,-2.2209703580130333,50.225746606243575,-101.38518930029987,57.180023895475344,133.75203223447667,-95.72377989086596,57.170853722787285,134.83441527834373
2876,60.6872289192557,-3.076314359524458,49.96092203896301,56.629693279659044,-2.633564477476605,50.25522360605711,-100.82626148350911,56.71773560334476,133.8461424023499,-95.45849443401592,56.702431478103456,134.90256805882314
2877,60.45605039962204,-3.490617205764172,49.989915173751314,56.39638616085926,-3.046251723010709,50.281268052840275,-100.20389863773623,56.24776873427105,133.96226169333266,-95.41145990704261,56.343182173080436,135.00762424422106
2878,60.225322798861974,-3.906164534846998,50.01638007179119,56.16488585312704,-3.4597247878025925,50.306012407292464,-99.49000460661844,55.819327778447196,134.13098296125727,-95.0629212760056,56.097072298744166,135.14710743164565
2879,59.997033195820606,-4.324526021512022,50.04039921772727,55.93466302339565,-3.879765953279789,50.33082910320639,-98.62986627283284,55.354853391107966,134.29660676921262,-94.47437907902588,56.01555577914927,135.25929337669422
2880,59.76971222911654,-4.74036823862076,50.06202705814569,55.70630062548176,-4.298465129650651,50.355612072415255,-97.66749308205456,55.093618877686694,134.45655088467427,-93.5354272294598,55.80267768211881,135.34854218425878
2881,59.54137512955806,-5.168164221755247,50.08325661624534,55.47605739087321,-4.724583668852613,50.379470751322124,-96.53532976235658,54.65010653753559,134.5785524165898,-92.55970381304924,55.41820609308301,135.4128250305314
2882,59.30839460175119,-5.599376935123827,50.1031008012525,55.243044819193535,-5.15385630426376,50.401422001533156,-95.69845091651787,54.34662965362025,134.64436513165163,-91.89737926399506,55.103328844524306,135.4537682636877
2883,59.073986320070176,-6.026106607675626,50.12657527667754,55.00945716847425,-5.5788081514306676,50.427963151160775,-95.11946250512558,54.23587794487402,134.69849081445693,-91.58086974438476,54.89571912380724,135.4715767902919
2884,58.8399596985898,-6.451125702143639,50.15514461358317,54.77723407897818,-6.001110859393014,50.459701633787425,-94.17904123707663,54.177922549668935,134.68127631014536,-90.98770394046778,54.817523556740504,135.43857103962128
2885,58.602476579923234,-6.877326875831585,50.18624148680295,54.54262494508175,-6.423620915440777,50.493238089079604,-93.76846821805817,53.957867216741214,134.64114291854472,-90.94464438124795,54.575671182702756,135.43406774031453
2886,58.367433373249575,-7.300085921941502,50.21960215347306,54.3111692056388,-6.844885100185817,50.527865487948745,-93.82297605086359,53.26944793430248,134.55131409507064,-91.25495582165995,53.84003897362239,135.3624048074187
2887,58.13751817992827,-7.7291299420112205,50.25597576643881,54.084125575205206,-7.271203042892316,50.563820266331255,-93.90650938757071,52.63553334044239,134.43109443608384,-91.0781015645328,53.18119387422457,135.2654108879287
2888,57.91347005668087,-8.159375379009099,50.29611937654472,53.86007642499485,-7.7032456675563346,50.60141407594226,-94.24803682200833,52.22604848654252,134.28132008992992,-91.0735494338865,52.75453498110705,135.1400707892992
2889,57.69109134193468,-8.590187031335379,50.34062372332542,53.63700983811489,-8.135840420219344,50.64126209853171,-94.43700949404634,51.97349415293745,134.11352318734333,-90.97675307104622,52.627169994763854,135.00044669793573
2890,57.47087531237557,-9.021402537264068,50.38322647421355,53.41612451318803,-8.568312005377468,50.680398681949086,-94.53392548533492,51.80846985069327,133.96009458637684,-90.98245183155274,52.68646707141531,134.894381170095
2891,57.25143746346364,-9.455794685922966,50.42608841615892,53.19802721443214,-9.002269442034473,50.720622291939,-94.92668406803114,51.60886723458726,133.84207824926972,-91.06454398686537,52.78512272987981,134.81237948839737
2892,57.03455145992043,-9.884201779807706,50.4670375166936,52.98174725450292,-9.428258882965968,50.75927806163414,-94.93630760636982,51.73702924614613,133.76673090121474,-91.01984103425538,53.13096297889916,134.82803741551834
2893,56.815691433661804,-10.315724491062914,50.506984173258175,52.76298474274718,-9.85705675133576,50.79746959713497,-94.61339386927447,52.27294147097357,133.76827791427732,-90.85243592640576,53.428042749507796,134.87653563221969
2894,56.59452096135451,-10.748472130471798,50.54936009644876,52.539612131876915,-10.289604579137395,50.83775141298982,-94.6174792147001,52.86676749093793,133.80479891257554,-90.7578499125174,53.68369356009428,134.92842442960043
2895,56.37173645718442,-11.181978304856719,50.5902297183148,52.31348211142545,-10.725860553097752,50.876384923241375,-94.31007275527091,53.44043958581296,133.9038272010345,-90.38701038151764,53.95957118271566,135.01003690329634
2896,56.149126470961555,-11.61502329103886,50.630965878767455,52.08813941771127,-11.158691310394977,50.91606543454329,-93.9288289010547,53.87716381466731,134.062550878453,-89.89280273654136,54.2023938429682,135.12041014037834
2897,55.92353241366827,-12.049355115684234,50.671652931577604,51.86067694258302,-11.594741250517865,50.95653720583999,-93.40764658424781,54.56981043385686,134.2791779386496,-89.38388257002204,54.91433515027366,135.29497829472928
2898,55.69434185130818,-12.484050011663882,50.71256228023174,51.631024285349355,-12.031133269423057,50.99801624649886,-92.79991862559451,55.29489144182488,134.51081854057205,-88.93231126305858,55.578937301256744,135.4584691349014
2899,55.46164542926272,-12.92658452103294,50.75215091604919,51.400381089571034,-12.469596739901226,51.039056752309314,-92.46431622280606,55.76655945580471,134.68499211749895,-88.84261518320102,56.023088768373704,135.58647517332216
2900,55.23147892737843,-13.367528027251504,50.79106288720464,51.17596312269087,-12.908151599228137,51.080011528353275,-92.3506120907229,56.111779764379314,134.84316429024358,-88.9494902860696,56.22515787185167,135.70092553051302
2901,55.0025397521871,-13.80797459231713,50.832312803784454,50.95291035955098,-13.348355796975174,51.122334031783375,-92.34952091045567,56.4707235557305,134.97320441453743,-89.23519879258265,56.42303407010654,135.76777927722028
2902,54.77300330683274,-14.245592117104126,50.876895460190234,50.72849545430547,-13.788071045615055,51.1663037916671,-92.59359687759228,56.9631977380603,135.09177934561896,-89.51522278755854,56.842472164096144,135.84671093286252
2903,54.542318604504366,-14.685949439126956,50.92372892592386,50.503182477916674,-14.226361052336,51.2119686130489,-92.98800888568121,57.30861670399785,135.210079049497,-89.75274598367841,56.98787320623498,135.95493884284528
2904,54.31606575548582,-15.122721237230556,50.97093691459748,50.27908751061681,-14.662290843199026,51.257618969355526,-93.52153330848043,57.20516182141511,135.25258851596763,-90.0164927472242,56.98978844505901,136.02248383371662
2905,54.09383294635161,-15.558949140515583,51.01696592766175,50.055397530609,-15.096493905547284,51.30214409538123,-93.9270826507309,57.1643463996079,135.34176572202026,-90.00027731172888,57.170163091129005,136.1672500116291
2906,53.87396581418891,-15.99333488453427,51.06200657681935,49.829786813795614,-15.528416687813014,51.346036914666946,-94.3792690042573,57.41174770584718,135.4843058883071,-90.32416545191887,57.63688988109644,136.35383222826624
2907,53.656389893952564,-16.425548480423803,51.106743917458616,49.607266362181214,-15.958600710119992,51.39000155420435,-94.81123826210074,57.967680241771646,135.66527144238975,-90.7369696667091,58.29640976119081,136.56871955399012
2908,53.43940103724547,-16.857346942674013,51.15116135928763,49.385830903559196,-16.389452801796573,51.4340640251415,-95.02472743516698,58.566703857056666,135.91291911655662,-90.95967087769912,58.92383611108471,136.80907025518124
2909,53.223168621160234,-17.287959827205672,51.196663880795384,49.16531925467908,-16.821177447839894,51.479509104784654,-95.12305753316026,58.89385101075942,136.18685357227506,-91.02846318423215,59.30446269211794,137.06401693187976
2910,53.004402403095156,-17.72139858242091,51.24563883734492,48.943316059372385,-17.25559716043328,51.52940819532436,-95.15674920833128,59.30690437197162,136.4675316743743,-91.00201069307224,59.53581988567797,137.32224753980958
2911,52.786078952719635,-18.15372669071303,51.29613099350799,48.723788945262946,-17.690085165561996,51.58109696220323,-95.12368047750441,59.81666148978654,136.7718893757092,-90.95378496659173,59.740748862919496,137.54208400659633
2912,52.56688995345123,-18.58624809249262,51.34895527979984,48.5051689017178,-18.125626858615526,51.634912437191005,-95.33432413445277,60.41321593121801,137.0648942211745,-91.03491734478108,60.21688259968428,137.7945110425973
2913,52.347519295295484,-19.020781804025486,51.40520950178161,48.28755898883212,-18.562264186607514,51.6916441507231,-95.41880868353883,60.93095684908049,137.3507381424045,-91.27428038680809,60.791401828298596,138.05489520069116
2914,52.12599990322266,-19.457340711492662,51.4648326793225,48.070797151383225,-18.998980766231174,51.75028878115891,-95.30823944912639,61.40851208422451,137.6029106777798,-91.35858882532982,61.47537304566432,138.28095649885682
2915,51.903921211803464,-19.892981123605214,51.52551603369655,47.85433581266066,-19.435767013455816,51.80813037171031,-95.10459298914888,61.78481807593106,137.84860318264097,-91.18711388078016,61.98865956038887,138.52213993043557
2916,51.68103307590042,-20.330268158365666,51.59008767265026,47.63685121232287,-19.875593293879867,51.86810278803643,-95.22940340104896,61.99164360605715,138.03897325679986,-91.395144347899,62.04410123564809,138.70224022633533
2917,51.457006608123805,-20.76842805437994,51.65721764668445,47.414573910725274,-20.315966764328174,51.93125958467881,-95.50816649799128,62.11944966149111,138.25681097776442,-91.69393236002212,61.90382918319829,138.93925127284527
2918,51.23308636534513,-21.20550822529887,51.724183387397204,47.19244156089687,-20.753103594791185,51.99496827525099,-95.65425577630704,62.51809076566235,138.52133418739658,-91.72073635050029,62.18942980099797,139.20621001516406
2919,51.00562096737371,-21.6450054818246,51.790403362796575,46.963757214031205,-21.192317467049573,52.05833891273414,-95.44158305773149,62.980096136469754,138.7297147124513,-91.34979737097433,62.82269081385526,139.41815573977024
2920,50.78039065527861,-22.07222681001878,51.85341210099984,46.736211936683254,-21.616534310564248,52.11869457475845,-95.08738478062824,63.224718710556544,138.83109320272843,-91.01845997938483,63.22660720250081,139.4982963995816
2921,50.552006551179566,-22.507185830739342,51.9088304990022,46.50558864443695,-22.048115384697123,52.169251348918365,-94.56803276357763,63.15268456815769,138.95647356421688,-90.40757812415106,63.32137747979835,139.60981853855208
2922,50.32349258600147,-22.943738103372684,51.95622676158494,46.27505541340341,-22.481866755773748,52.21171985455482,-94.39411847362825,63.10640784896343,139.0342201529432,-90.16944557688373,63.39328074836151,139.69022516581984
2923,50.097051929468975,-23.383248552860714,51.995811680807165,46.047429053898455,-22.921466442067945,52.24809842773758,-94.0740725216291,63.23803835825048,139.11063461475024,-90.12921564950278,63.347678088255705,139.74642467136272
2924,49.87676568481034,-23.82032315171155,52.02776841569111,45.82437457013162,-23.359278322485537,52.27986910679128,-93.95553655299449,63.576883464091296,139.1125451322158,-90.5058229011714,63.410953794535374,139.78162127022804
2925,49.65488559729984,-24.25636131931408,52.05172591330507,45.603507227430555,-23.794602446372263,52.30784573070503,-93.77451222746008,63.69505075457219,139.04614687728105,-90.51332843615573,63.55046352107657,139.78784322768215
2926,49.4307485925777,-24.693279724104787,52.06738975230527,45.38130368099247,-24.232823205714507,52.33134923303542,-93.71185710234161,63.460853377429935,139.03850761218058,-90.31123050244649,63.57944738668048,139.86888457577834
2927,49.203994152914525,-25.134133393182278,52.08196099123518,45.15689323226338,-24.672636765961197,52.36010857635106,-93.5928673408938,63.355749720923505,139.12680942701326,-90.0299891658211,63.691967226733134,139.98332958382593
2928,48.97748581530227,-25.571786056113556,52.102781646921535,44.932773182501535,-25.111553522148657,52.3941805469291,-93.72388132865301,63.38770097954699,139.23373373181747,-89.80195050373668,63.75523371274803,140.1519343705701
2929,48.753105656010916,-26.007924918434682,52.131979064791814,44.709683614414566,-25.547630174701347,52.434248196953874,-93.56528413364016,63.485389651387436,139.4052556999538,-89.46468721570758,63.88282012448258,140.3663286909372
2930,48.52891924059319,-26.44383142757529,52.17085738885193,44.48686671062566,-25.98440340594344,52.4801823358869,-93.34682651473075,63.87597096416272,139.6240497264995,-89.25924079966006,64.28632036423778,140.59367555220862
2931,48.3032078464893,-26.880165418820866,52.21740963830013,44.260966898336044,-26.42157589225682,52.528388825501914,-92.71784334971953,64.15362879278072,139.85901396417322,-88.93025677115985,64.54764432527043,140.787022429826
2932,48.07448692264633,-27.31994839897324,52.27257420434915,44.03260912301111,-26.86130195178918,52.58023637302313,-92.25378156797359,64.49997184357363,140.13010334945648,-88.60339992100455,64.94612580851548,140.97437598107257
2933,47.84013136950878,-27.753581399253765,52.33662136078785,43.80031954878993,-27.29535793066685,52.63530800430716,-92.1224544810606,64.98867236187778,140.33123595137715,-88.6052459906931,65.38334696996235,141.10153820550008
2934,47.60110754566938,-28.186696512261477,52.40209991953628,43.562399838723216,-27.731260650264772,52.692180273478336,-92.00842109398789,65.42183351784044,140.49547531919026,-88.51301082543411,65.7421743785692,141.20044893254254
2935,47.361550559486645,-28.619783888511364,52.45760393687716,43.32364867962491,-28.166559051556124,52.73678186394351,-91.8409908090158,65.91075788172303,140.6225087421426,-88.36187949034911,66.08183081907775,141.3057449509999
2936,47.123470326547185,-29.052007854341074,52.50109382904919,43.08638373538339,-28.59580842119074,52.77016975019303,-91.84761704617067,66.32592415120506,140.70504798607692,-88.32418866886935,66.32304284052434,141.40459926466525
2937,46.887853208855894,-29.491363872754555,52.53233831117027,42.85048167893187,-29.032568973430536,52.794026229013326,-91.78904286666766,66.53184427373846,140.77898782123378,-88.25673592565978,66.5245650464677,141.52563713129888
2938,46.657583995527474,-29.931783621222223,52.55385954959767,42.61805579887597,-29.470875383495635,52.81160616123057,-91.88973697181339,66.8308345093716,140.84337303022104,-88.2605196316255,66.75474966471546,141.6210529783747
2939,46.43218507391985,-30.368062306956116,52.56288972093218,42.39173665708376,-29.90722332016502,52.822412303467594,-91.95565323335153,66.99969217836366,140.88473938404726,-88.15073982950123,66.9499218969188,141.69690664432957
2940,46.206290065817676,-30.806737742745085,52.558542349001996,42.16708948394501,-30.34437654122902,52.8268888892501,-91.71954314635137,66.86453959314079,140.9253001311519,-87.91238091703175,66.79572976862185,141.73461499382947
2941,45.98113312696281,-31.247367812023093,52.543535981259026,41.944764218599595,-30.78700244206643,52.82756069572593,-91.61160817405138,66.5263850928076,140.97243283418007,-87.81291118059136,66.39870677288522,141.77106790225955
2942,45.75658493061515,-31.683893189332363,52.529869369103956,41.72394214010663,-31.22670632696968,52.82668715288439,-91.5154454326635,66.26602178445745,141.02167779073986,-87.67461594512956,66.24640154273305,141.83178576864933
2943,45.52967152646861,-32.11847531078688,52.519904086955655,41.50007332693493,-31.659152590024558,52.82696367031125,-91.28536609594293,66.2129653347522,141.06839133024047,-87.45452260987345,66.38156593332002,141.89096448723998
2944,45.30471012443103,-32.55298636654398,52.51455235705094,41.27521690555409,-32.0952828008509,52.83141486008995,-91.1398669804275,66.13489623093346,141.0849691255149,-87.35712292073143,66.46438683771723,141.93877849017593
2945,45.08268285540313,-32.990385323216834,52.51400019578057,41.050289215470066,-32.53625370334624,52.83929372828478,-91.16448223228656,65.83290821815075,141.09241449591903,-87.57274818504439,66.28529255360363,141.96330843868066
2946,44.86029638217869,-33.43072796403489,52.52264571064311,40.82618196946056,-32.977194020128856,52.85342219920715,-91.33961332299366,65.54048613306382,141.11047035837655,-87.84248100745795,66.16378740432562,141.99687579039548
2947,44.63997675326727,-33.87711976796837,52.53678066371252,40.60308847830575,-33.422354570791384,52.86896437859281,-91.61510148552604,65.46110565929801,141.16547093220538,-88.05083641111446,66.0542955504432,142.05143042016033
2948,44.42141003236393,-34.31687950150733,52.554714779865535,40.382580819512626,-33.86175431290129,52.88475307054109,-91.82915972606374,65.46834313304385,141.21696814835033,-88.22840554922111,65.81500192763124,142.0968132760746
2949,44.19803074586541,-34.75589020773609,52.57566160836358,40.15872221606703,-34.299810308717326,52.90058939881823,-92.08137718000913,65.61288855768792,141.27969568873732,-88.36165427941022,65.978293393279,142.18033577840242
2950,43.97093298058589,-35.19609152891659,52.599637990326194,39.93161219476311,-34.736201772642595,52.91807283071944,-92.44113302557324,65.95798680216318,141.36027390555194,-88.50308180334852,66.64378547243616,142.28131262831994
2951,43.73681971154235,-35.63410174806871,52.62225539530667,39.697214601950385,-35.17130005926912,52.93788329691838,-92.78193844717315,66.20280920932392,141.4479688156957,-88.67032165722578,67.0094020101826,142.3711787583329
2952,43.50506401048644,-36.069143214910326,52.642597887026966,39.46382871026779,-35.60627853024986,52.957274154654016,-92.95059772147845,66.61899453380134,141.55996464830494,-88.86041895817391,67.3044111184234,142.46699286898647
2953,43.27832769013371,-36.50258032857032,52.661755950910766,39.23469171419284,-36.039918363643125,52.97665403785392,-93.22580602984462,66.95016456382915,141.64773276081516,-89.25702901579534,67.4449970960606,142.5212980449683
2954,43.06069525571608,-36.938413985524235,52.68053462745022,39.01567294913079,-36.47602846011455,52.995029300622036,-93.61045588274447,67.45387253505749,141.78264501817353,-89.71269432699839,67.79034555287004,142.65628843071198
2955,42.84018451517219,-37.37659525633313,52.70070690411601,38.79510768835577,-36.91341552147226,53.013619455586486,-94.03966436827078,68.26842272445282,141.9300212981421,-90.14998919204983,68.34912038162331,142.7831181108165
2956,42.605883066864294,-37.8134698558285,52.72454595230551,38.559819507591264,-37.35204073767529,53.034300770446166,-94.5380757025305,68.69914003767845,142.08008200234445,-90.59734788251829,68.60632375802997,142.94024154264423
2957,42.36507633410203,-38.25887358404294,52.74886408504356,38.320568492173756,-37.79977798505229,53.055492799703224,-95.05814597561307,68.92228212177547,142.2086384167036,-91.01846491105161,69.05601512420085,143.0690221253386
2958,42.13457186637945,-38.69272726292988,52.76980008717539,38.090019463493846,-38.23738886263081,53.07463544306091,-95.4198849555916,69.08195118676754,142.37182757353108,-91.20188846110753,69.16158890094015,143.23137622853451
2959,41.905018163441525,-39.13649167972956,52.78794597791093,37.861134365902394,-38.68310884296022,53.09265932677553,-95.65141290049986,68.97703748919648,142.56278526845324,-91.21445588810447,68.87905336640036,143.4231131726198
2960,41.67697447272807,-39.58917149093074,52.804155114968744,37.63507332577078,-39.1352295411679,53.10956257597534,-95.69497924234948,69.0718930359273,142.7927050321303,-91.2011660388939,68.83567342408028,143.61095234363356
2961,41.45005286553484,-40.042760273826225,52.81790423875828,37.4126982550219,-39.58519082308458,53.122897396852174,-95.6380426052381,69.13818173882078,142.97178551807792,-91.18635058659106,69.00176957933445,143.77787379649118
2962,41.220772809763844,-40.49804974227124,52.8305004918378,37.18640536243835,-40.0371678756848,53.13562378229507,-95.58886777527267,68.9865216455783,143.13322418593555,-91.2542872896217,69.11200450933153,143.90339815614502
2963,40.99156152260896,-40.95162642768355,52.83991656885351,36.95661312312842,-40.48778314466264,53.14474848794877,-95.32441517614313,68.94316035199732,143.2662249221394,-91.11267709163567,69.15816402970003,144.0224940937158
2964,40.76168679021972,-41.39806639209752,52.841633913659834,36.725971229842,-40.930058272678224,53.14694607121554,-95.03698953137744,68.71931746433647,143.42496344661174,-91.01923578673807,69.1778877137906,144.15546013451183
2965,40.529912621215956,-41.84370812125992,52.845679600824624,36.491800525608205,-41.372809344261384,53.155348443468135,-94.9203395057879,68.64772291656848,143.54727276226922,-91.04009208525308,69.16172399772,144.27272903827017
2966,40.29563024106962,-42.28994184728834,52.856927398285514,36.25498710829256,-41.81532858437261,53.17355778342493,-94.9896609132765,69.00090223312381,143.63793206848513,-91.18734369957293,69.37235010028544,144.38257881005399
2967,40.06314706261291,-42.73140448012974,52.87404640672844,36.020419619974966,-42.2562481437633,53.19791593186049,-95.0610057792898,69.28283363472147,143.69261005227727,-91.28121142923555,69.62534630295879,144.4541843862453
2968,39.82910251619174,-43.173269987144224,52.897475887550996,35.78650061893624,-42.69725260643801,53.22520968285159,-95.13155470072205,69.38305471826342,143.7075955117753,-91.3468559869817,69.77313872307171,144.47382822054678
2969,39.59627339440684,-43.6128886069885,52.9263904406142,35.55265281932154,-43.14030323418437,53.25553069754203,-95.30928867594224,69.49143865805367,143.72102988939412,-91.63073614200445,69.88121897380726,144.47936208091065
2970,39.36564544467829,-44.053549403280805,52.963754017821316,35.32392989651934,-43.58374428747539,53.2895023157324,-95.70905692682055,69.63062273267892,143.72138209465146,-91.97349677170723,69.97006701293225,144.48365219984063
2971,39.137372537547414,-44.49891945829741,53.00911617043887,35.097103449484266,-44.031861199310114,53.32610160998902,-96.11835369133911,69.79476689320772,143.67995616548964,-92.2793663624826,70.06280663778162,144.46624848932154
2972,38.91054335985562,-44.94935961816959,53.04895350983589,34.87103626168805,-44.484383468448236,53.355149468391005,-96.33053520789483,70.03944310656898,143.65211820372045,-92.33930217264918,70.21577379714151,144.48287469877317
2973,38.6836772535095,-45.403027503356114,53.08372497974797,34.64365832644119,-44.93883301288877,53.38048373095152,-96.51777227995117,70.09344732743942,143.617751505863,-92.48983154318267,70.29081278556833,144.5018825130898
2974,38.457321258184365,-45.8579844717298,53.113417904544036,34.416589639956,-45.39553004770024,53.40398603623142,-96.66470513896796,70.11495401693631,143.5977980939257,-92.53435578600202,70.39311087862124,144.5205697865875
2975,38.232288603645394,-46.314726189293545,53.13806842321483,34.19297941548112,-45.850279195296764,53.4264322218772,-96.87544053552361,70.23537904946467,143.6064141422848,-92.64620083227041,70.55923968027814,144.53828819617144
2976,38.01161148523684,-46.771942810276705,53.15355299210355,33.975229803085156,-46.30440560806892,53.442133521729914,-96.52889425423359,70.44546954642205,143.6401017559592,-92.18528247426885,70.80018036261208,144.57807422788372
2977,37.78701490443499,-47.226886640140016,53.168007512739266,33.754347014501384,-46.75496490889944,53.462876246811014,-96.17996643749518,70.45945254802817,143.65875358806292,-91.93040697249225,70.72077348954858,144.58723404344178
2978,37.56422022573801,-47.68100526516991,53.18488203431462,33.533336526141596,-47.20904587747865,53.49086399363519,-95.75672323344898,70.52280960380175,143.7013159850589,-91.65441471778941,70.75012231461163,144.6065973013879
2979,37.34521318077908,-48.13572203727384,53.214634923651566,33.315950617367534,-47.66229667639516,53.528216630554134,-95.33291446688602,70.45044231898036,143.72340588113312,-91.24726195183933,70.6624081250768,144.62593669046666
2980,37.12875257853273,-48.58821088058862,53.252542655191846,33.097932141693434,-48.11509394866101,53.569981892281184,-94.94853635727036,70.23375773019238,143.7726699264431,-91.07853298155028,70.34264976057642,144.68461846307792
2981,36.91212420346554,-49.03630945864062,53.29587102804679,32.87617137655069,-48.56635075675384,53.61312028782759,-94.54420921990516,70.07033840690289,143.8048829289242,-90.83768669722888,70.20638431378401,144.71218029340747
2982,36.68919678524096,-49.49026643536595,53.342136101393415,32.65039469613055,-49.02074189837652,53.65605297211903,-94.03959785024321,69.89789473546386,143.85436138742676,-90.58172904470166,70.1735721734787,144.76072362622918
2983,36.460761658828226,-49.943258201295876,53.3972879125965,32.422437714140564,-49.475956589005186,53.702288729192,-93.8038838012956,69.57203903256674,143.87615061672386,-90.19759137009574,70.03407430435549,144.78843143925394
2984,36.23349979269874,-50.39398478622623,53.4548437643131,32.19682988942562,-49.92404524053026,53.75200004924596,-93.4865461818969,69.39200456113483,143.93230941613254,-89.89492332791798,69.85793436003678,144.83479932807805
2985,36.00921219073745,-50.836978355223984,53.51259223640625,31.9740920655296,-50.36556848630993,53.80233210219509,-93.28699102315451,69.17465630322381,143.99583018196688,-89.74366324633868,69.7558926499242,144.89327814467833
2986,35.78530741349917,-51.2794115853247,53.559669696745786,31.75105384183811,-50.80539919886265,53.84021721558098,-93.27179088048356,68.94361565604233,144.071014679755,-89.69740671408064,69.53796229187698,144.95899139992238
2987,35.559198756713585,-51.725738293523825,53.596586908953135,31.523539626682513,-51.251620000274855,53.869281100718844,-93.14683772085853,68.87901784713115,144.12915362492507,-89.66847376295392,69.35101960657394,145.03440377082228
2988,35.33049865850036,-52.17468782593495,53.624268806298424,31.290638511570513,-51.70252860382386,53.892344859947514,-93.15775488423729,68.62555852914187,144.19134206413773,-89.72586361951856,69.05511144248622,145.07887955351313
2989,35.09885695098063,-52.615493974293116,53.63990752165611,31.05619704008616,-52.144189873288035,53.9049720833913,-93.26186076933453,68.25396646034966,144.22184745398187,-89.83813345697958,68.73084486922241,145.09608644633852
2990,34.86783433083455,-53.05041073963272,53.64155186231869,30.824897915246016,-52.583516428453756,53.90891424637518,-93.14685408500091,67.9042247997725,144.25040354074451,-89.44066206584,68.38807695045213,145.09767960421078
2991,34.636696213056894,-53.48751005978876,53.63288573064959,30.59750446809631,-53.023104432409625,53.909917701819616,-93.1269958004273,67.69647789600101,144.25219931450727,-89.25943535511678,68.24779029077261,145.08726026348103
2992,34.40333546008429,-53.92607136487692,53.63034205087643,30.369453464399207,-53.460730384437866,53.92799751470731,-92.8827604000216,67.25555014908952,144.2280445895063,-88.88932799514643,67.84870624557917,145.06305519122574
2993,34.16944319238415,-54.365074163335905,53.643415325989345,30.140378561008106,-53.897372538615066,53.95985733835606,-92.47562990970192,66.92059341349247,144.18570683616701,-88.44278267854072,67.54356094202919,145.03575002373267
2994,33.936294477159606,-54.795657366546045,53.67204353533026,29.907189564839246,-54.328808755709275,54.00299122663162,-91.98654924690432,66.55166308834278,144.1176119437405,-87.97754187155539,67.2402268448098,145.00149000199684
2995,33.70611344464304,-55.223702131185576,53.7151137479234,29.672353065177056,-54.76052050348441,54.05496664938075,-91.58269138375634,66.2599195497263,144.04717901699377,-87.8095034488695,66.96700904425185,144.95232079355918
2996,33.47284496677783,-55.65773345342856,53.77466006901851,29.431075922131637,-55.19580351896477,54.11458614736395,-91.41010082711053,65.75087380974027,143.98529431638198,-88.06658157791922,66.36266549891396,144.90794514594774
2997,33.23280388922259,-56.090643770026915,53.85096363319445,29.18500387974188,-55.62859129988674,54.18091557987059,-91.66219930831934,65.35190585818711,143.97049462578977,-88.38083738576829,65.92855055077209,144.93020780707226
2998,32.98684107200515,-56.5234598287519,53.94472349367196,28.935859575128603,-56.06231440401965,54.25520845217845,-91.89332223888378,64.90625805259735,143.97295130246818,-88.73083798624452,65.65832360274821,144.9572701680872
2999,32.7375022810576,-56.93505671237789,54.02952913587845,28.687851384533328,-56.46626489750102,54.31859186227437,-92.24023150216883,64.68587594283427,143.99463058047,-88.95572852665954,65.45904886391106,144.98239944625473
3000,32.46847929407368,-57.289836223092784,54.09910048241002,28.427178093673387,-56.80555439653514,54.368429652303405,-92.65849672073732,64.40129537637343,144.03762586355944,-89.07276557583249,65.1756657953494,145.02006038482585
3001,32.167757133808664,-57.56567004958057,54.15663004983312,28.139926057230927,-57.06520565760167,54.41046174558832,-93.20401377525897,64.23761160723966,144.09228077940227,-89.23412614584024,64.94381955617028,145.05035035902083
3002,31.84651464115191,-57.74041144909493,54.203964072011765,27.833383733524876,-57.23176212518348,54.44738019223158,-93.64213363070634,64.12813197590177,144.16280259263874,-89.40961842619798,64.76785043224987,145.0768624039324
3003,31.539976982358993,-57.80914065814725,54.234217772655484,27.53041905370885,-57.30191928319179,54.474858996786395,-93.72852090143618,64.1289397081707,144.2192431941993,-89.61732268331798,64.65638863746312,145.09727425302688
3004,31.277109231453313,-57.79398224193105,54.246597606668615,27.254944931306206,-57.29160809675801,54.49452867651534,-93.81716344508924,64.07135728772423,144.2340578583498,-89.82137125362856,64.61176764480363,145.1121755214601
3005,31.08752832669753,-57.726455049026406,54.242497635847336,27.03046572924499,-57.22334157802513,54.50773868926552,-93.9516884558636,63.95875663549762,144.24282627849965,-89.99979500599144,64.62441460625035,145.1222587341164
3006,30.958438814749893,-57.632084668699086,54.23829614913545,26.861331092781814,-57.116073490162975,54.51954649927591,-94.12439451376072,63.92771838990122,144.2525882767303,-90.13976577301301,64.68013494067411,145.13132890326193
3007,30.880504767037166,-57.52301877332406,54.24070594257952,26.748889088737606,-56.98460531405404,54.53801913331317,-94.19985071591208,64.0048590755008,144.2556031402188,-90.23769690552457,64.76474247266223,145.14701502331852
3008,30.850016792855335,-57.41253702677602,54.246552699559246,26.686061595120783,-56.84514231083499,54.55687405231635,-94.23680649957583,64.08622488453584,144.262631981682,-90.29658887577571,64.86376663147651,145.16347086055978
3009,30.85852494761711,-57.314072427388744,54.25448241558187,26.664711741090926,-56.71142976507181,54.57350697571002,-94.23584830809999,64.17624959168722,144.27210222183646,-90.32283989061703,64.96295958817322,145.1784514486116
3010,30.894268619789443,-57.23871784307872,54.26372562043439,26.675685265479395,-56.59638360634351,54.58707906225321,-94.20387927480803,64.24118485249937,144.28224734797257,-90.32231999390491,65.05029867108287,145.1911590835032
3011,30.84341464469571,-57.28959648013236,54.27096618561808,26.643150244424962,-56.68843504035731,54.59618935786116,-94.25116212072345,64.19722080941808,144.29032724057672,-90.34142192340903,64.98000481920434,145.19972834290516
3012,30.897553546865517,-57.25683727060074,54.281217669527045,26.686635941239267,-56.61825714892826,54.60654306306261,-94.20182110709275,64.22273410891073,144.30117132683242,-90.31243050646513,65.03352530947407,145.20953966809716
3013,30.94395008560205,-57.2333406115426,54.2931220875312,26.728962893343247,-56.56310604471362,54.61613982507247,-94.16116732599171,64.24059893347635,144.3135243956864,-90.28339444733936,65.07637800256396,145.21881509083124
3014,30.975257762618767,-57.19968229044892,54.293778426976914,26.76302294026794,-56.49964602543842,54.61456787836219,-94.13490687628789,64.26827793771979,144.31437243464075,-90.26100365228231,65.12912813390328,145.2168318661259
3015,30.988630113171272,-57.13948636788819,54.28639057435783,26.781791349715398,-56.404799379923766,54.605533867428754,-94.25042961823326,64.32926933648324,144.30832061045538,-90.42594521394581,65.22346740663424,145.2092217699457
3016,30.986762321566594,-57.04467675671954,54.27337251472446,26.78556683849306,-56.272181639601925,54.59295606948616,-94.29654577380474,64.42855892623463,144.29536105682905,-90.45218242476153,65.36254438549503,145.19571157121618
3017,30.984519712445202,-56.9095553266266,54.25723874915272,26.79392049235764,-56.104402874115834,54.57966302434883,-94.33202245035709,64.6490762747589,144.27663887937612,-90.45364202963825,65.64682752968194,145.17780287947895
3018,31.007288323927842,-56.73223469725605,54.23799900071187,26.833946309095307,-55.90999213973683,54.562648724025095,-94.27075078130493,64.52498229483538,144.22949571245843,-90.32621713545106,65.38646011589486,145.12178298775999
3019,31.083521742561533,-56.51911468040371,54.212509062758556,26.927059563261626,-55.70122348075123,54.54328529504326,-94.26378977621997,64.39013262315353,144.20535709148152,-90.30416038073204,65.16063936746866,145.1120205367228
3020,31.22386132639969,-56.28069449422574,54.181361936565935,27.07075993239107,-55.48681976506061,54.52220222989469,-94.08937680044609,64.2310764790768,144.16493939788612,-90.04922799381802,64.94840770125901,145.0829199010554
3021,31.413093629590204,-56.02762655412904,54.161382236994726,27.24685269087308,-55.267972548380925,54.51356584884133,-94.02608828529861,63.94571624257133,144.1517057680954,-89.98946424635412,64.62411276060969,145.08890064730585
3022,31.625281618563715,-55.75368073216721,54.15233499381415,27.439006031113305,-55.02522205430639,54.515150777331556,-93.9221007519252,63.63527137920193,144.15598621827544,-90.01725010790943,64.46096264837385,145.11363542741105
3023,31.832668084001696,-55.450606646994274,54.152580428609475,27.624967615862484,-54.7510138596116,54.52311886848855,-93.84137198226277,63.384288149551374,144.2104208379378,-89.96070094098948,64.40916969382496,145.193027064083
3024,32.019492800874524,-55.11561623471712,54.15909067012153,27.79418398389304,-54.444729524123844,54.53296636363598,-93.84875897815395,62.98723319364566,144.29295449961495,-89.98260932069883,64.30588362958468,145.28566859590094
3025,32.186699717618076,-54.756610306035356,54.17596206819961,27.946500369064722,-54.116489906563544,54.54752690359988,-93.66981865768726,63.15755843971054,144.388796077154,-89.77706084099313,64.51927341715549,145.3462857603039
3026,32.3484817724267,-54.38355711718713,54.2018748424273,28.09734136982501,-53.77425601031448,54.565316166594656,-93.34862492123139,63.31933568984769,144.4670471945241,-89.44856020511811,64.67330970497636,145.40428821453847
3027,32.51615533391021,-54.00931537745616,54.23525002499317,28.252348646342526,-53.42851371009153,54.58384882823074,-93.16642477505066,63.282420218846184,144.57822920573352,-89.11123854545943,64.53898182994482,145.47070088139634
3028,32.703032708406326,-53.63929656291989,54.25713651779351,28.423022556147103,-53.085442325588076,54.59115178311329,-92.67483875466357,63.43832038270275,144.68264452137186,-88.50476763861124,64.54079255187608,145.54414910664997
3029,32.9117747805225,-53.282814898662494,54.266847811660945,28.617386066632076,-52.74624701134466,54.589620375498065,-92.15080623359972,63.56131204797533,144.78652004527527,-88.07858131354597,64.59238823421617,145.6206172343907
3030,33.13555101290964,-52.929181655838356,54.263862493936934,28.829133142498435,-52.40343487663396,54.57874147062725,-91.74667024152545,63.40665120139849,144.856975185862,-87.84593896612745,64.34417136293327,145.69643961601813
3031,33.36342017989948,-52.573943354038526,54.25090603802724,29.04919795256471,-52.05545977103805,54.560166142669466,-91.143273003284,63.11621025517821,144.9180460442692,-87.45841958157791,63.90123960500001,145.77378875732848
3032,33.58690604818343,-52.209282465720065,54.22569623857702,29.26821334242004,-51.69626199277314,54.53585696235506,-90.73394153118173,62.65920367610895,145.00687056407344,-87.16067918420968,63.56960928313798,145.86164470032926
3033,33.79219054718155,-51.82878027539819,54.197870604682386,29.47397709106555,-51.32158669090798,54.5197261209592,-90.43651571698626,62.265594806202465,145.1159539838137,-86.93016854387139,63.33338997339433,145.97209776763597
3034,33.98640508693842,-51.42849800932816,54.16993380605356,29.669328950688687,-50.930445133751434,54.51006592231292,-90.2023392547897,62.02025086733133,145.2515997335801,-86.79883568205324,63.08407925318265,146.11733635293146
3035,34.17496529581463,-51.019175713068684,54.15092006240687,29.85871854545546,-50.534039508077015,54.50548244035403,-90.22372873232824,61.780556326833796,145.40047535624817,-86.71182202648457,63.0075741866622,146.266688447823
3036,34.364493977041285,-50.608835739880355,54.14010036733514,30.047849074295584,-50.13835567012846,54.504358910691195,-90.03461928766546,61.39063292284307,145.55067498718762,-86.41146295787817,62.81513762550189,146.40397726122453
3037,34.56343125070097,-50.20488013862115,54.13933870376992,30.244234197561745,-49.746728316981645,54.50754696244473,-89.7238020307087,61.05420024608454,145.71278416198567,-86.0770311904144,62.45226492532292,146.55005779567568
3038,34.77460825627388,-49.80726935734465,54.14986126417454,30.44994974612417,-49.35928951577587,54.51555578398802,-89.49972885051494,60.84538561255894,145.86725627433364,-85.70124606353919,62.12475026036988,146.67233576398414
3039,35.00244947855344,-49.41778577041291,54.16604205239331,30.67184746926577,-48.974742394742705,54.52010487746437,-89.31683408266737,60.502091248393626,146.02037919293141,-85.47303989988049,61.69254168372477,146.79344631625492
3040,35.24095131611938,-49.034043464542734,54.17682444859921,30.904546850013162,-48.590422149444024,54.52060352505492,-88.97094643513707,60.01979906103879,146.15690716918323,-85.07613515805662,61.17182294673189,146.90895134519303
3041,35.47922491896437,-48.64329677515123,54.18038836559838,31.13974663917447,-48.19577134742176,54.51574534756856,-88.76672192747719,59.70297928947164,146.33800657167023,-85.02650498438484,60.924292780113674,147.119514525487
3042,35.70847063874428,-48.24773820818627,54.17750606389067,31.36827893315413,-47.798261291235605,54.50757981600726,-88.31570800269046,59.2490371598382,146.5180221233701,-84.65794797846448,60.649120521741295,147.318948678729
3043,35.93688798582611,-47.83866383120469,54.169903712984215,31.59810392825688,-47.38947793696247,54.497721710843976,-88.15912981596064,58.52379127379405,146.73951862207656,-84.56249585620012,59.89694809462021,147.55607667583183
3044,36.16042719764286,-47.42199428728723,54.15732107532544,31.82326470121067,-46.978593642545555,54.48635795088929,-88.04668359434258,58.06930369649788,146.9779969918685,-84.46750796683139,59.46281136924983,147.80669250051264
3045,36.38616122760744,-47.00254516178581,54.14727762680814,32.047893144858776,-46.56880300538771,54.484523013805635,-87.95134758103096,57.67700830141207,147.21537034909596,-84.30028448609772,59.173550400813866,148.01026233624972
3046,36.61107894699118,-46.582308508449955,54.145196458453434,32.269401003274744,-46.15716555982229,54.49119960575745,-87.78521844352065,57.29675771955382,147.4603899183223,-84.12501707166413,58.79761718723248,148.2080360272141
3047,36.83618279059919,-46.16499075091806,54.15065747252283,32.48968090504491,-45.74613641333036,54.50385691023288,-87.8174344466772,57.04469933738388,147.71438219798242,-84.02770459394958,58.51694892151802,148.3944046673993
3048,37.05992213611135,-45.7470827109668,54.162468957158545,32.708824073566326,-45.32890170187153,54.51865265190036,-87.70828261404262,56.71853481775271,147.87354961739226,-84.02907524855294,58.342317276668396,148.52869689199503
3049,37.28341544222919,-45.325142455105656,54.18312289724818,32.9274606534309,-44.90781014746057,54.53832373328794,-87.80865640911547,56.40646190136115,148.03319717207225,-83.99403532626064,58.15613811857729,148.66670983040368
3050,37.502960090251285,-44.90792144183896,54.21358856271996,33.14487036854164,-44.4882963620145,54.562947201904166,-87.6484122219824,56.48033178698502,148.14220568040852,-83.79375635047009,58.00676303320972,148.78632257031202
3051,37.72722059766324,-44.490576995416866,54.251889219632126,33.369526041464866,-44.06966295677022,54.58945922470386,-87.41205940723759,56.312325431942455,148.2247758788507,-83.52025085536846,57.717102211395094,148.90718924166475
3052,37.95272686140462,-44.07137536332524,54.27900102743523,33.595718167691345,-43.65346223425018,54.6024981722214,-86.9314699008199,56.40421634772391,148.3005041847432,-82.86973146281441,57.90673544778638,148.9977831692479
3053,38.185935434143865,-43.65227822658139,54.29479769115472,33.83050944737962,-43.23685039876863,54.60671691212988,-86.62308486487858,56.51741387080549,148.36489381682833,-82.55685545978969,57.942348996571525,149.08920864669608
3054,38.4222564325953,-43.233219596941844,54.30237963986774,34.068243397367084,-42.82348579760991,54.60761401614711,-86.13131200317575,56.594090743817574,148.40893145719886,-82.09331285948177,57.942450123407795,149.15996196665023
3055,38.66034794012403,-42.819388018089576,54.29860430285869,34.309549767913566,-42.41339248491504,54.59956275977981,-85.7060861626474,56.68132542248266,148.47287002175386,-81.89006894215134,58.01422983098848,149.22991164011603
3056,38.899843704851236,-42.40072334706985,54.281922134852074,34.55434272634568,-41.99568590590219,54.58374332058699,-85.20780136096164,56.833937775267394,148.50690138041165,-81.5923359032823,58.11250732367807,149.2756533196467
3057,39.134508506088366,-41.974171044476876,54.25553566660641,34.79059691192159,-41.570587242882354,54.56548527165316,-85.01166988263866,56.87433066939676,148.54506842177216,-81.60153766730886,58.02035254993333,149.32859371676307
3058,39.36236301006249,-41.54394076836874,54.23102373554641,35.02162844906158,-41.14177228064299,54.56049608840625,-84.93581381729258,57.013834789939715,148.54575590992786,-81.65867896477636,57.9116634443329,149.3478358080713
3059,39.58397298513177,-41.11073930415519,54.223880816829315,35.241604128617645,-40.71007971472674,54.57101825305921,-85.03976151756385,56.83357628170167,148.5598903393358,-81.528843656775,57.816352150209845,149.36460845266694
3060,39.79833734519613,-40.67547091082285,54.23498281581412,35.45538453828751,-40.27656622934378,54.595140256063914,-85.04480800317769,56.77029145548505,148.60566963796978,-81.49212076474325,57.78388973812442,149.44564693769263
3061,40.013218688995785,-40.23611628779093,54.25807297544669,35.66798320975772,-39.84159926264496,54.62572691211494,-85.21468854659838,56.63835866700608,148.7152914035285,-81.48077689330643,57.654957594385095,149.5949108770733
3062,40.23293918808025,-39.79564515064571,54.297371659920515,35.885756177784636,-39.40476504000745,54.66437466918344,-85.40277056033189,56.39102903639681,148.8930702295601,-81.66838263951492,57.44726466293083,149.82521172565544
3063,40.4610091915775,-39.36930153211301,54.35382781852767,36.11345540091696,-38.979757023052336,54.71050159922606,-85.65327179656171,55.92094395498698,149.14414997045313,-81.77045537332923,57.012897097491276,150.10312853045403
3064,40.70260545358153,-38.946442523927,54.41369002541428,36.35207744571949,-38.55386549068176,54.74605029322451,-85.66974837018411,55.51381959446407,149.44098571409916,-81.75893577560541,56.57115334061624,150.4062726711147
3065,40.94357350621998,-38.526925870805954,54.459231952067995,36.59160681748454,-38.13199078917721,54.76849081679574,-85.61992485445947,55.08409250285048,149.81199807391064,-81.70634514902058,56.151289274808974,150.72876480497573
3066,41.184060113501275,-38.10633015453252,54.48511079403606,36.82902101031141,-37.71012806243536,54.7766578523059,-85.79952039558178,54.71684453165385,150.2392626875094,-81.81355105268564,55.88852086124583,151.06986856195948
3067,41.418241014743,-37.682990459571634,54.496986759018974,37.06035674837125,-37.2873025532105,54.77841047250339,-85.9032734776354,54.390549299788994,150.63155814069532,-81.86411551214283,55.78230473645989,151.3604747454081
3068,41.648737303732524,-37.25570853205222,54.50124986915794,37.29086504558027,-36.86122158253026,54.78030851243776,-86.05745039559754,54.17494351899326,150.9739623079137,-82.00133577295107,55.75072992153484,151.6068343168592
3069,41.87741997515155,-36.83293038874473,54.49102904543843,37.52132986975371,-36.43764495384822,54.776543406619595,-85.9035644670467,53.95095290282764,151.24528078435952,-81.87938871534843,55.6132658145475,151.81382252528647
3070,42.102873601124884,-36.4017880370948,54.46584304066202,37.74873126143113,-36.00692080721875,54.76780791540996,-85.83807765371725,53.95917702014129,151.46244142753557,-81.85527632210015,55.55399700877059,151.99717852989923
3071,42.322223129046684,-35.968060047622934,54.44882127515936,37.97031305273147,-35.571179626301785,54.76995345767129,-85.74539582419207,54.150177078110126,151.6309153962794,-81.69170449966704,55.67397963756754,152.15633633641292
3072,42.5350262689697,-35.5271653156049,54.44477809369829,38.18342143131077,-35.12837834281211,54.7826628128782,-85.78577690756724,54.25249887712532,151.77572111206618,-81.69039039378433,55.58247248133485,152.33195877346637
3073,42.743534239981834,-35.086052062131444,54.458139219706446,38.392065117490034,-34.68672713552279,54.807828898753726,-85.72427536163771,54.25000748720592,151.89794915542197,-81.69787389344367,55.42345012275678,152.52527938278658
3074,42.951453476312814,-34.63760937067514,54.48647244583787,38.59624509980944,-34.240848172716085,54.84233883097027,-85.49336713078353,54.193023669865234,152.04084291757178,-81.44333593273348,55.326117770577696,152.7252564287652
3075,43.15457314828173,-34.201607980184114,54.52274614241595,38.79719525338947,-33.80691376146409,54.87928529010341,-85.13059083895756,54.169089805706854,152.20253902560418,-81.15252840383316,55.340841978158366,152.9270061019321
3076,43.36566442260354,-33.76198488559278,54.57369356954009,39.006927740376085,-33.37040884456145,54.92307130146885,-84.90976128772921,54.17460019505027,152.37333581168983,-80.88306157114577,55.300021330064254,153.1090576382852
3077,43.58949762290814,-33.32797413583528,54.63974394506466,39.22903360236529,-32.93610261264909,54.97296069398339,-84.72057773200022,54.16754255144272,152.55334200785381,-80.78853264444547,55.30129914647767,153.2841887618527
3078,43.819243190979456,-32.901124979641935,54.695720570317015,39.45711142009438,-32.50716388616814,55.009748456106266,-84.58989518679626,54.044441457578756,152.7426721577217,-80.6483725434017,55.30800106431287,153.45202156651868
3079,44.05177435378999,-32.4772565851447,54.73719043353938,39.687551861431444,-32.07879828677167,55.032551710947,-84.28818164961835,54.151007021508825,152.90038801824716,-80.43285931416641,55.45171425737434,153.58693768258308
3080,44.28114994669743,-32.05099707779506,54.76201460615814,39.917997272346895,-31.648884810210898,55.04481834247402,-83.90089787223086,54.36542955773994,153.04900600795756,-80.1576566650088,55.63194262208807,153.73459160269212
3081,44.512425158107916,-31.617239339214755,54.774156438964,40.14843313838588,-31.213211940445902,55.05137650745279,-83.69079637600318,54.53929564800645,153.17448745336407,-79.92848319094513,55.72973374750101,153.86660626344582
3082,44.742715243261564,-31.18319510916198,54.77524914104093,40.37785188152896,-30.780682777243957,55.0515085489638,-83.60270694625422,54.6290476508251,153.28819318422717,-79.81689722401012,55.774175318020845,154.0033967976756
3083,44.97891518949768,-30.744492570715035,54.76169970205944,40.61580148899126,-30.34311246699868,55.04557901354371,-83.42941371211461,54.77642375663037,153.40688643458668,-79.58000093662865,55.8387911421367,154.13798970684908
3084,45.21053448577276,-30.30644779445657,54.743838942560636,40.852142269892695,-29.906867528519545,55.04928049494935,-83.1338417284771,54.88165560507022,153.51211107084285,-79.3352386731188,55.87936924586478,154.25680065283436
3085,45.43879217642306,-29.862986086704684,54.73807590757932,41.08544621052901,-29.467956034069577,55.06422043113006,-82.926177736118,54.80164607660594,153.6328878898584,-79.19565628308847,55.6553206082219,154.4008845982858
3086,45.66160338849984,-29.41744792454985,54.747451706567645,41.313569052738266,-29.02900427041107,55.08954934719377,-82.96165571235707,54.66665775665316,153.7467820558996,-79.3195125002631,55.5354092226191,154.50483795959872
3087,45.87913706175165,-28.96632887310202,54.771247392674226,41.53527778889331,-28.58346175990525,55.12318866921745,-83.01051176321455,54.46241248679607,153.86441171654099,-79.3373633015824,55.409843836924956,154.63074602265564
3088,46.09816923126533,-28.51728627614534,54.80741072542549,41.75764812456063,-28.13679538114434,55.16272846632346,-83.07317985587078,54.28328303050454,153.94819549928056,-79.36299994866376,55.300557857280715,154.69874748420838
3089,46.31654415560243,-28.069406039709015,54.85332896187302,41.973281427147384,-27.69244836812328,55.20224427932236,-83.10874375334379,54.15147074720153,154.0210749092705,-79.4174436476594,55.244330087555156,154.77039968219037
3090,46.5330963756309,-27.6192861799722,54.912811970350525,42.18730099887296,-27.24085471941698,55.24628946233117,-83.16616276414652,54.06323485737807,154.11374314711563,-79.34831949397658,55.30249652191834,154.87930379203982
3091,46.75218232455241,-27.175806604242254,54.976387470891396,42.401892277806645,-26.79658341412017,55.29568295779127,-83.29792268274478,53.96892916411047,154.19482597580247,-79.3394742499373,55.330156954874816,154.96381661925864
3092,46.98054104209246,-26.7383513646928,55.03357624637025,42.6271224896812,-26.357584290208912,55.33792342185523,-83.1274504530941,53.91258453332303,154.26549326832463,-78.95622823715149,55.14053075994075,155.06625721902063
3093,47.21336670467234,-26.303796539035428,55.08085829516962,42.858797159542156,-25.92480817417148,55.37327421978028,-82.91122687695824,53.810437650410876,154.39879680865397,-78.82443808992544,54.98296664959145,155.22215472870215
3094,47.45141450730242,-25.870536796545053,55.11834433770369,43.09623707738619,-25.490054600686765,55.40307384159192,-82.75161701272296,53.815153460889526,154.54850845150673,-78.72036696196747,54.97670309773606,155.41266021239548
3095,47.68440968202958,-25.436617199023207,55.1460868683025,43.331669737208706,-25.054590721432284,55.42701740419884,-82.26744278418475,53.859041238980964,154.75121169314914,-78.19539379324085,55.018261856759246,155.60817423869563
3096,47.914207515189226,-24.999835157556568,55.16769564525105,43.56262062471695,-24.61644180075294,55.44740216747836,-81.84670023123724,53.93075077738694,154.95465580779086,-77.89618656689066,55.121232684169065,155.78449291362892
3097,48.14423457109434,-24.56057157980614,55.179743599588384,43.79400668134497,-24.174821204279723,55.4639242799671,-81.28815100690423,53.81246907680185,155.16545482563936,-77.34827988155115,55.034099165843,155.98442442054036
3098,48.37347432479513,-24.119803936316174,55.18257962765845,44.021625255868145,-23.73426605831102,55.47731558128006,-80.66185868534751,53.7425805480253,155.41790985301452,-76.86261363773679,55.01442731564217,156.2008863111611
3099,48.602910573250895,-23.68225800803795,55.18971235059066,44.24983359623467,-23.29734238193903,55.49359591528442,-80.22561506299678,53.796034800494446,155.65707853292463,-76.36462788844507,54.958310636526136,156.39096708239288
3100,48.83471750722767,-23.242768237531237,55.20024201526968,44.48108382964878,-22.861198304273874,55.51131777839308,-79.53037505081895,53.717343185319756,155.85156268975334,-75.7773871350986,54.7267003884483,156.5535158421683
3101,49.06121260261091,-22.80540589831448,55.211346980799185,44.70892643057625,-22.426518090413467,55.527325945149435,-79.29711848951447,53.4436541923088,156.0038495043707,-75.95497444030431,54.38433788758089,156.68876461922702
3102,49.28690635763756,-22.37111339120048,55.22445725635088,44.93618715400177,-21.99502925178658,55.54367069541381,-79.43231993145994,52.878051174698825,156.14289572273805,-76.17412464550885,53.755502204801275,156.82465565695819
3103,49.514341806036064,-21.94164224981632,55.24045038602742,45.164433493451305,-21.56456507708809,55.561933982223124,-79.42332903705804,52.59750607233368,156.26592771381277,-76.26706273064964,53.7185866666414,156.9321296141619
3104,49.7332431512234,-21.51351707497148,55.25236680613953,45.383463354762064,-21.134633946744135,55.57210143847585,-79.601262787244,52.48098256753292,156.417863544002,-76.29843723488847,53.75371106501458,157.1138504834575
3105,49.94866915420742,-21.081047189093187,55.26142596830476,45.59704964168049,-20.69926194001271,55.576583306914365,-79.79531525175449,52.45500171947923,156.53766538157006,-76.30096425020376,53.96260524964997,157.27169990574424
3106,50.162041919299995,-20.652980500000897,55.26609243497051,45.808610099418566,-20.268242099237977,55.57806089271812,-80.09109163494908,52.38205964609844,156.66321380701973,-76.33640873216521,54.02652119564554,157.4261048579429
3107,50.37908052130494,-20.220203547005106,55.26565791831431,46.02416677139959,-19.83068282546206,55.5764420344407,-80.63264796900255,52.70275526360026,156.793202276397,-76.51035998974037,54.44641817016439,157.56496545608297
3108,50.59984101537941,-19.78816492486602,55.26163922620417,46.245207979695586,-19.393536784189763,55.57335780728381,-80.6265478833879,53.26572036997639,156.92540745940997,-76.53404923275068,54.947805904520415,157.68125209272662
3109,50.82533643949634,-19.35249693730181,55.25137432449446,46.47204069379896,-18.954348804706626,55.56713949906732,-80.64799538128233,53.81075787678828,157.05546286437288,-76.67532819458866,54.969277215032314,157.7964215325146
3110,51.05137112475086,-18.916705102912992,55.23508061315313,46.69959198640232,-18.51662460368813,55.558516714866364,-80.6407893797889,54.20913565733643,157.19069590581796,-76.66442742808971,55.24703383037588,157.89894864626615
3111,51.27605534720351,-18.4748001820496,55.218315096380834,46.92512379677953,-18.075653388280152,55.548733346932025,-80.93007346075252,54.50165507893804,157.26272955447484,-77.02785735954228,55.384946009696066,157.9888051434245
3112,51.499927242763306,-18.03173856889991,55.20687244319485,47.14973299675148,-17.636374005105584,55.545404272881775,-81.27148273833572,54.644727429464645,157.31169845470944,-77.36119687545191,55.46597163858623,158.04043641654698
3113,51.72519741775486,-17.582018563363654,55.20092820275206,47.377059545583734,-17.192122402309423,55.54648820674183,-81.5596815708024,54.94492805161704,157.3466098385248,-77.58794454835812,55.65047963138919,158.09100586671062
3114,51.94934331202346,-17.132520120667035,55.198873304632734,47.60268622105734,-16.747442006512557,55.54901573745997,-81.68201276467464,54.98678931051069,157.39804325125894,-77.67626462868104,55.80743486171598,158.167337119414
3115,52.16678422812008,-16.686796285769773,55.198376285581055,47.821265352511155,-16.305992007512398,55.550035199870464,-81.91579636051863,55.004753689185364,157.43258408942955,-77.79738781868446,56.06743191435638,158.20824124974223
3116,52.38254883398012,-16.238310362046107,55.204696526898786,48.03851329578392,-15.859460448418885,55.55552612443506,-82.2417054493711,55.21694839642261,157.46984895298087,-78.13507771103933,56.16515153268995,158.27089278753968
3117,52.601599804601214,-15.78882128683317,55.218207246081676,48.25840274218299,-15.410179311267827,55.565137618265055,-82.60669981448454,55.22807704471706,157.51326086728335,-78.3486915868223,56.22909167003857,158.3394555490189
3118,52.82584967030717,-15.342286439690035,55.228844915792045,48.479979001017064,-14.961822864347099,55.565635857816325,-82.72699337529151,55.18242743878556,157.56686909922539,-78.54505895033886,56.09888678296961,158.41614068854383
3119,53.059751149958764,-14.892127584009096,55.22864188568001,48.710601621018185,-14.509391689134603,55.55657399705619,-82.79738077631106,54.994922888706675,157.65974917381837,-78.67470874113987,55.76671895640825,158.51104492035577
3120,53.29723621592982,-14.444693854661228,55.21609102432355,48.944727555401904,-14.059368135517179,55.53817954252277,-82.98617224411839,54.81319801658757,157.76102720260954,-78.90437994761452,55.63030803031476,158.60818225115014
3121,53.535810968652044,-13.997463054624815,55.194177679709185,49.17996809773775,-13.609375281959016,55.51393846439169,-83.20367846530267,54.71985233802574,157.8480822266438,-79.03324573662401,55.653866855001986,158.70299790513948
3122,53.77626144173934,-13.5503124785383,55.167654665234004,49.41578930691753,-13.16492954367784,55.48779869017771,-83.37618450275296,54.43962271356814,157.9429149296347,-79.11719548679663,55.54809664408086,158.77163843823698
3123,54.01855150538958,-13.098141559393957,55.13167582810551,49.65501302604352,-12.716250892971498,55.4578664324971,-83.07851119618728,54.60673280947428,157.99676241737666,-78.7670083204106,55.98900628162305,158.7964087821535
3124,54.25577495624844,-12.64963609448909,55.08629146871773,49.89188306940093,-12.270756084985864,55.42449405940666,-82.67616090222737,54.78608524106867,158.0291501114639,-78.28483933666047,56.342847358387104,158.80508344885143
3125,54.49382836152634,-12.195582736800176,55.03987350697129,50.1302673928011,-11.819980978227035,55.38857090768185,-82.11466450190724,54.7101432684076,158.0425987805189,-77.71091744096573,56.08632247185047,158.80809193354074
3126,54.72644277952119,-11.745330004512875,55.00243325339842,50.36563953296151,-11.370049379311842,55.3626816043705,-81.6515127834956,54.67881204122391,158.09081870002663,-77.36314747429408,55.712368717219654,158.89496275307792
3127,54.955881037392615,-11.291212639707672,54.97456376152744,50.597274720442684,-10.916623686552843,55.34570590015435,-81.30472594464842,54.274483206954756,158.1817336641359,-77.36659901752469,55.01593530860528,159.04657593435115
3128,55.184652880665105,-10.836104467433543,54.95718260764263,50.826498202190834,-10.460218404222077,55.33694723733387,-81.07782520952075,54.16185000025703,158.30591328168836,-77.48526600081054,54.995594166915545,159.23080936437412
3129,55.41483307361319,-10.378622157119226,54.9487495659477,51.055071175502356,-10.005235902456795,55.33355669603675,-80.83073513845423,53.95351293954384,158.46909961995436,-77.52966602374812,54.72047807659038,159.42589260002592
3130,55.63891339149045,-9.92492548063629,54.94431865690574,51.278644308430756,-9.553128246482126,55.32750371505644,-81.09875162675131,53.429151896959695,158.64482917955542,-77.88790189185958,54.5933398928451,159.5597246372509
3131,55.858613817551706,-9.474723695574061,54.94527645613321,51.49559430660799,-9.10622172065377,55.3193158430095,-81.46002647587746,52.9426536700899,158.8519183784008,-78.1023370561499,54.5537049083294,159.6983459905083
3132,56.08248792356584,-9.023473284709581,54.959069282208795,51.71927828771569,-8.65520779517777,55.319665214334904,-82.00734342817395,53.270837417084614,159.0863911257959,-78.33088086905053,55.12697947322893,159.85000321565386
3133,56.308234071503364,-8.57109963046818,54.96855398034148,51.945263120090864,-8.202265423539828,55.316409296640295,-82.61750654663717,53.674440641568594,159.28770203879893,-78.70627534204243,55.515727409430305,160.0115565882137
3134,56.535911731010096,-8.122125555857187,54.97045966322837,52.17435366240144,-7.749721847770322,55.30915593838263,-83.19065411041902,54.403369629409944,159.4403073039032,-79.24422613445785,55.87562377740344,160.15136849282464
3135,56.76578052513748,-7.673372542320393,54.96363000321198,52.405266257240434,-7.295269148861195,55.29795599909263,-83.79270736582667,54.621044895531206,159.54603733990183,-79.8347439223264,55.983221114691965,160.26344769398014
3136,56.99679605176911,-7.223196926195155,54.94820218666943,52.63782614063406,-6.841247255122232,55.28188374055798,-84.26041289535644,54.98292574375304,159.610784619126,-80.07309616354887,56.00874139852937,160.3396591137516
3137,57.227276708590146,-6.773614937650073,54.92779521468971,52.87016932828434,-6.393581369163097,55.26277719780612,-84.55334315351037,55.176290093797334,159.69048231134406,-80.34040128396883,55.89685801282938,160.3994157265094
3138,57.460119111351545,-6.319467947379695,54.90565816350927,53.103275796204564,-5.945473431992877,55.24208535016633,-85.0989514797827,55.084491879345975,159.74957906260835,-80.8313510766139,55.47292457595044,160.4523096281059
3139,57.68301544260362,-5.86401122388962,54.88431080462929,53.328711944123235,-5.4940123116412165,55.23031416562687,-85.48399708973746,54.634612054779055,159.76023845289595,-81.05899122591326,55.24389344796935,160.46641559172846
3140,57.902982727692226,-5.402143518664421,54.87099381639126,53.551324417633246,-5.034682354093354,55.22614164713317,-85.34893116132173,54.35248335132817,159.71805962597705,-80.70837258487549,55.225920323900425,160.44345489776305
3141,58.120113286110815,-4.9433059365193195,54.86603779447517,53.76846932230153,-4.5758711320045,55.227970255713565,-85.14432229448984,54.16339775277756,159.65337544390223,-80.5759068149779,55.37699613583887,160.40633386558267
3142,58.34281765141113,-4.493765596656693,54.8693063283295,53.98738262058992,-4.122717321144188,55.234962351628006,-84.73099266229131,54.34138135575993,159.56741818286903,-80.3285659684946,55.818500936498964,160.34849071252225
3143,58.57141268695691,-4.043158286104809,54.88114005840808,54.209349452750544,-3.6670905803239098,55.24650640164697,-84.38402329324302,54.808526450159,159.45568438077214,-79.98741127882448,56.52944391339609,160.24984685410683
3144,58.802429067377574,-3.5940309663965366,54.90181921206706,54.433342394510866,-3.2172199118217413,55.26212762794467,-84.11745581777035,55.325496541181096,159.3352620049197,-79.90118770656075,57.03656350993696,160.15757020005154
3145,59.03366316172712,-3.146629102430046,54.93042225806414,54.66217828239543,-2.7695759347585756,55.279565333002246,-83.70434867896175,56.05002335084715,159.23073127252567,-79.9090293202625,57.40130342559759,160.11098251750522
3146,59.264977405540904,-2.6983877182501357,54.95055865338647,54.8926585481325,-2.321506036791888,55.28690026220479,-83.30613104825188,56.72301719635052,159.17059984162577,-79.77939134306196,57.74101379342912,160.10420626229939
3147,59.496823274361375,-2.2506141900971914,54.963212499438775,55.12671350615398,-1.8724907444711294,55.288227666085184,-83.06298277344,57.30179104849534,159.11787556823674,-79.36244284247609,58.0245895172131,160.07773210472575
3148,59.73207456840503,-1.8062809593689444,54.96875717563059,55.36389751201802,-1.4266569723938642,55.28586540501498,-82.82793366985835,57.713763268717265,159.08666493866295,-79.18217063039324,58.19401198649579,160.06748545816146
3149,59.96701156220874,-1.3639598631965328,54.964500668859564,55.601639288575676,-0.9861532717351689,55.27736856141733,-81.66418140197699,58.64611598939023,159.06555065512262,-77.57710298014362,59.37256463452496,160.04943404327489
3150,60.20587966467737,-0.9213071066618035,54.949701705512574,55.844466237526895,-0.5417132675520767,55.26291285195878,-80.59352007061764,59.43001904025768,159.12978532281954,-76.26563558845547,60.458236041834525,160.10572081870322
3151,60.44669491464677,-0.4713580859229467,54.925823991417424,56.087560925907695,-0.09236619506920346,55.245412802036654,-79.5306204082828,60.26532561275599,159.22571739745493,-75.42526348531985,61.34282196252366,160.1828285806284
3152,60.679144826769374,-0.024552600710493477,54.90460665360392,56.321334280318545,0.3512349206471323,55.23939280130989,-78.4497398412082,61.0440561321994,159.25812589433227,-74.79786648122749,61.92529440711367,160.18666135473137
3153,60.90697061569672,0.423587672200085,54.89562596786874,56.55021264207539,0.797023818193394,55.243666173063005,-77.25520803067877,61.88445918711231,159.24142014531546,-73.99584468920717,62.50821790140382,160.15135868222274
3154,61.128463195907415,0.8759370530593549,54.89752975733872,56.771759579788345,1.248109219634089,55.25568440076937,-76.28923276297697,62.5046245208162,159.2260644862842,-73.35185839373759,62.664048031079474,160.1008493973339
3155,61.34567888575889,1.3250983611155447,54.907458194368964,56.98711230413503,1.6971557558203367,55.27134269719815,-75.21660065907207,63.39779154179593,159.2167769119645,-72.82684348437202,63.10195496116413,160.08195133990628
3156,61.56688104105163,1.7708194941386217,54.929273841720835,57.204691200925836,2.140299309914245,55.29305186331406,-75.27266094639103,63.43566615790164,159.21802473324766,-72.60259937970407,63.393144623480694,160.04704645986803
3157,61.788812653359805,2.2157239439779373,54.96425035878566,57.425088559527616,2.5893589847338836,55.320775846808566,-75.32292582927064,63.099446674815596,159.17457885799584,-72.3849742585142,63.25036470612067,160.03335330885307
3158,62.01160984623851,2.65439255350024,55.009416870364525,57.64617010922855,3.0341143694013897,55.35171217196272,-75.07283047453596,62.924814765719454,159.140958207734,-71.99871963392901,63.35465455456945,160.07406356654414
3159,62.23735732582988,3.091815434213755,55.045405458540046,57.86876468070211,3.4753978608762948,55.3721936973306,-74.82420894894247,62.85167868508525,159.17134683987726,-71.71813202741905,63.45116443659083,160.14155276575408
3160,62.46453044271325,3.5292961293428853,55.07101208478392,58.09453785946698,3.9156166217723145,55.38462957492839,-74.59056089046155,62.750176747383506,159.2543703772865,-71.20433920819411,63.591929129944724,160.23713197286412
3161,62.69277494714675,3.965302043996989,55.08665133390241,58.32394807211288,4.353068122312862,55.3916705883435,-74.21524621855056,62.92855702480216,159.38920098554442,-70.59801625477988,63.76948024523195,160.36168195220745
3162,62.92459631700591,4.399095521492153,55.092627328008255,58.55826700888056,4.78560564392955,55.39195309955839,-74.09582501509016,62.857700965797804,159.54201893265824,-70.43624009971252,63.86883439172607,160.51095984641992
3163,63.15821023442033,4.835536545232964,55.08792030891435,58.796285541933024,5.218748403186887,55.386862705672144,-74.13417191786452,62.79842567002598,159.75080919254322,-70.72857413339793,63.92582577222936,160.68546587212123
3164,63.389765933914774,5.268556319446102,55.07372054733554,59.032554130612695,5.650756818212869,55.379019974395966,-74.13294247598294,63.17217943694232,159.97826284414649,-70.89525316514074,64.19968611370732,160.86397063666718
3165,63.62029542866097,5.703121071313461,55.0604124583019,59.26836143057396,6.084341219815241,55.38159261223137,-74.46609122678383,63.47962648929162,160.20297234553203,-71.27119749213117,64.53712346196453,161.05431910125594
3166,63.84340094314985,6.142210899382174,55.05712405058028,59.49545572828778,6.523343925192666,55.39219159215596,-74.81994641694166,63.762586370377505,160.40808794145278,-71.62628598259941,64.79422965487169,161.21289267616757
3167,64.06075222416906,6.584449993771237,55.06313286437909,59.71529208984237,6.966232954481433,55.40860215211108,-74.95082066745516,64.19293593416137,160.56077757242574,-71.30759817216028,65.28880352393023,161.30298116578933
3168,64.27469310294848,7.027405021092392,55.077862974478016,59.92805679170937,7.409106984195126,55.43009398802383,-75.25986070928992,64.45626717021996,160.67250508690495,-71.10683676916918,65.54009983822044,161.36532064887763
3169,64.48577275648849,7.473662973600115,55.10361262207931,60.135731916553695,7.856768985284498,55.456820556965184,-75.42967445314235,64.71746997351292,160.76725905013373,-71.07272645082895,65.67905074307978,161.44544967360596
3170,64.69731322969888,7.918675134326925,55.14091217878206,60.34177475889929,8.304251254016833,55.48846064405002,-75.42138614418701,64.79668457959328,160.90111898724925,-71.21257177151979,65.47508626957483,161.61974207991034
3171,64.91380963077408,8.36403943380507,55.18794217328283,60.55167694834661,8.752068226028724,55.52349560486559,-75.39352801666543,64.61948804889934,161.06261384565747,-71.25185963264181,65.18692986769047,161.83696653037242
3172,65.13694591049575,8.808683915847345,55.23331230503726,60.771764885213884,9.198683616068308,55.558493987964475,-74.75824069154127,64.5760254270276,161.2309344639347,-70.67798245128785,65.25606313259708,162.0696076419938
3173,65.36454699947203,9.247151979547995,55.27135511476238,60.99783020570263,9.639730916812711,55.586021173839384,-74.07878547806006,64.55033663449122,161.45537254872207,-70.20057689276013,65.34126668655826,162.33456786176012
3174,65.57504377046476,9.676690867171263,55.30154744826439,61.207309416383254,10.063637436074698,55.60683655554175,-73.7604290272441,64.23834325637303,161.7416897200865,-69.71265803551225,65.28529118796682,162.60341914128023
3175,65.73016575224051,10.10587193982483,55.32406525012994,61.36068445739404,10.477160175044807,55.622479271974875,-73.27033817659252,63.64976518675281,162.0878328441688,-69.15872961601568,64.69066932004958,162.8884842376223
3176,65.80272894427357,10.524303042662291,55.342039582305226,61.43408128479998,10.881085138634619,55.63721151670058,-72.60622911422895,63.26181239931119,162.41197335863552,-68.63478698578814,64.3572223894361,163.114432121561
3177,65.81450855223395,10.130393130823983,55.355310925383336,61.44260014536808,10.496289497924161,55.651570246410586,-73.34862329778035,63.20864760590539,162.65639043136352,-69.09993874707988,64.47667199195831,163.29455203626486
3178,65.72794713714102,10.475517817169154,55.36094303153669,61.35912822128168,10.839973393068446,55.66272070909286,-72.74489836504539,63.497138612367905,162.84255264356514,-68.72802923999426,64.51361230240977,163.44138853580628
3179,65.58745754299956,10.752848222617107,55.36779558386138,61.216646398371246,11.126255110265745,55.68125058085788,-72.3095632668827,63.46861095383095,162.9876554925327,-68.4605890055432,64.64602150293729,163.56728444590604
3180,65.4277530192652,10.957357405355337,55.38388755735065,61.040395677237605,11.34784881527868,55.70755359179547,-71.86661392861808,63.53318761616996,163.08555120825008,-68.28796162784873,64.82024871863003,163.6783944247739
3181,65.26217162547437,11.105186818825496,55.40694690703703,60.851127981553255,11.510422539446386,55.7372317446076,-71.56095732825905,63.63763176798336,163.14849594174183,-68.19518459007557,65.0016650477301,163.7737210964431
3182,65.10104100617058,11.207456472968593,55.43460510666991,60.66238266496641,11.621249143363924,55.76908427076654,-71.72420310450195,63.72004192825964,163.17839266934115,-68.16530862503272,65.16936346295003,163.8554607186857
3183,64.95366018684084,11.272095306429412,55.46648433596707,60.48355209675541,11.686876872226884,55.801819992502296,-71.86934619359863,63.769351054631784,163.2105535675458,-68.18172213683089,65.31217735800386,163.92746256024944
3184,64.82641988705244,11.302669406808477,55.49689198447498,60.320498444572806,11.709701347215375,55.82627701985184,-71.98953618411134,63.78900043950397,163.2386266243449,-68.22852114167625,65.42119436404327,163.98459446157744
3185,64.72399909450556,11.304637577262397,55.52410405845224,60.18155212507962,11.695946421557938,55.84197890834377,-72.08389277225383,63.785207102456354,163.25977280555958,-68.29019430488354,65.49311147691799,164.0257425501602
3186,64.64670199779013,11.285780433338964,55.53982753866351,60.07093260498218,11.656526537190665,55.848419973554144,-72.1552279692802,63.764906781111065,163.27136651594546,-68.35511975516894,65.5339205717041,164.05196216679678
3187,64.5942091196569,11.254225287841653,55.54438055128226,59.99020479296023,11.602277485208994,55.84705523917178,-72.20385361742433,63.73172678630865,163.27190824984976,-68.41402852052502,65.55016371985076,164.06662868455552
3188,64.5653168578705,11.217276022768008,55.54098335217848,59.93869698455594,11.541182606843924,55.841491996194584,-72.22935991718214,63.69492590657014,163.26474437405994,-68.4592825871928,65.54869300736893,164.07407204484693
3189,64.55265570694158,11.181858283103447,55.5298439392618,59.90446825632415,11.482547474433476,55.83525553434174,-72.24019447530745,63.66041534591338,163.25170523372105,-68.49407748040414,65.53840971554963,164.07786771285836
3190,64.53545938165988,11.141337003225951,55.51187796550065,59.85827631965966,11.420254508215342,55.82985811910987,-72.25394348728894,63.62100405366466,163.23378185408083,-68.53668250446137,65.51475336690945,164.08011916836884
3191,64.49284992189872,11.09199263648608,55.494839483648946,59.77853677058204,11.351288060307267,55.826117504233174,-72.27716113433472,63.57250908508379,163.21654089872362,-68.58664798579233,65.47723948342066,164.08205820118246
3192,64.41379224362898,11.031693036436815,55.48225405549912,59.66016753912929,11.272881363520135,55.824885101916664,-71.38361303821682,63.41680843506311,163.2000415287802,-67.34285912747913,65.28844008984659,164.08016816505574
3193,64.29739494333651,10.947437776702873,55.471456372608806,59.510337044889006,11.170739966824902,55.82074076362459,-70.43925054090161,63.27033088978124,163.19465088441737,-66.2853602696165,65.14290941978794,164.08641836599674
3194,64.16148735364762,10.817580783335531,55.46210203096305,59.35748891764442,11.025893506473366,55.81372648819125,-69.61563399272524,62.97802500978361,163.19525429495755,-65.61395943774961,64.75123339828161,164.08917805102797
3195,64.02701593985527,10.622006819397567,55.4600137394126,59.22612150746746,10.825942971153117,55.813741214578855,-68.77127849516683,62.7533747897998,163.2053678118697,-65.04966691311897,64.39653617520666,164.0968283938952
3196,63.912731776119585,10.355239416881611,55.465363965105645,59.1274470100603,10.575960544570771,55.82107704725222,-68.1027661242698,62.69065326022577,163.22361450745032,-64.83360568694769,64.18760736236806,164.10762469216948
3197,63.82217938590011,10.037989174108045,55.47428327871922,59.05112105648888,10.291478633932776,55.8308826094534,-67.46126668827725,62.808139489712076,163.25301973711535,-64.68804486440264,64.15965110947292,164.12837349086502
3198,63.735000642790546,9.689081513607366,55.4850464004769,58.97397466640185,9.982151239233794,55.841489362615555,-67.11094348579705,63.403469595018365,163.29200876992562,-64.9757619034578,64.76399030094939,164.15917367824312
3199,63.627257302105065,9.32911519154202,55.49806518874856,58.874838537386125,9.658344320150624,55.8537402611878,-67.61667630135504,63.4806962019433,163.31450560079267,-65.28164700215136,65.21732319045086,164.19447248749086
3200,63.48498906409741,8.96974365108913,55.51659378696139,58.74233924788294,9.332342077984084,55.86824411531844,-68.05872431740015,63.756248319829865,163.3470108943205,-65.38227944215123,65.83620438487559,164.23575542380522
3201,63.306821413054486,8.612302787668613,55.533454241065016,58.578596804618826,9.005755294691816,55.875429083970666,-68.44471821405921,64.45401181519912,163.35895960174324,-65.41880943853137,66.44742644886803,164.2327032119477
3202,63.10630236961121,8.253696073779802,55.54208862177759,58.395629695240125,8.674979904087705,55.87569561612157,-68.58667967865271,65.08929280666408,163.3776270142161,-65.14292678176895,66.65915300967,164.23928028953543
3203,62.90296963478687,7.887081999349777,55.5415966434975,58.20677354606628,8.3307620358762,55.869443315395216,-68.4516032608933,65.80380456716622,163.4533930874405,-64.8164919731597,66.96058330723054,164.32241172993443
3204,62.71549869440088,7.508568168021025,55.53252465679442,58.02999371172268,7.973725080211235,55.85714917894243,-68.32077975688006,66.27546182948367,163.48081333992033,-64.55030955460329,66.9889918253229,164.3321579019282
3205,62.542197912072105,7.117790475440178,55.516601394378576,57.8628703899601,7.6016008096871275,55.84157327035702,-68.0491690980224,66.20837995764158,163.51576314415678,-64.39329517740232,66.94697658920478,164.37071813836252
3206,62.37868748228417,6.71949749397544,55.50338605085156,57.70439164338628,7.2184206888414675,55.83609007811448,-67.78495495348923,66.11045208029792,163.5820974778953,-64.38657343806682,66.834321739351,164.4537771526952
3207,62.21407124882784,6.31635535951354,55.49314605842564,57.543601072465485,6.829562180989332,55.839310216174134,-67.62580206824973,66.03523427202428,163.65503312344813,-64.41342775926923,67.01144991566522,164.5442816005448
3208,62.037985468663145,5.914256927044151,55.49235524622387,57.372877636541,6.4408915514489244,55.84961692204812,-67.20373304606159,65.8231956640855,163.78421467666413,-64.06374275475805,67.0786427369138,164.6596143068724
3209,61.84419712116326,5.5152811632444925,55.50139191870079,57.1851576260655,6.053514560476085,55.865814614016095,-67.008446675168,65.98891642634821,163.95686082064185,-63.79279777181184,67.40673857036677,164.82510746865785
3210,61.63804454973592,5.124746697108665,55.52046970702516,56.982124528011596,5.669627480600113,55.88693990005844,-66.79831152901778,66.14193577645453,164.08397292442572,-63.44978798691114,67.78599810643985,164.97253549771358
3211,61.41981351373945,4.730451990328747,55.54907121046464,56.767517146571315,5.282894272514743,55.911420600500314,-66.5408811262437,66.52979054929715,164.27480387206376,-63.10256047819982,68.19462431347348,165.12016318464816
3212,61.201769133972526,4.334460372185856,55.587435340339425,56.55106677165113,4.892843172093116,55.93902958570631,-66.98079980962768,66.97997237096915,164.4406253010299,-63.86300491464399,68.54191398253732,165.23417265880818
3213,60.98683629428723,3.933228218942008,55.62779622283479,56.33879216525697,4.495756889170179,55.96948577728765,-67.17430318082272,67.35691195205214,164.5329578573188,-64.24910427250889,68.64925131340719,165.27478706991963
3214,60.776313920688374,3.520464972180311,55.66864325078879,56.130358753400074,4.087141040226181,56.001746157794315,-67.05852362581462,67.63092094969325,164.59453579034223,-64.125799431374,68.85652354025281,165.2890939906164
3215,60.56572791595851,3.1039880069871426,55.70316495055886,55.922607816363964,3.676951545131401,56.02734471841459,-67.14702500009383,68.11161912660718,164.69519985732913,-63.94747407084469,69.21860704081308,165.39550484405927
3216,60.35811162123963,2.6865016222747164,55.73210610717042,55.71812316500446,3.265981545510357,56.04856204120634,-67.23995840517134,68.34948691556767,164.73081742321668,-63.81611424911085,69.45467529071666,165.46311575128368
3217,60.15102362561753,2.264473048186353,55.755054050509294,55.51292369032609,2.8492803571630003,56.06563331666256,-67.56687848910194,68.51887377386232,164.7744686736376,-63.92319962021713,69.67819459249218,165.54317627256904
3218,59.94266142778217,1.8391281070969256,55.771765675035034,55.306045509681425,2.4301156865628086,56.0785247790955,-68.08242550697814,68.68713038211895,164.85374448356674,-64.21429110801226,69.96608710341712,165.68580655448633
3219,59.731527044897305,1.4115355819755333,55.78206070827858,55.09661398942614,2.0066443839805546,56.08820928590063,-67.7947144880481,68.92077654757472,164.89281676755652,-64.36043886563827,70.25577245504877,165.74067037308035
3220,59.51704412979381,0.9883605791327792,55.79137970760228,54.88526063344923,1.5873857211468891,56.10250507359071,-67.81103564197295,68.99109414605743,164.93557739464,-64.67355643570437,70.10701136709534,165.7385804884819
3221,59.29938020844049,0.5694705470679002,55.80128104424125,54.6706180100622,1.1717768598641132,56.12169122571799,-68.25054685791544,68.94438845321045,165.00996127376288,-65.08448685608444,69.95587892890009,165.7654590974304
3222,59.08172708140517,0.15104399360643073,55.819004211812775,54.45402877914142,0.7580952061029275,56.14704414814595,-68.76326691613417,68.62784668242959,165.02236526912722,-65.43259728816625,69.65440880876764,165.79439393327482
3223,58.86292805576957,-0.27078169351934345,55.84187046520047,54.23787870497668,0.3394992479025356,56.17531978811792,-69.13669825854619,68.24547936156635,165.03576264330056,-65.52748417366995,69.26626954430992,165.80260186239633
3224,58.64466172524989,-0.6903762823082384,55.86862933989942,54.02196115742544,-0.07961970852848932,56.20439953142251,-69.29818873646465,67.8588114352903,165.03169421753594,-65.51804016156856,68.98531647018316,165.81094015851707
3225,58.430052805308705,-1.1091985186999764,55.90120440069774,53.80995802900796,-0.498947869573367,56.235644270066786,-69.0231800561756,67.46721491216665,164.9544094937872,-65.10410495201394,68.8648163231513,165.79167266589383
3226,58.21502753985838,-1.5276956345667925,55.94017406151596,53.596597917527376,-0.921341497802054,56.26906143837746,-68.86278467572274,67.04328589529453,164.93471121291208,-64.84148794350777,68.7824974558587,165.79908475859037
3227,57.9959373249053,-1.9440187135281772,55.981411319988325,53.37920796534223,-1.3388144143585339,56.30490551710752,-68.56568476133589,66.8012283249388,164.9378720585437,-64.6400504783014,68.59418768798419,165.7907752471331
3228,57.771746890022236,-2.362849970354276,56.021915489576315,53.15456385358943,-1.7579951862641017,56.339546244391855,-68.09520754933381,66.56810262247765,164.91422665305691,-64.3954858609866,68.42894015145852,165.77500940251812
3229,57.54451052093301,-2.789574535302626,56.059689482413155,52.9240866621624,-2.1811040861049724,56.37202409296593,-68.02836971085371,66.53655533704351,164.91461135644394,-64.7898869071363,68.40124529259248,165.8020717700838
3230,57.32169887719613,-3.215316114700519,56.094167302482774,52.69687943031308,-2.6060294392222505,56.40248204496781,-68.0858183253881,66.70173030112008,164.91684425293695,-65.0976782058032,68.49939215743005,165.81152828957903
3231,57.10634676059861,-3.646871377311383,56.127564598659674,52.47950939382847,-3.0346394194793187,56.43366899426138,-68.53925704838166,66.44034255249764,164.93445792158593,-65.81060983200102,68.00578900832349,165.84311214902425
3232,56.894786575162115,-4.082938189341083,56.158666261498794,52.268553752526664,-3.4685607912538625,56.46399962557104,-69.18987658078262,66.24256459283512,165.03351811860566,-66.25206597458903,67.81129428531496,165.956191105462
3233,56.67830970700365,-4.51662924144858,56.18799504102583,52.05493361332028,-3.900717490270188,56.494124333566894,-69.70983473589062,65.96613925454514,165.13483040204775,-66.49083593629167,67.55852622514054,166.07529404964774
3234,56.451868365653795,-4.947853226682992,56.21529220915298,51.83321561315768,-4.328669437849813,56.52384509581684,-70.40890776277838,65.95345177643922,165.27463825399474,-66.93381089824592,67.5939927785064,166.21298541438497
3235,56.21875719315192,-5.372492815687603,56.244594799797156,51.60304920077013,-4.751201825266632,56.55481151152634,-70.7634638204945,65.56263785136558,165.4494623522095,-66.72137076079426,67.06998787839545,166.36208639722184
3236,55.98551719017428,-5.7970072718517045,56.27661145806166,51.36977928242231,-5.174715435003177,56.587311474761705,-70.96775174796369,65.29992078226772,165.65862637356153,-66.9297630284217,66.93437502876688,166.56357470075073
3237,55.75668863010312,-6.220751307303386,56.30843591184497,51.13806535858692,-5.599299636148927,56.61875016162088,-71.11647147111607,64.90682689470327,165.87058964888138,-67.0153124165677,66.76790059952782,166.7170882880367
3238,55.52790277421666,-6.652023833402976,56.339784433921324,50.90790829867991,-6.030041608591771,56.6500807089828,-71.1994859281287,64.96516194436066,166.12674470948053,-67.4625650633855,66.70825292390678,166.92411918383686
3239,55.30264734126632,-7.087065063601997,56.37218500099186,50.68252918117104,-6.466965585357239,56.68218708612641,-71.52376980757165,64.79495659900662,166.28313525637319,-68.03453522844956,66.54149464612007,167.03889755151394
3240,55.081731660012466,-7.52531677430091,56.40782868195028,50.46258170072959,-6.905054529225198,56.7185930525682,-71.84832233935356,64.65376783040146,166.42181815168868,-68.37721158676639,66.35038874751643,167.1354570258253
3241,54.863364836824076,-7.961184561095852,56.44454052430561,50.24769068595722,-7.339407910006667,56.756113245102895,-72.0640543032039,64.32440450105805,166.53238575046353,-68.75429726470189,66.16011267611677,167.21937130616212
3242,54.64791808647075,-8.397519309288322,56.4823721078793,50.03630929573834,-7.773213564444553,56.794447832515885,-72.49041393638802,64.75362571884871,166.6206432943162,-68.7576340088014,66.54148632672627,167.28928080845873
3243,54.433235622796104,-8.833444283317652,56.52264628316969,49.8270176880743,-8.206518347730023,56.83490920378715,-72.6941082608376,64.5576051890854,166.61755594866895,-68.84068953236056,66.2333722721803,167.30024382406435
3244,54.215194609550444,-9.266471335551518,56.56546960109386,49.61163103968953,-8.638066236233847,56.875991758863485,-72.83802733293236,64.23427152701207,166.6133317919749,-68.7424815460401,65.7514550323513,167.30033195976478
3245,53.99683104981048,-9.695977755487526,56.61183310015224,49.39102452212528,-9.06973342377298,56.918906387007866,-72.71610992447971,63.56074945221576,166.53781701830113,-68.67352092693967,64.94552378369798,167.28538827124254
3246,53.77603740139682,-10.12666058616109,56.65837588818709,49.16626234941857,-9.504085616758418,56.960665708411184,-72.19264966120677,62.3582976545946,166.48401667342532,-68.27086091617906,63.44807862388408,167.2551876065877
3247,53.55600383754015,-10.561292000914877,56.70020470022602,48.94144505136913,-9.94134457724703,56.99939780775845,-71.52754107471861,61.1744320394631,166.43616497151808,-67.63776019109686,62.219341155329595,167.24387850811013
3248,53.33813334952999,-10.99823197967481,56.73909352953679,48.719782931665726,-10.377653455732172,57.0367757714807,-70.89492180012451,59.923219791765234,166.39828055499476,-67.28743946240759,61.103479914473674,167.25585851571438
3249,53.11822113201509,-11.437832617221838,56.77612298759666,48.497647553642665,-10.815660744110772,57.073371191845894,-70.48854754721816,58.17932611996974,166.3598517007741,-67.0252165007401,60.05006024451137,167.26330541312154
3250,52.89580148508083,-11.875314208083887,56.81046131974335,48.27860065810896,-11.249848852245442,57.109325139342964,-69.94335083228428,56.73391655831801,166.370138904481,-66.70789706859364,59.00965670075767,167.29634671049658
3251,52.67638588110119,-12.306160753615549,56.84373415243924,48.064005604760865,-11.676791571463921,57.14449079845523,-69.40877728937231,55.56642502906655,166.37940454994964,-66.29782562610194,58.32915668389212,167.31408592395272
3252,52.45802164942732,-12.733693976900987,56.88007312613128,47.85005253610488,-12.100986850270527,57.18335413119132,-69.00284733522402,54.72633228137942,166.40299462388182,-66.14823287235082,57.82786878831835,167.32719895859196
3253,52.238010069196285,-13.159266956825176,56.92026743408123,47.632408213731075,-12.52651237931988,57.22575157430271,-68.76704380967229,54.202643864296064,166.43974627548351,-65.90349806297266,57.03089402426294,167.33657648874467
3254,52.01855613258684,-13.576497028976915,56.964028011384315,47.413421627823915,-12.946458630926664,57.271092021199586,-68.55108747021801,53.58399340811007,166.49056473571548,-65.42952856841924,56.224895327001256,167.3816155767075
3255,51.798264374225234,-13.992496097723917,57.00904581909002,47.19303262217425,-13.365933767512145,57.31715236904564,-67.86746719800358,53.08228994418813,166.5928391907174,-64.55903671633644,55.60843377623896,167.50986031591344
3256,51.58175545558826,-14.41225348895272,57.05726292067895,46.97340492367399,-13.792637260103321,57.365144573106235,-67.13018938011872,52.7755840813629,166.70435931739817,-63.8142663021291,55.22455271948805,167.6210852807111
3257,51.37030548753186,-14.835221356734888,57.109132386673686,46.7582585477603,-14.221197814346153,57.41541528468923,-66.56523076297334,52.48026234919697,166.78535000504814,-63.35467587094007,54.72831992171211,167.69516518808769
3258,51.15942388453819,-15.262190676659351,57.16432303652931,46.546047233750286,-14.650046811586403,57.467499362286034,-66.10080045081162,52.10259452495225,166.87761355952128,-62.971462312872724,54.365033179941996,167.7643962625005
3259,50.94601766045563,-15.691694202558821,57.221462032598076,46.3327867794641,-15.07921469392108,57.52173964413753,-65.33413420214953,51.600080165304966,166.96842737076145,-62.41938446129721,53.944967345361505,167.81459826748443
3260,50.731757946211694,-16.11764086617474,57.28149987713934,46.118237158316596,-15.50522684920907,57.578502270610095,-64.74800143285,51.206644648054066,167.0566349911033,-62.09997387187792,53.36979024396183,167.8476010636268
3261,50.51418287275959,-16.54504774807668,57.342336158429006,45.9011896519175,-15.930604146417851,57.63627512394636,-64.4569175880233,51.191081638688814,167.12003969609572,-61.97209756767823,53.27591021763456,167.87832632885784
3262,50.29356293389991,-16.972824566435666,57.403067847708854,45.68157170150799,-16.356651181376982,57.69416534387193,-64.6220489793321,51.06794776922388,167.11170491785074,-62.01449754513534,53.08699746042543,167.89693109150394
3263,50.06761743552441,-17.40068720557379,57.46334972791297,45.45510668299399,-16.785728680092905,57.75179177555981,-64.86409084958535,51.037558804612146,167.13045922850762,-62.11468894274931,53.170060870050726,167.9573084849415
3264,49.842429595985664,-17.832507615434256,57.523534074188795,45.228986119621894,-17.218830701884844,57.80995685709727,-64.99949186548133,51.04079151974899,167.1876459846824,-62.18586516511123,53.08749385426772,168.04524741618275
3265,49.6210866997761,-18.266744023580255,57.5824798735094,45.00762880089517,-17.654281528017094,57.86743165024082,-65.05405092587446,50.750044674312036,167.26390860267773,-62.11445237237383,52.64328791266987,168.152089980177
3266,49.40392994086808,-18.70123432183056,57.640451331496564,44.79115162293441,-18.08834686279779,57.924319609141115,-65.39297448745485,50.55236453069538,167.3717208815894,-62.21041644117896,52.29117288459082,168.27477889342435
3267,49.19033414662596,-19.142320851045927,57.6982517309449,44.579326296722996,-18.526945735459226,57.981294284146095,-65.81470804188423,50.406037444811304,167.47390898501672,-62.52121244336858,51.84618319299928,168.35655882969226
3268,48.97487506856006,-19.585300388502993,57.75476498725472,44.36681386783843,-18.967572632836035,58.03675180158074,-65.77463515775295,49.833526923921085,167.55506785888346,-62.25276783483226,51.25634142736107,168.399143433976
3269,48.75348231471418,-20.02894449429086,57.80873971549703,44.1463282756247,-19.40810731203027,58.08911759398014,-65.82160696218493,49.36681889214242,167.64570748838668,-62.301513549155594,50.81804835558697,168.4395622634155
3270,48.535683586862454,-20.470693372533507,57.86134703027939,43.92681573236326,-19.848917731401855,58.14038672297837,-65.83585505163265,49.117019453776926,167.69903312625314,-62.365666595533966,51.00316320087052,168.46496318356762
3271,48.31729692720791,-20.913266569701094,57.9097139829261,43.70895227689437,-20.2911578329656,58.187992741545145,-65.9154601456183,48.85663594344498,167.74479998346104,-62.49408874138506,50.987893762565264,168.514966227349
3272,48.09522747885507,-21.353877707874915,57.951146450206124,43.485826980184946,-20.731509351579465,58.2283585228006,-66.20192551287991,48.93185095256993,167.79425754423133,-62.758409287655766,51.06722397829299,168.59695160237516
3273,47.871462742470335,-21.79561279840689,57.98728415362807,43.26117400381655,-21.169839530807497,58.26453612192563,-66.4926094343283,48.69599402279723,167.83546354325756,-63.132817398841865,50.699578791778926,168.68941224464302
3274,47.64607921174481,-22.234803007058957,58.02008745545832,43.035622103918925,-21.60621536948871,58.29962532475586,-66.4675552069122,48.663912286595014,167.9194053535449,-63.2311202247011,50.53506185693417,168.8075401514128
3275,47.415389684281294,-22.674049029411158,58.04838092418163,42.806723885839155,-22.045176904765032,58.331645811216276,-66.6975990058379,48.76678342887246,168.0490613324435,-63.151059776908596,50.34532083887471,168.9411393611902
3276,47.185511946968504,-23.114374091241753,58.072515983246554,42.57514381210046,-22.484246928886673,58.35951462354437,-66.68026750358777,48.798151565105364,168.19292178996292,-63.0003629423858,50.13461350039736,169.07506572910378
3277,46.95928936186515,-23.553384862336937,58.09680109703305,42.34801961908495,-22.921553473800365,58.3910282356243,-66.60206158138153,48.50514030075837,168.3704896196047,-62.813915872961395,50.04667457345857,169.22295385761583
3278,46.727082102795535,-23.994058285506906,58.12382979030851,42.11740238016423,-23.363271142811797,58.4274570492875,-66.41842925215364,48.435734673752755,168.54428556633596,-62.59655246220956,50.1274201354126,169.36450097560555
3279,46.49823541306182,-24.434622203456204,58.15745587565986,41.88977016288246,-23.804460437561627,58.4681936097634,-66.05404662265822,48.037461181537196,168.6902435195968,-62.33172686064203,49.82101319704897,169.48074931819852
3280,46.265400471216246,-24.876398098560326,58.19531302262106,41.65883122913242,-24.247116370180045,58.50991775129527,-65.47188009191659,48.163969376633226,168.82945546686545,-61.97531793077315,49.880341822289694,169.58985049179046
3281,46.03013854514793,-25.319255135725033,58.23701643461057,41.42614519133776,-24.690714570796956,58.553365495309194,-65.07546965901328,48.090858583068055,168.96151768950966,-61.74958115146125,49.778037064826286,169.7124390999392
3282,45.79743650612564,-25.76159010000214,58.28488477351777,41.195339613792484,-25.13338291639599,58.59920164911571,-64.60858789937751,48.308119497628496,169.08783109613182,-61.31183704672536,50.04443219342059,169.84230830168843
3283,45.562123287624594,-26.20472047725932,58.338600233387695,40.959022924780044,-25.57635552926861,58.6465433842755,-64.15276696300309,48.35840613568278,169.19766131356448,-60.89252012508525,49.96543123866332,169.95055661804702
3284,45.323288330258066,-26.650795162136443,58.38639019238434,40.720961016197144,-26.020905286643078,58.68630768930856,-63.720980205926246,48.139530473373995,169.28708961064135,-60.52326910038231,49.60585651293262,170.0498356586341
3285,45.08750346280629,-27.097486734494513,58.42686995884502,40.48470132171599,-26.465934004398278,58.719503135010285,-63.35876994291847,47.76032954333675,169.42486429546705,-60.25697750238288,49.24243690263163,170.21837648234228
3286,44.85339694888034,-27.543607047371218,58.45950916319529,40.25114086152153,-26.909157452688845,58.74708672155185,-63.1507515158652,47.802481715552936,169.61685329163168,-60.17043177656393,49.16861881908926,170.43440714976344
3287,44.621694364802856,-27.99222060367679,58.48441155351661,40.02066428016541,-27.357320758462194,58.769212584249566,-63.021852818428286,47.53280492929526,169.77809085708947,-60.06767623690278,48.97938875505418,170.57735422091176
3288,44.39299013462965,-28.440145822063172,58.50177343250405,39.79423209899008,-27.805914982603102,58.78772271453974,-62.81903450029997,47.42872681962993,169.9994912708106,-59.93938460096047,48.909927400799084,170.81253689699713
3289,44.163146821364734,-28.883718850979797,58.51116817813436,39.56706290779863,-28.24776539799412,58.802537854785314,-62.70017841226554,47.16262678376046,170.21686045640126,-59.697997231455844,48.975403564119816,171.02588374889223
3290,43.93209710055184,-29.326893046827134,58.513352514070036,39.33750592341284,-28.688567424137528,58.814544002516755,-62.6361383284689,47.18898764482685,170.43507486606322,-59.512325932673136,49.14986533859873,171.20240587657048
3291,43.703178278215006,-29.767167815482765,58.518418643387406,39.10813558156021,-29.128792790181446,58.82883293733829,-62.69778312480078,47.29524029817661,170.65915032246863,-59.50287374211207,49.1052731057644,171.36488352625548
3292,43.474538775641655,-30.210593737524082,58.526038856277815,38.87679808867561,-29.573821307951977,58.84379803485895,-62.699146062694844,47.4017465854347,170.80390270507243,-59.44044461251603,48.99179068580646,171.47196407785398
3293,43.247423047868104,-30.657010355189257,58.536921101041536,38.64633354753286,-30.020105723006374,58.86001408543958,-62.71197091267546,47.32554139126015,170.90495526085311,-59.53553919047193,48.86019005176965,171.57870458208896
3294,43.019341179674605,-31.101469044225635,58.55244557338798,38.41538425776983,-30.46652263639098,58.879217700242656,-62.75664656294793,47.330508808861936,171.03819580698595,-59.62307369110652,48.73867655222494,171.67915820854358
3295,42.783841339940416,-31.544774711186914,58.57131087069029,38.17834009846853,-30.912850146758466,58.900291153960616,-62.89484615095621,47.29769997939061,171.07419005683298,-59.77769852571407,48.6702188419306,171.74433840498503
3296,42.54279344265377,-31.988049838277426,58.59250600081416,37.937167034629326,-31.356660647046336,58.92143166777255,-63.14767113033104,47.19646513236273,171.11066304897108,-59.9206080108848,48.64046916553814,171.82248961094376
3297,42.29980586763808,-32.42661891261629,58.61490961617634,37.69672482765824,-31.792171288212003,58.9412370635977,-63.430293154761415,46.98481182050336,171.15936107131907,-60.08368204941406,48.58340055889476,171.9069496403095
3298,42.057099349303776,-32.86587204144513,58.63351412339511,37.45804455896643,-32.22832385711155,58.95687681283888,-63.5785329857284,46.9708282445798,171.21129231882585,-60.16633673014207,48.631726405239895,172.00115366640105
3299,41.818773180221186,-33.30598949109715,58.64914317319916,37.22247211805235,-32.669138211857494,58.96969359484947,-63.63917920532816,46.86102480391194,171.2864102715038,-60.05597367045907,48.45892177528639,172.08607058240537
3300,41.585791429718,-33.74862654688617,58.66134619861595,36.99326422340673,-33.112585182893675,58.97991489245545,-63.66517336919524,47.02513507531063,171.3663750538833,-60.06444045441806,48.665189844034835,172.1822672812282
3301,41.356168369278784,-34.19408531583622,58.67107138464654,36.765817019969646,-33.56118277795755,58.99015280731962,-63.70191945709321,47.29717553652618,171.44186358873094,-60.09772980578042,48.96474263209583,172.26783092821287
3302,41.13338592523792,-34.641845839844066,58.677230523088845,36.54210870128897,-34.01293368303657,58.997781063639614,-63.74762007660424,47.564423923163815,171.54396741303285,-60.22076847577183,49.225406054391236,172.3580545604065
3303,40.91233746172134,-35.09064909390185,58.68052110911397,36.318135667764295,-34.46433096229748,59.00396831681741,-63.713040948320774,47.91448993211806,171.62194844152174,-60.22593516219483,49.57341465042328,172.42227792670883
3304,40.68920396058944,-35.546046116731084,58.68693265334769,36.09256374569819,-34.91793905672953,59.01656861152448,-63.67453539687287,48.239736098269724,171.7004747056556,-60.27299584717102,49.78239408739307,172.49599940051587
3305,40.46531472693104,-36.003576176209194,58.69984134729894,35.86594414730631,-35.37243339133956,59.03495634488805,-63.68967774349791,48.477397636876255,171.77292197445524,-60.33978874561541,49.922231795950815,172.57334979766728
3306,40.24304556351258,-36.45375619898331,58.718063125322665,35.64210756783464,-35.817280403766134,59.05646246146454,-63.816346649391406,48.837875475451135,171.86143227251253,-60.36995521167183,49.99757957739683,172.66690639240642
3307,40.01312737828793,-36.901667303319854,58.74200620780427,35.41189622952938,-36.25968906516537,59.081548167810844,-63.87816323659228,49.03329975364414,171.94999552377067,-60.404468474357,50.16878677674429,172.7710344054954
3308,39.78233759337359,-37.34269211166044,58.76954602495484,35.18104556044975,-36.69821380959555,59.10916315997294,-63.98435990959803,49.18278684905824,172.04967584829933,-60.5194362224374,50.37640318559005,172.87830043594985
3309,39.55019260364414,-37.779882519840065,58.80203497313819,34.94987196667986,-37.13508790611876,59.13777158613105,-64.08107890021124,49.312146739604934,172.15029107829736,-60.69318551457857,50.537118124034365,172.98726661292145
3310,39.32251288100433,-38.219222788516866,58.83236405501206,34.723089886197585,-37.57569193203012,59.1574072443682,-64.31752263704753,49.38054574518014,172.25168178138367,-60.932388300160675,50.71839230123143,173.0678870396525
3311,39.09588602061832,-38.6589933806203,58.85344020770709,34.49541669706396,-38.02060732355174,59.16857522755096,-64.42562809948342,49.49420420865124,172.30939654983115,-60.9876239233471,50.85863473382472,173.0937760427664
3312,38.8721865856335,-39.095825180056515,58.86678590257612,34.26978748700963,-38.46432302076426,59.175004888849855,-64.50364239814321,49.619499516453054,172.32133098495032,-61.0186632915706,50.960361846150306,173.0689079278826
3313,38.64605030829187,-39.53827065319293,58.874898984146384,34.043232837229844,-38.909484736297685,59.179119466546425,-64.51036845730172,49.6408000826658,172.2809379979177,-60.92088537624126,50.86045534705751,173.0076345099747
3314,38.417896803309695,-39.98405232168324,58.873559792074275,33.81362398911193,-39.355984235144064,59.177923612015775,-64.41555011690545,48.62950802851297,172.17518997182225,-60.71161620312989,49.44414245467691,172.89528035435373
3315,38.18884052200024,-40.43013899540038,58.86256177033016,33.5866236541121,-39.8009505484548,59.17215625790505,-64.31843392078454,47.67297684834933,172.02009291521713,-60.62966232943066,48.458830508118226,172.76182922937815
3316,37.958706497304384,-40.87830449805777,58.84332159323331,33.35819810043488,-40.24738365055605,59.16348123186787,-64.16243643522043,46.81118677596368,171.84926938579295,-60.56315589871993,47.79506781690803,172.65497607103327
3317,37.7278689920452,-41.32399280345609,58.82525108688603,33.12954978048155,-40.69151235447523,59.154575504972335,-63.897918640557386,45.881398941904415,171.67799421380073,-60.45864526855848,47.220675669455225,172.56074344199905
3318,37.50120714113059,-41.76801319412095,58.81609211183535,32.90317587988475,-41.13447839917923,59.15658825651057,-63.646062237479995,44.88577809993368,171.52424148997332,-60.25811517456508,46.66562011269522,172.47525966792443
3319,37.278164355333665,-42.21681820023373,58.8173228147881,32.68082609669662,-41.58216684856756,59.16875671960681,-63.390462066344455,43.94270601236291,171.37240542744587,-60.083225534437496,46.28278528339521,172.36691253491608
3320,37.056350508457726,-42.667657556835266,58.8303271236889,32.45685706451206,-42.03464025252998,59.190057962226376,-63.19230930635674,43.190946041832106,171.2421314860945,-59.90432681919405,46.06583654849405,172.267705641427
3321,36.8338134662444,-43.11825911698686,58.85552527663277,32.231674496061366,-42.48695460796654,59.218916216409426,-63.20725589050408,43.12986973156117,171.1468970225881,-59.9164363341487,45.52311467766214,172.16576399307553
3322,36.60865371439939,-43.5662551026454,58.89366587404995,32.00814902720785,-42.933099405504,59.25507673850085,-63.163402406065494,42.9489713153874,171.10858035819803,-59.92779385095318,45.073252283581326,172.1245242792466
3323,36.381549577109084,-44.01127662714337,58.943092440643014,31.781279266232175,-43.37784387915433,59.295944421778756,-63.176097587190384,42.69356169273332,171.09364439417817,-60.01522783024288,44.730789574305035,172.1235945734887
3324,36.15399661076224,-44.45916083828798,58.99955890103785,31.55271479079951,-43.82443185302361,59.33714994574699,-63.02732497784109,42.48337088840808,171.11914377062502,-59.80868287989106,44.475832737570435,172.1700344798378
3325,35.927780335996204,-44.90774490113509,59.04394385757041,31.326025629567752,-44.269898682744035,59.364198103579895,-62.958235647134906,42.28120620961649,171.1706171143975,-59.63981068873534,44.18758395138873,172.23430262021705
3326,35.70257601404898,-45.35581047878021,59.07553792732847,31.102446334743902,-44.717910051233076,59.380042071360116,-62.859626046593704,42.10600164914127,171.27682416483924,-59.451437625948216,44.05395914651532,172.3223335112399
3327,35.47739584667666,-45.80232128673773,59.095456866273686,30.876891480916473,-45.166176833037554,59.389765814954515,-62.72434463305985,41.94286976171925,171.42068340480722,-59.211160447109805,44.05284215083884,172.431746332631
3328,35.247739143425,-46.24810698039575,59.10048248594198,30.64589937205568,-45.615523860066006,59.389532251405896,-62.45141947938386,42.03801172188,171.60441038457876,-58.984478245508086,44.04697555951488,172.55600120260195
3329,35.014472322482845,-46.69037371683773,59.09010972073068,30.414204233234987,-46.058527458736705,59.38057166336904,-62.36272191527999,42.03117350216898,171.77854818642328,-59.06050094724351,43.88701789931547,172.6804265789845
3330,34.78082067699941,-47.133325796299154,59.06751399317451,30.18171336564723,-46.49984534223699,59.36817683672879,-62.15989680944351,42.07304049809124,171.96793630392108,-59.03801373005875,43.84680907232042,172.83008571701902
3331,34.551577906681366,-47.57728037492575,59.0545742023493,29.95146176516717,-46.94123331020339,59.379299384669174,-62.10365237053551,42.10409389322372,172.17543463429345,-58.94820788990233,43.81377257881098,173.0259152605953
3332,34.331553126836184,-48.020812456424885,59.06372597876462,29.729057081921226,-47.379391773278975,59.411230889760475,-61.92792577668768,42.20560845152203,172.37096380654708,-58.70403864556106,43.79913388912407,173.19169782936456
3333,34.118342018361254,-48.46374746082104,59.095145337357856,29.513602021553346,-47.81971849804904,59.45887776890667,-61.956646604162366,42.0808149676523,172.5311843663821,-58.74255837400093,43.56835838255425,173.31322370725817
3334,33.911575540679685,-48.90532290465755,59.14313245410499,29.305197366849942,-48.26093754812801,59.51548164696791,-61.91720496603986,41.79360315984873,172.69063946125576,-58.593808141204846,43.2665224659318,173.45065847555884
3335,33.704515583634006,-49.3456628030032,59.21295182291343,29.096738006358137,-48.705876256351786,59.58327619866107,-61.75116040609951,41.52207638250506,172.82735382306413,-58.26419768078901,43.0459102295466,173.5648547778543
3336,33.48866297896413,-49.779737791807754,59.304467922718054,28.882475835643003,-49.14624728527304,59.660261306917434,-61.41313456723232,41.25564649384394,172.94995552081863,-58.004818456764426,42.70823427258092,173.65996659614893
3337,33.2583164944141,-50.20939984273457,59.41221936002548,28.655887896152336,-49.58350668348072,59.7406207180696,-61.11491383737366,41.127948856452576,173.04885749368276,-57.76668241071389,42.731271094573934,173.75268539729572
3338,33.019623750899854,-50.63543122786865,59.50395165449664,28.42028013029022,-50.018736849554784,59.8034740750228,-61.034204116182046,40.804531298620496,173.08212456627186,-57.80099755619037,42.479131830981814,173.80968761259598
3339,32.77505773672624,-51.06652935974208,59.579936510190535,28.178706727568688,-50.451756606581526,59.8548157537349,-61.17765098344268,40.22411789388748,173.1232467825565,-57.96770880258697,41.92243302852737,173.86966286481172
3340,32.53122287139561,-51.498726808485955,59.6383812573207,27.933921128318758,-50.884094465559585,59.896667955271084,-61.131701455367285,39.75606456846939,173.16998111899167,-58.085536733675085,41.42991314374373,173.92448357592724
3341,32.2867296665027,-51.93686194825711,59.68400076671567,27.687724020849924,-51.31931874475312,59.93296805186348,-60.776009577637524,39.0106339892247,173.2034696671709,-57.58184710489812,40.51479513887408,173.9893030771869
3342,32.04466938368232,-52.377797727933306,59.71756312642601,27.4424924180594,-51.75803519472218,59.96894456604234,-60.65148669571614,38.008944268851685,173.2862632700229,-57.29328310612865,39.42461115232165,174.11340084240425
3343,31.803313057143274,-52.82078702746678,59.742549536111746,27.197747068098526,-52.19628193753252,60.00866824087279,-60.509287981241954,37.13172856502626,173.34568165430238,-57.052245740360505,38.568323800401565,174.18461870331086
3344,31.55827285658707,-53.26365559042954,59.762290898802846,26.951399004994403,-52.63394761671045,60.05214660208946,-60.26928270557409,36.03773064840995,173.41877659821074,-56.66802156728108,37.884705295893994,174.27775955534727
3345,31.30818304539398,-53.69851012635509,59.79401688031425,26.701560863122165,-53.06669804994942,60.09947223433089,-59.9333231214568,35.124527521668725,173.49435840981533,-56.45073379514439,37.32433129134578,174.33848957151807
3346,31.056351677746854,-54.13518695825066,59.83759606875353,26.450581050442512,-53.500473847774835,60.149431276778046,-59.49564112579115,34.38885024590449,173.575522840081,-56.27494945062918,36.768965110641055,174.3953162476496
3347,30.805081456482288,-54.57337135284632,59.891433143121596,26.20044133066845,-53.937636566367914,60.20276013253217,-59.00618073574387,33.70068144919298,173.66704545626948,-56.04627585342557,36.33994323775066,174.46404939207667
3348,30.55475017015552,-55.01341899814055,59.95308116862321,25.95008513450871,-54.379081025295896,60.25957562734442,-58.86076140461747,33.41611389803668,173.76575187756262,-55.74494015411445,36.04728353256231,174.56205368076027
3349,30.3138757451646,-55.451174247592796,60.020388225501115,25.711180580744493,-54.816812932578934,60.32071938607079,-58.736701421393995,33.42948960208196,173.8343743735278,-55.645791051622126,35.86855120721267,174.67079606613336
3350,30.072923230631922,-55.859657375481085,60.08838948852805,25.476751099543854,-55.21754164407128,60.38291873591544,-58.66522258481555,33.414621277943915,173.94017395993433,-55.63605210840461,35.699145094563995,174.7809627638746
3351,29.805089504659623,-56.205077712970464,60.150946514574485,25.223133799682973,-55.54800820356515,60.43830474555575,-58.784064749036894,33.47383292500984,174.04053756322742,-55.71675589150033,35.66415917637864,174.89366228525336
3352,29.508340980317712,-56.46577411658318,60.21215711659918,24.94269042023781,-55.79670098256551,60.49314846964892,-58.84776204225609,33.52954228303547,174.15102730244652,-55.813870315452704,35.62569718851984,174.98974531598446
3353,29.20352714759713,-56.629825957866075,60.269858908580105,24.64930888987276,-55.95404411136704,60.54568448655277,-58.87784938307308,33.65807281029022,174.25905790945131,-55.92603305256985,35.60479401134429,175.07218225408405
3354,28.917994846966057,-56.69882438533543,60.3171222914051,24.36244995694631,-56.02194544752599,60.5908142825192,-58.945007703383645,33.82568346705738,174.35659126799166,-56.04122425519436,35.60887101410092,175.1414733576111
3355,28.683117970499826,-56.69216257961958,60.35309688462659,24.103672945221376,-56.01366460776568,60.62826892397615,-59.05873512043904,34.06385898969509,174.42491892085678,-56.14910480859887,35.63953398678067,175.19967555257097
3356,28.512198661318493,-56.637043115766275,60.38113820859165,23.892135496417943,-55.94789324888605,60.662363100265736,-59.130616082441044,34.219734685561846,174.47286479593384,-56.23928372223667,35.696542119340656,175.24956040693115
3357,28.39226155091444,-56.552789436304046,60.40424248418407,23.730512856602104,-55.84294153243435,60.69550053095106,-59.15169277307836,34.356261826899924,174.50789101371174,-56.306867935477754,35.77454148963113,175.2942952149985
3358,28.314975734246154,-56.45121149277254,60.427002865960084,23.615636658027288,-55.71436403285529,60.72675370217728,-59.21774333212304,34.4533781399016,174.52846845792706,-56.35217402125445,35.866493308578384,175.3340685002065
3359,28.28035153183136,-56.3415234769905,60.44283476213981,23.544867715152343,-55.57280417176924,60.74702725759611,-59.244655725193574,34.55670042971308,174.54642045988317,-56.37325048598853,35.96701514142278,175.3676268659509
3360,28.2850295799174,-56.23454309005962,60.452951117538994,23.51899454308506,-55.429790650367465,60.75959758499232,-59.23766259447774,34.65493567782303,174.55899046693565,-56.367540208228164,36.067723153810114,175.39142765217497
3361,28.321559959152218,-56.14104632114373,60.45964105571142,23.532617341490415,-55.29866727077391,60.7693257468661,-59.20062211244783,34.74284246568709,174.5689936825953,-56.33581151319208,36.16021962147599,175.41028013747166
3362,28.26181689871945,-56.21656857048899,60.4645339792379,23.4890922917297,-55.41003807246509,60.77836662942048,-59.26080736412149,34.670941641469184,174.57765820233334,-56.38723217072041,36.083168860480846,175.42678273414356
3363,28.33134569368107,-56.15868240786356,60.46480650940105,23.548523902038987,-55.32180843407765,60.78332503093825,-59.19129283382649,34.7246695694803,174.58484216918797,-56.32694618232885,36.1422387940046,175.4414112474517
3364,28.397793252851525,-56.11055549476023,60.461811738220206,23.60891923162627,-55.249282220618184,60.78719593967662,-59.12513110457785,34.768498287146905,174.58903625101243,-56.26914697030849,36.191405057185996,175.45306922528158
3365,28.45212086335553,-56.048685724480585,60.45417477297906,23.65932647108981,-55.16069258498011,60.78836908547273,-59.07049399171135,34.82482966532864,174.59001799168513,-56.22084579356597,36.2591475033818,175.46191905533504
3366,28.487134708993885,-55.955008694516984,60.449782254841224,23.69112068250501,-55.03523424848343,60.790073761081814,-59.03408418480762,34.91141769020899,174.58976324517116,-56.188184375036684,36.364056434023944,175.4695574022171
3367,28.499577673346813,-55.82636048420788,60.44830107392713,23.703488448939975,-54.87384635592488,60.7925601580613,-59.11669332942162,35.00377775632774,174.5933853196671,-56.31008309215109,36.46665181049303,175.47854841337767
3368,28.500726773323134,-55.66082172734952,60.44419731305484,23.710988763846157,-54.68066686152732,60.79039305082543,-59.21305127057793,35.04122060212716,174.5956429716089,-56.41241313064794,36.48462610935394,175.48377069315507
3369,28.522113446837675,-55.45729832392963,60.43706686880281,23.747321189569245,-54.463366896346315,60.785146315737194,-59.22520875974782,35.1009373489274,174.59536255736316,-56.36947199712859,36.53281990033287,175.48544283768757
3370,28.596306585071957,-55.2234946619294,60.43043074849072,23.834179375128713,-54.23697640922233,60.779344855489114,-59.298512553927026,35.225128761703616,174.5990588559722,-56.42329342075885,36.65772679504828,175.4933636731815
3371,28.74412103875849,-54.9750914152123,60.42037844461027,23.97878961411617,-54.01503565936175,60.77059378383713,-59.44202140464604,35.316891702930405,174.59966797587478,-56.578151222941024,36.70824298634191,175.49563405434083
3372,28.953249540017566,-54.7360121653267,60.411124804844086,24.16603873293502,-53.80440596616863,60.76397405749538,-59.51994126804913,35.36499951546622,174.57840379733824,-56.61315685071082,36.69923887278649,175.4675667880535
3373,29.196502365651156,-54.49966180163263,60.403402495944135,24.381377144970436,-53.58979386563507,60.76097592139429,-59.548860767943935,35.70049036431647,174.54795813202756,-56.54902267812422,37.122594940121154,175.43267554673
3374,29.441092622801907,-54.242680235392776,60.39594359826256,24.601935595406022,-53.350942053051526,60.75841256977722,-59.60475317602236,35.975439380019125,174.52835860121894,-56.617223233434565,37.48766483612866,175.41924303154016
3375,29.669153223485555,-53.947381529035084,60.394488201197454,24.81390769773556,-53.07363459300981,60.75995450727873,-59.71451170690831,36.36012554557951,174.53946876017238,-56.78264718892403,37.89187214854068,175.4503911955165
3376,29.869330522696515,-53.61571638454668,60.396843797331556,25.00652013283077,-52.7642694001083,60.763383460907214,-59.83959924901911,36.7760578741698,174.56427182891707,-56.79818353674974,38.221115571392225,175.4906832499465
3377,30.0507767435281,-53.258885147716356,60.40062794080703,25.185183763002367,-52.43283305431361,60.767054243699775,-59.85120160582706,37.014013029091785,174.59329238679396,-56.70077386575597,38.36315483347288,175.53623599685156
3378,30.228690862388316,-52.886684641832616,60.40861772635999,25.36202429717909,-52.08691744042329,60.77134706518778,-59.79825219396333,37.3331902831642,174.63487489404676,-56.66170276967945,38.5322913534305,175.58806148729713
3379,30.419782304802098,-52.51019551655493,60.41770288262351,25.547586384354744,-51.7381365710514,60.77635711074365,-59.76511600265942,37.6632212431241,174.706376853118,-56.570850913072846,38.62908179029263,175.64029586667885
3380,30.633161982960726,-52.12995823316845,60.42598392387413,25.753339977276042,-51.381322870048564,60.78134764589696,-59.94222162936209,37.66510774417432,174.80036262108166,-56.81933190035348,38.682604983613345,175.70360174053326
3381,30.86580221243163,-51.754247865492225,60.43506936924216,25.976207330349975,-51.022721868219364,60.786325993757,-60.020419700421606,37.7835401906058,174.88087832230477,-56.993966402997266,38.89202587409849,175.75086744094256
3382,31.107305649140848,-51.38002315632915,60.4420438302799,26.208786628778874,-50.66027875052926,60.79154654822851,-60.06783876524683,37.88290193623006,174.94277634964718,-57.18704759800817,39.14138736778345,175.8017631046007
3383,31.34750679709706,-50.99387646044641,60.44598545046534,26.44109782564442,-50.28293340825997,60.794906106254885,-60.25150804472683,37.89930790843008,174.99546885874975,-57.38785549314216,39.24558975614828,175.84387851767667
3384,31.57166773214385,-50.595708455972556,60.4501917069236,26.657569381947987,-49.89550950772551,60.799501265838146,-60.616251221649975,37.95917931039152,175.04752183887098,-57.67796457426334,39.27267265766583,175.8919746775081
3385,31.780001956738364,-50.184283741431614,60.456136627206206,26.858753841721292,-49.49659426818083,60.80616287541321,-60.96497256600618,37.9638406604979,175.09400931639414,-57.921214776874464,39.28098388707534,175.9369828376
3386,31.98216783845458,-49.76127558188684,60.46409168315859,27.05445832894966,-49.08900451840158,60.81438651616373,-61.44285254082676,38.034835082702756,175.13897733504723,-58.23600308795971,39.350884010368944,175.98069297949124
3387,32.18541593612817,-49.33913658001866,60.47399501433178,27.253263086036135,-48.67757952103029,60.82345168882427,-61.76335712897195,38.31392178763632,175.13513421063897,-58.590432444645245,39.65441632213159,175.9694978099132
3388,32.40060611827422,-48.91855712729409,60.48127687559286,27.464948820868187,-48.263962369422174,60.82801414490009,-62.16948739540582,38.524355438385534,175.1013364699117,-58.98827619289281,39.95820753829311,175.91626728287386
3389,32.62423397638661,-48.50390134659551,60.486284612060444,27.68448663118259,-47.856217617409804,60.831057751406746,-62.4240862322588,38.45711105226719,175.02611236731238,-59.156808837161456,39.88146639423049,175.83045172949974
3390,32.84931189158677,-48.09501443440767,60.48750399778306,27.907329218105154,-47.45017525452927,60.82916991541548,-62.60280507181783,38.38178022239997,174.96691479121483,-59.22490000294878,39.71129445340435,175.78560595084252
3391,33.07267392101971,-47.68694769797288,60.48559870819638,28.12625883746853,-47.04829724749938,60.82556575786601,-62.63987741262146,38.36735470188971,174.8916427590051,-59.2081446492902,39.61146634610075,175.74095575496727
3392,33.29238593358192,-47.27519632950018,60.48034738024558,28.342070388077868,-46.642510365379394,60.82048033577291,-62.69177744110227,38.3688646512199,174.8388266800187,-59.2254317303276,39.55076998794967,175.7426712325776
3393,33.50204982277247,-46.86182195908534,60.470824223158026,28.54938558131487,-46.23540621538686,60.81311410985482,-62.82242756856669,38.15408179086517,174.7628984567031,-59.46412070275624,39.272956339415394,175.71772752697208
3394,33.703562860278744,-46.445394819020024,60.45722148621649,28.751838647374246,-45.82243921112642,60.803962520640056,-62.842344662953884,37.85216603049527,174.7144353454667,-59.597571821927595,39.181312224619475,175.68943249233837
3395,33.898246483678754,-46.03530665808262,60.447867256968166,28.95194552178041,-45.41380915099142,60.7995961771519,-62.78694119526305,37.56003524074188,174.70813814402712,-59.719929071496466,39.17247830597352,175.68272935796222
3396,34.09607446172638,-45.62478364200787,60.44171270747562,29.15452662502722,-45.00386535998561,60.79967134260772,-62.9454200998058,37.433825899169626,174.71276565822404,-59.966542365943496,39.074416745892066,175.6502127620548
3397,34.30021499362964,-45.218804586631464,60.4397236728464,29.362606803853392,-44.596320130033,60.80134810128689,-63.119209392726255,37.33839341958213,174.68926555407347,-60.1126462378411,38.93034639618107,175.60851807076676
3398,34.5149329583893,-44.81228790772291,60.43865551558777,29.57851944779213,-44.1896869393458,60.801554525484796,-63.29767673723475,37.20713318312147,174.67136066512617,-60.16537406893299,38.80138622592874,175.57372604389604
3399,34.73477169145373,-44.413544486035654,60.44091702656702,29.798371061752857,-43.79081300648557,60.803691720363645,-63.397180046715505,37.0062652980372,174.64030786183835,-60.127098601443144,38.61667763439818,175.56492506556924
3400,34.95680266156623,-44.017869684995496,60.44738517313828,30.01792996797907,-43.39377348973358,60.807878282470455,-63.26929061363589,36.931993463797845,174.6308438296456,-60.0087058802471,38.41955207520875,175.5635895842315
3401,35.176755492726215,-43.62428359214169,60.45153196855375,30.23356539558774,-42.99887497036156,60.80421335147176,-63.197263506975894,36.84592476083825,174.61847547870508,-59.93225148869569,38.377273318266205,175.54957569088685
3402,35.38945644949295,-43.2243583738699,60.449048308465,30.44300323402057,-42.598690927464965,60.794146641209274,-62.99617475363965,36.46443582185182,174.59435727347045,-59.70728127888005,37.99514861837023,175.53827619864944
3403,35.59441508776312,-42.824302034616125,60.439856326730954,30.64529457733172,-42.19835443553166,60.78016533342508,-62.764015729892506,36.23564513015736,174.58339021452258,-59.63484080784242,37.81310333513577,175.51977176170672
3404,35.79767032052496,-42.42094442811612,60.42543864941275,30.849153369254633,-41.79113792803896,60.76482244182756,-62.55846037677688,36.089864969175935,174.61223670105977,-59.56186884241672,37.71685059671014,175.54424117819264
3405,36.00949771479081,-42.01151635308938,60.40458104308785,31.065631170793942,-41.374483071680956,60.74461083381659,-62.49675179790877,35.88006594972459,174.645619199159,-59.6388312570939,37.538970177577674,175.56823888265322
3406,36.228096376161034,-41.59996958344017,60.37504366542872,31.288166330050284,-40.95944065832342,60.71994080998277,-62.44790621506992,35.569114005395896,174.66779529887782,-59.63464007550593,37.1731050695636,175.59027582354014
3407,36.448861877324354,-41.1851049440284,60.33796400132242,31.511250271977122,-40.543345901770635,60.693425210021886,-62.38218697280134,35.2766933826854,174.71350410627576,-59.5189170038527,36.85644021620797,175.64625693575934
3408,36.66633387756074,-40.76496656622465,60.313551975780655,31.730489065381715,-40.128081673809504,60.682270716964446,-62.37031133279776,35.0150987245685,174.7716104964033,-59.52324236269416,36.760944915722746,175.6959365457556
3409,36.88003950194837,-40.3357889313217,60.30329220346854,31.94595131664197,-39.70532947846815,60.68403449192202,-62.650298523104475,35.00012473762007,174.85927471946698,-59.77662124119378,36.68197308874945,175.77666670648085
3410,37.0913639411064,-39.90108388492019,60.307189464194146,32.15714407752803,-39.2812288918244,60.69719295208386,-62.59030333004072,34.95983887964732,174.94405285055126,-59.614576317043536,36.705849594725635,175.8289043814895
3411,37.30212060741517,-39.467944768959775,60.32446190356518,32.36607146186898,-38.85516412629531,60.71998278878562,-62.490514562606776,34.948073432771665,175.0173464694608,-59.41433327376501,36.81547677494221,175.89308368205965
3412,37.51567575251303,-39.035464025720884,60.35787857059484,32.578717186082194,-38.423453989781464,60.75125511353268,-62.222999112511474,34.88182299052761,175.09817160826364,-59.149226548318794,36.7229398284744,175.96128590383188
3413,37.73509823377743,-38.60763913672447,60.40676436033576,32.79654544368512,-37.99457698998297,60.789096579877146,-61.881916100258145,35.06362617865343,175.1827014482209,-58.754753792607325,36.775618088002275,176.02445533129867
3414,37.96355598935109,-38.183650314056834,60.468124427589274,33.022710262919816,-37.570653037746915,60.83147041067196,-61.78173000354297,35.37790295210072,175.2593924936551,-58.664972379273834,36.98612646409287,176.10184621861742
3415,38.196766542822616,-37.75896176559465,60.52056528417591,33.25285291830807,-37.14818606787612,60.86456483688732,-61.57181808509413,35.51748666516348,175.34462616850897,-58.54456615241416,37.06362542315217,176.17948124727025
3416,38.43020897894315,-37.33858934021036,60.56329809359217,33.48264319712566,-36.72885100883502,60.88982090670144,-61.15567250831272,35.67762778181411,175.4021865257592,-58.41162494208537,37.15220587719439,176.23991351048855
3417,38.659503380688314,-36.91788552680933,60.596131534929896,33.70681598926158,-36.30948524921775,60.90933880786217,-60.88668371372568,35.65388575279173,175.46820455477234,-58.14641470464954,37.050510154614386,176.29237556174817
3418,38.89057978550931,-36.4942227549982,60.62099977384444,33.932912431667816,-35.88589104595908,60.92639786944454,-60.64802989827475,35.45941424091277,175.55505616651922,-57.903480027103456,36.8177146785825,176.38656199330973
3419,39.12598761785522,-36.06967718046152,60.635763655218476,34.16526392324028,-35.45726790856052,60.93857757360849,-60.51626407198518,35.39291593916298,175.61564717287044,-57.76067435695378,36.62836304842005,176.44055742341072
3420,39.368933537354636,-35.640963887095886,60.640960599781685,34.40653463967757,-35.02569107528365,60.947378454998926,-60.50479420472135,35.47578002155497,175.6325769302655,-57.62505804911619,36.80916184728246,176.43147738366366
3421,39.59998453893684,-35.226096907632744,60.644581019692424,34.63710209841032,-34.61105545251043,60.96433851221964,-60.25736391905306,35.52564239911112,175.6475824030409,-57.40536776636668,37.08253127504986,176.44908192847984
3422,39.83173314410801,-34.80701418351106,60.65578939778704,34.8711257795434,-34.1945405498293,60.98824939463633,-59.93490254109376,35.64348318587362,175.68253489315316,-57.08182449850673,37.30638876294836,176.5064183524688
3423,40.06089354117256,-34.3847465230117,60.67713072011952,35.10238524399112,-33.775849172796896,61.019592384524856,-59.52163726366392,35.60943492754458,175.69886940067752,-56.65828621230863,37.298352706878774,176.52425538384642
3424,40.2936946540209,-33.95977514501096,60.70917474085004,35.333625602898934,-33.35455711191758,61.05775329251382,-59.174292891658105,35.72155027594258,175.74365033032066,-56.257750179109,37.32053190027576,176.58272162687305
3425,40.52385769693614,-33.53699099649623,60.748976119805505,35.563578913888904,-32.93345836390888,61.100017587525855,-58.80112354241305,35.90097089915857,175.7494497973623,-55.871623122654356,37.280833006584395,176.62823485659354
3426,40.75020282158424,-33.114789369311126,60.79644804452757,35.79336125590597,-32.50892756309969,61.142625857500015,-58.4700494964006,36.17557984062232,175.7641536708313,-55.67203467571321,37.37732370235427,176.65528009009955
3427,40.972398158994245,-32.69183424889651,60.853969237870736,36.02058258402524,-32.08455863401496,61.189234366112466,-58.46679158924698,36.631914800300414,175.76026845745238,-55.95166465431343,38.03823544298839,176.5959914591141
3428,41.1954722548707,-32.267572076126285,60.91356676913043,36.24475842390301,-31.659019428174705,61.23923250758078,-58.47424734553628,37.11900295263448,175.72486706061852,-56.07792462828186,38.747822484682914,176.5287974586256
3429,41.420879995863956,-31.836327655768688,60.96840246857769,36.47115272058633,-31.22931941774995,61.282887753647195,-58.6820749625068,37.51572511629111,175.6547343241063,-56.31449527566643,39.19495287490472,176.47062319378952
3430,41.64530764026859,-31.408475190725625,61.01972838087085,36.693738280063265,-30.80189629801081,61.326055586119274,-58.97208693171415,38.006727792961094,175.59761994951518,-56.44635936507725,39.5030029080056,176.41421003838482
3431,41.867853136718196,-30.98283600797895,61.060357127417966,36.91395133140778,-30.37619571758654,61.35965306442758,-59.39277889083581,38.31872266685614,175.55469066462348,-56.6750401841813,39.52913127353658,176.43422244160556
3432,42.09218613227121,-30.5527245319378,61.0907798806237,37.13635262692453,-29.9447541619067,61.38512841546909,-59.65341994444024,39.4858031431597,175.51284114433935,-56.56706149277116,40.688799781566665,176.45157775141212
3433,42.315356013777794,-30.125716509236433,61.11031275795119,37.35683882445851,-29.51827413441382,61.401390255425376,-60.052864755594996,40.554517020451314,175.51673249684757,-56.79117475159302,41.60193917176587,176.5218883437771
3434,42.54280339085138,-29.69377861356464,61.11970717153605,37.582752568106976,-29.087070613340256,61.41253349772353,-59.712345392165425,40.83212943326418,175.60801412930797,-56.378230702909846,41.80187751382948,176.61974385575894
3435,42.76597808642774,-29.274730618196447,61.122505441131544,37.80626648472815,-28.66692556996431,61.42282416967248,-59.440012867513644,40.98192503006223,175.75273186659308,-56.03879103137361,41.97232037235635,176.7530519571715
3436,42.99224372178426,-28.850207315329865,61.12279158783151,38.03505320705463,-28.243168359284194,61.43034342132019,-59.000459767974554,41.13110874923173,175.91460946342906,-55.67029750446221,41.98480649876171,176.87635865682415
3437,43.22005357015276,-28.42266549231163,61.124689015031315,38.26501728213052,-27.815485792297604,61.44572075294026,-58.69961150434875,41.225132043797764,176.1049657790028,-55.512845800594576,41.86803018519978,177.00510616622526
3438,43.44592564583894,-27.991825726237415,61.13465913074061,38.49307777506349,-27.385465460526422,61.46760627157453,-58.434467404890306,41.64528646237395,176.26488832946583,-55.5599183910879,42.01332110645464,177.13332786975369
3439,43.6701766381318,-27.555063136627926,61.152896507550814,38.721480686866734,-26.94597328927919,61.494707849382095,-58.26764131989807,41.25796182958451,176.43865435472338,-55.439155630931225,42.13169750548742,177.24752768484302
3440,43.89189023322767,-27.115646672161756,61.17749074232216,38.94347759301762,-26.50807220103664,61.52522430709614,-57.93483515169446,40.86298893491328,176.5768732904772,-55.43271781858753,42.19364271906609,177.35261029066146
3441,44.11294620770488,-26.67455128927364,61.21077467410271,39.16293655121589,-26.06926695857761,61.559896506667336,-57.98798635696843,40.894721083301775,176.70840962139243,-55.37380791243416,42.31877809576971,177.46780952338827
3442,44.33615082437325,-26.234791304225052,61.25403355631364,39.384570886604614,-25.629916233860424,61.599209342309976,-58.20892262768354,40.88832730965424,176.85123673534886,-55.543900251180325,42.38409546238586,177.6321966596789
3443,44.56455461483876,-25.791328140057463,61.30617461040152,39.609885214570824,-25.19023834791682,61.64216111970949,-58.5351714171402,40.91906806221711,177.00274101319744,-55.73262442177495,42.36497793592975,177.79073536498456
3444,44.795551324847004,-25.349781475737586,61.35767671641915,39.837979811696314,-24.74967841379386,61.68554906491092,-58.54917107864058,40.91309837312271,177.14735077009615,-55.58017787771014,42.16650288531461,177.93866643015417
3445,45.02757476580552,-24.909519177383014,61.400990456302786,40.067467420671576,-24.309533278815888,61.718961047538656,-58.307502065205675,40.78873570149602,177.28830134170965,-55.277010954374575,42.07807768993924,178.07774171917228
3446,45.25878813485008,-24.466218399266584,61.43640304769357,40.29880253438093,-23.864736679929635,61.74531442676207,-58.26899711710928,40.75652185915108,177.39966502295735,-55.158759407075856,42.13712354916606,178.15937085414268
3447,45.48727249895285,-24.02292120708639,61.46434501368879,40.526185765640896,-23.423581284499978,61.76724657046641,-58.18325591741208,40.74783261331733,177.51614593063562,-55.087759763183385,42.184575174553686,178.2455050925805
3448,45.71426723438051,-23.581136626203072,61.4837016699871,40.751169669777894,-22.985871263050743,61.78361377213255,-58.04036524915821,40.65727888154062,177.60867776973726,-54.896159011811726,42.182697172157425,178.31334884499267
3449,45.94237864273297,-23.13971110526077,61.49442302027361,40.979798143076835,-22.546515766645822,61.795300482232555,-57.639516444476484,40.548389546486575,177.66717075174748,-54.59980255679583,42.12534984280327,178.39312564705003
3450,46.170499830272384,-22.69945723809809,61.502009246096506,41.209378005339026,-22.10801642515627,61.81101968181414,-57.31390793753451,40.76502095916418,177.7095667033674,-54.5209392899008,42.46437266416473,178.4586353475593
3451,46.39885368889248,-22.259795739246535,61.50819872216654,41.440076727013114,-21.66901854622631,61.830282288272116,-57.26373099244254,40.91928434830059,177.71809649340594,-54.54137960345746,42.46119820068296,178.4850441871035
3452,46.62567491986689,-21.821828952562953,61.52024287122322,41.66791008788517,-21.232536044073026,61.8517141916481,-57.27275466991469,41.157330160572016,177.68886756290775,-54.45715289259004,42.646525467662755,178.47307709867647
3453,46.84893292102093,-21.388857288285273,61.537688108359525,41.89216767915026,-20.799032797991163,61.87501745058114,-57.437402038380476,40.90930651826752,177.64392419940486,-54.732864786378954,42.244129283879865,178.411345805271
3454,47.070184871412835,-20.953434460586916,61.55980568940887,42.11261509737269,-20.36114813430781,61.90073094648812,-57.56732696767368,40.510937147187796,177.58820841322427,-54.92795618484888,41.711826671315336,178.3682060240293
3455,47.29216728074523,-20.512833502995452,61.58887850586746,42.331658595932815,-19.92007700599491,61.929274452938614,-57.783636688167434,40.07192422470834,177.51109558670308,-55.07094125035661,41.190947668198206,178.30455014583347
3456,47.515279981305696,-20.07612827299782,61.61830201732635,42.55413318246836,-19.482515732793015,61.9509338234215,-58.143561353360354,39.70638021379746,177.39508008479916,-55.240357195555646,40.82180163362942,178.2276999977512
3457,47.73992498287177,-19.644344749236883,61.64043486754533,42.77867424082748,-19.048796514714596,61.96521347870789,-58.054353521650285,39.01908689513652,177.25398561836758,-54.90182186629023,40.456613053200854,178.13182740767348
3458,47.96657965826321,-19.2118077567116,61.65378804529273,43.007993269312756,-18.612729827513142,61.972834372444346,-58.0618446197683,39.00835591380009,177.11179383411405,-54.84849039204314,40.837180591270084,178.02503565071177
3459,48.19463746789311,-18.77245515334558,61.661442052726905,43.238830709664995,-18.172328255215557,61.97817031329659,-58.06310053452469,38.58722275411998,177.02117218471085,-54.694508681754016,40.75291772859548,177.97917524288476
3460,48.4210172065654,-18.332777115220484,61.663076423777746,43.46744178934832,-17.736674759672216,61.980513984744654,-58.091138191670275,38.726991034927835,176.99827388354825,-54.96161615996076,40.9269437724313,177.98206848447617
3461,48.645287726404746,-17.89549197106654,61.657515616953845,43.69273686575015,-17.30039577314512,61.97937618251209,-58.12532311650434,39.45114599017412,176.99969788469934,-55.16280446234109,41.672042107056114,178.02509439881325
3462,48.86807015419435,-17.456493310246934,61.65069190094206,43.915724966011524,-16.860190520150805,61.98390469124622,-58.12421256197533,40.205883746433095,177.00518364826004,-55.259935173475505,42.216086722245485,178.0383310127648
3463,49.09371094846081,-17.00883896796982,61.6495356972031,44.14298222369673,-16.413138929838865,61.993164353891224,-58.136731759526725,40.874207302891136,177.02983019474922,-55.4060333884416,42.57795781475706,178.0520373890805
3464,49.32141608605133,-16.55650394871428,61.654623519353834,44.370590568986394,-15.961164226499939,62.00518635451506,-58.53520566754644,41.636584931636754,177.05413050333638,-55.58243860523063,42.93351235249247,178.02517868990796
3465,49.55071482148153,-16.103350459473305,61.66582953430261,44.60002308423946,-15.507725340202093,62.020019009885814,-58.873956044259224,41.824350288481696,177.11508072598838,-55.870346481138704,43.083135264245065,178.02408907901696
3466,49.77718505471923,-15.652415081504559,61.681243689499425,44.826487046908404,-15.054413709782606,62.03702225001763,-59.08180110365129,42.11503452823485,177.1161216578334,-55.79708069796192,42.96199646671756,177.98138544800446
3467,50.00351784399426,-15.197991850619202,61.70349319017871,45.050387213258965,-14.603806848569215,62.05674797927149,-59.03748739523986,42.151747097164524,177.09534607921117,-55.78085194067537,42.742679696046565,177.95604164350127
3468,50.23534060764417,-14.743034436522152,61.724656911885475,45.278426231293786,-14.15443732965998,62.067103685853425,-58.87398256186453,41.74898721781395,177.02942635536894,-55.5942939038823,42.56074184476459,177.91277802719586
3469,50.47112658022412,-14.290798263540784,61.73607050457035,45.509859096557086,-13.70675199032554,62.06776549440052,-58.61293965744875,41.429157634931094,176.9969454672383,-55.23850590031086,42.478834897521615,177.90468197738403
3470,50.705037793620086,-13.84398077843979,61.73640120685332,45.74218742050561,-13.261719433992088,62.06003348296494,-58.27289185051469,41.01353362056926,177.0174870500372,-54.90762985121466,42.20651829356207,177.97455826120674
3471,50.938704126499594,-13.399835113479494,61.72596004410913,45.975413080417255,-12.816925154570503,62.04514222791643,-57.979112417751764,40.48993884120713,177.07857180464705,-54.761212226937666,41.908347868663405,178.04992154218385
3472,51.17227379747826,-12.955217544626413,61.70638035284894,46.210396030091374,-12.373236107525578,62.026442187156526,-57.74094788281029,40.204956829924775,177.11739297374027,-54.872703723170815,41.877302342945015,178.09824903480828
3473,51.40547123425259,-12.514902992853994,61.677199036147265,46.44576787919726,-11.932076732405083,62.00390534059664,-57.6924512222807,39.79010857025998,177.13912751784636,-54.93079114399322,41.41816384497458,178.07097353800305
3474,51.6391788022865,-12.075292066975939,61.63671156350726,46.68004928013138,-11.492806964893383,61.97675078218232,-56.996410105739706,39.9343526596281,177.1555368776838,-54.11684543311876,41.71226120349246,178.04943906680776
3475,51.87289858610514,-11.63315189554299,61.59482283745499,46.91586470910914,-11.052113786308484,61.94667070185252,-56.475050722982765,40.08652269577852,177.21205165637338,-53.53777310119463,41.94753061062889,178.06665370805965
3476,52.10123173770119,-11.1921339952326,61.55673604163502,47.14761353834537,-10.611317365162012,61.92060681153597,-56.23442553559267,39.91817731083001,177.25390626554602,-53.25863460049364,41.74742082560451,178.08629684138498
3477,52.32597340159805,-10.75058098845198,61.526680975933715,47.374883128328236,-10.169093477143672,61.90115992695243,-56.069622146328996,39.63608010374116,177.24192953100177,-53.0902795507834,41.22273085236735,178.10453100806993
3478,52.55064878962217,-10.309448673469303,61.506831783872165,47.600099109957284,-9.72620832752134,61.8888055830751,-55.34303898068745,39.795372023156,177.1984500399771,-52.283920621543764,41.338555957141786,178.09486577117124
3479,52.77921313154796,-9.861869820781338,61.490225798578315,47.82911930837607,-9.27615234815562,61.87597725586704,-54.48106351393017,39.7172235013722,177.18529946355156,-51.68460481531957,41.296070015103766,178.11716493191986
3480,53.00331786765404,-9.414870030570391,61.47684265203029,48.05243281499669,-8.826530028877178,61.86109061343211,-53.89223343388623,39.774252464976655,177.22329305487602,-51.53296731439437,41.013926620073406,178.14482399980827
3481,53.22854581761759,-8.96762503131286,61.47198877242238,48.2746953724085,-8.378344392221257,61.851273676867656,-53.991915161300035,39.3728970923546,177.2681302698967,-51.55016827469207,40.84878437357199,178.16738039552777
3482,53.456298219384266,-8.518621415380512,61.47023144501936,48.49969878500601,-7.92901880782724,61.838989592833315,-54.38918589150389,39.270725311371535,177.28618809477572,-52.052066460841544,41.1295474913646,178.18670897004628
3483,53.682415096412186,-8.071799267592437,61.46201850065171,48.7220420472989,-7.482511023000222,61.82336064587613,-54.821784266440346,39.65271034016358,177.30210413085405,-52.673069333297256,41.632584719962054,178.20567943768842
3484,53.91062746219662,-7.625493661336228,61.445729783964204,48.946908275205274,-7.0375460733474595,61.803667047937765,-55.11530133625337,40.35257652404563,177.37440425315927,-53.02924738438711,42.11178856448296,178.29838063523113
3485,54.139713432746674,-7.179174583185366,61.4225081231752,49.17388494015549,-6.59386262774132,61.77995862913932,-55.84477688232961,40.55399209574723,177.47329458369026,-53.25655840486968,42.33088557941749,178.3900763383859
3486,54.36247331173076,-6.737587677973453,61.39534878121388,49.398038857595516,-6.151500101634724,61.753774971935464,-56.344848106912636,40.652046801612954,177.6364117308663,-53.163346370134434,42.22526331177674,178.5824480968844
3487,54.58336155639327,-6.294773630698012,61.36846318774582,49.620498984076015,-5.7061874153643934,61.72885209756738,-56.251739980840775,40.755947896939674,177.81029443830832,-52.58672223852517,41.9005654931828,178.75967962253705
3488,54.80261975445693,-5.84592287762719,61.33990192232546,49.84118596185856,-5.256313957822147,61.70977729050038,-55.974057486071516,40.78524146181441,178.00117748487622,-52.00435750622734,41.598145143610616,178.92726562322073
3489,55.0218930136957,-5.400253933304445,61.32076277848895,50.06231274477276,-4.810004799779345,61.69957683551767,-55.44602030559138,40.555095887161116,178.17608471625144,-51.67369341662053,41.40590751133483,179.04227422715144
3490,55.24406866426126,-4.956987553188203,61.313861578985396,50.28364498699838,-4.366500302571119,61.69846496367098,-54.87709554994884,40.439558278853625,178.34092530173612,-51.57168921470452,41.695373408891946,179.12199796732662
3491,55.46793689221548,-4.514329811884062,61.311458690038116,50.507795498858954,-3.9236246874505007,61.69685038958658,-54.53148911954737,40.336672967128784,178.49926979466534,-51.662733749120584,42.02032708679915,179.2511979365477
3492,55.69300292070844,-4.067494505947425,61.31905925389346,50.7348699658075,-3.4755736750322077,61.70161749966649,-54.09211722325797,40.50119269924188,178.68290019223664,-51.54630382601693,42.49051873700032,179.40773400477525
3493,55.91855738929785,-3.617039742595497,61.336286982755304,50.96104641005847,-3.0250693163205624,61.71115055811807,-53.9207271863473,40.674339627688475,178.81273935933348,-51.55299257930269,42.597998185977886,179.57647815315656
3494,56.14454672839452,-3.1684419957239927,61.352514508899176,51.18734965912345,-2.5761467708820005,61.71248666750902,-53.9497419203293,40.733216812645914,178.96252081561522,-51.338871778105705,42.28246087770952,179.7615797052482
3495,56.37257072935349,-2.718911426786774,61.35886137952633,51.41589399169579,-2.1255312039664327,61.70687779806281,-54.0674327454428,40.73051833261495,179.12919453003988,-51.17514870944512,41.89627397721095,179.9616134054361
3496,56.60078738700047,-2.263907645452543,61.35604983293303,51.6447428162616,-1.6698304104167274,61.69733182978182,-54.082595545966846,40.29611083359602,179.3495198927463,-51.03278369256077,41.03408081470162,180.1778192556256
3497,56.83231943008219,-1.8041272488994462,61.348381851467934,51.87471829722445,-1.2120270871249006,61.68787210480082,-53.976462376158025,39.497406723364534,179.5818721316039,-50.91139183052332,40.28046495029835,180.3559873951361
3498,57.06489183616366,-1.3413399043305065,61.33544486133549,52.10715828411887,-0.7525394958801359,61.67405649448971,-53.81572474905599,38.50541147776667,179.7508067221847,-50.913012286207525,39.49715679172069,180.47543015250554
3499,57.29710847589234,-0.8822110670422287,61.31507935336772,52.33955199264025,-0.29517588960695096,61.65796578972157,-53.866668183614905,37.152740040919134,179.8609310517469,-51.022881560784356,38.57353654178644,180.54342671684657
3500,57.52787264498141,-0.42455686032686213,61.29320150333108,52.56802296586886,0.15980511512072743,61.64903783361152,-53.64100085171662,36.360520030541736,179.9585127514503,-50.82527221472899,38.353867424642885,180.61818752327775
3501,57.75685008444255,0.031777143052143075,61.28155880429973,52.79383670002315,0.6118214376351259,61.648408022416056,-53.3410565450204,36.23030692668167,180.01044991431274,-50.34043424358939,38.70545004619206,180.66316358167913
3502,57.985214662705154,0.48899662468747307,61.283951584688914,53.0187251846317,1.0646385376743224,61.657615850407524,-53.022006062266044,36.37604157935641,180.00325712203022,-49.931078285699826,39.242260461829915,180.6696090700974
3503,58.21107645441407,0.9416050404195766,61.29510343627828,53.24153496818747,1.5173679370398296,61.67079654385183,-52.71515385665477,36.8708440837276,179.93616932533948,-49.6029706948068,39.60663706011879,180.64972801725906
3504,58.43744556962345,1.3908038382205137,61.3137365545785,53.465476443209056,1.9671203321943942,61.68956716106438,-52.39487769058334,37.802634040567476,179.81207928482857,-49.318810840842275,40.44826700664103,180.55816298740953
3505,58.664466880246344,1.8338699256536346,61.34177163950104,53.69309575265259,2.413362590346016,61.71195376054729,-52.020287747320424,38.99949641579427,179.70744188802465,-49.125851008116484,41.315495251610535,180.48999577157758
3506,58.89479655920287,2.2726234817336506,61.370695298058614,53.925974260936655,2.8557900290291456,61.72534987290489,-51.786965252494085,40.37032179650325,179.63180282718446,-49.298411104811414,41.95835207592189,180.44963707285262
3507,59.12856669803026,2.7132082311888244,61.39104425093686,54.16209181021766,3.297915333310727,61.731068548359275,-51.85498626801878,41.218093167969705,179.5307619821787,-49.564945555488016,42.25142257058014,180.3984554273207
3508,59.35809216008124,3.154423386537879,61.399392485759584,54.39425547456068,3.738983023233957,61.72897591854684,-52.006821580083106,41.71096568696972,179.46769168003385,-49.546628226585135,42.50831375311669,180.40334828976776
3509,59.586917230149346,3.599654194546249,61.400355391633695,54.62576850585781,4.184500192333473,61.72500299471352,-52.33725656056747,41.81349217992504,179.4054687666485,-49.75306552998585,42.421720742127874,180.3759552075433
3510,59.81522125986764,4.042208080558903,61.395500482189746,54.85707307046625,4.629424597348088,61.71828651076667,-52.71560234740481,41.801529564448906,179.41009888555433,-49.985191170797094,42.13193650588804,180.42184836555717
3511,60.045466291123844,4.490288206986655,61.380539268731795,55.08942434106815,5.078302664898647,61.7071361980343,-53.231202411907994,41.44372574282572,179.46733360073253,-50.33514115449682,41.97033229863356,180.4557224739858
3512,60.2712342411108,4.936620397191186,61.36661015691327,55.315141048777384,5.52540866276604,61.70752864110098,-53.67166759404753,40.798631230376266,179.56243861535484,-50.56301066783558,41.636778286831756,180.5398590802043
3513,60.49578237855688,5.385751223750485,61.36317436532521,55.53833871084477,5.973241784389693,61.718055715006116,-53.823527280581054,40.27309253909309,179.66385257854088,-50.67808172636656,41.48260963791359,180.6307439236386
3514,60.72113313809203,5.836699140880557,61.371354422705714,55.7629100380778,6.424208933818523,61.73626442565664,-54.38869131522979,40.295758639519875,179.8046711522674,-51.47070809419125,41.8966414028681,180.74042487842513
3515,60.95089123233429,6.288655503457617,61.390313608632304,55.99074959422727,6.875744614192165,61.759958284843414,-55.0759232780446,40.47528120584823,179.89566376042555,-52.04247757824228,42.4785287309666,180.8022025914351
3516,61.185160518533515,6.73279208269621,61.418351303691075,56.22225345810699,7.320285806327395,61.7888814620116,-55.499851123275825,40.62050247499071,180.05287671103275,-52.345196447063174,42.593442598222346,180.91629579966735
3517,61.42277694049079,7.171670538531382,61.458474643170774,56.45715947940347,7.760209925487611,61.82302579772286,-55.82807906406096,41.71946750811109,180.23455189654533,-52.52609789834053,43.79520742156555,181.111481460405
3518,61.661332918085286,7.609705752412132,61.51105363625356,56.69441307577077,8.198104185703416,61.86194275746671,-56.20131447472097,42.86884766452534,180.43650085172274,-52.89825532914878,44.900812342888074,181.290832024849
3519,61.903264763898626,8.050146237877978,61.55333704918789,56.93683885926197,8.64084255110276,61.88878244536622,-57.1206761149814,44.0280633906809,180.66989276080906,-53.923901667864506,45.59678989246667,181.53509277149993
3520,62.14615929761286,8.496387771735558,61.58520386327437,57.17992201550328,9.086182123969897,61.90645768185146,-57.99994419973238,45.1571893059698,180.89595224355892,-54.613534271353394,46.22098832518736,181.74325607925368
3521,62.38254379382066,8.939859113895759,61.607014032701414,57.41775832702412,9.530527090851198,61.917627265805045,-58.45393701478587,45.913062850690295,181.11327024405233,-55.24518352072766,46.76990257740451,181.92746311410636
3522,62.613129726385324,9.385390133619483,61.61943879579224,57.65142574085675,9.977475594154441,61.92362702504241,-58.81031424914667,46.552833127695024,181.35493221694625,-55.53970844230392,47.293593800239066,182.08808950041202
3523,62.84198774957198,9.835761318495402,61.6209709347169,57.88113508085991,10.42717951732805,61.924265455514096,-59.42998541748011,47.4484527127848,181.56509954894986,-55.99809854388247,47.71109699181056,182.2368754610125
3524,63.0730914298933,10.287732036096793,61.61224441128373,58.11123018425726,10.876954792065023,61.92114862678039,-59.94350611374842,47.71914770692958,181.70749585319393,-56.16580490603722,48.27754513405589,182.37323062803952
3525,63.29357555271715,10.735133091356813,61.59528122565037,58.32910120474029,11.315219403393934,61.91802311534399,-60.27997793317677,47.55188340874338,181.8482088277113,-56.29125818431761,48.260009273414916,182.49999074485743
3526,63.459943421054106,11.172561117066415,61.58699862846284,58.49310167977647,11.741574683807531,61.92520955108884,-60.40481450306317,47.898331227062236,181.92611447584952,-56.820165137566754,48.71727745223891,182.60765544698754
3527,63.53498752763228,11.604219990273053,61.59331085161098,58.56810593725757,12.16023013329627,61.94586388741834,-60.78466528197475,48.14805227269562,182.01098156789868,-57.46658025872337,49.008724335665725,182.716911928517
3528,63.558417645988534,11.201930943656464,61.61666426072574,58.589261932377994,11.770567932382503,61.97922956577647,-60.423818493202646,47.96032739090401,182.09737686053296,-56.90675700962332,48.85205986621869,182.82147822594018
3529,63.456726047689266,11.550015010424369,61.64858861913264,58.49146648470246,12.113312127058983,62.01467235232665,-60.88668083264483,47.932168246697984,182.18059918411473,-57.37846955891072,48.90877299847266,182.9150560217296
3530,63.309791409962976,11.825334529253016,61.68824755405034,58.34274287098353,12.39239728183111,62.052477311036945,-61.25523730451814,47.956286390423486,182.24831939182621,-57.76561949204225,48.8982795031629,182.98861619414518
3531,63.14739949919995,12.024511335576264,61.73762719776125,58.16563784418571,12.604743185537986,62.09351423452855,-61.518303600759964,47.72504118849977,182.29955143166399,-58.07867476503202,48.8416428883487,183.0454716306019
3532,62.98964889391768,12.15867258549444,61.785639505285324,57.981870271619336,12.754815638749568,62.124341940582134,-62.069093744956426,47.48969397757027,182.33962862274822,-58.32512786842035,48.75853502446274,183.09032647187374
3533,62.84643387369484,12.249406271612026,61.82021140864912,57.806971994789066,12.855430888256766,62.14410779125662,-62.21373195237527,47.45253788706161,182.36577809085819,-58.51432433979055,48.667283863928226,183.12213597704834
3534,62.72476881121021,12.307895907954247,61.83995579903341,57.64696673292768,12.91759455718185,62.153499246426655,-62.33822376961992,47.509552386688576,182.36912190140674,-58.65767400172977,48.5758085617058,183.13957736378748
3535,62.62338146814637,12.339597720694128,61.84819921181916,57.50296564615783,12.943488536189813,62.155829420653475,-62.43703284504716,47.53959497557577,182.36180234231838,-58.76178010566033,48.481608243850715,183.1471065164092
3536,62.54372618155859,12.345796170799561,61.849621789011536,57.378933110771435,12.935026379433053,62.155378555142796,-62.512212334489924,47.5408033412446,182.34689957500225,-58.83253918760491,48.38124020689664,183.14940896804262
3537,62.48445269250675,12.333623905037209,61.83935841810343,57.27840327241366,12.901364425065646,62.15029662485133,-62.563392278117526,47.52492593556336,182.3265800192132,-58.87326790003606,48.28414004248646,183.14710659838684
3538,62.44180746223854,12.311305707411337,61.817496076612414,57.201242539384964,12.852383251708005,62.14161263254936,-62.59575554458452,47.50269770131924,182.30316669415123,-58.88942970008124,48.19808908401011,183.14077618787482
3539,62.41383125976527,12.283956709083707,61.80066948840162,57.14785672847028,12.797570676501635,62.139227149456666,-62.61230408750176,47.47813569776255,182.27902723538944,-58.886869122098844,48.125006545064075,183.1320818997628
3540,62.39816927637244,12.256879053753652,61.790363397660705,57.11149045797791,12.747824203672653,62.141626230500215,-62.61621753934602,47.45568330979424,182.26152100213997,-58.87613740680537,48.06774250537419,183.12965618443008
3541,62.38805229388789,12.233087107731519,61.786629825631756,57.07979228218534,12.70783802484185,62.14672496704291,-62.61496158217475,47.43638156999493,182.25080746326566,-58.86951920163074,48.02264544839533,183.13077383246957
3542,62.37589997072363,12.21611815319701,61.78698600571974,57.04581614680944,12.680084197570254,62.151395801647105,-62.61791558990648,47.421479889604,182.2469995436113,-58.87359124254118,47.98841974604556,183.13597092656062
3543,62.35858783676758,12.210111373283302,61.791246536994926,57.00822770557459,12.66612440067545,62.15835820775063,-62.62952524320169,47.418733164578285,182.2489676059875,-58.888323310269904,47.96698922928052,183.14442498195766
3544,62.33208800242469,12.209909269394496,61.8011747514166,56.96244894218376,12.656110574432143,62.16702062900456,-62.652280843256015,47.42136420298142,182.25647919522586,-58.91675103608392,47.949894273218014,183.15410874895394
3545,62.28607037533289,12.202796563298897,61.81068344946951,56.89529724536222,12.632010571096846,62.16849231519871,-62.69625448505704,47.41428716998892,182.26332193827136,-58.9692568983443,47.919344987424395,183.15604999979942
3546,62.21651106702397,12.168455164694446,61.81369355461928,56.808974653936936,12.571479478570426,62.16489293116109,-62.76198779935075,47.37865644651609,182.26723826995553,-59.038626561790416,47.853946581983905,183.1497173939524
3547,62.135437723658484,12.08278165979026,61.81081824383183,56.722975687904494,12.456952693317293,62.15813931183322,-62.839384143503985,47.292832569499645,182.2641841464712,-59.110358252305836,47.73956127351311,183.13952269433074
3548,62.06914709736551,11.936661296605244,61.80057398017775,56.66218447054777,12.290689118836866,62.146102410756626,-62.9013326118241,47.17065082397773,182.25535025592723,-59.15868036667829,47.608237217308,183.12686767427655
3549,62.0263291396207,11.733470786445325,61.785342174356174,56.62699243761539,12.083099850964574,62.1303608473217,-63.10405399054807,47.192151653449535,182.2397126519056,-59.41295121744045,47.70958883484234,183.11177589791438
3550,61.98293110587667,11.483251111133125,61.76676390172447,56.5874519664776,11.850116236599227,62.11520380376201,-63.558341203218056,47.096317285222426,182.2083113563468,-59.97952365928962,47.62559682987727,183.08184228328057
3551,61.90040255138535,11.200629897345253,61.750024639157765,56.51022080891631,11.603696352358257,62.10885327691933,-63.595534277160404,47.40676271109839,182.18212465996027,-59.85402621197097,48.09366700400711,183.06766619098656
3552,61.75837883755071,10.907921219141148,61.742215748706855,56.37902566268169,11.352164785907984,62.11075642029174,-63.73178050767269,47.52526731233415,182.13706511019794,-59.924866719215245,48.14505757082592,183.02273174519468
3553,61.56153204052559,10.621335685547367,61.74384874142254,56.19840930133076,11.102038444027501,62.120011871102975,-63.74704410206943,47.63365135839158,182.07909694258967,-59.854411799401056,48.112600760607435,182.9597569123147
3554,61.33044163842845,10.33633348505257,61.75187962773993,55.985159171146016,10.845422213917441,62.133026452205065,-63.77958926704028,47.63439833533898,181.99787660363123,-59.86802519864758,47.88312091813438,182.8704473132289
3555,61.09199284085984,10.037825776806972,61.766287089377585,55.765566294520944,10.571991408131852,62.1479341606423,-63.637789785811336,47.42100445330643,181.89262250619367,-59.65652876078531,47.37806874268716,182.76069289432505
3556,60.86315799954049,9.71235181359906,61.78762471013757,55.55308024897501,10.268712262160617,62.16430322674066,-63.469945483147114,47.208806393085375,181.8192715894161,-59.56571139751922,47.262619583356404,182.71592982508466
3557,60.65628354257596,9.358382035643604,61.81593809106036,55.360615577662536,9.939042914713841,62.18245809233251,-62.75151532529031,46.92072407384713,181.7923610609883,-59.13674632027494,47.021422601297544,182.729366274076
3558,60.467437928655215,8.980752278954862,61.83736751518926,55.18504807519915,9.589880327556717,62.1920803507177,-62.798209726852946,46.272494939406656,181.76806258069655,-59.22697785943288,46.661848517297116,182.75639558169456
3559,60.28579726613106,8.595743040658911,61.851817540801264,55.01514404116324,9.232513000084618,62.195975410909234,-62.3897096462889,45.797617213311234,181.79739095202825,-58.900243720203456,46.30309210074246,182.81388533789965
3560,60.09846642241509,8.205606978677592,61.86150361423883,54.83765652146296,8.864930558083794,62.198505216498866,-62.50722357883576,44.95631693243527,181.8532059114962,-59.240111503045526,45.44789818354594,182.86917362590506
3561,59.901960835210225,7.8194915913929695,61.865104741938595,54.650046804899674,8.495531895529506,62.197769034975856,-62.573159696663986,44.224848779706264,181.96779912033725,-59.44762482405137,44.70947534206922,182.95587061301052
3562,59.69315657782352,7.438211191966531,61.86084066658129,54.451453515578756,8.128194959457016,62.19292617738638,-62.64528321770403,43.58828932014268,182.11450651792327,-59.33198233965101,43.978379591952795,183.0369902304642
3563,59.477012993571115,7.056737639336891,61.854828249247575,54.242022969320566,7.753188155156484,62.193499202385205,-62.382151971646536,42.9825392989251,182.24360779993935,-58.898517652335116,43.69568259379649,183.1219593502275
3564,59.2603764602044,6.671505664191439,61.84889457396754,54.03180547216443,7.374140152646703,62.20062865062943,-62.317029068655586,42.622011487126834,182.38515994119234,-58.47694471738347,43.66623609527709,183.25905231464492
3565,59.04531793353598,6.27794564145083,61.85389820261988,53.82252819662816,6.987460188040985,62.215644370226144,-61.875475515393454,42.38160724085533,182.53632170794216,-58.068742190204006,43.641766205735976,183.39496239597287
3566,58.832773495763895,5.874783259200711,61.87176567319669,53.61404040003618,6.594118134070531,62.23946783920881,-61.80226237327268,42.26510220420773,182.63999344674676,-57.87568915633206,43.7005768557096,183.47192894952633
3567,58.626591033361116,5.471261563099586,61.89775718496874,53.40889137218937,6.199123153320472,62.26787671588113,-61.48896556218708,42.45034313058394,182.7616643668723,-58.01134378883799,43.62834014178851,183.5624790448766
3568,58.41886788422472,5.065950823790418,61.92858986108996,53.20326016137156,5.803022187076387,62.295205843662636,-60.68368731932453,43.53028263130496,182.92240337842196,-57.351573341442695,44.76260961224683,183.72549012536734
3569,58.20452979704691,4.660535097467168,61.96651109516392,52.99200488223239,5.407615773958068,62.32286047799294,-60.37361931079408,44.26461427865007,183.07953058383052,-57.22289809394615,45.04654394840623,183.86433975098444
3570,57.98640782295012,4.261622213431429,62.00944878101838,52.77540038717905,5.013330710204642,62.35598415875354,-60.19083422484979,44.79625873915576,183.220099544777,-56.95725813484598,45.29852334353141,183.9835458323852
3571,57.76160281051212,3.861400231143656,62.052917636998636,52.553147664008485,4.616479962809922,62.391304376260926,-59.56771568146036,45.29022556610294,183.3233711457924,-56.060903601273644,45.64611957259159,184.09570381297695
3572,57.53627343889858,3.4587203041216075,62.09621557009685,52.3300234101684,4.21401688779361,62.42806311003544,-59.179289501244966,45.854550544326045,183.37951242757867,-55.60108078321557,46.016400706200955,184.14584692310774
3573,57.31674098954129,3.049500357605099,62.13023204392436,52.111326751727205,3.8048556994529847,62.45463562089243,-58.59125794199897,46.590193140364995,183.4857961264813,-55.07902271723935,46.62538926228276,184.22411683390945
3574,57.10677006752122,2.6322903529908332,62.15762954235172,51.9023112442048,3.3892073399362985,62.475594998329,-57.854520648395024,47.43999595379739,183.58600956420312,-54.72974597636465,47.138824596280415,184.30750506471153
3575,56.9016715802964,2.204884050281984,62.180888596519814,51.69775377309848,2.963144390218967,62.49471339552467,-57.29827144503881,47.58539363848325,183.64113297264737,-53.95360863267649,47.76450478356175,184.39202233456308
3576,56.70357548131132,1.7701708207688083,62.20135489572645,51.49986042087469,2.532016030232905,62.51400787029705,-56.78681672496612,48.142329154487236,183.71952894284826,-53.77052593840066,48.19632787267515,184.50767314110064
3577,56.502970217397746,1.3290646677414633,62.212092386019464,51.29995478373117,2.09559548131517,62.52621150152647,-56.268308272233966,48.90377581293969,183.82251619759245,-53.45658121333712,48.86529222198176,184.6387742811902
3578,56.29544151135871,0.892343786250436,62.2216820321913,51.09471825551135,1.663170546286012,62.54249507624787,-56.290818217178455,49.53465968190785,183.92169717666317,-53.3012546423535,49.41953306555728,184.75788236737276
3579,56.07596705809976,0.4605544870543928,62.23406961372364,50.87920711200008,1.2364939983676184,62.565894774574154,-55.88006192243343,50.12235192313811,184.05534021003328,-52.84355510134897,49.87746429635644,184.8631148383824
3580,55.84885674840395,0.03518670830833498,62.254707856198785,50.65451672299654,0.8162844608307177,62.59393620298749,-55.91279679207032,50.228034355274225,184.16834959677166,-52.9467260233141,49.88098716250318,184.95630826740864
3581,55.62320797342629,-0.3917791457696608,62.28273957951159,50.43275814405782,0.39537434322896614,62.626474692818846,-55.90479277594412,50.38249085970471,184.29908700066395,-53.02906228213025,49.96899233404664,185.07590024666214
3582,55.405289227941076,-0.8193159063913197,62.31720963684058,50.21575401338242,-0.030052601514217514,62.662621234972605,-56.13797064619109,50.36082543983378,184.4367198303289,-52.919769579529216,49.99005706403013,185.20585432444136
3583,55.190038356916375,-1.246222217159389,62.35699080416977,50.000996701548075,-0.4537182325116763,62.70179243034154,-55.89607035227894,50.38716956600286,184.58031433370044,-52.59919165199281,50.01047410671811,185.36144715806086
3584,54.97124724425305,-1.6694196762267626,62.40408127341419,49.78029485478953,-0.877220193756219,62.74183762689984,-55.50946787052287,50.22424084559146,184.73576266134302,-51.95798383234883,50.07992388302525,185.5386405761048
3585,54.74912762645952,-2.088216722092138,62.45264402652612,49.5577088463549,-1.297629599661329,62.7833562207097,-54.89205233386361,49.98980300450377,184.90474280021365,-51.22344170989809,50.06282187203587,185.71470927100276
3586,54.524004214967,-2.5078026583746116,62.498266361796865,49.332962035749524,-1.7191257864346623,62.82141150209831,-54.73060928815243,50.02925941115787,185.0968722530637,-50.95068290610686,50.445857956659786,185.89806922473315
3587,54.29850131997032,-2.9272975083707546,62.539503842415094,49.10737847969462,-2.1393659468151656,62.85547676673442,-54.36827888866632,50.14435676889537,185.29640309308883,-50.923469079041226,50.49987572542477,186.064650591018
3588,54.07197523075214,-3.3495923184103997,62.571509939730625,48.88151024633993,-2.562742678989086,62.88272626842288,-54.178333075546426,50.39201760357123,185.51124691337824,-51.14354256789196,50.81563594395214,186.26181680779158
3589,53.84869974483784,-3.7730107741587657,62.59988530007504,48.660134721360166,-2.988786474917206,62.90904201123223,-53.991474330948144,50.2256694930623,185.6935189108283,-51.14826371746494,50.43711355442514,186.40856081580975
3590,53.6243479200323,-4.202889537193015,62.63125833872889,48.438826935084556,-3.419945155399564,62.94069540295615,-53.534565730821065,50.60376202462824,185.86301943107352,-50.541732823463384,50.894550915435026,186.55996553488683
3591,53.39940921841136,-4.635668864484536,62.66153685855395,48.2140297847397,-3.853355441104947,62.97296242975164,-53.29359043626164,51.38976713991033,185.97584447130524,-49.9762132486576,51.88114412400563,186.65390897412385
3592,53.17105649363388,-5.064998238011505,62.685656383172834,47.98586657538808,-4.280051010204674,63.00135985465088,-53.431114444992055,52.04080590175309,186.0355084683095,-49.83540878408303,52.40778114914004,186.69136798484882
3593,52.942055289794745,-5.496105055122172,62.71129506888925,47.75620108668981,-4.709113410064755,63.031968789813725,-53.37348329799102,52.45673522162691,186.09093310179617,-49.75798291966868,52.90357469174614,186.7546688960736
3594,52.71677901832976,-5.928822366538415,62.74260724181672,47.528455301744884,-5.1384494892547385,63.06740284398229,-53.36200205045724,53.313321531328306,186.14240152276128,-49.95297053437064,53.66875188832758,186.81980898327353
3595,52.49230452210768,-6.364096213652553,62.77929988650111,47.30121832685968,-5.5700278557781076,63.107282724814226,-53.09948201884119,53.89439784988092,186.1809274676626,-49.99434701483362,54.167473441292906,186.91465538695738
3596,52.265039800698474,-6.806147840920664,62.82189938381047,47.07244068843989,-6.010113276561674,63.15127377376994,-53.01086558747724,54.85904730005186,186.21759094018168,-50.09386910774556,54.46366379001719,186.98173108172298
3597,52.04433246183869,-7.2489775576794475,62.868001202937535,46.85218355337056,-6.451520756264439,63.19687668029114,-53.40297651575812,55.3505363094692,186.24353821999108,-50.23657461700112,54.8078108754846,187.05677700654704
3598,51.826578465630135,-7.688793714011293,62.91514511034211,46.635055065407734,-6.89160943155203,63.241638148269026,-53.765796577381884,55.15684590085357,186.2982294329939,-50.24447511108705,54.751771955026996,187.1329380171282
3599,51.60697149230309,-8.127765568278694,62.96749923829027,46.418445877513,-7.327426929147673,63.288736270200104,-53.90700187040759,54.88476616273262,186.3868875903326,-50.250668635959585,54.32722010376411,187.19916497835487
3600,51.38061452769531,-8.561281296464712,63.01798370803652,46.1952904349646,-7.758719491375908,63.33404751613743,-54.0022927377359,54.40761603929909,186.41592976788368,-50.22854164989659,53.77195501749431,187.2024194129656
3601,51.148656629599735,-8.993431157927796,63.062946950009824,45.96492176062262,-8.189302024130843,63.37312522215443,-53.889784889866654,53.54942538373057,186.4544228464599,-50.17457195207083,53.164385485120285,187.23528315849765
3602,50.916702985438214,-9.422741389099887,63.107152957357435,45.73350468994047,-8.61685653239145,63.4129431391345,-53.90682331128431,52.938193881111665,186.47027453623696,-50.19274295,52.907615488760975,187.26908095945282
3603,50.691506474761454,-9.849555360938282,63.14934421743538,45.50521341169376,-9.045598111879631,63.45285765285058,-54.0188999097772,52.27942544815475,186.4968622563906,-50.408755381729065,52.529439170753776,187.30098546202115
3604,50.4681157554922,-10.278556281752303,63.18787979687286,45.27934266072232,-9.476002957429674,63.49038038913256,-54.04427302318521,51.43046407528018,186.5162923739122,-50.52883687383547,52.076266425354355,187.33856662236616
3605,50.24773801520466,-10.706990070134768,63.2229557402192,45.058045160563466,-9.905797182370002,63.52507715258096,-54.278473283098215,50.664977775906806,186.54473024210148,-50.815708214729945,51.49537951732546,187.39747991849057
3606,50.0248838431584,-11.134448138861973,63.25465828412805,44.838037129143,-10.334479287610248,63.559182071675274,-54.65913019113862,50.432367798450116,186.58108915503738,-51.24716211007197,51.39612496002744,187.4613484028555
3607,49.80100989511638,-11.560986536635133,63.286840070766054,44.61746866180476,-10.761629428824834,63.59781266606392,-55.046242329006176,50.284667546680964,186.6551977853963,-51.56610616324889,51.21966148541744,187.51767999622277
3608,49.57813173651142,-11.98487075857944,63.324963979525656,44.3966941645105,-11.186942864164903,63.641468970776565,-55.45639962587662,50.360225872448,186.719422417689,-51.80998098734587,51.230337869186634,187.58096622843004
3609,49.35665389916042,-12.407372627582367,63.36984300553821,44.176677273234674,-11.610782100622592,63.69076049677135,-55.82641677706131,50.37111883870825,186.7837379789681,-52.01458744264172,51.37453523394989,187.63681482925168
3610,49.13562826761451,-12.829151692639803,63.42041681044627,43.95510476983003,-12.036378049284403,63.74456960369743,-56.330178875669795,50.73235393146498,186.84818721244912,-52.5675478593184,51.80337591544868,187.68444705813246
3611,48.91471440838313,-13.256280956073134,63.47651124303043,43.731840450065306,-12.465293644096699,63.80091355210951,-56.66098589558913,51.18356407940332,186.8688356974551,-52.71789447800387,52.127495506866985,187.673722131664
3612,48.69547277053502,-13.68309643764141,63.53908023827964,43.51072839577494,-12.893174491264222,63.86023119113556,-56.84287146951363,51.60413795467386,186.8574304641979,-52.82371328254546,52.12643366166052,187.64853511950244
3613,48.47682148109186,-14.109948877650586,63.60671542617435,43.29125756084036,-13.320741074892725,63.92141821128275,-56.539844724671816,51.55664273994619,186.84955552748175,-52.428566602685606,51.83642446931932,187.65026247405453
3614,48.2591532441248,-14.540730330172263,63.675855889796615,43.07412308919549,-13.751605256645655,63.98435614525948,-56.290287947916276,51.609362611628235,186.8417049012911,-52.15945411861861,51.64475758360223,187.65740347782636
3615,48.04425420832121,-14.971643623789442,63.746145399063266,42.85947534181307,-14.181913508662918,64.04922144326612,-56.10594222748639,51.596568041638236,186.85361487284027,-52.02460602404016,51.55157287796679,187.7093642142196
3616,47.82825619088531,-15.403069555978284,63.81667792809631,42.6440379970144,-14.611637030744651,64.11513396935958,-55.928468655333596,51.58237326079002,186.90174984129882,-51.937729618754936,51.610723036979856,187.80661088556548
3617,47.61265287252325,-15.830768870257732,63.885394009515764,42.42937208288423,-15.03801844227175,64.18008484999284,-55.39283045516007,51.31913881349952,186.9403392998401,-51.758142329337666,51.61987727757199,187.87543503179697
3618,47.39472714838289,-16.25590102807696,63.94920186298344,42.21052367881322,-15.464198027029427,64.23953852599807,-55.18829600546751,51.175128192146914,187.0693698975436,-51.78391421390616,51.779936182211316,188.00894515340124
3619,47.17228505351426,-16.684072379856214,64.00939541020334,41.98698501288047,-15.893259106389673,64.29577345924551,-55.00142618264519,51.73051634405929,187.25785625747667,-51.81515222905591,52.62897167567095,188.18143570178827
3620,46.94954402799268,-17.1114145819718,64.06712313388807,41.76335187939693,-16.321581331778727,64.35057444510264,-55.13541676846303,52.73506765358697,187.44656074777052,-51.81172573534205,53.64328579851748,188.34113061735715
3621,46.72622890317394,-17.53660590191952,64.12212825342658,41.54076847387143,-16.74671383690203,64.40436917518501,-55.529206927277016,52.924344029591076,187.60513826480658,-52.22318041730709,53.35382915085278,188.4341772252742
3622,46.50026305324198,-17.96593735433775,64.17290555494249,41.313899885421165,-17.177598826638423,64.45601526873111,-56.09511219135225,52.54174624514193,187.71402171903856,-52.87252743155153,52.38122596161534,188.48528957735127
3623,46.27404002512234,-18.398187447930834,64.21731498800635,41.08669089340019,-17.611501659676847,64.50330029960942,-56.61270103284883,52.014228482775565,187.79107556949725,-53.34186292925277,51.534316460343625,188.53732543043475
3624,46.04499166620011,-18.834069363276917,64.25770032361588,40.85872820159036,-18.047331334478827,64.54846935443486,-57.544667641364434,51.48938585830604,187.87609637723222,-54.18934007180096,50.81991233127386,188.58104509732993
3625,45.816186917367176,-19.2728207963933,64.29952607211015,40.63050079199108,-18.484653035336848,64.59424222235815,-58.30702625974647,50.930911416544646,187.93722454806638,-54.79612940859382,50.35857589585016,188.65835787461285
3626,45.58899390875983,-19.709790206149258,64.34101312002032,40.403034032420656,-18.918900092576976,64.6385231934799,-59.07618587202204,49.83434694042262,187.93986767416635,-55.295134773210215,49.95367076773853,188.69852403092185
3627,45.35977789015271,-20.148488196644546,64.3747983881278,40.17316816591073,-19.354229826614908,64.67276434529316,-59.8724634721283,48.37765932455991,187.9556261417567,-55.707777993675805,49.46932590195864,188.78145027453778
3628,45.12906399477119,-20.592603168715748,64.40187363878748,39.943186326871086,-19.79375814316858,64.69931169623648,-60.356073036348114,47.69129432783123,187.94141551958012,-56.02105375735817,49.05659886384918,188.76757084455815
3629,44.89972433845608,-21.031605591041867,64.42652979618921,39.7125871692229,-20.229616427202238,64.72406905748582,-60.71071316469716,47.42437646654404,187.94525596961068,-56.408124207336904,48.572572182913184,188.7528080946414
3630,44.6685764159007,-21.473505562937518,64.446502130335,39.48167090926552,-20.669721976801807,64.74571452457678,-61.17292971519151,47.13620071647156,187.92815225612878,-56.81333611850996,48.086845201678095,188.728228773317
3631,44.43979806767709,-21.911656752315817,64.4615712462028,39.25441870618781,-21.108199818268975,64.76465519968882,-61.33844483812371,46.96653862543894,187.90246301343376,-57.19562802191358,47.81797497897271,188.70108765516161
3632,44.20985399620855,-22.347202622152547,64.47124906808855,39.02707157430167,-21.544380722054715,64.78056501973417,-61.631602630433434,46.67195204239343,187.87385949016667,-57.6097054047428,47.540487413048616,188.71352837723038
3633,43.975384067858776,-22.78530479307399,64.48046446750057,38.79550772746118,-21.982679034992533,64.79956198847808,-61.9347575544289,46.47679666045299,187.8862878189144,-57.96791097151295,47.42114583052264,188.75849322151666
3634,43.7405880260169,-23.22306232385731,64.49438689660128,38.562962656026194,-22.419294220062085,64.82212116949499,-62.218825359602626,46.46309041605515,187.88622831766943,-58.239807918999446,47.42167443536945,188.83101020208278
3635,43.506596677919944,-23.660516617662566,64.51172930750755,38.33074938970656,-22.86024559690603,64.84531988653822,-62.58964402452976,46.49200835187199,187.97109746711445,-58.56443237915817,47.455432856185574,188.92842412415567
3636,43.27361088941684,-24.101312451490433,64.5326101731235,38.09768242341761,-23.302678632503852,64.8700774773167,-62.836247422809826,46.64758140575995,188.08987545478638,-58.7904898925448,47.505540690374474,189.04693358914926
3637,43.03934010349395,-24.543270487608925,64.55800501147925,37.862178120744005,-23.745002795663805,64.89706190313456,-62.977848492151765,46.96616451190916,188.24471760226973,-58.921757168735475,47.682299751351685,189.17961448752604
3638,42.80388677983597,-24.984216233768745,64.5877104488837,37.62668460475409,-24.184473969328806,64.92590123199291,-63.140702622319246,47.187448269875084,188.42943585639676,-59.11513371110004,47.80706822810636,189.31996079441447
3639,42.568831134936865,-25.424148203639223,64.6199831564298,37.39223427365003,-24.619347843842576,64.95462586867801,-63.27082422283095,47.520799228325714,188.61082426052675,-59.333363679156406,48.00348613510925,189.46246103791415
3640,42.336883991436295,-25.86500786548309,64.64796377908773,37.1587046199052,-25.057675184967792,64.97863021847884,-63.30373057386034,47.61677480274418,188.78635409198856,-59.39469689652328,47.93022953301583,189.60343714341806
3641,42.10392797838264,-26.309156755326452,64.67356114863328,36.9239303605279,-25.498312542697494,65.00102708698005,-63.357193785374605,47.634401022663,188.94633892488415,-59.45580156523325,47.85553024648189,189.73053707737625
3642,41.87698884077903,-26.750582272122223,64.69224053955274,36.69699734889037,-25.93955266162148,65.01711066135883,-63.10623701761679,47.31928876252478,189.08461307622065,-59.18505935607491,47.363534253369856,189.84142019198111
3643,41.653735660258945,-27.193785975302752,64.70710345807197,36.47283310849487,-26.384681738809835,65.02986754717035,-62.83196582980329,47.15128726907249,189.2098673274707,-58.90204595789863,47.19669907695768,189.95284657004652
3644,41.43070908636109,-27.639976819090272,64.72488934000837,36.24708363535734,-26.833677826866147,65.04749705283038,-62.91188615163687,46.906221441701966,189.31916130330288,-59.127444998495776,47.09083447866253,190.0563899886269
3645,41.21018117457393,-28.091841135301248,64.7395596348252,36.02647344158721,-27.287299590607628,65.06415613193657,-62.90144645059439,46.61578510706275,189.40724039284856,-59.27167690788891,46.923260795482676,190.1437305019094
3646,40.98910162474952,-28.54520874892871,64.74989286236782,35.80580734261723,-27.73834070597376,65.07778137117266,-62.857840415112314,46.3589572654589,189.48532683564645,-59.40656544817825,46.929622852351045,190.23012099598608
3647,40.76688849895407,-28.995046446367173,64.76224906770197,35.584180752615914,-28.186481651758026,65.09350909271025,-62.83809823164946,46.44211639783527,189.56157189470437,-59.42655569830258,47.18457079111276,190.32380278428622
3648,40.54388820234747,-29.443529225029586,64.77610947776301,35.361561005775975,-28.632291118012166,65.11081345051538,-62.684710445612595,46.463682645461624,189.6420209629782,-59.26679563490455,47.28678632058781,190.41831309285377
3649,40.319111874233805,-29.888224060203832,64.79146542988993,35.13997975819449,-29.073834531275487,65.12932560375586,-62.5589894869192,46.73874439128766,189.69926862763157,-58.85732133620253,47.294957539232456,190.47489300268978
3650,40.09220165641061,-30.33191943015801,64.80983579534859,34.91388403920495,-29.517021047180684,65.14877555668758,-62.40788138974843,46.83767888855768,189.74294691021979,-58.428579210113256,47.27566736307216,190.52119235119696
3651,39.8688409055715,-30.771279798215556,64.82879958825869,34.688230573511035,-29.956149006779487,65.16852663895284,-62.07067796833912,47.049014681124085,189.7889704004007,-58.27847814589922,47.45433985850132,190.57569553482543
3652,39.63960289291959,-31.210423812788363,64.84874896510973,34.45763240515832,-30.39689350735878,65.18903173538358,-61.572505411435614,47.5788902527809,189.85566540170913,-57.90191022634216,47.96130356386925,190.65166139648375
3653,39.40742006348897,-31.648266890244706,64.87190950216994,34.221913660570145,-30.837432449474093,65.21029856481745,-61.21264763284435,47.880928295649596,189.94098448423784,-57.80940256972109,48.19134133967494,190.75498155273195
3654,39.17976780648788,-32.08494550942488,64.8960748500927,33.99198460486913,-31.275503223489515,65.2330900464824,-61.02638229593333,48.0978901517124,190.00640445995893,-57.88088033230722,48.50212691488865,190.83501254676602
3655,38.94829471316155,-32.524458670928404,64.92114507588899,33.758719334900334,-31.713684232958563,65.25710834168507,-60.8972826656082,48.37335589216794,190.05727463455182,-57.848189488804444,48.72457778541143,190.89847826871096
3656,38.7131036534168,-32.963383804012246,64.9464499312296,33.522981804834195,-32.152332280430755,65.28136048987174,-61.00205425927481,48.72887045395081,190.14656632084638,-57.86730707987536,48.93901215026378,190.9842010173236
3657,38.47741116212399,-33.40105102066316,64.96891938165359,33.28693806955599,-32.58968386665935,65.30132481257272,-61.189381010575026,49.17786948506665,190.24074891915825,-57.89866832207158,49.21739138429369,191.0608889400913
3658,38.242271977062025,-33.842264283164866,64.99091318303549,33.052686201757865,-33.030928981788,65.32125620240764,-61.28091891306923,49.63483918056173,190.2963575940855,-57.97882268742383,49.64803516894077,191.08579874562946
3659,38.01428356257734,-34.28335984610778,65.01132351308188,32.82571003975837,-33.47119215793855,65.3402992205653,-61.632458437496574,49.877038388027486,190.37358994308138,-58.15905000448759,50.06313422491655,191.16510276322464
3660,37.78953811338227,-34.72459314569758,65.02688924563759,32.59974563544116,-33.91360940021104,65.35398654865415,-61.88744568780631,50.4145174730293,190.3920310596093,-58.36800649629573,50.63080352125567,191.1910551497565
3661,37.560364272640854,-35.16582841995044,65.03725373952368,32.37410190456888,-34.35556407549197,65.363408633524,-61.928884409987816,51.05361653681742,190.41134918996215,-58.386993253649024,51.34725944171822,191.21129860194677
3662,37.33031670473516,-35.606374851605274,65.042128080288,32.14847763355322,-34.79544105337848,65.36903395674432,-62.19867902127125,51.53120133620897,190.42816974213744,-58.633207278766754,51.67020225125374,191.22229314750513
3663,37.10151743529642,-36.036595364238465,65.04239325109619,31.924351150879048,-35.22611088984019,65.37231433711577,-62.331136356642205,52.12802485094031,190.47841712196472,-58.68886605724741,52.131606033210446,191.31322491291536
3664,36.87077712101449,-36.46644791236659,65.04560677159137,31.698732971547436,-35.656278125809415,65.38008826351812,-62.32300427831036,52.75878681890524,190.5240571745339,-58.5570589916689,52.649877063625254,191.38698038013004
3665,36.639712130816044,-36.88939207955155,65.04803188476964,31.47016476474117,-36.08247198935726,65.38936182981705,-62.30315370004137,53.23010779237011,190.591384925787,-58.491523730461466,53.051025832900415,191.43933594287566
3666,36.410109302154716,-37.31499703202937,65.05140721856199,31.24139028340377,-36.51134542049123,65.40008335810226,-62.239671337495345,53.61471191996336,190.63778031184592,-58.48781369623159,53.325491037022616,191.51148287144497
3667,36.18746823764174,-37.739902747501645,65.06015489361045,31.01551655204643,-36.93916212105101,65.41300641260992,-62.03091318154313,53.78510414219104,190.75294401675507,-58.331863041296124,53.48494224135056,191.6300201907703
3668,35.96674031197062,-38.16602597656248,65.07317987351412,30.78974777523633,-37.366877120053026,65.42732103071947,-62.01842200834819,53.75007323247885,190.84704014335492,-58.32326347197411,53.5782228171107,191.69663007797277
3669,35.74690777681473,-38.592119990966,65.08917646044398,30.565115024172556,-37.7959418588558,65.44073677776521,-61.98566824664865,53.94371824199048,190.97317856502917,-58.53166288267885,53.73096394269671,191.78707428068836
3670,35.526761101050475,-39.01985032041249,65.10810997366386,30.341255456508968,-38.22376622203905,65.45373549444497,-62.09199642051422,53.980411556143,191.05262007547466,-58.75108881174092,53.83369686310086,191.87831596829713
3671,35.305742897616256,-39.45234440858471,65.12455836859917,30.11829558416208,-38.655444286842354,65.46593096174156,-62.43338306960045,54.13217670605216,191.1454891424891,-59.084346967716684,54.222936123188205,191.97007741248385
3672,35.089776864022596,-39.88646849771128,65.13894415161398,29.900782875639447,-39.08857545939847,65.47806886249904,-62.729206438629774,54.467769841373894,191.26356616512956,-59.33150447386782,54.78207257480802,192.07027981060588
3673,34.87591084794594,-40.320420396278756,65.15146642458129,29.685465613826885,-39.52242041138918,65.48951426502494,-62.89303351085504,54.39501215628926,191.36427171772073,-59.39091653441719,54.61164057281682,192.15648704097597
3674,34.660055865779746,-40.75390808105188,65.16175456695996,29.469463311949745,-39.95632456434618,65.4998130496464,-63.083149362556,54.37493894339284,191.4332317667779,-59.31979334874913,54.49598184784828,192.24304815262306
3675,34.442462272514824,-41.19146425268852,65.17077213369468,29.252631535495645,-40.39675309569251,65.5103129038787,-63.37584933173828,54.411956289126934,191.51525025488303,-59.52228147964739,54.44385565512673,192.30263321997552
3676,34.22029889602858,-41.63154390266249,65.18447674599574,29.032817630410086,-40.8383476242707,65.52695344820147,-63.612452092889285,54.444241058795946,191.6082974570562,-59.82225691422927,54.46569751228847,192.40179257296455
3677,33.99719395262925,-42.075019396486496,65.2000288739006,28.81220984097513,-41.28371051155091,65.54564413616731,-63.65602289728975,54.65948655376836,191.7122731327009,-59.84475061317909,54.71965400254876,192.51592063832027
3678,33.773128312975096,-42.52056512903038,65.218756056285,28.589779205007442,-41.731106646701605,65.56649528576408,-63.575862958392065,54.58972136926958,191.82162744227395,-59.84702795160263,54.831559802448645,192.63282711723286
3679,33.546454696218426,-42.96792065881638,65.24136480083257,28.365455590310734,-42.17925136315337,65.58988701452817,-63.47689641497835,54.50676207668813,191.93325315445114,-59.79453495322131,55.15277491713191,192.7571668176349
3680,33.316633545818554,-43.42119795551167,65.26809943682505,28.135817547511543,-42.628561579126455,65.61563241393897,-63.67254878825045,54.709519714466566,192.01496325025207,-60.04070457801322,55.19131066687199,192.8199388105021
3681,33.089761564545285,-43.87780686860053,65.29890371226121,27.9078065104236,-43.07821901933136,65.64330218888823,-63.84131800299772,54.864524536928045,192.09128195997178,-60.080217000413526,55.172589442010825,192.88066842248733
3682,32.8637668056249,-44.330976719547465,65.33047319646658,27.681018954608263,-43.525747920188905,65.66874234185015,-63.957698329061714,54.89810158772755,192.18170566352205,-60.29669138090423,55.03435792564194,192.9390427094049
3683,32.6378672231978,-44.77949779500828,65.359555653145,27.453749368597475,-43.96572724807229,65.69348243971127,-63.94158029958411,54.871074306764974,192.2405811021227,-60.41963228233511,54.906052015242466,192.99307171344782
3684,32.41107411381573,-45.22289301332173,65.387399662339,27.226541013618142,-44.403696895679396,65.71793419258516,-64.23982367400176,54.652473508515655,192.27392235274914,-60.73719557811793,54.765725879790146,193.03609403598622
3685,32.1822484263895,-45.667304609122056,65.41458205149235,26.997865884322604,-44.84687739928333,65.74284494737924,-64.7185557812921,54.39065846470288,192.2872293106899,-61.22977839993031,54.501884053425535,193.06778796330147
3686,31.949518846390692,-46.10710943229389,65.44106086709024,26.765236165381097,-45.28901323167582,65.76808518766269,-65.20537523173789,53.99378480096735,192.28597466518426,-61.58002244710112,54.332963527245546,193.10279778566442
3687,31.721055400589275,-46.54228947797061,65.47098265793575,26.53637150529515,-45.72722960952795,65.80021132982063,-65.69930128505574,53.72379205339631,192.33038471663573,-62.16102054321917,54.155924335310836,193.1584399758457
3688,31.49554129513377,-46.979067651838356,65.50467915708158,26.310405952225278,-46.16847500582128,65.83800807541866,-66.44391749764262,53.46553784060862,192.33266658367563,-62.82029203254744,53.98457054954674,193.15647762985913
3689,31.269224650009228,-47.425353613539336,65.54316408027077,26.08450560038261,-46.61854835208111,65.87912642069846,-66.98322092996249,53.273925404042544,192.30359507145786,-63.24280436976741,53.820968777390924,193.12010317597483
3690,31.043980819663823,-47.8715305058181,65.58679500574755,25.86041707672088,-47.064941857262575,65.92368893868498,-67.58126545450897,52.92969093953413,192.2147174155601,-63.61490380585622,53.456301268312004,193.0145473107113
3691,30.816176012659483,-48.315428545556024,65.63700716399454,25.634768998988537,-47.50607155872916,65.97223411006095,-68.08036067145278,52.5626893729463,192.13974731018843,-63.990951303988346,53.08920664929484,192.94788428990645
3692,30.581633670569914,-48.75335400471261,65.69434141307708,25.401640747247328,-47.943800377795604,66.02472932222548,-68.45410801923067,52.3272496050412,192.08885851208257,-64.3525812548617,52.8268814878374,192.92402069995052
3693,30.345247899211298,-49.187433733149675,65.7579263135926,25.164203739580202,-48.37781436005077,66.07979846035518,-68.79645172043688,52.34829315938775,192.06151934665493,-64.55154181406692,53.0121326725515,192.94633286293256
3694,30.10675654120457,-49.62020911549606,65.82038092440943,24.924650797330738,-48.80809707337147,66.13553593724095,-69.00595477350979,52.34396971331304,192.02548457622163,-64.82892641257457,53.091706955730494,192.9811019093728
3695,29.871537376743134,-50.05584039661644,65.87543974709075,24.68741014856979,-49.241760376009516,66.18284598333872,-69.15163441415083,52.39843343769587,192.03590809147283,-65.15702748859435,53.21786726059333,193.03036942855275
3696,29.648858410278958,-50.49222698658494,65.92485933930094,24.462231663214332,-49.679405851021876,66.22467701951126,-69.46965174271776,52.54079488943685,192.09109074927915,-65.55566895282458,53.41736628012746,193.098084240596
3697,29.431030237913507,-50.932363713559354,65.96889794284333,24.241666999042568,-50.12130944083194,66.26310155430662,-69.74084471365006,52.721571801813326,192.21345419767889,-65.84333419211116,53.39671909543049,193.17113648769578
3698,29.21437475575618,-51.37471905097111,66.00780835580439,24.025161475381662,-50.5643578132267,66.2994767576889,-69.89538909053039,52.9154823750502,192.33996079938655,-65.98013513227865,53.319266491670895,193.25275056707005
3699,28.99469631706469,-51.81865448497607,66.04036243619214,23.80613429405041,-51.01024011283035,66.33263851342038,-70.08825078808249,53.04917082323923,192.5170791274063,-66.19972520074504,53.19493960505792,193.41713629856187
3700,28.773210111449252,-52.25704603802129,66.06844057229871,23.58612582076025,-51.44990262080416,66.365979375919,-70.35506307338767,52.85558996989206,192.6393032194105,-66.40777310145883,53.03367272257881,193.51312489657334
3701,28.552793942761433,-52.69830142660548,66.09243493278291,23.367453065274734,-51.889960002745106,66.39944093129245,-70.42300531004982,52.607659664543704,192.7337289215841,-66.40958693369389,52.75463709206885,193.56693140382578
3702,28.33553508843832,-53.138563082022806,66.11889437011452,23.149948532738822,-52.33088596041397,66.43244924570153,-70.43280343579167,52.61712437055835,192.860968871786,-66.43816910300067,52.95249957241466,193.67720509411043
3703,28.1161844570844,-53.5819938043884,66.14986016787003,22.931994885865752,-52.77539405778108,66.46725276063296,-70.36087603764146,52.479873037177875,192.92868506996473,-66.48344740471241,53.00643065082754,193.70992706804824
3704,27.901482146207332,-54.014403416863686,66.18591001177407,22.718662266004998,-53.20501678770373,66.50529016214729,-70.38639989693847,52.380172127927466,192.9684467484741,-66.62146340528885,52.926951523815845,193.7160787622753
3705,27.67237990026491,-54.40679972982814,66.22294205489372,22.49455170179754,-53.586770818808745,66.54391170041407,-70.67649705281589,52.22731468653498,192.96938815674457,-67.00859256500124,52.7282885112896,193.69002917884004
3706,27.40817602338297,-54.732739178162966,66.26444957047714,22.23875903398738,-53.90056048943289,66.58519838478077,-70.9230372013066,52.120052074553,192.9070804210415,-67.36849406325061,52.58194554806476,193.6801838023031
3707,27.11423173924101,-54.97079435169893,66.31302563227447,21.9546315247815,-54.12777320820847,66.63369638732138,-71.1697193472882,52.079878011646855,192.87822616420408,-67.70724240256615,52.502475074531546,193.6860138251427
3708,26.811051783624254,-55.10629081459468,66.3644679327106,21.660465045624605,-54.256467772528936,66.68519158165682,-71.46905541497675,52.249853175239,192.8728903126413,-68.01716214415562,52.496614963252874,193.6999297677422
3709,26.535826836660046,-55.14286730676779,66.41339007409857,21.38242725954027,-54.29177766753285,66.73411163284344,-71.96154677947425,52.29362913551419,192.8275013052059,-68.28359115746969,52.55806086455057,193.71204230560775
3710,26.31791992566244,-55.10698803167992,66.45933346163574,21.140730819506008,-54.254006296246615,66.77980170505946,-72.36818313684479,52.476109437698426,192.82082938538775,-68.49727992536118,52.66761201319451,193.72816263098466
3711,26.163743785744305,-55.03152197766713,66.49481319307856,20.948610156765206,-54.16931573889942,66.81073834953604,-72.63276490585214,52.69515379135768,192.82206812747893,-68.6559854771925,52.80330590599771,193.73557976427023
3712,26.06039067462746,-54.93657204565113,66.52057390436379,20.80498687379262,-54.05730226296469,66.83059469455631,-72.73712536148412,52.78514315960396,192.83986416522532,-68.76609623944762,52.949339148430546,193.73683638746027
3713,26.00344318553365,-54.83447355928714,66.53599099689268,20.706029802933912,-53.93175051649751,66.84138525879469,-72.79829074503787,52.88360733782907,192.8472332231209,-68.83372560727996,53.094950538639075,193.73285528040952
3714,25.987512788379615,-54.73414335086546,66.54096396090861,20.650228648036606,-53.801328519461556,66.8453266501982,-72.81938698193225,52.97971043950711,192.84483822947817,-68.8622047597006,53.233687383671125,193.7249038370207
3715,26.00597211048255,-54.64218564911176,66.53670266710994,20.637962325419526,-53.67276702047464,66.8452561858964,-72.80533964276952,53.06548118392379,192.83564402272233,-68.85184214085439,53.36009119437173,193.71533275613842
3716,26.050658181464208,-54.56599225386738,66.52432593102294,20.663537388569015,-53.55774724044514,66.84298986224776,-72.7648938107352,53.134296734930366,192.82356497552158,-68.80845467844469,53.46643998569385,193.7056418551252
3717,25.991173323175104,-54.62285646619076,66.50477319835211,20.613218360913084,-53.650683795833224,66.8398066625109,-72.81937409123516,53.08497998866818,192.8042885361125,-68.87055588724633,53.38576086332408,193.69647887595397
3718,26.0546325860572,-54.581744353581264,66.48832141714072,20.673642195029277,-53.57850232827104,66.83716255370037,-72.76185955778331,53.118495283389656,192.7880100541808,-68.80246781534659,53.445018160307896,193.6888791083175
3719,26.113700454722732,-54.54039966211456,66.47426175047778,20.73155269579573,-53.508779774492595,66.83257920443774,-72.70867171447287,53.15269375584111,192.77402598410373,-68.73972121077387,53.50381759166419,193.6804006012955
3720,26.160491519808893,-54.47666962382979,66.46298113241684,20.77429239620729,-53.41418630921272,66.82681465964859,-72.6226452268492,53.15879152086079,192.76306907935955,-68.63151540872657,53.51904156431668,193.6720162480478
3721,26.184602263127637,-54.38084910416316,66.4573227848403,20.791328254457323,-53.28735844055943,66.82546630181223,-72.47484808584161,52.95317478139067,192.75449320366542,-68.44829202621013,53.239152917827425,193.66427833905274
3722,26.185769114251507,-54.50801747129344,66.45675683694017,20.795715491285563,-53.44251470962972,66.82870156700574,-72.79921283742249,53.26601020295051,192.7453762008775,-68.84701704760245,53.61170247704862,193.6551293852489
3723,26.190503057930954,-54.671571357730556,66.4611192121841,20.793454911523234,-53.627196526143734,66.8358862301394,-72.99850048835422,53.5354550235092,192.74017625581436,-69.00890047869723,53.837106654477324,193.65102750291385
3724,26.21871494220599,-54.46765911245371,66.46959251921065,20.837150610640638,-53.41687669879148,66.84576478511367,-72.65039741279249,53.53807129105643,192.72856981095202,-68.62189802054723,54.066939129299726,193.63582130344267
3725,26.31025096804136,-54.23345084383818,66.48007401721094,20.9402723791789,-53.19572046750858,66.8564751358966,-72.31987272208903,53.36194277813278,192.75701973276554,-68.27963840545695,54.04182057717864,193.67840806767853
3726,26.47132631701076,-53.987749980209266,66.49364564670479,21.099342934071302,-52.97542043368458,66.86779598986506,-72.02081364718379,53.06953576543618,192.80621841337717,-67.98858764018756,53.90804963373123,193.73799390122497
3727,26.68379674025776,-53.739269479897146,66.50913191529264,21.297557632979125,-52.751329813213765,66.87856713557039,-71.78382941225263,52.763459557728574,192.84991079120587,-67.77034238875541,53.74056545610196,193.77402708524087
3728,26.919086928979564,-53.46918335611047,66.5233380670116,21.512620870377688,-52.50138721522852,66.88837208877493,-71.33195599491566,52.68767661807256,192.90526041153487,-67.41179156798195,53.63244820439937,193.82350159352572
3729,27.151096979173474,-53.1640981310212,66.53606901692977,21.723758857767976,-52.21963397463744,66.89737048930076,-70.89812370405214,52.81104743323881,192.98185825115795,-67.0955611587106,53.52400225871009,193.8985838783482
3730,27.35886671448321,-52.81938661171526,66.54159929909595,21.91425432253249,-51.90377213794654,66.89815092104696,-70.48920605429932,52.84164734816201,193.05790852624816,-66.92268324299624,53.42692041297502,193.96022306423814
3731,27.54249549661278,-52.445145845212956,66.54040872920955,22.087459444073005,-51.56388720213177,66.89284054609125,-70.41696299774985,52.63705809042881,193.14802695747105,-66.82646860175466,53.294113776006384,194.00816753734384
3732,27.716941182660413,-52.05454780348002,66.53361653303575,22.25483586380205,-51.20803853912147,66.88293261367366,-70.4424883949838,52.600955641731744,193.21870970515647,-66.90095640497012,53.29563217229074,194.07530227124192
3733,27.901630271019148,-51.658209792194384,66.5213767136225,22.431115609947934,-50.84392725135595,66.86983612513494,-70.39781927934222,52.55536446148147,193.27935822424905,-66.82597672458047,53.23189107915983,194.14027926062118
3734,28.10520420244377,-51.26381780058059,66.50398248265093,22.624010834493564,-50.47675616318231,66.85449944662714,-70.25184775430262,52.35275920921459,193.37919697164887,-66.61638962497553,52.92833457122723,194.23425546814556
3735,28.32980850634931,-50.87830121293241,66.4901754512559,22.83716612998473,-50.1078500993922,66.84967782108605,-70.1862014012677,52.12714638696003,193.4958132691166,-66.38330219445719,52.71752351923277,194.35141941634458
3736,28.564300361679745,-50.49384132532059,66.47933135640282,23.061525388848636,-49.73600410577418,66.85201473423771,-70.08577812841358,51.930530175884726,193.62426014552307,-66.11625909716197,52.54808229390865,194.49773144729863
3737,28.795424240734928,-50.10300484682485,66.47631201218016,23.28196077463592,-49.35516050691727,66.85876856421088,-69.90708691730912,51.78705052423731,193.77702846625374,-65.88182324593265,52.45062846360363,194.6523592207529
3738,29.01547868543007,-49.69969992637207,66.48144850721576,23.49447901474983,-48.96345223310125,66.8693559199691,-69.85171304031054,51.55061882545912,193.96712796009678,-65.92059228364805,52.17549659254171,194.82730539395462
3739,29.22393052470872,-49.29049285311465,66.49651651726155,23.696395823484703,-48.56896436750193,66.88506680923082,-69.45260082710182,51.25292984666229,194.16380187396595,-65.62342869416963,51.980959607413205,195.00443219620945
3740,29.426253320424138,-48.88130657624332,66.52153783040781,23.89287532623583,-48.173399254155015,66.90501913451104,-68.79603399894201,50.88818317318471,194.37735554545864,-64.8935041088422,51.65878859097355,195.18172130385267
3741,29.63191986181395,-48.476367834433134,66.55578586474913,24.09395787692703,-47.78023126125698,66.92757527820046,-68.24754548651414,50.770726919519525,194.56681470946208,-64.30744757611357,51.500178282806026,195.33421309351087
3742,29.8419501564456,-48.08250638533701,66.58096699427063,24.301910344295333,-47.394961981174134,66.9405719754382,-67.48542962191324,50.338787942259835,194.73427640932823,-63.46334881387398,50.978648329151774,195.46781051159672
3743,30.05926388748267,-47.69507070897512,66.59696511737525,24.518685711161098,-47.012715888183,66.9462231156269,-66.79788877907686,49.95859165819347,194.87478592659036,-62.80543756697152,50.6467872869167,195.58809091154018
3744,30.282007072914414,-47.31596866039964,66.60287212599951,24.74152258776791,-46.635142564342736,66.94423214252843,-66.09690818361908,49.96064242830498,194.9897159514873,-62.236098730087505,50.95802139280202,195.68679085150015
3745,30.500550926291087,-46.94293766615856,66.60144939194923,24.961720087376943,-46.26098988517818,66.93800087757006,-65.0088047420756,50.32924350251866,195.02464259480053,-61.47400709163136,51.52637278331271,195.70423860877835
3746,30.71654195096414,-46.56086718912915,66.59348838566349,25.178906200530577,-45.8773793394204,66.92970950646148,-64.10135132804778,50.78914300022578,195.06638559534463,-60.79350309788899,52.10722089431267,195.76166430244461
3747,30.929415009652438,-46.17182178807089,66.5772095031537,25.39247611088856,-45.485274850687276,66.91833917899909,-63.556497075259806,51.383521409897185,195.06057547546635,-60.26946665375616,52.56088450462163,195.77780555654667
3748,31.134021976561073,-45.77841960797452,66.55340727101174,25.597914514175514,-45.088547193088054,66.90476399960265,-63.00681754824385,51.885946551979835,195.00959745973867,-59.827615986611406,52.895295031410015,195.7394236054536
3749,31.33808637221024,-45.372585523863535,66.53321685519627,25.803618385675357,-44.67987890841685,66.89367684669766,-62.87175110023743,52.53612244955225,194.94523428950862,-59.65943283894918,52.98903520779742,195.70141783667034
3750,31.544706902579417,-44.959846453069424,66.51603867092071,26.012260746079626,-44.26444038799409,66.8837478717404,-62.73129717737354,53.12061848022388,194.8853436637809,-59.530008249933026,53.070511238065734,195.68925057550427
3751,31.75572495594326,-44.545185412867916,66.50215963967226,26.222733696491787,-43.85071960150327,66.87551135611245,-62.61252060691909,53.337404010086495,194.8006313075823,-59.45053315946328,53.20950535049847,195.64992885517694
3752,31.975398217042887,-44.130978235350064,66.49207119462699,26.43750952925899,-43.44365736701862,66.87032985990695,-62.59100280809125,53.393298861605444,194.78071914794177,-59.23155550071383,53.42918088285379,195.6496249596889
3753,32.20298226944173,-43.72100453920643,66.4819719915727,26.660713623761065,-43.039344241199856,66.86323165612565,-62.5932683041944,53.372322830037085,194.72007580046582,-59.00880619731887,53.61074158929356,195.62913813622612
3754,32.43256008323701,-43.312965728490035,66.475457224051,26.886369566798177,-42.637645087332835,66.85697751971723,-62.542796643373855,53.41682765413224,194.6972722574559,-58.77047234350915,53.82342497817984,195.63626759609934
3755,32.66032063115429,-42.8993343472274,66.47631302639681,27.11044214112648,-42.23107411389402,66.85568217483474,-62.44833553689161,53.20834903110993,194.75167685800443,-58.489654533429686,53.604247545790656,195.70078082406405
3756,32.87835860864623,-42.48592020278689,66.47787342895839,27.329554276096143,-41.820281254053654,66.85549546440363,-62.226482015019094,53.14185306973006,194.7896906580091,-58.276252626898945,53.456990309286304,195.72333431758918
3757,33.089974239638124,-42.068230059752736,66.48089441495678,27.546512115290376,-41.40146976477475,66.85556869545688,-61.981028521794165,52.92538036118379,194.79270565866145,-58.07724775455967,53.13284036060875,195.71042213432867
3758,33.2958561541337,-41.64377589092552,66.4827809586843,27.755807228965704,-40.97600876238948,66.85271999241712,-61.601272678327184,52.696135238323926,194.79863280061144,-57.756982159595005,52.92709559892074,195.67450244401138
3759,33.50152711631047,-41.214828195036176,66.48312344966952,27.96121999293663,-40.54820950268689,66.84919794304061,-61.45830938934679,52.29395207082617,194.77066977138367,-57.6831765131675,52.63391143498029,195.6297719087515
3760,33.71282311064772,-40.78802081778066,66.4818594173521,28.17055471212003,-40.12237722718294,66.84523633081889,-61.45060423702348,51.77966158449391,194.76919676649652,-57.76589507869971,52.255632150920015,195.61385301691107
3761,33.940197925267135,-40.359580772395454,66.47829731609202,28.39540062791154,-39.694354966521765,66.83977311105093,-61.71122981066881,51.11254754576388,194.7580147864904,-58.14038637751144,51.81231961049042,195.61170337506815
3762,34.175224998295505,-39.9329633404636,66.47105824696717,28.62617976877723,-39.26998910243769,66.83238689592648,-62.04601488364643,50.82603297294627,194.68884559227962,-58.439681700363124,51.59910487179337,195.5834826170326
3763,34.40794021930285,-39.50850573152104,66.46341364388535,28.855317822371575,-38.84932132054982,66.82932058070925,-62.434642339975284,50.52992432595674,194.61173433056769,-58.767448830119676,51.43787079255021,195.51750205976302
3764,34.62607560995118,-39.08062899985931,66.45885229548463,29.071419990659262,-38.42508398778584,66.83180382308734,-62.77146088761207,50.35687414908934,194.55990345530884,-58.940514682633385,51.274968039988934,195.4683114623997
3765,34.841098572236454,-38.647552799649254,66.46553628303245,29.28757991145286,-37.99513418043346,66.8439530093865,-63.28416466240247,50.236539391475894,194.47134704171333,-59.17077677327415,51.269106560070526,195.352773048299
3766,35.0556075647507,-38.21361371015591,66.4813910538098,29.504093650989006,-37.56439048955209,66.86286012655412,-63.909923028454855,50.42549698246824,194.37486523809488,-59.70036286757118,51.575588594627646,195.236837986573
3767,35.27185320669061,-37.77837178311414,66.5059426601084,29.72249404034817,-37.13243379076525,66.88700189881172,-64.70285716163754,50.637668195790475,194.2931338553875,-60.49880622716472,51.712602797334306,195.18679675901794
3768,35.48651205105573,-37.346860470048796,66.53961230547822,29.942239388174663,-36.70011127985536,66.91568332285769,-65.30174130797012,51.0081866114384,194.230723977058,-61.165032206816846,51.89758339370144,195.18674177269241
3769,35.70721783832094,-36.914783130192475,66.58242343391363,30.164961333717716,-36.26805845419092,66.94839245895464,-65.80740813422503,51.30130608473289,194.18461441207842,-61.563781799415416,52.07025343028626,195.1824653178501
3770,35.93430503184674,-36.485527464490914,66.62679147470801,30.392121486900255,-35.840021784666476,66.98395767181778,-66.08246548769196,51.45535556981674,194.20063606028054,-61.65351569865517,52.01677256707345,195.21913302838854
3771,36.173683714849545,-36.05710729429332,66.6694642203946,30.626351479703427,-35.41283742604863,67.01874129988315,-66.38863427784645,51.678091514303915,194.24533896354808,-61.683870542686556,52.03616996499375,195.29076557358746
3772,36.41217146045238,-35.63007660151849,66.70523620212992,30.86254844031878,-34.985177695892524,67.04605399489908,-66.73854193536737,51.81842834652386,194.37531992443135,-61.860430344712675,52.06416075281368,195.3924036078589
3773,36.647744866259515,-35.200906003844715,66.73431060938542,31.09643784086784,-34.55633846149952,67.0673040140387,-66.94807528130401,51.72497299278312,194.55441690103962,-62.14121708823407,52.08250318020464,195.5183023011095
3774,36.88070170408774,-34.767566650764174,66.75715703060406,31.329353688474562,-34.12251558037835,67.08439572356492,-66.86483423338186,51.60279603334192,194.74207289750822,-62.334443253513726,51.959214075628616,195.67271747509065
3775,37.11173401611338,-34.32898455567026,66.77410665595656,31.560838890795946,-33.68303671166873,67.09823126999554,-66.84472032479839,51.4514632166512,194.9220389815048,-62.60350774786314,51.89330130227465,195.82683938390048
3776,37.34343893656943,-33.88961394457229,66.78424756410924,31.791676847020167,-33.24492051328659,67.10862460271186,-66.83139254407797,51.33730896838216,195.13336484909328,-62.694055692008114,51.91078340988112,195.9902410487629
3777,37.574322129295616,-33.453584095093994,66.78877492633255,32.020449083002,-32.811859906996766,67.11733168248846,-66.95994981213337,51.34680195651607,195.34344890024693,-62.738117850498135,51.90412555612669,196.16032041032045
3778,37.80472614548517,-33.01577767909251,66.79069109860104,32.24995405876176,-32.37674790217691,67.12645555205344,-66.82867150928976,51.33229812300802,195.53866753545395,-62.368075085363365,51.9278368057201,196.31679933516858
3779,38.034880804718654,-32.581211822545285,66.79740825240553,32.48017465964499,-31.94574005335581,67.14095838380541,-66.74069929622316,51.3694624205463,195.7218391842032,-62.28557696413469,52.02839204205591,196.4699900241412
3780,38.26466525944764,-32.14183179427935,66.81018243652457,32.7094401320795,-31.509544999195192,67.1608051072081,-66.63110553969487,51.42703100425522,195.90696225109306,-62.32954505692231,52.12961507921066,196.6399318223869
3781,38.48955262234451,-31.70292654816435,66.82879226769573,32.93395262688262,-31.070557663966735,67.18505484904345,-66.56709731932716,51.590952482036485,196.0748054330345,-62.391839107871675,52.22213137925539,196.8052355285139
3782,38.711229908057156,-31.264482306963757,66.85318513286532,33.15565250867139,-30.62826717715414,67.21266768849173,-66.49480849934537,51.66894434380008,196.24469819056807,-62.54506963774547,52.204779458653356,196.97101443513816
3783,38.93066453995881,-30.825965747374116,66.88412714009016,33.37364662190256,-30.187049200885777,67.24375007855924,-66.42249756836894,51.74646354538574,196.38081597715518,-62.54518189132528,52.26430262708028,197.09612111392974
3784,39.15523738181888,-30.38875745946367,66.92169206235566,33.59705342273771,-29.749436707984753,67.27798534271174,-66.42160402210958,51.85480841773372,196.53545687470643,-62.61705330756812,52.335884275034736,197.2621347276398
3785,39.38342540135308,-29.951297675990965,66.96463393473256,33.823631489769525,-29.310283368057398,67.31404304158977,-66.58989111845548,52.01391628129462,196.6365507874213,-62.50704983129168,52.49919904449901,197.3400518894824
3786,39.61232363171105,-29.513321798786755,67.00291884849788,34.051947712406225,-28.874309062924006,67.34463021750396,-66.57799352357614,52.20881291574541,196.71329216220164,-62.381378544898084,52.758224107026855,197.39694581321322
3787,39.839571400581484,-29.074508037729984,67.038785546895,34.27953222377032,-28.43734345704676,67.37427819957985,-66.4523078098016,52.51619804225257,196.74700821165135,-62.23080700326701,53.14263519001968,197.4281270736451
3788,40.06521590079904,-28.63578080884038,67.07165056500361,34.50604351852081,-27.99851865804849,67.40229202575088,-66.34761399716241,52.77878904202404,196.75820180489796,-62.16564216284874,53.39963679522815,197.45149638778932
3789,40.28798154105869,-28.19897458108073,67.0969212447077,34.72970913963716,-27.56118396552106,67.42268364325184,-66.21311183689207,53.04771228125052,196.79757555224404,-62.174920386622894,53.52409134052905,197.54253428405522
3790,40.51550987412245,-27.76204859041562,67.11744164324149,34.95550279933383,-27.124430252425956,67.44051101418245,-66.10436922065863,53.21181251461035,196.87280664304515,-62.09673393153503,53.54874348179113,197.65779617593822
3791,40.74585039232926,-27.326349909629926,67.13419268238894,35.18536184745317,-26.689458278432873,67.45828198762493,-65.84132522767943,53.365047231842624,196.92135279348432,-61.89216954711495,53.58023531235395,197.77789799487246
3792,40.979660580553634,-26.89352823442749,67.14741351644619,35.41913181879604,-26.2552732266092,67.47705999281325,-65.52804281835789,53.45761838602341,197.02669226587,-61.49026318954243,53.62411403954332,197.89996181417885
3793,41.21560351703404,-26.46075113039884,67.15786078898067,35.65615640971261,-25.822727139571196,67.49103369064647,-65.23666705862024,53.06024086060068,197.16152774974495,-61.15952325958096,53.101621894907446,198.03437120370384
3794,41.44578761383301,-26.028127670489468,67.17038787422327,35.88566614290096,-25.390957315730454,67.51101334594634,-64.97617202259866,52.646537145369265,197.2869946877899,-60.8857946796416,52.83588398053995,198.11451548654136
3795,41.67005596046159,-25.59324256849099,67.18684926884102,36.110880240451706,-24.954758126683227,67.53681389619604,-64.6496615930434,52.22526391446083,197.42272887962716,-60.6320573997325,52.55979232305215,198.19198309111823
3796,41.89182142860006,-25.15460744080248,67.21396190679224,36.33335248678221,-24.516713453823456,67.56948248954112,-64.33496184322725,51.8743430988237,197.50310753777185,-60.51102381419782,52.35627940358015,198.24838518080898
3797,42.113140330697924,-24.716025151855156,67.24953740692989,36.55647758938642,-24.080032625417687,67.6068609360728,-64.11699147368786,51.68106014472672,197.51251625757416,-60.465799365750506,52.33691201850284,198.23564125992036
3798,42.33402102796747,-24.276905805357416,67.29022728535298,36.77854820830403,-23.64176797240825,67.64598136115998,-63.93577950567902,51.53145371139526,197.50276303484483,-60.34052050918338,52.39902221576589,198.22505034889156
3799,42.55719418400462,-23.841998117530338,67.33539987831746,37.00279726549337,-23.207011555754857,67.68806130148123,-63.968189029480214,51.425779295616564,197.46597608131393,-60.299984948953785,52.53561678313064,198.20304375258547
