elapsed time,timestamp,topic,value
0,1782820808.561640116,/gps/odometry.pose.pose.position.y,-0.11796733364891265
0.048320016,1782820808.609960132,/gps/odometry.pose.pose.position.y,-0.11801144618832267
0.104162849,1782820808.665802965,/gps/odometry.pose.pose.position.y,-0.11805554528119923
0.139485188,1782820808.701125304,/gps/odometry.pose.pose.position.y,-0.11809964239664443
0.182665555,1782820808.744305671,/gps/odometry.pose.pose.position.y,-0.11814374188500727
0.22284692,1782820808.784487036,/gps/odometry.pose.pose.position.y,-0.11818785758830752
0.256725182,1782820808.818365298,/gps/odometry.pose.pose.position.y,-0.11823198792460002
0.29983953,1782820808.861479646,/gps/odometry.pose.pose.position.y,-0.11827612340221415
0.341590179,1782820808.903230295,/gps/odometry.pose.pose.position.y,-0.11832027351282054
0.374952428,1782820808.936592544,/gps/odometry.pose.pose.position.y,-0.11836442125050926
0.409536962,1782820808.971177078,/gps/odometry.pose.pose.position.y,-0.11840855751909593
0.446820192,1782820809.008460308,/gps/odometry.pose.pose.position.y,-0.11845268152760799
0.47966986100000003,1782820809.041309977,/gps/odometry.pose.pose.position.y,-0.1184967944625043
0.522587327,1782820809.084227443,/gps/odometry.pose.pose.position.y,-0.11854089711475736
0.564097253,1782820809.125737369,/gps/odometry.pose.pose.position.y,-0.11858498790242211
0.597138048,1782820809.158778164,/gps/odometry.pose.pose.position.y,-0.1186290672209848
0.6423697660000001,1782820809.204009882,/gps/odometry.pose.pose.position.y,-0.11867313467495916
0.692573473,1782820809.254213589,/gps/odometry.pose.pose.position.y,-0.11871719263726285
0.725224296,1782820809.286864412,/gps/odometry.pose.pose.position.y,-0.1187612375485194
0.766031612,1782820809.327671728,/gps/odometry.pose.pose.position.y,-0.11880527257261897
0.809125288,1782820809.370765404,/gps/odometry.pose.pose.position.y,-0.11884929415018514
0.8406951640000001,1782820809.402335280,/gps/odometry.pose.pose.position.y,-0.11889330623608063
0.880401607,1782820809.442041723,/gps/odometry.pose.pose.position.y,-0.1189373064573878
0.9272020580000001,1782820809.488842174,/gps/odometry.pose.pose.position.y,-0.11898129600056546
0.9602454920000001,1782820809.521885608,/gps/odometry.pose.pose.position.y,-0.11902527288818222
1.002024749,1782820809.563664865,/gps/odometry.pose.pose.position.y,-0.11906923949315579
1.035128425,1782820809.596768541,/gps/odometry.pose.pose.position.y,-0.1191131946290273
1.068406218,1782820809.630046334,/gps/odometry.pose.pose.position.y,-0.11915713829579674
1.109074606,1782820809.670714722,/gps/odometry.pose.pose.position.y,-0.11920107049346414
1.1559890290000001,1782820809.717629145,/gps/odometry.pose.pose.position.y,-0.11924499161751577
1.189514687,1782820809.751154803,/gps/odometry.pose.pose.position.y,-0.11928890087697908
1.2288662320000001,1782820809.790506348,/gps/odometry.pose.pose.position.y,-0.11933279985379916
1.27272741,1782820809.834367526,/gps/odometry.pose.pose.position.y,-0.11937668657054462
1.304835491,1782820809.866475607,/gps/odometry.pose.pose.position.y,-0.11942056340013317
1.34751751,1782820809.909157626,/gps/odometry.pose.pose.position.y,-0.11946442836513335
1.389213302,1782820809.950853418,/gps/odometry.pose.pose.position.y,-0.11950828146554524
1.4214579440000001,1782820809.983098060,/gps/odometry.pose.pose.position.y,-0.11955212507428642
1.454671978,1782820810.016312094,/gps/odometry.pose.pose.position.y,-0.11959595602746675
1.501773325,1782820810.063413441,/gps/odometry.pose.pose.position.y,-0.11963977551154503
1.538778218,1782820810.100418334,/gps/odometry.pose.pose.position.y,-0.11968358510846636
1.577881791,1782820810.139521907,/gps/odometry.pose.pose.position.y,-0.1197273836317719
1.6184685330000002,1782820810.180108649,/gps/odometry.pose.pose.position.y,-0.1197711691040303
1.652290656,1782820810.213930772,/gps/odometry.pose.pose.position.y,-0.11981494468913176
1.6941305990000002,1782820810.255770715,/gps/odometry.pose.pose.position.y,-0.11985870999158997
1.7332269450000002,1782820810.294867061,/gps/odometry.pose.pose.position.y,-0.1199024646159187
1.765243809,1782820810.326883925,/gps/odometry.pose.pose.position.y,-0.11994620539822773
1.803772906,1782820810.365413022,/gps/odometry.pose.pose.position.y,-0.11998993708435235
1.846969181,1782820810.408609297,/gps/odometry.pose.pose.position.y,-0.12003365809234749
1.880166993,1782820810.441807109,/gps/odometry.pose.pose.position.y,-0.12007736763124058
1.919352643,1782820810.480992759,/gps/odometry.pose.pose.position.y,-0.12012106649200414
1.954597514,1782820810.516237630,/gps/odometry.pose.pose.position.y,-0.1201647538836657
1.988151403,1782820810.549791519,/gps/odometry.pose.pose.position.y,-0.12020843138817028
2.027232628,1782820810.588872744,/gps/odometry.pose.pose.position.y,-0.12025209702808654
2.060215502,1782820810.621855618,/gps/odometry.pose.pose.position.y,-0.12029575159438702
2.105306686,1782820810.666946802,/gps/odometry.pose.pose.position.y,-0.1203393958780443
2.143318104,1782820810.704958220,/gps/odometry.pose.pose.position.y,-0.12038302829711324
2.176951804,1782820810.738591920,/gps/odometry.pose.pose.position.y,-0.12042665161999777
2.216673514,1782820810.778313630,/gps/odometry.pose.pose.position.y,-0.12047026268280772
2.249197667,1782820810.810837783,/gps/odometry.pose.pose.position.y,-0.12051386385846073
2.282510947,1782820810.844151063,/gps/odometry.pose.pose.position.y,-0.12055745396049795
2.324484893,1782820810.886125009,/gps/odometry.pose.pose.position.y,-0.12060103298891942
2.371044357,1782820810.932684473,/gps/odometry.pose.pose.position.y,-0.12064460173469764
2.404128245,1782820810.965768361,/gps/odometry.pose.pose.position.y,-0.12068815980234639
2.452270049,1782820811.013910165,/gps/odometry.pose.pose.position.y,-0.12073170600540678
2.496660707,1782820811.058300823,/gps/odometry.pose.pose.position.y,-0.12077524271679653
2.529469396,1782820811.091109512,/gps/odometry.pose.pose.position.y,-0.12081876756359795
2.570046035,1782820811.131686151,/gps/odometry.pose.pose.position.y,-0.12086228212775614
2.607385369,1782820811.169025485,/gps/odometry.pose.pose.position.y,-0.12090578680475739
2.640880396,1782820811.202520512,/gps/odometry.pose.pose.position.y,-0.12094928040814286
2.687006609,1782820811.248646725,/gps/odometry.pose.pose.position.y,-0.12099276372888514
2.7324155660000002,1782820811.294055682,/gps/odometry.pose.pose.position.y,-0.12103623518503906
2.7680424070000003,1782820811.329682523,/gps/odometry.pose.pose.position.y,-0.12107969754500861
2.815650592,1782820811.377290708,/gps/odometry.pose.pose.position.y,-0.12112314764490355
2.862012405,1782820811.423652521,/gps/odometry.pose.pose.position.y,-0.12116658825312783
2.894820075,1782820811.456460191,/gps/odometry.pose.pose.position.y,-0.12121001699676376
2.946758824,1782820811.508398940,/gps/odometry.pose.pose.position.y,-0.12125343664421533
2.983170228,1782820811.544810344,/gps/odometry.pose.pose.position.y,-0.12129684521805109
3.015448002,1782820811.577088118,/gps/odometry.pose.pose.position.y,-0.12134024311375738
3.054433052,1782820811.616073168,/gps/odometry.pose.pose.position.y,-0.12138363112230674
3.099271033,1782820811.660911149,/gps/odometry.pose.pose.position.y,-0.12142700607980891
3.133224986,1782820811.694865102,/gps/odometry.pose.pose.position.y,-0.12147037233661298
3.1755381480000002,1782820811.737178264,/gps/odometry.pose.pose.position.y,-0.12151372831077384
3.220988493,1782820811.782628609,/gps/odometry.pose.pose.position.y,-0.12155707281583264
3.253498612,1782820811.815138728,/gps/odometry.pose.pose.position.y,-0.12160040664276194
3.301261319,1782820811.862901435,/gps/odometry.pose.pose.position.y,-0.1216437305825343
3.350154844,1782820811.911794960,/gps/odometry.pose.pose.position.y,-0.12168704423966345
3.384591593,1782820811.946231709,/gps/odometry.pose.pose.position.y,-0.121730345636718
3.426256349,1782820811.987896465,/gps/odometry.pose.pose.position.y,-0.1217736367511293
3.464841205,1782820812.026481321,/gps/odometry.pose.pose.position.y,-0.12181691876935624
3.499801283,1782820812.061441399,/gps/odometry.pose.pose.position.y,-0.12186019010945368
3.537734958,1782820812.099375074,/gps/odometry.pose.pose.position.y,-0.12190344998044905
3.589223758,1782820812.150863874,/gps/odometry.pose.pose.position.y,-0.12194669917331495
3.62391016,1782820812.185550276,/gps/odometry.pose.pose.position.y,-0.12198993847902388
3.66365405,1782820812.225294166,/gps/odometry.pose.pose.position.y,-0.12203316710660334
3.706998951,1782820812.268639067,/gps/odometry.pose.pose.position.y,-0.12207638426508075
3.738982094,1782820812.300622210,/gps/odometry.pose.pose.position.y,-0.12211959074542864
3.782003057,1782820812.343643173,/gps/odometry.pose.pose.position.y,-0.12216278654764703
3.829774012,1782820812.391414128,/gps/odometry.pose.pose.position.y,-0.12220597206722222
3.859552111,1782820812.421192227,/gps/odometry.pose.pose.position.y,-0.12224914769964046
3.90141596,1782820812.463056076,/gps/odometry.pose.pose.position.y,-0.1222923126539292
3.93429152,1782820812.495931636,/gps/odometry.pose.pose.position.y,-0.1223354661391159
3.98134262,1782820812.542982736,/gps/odometry.pose.pose.position.y,-0.12237860973714565
4.017091203,1782820812.578731319,/gps/odometry.pose.pose.position.y,-0.12242174147058707
4.051149096,1782820812.612789212,/gps/odometry.pose.pose.position.y,-0.12246486371235783
4.103350705,1782820812.664990821,/gps/odometry.pose.pose.position.y,-0.12250797488051282
4.148192162,1782820812.709832278,/gps/odometry.pose.pose.position.y,-0.12255107576602459
4.181104863,1782820812.742744979,/gps/odometry.pose.pose.position.y,-0.12259416518243428
4.223321175,1782820812.784961291,/gps/odometry.pose.pose.position.y,-0.12263724431620078
4.270455398,1782820812.832095514,/gps/odometry.pose.pose.position.y,-0.12268031277183777
4.303035921,1782820812.864676037,/gps/odometry.pose.pose.position.y,-0.12272337094483156
4.362008428,1782820812.923648544,/gps/odometry.pose.pose.position.y,-0.12276641764872329
4.399958173,1782820812.961598289,/gps/odometry.pose.pose.position.y,-0.12280945406997178
4.433068676,1782820812.994708792,/gps/odometry.pose.pose.position.y,-0.12285247941760453
4.47580169,1782820813.037441806,/gps/odometry.pose.pose.position.y,-0.12289549448259404
4.522505489,1782820813.084145605,/gps/odometry.pose.pose.position.y,-0.12293849886945404
4.555275734,1782820813.116915850,/gps/odometry.pose.pose.position.y,-0.12298149257818457
4.602363522,1782820813.164003638,/gps/odometry.pose.pose.position.y,-0.1230244752132993
4.642045556,1782820813.203685672,/gps/odometry.pose.pose.position.y,-0.12306744677479829
4.675254387,1782820813.236894503,/gps/odometry.pose.pose.position.y,-0.12311040765816775
4.7157679120000005,1782820813.277408028,/gps/odometry.pose.pose.position.y,-0.12315335825889401
4.75324335,1782820813.314883466,/gps/odometry.pose.pose.position.y,-0.12319629778600448
4.786503924,1782820813.348144040,/gps/odometry.pose.pose.position.y,-0.12323922821693059
4.8374299,1782820813.399070016,/gps/odometry.pose.pose.position.y,-0.12328214638778208
4.876103581,1782820813.437743697,/gps/odometry.pose.pose.position.y,-0.12332505388050405
4.908837473,1782820813.470477589,/gps/odometry.pose.pose.position.y,-0.12336795109058284
4.951400433,1782820813.513040549,/gps/odometry.pose.pose.position.y,-0.12341083643607327
4.999978059,1782820813.561618175,/gps/odometry.pose.pose.position.y,-0.12345371189440676
5.033858366,1782820813.595498482,/gps/odometry.pose.pose.position.y,-0.12349657667461078
5.07960441,1782820813.641244526,/gps/odometry.pose.pose.position.y,-0.12353942919474016
5.133927198,1782820813.695567314,/gps/odometry.pose.pose.position.y,-0.12358227261868518
5.166695378,1782820813.728335494,/gps/odometry.pose.pose.position.y,-0.12362510378255556
5.21018488,1782820813.771824996,/gps/odometry.pose.pose.position.y,-0.12366792466378276
5.25367137,1782820813.815311486,/gps/odometry.pose.pose.position.y,-0.12371073644882555
5.287742188,1782820813.849382304,/gps/odometry.pose.pose.position.y,-0.12375353557830746
5.3263323620000005,1782820813.887972478,/gps/odometry.pose.pose.position.y,-0.12379632402965988
5.3658134650000004,1782820813.927453581,/gps/odometry.pose.pose.position.y,-0.12383910180288281
5.39885935,1782820813.960499466,/gps/odometry.pose.pose.position.y,-0.12388186889797621
5.445407317,1782820814.007047433,/gps/odometry.pose.pose.position.y,-0.12392462571042642
5.482244666,1782820814.043884782,/gps/odometry.pose.pose.position.y,-0.12396737105377457
5.51456299,1782820814.076203106,/gps/odometry.pose.pose.position.y,-0.1240101061144795
5.547516452,1782820814.109156568,/gps/odometry.pose.pose.position.y,-0.12405282970608238
5.589799419,1782820814.151439535,/gps/odometry.pose.pose.position.y,-0.12409554261955576
5.625576611,1782820814.187216727,/gps/odometry.pose.pose.position.y,-0.1241382456458722
5.6608300190000005,1782820814.222470135,/gps/odometry.pose.pose.position.y,-0.1241809372030866
5.70441286,1782820814.266052976,/gps/odometry.pose.pose.position.y,-0.12422361768668519
5.741640354,1782820814.303280470,/gps/odometry.pose.pose.position.y,-0.12426628828312687
5.778833241,1782820814.340473357,/gps/odometry.pose.pose.position.y,-0.1243089474104665
5.820599302,1782820814.382239418,/gps/odometry.pose.pose.position.y,-0.1243515942777315
5.850880679,1782820814.412520795,/gps/odometry.pose.pose.position.y,-0.12439423323527098
5.892314578,1782820814.453954694,/gps/odometry.pose.pose.position.y,-0.12443686032822211
5.926740172,1782820814.488380288,/gps/odometry.pose.pose.position.y,-0.12447947634755745
5.963986452,1782820814.525626568,/gps/odometry.pose.pose.position.y,-0.12452208129327703
5.998220625,1782820814.559860741,/gps/odometry.pose.pose.position.y,-0.12456467556086712
6.031472337,1782820814.593112453,/gps/odometry.pose.pose.position.y,-0.12460725954581398
6.08263808,1782820814.644278196,/gps/odometry.pose.pose.position.y,-0.12464983245714506
6.121631608,1782820814.683271724,/gps/odometry.pose.pose.position.y,-0.12469239469034665
6.154593743,1782820814.716233859,/gps/odometry.pose.pose.position.y,-0.1247349458499325
6.190620765,1782820814.752260881,/gps/odometry.pose.pose.position.y,-0.12477748712236136
6.230392715,1782820814.792032831,/gps/odometry.pose.pose.position.y,-0.12482001732117445
6.262990516,1782820814.824630632,/gps/odometry.pose.pose.position.y,-0.12486253684185808
6.307955703,1782820814.869595819,/gps/odometry.pose.pose.position.y,-0.1249050452889259
6.348589915,1782820814.910230031,/gps/odometry.pose.pose.position.y,-0.12494754266237798
6.382220405,1782820814.943860521,/gps/odometry.pose.pose.position.y,-0.12499002975318681
6.425362642,1782820814.987002758,/gps/odometry.pose.pose.position.y,-0.12503250616586614
6.458367998,1782820815.020008114,/gps/odometry.pose.pose.position.y,-0.12507497269138856
6.49159154,1782820815.053231656,/gps/odometry.pose.pose.position.y,-0.12511742853878144
6.532803307,1782820815.094443423,/gps/odometry.pose.pose.position.y,-0.1251598709396409
6.566083301,1782820815.127723417,/gps/odometry.pose.pose.position.y,-0.12520230622174736
6.59804543,1782820815.159685546,/gps/odometry.pose.pose.position.y,-0.12524472924377925
6.641195721,1782820815.202835837,/gps/odometry.pose.pose.position.y,-0.12528714158768162
6.673642626,1782820815.235282742,/gps/odometry.pose.pose.position.y,-0.12532954325345447
6.706354822,1782820815.267994938,/gps/odometry.pose.pose.position.y,-0.1253719346365841
6.749505197,1782820815.311145313,/gps/odometry.pose.pose.position.y,-0.12541431494609798
6.795739369,1782820815.357379485,/gps/odometry.pose.pose.position.y,-0.12545668497296864
6.828262028,1782820815.389902144,/gps/odometry.pose.pose.position.y,-0.12549904511268234
6.870518648,1782820815.432158764,/gps/odometry.pose.pose.position.y,-0.125541393783294
6.909658209,1782820815.471298325,/gps/odometry.pose.pose.position.y,-0.1255837309848036
6.942058344,1782820815.503698460,/gps/odometry.pose.pose.position.y,-0.12562605909012883
6.980691983,1782820815.542332099,/gps/odometry.pose.pose.position.y,-0.125668375726352
7.025857629,1782820815.587497745,/gps/odometry.pose.pose.position.y,-0.12571068207993194
7.059586948,1782820815.621227064,/gps/odometry.pose.pose.position.y,-0.12575297775538238
7.103706307,1782820815.665346423,/gps/odometry.pose.pose.position.y,-0.12579526314818962
7.145698415,1782820815.707338531,/gps/odometry.pose.pose.position.y,-0.12583753786286736
7.182114954,1782820815.743755070,/gps/odometry.pose.pose.position.y,-0.1258798018994156
7.2357257950000005,1782820815.797365911,/gps/odometry.pose.pose.position.y,-0.12592205525783434
7.283085756,1782820815.844725872,/gps/odometry.pose.pose.position.y,-0.12596429872909615
7.316029776,1782820815.877669892,/gps/odometry.pose.pose.position.y,-0.12600653112674218
7.356538873,1782820815.918178989,/gps/odometry.pose.pose.position.y,-0.12604875245077243
7.406318157,1782820815.967958273,/gps/odometry.pose.pose.position.y,-0.12609096388764574
7.438271511,1782820815.999911627,/gps/odometry.pose.pose.position.y,-0.12613316504187583
7.479940871,1782820816.041580987,/gps/odometry.pose.pose.position.y,-0.1261753559134627
7.531148911,1782820816.092789027,/gps/odometry.pose.pose.position.y,-0.12621753492046123
7.566632114,1782820816.128272230,/gps/odometry.pose.pose.position.y,-0.12625970404030284
7.615143504,1782820816.176783620,/gps/odometry.pose.pose.position.y,-0.12630186287750123
7.664296838,1782820816.225936954,/gps/odometry.pose.pose.position.y,-0.12634401143205637
7.693859408,1782820816.255499524,/gps/odometry.pose.pose.position.y,-0.12638614930848205
7.749045916,1782820816.310686032,/gps/odometry.pose.pose.position.y,-0.12642827611129195
7.796419073,1782820816.358059189,/gps/odometry.pose.pose.position.y,-0.1264703934224312
7.831548153,1782820816.393188269,/gps/odometry.pose.pose.position.y,-0.12651249886898205
7.864919598,1782820816.426559714,/gps/odometry.pose.pose.position.y,-0.12655459601032115
7.899375449,1782820816.461015565,/gps/odometry.pose.pose.position.y,-0.12659668010061303
7.950806487,1782820816.512446603,/gps/odometry.pose.pose.position.y,-0.12663875509472056
8.012250874,1782820816.573890990,/gps/odometry.pose.pose.position.y,-0.1266808194106986
8.045083927,1782820816.606724043,/gps/odometry.pose.pose.position.y,-0.12672287383951966
8.118066242,1782820816.679706358,/gps/odometry.pose.pose.position.y,-0.12676491561277986
8.17336055,1782820816.735000666,/gps/odometry.pose.pose.position.y,-0.12680694828985567
8.205991172,1782820816.767631288,/gps/odometry.pose.pose.position.y,-0.12684897107977455
8.256096313,1782820816.817736429,/gps/odometry.pose.pose.position.y,-0.12689098279607763
8.302180103,1782820816.863820219,/gps/odometry.pose.pose.position.y,-0.1269329842297375
8.335123156,1782820816.896763272,/gps/odometry.pose.pose.position.y,-0.1269749745897816
8.375932274,1782820816.937572390,/gps/odometry.pose.pose.position.y,-0.12701695506266877
8.424471099,1782820816.986111215,/gps/odometry.pose.pose.position.y,-0.12705892406645386
8.457690784,1782820817.019330900,/gps/odometry.pose.pose.position.y,-0.12710088397405458
8.525955015000001,1782820817.087595131,/gps/odometry.pose.pose.position.y,-0.1271428332035258
8.593617543,1782820817.155257659,/gps/odometry.pose.pose.position.y,-0.12718477096389497
8.627734842,1782820817.189374958,/gps/odometry.pose.pose.position.y,-0.1272266992325935
8.677451091,1782820817.239091207,/gps/odometry.pose.pose.position.y,-0.12726861563670366
8.725991619,1782820817.287631735,/gps/odometry.pose.pose.position.y,-0.12731052175817062
8.758960609,1782820817.320600725,/gps/odometry.pose.pose.position.y,-0.1273524187834532
8.816907114,1782820817.378547230,/gps/odometry.pose.pose.position.y,-0.1273943169951946
8.867135839,1782820817.428775955,/gps/odometry.pose.pose.position.y,-0.12743622983992828
8.902153633,1782820817.463793749,/gps/odometry.pose.pose.position.y,-0.12747815573570911
8.95873871,1782820817.520378826,/gps/odometry.pose.pose.position.y,-0.1275200915186469
9.009590466,1782820817.571230582,/gps/odometry.pose.pose.position.y,-0.12756203837520044
9.041673471,1782820817.603313587,/gps/odometry.pose.pose.position.y,-0.12760398285883637
9.082228782,1782820817.643868898,/gps/odometry.pose.pose.position.y,-0.12764591626885646
9.130585248,1782820817.692225364,/gps/odometry.pose.pose.position.y,-0.1276878386052608
9.164371031,1782820817.726011147,/gps/odometry.pose.pose.position.y,-0.1277297494725631
9.224136819,1782820817.785776935,/gps/odometry.pose.pose.position.y,-0.127771651243681
9.267173943,1782820817.828814059,/gps/odometry.pose.pose.position.y,-0.12781354154569688
9.299455286,1782820817.861095402,/gps/odometry.pose.pose.position.y,-0.12785542196055577
9.337435372,1782820817.899075488,/gps/odometry.pose.pose.position.y,-0.12789729051082635
9.38978197,1782820817.951422086,/gps/odometry.pose.pose.position.y,-0.12793914956942626
9.424306209000001,1782820817.985946325,/gps/odometry.pose.pose.position.y,-0.12798099794989667
9.475468259,1782820818.037108375,/gps/odometry.pose.pose.position.y,-0.12802283604772388
9.518861218,1782820818.080501334,/gps/odometry.pose.pose.position.y,-0.12806466267644906
9.553359218,1782820818.114999334,/gps/odometry.pose.pose.position.y,-0.12810647783607212
9.602893832,1782820818.164533948,/gps/odometry.pose.pose.position.y,-0.12814828350402457
9.644494148,1782820818.206134264,/gps/odometry.pose.pose.position.y,-0.12819007968030635
9.67911262,1782820818.240752736,/gps/odometry.pose.pose.position.y,-0.12823186399199976
9.719483297,1782820818.281123413,/gps/odometry.pose.pose.position.y,-0.12827363802105
9.779095617,1782820818.340735733,/gps/odometry.pose.pose.position.y,-0.12831540097648444
9.811626665,1782820818.373266781,/gps/odometry.pose.pose.position.y,-0.12835715364927566
9.870812625,1782820818.432452741,/gps/odometry.pose.pose.position.y,-0.12839889564393742
9.918368522,1782820818.480008638,/gps/odometry.pose.pose.position.y,-0.1284406277514422
9.954439286,1782820818.516079402,/gps/odometry.pose.pose.position.y,-0.12848234799435868
9.994997344,1782820818.556637460,/gps/odometry.pose.pose.position.y,-0.12852405874560444
10.043732416,1782820818.605372532,/gps/odometry.pose.pose.position.y,-0.12856575881872076
10.072879277,1782820818.634519393,/gps/odometry.pose.pose.position.y,-0.12860744781822125
10.117385713000001,1782820818.679025829,/gps/odometry.pose.pose.position.y,-0.12864912653507857
10.151398484,1782820818.713038600,/gps/odometry.pose.pose.position.y,-0.1286907941783201
10.192376348,1782820818.754016464,/gps/odometry.pose.pose.position.y,-0.1287324515389184
10.232522924,1782820818.794163040,/gps/odometry.pose.pose.position.y,-0.12877409940784607
10.271636369,1782820818.833276485,/gps/odometry.pose.pose.position.y,-0.12881573422572654
10.316902037,1782820818.878542153,/gps/odometry.pose.pose.position.y,-0.1288573623203403
10.359673757,1782820818.921313873,/gps/odometry.pose.pose.position.y,-0.12889897736390693
10.392668518,1782820818.954308634,/gps/odometry.pose.pose.position.y,-0.12894058291580285
10.433189873,1782820818.994829989,/gps/odometry.pose.pose.position.y,-0.1289821777895693
10.467122886,1782820819.028763002,/gps/odometry.pose.pose.position.y,-0.12902376198520624
10.499967515,1782820819.061607631,/gps/odometry.pose.pose.position.y,-0.12906533589819996
10.554038106,1782820819.115678222,/gps/odometry.pose.pose.position.y,-0.1291068987375779
10.590857371,1782820819.152497487,/gps/odometry.pose.pose.position.y,-0.12914845327174404
10.623656828,1782820819.185296944,/gps/odometry.pose.pose.position.y,-0.1291899951503493
10.673668779,1782820819.235308895,/gps/odometry.pose.pose.position.y,-0.129231526350825
10.707274006,1782820819.268914122,/gps/odometry.pose.pose.position.y,-0.12927304885060265
10.74086344,1782820819.302503556,/gps/odometry.pose.pose.position.y,-0.1293145598812782
10.779738596,1782820819.341378712,/gps/odometry.pose.pose.position.y,-0.12935606181576942
10.829658606,1782820819.391298722,/gps/odometry.pose.pose.position.y,-0.12939755188567229
10.864535466,1782820819.426175582,/gps/odometry.pose.pose.position.y,-0.12943903325487702
10.904808231,1782820819.466448347,/gps/odometry.pose.pose.position.y,-0.129480503550466
10.947485597,1782820819.509125713,/gps/odometry.pose.pose.position.y,-0.1295219631679255
10.98229362,1782820819.543933736,/gps/odometry.pose.pose.position.y,-0.12956341210725547
11.018796498,1782820819.580436614,/gps/odometry.pose.pose.position.y,-0.1296048515549148
11.065401868,1782820819.627041984,/gps/odometry.pose.pose.position.y,-0.1296462807199309
11.09856087,1782820819.660200986,/gps/odometry.pose.pose.position.y,-0.1296876992068175
11.150817058,1782820819.712457174,/gps/odometry.pose.pose.position.y,-0.12972910859751974
11.197069575,1782820819.758709691,/gps/odometry.pose.pose.position.y,-0.1297705061236336
11.232511229,1782820819.794151345,/gps/odometry.pose.pose.position.y,-0.1298118949490494
11.274514626,1782820819.836154742,/gps/odometry.pose.pose.position.y,-0.12985327230536312
11.313512804,1782820819.875152920,/gps/odometry.pose.pose.position.y,-0.12989463937903362
11.346613389,1782820819.908253505,/gps/odometry.pose.pose.position.y,-0.12993599696103347
11.386160312,1782820819.947800428,/gps/odometry.pose.pose.position.y,-0.1299773442603901
11.4374115,1782820819.999051616,/gps/odometry.pose.pose.position.y,-0.13001868206807607
11.473423574,1782820820.035063690,/gps/odometry.pose.pose.position.y,-0.13006000801117368
11.520428739,1782820820.082068855,/gps/odometry.pose.pose.position.y,-0.13010132446260067
11.557373731,1782820820.119013847,/gps/odometry.pose.pose.position.y,-0.13014263181784325
11.591188886,1782820820.152829002,/gps/odometry.pose.pose.position.y,-0.1301839273084975
11.624347814,1782820820.185987930,/gps/odometry.pose.pose.position.y,-0.13022521370296739
11.669911815,1782820820.231551931,/gps/odometry.pose.pose.position.y,-0.1302664902102803
11.704439904000001,1782820820.266080020,/gps/odometry.pose.pose.position.y,-0.13030775485300491
11.751385469,1782820820.313025585,/gps/odometry.pose.pose.position.y,-0.13034901158600395
11.796623387,1782820820.358263503,/gps/odometry.pose.pose.position.y,-0.13039025645441465
11.828000071,1782820820.389640187,/gps/odometry.pose.pose.position.y,-0.13043149143566843
11.864259889,1782820820.425900005,/gps/odometry.pose.pose.position.y,-0.13047271692525153
11.911918403,1782820820.473558519,/gps/odometry.pose.pose.position.y,-0.13051393134121886
11.944302241,1782820820.505942357,/gps/odometry.pose.pose.position.y,-0.1305551374519744
11.990384747,1782820820.552024863,/gps/odometry.pose.pose.position.y,-0.13059633169814155
12.032453803,1782820820.594093919,/gps/odometry.pose.pose.position.y,-0.1306375160571518
12.063285924,1782820820.624926040,/gps/odometry.pose.pose.position.y,-0.1306786901335188
12.097216027,1782820820.658856143,/gps/odometry.pose.pose.position.y,-0.13071985432272884
12.131345446,1782820820.692985562,/gps/odometry.pose.pose.position.y,-0.13076100941575455
12.187213601,1782820820.748853717,/gps/odometry.pose.pose.position.y,-0.13080215303967818
12.239292888,1782820820.800933004,/gps/odometry.pose.pose.position.y,-0.13084328756741745
12.272222626,1782820820.833862742,/gps/odometry.pose.pose.position.y,-0.13088441102154091
12.32051883,1782820820.882158946,/gps/odometry.pose.pose.position.y,-0.13092552458850742
12.364721123,1782820820.926361239,/gps/odometry.pose.pose.position.y,-0.1309666286638033
12.399070462,1782820820.960710578,/gps/odometry.pose.pose.position.y,-0.13100772245645595
12.436739766,1782820820.998379882,/gps/odometry.pose.pose.position.y,-0.13104880517549283
12.482508981,1782820821.044149097,/gps/odometry.pose.pose.position.y,-0.13108987761188648
12.515194617,1782820821.076834733,/gps/odometry.pose.pose.position.y,-0.1311309417430683
12.576824045,1782820821.138464161,/gps/odometry.pose.pose.position.y,-0.13117199400966179
12.617263333,1782820821.178903449,/gps/odometry.pose.pose.position.y,-0.13121303638909834
12.649850576,1782820821.211490692,/gps/odometry.pose.pose.position.y,-0.1312540700678368
12.698265739,1782820821.259905855,/gps/odometry.pose.pose.position.y,-0.13129509227747319
12.740995635,1782820821.302635751,/gps/odometry.pose.pose.position.y,-0.1313361034134938
12.775088986,1782820821.336729102,/gps/odometry.pose.pose.position.y,-0.13137710624430257
12.808974144,1782820821.370614260,/gps/odometry.pose.pose.position.y,-0.13141809879246816
12.854368862,1782820821.416008978,/gps/odometry.pose.pose.position.y,-0.1314590798715317
12.88835599,1782820821.449996106,/gps/odometry.pose.pose.position.y,-0.1315000518544108
12.935442418000001,1782820821.497082534,/gps/odometry.pose.pose.position.y,-0.13154101315916045
12.980304744,1782820821.541944860,/gps/odometry.pose.pose.position.y,-0.13158196457675314
13.013037321,1782820821.574677437,/gps/odometry.pose.pose.position.y,-0.13162290531621632
13.05979752,1782820821.621437636,/gps/odometry.pose.pose.position.y,-0.13166383695949513
13.1034402,1782820821.665080316,/gps/odometry.pose.pose.position.y,-0.13170475792464445
13.137202141,1782820821.698842257,/gps/odometry.pose.pose.position.y,-0.13174566821166425
13.17446743,1782820821.736107546,/gps/odometry.pose.pose.position.y,-0.1317865690070134
13.217383046,1782820821.779023162,/gps/odometry.pose.pose.position.y,-0.13182745793777423
13.250642092,1782820821.812282208,/gps/odometry.pose.pose.position.y,-0.13186833816783694
13.29214966,1782820821.853789776,/gps/odometry.pose.pose.position.y,-0.13190920811525644
13.331944024,1782820821.893584140,/gps/odometry.pose.pose.position.y,-0.131950068175519
13.366133681,1782820821.927773797,/gps/odometry.pose.pose.position.y,-0.1319909163711932
13.400350593,1782820821.961990709,/gps/odometry.pose.pose.position.y,-0.13203175626165561
13.447151969,1782820822.008792085,/gps/odometry.pose.pose.position.y,-0.13207258468301591
13.479557621,1782820822.041197737,/gps/odometry.pose.pose.position.y,-0.13211340321721934
13.520444893,1782820822.082085009,/gps/odometry.pose.pose.position.y,-0.1321542118642658
13.561588033,1782820822.123228149,/gps/odometry.pose.pose.position.y,-0.13219501022866903
13.595472846,1782820822.157112962,/gps/odometry.pose.pose.position.y,-0.1322357975194565
13.628335847,1782820822.189975963,/gps/odometry.pose.pose.position.y,-0.13227657571405957
13.670623194000001,1782820822.232263310,/gps/odometry.pose.pose.position.y,-0.1323173424395606
13.70292615,1782820822.264566266,/gps/odometry.pose.pose.position.y,-0.13235809927790468
13.751912912,1782820822.313553028,/gps/odometry.pose.pose.position.y,-0.13239884741555064
13.79440042,1782820822.356040536,/gps/odometry.pose.pose.position.y,-0.13243958447958087
13.826942105,1782820822.388582221,/gps/odometry.pose.pose.position.y,-0.132480310074509
13.862369558,1782820822.424009674,/gps/odometry.pose.pose.position.y,-0.13252102657325276
13.910825135,1782820822.472465251,/gps/odometry.pose.pose.position.y,-0.13256173239386704
13.942568997,1782820822.504209113,/gps/odometry.pose.pose.position.y,-0.13260242832732436
13.987971557,1782820822.549611673,/gps/odometry.pose.pose.position.y,-0.13264311279167962
14.034244767,1782820822.595884883,/gps/odometry.pose.pose.position.y,-0.13268378895082308
14.065826703,1782820822.627466819,/gps/odometry.pose.pose.position.y,-0.13272445245440562
14.10905765,1782820822.670697766,/gps/odometry.pose.pose.position.y,-0.1327651080482626
14.14344973,1782820822.705089846,/gps/odometry.pose.pose.position.y,-0.13280575217301757
14.186693996,1782820822.748334112,/gps/odometry.pose.pose.position.y,-0.1328463860151293
14.226673675,1782820822.788313791,/gps/odometry.pose.pose.position.y,-0.13288700957459781
14.259243331,1782820822.820883447,/gps/odometry.pose.pose.position.y,-0.13292762285142312
14.301610766,1782820822.863250882,/gps/odometry.pose.pose.position.y,-0.13296822663657773
14.352285948,1782820822.913926064,/gps/odometry.pose.pose.position.y,-0.13300881974360287
14.385105294,1782820822.946745410,/gps/odometry.pose.pose.position.y,-0.13304940177701224
14.430095029,1782820822.991735145,/gps/odometry.pose.pose.position.y,-0.13308997471423722
14.466693729,1782820823.028333845,/gps/odometry.pose.pose.position.y,-0.13313053736881897
14.500193405,1782820823.061833521,/gps/odometry.pose.pose.position.y,-0.13317108815881237
14.5467295,1782820823.108369616,/gps/odometry.pose.pose.position.y,-0.13321162985262142
14.597508518,1782820823.159148634,/gps/odometry.pose.pose.position.y,-0.1332521616592735
14.632067705,1782820823.193707821,/gps/odometry.pose.pose.position.y,-0.13329268239230985
14.675973595,1782820823.237613711,/gps/odometry.pose.pose.position.y,-0.13333317781422438
14.716652187,1782820823.278292303,/gps/odometry.pose.pose.position.y,-0.13337354430761242
14.750046464,1782820823.311686580,/gps/odometry.pose.pose.position.y,-0.13341376763496796
14.78265748,1782820823.344297596,/gps/odometry.pose.pose.position.y,-0.13345384423691445
14.826807365,1782820823.388447481,/gps/odometry.pose.pose.position.y,-0.13349377648636962
14.86933374,1782820823.430973856,/gps/odometry.pose.pose.position.y,-0.13353356438333344
14.903374754,1782820823.465014870,/gps/odometry.pose.pose.position.y,-0.13357320713683338
14.943350954,1782820823.504991070,/gps/odometry.pose.pose.position.y,-0.13361270672430078
14.976181551,1782820823.537821667,/gps/odometry.pose.pose.position.y,-0.1336520619592768
15.014115249,1782820823.575755365,/gps/odometry.pose.pose.position.y,-0.13369127244627527
15.056975454,1782820823.618615570,/gps/odometry.pose.pose.position.y,-0.13373034055821376
15.09053464,1782820823.652174756,/gps/odometry.pose.pose.position.y,-0.13376926352668833
15.138862503,1782820823.700502619,/gps/odometry.pose.pose.position.y,-0.1338080449110755
15.180178354,1782820823.741818470,/gps/odometry.pose.pose.position.y,-0.13384668194297134
15.213724626,1782820823.775364742,/gps/odometry.pose.pose.position.y,-0.13388517620432094
15.256042175,1782820823.817682291,/gps/odometry.pose.pose.position.y,-0.1339235280906106
15.290133002,1782820823.851773118,/gps/odometry.pose.pose.position.y,-0.13396173760184027
15.325496785,1782820823.887136901,/gps/odometry.pose.pose.position.y,-0.13399980473801001
15.375572457,1782820823.937212573,/gps/odometry.pose.pose.position.y,-0.13403772949911977
15.418971965,1782820823.980612081,/gps/odometry.pose.pose.position.y,-0.13407551109419702
15.451509443,1782820824.013149559,/gps/odometry.pose.pose.position.y,-0.13411315308261826
15.493519953,1782820824.055160069,/gps/odometry.pose.pose.position.y,-0.13415065230049328
15.535956647999999,1782820824.097596764,/gps/odometry.pose.pose.position.y,-0.1341880099342809
15.57053032,1782820824.132170436,/gps/odometry.pose.pose.position.y,-0.13422522796141248
15.607136386,1782820824.168776502,/gps/odometry.pose.pose.position.y,-0.1342623040089704
15.646458841,1782820824.208098957,/gps/odometry.pose.pose.position.y,-0.13429924044987232
15.679463296,1782820824.241103412,/gps/odometry.pose.pose.position.y,-0.13433604321641238
15.731531812,1782820824.293171928,/gps/odometry.pose.pose.position.y,-0.13437273999263002
15.772354524,1782820824.333994640,/gps/odometry.pose.pose.position.y,-0.13440932128685457
15.802819698,1782820824.364459814,/gps/odometry.pose.pose.position.y,-0.1344457811667919
15.841094476,1782820824.402734592,/gps/odometry.pose.pose.position.y,-0.1344821330789754
15.880177319,1782820824.441817435,/gps/odometry.pose.pose.position.y,-0.13451837267305608
15.910207583,1782820824.471847699,/gps/odometry.pose.pose.position.y,-0.13455447661534353
15.958813462,1782820824.520453578,/gps/odometry.pose.pose.position.y,-0.1345904421374338
16.007815607,1782820824.569455723,/gps/odometry.pose.pose.position.y,-0.13462626884384057
16.047566713,1782820824.609206829,/gps/odometry.pose.pose.position.y,-0.1346619555481051
16.083084624,1782820824.644724740,/gps/odometry.pose.pose.position.y,-0.13469750383217238
16.118160273,1782820824.679800389,/gps/odometry.pose.pose.position.y,-0.13473291330055626
16.159504426,1782820824.721144542,/gps/odometry.pose.pose.position.y,-0.13476818395325668
16.192718779,1782820824.754358895,/gps/odometry.pose.pose.position.y,-0.13480331737221873
16.226274261,1782820824.787914377,/gps/odometry.pose.pose.position.y,-0.1348383107890385
16.272453542,1782820824.834093658,/gps/odometry.pose.pose.position.y,-0.13487316736760618
16.321656822,1782820824.883296938,/gps/odometry.pose.pose.position.y,-0.134907885921463
16.363104943,1782820824.924745059,/gps/odometry.pose.pose.position.y,-0.1349424660551226
16.403237797,1782820824.964877913,/gps/odometry.pose.pose.position.y,-0.13497690974601642
16.446471924,1782820825.008112040,/gps/odometry.pose.pose.position.y,-0.13501121501671307
16.479298939,1782820825.040939055,/gps/odometry.pose.pose.position.y,-0.13504538305367136
16.523959921,1782820825.085600037,/gps/odometry.pose.pose.position.y,-0.1350794138568913
16.56415849,1782820825.125798606,/gps/odometry.pose.pose.position.y,-0.13511330821734546
16.59890374,1782820825.160543856,/gps/odometry.pose.pose.position.y,-0.13514706613503383
16.631348829,1782820825.192988945,/gps/odometry.pose.pose.position.y,-0.13518068642349756
16.675130166,1782820825.236770282,/gps/odometry.pose.pose.position.y,-0.13521417106016806
16.708031117,1782820825.269671233,/gps/odometry.pose.pose.position.y,-0.13524751964955906
16.752777082,1782820825.314417198,/gps/odometry.pose.pose.position.y,-0.1352807310052117
16.801065717,1782820825.362705833,/gps/odometry.pose.pose.position.y,-0.13531380631358483
16.836071679,1782820825.397711795,/gps/odometry.pose.pose.position.y,-0.13534674676113725
16.875922059,1782820825.437562175,/gps/odometry.pose.pose.position.y,-0.1353795515568965
16.909692464,1782820825.471332580,/gps/odometry.pose.pose.position.y,-0.13541222109634873
16.942796857,1782820825.504436973,/gps/odometry.pose.pose.position.y,-0.13544475498400774
16.989059938,1782820825.550700054,/gps/odometry.pose.pose.position.y,-0.13547715401084606
17.029767937,1782820825.591408053,/gps/odometry.pose.pose.position.y,-0.1355094181768637
17.063005191,1782820825.624645307,/gps/odometry.pose.pose.position.y,-0.13554154827303322
17.105459984,1782820825.667100100,/gps/odometry.pose.pose.position.y,-0.13557354429935461
17.145377418,1782820825.707017534,/gps/odometry.pose.pose.position.y,-0.1356054046738828
17.177990757,1782820825.739630873,/gps/odometry.pose.pose.position.y,-0.13563713176953537
17.216981467,1782820825.778621583,/gps/odometry.pose.pose.position.y,-0.1356687247953398
17.263690896,1782820825.825331012,/gps/odometry.pose.pose.position.y,-0.1357001845422687
17.298830139,1782820825.860470255,/gps/odometry.pose.pose.position.y,-0.1357315114058083
17.34672657,1782820825.908366686,/gps/odometry.pose.pose.position.y,-0.1357627041994998
17.380424284,1782820825.942064400,/gps/odometry.pose.pose.position.y,-0.13579376331882942
17.413056965,1782820825.974697081,/gps/odometry.pose.pose.position.y,-0.13582469074122858
17.445928772,1782820826.007568888,/gps/odometry.pose.pose.position.y,-0.13585548448926588
17.491147572,1782820826.052787688,/gps/odometry.pose.pose.position.y,-0.1358861453539139
17.523516592,1782820826.085156708,/gps/odometry.pose.pose.position.y,-0.13591667491711773
17.569368524,1782820826.131008640,/gps/odometry.pose.pose.position.y,-0.13594707041047346
17.613514773,1782820826.175154889,/gps/odometry.pose.pose.position.y,-0.13597733697530265
17.646153021,1782820826.207793137,/gps/odometry.pose.pose.position.y,-0.13600746986577
17.693135964,1782820826.254776080,/gps/odometry.pose.pose.position.y,-0.1360374706638206
17.7265406,1782820826.288180716,/gps/odometry.pose.pose.position.y,-0.13606734134688586
17.762267073,1782820826.323907189,/gps/odometry.pose.pose.position.y,-0.1360970799375344
17.801456891,1782820826.363097007,/gps/odometry.pose.pose.position.y,-0.13612668762222502
17.843449138,1782820826.405089254,/gps/odometry.pose.pose.position.y,-0.13615616400547145
17.874665546,1782820826.436305662,/gps/odometry.pose.pose.position.y,-0.13618550987824624
17.916327304,1782820826.477967420,/gps/odometry.pose.pose.position.y,-0.13621472484506314
17.954093895,1782820826.515734011,/gps/odometry.pose.pose.position.y,-0.13624380969689467
17.984456008,1782820826.546096124,/gps/odometry.pose.pose.position.y,-0.13627276482922718
18.029850097,1782820826.591490213,/gps/odometry.pose.pose.position.y,-0.13630158905560175
18.062529684,1782820826.624169800,/gps/odometry.pose.pose.position.y,-0.13633028395796354
18.114427727,1782820826.676067843,/gps/odometry.pose.pose.position.y,-0.13635884874533996
18.15241396,1782820826.714054076,/gps/odometry.pose.pose.position.y,-0.13638728499967614
18.185177515,1782820826.746817631,/gps/odometry.pose.pose.position.y,-0.1364155891615956
18.223692174,1782820826.785332290,/gps/odometry.pose.pose.position.y,-0.13644376597693364
18.260506897,1782820826.822147013,/gps/odometry.pose.pose.position.y,-0.13647181386374518
18.293012025,1782820826.854652141,/gps/odometry.pose.pose.position.y,-0.1364997328220302
18.34130472,1782820826.902944836,/gps/odometry.pose.pose.position.y,-0.13652752245630242
18.384391023,1782820826.946031139,/gps/odometry.pose.pose.position.y,-0.13655518276656187
18.417054735,1782820826.978694851,/gps/odometry.pose.pose.position.y,-0.13658271533475358
18.466658724,1782820827.028298840,/gps/odometry.pose.pose.position.y,-0.13661011976539136
18.512314964,1782820827.073955080,/gps/odometry.pose.pose.position.y,-0.1366373960584752
18.545477232,1782820827.107117348,/gps/odometry.pose.pose.position.y,-0.1366645434230325
18.590268799,1782820827.151908915,/gps/odometry.pose.pose.position.y,-0.13669156383649467
18.638488372,1782820827.200128488,/gps/odometry.pose.pose.position.y,-0.1367184537394852
18.673764691,1782820827.235404807,/gps/odometry.pose.pose.position.y,-0.1367452194597846
18.707226906,1782820827.268867022,/gps/odometry.pose.pose.position.y,-0.13677185585607116
18.740216668,1782820827.301856784,/gps/odometry.pose.pose.position.y,-0.13679836451029004
18.772915859,1782820827.334555975,/gps/odometry.pose.pose.position.y,-0.13682474700438635
18.816146734,1782820827.377786850,/gps/odometry.pose.pose.position.y,-0.13685100175641499
18.859815955,1782820827.421456071,/gps/odometry.pose.pose.position.y,-0.1368771291618622
18.894087186,1782820827.455727302,/gps/odometry.pose.pose.position.y,-0.13690313001170057
18.929056169,1782820827.490696285,/gps/odometry.pose.pose.position.y,-0.13692900272398498
18.960127599,1782820827.521767715,/gps/odometry.pose.pose.position.y,-0.13695475006711938
18.992514966,1782820827.554155082,/gps/odometry.pose.pose.position.y,-0.13698037085464493
19.032606969,1782820827.594247085,/gps/odometry.pose.pose.position.y,-0.13700586429558903
19.082669038,1782820827.644309154,/gps/odometry.pose.pose.position.y,-0.13703123157641062
19.116355243,1782820827.677995359,/gps/odometry.pose.pose.position.y,-0.1370564726971096
19.159799657,1782820827.721439773,/gps/odometry.pose.pose.position.y,-0.13708158765768602
19.19468819,1782820827.756328306,/gps/odometry.pose.pose.position.y,-0.13710657685362615
19.226915281,1782820827.788555397,/gps/odometry.pose.pose.position.y,-0.1371314398894437
19.274634043,1782820827.836274159,/gps/odometry.pose.pose.position.y,-0.13715617676513867
19.320777719,1782820827.882417835,/gps/odometry.pose.pose.position.y,-0.13718078787619736
19.352894718,1782820827.914534834,/gps/odometry.pose.pose.position.y,-0.13720527282713346
19.389811591,1782820827.951451707,/gps/odometry.pose.pose.position.y,-0.13722963399086466
19.425392731,1782820827.987032847,/gps/odometry.pose.pose.position.y,-0.13725386780801446
19.457274153,1782820828.018914269,/gps/odometry.pose.pose.position.y,-0.13727797665150052
19.50392751,1782820828.065567626,/gps/odometry.pose.pose.position.y,-0.13730196131229538
19.549230275,1782820828.110870391,/gps/odometry.pose.pose.position.y,-0.13732581981296768
19.586460208,1782820828.148100324,/gps/odometry.pose.pose.position.y,-0.1373495525490037
19.619802314,1782820828.181442430,/gps/odometry.pose.pose.position.y,-0.13737316149783477
19.658964504,1782820828.220604620,/gps/odometry.pose.pose.position.y,-0.137396643891057
19.690237834,1782820828.251877950,/gps/odometry.pose.pose.position.y,-0.1374200032880469
19.745059841,1782820828.306699957,/gps/odometry.pose.pose.position.y,-0.13744323652491422
19.790929432,1782820828.352569548,/gps/odometry.pose.pose.position.y,-0.13746634637006291
19.821671525,1782820828.383311641,/gps/odometry.pose.pose.position.y,-0.13748932965960275
19.862346249,1782820828.423986365,/gps/odometry.pose.pose.position.y,-0.1375121903483965
19.905738472,1782820828.467378588,/gps/odometry.pose.pose.position.y,-0.13753492566804026
19.935909366,1782820828.497549482,/gps/odometry.pose.pose.position.y,-0.13755753640950655
19.968911034,1782820828.530551150,/gps/odometry.pose.pose.position.y,-0.13758002336376793
20.002200064,1782820828.563840180,/gps/odometry.pose.pose.position.y,-0.1376023861353381
20.068814955,1782820828.630455071,/gps/odometry.pose.pose.position.y,-0.1376246247242171
20.101203332,1782820828.662843448,/gps/odometry.pose.pose.position.y,-0.13764673952589124
20.1342557,1782820828.695895816,/gps/odometry.pose.pose.position.y,-0.1376687293539016
20.185797006,1782820828.747437122,/gps/odometry.pose.pose.position.y,-0.13769059618567958
20.227346543,1782820828.788986659,/gps/odometry.pose.pose.position.y,-0.1377123388347664
20.261656458,1782820828.823296574,/gps/odometry.pose.pose.position.y,-0.13773395809213462
20.302479343,1782820828.864119459,/gps/odometry.pose.pose.position.y,-0.13775545316681162
20.342105193,1782820828.903745309,/gps/odometry.pose.pose.position.y,-0.13777682484977
20.374890662,1782820828.936530778,/gps/odometry.pose.pose.position.y,-0.13779807314100975
20.417063238,1782820828.978703354,/gps/odometry.pose.pose.position.y,-0.13781919883150343
20.454563781,1782820829.016203897,/gps/odometry.pose.pose.position.y,-0.13784019994381966
20.486430692,1782820829.048070808,/gps/odometry.pose.pose.position.y,-0.13786107845538978
20.522391578,1782820829.084031694,/gps/odometry.pose.pose.position.y,-0.13788183397072756
20.572551516,1782820829.134191632,/gps/odometry.pose.pose.position.y,-0.13790246569886044
20.607683848,1782820829.169323964,/gps/odometry.pose.pose.position.y,-0.13792297522173355
20.647142085,1782820829.208782201,/gps/odometry.pose.pose.position.y,-0.13794336214386055
20.684704528,1782820829.246344644,/gps/odometry.pose.pose.position.y,-0.1379636248832964
20.717757264,1782820829.279397380,/gps/odometry.pose.pose.position.y,-0.13798376581295868
20.752890879,1782820829.314530995,/gps/odometry.pose.pose.position.y,-0.13800378414187492
20.803283615,1782820829.364923731,/gps/odometry.pose.pose.position.y,-0.13802367987004507
20.839484887,1782820829.401125003,/gps/odometry.pose.pose.position.y,-0.13804345181101033
20.877408415,1782820829.439048531,/gps/odometry.pose.pose.position.y,-0.13806310431511973
20.925937085,1782820829.487577201,/gps/odometry.pose.pose.position.y,-0.13808263184556538
20.959451426,1782820829.521091542,/gps/odometry.pose.pose.position.y,-0.13810203835721008
21.000806325,1782820829.562446441,/gps/odometry.pose.pose.position.y,-0.13812132226810872
21.045814081,1782820829.607454197,/gps/odometry.pose.pose.position.y,-0.1381404847647201
21.081062217,1782820829.642702333,/gps/odometry.pose.pose.position.y,-0.13815952426509914
21.123163647,1782820829.684803763,/gps/odometry.pose.pose.position.y,-0.13817844393313602
21.164034533,1782820829.725674649,/gps/odometry.pose.pose.position.y,-0.1381972402094543
21.19708198,1782820829.758722096,/gps/odometry.pose.pose.position.y,-0.13821591586245788
21.261879144,1782820829.823519260,/gps/odometry.pose.pose.position.y,-0.1382344685192291
21.293391877,1782820829.855031993,/gps/odometry.pose.pose.position.y,-0.13825290055268566
21.325061104,1782820829.886701220,/gps/odometry.pose.pose.position.y,-0.13827121196282752
21.372506981,1782820829.934147097,/gps/odometry.pose.pose.position.y,-0.13828940156319586
21.422749568,1782820829.984389684,/gps/odometry.pose.pose.position.y,-0.1383074689583044
21.456515674,1782820830.018155790,/gps/odometry.pose.pose.position.y,-0.1383254169165571
21.499492398,1782820830.061132514,/gps/odometry.pose.pose.position.y,-0.13834324306503626
21.545039581,1782820830.106679697,/gps/odometry.pose.pose.position.y,-0.13836094898568704
21.577295155,1782820830.138935271,/gps/odometry.pose.pose.position.y,-0.138378532701078
21.634754181,1782820830.196394297,/gps/odometry.pose.pose.position.y,-0.13839599777058567
21.681433224,1782820830.243073340,/gps/odometry.pose.pose.position.y,-0.13841334735810026
21.714548262,1782820830.276188378,/gps/odometry.pose.pose.position.y,-0.13843060321536704
21.754409065,1782820830.316049181,/gps/odometry.pose.pose.position.y,-0.13844778195280968
21.808357638,1782820830.369997754,/gps/odometry.pose.pose.position.y,-0.13846486972840846
21.838622456,1782820830.400262572,/gps/odometry.pose.pose.position.y,-0.13848184399944558
21.887262187,1782820830.448902303,/gps/odometry.pose.pose.position.y,-0.13849869804265427
21.932461958,1782820830.494102074,/gps/odometry.pose.pose.position.y,-0.13851543225352084
21.965518297,1782820830.527158413,/gps/odometry.pose.pose.position.y,-0.138532046236559
22.006515858,1782820830.568155974,/gps/odometry.pose.pose.position.y,-0.13854853999176872
22.039777031,1782820830.601417147,/gps/odometry.pose.pose.position.y,-0.13856491391463632
22.09087415,1782820830.652514266,/gps/odometry.pose.pose.position.y,-0.13858116642321672
22.134228865,1782820830.695868981,/gps/odometry.pose.pose.position.y,-0.13859730068140005
22.167393649,1782820830.729033765,/gps/odometry.pose.pose.position.y,-0.1386133151072413
22.21576775,1782820830.777407866,/gps/odometry.pose.pose.position.y,-0.13862920890976782
22.261784395,1782820830.823424511,/gps/odometry.pose.pose.position.y,-0.1386449832754385
22.293778061,1782820830.855418177,/gps/odometry.pose.pose.position.y,-0.1386606385997396
22.33569222,1782820830.897332336,/gps/odometry.pose.pose.position.y,-0.13867617290523976
22.383294168,1782820830.944934284,/gps/odometry.pose.pose.position.y,-0.13869158975131543
22.417282815,1782820830.978922931,/gps/odometry.pose.pose.position.y,-0.1387068863695627
22.471630782,1782820831.033270898,/gps/odometry.pose.pose.position.y,-0.1387220635509541
22.513227415,1782820831.074867531,/gps/odometry.pose.pose.position.y,-0.13873712169097596
22.545608661,1782820831.107248777,/gps/odometry.pose.pose.position.y,-0.13875206039414192
22.587533456,1782820831.149173572,/gps/odometry.pose.pose.position.y,-0.1387668808469109
22.633511435,1782820831.195151551,/gps/odometry.pose.pose.position.y,-0.13878158146733774
22.666366002,1782820831.228006118,/gps/odometry.pose.pose.position.y,-0.13879616304639503
22.727233768,1782820831.288873884,/gps/odometry.pose.pose.position.y,-0.13881062637505526
22.766507047,1782820831.328147163,/gps/odometry.pose.pose.position.y,-0.13882497066234592
22.802745272,1782820831.364385388,/gps/odometry.pose.pose.position.y,-0.1388391978856984
22.85151214,1782820831.413152256,/gps/odometry.pose.pose.position.y,-0.1388533048812225
22.891000311,1782820831.452640427,/gps/odometry.pose.pose.position.y,-0.1388672944173221
22.923253793,1782820831.484893909,/gps/odometry.pose.pose.position.y,-0.13888116570302467
22.970552613,1782820831.532192729,/gps/odometry.pose.pose.position.y,-0.1388949179473577
23.018223978,1782820831.579864094,/gps/odometry.pose.pose.position.y,-0.13890855273226624
23.053242214,1782820831.614882330,/gps/odometry.pose.pose.position.y,-0.13892206926677778
23.093642646,1782820831.655282762,/gps/odometry.pose.pose.position.y,-0.13893546794637857
23.139658351,1782820831.701298467,/gps/odometry.pose.pose.position.y,-0.13894874995752743
23.177095422,1782820831.738735538,/gps/odometry.pose.pose.position.y,-0.1389619121363342
23.216433676,1782820831.778073792,/gps/odometry.pose.pose.position.y,-0.13897495764668902
23.264703279,1782820831.826343395,/gps/odometry.pose.pose.position.y,-0.13898788530213313
23.297965554,1782820831.859605670,/gps/odometry.pose.pose.position.y,-0.1390006966846116
23.352291124,1782820831.913931240,/gps/odometry.pose.pose.position.y,-0.13901339021217932
23.389908852,1782820831.951548968,/gps/odometry.pose.pose.position.y,-0.13902596628032257
23.422930644,1782820831.984570760,/gps/odometry.pose.pose.position.y,-0.13903842488904136
23.465679181,1782820832.027319297,/gps/odometry.pose.pose.position.y,-0.13905076682930825
23.51444486,1782820832.076084976,/gps/odometry.pose.pose.position.y,-0.1390629909146644
23.547527185,1782820832.109167301,/gps/odometry.pose.pose.position.y,-0.13907509912254118
23.595081768,1782820832.156721884,/gps/odometry.pose.pose.position.y,-0.13908709105745234
23.642047311,1782820832.203687427,/gps/odometry.pose.pose.position.y,-0.13909896553293902
23.678094979,1782820832.239735095,/gps/odometry.pose.pose.position.y,-0.13911072254900125
23.720468804,1782820832.282108920,/gps/odometry.pose.pose.position.y,-0.13912236487404295
23.766563371,1782820832.328203487,/gps/odometry.pose.pose.position.y,-0.1391338901351465
23.802790475,1782820832.364430591,/gps/odometry.pose.pose.position.y,-0.1391452987277981
23.844701015,1782820832.406341131,/gps/odometry.pose.pose.position.y,-0.13915659183845663
23.886960576,1782820832.448600692,/gps/odometry.pose.pose.position.y,-0.13916776788517699
23.918802421,1782820832.480442537,/gps/odometry.pose.pose.position.y,-0.13917882805441797
23.961055486,1782820832.522695602,/gps/odometry.pose.pose.position.y,-0.13918977313715217
24.009466217,1782820832.571106333,/gps/odometry.pose.pose.position.y,-0.13920060155143446
24.048010742,1782820832.609650858,/gps/odometry.pose.pose.position.y,-0.13921131487920996
24.08726085,1782820832.648900966,/gps/odometry.pose.pose.position.y,-0.1392219119340198
24.120430808,1782820832.682070924,/gps/odometry.pose.pose.position.y,-0.13923239390232287
24.167278438,1782820832.728918554,/gps/odometry.pose.pose.position.y,-0.13924276038863284
24.211164919,1782820832.772805035,/gps/odometry.pose.pose.position.y,-0.13925301178843602
24.244510808,1782820832.806150924,/gps/odometry.pose.pose.position.y,-0.13926314731075987
24.289423368,1782820832.851063484,/gps/odometry.pose.pose.position.y,-0.1392731673510906
24.340774648,1782820832.902414764,/gps/odometry.pose.pose.position.y,-0.13928307230491457
24.377953535,1782820832.939593651,/gps/odometry.pose.pose.position.y,-0.13929286217223172
24.415522581,1782820832.977162697,/gps/odometry.pose.pose.position.y,-0.13930253774401463
24.465386034,1782820833.027026150,/gps/odometry.pose.pose.position.y,-0.13931209783380447
24.499412017,1782820833.061052133,/gps/odometry.pose.pose.position.y,-0.1393215428370875
24.549932623,1782820833.111572739,/gps/odometry.pose.pose.position.y,-0.1393308735448363
24.589131289,1782820833.150771405,/gps/odometry.pose.pose.position.y,-0.13934008995705086
24.621564748,1782820833.183204864,/gps/odometry.pose.pose.position.y,-0.1393491912827586
24.663212232,1782820833.224852348,/gps/odometry.pose.pose.position.y,-0.1393581783129321
24.711267096,1782820833.272907212,/gps/odometry.pose.pose.position.y,-0.13936705104757136
24.745109202000002,1782820833.306749318,/gps/odometry.pose.pose.position.y,-0.13937580869570385
24.785302295,1782820833.346942411,/gps/odometry.pose.pose.position.y,-0.13938445204830208
24.833586106,1782820833.395226222,/gps/odometry.pose.pose.position.y,-0.13939298110536602
24.867807593,1782820833.429447709,/gps/odometry.pose.pose.position.y,-0.1394013970533546
24.913537781,1782820833.475177897,/gps/odometry.pose.pose.position.y,-0.13940969791483637
24.958088128,1782820833.519728244,/gps/odometry.pose.pose.position.y,-0.13941788527175647
24.991049371,1782820833.552689487,/gps/odometry.pose.pose.position.y,-0.13942595872862856
25.035143065,1782820833.596783181,/gps/odometry.pose.pose.position.y,-0.13943391709899391
25.071810629,1782820833.633450745,/gps/odometry.pose.pose.position.y,-0.13944176315125636
25.10426164,1782820833.665901756,/gps/odometry.pose.pose.position.y,-0.13944949411701202
25.149132998,1782820833.710773114,/gps/odometry.pose.pose.position.y,-0.139457111578206
25.199124841,1782820833.760764957,/gps/odometry.pose.pose.position.y,-0.1394646155348383
25.242246517,1782820833.803886633,/gps/odometry.pose.pose.position.y,-0.13947200677788146
25.276856911,1782820833.838497027,/gps/odometry.pose.pose.position.y,-0.13947928332990409
25.322196121,1782820833.883836237,/gps/odometry.pose.pose.position.y,-0.1394864475638239
25.354476267,1782820833.916116383,/gps/odometry.pose.pose.position.y,-0.13949349710672312
25.401776769,1782820833.963416885,/gps/odometry.pose.pose.position.y,-0.13950043393603326
25.447201716,1782820834.008841832,/gps/odometry.pose.pose.position.y,-0.13950725765626798
25.487292219,1782820834.048932335,/gps/odometry.pose.pose.position.y,-0.139513967871941
25.525666366,1782820834.087306482,/gps/odometry.pose.pose.position.y,-0.13952056497853862
25.57478954,1782820834.136429656,/gps/odometry.pose.pose.position.y,-0.13952704897606083
25.610771816,1782820834.172411932,/gps/odometry.pose.pose.position.y,-0.1395334190735351
25.657508296,1782820834.219148412,/gps/odometry.pose.pose.position.y,-0.1395396764574202
25.697113031,1782820834.258753147,/gps/odometry.pose.pose.position.y,-0.1395458203367436
25.729860757,1782820834.291500873,/gps/odometry.pose.pose.position.y,-0.13955185268893674
25.773032174,1782820834.334672290,/gps/odometry.pose.pose.position.y,-0.13955777193205443
25.819808898,1782820834.381449014,/gps/odometry.pose.pose.position.y,-0.13956357767061048
25.85830097,1782820834.419941086,/gps/odometry.pose.pose.position.y,-0.13956927109106362
25.899898175,1782820834.461538291,/gps/odometry.pose.pose.position.y,-0.1395748514024414
25.949679554,1782820834.511319670,/gps/odometry.pose.pose.position.y,-0.1395803193957163
25.983973917,1782820834.545614033,/gps/odometry.pose.pose.position.y,-0.1395856746754021
26.032892657,1782820834.594532773,/gps/odometry.pose.pose.position.y,-0.13959091684601244
26.082263044,1782820834.643903160,/gps/odometry.pose.pose.position.y,-0.1395960474894925
26.112803806,1782820834.674443922,/gps/odometry.pose.pose.position.y,-0.13960106423292462
26.166946881,1782820834.728586997,/gps/odometry.pose.pose.position.y,-0.13960597024019894
26.202814441,1782820834.764454557,/gps/odometry.pose.pose.position.y,-0.13961076234742534
26.246681781,1782820834.808321897,/gps/odometry.pose.pose.position.y,-0.13961544134557632
26.296624069,1782820834.858264185,/gps/odometry.pose.pose.position.y,-0.13962000960756954
26.329567418,1782820834.891207534,/gps/odometry.pose.pose.position.y,-0.1396244655514599
26.376210181,1782820834.937850297,/gps/odometry.pose.pose.position.y,-0.13962880878176118
26.420605432,1782820834.982245548,/gps/odometry.pose.pose.position.y,-0.13963303969395957
26.456282459,1782820835.017922575,/gps/odometry.pose.pose.position.y,-0.13963715868354137
26.502086049,1782820835.063726165,/gps/odometry.pose.pose.position.y,-0.13964116575050659
26.547511522,1782820835.109151638,/gps/odometry.pose.pose.position.y,-0.13964506089485526
26.581791969,1782820835.143432085,/gps/odometry.pose.pose.position.y,-0.13964884451207363
26.624553162,1782820835.186193278,/gps/odometry.pose.pose.position.y,-0.13965251422924402
26.673727788,1782820835.235367904,/gps/odometry.pose.pose.position.y,-0.13965607400122923
26.70893342,1782820835.270573536,/gps/odometry.pose.pose.position.y,-0.13965952105962529
26.755496714,1782820835.317136830,/gps/odometry.pose.pose.position.y,-0.13966285659089106
26.798931984,1782820835.360572100,/gps/odometry.pose.pose.position.y,-0.1396660809905128
26.831471769,1782820835.393111885,/gps/odometry.pose.pose.position.y,-0.13966919267654543
26.87967956,1782820835.441319676,/gps/odometry.pose.pose.position.y,-0.13967219283544774
26.925852356,1782820835.487492472,/gps/odometry.pose.pose.position.y,-0.13967508146721977
26.958550731,1782820835.520190847,/gps/odometry.pose.pose.position.y,-0.1396778597583203
27.004162177,1782820835.565802293,/gps/odometry.pose.pose.position.y,-0.13968052533583172
27.050546811,1782820835.612186927,/gps/odometry.pose.pose.position.y,-0.1396830801771854
27.08408922,1782820835.645729336,/gps/odometry.pose.pose.position.y,-0.13968552309592247
27.133087163,1782820835.694727279,/gps/odometry.pose.pose.position.y,-0.13968785448752927
27.180078901,1782820835.741719017,/gps/odometry.pose.pose.position.y,-0.13969007435200578
27.212933755,1782820835.774573871,/gps/odometry.pose.pose.position.y,-0.1396921842712971
27.253432119,1782820835.815072235,/gps/odometry.pose.pose.position.y,-0.13969418187248556
27.296476849,1782820835.858116965,/gps/odometry.pose.pose.position.y,-0.1396960699239751
27.328935299,1782820835.890575415,/gps/odometry.pose.pose.position.y,-0.1396978468438206
27.377489911,1782820835.939130027,/gps/odometry.pose.pose.position.y,-0.13969952726501436
27.417891259,1782820835.979531375,/gps/odometry.pose.pose.position.y,-0.13970112582054867
27.450957216,1782820836.012597332,/gps/odometry.pose.pose.position.y,-0.13970264962917647
27.500499544,1782820836.062139660,/gps/odometry.pose.pose.position.y,-0.1397040884082546
27.543562778000002,1782820836.105202894,/gps/odometry.pose.pose.position.y,-0.139705430688681
27.576655086,1782820836.138295202,/gps/odometry.pose.pose.position.y,-0.1397066622329496
27.618333997,1782820836.179974113,/gps/odometry.pose.pose.position.y,-0.13970778343654675
27.660427021,1782820836.222067137,/gps/odometry.pose.pose.position.y,-0.13970879271752734
27.694375059,1782820836.256015175,/gps/odometry.pose.pose.position.y,-0.1397096928442953
27.741713334,1782820836.303353450,/gps/odometry.pose.pose.position.y,-0.13971048025747412
27.791506254,1782820836.353146370,/gps/odometry.pose.pose.position.y,-0.1397111589119266
27.82433931,1782820836.385979426,/gps/odometry.pose.pose.position.y,-0.13971172564376247
27.868214736,1782820836.429854852,/gps/odometry.pose.pose.position.y,-0.1397121816394406
27.913924217,1782820836.475564333,/gps/odometry.pose.pose.position.y,-0.13971252689896102
27.946735126,1782820836.508375242,/gps/odometry.pose.pose.position.y,-0.13971276181780992
27.988621246,1782820836.550261362,/gps/odometry.pose.pose.position.y,-0.1397128863959874
28.036152726,1782820836.597792842,/gps/odometry.pose.pose.position.y,-0.13971290023800711
28.070106169,1782820836.631746285,/gps/odometry.pose.pose.position.y,-0.13971280255289653
28.112694097,1782820836.674334213,/gps/odometry.pose.pose.position.y,-0.1397125961090596
28.162802038,1782820836.724442154,/gps/odometry.pose.pose.position.y,-0.13971227853357862
28.199258987,1782820836.760899103,/gps/odometry.pose.pose.position.y,-0.1397118510129125
28.249704682,1782820836.811344798,/gps/odometry.pose.pose.position.y,-0.13971131315157487
28.282284265,1782820836.843924381,/gps/odometry.pose.pose.position.y,-0.13971066455407952
28.327346158,1782820836.888986274,/gps/odometry.pose.pose.position.y,-0.13970990640688524
28.370897761,1782820836.932537877,/gps/odometry.pose.pose.position.y,-0.13970903752353322
28.403482745,1782820836.965122861,/gps/odometry.pose.pose.position.y,-0.13970805988145485
28.454501584,1782820837.016141700,/gps/odometry.pose.pose.position.y,-0.13970696992127363
28.501059446,1782820837.062699562,/gps/odometry.pose.pose.position.y,-0.13970577120236605
28.53399194,1782820837.095632056,/gps/odometry.pose.pose.position.y,-0.13970446253827326
28.587662995,1782820837.149303111,/gps/odometry.pose.pose.position.y,-0.13970304432448158
28.625591454,1782820837.187231570,/gps/odometry.pose.pose.position.y,-0.13970151577001844
28.659030841,1782820837.220670957,/gps/odometry.pose.pose.position.y,-0.13969987806134265
28.704118852,1782820837.265758968,/gps/odometry.pose.pose.position.y,-0.13969813080296795
28.749009135,1782820837.310649251,/gps/odometry.pose.pose.position.y,-0.13969627280843552
28.78179268,1782820837.343432796,/gps/odometry.pose.pose.position.y,-0.13969430565969043
28.830011759,1782820837.391651875,/gps/odometry.pose.pose.position.y,-0.13969222935673273
28.876565165,1782820837.438205281,/gps/odometry.pose.pose.position.y,-0.13969004271310356
28.911126151,1782820837.472766267,/gps/odometry.pose.pose.position.y,-0.1396877481017206
28.959084522,1782820837.520724638,/gps/odometry.pose.pose.position.y,-0.13968534354515244
29.004010697,1782820837.565650813,/gps/odometry.pose.pose.position.y,-0.13968282983437164
29.036634302,1782820837.598274418,/gps/odometry.pose.pose.position.y,-0.1396802069693782
29.080408947,1782820837.642049063,/gps/odometry.pose.pose.position.y,-0.13967747336822703
29.134114941,1782820837.695755057,/gps/odometry.pose.pose.position.y,-0.1396746325902946
29.167821201,1782820837.729461317,/gps/odometry.pose.pose.position.y,-0.13967168226266327
29.221581625,1782820837.783221741,/gps/odometry.pose.pose.position.y,-0.1396686231763056
29.263907826,1782820837.825547942,/gps/odometry.pose.pose.position.y,-0.13966545533122154
29.297141574,1782820837.858781690,/gps/odometry.pose.pose.position.y,-0.13966217833192487
29.336738137,1782820837.898378253,/gps/odometry.pose.pose.position.y,-0.13965879217841556
29.38799927,1782820837.949639386,/gps/odometry.pose.pose.position.y,-0.1396552968706936
29.421401703,1782820837.983041819,/gps/odometry.pose.pose.position.y,-0.13965169438619043
29.470059806,1782820838.031699922,/gps/odometry.pose.pose.position.y,-0.13964798116552948
29.512545198,1782820838.074185314,/gps/odometry.pose.pose.position.y,-0.13964416155905987
29.5434579,1782820838.105098016,/gps/odometry.pose.pose.position.y,-0.13964023279837762
29.592479619,1782820838.154119735,/gps/odometry.pose.pose.position.y,-0.139636195278969
29.642884564,1782820838.204524680,/gps/odometry.pose.pose.position.y,-0.13963205018729286
29.676361846,1782820838.238001962,/gps/odometry.pose.pose.position.y,-0.13962779515043153
29.722381131,1782820838.284021247,/gps/odometry.pose.pose.position.y,-0.13962343293678894
29.767554102,1782820838.329194218,/gps/odometry.pose.pose.position.y,-0.1396189623599063
29.799115405,1782820838.360755521,/gps/odometry.pose.pose.position.y,-0.13961438421075614
29.847585894,1782820838.409226010,/gps/odometry.pose.pose.position.y,-0.1396096976983659
29.888184824,1782820838.449824940,/gps/odometry.pose.pose.position.y,-0.13960490282273555
29.921048614,1782820838.482688730,/gps/odometry.pose.pose.position.y,-0.13960000077032397
29.97084827,1782820838.532488386,/gps/odometry.pose.pose.position.y,-0.13959499035467232
30.012534553,1782820838.574174669,/gps/odometry.pose.pose.position.y,-0.13958987236675313
30.045388421,1782820838.607028537,/gps/odometry.pose.pose.position.y,-0.1395846456201076
30.09157791,1782820838.653218026,/gps/odometry.pose.pose.position.y,-0.13957931248765337
30.13527833,1782820838.696918446,/gps/odometry.pose.pose.position.y,-0.1395738709919591
30.167811908,1782820838.729452024,/gps/odometry.pose.pose.position.y,-0.13956832152851098
30.216619417,1782820838.778259533,/gps/odometry.pose.pose.position.y,-0.13956266607474047
30.268794845,1782820838.830434961,/gps/odometry.pose.pose.position.y,-0.1395569002802985
30.299365561,1782820838.861005677,/gps/odometry.pose.pose.position.y,-0.13955102968199293
30.34663518,1782820838.908275296,/gps/odometry.pose.pose.position.y,-0.13954505111593357
30.380531823,1782820838.942171939,/gps/odometry.pose.pose.position.y,-0.13953896458212042
30.423498007,1782820838.985138123,/gps/odometry.pose.pose.position.y,-0.13953277126701227
30.466116215,1782820839.027756331,/gps/odometry.pose.pose.position.y,-0.13952646958866405
30.499452328,1782820839.061092444,/gps/odometry.pose.pose.position.y,-0.139520062710966
30.540899936,1782820839.102540052,/gps/odometry.pose.pose.position.y,-0.13951354747002787
30.583677359,1782820839.145317475,/gps/odometry.pose.pose.position.y,-0.13950692465682218
30.618431582,1782820839.180071698,/gps/odometry.pose.pose.position.y,-0.13950019624878038
30.656667995,1782820839.218308111,/gps/odometry.pose.pose.position.y,-0.13949336026847106
30.702052684,1782820839.263692800,/gps/odometry.pose.pose.position.y,-0.1394864167158942
30.734538513,1782820839.296178629,/gps/odometry.pose.pose.position.y,-0.1394793679639675
30.792941008,1782820839.354581124,/gps/odometry.pose.pose.position.y,-0.13947221005782817
30.837230197,1782820839.398870313,/gps/odometry.pose.pose.position.y,-0.13946494734782527
30.869313939,1782820839.430954055,/gps/odometry.pose.pose.position.y,-0.1394575770655548
30.923933525,1782820839.485573641,/gps/odometry.pose.pose.position.y,-0.13945009921101684
30.969468048,1782820839.531108164,/gps/odometry.pose.pose.position.y,-0.13944251615712902
31.005869155,1782820839.567509271,/gps/odometry.pose.pose.position.y,-0.13943482592645995
31.05043863,1782820839.612078746,/gps/odometry.pose.pose.position.y,-0.1394270293099822
31.093033789,1782820839.654673905,/gps/odometry.pose.pose.position.y,-0.1394191255167232
31.126334894,1782820839.687975010,/gps/odometry.pose.pose.position.y,-0.13941111533765552
31.168701448,1782820839.730341564,/gps/odometry.pose.pose.position.y,-0.1394029991682654
31.216439441,1782820839.778079557,/gps/odometry.pose.pose.position.y,-0.13939477582209406
31.256596838,1782820839.818236954,/gps/odometry.pose.pose.position.y,-0.13938644767205913
31.298315634,1782820839.859955750,/gps/odometry.pose.pose.position.y,-0.1393780111587841
31.342494528,1782820839.904134644,/gps/odometry.pose.pose.position.y,-0.13936946905067296
31.375214136,1782820839.936854252,/gps/odometry.pose.pose.position.y,-0.1393608229296708
31.42234867,1782820839.983988786,/gps/odometry.pose.pose.position.y,-0.13935206686348345
31.467984045,1782820840.029624161,/gps/odometry.pose.pose.position.y,-0.13934320678440507
31.500784395,1782820840.062424511,/gps/odometry.pose.pose.position.y,-0.1393342399240317
31.547348202,1782820840.108988318,/gps/odometry.pose.pose.position.y,-0.1393251678643085
31.594183631,1782820840.155823747,/gps/odometry.pose.pose.position.y,-0.13931598902329034
31.630340585,1782820840.191980701,/gps/odometry.pose.pose.position.y,-0.13930670300549092
31.674037916,1782820840.235678032,/gps/odometry.pose.pose.position.y,-0.13929731257931421
31.721801658,1782820840.283441774,/gps/odometry.pose.pose.position.y,-0.13928781655830136
31.76347728,1782820840.325117396,/gps/odometry.pose.pose.position.y,-0.13927821296502096
31.796403238,1782820840.358043354,/gps/odometry.pose.pose.position.y,-0.139268504567877
31.840709389,1782820840.402349505,/gps/odometry.pose.pose.position.y,-0.13925868938943808
31.875722662,1782820840.437362778,/gps/odometry.pose.pose.position.y,-0.1392487709890807
31.921252353,1782820840.482892469,/gps/odometry.pose.pose.position.y,-0.1392387430390244
31.971798182,1782820840.533438298,/gps/odometry.pose.pose.position.y,-0.13922861147156335
32.005005659,1782820840.566645775,/gps/odometry.pose.pose.position.y,-0.13921837351829358
32.048814392,1782820840.610454508,/gps/odometry.pose.pose.position.y,-0.13920803036567397
32.094080189,1782820840.655720305,/gps/odometry.pose.pose.position.y,-0.139197581222732
32.125389884,1782820840.687030000,/gps/odometry.pose.pose.position.y,-0.13918702727592638
32.172879422,1782820840.734519538,/gps/odometry.pose.pose.position.y,-0.13917636654782584
32.227558477,1782820840.789198593,/gps/odometry.pose.pose.position.y,-0.13916560141134796
32.264832275,1782820840.826472391,/gps/odometry.pose.pose.position.y,-0.1391547302845477
32.305755937,1782820840.867396053,/gps/odometry.pose.pose.position.y,-0.13914375277193872
32.358401594,1782820840.920041710,/gps/odometry.pose.pose.position.y,-0.13913267005997992
32.390110486,1782820840.951750602,/gps/odometry.pose.pose.position.y,-0.1391214829396438
32.430662251,1782820840.992302367,/gps/odometry.pose.pose.position.y,-0.1391101890380127
32.463550158,1782820841.025190274,/gps/odometry.pose.pose.position.y,-0.1390987907280043
32.509495173,1782820841.071135289,/gps/odometry.pose.pose.position.y,-0.13908728721864608
32.553627851,1782820841.115267967,/gps/odometry.pose.pose.position.y,-0.1390756773234791
32.589301897,1782820841.150942013,/gps/odometry.pose.pose.position.y,-0.1390639626244486
32.636537547,1782820841.198177663,/gps/odometry.pose.pose.position.y,-0.1390521431215545
32.675238012,1782820841.236878128,/gps/odometry.pose.pose.position.y,-0.13904021841931055
32.707852423,1782820841.269492539,/gps/odometry.pose.pose.position.y,-0.139028188913203
32.755250082,1782820841.316890198,/gps/odometry.pose.pose.position.y,-0.13901605262580052
32.795255848,1782820841.356895964,/gps/odometry.pose.pose.position.y,-0.13900381311647952
32.827937728,1782820841.389577844,/gps/odometry.pose.pose.position.y,-0.13899146643037733
32.868536543,1782820841.430176659,/gps/odometry.pose.pose.position.y,-0.1389790169178429
32.914308886,1782820841.475949002,/gps/odometry.pose.pose.position.y,-0.13896646141498611
32.947692847,1782820841.509332963,/gps/odometry.pose.pose.position.y,-0.1389538007127794
32.99250848,1782820841.554148596,/gps/odometry.pose.pose.position.y,-0.13894103599768173
33.040337845,1782820841.601977961,/gps/odometry.pose.pose.position.y,-0.1389281648967753
33.078578223,1782820841.640218339,/gps/odometry.pose.pose.position.y,-0.13891518938749162
33.124759522,1782820841.686399638,/gps/odometry.pose.pose.position.y,-0.1389021082833718
33.163579493,1782820841.725219609,/gps/odometry.pose.pose.position.y,-0.13888892474830608
33.196212522,1782820841.757852638,/gps/odometry.pose.pose.position.y,-0.1388756352229179
33.24728081,1782820841.808920926,/gps/odometry.pose.pose.position.y,-0.13886223931172106
33.289026792,1782820841.850666908,/gps/odometry.pose.pose.position.y,-0.1388487413650646
33.3233135,1782820841.884953616,/gps/odometry.pose.pose.position.y,-0.13883513782357196
33.363907627,1782820841.925547743,/gps/odometry.pose.pose.position.y,-0.1388214286872432
33.410958287,1782820841.972598403,/gps/odometry.pose.pose.position.y,-0.13880761593350974
33.44499756,1782820842.006637676,/gps/odometry.pose.pose.position.y,-0.13879369837591266
33.489408949,1782820842.051049065,/gps/odometry.pose.pose.position.y,-0.13877967640993827
33.539131788,1782820842.100771904,/gps/odometry.pose.pose.position.y,-0.1387655500355866
33.575724107,1782820842.137364223,/gps/odometry.pose.pose.position.y,-0.1387513192528576
33.628564135,1782820842.190204251,/gps/odometry.pose.pose.position.y,-0.1387369840617513
33.66779434,1782820842.229434456,/gps/odometry.pose.pose.position.y,-0.13872254762615796
33.700683898,1782820842.262324014,/gps/odometry.pose.pose.position.y,-0.1387080455398425
33.746982504,1782820842.308622620,/gps/odometry.pose.pose.position.y,-0.13869347305696964
33.792820613,1782820842.354460729,/gps/odometry.pose.pose.position.y,-0.13867884797442184
33.825228615,1782820842.386868731,/gps/odometry.pose.pose.position.y,-0.13866414063072827
33.877725422,1782820842.439365538,/gps/odometry.pose.pose.position.y,-0.1386493288786574
33.926752484,1782820842.488392600,/gps/odometry.pose.pose.position.y,-0.1386344131136955
33.961415722,1782820842.523055838,/gps/odometry.pose.pose.position.y,-0.13861939175389748
34.008707103,1782820842.570347219,/gps/odometry.pose.pose.position.y,-0.13860426519474964
34.053957011,1782820842.615597127,/gps/odometry.pose.pose.position.y,-0.13858903422722443
34.087352465,1782820842.648992581,/gps/odometry.pose.pose.position.y,-0.1385736984558357
34.136713681,1782820842.698353797,/gps/odometry.pose.pose.position.y,-0.13855825708961078
34.18063122,1782820842.742271336,/gps/odometry.pose.pose.position.y,-0.1385427109195223
34.214744159,1782820842.776384275,/gps/odometry.pose.pose.position.y,-0.13852705994557024
34.260378013,1782820842.822018129,/gps/odometry.pose.pose.position.y,-0.1385113045632409
34.306971288,1782820842.868611404,/gps/odometry.pose.pose.position.y,-0.1384954439815617
34.347029328,1782820842.908669444,/gps/odometry.pose.pose.position.y,-0.13847947938699146
34.388979786,1782820842.950619902,/gps/odometry.pose.pose.position.y,-0.1384634091975851
34.433683388,1782820842.995323504,/gps/odometry.pose.pose.position.y,-0.1384472349952877
34.463339652,1782820843.024979768,/gps/odometry.pose.pose.position.y,-0.13843095598912672
34.509024068,1782820843.070664184,/gps/odometry.pose.pose.position.y,-0.13841457217910216
34.541797862,1782820843.103437978,/gps/odometry.pose.pose.position.y,-0.13839808396070033
34.586905938,1782820843.148546054,/gps/odometry.pose.pose.position.y,-0.13838149172940742
34.642182166,1782820843.203822282,/gps/odometry.pose.pose.position.y,-0.13836479508973726
34.676032355,1782820843.237672471,/gps/odometry.pose.pose.position.y,-0.13834799364620348
34.720783407,1782820843.282423523,/gps/odometry.pose.pose.position.y,-0.138331088585265
34.761621179,1782820843.323261295,/gps/odometry.pose.pose.position.y,-0.1383140771385178
34.794362156,1782820843.356002272,/gps/odometry.pose.pose.position.y,-0.13829696207436584
34.83511607,1782820843.396756186,/gps/odometry.pose.pose.position.y,-0.13827974457926798
34.885310181,1782820843.446950297,/gps/odometry.pose.pose.position.y,-0.1382624210938477
34.918261947,1782820843.479902063,/gps/odometry.pose.pose.position.y,-0.13824499438650897
34.962286443,1782820843.523926559,/gps/odometry.pose.pose.position.y,-0.13822746327079294
35.003608692,1782820843.565248808,/gps/odometry.pose.pose.position.y,-0.13820982735121332
35.036233122,1782820843.597873238,/gps/odometry.pose.pose.position.y,-0.1381920890006878
35.074891269,1782820843.636531385,/gps/odometry.pose.pose.position.y,-0.1381742450553261
35.114370778,1782820843.676010894,/gps/odometry.pose.pose.position.y,-0.13815629867901855
35.147873966,1782820843.709514082,/gps/odometry.pose.pose.position.y,-0.1381382471033611
35.191381157,1782820843.753021273,/gps/odometry.pose.pose.position.y,-0.13812009191029892
35.242904239,1782820843.804544355,/gps/odometry.pose.pose.position.y,-0.13810183230885942
35.276593683,1782820843.838233799,/gps/odometry.pose.pose.position.y,-0.13808346948550146
35.325186049,1782820843.886826165,/gps/odometry.pose.pose.position.y,-0.1380650026492525
35.371222841,1782820843.932862957,/gps/odometry.pose.pose.position.y,-0.1380464333820576
35.404647474,1782820843.966287590,/gps/odometry.pose.pose.position.y,-0.1380277597064854
35.448773051,1782820844.010413167,/gps/odometry.pose.pose.position.y,-0.13800898241350845
35.500428209,1782820844.062068325,/gps/odometry.pose.pose.position.y,-0.13799010150312677
35.534043573,1782820844.095683689,/gps/odometry.pose.pose.position.y,-0.13797111657985406
35.580986852,1782820844.142626968,/gps/odometry.pose.pose.position.y,-0.13795202922563543
35.629868055,1782820844.191508171,/gps/odometry.pose.pose.position.y,-0.13793283667206693
35.663524758,1782820844.225164874,/gps/odometry.pose.pose.position.y,-0.13791354366498396
35.704792518,1782820844.266432634,/gps/odometry.pose.pose.position.y,-0.13789414466757852
35.75547567,1782820844.317115786,/gps/odometry.pose.pose.position.y,-0.13787464323922718
35.793584189,1782820844.355224305,/gps/odometry.pose.pose.position.y,-0.13785503858895737
35.830169757,1782820844.391809873,/gps/odometry.pose.pose.position.y,-0.13783533071676912
35.879180408,1782820844.440820524,/gps/odometry.pose.pose.position.y,-0.13781551962266236
35.913565691,1782820844.475205807,/gps/odometry.pose.pose.position.y,-0.1377956045156646
35.965144364,1782820844.526784480,/gps/odometry.pose.pose.position.y,-0.1377755869777209
36.009430765,1782820844.571070881,/gps/odometry.pose.pose.position.y,-0.13775546661334506
36.046644594,1782820844.608284710,/gps/odometry.pose.pose.position.y,-0.13773524263156445
36.09109306,1782820844.652733176,/gps/odometry.pose.pose.position.y,-0.13771491700981045
36.137651276,1782820844.699291392,/gps/odometry.pose.pose.position.y,-0.13769448658419292
36.170659175,1782820844.732299291,/gps/odometry.pose.pose.position.y,-0.13767395372762944
36.217191008,1782820844.778831124,/gps/odometry.pose.pose.position.y,-0.13765331883560636
36.262773347,1782820844.824413463,/gps/odometry.pose.pose.position.y,-0.1376325807216648
36.293201058,1782820844.854841174,/gps/odometry.pose.pose.position.y,-0.13761173938580473
36.345540979,1782820844.907181095,/gps/odometry.pose.pose.position.y,-0.13759079482802622
36.388989829,1782820844.950629945,/gps/odometry.pose.pose.position.y,-0.1375697494212469
36.421833903,1782820844.983474019,/gps/odometry.pose.pose.position.y,-0.13754859841963146
36.463344057,1782820845.024984173,/gps/odometry.pose.pose.position.y,-0.1375273469645015
36.512268755,1782820845.073908871,/gps/odometry.pose.pose.position.y,-0.1375059926829393
36.552428614,1782820845.114068730,/gps/odometry.pose.pose.position.y,-0.13748453438848615
36.596513921,1782820845.158154037,/gps/odometry.pose.pose.position.y,-0.13746297484954587
36.630572223,1782820845.192212339,/gps/odometry.pose.pose.position.y,-0.13744131169320084
36.674521924,1782820845.236162040,/gps/odometry.pose.pose.position.y,-0.1374195465013962
36.729090603,1782820845.290730719,/gps/odometry.pose.pose.position.y,-0.1373976792741319
36.762282414,1782820845.323922530,/gps/odometry.pose.pose.position.y,-0.13737570882494918
36.806601288,1782820845.368241404,/gps/odometry.pose.pose.position.y,-0.1373536359448205
36.851436747,1782820845.413076863,/gps/odometry.pose.pose.position.y,-0.1373314606337459
36.884299656,1782820845.445939772,/gps/odometry.pose.pose.position.y,-0.13730918249623913
36.929298368,1782820845.490938484,/gps/odometry.pose.pose.position.y,-0.13728680350973158
36.972644988,1782820845.534285104,/gps/odometry.pose.pose.position.y,-0.13726432090581925
37.007031101,1782820845.568671217,/gps/odometry.pose.pose.position.y,-0.13724173666193357
37.066673599,1782820845.628313715,/gps/odometry.pose.pose.position.y,-0.1372190491961294
37.103991326,1782820845.665631442,/gps/odometry.pose.pose.position.y,-0.13719625969486562
37.136409876,1782820845.698049992,/gps/odometry.pose.pose.position.y,-0.13717336894911475
37.185040346,1782820845.746680462,/gps/odometry.pose.pose.position.y,-0.13715037498144542
37.227302062,1782820845.788942178,/gps/odometry.pose.pose.position.y,-0.13712727818734388
37.260299297,1782820845.821939413,/gps/odometry.pose.pose.position.y,-0.13710407975326902
37.302423139,1782820845.864063255,/gps/odometry.pose.pose.position.y,-0.13708078007470706
37.353230863,1782820845.914870979,/gps/odometry.pose.pose.position.y,-0.1370573775697129
37.38540842,1782820845.947048536,/gps/odometry.pose.pose.position.y,-0.13703387223828653
37.427410431,1782820845.989050547,/gps/odometry.pose.pose.position.y,-0.13701026566237312
37.469666548,1782820846.031306664,/gps/odometry.pose.pose.position.y,-0.13698655626002748
37.504800137,1782820846.066440253,/gps/odometry.pose.pose.position.y,-0.13696274521770851
37.550011971,1782820846.111652087,/gps/odometry.pose.pose.position.y,-0.13693883174444363
37.587756154,1782820846.149396270,/gps/odometry.pose.pose.position.y,-0.1369148166312054
37.620217501,1782820846.181857617,/gps/odometry.pose.pose.position.y,-0.13689069948250748
37.659841128,1782820846.221481244,/gps/odometry.pose.pose.position.y,-0.13686648029834997
37.712367525,1782820846.274007641,/gps/odometry.pose.pose.position.y,-0.13684215828776028
37.750149716,1782820846.311789832,/gps/odometry.pose.pose.position.y,-0.1368177346371972
37.787907728,1782820846.349547844,/gps/odometry.pose.pose.position.y,-0.13679320895117447
37.841546965,1782820846.403187081,/gps/odometry.pose.pose.position.y,-0.13676858281163726
37.879891562,1782820846.441531678,/gps/odometry.pose.pose.position.y,-0.13674385305469527
37.925402103,1782820846.487042219,/gps/odometry.pose.pose.position.y,-0.13671902126229366
37.969750135,1782820846.531390251,/gps/odometry.pose.pose.position.y,-0.13669408822540496
38.002481055,1782820846.564121171,/gps/odometry.pose.pose.position.y,-0.13666905315305664
38.045623752,1782820846.607263868,/gps/odometry.pose.pose.position.y,-0.13664391644073495
38.100921514,1782820846.662561630,/gps/odometry.pose.pose.position.y,-0.13661867729746732
38.139821727,1782820846.701461843,/gps/odometry.pose.pose.position.y,-0.1365933365142264
38.177983995,1782820846.739624111,/gps/odometry.pose.pose.position.y,-0.13656789330003952
38.231440103,1782820846.793080219,/gps/odometry.pose.pose.position.y,-0.13654234884136557
38.263030049,1782820846.824670165,/gps/odometry.pose.pose.position.y,-0.13651670313820452
38.314706547,1782820846.876346663,/gps/odometry.pose.pose.position.y,-0.1364909546086113
38.36139571,1782820846.923035826,/gps/odometry.pose.pose.position.y,-0.13646510404355844
38.392479493,1782820846.954119609,/gps/odometry.pose.pose.position.y,-0.13643915302499104
38.450286924,1782820847.011927040,/gps/odometry.pose.pose.position.y,-0.136413099970964
38.498307637,1782820847.059947753,/gps/odometry.pose.pose.position.y,-0.1363869440905048
38.530926589,1782820847.092566705,/gps/odometry.pose.pose.position.y,-0.13636068657007225
38.590414808,1782820847.152054924,/gps/odometry.pose.pose.position.y,-0.1363343278051526
38.649891983,1782820847.211532099,/gps/odometry.pose.pose.position.y,-0.13630786779574586
38.680523503,1782820847.242163619,/gps/odometry.pose.pose.position.y,-0.13628130614636577
38.746420709,1782820847.308060825,/gps/odometry.pose.pose.position.y,-0.13625464167055348
38.779389124,1782820847.341029240,/gps/odometry.pose.pose.position.y,-0.13622787515928156
38.867477255,1782820847.429117371,/gps/odometry.pose.pose.position.y,-0.1362010081944951
38.942606524,1782820847.504246640,/gps/odometry.pose.pose.position.y,-0.13617403919424903
38.975587473,1782820847.537227589,/gps/odometry.pose.pose.position.y,-0.1361469685540296
39.042411976,1782820847.604052092,/gps/odometry.pose.pose.position.y,-0.13611979587835052
39.098310863,1782820847.659950979,/gps/odometry.pose.pose.position.y,-0.13609252274915692
39.132159768,1782820847.693799884,/gps/odometry.pose.pose.position.y,-0.13606514639804485
39.172523263,1782820847.734163379,/gps/odometry.pose.pose.position.y,-0.13603766840695944
39.225237009,1782820847.786877125,/gps/odometry.pose.pose.position.y,-0.13601009114881832
39.258624025,1782820847.820264141,/gps/odometry.pose.pose.position.y,-0.13598241027327246
39.308213673,1782820847.869853789,/gps/odometry.pose.pose.position.y,-0.13595462854872578
39.351176735,1782820847.912816851,/gps/odometry.pose.pose.position.y,-0.1359267443932332
39.384971004,1782820847.946611120,/gps/odometry.pose.pose.position.y,-0.13589875899325354
39.435080854,1782820847.996720970,/gps/odometry.pose.pose.position.y,-0.13587067313975937
39.48114437,1782820848.042784486,/gps/odometry.pose.pose.position.y,-0.13584248485531927
39.513681518,1782820848.075321634,/gps/odometry.pose.pose.position.y,-0.13581419572187836
39.568862978,1782820848.130503094,/gps/odometry.pose.pose.position.y,-0.1357858045529778
39.615847215,1782820848.177487331,/gps/odometry.pose.pose.position.y,-0.13575731174410394
39.648501129,1782820848.210141245,/gps/odometry.pose.pose.position.y,-0.13572872639144104
39.701592064,1782820848.263232180,/gps/odometry.pose.pose.position.y,-0.13570009239396602
39.74736192,1782820848.309002036,/gps/odometry.pose.pose.position.y,-0.13567142161626716
39.781646055,1782820848.343286171,/gps/odometry.pose.pose.position.y,-0.1356426895381953
39.838736901,1782820848.400377017,/gps/odometry.pose.pose.position.y,-0.13561386887119722
39.883265519,1782820848.444905635,/gps/odometry.pose.pose.position.y,-0.13558494537776697
39.916453414,1782820848.478093530,/gps/odometry.pose.pose.position.y,-0.13555591945339077
39.976273859,1782820848.537913975,/gps/odometry.pose.pose.position.y,-0.13552679149355498
40.013219924,1782820848.574860040,/gps/odometry.pose.pose.position.y,-0.13549756110277322
40.047365986,1782820848.609006102,/gps/odometry.pose.pose.position.y,-0.13546822907201814
40.094717988,1782820848.656358104,/gps/odometry.pose.pose.position.y,-0.1354387934238583
40.13897933,1782820848.700619446,/gps/odometry.pose.pose.position.y,-0.13540925653121139
40.171701264,1782820848.733341380,/gps/odometry.pose.pose.position.y,-0.135379616416646
40.224443774,1782820848.786083890,/gps/odometry.pose.pose.position.y,-0.1353498738711347
40.271245987,1782820848.832886103,/gps/odometry.pose.pose.position.y,-0.13532002968565005
40.303503996,1782820848.865144112,/gps/odometry.pose.pose.position.y,-0.1352900830692195
40.357931153,1782820848.919571269,/gps/odometry.pose.pose.position.y,-0.13526003283538418
40.404597331,1782820848.966237447,/gps/odometry.pose.pose.position.y,-0.13522988135706177
40.438490082,1782820849.000130198,/gps/odometry.pose.pose.position.y,-0.13519962744779346
40.479247172,1782820849.040887288,/gps/odometry.pose.pose.position.y,-0.1351692715030655
40.534035815,1782820849.095675931,/gps/odometry.pose.pose.position.y,-0.1351388123364191
40.56822971,1782820849.129869826,/gps/odometry.pose.pose.position.y,-0.1351082523207719
40.620689657,1782820849.182329773,/gps/odometry.pose.pose.position.y,-0.13507758987417876
40.670288213,1782820849.231928329,/gps/odometry.pose.pose.position.y,-0.13504682460115344
40.703730774,1782820849.265370890,/gps/odometry.pose.pose.position.y,-0.13501595808364103
40.750809244,1782820849.312449360,/gps/odometry.pose.pose.position.y,-0.13498498715775134
40.80463051,1782820849.366270626,/gps/odometry.pose.pose.position.y,-0.13495391617383337
40.837570879,1782820849.399210995,/gps/odometry.pose.pose.position.y,-0.1349227427589695
40.893506385,1782820849.455146501,/gps/odometry.pose.pose.position.y,-0.134891467308646
40.945047993,1782820849.506688109,/gps/odometry.pose.pose.position.y,-0.13486009021834913
40.98173599,1782820849.543376106,/gps/odometry.pose.pose.position.y,-0.13482860911516126
41.025427665,1782820849.587067781,/gps/odometry.pose.pose.position.y,-0.13479702755845885
41.059040084,1782820849.620680200,/gps/odometry.pose.pose.position.y,-0.1347653439662968
41.115036997,1782820849.676677113,/gps/odometry.pose.pose.position.y,-0.13473355794318886
41.161545851,1782820849.723185967,/gps/odometry.pose.pose.position.y,-0.13470166948913498
41.194663907,1782820849.756304023,/gps/odometry.pose.pose.position.y,-0.1346696801860803
41.248789944,1782820849.810430060,/gps/odometry.pose.pose.position.y,-0.13463758805659343
41.293664538,1782820849.855304654,/gps/odometry.pose.pose.position.y,-0.13460539349616066
41.325186915,1782820849.886827031,/gps/odometry.pose.pose.position.y,-0.13457309848221335
41.372781894,1782820849.934422010,/gps/odometry.pose.pose.position.y,-0.13454070103732013
41.427012404,1782820849.988652520,/gps/odometry.pose.pose.position.y,-0.13450820116148102
41.462210462,1782820850.023850578,/gps/odometry.pose.pose.position.y,-0.13447560043664106
41.515226671,1782820850.076866787,/gps/odometry.pose.pose.position.y,-0.13444289688536895
41.559838709,1782820850.121478825,/gps/odometry.pose.pose.position.y,-0.13441009169412346
41.592451354,1782820850.154091470,/gps/odometry.pose.pose.position.y,-0.13437718525839087
41.663203711,1782820850.224843827,/gps/odometry.pose.pose.position.y,-0.13434417678719868
41.70019145,1782820850.261831566,/gps/odometry.pose.pose.position.y,-0.13431106667603315
41.733259063,1782820850.294899179,/gps/odometry.pose.pose.position.y,-0.13427785413392165
41.786311906,1782820850.347952022,/gps/odometry.pose.pose.position.y,-0.13424454113829565
41.830346411,1782820850.391986527,/gps/odometry.pose.pose.position.y,-0.1342111253162375
41.862717279,1782820850.424357395,/gps/odometry.pose.pose.position.y,-0.13417760943615104
41.913699732,1782820850.475339848,/gps/odometry.pose.pose.position.y,-0.13414399072963243
41.963346288,1782820850.524986404,/gps/odometry.pose.pose.position.y,-0.1341102707786267
41.998816906,1782820850.560457022,/gps/odometry.pose.pose.position.y,-0.1340764499786202
42.051299224,1782820850.612939340,/gps/odometry.pose.pose.position.y,-0.1340425259566952
42.1028987,1782820850.664538816,/gps/odometry.pose.pose.position.y,-0.13400849910833804
42.135400344,1782820850.697040460,/gps/odometry.pose.pose.position.y,-0.13397437338841145
42.176845194,1782820850.738485310,/gps/odometry.pose.pose.position.y,-0.13394014563302523
42.22895949,1782820850.790599606,/gps/odometry.pose.pose.position.y,-0.1339058158421794
42.265355854,1782820850.826995970,/gps/odometry.pose.pose.position.y,-0.13387138520233272
42.317009281,1782820850.878649397,/gps/odometry.pose.pose.position.y,-0.13383685213154015
42.373035189,1782820850.934675305,/gps/odometry.pose.pose.position.y,-0.1338022182117468
42.411239577,1782820850.972879693,/gps/odometry.pose.pose.position.y,-0.13376748186100748
42.461329132,1782820851.022969248,/gps/odometry.pose.pose.position.y,-0.13373264545223995
42.517657619,1782820851.079297735,/gps/odometry.pose.pose.position.y,-0.13369770700801276
42.551206346,1782820851.112846462,/gps/odometry.pose.pose.position.y,-0.13366266731929852
42.595253866,1782820851.156893982,/gps/odometry.pose.pose.position.y,-0.13362752519963836
42.642189861,1782820851.203829977,/gps/odometry.pose.pose.position.y,-0.13359228302194995
42.675623851,1782820851.237263967,/gps/odometry.pose.pose.position.y,-0.13355693841331562
42.726875876,1782820851.288515992,/gps/odometry.pose.pose.position.y,-0.13352149335116675
42.77315311,1782820851.334793226,/gps/odometry.pose.pose.position.y,-0.13348594625355825
42.806448947,1782820851.368089063,/gps/odometry.pose.pose.position.y,-0.13345029751597642
42.844572361,1782820851.406212477,/gps/odometry.pose.pose.position.y,-0.13341454753390747
42.89421752,1782820851.455857636,/gps/odometry.pose.pose.position.y,-0.13337869749381032
42.934813499,1782820851.496453615,/gps/odometry.pose.pose.position.y,-0.13334274502276722
42.970412107,1782820851.532052223,/gps/odometry.pose.pose.position.y,-0.1333066909117508
43.021090232,1782820851.582730348,/gps/odometry.pose.pose.position.y,-0.13327053555624724
43.054368468,1782820851.616008584,/gps/odometry.pose.pose.position.y,-0.13323427935174292
43.106102271,1782820851.667742387,/gps/odometry.pose.pose.position.y,-0.13319792150726523
43.152717858,1782820851.714357974,/gps/odometry.pose.pose.position.y,-0.13316146202281418
43.189073957,1782820851.750714073,/gps/odometry.pose.pose.position.y,-0.13312490248033487
43.233824407,1782820851.795464523,/gps/odometry.pose.pose.position.y,-0.13308824050690968
43.267163125,1782820851.828803241,/gps/odometry.pose.pose.position.y,-0.13305147728899738
43.305836935,1782820851.867477051,/gps/odometry.pose.pose.position.y,-0.13301461243111173
43.346670412,1782820851.908310528,/gps/odometry.pose.pose.position.y,-0.13297764711971155
43.37976659,1782820851.941406706,/gps/odometry.pose.pose.position.y,-0.13294058016833804
43.4243302,1782820851.985970316,/gps/odometry.pose.pose.position.y,-0.13290341197247743
43.469306928,1782820852.030947044,/gps/odometry.pose.pose.position.y,-0.13286614213664344
43.50140955,1782820852.063049666,/gps/odometry.pose.pose.position.y,-0.13282877066083612
43.546029369,1782820852.107669485,/gps/odometry.pose.pose.position.y,-0.13279129873151427
43.581902293,1782820852.143542409,/gps/odometry.pose.pose.position.y,-0.13275372555770534
43.614726075,1782820852.176366191,/gps/odometry.pose.pose.position.y,-0.13271605074392304
43.655086073,1782820852.216726189,/gps/odometry.pose.pose.position.y,-0.13267827429016738
43.705585828,1782820852.267225944,/gps/odometry.pose.pose.position.y,-0.1326403973828972
43.740450052,1782820852.302090168,/gps/odometry.pose.pose.position.y,-0.13260241804468112
43.791348021,1782820852.352988137,/gps/odometry.pose.pose.position.y,-0.13256433785746424
43.837250565,1782820852.398890681,/gps/odometry.pose.pose.position.y,-0.13252615603027398
43.877071356,1782820852.438711472,/gps/odometry.pose.pose.position.y,-0.13248787295859668
43.911886873,1782820852.473526989,/gps/odometry.pose.pose.position.y,-0.1324494878514597
43.960108668,1782820852.521748784,/gps/odometry.pose.pose.position.y,-0.13241100268629447
43.992084447,1782820852.553724563,/gps/odometry.pose.pose.position.y,-0.13237241627664217
44.044201644,1782820852.605841760,/gps/odometry.pose.pose.position.y,-0.13233372783153025
44.08410616,1782820852.645746276,/gps/odometry.pose.pose.position.y,-0.13229493853741753
44.118307623,1782820852.679947739,/gps/odometry.pose.pose.position.y,-0.13225604720784515
44.165690047,1782820852.727330163,/gps/odometry.pose.pose.position.y,-0.1322170546337857
44.2057457,1782820852.767385816,/gps/odometry.pose.pose.position.y,-0.13217796041975288
44.238692072,1782820852.800332188,/gps/odometry.pose.pose.position.y,-0.132138764961233
44.28972674,1782820852.851366856,/gps/odometry.pose.pose.position.y,-0.13209946944468487
44.3296901,1782820852.891330216,/gps/odometry.pose.pose.position.y,-0.13206007149719082
44.362633346,1782820852.924273462,/gps/odometry.pose.pose.position.y,-0.1320205719097234
44.411083712,1782820852.972723828,/gps/odometry.pose.pose.position.y,-0.1319809714732552
44.452043813,1782820853.013683929,/gps/odometry.pose.pose.position.y,-0.1319412686058411
44.48817083,1782820853.049810946,/gps/odometry.pose.pose.position.y,-0.13190146449393989
44.52745875,1782820853.089098866,/gps/odometry.pose.pose.position.y,-0.13186156032401045
44.566539053,1782820853.128179169,/gps/odometry.pose.pose.position.y,-0.1318215529321625
44.599803191,1782820853.161443307,/gps/odometry.pose.pose.position.y,-0.13178144548228635
44.646129464,1782820853.207769580,/gps/odometry.pose.pose.position.y,-0.13174123560146428
44.688533996,1782820853.250174112,/gps/odometry.pose.pose.position.y,-0.13170092487164137
44.722483605,1782820853.284123721,/gps/odometry.pose.pose.position.y,-0.13166051250184513
44.766408352,1782820853.328048468,/gps/odometry.pose.pose.position.y,-0.13161999809658925
44.808943773,1782820853.370583889,/gps/odometry.pose.pose.position.y,-0.13157938284233256
44.84278866,1782820853.404428776,/gps/odometry.pose.pose.position.y,-0.13153866594810254
44.885248142,1782820853.446888258,/gps/odometry.pose.pose.position.y,-0.1314978478093854
44.932776998,1782820853.494417114,/gps/odometry.pose.pose.position.y,-0.13145692763520866
44.966782549,1782820853.528422665,/gps/odometry.pose.pose.position.y,-0.13141590582105853
45.017759542,1782820853.579399658,/gps/odometry.pose.pose.position.y,-0.13137478276242134
45.065462984,1782820853.627103100,/gps/odometry.pose.pose.position.y,-0.13133355845929706
45.100561603,1782820853.662201719,/gps/odometry.pose.pose.position.y,-0.13129223251619943
45.151092506,1782820853.712732622,/gps/odometry.pose.pose.position.y,-0.13125080493312843
45.200536469,1782820853.762176585,/gps/odometry.pose.pose.position.y,-0.13120927650105665
45.232131054,1782820853.793771170,/gps/odometry.pose.pose.position.y,-0.13116764563803893
45.273259839,1782820853.834899955,/gps/odometry.pose.pose.position.y,-0.1311259123440753
45.306718643,1782820853.868358759,/gps/odometry.pose.pose.position.y,-0.13108407899208346
45.355102447,1782820853.916742563,/gps/odometry.pose.pose.position.y,-0.13104214320914567
45.39361267,1782820853.955252786,/gps/odometry.pose.pose.position.y,-0.1310001061817208
45.42622245,1782820853.987862566,/gps/odometry.pose.pose.position.y,-0.13095796790980888
45.46959035,1782820854.031230466,/gps/odometry.pose.pose.position.y,-0.13091572760243728
45.51453211,1782820854.076172226,/gps/odometry.pose.pose.position.y,-0.13087338565509235
45.546716833,1782820854.108356949,/gps/odometry.pose.pose.position.y,-0.13083094246326032
45.592165806,1782820854.153805922,/gps/odometry.pose.pose.position.y,-0.13078839684048238
45.638446476,1782820854.200086592,/gps/odometry.pose.pose.position.y,-0.13074575076418993
45.670865867,1782820854.232505983,/gps/odometry.pose.pose.position.y,-0.13070300304792412
45.715855086,1782820854.277495202,/gps/odometry.pose.pose.position.y,-0.13066015210973983
45.760592326,1782820854.322232442,/gps/odometry.pose.pose.position.y,-0.13061720427741752
45.796429404,1782820854.358069520,/gps/odometry.pose.pose.position.y,-0.1305742232242479
45.836610416,1782820854.398250532,/gps/odometry.pose.pose.position.y,-0.13053118522105428
45.878831581,1782820854.440471697,/gps/odometry.pose.pose.position.y,-0.13048808829040529
45.911762911,1782820854.473403027,/gps/odometry.pose.pose.position.y,-0.13044493203681465
45.961313855,1782820854.522953971,/gps/odometry.pose.pose.position.y,-0.13040167374776437
46.008638989,1782820854.570279105,/gps/odometry.pose.pose.position.y,-0.13035831342325446
46.041832494,1782820854.603472610,/gps/odometry.pose.pose.position.y,-0.1303148494813398
46.087319224,1782820854.648959340,/gps/odometry.pose.pose.position.y,-0.13027128231750668
46.134258214,1782820854.695898330,/gps/odometry.pose.pose.position.y,-0.13022761272272765
46.169761162,1782820854.731401278,/gps/odometry.pose.pose.position.y,-0.1301838391150576
46.210351363,1782820854.771991479,/gps/odometry.pose.pose.position.y,-0.13013996188998278
46.259638986,1782820854.821279102,/gps/odometry.pose.pose.position.y,-0.13009598302493464
46.293398146,1782820854.855038262,/gps/odometry.pose.pose.position.y,-0.13005189975150913
46.331972478,1782820854.893612594,/gps/odometry.pose.pose.position.y,-0.13000771404713776
46.376433873,1782820854.938073989,/gps/odometry.pose.pose.position.y,-0.12996342472536163
46.410355688,1782820854.971995804,/gps/odometry.pose.pose.position.y,-0.1299190313906945
46.457143505,1782820855.018783621,/gps/odometry.pose.pose.position.y,-0.12987453562508142
46.493886602,1782820855.055526718,/gps/odometry.pose.pose.position.y,-0.12982993742852245
46.526890524,1782820855.088530640,/gps/odometry.pose.pose.position.y,-0.12978523482358617
46.573384868,1782820855.135024984,/gps/odometry.pose.pose.position.y,-0.12974042978770398
46.615915521,1782820855.177555637,/gps/odometry.pose.pose.position.y,-0.1296955215299033
46.648620561,1782820855.210260677,/gps/odometry.pose.pose.position.y,-0.1296505100501842
46.691589602,1782820855.253229718,/gps/odometry.pose.pose.position.y,-0.1296053949530603
46.738747438,1782820855.300387554,/gps/odometry.pose.pose.position.y,-0.12956017782047677
46.771242426,1782820855.332882542,/gps/odometry.pose.pose.position.y,-0.12951485627951598
46.816445757,1782820855.378085873,/gps/odometry.pose.pose.position.y,-0.12946943151663667
46.859407968,1782820855.421048084,/gps/odometry.pose.pose.position.y,-0.12942390432281148
46.892433102,1782820855.454073218,/gps/odometry.pose.pose.position.y,-0.12937827351158154
46.940627464,1782820855.502267580,/gps/odometry.pose.pose.position.y,-0.12933254066489194
46.984622199,1782820855.546262315,/gps/odometry.pose.pose.position.y,-0.12928670340982507
47.021198687,1782820855.582838803,/gps/odometry.pose.pose.position.y,-0.12924076214186717
47.059291143,1782820855.620931259,/gps/odometry.pose.pose.position.y,-0.1291947196294222
47.104335186,1782820855.665975302,/gps/odometry.pose.pose.position.y,-0.12914857310408617
47.136192996,1782820855.697833112,/gps/odometry.pose.pose.position.y,-0.12910232414780426
47.179727607,1782820855.741367723,/gps/odometry.pose.pose.position.y,-0.129055970783145
47.228652498,1782820855.790292614,/gps/odometry.pose.pose.position.y,-0.12900951498753988
47.259021401,1782820855.820661517,/gps/odometry.pose.pose.position.y,-0.12896295597001625
47.306183459,1782820855.867823575,/gps/odometry.pose.pose.position.y,-0.12891629412606045
47.339448914,1782820855.901089030,/gps/odometry.pose.pose.position.y,-0.12886952787372735
47.38505052,1782820855.946690636,/gps/odometry.pose.pose.position.y,-0.12882266077239346
47.421216345,1782820855.982856461,/gps/odometry.pose.pose.position.y,-0.12877568807622342
47.454296936,1782820856.015937052,/gps/odometry.pose.pose.position.y,-0.12872861334459373
47.500335135,1782820856.061975251,/gps/odometry.pose.pose.position.y,-0.12868143499555934
47.546312279,1782820856.107952395,/gps/odometry.pose.pose.position.y,-0.12863415461106528
47.579630003,1782820856.141270119,/gps/odometry.pose.pose.position.y,-0.12858677060916646
47.62428824,1782820856.185928356,/gps/odometry.pose.pose.position.y,-0.12853928259437664
47.670747424,1782820856.232387540,/gps/odometry.pose.pose.position.y,-0.12849169333509972
47.703097468,1782820856.264737584,/gps/odometry.pose.pose.position.y,-0.12844399927195924
47.754943979000004,1782820856.316584095,/gps/odometry.pose.pose.position.y,-0.12839620277787284
47.806282819,1782820856.367922935,/gps/odometry.pose.pose.position.y,-0.12834830266638167
47.839652698,1782820856.401292814,/gps/odometry.pose.pose.position.y,-0.12830029972845836
47.88559836,1782820856.447238476,/gps/odometry.pose.pose.position.y,-0.12825219317313027
47.925808627,1782820856.487448743,/gps/odometry.pose.pose.position.y,-0.12820398418685625
47.959896566,1782820856.521536682,/gps/odometry.pose.pose.position.y,-0.1281556715831775
48.004868675,1782820856.566508791,/gps/odometry.pose.pose.position.y,-0.12810725536209402
48.058403781,1782820856.620043897,/gps/odometry.pose.pose.position.y,-0.12805873710555088
48.091806867,1782820856.653446983,/gps/odometry.pose.pose.position.y,-0.12801011562708928
48.13390329,1782820856.695543406,/gps/odometry.pose.pose.position.y,-0.1279613897402504
48.175449788,1782820856.737089904,/gps/odometry.pose.pose.position.y,-0.12791256142246557
48.211426764,1782820856.773066880,/gps/odometry.pose.pose.position.y,-0.12786363106922113
48.256475255,1782820856.818115371,/gps/odometry.pose.pose.position.y,-0.1278145959121131
48.301565024,1782820856.863205140,/gps/odometry.pose.pose.position.y,-0.12776545792857288
48.33514002,1782820856.896780136,/gps/odometry.pose.pose.position.y,-0.12771621632762792
48.378859716,1782820856.940499832,/gps/odometry.pose.pose.position.y,-0.12766687229573703
48.426981647,1782820856.988621763,/gps/odometry.pose.pose.position.y,-0.1276174246464414
48.458714586,1782820857.020354702,/gps/odometry.pose.pose.position.y,-0.12756787337974104
48.50389435,1782820857.065534466,/gps/odometry.pose.pose.position.y,-0.1275182204730673
48.545994407,1782820857.107634523,/gps/odometry.pose.pose.position.y,-0.12746846236704373
48.580392913,1782820857.142033029,/gps/odometry.pose.pose.position.y,-0.12741860341201933
48.622646925,1782820857.184287041,/gps/odometry.pose.pose.position.y,-0.1273686388621588
48.661864481,1782820857.223504597,/gps/odometry.pose.pose.position.y,-0.12731857227683863
48.694487409,1782820857.256127525,/gps/odometry.pose.pose.position.y,-0.12726840167862744
48.737600403,1782820857.299240519,/gps/odometry.pose.pose.position.y,-0.12721812785849781
48.784827715,1782820857.346467831,/gps/odometry.pose.pose.position.y,-0.12716774962999083
48.829160439,1782820857.390800555,/gps/odometry.pose.pose.position.y,-0.12711726936602424
48.86905764,1782820857.430697756,/gps/odometry.pose.pose.position.y,-0.12706668627562548
48.908911112,1782820857.470551228,/gps/odometry.pose.pose.position.y,-0.12701599877684938
48.943139548,1782820857.504779664,/gps/odometry.pose.pose.position.y,-0.1269652084516411
48.985145323,1782820857.546785439,/gps/odometry.pose.pose.position.y,-0.12691431450902807
49.034519623,1782820857.596159739,/gps/odometry.pose.pose.position.y,-0.1268633173444966
49.070605632,1782820857.632245748,/gps/odometry.pose.pose.position.y,-0.12681221616707408
49.108323744,1782820857.669963860,/gps/odometry.pose.pose.position.y,-0.12676101255870564
49.153851517,1782820857.715491633,/gps/odometry.pose.pose.position.y,-0.12670970375098736
49.188657918,1782820857.750298034,/gps/odometry.pose.pose.position.y,-0.12665829290780944
49.231666705,1782820857.793306821,/gps/odometry.pose.pose.position.y,-0.1266067780517405
49.281749289,1782820857.843389405,/gps/odometry.pose.pose.position.y,-0.1265551595782668
49.316055981,1782820857.877696097,/gps/odometry.pose.pose.position.y,-0.12650343748738835
49.35373065,1782820857.915370766,/gps/odometry.pose.pose.position.y,-0.12645161217459144
49.388832238,1782820857.950472354,/gps/odometry.pose.pose.position.y,-0.12639968205793095
49.428883746,1782820857.990523862,/gps/odometry.pose.pose.position.y,-0.12634764951032457
49.468745287,1782820858.030385403,/gps/odometry.pose.pose.position.y,-0.12629551294982713
49.501887481,1782820858.063527597,/gps/odometry.pose.pose.position.y,-0.1262432719809524
49.555687355,1782820858.117327471,/gps/odometry.pose.pose.position.y,-0.12619092858113176
49.591585381,1782820858.153225497,/gps/odometry.pose.pose.position.y,-0.12613848037744754
49.624734356,1782820858.186374472,/gps/odometry.pose.pose.position.y,-0.12608592895184487
49.67110411,1782820858.232744226,/gps/odometry.pose.pose.position.y,-0.12603327390883742
49.722601966,1782820858.284242082,/gps/odometry.pose.pose.position.y,-0.12598051406196642
49.755832413,1782820858.317472529,/gps/odometry.pose.pose.position.y,-0.12592765217963575
49.802647654,1782820858.364287770,/gps/odometry.pose.pose.position.y,-0.1258746862844141
49.838096636,1782820858.399736752,/gps/odometry.pose.pose.position.y,-0.12582161439887
49.870589239,1782820858.432229355,/gps/odometry.pose.pose.position.y,-0.12576844047786628
49.913567915,1782820858.475208031,/gps/odometry.pose.pose.position.y,-0.12571516214848524
49.962497436,1782820858.524137552,/gps/odometry.pose.pose.position.y,-0.12566177941072693
49.998494126,1782820858.560134242,/gps/odometry.pose.pose.position.y,-0.12560829345105015
50.040360464,1782820858.602000580,/gps/odometry.pose.pose.position.y,-0.1255547018965372
50.084009721,1782820858.645649837,/gps/odometry.pose.pose.position.y,-0.12550100830656463
50.119490117,1782820858.681130233,/gps/odometry.pose.pose.position.y,-0.12544720912175594
50.171682596,1782820858.733322712,/gps/odometry.pose.pose.position.y,-0.12539330513308367
50.200701503,1782820858.762341619,/gps/odometry.pose.pose.position.y,-0.12533929910895175
50.234323832,1782820858.795963948,/gps/odometry.pose.pose.position.y,-0.12528518788546997
50.278643581,1782820858.840283697,/gps/odometry.pose.pose.position.y,-0.12523097304458344
50.327554054,1782820858.889194170,/gps/odometry.pose.pose.position.y,-0.1251766522133745
50.361502698,1782820858.923142814,/gps/odometry.pose.pose.position.y,-0.12512222934670594
50.406153414,1782820858.967793530,/gps/odometry.pose.pose.position.y,-0.12506770048971497
50.452639349,1782820859.014279465,/gps/odometry.pose.pose.position.y,-0.1250130684108055
50.485817531,1782820859.047457647,/gps/odometry.pose.pose.position.y,-0.12495833192351877
50.530713907,1782820859.092354023,/gps/odometry.pose.pose.position.y,-0.12490349063236844
50.570530362,1782820859.132170478,/gps/odometry.pose.pose.position.y,-0.1248485484922173
50.60357228,1782820859.165212396,/gps/odometry.pose.pose.position.y,-0.12479354782009706
50.64825931,1782820859.209899426,/gps/odometry.pose.pose.position.y,-0.1247385020625412
50.692996164,1782820859.254636280,/gps/odometry.pose.pose.position.y,-0.12468342387511056
50.728738113,1782820859.290378229,/gps/odometry.pose.pose.position.y,-0.12462827726855386
50.774287877,1782820859.335927993,/gps/odometry.pose.pose.position.y,-0.1245730242761885
50.815442905,1782820859.377083021,/gps/odometry.pose.pose.position.y,-0.12451766687544581
50.848067669,1782820859.409707785,/gps/odometry.pose.pose.position.y,-0.12446220190243562
50.888168125,1782820859.449808241,/gps/odometry.pose.pose.position.y,-0.12440663173007556
50.930548216,1782820859.492188332,/gps/odometry.pose.pose.position.y,-0.12435095596287937
50.962975966,1782820859.524616082,/gps/odometry.pose.pose.position.y,-0.12429517301890193
51.012848098,1782820859.574488214,/gps/odometry.pose.pose.position.y,-0.12423928368911581
51.056418381,1782820859.618058497,/gps/odometry.pose.pose.position.y,-0.12418329034643866
51.092463699,1782820859.654103815,/gps/odometry.pose.pose.position.y,-0.12412718943149399
51.136309917,1782820859.697950033,/gps/odometry.pose.pose.position.y,-0.12407098331719946
51.185296685,1782820859.746936801,/gps/odometry.pose.pose.position.y,-0.12401466963063741
51.217451642,1782820859.779091758,/gps/odometry.pose.pose.position.y,-0.12395825034923921
51.255406636000004,1782820859.817046752,/gps/odometry.pose.pose.position.y,-0.12390172468203235
51.303496013,1782820859.865136129,/gps/odometry.pose.pose.position.y,-0.1238450938154756
51.337861641,1782820859.899501757,/gps/odometry.pose.pose.position.y,-0.1237883561676239
51.377237719,1782820859.938877835,/gps/odometry.pose.pose.position.y,-0.12373151173847723
51.410155746,1782820859.971795862,/gps/odometry.pose.pose.position.y,-0.12367456171449442
51.459990022,1782820860.021630138,/gps/odometry.pose.pose.position.y,-0.12361750530470292
51.49927248,1782820860.060912596,/gps/odometry.pose.pose.position.y,-0.12356034290458902
51.531919886,1782820860.093560002,/gps/odometry.pose.pose.position.y,-0.12350307293220758
51.583859572,1782820860.145499688,/gps/odometry.pose.pose.position.y,-0.12344569736499003
51.616564564,1782820860.178204680,/gps/odometry.pose.pose.position.y,-0.12338821580745005
51.649896026,1782820860.211536142,/gps/odometry.pose.pose.position.y,-0.12333062707312882
51.693798423,1782820860.255438539,/gps/odometry.pose.pose.position.y,-0.1232729319529989
51.737299543,1782820860.298939659,/gps/odometry.pose.pose.position.y,-0.12321513123803286
51.770650708,1782820860.332290824,/gps/odometry.pose.pose.position.y,-0.12315722295079928
51.815921255,1782820860.377561371,/gps/odometry.pose.pose.position.y,-0.1230992086732433
51.868084206,1782820860.429724322,/gps/odometry.pose.pose.position.y,-0.1230410884053649
51.900694273,1782820860.462334389,/gps/odometry.pose.pose.position.y,-0.12298286016973271
51.951245473,1782820860.512885589,/gps/odometry.pose.pose.position.y,-0.12292452515280554
51.990236438,1782820860.551876554,/gps/odometry.pose.pose.position.y,-0.12286608612298736
52.02318728,1782820860.584827396,/gps/odometry.pose.pose.position.y,-0.12280753872992908
52.06758306,1782820860.629223176,/gps/odometry.pose.pose.position.y,-0.12274888416008957
52.109569006,1782820860.671209122,/gps/odometry.pose.pose.position.y,-0.12269012359992765
52.142072555,1782820860.703712671,/gps/odometry.pose.pose.position.y,-0.12263125665395704
52.191602843,1782820860.753242959,/gps/odometry.pose.pose.position.y,-0.1225722821357189
52.239198985,1782820860.800839101,/gps/odometry.pose.pose.position.y,-0.12251320202264461
52.272578577,1782820860.834218693,/gps/odometry.pose.pose.position.y,-0.12245401394181656
52.314313634,1782820860.875953750,/gps/odometry.pose.pose.position.y,-0.12239471987066607
52.367327138,1782820860.928967254,/gps/odometry.pose.pose.position.y,-0.12233531901822062
52.402579818,1782820860.964219934,/gps/odometry.pose.pose.position.y,-0.1222758109889939
52.449978434,1782820861.011618550,/gps/odometry.pose.pose.position.y,-0.12221619538749968
52.494393145,1782820861.056033261,/gps/odometry.pose.pose.position.y,-0.12215647419116933
52.527063221,1782820861.088703337,/gps/odometry.pose.pose.position.y,-0.12209664542257145
52.567936242,1782820861.129576358,/gps/odometry.pose.pose.position.y,-0.12203671026816489
52.608361991,1782820861.170002107,/gps/odometry.pose.pose.position.y,-0.12197666833246333
52.641413475,1782820861.203053591,/gps/odometry.pose.pose.position.y,-0.121916518429008
52.676951103,1782820861.238591219,/gps/odometry.pose.pose.position.y,-0.12185626253523024
52.719444762,1782820861.281084878,/gps/odometry.pose.pose.position.y,-0.12179589906918498
52.757172712,1782820861.318812828,/gps/odometry.pose.pose.position.y,-0.1217354276353859
52.805526898,1782820861.367167014,/gps/odometry.pose.pose.position.y,-0.12167485139772326
52.849027751,1782820861.410667867,/gps/odometry.pose.pose.position.y,-0.12161416640133423
52.88219456,1782820861.443834676,/gps/odometry.pose.pose.position.y,-0.12155337462365026
52.927337218,1782820861.488977334,/gps/odometry.pose.pose.position.y,-0.12149247527369876
52.977377636,1782820861.539017752,/gps/odometry.pose.pose.position.y,-0.12143147032891112
53.014549842,1782820861.576189958,/gps/odometry.pose.pose.position.y,-0.12137035583442458
53.052953694,1782820861.614593810,/gps/odometry.pose.pose.position.y,-0.12130913614058816
53.102177287,1782820861.663817403,/gps/odometry.pose.pose.position.y,-0.12124780729253912
53.135378022,1782820861.697018138,/gps/odometry.pose.pose.position.y,-0.12118637324514023
53.174846166,1782820861.736486282,/gps/odometry.pose.pose.position.y,-0.12112483122998753
53.222898835,1782820861.784538951,/gps/odometry.pose.pose.position.y,-0.12106318124708103
53.254163011,1782820861.815803127,/gps/odometry.pose.pose.position.y,-0.12100142408739331
53.306314486,1782820861.867954602,/gps/odometry.pose.pose.position.y,-0.1209395597509243
53.35459627,1782820861.916236386,/gps/odometry.pose.pose.position.y,-0.12087758784218779
53.387760967,1782820861.949401083,/gps/odometry.pose.pose.position.y,-0.12081550875667003
53.430247888,1782820861.991888004,/gps/odometry.pose.pose.position.y,-0.12075332130791219
53.462061243,1782820862.023701359,/gps/odometry.pose.pose.position.y,-0.12069102786883196
53.511331571,1782820862.072971687,/gps/odometry.pose.pose.position.y,-0.12062862606651163
53.561110512,1782820862.122750628,/gps/odometry.pose.pose.position.y,-0.12056611669192378
53.593486898,1782820862.155127014,/gps/odometry.pose.pose.position.y,-0.12050349974506842
53.636466222,1782820862.198106338,/gps/odometry.pose.pose.position.y,-0.12044077522594553
53.672083972,1782820862.233724088,/gps/odometry.pose.pose.position.y,-0.12037794273906882
53.70506719,1782820862.266707306,/gps/odometry.pose.pose.position.y,-0.12031500347089716
53.747415456,1782820862.309055572,/gps/odometry.pose.pose.position.y,-0.12025195465302659
53.787734881,1782820862.349374997,/gps/odometry.pose.pose.position.y,-0.12018880024031987
53.820469024,1782820862.382109140,/gps/odometry.pose.pose.position.y,-0.1201255370688868
53.864742871,1782820862.426382987,/gps/odometry.pose.pose.position.y,-0.12006216553421366
53.912625652,1782820862.474265768,/gps/odometry.pose.pose.position.y,-0.11999868603178672
53.944580778,1782820862.506220894,/gps/odometry.pose.pose.position.y,-0.11993510014355108
53.989779396,1782820862.551419512,/gps/odometry.pose.pose.position.y,-0.11987140628756165
54.040195433,1782820862.601835549,/gps/odometry.pose.pose.position.y,-0.11980760209090073
54.074990489,1782820862.636630605,/gps/odometry.pose.pose.position.y,-0.11974369309037627
54.115113746,1782820862.676753862,/gps/odometry.pose.pose.position.y,-0.11967967335369403
54.158459593,1782820862.720099709,/gps/odometry.pose.pose.position.y,-0.11961554802217568
54.191186986,1782820862.752827102,/gps/odometry.pose.pose.position.y,-0.11955131116352702
54.250055417,1782820862.811695533,/gps/odometry.pose.pose.position.y,-0.1194869691055285
54.282248703,1782820862.843888819,/gps/odometry.pose.pose.position.y,-0.11942251749783107
54.314969334,1782820862.876609450,/gps/odometry.pose.pose.position.y,-0.11935795950432494
54.363056636,1782820862.924696752,/gps/odometry.pose.pose.position.y,-0.11929329117014735
54.417909062,1782820862.979549178,/gps/odometry.pose.pose.position.y,-0.1192285164501611
54.450041566,1782820863.011681682,/gps/odometry.pose.pose.position.y,-0.11916363059853077
54.500908306,1782820863.062548422,/gps/odometry.pose.pose.position.y,-0.11909863915206435
54.541597678,1782820863.103237794,/gps/odometry.pose.pose.position.y,-0.11903353776041274
54.574274734,1782820863.135914850,/gps/odometry.pose.pose.position.y,-0.11896832919197986
54.615950638,1782820863.177590754,/gps/odometry.pose.pose.position.y,-0.11890301067836181
54.659551427,1782820863.221191543,/gps/odometry.pose.pose.position.y,-0.11883758459247623
54.6923299,1782820863.253970016,/gps/odometry.pose.pose.position.y,-0.118772049352378
54.741538609,1782820863.303178725,/gps/odometry.pose.pose.position.y,-0.11870640693549855
54.788954403,1782820863.350594519,/gps/odometry.pose.pose.position.y,-0.11864065378246136
54.821967644,1782820863.383607760,/gps/odometry.pose.pose.position.y,-0.11857479384812919
54.863297628,1782820863.424937744,/gps/odometry.pose.pose.position.y,-0.1185088243640981
54.900641664,1782820863.462281780,/gps/odometry.pose.pose.position.y,-0.11844274651682696
54.933456525,1782820863.495096641,/gps/odometry.pose.pose.position.y,-0.11837655951534316
54.978555044,1782820863.540195160,/gps/odometry.pose.pose.position.y,-0.11831026335964673
55.026056641,1782820863.587696757,/gps/odometry.pose.pose.position.y,-0.11824385884071022
55.058486973,1782820863.620127089,/gps/odometry.pose.pose.position.y,-0.11817734516756108
55.102597848,1782820863.664237964,/gps/odometry.pose.pose.position.y,-0.1181107223401993
55.14651391,1782820863.708154026,/gps/odometry.pose.pose.position.y,-0.11804399194057
55.178290148,1782820863.739930264,/gps/odometry.pose.pose.position.y,-0.11797715080478295
55.223139721,1782820863.784779837,/gps/odometry.pose.pose.position.y,-0.11791020130575583
55.274997758,1782820863.836637874,/gps/odometry.pose.pose.position.y,-0.11784314225702981
55.306360182,1782820863.868000298,/gps/odometry.pose.pose.position.y,-0.11777597444957742
55.34807222,1782820863.909712336,/gps/odometry.pose.pose.position.y,-0.11770869669693985
55.395597643,1782820863.957237759,/gps/odometry.pose.pose.position.y,-0.11764131097654848
55.428390247,1782820863.990030363,/gps/odometry.pose.pose.position.y,-0.11757381491548564
55.47308854,1782820864.034728656,/gps/odometry.pose.pose.position.y,-0.11750620970021015
55.504903167,1782820864.066543283,/gps/odometry.pose.pose.position.y,-0.11743849572620833
55.543865474,1782820864.105505590,/gps/odometry.pose.pose.position.y,-0.11737067220250758
55.581412377,1782820864.143052493,/gps/odometry.pose.pose.position.y,-0.11730273873362165
55.616047883,1782820864.177687999,/gps/odometry.pose.pose.position.y,-0.11723469492406424
55.659495567,1782820864.221135683,/gps/odometry.pose.pose.position.y,-0.11716654354223932
55.698526928,1782820864.260167044,/gps/odometry.pose.pose.position.y,-0.11709829605724893
55.732643334,1782820864.294283450,/gps/odometry.pose.pose.position.y,-0.1170300046732817
55.776084115,1782820864.337724231,/gps/odometry.pose.pose.position.y,-0.11696170498410267
55.823216018,1782820864.384856134,/gps/odometry.pose.pose.position.y,-0.11689335823205657
55.855131533,1782820864.416771649,/gps/odometry.pose.pose.position.y,-0.11682490944455086
55.903677479,1782820864.465317595,/gps/odometry.pose.pose.position.y,-0.11675634833894229
55.945479691,1782820864.507119807,/gps/odometry.pose.pose.position.y,-0.11668767689266224
55.980085364,1782820864.541725480,/gps/odometry.pose.pose.position.y,-0.11661889352376563
56.031728994,1782820864.593369110,/gps/odometry.pose.pose.position.y,-0.11654999704579358
56.073772494,1782820864.635412610,/gps/odometry.pose.pose.position.y,-0.11648099022715008
56.105859125,1782820864.667499241,/gps/odometry.pose.pose.position.y,-0.11641186950845862
56.150246514,1782820864.711886630,/gps/odometry.pose.pose.position.y,-0.11634263844909569
56.198072201,1782820864.759712317,/gps/odometry.pose.pose.position.y,-0.11627329586260247
56.231246917,1782820864.792887033,/gps/odometry.pose.pose.position.y,-0.11620384016703382
56.270197252,1782820864.831837368,/gps/odometry.pose.pose.position.y,-0.11613427294433488
56.311869803,1782820864.873509919,/gps/odometry.pose.pose.position.y,-0.11606459340353309
56.344944089,1782820864.906584205,/gps/odometry.pose.pose.position.y,-0.11599480233560099
56.382374012,1782820864.944014128,/gps/odometry.pose.pose.position.y,-0.11592489855407977
56.426565118,1782820864.988205234,/gps/odometry.pose.pose.position.y,-0.11585488324542824
56.459830136,1782820865.021470252,/gps/odometry.pose.pose.position.y,-0.11578475522318758
56.523654323,1782820865.085294439,/gps/odometry.pose.pose.position.y,-0.11571451527833033
56.559909565,1782820865.121549681,/gps/odometry.pose.pose.position.y,-0.11564416301537024
56.596479055,1782820865.158119171,/gps/odometry.pose.pose.position.y,-0.11557369962076613
56.636694759,1782820865.198334875,/gps/odometry.pose.pose.position.y,-0.11550312272160032
56.679374866,1782820865.241014982,/gps/odometry.pose.pose.position.y,-0.11543243271335911
56.711277536,1782820865.272917652,/gps/odometry.pose.pose.position.y,-0.11536163196896017
56.745614102,1782820865.307254218,/gps/odometry.pose.pose.position.y,-0.11529071771999952
56.787660198,1782820865.349300314,/gps/odometry.pose.pose.position.y,-0.11521969115293601
56.819773074,1782820865.381413190,/gps/odometry.pose.pose.position.y,-0.11514855384971477
56.863978874,1782820865.425618990,/gps/odometry.pose.pose.position.y,-0.11507730225095929
56.910858456,1782820865.472498572,/gps/odometry.pose.pose.position.y,-0.11500593754312839
56.9503841,1782820865.512024216,/gps/odometry.pose.pose.position.y,-0.11493446249462604
56.989532176,1782820865.551172292,/gps/odometry.pose.pose.position.y,-0.1148628735460757
57.033563028,1782820865.595203144,/gps/odometry.pose.pose.position.y,-0.11479117188393624
57.065652726,1782820865.627292842,/gps/odometry.pose.pose.position.y,-0.11471935790369392
57.107853579,1782820865.669493695,/gps/odometry.pose.pose.position.y,-0.1146474304188899
57.15589368,1782820865.717533796,/gps/odometry.pose.pose.position.y,-0.11457539180244188
57.192433967,1782820865.754074083,/gps/odometry.pose.pose.position.y,-0.11450323928594588
57.229356489,1782820865.790996605,/gps/odometry.pose.pose.position.y,-0.11443097445134703
57.272751754,1782820865.834391870,/gps/odometry.pose.pose.position.y,-0.11435859650767279
57.305708004,1782820865.867348120,/gps/odometry.pose.pose.position.y,-0.11428610624589566
57.353662279,1782820865.915302395,/gps/odometry.pose.pose.position.y,-0.11421350247955687
57.40010217,1782820865.961742286,/gps/odometry.pose.pose.position.y,-0.11414078639511521
57.431493204,1782820865.993133320,/gps/odometry.pose.pose.position.y,-0.11406795680611187
57.473456652,1782820866.035096768,/gps/odometry.pose.pose.position.y,-0.11399501292157428
57.506389283,1782820866.068029399,/gps/odometry.pose.pose.position.y,-0.11392195790539268
57.54568695,1782820866.107327066,/gps/odometry.pose.pose.position.y,-0.11384878978013564
57.588502234,1782820866.150142350,/gps/odometry.pose.pose.position.y,-0.11377550815031694
57.62315195,1782820866.184792066,/gps/odometry.pose.pose.position.y,-0.11370211341142282
57.662915548,1782820866.224555664,/gps/odometry.pose.pose.position.y,-0.11362860635442587
57.705898786,1782820866.267538902,/gps/odometry.pose.pose.position.y,-0.1135549838154358
57.738785964,1782820866.300426080,/gps/odometry.pose.pose.position.y,-0.113481250540288
57.782994509,1782820866.344634625,/gps/odometry.pose.pose.position.y,-0.11340740257411969
57.826223325,1782820866.387863441,/gps/odometry.pose.pose.position.y,-0.11333344070790341
57.858879843,1782820866.420519959,/gps/odometry.pose.pose.position.y,-0.113259366128098
57.909986388,1782820866.471626504,/gps/odometry.pose.pose.position.y,-0.11318517962567602
57.949881082,1782820866.511521198,/gps/odometry.pose.pose.position.y,-0.11311087645480213
57.98280607,1782820866.544446186,/gps/odometry.pose.pose.position.y,-0.1130364621522842
58.023459043,1782820866.585099159,/gps/odometry.pose.pose.position.y,-0.11296193355423204
58.069089675,1782820866.630729791,/gps/odometry.pose.pose.position.y,-0.11288729224259074
58.101518427,1782820866.663158543,/gps/odometry.pose.pose.position.y,-0.11281253663541518
58.14476673,1782820866.706406846,/gps/odometry.pose.pose.position.y,-0.11273766752367796
58.189580455,1782820866.751220571,/gps/odometry.pose.pose.position.y,-0.11266268451189278
58.222720254,1782820866.784360370,/gps/odometry.pose.pose.position.y,-0.11258758839103218
58.265785065,1782820866.827425181,/gps/odometry.pose.pose.position.y,-0.11251237837012358
58.309212082,1782820866.870852198,/gps/odometry.pose.pose.position.y,-0.11243705286722194
58.341927236,1782820866.903567352,/gps/odometry.pose.pose.position.y,-0.11236161583719001
58.390243856,1782820866.951883972,/gps/odometry.pose.pose.position.y,-0.11228606292967871
58.423239936,1782820866.984880052,/gps/odometry.pose.pose.position.y,-0.11221039809955083
58.456424963,1782820867.018065079,/gps/odometry.pose.pose.position.y,-0.11213461699645731
58.499053406,1782820867.060693522,/gps/odometry.pose.pose.position.y,-0.11205872317977468
58.539602857,1782820867.101242973,/gps/odometry.pose.pose.position.y,-0.11198271506755779
58.573246627,1782820867.134886743,/gps/odometry.pose.pose.position.y,-0.11190659305529294
58.613000334,1782820867.174640450,/gps/odometry.pose.pose.position.y,-0.11183035674749386
58.661675327,1782820867.223315443,/gps/odometry.pose.pose.position.y,-0.11175400614416052
58.698198258,1782820867.259838374,/gps/odometry.pose.pose.position.y,-0.1116775420362655
58.746661281,1782820867.308301397,/gps/odometry.pose.pose.position.y,-0.11160096046894599
58.783939582,1782820867.345579698,/gps/odometry.pose.pose.position.y,-0.11152426816546877
58.816356812,1782820867.377996928,/gps/odometry.pose.pose.position.y,-0.11144746037999846
58.870414194,1782820867.432054310,/gps/odometry.pose.pose.position.y,-0.11137053750802135
58.914102101,1782820867.475742217,/gps/odometry.pose.pose.position.y,-0.11129350073599627
58.946542395,1782820867.508182511,/gps/odometry.pose.pose.position.y,-0.1112163488774644
58.997405152,1782820867.559045268,/gps/odometry.pose.pose.position.y,-0.1111390827233983
59.035826847,1782820867.597466963,/gps/odometry.pose.pose.position.y,-0.11106170187831166
59.068596808,1782820867.630236924,/gps/odometry.pose.pose.position.y,-0.1109842063422045
59.112662853,1782820867.674302969,/gps/odometry.pose.pose.position.y,-0.11090659611507682
59.158416824,1782820867.720056940,/gps/odometry.pose.pose.position.y,-0.11082887080144235
59.190876143,1782820867.752516259,/gps/odometry.pose.pose.position.y,-0.11075103198324618
59.231951226,1782820867.793591342,/gps/odometry.pose.pose.position.y,-0.11067307689208437
59.281533061,1782820867.843173177,/gps/odometry.pose.pose.position.y,-0.11059500592344323
59.318001974,1782820867.879642090,/gps/odometry.pose.pose.position.y,-0.11051682263669922
59.361710315,1782820867.923350431,/gps/odometry.pose.pose.position.y,-0.11043852149504448
59.40565288,1782820867.967292996,/gps/odometry.pose.pose.position.y,-0.11036010605785548
59.438051208,1782820867.999691324,/gps/odometry.pose.pose.position.y,-0.11028157672061853
59.484342562,1782820868.045982678,/gps/odometry.pose.pose.position.y,-0.11020293071492965
59.520462288,1782820868.082102404,/gps/odometry.pose.pose.position.y,-0.11012417041370655
59.56722073,1782820868.128860846,/gps/odometry.pose.pose.position.y,-0.11004529344403154
59.610999171,1782820868.172639287,/gps/odometry.pose.pose.position.y,-0.10996630257430855
59.644025245,1782820868.205665361,/gps/odometry.pose.pose.position.y,-0.10988719582710621
59.689803799,1782820868.251443915,/gps/odometry.pose.pose.position.y,-0.10980797320242452
59.734559644,1782820868.296199760,/gps/odometry.pose.pose.position.y,-0.10972863588672231
59.76678375,1782820868.328423866,/gps/odometry.pose.pose.position.y,-0.10964918190256819
59.815556184,1782820868.377196300,/gps/odometry.pose.pose.position.y,-0.109569612436421
59.862981698,1782820868.424621814,/gps/odometry.pose.pose.position.y,-0.10948992709279444
59.901655886,1782820868.463296002,/gps/odometry.pose.pose.position.y,-0.10941012666266109
59.938887677,1782820868.500527793,/gps/odometry.pose.pose.position.y,-0.10933021035504839
59.986802521,1782820868.548442637,/gps/odometry.pose.pose.position.y,-0.10925017777447003
60.020031191,1782820868.581671307,/gps/odometry.pose.pose.position.y,-0.10917003010738491
60.065002148,1782820868.626642264,/gps/odometry.pose.pose.position.y,-0.1090897649808753
60.109624763,1782820868.671264879,/gps/odometry.pose.pose.position.y,-0.10900938397688635
60.142867861,1782820868.704507977,/gps/odometry.pose.pose.position.y,-0.10892888709541806
60.191197032,1782820868.752837148,/gps/odometry.pose.pose.position.y,-0.10884827354549784
60.230980301,1782820868.792620417,/gps/odometry.pose.pose.position.y,-0.10876757575700048
60.264426896,1782820868.826067012,/gps/odometry.pose.pose.position.y,-0.10868686135807945
60.303867133,1782820868.865507249,/gps/odometry.pose.pose.position.y,-0.1086061248119269
60.342509602,1782820868.904149718,/gps/odometry.pose.pose.position.y,-0.10852529018517747
60.376712344,1782820868.938352460,/gps/odometry.pose.pose.position.y,-0.10844433651705847
60.424183319,1782820868.985823435,/gps/odometry.pose.pose.position.y,-0.10836326618048754
60.470589765,1782820869.032229881,/gps/odometry.pose.pose.position.y,-0.1082820760115745
60.503374125,1782820869.065014241,/gps/odometry.pose.pose.position.y,-0.10820076719677818
60.561431599,1782820869.123071715,/gps/odometry.pose.pose.position.y,-0.10811934052707109
60.596219653,1782820869.157859769,/gps/odometry.pose.pose.position.y,-0.10803779560696698
60.629420111,1782820869.191060227,/gps/odometry.pose.pose.position.y,-0.10795613164549331
60.683208122,1782820869.244848238,/gps/odometry.pose.pose.position.y,-0.10787434864265007
60.722475157,1782820869.284115273,/gps/odometry.pose.pose.position.y,-0.10779244738940978
60.755449956,1782820869.317090072,/gps/odometry.pose.pose.position.y,-0.10771042669931365
60.798918262,1782820869.360558378,/gps/odometry.pose.pose.position.y,-0.10762828854979306
60.845225098,1782820869.406865214,/gps/odometry.pose.pose.position.y,-0.10754603017244407
60.877942208,1782820869.439582324,/gps/odometry.pose.pose.position.y,-0.10746365473115689
60.922515421,1782820869.484155537,/gps/odometry.pose.pose.position.y,-0.10738115945752759
60.965119499,1782820869.526759615,/gps/odometry.pose.pose.position.y,-0.10729854514252869
60.997466307,1782820869.559106423,/gps/odometry.pose.pose.position.y,-0.10721581139067395
61.041231388,1782820869.602871504,/gps/odometry.pose.pose.position.y,-0.10713295859744963
61.080783619,1782820869.642423735,/gps/odometry.pose.pose.position.y,-0.10704998676285574
61.114328556,1782820869.675968672,/gps/odometry.pose.pose.position.y,-0.10696689628237854
61.162035967,1782820869.723676083,/gps/odometry.pose.pose.position.y,-0.10688368676053178
61.197131658,1782820869.758771774,/gps/odometry.pose.pose.position.y,-0.1068003570108566
61.231618407,1782820869.793258523,/gps/odometry.pose.pose.position.y,-0.10671690861529813
61.267008455,1782820869.828648571,/gps/odometry.pose.pose.position.y,-0.10663334157385636
61.310160635,1782820869.871800751,/gps/odometry.pose.pose.position.y,-0.10654965390909991
61.348617301,1782820869.910257417,/gps/odometry.pose.pose.position.y,-0.10646584838943271
61.38887863,1782820869.950518746,/gps/odometry.pose.pose.position.y,-0.106381921059992
61.435313845,1782820869.996953961,/gps/odometry.pose.pose.position.y,-0.10629787627112683
61.467652112,1782820870.029292228,/gps/odometry.pose.pose.position.y,-0.10621371164991951
61.511045994,1782820870.072686110,/gps/odometry.pose.pose.position.y,-0.1061294264053975
61.544144145,1782820870.105784261,/gps/odometry.pose.pose.position.y,-0.10604502251499222
61.586148039,1782820870.147788155,/gps/odometry.pose.pose.position.y,-0.10596049760578595
61.626670422,1782820870.188310538,/gps/odometry.pose.pose.position.y,-0.10587585365521014
61.659669162,1782820870.221309278,/gps/odometry.pose.pose.position.y,-0.10579108987229217
61.698046554,1782820870.259686670,/gps/odometry.pose.pose.position.y,-0.10570620665251836
61.733143150000004,1782820870.294783266,/gps/odometry.pose.pose.position.y,-0.10562120320491612
61.766275606,1782820870.327915722,/gps/odometry.pose.pose.position.y,-0.10553607952948549
61.805139739,1782820870.366779855,/gps/odometry.pose.pose.position.y,-0.105450836417199
61.853889665,1782820870.415529781,/gps/odometry.pose.pose.position.y,-0.10536547189062528
61.887192124,1782820870.448832240,/gps/odometry.pose.pose.position.y,-0.1052799895091408
61.936203246,1782820870.497843362,/gps/odometry.pose.pose.position.y,-0.10519438452691028
61.978422398,1782820870.540062514,/gps/odometry.pose.pose.position.y,-0.10510866050331015
62.011243213,1782820870.572883329,/gps/odometry.pose.pose.position.y,-0.10502281585639536
62.058176315,1782820870.619816431,/gps/odometry.pose.pose.position.y,-0.10493685098165215
62.103393131,1782820870.665033247,/gps/odometry.pose.pose.position.y,-0.10485076587908052
62.134859948,1782820870.696500064,/gps/odometry.pose.pose.position.y,-0.10476455975770795
62.17968885,1782820870.741328966,/gps/odometry.pose.pose.position.y,-0.10467823459496578
62.21977545,1782820870.781415566,/gps/odometry.pose.pose.position.y,-0.10459178722696383
62.252774818,1782820870.814414934,/gps/odometry.pose.pose.position.y,-0.1045052208175923
62.293876642,1782820870.855516758,/gps/odometry.pose.pose.position.y,-0.10441853259844724
62.3366975,1782820870.898337616,/gps/odometry.pose.pose.position.y,-0.10433172336050123
62.37111789,1782820870.932758006,/gps/odometry.pose.pose.position.y,-0.10424479429021308
62.414568783,1782820870.976208899,/gps/odometry.pose.pose.position.y,-0.10415774420112398
62.45812879,1782820871.019768906,/gps/odometry.pose.pose.position.y,-0.10407057348872019
62.491134964,1782820871.052775080,/gps/odometry.pose.pose.position.y,-0.10398328136202915
62.527909486,1782820871.089549602,/gps/odometry.pose.pose.position.y,-0.1038958678210509
62.573233537,1782820871.134873653,/gps/odometry.pose.pose.position.y,-0.10380833484321675
62.60623136,1782820871.167871476,/gps/odometry.pose.pose.position.y,-0.10372067926463656
62.650630443,1782820871.212270559,/gps/odometry.pose.pose.position.y,-0.10363290306274167
62.698986573,1782820871.260626689,/gps/odometry.pose.pose.position.y,-0.10354500544655955
62.731645333,1782820871.293285449,/gps/odometry.pose.pose.position.y,-0.10345698681157645
62.780335265,1782820871.341975381,/gps/odometry.pose.pose.position.y,-0.10336884715779239
62.815645028,1782820871.377285144,/gps/odometry.pose.pose.position.y,-0.10328058608972111
62.849916629,1782820871.411556745,/gps/odometry.pose.pose.position.y,-0.10319220360736256
62.895154675,1782820871.456794791,/gps/odometry.pose.pose.position.y,-0.10310369931523052
62.939589194,1782820871.501229310,/gps/odometry.pose.pose.position.y,-0.10301507400429748
62.972544839,1782820871.534184955,/gps/odometry.pose.pose.position.y,-0.10292632648810467
63.012941758,1782820871.574581874,/gps/odometry.pose.pose.position.y,-0.10283745637116579
63.063794274,1782820871.625434390,/gps/odometry.pose.pose.position.y,-0.10274846642188476
63.097488875,1782820871.659128991,/gps/odometry.pose.pose.position.y,-0.10265935387185768
63.136966447,1782820871.698606563,/gps/odometry.pose.pose.position.y,-0.10257011990754333
63.183273107,1782820871.744913223,/gps/odometry.pose.pose.position.y,-0.10248076334248292
63.215522537,1782820871.777162653,/gps/odometry.pose.pose.position.y,-0.10239128575862155
63.260280103,1782820871.821920219,/gps/odometry.pose.pose.position.y,-0.10230168517852783
63.311349413,1782820871.872989529,/gps/odometry.pose.pose.position.y,-0.1022119639751194
63.342257088,1782820871.903897204,/gps/odometry.pose.pose.position.y,-0.10212211858901982
63.382873328,1782820871.944513444,/gps/odometry.pose.pose.position.y,-0.10203215297509183
63.424581325,1782820871.986221441,/gps/odometry.pose.pose.position.y,-0.10194206357395891
63.456415175,1782820872.018055291,/gps/odometry.pose.pose.position.y,-0.10185185315402503
63.505461281,1782820872.067101397,/gps/odometry.pose.pose.position.y,-0.10176151934237251
63.537760843,1782820872.099400959,/gps/odometry.pose.pose.position.y,-0.1016710637209465
63.590938806,1782820872.152578922,/gps/odometry.pose.pose.position.y,-0.10158048549877441
63.631846541,1782820872.193486657,/gps/odometry.pose.pose.position.y,-0.10148978467585625
63.665247741,1782820872.226887857,/gps/odometry.pose.pose.position.y,-0.10139896164767828
63.712870937,1782820872.274511053,/gps/odometry.pose.pose.position.y,-0.10130801562326797
63.746336492,1782820872.307976608,/gps/odometry.pose.pose.position.y,-0.10121694699811155
63.779193579,1782820872.340833695,/gps/odometry.pose.pose.position.y,-0.10112575537672282
63.828726839,1782820872.390366955,/gps/odometry.pose.pose.position.y,-0.101034441154588
63.868476896,1782820872.430117012,/gps/odometry.pose.pose.position.y,-0.10094300393622081
63.900910966,1782820872.462551082,/gps/odometry.pose.pose.position.y,-0.10085146230947636
63.94933621,1782820872.510976326,/gps/odometry.pose.pose.position.y,-0.1007598585913863
64.001090879,1782820872.562730995,/gps/odometry.pose.pose.position.y,-0.10066822046599007
64.035645775,1782820872.597285891,/gps/odometry.pose.pose.position.y,-0.10057652064473453
64.079801707,1782820872.641441823,/gps/odometry.pose.pose.position.y,-0.10048471918350564
64.131885838,1782820872.693525954,/gps/odometry.pose.pose.position.y,-0.10039279156215417
64.166641752,1782820872.728281868,/gps/odometry.pose.pose.position.y,-0.10030073896713897
64.203516749,1782820872.765156865,/gps/odometry.pose.pose.position.y,-0.10020856100297373
64.24810264,1782820872.809742756,/gps/odometry.pose.pose.position.y,-0.1001162576696585
64.281627019,1782820872.843267135,/gps/odometry.pose.pose.position.y,-0.10002382857170695
64.326968799,1782820872.888608915,/gps/odometry.pose.pose.position.y,-0.09993127410460541
64.364518919,1782820872.926159035,/gps/odometry.pose.pose.position.y,-0.09983859347738128
64.397472286,1782820872.959112402,/gps/odometry.pose.pose.position.y,-0.09974578787649341
64.439830432,1782820873.001470548,/gps/odometry.pose.pose.position.y,-0.09965285611548297
64.478462108,1782820873.040102224,/gps/odometry.pose.pose.position.y,-0.09955979938080878
64.511736549,1782820873.073376665,/gps/odometry.pose.pose.position.y,-0.09946661569503948
64.562522475,1782820873.124162591,/gps/odometry.pose.pose.position.y,-0.09937330624463388
64.604881487,1782820873.166521603,/gps/odometry.pose.pose.position.y,-0.09927987142507824
64.63808137,1782820873.199721486,/gps/odometry.pose.pose.position.y,-0.09918631123637262
64.678284867,1782820873.239924983,/gps/odometry.pose.pose.position.y,-0.09909262291011302
64.720404675,1782820873.282044791,/gps/odometry.pose.pose.position.y,-0.09899881000567594
64.753774641,1782820873.315414757,/gps/odometry.pose.pose.position.y,-0.0989048709411163
64.79339958,1782820873.355039696,/gps/odometry.pose.pose.position.y,-0.0988108057164341
64.834819072,1782820873.396459188,/gps/odometry.pose.pose.position.y,-0.09871661393614303
64.868451251,1782820873.430091367,/gps/odometry.pose.pose.position.y,-0.09862229560024313
64.915837777,1782820873.477477893,/gps/odometry.pose.pose.position.y,-0.09852785149970693
64.960681266,1782820873.522321382,/gps/odometry.pose.pose.position.y,-0.09843328044807559
64.993459367,1782820873.555099483,/gps/odometry.pose.pose.position.y,-0.09833858323632168
65.041858899,1782820873.603499015,/gps/odometry.pose.pose.position.y,-0.09824375946895891
65.086260139,1782820873.647900255,/gps/odometry.pose.pose.position.y,-0.09814880914598731
65.119454896,1782820873.681095012,/gps/odometry.pose.pose.position.y,-0.09805373187192055
65.170123705,1782820873.731763821,/gps/odometry.pose.pose.position.y,-0.09795852883321754
65.212340161,1782820873.773980277,/gps/odometry.pose.pose.position.y,-0.09786319647050169
65.245442945,1782820873.807083061,/gps/odometry.pose.pose.position.y,-0.09776774032058097
65.291800528,1782820873.853440644,/gps/odometry.pose.pose.position.y,-0.09767215563762
65.33930061,1782820873.900940726,/gps/odometry.pose.pose.position.y,-0.09757644439905018
65.37907391,1782820873.940714026,/gps/odometry.pose.pose.position.y,-0.09748060502292638
65.415835849,1782820873.977475965,/gps/odometry.pose.pose.position.y,-0.09738464067313886
65.463598003,1782820874.025238119,/gps/odometry.pose.pose.position.y,-0.09728854660385226
65.497440816,1782820874.059080932,/gps/odometry.pose.pose.position.y,-0.09719232795638821
65.537618753,1782820874.099258869,/gps/odometry.pose.pose.position.y,-0.09709598038039763
65.570622023,1782820874.132262139,/gps/odometry.pose.pose.position.y,-0.09699950664428447
65.614377212,1782820874.176017328,/gps/odometry.pose.pose.position.y,-0.09690290437513109
65.65414847,1782820874.215788586,/gps/odometry.pose.pose.position.y,-0.09680617515488257
65.687053764,1782820874.248693880,/gps/odometry.pose.pose.position.y,-0.09670931779708009
65.729660375,1782820874.291300491,/gps/odometry.pose.pose.position.y,-0.09661233427915504
65.767027765,1782820874.328667881,/gps/odometry.pose.pose.position.y,-0.09651522104173092
65.800117646,1782820874.361757762,/gps/odometry.pose.pose.position.y,-0.09641798124869794
65.842944072,1782820874.404584188,/gps/odometry.pose.pose.position.y,-0.09632061410908356
65.882030725,1782820874.443670841,/gps/odometry.pose.pose.position.y,-0.09622311883191523
65.914626983,1782820874.476267099,/gps/odometry.pose.pose.position.y,-0.09612549541719292
65.957144881,1782820874.518784997,/gps/odometry.pose.pose.position.y,-0.09602774386491666
65.996950407,1782820874.558590523,/gps/odometry.pose.pose.position.y,-0.0959298645705727
66.029875422,1782820874.591515538,/gps/odometry.pose.pose.position.y,-0.09583185595221597
66.083026934,1782820874.644667050,/gps/odometry.pose.pose.position.y,-0.09573372117373666
66.115958668,1782820874.677598784,/gps/odometry.pose.pose.position.y,-0.09563545667575826
66.149128132,1782820874.710768248,/gps/odometry.pose.pose.position.y,-0.0955370644357122
66.188986389,1782820874.750626505,/gps/odometry.pose.pose.position.y,-0.09543854405811217
66.233044537,1782820874.794684653,/gps/odometry.pose.pose.position.y,-0.09533989475198562
66.266029571,1782820874.827669687,/gps/odometry.pose.pose.position.y,-0.0952411173083051
66.317918177,1782820874.879558293,/gps/odometry.pose.pose.position.y,-0.09514221133158436
66.359280819,1782820874.920920935,/gps/odometry.pose.pose.position.y,-0.0950431764263371
66.392283334,1782820874.953923450,/gps/odometry.pose.pose.position.y,-0.09494401180159075
66.432844053,1782820874.994484169,/gps/odometry.pose.pose.position.y,-0.09484471943477674
66.473395252,1782820875.035035368,/gps/odometry.pose.pose.position.y,-0.09474529774394992
66.50721813,1782820875.068858246,/gps/odometry.pose.pose.position.y,-0.09464574791556914
66.549959821,1782820875.111599937,/gps/odometry.pose.pose.position.y,-0.09454606836768929
66.58973906,1782820875.151379176,/gps/odometry.pose.pose.position.y,-0.09444626107774176
66.623895108,1782820875.185535224,/gps/odometry.pose.pose.position.y,-0.0943463232773226
66.664396302,1782820875.226036418,/gps/odometry.pose.pose.position.y,-0.0942462553619181
66.709145499,1782820875.270785615,/gps/odometry.pose.pose.position.y,-0.09414605891347334
66.743167361,1782820875.304807477,/gps/odometry.pose.pose.position.y,-0.09404573432747464
66.792329532,1782820875.353969648,/gps/odometry.pose.pose.position.y,-0.09394527962649059
66.836058607,1782820875.397698723,/gps/odometry.pose.pose.position.y,-0.09384469599698
66.868725581,1782820875.430365697,/gps/odometry.pose.pose.position.y,-0.09374398146151151
66.906212587,1782820875.467852703,/gps/odometry.pose.pose.position.y,-0.0936431383930028
66.949785456,1782820875.511425572,/gps/odometry.pose.pose.position.y,-0.09354216481402246
66.982631705,1782820875.544271821,/gps/odometry.pose.pose.position.y,-0.09344106191102933
67.023183914,1782820875.584824030,/gps/odometry.pose.pose.position.y,-0.09333982889305083
67.071497092,1782820875.633137208,/gps/odometry.pose.pose.position.y,-0.09323846655105954
67.108900144,1782820875.670540260,/gps/odometry.pose.pose.position.y,-0.09313697330311034
67.150414822,1782820875.712054938,/gps/odometry.pose.pose.position.y,-0.09303535112663464
67.195818804,1782820875.757458920,/gps/odometry.pose.pose.position.y,-0.09293359685774219
67.239229533,1782820875.800869649,/gps/odometry.pose.pose.position.y,-0.09283171405580952
67.272723824,1782820875.834363940,/gps/odometry.pose.pose.position.y,-0.09272970034791893
67.309184456,1782820875.870824572,/gps/odometry.pose.pose.position.y,-0.092627556525043
67.343172876,1782820875.904812992,/gps/odometry.pose.pose.position.y,-0.09252528219169542
67.37777039,1782820875.939410506,/gps/odometry.pose.pose.position.y,-0.09242287853433506
67.425363967,1782820875.987004083,/gps/odometry.pose.pose.position.y,-0.09232034318004426
67.45716328,1782820876.018803396,/gps/odometry.pose.pose.position.y,-0.09221767652430925
67.49947473,1782820876.061114846,/gps/odometry.pose.pose.position.y,-0.09211487935810261
67.532619325,1782820876.094259441,/gps/odometry.pose.pose.position.y,-0.09201195326336947
67.571698749,1782820876.133338865,/gps/odometry.pose.pose.position.y,-0.09190889388976076
67.604097526,1782820876.165737642,/gps/odometry.pose.pose.position.y,-0.09180570558762552
67.637039103,1782820876.198679219,/gps/odometry.pose.pose.position.y,-0.091702384402101
67.688135793,1782820876.249775909,/gps/odometry.pose.pose.position.y,-0.09159898135091699
67.723291873,1782820876.284931989,/gps/odometry.pose.pose.position.y,-0.09149555892090538
67.756251587,1782820876.317891703,/gps/odometry.pose.pose.position.y,-0.09139210841136806
67.804513049,1782820876.366153165,/gps/odometry.pose.pose.position.y,-0.09128854835213182
67.845396609,1782820876.407036725,/gps/odometry.pose.pose.position.y,-0.09118485422304747
67.878248208,1782820876.439888324,/gps/odometry.pose.pose.position.y,-0.09108102641960127
67.916683331,1782820876.478323447,/gps/odometry.pose.pose.position.y,-0.09097706415082066
67.954934866,1782820876.516574982,/gps/odometry.pose.pose.position.y,-0.09087296978962331
67.987714287,1782820876.549354403,/gps/odometry.pose.pose.position.y,-0.09076873898566017
68.029259876,1782820876.590899992,/gps/odometry.pose.pose.position.y,-0.09066437608928028
68.065182994,1782820876.626823110,/gps/odometry.pose.pose.position.y,-0.09055987912305227
68.098126896,1782820876.659767012,/gps/odometry.pose.pose.position.y,-0.09045524769148987
68.132743466,1782820876.694383582,/gps/odometry.pose.pose.position.y,-0.09035048179459305
68.177059509,1782820876.738699625,/gps/odometry.pose.pose.position.y,-0.09024558261882067
68.210110523,1782820876.771750639,/gps/odometry.pose.pose.position.y,-0.09014054897771388
68.25277583,1782820876.814415946,/gps/odometry.pose.pose.position.y,-0.0900353808712727
68.289480572,1782820876.851120688,/gps/odometry.pose.pose.position.y,-0.08993007750852454
68.321889952,1782820876.883530068,/gps/odometry.pose.pose.position.y,-0.08982464165787338
68.358288116,1782820876.919928232,/gps/odometry.pose.pose.position.y,-0.08971907015542897
68.403097374,1782820876.964737490,/gps/odometry.pose.pose.position.y,-0.08961336339667761
68.437878814,1782820876.999518930,/gps/odometry.pose.pose.position.y,-0.08950752296356441
68.489687243,1782820877.051327359,/gps/odometry.pose.pose.position.y,-0.08940154766963052
68.52834028,1782820877.089980396,/gps/odometry.pose.pose.position.y,-0.08929543751487594
68.56159949,1782820877.123239606,/gps/odometry.pose.pose.position.y,-0.08918919368575952
68.602298311,1782820877.163938427,/gps/odometry.pose.pose.position.y,-0.0890828134138773
68.635434932,1782820877.197075048,/gps/odometry.pose.pose.position.y,-0.08897629867666068
68.669372015,1782820877.231012131,/gps/odometry.pose.pose.position.y,-0.08886964868313711
68.714755126,1782820877.276395242,/gps/odometry.pose.pose.position.y,-0.0887628646197654
68.759547108,1782820877.321187224,/gps/odometry.pose.pose.position.y,-0.08865594450911418
68.791657311,1782820877.353297427,/gps/odometry.pose.pose.position.y,-0.08854889032861483
68.832619327,1782820877.394259443,/gps/odometry.pose.pose.position.y,-0.08844169930986343
68.869709289,1782820877.431349405,/gps/odometry.pose.pose.position.y,-0.08833437343029134
68.904676135,1782820877.466316251,/gps/odometry.pose.pose.position.y,-0.08822691308538484
68.948314935,1782820877.509955051,/gps/odometry.pose.pose.position.y,-0.08811931669319882
68.989719782,1782820877.551359898,/gps/odometry.pose.pose.position.y,-0.08801158504470584
69.023647827,1782820877.585287943,/gps/odometry.pose.pose.position.y,-0.08790371734893336
69.066681604,1782820877.628321720,/gps/odometry.pose.pose.position.y,-0.08779571400136764
69.108139674,1782820877.669779790,/gps/odometry.pose.pose.position.y,-0.08768757500200867
69.139922273,1782820877.701562389,/gps/odometry.pose.pose.position.y,-0.0875792999553702
69.172965785,1782820877.734605901,/gps/odometry.pose.pose.position.y,-0.08747089004791105
69.216115874,1782820877.777755990,/gps/odometry.pose.pose.position.y,-0.08736234290671353
69.2463208,1782820877.807960916,/gps/odometry.pose.pose.position.y,-0.08725366050920907
69.288180449,1782820877.849820565,/gps/odometry.pose.pose.position.y,-0.08714484166893882
69.327896274,1782820877.889536390,/gps/odometry.pose.pose.position.y,-0.08703588757236161
69.361057035,1782820877.922697151,/gps/odometry.pose.pose.position.y,-0.08692679584655975
69.396684785,1782820877.958324901,/gps/odometry.pose.pose.position.y,-0.08681756846896468
69.429488156,1782820877.991128272,/gps/odometry.pose.pose.position.y,-0.08670820504409009
69.475100074,1782820878.036740190,/gps/odometry.pose.pose.position.y,-0.08659870517644971
69.520595,1782820878.082235116,/gps/odometry.pose.pose.position.y,-0.08648906807507098
69.554833826,1782820878.116473942,/gps/odometry.pose.pose.position.y,-0.08637929532189902
69.599193166,1782820878.160833282,/gps/odometry.pose.pose.position.y,-0.08626938573047498
69.636112401,1782820878.197752517,/gps/odometry.pose.pose.position.y,-0.08615933771885376
69.669448799,1782820878.231088915,/gps/odometry.pose.pose.position.y,-0.08604915524189814
69.705844461,1782820878.267484577,/gps/odometry.pose.pose.position.y,-0.08593883434474534
69.74405799,1782820878.305698106,/gps/odometry.pose.pose.position.y,-0.08582837660934046
69.777184988,1782820878.338825104,/gps/odometry.pose.pose.position.y,-0.08571778282665608
69.819734843,1782820878.381374959,/gps/odometry.pose.pose.position.y,-0.08560705101926079
69.852024706,1782820878.413664822,/gps/odometry.pose.pose.position.y,-0.0854961827690997
69.886401308,1782820878.448041424,/gps/odometry.pose.pose.position.y,-0.08538517688971399
69.930892089,1782820878.492532205,/gps/odometry.pose.pose.position.y,-0.08527403298561739
69.973501936,1782820878.535142052,/gps/odometry.pose.pose.position.y,-0.08516275145229615
70.006783699,1782820878.568423815,/gps/odometry.pose.pose.position.y,-0.08505133466266795
70.050356314,1782820878.611996430,/gps/odometry.pose.pose.position.y,-0.08493977945284259
70.093280294,1782820878.654920410,/gps/odometry.pose.pose.position.y,-0.08482808582282003
70.125760192,1782820878.687400308,/gps/odometry.pose.pose.position.y,-0.08471625495905914
70.16020039,1782820878.721840506,/gps/odometry.pose.pose.position.y,-0.08460428607058733
70.207932761,1782820878.769572877,/gps/odometry.pose.pose.position.y,-0.08449217994837717
70.241150705,1782820878.802790821,/gps/odometry.pose.pose.position.y,-0.08437993540596984
70.28751213,1782820878.849152246,/gps/odometry.pose.pose.position.y,-0.08426755283885161
70.32854877,1782820878.890188886,/gps/odometry.pose.pose.position.y,-0.08415503145604991
70.361747589,1782820878.923387705,/gps/odometry.pose.pose.position.y,-0.08404237283950988
70.400662612,1782820878.962302728,/gps/odometry.pose.pose.position.y,-0.08392957540728638
70.434170614,1782820878.995810730,/gps/odometry.pose.pose.position.y,-0.0838166395548657
70.467104332,1782820879.028744448,/gps/odometry.pose.pose.position.y,-0.08370356646870666
70.514433273,1782820879.076073389,/gps/odometry.pose.pose.position.y,-0.08359035377589162
70.55459177,1782820879.116231886,/gps/odometry.pose.pose.position.y,-0.08347700384933823
70.587377466,1782820879.149017582,/gps/odometry.pose.pose.position.y,-0.0833635135251563
70.635657581,1782820879.197297697,/gps/odometry.pose.pose.position.y,-0.08324988478077715
70.6723505,1782820879.233990616,/gps/odometry.pose.pose.position.y,-0.08313611761620084
70.705140166,1782820879.266780282,/gps/odometry.pose.pose.position.y,-0.08302221242691361
70.738359342,1782820879.299999458,/gps/odometry.pose.pose.position.y,-0.08290816723548411
70.784761109,1782820879.346401225,/gps/odometry.pose.pose.position.y,-0.08279398283288485
70.81747545,1782820879.379115566,/gps/odometry.pose.pose.position.y,-0.08267966001008842
70.858568768,1782820879.420208884,/gps/odometry.pose.pose.position.y,-0.08256519837160854
70.897962946,1782820879.459603062,/gps/odometry.pose.pose.position.y,-0.08245059633550009
70.934296421,1782820879.495936537,/gps/odometry.pose.pose.position.y,-0.0823358550882219
70.970163326,1782820879.531803442,/gps/odometry.pose.pose.position.y,-0.0822209742342877
71.012517681,1782820879.574157797,/gps/odometry.pose.pose.position.y,-0.08210595496015631
71.049502496,1782820879.611142612,/gps/odometry.pose.pose.position.y,-0.0819907944974238
71.096580116,1782820879.658220232,/gps/odometry.pose.pose.position.y,-0.08187549561449411
71.138369811,1782820879.700009927,/gps/odometry.pose.pose.position.y,-0.08176005633393586
71.168880696,1782820879.730520812,/gps/odometry.pose.pose.position.y,-0.08164447705123531
71.206510249,1782820879.768150365,/gps/odometry.pose.pose.position.y,-0.08152876409417291
71.249271489,1782820879.810911605,/gps/odometry.pose.pose.position.y,-0.08141297836763542
71.281768981,1782820879.843409097,/gps/odometry.pose.pose.position.y,-0.08129720015533722
71.318434339,1782820879.880074455,/gps/odometry.pose.pose.position.y,-0.08118136301558364
71.351446587,1782820879.913086703,/gps/odometry.pose.pose.position.y,-0.08106538389625638
71.396439628,1782820879.958079744,/gps/odometry.pose.pose.position.y,-0.08094926279735544
71.438191364,1782820879.999831480,/gps/odometry.pose.pose.position.y,-0.08083299892790827
71.471490302,1782820880.033130418,/gps/odometry.pose.pose.position.y,-0.08071659189242858
71.51439662,1782820880.076036736,/gps/odometry.pose.pose.position.y,-0.08060004089994383
71.548359824,1782820880.109999940,/gps/odometry.pose.pose.position.y,-0.08048334792788539
71.581503615,1782820880.143143731,/gps/odometry.pose.pose.position.y,-0.08036651218528071
71.624031343,1782820880.185671459,/gps/odometry.pose.pose.position.y,-0.08024953248567099
71.661882491,1782820880.223522607,/gps/odometry.pose.pose.position.y,-0.08013240922454246
71.695326191,1782820880.256966307,/gps/odometry.pose.pose.position.y,-0.08001514358835397
71.740206654,1782820880.301846770,/gps/odometry.pose.pose.position.y,-0.07989773439064671
71.78026504,1782820880.341905156,/gps/odometry.pose.pose.position.y,-0.07978018084044808
71.815426529,1782820880.377066645,/gps/odometry.pose.pose.position.y,-0.07966248570616206
71.848353186,1782820880.409993302,/gps/odometry.pose.pose.position.y,-0.07954464542841214
71.892171919,1782820880.453812035,/gps/odometry.pose.pose.position.y,-0.07942666119365716
71.925397484,1782820880.487037600,/gps/odometry.pose.pose.position.y,-0.07930853458384221
71.967732602,1782820880.529372718,/gps/odometry.pose.pose.position.y,-0.07919026362153592
72.005500983,1782820880.567141099,/gps/odometry.pose.pose.position.y,-0.079071847911252
72.039268454,1782820880.600908570,/gps/odometry.pose.pose.position.y,-0.07895328863944931
72.07185605,1782820880.633496166,/gps/odometry.pose.pose.position.y,-0.0788345858061278
72.120281569,1782820880.681921685,/gps/odometry.pose.pose.position.y,-0.07871573901580124
72.153003165,1782820880.714643281,/gps/odometry.pose.pose.position.y,-0.07859674787298335
72.199979189,1782820880.761619305,/gps/odometry.pose.pose.position.y,-0.07847761119121525
72.235280761,1782820880.796920877,/gps/odometry.pose.pose.position.y,-0.07835833213438721
72.268163264,1782820880.829803380,/gps/odometry.pose.pose.position.y,-0.07823890793409527
72.303573139,1782820880.865213255,/gps/odometry.pose.pose.position.y,-0.07811933779936688
72.348888146,1782820880.910528262,/gps/odometry.pose.pose.position.y,-0.0779996256850648
72.381459456,1782820880.943099572,/gps/odometry.pose.pose.position.y,-0.07787976724083999
72.426377323,1782820880.988017439,/gps/odometry.pose.pose.position.y,-0.07775976444412383
72.469858444,1782820881.031498560,/gps/odometry.pose.pose.position.y,-0.07763961571297122
72.50667544,1782820881.068315556,/gps/odometry.pose.pose.position.y,-0.07751932460675864
72.549759831,1782820881.111399947,/gps/odometry.pose.pose.position.y,-0.07739888677513707
72.594306651,1782820881.155946767,/gps/odometry.pose.pose.position.y,-0.07727830498651041
72.628103159,1782820881.189743275,/gps/odometry.pose.pose.position.y,-0.07715757726344731
72.664411397,1782820881.226051513,/gps/odometry.pose.pose.position.y,-0.07703670479240658
72.710080321,1782820881.271720437,/gps/odometry.pose.pose.position.y,-0.07691568757338822
72.746957165,1782820881.308597281,/gps/odometry.pose.pose.position.y,-0.07679452402444714
72.785862539,1782820881.347502655,/gps/odometry.pose.pose.position.y,-0.07667321572752844
72.832247266,1782820881.393887382,/gps/odometry.pose.pose.position.y,-0.07655176189165955
72.863028911,1782820881.424669027,/gps/odometry.pose.pose.position.y,-0.07643016133038165
72.907537102,1782820881.469177218,/gps/odometry.pose.pose.position.y,-0.0763084168120987
72.947848065,1782820881.509488181,/gps/odometry.pose.pose.position.y,-0.07618652556840673
72.98060177,1782820881.542241886,/gps/odometry.pose.pose.position.y,-0.07606448878576456
73.013648095,1782820881.575288211,/gps/odometry.pose.pose.position.y,-0.07594230606868595
73.059150704,1782820881.620790820,/gps/odometry.pose.pose.position.y,-0.07581997781265716
73.090878301,1782820881.652518417,/gps/odometry.pose.pose.position.y,-0.07569750283121937
73.137200546,1782820881.698840662,/gps/odometry.pose.pose.position.y,-0.07557488231083138
73.184454225,1782820881.746094341,/gps/odometry.pose.pose.position.y,-0.07545211427406184
73.215361204,1782820881.777001320,/gps/odometry.pose.pose.position.y,-0.07532920228028724
73.251672745,1782820881.813312861,/gps/odometry.pose.pose.position.y,-0.0752061419791585
73.284702954,1782820881.846343070,/gps/odometry.pose.pose.position.y,-0.07508293495262076
73.322999332,1782820881.884639448,/gps/odometry.pose.pose.position.y,-0.0749595827826191
73.375741481,1782820881.937381597,/gps/odometry.pose.pose.position.y,-0.07483608349172217
73.414329758,1782820881.975969874,/gps/odometry.pose.pose.position.y,-0.07471243787090251
73.452989627,1782820882.014629743,/gps/odometry.pose.pose.position.y,-0.07458864473370128
73.488950121,1782820882.050590237,/gps/odometry.pose.pose.position.y,-0.07446470447560474
73.521829409,1782820882.083469525,/gps/odometry.pose.pose.position.y,-0.07434061749209922
73.559171964,1782820882.120812080,/gps/odometry.pose.pose.position.y,-0.07421638417867095
73.608676479,1782820882.170316595,/gps/odometry.pose.pose.position.y,-0.07409200334886111
73.640427017,1782820882.202067133,/gps/odometry.pose.pose.position.y,-0.07396747539815599
73.691517192,1782820882.253157308,/gps/odometry.pose.pose.position.y,-0.07384279914009674
73.72616555,1782820882.287805666,/gps/odometry.pose.pose.position.y,-0.07371797655211476
73.759067466,1782820882.320707582,/gps/odometry.pose.pose.position.y,-0.07359300644775121
73.795816194,1782820882.357456310,/gps/odometry.pose.pose.position.y,-0.07346788922249238
73.827107462,1782820882.388747578,/gps/odometry.pose.pose.position.y,-0.07334262210793431
73.860313549,1782820882.421953665,/gps/odometry.pose.pose.position.y,-0.07321720984991234
73.905575256,1782820882.467215372,/gps/odometry.pose.pose.position.y,-0.07309164809807742
73.943889049,1782820882.505529165,/gps/odometry.pose.pose.position.y,-0.07296594001631977
73.976385202,1782820882.538025318,/gps/odometry.pose.pose.position.y,-0.07284008244074916
74.019816369,1782820882.581456485,/gps/odometry.pose.pose.position.y,-0.07271407655782443
74.07054393,1782820882.632184046,/gps/odometry.pose.pose.position.y,-0.0725879235540044
74.108810736,1782820882.670450852,/gps/odometry.pose.pose.position.y,-0.07246162184734398
74.141150454,1782820882.702790570,/gps/odometry.pose.pose.position.y,-0.07233517183332944
74.184430183,1782820882.746070299,/gps/odometry.pose.pose.position.y,-0.07220857351196078
74.218231802,1782820882.779871918,/gps/odometry.pose.pose.position.y,-0.07208182688323798
74.258045616,1782820882.819685732,/gps/odometry.pose.pose.position.y,-0.07195493076070224
74.303709403,1782820882.865349519,/gps/odometry.pose.pose.position.y,-0.07182788672629865
74.335781788,1782820882.897421904,/gps/odometry.pose.pose.position.y,-0.07170069438454095
74.376353675,1782820882.937993791,/gps/odometry.pose.pose.position.y,-0.07157335136251146
74.430312641,1782820882.991952757,/gps/odometry.pose.pose.position.y,-0.07144586082410039
74.473936443,1782820883.035576559,/gps/odometry.pose.pose.position.y,-0.07131822118736265
74.506357741,1782820883.067997857,/gps/odometry.pose.pose.position.y,-0.07119043166132569
74.546913404,1782820883.108553520,/gps/odometry.pose.pose.position.y,-0.07106249382793459
74.580738636,1782820883.142378752,/gps/odometry.pose.pose.position.y,-0.07093443299831113
74.625286449,1782820883.186926565,/gps/odometry.pose.pose.position.y,-0.07080634488013453
74.675360121,1782820883.237000237,/gps/odometry.pose.pose.position.y,-0.07067822749597338
74.709556962,1782820883.271197078,/gps/odometry.pose.pose.position.y,-0.07055000688989377
74.749142119,1782820883.310782235,/gps/odometry.pose.pose.position.y,-0.07042163283513841
74.797436244,1782820883.359076360,/gps/odometry.pose.pose.position.y,-0.07029310770462499
74.83150369,1782820883.393143806,/gps/odometry.pose.pose.position.y,-0.07016443031189468
74.87468825,1782820883.436328366,/gps/odometry.pose.pose.position.y,-0.0700355998659749
74.923882269,1782820883.485522385,/gps/odometry.pose.pose.position.y,-0.06990661636686568
74.952638193,1782820883.514278309,/gps/odometry.pose.pose.position.y,-0.06977748139651212
74.997685023,1782820883.559325139,/gps/odometry.pose.pose.position.y,-0.06964819258199655
75.039155052,1782820883.600795168,/gps/odometry.pose.pose.position.y,-0.06951875190075035
75.07060968,1782820883.632249796,/gps/odometry.pose.pose.position.y,-0.06938915856180097
75.107959116,1782820883.669599232,/gps/odometry.pose.pose.position.y,-0.06925941216966215
75.152415688,1782820883.714055804,/gps/odometry.pose.pose.position.y,-0.06912951272433387
75.184255174,1782820883.745895290,/gps/odometry.pose.pose.position.y,-0.06899946022581613
75.239369625,1782820883.801009741,/gps/odometry.pose.pose.position.y,-0.06886925427862267
75.271857263,1782820883.833497379,/gps/odometry.pose.pose.position.y,-0.06873889527823974
75.313861422,1782820883.875501538,/gps/odometry.pose.pose.position.y,-0.06860838362015366
75.360001589,1782820883.921641705,/gps/odometry.pose.pose.position.y,-0.06847771772241928
75.393535425,1782820883.955175541,/gps/odometry.pose.pose.position.y,-0.06834689837600916
75.436886241,1782820883.998526357,/gps/odometry.pose.pose.position.y,-0.06821592637189589
75.483767543,1782820884.045407659,/gps/odometry.pose.pose.position.y,-0.06808480012813431
75.51672976,1782820884.078369876,/gps/odometry.pose.pose.position.y,-0.067953520435697
75.557529313,1782820884.119169429,/gps/odometry.pose.pose.position.y,-0.06782208769007023
75.598207246,1782820884.159847362,/gps/odometry.pose.pose.position.y,-0.06769049991382263
75.631270808,1782820884.192910924,/gps/odometry.pose.pose.position.y,-0.06755875829341301
75.664367222,1782820884.226007338,/gps/odometry.pose.pose.position.y,-0.06742686282884139
75.707839854,1782820884.269479970,/gps/odometry.pose.pose.position.y,-0.06729481510205287
75.740735967,1782820884.302376083,/gps/odometry.pose.pose.position.y,-0.06716261036721212
75.790461268,1782820884.352101384,/gps/odometry.pose.pose.position.y,-0.06703025218369564
75.838126354,1782820884.399766470,/gps/odometry.pose.pose.position.y,-0.06689774134247597
75.870383255,1782820884.432023371,/gps/odometry.pose.pose.position.y,-0.06676507428417665
75.933209186,1782820884.494849302,/gps/odometry.pose.pose.position.y,-0.0666322537772016
75.972460196,1782820884.534100312,/gps/odometry.pose.pose.position.y,-0.06649927823960568
76.00706419,1782820884.568704306,/gps/odometry.pose.pose.position.y,-0.06636614688041638
76.04346141,1782820884.605101526,/gps/odometry.pose.pose.position.y,-0.06623286167706506
76.088376194,1782820884.650016310,/gps/odometry.pose.pose.position.y,-0.06609942223406547
76.120367927,1782820884.682008043,/gps/odometry.pose.pose.position.y,-0.06596582696947247
76.167507393,1782820884.729147509,/gps/odometry.pose.pose.position.y,-0.06583207746523119
76.215628709,1782820884.777268825,/gps/odometry.pose.pose.position.y,-0.06569817293036906
76.250533286,1782820884.812173402,/gps/odometry.pose.pose.position.y,-0.06556411217842725
76.28636612,1782820884.848006236,/gps/odometry.pose.pose.position.y,-0.06542989679135089
76.33567842,1782820884.897318536,/gps/odometry.pose.pose.position.y,-0.06529552676913995
76.368248393,1782820884.929888509,/gps/odometry.pose.pose.position.y,-0.06516099894790424
76.415137391,1782820884.976777507,/gps/odometry.pose.pose.position.y,-0.06502631807347908
76.462628228,1782820885.024268344,/gps/odometry.pose.pose.position.y,-0.06489148058648796
76.494635125,1782820885.056275241,/gps/odometry.pose.pose.position.y,-0.06475648648693089
76.546149809,1782820885.107789925,/gps/odometry.pose.pose.position.y,-0.06462133775223924
76.583780275,1782820885.145420391,/gps/odometry.pose.pose.position.y,-0.06448603280046793
76.61628174,1782820885.177921856,/gps/odometry.pose.pose.position.y,-0.06435057163161693
76.658412042,1782820885.220052158,/gps/odometry.pose.pose.position.y,-0.06421495424568627
76.700346724,1782820885.261986840,/gps/odometry.pose.pose.position.y,-0.06407918143364849
76.733284442,1782820885.294924558,/gps/odometry.pose.pose.position.y,-0.06394325161355847
76.773299932,1782820885.334940048,/gps/odometry.pose.pose.position.y,-0.06380716557638878
76.825325313,1782820885.386965429,/gps/odometry.pose.pose.position.y,-0.06367092411311197
76.858301782,1782820885.419941898,/gps/odometry.pose.pose.position.y,-0.06353452405983782
76.901475014,1782820885.463115130,/gps/odometry.pose.pose.position.y,-0.06339796858045656
76.944533603,1782820885.506173719,/gps/odometry.pose.pose.position.y,-0.06326125648850933
76.976853719,1782820885.538493835,/gps/odometry.pose.pose.position.y,-0.06312438738850987
77.026319779,1782820885.587959895,/gps/odometry.pose.pose.position.y,-0.06298736128045819
77.073754904,1782820885.635395020,/gps/odometry.pose.pose.position.y,-0.06285017737338172
77.105000229,1782820885.666640345,/gps/odometry.pose.pose.position.y,-0.06271283724922558
77.148148978,1782820885.709789094,/gps/odometry.pose.pose.position.y,-0.06257533972153093
77.185058215,1782820885.746698331,/gps/odometry.pose.pose.position.y,-0.06243768439481149
77.215500058,1782820885.777140174,/gps/odometry.pose.pose.position.y,-0.06229987324649865
77.265856117,1782820885.827496233,/gps/odometry.pose.pose.position.y,-0.0621619031127022
77.299018443,1782820885.860658559,/gps/odometry.pose.pose.position.y,-0.06202377557536723
77.349024923,1782820885.910665039,/gps/odometry.pose.pose.position.y,-0.06188549102998004
77.387048619,1782820885.948688735,/gps/odometry.pose.pose.position.y,-0.06174704789459551
77.420383704,1782820885.982023820,/gps/odometry.pose.pose.position.y,-0.06160844735567247
77.460900606,1782820886.022540722,/gps/odometry.pose.pose.position.y,-0.061469688226752084
77.495398131,1782820886.057038247,/gps/odometry.pose.pose.position.y,-0.06133077090332064
77.528594246,1782820886.090234362,/gps/odometry.pose.pose.position.y,-0.061191696571836963
77.582331392,1782820886.143971508,/gps/odometry.pose.pose.position.y,-0.06105246246389712
77.618577805,1782820886.180217921,/gps/odometry.pose.pose.position.y,-0.06091307134790503
77.651633609,1782820886.213273725,/gps/odometry.pose.pose.position.y,-0.06077352085094306
77.696436532,1782820886.258076648,/gps/odometry.pose.pose.position.y,-0.0606338125549563
77.733729169,1782820886.295369285,/gps/odometry.pose.pose.position.y,-0.06049394487799964
77.769395463,1782820886.331035579,/gps/odometry.pose.pose.position.y,-0.06035391979750447
77.802162169,1782820886.363802285,/gps/odometry.pose.pose.position.y,-0.06021373533603941
77.847483205,1782820886.409123321,/gps/odometry.pose.pose.position.y,-0.06007339070263189
77.884011071,1782820886.445651187,/gps/odometry.pose.pose.position.y,-0.05993288747922704
77.927063048,1782820886.488703164,/gps/odometry.pose.pose.position.y,-0.05979222566582484
77.967729543,1782820886.529369659,/gps/odometry.pose.pose.position.y,-0.05965143650584124
78.000670782,1782820886.562310898,/gps/odometry.pose.pose.position.y,-0.0595105983055592
78.033541403,1782820886.595181519,/gps/odometry.pose.pose.position.y,-0.05936970908754736
78.076086658,1782820886.637726774,/gps/odometry.pose.pose.position.y,-0.0592287898125784
78.108334089,1782820886.669974205,/gps/odometry.pose.pose.position.y,-0.059087709179208164
78.152469444,1782820886.714109560,/gps/odometry.pose.pose.position.y,-0.05894646560549153
78.197283092,1782820886.758923208,/gps/odometry.pose.pose.position.y,-0.058805059486914786
78.230193775,1782820886.791833891,/gps/odometry.pose.pose.position.y,-0.058663490427991634
78.26687694,1782820886.828517056,/gps/odometry.pose.pose.position.y,-0.05852175803323582
78.30008099,1782820886.861721106,/gps/odometry.pose.pose.position.y,-0.05837986348910616
78.333006487,1782820886.894646603,/gps/odometry.pose.pose.position.y,-0.05823780560914383
78.381654492,1782820886.943294608,/gps/odometry.pose.pose.position.y,-0.05809558399786254
78.423408899,1782820886.985049015,/gps/odometry.pose.pose.position.y,-0.0579532006326937
78.45659291,1782820887.018233026,/gps/odometry.pose.pose.position.y,-0.0578106519542608
78.49767927,1782820887.059319386,/gps/odometry.pose.pose.position.y,-0.05766794112645405
78.531933128,1782820887.093573244,/gps/odometry.pose.pose.position.y,-0.057525066171842075
78.564960505,1782820887.126600621,/gps/odometry.pose.pose.position.y,-0.057382028276883705
78.616348925,1782820887.177989041,/gps/odometry.pose.pose.position.y,-0.057238825859633836
78.656637891,1782820887.218278007,/gps/odometry.pose.pose.position.y,-0.05709546129301012
78.689483546,1782820887.251123662,/gps/odometry.pose.pose.position.y,-0.0569519322040949
78.730442808,1782820887.292082924,/gps/odometry.pose.pose.position.y,-0.0568082381974019
78.768175617,1782820887.329815733,/gps/odometry.pose.pose.position.y,-0.05666438164584877
78.80107072,1782820887.362710836,/gps/odometry.pose.pose.position.y,-0.05652035938554532
78.836819568,1782820887.398459684,/gps/odometry.pose.pose.position.y,-0.056376175371354295
78.88263343,1782820887.444273546,/gps/odometry.pose.pose.position.y,-0.05623182564841293
78.917267511,1782820887.478907627,/gps/odometry.pose.pose.position.y,-0.056087312194152625
78.956613738,1782820887.518253854,/gps/odometry.pose.pose.position.y,-0.0559426342176008
78.99724822,1782820887.558888336,/gps/odometry.pose.pose.position.y,-0.055797790927784925
79.030897452,1782820887.592537568,/gps/odometry.pose.pose.position.y,-0.055652782720191266
79.063631527,1782820887.625271643,/gps/odometry.pose.pose.position.y,-0.05550761117676493
79.10798114,1782820887.669621256,/gps/odometry.pose.pose.position.y,-0.055362274320074525
79.139570028,1782820887.701210144,/gps/odometry.pose.pose.position.y,-0.055216772941092625
79.181435285,1782820887.743075401,/gps/odometry.pose.pose.position.y,-0.05507110624884667
79.214868729,1782820887.776508845,/gps/odometry.pose.pose.position.y,-0.05492527503430919
79.25715935,1782820887.818799466,/gps/odometry.pose.pose.position.y,-0.054779278111021394
79.290932524,1782820887.852572640,/gps/odometry.pose.pose.position.y,-0.054633115874469514
79.324097029,1782820887.885737145,/gps/odometry.pose.pose.position.y,-0.05448678792916731
79.365117099,1782820887.926757215,/gps/odometry.pose.pose.position.y,-0.05434029585705987
79.401872409,1782820887.963512525,/gps/odometry.pose.pose.position.y,-0.05419363728522954
79.43587134,1782820887.997511456,/gps/odometry.pose.pose.position.y,-0.054046814191107705
79.470668498,1782820888.032308614,/gps/odometry.pose.pose.position.y,-0.053899823806290416
79.508331282,1782820888.069971398,/gps/odometry.pose.pose.position.y,-0.05375266810820907
79.541232688,1782820888.102872804,/gps/odometry.pose.pose.position.y,-0.05360534788783621
79.584814447,1782820888.146454563,/gps/odometry.pose.pose.position.y,-0.05345786037676791
79.614409318,1782820888.176049434,/gps/odometry.pose.pose.position.y,-0.05331020715694927
79.648194527,1782820888.209834643,/gps/odometry.pose.pose.position.y,-0.05316238704192146
79.696904845,1782820888.258544961,/gps/odometry.pose.pose.position.y,-0.05301440121814331
79.73742575200001,1782820888.299065868,/gps/odometry.pose.pose.position.y,-0.05286624849915598
79.779312666,1782820888.340952782,/gps/odometry.pose.pose.position.y,-0.05271793086239088
79.813646199,1782820888.375286315,/gps/odometry.pose.pose.position.y,-0.052569445539444044
79.853784518,1782820888.415424634,/gps/odometry.pose.pose.position.y,-0.05242079332128804
79.887913863,1782820888.449553979,/gps/odometry.pose.pose.position.y,-0.052271974603409134
79.925170154,1782820888.486810270,/gps/odometry.pose.pose.position.y,-0.05212298899032106
79.965399901,1782820888.527040017,/gps/odometry.pose.pose.position.y,-0.051973835295564985
79.998240865,1782820888.559880981,/gps/odometry.pose.pose.position.y,-0.05182451668303112
80.04752653,1782820888.609166646,/gps/odometry.pose.pose.position.y,-0.05167502840688414
80.083809747,1782820888.645449863,/gps/odometry.pose.pose.position.y,-0.051525374817473116
80.116328583,1782820888.677968699,/gps/odometry.pose.pose.position.y,-0.0513755543328529
80.149467042,1782820888.711107158,/gps/odometry.pose.pose.position.y,-0.05122556497559213
80.192953338,1782820888.754593454,/gps/odometry.pose.pose.position.y,-0.05107540832763591
80.225034546,1782820888.786674662,/gps/odometry.pose.pose.position.y,-0.050925083202525416
80.267252421,1782820888.828892537,/gps/odometry.pose.pose.position.y,-0.05077459276415085
80.307135219,1782820888.868775335,/gps/odometry.pose.pose.position.y,-0.05062393187119061
80.340155873,1782820888.901795989,/gps/odometry.pose.pose.position.y,-0.0504731040830212
80.378546542,1782820888.940186658,/gps/odometry.pose.pose.position.y,-0.0503221082131838
80.424803836,1782820888.986443952,/gps/odometry.pose.pose.position.y,-0.050170943075219555
80.456464544,1782820889.018104660,/gps/odometry.pose.pose.position.y,-0.05001961104204613
80.500368772,1782820889.062008888,/gps/odometry.pose.pose.position.y,-0.049868110136232144
80.536929881,1782820889.098569997,/gps/odometry.pose.pose.position.y,-0.049716438775832504
80.570271175,1782820889.131911291,/gps/odometry.pose.pose.position.y,-0.049564601311196235
80.612065058,1782820889.173705174,/gps/odometry.pose.pose.position.y,-0.04941259378746057
80.653991699,1782820889.215631815,/gps/odometry.pose.pose.position.y,-0.04926041897302946
80.687130416,1782820889.248770532,/gps/odometry.pose.pose.position.y,-0.04910807489047152
80.733717077,1782820889.295357193,/gps/odometry.pose.pose.position.y,-0.0489555603533279
80.774950338,1782820889.336590454,/gps/odometry.pose.pose.position.y,-0.04880287813000255
80.808326495,1782820889.369966611,/gps/odometry.pose.pose.position.y,-0.048650025847577806
80.841388507,1782820889.403028623,/gps/odometry.pose.pose.position.y,-0.048497004692512516
80.887127109,1782820889.448767225,/gps/odometry.pose.pose.position.y,-0.04834381308286154
80.921188389,1782820889.482828505,/gps/odometry.pose.pose.position.y,-0.048190451809597454
80.969478127,1782820889.531118243,/gps/odometry.pose.pose.position.y,-0.04803692205917909
81.014521037,1782820889.576161153,/gps/odometry.pose.pose.position.y,-0.04788322185417505
81.044129027,1782820889.605769143,/gps/odometry.pose.pose.position.y,-0.047729351194585344
81.084579724,1782820889.646219840,/gps/odometry.pose.pose.position.y,-0.04757531087138252
81.118053775,1782820889.679693891,/gps/odometry.pose.pose.position.y,-0.04742110088456658
81.151893727,1782820889.713533843,/gps/odometry.pose.pose.position.y,-0.04726672083865125
81.195251172,1782820889.756891288,/gps/odometry.pose.pose.position.y,-0.04711217073363652
81.228172472,1782820889.789812588,/gps/odometry.pose.pose.position.y,-0.0469574489875773
81.273005387,1782820889.834645503,/gps/odometry.pose.pose.position.y,-0.04680255757790495
81.31123552,1782820889.872875636,/gps/odometry.pose.pose.position.y,-0.04664749492267437
81.344192192,1782820889.905832308,/gps/odometry.pose.pose.position.y,-0.046492261812858135
81.378966007,1782820889.940606123,/gps/odometry.pose.pose.position.y,-0.04633685706199739
81.421177253,1782820889.982817369,/gps/odometry.pose.pose.position.y,-0.046181282647523525
81.454416701,1782820890.016056817,/gps/odometry.pose.pose.position.y,-0.046025536592005166
81.496837613,1782820890.058477729,/gps/odometry.pose.pose.position.y,-0.045869619290928566
81.537003399,1782820890.098643515,/gps/odometry.pose.pose.position.y,-0.04571353034880748
81.570903168,1782820890.132543284,/gps/odometry.pose.pose.position.y,-0.04555727055661443
81.61667344,1782820890.178313556,/gps/odometry.pose.pose.position.y,-0.04540083912337689
81.650149704,1782820890.211789820,/gps/odometry.pose.pose.position.y,-0.04524423525812228
81.682920066,1782820890.244560182,/gps/odometry.pose.pose.position.y,-0.04508746014730945
81.727941259,1782820890.289581375,/gps/odometry.pose.pose.position.y,-0.04493051379093839
81.766839584,1782820890.328479700,/gps/odometry.pose.pose.position.y,-0.04477339618900911
81.800348465,1782820890.361988581,/gps/odometry.pose.pose.position.y,-0.04461611564673343
81.840362724,1782820890.402002840,/gps/odometry.pose.pose.position.y,-0.04445877182665332
81.879402814,1782820890.441042930,/gps/odometry.pose.pose.position.y,-0.04430139439023962
81.912507941,1782820890.474148057,/gps/odometry.pose.pose.position.y,-0.0441439552579666
81.954217449,1782820890.515857565,/gps/odometry.pose.pose.position.y,-0.04398642239544577
81.992908741,1782820890.554548857,/gps/odometry.pose.pose.position.y,-0.04382871393701766
82.026396963,1782820890.588037079,/gps/odometry.pose.pose.position.y,-0.04367082948719601
82.059008508,1782820890.620648624,/gps/odometry.pose.pose.position.y,-0.043512767859521954
82.105090885,1782820890.666731001,/gps/odometry.pose.pose.position.y,-0.04335453103142689
82.138303624,1782820890.699943740,/gps/odometry.pose.pose.position.y,-0.04319611742096572
82.178143501,1782820890.739783617,/gps/odometry.pose.pose.position.y,-0.04303752663265216
82.219725016,1782820890.781365132,/gps/odometry.pose.pose.position.y,-0.042878759061972485
82.252085327,1782820890.813725443,/gps/odometry.pose.pose.position.y,-0.04271981431344042
82.290619201,1782820890.852259317,/gps/odometry.pose.pose.position.y,-0.04256069317802851
82.335450366,1782820890.897090482,/gps/odometry.pose.pose.position.y,-0.042401396051223054
82.367552456,1782820890.929192572,/gps/odometry.pose.pose.position.y,-0.042241920955592656
82.407714857,1782820890.969354973,/gps/odometry.pose.pose.position.y,-0.04208226828662358
82.450061083,1782820891.011701199,/gps/odometry.pose.pose.position.y,-0.04192243843980212
82.48240489,1782820891.044045006,/gps/odometry.pose.pose.position.y,-0.04176243299707337
82.520098029,1782820891.081738145,/gps/odometry.pose.pose.position.y,-0.041602248003574566
82.558552306,1782820891.120192422,/gps/odometry.pose.pose.position.y,-0.04144188662319593
82.591824851,1782820891.153464967,/gps/odometry.pose.pose.position.y,-0.0412813480649649
82.6377785,1782820891.199418616,/gps/odometry.pose.pose.position.y,-0.04112063035145009
82.679937955,1782820891.241578071,/gps/odometry.pose.pose.position.y,-0.04095973585556917
82.710705321,1782820891.272345437,/gps/odometry.pose.pose.position.y,-0.04079866418183586
82.751118093,1782820891.312758209,/gps/odometry.pose.pose.position.y,-0.040637413352818764
82.786225763,1782820891.347865879,/gps/odometry.pose.pose.position.y,-0.04047598455497673
82.821739248,1782820891.383379364,/gps/odometry.pose.pose.position.y,-0.0403143785792823
82.868549988,1782820891.430190104,/gps/odometry.pose.pose.position.y,-0.04015259344830409
82.911860964,1782820891.473501080,/gps/odometry.pose.pose.position.y,-0.03999062995301466
82.941527548,1782820891.503167664,/gps/odometry.pose.pose.position.y,-0.03982848967535911
82.982127876,1782820891.543767992,/gps/odometry.pose.pose.position.y,-0.0396661682649884
83.016285382,1782820891.577925498,/gps/odometry.pose.pose.position.y,-0.03950367086322413
83.048119949,1782820891.609760065,/gps/odometry.pose.pose.position.y,-0.03934099311971725
83.096427486,1782820891.658067602,/gps/odometry.pose.pose.position.y,-0.03917813740738542
83.132954387,1782820891.694594503,/gps/odometry.pose.pose.position.y,-0.03901510095782469
83.170461719,1782820891.732101835,/gps/odometry.pose.pose.position.y,-0.038851887725897864
83.205562621,1782820891.767202737,/gps/odometry.pose.pose.position.y,-0.03868849415222842
83.240003372,1782820891.801643488,/gps/odometry.pose.pose.position.y,-0.038524921423275196
83.27293467,1782820891.834574786,/gps/odometry.pose.pose.position.y,-0.038361170725497024
83.313374126,1782820891.875014242,/gps/odometry.pose.pose.position.y,-0.03819723968597624
83.346169288,1782820891.907809404,/gps/odometry.pose.pose.position.y,-0.038033127909226576
83.384816171,1782820891.946456287,/gps/odometry.pose.pose.position.y,-0.037868838163651955
83.419744908,1782820891.981385024,/gps/odometry.pose.pose.position.y,-0.037704369658279835
83.453020832,1782820892.014660948,/gps/odometry.pose.pose.position.y,-0.03753971922921999
83.504504657,1782820892.066144773,/gps/odometry.pose.pose.position.y,-0.03737488964487637
83.544263544,1782820892.105903660,/gps/odometry.pose.pose.position.y,-0.03720988130073524
83.57731383,1782820892.138953946,/gps/odometry.pose.pose.position.y,-0.03704469063742012
83.621850378,1782820892.183490494,/gps/odometry.pose.pose.position.y,-0.036879321214307495
83.662345167,1782820892.223985283,/gps/odometry.pose.pose.position.y,-0.0367137706584797
83.694173722,1782820892.255813838,/gps/odometry.pose.pose.position.y,-0.036548039365423016
83.727201926,1782820892.288842042,/gps/odometry.pose.pose.position.y,-0.03638212852159627
83.771855359,1782820892.333495475,/gps/odometry.pose.pose.position.y,-0.03621603812699948
83.804618276,1782820892.366258392,/gps/odometry.pose.pose.position.y,-0.036049765413228685
83.849241387,1782820892.410881503,/gps/odometry.pose.pose.position.y,-0.035883311566742716
83.885667024,1782820892.447307140,/gps/odometry.pose.pose.position.y,-0.03571667658754159
83.917939808,1782820892.479579924,/gps/odometry.pose.pose.position.y,-0.03554986166208412
83.951663116,1782820892.513303232,/gps/odometry.pose.pose.position.y,-0.03538286560391148
83.996207774,1782820892.557847890,/gps/odometry.pose.pose.position.y,-0.03521568920399624
84.03158398,1782820892.593224096,/gps/odometry.pose.pose.position.y,-0.0350483285074756
84.078660662,1782820892.640300778,/gps/odometry.pose.pose.position.y,-0.034880788260184904
84.12025742,1782820892.681897536,/gps/odometry.pose.pose.position.y,-0.03471306688017905
84.153308317,1782820892.714948433,/gps/odometry.pose.pose.position.y,-0.034545163180999185
84.194506261,1782820892.756146377,/gps/odometry.pose.pose.position.y,-0.034377076767159044
84.228796606,1782820892.790436722,/gps/odometry.pose.pose.position.y,-0.034208809220603736
84.261901176,1782820892.823541292,/gps/odometry.pose.pose.position.y,-0.03404035975036071
84.306629046,1782820892.868269162,/gps/odometry.pose.pose.position.y,-0.03387172914740252
84.34932076,1782820892.910960876,/gps/odometry.pose.pose.position.y,-0.033702915434297764
84.382602694,1782820892.944242810,/gps/odometry.pose.pose.position.y,-0.03353391861104645
84.419146077,1782820892.980786193,/gps/odometry.pose.pose.position.y,-0.03336474065507997
84.453707957,1782820893.015348073,/gps/odometry.pose.pose.position.y,-0.03319537879799439
84.486707457,1782820893.048347573,/gps/odometry.pose.pose.position.y,-0.03302583501722108
84.531191461,1782820893.092831577,/gps/odometry.pose.pose.position.y,-0.03285610773081493
84.575353993,1782820893.136994109,/gps/odometry.pose.pose.position.y,-0.03268619891620735
84.608261887,1782820893.169902003,/gps/odometry.pose.pose.position.y,-0.032516106595966925
84.648881561,1782820893.210521677,/gps/odometry.pose.pose.position.y,-0.03234583077009367
84.689601759,1782820893.251241875,/gps/odometry.pose.pose.position.y,-0.032175372229560135
84.721087784,1782820893.282727900,/gps/odometry.pose.pose.position.y,-0.03200472978790749
84.760873996,1782820893.322514112,/gps/odometry.pose.pose.position.y,-0.03183390384062201
84.810003343,1782820893.371643459,/gps/odometry.pose.pose.position.y,-0.03166289557416253
84.841269346,1782820893.402909462,/gps/odometry.pose.pose.position.y,-0.03149170182463883
84.888986295,1782820893.450626411,/gps/odometry.pose.pose.position.y,-0.031320325360454856
84.923236771,1782820893.484876887,/gps/odometry.pose.pose.position.y,-0.031148763808692928
84.966176108,1782820893.527816224,/gps/odometry.pose.pose.position.y,-0.030977019937757005
85.010928916,1782820893.572569032,/gps/odometry.pose.pose.position.y,-0.030805090979243138
85.044493233,1782820893.606133349,/gps/odometry.pose.pose.position.y,-0.030632977328637605
85.080681939,1782820893.642322055,/gps/odometry.pose.pose.position.y,-0.030460680963371792
85.122897597,1782820893.684537713,/gps/odometry.pose.pose.position.y,-0.03028819753309665
85.155423163,1782820893.717063279,/gps/odometry.pose.pose.position.y,-0.030115530597188668
85.199947059,1782820893.761587175,/gps/odometry.pose.pose.position.y,-0.029942678969189028
85.234963405,1782820893.796603521,/gps/odometry.pose.pose.position.y,-0.02976964383555655
85.268036507,1782820893.829676623,/gps/odometry.pose.pose.position.y,-0.029596421636914737
85.301116381,1782820893.862756497,/gps/odometry.pose.pose.position.y,-0.029423015537153815
85.343311456,1782820893.904951572,/gps/odometry.pose.pose.position.y,-0.02924942434981495
85.376306565,1782820893.937946681,/gps/odometry.pose.pose.position.y,-0.029075648865870694
85.422394502,1782820893.984034618,/gps/odometry.pose.pose.position.y,-0.028901746826317586
85.462850708,1782820894.024490824,/gps/odometry.pose.pose.position.y,-0.028727847950654705
85.497565932,1782820894.059206048,/gps/odometry.pose.pose.position.y,-0.028553905571501278
85.534453159,1782820894.096093275,/gps/odometry.pose.pose.position.y,-0.02837983228638995
85.575975158,1782820894.137615274,/gps/odometry.pose.pose.position.y,-0.02820556956335162
85.609001406,1782820894.170641522,/gps/odometry.pose.pose.position.y,-0.028031118588845123
85.660631755,1782820894.222271871,/gps/odometry.pose.pose.position.y,-0.027856478571897908
85.699454285,1782820894.261094401,/gps/odometry.pose.pose.position.y,-0.027681647139592303
85.732414515,1782820894.294054631,/gps/odometry.pose.pose.position.y,-0.02750662587387343
85.76559359,1782820894.327233706,/gps/odometry.pose.pose.position.y,-0.027331416356686383
85.812542278,1782820894.374182394,/gps/odometry.pose.pose.position.y,-0.027156015424140954
85.845666169,1782820894.407306285,/gps/odometry.pose.pose.position.y,-0.026980425053668527
85.88689195,1782820894.448532066,/gps/odometry.pose.pose.position.y,-0.02680464287235143
85.929688599,1782820894.491328715,/gps/odometry.pose.pose.position.y,-0.02662867125310734
85.962697457,1782820894.524337573,/gps/odometry.pose.pose.position.y,-0.026452510591422524
85.998006946,1782820894.559647062,/gps/odometry.pose.pose.position.y,-0.02627615693243422
86.043043129,1782820894.604683245,/gps/odometry.pose.pose.position.y,-0.026099614231005187
86.075363558,1782820894.637003674,/gps/odometry.pose.pose.position.y,-0.025922880905190328
86.115165895,1782820894.676806011,/gps/odometry.pose.pose.position.y,-0.025745956559503354
86.158288209,1782820894.719928325,/gps/odometry.pose.pose.position.y,-0.025568839611999166
86.190725997,1782820894.752366113,/gps/odometry.pose.pose.position.y,-0.025391534017540532
86.226714499,1782820894.788354615,/gps/odometry.pose.pose.position.y,-0.025214036612237235
86.268730192,1782820894.830370308,/gps/odometry.pose.pose.position.y,-0.025036346605116718
86.301344209,1782820894.862984325,/gps/odometry.pose.pose.position.y,-0.02485846755555548
86.344199613,1782820894.905839729,/gps/odometry.pose.pose.position.y,-0.0246803962996633
86.385951984,1782820894.947592100,/gps/odometry.pose.pose.position.y,-0.024502133232926455
86.420147114,1782820894.981787230,/gps/odometry.pose.pose.position.y,-0.02432367795985867
86.456478608,1782820895.018118724,/gps/odometry.pose.pose.position.y,-0.0241450312714325
86.499725324,1782820895.061365440,/gps/odometry.pose.pose.position.y,-0.023966193167647934
86.534430635,1782820895.096070751,/gps/odometry.pose.pose.position.y,-0.02378716325301871
86.57927236,1782820895.140912476,/gps/odometry.pose.pose.position.y,-0.023607940341085994
86.623138962,1782820895.184779078,/gps/odometry.pose.pose.position.y,-0.023428526409281166
86.655990712,1782820895.217630828,/gps/odometry.pose.pose.position.y,-0.023248919480172835
86.693837071,1782820895.255477187,/gps/odometry.pose.pose.position.y,-0.023069119553761012
86.729974433,1782820895.291614549,/gps/odometry.pose.pose.position.y,-0.022889127816504522
86.760154337,1782820895.321794453,/gps/odometry.pose.pose.position.y,-0.022708943477430812
86.802829992,1782820895.364470108,/gps/odometry.pose.pose.position.y,-0.022528566536539885
86.835964405,1782820895.397604521,/gps/odometry.pose.pose.position.y,-0.022347996598345462
86.876282577,1782820895.437922693,/gps/odometry.pose.pose.position.y,-0.02216723366284754
86.913464264,1782820895.475104380,/gps/odometry.pose.pose.position.y,-0.021986278521018674
86.947755134,1782820895.509395250,/gps/odometry.pose.pose.position.y,-0.021805128404454924
86.994638791,1782820895.556278907,/gps/odometry.pose.pose.position.y,-0.021623786872532788
87.029117328,1782820895.590757444,/gps/odometry.pose.pose.position.y,-0.021442249970389488
87.061693721,1782820895.623333837,/gps/odometry.pose.pose.position.y,-0.021260520861915246
87.106179403,1782820895.667819519,/gps/odometry.pose.pose.position.y,-0.021078598360651228
87.146160198,1782820895.707800314,/gps/odometry.pose.pose.position.y,-0.0208964812801386
87.17894925,1782820895.740589366,/gps/odometry.pose.pose.position.y,-0.020714170806836206
87.224163406,1782820895.785803522,/gps/odometry.pose.pose.position.y,-0.02053166654525775
87.257346677,1782820895.818986793,/gps/odometry.pose.pose.position.y,-0.02034896770443069
87.291314097,1782820895.852954213,/gps/odometry.pose.pose.position.y,-0.020166075075327576
87.334218341,1782820895.895858457,/gps/odometry.pose.pose.position.y,-0.019982988262462135
87.376562415,1782820895.938202531,/gps/odometry.pose.pose.position.y,-0.019799706079375527
87.409711611,1782820895.971351727,/gps/odometry.pose.pose.position.y,-0.019616230503499147
87.45064179,1782820896.012281906,/gps/odometry.pose.pose.position.y,-0.019432559557401603
87.482386558,1782820896.044026674,/gps/odometry.pose.pose.position.y,-0.019248694427541728
87.515523738,1782820896.077163854,/gps/odometry.pose.pose.position.y,-0.01906463353197441
87.558578618,1782820896.120218734,/gps/odometry.pose.pose.position.y,-0.018880378057158486
87.598491271,1782820896.160131387,/gps/odometry.pose.pose.position.y,-0.018695926816635122
87.631909489,1782820896.193549605,/gps/odometry.pose.pose.position.y,-0.018511281787835707
87.676569427,1782820896.238209543,/gps/odometry.pose.pose.position.y,-0.01832644020235629
87.709996152,1782820896.271636268,/gps/odometry.pose.pose.position.y,-0.018141403642141993
87.743595638,1782820896.305235754,/gps/odometry.pose.pose.position.y,-0.01795617171170653
87.781291561,1782820896.342931677,/gps/odometry.pose.pose.position.y,-0.01777074362007735
87.826759378,1782820896.388399494,/gps/odometry.pose.pose.position.y,-0.017585120158227007
87.863543633,1782820896.425183749,/gps/odometry.pose.pose.position.y,-0.017399299744210388
87.902210166,1782820896.463850282,/gps/odometry.pose.pose.position.y,-0.017213283959972608
87.940388867,1782820896.502028983,/gps/odometry.pose.pose.position.y,-0.017027070828082275
87.972443232,1782820896.534083348,/gps/odometry.pose.pose.position.y,-0.016840663116943332
88.005670422,1782820896.567310538,/gps/odometry.pose.pose.position.y,-0.016654059244610674
88.052939522,1782820896.614579638,/gps/odometry.pose.pose.position.y,-0.016467256047194078
88.092983409,1782820896.654623525,/gps/odometry.pose.pose.position.y,-0.016280257875042593
88.130106687,1782820896.691746803,/gps/odometry.pose.pose.position.y,-0.01609306314621111
88.175650586,1782820896.737290702,/gps/odometry.pose.pose.position.y,-0.015905671069727078
88.208670445,1782820896.770310561,/gps/odometry.pose.pose.position.y,-0.015718082832049327
88.241594446,1782820896.803234562,/gps/odometry.pose.pose.position.y,-0.015530296455746469
88.283792465,1782820896.845432581,/gps/odometry.pose.pose.position.y,-0.01534231273179106
88.318704421,1782820896.880344537,/gps/odometry.pose.pose.position.y,-0.015154132451155655
88.361963002,1782820896.923603118,/gps/odometry.pose.pose.position.y,-0.01496575324092259
88.399959035,1782820896.961599151,/gps/odometry.pose.pose.position.y,-0.01477717668303697
88.432434155,1782820896.994074271,/gps/odometry.pose.pose.position.y,-0.014588403568471353
88.481290169,1782820897.042930285,/gps/odometry.pose.pose.position.y,-0.0143994311288218
88.515446214,1782820897.077086330,/gps/odometry.pose.pose.position.y,-0.014210261341519693
88.547685715,1782820897.109325831,/gps/odometry.pose.pose.position.y,-0.014020893415592478
88.592627834,1782820897.154267950,/gps/odometry.pose.pose.position.y,-0.01383132695555388
88.638292397,1782820897.199932513,/gps/odometry.pose.pose.position.y,-0.013641561961403897
88.673469795,1782820897.235109911,/gps/odometry.pose.pose.position.y,-0.01345159882862881
88.712123913,1782820897.273764029,/gps/odometry.pose.pose.position.y,-0.013261548293386357
88.74533014,1782820897.306970256,/gps/odometry.pose.pose.position.y,-0.013071446740414088
88.781359264,1782820897.342999380,/gps/odometry.pose.pose.position.y,-0.01288124829330379
88.816347734,1782820897.377987850,/gps/odometry.pose.pose.position.y,-0.012690863967642997
88.849225405,1782820897.410865521,/gps/odometry.pose.pose.position.y,-0.012500276757521763
88.891945646,1782820897.453585762,/gps/odometry.pose.pose.position.y,-0.0123094882448852
88.937707883,1782820897.499347999,/gps/odometry.pose.pose.position.y,-0.012118495265843087
88.97418766,1782820897.535827776,/gps/odometry.pose.pose.position.y,-0.011927301775258204
89.01713508,1782820897.578775196,/gps/odometry.pose.pose.position.y,-0.011735904213754048
89.048834744,1782820897.610474860,/gps/odometry.pose.pose.position.y,-0.01154430416327573
89.082431823,1782820897.644071939,/gps/odometry.pose.pose.position.y,-0.011352502414795808
89.122323439,1782820897.683963555,/gps/odometry.pose.pose.position.y,-0.011160496199910335
89.164338189,1782820897.725978305,/gps/odometry.pose.pose.position.y,-0.010968286705078146
89.197466814,1782820897.759106930,/gps/odometry.pose.pose.position.y,-0.010775874721271797
89.240926288,1782820897.802566404,/gps/odometry.pose.pose.position.y,-0.010583258666546174
89.281296393,1782820897.842936509,/gps/odometry.pose.pose.position.y,-0.01039044051833267
89.312937475,1782820897.874577591,/gps/odometry.pose.pose.position.y,-0.010197418299199892
89.346651585,1782820897.908291701,/gps/odometry.pose.pose.position.y,-0.010004192009147844
89.386296489,1782820897.947936605,/gps/odometry.pose.pose.position.y,-0.009810762834635358
89.419951793,1782820897.981591909,/gps/odometry.pose.pose.position.y,-0.009617128798231043
89.461402196,1782820898.023042312,/gps/odometry.pose.pose.position.y,-0.009423290690907457
89.493356861,1782820898.054996977,/gps/odometry.pose.pose.position.y,-0.009229249699123433
89.526524562,1782820898.088164678,/gps/odometry.pose.pose.position.y,-0.009035003054475025
89.569625056,1782820898.131265172,/gps/odometry.pose.pose.position.y,-0.00884055352536618
89.618444902,1782820898.180085018,/gps/odometry.pose.pose.position.y,-0.008645898343392952
89.653860631,1782820898.215500747,/gps/odometry.pose.pose.position.y,-0.008451039090500451
89.697402032,1782820898.259042148,/gps/odometry.pose.pose.position.y,-0.008255976557661235
89.730165072,1782820898.291805188,/gps/odometry.pose.pose.position.y,-0.008060708371957636
89.763036382,1782820898.324676498,/gps/odometry.pose.pose.position.y,-0.007865234928875933
89.802503732,1782820898.364143848,/gps/odometry.pose.pose.position.y,-0.007669555832929847
89.847536846,1782820898.409176962,/gps/odometry.pose.pose.position.y,-0.007473674248009599
89.881615877,1782820898.443255993,/gps/odometry.pose.pose.position.y,-0.007277583450848472
89.923479777,1782820898.485119893,/gps/odometry.pose.pose.position.y,-0.007081289373740628
89.958769864,1782820898.520409980,/gps/odometry.pose.pose.position.y,-0.006884790434740956
89.991804465,1782820898.553444581,/gps/odometry.pose.pose.position.y,-0.006688085447390625
90.024578585,1782820898.586218701,/gps/odometry.pose.pose.position.y,-0.006491174016203355
90.067956196,1782820898.629596312,/gps/odometry.pose.pose.position.y,-0.006294058514096815
90.100548612,1782820898.662188728,/gps/odometry.pose.pose.position.y,-0.006096735381694504
90.13932089,1782820898.700961006,/gps/odometry.pose.pose.position.y,-0.005899206991914087
90.176539232,1782820898.738179348,/gps/odometry.pose.pose.position.y,-0.005701472553783011
90.209621495,1782820898.771261611,/gps/odometry.pose.pose.position.y,-0.005503531671814997
90.245079481,1782820898.806719597,/gps/odometry.pose.pose.position.y,-0.0053053847414963225
90.29281852,1782820898.854458636,/gps/odometry.pose.pose.position.y,-0.005107028598936768
90.326105683,1782820898.887745799,/gps/odometry.pose.pose.position.y,-0.004908468780944218
90.365380568,1782820898.927020684,/gps/odometry.pose.pose.position.y,-0.004709700541683344
90.401621565,1782820898.963261681,/gps/odometry.pose.pose.position.y,-0.004510728231503196
90.433246493,1782820898.994886609,/gps/odometry.pose.pose.position.y,-0.004311545918109613
90.46653548,1782820899.028175596,/gps/odometry.pose.pose.position.y,-0.004112158347337925
90.50921106,1782820899.070851176,/gps/odometry.pose.pose.position.y,-0.0039125623552979105
90.537532876,1782820899.099172992,/gps/odometry.pose.pose.position.y,-0.0037127587329621255
90.579877644,1782820899.141517760,/gps/odometry.pose.pose.position.y,-0.003512749062275681
90.613394259,1782820899.175034375,/gps/odometry.pose.pose.position.y,-0.003312530179348355
90.646167923,1782820899.207808039,/gps/odometry.pose.pose.position.y,-0.003112104457097813
90.687690997,1782820899.249331113,/gps/odometry.pose.pose.position.y,-0.00291147980524961
90.720556211,1782820899.282196327,/gps/odometry.pose.pose.position.y,-0.002710856339860239
90.765900388,1782820899.327540504,/gps/odometry.pose.pose.position.y,-0.00251013123449751
90.808906172,1782820899.370546288,/gps/odometry.pose.pose.position.y,-0.0023091953349487896
90.841094671,1782820899.402734787,/gps/odometry.pose.pose.position.y,-0.002108047454755244
90.880702645,1782820899.442342761,/gps/odometry.pose.pose.position.y,-0.001906689175861984
90.912694973,1782820899.474335089,/gps/odometry.pose.pose.position.y,-0.0017051212892415651
90.945908289,1782820899.507548405,/gps/odometry.pose.pose.position.y,-0.0015033398400312108
90.987736512,1782820899.549376628,/gps/odometry.pose.pose.position.y,-0.0013013475966348646
91.031895911,1782820899.593536027,/gps/odometry.pose.pose.position.y,-0.001099144163566249
91.06536719,1782820899.627007306,/gps/odometry.pose.pose.position.y,-0.0008967287498528082
91.110427865,1782820899.672067981,/gps/odometry.pose.pose.position.y,-0.0006941009600082648
91.139545913,1782820899.701186029,/gps/odometry.pose.pose.position.y,-0.0004912627714640074
91.172353898,1782820899.733994014,/gps/odometry.pose.pose.position.y,-0.00028821220678864733
91.217851373,1782820899.779491489,/gps/odometry.pose.pose.position.y,-0.00008494966146846243
91.26664437,1782820899.828284486,/gps/odometry.pose.pose.position.y,0.00011852525998282503
91.299096387,1782820899.860736503,/gps/odometry.pose.pose.position.y,0.0003222125575652151
91.341180913,1782820899.902821029,/gps/odometry.pose.pose.position.y,0.00052611183579243
91.378466275,1782820899.940106391,/gps/odometry.pose.pose.position.y,0.000730223885637025
91.41365721,1782820899.975297326,/gps/odometry.pose.pose.position.y,0.0009345483116127227
91.446446947,1782820900.008087063,/gps/odometry.pose.pose.position.y,0.0011390863001783558
91.485764796,1782820900.047404912,/gps/odometry.pose.pose.position.y,0.0013438358739025363
91.521383186,1782820900.083023302,/gps/odometry.pose.pose.position.y,0.0015487986147303746
91.559625275,1782820900.121265391,/gps/odometry.pose.pose.position.y,0.0017539749181481484
91.594238383,1782820900.155878499,/gps/odometry.pose.pose.position.y,0.0019593647841558573
91.627908349,1782820900.189548465,/gps/odometry.pose.pose.position.y,0.002164966630808392
91.674039909,1782820900.235680025,/gps/odometry.pose.pose.position.y,0.0023707832265096943
91.717433949,1782820900.279074065,/gps/odometry.pose.pose.position.y,0.0025768137802872106
91.751245549,1782820900.312885665,/gps/odometry.pose.pose.position.y,0.002783056314709551
91.791926848,1782820900.353566964,/gps/odometry.pose.pose.position.y,0.00298951359818066
91.828662791,1782820900.390302907,/gps/odometry.pose.pose.position.y,0.003196184444241705
91.863764598,1782820900.425404714,/gps/odometry.pose.pose.position.y,0.0034030704348377958
91.896106844,1782820900.457746960,/gps/odometry.pose.pose.position.y,0.0036101699880238224
91.942325865,1782820900.503965981,/gps/odometry.pose.pose.position.y,0.0038174823128272286
91.978694275,1782820900.540334391,/gps/odometry.pose.pose.position.y,0.004025010573138237
92.023566653,1782820900.585206769,/gps/odometry.pose.pose.position.y,0.004232753582498014
92.061896802,1782820900.623536918,/gps/odometry.pose.pose.position.y,0.004440710945420282
92.094621633,1782820900.656261749,/gps/odometry.pose.pose.position.y,0.004648883057391317
92.13364019,1782820900.695280306,/gps/odometry.pose.pose.position.y,0.0048572699184111215
92.167519668,1782820900.729159784,/gps/odometry.pose.pose.position.y,0.005065872319452249
92.200404,1782820900.762044116,/gps/odometry.pose.pose.position.y,0.005274689865028424
92.244509518,1782820900.806149634,/gps/odometry.pose.pose.position.y,0.005483721764167089
92.293646589,1782820900.855286705,/gps/odometry.pose.pose.position.y,0.005692970785272189
92.324405265,1782820900.886045381,/gps/odometry.pose.pose.position.y,0.005902434159939779
92.366335506,1782820900.927975622,/gps/odometry.pose.pose.position.y,0.006112112679142415
92.405162641,1782820900.966802757,/gps/odometry.pose.pose.position.y,0.00632200792482521
92.437884165,1782820900.999524281,/gps/odometry.pose.pose.position.y,0.006532118710529327
92.473574489,1782820901.035214605,/gps/odometry.pose.pose.position.y,0.0067424462227136
92.506965485,1782820901.068605601,/gps/odometry.pose.pose.position.y,0.006952989274919199
92.560258097,1782820901.121898213,/gps/odometry.pose.pose.position.y,0.007163749844577508
92.598310968,1782820901.159951084,/gps/odometry.pose.pose.position.y,0.007374725558770865
92.631739185,1782820901.193379301,/gps/odometry.pose.pose.position.y,0.007585917999444378
92.672746245,1782820901.234386361,/gps/odometry.pose.pose.position.y,0.007797328353056881
92.710693408,1782820901.272333524,/gps/odometry.pose.pose.position.y,0.008008954642176984
92.743376649,1782820901.305016765,/gps/odometry.pose.pose.position.y,0.0082207984487498
92.781446209,1782820901.343086325,/gps/odometry.pose.pose.position.y,0.008432859772775329
92.826747008,1782820901.388387124,/gps/odometry.pose.pose.position.y,0.008645137823281013
92.861278845,1782820901.422918961,/gps/odometry.pose.pose.position.y,0.00885763339123941
92.902818776,1782820901.464458892,/gps/odometry.pose.pose.position.y,0.009070346476650521
92.941559246,1782820901.503199362,/gps/odometry.pose.pose.position.y,0.009283276288541788
92.974792855,1782820901.536432971,/gps/odometry.pose.pose.position.y,0.009496425990803432
93.026535384,1782820901.588175500,/gps/odometry.pose.pose.position.y,0.009709769876827406
93.066980775,1782820901.628620891,/gps/odometry.pose.pose.position.y,0.009923176249683249
93.101384387,1782820901.663024503,/gps/odometry.pose.pose.position.y,0.010136700477449835
93.135888233,1782820901.697528349,/gps/odometry.pose.pose.position.y,0.010350354029229217
93.180818803,1782820901.742458919,/gps/odometry.pose.pose.position.y,0.010564224702975033
93.21367407,1782820901.775314186,/gps/odometry.pose.pose.position.y,0.010778317640008892
93.256680583,1782820901.818320699,/gps/odometry.pose.pose.position.y,0.010992632444844518
93.300374509,1782820901.862014625,/gps/odometry.pose.pose.position.y,0.011207167931023077
93.332416386,1782820901.894056502,/gps/odometry.pose.pose.position.y,0.011421926471462236
93.380453944,1782820901.942094060,/gps/odometry.pose.pose.position.y,0.011636905693244328
93.410456755,1782820901.972096871,/gps/odometry.pose.pose.position.y,0.011852107969287018
93.443631261,1782820902.005271377,/gps/odometry.pose.pose.position.y,0.012067532113131477
93.48643115,1782820902.048071266,/gps/odometry.pose.pose.position.y,0.012283179311236531
93.52840436,1782820902.090044476,/gps/odometry.pose.pose.position.y,0.012499048377143355
93.562628201,1782820902.124268317,/gps/odometry.pose.pose.position.y,0.012715141288283334
93.600052211,1782820902.161692327,/gps/odometry.pose.pose.position.y,0.012931454880766243
93.634032991,1782820902.195673107,/gps/odometry.pose.pose.position.y,0.013147992318482309
93.666855593,1782820902.228495709,/gps/odometry.pose.pose.position.y,0.013364752810458975
93.709511734,1782820902.271151850,/gps/odometry.pose.pose.position.y,0.013581736752182516
93.750155255,1782820902.311795371,/gps/odometry.pose.pose.position.y,0.01379894177073527
93.781973361,1782820902.343613477,/gps/odometry.pose.pose.position.y,0.014016372611952568
93.823776173,1782820902.385416289,/gps/odometry.pose.pose.position.y,0.014234026507430463
93.856808896,1782820902.418449012,/gps/odometry.pose.pose.position.y,0.014451903457168956
93.891615361,1782820902.453255477,/gps/odometry.pose.pose.position.y,0.014670004647626883
93.93995413,1782820902.501594246,/gps/odometry.pose.pose.position.y,0.014888329287831686
93.979152863,1782820902.540792979,/gps/odometry.pose.pose.position.y,0.015106878168755925
94.012196113,1782820902.573836229,/gps/odometry.pose.pose.position.y,0.015325650894913313
94.050701704,1782820902.612341820,/gps/odometry.pose.pose.position.y,0.015544647070817581
94.087912959,1782820902.649553075,/gps/odometry.pose.pose.position.y,0.015763868673900113
94.120791731,1782820902.682431847,/gps/odometry.pose.pose.position.y,0.015983314913188357
94.165601576,1782820902.727241692,/gps/odometry.pose.pose.position.y,0.016202984997709755
94.206056507,1782820902.767696623,/gps/odometry.pose.pose.position.y,0.016422880509409418
94.239341492,1782820902.800981608,/gps/odometry.pose.pose.position.y,0.01664300144828735
94.280623295,1782820902.842263411,/gps/odometry.pose.pose.position.y,0.01686334623239843
94.320945714,1782820902.882585830,/gps/odometry.pose.pose.position.y,0.01708391644368778
94.353268038,1782820902.914908154,/gps/odometry.pose.pose.position.y,0.017304711686669114
94.385460438,1782820902.947100554,/gps/odometry.pose.pose.position.y,0.017525733543287545
94.419176461,1782820902.980816577,/gps/odometry.pose.pose.position.y,0.017746979640625413
94.486876937,1782820903.048517053,/gps/odometry.pose.pose.position.y,0.0179684519561141
94.519437694,1782820903.081077810,/gps/odometry.pose.pose.position.y,0.018190148907808498
94.552451449,1782820903.114091565,/gps/odometry.pose.pose.position.y,0.01841207286862627
94.592629193,1782820903.154269309,/gps/odometry.pose.pose.position.y,0.018634224234053698
94.629990469,1782820903.191630585,/gps/odometry.pose.pose.position.y,0.01885660063117311
94.662843362,1782820903.224483478,/gps/odometry.pose.pose.position.y,0.019079203246443348
94.701317444,1782820903.262957560,/gps/odometry.pose.pose.position.y,0.019302031288891845
94.740195137,1782820903.301835253,/gps/odometry.pose.pose.position.y,0.019525087922408833
94.772873644,1782820903.334513760,/gps/odometry.pose.pose.position.y,0.019748370378590358
94.81639334,1782820903.378033456,/gps/odometry.pose.pose.position.y,0.019971880239381543
94.854563624,1782820903.416203740,/gps/odometry.pose.pose.position.y,0.02019561552735099
94.887964837,1782820903.449604953,/gps/odometry.pose.pose.position.y,0.020419580988334036
94.925310551,1782820903.486950667,/gps/odometry.pose.pose.position.y,0.02064377148100907
94.964487657,1782820903.526127773,/gps/odometry.pose.pose.position.y,0.020868190960238866
94.998649406,1782820903.560289522,/gps/odometry.pose.pose.position.y,0.021092836262133208
95.041129236,1782820903.602769352,/gps/odometry.pose.pose.position.y,0.021317710155096033
95.090891164,1782820903.652531280,/gps/odometry.pose.pose.position.y,0.02154281184815479
95.124236789,1782820903.685876905,/gps/odometry.pose.pose.position.y,0.021768141736795758
95.163315555,1782820903.724955671,/gps/odometry.pose.pose.position.y,0.02199369903004638
95.193481611,1782820903.755121727,/gps/odometry.pose.pose.position.y,0.02221948570533804
95.226577832,1782820903.788217948,/gps/odometry.pose.pose.position.y,0.022445500180725633
95.268784947,1782820903.830425063,/gps/odometry.pose.pose.position.y,0.02267174364266799
95.311406557,1782820903.873046673,/gps/odometry.pose.pose.position.y,0.022898174960592238
95.344089923,1782820903.905730039,/gps/odometry.pose.pose.position.y,0.02312468221188179
95.380843195,1782820903.942483311,/gps/odometry.pose.pose.position.y,0.02335118353087718
95.416556302,1782820903.978196418,/gps/odometry.pose.pose.position.y,0.023577895248572286
95.449287894,1782820904.010928010,/gps/odometry.pose.pose.position.y,0.023804837930253547
95.493533781,1782820904.055173897,/gps/odometry.pose.pose.position.y,0.024032014739811175
95.535908358,1782820904.097548474,/gps/odometry.pose.pose.position.y,0.024259424886272626
95.571647554,1782820904.133287670,/gps/odometry.pose.pose.position.y,0.0244870663922065
95.607843912,1782820904.169484028,/gps/odometry.pose.pose.position.y,0.02471494321247559
95.642003459,1782820904.203643575,/gps/odometry.pose.pose.position.y,0.02494305297416222
95.676067538,1782820904.237707654,/gps/odometry.pose.pose.position.y,0.02517139528178011
95.718358924,1782820904.279999040,/gps/odometry.pose.pose.position.y,0.025399971717274376
95.762037123,1782820904.323677239,/gps/odometry.pose.pose.position.y,0.025628781489672455
95.79346077,1782820904.355100886,/gps/odometry.pose.pose.position.y,0.025857824994460637
95.835758289,1782820904.397398405,/gps/odometry.pose.pose.position.y,0.026087103022611465
95.873494139,1782820904.435134255,/gps/odometry.pose.pose.position.y,0.026316613992179834
95.906591167,1782820904.468231283,/gps/odometry.pose.pose.position.y,0.02654635908962458
95.942281872,1782820904.503921988,/gps/odometry.pose.pose.position.y,0.026776339896890808
95.985423059,1782820904.547063175,/gps/odometry.pose.pose.position.y,0.027006553250088303
96.019048202,1782820904.580688318,/gps/odometry.pose.pose.position.y,0.027237001917621
96.062914201,1782820904.624554317,/gps/odometry.pose.pose.position.y,0.027467685504002626
96.104799277,1782820904.666439393,/gps/odometry.pose.pose.position.y,0.02769860361374691
96.140414538,1782820904.702054654,/gps/odometry.pose.pose.position.y,0.027929756642340115
96.184927419,1782820904.746567535,/gps/odometry.pose.pose.position.y,0.028161144194295978
96.223929279,1782820904.785569395,/gps/odometry.pose.pose.position.y,0.02839276745607332
96.253727043,1782820904.815367159,/gps/odometry.pose.pose.position.y,0.02862462642767215
96.294752017,1782820904.856392133,/gps/odometry.pose.pose.position.y,0.028856720318119908
96.328118028,1782820904.889758144,/gps/odometry.pose.pose.position.y,0.029089049522902873
96.368449003,1782820904.930089119,/gps/odometry.pose.pose.position.y,0.029321614042021042
96.401610593,1782820904.963250709,/gps/odometry.pose.pose.position.y,0.029554415852905806
96.434409962,1782820904.996050078,/gps/odometry.pose.pose.position.y,0.029787452187153226
96.476574072,1782820905.038214188,/gps/odometry.pose.pose.position.y,0.030020724626708406
96.517169524,1782820905.078809640,/gps/odometry.pose.pose.position.y,0.03025423435803018
96.549933865,1782820905.111573981,/gps/odometry.pose.pose.position.y,0.030487979008200886
96.594763923,1782820905.156404039,/gps/odometry.pose.pose.position.y,0.030721960950138186
96.629982376,1782820905.191622492,/gps/odometry.pose.pose.position.y,0.030956179392869522
96.662598786,1782820905.224238902,/gps/odometry.pose.pose.position.y,0.031190633940908624
96.698602179,1782820905.260242295,/gps/odometry.pose.pose.position.y,0.03142532657168687
96.741283833,1782820905.302923949,/gps/odometry.pose.pose.position.y,0.03166025530777289
96.77431067,1782820905.335950786,/gps/odometry.pose.pose.position.y,0.03189542212659805
96.815464213,1782820905.377104329,/gps/odometry.pose.pose.position.y,0.03213082544621725
96.854556854,1782820905.416196970,/gps/odometry.pose.pose.position.y,0.03236646526663049
96.888994404,1782820905.450634520,/gps/odometry.pose.pose.position.y,0.03260234396075544
96.925989574,1782820905.487629690,/gps/odometry.pose.pose.position.y,0.03283846034213326
96.976132256,1782820905.537772372,/gps/odometry.pose.pose.position.y,0.03307481441076396
97.007968125,1782820905.569608241,/gps/odometry.pose.pose.position.y,0.033311406166647524
97.053924582,1782820905.615564698,/gps/odometry.pose.pose.position.y,0.033548236796242796
97.089315215,1782820905.650955331,/gps/odometry.pose.pose.position.y,0.03378530511309094
97.121974221,1782820905.683614337,/gps/odometry.pose.pose.position.y,0.03402261190816451
97.154756446,1782820905.716396562,/gps/odometry.pose.pose.position.y,0.03426015757694979
97.196400068,1782820905.758040184,/gps/odometry.pose.pose.position.y,0.03449794093298794
97.229748462,1782820905.791388578,/gps/odometry.pose.pose.position.y,0.034735963162737804
97.280750475,1782820905.842390591,/gps/odometry.pose.pose.position.y,0.03497422703460331
97.317539734,1782820905.879179850,/gps/odometry.pose.pose.position.y,0.03521272701177657
97.350378905,1782820905.912019021,/gps/odometry.pose.pose.position.y,0.03545146784009294
97.391805309,1782820905.953445425,/gps/odometry.pose.pose.position.y,0.03569044675114845
97.4344795,1782820905.996119616,/gps/odometry.pose.pose.position.y,0.03592966651334705
97.467268504,1782820906.028908620,/gps/odometry.pose.pose.position.y,0.03616912554474364
97.508753263,1782820906.070393379,/gps/odometry.pose.pose.position.y,0.0364088242408245
97.550111927,1782820906.111752043,/gps/odometry.pose.pose.position.y,0.03664876220610333
97.582397153,1782820906.144037269,/gps/odometry.pose.pose.position.y,0.03688894141801153
97.622966411,1782820906.184606527,/gps/odometry.pose.pose.position.y,0.03712936187654911
97.658832482,1782820906.220472598,/gps/odometry.pose.pose.position.y,0.03737002160428467
97.693603716,1782820906.255243832,/gps/odometry.pose.pose.position.y,0.03761092099670449
97.737031028,1782820906.298671144,/gps/odometry.pose.pose.position.y,0.03785206242672624
97.783580564,1782820906.345220680,/gps/odometry.pose.pose.position.y,0.03809344391691853
97.816711988,1782820906.378352104,/gps/odometry.pose.pose.position.y,0.03833506863117157
97.861123779,1782820906.422763895,/gps/odometry.pose.pose.position.y,0.038576932614622604
97.895909779,1782820906.457549895,/gps/odometry.pose.pose.position.y,0.03881903744921673
97.929502656,1782820906.491142772,/gps/odometry.pose.pose.position.y,0.03906138432141278
97.96269702,1782820906.524337136,/gps/odometry.pose.pose.position.y,0.0393039724402382
98.016470156,1782820906.578110272,/gps/odometry.pose.pose.position.y,0.03954680338763811
98.0505029,1782820906.612143016,/gps/odometry.pose.pose.position.y,0.03978987518618111
98.09177022,1782820906.653410336,/gps/odometry.pose.pose.position.y,0.04003319020878486
98.138346166,1782820906.699986282,/gps/odometry.pose.pose.position.y,0.04027674608253171
98.174436222,1782820906.736076338,/gps/odometry.pose.pose.position.y,0.04052054597131188
98.213979531,1782820906.775619647,/gps/odometry.pose.pose.position.y,0.040764586711235146
98.247823058,1782820906.809463174,/gps/odometry.pose.pose.position.y,0.04100886988424662
98.286774552,1782820906.848414668,/gps/odometry.pose.pose.position.y,0.041253311647255424
98.318530181,1782820906.880170297,/gps/odometry.pose.pose.position.y,0.041497773184578104
98.35129651,1782820906.912936626,/gps/odometry.pose.pose.position.y,0.041742301954568004
98.3981521,1782820906.959792216,/gps/odometry.pose.pose.position.y,0.04198701739408095
98.436133956,1782820906.997774072,/gps/odometry.pose.pose.position.y,0.04223197961703116
98.469110023,1782820907.030750139,/gps/odometry.pose.pose.position.y,0.04247719060085001
98.514970077,1782820907.076610193,/gps/odometry.pose.pose.position.y,0.0427226487635924
98.54754073,1782820907.109180846,/gps/odometry.pose.pose.position.y,0.04296835568720343
98.580569653,1782820907.142209769,/gps/odometry.pose.pose.position.y,0.04321431058071056
98.627720296,1782820907.189360412,/gps/odometry.pose.pose.position.y,0.04346051423508633
98.669673038,1782820907.231313154,/gps/odometry.pose.pose.position.y,0.04370696546387193
98.70248286,1782820907.264122976,/gps/odometry.pose.pose.position.y,0.043953666244498715
98.747443057,1782820907.309083173,/gps/odometry.pose.pose.position.y,0.0442006149950216
98.786063362,1782820907.347703478,/gps/odometry.pose.pose.position.y,0.04444781290189941
98.819319231,1782820907.380959347,/gps/odometry.pose.pose.position.y,0.044695259569645866
98.851988854,1782820907.413628970,/gps/odometry.pose.pose.position.y,0.04494295420728841
98.896896145,1782820907.458536261,/gps/odometry.pose.pose.position.y,0.04519089918774472
98.930190907,1782820907.491831023,/gps/odometry.pose.pose.position.y,0.04543909332455595
98.980638058,1782820907.542278174,/gps/odometry.pose.pose.position.y,0.04568753780418094
99.023533594,1782820907.585173710,/gps/odometry.pose.pose.position.y,0.04593622985821574
99.055873908,1782820907.617514024,/gps/odometry.pose.pose.position.y,0.0461851722550643
99.092865197,1782820907.654505313,/gps/odometry.pose.pose.position.y,0.04643436499472662
99.12928536,1782820907.690925476,/gps/odometry.pose.pose.position.y,0.04668380807720269
99.161974127,1782820907.723614243,/gps/odometry.pose.pose.position.y,0.046933500316033695
99.205951643,1782820907.767591759,/gps/odometry.pose.pose.position.y,0.04718344210670589
99.249788212,1782820907.811428328,/gps/odometry.pose.pose.position.y,0.047433635822136964
99.283335674,1782820907.844975790,/gps/odometry.pose.pose.position.y,0.047684079089409234
99.324231349,1782820907.885871465,/gps/odometry.pose.pose.position.y,0.04793477349046782
99.364347991,1782820907.925988107,/gps/odometry.pose.pose.position.y,0.04818571862982644
99.397189062,1782820907.958829178,/gps/odometry.pose.pose.position.y,0.04843691450748511
99.434748309,1782820907.996388425,/gps/odometry.pose.pose.position.y,0.04868836112344379
99.481603858,1782820908.043243974,/gps/odometry.pose.pose.position.y,0.048940059268675076
99.521215515,1782820908.082855631,/gps/odometry.pose.pose.position.y,0.04919200854769267
99.561715258,1782820908.123355374,/gps/odometry.pose.pose.position.y,0.04944420935598286
99.608206839,1782820908.169846955,/gps/odometry.pose.pose.position.y,0.049696662089031916
99.640978316,1782820908.202618432,/gps/odometry.pose.pose.position.y,0.04994936556038101
99.676867796,1782820908.238507912,/gps/odometry.pose.pose.position.y,0.050202321747461524
99.71188221,1782820908.273522326,/gps/odometry.pose.pose.position.y,0.05045552906832835
99.745267928,1782820908.306908044,/gps/odometry.pose.pose.position.y,0.0507089891049266
99.786255996,1782820908.347896112,/gps/odometry.pose.pose.position.y,0.05096270225274255
99.82933547,1782820908.390975586,/gps/odometry.pose.pose.position.y,0.05121666574337227
99.864424129,1782820908.426064245,/gps/odometry.pose.pose.position.y,0.05147088353167851
99.90393489,1782820908.465575006,/gps/odometry.pose.pose.position.y,0.051725354035716174
99.937199808,1782820908.498839924,/gps/odometry.pose.pose.position.y,0.051980076464512706
99.969610578,1782820908.531250694,/gps/odometry.pose.pose.position.y,0.05223505240001322
100.013289552,1782820908.574929668,/gps/odometry.pose.pose.position.y,0.052490282237704
100.05882109,1782820908.620461206,/gps/odometry.pose.pose.position.y,0.05274576479112619
100.088433257,1782820908.650073373,/gps/odometry.pose.pose.position.y,0.053001500060279816
100.124492166,1782820908.686132282,/gps/odometry.pose.pose.position.y,0.05325749002259625
100.159009391,1782820908.720649507,/gps/odometry.pose.pose.position.y,0.05351373349161665
100.197504595,1782820908.759144711,/gps/odometry.pose.pose.position.y,0.053770230071854774
100.235941447,1782820908.797581563,/gps/odometry.pose.pose.position.y,0.05402698094976941
100.269257382,1782820908.830897498,/gps/odometry.pose.pose.position.y,0.05428398652084687
100.310266904,1782820908.871907020,/gps/odometry.pose.pose.position.y,0.05454124599411459
100.34646209900001,1782820908.908102215,/gps/odometry.pose.pose.position.y,0.05479875976505884
100.379501223,1782820908.941141339,/gps/odometry.pose.pose.position.y,0.05505652981111101
100.416738358,1782820908.978378474,/gps/odometry.pose.pose.position.y,0.055314552968380885
100.46105706,1782820909.022697176,/gps/odometry.pose.pose.position.y,0.05557283160978612
100.494244777,1782820909.055884893,/gps/odometry.pose.pose.position.y,0.05583136573532673
100.540816028,1782820909.102456144,/gps/odometry.pose.pose.position.y,0.05609015455403015
100.584284916,1782820909.145925032,/gps/odometry.pose.pose.position.y,0.05634919806589638
100.61723609,1782820909.178876206,/gps/odometry.pose.pose.position.y,0.05660849785287053
100.651244642,1782820909.212884758,/gps/odometry.pose.pose.position.y,0.05686805351946633
100.692901756,1782820909.254541872,/gps/odometry.pose.pose.position.y,0.0571278646701975
100.729405144,1782820909.291045260,/gps/odometry.pose.pose.position.y,0.057387932491522874
100.776233918,1782820909.337874034,/gps/odometry.pose.pose.position.y,0.057648255006011055
100.818668904,1782820909.380309020,/gps/odometry.pose.pose.position.y,0.05790883498206599
100.851453632,1782820909.413093748,/gps/odometry.pose.pose.position.y,0.058169671233228845
100.892351843,1782820909.453991959,/gps/odometry.pose.pose.position.y,0.05843076375949962
100.921011758,1782820909.482651874,/gps/odometry.pose.pose.position.y,0.05869211335185088
100.957067264,1782820909.518707380,/gps/odometry.pose.pose.position.y,0.05895371921931006
100.998100651,1782820909.559740767,/gps/odometry.pose.pose.position.y,0.05921558294382228
101.03517518,1782820909.596815296,/gps/odometry.pose.pose.position.y,0.05947770254795613
101.068467517,1782820909.630107633,/gps/odometry.pose.pose.position.y,0.059740081195601855
101.111207625,1782820909.672847741,/gps/odometry.pose.pose.position.y,0.060002715722869235
101.145137271,1782820909.706777387,/gps/odometry.pose.pose.position.y,0.0602656104801073
101.178362051,1782820909.740002167,/gps/odometry.pose.pose.position.y,0.0605287259186883
101.216680426,1782820909.778320542,/gps/odometry.pose.pose.position.y,0.06079195327988588
101.255270679,1782820909.816910795,/gps/odometry.pose.pose.position.y,0.06105516244871469
101.287804132,1782820909.849444248,/gps/odometry.pose.pose.position.y,0.06131844517799114
101.321205415,1782820909.882845531,/gps/odometry.pose.pose.position.y,0.06158198813723829
101.368427512,1782820909.930067628,/gps/odometry.pose.pose.position.y,0.06184579449034636
101.400861713,1782820909.962501829,/gps/odometry.pose.pose.position.y,0.062109865819260465
101.444456987,1782820910.006097103,/gps/odometry.pose.pose.position.y,0.062374198960090374
101.487390964,1782820910.049031080,/gps/odometry.pose.pose.position.y,0.0626387974722126
101.519427927,1782820910.081068043,/gps/odometry.pose.pose.position.y,0.06290365898270947
101.552984828,1782820910.114624944,/gps/odometry.pose.pose.position.y,0.06316878546901236
101.595840426,1782820910.157480542,/gps/odometry.pose.pose.position.y,0.063434176535635
101.634266165,1782820910.195906281,/gps/odometry.pose.pose.position.y,0.06369983218257741
101.675438582,1782820910.237078698,/gps/odometry.pose.pose.position.y,0.06396575122338073
101.720186193,1782820910.281826309,/gps/odometry.pose.pose.position.y,0.06423193563547636
101.758126476,1782820910.319766592,/gps/odometry.pose.pose.position.y,0.06449838660532313
101.79308942,1782820910.354729536,/gps/odometry.pose.pose.position.y,0.06476509899159943
101.831679717,1782820910.393319833,/gps/odometry.pose.pose.position.y,0.06503207872659945
101.863232585,1782820910.424872701,/gps/odometry.pose.pose.position.y,0.06529932343740548
101.906982884,1782820910.468623000,/gps/odometry.pose.pose.position.y,0.0655668339149901
101.958783901,1782820910.520424017,/gps/odometry.pose.pose.position.y,0.06583460976386703
101.995155673,1782820910.556795789,/gps/odometry.pose.pose.position.y,0.06610265019306372
102.037574681,1782820910.599214797,/gps/odometry.pose.pose.position.y,0.06637095638903898
102.070607049,1782820910.632247165,/gps/odometry.pose.pose.position.y,0.0666395287472791
102.108755371,1782820910.670395487,/gps/odometry.pose.pose.position.y,0.06690836805875666
102.14386532,1782820910.705505436,/gps/odometry.pose.pose.position.y,0.06717747274152652
102.176743829,1782820910.738383945,/gps/odometry.pose.pose.position.y,0.06744684319107497
102.2143472,1782820910.775987316,/gps/odometry.pose.pose.position.y,0.06771648059386084
102.255684033,1782820910.817324149,/gps/odometry.pose.pose.position.y,0.06798638455439786
102.288414862,1782820910.850054978,/gps/odometry.pose.pose.position.y,0.06825655507268599
102.325451344,1782820910.887091460,/gps/odometry.pose.pose.position.y,0.06852699214872529
102.36193878,1782820910.923578896,/gps/odometry.pose.pose.position.y,0.06879769578251572
102.394856426,1782820910.956496542,/gps/odometry.pose.pose.position.y,0.06906866755600241
102.4355937,1782820910.997233816,/gps/odometry.pose.pose.position.y,0.0693399066782128
102.484844717,1782820911.046484833,/gps/odometry.pose.pose.position.y,0.06961141354463316
102.516907819,1782820911.078547935,/gps/odometry.pose.pose.position.y,0.06988318657331838
102.567444075,1782820911.129084191,/gps/odometry.pose.pose.position.y,0.07015522813718612
102.607324774,1782820911.168964890,/gps/odometry.pose.pose.position.y,0.07042753744526385
102.64403444,1782820911.205674556,/gps/odometry.pose.pose.position.y,0.07070011489303783
102.686381702,1782820911.248021818,/gps/odometry.pose.pose.position.y,0.0709729616669669
102.71979693,1782820911.281437046,/gps/odometry.pose.pose.position.y,0.07124607381218827
102.752551797,1782820911.314191913,/gps/odometry.pose.pose.position.y,0.07151945726099612
102.810923496,1782820911.372563612,/gps/odometry.pose.pose.position.y,0.07179310647658255
102.845303502,1782820911.406943618,/gps/odometry.pose.pose.position.y,0.07206702660026919
102.878298905,1782820911.439939021,/gps/odometry.pose.pose.position.y,0.0723412156546246
102.919650059,1782820911.481290175,/gps/odometry.pose.pose.position.y,0.07261567403513514
102.959218797,1782820911.520858913,/gps/odometry.pose.pose.position.y,0.07289040095082819
102.992282559,1782820911.553922675,/gps/odometry.pose.pose.position.y,0.07316539679719006
103.039302545,1782820911.600942661,/gps/odometry.pose.pose.position.y,0.07344066276067955
103.086680281,1782820911.648320397,/gps/odometry.pose.pose.position.y,0.0737161988412967
103.118580516,1782820911.680220632,/gps/odometry.pose.pose.position.y,0.07399200345709636
103.164302427,1782820911.725942543,/gps/odometry.pose.pose.position.y,0.07426807858550995
103.203212467,1782820911.764852583,/gps/odometry.pose.pose.position.y,0.07454442462202374
103.237208284,1782820911.798848400,/gps/odometry.pose.pose.position.y,0.07482103998469261
103.270327504,1782820911.831967620,/gps/odometry.pose.pose.position.y,0.07509792704643423
103.320428584,1782820911.882068700,/gps/odometry.pose.pose.position.y,0.07537508303884466
103.353775771,1782820911.915415887,/gps/odometry.pose.pose.position.y,0.07565251191678667
103.400929972,1782820911.962570088,/gps/odometry.pose.pose.position.y,0.07593021051637006
103.446616564,1782820912.008256680,/gps/odometry.pose.pose.position.y,0.07620818002405362
103.478793867,1782820912.040433983,/gps/odometry.pose.pose.position.y,0.07648642083532367
103.51470453,1782820912.076344646,/gps/odometry.pose.pose.position.y,0.07676493413663903
103.548277508,1782820912.109917624,/gps/odometry.pose.pose.position.y,0.07704371913702712
103.581731989,1782820912.143372105,/gps/odometry.pose.pose.position.y,0.07732277504551544
103.626204201,1782820912.187844317,/gps/odometry.pose.pose.position.y,0.07760210265307647
103.66951472,1782820912.231154836,/gps/odometry.pose.pose.position.y,0.07788170314616912
103.701820119,1782820912.263460235,/gps/odometry.pose.pose.position.y,0.07816157494284823
103.741052908,1782820912.302693024,/gps/odometry.pose.pose.position.y,0.07844172041603148
103.778124175,1782820912.339764291,/gps/odometry.pose.pose.position.y,0.07872213758828747
103.811142382,1782820912.372782498,/gps/odometry.pose.pose.position.y,0.07900282725058878
103.851562786,1782820912.413202902,/gps/odometry.pose.pose.position.y,0.07928379138036679
103.896604447,1782820912.458244563,/gps/odometry.pose.pose.position.y,0.07956502760470381
103.931286687,1782820912.492926803,/gps/odometry.pose.pose.position.y,0.07984653631908616
103.971254724,1782820912.532894840,/gps/odometry.pose.pose.position.y,0.08012831989643147
104.00522522,1782820912.566865336,/gps/odometry.pose.pose.position.y,0.08041037556833582
104.045385626,1782820912.607025742,/gps/odometry.pose.pose.position.y,0.08069270570771683
104.084501997,1782820912.646142113,/gps/odometry.pose.pose.position.y,0.0809753115010334
104.116882897,1782820912.678523013,/gps/odometry.pose.pose.position.y,0.081258189388909
104.162398477,1782820912.724038593,/gps/odometry.pose.pose.position.y,0.08154134213974756
104.20435873,1782820912.765998846,/gps/odometry.pose.pose.position.y,0.08182476896257654
104.23753371,1782820912.799173826,/gps/odometry.pose.pose.position.y,0.08210847104385477
104.276945392,1782820912.838585508,/gps/odometry.pose.pose.position.y,0.0823924475926097
104.308673893,1782820912.870314009,/gps/odometry.pose.pose.position.y,0.08267669781786877
104.341703556,1782820912.903343672,/gps/odometry.pose.pose.position.y,0.08296122448803592
104.387704844,1782820912.949344960,/gps/odometry.pose.pose.position.y,0.08324602562567976
104.436071254,1782820912.997711370,/gps/odometry.pose.pose.position.y,0.08353110399920424
104.468813958,1782820913.030454074,/gps/odometry.pose.pose.position.y,0.08381645684020542
104.50809193,1782820913.069732046,/gps/odometry.pose.pose.position.y,0.08410208533514212
104.545988832,1782820913.107628948,/gps/odometry.pose.pose.position.y,0.08438798948401435
104.579456893,1782820913.141097009,/gps/odometry.pose.pose.position.y,0.08467417086876722
104.621791584,1782820913.183431700,/gps/odometry.pose.pose.position.y,0.08496062790745564
104.675012343,1782820913.236652459,/gps/odometry.pose.pose.position.y,0.08524736060007955
104.71512558,1782820913.276765696,/gps/odometry.pose.pose.position.y,0.08553437131955668
104.748894822,1782820913.310534938,/gps/odometry.pose.pose.position.y,0.08582165769296933
104.795608436,1782820913.357248552,/gps/odometry.pose.pose.position.y,0.0861092216977489
104.827915877,1782820913.389555993,/gps/odometry.pose.pose.position.y,0.08639696643975735
104.866697836,1782820913.428337952,/gps/odometry.pose.pose.position.y,0.08668474519358567
104.904070008,1782820913.465710124,/gps/odometry.pose.pose.position.y,0.08697261609571671
104.937188888,1782820913.498829004,/gps/odometry.pose.pose.position.y,0.08726049688500467
104.982635829,1782820913.544275945,/gps/odometry.pose.pose.position.y,0.08754864700044773
105.02513361,1782820913.586773726,/gps/odometry.pose.pose.position.y,0.08783708067955187
105.063196404,1782820913.624836520,/gps/odometry.pose.pose.position.y,0.08812580148169358
105.104726366,1782820913.666366482,/gps/odometry.pose.pose.position.y,0.08841480426555126
105.154582277,1782820913.716222393,/gps/odometry.pose.pose.position.y,0.08870409219501516
105.195753861,1782820913.757393977,/gps/odometry.pose.pose.position.y,0.08899366527008522
105.230770626,1782820913.792410742,/gps/odometry.pose.pose.position.y,0.08928352230430266
105.266250113,1782820913.827890229,/gps/odometry.pose.pose.position.y,0.08957366487961255
105.298593961,1782820913.860234077,/gps/odometry.pose.pose.position.y,0.08986409260052863
105.342487458,1782820913.904127574,/gps/odometry.pose.pose.position.y,0.09015480507156465
105.386437437,1782820913.948077553,/gps/odometry.pose.pose.position.y,0.09044580268820683
105.41939033,1782820913.981030446,/gps/odometry.pose.pose.position.y,0.09073708703240033
105.461611954,1782820914.023252070,/gps/odometry.pose.pose.position.y,0.09102865612671374
105.497604304,1782820914.059244420,/gps/odometry.pose.pose.position.y,0.09132050997114707
105.530330204,1782820914.091970320,/gps/odometry.pose.pose.position.y,0.09161265014764543
105.565567092,1782820914.127207208,/gps/odometry.pose.pose.position.y,0.09190507744718135
105.61516889,1782820914.176809006,/gps/odometry.pose.pose.position.y,0.09219778989232347
105.64953885,1782820914.211178966,/gps/odometry.pose.pose.position.y,0.09249078827404435
105.689348649,1782820914.250988765,/gps/odometry.pose.pose.position.y,0.0927840737788028
105.729927293,1782820914.291567409,/gps/odometry.pose.pose.position.y,0.09307764561562626
105.761326036,1782820914.322966152,/gps/odometry.pose.pose.position.y,0.0933715049709736
105.797994683,1782820914.359634799,/gps/odometry.pose.pose.position.y,0.0936656498674134
105.846475691,1782820914.408115807,/gps/odometry.pose.pose.position.y,0.09396008188689077
105.888074083,1782820914.449714199,/gps/odometry.pose.pose.position.y,0.09425480142489201
105.921197374,1782820914.482837490,/gps/odometry.pose.pose.position.y,0.09454980808593083
105.954170665,1782820914.515810781,/gps/odometry.pose.pose.position.y,0.09484510147452095
106.003452617,1782820914.565092733,/gps/odometry.pose.pose.position.y,0.09514068356809376
106.05279365,1782820914.614433766,/gps/odometry.pose.pose.position.y,0.09543655278470416
106.088441562,1782820914.650081678,/gps/odometry.pose.pose.position.y,0.09573271031081096
106.129637057,1782820914.691277173,/gps/odometry.pose.pose.position.y,0.09602915495995536
106.167507841,1782820914.729147957,/gps/odometry.pose.pose.position.y,0.09632588791859614
106.200302867,1782820914.761942983,/gps/odometry.pose.pose.position.y,0.09662291076867846
106.236212225,1782820914.797852341,/gps/odometry.pose.pose.position.y,0.09692021955533953
106.27470871,1782820914.836348826,/gps/odometry.pose.pose.position.y,0.09721781823344211
106.307737212,1782820914.869377328,/gps/odometry.pose.pose.position.y,0.09751570522104111
106.35459251,1782820914.916232626,/gps/odometry.pose.pose.position.y,0.09781388210008166
106.392277197,1782820914.953917313,/gps/odometry.pose.pose.position.y,0.09811234649764604
106.42541471,1782820914.987054826,/gps/odometry.pose.pose.position.y,0.09841110197311079
106.459736999,1782820915.021377115,/gps/odometry.pose.pose.position.y,0.09871014575807194
106.502300059,1782820915.063940175,/gps/odometry.pose.pose.position.y,0.09900947903898834
106.535114256,1782820915.096754372,/gps/odometry.pose.pose.position.y,0.09930910260683254
106.579932231,1782820915.141572347,/gps/odometry.pose.pose.position.y,0.09960901487965944
106.62122797,1782820915.182868086,/gps/odometry.pose.pose.position.y,0.09990921823038668
106.657163763,1782820915.218803879,/gps/odometry.pose.pose.position.y,0.10020971107706918
106.695358391,1782820915.256998507,/gps/odometry.pose.pose.position.y,0.10051049500165202
106.737127025,1782820915.298767141,/gps/odometry.pose.pose.position.y,0.10081156960864895
106.769985098,1782820915.331625214,/gps/odometry.pose.pose.position.y,0.10111293331611486
106.817423591,1782820915.379063707,/gps/odometry.pose.pose.position.y,0.10141458849696738
106.86553435,1782820915.427174466,/gps/odometry.pose.pose.position.y,0.10171653554669283
106.901443456,1782820915.463083572,/gps/odometry.pose.pose.position.y,0.10201877367431864
106.944740452,1782820915.506380568,/gps/odometry.pose.pose.position.y,0.10232130169338595
106.99263375,1782820915.554273866,/gps/odometry.pose.pose.position.y,0.10262412276778501
107.032194103,1782820915.593834219,/gps/odometry.pose.pose.position.y,0.10292723452459816
107.069891024,1782820915.631531140,/gps/odometry.pose.pose.position.y,0.10323063735931168
107.11754551,1782820915.679185626,/gps/odometry.pose.pose.position.y,0.1035343340403295
107.14893771,1782820915.710577826,/gps/odometry.pose.pose.position.y,0.10383832179924764
107.187662965,1782820915.749303081,/gps/odometry.pose.pose.position.y,0.10414260063606617
107.230751676,1782820915.792391792,/gps/odometry.pose.pose.position.y,0.10444717371467527
107.264969686,1782820915.826609802,/gps/odometry.pose.pose.position.y,0.10475203945312983
107.306795521,1782820915.868435637,/gps/odometry.pose.pose.position.y,0.10505719785142986
107.348788973,1782820915.910429089,/gps/odometry.pose.pose.position.y,0.10536264851408907
107.3810259,1782820915.942666016,/gps/odometry.pose.pose.position.y,0.10566839262756633
107.425141757,1782820915.986781873,/gps/odometry.pose.pose.position.y,0.10597443019186159
107.462797524,1782820916.024437640,/gps/odometry.pose.pose.position.y,0.10628076199794743
107.495237354,1782820916.056877470,/gps/odometry.pose.pose.position.y,0.10658738606839246
107.546117892,1782820916.107758008,/gps/odometry.pose.pose.position.y,0.1068943039851418
107.590297915,1782820916.151938031,/gps/odometry.pose.pose.position.y,0.10720151614368172
107.624552902,1782820916.186193018,/gps/odometry.pose.pose.position.y,0.10750902214852592
107.668240683,1782820916.229880799,/gps/odometry.pose.pose.position.y,0.1078168239771058
107.708305251,1782820916.269945367,/gps/odometry.pose.pose.position.y,0.10812491925650372
107.741915238,1782820916.303555354,/gps/odometry.pose.pose.position.y,0.10843330877769225
107.775710077,1782820916.337350193,/gps/odometry.pose.pose.position.y,0.10874199412261644
107.822164358,1782820916.383804474,/gps/odometry.pose.pose.position.y,0.1090509752912763
107.854441007,1782820916.416081123,/gps/odometry.pose.pose.position.y,0.10936024832880908
107.901917546,1782820916.463557662,/gps/odometry.pose.pose.position.y,0.10966981995848152
107.934520288,1782820916.496160404,/gps/odometry.pose.pose.position.y,0.10997968622543079
107.982747406,1782820916.544387522,/gps/odometry.pose.pose.position.y,0.1102898475251432
108.028870548,1782820916.590510664,/gps/odometry.pose.pose.position.y,0.1106003062305364
108.063085255,1782820916.624725371,/gps/odometry.pose.pose.position.y,0.11091106075966531
108.104850538,1782820916.666490654,/gps/odometry.pose.pose.position.y,0.11122211032155732
108.143147824,1782820916.704787940,/gps/odometry.pose.pose.position.y,0.111533458475589
108.176134723,1782820916.737774839,/gps/odometry.pose.pose.position.y,0.11184510008043867
108.214417389,1782820916.776057505,/gps/odometry.pose.pose.position.y,0.11215704067291427
108.259668816,1782820916.821308932,/gps/odometry.pose.pose.position.y,0.1124692782755844
108.292776732,1782820916.854416848,/gps/odometry.pose.pose.position.y,0.11278181209747647
108.333031018,1782820916.894671134,/gps/odometry.pose.pose.position.y,0.11309464292956307
108.375091447,1782820916.936731563,/gps/odometry.pose.pose.position.y,0.11340777314476186
108.408231928,1782820916.969872044,/gps/odometry.pose.pose.position.y,0.11372120116112773
108.446012468,1782820917.007652584,/gps/odometry.pose.pose.position.y,0.11403492539671556
108.492073838,1782820917.053713954,/gps/odometry.pose.pose.position.y,0.11434894822444303
108.524881584,1782820917.086521700,/gps/odometry.pose.pose.position.y,0.11466326885333758
108.57240443,1782820917.134044546,/gps/odometry.pose.pose.position.y,0.11497788846985803
108.623630815,1782820917.185270931,/gps/odometry.pose.pose.position.y,0.11529280588754555
108.656335255,1782820917.217975371,/gps/odometry.pose.pose.position.y,0.11560802387480411
108.708626787,1782820917.270266903,/gps/odometry.pose.pose.position.y,0.11592353926774346
108.750831428,1782820917.312471544,/gps/odometry.pose.pose.position.y,0.11623935364830872
108.783339946,1782820917.344980062,/gps/odometry.pose.pose.position.y,0.11655546701649988
108.825180711,1782820917.386820827,/gps/odometry.pose.pose.position.y,0.11687173146044912
108.86817473,1782820917.429814846,/gps/odometry.pose.pose.position.y,0.11718807579262643
108.900942701,1782820917.462582817,/gps/odometry.pose.pose.position.y,0.11750450950470251
108.942896098,1782820917.504536214,/gps/odometry.pose.pose.position.y,0.11782095903622969
108.985186717,1782820917.546826833,/gps/odometry.pose.pose.position.y,0.11813753789176965
109.020555552,1782820917.582195668,/gps/odometry.pose.pose.position.y,0.11845442364466109
109.073072911,1782820917.634713027,/gps/odometry.pose.pose.position.y,0.11877161787684909
109.110037302,1782820917.671677418,/gps/odometry.pose.pose.position.y,0.11908912177479251
109.143283139,1782820917.704923255,/gps/odometry.pose.pose.position.y,0.11940693177911482
109.182427338,1782820917.744067454,/gps/odometry.pose.pose.position.y,0.11972505342662396
109.226798841,1782820917.788438957,/gps/odometry.pose.pose.position.y,0.12004348157599826
109.263405792,1782820917.825045908,/gps/odometry.pose.pose.position.y,0.12036221978661422
109.312134087,1782820917.873774203,/gps/odometry.pose.pose.position.y,0.12068126726749935
109.351192594,1782820917.912832710,/gps/odometry.pose.pose.position.y,0.1210006240186536
109.384460411,1782820917.946100527,/gps/odometry.pose.pose.position.y,0.12132028964459068
109.427738098,1782820917.989378214,/gps/odometry.pose.pose.position.y,0.12164026493628319
109.466724643,1782820918.028364759,/gps/odometry.pose.pose.position.y,0.12196054949824482
109.499394025,1782820918.061034141,/gps/odometry.pose.pose.position.y,0.12228114491242069
109.534699008,1782820918.096339124,/gps/odometry.pose.pose.position.y,0.12260204959686569
109.580827027,1782820918.142467143,/gps/odometry.pose.pose.position.y,0.1229232639470661
109.612511677,1782820918.174151793,/gps/odometry.pose.pose.position.y,0.12324478875399446
109.657088543,1782820918.218728659,/gps/odometry.pose.pose.position.y,0.12356662480862335
109.704838165,1782820918.266478281,/gps/odometry.pose.pose.position.y,0.12388876973803507
109.736980803,1782820918.298620919,/gps/odometry.pose.pose.position.y,0.12421122551966106
109.780626566,1782820918.342266682,/gps/odometry.pose.pose.position.y,0.12453399254898753
109.81980993,1782820918.381450046,/gps/odometry.pose.pose.position.y,0.12485706963955573
109.849522466,1782820918.411162582,/gps/odometry.pose.pose.position.y,0.1251804583733107
109.902335851,1782820918.463975967,/gps/odometry.pose.pose.position.y,0.12550415875025245
109.937242343,1782820918.498882459,/gps/odometry.pose.pose.position.y,0.1258281695839222
109.976323408,1782820918.537963524,/gps/odometry.pose.pose.position.y,0.12615249245626498
110.021472786,1782820918.583112902,/gps/odometry.pose.pose.position.y,0.1264771265763083
110.054599854,1782820918.616239970,/gps/odometry.pose.pose.position.y,0.12680207392148352
110.095251205,1782820918.656891321,/gps/odometry.pose.pose.position.y,0.12712733014144162
110.141767625,1782820918.703407741,/gps/odometry.pose.pose.position.y,0.12745290037750415
110.174291366,1782820918.735931482,/gps/odometry.pose.pose.position.y,0.12777878265223974
110.221299067,1782820918.782939183,/gps/odometry.pose.pose.position.y,0.12810497815210725
110.265576199,1782820918.827216315,/gps/odometry.pose.pose.position.y,0.12843148569064786
110.298670079,1782820918.860310195,/gps/odometry.pose.pose.position.y,0.1287583052678615
110.354219632,1782820918.915859748,/gps/odometry.pose.pose.position.y,0.12908543846569334
110.413730145,1782820918.975370261,/gps/odometry.pose.pose.position.y,0.12941288330671197
110.446997134,1782820919.008637250,/gps/odometry.pose.pose.position.y,0.12974064374578018
110.482273296,1782820919.043913412,/gps/odometry.pose.pose.position.y,0.13006871701449402
110.533134726,1782820919.094774842,/gps/odometry.pose.pose.position.y,0.13039710232188093
110.569324757,1782820919.130964873,/gps/odometry.pose.pose.position.y,0.13072580243634485
110.622962345,1782820919.184602461,/gps/odometry.pose.pose.position.y,0.13105481498496813
110.666231013,1782820919.227871129,/gps/odometry.pose.pose.position.y,0.1313841443180998
110.699181719,1782820919.260821835,/gps/odometry.pose.pose.position.y,0.13171378608539083
110.752142561,1782820919.313782677,/gps/odometry.pose.pose.position.y,0.1320437418687863
110.794856364,1782820919.356496480,/gps/odometry.pose.pose.position.y,0.13237401364571766
110.827394308,1782820919.389034424,/gps/odometry.pose.pose.position.y,0.13270459983423974
110.86581913,1782820919.427459246,/gps/odometry.pose.pose.position.y,0.1330354992478937
110.944595272,1782820919.506235388,/gps/odometry.pose.pose.position.y,0.1333667158415424
110.977987351,1782820919.539627467,/gps/odometry.pose.pose.position.y,0.1336982460558092
111.065321211,1782820919.626961327,/gps/odometry.pose.pose.position.y,0.13403009345007075
111.138635478,1782820919.700275594,/gps/odometry.pose.pose.position.y,0.13436225486043674
111.17235434,1782820919.733994456,/gps/odometry.pose.pose.position.y,0.13469473305531113
111.220197737,1782820919.781837853,/gps/odometry.pose.pose.position.y,0.1350275264527488
111.271737448,1782820919.833377564,/gps/odometry.pose.pose.position.y,0.13536063623920863
111.304428639,1782820919.866068755,/gps/odometry.pose.pose.position.y,0.13569406201920428
111.355475217,1782820919.917115333,/gps/odometry.pose.pose.position.y,0.13602780458370836
111.408763179,1782820919.970403295,/gps/odometry.pose.pose.position.y,0.13636186393272082
111.44298609,1782820920.004626206,/gps/odometry.pose.pose.position.y,0.1366962400662417
111.483339687,1782820920.044979803,/gps/odometry.pose.pose.position.y,0.13703093337975725
111.543822232,1782820920.105462348,/gps/odometry.pose.pose.position.y,0.1373659438732675
111.576595078,1782820920.138235194,/gps/odometry.pose.pose.position.y,0.1377012719422587
111.633195064,1782820920.194835180,/gps/odometry.pose.pose.position.y,0.13803691719124458
111.688820983,1782820920.250461099,/gps/odometry.pose.pose.position.y,0.13837287962022515
111.72125135,1782820920.282891466,/gps/odometry.pose.pose.position.y,0.13870916120663176
111.768341409,1782820920.329981525,/gps/odometry.pose.pose.position.y,0.1390457599730331
111.813460004,1782820920.375100120,/gps/odometry.pose.pose.position.y,0.13938267829234677
111.846831376,1782820920.408471492,/gps/odometry.pose.pose.position.y,0.13971991458262764
111.894164276,1782820920.455804392,/gps/odometry.pose.pose.position.y,0.14005746923936208
111.94291178,1782820920.504551896,/gps/odometry.pose.pose.position.y,0.1403953426580363
111.973685714,1782820920.535325830,/gps/odometry.pose.pose.position.y,0.14073353602510913
112.023439676,1782820920.585079792,/gps/odometry.pose.pose.position.y,0.14107204696766293
112.075389021,1782820920.637029137,/gps/odometry.pose.pose.position.y,0.14141087944056044
112.106299772,1782820920.667939888,/gps/odometry.pose.pose.position.y,0.14175003067539776
112.141078417,1782820920.702718533,/gps/odometry.pose.pose.position.y,0.14208950146314744
112.174497304,1782820920.736137420,/gps/odometry.pose.pose.position.y,0.14242929299026827
112.237069954,1782820920.798710070,/gps/odometry.pose.pose.position.y,0.14276940446578779
112.282442022,1782820920.844082138,/gps/odometry.pose.pose.position.y,0.1431098370761647
112.31702604,1782820920.878666156,/gps/odometry.pose.pose.position.y,0.14345058805299515
112.359991691,1782820920.921631807,/gps/odometry.pose.pose.position.y,0.14379166095565563
112.412563971,1782820920.974204087,/gps/odometry.pose.pose.position.y,0.1441330557841461
112.445550904,1782820921.007191020,/gps/odometry.pose.pose.position.y,0.14447477135200776
112.487203043,1782820921.048843159,/gps/odometry.pose.pose.position.y,0.14481680845021316
112.52867201,1782820921.090312126,/gps/odometry.pose.pose.position.y,0.14515916668327603
112.563071957,1782820921.124712073,/gps/odometry.pose.pose.position.y,0.14550184723765516
112.611485161,1782820921.173125277,/gps/odometry.pose.pose.position.y,0.14584484971786432
112.660469446,1782820921.222109562,/gps/odometry.pose.pose.position.y,0.1461881741239035
112.694609964,1782820921.256250080,/gps/odometry.pose.pose.position.y,0.1465318216422315
112.745570447,1782820921.307210563,/gps/odometry.pose.pose.position.y,0.14687579029541697
