elapsed time,timestamp,topic,value
0.674623626,1782806625.713880583,/gps/odometry.pose.pose.position.z,-0.14282797556370497
0.7073822310000001,1782806625.746639188,/gps/odometry.pose.pose.position.z,-0.14259526319801807
0.7407178710000001,1782806625.779974828,/gps/odometry.pose.pose.position.z,-0.14255202561616898
0.773452535,1782806625.812709492,/gps/odometry.pose.pose.position.z,-0.14258999656885862
0.806439526,1782806625.845696483,/gps/odometry.pose.pose.position.z,-0.14279353618621826
0.8415694180000001,1782806625.880826375,/gps/odometry.pose.pose.position.z,-0.14303395710885525
0.8724046320000001,1782806625.911661589,/gps/odometry.pose.pose.position.z,-0.14326939824968576
0.906977176,1782806625.946234133,/gps/odometry.pose.pose.position.z,-0.14349986799061298
0.9388671190000001,1782806625.978124076,/gps/odometry.pose.pose.position.z,-0.14372537285089493
0.9715201710000001,1782806626.010777128,/gps/odometry.pose.pose.position.z,-0.14394592121243477
1.006040809,1782806626.045297766,/gps/odometry.pose.pose.position.z,-0.14416152145713568
1.037746758,1782806626.077003715,/gps/odometry.pose.pose.position.z,-0.1443721828982234
1.070380557,1782806626.109637514,/gps/odometry.pose.pose.position.z,-0.1445779101923108
1.105109599,1782806626.144366556,/gps/odometry.pose.pose.position.z,-0.14477871265262365
1.13798178,1782806626.177238737,/gps/odometry.pose.pose.position.z,-0.14497459586709738
1.17269363,1782806626.211950587,/gps/odometry.pose.pose.position.z,-0.14516556914895773
1.205424976,1782806626.244681933,/gps/odometry.pose.pose.position.z,-0.14535163715481758
1.238706239,1782806626.277963196,/gps/odometry.pose.pose.position.z,-0.14553280919790268
1.27245034,1782806626.311707297,/gps/odometry.pose.pose.position.z,-0.14570909179747105
1.30546639,1782806626.344723347,/gps/odometry.pose.pose.position.z,-0.14588048961013556
1.338930211,1782806626.378187168,/gps/odometry.pose.pose.position.z,-0.14604701101779938
1.372077204,1782806626.411334161,/gps/odometry.pose.pose.position.z,-0.14620866067707539
1.406384508,1782806626.445641465,/gps/odometry.pose.pose.position.z,-0.14636544976383448
1.4376591300000001,1782806626.476916087,/gps/odometry.pose.pose.position.z,-0.14651737734675407
1.470635007,1782806626.509891964,/gps/odometry.pose.pose.position.z,-0.1466644536703825
1.5035963090000002,1782806626.542853266,/gps/odometry.pose.pose.position.z,-0.14680668711662292
1.536751374,1782806626.576008331,/gps/odometry.pose.pose.position.z,-0.14694407861679792
1.56948135,1782806626.608738307,/gps/odometry.pose.pose.position.z,-0.14707663655281067
1.602636918,1782806626.641893875,/gps/odometry.pose.pose.position.z,-0.1472043665125966
1.635945487,1782806626.675202444,/gps/odometry.pose.pose.position.z,-0.1473272740840912
1.6685130639999999,1782806626.707770021,/gps/odometry.pose.pose.position.z,-0.14744536485522985
1.701511918,1782806626.740768875,/gps/odometry.pose.pose.position.z,-0.1475586425513029
1.734912617,1782806626.774169574,/gps/odometry.pose.pose.position.z,-0.14766711369156837
1.767538081,1782806626.806795038,/gps/odometry.pose.pose.position.z,-0.14777078479528427
1.801248562,1782806626.840505519,/gps/odometry.pose.pose.position.z,-0.14786965772509575
1.8348922600000002,1782806626.874149217,/gps/odometry.pose.pose.position.z,-0.1479637399315834
1.866605811,1782806626.905862768,/gps/odometry.pose.pose.position.z,-0.14805303514003754
1.899618433,1782806626.938875390,/gps/odometry.pose.pose.position.z,-0.1481375489383936
1.932910332,1782806626.972167289,/gps/odometry.pose.pose.position.z,-0.14821728318929672
1.96547459,1782806627.004731547,/gps/odometry.pose.pose.position.z,-0.1482922462746501
1.998556328,1782806627.037813285,/gps/odometry.pose.pose.position.z,-0.1483624391257763
2.031633444,1782806627.070890401,/gps/odometry.pose.pose.position.z,-0.14842787012457848
2.064729904,1782806627.103986861,/gps/odometry.pose.pose.position.z,-0.14848853927105665
2.097930925,1782806627.137187882,/gps/odometry.pose.pose.position.z,-0.14854445215314627
2.130677145,1782806627.169934102,/gps/odometry.pose.pose.position.z,-0.14859561249613762
2.163622649,1782806627.202879606,/gps/odometry.pose.pose.position.z,-0.14864202495664358
2.196687427,1782806627.235944384,/gps/odometry.pose.pose.position.z,-0.1486836913973093
2.229627382,1782806627.268884339,/gps/odometry.pose.pose.position.z,-0.14872061926871538
2.262707028,1782806627.301963985,/gps/odometry.pose.pose.position.z,-0.14875280670821667
2.295649356,1782806627.334906313,/gps/odometry.pose.pose.position.z,-0.1487795002758503
2.328788605,1782806627.368045562,/gps/odometry.pose.pose.position.z,-0.14880298636853695
2.361958251,1782806627.401215208,/gps/odometry.pose.pose.position.z,-0.14882050640881062
2.395232459,1782806627.434489416,/gps/odometry.pose.pose.position.z,-0.1488342545926571
2.428018399,1782806627.467275356,/gps/odometry.pose.pose.position.z,-0.14884261414408684
2.460892174,1782806627.500149131,/gps/odometry.pose.pose.position.z,-0.14884663559496403
2.494319547,1782806627.533576504,/gps/odometry.pose.pose.position.z,-0.14884584583342075
2.526757114,1782806627.566014071,/gps/odometry.pose.pose.position.z,-0.14884015079587698
2.5596901020000002,1782806627.598947059,/gps/odometry.pose.pose.position.z,-0.14883022662252188
2.592788361,1782806627.632045318,/gps/odometry.pose.pose.position.z,-0.14881482813507318
2.625531825,1782806627.664788782,/gps/odometry.pose.pose.position.z,-0.14879577606916428
2.6588606500000003,1782806627.698117607,/gps/odometry.pose.pose.position.z,-0.14877068903297186
2.691535354,1782806627.730792311,/gps/odometry.pose.pose.position.z,-0.1487425221130252
2.724471731,1782806627.763728688,/gps/odometry.pose.pose.position.z,-0.14870775677263737
2.757572238,1782806627.796829195,/gps/odometry.pose.pose.position.z,-0.14866925310343504
2.793502772,1782806627.832759729,/gps/odometry.pose.pose.position.z,-0.14862605929374695
2.8246479300000003,1782806627.863904887,/gps/odometry.pose.pose.position.z,-0.14857818465679884
2.857817772,1782806627.897074729,/gps/odometry.pose.pose.position.z,-0.14852562732994556
2.890766221,1782806627.930023178,/gps/odometry.pose.pose.position.z,-0.14846839476376772
2.923658708,1782806627.962915665,/gps/odometry.pose.pose.position.z,-0.1484064869582653
2.9566458200000003,1782806627.995902777,/gps/odometry.pose.pose.position.z,-0.14833991415798664
2.989534854,1782806628.028791811,/gps/odometry.pose.pose.position.z,-0.14826867450028658
3.022572448,1782806628.061829405,/gps/odometry.pose.pose.position.z,-0.14819277543574572
3.055947493,1782806628.095204450,/gps/odometry.pose.pose.position.z,-0.14811222068965435
3.088706259,1782806628.127963216,/gps/odometry.pose.pose.position.z,-0.1480270130559802
3.121572641,1782806628.160829598,/gps/odometry.pose.pose.position.z,-0.14793715812265873
3.156540653,1782806628.195797610,/gps/odometry.pose.pose.position.z,-0.14784266147762537
3.188860582,1782806628.228117539,/gps/odometry.pose.pose.position.z,-0.14774352591484785
3.222714943,1782806628.261971900,/gps/odometry.pose.pose.position.z,-0.14763975702226162
3.256330828,1782806628.295587785,/gps/odometry.pose.pose.position.z,-0.1475313613191247
3.2888993060000002,1782806628.328156263,/gps/odometry.pose.pose.position.z,-0.14741834066808224
3.322115878,1782806628.361372835,/gps/odometry.pose.pose.position.z,-0.14730070158839226
3.355092957,1782806628.394349914,/gps/odometry.pose.pose.position.z,-0.1471784496679902
3.388616089,1782806628.427873046,/gps/odometry.pose.pose.position.z,-0.14705158863216639
3.421995263,1782806628.461252220,/gps/odometry.pose.pose.position.z,-0.14692012500017881
3.455231742,1782806628.494488699,/gps/odometry.pose.pose.position.z,-0.14678406435996294
3.488023887,1782806628.527280844,/gps/odometry.pose.pose.position.z,-0.1466434122994542
3.521062058,1782806628.560319015,/gps/odometry.pose.pose.position.z,-0.14649817254394293
3.5540538660000003,1782806628.593310823,/gps/odometry.pose.pose.position.z,-0.14634835347533226
3.586868886,1782806628.626125843,/gps/odometry.pose.pose.position.z,-0.1461939588189125
3.619864293,1782806628.659121250,/gps/odometry.pose.pose.position.z,-0.14603499416261911
3.652984953,1782806628.692241910,/gps/odometry.pose.pose.position.z,-0.1458714660257101
3.685856767,1782806628.725113724,/gps/odometry.pose.pose.position.z,-0.14570338185876608
3.718927149,1782806628.758184106,/gps/odometry.pose.pose.position.z,-0.14553074445575476
3.75348273,1782806628.792739687,/gps/odometry.pose.pose.position.z,-0.14535356312990189
3.784909243,1782806628.824166200,/gps/odometry.pose.pose.position.z,-0.1451718444004655
3.817900163,1782806628.857157120,/gps/odometry.pose.pose.position.z,-0.1449855910614133
3.851031097,1782806628.890288054,/gps/odometry.pose.pose.position.z,-0.1447948133572936
3.883844458,1782806628.923101415,/gps/odometry.pose.pose.position.z,-0.14459951501339674
3.916735943,1782806628.955992900,/gps/odometry.pose.pose.position.z,-0.14439970441162586
3.950094868,1782806628.989351825,/gps/odometry.pose.pose.position.z,-0.14419538713991642
3.982709952,1782806629.021966909,/gps/odometry.pose.pose.position.z,-0.14398657158017159
4.015760651,1782806629.055017608,/gps/odometry.pose.pose.position.z,-0.14377326145768166
4.049043597,1782806629.088300554,/gps/odometry.pose.pose.position.z,-0.14355546608567238
4.081747611,1782806629.121004568,/gps/odometry.pose.pose.position.z,-0.14333319384604692
4.114807223,1782806629.154064180,/gps/odometry.pose.pose.position.z,-0.14310644660145044
4.149195528,1782806629.188452485,/gps/odometry.pose.pose.position.z,-0.1428752364590764
4.180937198,1782806629.220194155,/gps/odometry.pose.pose.position.z,-0.14264436066150665
4.215876492,1782806629.255133449,/gps/odometry.pose.pose.position.z,-0.14248552825301886
4.25156693,1782806629.290823887,/gps/odometry.pose.pose.position.z,-0.14248611219227314
4.282103083,1782806629.321360040,/gps/odometry.pose.pose.position.z,-0.14258925896137953
4.315176137,1782806629.354433094,/gps/odometry.pose.pose.position.z,-0.14284134190529585
4.34924847,1782806629.388505427,/gps/odometry.pose.pose.position.z,-0.1431045988574624
4.381109399,1782806629.420366356,/gps/odometry.pose.pose.position.z,-0.14336283691227436
4.41409602,1782806629.453352977,/gps/odometry.pose.pose.position.z,-0.1436160635203123
4.446825893,1782806629.486082850,/gps/odometry.pose.pose.position.z,-0.14386428892612457
4.479836512,1782806629.519093469,/gps/odometry.pose.pose.position.z,-0.14410752151161432
4.513141403,1782806629.552398360,/gps/odometry.pose.pose.position.z,-0.1443457705900073
4.545823995,1782806629.585080952,/gps/odometry.pose.pose.position.z,-0.1445790408179164
4.578953023,1782806629.618209980,/gps/odometry.pose.pose.position.z,-0.1448073424398899
4.611975786,1782806629.651232743,/gps/odometry.pose.pose.position.z,-0.1450306847691536
4.644817048,1782806629.684074005,/gps/odometry.pose.pose.position.z,-0.14524907618761063
4.6777169690000004,1782806629.716973926,/gps/odometry.pose.pose.position.z,-0.1454625204205513
4.710996163,1782806629.750253120,/gps/odometry.pose.pose.position.z,-0.1456710286438465
4.744382828,1782806629.783639785,/gps/odometry.pose.pose.position.z,-0.1458746064454317
4.77711391,1782806629.816370867,/gps/odometry.pose.pose.position.z,-0.14607326220721006
4.8336585670000005,1782806629.872915524,/gps/odometry.pose.pose.position.z,-0.1462670024484396
4.872242547,1782806629.911499504,/gps/odometry.pose.pose.position.z,-0.1464558346197009
4.905605536,1782806629.944862493,/gps/odometry.pose.pose.position.z,-0.14663976710289717
4.9403828050000005,1782806629.979639762,/gps/odometry.pose.pose.position.z,-0.14681880455464125
4.981494181,1782806630.020751138,/gps/odometry.pose.pose.position.z,-0.14699295442551374
5.017556611,1782806630.056813568,/gps/odometry.pose.pose.position.z,-0.14716222416609526
5.06058519,1782806630.099842147,/gps/odometry.pose.pose.position.z,-0.14732662122696638
5.100847921,1782806630.140104878,/gps/odometry.pose.pose.position.z,-0.14748615026474
5.1367706890000004,1782806630.176027646,/gps/odometry.pose.pose.position.z,-0.14764081593602896
5.183765703,1782806630.223022660,/gps/odometry.pose.pose.position.z,-0.14779062941670418
5.219414798,1782806630.258671755,/gps/odometry.pose.pose.position.z,-0.14793559070676565
5.251873379,1782806630.291130336,/gps/odometry.pose.pose.position.z,-0.14807571191340685
5.28709677,1782806630.326353727,/gps/odometry.pose.pose.position.z,-0.14821099396795034
5.320082517,1782806630.359339474,/gps/odometry.pose.pose.position.z,-0.1483414452522993
5.353852446,1782806630.393109403,/gps/odometry.pose.pose.position.z,-0.14846707042306662
5.391158038,1782806630.430414995,/gps/odometry.pose.pose.position.z,-0.1485878759995103
5.430641382,1782806630.469898339,/gps/odometry.pose.pose.position.z,-0.14870386570692062
5.46100216,1782806630.500259117,/gps/odometry.pose.pose.position.z,-0.1488150479272008
5.493821276,1782806630.533078233,/gps/odometry.pose.pose.position.z,-0.14892142359167337
5.526853217,1782806630.566110174,/gps/odometry.pose.pose.position.z,-0.14902300015091896
5.563404767,1782806630.602661724,/gps/odometry.pose.pose.position.z,-0.14911978412419558
5.597902577,1782806630.637159534,/gps/odometry.pose.pose.position.z,-0.14921177737414837
5.6306564980000005,1782806630.669913455,/gps/odometry.pose.pose.position.z,-0.1492989854887128
5.675556479,1782806630.714813436,/gps/odometry.pose.pose.position.z,-0.14938141498714685
5.708692384,1782806630.747949341,/gps/odometry.pose.pose.position.z,-0.14945906773209572
5.741852293,1782806630.781109250,/gps/odometry.pose.pose.position.z,-0.14953194931149483
5.78799179,1782806630.827248747,/gps/odometry.pose.pose.position.z,-0.14960006438195705
5.838759157,1782806630.878016114,/gps/odometry.pose.pose.position.z,-0.1496634166687727
5.871443715,1782806630.910700672,/gps/odometry.pose.pose.position.z,-0.1497220117598772
5.911829896,1782806630.951086853,/gps/odometry.pose.pose.position.z,-0.14977585058659315
5.950810196,1782806630.990067153,/gps/odometry.pose.pose.position.z,-0.14982493966817856
5.983631781,1782806631.022888738,/gps/odometry.pose.pose.position.z,-0.149869279935956
6.022487368,1782806631.061744325,/gps/odometry.pose.pose.position.z,-0.1499088816344738
6.05567928,1782806631.094936237,/gps/odometry.pose.pose.position.z,-0.14994374010711908
6.088614195,1782806631.127871152,/gps/odometry.pose.pose.position.z,-0.149973020888865
6.148342804,1782806631.187599761,/gps/odometry.pose.pose.position.z,-0.14999925531446934
6.208838106,1782806631.248095063,/gps/odometry.pose.pose.position.z,-0.15001935977488756
6.242249221,1782806631.281506178,/gps/odometry.pose.pose.position.z,-0.15003585163503885
6.289327723,1782806631.328584680,/gps/odometry.pose.pose.position.z,-0.15004679095000029
6.324914367,1782806631.364171324,/gps/odometry.pose.pose.position.z,-0.15005355328321457
6.357860181,1782806631.397117138,/gps/odometry.pose.pose.position.z,-0.15005534421652555
6.39202314,1782806631.431280097,/gps/odometry.pose.pose.position.z,-0.15005238726735115
6.423645959,1782806631.462902916,/gps/odometry.pose.pose.position.z,-0.1500450363382697
6.456763267,1782806631.496020224,/gps/odometry.pose.pose.position.z,-0.15003237314522266
6.489493823,1782806631.528750780,/gps/odometry.pose.pose.position.z,-0.15001589339226484
6.522916095,1782806631.562173052,/gps/odometry.pose.pose.position.z,-0.14999353606253862
6.555756897,1782806631.595013854,/gps/odometry.pose.pose.position.z,-0.14996793679893017
6.589091969,1782806631.628348926,/gps/odometry.pose.pose.position.z,-0.14993589837104082
6.621807974,1782806631.661064931,/gps/odometry.pose.pose.position.z,-0.14990003779530525
6.654659337,1782806631.693916294,/gps/odometry.pose.pose.position.z,-0.14985948894172907
6.687628281,1782806631.726885238,/gps/odometry.pose.pose.position.z,-0.14981425274163485
6.720539954,1782806631.759796911,/gps/odometry.pose.pose.position.z,-0.14976433478295803
6.753527045,1782806631.792784002,/gps/odometry.pose.pose.position.z,-0.14970973879098892
6.786626763,1782806631.825883720,/gps/odometry.pose.pose.position.z,-0.14965046755969524
6.819526654,1782806631.858783611,/gps/odometry.pose.pose.position.z,-0.14958652388304472
6.852539596,1782806631.891796553,/gps/odometry.pose.pose.position.z,-0.14951791428029537
6.885700917,1782806631.924957874,/gps/odometry.pose.pose.position.z,-0.1494446424767375
6.91899388,1782806631.958250837,/gps/odometry.pose.pose.position.z,-0.14936671312898397
6.951389817,1782806631.990646774,/gps/odometry.pose.pose.position.z,-0.1492841262370348
6.986172575,1782806632.025429532,/gps/odometry.pose.pose.position.z,-0.14919689297676086
7.01766983,1782806632.056926787,/gps/odometry.pose.pose.position.z,-0.14910501334816217
7.050666204,1782806632.089923161,/gps/odometry.pose.pose.position.z,-0.1490084920078516
7.084934816,1782806632.124191773,/gps/odometry.pose.pose.position.z,-0.14890733547508717
7.118051934,1782806632.157308891,/gps/odometry.pose.pose.position.z,-0.1488015465438366
7.15099657,1782806632.190253527,/gps/odometry.pose.pose.position.z,-0.14869113452732563
7.183946863,1782806632.223203820,/gps/odometry.pose.pose.position.z,-0.1485760984942317
7.216764955,1782806632.256021912,/gps/odometry.pose.pose.position.z,-0.1484564458951354
7.250571656,1782806632.289828613,/gps/odometry.pose.pose.position.z,-0.14833218418061733
7.282812633,1782806632.322069590,/gps/odometry.pose.pose.position.z,-0.14820331521332264
7.315817432,1782806632.355074389,/gps/odometry.pose.pose.position.z,-0.1480698473751545
7.348676862,1782806632.387933819,/gps/odometry.pose.pose.position.z,-0.1479317806661129
7.381750626,1782806632.421007583,/gps/odometry.pose.pose.position.z,-0.1477891281247139
7.414685852,1782806632.453942809,/gps/odometry.pose.pose.position.z,-0.14764189161360264
7.447720081,1782806632.486977038,/gps/odometry.pose.pose.position.z,-0.14749007485806942
7.48080581,1782806632.520062767,/gps/odometry.pose.pose.position.z,-0.14733368530869484
7.513813033,1782806632.553069990,/gps/odometry.pose.pose.position.z,-0.14717272948473692
7.546890718,1782806632.586147675,/gps/odometry.pose.pose.position.z,-0.14700721483677626
7.5801791430000005,1782806632.619436100,/gps/odometry.pose.pose.position.z,-0.14683714415878057
7.612845007,1782806632.652101964,/gps/odometry.pose.pose.position.z,-0.14666252490133047
7.646263543,1782806632.685520500,/gps/odometry.pose.pose.position.z,-0.1464833626523614
7.679230861,1782806632.718487818,/gps/odometry.pose.pose.position.z,-0.1462996657937765
7.711826037,1782806632.751082994,/gps/odometry.pose.pose.position.z,-0.14611143805086613
7.744886621,1782806632.784143578,/gps/odometry.pose.pose.position.z,-0.14591868687421083
7.777921079,1782806632.817178036,/gps/odometry.pose.pose.position.z,-0.1457214206457138
7.810693915,1782806632.849950872,/gps/odometry.pose.pose.position.z,-0.14551964402198792
7.845024389,1782806632.884281346,/gps/odometry.pose.pose.position.z,-0.1453133625909686
7.876917675,1782806632.916174632,/gps/odometry.pose.pose.position.z,-0.1451025865972042
7.909688263,1782806632.948945220,/gps/odometry.pose.pose.position.z,-0.14488731883466244
7.942770949,1782806632.982027906,/gps/odometry.pose.pose.position.z,-0.14466756954789162
7.976009161,1782806633.015266118,/gps/odometry.pose.pose.position.z,-0.1444433443248272
8.008704937,1782806633.047961894,/gps/odometry.pose.pose.position.z,-0.14421465154737234
8.041703982,1782806633.080960939,/gps/odometry.pose.pose.position.z,-0.1439814968034625
8.074863066,1782806633.114120023,/gps/odometry.pose.pose.position.z,-0.14374388754367828
8.107639607,1782806633.146896564,/gps/odometry.pose.pose.position.z,-0.1435018302872777
8.142818108,1782806633.182075065,/gps/odometry.pose.pose.position.z,-0.14325533527880907
8.174001098,1782806633.213258055,/gps/odometry.pose.pose.position.z,-0.14300441183149815
8.206672688,1782806633.245929645,/gps/odometry.pose.pose.position.z,-0.14274905901402235
8.239767741,1782806633.279024698,/gps/odometry.pose.pose.position.z,-0.14257530588656664
8.272884967,1782806633.312141924,/gps/odometry.pose.pose.position.z,-0.14258188288658857
8.30582095,1782806633.345077907,/gps/odometry.pose.pose.position.z,-0.1426856080070138
8.338924677,1782806633.378181634,/gps/odometry.pose.pose.position.z,-0.1428495580330491
8.371790703,1782806633.411047660,/gps/odometry.pose.pose.position.z,-0.14300865028053522
8.404876479,1782806633.444133436,/gps/odometry.pose.pose.position.z,-0.14316288195550442
8.438035014,1782806633.477291971,/gps/odometry.pose.pose.position.z,-0.14331225957721472
8.47097628,1782806633.510233237,/gps/odometry.pose.pose.position.z,-0.14345678593963385
8.503853079,1782806633.543110036,/gps/odometry.pose.pose.position.z,-0.1435964722186327
8.536752084,1782806633.576009041,/gps/odometry.pose.pose.position.z,-0.143731321208179
8.570240508,1782806633.609497465,/gps/odometry.pose.pose.position.z,-0.14386133942753077
8.602879648,1782806633.642136605,/gps/odometry.pose.pose.position.z,-0.14398653339594603
8.63587505,1782806633.675132007,/gps/odometry.pose.pose.position.z,-0.1441069059073925
8.669726588,1782806633.708983545,/gps/odometry.pose.pose.position.z,-0.1442224644124508
8.701694376,1782806633.740951333,/gps/odometry.pose.pose.position.z,-0.14433321356773376
8.735027626,1782806633.774284583,/gps/odometry.pose.pose.position.z,-0.14443916082382202
8.767762989,1782806633.807019946,/gps/odometry.pose.pose.position.z,-0.14454030618071556
8.800826737,1782806633.840083694,/gps/odometry.pose.pose.position.z,-0.14463666081428528
8.834490704,1782806633.873747661,/gps/odometry.pose.pose.position.z,-0.14472822472453117
8.866741664,1782806633.905998621,/gps/odometry.pose.pose.position.z,-0.1448150034993887
8.899862085,1782806633.939119042,/gps/odometry.pose.pose.position.z,-0.14489700458943844
8.932747638,1782806633.972004595,/gps/odometry.pose.pose.position.z,-0.14497422892600298
8.965985005,1782806634.005241962,/gps/odometry.pose.pose.position.z,-0.14504668395966291
8.998615135,1782806634.037872092,/gps/odometry.pose.pose.position.z,-0.14511437062174082
9.032070057,1782806634.071327014,/gps/odometry.pose.pose.position.z,-0.1451772963628173
9.064693702,1782806634.103950659,/gps/odometry.pose.pose.position.z,-0.14523546397686005
9.097900572,1782806634.137157529,/gps/odometry.pose.pose.position.z,-0.14528887812048197
9.131273641,1782806634.170530598,/gps/odometry.pose.pose.position.z,-0.14533753972500563
9.163734376,1782806634.202991333,/gps/odometry.pose.pose.position.z,-0.14538145903497934
9.196874158,1782806634.236131115,/gps/odometry.pose.pose.position.z,-0.14542063232511282
9.230756348,1782806634.270013305,/gps/odometry.pose.pose.position.z,-0.14545409195125103
9.262859906,1782806634.302116863,/gps/odometry.pose.pose.position.z,-0.145484765060246
9.297124296,1782806634.336381253,/gps/odometry.pose.pose.position.z,-0.14550904370844364
9.332574145,1782806634.371831102,/gps/odometry.pose.pose.position.z,-0.14552996773272753
9.362728439,1782806634.401985396,/gps/odometry.pose.pose.position.z,-0.14554507937282324
9.397653445,1782806634.436910402,/gps/odometry.pose.pose.position.z,-0.14555626921355724
9.430967474,1782806634.470224431,/gps/odometry.pose.pose.position.z,-0.14556222409009933
9.46458165,1782806634.503838607,/gps/odometry.pose.pose.position.z,-0.14556368812918663
9.498253166,1782806634.537510123,/gps/odometry.pose.pose.position.z,-0.14556049648672342
9.531025233,1782806634.570282190,/gps/odometry.pose.pose.position.z,-0.14555225055664778
9.564096682,1782806634.603353639,/gps/odometry.pose.pose.position.z,-0.14553992357105017
9.597382143,1782806634.636639100,/gps/odometry.pose.pose.position.z,-0.14552197698503733
9.629971545,1782806634.669228502,/gps/odometry.pose.pose.position.z,-0.1455005258321762
9.66292675,1782806634.702183707,/gps/odometry.pose.pose.position.z,-0.14547289349138737
9.695981083,1782806634.735238040,/gps/odometry.pose.pose.position.z,-0.14544130582362413
9.729965257,1782806634.769222214,/gps/odometry.pose.pose.position.z,-0.14540502429008484
9.762728767,1782806634.801985724,/gps/odometry.pose.pose.position.z,-0.1453640554100275
9.796030503,1782806634.835287460,/gps/odometry.pose.pose.position.z,-0.14531839918345213
9.829277013,1782806634.868533970,/gps/odometry.pose.pose.position.z,-0.14526806119829416
9.862101471,1782806634.901358428,/gps/odometry.pose.pose.position.z,-0.1452130451798439
9.895034105,1782806634.934291062,/gps/odometry.pose.pose.position.z,-0.14515335392206907
9.927895372,1782806634.967152329,/gps/odometry.pose.pose.position.z,-0.14508899208158255
9.960835425,1782806635.000092382,/gps/odometry.pose.pose.position.z,-0.14501996524631977
9.994026786,1782806635.033283743,/gps/odometry.pose.pose.position.z,-0.1449462752789259
10.027080185,1782806635.066337142,/gps/odometry.pose.pose.position.z,-0.14486792776733637
10.059843392,1782806635.099100349,/gps/odometry.pose.pose.position.z,-0.14478492457419634
10.092995087,1782806635.132252044,/gps/odometry.pose.pose.position.z,-0.14469727408140898
10.125840122,1782806635.165097079,/gps/odometry.pose.pose.position.z,-0.14460497722029686
10.158740603,1782806635.197997560,/gps/odometry.pose.pose.position.z,-0.144508040510118
10.192139494,1782806635.231396451,/gps/odometry.pose.pose.position.z,-0.14440646953880787
10.225214982,1782806635.264471939,/gps/odometry.pose.pose.position.z,-0.14430026710033417
10.2578123,1782806635.297069257,/gps/odometry.pose.pose.position.z,-0.14418943785130978
10.292881272,1782806635.332138229,/gps/odometry.pose.pose.position.z,-0.14407398737967014
10.32392479,1782806635.363181747,/gps/odometry.pose.pose.position.z,-0.1439539222046733
10.356818068,1782806635.396075025,/gps/odometry.pose.pose.position.z,-0.14382924605160952
10.390274444,1782806635.429531401,/gps/odometry.pose.pose.position.z,-0.14369996450841427
10.423172476,1782806635.462429433,/gps/odometry.pose.pose.position.z,-0.143566083163023
10.45581435,1782806635.495071307,/gps/odometry.pose.pose.position.z,-0.14342760760337114
10.489142888,1782806635.528399845,/gps/odometry.pose.pose.position.z,-0.14328454062342644
10.522376954,1782806635.561633911,/gps/odometry.pose.pose.position.z,-0.14313689433038235
10.555272747,1782806635.594529704,/gps/odometry.pose.pose.position.z,-0.14298466593027115
10.588107869,1782806635.627364826,/gps/odometry.pose.pose.position.z,-0.1428278675302863
10.62150223,1782806635.660759187,/gps/odometry.pose.pose.position.z,-0.14267543982714415
10.654270062,1782806635.693527019,/gps/odometry.pose.pose.position.z,-0.14268133230507374
10.687078556,1782806635.726335513,/gps/odometry.pose.pose.position.z,-0.14282638020813465
10.719714292,1782806635.758971249,/gps/odometry.pose.pose.position.z,-0.1429856028407812
10.752883669,1782806635.792140626,/gps/odometry.pose.pose.position.z,-0.14313996583223343
10.787139845,1782806635.826396802,/gps/odometry.pose.pose.position.z,-0.14328947477042675
10.819846246000001,1782806635.859103203,/gps/odometry.pose.pose.position.z,-0.14343413431197405
10.852954844,1782806635.892211801,/gps/odometry.pose.pose.position.z,-0.14357395097613335
10.885813439,1782806635.925070396,/gps/odometry.pose.pose.position.z,-0.14370893221348524
10.918879254,1782806635.958136211,/gps/odometry.pose.pose.position.z,-0.14383908174932003
10.952043416,1782806635.991300373,/gps/odometry.pose.pose.position.z,-0.14396440517157316
10.985377847,1782806636.024634804,/gps/odometry.pose.pose.position.z,-0.14408490899950266
11.017741129,1782806636.056998086,/gps/odometry.pose.pose.position.z,-0.1442005978897214
11.051674064,1782806636.090931021,/gps/odometry.pose.pose.position.z,-0.14431147929280996
11.085555811,1782806636.124812768,/gps/odometry.pose.pose.position.z,-0.14441755507141352
11.116806605,1782806636.156063562,/gps/odometry.pose.pose.position.z,-0.14451883174479008
11.150028293,1782806636.189285250,/gps/odometry.pose.pose.position.z,-0.14461531396955252
11.183910247,1782806636.223167204,/gps/odometry.pose.pose.position.z,-0.14470700826495886
11.215909206,1782806636.255166163,/gps/odometry.pose.pose.position.z,-0.14479391928762197
11.249116901,1782806636.288373858,/gps/odometry.pose.pose.position.z,-0.14487604796886444
11.282478155,1782806636.321735112,/gps/odometry.pose.pose.position.z,-0.14495340175926685
11.314828502,1782806636.354085459,/gps/odometry.pose.pose.position.z,-0.14502598624676466
11.348334851,1782806636.387591808,/gps/odometry.pose.pose.position.z,-0.145093803294003
11.381103876,1782806636.420360833,/gps/odometry.pose.pose.position.z,-0.14515685848891735
11.413861075,1782806636.453118032,/gps/odometry.pose.pose.position.z,-0.14521515369415283
11.446880623,1782806636.486137580,/gps/odometry.pose.pose.position.z,-0.1452685995027423
11.479978084,1782806636.519235041,/gps/odometry.pose.pose.position.z,-0.14531692676246166
11.512828076,1782806636.552085033,/gps/odometry.pose.pose.position.z,-0.14536012429744005
11.545816596,1782806636.585073553,/gps/odometry.pose.pose.position.z,-0.14539819583296776
11.578907736,1782806636.618164693,/gps/odometry.pose.pose.position.z,-0.1454311478883028
11.612046543,1782806636.651303500,/gps/odometry.pose.pose.position.z,-0.1454589832574129
11.646443334,1782806636.685700291,/gps/odometry.pose.pose.position.z,-0.1454817047342658
11.678017318,1782806636.717274275,/gps/odometry.pose.pose.position.z,-0.14549931604415178
11.712362965,1782806636.751619922,/gps/odometry.pose.pose.position.z,-0.1455118227750063
11.745183988,1782806636.784440945,/gps/odometry.pose.pose.position.z,-0.1455192267894745
11.778112156,1782806636.817369113,/gps/odometry.pose.pose.position.z,-0.1455215336754918
11.810908024,1782806636.850164981,/gps/odometry.pose.pose.position.z,-0.14551874436438084
11.844317775,1782806636.883574732,/gps/odometry.pose.pose.position.z,-0.14551086351275444
11.878164377000001,1782806636.917421334,/gps/odometry.pose.pose.position.z,-0.1454978957772255
11.910203298,1782806636.949460255,/gps/odometry.pose.pose.position.z,-0.14547984208911657
11.945632079,1782806636.984889036,/gps/odometry.pose.pose.position.z,-0.14545670803636312
11.978037243,1782806637.017294200,/gps/odometry.pose.pose.position.z,-0.14542849641293287
12.010842067,1782806637.050099024,/gps/odometry.pose.pose.position.z,-0.14539521094411612
12.043932273,1782806637.083189230,/gps/odometry.pose.pose.position.z,-0.14535685628652573
12.076672971,1782806637.115929928,/gps/odometry.pose.pose.position.z,-0.14531343709677458
12.110679326,1782806637.149936283,/gps/odometry.pose.pose.position.z,-0.14526495430618525
12.144264892,1782806637.183521849,/gps/odometry.pose.pose.position.z,-0.14521141536533833
12.176782393,1782806637.216039350,/gps/odometry.pose.pose.position.z,-0.14515282213687897
12.210848165,1782806637.250105122,/gps/odometry.pose.pose.position.z,-0.14508918207138777
12.244321375,1782806637.283578332,/gps/odometry.pose.pose.position.z,-0.1450204998254776
12.276882296,1782806637.316139253,/gps/odometry.pose.pose.position.z,-0.14494677539914846
12.309784767,1782806637.349041724,/gps/odometry.pose.pose.position.z,-0.1448680181056261
12.343308036,1782806637.382564993,/gps/odometry.pose.pose.position.z,-0.14478423167020082
12.376071791,1782806637.415328748,/gps/odometry.pose.pose.position.z,-0.14469541795551777
12.409102445,1782806637.448359402,/gps/odometry.pose.pose.position.z,-0.14460158627480268
12.442229882,1782806637.481486839,/gps/odometry.pose.pose.position.z,-0.14450274035334587
12.475007725,1782806637.514264682,/gps/odometry.pose.pose.position.z,-0.14439888577908278
12.508120555,1782806637.547377512,/gps/odometry.pose.pose.position.z,-0.1442900262773037
12.541834256,1782806637.581091213,/gps/odometry.pose.pose.position.z,-0.14417616836726665
12.575218711,1782806637.614475668,/gps/odometry.pose.pose.position.z,-0.1440573176369071
12.608948035000001,1782806637.648204992,/gps/odometry.pose.pose.position.z,-0.1439334787428379
12.641309145,1782806637.680566102,/gps/odometry.pose.pose.position.z,-0.14380466099828482
12.674279733,1782806637.713536690,/gps/odometry.pose.pose.position.z,-0.1436708653345704
12.707438337,1782806637.746695294,/gps/odometry.pose.pose.position.z,-0.14353210106492043
12.740276184,1782806637.779533141,/gps/odometry.pose.pose.position.z,-0.14338837191462517
12.7731805,1782806637.812437457,/gps/odometry.pose.pose.position.z,-0.1432396862655878
12.806223643,1782806637.845480600,/gps/odometry.pose.pose.position.z,-0.14308604877442122
12.839320178,1782806637.878577135,/gps/odometry.pose.pose.position.z,-0.14292746596038342
12.872216073,1782806637.911473030,/gps/odometry.pose.pose.position.z,-0.14276394620537758
12.90521492,1782806637.944471877,/gps/odometry.pose.pose.position.z,-0.14265033323317766
12.938445449,1782806637.977702406,/gps/odometry.pose.pose.position.z,-0.14272943139076233
12.971302659,1782806638.010559616,/gps/odometry.pose.pose.position.z,-0.14288568682968616
13.004380996,1782806638.043637953,/gps/odometry.pose.pose.position.z,-0.14303671102970839
13.037464527,1782806638.076721484,/gps/odometry.pose.pose.position.z,-0.14318250864744186
13.070347002,1782806638.109603959,/gps/odometry.pose.pose.position.z,-0.14332308899611235
13.103749348,1782806638.143006305,/gps/odometry.pose.pose.position.z,-0.14345845952630043
13.136353308,1782806638.175610265,/gps/odometry.pose.pose.position.z,-0.14358862582594156
13.169241046,1782806638.208498003,/gps/odometry.pose.pose.position.z,-0.14371359627693892
13.202368949,1782806638.241625906,/gps/odometry.pose.pose.position.z,-0.14383337553590536
13.235374981,1782806638.274631938,/gps/odometry.pose.pose.position.z,-0.14394797291606665
13.268478864,1782806638.307735821,/gps/odometry.pose.pose.position.z,-0.14405739214271307
13.301589559,1782806638.340846516,/gps/odometry.pose.pose.position.z,-0.14416164066642523
13.334409575,1782806638.373666532,/gps/odometry.pose.pose.position.z,-0.14426072593778372
13.367286908,1782806638.406543865,/gps/odometry.pose.pose.position.z,-0.1443546526134014
13.400844289,1782806638.440101246,/gps/odometry.pose.pose.position.z,-0.14444342721253633
13.433684977,1782806638.472941934,/gps/odometry.pose.pose.position.z,-0.14452705532312393
13.466574556,1782806638.505831513,/gps/odometry.pose.pose.position.z,-0.14460554253309965
13.500083293,1782806638.539340250,/gps/odometry.pose.pose.position.z,-0.14467889536172152
13.532661941,1782806638.571918898,/gps/odometry.pose.pose.position.z,-0.14474711939692497
13.565315155,1782806638.604572112,/gps/odometry.pose.pose.position.z,-0.14481021836400032
13.598601972,1782806638.637858929,/gps/odometry.pose.pose.position.z,-0.14486820064485073
13.632636765,1782806638.671893722,/gps/odometry.pose.pose.position.z,-0.14492106810212135
13.664529771,1782806638.703786728,/gps/odometry.pose.pose.position.z,-0.14496882911771536
13.697334052,1782806638.736591009,/gps/odometry.pose.pose.position.z,-0.14501148648560047
13.730577191,1782806638.769834148,/gps/odometry.pose.pose.position.z,-0.14504904579371214
13.763452324,1782806638.802709281,/gps/odometry.pose.pose.position.z,-0.14508151169866323
13.79633062,1782806638.835587577,/gps/odometry.pose.pose.position.z,-0.14510889071971178
13.8294576,1782806638.868714557,/gps/odometry.pose.pose.position.z,-0.14513118471950293
13.86222903,1782806638.901485987,/gps/odometry.pose.pose.position.z,-0.14514839928597212
13.897686318,1782806638.936943275,/gps/odometry.pose.pose.position.z,-0.14516053907573223
13.928744481,1782806638.968001438,/gps/odometry.pose.pose.position.z,-0.14516760874539614
13.961429632,1782806639.000686589,/gps/odometry.pose.pose.position.z,-0.14516961015760899
13.994720374,1782806639.033977331,/gps/odometry.pose.pose.position.z,-0.14516655169427395
14.02734599,1782806639.066602947,/gps/odometry.pose.pose.position.z,-0.1451584342867136
14.060351,1782806639.099607957,/gps/odometry.pose.pose.position.z,-0.14514526166021824
14.093725348,1782806639.132982305,/gps/odometry.pose.pose.position.z,-0.1451270394027233
14.126279495,1782806639.165536452,/gps/odometry.pose.pose.position.z,-0.14510377030819654
14.159231061,1782806639.198488018,/gps/odometry.pose.pose.position.z,-0.14507545810192823
14.192563638,1782806639.231820595,/gps/odometry.pose.pose.position.z,-0.14504210371524096
14.225355824,1782806639.264612781,/gps/odometry.pose.pose.position.z,-0.14500371553003788
14.26086734,1782806639.300124297,/gps/odometry.pose.pose.position.z,-0.14496029261499643
14.291462685,1782806639.330719642,/gps/odometry.pose.pose.position.z,-0.1449118433520198
14.324429851,1782806639.363686808,/gps/odometry.pose.pose.position.z,-0.1448583658784628
14.357384444000001,1782806639.396641401,/gps/odometry.pose.pose.position.z,-0.14479986857622862
14.391563713,1782806639.430820670,/gps/odometry.pose.pose.position.z,-0.144736354239285
14.42333155,1782806639.462588507,/gps/odometry.pose.pose.position.z,-0.14466782938688993
14.456319513,1782806639.495576470,/gps/odometry.pose.pose.position.z,-0.14459429122507572
14.489922912,1782806639.529179869,/gps/odometry.pose.pose.position.z,-0.14451575092971325
14.522534103,1782806639.561791060,/gps/odometry.pose.pose.position.z,-0.14443221129477024
14.555573344,1782806639.594830301,/gps/odometry.pose.pose.position.z,-0.14434367418289185
14.58850676,1782806639.627763717,/gps/odometry.pose.pose.position.z,-0.1442501489073038
14.621403281,1782806639.660660238,/gps/odometry.pose.pose.position.z,-0.14415163546800613
14.654286705,1782806639.693543662,/gps/odometry.pose.pose.position.z,-0.14404814131557941
14.687389676,1782806639.726646633,/gps/odometry.pose.pose.position.z,-0.14393967017531395
14.720342088,1782806639.759599045,/gps/odometry.pose.pose.position.z,-0.14382622856646776
14.753493317,1782806639.792750274,/gps/odometry.pose.pose.position.z,-0.14370782114565372
14.786606651,1782806639.825863608,/gps/odometry.pose.pose.position.z,-0.14358445163816214
14.819280254,1782806639.858537211,/gps/odometry.pose.pose.position.z,-0.14345612656325102
14.852447068,1782806639.891704025,/gps/odometry.pose.pose.position.z,-0.14332285150885582
14.885343339,1782806639.924600296,/gps/odometry.pose.pose.position.z,-0.143184632062912
14.918316821,1782806639.957573778,/gps/odometry.pose.pose.position.z,-0.14304147195070982
14.953077359,1782806639.992334316,/gps/odometry.pose.pose.position.z,-0.14289337769150734
14.986017737000001,1782806640.025274694,/gps/odometry.pose.pose.position.z,-0.14274035673588514
15.018999746,1782806640.058256703,/gps/odometry.pose.pose.position.z,-0.1426344383507967
15.052731588,1782806640.091988545,/gps/odometry.pose.pose.position.z,-0.1427321694791317
15.085004108,1782806640.124261065,/gps/odometry.pose.pose.position.z,-0.14291895553469658
15.118026327,1782806640.157283284,/gps/odometry.pose.pose.position.z,-0.14310048334300518
15.1527009,1782806640.191957857,/gps/odometry.pose.pose.position.z,-0.14327675849199295
15.184296853,1782806640.223553810,/gps/odometry.pose.pose.position.z,-0.1434477884322405
15.216988398,1782806640.256245355,/gps/odometry.pose.pose.position.z,-0.14361358433961868
15.250995748,1782806640.290252705,/gps/odometry.pose.pose.position.z,-0.143774151802063
15.283267422,1782806640.322524379,/gps/odometry.pose.pose.position.z,-0.143929498270154
15.316071089,1782806640.355328046,/gps/odometry.pose.pose.position.z,-0.14407963398844004
15.350066765,1782806640.389323722,/gps/odometry.pose.pose.position.z,-0.1442245626822114
15.382563642000001,1782806640.421820599,/gps/odometry.pose.pose.position.z,-0.14436429645866156
15.414934947,1782806640.454191904,/gps/odometry.pose.pose.position.z,-0.14449883997440338
15.449185499,1782806640.488442456,/gps/odometry.pose.pose.position.z,-0.14462819881737232
15.481230195,1782806640.520487152,/gps/odometry.pose.pose.position.z,-0.1447523832321167
15.514159894,1782806640.553416851,/gps/odometry.pose.pose.position.z,-0.14487139880657196
15.547324476,1782806640.586581433,/gps/odometry.pose.pose.position.z,-0.14498525392264128
15.580355321,1782806640.619612278,/gps/odometry.pose.pose.position.z,-0.14509395230561495
15.613137157,1782806640.652394114,/gps/odometry.pose.pose.position.z,-0.1451975042000413
15.64612461,1782806640.685381567,/gps/odometry.pose.pose.position.z,-0.1452959133312106
15.679051747,1782806640.718308704,/gps/odometry.pose.pose.position.z,-0.14538918528705835
15.712217088,1782806640.751474045,/gps/odometry.pose.pose.position.z,-0.14547733031213284
15.745855288,1782806640.785112245,/gps/odometry.pose.pose.position.z,-0.14556035213172436
15.778140726,1782806640.817397683,/gps/odometry.pose.pose.position.z,-0.14563825819641352
15.811025292,1782806640.850282249,/gps/odometry.pose.pose.position.z,-0.1457110522314906
15.845620802,1782806640.884877759,/gps/odometry.pose.pose.position.z,-0.14577874168753624
15.878615337,1782806640.917872294,/gps/odometry.pose.pose.position.z,-0.14584133308380842
15.93550359,1782806640.974760547,/gps/odometry.pose.pose.position.z,-0.14589882921427488
15.968372617,1782806641.007629574,/gps/odometry.pose.pose.position.z,-0.14595123939216137
16.001213061,1782806641.040470018,/gps/odometry.pose.pose.position.z,-0.14599856548011303
16.034425784,1782806641.073682741,/gps/odometry.pose.pose.position.z,-0.14604081492871046
16.076003245,1782806641.115260202,/gps/odometry.pose.pose.position.z,-0.14607799146324396
16.108464447,1782806641.147721404,/gps/odometry.pose.pose.position.z,-0.14611010439693928
16.141479831,1782806641.180736788,/gps/odometry.pose.pose.position.z,-0.1461371500045061
16.187472779,1782806641.226729736,/gps/odometry.pose.pose.position.z,-0.14615914411842823
16.22123734,1782806641.260494297,/gps/odometry.pose.pose.position.z,-0.14617608301341534
16.260507018,1782806641.299763975,/gps/odometry.pose.pose.position.z,-0.1461879750713706
16.31143248,1782806641.350689437,/gps/odometry.pose.pose.position.z,-0.1461948249489069
16.344064432,1782806641.383321389,/gps/odometry.pose.pose.position.z,-0.14619663637131453
16.386739776,1782806641.425996733,/gps/odometry.pose.pose.position.z,-0.14619341492652893
16.424880761,1782806641.464137718,/gps/odometry.pose.pose.position.z,-0.1461851615458727
16.458708348000002,1782806641.497965305,/gps/odometry.pose.pose.position.z,-0.14617188461124897
16.498722338,1782806641.537979295,/gps/odometry.pose.pose.position.z,-0.14615358598530293
16.531416015,1782806641.570672972,/gps/odometry.pose.pose.position.z,-0.14613026846200228
16.565388693,1782806641.604645650,/gps/odometry.pose.pose.position.z,-0.14610193949192762
16.615926994,1782806641.655183951,/gps/odometry.pose.pose.position.z,-0.14606859907507896
16.661067266,1782806641.700324223,/gps/odometry.pose.pose.position.z,-0.14603025559335947
16.693843143,1782806641.733100100,/gps/odometry.pose.pose.position.z,-0.14598690811544657
16.727163475,1782806641.766420432,/gps/odometry.pose.pose.position.z,-0.14593856129795313
16.761138779,1782806641.800395736,/gps/odometry.pose.pose.position.z,-0.14588521979749203
16.794525576,1782806641.833782533,/gps/odometry.pose.pose.position.z,-0.1458268854767084
16.830257955,1782806641.869514912,/gps/odometry.pose.pose.position.z,-0.14576356392353773
16.872789122,1782806641.912046079,/gps/odometry.pose.pose.position.z,-0.14569525513797998
16.905203334,1782806641.944460291,/gps/odometry.pose.pose.position.z,-0.14562196750193834
16.938182424,1782806641.977439381,/gps/odometry.pose.pose.position.z,-0.14554370194673538
16.980081113,1782806642.019338070,/gps/odometry.pose.pose.position.z,-0.1454604621976614
17.012272591,1782806642.051529548,/gps/odometry.pose.pose.position.z,-0.14537225384265184
17.055564483,1782806642.094821440,/gps/odometry.pose.pose.position.z,-0.14527907967567444
17.089011131,1782806642.128268088,/gps/odometry.pose.pose.position.z,-0.14518094435334206
17.121495151,1782806642.160752108,/gps/odometry.pose.pose.position.z,-0.14507785253226757
17.154647665,1782806642.193904622,/gps/odometry.pose.pose.position.z,-0.14496980793774128
17.197492194,1782806642.236749151,/gps/odometry.pose.pose.position.z,-0.14485681615769863
17.230192406,1782806642.269449363,/gps/odometry.pose.pose.position.z,-0.14473887998610735
17.275030045,1782806642.314287002,/gps/odometry.pose.pose.position.z,-0.14461600594222546
17.31618916,1782806642.355446117,/gps/odometry.pose.pose.position.z,-0.14448819868266582
17.347344708,1782806642.386601665,/gps/odometry.pose.pose.position.z,-0.14435546100139618
17.383954311,1782806642.423211268,/gps/odometry.pose.pose.position.z,-0.1442178012803197
17.416718438,1782806642.455975395,/gps/odometry.pose.pose.position.z,-0.14407522417604923
17.457897421,1782806642.497154378,/gps/odometry.pose.pose.position.z,-0.14392773155122995
17.496154165,1782806642.535411122,/gps/odometry.pose.pose.position.z,-0.14377533178776503
17.532726176,1782806642.571983133,/gps/odometry.pose.pose.position.z,-0.14361802861094475
17.564723283,1782806642.603980240,/gps/odometry.pose.pose.position.z,-0.14345582854002714
17.603829054,1782806642.643086011,/gps/odometry.pose.pose.position.z,-0.14328873716294765
17.636565457,1782806642.675822414,/gps/odometry.pose.pose.position.z,-0.14311676193028688
17.677383605,1782806642.716640562,/gps/odometry.pose.pose.position.z,-0.14293990563601255
17.713007684,1782806642.752264641,/gps/odometry.pose.pose.position.z,-0.1427581747993827
17.747387047,1782806642.786644004,/gps/odometry.pose.pose.position.z,-0.1426632897928357
17.782750274,1782806642.822007231,/gps/odometry.pose.pose.position.z,-0.14272955618798733
17.821662916,1782806642.860919873,/gps/odometry.pose.pose.position.z,-0.14288721978664398
17.856132541,1782806642.895389498,/gps/odometry.pose.pose.position.z,-0.14303968101739883
17.905820105,1782806642.945077062,/gps/odometry.pose.pose.position.z,-0.1431869463995099
17.949956383,1782806642.989213340,/gps/odometry.pose.pose.position.z,-0.14332902431488037
17.982888176,1782806643.022145133,/gps/odometry.pose.pose.position.z,-0.14346592221409082
18.017815714,1782806643.057072671,/gps/odometry.pose.pose.position.z,-0.143597649410367
18.054331643,1782806643.093588600,/gps/odometry.pose.pose.position.z,-0.14372420962899923
18.087351889,1782806643.126608846,/gps/odometry.pose.pose.position.z,-0.14384561218321323
18.130503558,1782806643.169760515,/gps/odometry.pose.pose.position.z,-0.14396186638623476
18.173284263,1782806643.212541220,/gps/odometry.pose.pose.position.z,-0.1440729759633541
18.204750197,1782806643.244007154,/gps/odometry.pose.pose.position.z,-0.14417894836515188
18.24198941,1782806643.281246367,/gps/odometry.pose.pose.position.z,-0.14427979290485382
18.279505291,1782806643.318762248,/gps/odometry.pose.pose.position.z,-0.1443755142390728
18.312364401,1782806643.351621358,/gps/odometry.pose.pose.position.z,-0.144466120749712
18.349585134,1782806643.388842091,/gps/odometry.pose.pose.position.z,-0.14455161709338427
18.3974211,1782806643.436678057,/gps/odometry.pose.pose.position.z,-0.14463201072067022
18.430686536,1782806643.469943493,/gps/odometry.pose.pose.position.z,-0.1447073072195053
18.470620164,1782806643.509877121,/gps/odometry.pose.pose.position.z,-0.14477751404047012
18.503711963,1782806643.542968920,/gps/odometry.pose.pose.position.z,-0.14484263584017754
18.536543006,1782806643.575799963,/gps/odometry.pose.pose.position.z,-0.14490268100053072
18.569586864,1782806643.608843821,/gps/odometry.pose.pose.position.z,-0.14495765324681997
18.620764567,1782806643.660021524,/gps/odometry.pose.pose.position.z,-0.14500755816698074
18.652778274,1782806643.692035231,/gps/odometry.pose.pose.position.z,-0.1450524041429162
18.698530712,1782806643.737787669,/gps/odometry.pose.pose.position.z,-0.14509219210594893
18.732621664,1782806643.771878621,/gps/odometry.pose.pose.position.z,-0.14512693230062723
18.765740603,1782806643.804997560,/gps/odometry.pose.pose.position.z,-0.14515662845224142
18.800595005,1782806643.839851962,/gps/odometry.pose.pose.position.z,-0.14518128521740437
18.833995936,1782806643.873252893,/gps/odometry.pose.pose.position.z,-0.1452009091153741
18.866641599,1782806643.905898556,/gps/odometry.pose.pose.position.z,-0.14521550480276346
18.899987231,1782806643.939244188,/gps/odometry.pose.pose.position.z,-0.14522507693618536
18.94227645,1782806643.981533407,/gps/odometry.pose.pose.position.z,-0.14522963017225266
18.974389206,1782806644.013646163,/gps/odometry.pose.pose.position.z,-0.14522917103022337
19.012487891,1782806644.051744848,/gps/odometry.pose.pose.position.z,-0.14522370044142008
19.052556909,1782806644.091813866,/gps/odometry.pose.pose.position.z,-0.14521322678774595
19.087583434,1782806644.126840391,/gps/odometry.pose.pose.position.z,-0.14519775472581387
19.120231095,1782806644.159488052,/gps/odometry.pose.pose.position.z,-0.14517728611826897
19.171316656,1782806644.210573613,/gps/odometry.pose.pose.position.z,-0.14515182562172413
19.201458783,1782806644.240715740,/gps/odometry.pose.pose.position.z,-0.14512137975543737
19.241129021,1782806644.280385978,/gps/odometry.pose.pose.position.z,-0.14508595038205385
19.273859903,1782806644.313116860,/gps/odometry.pose.pose.position.z,-0.14504554495215416
19.318658186,1782806644.357915143,/gps/odometry.pose.pose.position.z,-0.1450001634657383
19.354911891,1782806644.394168848,/gps/odometry.pose.pose.position.z,-0.14494981057941914
19.388048668,1782806644.427305625,/gps/odometry.pose.pose.position.z,-0.1448944928124547
19.423768906,1782806644.463025863,/gps/odometry.pose.pose.position.z,-0.14483421109616756
19.456529688,1782806644.495786645,/gps/odometry.pose.pose.position.z,-0.14476897101849318
19.490163982,1782806644.529420939,/gps/odometry.pose.pose.position.z,-0.14469877257943153
19.522639722,1782806644.561896679,/gps/odometry.pose.pose.position.z,-0.1446236241608858
19.555552417,1782806644.594809374,/gps/odometry.pose.pose.position.z,-0.144543525762856
19.592845213,1782806644.632102170,/gps/odometry.pose.pose.position.z,-0.144458482041955
19.623575331,1782806644.662832288,/gps/odometry.pose.pose.position.z,-0.14436849858611822
19.65796298,1782806644.697219937,/gps/odometry.pose.pose.position.z,-0.1442735744640231
19.693157237,1782806644.732414194,/gps/odometry.pose.pose.position.z,-0.14417371805757284
19.727056072,1782806644.766313029,/gps/odometry.pose.pose.position.z,-0.1440689330920577
19.759230113,1782806644.798487070,/gps/odometry.pose.pose.position.z,-0.14395922143012285
19.79196687,1782806644.831223827,/gps/odometry.pose.pose.position.z,-0.14384458772838116
19.825881631,1782806644.865138588,/gps/odometry.pose.pose.position.z,-0.14372503757476807
19.859452077,1782806644.898709034,/gps/odometry.pose.pose.position.z,-0.14360057562589645
19.893917819,1782806644.933174776,/gps/odometry.pose.pose.position.z,-0.1434712065383792
19.926934262,1782806644.966191219,/gps/odometry.pose.pose.position.z,-0.14333693403750658
19.960078384,1782806644.999335341,/gps/odometry.pose.pose.position.z,-0.1431977627798915
19.995337874,1782806645.034594831,/gps/odometry.pose.pose.position.z,-0.14305369835346937
20.026329082,1782806645.065586039,/gps/odometry.pose.pose.position.z,-0.1429047454148531
20.059042949,1782806645.098299906,/gps/odometry.pose.pose.position.z,-0.1427509095519781
20.092036637,1782806645.131293594,/gps/odometry.pose.pose.position.z,-0.1426927549764514
20.125134039,1782806645.164390996,/gps/odometry.pose.pose.position.z,-0.14277448039501905
20.157747968,1782806645.197004925,/gps/odometry.pose.pose.position.z,-0.1428808532655239
20.190776914,1782806645.230033871,/gps/odometry.pose.pose.position.z,-0.14298211224377155
20.225456323,1782806645.264713280,/gps/odometry.pose.pose.position.z,-0.14307826105505228
20.256585701,1782806645.295842658,/gps/odometry.pose.pose.position.z,-0.1431693071499467
20.289730534,1782806645.328987491,/gps/odometry.pose.pose.position.z,-0.14325525984168053
20.328610281,1782806645.367867238,/gps/odometry.pose.pose.position.z,-0.1433361228555441
20.35997121,1782806645.399228167,/gps/odometry.pose.pose.position.z,-0.14341190364211798
20.392772551,1782806645.432029508,/gps/odometry.pose.pose.position.z,-0.1434826087206602
20.426081335,1782806645.465338292,/gps/odometry.pose.pose.position.z,-0.14354824554175138
20.460093573,1782806645.499350530,/gps/odometry.pose.pose.position.z,-0.14360881969332695
20.492900568,1782806645.532157525,/gps/odometry.pose.pose.position.z,-0.14366433583199978
20.525692888000002,1782806645.564949845,/gps/odometry.pose.pose.position.z,-0.14371480327099562
20.560873131,1782806645.600130088,/gps/odometry.pose.pose.position.z,-0.14376022573560476
20.594017062,1782806645.633274019,/gps/odometry.pose.pose.position.z,-0.14380060974508524
20.626815459,1782806645.666072416,/gps/odometry.pose.pose.position.z,-0.14383596181869507
20.660154482,1782806645.699411439,/gps/odometry.pose.pose.position.z,-0.14386628568172455
20.692721151,1782806645.731978108,/gps/odometry.pose.pose.position.z,-0.14389158971607685
20.725688626,1782806645.764945583,/gps/odometry.pose.pose.position.z,-0.1439118767157197
20.759178839,1782806645.798435796,/gps/odometry.pose.pose.position.z,-0.14392715506255627
20.791930294,1782806645.831187251,/gps/odometry.pose.pose.position.z,-0.14393742755055428
20.825729785,1782806645.864986742,/gps/odometry.pose.pose.position.z,-0.1439426988363266
20.858292037,1782806645.897548994,/gps/odometry.pose.pose.position.z,-0.14394297637045383
20.890901944,1782806645.930158901,/gps/odometry.pose.pose.position.z,-0.14393826387822628
20.923887133,1782806645.963144090,/gps/odometry.pose.pose.position.z,-0.14392856787890196
20.957057123,1782806645.996314080,/gps/odometry.pose.pose.position.z,-0.14391389209777117
20.990039343,1782806646.029296300,/gps/odometry.pose.pose.position.z,-0.1438942402601242
21.023706467,1782806646.062963424,/gps/odometry.pose.pose.position.z,-0.14386961795389652
21.05590141,1782806646.095158367,/gps/odometry.pose.pose.position.z,-0.143840029835701
21.088776793,1782806646.128033750,/gps/odometry.pose.pose.position.z,-0.1438054796308279
21.121927536,1782806646.161184493,/gps/odometry.pose.pose.position.z,-0.1437659738585353
21.15749887,1782806646.196755827,/gps/odometry.pose.pose.position.z,-0.14372151531279087
21.187903667,1782806646.227160624,/gps/odometry.pose.pose.position.z,-0.14367210865020752
21.220733788,1782806646.259990745,/gps/odometry.pose.pose.position.z,-0.14361775666475296
21.253965595,1782806646.293222552,/gps/odometry.pose.pose.position.z,-0.14355846587568521
21.292233604,1782806646.331490561,/gps/odometry.pose.pose.position.z,-0.14349423814564943
21.325561175,1782806646.364818132,/gps/odometry.pose.pose.position.z,-0.14342507626861334
21.357859087,1782806646.397116044,/gps/odometry.pose.pose.position.z,-0.14335098769515753
21.393354583,1782806646.432611540,/gps/odometry.pose.pose.position.z,-0.143271972425282
21.425687421,1782806646.464944378,/gps/odometry.pose.pose.position.z,-0.14318803790956736
21.458699859,1782806646.497956816,/gps/odometry.pose.pose.position.z,-0.1430991841480136
21.491990746,1782806646.531247703,/gps/odometry.pose.pose.position.z,-0.14300541579723358
21.524931805,1782806646.564188762,/gps/odometry.pose.pose.position.z,-0.1429067375138402
21.559868089,1782806646.599125046,/gps/odometry.pose.pose.position.z,-0.14280315209180117
21.593209471,1782806646.632466428,/gps/odometry.pose.pose.position.z,-0.14270358346402645
21.626082838,1782806646.665339795,/gps/odometry.pose.pose.position.z,-0.14267855696380138
21.659164388,1782806646.698421345,/gps/odometry.pose.pose.position.z,-0.14279826823621988
21.691845274,1782806646.731102231,/gps/odometry.pose.pose.position.z,-0.14293070044368505
21.725150423,1782806646.764407380,/gps/odometry.pose.pose.position.z,-0.1430579861626029
21.758243719,1782806646.797500676,/gps/odometry.pose.pose.position.z,-0.1431801337748766
21.795626821,1782806646.834883778,/gps/odometry.pose.pose.position.z,-0.14329715259373188
21.829459721,1782806646.868716678,/gps/odometry.pose.pose.position.z,-0.14340904913842678
21.861978201,1782806646.901235158,/gps/odometry.pose.pose.position.z,-0.14351582992821932
21.895096897,1782806646.934353854,/gps/odometry.pose.pose.position.z,-0.1436175061389804
21.928552816,1782806646.967809773,/gps/odometry.pose.pose.position.z,-0.14371407963335514
21.962479439,1782806647.001736396,/gps/odometry.pose.pose.position.z,-0.14380556158721447
21.995721344,1782806647.034978301,/gps/odometry.pose.pose.position.z,-0.14389195665717125
22.035112119,1782806647.074369076,/gps/odometry.pose.pose.position.z,-0.14397327322512865
22.067126991,1782806647.106383948,/gps/odometry.pose.pose.position.z,-0.14404951874166727
22.099925237,1782806647.139182194,/gps/odometry.pose.pose.position.z,-0.14412069600075483
22.133772997,1782806647.173029954,/gps/odometry.pose.pose.position.z,-0.14418681524693966
22.165782444,1782806647.205039401,/gps/odometry.pose.pose.position.z,-0.14424788393080235
22.198805206,1782806647.238062163,/gps/odometry.pose.pose.position.z,-0.14430390670895576
22.233096525,1782806647.272353482,/gps/odometry.pose.pose.position.z,-0.1443548882380128
22.265845044,1782806647.305102001,/gps/odometry.pose.pose.position.z,-0.1444008368998766
22.298992525,1782806647.338249482,/gps/odometry.pose.pose.position.z,-0.14444176014512777
22.332237142,1782806647.371494099,/gps/odometry.pose.pose.position.z,-0.14447766076773405
22.365058798,1782806647.404315755,/gps/odometry.pose.pose.position.z,-0.14450854621827602
22.39805902,1782806647.437315977,/gps/odometry.pose.pose.position.z,-0.14453442487865686
22.431281556,1782806647.470538513,/gps/odometry.pose.pose.position.z,-0.14455529768019915
22.463873118,1782806647.503130075,/gps/odometry.pose.pose.position.z,-0.14457117393612862
22.496847593,1782806647.536104550,/gps/odometry.pose.pose.position.z,-0.14458205830305815
22.535203399,1782806647.574460356,/gps/odometry.pose.pose.position.z,-0.1445879554376006
22.568552825,1782806647.607809782,/gps/odometry.pose.pose.position.z,-0.14458887185901403
22.601621864,1782806647.640878821,/gps/odometry.pose.pose.position.z,-0.14458481315523386
22.63503438,1782806647.674291337,/gps/odometry.pose.pose.position.z,-0.1445757830515504
22.668184822,1782806647.707441779,/gps/odometry.pose.pose.position.z,-0.14456178713589907
22.700354570000002,1782806647.739611527,/gps/odometry.pose.pose.position.z,-0.14454283099621534
22.733598202,1782806647.772855159,/gps/odometry.pose.pose.position.z,-0.1445189192891121
22.767660628,1782806647.806917585,/gps/odometry.pose.pose.position.z,-0.14449005760252476
22.800582539,1782806647.839839496,/gps/odometry.pose.pose.position.z,-0.14445625059306622
22.834195486,1782806647.873452443,/gps/odometry.pose.pose.position.z,-0.14441750291734934
22.86660118,1782806647.905858137,/gps/odometry.pose.pose.position.z,-0.14437381643801928
22.899884089,1782806647.939141046,/gps/odometry.pose.pose.position.z,-0.14432520046830177
22.936443843,1782806647.975700800,/gps/odometry.pose.pose.position.z,-0.14427165407687426
22.967281503,1782806648.006538460,/gps/odometry.pose.pose.position.z,-0.14421318657696247
22.999835815,1782806648.039092772,/gps/odometry.pose.pose.position.z,-0.14414980076253414
23.035718354,1782806648.074975311,/gps/odometry.pose.pose.position.z,-0.14408149849623442
23.068074611,1782806648.107331568,/gps/odometry.pose.pose.position.z,-0.14400828629732132
23.100053857,1782806648.139310814,/gps/odometry.pose.pose.position.z,-0.14393016789108515
23.133207486,1782806648.172464443,/gps/odometry.pose.pose.position.z,-0.14384714607149363
23.166123015,1782806648.205379972,/gps/odometry.pose.pose.position.z,-0.14375922456383705
23.199035345,1782806648.238292302,/gps/odometry.pose.pose.position.z,-0.1436664080247283
23.235511652,1782806648.274768609,/gps/odometry.pose.pose.position.z,-0.14356870111078024
23.270562078,1782806648.309819035,/gps/odometry.pose.pose.position.z,-0.14346610382199287
23.302381849,1782806648.341638806,/gps/odometry.pose.pose.position.z,-0.14335862454026937
23.33540709,1782806648.374664047,/gps/odometry.pose.pose.position.z,-0.1432462651282549
23.368721779,1782806648.407978736,/gps/odometry.pose.pose.position.z,-0.14312902931123972
23.401222925,1782806648.440479882,/gps/odometry.pose.pose.position.z,-0.14300691988319159
23.434584695,1782806648.473841652,/gps/odometry.pose.pose.position.z,-0.1428799433633685
23.467205005,1782806648.506461962,/gps/odometry.pose.pose.position.z,-0.1427481034770608
23.500702737,1782806648.539959694,/gps/odometry.pose.pose.position.z,-0.14265972562134266
23.533301454,1782806648.572558411,/gps/odometry.pose.pose.position.z,-0.14269413705915213
23.56640822,1782806648.605665177,/gps/odometry.pose.pose.position.z,-0.1428630966693163
23.601695508,1782806648.640952465,/gps/odometry.pose.pose.position.z,-0.14302686788141727
23.634733195,1782806648.673990152,/gps/odometry.pose.pose.position.z,-0.1431854534894228
23.670498389,1782806648.709755346,/gps/odometry.pose.pose.position.z,-0.14333886373788118
23.703513657,1782806648.742770614,/gps/odometry.pose.pose.position.z,-0.14348710514605045
23.736301429,1782806648.775558386,/gps/odometry.pose.pose.position.z,-0.14363018795847893
23.770773491,1782806648.810030448,/gps/odometry.pose.pose.position.z,-0.1437681196257472
23.802530967,1782806648.841787924,/gps/odometry.pose.pose.position.z,-0.14390090759843588
23.836168067,1782806648.875425024,/gps/odometry.pose.pose.position.z,-0.14402856212109327
23.873462708,1782806648.912719665,/gps/odometry.pose.pose.position.z,-0.14415108785033226
23.908034017,1782806648.947290974,/gps/odometry.pose.pose.position.z,-0.1442684968933463
23.940124643,1782806648.979381600,/gps/odometry.pose.pose.position.z,-0.1443807939067483
23.97294529,1782806649.012202247,/gps/odometry.pose.pose.position.z,-0.14448798913508654
24.006091255,1782806649.045348212,/gps/odometry.pose.pose.position.z,-0.14459008537232876
24.03991601,1782806649.079172967,/gps/odometry.pose.pose.position.z,-0.144687095656991
24.072692974,1782806649.111949931,/gps/odometry.pose.pose.position.z,-0.14477902371436357
24.108555985,1782806649.147812942,/gps/odometry.pose.pose.position.z,-0.14486587885767221
24.140006536,1782806649.179263493,/gps/odometry.pose.pose.position.z,-0.14494766667485237
24.173232641,1782806649.212489598,/gps/odometry.pose.pose.position.z,-0.14502439554780722
24.206059946,1782806649.245316903,/gps/odometry.pose.pose.position.z,-0.1450960710644722
24.239942676,1782806649.279199633,/gps/odometry.pose.pose.position.z,-0.14516270253807306
24.273296666,1782806649.312553623,/gps/odometry.pose.pose.position.z,-0.1452242936939001
24.306335508,1782806649.345592465,/gps/odometry.pose.pose.position.z,-0.1452808529138565
24.341338249,1782806649.380595206,/gps/odometry.pose.pose.position.z,-0.14533238764852285
24.378210999,1782806649.417467956,/gps/odometry.pose.pose.position.z,-0.1453789034858346
24.411556221,1782806649.450813178,/gps/odometry.pose.pose.position.z,-0.14542040787637234
24.444451694,1782806649.483708651,/gps/odometry.pose.pose.position.z,-0.14545690454542637
24.477284566,1782806649.516541523,/gps/odometry.pose.pose.position.z,-0.14548840187489986
24.51026842,1782806649.549525377,/gps/odometry.pose.pose.position.z,-0.14551490545272827
24.543206451,1782806649.582463408,/gps/odometry.pose.pose.position.z,-0.1455364217981696
24.576697978,1782806649.615954935,/gps/odometry.pose.pose.position.z,-0.1455529546365142
24.610351613,1782806649.649608570,/gps/odometry.pose.pose.position.z,-0.14556451328098774
24.64445514,1782806649.683712097,/gps/odometry.pose.pose.position.z,-0.14557110238820314
24.679863073,1782806649.719120030,/gps/odometry.pose.pose.position.z,-0.14557272475212812
24.712710023,1782806649.751966980,/gps/odometry.pose.pose.position.z,-0.145569390617311
24.748985261,1782806649.788242218,/gps/odometry.pose.pose.position.z,-0.14556110370904207
24.780256058,1782806649.819513015,/gps/odometry.pose.pose.position.z,-0.14554786775261164
24.813315760000002,1782806649.852572717,/gps/odometry.pose.pose.position.z,-0.1455296901986003
24.846410689,1782806649.885667646,/gps/odometry.pose.pose.position.z,-0.14550657756626606
24.884556898,1782806649.923813855,/gps/odometry.pose.pose.position.z,-0.14547852985560894
24.920012402,1782806649.959269359,/gps/odometry.pose.pose.position.z,-0.14544555637985468
24.957152506,1782806649.996409463,/gps/odometry.pose.pose.position.z,-0.14540766086429358
24.989400624,1782806650.028657581,/gps/odometry.pose.pose.position.z,-0.14536484982818365
25.0224037,1782806650.061660657,/gps/odometry.pose.pose.position.z,-0.14531712513417006
25.058293378,1782806650.097550335,/gps/odometry.pose.pose.position.z,-0.14526449516415596
25.08848413,1782806650.127741087,/gps/odometry.pose.pose.position.z,-0.14520696178078651
25.121352506,1782806650.160609463,/gps/odometry.pose.pose.position.z,-0.1451445296406746
25.158011259,1782806650.197268216,/gps/odometry.pose.pose.position.z,-0.14507720340043306
25.19136243,1782806650.230619387,/gps/odometry.pose.pose.position.z,-0.14500499051064253
25.224175879,1782806650.263432836,/gps/odometry.pose.pose.position.z,-0.1449278900399804
25.257152661,1782806650.296409618,/gps/odometry.pose.pose.position.z,-0.14484591037034988
25.29003468,1782806650.329291637,/gps/odometry.pose.pose.position.z,-0.1447590533643961
25.32315231,1782806650.362409267,/gps/odometry.pose.pose.position.z,-0.14466732554137707
25.356184935,1782806650.395441892,/gps/odometry.pose.pose.position.z,-0.14457072876393795
25.390603792,1782806650.429860749,/gps/odometry.pose.pose.position.z,-0.14446926768869162
25.424444131,1782806650.463701088,/gps/odometry.pose.pose.position.z,-0.14436294417828321
25.456823924,1782806650.496080881,/gps/odometry.pose.pose.position.z,-0.14425176568329334
25.490027328,1782806650.529284285,/gps/odometry.pose.pose.position.z,-0.144135732203722
25.522541263,1782806650.561798220,/gps/odometry.pose.pose.position.z,-0.14401485212147236
25.56394843,1782806650.603205387,/gps/odometry.pose.pose.position.z,-0.14388912450522184
25.598351264,1782806650.637608221,/gps/odometry.pose.pose.position.z,-0.14375855680555105
25.630171584,1782806650.669428541,/gps/odometry.pose.pose.position.z,-0.1436231518164277
25.664486192,1782806650.703743149,/gps/odometry.pose.pose.position.z,-0.14348291512578726
25.700760225,1782806650.740017182,/gps/odometry.pose.pose.position.z,-0.14333784952759743
25.734452947,1782806650.773709904,/gps/odometry.pose.pose.position.z,-0.14318796060979366
25.773249439,1782806650.812506396,/gps/odometry.pose.pose.position.z,-0.143033254891634
25.810973936,1782806650.850230893,/gps/odometry.pose.pose.position.z,-0.14287373423576355
25.84312768,1782806650.882384637,/gps/odometry.pose.pose.position.z,-0.14270940329879522
25.876473779,1782806650.915730736,/gps/odometry.pose.pose.position.z,-0.1426163101568818
25.909334405,1782806650.948591362,/gps/odometry.pose.pose.position.z,-0.14263613149523735
25.944695538,1782806650.983952495,/gps/odometry.pose.pose.position.z,-0.14274407923221588
25.978005967,1782806651.017262924,/gps/odometry.pose.pose.position.z,-0.14291728381067514
26.01273614,1782806651.051993097,/gps/odometry.pose.pose.position.z,-0.14308530557900667
26.045414061,1782806651.084671018,/gps/odometry.pose.pose.position.z,-0.1432481501251459
26.078727184,1782806651.117984141,/gps/odometry.pose.pose.position.z,-0.14340582955628633
26.111386992,1782806651.150643949,/gps/odometry.pose.pose.position.z,-0.14355835132300854
26.144704345,1782806651.183961302,/gps/odometry.pose.pose.position.z,-0.14370572287589312
26.179111054,1782806651.218368011,/gps/odometry.pose.pose.position.z,-0.14384795352816582
26.211651414,1782806651.250908371,/gps/odometry.pose.pose.position.z,-0.1439850525930524
26.244886727,1782806651.284143684,/gps/odometry.pose.pose.position.z,-0.14411702565848827
26.278243162,1782806651.317500119,/gps/odometry.pose.pose.position.z,-0.14424388390034437
26.310766618,1782806651.350023575,/gps/odometry.pose.pose.position.z,-0.14436563290655613
26.351152551,1782806651.390409508,/gps/odometry.pose.pose.position.z,-0.14448228292167187
26.382528034,1782806651.421784991,/gps/odometry.pose.pose.position.z,-0.1445938404649496
26.420105997,1782806651.459362954,/gps/odometry.pose.pose.position.z,-0.14470031298696995
26.453438436,1782806651.492695393,/gps/odometry.pose.pose.position.z,-0.14480170980095863
26.487179988,1782806651.526436945,/gps/odometry.pose.pose.position.z,-0.1448980364948511
26.520032708,1782806651.559289665,/gps/odometry.pose.pose.position.z,-0.14498930051922798
26.557141721,1782806651.596398678,/gps/odometry.pose.pose.position.z,-0.14507551304996014
26.590389941,1782806651.629646898,/gps/odometry.pose.pose.position.z,-0.1451566768810153
26.623483856,1782806651.662740813,/gps/odometry.pose.pose.position.z,-0.14523279946297407
26.658341533,1782806651.697598490,/gps/odometry.pose.pose.position.z,-0.1453038901090622
26.690268596,1782806651.729525553,/gps/odometry.pose.pose.position.z,-0.14536995626986027
26.724933835,1782806651.764190792,/gps/odometry.pose.pose.position.z,-0.14543100260198116
26.759953086,1782806651.799210043,/gps/odometry.pose.pose.position.z,-0.14548703748732805
26.791879537,1782806651.831136494,/gps/odometry.pose.pose.position.z,-0.14553806651383638
26.826283903,1782806651.865540860,/gps/odometry.pose.pose.position.z,-0.14558409620076418
26.859570005,1782806651.898826962,/gps/odometry.pose.pose.position.z,-0.14562513586133718
26.893864344,1782806651.933121301,/gps/odometry.pose.pose.position.z,-0.1456611892208457
26.926367157,1782806651.965624114,/gps/odometry.pose.pose.position.z,-0.14569226186722517
26.95914338,1782806651.998400337,/gps/odometry.pose.pose.position.z,-0.14571836218237877
26.996829236,1782806652.036086193,/gps/odometry.pose.pose.position.z,-0.1457394976168871
27.029280096,1782806652.068537053,/gps/odometry.pose.pose.position.z,-0.14575567096471786
27.063727571,1782806652.102984528,/gps/odometry.pose.pose.position.z,-0.14576688967645168
27.096712382,1782806652.135969339,/gps/odometry.pose.pose.position.z,-0.14577316120266914
27.132474635,1782806652.171731592,/gps/odometry.pose.pose.position.z,-0.14577448833733797
27.16738785,1782806652.206644807,/gps/odometry.pose.pose.position.z,-0.14577087946236134
27.201076588,1782806652.240333545,/gps/odometry.pose.pose.position.z,-0.1457623392343521
27.233399526,1782806652.272656483,/gps/odometry.pose.pose.position.z,-0.14574887324124575
27.266392353,1782806652.305649310,/gps/odometry.pose.pose.position.z,-0.1457304870709777
27.300093712,1782806652.339350669,/gps/odometry.pose.pose.position.z,-0.1457071853801608
27.332415179,1782806652.371672136,/gps/odometry.pose.pose.position.z,-0.1456789756193757
27.365716644,1782806652.404973601,/gps/odometry.pose.pose.position.z,-0.14564586151391268
27.398945779,1782806652.438202736,/gps/odometry.pose.pose.position.z,-0.14560784865170717
27.436618006,1782806652.475874963,/gps/odometry.pose.pose.position.z,-0.1455649398267269
27.469351949,1782806652.508608906,/gps/odometry.pose.pose.position.z,-0.14551714435219765
27.502943304,1782806652.542200261,/gps/odometry.pose.pose.position.z,-0.1454644650220871
27.535181632,1782806652.574438589,/gps/odometry.pose.pose.position.z,-0.145406904630363
27.568290612,1782806652.607547569,/gps/odometry.pose.pose.position.z,-0.1453444715589285
27.604188455,1782806652.643445412,/gps/odometry.pose.pose.position.z,-0.14527716860175133
27.634073437,1782806652.673330394,/gps/odometry.pose.pose.position.z,-0.14520500134676695
27.667272637,1782806652.706529594,/gps/odometry.pose.pose.position.z,-0.14512797258794308
27.700470022,1782806652.739726979,/gps/odometry.pose.pose.position.z,-0.14504608698189259
27.733113729,1782806652.772370686,/gps/odometry.pose.pose.position.z,-0.14495935011655092
27.768622016,1782806652.807878973,/gps/odometry.pose.pose.position.z,-0.14486776571720839
27.805148705,1782806652.844405662,/gps/odometry.pose.pose.position.z,-0.14477133750915527
27.838335056,1782806652.877592013,/gps/odometry.pose.pose.position.z,-0.14467007014900446
27.872335186,1782806652.911592143,/gps/odometry.pose.pose.position.z,-0.14456396643072367
27.905946995,1782806652.945203952,/gps/odometry.pose.pose.position.z,-0.14445303101092577
27.943626109,1782806652.982883066,/gps/odometry.pose.pose.position.z,-0.14433726854622364
27.978068134,1782806653.017325091,/gps/odometry.pose.pose.position.z,-0.14421668276190758
28.013607596,1782806653.052864553,/gps/odometry.pose.pose.position.z,-0.14409127738326788
28.046780871,1782806653.086037828,/gps/odometry.pose.pose.position.z,-0.1439610542729497
28.08175062,1782806653.121007577,/gps/odometry.pose.pose.position.z,-0.14382601901888847
28.116561138,1782806653.155818095,/gps/odometry.pose.pose.position.z,-0.1436861762776971
28.147464186,1782806653.186721143,/gps/odometry.pose.pose.position.z,-0.14354152884334326
28.185870428,1782806653.225127385,/gps/odometry.pose.pose.position.z,-0.143392083235085
28.218873963,1782806653.258130920,/gps/odometry.pose.pose.position.z,-0.14323784317821264
28.253734819,1782806653.292991776,/gps/odometry.pose.pose.position.z,-0.14307881146669388
28.287890284,1782806653.327147241,/gps/odometry.pose.pose.position.z,-0.14291499555110931
28.320437838,1782806653.359694795,/gps/odometry.pose.pose.position.z,-0.1427463972941041
28.354756423,1782806653.394013380,/gps/odometry.pose.pose.position.z,-0.14262028317898512
28.387832859,1782806653.427089816,/gps/odometry.pose.pose.position.z,-0.14259345550090075
28.420581776,1782806653.459838733,/gps/odometry.pose.pose.position.z,-0.14272306207567453
28.457633556,1782806653.496890513,/gps/odometry.pose.pose.position.z,-0.14295139256864786
28.490221977,1782806653.529478934,/gps/odometry.pose.pose.position.z,-0.14317444432526827
28.523641184,1782806653.562898141,/gps/odometry.pose.pose.position.z,-0.1433922229334712
28.556343571,1782806653.595600528,/gps/odometry.pose.pose.position.z,-0.14360474050045013
28.602305234,1782806653.641562191,/gps/odometry.pose.pose.position.z,-0.14381200727075338
28.636092088,1782806653.675349045,/gps/odometry.pose.pose.position.z,-0.14401403348892927
28.670079012,1782806653.709335969,/gps/odometry.pose.pose.position.z,-0.1442108266055584
28.70252228,1782806653.741779237,/gps/odometry.pose.pose.position.z,-0.14440239779651165
28.735232325,1782806653.774489282,/gps/odometry.pose.pose.position.z,-0.14458875637501478
28.772158935,1782806653.811415892,/gps/odometry.pose.pose.position.z,-0.14476991165429354
28.805137497,1782806653.844394454,/gps/odometry.pose.pose.position.z,-0.1449458710849285
28.838323602,1782806653.877580559,/gps/odometry.pose.pose.position.z,-0.14511664677411318
28.872282897,1782806653.911539854,/gps/odometry.pose.pose.position.z,-0.1452822471037507
28.905285847000002,1782806653.944542804,/gps/odometry.pose.pose.position.z,-0.1454426795244217
28.938278453,1782806653.977535410,/gps/odometry.pose.pose.position.z,-0.14559795428067446
28.971040646,1782806654.010297603,/gps/odometry.pose.pose.position.z,-0.1457480788230896
29.007587669,1782806654.046844626,/gps/odometry.pose.pose.position.z,-0.1458930615335703
29.039226045,1782806654.078483002,/gps/odometry.pose.pose.position.z,-0.14603291265666485
29.072372895,1782806654.111629852,/gps/odometry.pose.pose.position.z,-0.14616763964295387
29.10545456,1782806654.144711517,/gps/odometry.pose.pose.position.z,-0.14629725273698568
29.13845944,1782806654.177716397,/gps/odometry.pose.pose.position.z,-0.14642175566405058
29.17126065,1782806654.210517607,/gps/odometry.pose.pose.position.z,-0.14654116053134203
29.204619054,1782806654.243876011,/gps/odometry.pose.pose.position.z,-0.14665547478944063
29.239095056,1782806654.278352013,/gps/odometry.pose.pose.position.z,-0.1467647049576044
29.27307716,1782806654.312334117,/gps/odometry.pose.pose.position.z,-0.14686886221170425
29.306415651000002,1782806654.345672608,/gps/odometry.pose.pose.position.z,-0.14696795027703047
29.340395483,1782806654.379652440,/gps/odometry.pose.pose.position.z,-0.14706197939813137
29.37540794,1782806654.414664897,/gps/odometry.pose.pose.position.z,-0.1471509551629424
29.411222937,1782806654.450479894,/gps/odometry.pose.pose.position.z,-0.1472348878160119
29.441379523,1782806654.480636480,/gps/odometry.pose.pose.position.z,-0.14731378387659788
29.474412369,1782806654.513669326,/gps/odometry.pose.pose.position.z,-0.14738764893263578
29.510328521,1782806654.549585478,/gps/odometry.pose.pose.position.z,-0.14745649322867393
29.540507625,1782806654.579764582,/gps/odometry.pose.pose.position.z,-0.14752032235264778
29.574611254,1782806654.613868211,/gps/odometry.pose.pose.position.z,-0.14757914189249277
29.607365019,1782806654.646621976,/gps/odometry.pose.pose.position.z,-0.14763296209275723
29.648212975,1782806654.687469932,/gps/odometry.pose.pose.position.z,-0.14768178761005402
29.68126906,1782806654.720526017,/gps/odometry.pose.pose.position.z,-0.14772562682628632
29.716279967,1782806654.755536924,/gps/odometry.pose.pose.position.z,-0.147764484398067
29.751872349,1782806654.791129306,/gps/odometry.pose.pose.position.z,-0.1477983696386218
29.790334427,1782806654.829591384,/gps/odometry.pose.pose.position.z,-0.1478272881358862
29.824270358,1782806654.863527315,/gps/odometry.pose.pose.position.z,-0.1478512454777956
29.855881154,1782806654.895138111,/gps/odometry.pose.pose.position.z,-0.14787024911493063
29.888189145,1782806654.927446102,/gps/odometry.pose.pose.position.z,-0.14788430463522673
29.921255461,1782806654.960512418,/gps/odometry.pose.pose.position.z,-0.1478934194892645
29.962041993,1782806655.001298950,/gps/odometry.pose.pose.position.z,-0.1478975974023342
29.995981209,1782806655.035238166,/gps/odometry.pose.pose.position.z,-0.1478968495503068
30.028792721,1782806655.068049678,/gps/odometry.pose.pose.position.z,-0.1478911777958274
30.066819815,1782806655.106076772,/gps/odometry.pose.pose.position.z,-0.147880588658154
30.100364456,1782806655.139621413,/gps/odometry.pose.pose.position.z,-0.1478650877252221
30.132354081,1782806655.171611038,/gps/odometry.pose.pose.position.z,-0.14784468244761229
30.16557469,1782806655.204831647,/gps/odometry.pose.pose.position.z,-0.1478193774819374
30.201097656,1782806655.240354613,/gps/odometry.pose.pose.position.z,-0.1477891793474555
30.234430328,1782806655.273687285,/gps/odometry.pose.pose.position.z,-0.1477540908381343
30.268262556,1782806655.307519513,/gps/odometry.pose.pose.position.z,-0.14771412126719952
30.302287756,1782806655.341544713,/gps/odometry.pose.pose.position.z,-0.14766927435994148
30.334123715,1782806655.373380672,/gps/odometry.pose.pose.position.z,-0.14761955384165049
30.373559516,1782806655.412816473,/gps/odometry.pose.pose.position.z,-0.14756496623158455
30.403578434,1782806655.442835391,/gps/odometry.pose.pose.position.z,-0.14750551898032427
30.43661377,1782806655.475870727,/gps/odometry.pose.pose.position.z,-0.14744121301919222
30.477822706,1782806655.517079663,/gps/odometry.pose.pose.position.z,-0.147372055798769
30.507032516,1782806655.546289473,/gps/odometry.pose.pose.position.z,-0.14729805290699005
30.540003006,1782806655.579259963,/gps/odometry.pose.pose.position.z,-0.14721920527517796
30.574917526,1782806655.614174483,/gps/odometry.pose.pose.position.z,-0.14713552128523588
30.60933458,1782806655.648591537,/gps/odometry.pose.pose.position.z,-0.1470470055937767
30.641553072,1782806655.680810029,/gps/odometry.pose.pose.position.z,-0.14695366099476814
30.674682224,1782806655.713939181,/gps/odometry.pose.pose.position.z,-0.14685549307614565
30.711317371,1782806655.750574328,/gps/odometry.pose.pose.position.z,-0.1467525064945221
30.746022963,1782806655.785279920,/gps/odometry.pose.pose.position.z,-0.1466447040438652
30.781077836,1782806655.820334793,/gps/odometry.pose.pose.position.z,-0.14653209038078785
30.814009241,1782806655.853266198,/gps/odometry.pose.pose.position.z,-0.1464146701619029
30.8469576,1782806655.886214557,/gps/odometry.pose.pose.position.z,-0.14629244804382324
30.883049402,1782806655.922306359,/gps/odometry.pose.pose.position.z,-0.1461654268205166
30.916195252,1782806655.955452209,/gps/odometry.pose.pose.position.z,-0.14603361207991838
30.949122631,1782806655.988379588,/gps/odometry.pose.pose.position.z,-0.1458970056846738
30.982054836,1782806656.021311793,/gps/odometry.pose.pose.position.z,-0.1457556113600731
31.016191988,1782806656.055448945,/gps/odometry.pose.pose.position.z,-0.14560943562537432
31.047872103,1782806656.087129060,/gps/odometry.pose.pose.position.z,-0.14545848406851292
31.08227276,1782806656.121529717,/gps/odometry.pose.pose.position.z,-0.14530275762081146
31.117076369,1782806656.156333326,/gps/odometry.pose.pose.position.z,-0.14514226280152798
31.147974183,1782806656.187231140,/gps/odometry.pose.pose.position.z,-0.14497700240463018
31.181266124,1782806656.220523081,/gps/odometry.pose.pose.position.z,-0.14480698481202126
31.214658069,1782806656.253915026,/gps/odometry.pose.pose.position.z,-0.14463221095502377
31.248272248,1782806656.287529205,/gps/odometry.pose.pose.position.z,-0.14445269014686346
31.289997588,1782806656.329254545,/gps/odometry.pose.pose.position.z,-0.14426842331886292
31.323819986,1782806656.363076943,/gps/odometry.pose.pose.position.z,-0.14407941792160273
31.356280766,1782806656.395537723,/gps/odometry.pose.pose.position.z,-0.14388567861169577
31.39044316,1782806656.429700117,/gps/odometry.pose.pose.position.z,-0.14368721283972263
31.426046552,1782806656.465303509,/gps/odometry.pose.pose.position.z,-0.14348402339965105
31.460400646,1782806656.499657603,/gps/odometry.pose.pose.position.z,-0.14327611681073904
31.494152069,1782806656.533409026,/gps/odometry.pose.pose.position.z,-0.14306349866092205
31.528691061,1782806656.567948018,/gps/odometry.pose.pose.position.z,-0.14284617733210325
31.574153835,1782806656.613410792,/gps/odometry.pose.pose.position.z,-0.14263194799423218
31.622366051,1782806656.661623008,/gps/odometry.pose.pose.position.z,-0.14251038152724504
31.656127388,1782806656.695384345,/gps/odometry.pose.pose.position.z,-0.14252216834574938
31.689212467,1782806656.728469424,/gps/odometry.pose.pose.position.z,-0.14270232245326042
31.722605878,1782806656.761862835,/gps/odometry.pose.pose.position.z,-0.14293994661420584
31.755125905,1782806656.794382862,/gps/odometry.pose.pose.position.z,-0.1431734748184681
31.794693618,1782806656.833950575,/gps/odometry.pose.pose.position.z,-0.14340172801166773
31.826658562,1782806656.865915519,/gps/odometry.pose.pose.position.z,-0.1436247145757079
31.859651325,1782806656.898908282,/gps/odometry.pose.pose.position.z,-0.14384245034307241
31.894626653,1782806656.933883610,/gps/odometry.pose.pose.position.z,-0.1440549399703741
31.929220631,1782806656.968477588,/gps/odometry.pose.pose.position.z,-0.1442621946334839
31.964991004,1782806657.004247961,/gps/odometry.pose.pose.position.z,-0.14446422643959522
31.998137164,1782806657.037394121,/gps/odometry.pose.pose.position.z,-0.144661040045321
32.032161392,1782806657.071418349,/gps/odometry.pose.pose.position.z,-0.14485264848917723
32.06581267,1782806657.105069627,/gps/odometry.pose.pose.position.z,-0.14503906201571226
32.102009056,1782806657.141266013,/gps/odometry.pose.pose.position.z,-0.14522028528153896
32.135089429,1782806657.174346386,/gps/odometry.pose.pose.position.z,-0.14539633225649595
32.167998587,1782806657.207255544,/gps/odometry.pose.pose.position.z,-0.14556720945984125
32.201091868,1782806657.240348825,/gps/odometry.pose.pose.position.z,-0.1457329262048006
32.238801976,1782806657.278058933,/gps/odometry.pose.pose.position.z,-0.1458934936672449
32.272439679,1782806657.311696636,/gps/odometry.pose.pose.position.z,-0.14604891650378704
32.306818315,1782806657.346075272,/gps/odometry.pose.pose.position.z,-0.14619920775294304
32.34236969,1782806657.381626647,/gps/odometry.pose.pose.position.z,-0.14634437207132578
32.374866873,1782806657.414123830,/gps/odometry.pose.pose.position.z,-0.14648442156612873
32.409521257,1782806657.448778214,/gps/odometry.pose.pose.position.z,-0.14661936182528734
32.443374175,1782806657.482631132,/gps/odometry.pose.pose.position.z,-0.14674920309334993
32.475134889,1782806657.514391846,/gps/odometry.pose.pose.position.z,-0.1468739528208971
32.508719778,1782806657.547976735,/gps/odometry.pose.pose.position.z,-0.14699361938983202
32.541380019,1782806657.580636976,/gps/odometry.pose.pose.position.z,-0.1471082093194127
32.574413881,1782806657.613670838,/gps/odometry.pose.pose.position.z,-0.1472177328541875
32.607260392,1782806657.646517349,/gps/odometry.pose.pose.position.z,-0.14732219744473696
32.640363042,1782806657.679619999,/gps/odometry.pose.pose.position.z,-0.1474216114729643
32.674707558,1782806657.713964515,/gps/odometry.pose.pose.position.z,-0.1475159814581275
32.71018035,1782806657.749437307,/gps/odometry.pose.pose.position.z,-0.1476053148508072
32.74905504,1782806657.788311997,/gps/odometry.pose.pose.position.z,-0.14768962003290653
32.778000245,1782806657.817257202,/gps/odometry.pose.pose.position.z,-0.14776890352368355
32.810901621,1782806657.850158578,/gps/odometry.pose.pose.position.z,-0.1478431737050414
32.846632798,1782806657.885889755,/gps/odometry.pose.pose.position.z,-0.14791243989020586
32.877027934,1782806657.916284891,/gps/odometry.pose.pose.position.z,-0.14797670301049948
32.910065091,1782806657.949322048,/gps/odometry.pose.pose.position.z,-0.14803597796708345
32.944945925,1782806657.984202882,/gps/odometry.pose.pose.position.z,-0.14809026662260294
32.976298603000004,1782806658.015555560,/gps/odometry.pose.pose.position.z,-0.14813957922160625
33.010095866,1782806658.049352823,/gps/odometry.pose.pose.position.z,-0.14818392042070627
33.0437823,1782806658.083039257,/gps/odometry.pose.pose.position.z,-0.1482232976704836
33.076028638,1782806658.115285595,/gps/odometry.pose.pose.position.z,-0.14825771655887365
33.109081867,1782806658.148338824,/gps/odometry.pose.pose.position.z,-0.14828718733042479
33.145116489,1782806658.184373446,/gps/odometry.pose.pose.position.z,-0.14831171091645956
33.175090398,1782806658.214347355,/gps/odometry.pose.pose.position.z,-0.14833130035549402
33.208060882,1782806658.247317839,/gps/odometry.pose.pose.position.z,-0.14834595751017332
33.24392401,1782806658.283180967,/gps/odometry.pose.pose.position.z,-0.14835568983107805
33.274670677,1782806658.313927634,/gps/odometry.pose.pose.position.z,-0.14836050476878881
33.307652855,1782806658.346909812,/gps/odometry.pose.pose.position.z,-0.14836040884256363
33.340074054,1782806658.379331011,/gps/odometry.pose.pose.position.z,-0.1483554057776928
33.378009689,1782806658.417266646,/gps/odometry.pose.pose.position.z,-0.14834550209343433
33.409195716,1782806658.448452673,/gps/odometry.pose.pose.position.z,-0.148330707103014
33.44203318,1782806658.481290137,/gps/odometry.pose.pose.position.z,-0.14831102173775434
33.487397746,1782806658.526654703,/gps/odometry.pose.pose.position.z,-0.1482864562422037
33.516923105000004,1782806658.556180062,/gps/odometry.pose.pose.position.z,-0.14825701247900724
33.549710222,1782806658.588967179,/gps/odometry.pose.pose.position.z,-0.14822270069271326
33.584356458,1782806658.623613415,/gps/odometry.pose.pose.position.z,-0.14818352181464434
33.622934389,1782806658.662191346,/gps/odometry.pose.pose.position.z,-0.14813948422670364
33.656194562,1782806658.695451519,/gps/odometry.pose.pose.position.z,-0.14809059258550406
33.689341384,1782806658.728598341,/gps/odometry.pose.pose.position.z,-0.1480368496850133
33.726413225,1782806658.765670182,/gps/odometry.pose.pose.position.z,-0.14797826576977968
33.758874591,1782806658.798131548,/gps/odometry.pose.pose.position.z,-0.14791484270244837
33.79565907,1782806658.834916027,/gps/odometry.pose.pose.position.z,-0.1478465860709548
33.829058813,1782806658.868315770,/gps/odometry.pose.pose.position.z,-0.147773502394557
33.861648084,1782806658.900905041,/gps/odometry.pose.pose.position.z,-0.14769559539854527
33.896675449,1782806658.935932406,/gps/odometry.pose.pose.position.z,-0.14761286787688732
33.929931611,1782806658.969188568,/gps/odometry.pose.pose.position.z,-0.14752532728016376
33.962750423,1782806659.002007380,/gps/odometry.pose.pose.position.z,-0.14743297919631004
33.99566201,1782806659.034918967,/gps/odometry.pose.pose.position.z,-0.1473358254879713
34.031567881,1782806659.070824838,/gps/odometry.pose.pose.position.z,-0.14723387081176043
34.064396647,1782806659.103653604,/gps/odometry.pose.pose.position.z,-0.147127122618258
34.09752092,1782806659.136777877,/gps/odometry.pose.pose.position.z,-0.14701558277010918
34.133441894,1782806659.172698851,/gps/odometry.pose.pose.position.z,-0.14689925499260426
34.166209138,1782806659.205466095,/gps/odometry.pose.pose.position.z,-0.14677814580500126
34.20651018,1782806659.245767137,/gps/odometry.pose.pose.position.z,-0.14665225613862276
34.241047748,1782806659.280304705,/gps/odometry.pose.pose.position.z,-0.14652159344404936
34.27376769,1782806659.313024647,/gps/odometry.pose.pose.position.z,-0.14638616237789392
34.307185575,1782806659.346442532,/gps/odometry.pose.pose.position.z,-0.1462459610775113
34.341222033,1782806659.380478990,/gps/odometry.pose.pose.position.z,-0.1461009979248047
34.375939663,1782806659.415196620,/gps/odometry.pose.pose.position.z,-0.14595127664506435
34.407920239,1782806659.447177196,/gps/odometry.pose.pose.position.z,-0.14579680282622576
34.44713216,1782806659.486389117,/gps/odometry.pose.pose.position.z,-0.14563757833093405
34.476758583,1782806659.516015540,/gps/odometry.pose.pose.position.z,-0.1454736078158021
34.509108974,1782806659.548365931,/gps/odometry.pose.pose.position.z,-0.14530489686876535
34.542779515,1782806659.582036472,/gps/odometry.pose.pose.position.z,-0.1451314501464367
34.575682168,1782806659.614939125,/gps/odometry.pose.pose.position.z,-0.14495327230542898
34.608237574,1782806659.647494531,/gps/odometry.pose.pose.position.z,-0.1447703680023551
34.644219769,1782806659.683476726,/gps/odometry.pose.pose.position.z,-0.14458274375647306
34.678530736,1782806659.717787693,/gps/odometry.pose.pose.position.z,-0.14439040422439575
34.71437361,1782806659.753630567,/gps/odometry.pose.pose.position.z,-0.14419335220009089
34.747017406,1782806659.786274363,/gps/odometry.pose.pose.position.z,-0.14399159606546164
34.782123244,1782806659.821380201,/gps/odometry.pose.pose.position.z,-0.14378513861447573
34.815141056,1782806659.854398013,/gps/odometry.pose.pose.position.z,-0.1435739891603589
34.848106139,1782806659.887363096,/gps/odometry.pose.pose.position.z,-0.14335815142840147
34.885165333,1782806659.924422290,/gps/odometry.pose.pose.position.z,-0.1431376300752163
34.9179121,1782806659.957169057,/gps/odometry.pose.pose.position.z,-0.14291243068873882
34.950933823,1782806659.990190780,/gps/odometry.pose.pose.position.z,-0.1426867265254259
34.984457539,1782806660.023714496,/gps/odometry.pose.pose.position.z,-0.14256714843213558
35.016786165,1782806660.056043122,/gps/odometry.pose.pose.position.z,-0.14253603294491768
35.049698711,1782806660.088955668,/gps/odometry.pose.pose.position.z,-0.1426547709852457
35.083071289,1782806660.122328246,/gps/odometry.pose.pose.position.z,-0.14285002276301384
35.115875195,1782806660.155132152,/gps/odometry.pose.pose.position.z,-0.14305496588349342
35.148752985,1782806660.188009942,/gps/odometry.pose.pose.position.z,-0.14325471129268408
35.183334936,1782806660.222591893,/gps/odometry.pose.pose.position.z,-0.14344926085323095
35.214811034,1782806660.254067991,/gps/odometry.pose.pose.position.z,-0.14363863319158554
35.247984634,1782806660.287241591,/gps/odometry.pose.pose.position.z,-0.14382283203303814
35.280761046,1782806660.320018003,/gps/odometry.pose.pose.position.z,-0.14400186762213707
35.315351453,1782806660.354608410,/gps/odometry.pose.pose.position.z,-0.14417574740946293
35.34793185,1782806660.387188807,/gps/odometry.pose.pose.position.z,-0.1443444825708866
35.384733257,1782806660.423990214,/gps/odometry.pose.pose.position.z,-0.1445080814883113
35.415488093,1782806660.454745050,/gps/odometry.pose.pose.position.z,-0.1446665497496724
35.448539515,1782806660.487796472,/gps/odometry.pose.pose.position.z,-0.14481990039348602
35.483018896,1782806660.522275853,/gps/odometry.pose.pose.position.z,-0.14496813900768757
35.514906622,1782806660.554163579,/gps/odometry.pose.pose.position.z,-0.14511127583682537
35.547361771,1782806660.586618728,/gps/odometry.pose.pose.position.z,-0.14524931833148003
35.581679581,1782806660.620936538,/gps/odometry.pose.pose.position.z,-0.14538227301090956
35.617636956,1782806660.656893913,/gps/odometry.pose.pose.position.z,-0.14551015198230743
35.649912856,1782806660.689169813,/gps/odometry.pose.pose.position.z,-0.14563295897096395
35.686133372,1782806660.725390329,/gps/odometry.pose.pose.position.z,-0.14575070515275002
35.71939023,1782806660.758647187,/gps/odometry.pose.pose.position.z,-0.14586339704692364
35.75235736,1782806660.791614317,/gps/odometry.pose.pose.position.z,-0.14597104210406542
35.785073034,1782806660.824329991,/gps/odometry.pose.pose.position.z,-0.1460736496374011
35.818659758,1782806660.857916715,/gps/odometry.pose.pose.position.z,-0.14617122523486614
35.852707471,1782806660.891964428,/gps/odometry.pose.pose.position.z,-0.1462637772783637
35.885560455,1782806660.924817412,/gps/odometry.pose.pose.position.z,-0.14635131508111954
35.91903044,1782806660.958287397,/gps/odometry.pose.pose.position.z,-0.1464338432997465
35.951907006,1782806660.991163963,/gps/odometry.pose.pose.position.z,-0.14651136845350266
35.987159826,1782806661.026416783,/gps/odometry.pose.pose.position.z,-0.146583903580904
36.021995541,1782806661.061252498,/gps/odometry.pose.pose.position.z,-0.14665144961327314
36.055224299,1782806661.094481256,/gps/odometry.pose.pose.position.z,-0.1467140167951584
36.094762774,1782806661.134019731,/gps/odometry.pose.pose.position.z,-0.14677161071449518
36.127669379,1782806661.166926336,/gps/odometry.pose.pose.position.z,-0.1468242397531867
36.161298732,1782806661.200555689,/gps/odometry.pose.pose.position.z,-0.1468719094991684
36.195461974,1782806661.234718931,/gps/odometry.pose.pose.position.z,-0.14691462647169828
36.22930263,1782806661.268559587,/gps/odometry.pose.pose.position.z,-0.14695239905267954
36.261387513,1782806661.300644470,/gps/odometry.pose.pose.position.z,-0.14698523189872503
36.29465389,1782806661.333910847,/gps/odometry.pose.pose.position.z,-0.1470131343230605
36.327376555,1782806661.366633512,/gps/odometry.pose.pose.position.z,-0.1470361091196537
36.363446542,1782806661.402703499,/gps/odometry.pose.pose.position.z,-0.14705416560173035
36.396745286,1782806661.436002243,/gps/odometry.pose.pose.position.z,-0.1470673093572259
36.431891569,1782806661.471148526,/gps/odometry.pose.pose.position.z,-0.14707554504275322
36.464037417,1782806661.503294374,/gps/odometry.pose.pose.position.z,-0.1470788810402155
36.497060143,1782806661.536317100,/gps/odometry.pose.pose.position.z,-0.14707732200622559
36.530458988,1782806661.569715945,/gps/odometry.pose.pose.position.z,-0.1470708753913641
36.563931827,1782806661.603188784,/gps/odometry.pose.pose.position.z,-0.14705954492092133
36.59866411,1782806661.637921067,/gps/odometry.pose.pose.position.z,-0.14704333804547787
36.6351323,1782806661.674389257,/gps/odometry.pose.pose.position.z,-0.14702226035296917
36.666056575,1782806661.705313532,/gps/odometry.pose.pose.position.z,-0.14699631743133068
36.698901064,1782806661.738158021,/gps/odometry.pose.pose.position.z,-0.14696551393717527
36.731970257,1782806661.771227214,/gps/odometry.pose.pose.position.z,-0.14692985825240612
36.76696581,1782806661.806222767,/gps/odometry.pose.pose.position.z,-0.14688935317099094
36.799860962,1782806661.839117919,/gps/odometry.pose.pose.position.z,-0.1468440042808652
36.833136852,1782806661.872393809,/gps/odometry.pose.pose.position.z,-0.14679384976625443
36.865830304,1782806661.905087261,/gps/odometry.pose.pose.position.z,-0.1467394419014454
36.899130824,1782806661.938387781,/gps/odometry.pose.pose.position.z,-0.14668098092079163
36.93204228,1782806661.971299237,/gps/odometry.pose.pose.position.z,-0.14661846309900284
36.966807865,1782806662.006064822,/gps/odometry.pose.pose.position.z,-0.14655189495533705
36.999735278,1782806662.038992235,/gps/odometry.pose.pose.position.z,-0.14648127369582653
37.03268067,1782806662.071937627,/gps/odometry.pose.pose.position.z,-0.14640660397708416
37.069671658,1782806662.108928615,/gps/odometry.pose.pose.position.z,-0.14632788579910994
37.104641546,1782806662.143898503,/gps/odometry.pose.pose.position.z,-0.146245121024549
37.137300772,1782806662.176557729,/gps/odometry.pose.pose.position.z,-0.14615830965340137
37.170449419,1782806662.209706376,/gps/odometry.pose.pose.position.z,-0.14606745075434446
37.206371671,1782806662.245628628,/gps/odometry.pose.pose.position.z,-0.14597254898399115
37.239474241,1782806662.278731198,/gps/odometry.pose.pose.position.z,-0.14587360434234142
37.272759429,1782806662.312016386,/gps/odometry.pose.pose.position.z,-0.14577061589807272
37.306137445,1782806662.345394402,/gps/odometry.pose.pose.position.z,-0.1456635883077979
37.339784372,1782806662.379041329,/gps/odometry.pose.pose.position.z,-0.14555251970887184
37.376547057,1782806662.415804014,/gps/odometry.pose.pose.position.z,-0.14543741010129452
37.411616511,1782806662.450873468,/gps/odometry.pose.pose.position.z,-0.14531826321035624
37.44445653,1782806662.483713487,/gps/odometry.pose.pose.position.z,-0.14519507810473442
37.47737904,1782806662.516635997,/gps/odometry.pose.pose.position.z,-0.14506785478442907
37.510513515,1782806662.549770472,/gps/odometry.pose.pose.position.z,-0.14493659511208534
37.543508585,1782806662.582765542,/gps/odometry.pose.pose.position.z,-0.14480129815638065
37.577289452,1782806662.616546409,/gps/odometry.pose.pose.position.z,-0.14466196671128273
37.611959564,1782806662.651216521,/gps/odometry.pose.pose.position.z,-0.14451860263943672
37.643602962,1782806662.682859919,/gps/odometry.pose.pose.position.z,-0.14437120594084263
37.676176498,1782806662.715433455,/gps/odometry.pose.pose.position.z,-0.14421977754682302
37.711570649,1782806662.750827606,/gps/odometry.pose.pose.position.z,-0.14406432025134563
37.744270229,1782806662.783527186,/gps/odometry.pose.pose.position.z,-0.1439048359170556
37.77923911,1782806662.818496067,/gps/odometry.pose.pose.position.z,-0.14374132361263037
37.812980781,1782806662.852237738,/gps/odometry.pose.pose.position.z,-0.1435737879946828
37.848390572,1782806662.887647529,/gps/odometry.pose.pose.position.z,-0.14340223092585802
37.884521974,1782806662.923778931,/gps/odometry.pose.pose.position.z,-0.14322665333747864
37.919776338,1782806662.959033295,/gps/odometry.pose.pose.position.z,-0.14304705802351236
37.952567128,1782806662.991824085,/gps/odometry.pose.pose.position.z,-0.1428634487092495
37.985377256,1782806663.024634213,/gps/odometry.pose.pose.position.z,-0.14268058817833662
38.019686549,1782806663.058943506,/gps/odometry.pose.pose.position.z,-0.14257370121777058
38.051789845,1782806663.091046802,/gps/odometry.pose.pose.position.z,-0.1426492789760232
38.084582842,1782806663.123839799,/gps/odometry.pose.pose.position.z,-0.14289821311831474
38.117518796,1782806663.156775753,/gps/odometry.pose.pose.position.z,-0.14316869713366032
38.152284949,1782806663.191541906,/gps/odometry.pose.pose.position.z,-0.14343455526977777
38.185843781,1782806663.225100738,/gps/odometry.pose.pose.position.z,-0.14369579683989286
38.218224511,1782806663.257481468,/gps/odometry.pose.pose.position.z,-0.14395242650061846
38.251624725,1782806663.290881682,/gps/odometry.pose.pose.position.z,-0.14420445542782545
38.284211721,1782806663.323468678,/gps/odometry.pose.pose.position.z,-0.14445189479738474
38.317470914,1782806663.356727871,/gps/odometry.pose.pose.position.z,-0.14469474833458662
38.354415043,1782806663.393672000,/gps/odometry.pose.pose.position.z,-0.144933027215302
38.39001968,1782806663.429276637,/gps/odometry.pose.pose.position.z,-0.14516673982143402
38.42421013,1782806663.463467087,/gps/odometry.pose.pose.position.z,-0.1453958936035633
38.456875482,1782806663.496132439,/gps/odometry.pose.pose.position.z,-0.14562049508094788
38.489874802,1782806663.529131759,/gps/odometry.pose.pose.position.z,-0.14584055729210377
38.52341641,1782806663.562673367,/gps/odometry.pose.pose.position.z,-0.1460560830309987
38.559845029,1782806663.599101986,/gps/odometry.pose.pose.position.z,-0.1462670834735036
38.591411956,1782806663.630668913,/gps/odometry.pose.pose.position.z,-0.1464735670015216
38.624678387,1782806663.663935344,/gps/odometry.pose.pose.position.z,-0.14667553920298815
38.664947263,1782806663.704204220,/gps/odometry.pose.pose.position.z,-0.14687300939112902
38.697427547,1782806663.736684504,/gps/odometry.pose.pose.position.z,-0.14706598594784737
38.731649729,1782806663.770906686,/gps/odometry.pose.pose.position.z,-0.14725447725504637
38.766186913,1782806663.805443870,/gps/odometry.pose.pose.position.z,-0.1474384879693389
38.799093466,1782806663.838350423,/gps/odometry.pose.pose.position.z,-0.147618031129241
38.832114653,1782806663.871371610,/gps/odometry.pose.pose.position.z,-0.14779310673475266
38.8661435,1782806663.905400457,/gps/odometry.pose.pose.position.z,-0.14796372968703508
38.900960624,1782806663.940217581,/gps/odometry.pose.pose.position.z,-0.14812990184873343
38.933536748,1782806663.972793705,/gps/odometry.pose.pose.position.z,-0.14829163532704115
38.970551199,1782806664.009808156,/gps/odometry.pose.pose.position.z,-0.1484489319846034
39.004144087,1782806664.043401044,/gps/odometry.pose.pose.position.z,-0.1486018057912588
39.036444056,1782806664.075701013,/gps/odometry.pose.pose.position.z,-0.14875026047229767
39.078216571,1782806664.117473528,/gps/odometry.pose.pose.position.z,-0.1488942988216877
39.111261926,1782806664.150518883,/gps/odometry.pose.pose.position.z,-0.1490339357405901
39.144410753,1782806664.183667710,/gps/odometry.pose.pose.position.z,-0.14916917122900486
39.184343618,1782806664.223600575,/gps/odometry.pose.pose.position.z,-0.1493000164628029
39.218241023,1782806664.257497980,/gps/odometry.pose.pose.position.z,-0.14942647889256477
39.25112196,1782806664.290378917,/gps/odometry.pose.pose.position.z,-0.14954856224358082
39.284484788,1782806664.323741745,/gps/odometry.pose.pose.position.z,-0.14966627396643162
39.317311164,1782806664.356568121,/gps/odometry.pose.pose.position.z,-0.14977962151169777
39.350987806,1782806664.390244763,/gps/odometry.pose.pose.position.z,-0.14988860860466957
39.38507644,1782806664.424333397,/gps/odometry.pose.pose.position.z,-0.14999324548989534
39.418409139,1782806664.457666096,/gps/odometry.pose.pose.position.z,-0.1500935358926654
39.451295342,1782806664.490552299,/gps/odometry.pose.pose.position.z,-0.15018948540091515
39.487297651,1782806664.526554608,/gps/odometry.pose.pose.position.z,-0.15028110425919294
39.526116184,1782806664.565373141,/gps/odometry.pose.pose.position.z,-0.15036839339882135
39.558132055,1782806664.597389012,/gps/odometry.pose.pose.position.z,-0.15045136120170355
39.591063844,1782806664.630320801,/gps/odometry.pose.pose.position.z,-0.15053001139312983
39.624646172,1782806664.663903129,/gps/odometry.pose.pose.position.z,-0.1506043542176485
39.65698423,1782806664.696241187,/gps/odometry.pose.pose.position.z,-0.1506743896752596
39.690042837,1782806664.729299794,/gps/odometry.pose.pose.position.z,-0.15074012614786625
39.723505811,1782806664.762762768,/gps/odometry.pose.pose.position.z,-0.15080157108604908
39.756323032,1782806664.795579989,/gps/odometry.pose.pose.position.z,-0.15085872448980808
39.78901597,1782806664.828272927,/gps/odometry.pose.pose.position.z,-0.15091159753501415
39.822456027,1782806664.861712984,/gps/odometry.pose.pose.position.z,-0.15096019208431244
39.855188637,1782806664.894445594,/gps/odometry.pose.pose.position.z,-0.15100451279431581
39.887916242,1782806664.927173199,/gps/odometry.pose.pose.position.z,-0.15104456432163715
39.924472298,1782806664.963729255,/gps/odometry.pose.pose.position.z,-0.15108035132288933
39.957361127,1782806664.996618084,/gps/odometry.pose.pose.position.z,-0.15111188311129808
39.989759392,1782806665.029016349,/gps/odometry.pose.pose.position.z,-0.15113915875554085
40.022575009,1782806665.061831966,/gps/odometry.pose.pose.position.z,-0.15116218570619822
40.05695981,1782806665.096216767,/gps/odometry.pose.pose.position.z,-0.15118096582591534
40.090446431,1782806665.129703388,/gps/odometry.pose.pose.position.z,-0.15119550749659538
40.12407681,1782806665.163333767,/gps/odometry.pose.pose.position.z,-0.15120581071823835
40.156863314,1782806665.196120271,/gps/odometry.pose.pose.position.z,-0.15121188201010227
40.189633053,1782806665.228890010,/gps/odometry.pose.pose.position.z,-0.15121372416615486
40.222725769,1782806665.261982726,/gps/odometry.pose.pose.position.z,-0.15121134091168642
40.256196126,1782806665.295453083,/gps/odometry.pose.pose.position.z,-0.1512047378346324
40.288509647,1782806665.327766604,/gps/odometry.pose.pose.position.z,-0.15119391772896051
40.323573611,1782806665.362830568,/gps/odometry.pose.pose.position.z,-0.1511788833886385
40.358552247,1782806665.397809204,/gps/odometry.pose.pose.position.z,-0.15115963853895664
40.389728705,1782806665.428985662,/gps/odometry.pose.pose.position.z,-0.15113618690520525
40.423047497,1782806665.462304454,/gps/odometry.pose.pose.position.z,-0.1511085331439972
40.457193441,1782806665.496450398,/gps/odometry.pose.pose.position.z,-0.15107667725533247
40.48872167,1782806665.527978627,/gps/odometry.pose.pose.position.z,-0.15104062482714653
40.525268548,1782806665.564525505,/gps/odometry.pose.pose.position.z,-0.15100037585943937
40.558075046,1782806665.597332003,/gps/odometry.pose.pose.position.z,-0.15095593594014645
40.594654431,1782806665.633911388,/gps/odometry.pose.pose.position.z,-0.15090730879455805
40.628066374,1782806665.667323331,/gps/odometry.pose.pose.position.z,-0.15085449256002903
40.661659381,1782806665.700916338,/gps/odometry.pose.pose.position.z,-0.15079749282449484
40.69372649,1782806665.732983447,/gps/odometry.pose.pose.position.z,-0.15073631145060062
40.726896722,1782806665.766153679,/gps/odometry.pose.pose.position.z,-0.1506709512323141
40.759586958,1782806665.798843915,/gps/odometry.pose.pose.position.z,-0.15060141310095787
40.792999139,1782806665.832256096,/gps/odometry.pose.pose.position.z,-0.15052769985049963
40.83258545,1782806665.871842407,/gps/odometry.pose.pose.position.z,-0.15044981241226196
40.866595248,1782806665.905852205,/gps/odometry.pose.pose.position.z,-0.15036775451153517
40.899600136000004,1782806665.938857093,/gps/odometry.pose.pose.position.z,-0.1502815280109644
40.933118274,1782806665.972375231,/gps/odometry.pose.pose.position.z,-0.1501911347731948
40.965659942,1782806666.004916899,/gps/odometry.pose.pose.position.z,-0.15009657945483923
40.99867393,1782806666.037930887,/gps/odometry.pose.pose.position.z,-0.14999786112457514
41.034993798,1782806666.074250755,/gps/odometry.pose.pose.position.z,-0.1498949835076928
41.068155732,1782806666.107412689,/gps/odometry.pose.pose.position.z,-0.1497879521921277
41.104120655,1782806666.143377612,/gps/odometry.pose.pose.position.z,-0.14967676624655724
41.136008055,1782806666.175265012,/gps/odometry.pose.pose.position.z,-0.1495614293962717
41.169197057,1782806666.208454014,/gps/odometry.pose.pose.position.z,-0.149441946297884
41.203409042,1782806666.242665999,/gps/odometry.pose.pose.position.z,-0.1493183197453618
41.235320506,1782806666.274577463,/gps/odometry.pose.pose.position.z,-0.14919055067002773
41.268754152,1782806666.308011109,/gps/odometry.pose.pose.position.z,-0.1490586418658495
41.301740909,1782806666.340997866,/gps/odometry.pose.pose.position.z,-0.14892260171473026
41.335832178,1782806666.375089135,/gps/odometry.pose.pose.position.z,-0.14878242928534746
41.372141429,1782806666.411398386,/gps/odometry.pose.pose.position.z,-0.14863812923431396
41.404884585,1782806666.444141542,/gps/odometry.pose.pose.position.z,-0.14848970342427492
41.439107015,1782806666.478363972,/gps/odometry.pose.pose.position.z,-0.14833715930581093
41.472094045,1782806666.511351002,/gps/odometry.pose.pose.position.z,-0.1481804959475994
41.505167861,1782806666.544424818,/gps/odometry.pose.pose.position.z,-0.1480197198688984
41.538054838,1782806666.577311795,/gps/odometry.pose.pose.position.z,-0.14785483665764332
41.571020988,1782806666.610277945,/gps/odometry.pose.pose.position.z,-0.1476858463138342
41.606053498,1782806666.645310455,/gps/odometry.pose.pose.position.z,-0.1475127562880516
41.637179555,1782806666.676436512,/gps/odometry.pose.pose.position.z,-0.1473355684429407
41.670045786,1782806666.709302743,/gps/odometry.pose.pose.position.z,-0.14715428836643696
41.703058812,1782806666.742315769,/gps/odometry.pose.pose.position.z,-0.14696891885250807
41.736140543,1782806666.775397500,/gps/odometry.pose.pose.position.z,-0.14677946642041206
41.769200765,1782806666.808457722,/gps/odometry.pose.pose.position.z,-0.1465859329327941
41.80206703,1782806666.841323987,/gps/odometry.pose.pose.position.z,-0.1463883239775896
41.836613169,1782806666.875870126,/gps/odometry.pose.pose.position.z,-0.14618664514273405
41.869180556,1782806666.908437513,/gps/odometry.pose.pose.position.z,-0.14598090015351772
41.902391777,1782806666.941648734,/gps/odometry.pose.pose.position.z,-0.14577109273523092
41.935809264,1782806666.975066221,/gps/odometry.pose.pose.position.z,-0.14555723033845425
41.971992351,1782806667.011249308,/gps/odometry.pose.pose.position.z,-0.145339316688478
42.00454268,1782806667.043799637,/gps/odometry.pose.pose.position.z,-0.14511735551059246
42.038863703,1782806667.078120660,/gps/odometry.pose.pose.position.z,-0.14489135425537825
42.070538272,1782806667.109795229,/gps/odometry.pose.pose.position.z,-0.1446613147854805
42.103589222,1782806667.142846179,/gps/odometry.pose.pose.position.z,-0.1444272454828024
42.136980726,1782806667.176237683,/gps/odometry.pose.pose.position.z,-0.14418915007263422
42.170693707,1782806667.209950664,/gps/odometry.pose.pose.position.z,-0.14394703414291143
42.202493619,1782806667.241750576,/gps/odometry.pose.pose.position.z,-0.14370090328156948
42.235458937,1782806667.274715894,/gps/odometry.pose.pose.position.z,-0.14345076214522123
42.269002749,1782806667.308259706,/gps/odometry.pose.pose.position.z,-0.14319661725312471
42.301908757,1782806667.341165714,/gps/odometry.pose.pose.position.z,-0.14293847512453794
42.334872771,1782806667.374129728,/gps/odometry.pose.pose.position.z,-0.1426769383251667
42.3677735,1782806667.407030457,/gps/odometry.pose.pose.position.z,-0.14253248274326324
42.40047646,1782806667.439733417,/gps/odometry.pose.pose.position.z,-0.14255231153219938
42.434860044,1782806667.474117001,/gps/odometry.pose.pose.position.z,-0.1427465956658125
42.468631422,1782806667.507888379,/gps/odometry.pose.pose.position.z,-0.14304378349334002
42.500940441,1782806667.540197398,/gps/odometry.pose.pose.position.z,-0.14333628956228495
42.533807947,1782806667.573064904,/gps/odometry.pose.pose.position.z,-0.14362412225455046
42.569516369,1782806667.608773326,/gps/odometry.pose.pose.position.z,-0.14390729181468487
42.60405317,1782806667.643310127,/gps/odometry.pose.pose.position.z,-0.14418580755591393
42.637452306,1782806667.676709263,/gps/odometry.pose.pose.position.z,-0.14445967692881823
42.673537014,1782806667.712793971,/gps/odometry.pose.pose.position.z,-0.14472891110926867
42.705814151,1782806667.745071108,/gps/odometry.pose.pose.position.z,-0.14499351661652327
42.738723423,1782806667.777980380,/gps/odometry.pose.pose.position.z,-0.14525350276380777
42.772000972,1782806667.811257929,/gps/odometry.pose.pose.position.z,-0.14550887700170279
42.80461014,1782806667.843867097,/gps/odometry.pose.pose.position.z,-0.14575965143740177
42.838249307,1782806667.877506264,/gps/odometry.pose.pose.position.z,-0.14600582886487246
42.871029041,1782806667.910285998,/gps/odometry.pose.pose.position.z,-0.14624742232263088
42.903678452,1782806667.942935409,/gps/odometry.pose.pose.position.z,-0.14648443646728992
42.941322566,1782806667.980579523,/gps/odometry.pose.pose.position.z,-0.14671688247472048
42.977256001,1782806668.016512958,/gps/odometry.pose.pose.position.z,-0.14694476500153542
43.012037643,1782806668.051294600,/gps/odometry.pose.pose.position.z,-0.14716809149831533
43.045352672,1782806668.084609629,/gps/odometry.pose.pose.position.z,-0.14738687220960855
43.078800561,1782806668.118057518,/gps/odometry.pose.pose.position.z,-0.14760111458599567
43.115067874,1782806668.154324831,/gps/odometry.pose.pose.position.z,-0.14781082514673471
43.147695974,1782806668.186952931,/gps/odometry.pose.pose.position.z,-0.14801600854843855
43.183730603,1782806668.222987560,/gps/odometry.pose.pose.position.z,-0.1482166750356555
43.215145864,1782806668.254402821,/gps/odometry.pose.pose.position.z,-0.148412830196321
43.247974838,1782806668.287231795,/gps/odometry.pose.pose.position.z,-0.1486044805496931
43.281971712,1782806668.321228669,/gps/odometry.pose.pose.position.z,-0.14879163540899754
43.31442485,1782806668.353681807,/gps/odometry.pose.pose.position.z,-0.14897429943084717
43.346976332,1782806668.386233289,/gps/odometry.pose.pose.position.z,-0.14915247820317745
43.379888132,1782806668.419145089,/gps/odometry.pose.pose.position.z,-0.14932617917656898
43.413238271,1782806668.452495228,/gps/odometry.pose.pose.position.z,-0.14949541073292494
43.447446122,1782806668.486703079,/gps/odometry.pose.pose.position.z,-0.14966017566621304
43.480223134,1782806668.519480091,/gps/odometry.pose.pose.position.z,-0.14982048142701387
43.513291498,1782806668.552548455,/gps/odometry.pose.pose.position.z,-0.14997633546590805
43.546610364,1782806668.585867321,/gps/odometry.pose.pose.position.z,-0.15012773964554071
43.579625128,1782806668.618882085,/gps/odometry.pose.pose.position.z,-0.15027470514178276
43.612377013,1782806668.651633970,/gps/odometry.pose.pose.position.z,-0.15041723288595676
43.645258213,1782806668.684515170,/gps/odometry.pose.pose.position.z,-0.15055533032864332
43.678433082,1782806668.717690039,/gps/odometry.pose.pose.position.z,-0.15068900398910046
43.711548164,1782806668.750805121,/gps/odometry.pose.pose.position.z,-0.1508182566612959
43.744101081,1782806668.783358038,/gps/odometry.pose.pose.position.z,-0.15094309765845537
43.777424778,1782806668.816681735,/gps/odometry.pose.pose.position.z,-0.15106352884322405
43.811085584,1782806668.850342541,/gps/odometry.pose.pose.position.z,-0.1511795548722148
43.843496597,1782806668.882753554,/gps/odometry.pose.pose.position.z,-0.15129118133336306
43.876263743,1782806668.915520700,/gps/odometry.pose.pose.position.z,-0.15139841567724943
43.911779409,1782806668.951036366,/gps/odometry.pose.pose.position.z,-0.1515012588351965
43.942302432,1782806668.981559389,/gps/odometry.pose.pose.position.z,-0.1515997163951397
43.975388063,1782806669.014645020,/gps/odometry.pose.pose.position.z,-0.1516937930136919
44.008256074,1782806669.047513031,/gps/odometry.pose.pose.position.z,-0.15178349521011114
44.041300933,1782806669.080557890,/gps/odometry.pose.pose.position.z,-0.15186882484704256
44.074297547,1782806669.113554504,/gps/odometry.pose.pose.position.z,-0.1519497875124216
44.107102092,1782806669.146359049,/gps/odometry.pose.pose.position.z,-0.15202638413757086
44.140291242,1782806669.179548199,/gps/odometry.pose.pose.position.z,-0.1520986221730709
44.173125782,1782806669.212382739,/gps/odometry.pose.pose.position.z,-0.15216650627553463
44.205974533,1782806669.245231490,/gps/odometry.pose.pose.position.z,-0.15223003644496202
44.240340221,1782806669.279597178,/gps/odometry.pose.pose.position.z,-0.15228921920061111
44.273766821,1782806669.313023778,/gps/odometry.pose.pose.position.z,-0.15234405547380447
44.308620328,1782806669.347877285,/gps/odometry.pose.pose.position.z,-0.1523945527151227
44.341539273,1782806669.380796230,/gps/odometry.pose.pose.position.z,-0.15244070999324322
44.374001117,1782806669.413258074,/gps/odometry.pose.pose.position.z,-0.15248253289610147
44.407245208,1782806669.446502165,/gps/odometry.pose.pose.position.z,-0.15252002514898777
44.440511353,1782806669.479768310,/gps/odometry.pose.pose.position.z,-0.15255318954586983
44.474969724,1782806669.514226681,/gps/odometry.pose.pose.position.z,-0.1525820279493928
44.50758391,1782806669.546840867,/gps/odometry.pose.pose.position.z,-0.15260654222220182
44.541452819,1782806669.580709776,/gps/odometry.pose.pose.position.z,-0.15262673888355494
44.573603488,1782806669.612860445,/gps/odometry.pose.pose.position.z,-0.15264261607080698
44.606636679,1782806669.645893636,/gps/odometry.pose.pose.position.z,-0.15265418030321598
44.639932988,1782806669.679189945,/gps/odometry.pose.pose.position.z,-0.15266143158078194
44.672476497,1782806669.711733454,/gps/odometry.pose.pose.position.z,-0.15266437176615
44.705532991,1782806669.744789948,/gps/odometry.pose.pose.position.z,-0.15266300737857819
44.738676015,1782806669.777932972,/gps/odometry.pose.pose.position.z,-0.15265733748674393
44.775859909,1782806669.815116866,/gps/odometry.pose.pose.position.z,-0.15264736209064722
44.808835538,1782806669.848092495,/gps/odometry.pose.pose.position.z,-0.1526330877095461
44.841860088,1782806669.881117045,/gps/odometry.pose.pose.position.z,-0.15261451248079538
44.879680435,1782806669.918937392,/gps/odometry.pose.pose.position.z,-0.15259164106100798
44.912460996,1782806669.951717953,/gps/odometry.pose.pose.position.z,-0.15256447531282902
44.945473472,1782806669.984730429,/gps/odometry.pose.pose.position.z,-0.1525330152362585
44.979089082,1782806670.018346039,/gps/odometry.pose.pose.position.z,-0.1524972664192319
45.013838927,1782806670.053095884,/gps/odometry.pose.pose.position.z,-0.15245723072439432
45.048097833,1782806670.087354790,/gps/odometry.pose.pose.position.z,-0.1524129081517458
45.079864972,1782806670.119121929,/gps/odometry.pose.pose.position.z,-0.1523643033578992
45.112838935,1782806670.152095892,/gps/odometry.pose.pose.position.z,-0.15231142099946737
45.145838097,1782806670.185095054,/gps/odometry.pose.pose.position.z,-0.15225426107645035
45.179082823,1782806670.218339780,/gps/odometry.pose.pose.position.z,-0.152192828245461
45.214990345,1782806670.254247302,/gps/odometry.pose.pose.position.z,-0.15212712343782187
45.2479028,1782806670.287159757,/gps/odometry.pose.pose.position.z,-0.152057153172791
45.287787199,1782806670.327044156,/gps/odometry.pose.pose.position.z,-0.15198291838169098
45.320284676,1782806670.359541633,/gps/odometry.pose.pose.position.z,-0.15190442372113466
45.354075695,1782806670.393332652,/gps/odometry.pose.pose.position.z,-0.15182167291641235
45.38851459,1782806670.427771547,/gps/odometry.pose.pose.position.z,-0.15173466876149178
45.419399932,1782806670.458656889,/gps/odometry.pose.pose.position.z,-0.15164341498166323
45.452711406,1782806670.491968363,/gps/odometry.pose.pose.position.z,-0.15154791437089443
45.485660687,1782806670.524917644,/gps/odometry.pose.pose.position.z,-0.151448174379766
45.521277783,1782806670.560534740,/gps/odometry.pose.pose.position.z,-0.1513441950082779
45.553956145,1782806670.593213102,/gps/odometry.pose.pose.position.z,-0.15123598463833332
45.590208858,1782806670.629465815,/gps/odometry.pose.pose.position.z,-0.15112354326993227
45.620203926,1782806670.659460883,/gps/odometry.pose.pose.position.z,-0.15100687742233276
45.653135493,1782806670.692392450,/gps/odometry.pose.pose.position.z,-0.15088599175214767
45.686936377,1782806670.726193334,/gps/odometry.pose.pose.position.z,-0.15076088812202215
45.72087058,1782806670.760127537,/gps/odometry.pose.pose.position.z,-0.1506315739825368
45.753864544,1782806670.793121501,/gps/odometry.pose.pose.position.z,-0.15049805585294962
45.790989524,1782806670.830246481,/gps/odometry.pose.pose.position.z,-0.15036033187061548
45.825204943,1782806670.864461900,/gps/odometry.pose.pose.position.z,-0.15021841414272785
45.857002933,1782806670.896259890,/gps/odometry.pose.pose.position.z,-0.15007230266928673
45.8900792,1782806670.929336157,/gps/odometry.pose.pose.position.z,-0.14992200676351786
45.923312353,1782806670.962569310,/gps/odometry.pose.pose.position.z,-0.14976752642542124
45.957380608,1782806670.996637565,/gps/odometry.pose.pose.position.z,-0.14960887096822262
45.99036393,1782806671.029620887,/gps/odometry.pose.pose.position.z,-0.1494460441172123
46.024653168,1782806671.063910125,/gps/odometry.pose.pose.position.z,-0.1492790523916483
46.059143506,1782806671.098400463,/gps/odometry.pose.pose.position.z,-0.1491078995168209
46.091960565,1782806671.131217522,/gps/odometry.pose.pose.position.z,-0.14893259294331074
46.127969042,1782806671.167225999,/gps/odometry.pose.pose.position.z,-0.14875313732773066
46.16678773,1782806671.206044687,/gps/odometry.pose.pose.position.z,-0.1485695382580161
46.199936073,1782806671.239193030,/gps/odometry.pose.pose.position.z,-0.1483818031847477
46.233757781,1782806671.273014738,/gps/odometry.pose.pose.position.z,-0.14818993397057056
46.267855512,1782806671.307112469,/gps/odometry.pose.pose.position.z,-0.14799394272267818
46.303910345,1782806671.343167302,/gps/odometry.pose.pose.position.z,-0.1477938313037157
46.338139545,1782806671.377396502,/gps/odometry.pose.pose.position.z,-0.14758960530161858
46.377133479,1782806671.416390436,/gps/odometry.pose.pose.position.z,-0.1473812758922577
46.410018451,1782806671.449275408,/gps/odometry.pose.pose.position.z,-0.14716884307563305
46.442941378,1782806671.482198335,/gps/odometry.pose.pose.position.z,-0.14695231709629297
46.477063792,1782806671.516320749,/gps/odometry.pose.pose.position.z,-0.14673170447349548
46.510241472,1782806671.549498429,/gps/odometry.pose.pose.position.z,-0.14650701265782118
46.543373959,1782806671.582630916,/gps/odometry.pose.pose.position.z,-0.14627824444323778
46.576686162,1782806671.615943119,/gps/odometry.pose.pose.position.z,-0.1460454100742936
46.610620808,1782806671.649877765,/gps/odometry.pose.pose.position.z,-0.14580851327627897
46.65144964,1782806671.690706597,/gps/odometry.pose.pose.position.z,-0.14556756522506475
46.684817516,1782806671.724074473,/gps/odometry.pose.pose.position.z,-0.14532256871461868
46.717649844,1782806671.756906801,/gps/odometry.pose.pose.position.z,-0.14507353585213423
46.750677104,1782806671.789934061,/gps/odometry.pose.pose.position.z,-0.14482046756893396
46.788975869,1782806671.828232826,/gps/odometry.pose.pose.position.z,-0.14456337597221136
46.822308707,1782806671.861565664,/gps/odometry.pose.pose.position.z,-0.14430226478725672
46.856130571,1782806671.895387528,/gps/odometry.pose.pose.position.z,-0.14403714425861835
46.896954482,1782806671.936211439,/gps/odometry.pose.pose.position.z,-0.1437680209055543
46.927588911,1782806671.966845868,/gps/odometry.pose.pose.position.z,-0.14349490217864513
46.962937885,1782806672.002194842,/gps/odometry.pose.pose.position.z,-0.1432177945971489
46.996031471,1782806672.035288428,/gps/odometry.pose.pose.position.z,-0.14293670933693647
47.033103602,1782806672.072360559,/gps/odometry.pose.pose.position.z,-0.14265701174736023
47.065928499,1782806672.105185456,/gps/odometry.pose.pose.position.z,-0.14244440477341413
47.10533565,1782806672.144592607,/gps/odometry.pose.pose.position.z,-0.1423817491158843
47.137116778,1782806672.176373735,/gps/odometry.pose.pose.position.z,-0.1424535783007741
47.169854341,1782806672.209111298,/gps/odometry.pose.pose.position.z,-0.14274763967841864
47.204484245,1782806672.243741202,/gps/odometry.pose.pose.position.z,-0.1431061001494527
47.236178394,1782806672.275435351,/gps/odometry.pose.pose.position.z,-0.1434597559273243
47.269298005,1782806672.308554962,/gps/odometry.pose.pose.position.z,-0.14380861818790436
47.306514899,1782806672.345771856,/gps/odometry.pose.pose.position.z,-0.14415269810706377
47.34424309,1782806672.383500047,/gps/odometry.pose.pose.position.z,-0.1444920040667057
47.375956769,1782806672.415213726,/gps/odometry.pose.pose.position.z,-0.14482654724270105
47.408819526,1782806672.448076483,/gps/odometry.pose.pose.position.z,-0.14515633787959814
47.444610177,1782806672.483867134,/gps/odometry.pose.pose.position.z,-0.14548138342797756
47.478969176,1782806672.518226133,/gps/odometry.pose.pose.position.z,-0.1458016950637102
47.514558223,1782806672.553815180,/gps/odometry.pose.pose.position.z,-0.1461172802373767
47.545294365,1782806672.584551322,/gps/odometry.pose.pose.position.z,-0.14642814919352531
47.578252202,1782806672.617509159,/gps/odometry.pose.pose.position.z,-0.14673431124538183
47.611213405,1782806672.650470362,/gps/odometry.pose.pose.position.z,-0.14703577756881714
47.645189998,1782806672.684446955,/gps/odometry.pose.pose.position.z,-0.14733255002647638
47.677426712,1782806672.716683669,/gps/odometry.pose.pose.position.z,-0.14762464351952076
47.713477814,1782806672.752734771,/gps/odometry.pose.pose.position.z,-0.14791206363588572
47.746873557,1782806672.786130514,/gps/odometry.pose.pose.position.z,-0.14819482062011957
47.779460686,1782806672.818717643,/gps/odometry.pose.pose.position.z,-0.14847292006015778
47.813357686,1782806672.852614643,/gps/odometry.pose.pose.position.z,-0.1487463703379035
47.852650972,1782806672.891907929,/gps/odometry.pose.pose.position.z,-0.1490151835605502
47.884142078,1782806672.923399035,/gps/odometry.pose.pose.position.z,-0.14927936252206564
47.921250867,1782806672.960507824,/gps/odometry.pose.pose.position.z,-0.14953891653567553
47.957873107,1782806672.997130064,/gps/odometry.pose.pose.position.z,-0.14979385398328304
47.987563834,1782806673.026820791,/gps/odometry.pose.pose.position.z,-0.15004418045282364
48.020397971,1782806673.059654928,/gps/odometry.pose.pose.position.z,-0.15028990525752306
48.059450587,1782806673.098707544,/gps/odometry.pose.pose.position.z,-0.15053103398531675
48.093937803,1782806673.133194760,/gps/odometry.pose.pose.position.z,-0.15076757408678532
48.126862094,1782806673.166119051,/gps/odometry.pose.pose.position.z,-0.15099953394383192
48.16403779,1782806673.203294747,/gps/odometry.pose.pose.position.z,-0.15122691821306944
48.19255453,1782806673.231811487,/gps/odometry.pose.pose.position.z,-0.1514497334137559
48.226043551,1782806673.265300508,/gps/odometry.pose.pose.position.z,-0.15166798792779446
48.258888532,1782806673.298145489,/gps/odometry.pose.pose.position.z,-0.151881686411798
48.295767670000004,1782806673.335024627,/gps/odometry.pose.pose.position.z,-0.1520908372476697
48.32881126,1782806673.368068217,/gps/odometry.pose.pose.position.z,-0.15229544509202242
48.362592527,1782806673.401849484,/gps/odometry.pose.pose.position.z,-0.1524955164641142
48.403525481,1782806673.442782438,/gps/odometry.pose.pose.position.z,-0.15269105602055788
48.436313409,1782806673.475570366,/gps/odometry.pose.pose.position.z,-0.1528820712119341
48.471597282,1782806673.510854239,/gps/odometry.pose.pose.position.z,-0.1530685666948557
48.502733832,1782806673.541990789,/gps/odometry.pose.pose.position.z,-0.15325054805725813
48.53664872,1782806673.575905677,/gps/odometry.pose.pose.position.z,-0.15342802181839943
48.569578489,1782806673.608835446,/gps/odometry.pose.pose.position.z,-0.15360099356621504
48.602529656,1782806673.641786613,/gps/odometry.pose.pose.position.z,-0.15376946609467268
48.635503533,1782806673.674760490,/gps/odometry.pose.pose.position.z,-0.15393344778567553
48.668521555,1782806673.707778512,/gps/odometry.pose.pose.position.z,-0.15409293957054615
48.704697216,1782806673.743954173,/gps/odometry.pose.pose.position.z,-0.15424795169383287
48.739450359,1782806673.778707316,/gps/odometry.pose.pose.position.z,-0.15439848322421312
48.77157375,1782806673.810830707,/gps/odometry.pose.pose.position.z,-0.15454454347491264
48.805646408,1782806673.844903365,/gps/odometry.pose.pose.position.z,-0.15468613523989916
48.838654008,1782806673.877910965,/gps/odometry.pose.pose.position.z,-0.15482326317578554
48.872693216,1782806673.911950173,/gps/odometry.pose.pose.position.z,-0.15495592914521694
48.910211412,1782806673.949468369,/gps/odometry.pose.pose.position.z,-0.15508414153009653
48.939697697,1782806673.978954654,/gps/odometry.pose.pose.position.z,-0.15520790312439203
48.972679019,1782806674.011935976,/gps/odometry.pose.pose.position.z,-0.15532721485942602
49.006067885,1782806674.045324842,/gps/odometry.pose.pose.position.z,-0.1554420841857791
49.040150365,1782806674.079407322,/gps/odometry.pose.pose.position.z,-0.15555251576006413
49.073684831,1782806674.112941788,/gps/odometry.pose.pose.position.z,-0.1556585105136037
49.106278243,1782806674.145535200,/gps/odometry.pose.pose.position.z,-0.1557600712403655
49.139722771,1782806674.178979728,/gps/odometry.pose.pose.position.z,-0.15585720539093018
49.172316177,1782806674.211573134,/gps/odometry.pose.pose.position.z,-0.1559499129652977
49.207904696,1782806674.247161653,/gps/odometry.pose.pose.position.z,-0.1560382004827261
49.241324113,1782806674.280581070,/gps/odometry.pose.pose.position.z,-0.15612206794321537
49.274020812,1782806674.313277769,/gps/odometry.pose.pose.position.z,-0.15620151814073324
49.307302055,1782806674.346559012,/gps/odometry.pose.pose.position.z,-0.15627655759453773
49.33996791,1782806674.379224867,/gps/odometry.pose.pose.position.z,-0.15634718723595142
49.373119213,1782806674.412376170,/gps/odometry.pose.pose.position.z,-0.15641340799629688
49.405772429,1782806674.445029386,/gps/odometry.pose.pose.position.z,-0.15647522546350956
49.440529919,1782806674.479786876,/gps/odometry.pose.pose.position.z,-0.1565326415002346
49.472944509,1782806674.512201466,/gps/odometry.pose.pose.position.z,-0.15658565796911716
49.505700939,1782806674.544957896,/gps/odometry.pose.pose.position.z,-0.15663427766412497
49.539056136,1782806674.578313093,/gps/odometry.pose.pose.position.z,-0.15667850151658058
49.571915639,1782806674.611172596,/gps/odometry.pose.pose.position.z,-0.1567183332517743
49.604991782,1782806674.644248739,/gps/odometry.pose.pose.position.z,-0.15675377566367388
49.63830642,1782806674.677563377,/gps/odometry.pose.pose.position.z,-0.15678483061492443
49.671134219,1782806674.710391176,/gps/odometry.pose.pose.position.z,-0.15681149810552597
49.70515129,1782806674.744408247,/gps/odometry.pose.pose.position.z,-0.15683378279209137
49.741026485,1782806674.780283442,/gps/odometry.pose.pose.position.z,-0.15685168653726578
49.776322182,1782806674.815579139,/gps/odometry.pose.pose.position.z,-0.15686521213501692
49.811218286,1782806674.850475243,/gps/odometry.pose.pose.position.z,-0.15687436237931252
49.844339793,1782806674.883596750,/gps/odometry.pose.pose.position.z,-0.1568791400641203
49.878666547,1782806674.917923504,/gps/odometry.pose.pose.position.z,-0.1568795470520854
49.911860206,1782806674.951117163,/gps/odometry.pose.pose.position.z,-0.15687558893114328
49.945594239,1782806674.984851196,/gps/odometry.pose.pose.position.z,-0.15686726663261652
49.978611351,1782806675.017868308,/gps/odometry.pose.pose.position.z,-0.15685458201915026
50.013609609,1782806675.052866566,/gps/odometry.pose.pose.position.z,-0.15683754161000252
50.048021034,1782806675.087277991,/gps/odometry.pose.pose.position.z,-0.15681614819914103
50.082421689,1782806675.121678646,/gps/odometry.pose.pose.position.z,-0.15679040364921093
50.116445907,1782806675.155702864,/gps/odometry.pose.pose.position.z,-0.1567603126168251
50.149233015,1782806675.188489972,/gps/odometry.pose.pose.position.z,-0.15672587789595127
50.184302346,1782806675.223559303,/gps/odometry.pose.pose.position.z,-0.15668710693717003
50.217095626,1782806675.256352583,/gps/odometry.pose.pose.position.z,-0.15664399974048138
50.251423433,1782806675.290680390,/gps/odometry.pose.pose.position.z,-0.1565965600311756
50.287913807,1782806675.327170764,/gps/odometry.pose.pose.position.z,-0.15654479432851076
50.322172581,1782806675.361429538,/gps/odometry.pose.pose.position.z,-0.15648870542645454
50.355151349,1782806675.394408306,/gps/odometry.pose.pose.position.z,-0.15642829798161983
50.390910055,1782806675.430167012,/gps/odometry.pose.pose.position.z,-0.1563635766506195
50.422444837,1782806675.461701794,/gps/odometry.pose.pose.position.z,-0.156294547021389
50.455297132,1782806675.494554089,/gps/odometry.pose.pose.position.z,-0.15622121188789606
50.488301227,1782806675.527558184,/gps/odometry.pose.pose.position.z,-0.15614357590675354
50.521286948,1782806675.560543905,/gps/odometry.pose.pose.position.z,-0.15606164559721947
50.554805653,1782806675.594062610,/gps/odometry.pose.pose.position.z,-0.15597542468458414
50.589041292,1782806675.628298249,/gps/odometry.pose.pose.position.z,-0.1558849150314927
50.622028613,1782806675.661285570,/gps/odometry.pose.pose.position.z,-0.15579012874513865
50.654290309,1782806675.693547266,/gps/odometry.pose.pose.position.z,-0.15569106582552195
50.694067633,1782806675.733324590,/gps/odometry.pose.pose.position.z,-0.15558773279190063
50.72615295,1782806675.765409907,/gps/odometry.pose.pose.position.z,-0.15548013523221016
50.758765672,1782806675.798022629,/gps/odometry.pose.pose.position.z,-0.15536827873438597
50.794713693,1782806675.833970650,/gps/odometry.pose.pose.position.z,-0.15525216795504093
50.830490911,1782806675.869747868,/gps/odometry.pose.pose.position.z,-0.15513180941343307
50.862886713,1782806675.902143670,/gps/odometry.pose.pose.position.z,-0.15500720962882042
50.896097915,1782806675.935354872,/gps/odometry.pose.pose.position.z,-0.1548783713951707
50.929833284,1782806675.969090241,/gps/odometry.pose.pose.position.z,-0.1547453049570322
50.961877898,1782806676.001134855,/gps/odometry.pose.pose.position.z,-0.1546080121770501
50.99512036,1782806676.034377317,/gps/odometry.pose.pose.position.z,-0.1544665014371276
51.028345128,1782806676.067602085,/gps/odometry.pose.pose.position.z,-0.15432077925652266
51.061018811,1782806676.100275768,/gps/odometry.pose.pose.position.z,-0.1541708493605256
51.09709797,1782806676.136354927,/gps/odometry.pose.pose.position.z,-0.15401672013103962
51.130734669,1782806676.169991626,/gps/odometry.pose.pose.position.z,-0.1538583980873227
51.164009717,1782806676.203266674,/gps/odometry.pose.pose.position.z,-0.1536958897486329
51.200733163,1782806676.239990120,/gps/odometry.pose.pose.position.z,-0.15352919977158308
51.235185185,1782806676.274442142,/gps/odometry.pose.pose.position.z,-0.15335833840072155
51.267583255,1782806676.306840212,/gps/odometry.pose.pose.position.z,-0.15318330843001604
51.302149128,1782806676.341406085,/gps/odometry.pose.pose.position.z,-0.15300412196666002
51.340081453,1782806676.379338410,/gps/odometry.pose.pose.position.z,-0.15282078087329865
51.37016374,1782806676.409420697,/gps/odometry.pose.pose.position.z,-0.1526332926005125
51.403004537,1782806676.442261494,/gps/odometry.pose.pose.position.z,-0.15244166739284992
51.436141158,1782806676.475398115,/gps/odometry.pose.pose.position.z,-0.15224591083824635
51.47799372,1782806676.517250677,/gps/odometry.pose.pose.position.z,-0.1520460294559598
51.515429469,1782806676.554686426,/gps/odometry.pose.pose.position.z,-0.15184203069657087
51.549487687,1782806676.588744644,/gps/odometry.pose.pose.position.z,-0.15163392387330532
51.582034675,1782806676.621291632,/gps/odometry.pose.pose.position.z,-0.15142171643674374
51.615297024,1782806676.654553981,/gps/odometry.pose.pose.position.z,-0.151205413043499
51.648155094,1782806676.687412051,/gps/odometry.pose.pose.position.z,-0.1509850239381194
51.685213522,1782806676.724470479,/gps/odometry.pose.pose.position.z,-0.15076055470854044
51.718369087,1782806676.757626044,/gps/odometry.pose.pose.position.z,-0.1505320155993104
51.751350272,1782806676.790607229,/gps/odometry.pose.pose.position.z,-0.15029941406100988
51.785545032,1782806676.824801989,/gps/odometry.pose.pose.position.z,-0.15006275661289692
51.821265785,1782806676.860522742,/gps/odometry.pose.pose.position.z,-0.14982205349951982
51.854570293,1782806676.893827250,/gps/odometry.pose.pose.position.z,-0.14957731030881405
51.890463954,1782806676.929720911,/gps/odometry.pose.pose.position.z,-0.1493285372853279
51.921956111,1782806676.961213068,/gps/odometry.pose.pose.position.z,-0.149075741879642
51.954773487,1782806676.994030444,/gps/odometry.pose.pose.position.z,-0.14881893154233694
51.989707128,1782806677.028964085,/gps/odometry.pose.pose.position.z,-0.1485581174492836
52.020806534,1782806677.060063491,/gps/odometry.pose.pose.position.z,-0.14829330518841743
52.054022997,1782806677.093279954,/gps/odometry.pose.pose.position.z,-0.14802450593560934
52.090579834,1782806677.129836791,/gps/odometry.pose.pose.position.z,-0.14775172527879477
52.1240042,1782806677.163261157,/gps/odometry.pose.pose.position.z,-0.14747497532516718
52.158082021,1782806677.197338978,/gps/odometry.pose.pose.position.z,-0.14719426166266203
52.190755831,1782806677.230012788,/gps/odometry.pose.pose.position.z,-0.1469095954671502
52.226316276,1782806677.265573233,/gps/odometry.pose.pose.position.z,-0.1466209851205349
52.258951841,1782806677.298208798,/gps/odometry.pose.pose.position.z,-0.14632843807339668
52.29191166,1782806677.331168617,/gps/odometry.pose.pose.position.z,-0.14603196550160646
52.328562402,1782806677.367819359,/gps/odometry.pose.pose.position.z,-0.14573157671839
52.361387691,1782806677.400644648,/gps/odometry.pose.pose.position.z,-0.14542727824300528
52.394213108,1782806677.433470065,/gps/odometry.pose.pose.position.z,-0.1451190821826458
52.427266785,1782806677.466523742,/gps/odometry.pose.pose.position.z,-0.14480699598789215
52.460281185,1782806677.499538142,/gps/odometry.pose.pose.position.z,-0.14449102990329266
52.493144398,1782806677.532401355,/gps/odometry.pose.pose.position.z,-0.14417119231075048
52.529454162,1782806677.568711119,/gps/odometry.pose.pose.position.z,-0.14384749345481396
52.562119465,1782806677.601376422,/gps/odometry.pose.pose.position.z,-0.14351994451135397
52.595385521,1782806677.634642478,/gps/odometry.pose.pose.position.z,-0.14318855199962854
52.629283088,1782806677.668540045,/gps/odometry.pose.pose.position.z,-0.14285332802683115
52.661084583,1782806677.700341540,/gps/odometry.pose.pose.position.z,-0.1425353130325675
52.696119459,1782806677.735376416,/gps/odometry.pose.pose.position.z,-0.14231962896883488
52.728472136,1782806677.767729093,/gps/odometry.pose.pose.position.z,-0.14222377724945545
52.759847542,1782806677.799104499,/gps/odometry.pose.pose.position.z,-0.14227359928190708
52.799682995,1782806677.838939952,/gps/odometry.pose.pose.position.z,-0.1425600778311491
52.833545161,1782806677.872802118,/gps/odometry.pose.pose.position.z,-0.1429821215569973
52.865386595,1782806677.904643552,/gps/odometry.pose.pose.position.z,-0.14341238979250193
52.898385949,1782806677.937642906,/gps/odometry.pose.pose.position.z,-0.1438377294689417
52.93597545,1782806677.975232407,/gps/odometry.pose.pose.position.z,-0.14425815362483263
52.970873868,1782806678.010130825,/gps/odometry.pose.pose.position.z,-0.14467366691678762
53.00378924,1782806678.043046197,/gps/odometry.pose.pose.position.z,-0.14508428145200014
53.03889223,1782806678.078149187,/gps/odometry.pose.pose.position.z,-0.14549001026898623
53.071205554,1782806678.110462511,/gps/odometry.pose.pose.position.z,-0.14589085523039103
53.104072499,1782806678.143329456,/gps/odometry.pose.pose.position.z,-0.14628683030605316
53.139450299,1782806678.178707256,/gps/odometry.pose.pose.position.z,-0.14667794294655323
53.170079167,1782806678.209336124,/gps/odometry.pose.pose.position.z,-0.14706420060247183
53.202888381,1782806678.242145338,/gps/odometry.pose.pose.position.z,-0.14744561724364758
53.240098607,1782806678.279355564,/gps/odometry.pose.pose.position.z,-0.14782219473272562
53.273123659,1782806678.312380616,/gps/odometry.pose.pose.position.z,-0.148193946108222
53.306237267,1782806678.345494224,/gps/odometry.pose.pose.position.z,-0.1485608760267496
53.340501268,1782806678.379758225,/gps/odometry.pose.pose.position.z,-0.1489229965955019
53.375213071,1782806678.414470028,/gps/odometry.pose.pose.position.z,-0.1492803143337369
53.408388911,1782806678.447645868,/gps/odometry.pose.pose.position.z,-0.14963283389806747
53.441303189,1782806678.480560146,/gps/odometry.pose.pose.position.z,-0.1499805673956871
53.474554376,1782806678.513811333,/gps/odometry.pose.pose.position.z,-0.15032351948320866
53.507394505,1782806678.546651462,/gps/odometry.pose.pose.position.z,-0.15066169947385788
53.541567265,1782806678.580824222,/gps/odometry.pose.pose.position.z,-0.15099511574953794
53.57911197,1782806678.618368927,/gps/odometry.pose.pose.position.z,-0.15132377203553915
53.611980701,1782806678.651237658,/gps/odometry.pose.pose.position.z,-0.15164767764508724
53.644939382,1782806678.684196339,/gps/odometry.pose.pose.position.z,-0.15196684002876282
53.67974798,1782806678.719004937,/gps/odometry.pose.pose.position.z,-0.15228126477450132
53.712829466,1782806678.752086423,/gps/odometry.pose.pose.position.z,-0.15259096212685108
53.749965322,1782806678.789222279,/gps/odometry.pose.pose.position.z,-0.15289593301713467
53.783038339,1782806678.822295296,/gps/odometry.pose.pose.position.z,-0.15319618675857782
53.815581313,1782806678.854838270,/gps/odometry.pose.pose.position.z,-0.15349173173308372
53.848631258,1782806678.887888215,/gps/odometry.pose.pose.position.z,-0.15378257352858782
53.883964034,1782806678.923220991,/gps/odometry.pose.pose.position.z,-0.15406871493905783
53.917991137,1782806678.957248094,/gps/odometry.pose.pose.position.z,-0.15435016620904207
53.950996208,1782806678.990253165,/gps/odometry.pose.pose.position.z,-0.15462693199515343
53.986078224,1782806679.025335181,/gps/odometry.pose.pose.position.z,-0.15489901695400476
54.019398678,1782806679.058655635,/gps/odometry.pose.pose.position.z,-0.15516642853617668
54.051997397,1782806679.091254354,/gps/odometry.pose.pose.position.z,-0.15542917139828205
54.089168903,1782806679.128425860,/gps/odometry.pose.pose.position.z,-0.1556872520595789
54.121902831,1782806679.161159788,/gps/odometry.pose.pose.position.z,-0.1559406779706478
54.154979109,1782806679.194236066,/gps/odometry.pose.pose.position.z,-0.15618944820016623
54.187894418,1782806679.227151375,/gps/odometry.pose.pose.position.z,-0.1564335748553276
54.224167219,1782806679.263424176,/gps/odometry.pose.pose.position.z,-0.15667305886745453
54.255718678,1782806679.294975635,/gps/odometry.pose.pose.position.z,-0.15690790861845016
54.292879815,1782806679.332136772,/gps/odometry.pose.pose.position.z,-0.15713812690228224
54.327067961,1782806679.366324918,/gps/odometry.pose.pose.position.z,-0.15736371744424105
54.359902718,1782806679.399159675,/gps/odometry.pose.pose.position.z,-0.15758468862622976
54.395346009,1782806679.434602966,/gps/odometry.pose.pose.position.z,-0.1578010432422161
54.427007509,1782806679.466264466,/gps/odometry.pose.pose.position.z,-0.1580127850174904
54.460311019,1782806679.499567976,/gps/odometry.pose.pose.position.z,-0.15821992047131062
54.496816673,1782806679.536073630,/gps/odometry.pose.pose.position.z,-0.1584224533289671
54.529647706,1782806679.568904663,/gps/odometry.pose.pose.position.z,-0.1586203882470727
54.562452138,1782806679.601709095,/gps/odometry.pose.pose.position.z,-0.15881372895091772
54.595616728,1782806679.634873685,/gps/odometry.pose.pose.position.z,-0.15900248009711504
54.629134625,1782806679.668391582,/gps/odometry.pose.pose.position.z,-0.15918664447963238
54.661561244,1782806679.700818201,/gps/odometry.pose.pose.position.z,-0.15936622768640518
54.694357687,1782806679.733614644,/gps/odometry.pose.pose.position.z,-0.1595412315800786
54.733150729,1782806679.772407686,/gps/odometry.pose.pose.position.z,-0.15971166361123323
54.76318958,1782806679.802446537,/gps/odometry.pose.pose.position.z,-0.15987752471119165
54.796910195,1782806679.836167152,/gps/odometry.pose.pose.position.z,-0.1600388204678893
54.832562808,1782806679.871819765,/gps/odometry.pose.pose.position.z,-0.16019555274397135
54.862496602,1782806679.901753559,/gps/odometry.pose.pose.position.z,-0.16034772526472807
54.895177094,1782806679.934434051,/gps/odometry.pose.pose.position.z,-0.16049534268677235
54.930232736,1782806679.969489693,/gps/odometry.pose.pose.position.z,-0.16063840594142675
54.96324616,1782806680.002503117,/gps/odometry.pose.pose.position.z,-0.16077692154794931
54.996046201,1782806680.035303158,/gps/odometry.pose.pose.position.z,-0.16091089136898518
55.029399297,1782806680.068656254,/gps/odometry.pose.pose.position.z,-0.16104031633585691
55.062345289,1782806680.101602246,/gps/odometry.pose.pose.position.z,-0.16116520296782255
55.095026677,1782806680.134283634,/gps/odometry.pose.pose.position.z,-0.1612855512648821
55.128937113,1782806680.168194070,/gps/odometry.pose.pose.position.z,-0.16140136495232582
55.16110563,1782806680.200362587,/gps/odometry.pose.pose.position.z,-0.16151264868676662
55.19440688,1782806680.233663837,/gps/odometry.pose.pose.position.z,-0.1616194024682045
55.227377927,1782806680.266634884,/gps/odometry.pose.pose.position.z,-0.16172163002192974
55.260243746,1782806680.299500703,/gps/odometry.pose.pose.position.z,-0.1618193332105875
55.293171496,1782806680.332428453,/gps/odometry.pose.pose.position.z,-0.16191251669079065
55.326504023,1782806680.365760980,/gps/odometry.pose.pose.position.z,-0.1620011804625392
55.358887985,1782806680.398144942,/gps/odometry.pose.pose.position.z,-0.16208532731980085
55.392003802,1782806680.431260759,/gps/odometry.pose.pose.position.z,-0.16216495912522078
55.425221929,1782806680.464478886,/gps/odometry.pose.pose.position.z,-0.16224008053541183
55.458141381,1782806680.497398338,/gps/odometry.pose.pose.position.z,-0.1623106924816966
55.491036072,1782806680.530293029,/gps/odometry.pose.pose.position.z,-0.16237679682672024
55.523862767,1782806680.563119724,/gps/odometry.pose.pose.position.z,-0.16243839543312788
55.559351917,1782806680.598608874,/gps/odometry.pose.pose.position.z,-0.16249549575150013
55.591954042,1782806680.631210999,/gps/odometry.pose.pose.position.z,-0.1625480968505144
55.62531613,1782806680.664573087,/gps/odometry.pose.pose.position.z,-0.16259620245546103
55.657973953,1782806680.697230910,/gps/odometry.pose.pose.position.z,-0.16263981629163027
55.691178792,1782806680.730435749,/gps/odometry.pose.pose.position.z,-0.16267894208431244
55.724168138,1782806680.763425095,/gps/odometry.pose.pose.position.z,-0.16271358262747526
55.757612125,1782806680.796869082,/gps/odometry.pose.pose.position.z,-0.1627437425777316
55.79203757,1782806680.831294527,/gps/odometry.pose.pose.position.z,-0.16276942286640406
55.825317956,1782806680.864574913,/gps/odometry.pose.pose.position.z,-0.16279063001275063
55.858066951,1782806680.897323908,/gps/odometry.pose.pose.position.z,-0.16280736681073904
55.894283952,1782806680.933540909,/gps/odometry.pose.pose.position.z,-0.16281963791698217
55.928689446,1782806680.967946403,/gps/odometry.pose.pose.position.z,-0.16282744705677032
55.967246875,1782806681.006503832,/gps/odometry.pose.pose.position.z,-0.1628307979553938
55.998659898,1782806681.037916855,/gps/odometry.pose.pose.position.z,-0.16282969620078802
56.031774876,1782806681.071031833,/gps/odometry.pose.pose.position.z,-0.16282414365559816
56.064833863,1782806681.104090820,/gps/odometry.pose.pose.position.z,-0.1628141487017274
56.097746612,1782806681.137003569,/gps/odometry.pose.pose.position.z,-0.16279971227049828
56.131115468,1782806681.170372425,/gps/odometry.pose.pose.position.z,-0.16278084181249142
56.16368346,1782806681.202940417,/gps/odometry.pose.pose.position.z,-0.1627575410529971
56.199512946,1782806681.238769903,/gps/odometry.pose.pose.position.z,-0.1627298155799508
56.232455946,1782806681.271712903,/gps/odometry.pose.pose.position.z,-0.16269767004996538
56.265247921,1782806681.304504878,/gps/odometry.pose.pose.position.z,-0.16266111005097628
56.301783919,1782806681.341040876,/gps/odometry.pose.pose.position.z,-0.16262014117091894
56.333155021,1782806681.372411978,/gps/odometry.pose.pose.position.z,-0.1625747662037611
56.366622046,1782806681.405879003,/gps/odometry.pose.pose.position.z,-0.1625249944627285
56.401098642,1782806681.440355599,/gps/odometry.pose.pose.position.z,-0.162470830604434
56.432337713,1782806681.471594670,/gps/odometry.pose.pose.position.z,-0.16241227742284536
56.465282454,1782806681.504539411,/gps/odometry.pose.pose.position.z,-0.16234934516251087
56.500159044,1782806681.539416001,/gps/odometry.pose.pose.position.z,-0.1622820356860757
56.531397373,1782806681.570654330,/gps/odometry.pose.pose.position.z,-0.16221035830676556
56.564505292,1782806681.603762249,/gps/odometry.pose.pose.position.z,-0.1621343158185482
56.597506696,1782806681.636763653,/gps/odometry.pose.pose.position.z,-0.16205391846597195
56.630701999,1782806681.669958956,/gps/odometry.pose.pose.position.z,-0.1619691699743271
56.667102109,1782806681.706359066,/gps/odometry.pose.pose.position.z,-0.16188007593154907
56.704270557,1782806681.743527514,/gps/odometry.pose.pose.position.z,-0.16178664471954107
56.739270977,1782806681.778527934,/gps/odometry.pose.pose.position.z,-0.16168888192623854
56.772268379,1782806681.811525336,/gps/odometry.pose.pose.position.z,-0.16158679593354464
56.806323348,1782806681.845580305,/gps/odometry.pose.pose.position.z,-0.1614803932607174
56.843857043,1782806681.883114000,/gps/odometry.pose.pose.position.z,-0.16136967856436968
56.875976969,1782806681.915233926,/gps/odometry.pose.pose.position.z,-0.1612546592950821
56.909950736,1782806681.949207693,/gps/odometry.pose.pose.position.z,-0.1611353438347578
56.94610866,1782806681.985365617,/gps/odometry.pose.pose.position.z,-0.1610117396339774
56.978847446,1782806682.018104403,/gps/odometry.pose.pose.position.z,-0.16088385414332151
57.015020359,1782806682.054277316,/gps/odometry.pose.pose.position.z,-0.16075169295072556
57.044710054,1782806682.083967011,/gps/odometry.pose.pose.position.z,-0.16061526536941528
57.079923517,1782806682.119180474,/gps/odometry.pose.pose.position.z,-0.16047457791864872
57.113557665,1782806682.152814622,/gps/odometry.pose.pose.position.z,-0.1603296361863613
57.148288199,1782806682.187545156,/gps/odometry.pose.pose.position.z,-0.16018045227974653
57.180139597,1782806682.219396554,/gps/odometry.pose.pose.position.z,-0.16002703178673983
57.213153841,1782806682.252410798,/gps/odometry.pose.pose.position.z,-0.1598693821579218
57.248326664,1782806682.287583621,/gps/odometry.pose.pose.position.z,-0.15970751084387302
57.279110282,1782806682.318367239,/gps/odometry.pose.pose.position.z,-0.15954142808914185
57.311937106,1782806682.351194063,/gps/odometry.pose.pose.position.z,-0.1593711394816637
57.34509429,1782806682.384351247,/gps/odometry.pose.pose.position.z,-0.15919665433466434
57.379558767,1782806682.418815724,/gps/odometry.pose.pose.position.z,-0.15901798382401466
57.412492605,1782806682.451749562,/gps/odometry.pose.pose.position.z,-0.15883513167500496
57.44668496,1782806682.485941917,/gps/odometry.pose.pose.position.z,-0.15864810813218355
57.479845453,1782806682.519102410,/gps/odometry.pose.pose.position.z,-0.1584569225087762
57.512824284,1782806682.552081241,/gps/odometry.pose.pose.position.z,-0.15826158225536346
57.545788073,1782806682.585045030,/gps/odometry.pose.pose.position.z,-0.15806209854781628
57.579456464,1782806682.618713421,/gps/odometry.pose.pose.position.z,-0.1578584760427475
57.611508076,1782806682.650765033,/gps/odometry.pose.pose.position.z,-0.1576507268473506
57.6447,1782806682.683956957,/gps/odometry.pose.pose.position.z,-0.15743886027485132
57.684245777,1782806682.723502734,/gps/odometry.pose.pose.position.z,-0.15722288098186255
57.716329807,1782806682.755586764,/gps/odometry.pose.pose.position.z,-0.1570028020069003
57.749174782,1782806682.788431739,/gps/odometry.pose.pose.position.z,-0.15677863266319036
57.782368934,1782806682.821625891,/gps/odometry.pose.pose.position.z,-0.1565503804013133
57.815069546,1782806682.854326503,/gps/odometry.pose.pose.position.z,-0.15631805453449488
57.848174599000004,1782806682.887431556,/gps/odometry.pose.pose.position.z,-0.15608166437596083
57.881627999,1782806682.920884956,/gps/odometry.pose.pose.position.z,-0.15584122017025948
57.914191767,1782806682.953448724,/gps/odometry.pose.pose.position.z,-0.15559673309326172
57.948707792,1782806682.987964749,/gps/odometry.pose.pose.position.z,-0.155348208732903
57.983311336,1782806683.022568293,/gps/odometry.pose.pose.position.z,-0.1550956591963768
58.016506864,1782806683.055763821,/gps/odometry.pose.pose.position.z,-0.15483909286558628
58.049113287,1782806683.088370244,/gps/odometry.pose.pose.position.z,-0.15457851998507977
58.087241972,1782806683.126498929,/gps/odometry.pose.pose.position.z,-0.15431395173072815
58.117891889,1782806683.157148846,/gps/odometry.pose.pose.position.z,-0.1540453964844346
58.15087849,1782806683.190135447,/gps/odometry.pose.pose.position.z,-0.15377286449074745
58.185009682,1782806683.224266639,/gps/odometry.pose.pose.position.z,-0.1534963669255376
58.218862579,1782806683.258119536,/gps/odometry.pose.pose.position.z,-0.1532159112393856
58.251980394,1782806683.291237351,/gps/odometry.pose.pose.position.z,-0.15293150953948498
58.284999425,1782806683.324256382,/gps/odometry.pose.pose.position.z,-0.15264317393302917
58.318440183,1782806683.357697140,/gps/odometry.pose.pose.position.z,-0.15235090721398592
58.353184463,1782806683.392441420,/gps/odometry.pose.pose.position.z,-0.1520547280088067
58.387579049,1782806683.426836006,/gps/odometry.pose.pose.position.z,-0.15175464376807213
58.420779282,1782806683.460036239,/gps/odometry.pose.pose.position.z,-0.15145066287368536
58.458878329,1782806683.498135286,/gps/odometry.pose.pose.position.z,-0.15114279836416245
58.492168845,1782806683.531425802,/gps/odometry.pose.pose.position.z,-0.15083105769008398
58.52650279,1782806683.565759747,/gps/odometry.pose.pose.position.z,-0.15051545482128859
58.561421483,1782806683.600678440,/gps/odometry.pose.pose.position.z,-0.150195999071002
58.594143376,1782806683.633400333,/gps/odometry.pose.pose.position.z,-0.14987270068377256
58.6277261,1782806683.666983057,/gps/odometry.pose.pose.position.z,-0.14954557083547115
58.660339364,1782806683.699596321,/gps/odometry.pose.pose.position.z,-0.1492146197706461
58.693199379,1782806683.732456336,/gps/odometry.pose.pose.position.z,-0.1488798577338457
58.728337673,1782806683.767594630,/gps/odometry.pose.pose.position.z,-0.14854129776358604
58.760749273,1782806683.800006230,/gps/odometry.pose.pose.position.z,-0.14819894824177027
58.795379453,1782806683.834636410,/gps/odometry.pose.pose.position.z,-0.14785282220691442
58.828591758,1782806683.867848715,/gps/odometry.pose.pose.position.z,-0.1475029280409217
58.864294857,1782806683.903551814,/gps/odometry.pose.pose.position.z,-0.14714928064495325
58.897741996,1782806683.936998953,/gps/odometry.pose.pose.position.z,-0.14679188840091228
58.937150798,1782806683.976407755,/gps/odometry.pose.pose.position.z,-0.1464307615533471
58.970519572,1782806684.009776529,/gps/odometry.pose.pose.position.z,-0.1460659122094512
59.003868124,1782806684.043125081,/gps/odometry.pose.pose.position.z,-0.14569735247641802
59.03980408,1782806684.079061037,/gps/odometry.pose.pose.position.z,-0.14532509166747332
59.075573646,1782806684.114830603,/gps/odometry.pose.pose.position.z,-0.14494914561510086
59.108181037,1782806684.147437994,/gps/odometry.pose.pose.position.z,-0.14456951897591352
59.143450054,1782806684.182707011,/gps/odometry.pose.pose.position.z,-0.14418622851371765
59.177496715,1782806684.216753672,/gps/odometry.pose.pose.position.z,-0.1437992826104164
59.211580573,1782806684.250837530,/gps/odometry.pose.pose.position.z,-0.14340869337320328
59.244487123,1782806684.283744080,/gps/odometry.pose.pose.position.z,-0.14301447290927172
59.285781106,1782806684.325038063,/gps/odometry.pose.pose.position.z,-0.14262140728533268
59.31881257,1782806684.358069527,/gps/odometry.pose.pose.position.z,-0.14234026800841093
59.353583046,1782806684.392840003,/gps/odometry.pose.pose.position.z,-0.14223648328334093
59.385081242,1782806684.424338199,/gps/odometry.pose.pose.position.z,-0.14232406951487064
59.418240662,1782806684.457497619,/gps/odometry.pose.pose.position.z,-0.1425322350114584
59.453980666,1782806684.493237623,/gps/odometry.pose.pose.position.z,-0.14286517351865768
59.487671605,1782806684.526928562,/gps/odometry.pose.pose.position.z,-0.14321497082710266
59.522227475,1782806684.561484432,/gps/odometry.pose.pose.position.z,-0.1435600034892559
59.557017504,1782806684.596274461,/gps/odometry.pose.pose.position.z,-0.14390027709305286
59.591414095,1782806684.630671052,/gps/odometry.pose.pose.position.z,-0.1442357962951064
59.622870809,1782806684.662127766,/gps/odometry.pose.pose.position.z,-0.14456656575202942
59.655863146,1782806684.695120103,/gps/odometry.pose.pose.position.z,-0.14489259105175734
59.694153977,1782806684.733410934,/gps/odometry.pose.pose.position.z,-0.1452138740569353
59.725968506,1782806684.765225463,/gps/odometry.pose.pose.position.z,-0.14553042221814394
59.758730161,1782806684.797987118,/gps/odometry.pose.pose.position.z,-0.14584224112331867
59.79271702,1782806684.831973977,/gps/odometry.pose.pose.position.z,-0.1461493307724595
59.828736311,1782806684.867993268,/gps/odometry.pose.pose.position.z,-0.14645169861614704
59.864859286,1782806684.904116243,/gps/odometry.pose.pose.position.z,-0.146749347448349
59.898360674,1782806684.937617631,/gps/odometry.pose.pose.position.z,-0.1470422837883234
59.930340006,1782806684.969596963,/gps/odometry.pose.pose.position.z,-0.1473305094987154
59.971655108,1782806685.010912065,/gps/odometry.pose.pose.position.z,-0.14761402737349272
60.006275443,1782806685.045532400,/gps/odometry.pose.pose.position.z,-0.14789284393191338
60.04688725,1782806685.086144207,/gps/odometry.pose.pose.position.z,-0.14816696289926767
60.080843102,1782806685.120100059,/gps/odometry.pose.pose.position.z,-0.14843638520687819
60.115254782,1782806685.154511739,/gps/odometry.pose.pose.position.z,-0.14870111737400293
60.152325017,1782806685.191581974,/gps/odometry.pose.pose.position.z,-0.14896116126328707
60.186375762,1782806685.225632719,/gps/odometry.pose.pose.position.z,-0.14921652246266603
60.222629324,1782806685.261886281,/gps/odometry.pose.pose.position.z,-0.1494671991094947
60.253993891,1782806685.293250848,/gps/odometry.pose.pose.position.z,-0.14971320424228907
60.287840641,1782806685.327097598,/gps/odometry.pose.pose.position.z,-0.149954529479146
60.320966442,1782806685.360223399,/gps/odometry.pose.pose.position.z,-0.15019118785858154
60.36414806,1782806685.403405017,/gps/odometry.pose.pose.position.z,-0.15042317565530539
60.395156651,1782806685.434413608,/gps/odometry.pose.pose.position.z,-0.15065050031989813
60.428468109,1782806685.467725066,/gps/odometry.pose.pose.position.z,-0.15087316278368235
60.464697345,1782806685.503954302,/gps/odometry.pose.pose.position.z,-0.15109116677194834
60.49629273,1782806685.535549687,/gps/odometry.pose.pose.position.z,-0.1513045122846961
60.529183423,1782806685.568440380,/gps/odometry.pose.pose.position.z,-0.15151320677250624
60.561786222,1782806685.601043179,/gps/odometry.pose.pose.position.z,-0.15171724930405617
60.597918729,1782806685.637175686,/gps/odometry.pose.pose.position.z,-0.15191664546728134
60.631025745,1782806685.670282702,/gps/odometry.pose.pose.position.z,-0.15211139526218176
60.668573932,1782806685.707830889,/gps/odometry.pose.pose.position.z,-0.1523015033453703
60.699441287,1782806685.738698244,/gps/odometry.pose.pose.position.z,-0.15248697064816952
60.73268899,1782806685.771945947,/gps/odometry.pose.pose.position.z,-0.15266779903322458
60.76537993,1782806685.804636887,/gps/odometry.pose.pose.position.z,-0.1528439922258258
60.798620388,1782806685.837877345,/gps/odometry.pose.pose.position.z,-0.15301555208861828
60.831536245,1782806685.870793202,/gps/odometry.pose.pose.position.z,-0.15318248327821493
60.867370649,1782806685.906627606,/gps/odometry.pose.pose.position.z,-0.15334478206932545
60.900627833,1782806685.939884790,/gps/odometry.pose.pose.position.z,-0.153502456843853
60.933543035,1782806685.972799992,/gps/odometry.pose.pose.position.z,-0.153655506670475
60.96644301,1782806686.005699967,/gps/odometry.pose.pose.position.z,-0.15380393154919147
60.99945021,1782806686.038707167,/gps/odometry.pose.pose.position.z,-0.15394773613661528
61.032480848,1782806686.071737805,/gps/odometry.pose.pose.position.z,-0.15408692322671413
61.065683552,1782806686.104940509,/gps/odometry.pose.pose.position.z,-0.15422149188816547
61.098473728,1782806686.137730685,/gps/odometry.pose.pose.position.z,-0.1543514458462596
61.131499798,1782806686.170756755,/gps/odometry.pose.pose.position.z,-0.15447678603231907
61.16434719,1782806686.203604147,/gps/odometry.pose.pose.position.z,-0.15459751524031162
61.19909735,1782806686.238354307,/gps/odometry.pose.pose.position.z,-0.15471363253891468
61.23428371,1782806686.273540667,/gps/odometry.pose.pose.position.z,-0.15482514072209597
61.266995453,1782806686.306252410,/gps/odometry.pose.pose.position.z,-0.15493204351514578
61.300208577,1782806686.339465534,/gps/odometry.pose.pose.position.z,-0.15503434091806412
61.332958584,1782806686.372215541,/gps/odometry.pose.pose.position.z,-0.15513203758746386
61.368340447,1782806686.407597404,/gps/odometry.pose.pose.position.z,-0.15522513259202242
61.401330729,1782806686.440587686,/gps/odometry.pose.pose.position.z,-0.1553136296570301
61.433952156,1782806686.473209113,/gps/odometry.pose.pose.position.z,-0.1553975334390998
61.468644344,1782806686.507901301,/gps/odometry.pose.pose.position.z,-0.15547684114426374
61.501491788,1782806686.540748745,/gps/odometry.pose.pose.position.z,-0.15555156394839287
61.534595226,1782806686.573852183,/gps/odometry.pose.pose.position.z,-0.15562169812619686
61.567913126,1782806686.607170083,/gps/odometry.pose.pose.position.z,-0.15568725112825632
61.600903423,1782806686.640160380,/gps/odometry.pose.pose.position.z,-0.15574822202324867
61.633570354,1782806686.672827311,/gps/odometry.pose.pose.position.z,-0.15580461639910936
61.666373608,1782806686.705630565,/gps/odometry.pose.pose.position.z,-0.15585643891245127
61.701429818,1782806686.740686775,/gps/odometry.pose.pose.position.z,-0.15590369328856468
61.732489476,1782806686.771746433,/gps/odometry.pose.pose.position.z,-0.15594638045877218
61.765538513,1782806686.804795470,/gps/odometry.pose.pose.position.z,-0.1559845069423318
61.80022649,1782806686.839483447,/gps/odometry.pose.pose.position.z,-0.1560180764645338
61.831900383,1782806686.871157340,/gps/odometry.pose.pose.position.z,-0.1560470899567008
61.864500498,1782806686.903757455,/gps/odometry.pose.pose.position.z,-0.1560715576633811
61.89738889,1782806686.936645847,/gps/odometry.pose.pose.position.z,-0.15609148051589727
61.930393116,1782806686.969650073,/gps/odometry.pose.pose.position.z,-0.15610686130821705
61.963434404,1782806687.002691361,/gps/odometry.pose.pose.position.z,-0.1561177084222436
61.996479324,1782806687.035736281,/gps/odometry.pose.pose.position.z,-0.1561240265145898
62.029932916,1782806687.069189873,/gps/odometry.pose.pose.position.z,-0.15612581744790077
62.067406549,1782806687.106663506,/gps/odometry.pose.pose.position.z,-0.15612308774143457
62.101682273,1782806687.140939230,/gps/odometry.pose.pose.position.z,-0.1561158448457718
62.134836093,1782806687.174093050,/gps/odometry.pose.pose.position.z,-0.15610409062355757
62.16801806,1782806687.207275017,/gps/odometry.pose.pose.position.z,-0.15608783438801765
62.200781185,1782806687.240038142,/gps/odometry.pose.pose.position.z,-0.1560670780017972
62.235590762,1782806687.274847719,/gps/odometry.pose.pose.position.z,-0.1560418102890253
62.267886523,1782806687.307143480,/gps/odometry.pose.pose.position.z,-0.15601175092160702
62.300833418,1782806687.340090375,/gps/odometry.pose.pose.position.z,-0.15597680397331715
62.333811894,1782806687.373068851,/gps/odometry.pose.pose.position.z,-0.1559369768947363
62.366933145,1782806687.406190102,/gps/odometry.pose.pose.position.z,-0.15589227341115475
62.399657148,1782806687.438914105,/gps/odometry.pose.pose.position.z,-0.155842705629766
62.435589992,1782806687.474846949,/gps/odometry.pose.pose.position.z,-0.1557882772758603
62.468513549,1782806687.507770506,/gps/odometry.pose.pose.position.z,-0.15572899766266346
62.501647273,1782806687.540904230,/gps/odometry.pose.pose.position.z,-0.15566487424075603
62.534693194,1782806687.573950151,/gps/odometry.pose.pose.position.z,-0.15559591352939606
62.568400643,1782806687.607657600,/gps/odometry.pose.pose.position.z,-0.15552212577313185
62.600364097,1782806687.639621054,/gps/odometry.pose.pose.position.z,-0.15544351935386658
62.638746879,1782806687.678003836,/gps/odometry.pose.pose.position.z,-0.15536009799689054
62.673638979,1782806687.712895936,/gps/odometry.pose.pose.position.z,-0.1552718747407198
62.706226409,1782806687.745483366,/gps/odometry.pose.pose.position.z,-0.15517885610461235
62.740403371,1782806687.779660328,/gps/odometry.pose.pose.position.z,-0.15508104767650366
62.773499916,1782806687.812756873,/gps/odometry.pose.pose.position.z,-0.15497846249490976
62.806640494,1782806687.845897451,/gps/odometry.pose.pose.position.z,-0.15487110801041126
62.842970372,1782806687.882227329,/gps/odometry.pose.pose.position.z,-0.15475899167358875
62.873804128,1782806687.913061085,/gps/odometry.pose.pose.position.z,-0.1546421218663454
62.905467728,1782806687.944724685,/gps/odometry.pose.pose.position.z,-0.1545205069705844
62.941177334,1782806687.980434291,/gps/odometry.pose.pose.position.z,-0.1543941581621766
62.9746996,1782806688.013956557,/gps/odometry.pose.pose.position.z,-0.15426308289170265
63.007096879,1782806688.046353836,/gps/odometry.pose.pose.position.z,-0.15412729233503342
63.040204088,1782806688.079461045,/gps/odometry.pose.pose.position.z,-0.15398679208010435
63.073779176,1782806688.113036133,/gps/odometry.pose.pose.position.z,-0.15384159330278635
63.106425033,1782806688.145681990,/gps/odometry.pose.pose.position.z,-0.15369170624762774
63.13956128,1782806688.178818237,/gps/odometry.pose.pose.position.z,-0.1535371383652091
63.173115114,1782806688.212372071,/gps/odometry.pose.pose.position.z,-0.15337789990007877
63.205242406,1782806688.244499363,/gps/odometry.pose.pose.position.z,-0.15321400109678507
63.238245208,1782806688.277502165,/gps/odometry.pose.pose.position.z,-0.15304545033723116
63.270977055,1782806688.310234012,/gps/odometry.pose.pose.position.z,-0.15287225786596537
63.311439674,1782806688.350696631,/gps/odometry.pose.pose.position.z,-0.152694433927536
63.344677062,1782806688.383934019,/gps/odometry.pose.pose.position.z,-0.15251198690384626
63.378576776,1782806688.417833733,/gps/odometry.pose.pose.position.z,-0.15232492983341217
63.411056674,1782806688.450313631,/gps/odometry.pose.pose.position.z,-0.15213326923549175
63.443801267,1782806688.483058224,/gps/odometry.pose.pose.position.z,-0.1519370162859559
63.479237138,1782806688.518494095,/gps/odometry.pose.pose.position.z,-0.15173618216067553
63.510016489,1782806688.549273446,/gps/odometry.pose.pose.position.z,-0.15153077524155378
63.542621549,1782806688.581878506,/gps/odometry.pose.pose.position.z,-0.15132080670446157
63.575654541,1782806688.614911498,/gps/odometry.pose.pose.position.z,-0.15110628679394722
63.608759666,1782806688.648016623,/gps/odometry.pose.pose.position.z,-0.15088722668588161
63.641627095,1782806688.680884052,/gps/odometry.pose.pose.position.z,-0.15066363476216793
63.674588798,1782806688.713845755,/gps/odometry.pose.pose.position.z,-0.15043552312999964
63.710921168,1782806688.750178125,/gps/odometry.pose.pose.position.z,-0.15020290110260248
63.743997289,1782806688.783254246,/gps/odometry.pose.pose.position.z,-0.1499657817184925
63.777930986,1782806688.817187943,/gps/odometry.pose.pose.position.z,-0.1497241724282503
63.812239981,1782806688.851496938,/gps/odometry.pose.pose.position.z,-0.14947808627039194
63.845288375,1782806688.884545332,/gps/odometry.pose.pose.position.z,-0.149227530695498
63.877992796,1782806688.917249753,/gps/odometry.pose.pose.position.z,-0.1489725224673748
63.911961495,1782806688.951218452,/gps/odometry.pose.pose.position.z,-0.1487130681052804
63.944508807,1782806688.983765764,/gps/odometry.pose.pose.position.z,-0.14844917878508568
63.977066771,1782806689.016323728,/gps/odometry.pose.pose.position.z,-0.14818086475133896
64.013230764,1782806689.052487721,/gps/odometry.pose.pose.position.z,-0.14790814090520144
64.043055975,1782806689.082312932,/gps/odometry.pose.pose.position.z,-0.14763101376593113
64.076007124,1782806689.115264081,/gps/odometry.pose.pose.position.z,-0.14734949730336666
64.109266634,1782806689.148523591,/gps/odometry.pose.pose.position.z,-0.14706360176205635
64.147744541,1782806689.187001498,/gps/odometry.pose.pose.position.z,-0.14677333738654852
64.180695735,1782806689.219952692,/gps/odometry.pose.pose.position.z,-0.14647871814668179
64.21574271,1782806689.254999667,/gps/odometry.pose.pose.position.z,-0.14617975242435932
64.249298238,1782806689.288555195,/gps/odometry.pose.pose.position.z,-0.14587645325809717
64.282445787,1782806689.321702744,/gps/odometry.pose.pose.position.z,-0.14556883182376623
64.316765877,1782806689.356022834,/gps/odometry.pose.pose.position.z,-0.14525689836591482
64.349404658,1782806689.388661615,/gps/odometry.pose.pose.position.z,-0.144940665923059
64.383136806,1782806689.422393763,/gps/odometry.pose.pose.position.z,-0.14462014380842447
64.41800614,1782806689.457263097,/gps/odometry.pose.pose.position.z,-0.1442953459918499
64.448526523,1782806689.487783480,/gps/odometry.pose.pose.position.z,-0.1439662827178836
64.481621958,1782806689.520878915,/gps/odometry.pose.pose.position.z,-0.14363296795636415
64.514276357,1782806689.553533314,/gps/odometry.pose.pose.position.z,-0.1432954091578722
64.547700975,1782806689.586957932,/gps/odometry.pose.pose.position.z,-0.1429536221548915
64.582333397,1782806689.621590354,/gps/odometry.pose.pose.position.z,-0.14262131694704294
64.616375884,1782806689.655632841,/gps/odometry.pose.pose.position.z,-0.14245108980685472
64.6494001,1782806689.688657057,/gps/odometry.pose.pose.position.z,-0.14247281663119793
64.682042205,1782806689.721299162,/gps/odometry.pose.pose.position.z,-0.14267581049352884
64.715070762,1782806689.754327719,/gps/odometry.pose.pose.position.z,-0.14300687983632088
64.754874734,1782806689.794131691,/gps/odometry.pose.pose.position.z,-0.1433351542800665
64.785387876,1782806689.824644833,/gps/odometry.pose.pose.position.z,-0.1436582561582327
64.818276361,1782806689.857533318,/gps/odometry.pose.pose.position.z,-0.14397619385272264
64.851447562,1782806689.890704519,/gps/odometry.pose.pose.position.z,-0.14428897202014923
64.885572264,1782806689.924829221,/gps/odometry.pose.pose.position.z,-0.1445965999737382
64.918391457,1782806689.957648414,/gps/odometry.pose.pose.position.z,-0.14489908330142498
64.953599901,1782806689.992856858,/gps/odometry.pose.pose.position.z,-0.14519642665982246
64.984887188,1782806690.024144145,/gps/odometry.pose.pose.position.z,-0.14548863656818867
65.017677196,1782806690.056934153,/gps/odometry.pose.pose.position.z,-0.14577572140842676
65.054026833,1782806690.093283790,/gps/odometry.pose.pose.position.z,-0.14605768583714962
65.083916881,1782806690.123173838,/gps/odometry.pose.pose.position.z,-0.14633453730493784
65.116740356,1782806690.155997313,/gps/odometry.pose.pose.position.z,-0.14660627953708172
65.151258586,1782806690.190515543,/gps/odometry.pose.pose.position.z,-0.1468729181215167
65.183620581,1782806690.222877538,/gps/odometry.pose.pose.position.z,-0.14713446237146854
65.220522587,1782806690.259779544,/gps/odometry.pose.pose.position.z,-0.14739091601222754
65.253383736,1782806690.292640693,/gps/odometry.pose.pose.position.z,-0.14764228370040655
65.291687477,1782806690.330944434,/gps/odometry.pose.pose.position.z,-0.14788857381790876
65.324727764,1782806690.363984721,/gps/odometry.pose.pose.position.z,-0.14812979009002447
65.35850474,1782806690.397761697,/gps/odometry.pose.pose.position.z,-0.14836593717336655
65.390747423,1782806690.430004380,/gps/odometry.pose.pose.position.z,-0.14859702065587044
65.423692901,1782806690.462949858,/gps/odometry.pose.pose.position.z,-0.1488230498507619
65.456497718,1782806690.495754675,/gps/odometry.pose.pose.position.z,-0.14904402662068605
65.489729718,1782806690.528986675,/gps/odometry.pose.pose.position.z,-0.14925995655357838
65.522511673,1782806690.561768630,/gps/odometry.pose.pose.position.z,-0.14947084616869688
65.555703284,1782806690.594960241,/gps/odometry.pose.pose.position.z,-0.14967670012265444
65.590688171,1782806690.629945128,/gps/odometry.pose.pose.position.z,-0.14987752120941877
65.622171596,1782806690.661428553,/gps/odometry.pose.pose.position.z,-0.15007331781089306
65.655218048,1782806690.694475005,/gps/odometry.pose.pose.position.z,-0.15026409178972244
65.688013139,1782806690.727270096,/gps/odometry.pose.pose.position.z,-0.15044985059648752
65.720658959,1782806690.759915916,/gps/odometry.pose.pose.position.z,-0.15063059888780117
65.753629993,1782806690.792886950,/gps/odometry.pose.pose.position.z,-0.15080634132027626
65.788544985,1782806690.827801942,/gps/odometry.pose.pose.position.z,-0.15097707975655794
65.821105504,1782806690.860362461,/gps/odometry.pose.pose.position.z,-0.15114282071590424
65.854138138,1782806690.893395095,/gps/odometry.pose.pose.position.z,-0.1513035697862506
65.895649864,1782806690.934906821,/gps/odometry.pose.pose.position.z,-0.15145933162420988
65.927308759,1782806690.966565716,/gps/odometry.pose.pose.position.z,-0.15161010902374983
65.960399554,1782806690.999656511,/gps/odometry.pose.pose.position.z,-0.15175590571016073
65.999732741,1782806691.038989698,/gps/odometry.pose.pose.position.z,-0.15189672727137804
66.031376943,1782806691.070633900,/gps/odometry.pose.pose.position.z,-0.15203257836401463
66.06508341,1782806691.104340367,/gps/odometry.pose.pose.position.z,-0.1521634617820382
66.100533296,1782806691.139790253,/gps/odometry.pose.pose.position.z,-0.15228938311338425
66.131816428,1782806691.171073385,/gps/odometry.pose.pose.position.z,-0.15241034422069788
66.163931517,1782806691.203188474,/gps/odometry.pose.pose.position.z,-0.15252635069191456
66.197850032,1782806691.237106989,/gps/odometry.pose.pose.position.z,-0.15263740625232458
66.232970598,1782806691.272227555,/gps/odometry.pose.pose.position.z,-0.15274351183325052
66.265998893,1782806691.305255850,/gps/odometry.pose.pose.position.z,-0.15284467581659555
66.298647027,1782806691.337903984,/gps/odometry.pose.pose.position.z,-0.15294089913368225
66.332464836,1782806691.371721793,/gps/odometry.pose.pose.position.z,-0.1530321827158332
66.366956427,1782806691.406213384,/gps/odometry.pose.pose.position.z,-0.1531185358762741
66.399841829,1782806691.439098786,/gps/odometry.pose.pose.position.z,-0.1531999558210373
66.437862205,1782806691.477119162,/gps/odometry.pose.pose.position.z,-0.15327645279467106
66.471384704,1782806691.510641661,/gps/odometry.pose.pose.position.z,-0.15334802493453026
66.504434764,1782806691.543691721,/gps/odometry.pose.pose.position.z,-0.15341467782855034
66.547290939,1782806691.586547896,/gps/odometry.pose.pose.position.z,-0.15347641799598932
66.579743887,1782806691.619000844,/gps/odometry.pose.pose.position.z,-0.15353324729949236
66.615484299,1782806691.654741256,/gps/odometry.pose.pose.position.z,-0.15358516946434975
66.64830275,1782806691.687559707,/gps/odometry.pose.pose.position.z,-0.15363218914717436
66.683028935,1782806691.722285892,/gps/odometry.pose.pose.position.z,-0.15367431286722422
66.717365661,1782806691.756622618,/gps/odometry.pose.pose.position.z,-0.15371154062449932
66.750484498,1782806691.789741455,/gps/odometry.pose.pose.position.z,-0.15374388173222542
66.783541231,1782806691.822798188,/gps/odometry.pose.pose.position.z,-0.15377133898437023
66.816498092,1782806691.855755049,/gps/odometry.pose.pose.position.z,-0.15379391703754663
66.850586907,1782806691.889843864,/gps/odometry.pose.pose.position.z,-0.15381162334233522
66.885748992,1782806691.925005949,/gps/odometry.pose.pose.position.z,-0.153824457898736
66.918826257,1782806691.958083214,/gps/odometry.pose.pose.position.z,-0.1538324300199747
66.952868486,1782806691.992125443,/gps/odometry.pose.pose.position.z,-0.15383554343134165
66.988712877,1782806692.027969834,/gps/odometry.pose.pose.position.z,-0.15383380558341742
67.021792845,1782806692.061049802,/gps/odometry.pose.pose.position.z,-0.15382721833884716
67.054977358,1782806692.094234315,/gps/odometry.pose.pose.position.z,-0.1538157919421792
67.08856495,1782806692.127821907,/gps/odometry.pose.pose.position.z,-0.15379952732473612
67.121231041,1782806692.160487998,/gps/odometry.pose.pose.position.z,-0.15377843379974365
67.153876867,1782806692.193133824,/gps/odometry.pose.pose.position.z,-0.1537525150924921
67.189290647,1782806692.228547604,/gps/odometry.pose.pose.position.z,-0.15372177865356207
67.224008228,1782806692.263265185,/gps/odometry.pose.pose.position.z,-0.15368622913956642
67.257108387,1782806692.296365344,/gps/odometry.pose.pose.position.z,-0.15364587400108576
67.297956826,1782806692.337213783,/gps/odometry.pose.pose.position.z,-0.1536007197573781
67.330644534,1782806692.369901491,/gps/odometry.pose.pose.position.z,-0.15355077292770147
67.363520999,1782806692.402777956,/gps/odometry.pose.pose.position.z,-0.15349603723734617
67.39794626,1782806692.437203217,/gps/odometry.pose.pose.position.z,-0.15343652199953794
67.431090656,1782806692.470347613,/gps/odometry.pose.pose.position.z,-0.1533722346648574
67.464176698,1782806692.503433655,/gps/odometry.pose.pose.position.z,-0.1533031789585948
67.497022949,1782806692.536279906,/gps/odometry.pose.pose.position.z,-0.15322936326265335
67.530025605,1782806692.569282562,/gps/odometry.pose.pose.position.z,-0.15315079502761364
67.563007304,1782806692.602264261,/gps/odometry.pose.pose.position.z,-0.1530674798414111
67.596019442,1782806692.635276399,/gps/odometry.pose.pose.position.z,-0.15297942515462637
67.632096776,1782806692.671353733,/gps/odometry.pose.pose.position.z,-0.15288663934916258
67.664762364,1782806692.704019321,/gps/odometry.pose.pose.position.z,-0.15278912894427776
67.697334994,1782806692.736591951,/gps/odometry.pose.pose.position.z,-0.1526869023218751
67.734177131,1782806692.773434088,/gps/odometry.pose.pose.position.z,-0.15257996413856745
67.766560612,1782806692.805817569,/gps/odometry.pose.pose.position.z,-0.15246832557022572
67.805498884,1782806692.844755841,/gps/odometry.pose.pose.position.z,-0.15235199127346277
67.836103211,1782806692.875360168,/gps/odometry.pose.pose.position.z,-0.15223096869885921
67.868949499,1782806692.908206456,/gps/odometry.pose.pose.position.z,-0.15210526902228594
67.904239063,1782806692.943496020,/gps/odometry.pose.pose.position.z,-0.15197489690035582
67.943632663,1782806692.982889620,/gps/odometry.pose.pose.position.z,-0.1518398616462946
67.976049473,1782806693.015306430,/gps/odometry.pose.pose.position.z,-0.15170017071068287
68.008647988,1782806693.047904945,/gps/odometry.pose.pose.position.z,-0.1515558324754238
68.047748798,1782806693.087005755,/gps/odometry.pose.pose.position.z,-0.1514068553224206
68.080637479,1782806693.119894436,/gps/odometry.pose.pose.position.z,-0.15125324670225382
68.113413799,1782806693.152670756,/gps/odometry.pose.pose.position.z,-0.15109501499682665
68.148656557,1782806693.187913514,/gps/odometry.pose.pose.position.z,-0.15093216858804226
68.181367903,1782806693.220624860,/gps/odometry.pose.pose.position.z,-0.15076471772044897
68.21427674,1782806693.253533697,/gps/odometry.pose.pose.position.z,-0.15059266798198223
68.253097981,1782806693.292354938,/gps/odometry.pose.pose.position.z,-0.1504160314798355
68.283412171,1782806693.322669128,/gps/odometry.pose.pose.position.z,-0.15023481287062168
68.317690859,1782806693.356947816,/gps/odometry.pose.pose.position.z,-0.15004902426153421
68.354634938,1782806693.393891895,/gps/odometry.pose.pose.position.z,-0.1498586731031537
68.38720112,1782806693.426458077,/gps/odometry.pose.pose.position.z,-0.14966376591473818
68.420293268,1782806693.459550225,/gps/odometry.pose.pose.position.z,-0.14946431573480368
68.456050438,1782806693.495307395,/gps/odometry.pose.pose.position.z,-0.14926032908260822
68.491869848,1782806693.531126805,/gps/odometry.pose.pose.position.z,-0.1490518171340227
68.523939269,1782806693.563196226,/gps/odometry.pose.pose.position.z,-0.14883878733962774
68.557697565,1782806693.596954522,/gps/odometry.pose.pose.position.z,-0.14862124621868134
68.597364704,1782806693.636621661,/gps/odometry.pose.pose.position.z,-0.14839920960366726
68.6382585,1782806693.677515457,/gps/odometry.pose.pose.position.z,-0.1481726821511984
68.672707142,1782806693.711964099,/gps/odometry.pose.pose.position.z,-0.1479416722431779
68.713341446,1782806693.752598403,/gps/odometry.pose.pose.position.z,-0.14770619291812181
68.74813227,1782806693.787389227,/gps/odometry.pose.pose.position.z,-0.14746625255793333
68.781916498,1782806693.821173455,/gps/odometry.pose.pose.position.z,-0.14722185861319304
68.814071262,1782806693.853328219,/gps/odometry.pose.pose.position.z,-0.14697302412241697
68.848110135,1782806693.887367092,/gps/odometry.pose.pose.position.z,-0.14671975560486317
68.881346567,1782806693.920603524,/gps/odometry.pose.pose.position.z,-0.1464620642364025
68.914449071,1782806693.953706028,/gps/odometry.pose.pose.position.z,-0.14619996026158333
68.951908113,1782806693.991165070,/gps/odometry.pose.pose.position.z,-0.14593345299363136
68.98476403,1782806694.024020987,/gps/odometry.pose.pose.position.z,-0.14566255174577236
69.021943297,1782806694.061200254,/gps/odometry.pose.pose.position.z,-0.14538726676255465
69.055873019,1782806694.095129976,/gps/odometry.pose.pose.position.z,-0.14510761108249426
69.088011019,1782806694.127267976,/gps/odometry.pose.pose.position.z,-0.14482359029352665
69.124328721,1782806694.163585678,/gps/odometry.pose.pose.position.z,-0.1445352155715227
69.156727335,1782806694.195984292,/gps/odometry.pose.pose.position.z,-0.14424249809235334
69.189753715,1782806694.229010672,/gps/odometry.pose.pose.position.z,-0.14394544810056686
69.224335822,1782806694.263592779,/gps/odometry.pose.pose.position.z,-0.1436440758407116
69.26329278,1782806694.302549737,/gps/odometry.pose.pose.position.z,-0.14333838876336813
69.296203734,1782806694.335460691,/gps/odometry.pose.pose.position.z,-0.14302840363234282
69.330671755,1782806694.369928712,/gps/odometry.pose.pose.position.z,-0.14271412510424852
69.367193413,1782806694.406450370,/gps/odometry.pose.pose.position.z,-0.14249981939792633
69.40144676,1782806694.440703717,/gps/odometry.pose.pose.position.z,-0.14245420787483454
69.434878302,1782806694.474135259,/gps/odometry.pose.pose.position.z,-0.1425299933180213
69.467549462,1782806694.506806419,/gps/odometry.pose.pose.position.z,-0.14277182798832655
69.500486809,1782806694.539743766,/gps/odometry.pose.pose.position.z,-0.14309465792030096
69.536063221,1782806694.575320178,/gps/odometry.pose.pose.position.z,-0.14341235719621181
69.568802738,1782806694.608059695,/gps/odometry.pose.pose.position.z,-0.14372493512928486
69.602052159,1782806694.641309116,/gps/odometry.pose.pose.position.z,-0.14403239823877811
69.63808185,1782806694.677338807,/gps/odometry.pose.pose.position.z,-0.14433475024998188
69.675510501,1782806694.714767458,/gps/odometry.pose.pose.position.z,-0.1446320079267025
69.707340866,1782806694.746597823,/gps/odometry.pose.pose.position.z,-0.1449241703376174
69.742126338,1782806694.781383295,/gps/odometry.pose.pose.position.z,-0.14521124679595232
69.782454779,1782806694.821711736,/gps/odometry.pose.pose.position.z,-0.14549324568361044
69.814825864,1782806694.854082821,/gps/odometry.pose.pose.position.z,-0.14577017538249493
69.852551033,1782806694.891807990,/gps/odometry.pose.pose.position.z,-0.14604203961789608
69.885488059,1782806694.924745016,/gps/odometry.pose.pose.position.z,-0.14630884770303965
69.920195484,1782806694.959452441,/gps/odometry.pose.pose.position.z,-0.1465706042945385
69.954091795,1782806694.993348752,/gps/odometry.pose.pose.position.z,-0.1468273177742958
69.990323568,1782806695.029580525,/gps/odometry.pose.pose.position.z,-0.14707899559289217
70.020102425,1782806695.059359382,/gps/odometry.pose.pose.position.z,-0.1473256405442953
70.055182328,1782806695.094439285,/gps/odometry.pose.pose.position.z,-0.14756726287305355
70.088089505,1782806695.127346462,/gps/odometry.pose.pose.position.z,-0.1478038690984249
70.121309373,1782806695.160566330,/gps/odometry.pose.pose.position.z,-0.14803546015173197
70.159213868,1782806695.198470825,/gps/odometry.pose.pose.position.z,-0.1482620481401682
70.192180017,1782806695.231436974,/gps/odometry.pose.pose.position.z,-0.14848363678902388
70.226083532,1782806695.265340489,/gps/odometry.pose.pose.position.z,-0.14870023261755705
70.26426711,1782806695.303524067,/gps/odometry.pose.pose.position.z,-0.14891184214502573
70.298904583,1782806695.338161540,/gps/odometry.pose.pose.position.z,-0.14911846816539764
70.331420716,1782806695.370677673,/gps/odometry.pose.pose.position.z,-0.1493201181292534
70.367868323,1782806695.407125280,/gps/odometry.pose.pose.position.z,-0.14951679855585098
70.401048431,1782806695.440305388,/gps/odometry.pose.pose.position.z,-0.1497085141018033
70.43792287,1782806695.477179827,/gps/odometry.pose.pose.position.z,-0.1498952703550458
70.470897613,1782806695.510154570,/gps/odometry.pose.pose.position.z,-0.15007707197219133
70.50366314,1782806695.542920097,/gps/odometry.pose.pose.position.z,-0.15025392547249794
70.540213472,1782806695.579470429,/gps/odometry.pose.pose.position.z,-0.1504258345812559
70.572155972,1782806695.611412929,/gps/odometry.pose.pose.position.z,-0.15059280581772327
70.605192799,1782806695.644449756,/gps/odometry.pose.pose.position.z,-0.15075484104454517
70.64258061,1782806695.681837567,/gps/odometry.pose.pose.position.z,-0.1509119514375925
70.676025917,1782806695.715282874,/gps/odometry.pose.pose.position.z,-0.15106413420289755
70.709203168,1782806695.748460125,/gps/odometry.pose.pose.position.z,-0.15121139865368605
70.742471919,1782806695.781728876,/gps/odometry.pose.pose.position.z,-0.15135375037789345
70.778870006,1782806695.818126963,/gps/odometry.pose.pose.position.z,-0.1514911912381649
70.812816875,1782806695.852073832,/gps/odometry.pose.pose.position.z,-0.15162372402846813
70.846723843,1782806695.885980800,/gps/odometry.pose.pose.position.z,-0.15175135619938374
70.879931271,1782806695.919188228,/gps/odometry.pose.pose.position.z,-0.151874091476202
70.912722475,1782806695.951979432,/gps/odometry.pose.pose.position.z,-0.15199193358421326
70.948911199,1782806695.988168156,/gps/odometry.pose.pose.position.z,-0.15210488811135292
70.982208011,1782806696.021464968,/gps/odometry.pose.pose.position.z,-0.15221295598894358
71.01519712,1782806696.054454077,/gps/odometry.pose.pose.position.z,-0.15231614373624325
71.049311984,1782806696.088568941,/gps/odometry.pose.pose.position.z,-0.1524144522845745
71.090446282,1782806696.129703239,/gps/odometry.pose.pose.position.z,-0.15250788815319538
71.123440575,1782806696.162697532,/gps/odometry.pose.pose.position.z,-0.15259645320475101
71.156460761,1782806696.195717718,/gps/odometry.pose.pose.position.z,-0.152680154889822
71.191681009,1782806696.230937966,/gps/odometry.pose.pose.position.z,-0.15275898948311806
71.227535415,1782806696.266792372,/gps/odometry.pose.pose.position.z,-0.1528329672291875
71.260643809,1782806696.299900766,/gps/odometry.pose.pose.position.z,-0.15290208626538515
71.297450998,1782806696.336707955,/gps/odometry.pose.pose.position.z,-0.15296635497361422
71.330925008,1782806696.370181965,/gps/odometry.pose.pose.position.z,-0.15302577149122953
71.369779369,1782806696.409036326,/gps/odometry.pose.pose.position.z,-0.15308034140616655
71.406146618,1782806696.445403575,/gps/odometry.pose.pose.position.z,-0.153130067512393
71.440446241,1782806696.479703198,/gps/odometry.pose.pose.position.z,-0.15317495446652174
71.473467509,1782806696.512724466,/gps/odometry.pose.pose.position.z,-0.15321500319987535
71.511079292,1782806696.550336249,/gps/odometry.pose.pose.position.z,-0.15325021836906672
71.544097719,1782806696.583354676,/gps/odometry.pose.pose.position.z,-0.153280608355999
71.582345475,1782806696.621602432,/gps/odometry.pose.pose.position.z,-0.1533061694353819
71.619081923,1782806696.658338880,/gps/odometry.pose.pose.position.z,-0.15332691185176373
71.650717201,1782806696.689974158,/gps/odometry.pose.pose.position.z,-0.1533428356051445
71.683620031,1782806696.722876988,/gps/odometry.pose.pose.position.z,-0.15335394721478224
71.724299158,1782806696.763556115,/gps/odometry.pose.pose.position.z,-0.15336025040596724
71.755958193,1782806696.795215150,/gps/odometry.pose.pose.position.z,-0.1533617489039898
71.79260633,1782806696.831863287,/gps/odometry.pose.pose.position.z,-0.15335844736546278
71.828876576,1782806696.868133533,/gps/odometry.pose.pose.position.z,-0.15335035137832165
71.858662335,1782806696.897919292,/gps/odometry.pose.pose.position.z,-0.1533374646678567
71.896617775,1782806696.935874732,/gps/odometry.pose.pose.position.z,-0.15331979375332594
71.929957018,1782806696.969213975,/gps/odometry.pose.pose.position.z,-0.15329734049737453
71.96550417,1782806697.004761127,/gps/odometry.pose.pose.position.z,-0.15327011328190565
72.000734813,1782806697.039991770,/gps/odometry.pose.pose.position.z,-0.15323811396956444
72.034031767,1782806697.073288724,/gps/odometry.pose.pose.position.z,-0.15320134907960892
72.071748165,1782806697.111005122,/gps/odometry.pose.pose.position.z,-0.1531598251312971
72.103870183,1782806697.143127140,/gps/odometry.pose.pose.position.z,-0.1531135467812419
72.136910029,1782806697.176166986,/gps/odometry.pose.pose.position.z,-0.153062516823411
72.176421543,1782806697.215678500,/gps/odometry.pose.pose.position.z,-0.1530067464336753
72.211096395,1782806697.250353352,/gps/odometry.pose.pose.position.z,-0.15294623840600252
72.243439252,1782806697.282696209,/gps/odometry.pose.pose.position.z,-0.15288099460303783
72.27917584,1782806697.318432797,/gps/odometry.pose.pose.position.z,-0.1528110271319747
72.312600516,1782806697.351857473,/gps/odometry.pose.pose.position.z,-0.15273633692413568
72.345336481,1782806697.384593438,/gps/odometry.pose.pose.position.z,-0.15265693329274654
72.381279421,1782806697.420536378,/gps/odometry.pose.pose.position.z,-0.15257282182574272
72.414189216,1782806697.453446173,/gps/odometry.pose.pose.position.z,-0.15248400904238224
72.44704736,1782806697.486304317,/gps/odometry.pose.pose.position.z,-0.15239049773663282
72.487752264,1782806697.527009221,/gps/odometry.pose.pose.position.z,-0.15229229908436537
72.524681603,1782806697.563938560,/gps/odometry.pose.pose.position.z,-0.15218941681087017
72.557115358,1782806697.596372315,/gps/odometry.pose.pose.position.z,-0.15208185743540525
72.590374808,1782806697.629631765,/gps/odometry.pose.pose.position.z,-0.15196963027119637
72.627971297,1782806697.667228254,/gps/odometry.pose.pose.position.z,-0.15185273811221123
72.660403981,1782806697.699660938,/gps/odometry.pose.pose.position.z,-0.1517311902716756
72.764034416,1782806697.803291373,/gps/odometry.pose.pose.position.z,-0.15160499420017004
72.800577255,1782806697.839834212,/gps/odometry.pose.pose.position.z,-0.1514741536229849
72.833205106,1782806697.872462063,/gps/odometry.pose.pose.position.z,-0.15133867878466845
72.87747475,1782806697.916731707,/gps/odometry.pose.pose.position.z,-0.1511985743418336
72.921983456,1782806697.961240413,/gps/odometry.pose.pose.position.z,-0.15105385053902864
72.958600318,1782806697.997857275,/gps/odometry.pose.pose.position.z,-0.1509045111015439
72.999311629,1782806698.038568586,/gps/odometry.pose.pose.position.z,-0.15075056720525026
73.045152199,1782806698.084409156,/gps/odometry.pose.pose.position.z,-0.1505920235067606
73.077023006,1782806698.116279963,/gps/odometry.pose.pose.position.z,-0.1504288874566555
73.123390638,1782806698.162647595,/gps/odometry.pose.pose.position.z,-0.1502611692994833
73.168353269,1782806698.207610226,/gps/odometry.pose.pose.position.z,-0.150088875554502
73.200853752,1782806698.240110709,/gps/odometry.pose.pose.position.z,-0.1499120108783245
73.236424948,1782806698.275681905,/gps/odometry.pose.pose.position.z,-0.14973058737814426
73.275755235,1782806698.315012192,/gps/odometry.pose.pose.position.z,-0.14954461064189672
73.306640529,1782806698.345897486,/gps/odometry.pose.pose.position.z,-0.14935408905148506
73.348269506,1782806698.387526463,/gps/odometry.pose.pose.position.z,-0.14915903192013502
73.390304087,1782806698.429561044,/gps/odometry.pose.pose.position.z,-0.14895944576710463
73.421712242,1782806698.460969199,/gps/odometry.pose.pose.position.z,-0.14875533990561962
73.461160943,1782806698.500417900,/gps/odometry.pose.pose.position.z,-0.14854671899229288
73.495875694,1782806698.535132651,/gps/odometry.pose.pose.position.z,-0.1483335979282856
73.527073907,1782806698.566330864,/gps/odometry.pose.pose.position.z,-0.1481159795075655
73.568165691,1782806698.607422648,/gps/odometry.pose.pose.position.z,-0.14789387583732605
73.610894617,1782806698.650151574,/gps/odometry.pose.pose.position.z,-0.14766729157418013
73.644505361,1782806698.683762318,/gps/odometry.pose.pose.position.z,-0.1474362388253212
73.684388366,1782806698.723645323,/gps/odometry.pose.pose.position.z,-0.14720072597265244
73.717500415,1782806698.756757372,/gps/odometry.pose.pose.position.z,-0.14696075953543186
73.753597851,1782806698.792854808,/gps/odometry.pose.pose.position.z,-0.1467163497582078
73.792577559,1782806698.831834516,/gps/odometry.pose.pose.position.z,-0.14646750688552856
73.825668763,1782806698.864925720,/gps/odometry.pose.pose.position.z,-0.1462142365053296
73.871531224,1782806698.910788181,/gps/odometry.pose.pose.position.z,-0.1459565507248044
73.909918302,1782806698.949175259,/gps/odometry.pose.pose.position.z,-0.14569445699453354
73.942424457,1782806698.981681414,/gps/odometry.pose.pose.position.z,-0.14542796462774277
73.981063063,1782806699.020320020,/gps/odometry.pose.pose.position.z,-0.14515708293765783
74.015541505,1782806699.054798462,/gps/odometry.pose.pose.position.z,-0.14488182123750448
74.051168545,1782806699.090425502,/gps/odometry.pose.pose.position.z,-0.14460218884050846
74.087603278,1782806699.126860235,/gps/odometry.pose.pose.position.z,-0.14431819505989552
74.120682106,1782806699.159939063,/gps/odometry.pose.pose.position.z,-0.14402985014021397
74.153776794,1782806699.193033751,/gps/odometry.pose.pose.position.z,-0.14373716246336699
74.192217826,1782806699.231474783,/gps/odometry.pose.pose.position.z,-0.14344014041125774
74.236707519,1782806699.275964476,/gps/odometry.pose.pose.position.z,-0.1431387970224023
74.269531691,1782806699.308788648,/gps/odometry.pose.pose.position.z,-0.1428331369534135
74.314063038,1782806699.353319995,/gps/odometry.pose.pose.position.z,-0.14252880960702896
74.347317446,1782806699.386574403,/gps/odometry.pose.pose.position.z,-0.1423158496618271
74.380283598,1782806699.419540555,/gps/odometry.pose.pose.position.z,-0.14223128091543913
74.416004909,1782806699.455261866,/gps/odometry.pose.pose.position.z,-0.14234967064112425
74.45776086,1782806699.497017817,/gps/odometry.pose.pose.position.z,-0.14266214333474636
74.490775211,1782806699.530032168,/gps/odometry.pose.pose.position.z,-0.14305855613201857
74.536380709,1782806699.575637666,/gps/odometry.pose.pose.position.z,-0.1434538597241044
74.568974803,1782806699.608231760,/gps/odometry.pose.pose.position.z,-0.14384389854967594
74.601617667,1782806699.640874624,/gps/odometry.pose.pose.position.z,-0.14422868471592665
74.636079797,1782806699.675336754,/gps/odometry.pose.pose.position.z,-0.14460822381079197
74.678619928,1782806699.717876885,/gps/odometry.pose.pose.position.z,-0.1449825307354331
74.711523814,1782806699.750780771,/gps/odometry.pose.pose.position.z,-0.14535161294043064
74.750199601,1782806699.789456558,/gps/odometry.pose.pose.position.z,-0.1457154806703329
74.785293128,1782806699.824550085,/gps/odometry.pose.pose.position.z,-0.14607414230704308
74.819154863,1782806699.858411820,/gps/odometry.pose.pose.position.z,-0.1464276108890772
74.86381816,1782806699.903075117,/gps/odometry.pose.pose.position.z,-0.1467758920043707
74.909626903,1782806699.948883860,/gps/odometry.pose.pose.position.z,-0.14711899682879448
74.943598816,1782806699.982855773,/gps/odometry.pose.pose.position.z,-0.14745693281292915
74.980207041,1782806700.019463998,/gps/odometry.pose.pose.position.z,-0.14778971206396818
75.021981043,1782806700.061238000,/gps/odometry.pose.pose.position.z,-0.14811734203249216
75.054425531,1782806700.093682488,/gps/odometry.pose.pose.position.z,-0.14843983110040426
75.087514137,1782806700.126771094,/gps/odometry.pose.pose.position.z,-0.1487571895122528
75.123667279,1782806700.162924236,/gps/odometry.pose.pose.position.z,-0.14906942285597324
75.156350903,1782806700.195607860,/gps/odometry.pose.pose.position.z,-0.1493765413761139
75.198509917,1782806700.237766874,/gps/odometry.pose.pose.position.z,-0.14967855624854565
75.241918655,1782806700.281175612,/gps/odometry.pose.pose.position.z,-0.14997547212988138
75.275266993,1782806700.314523950,/gps/odometry.pose.pose.position.z,-0.15026729740202427
75.308062912,1782806700.347319869,/gps/odometry.pose.pose.position.z,-0.15055404230952263
75.350506941,1782806700.389763898,/gps/odometry.pose.pose.position.z,-0.15083571337163448
75.383786179,1782806700.423043136,/gps/odometry.pose.pose.position.z,-0.15111231803894043
75.423302763,1782806700.462559720,/gps/odometry.pose.pose.position.z,-0.15138386562466621
75.462364871,1782806700.501621828,/gps/odometry.pose.pose.position.z,-0.15165036357939243
75.495481643,1782806700.534738600,/gps/odometry.pose.pose.position.z,-0.15191181655973196
75.529007955,1782806700.568264912,/gps/odometry.pose.pose.position.z,-0.15216823481023312
75.56190397,1782806700.601160927,/gps/odometry.pose.pose.position.z,-0.15241962671279907
75.604778997,1782806700.644035954,/gps/odometry.pose.pose.position.z,-0.1526659969240427
75.642436433,1782806700.681693390,/gps/odometry.pose.pose.position.z,-0.1529073528945446
75.675333637,1782806700.714590594,/gps/odometry.pose.pose.position.z,-0.15314370393753052
75.709605544,1782806700.748862501,/gps/odometry.pose.pose.position.z,-0.15337505377829075
75.753318149,1782806700.792575106,/gps/odometry.pose.pose.position.z,-0.15360141266137362
75.786464954,1782806700.825721911,/gps/odometry.pose.pose.position.z,-0.15382278431206942
75.8258667,1782806700.865123657,/gps/odometry.pose.pose.position.z,-0.15403917618095875
75.875649031,1782806700.914905988,/gps/odometry.pose.pose.position.z,-0.1542505957186222
75.90889766,1782806700.948154617,/gps/odometry.pose.pose.position.z,-0.15445704851299524
75.958041456,1782806700.997298413,/gps/odometry.pose.pose.position.z,-0.15465854294598103
76.00723297,1782806701.046489927,/gps/odometry.pose.pose.position.z,-0.15485508181154728
76.04649989,1782806701.085756847,/gps/odometry.pose.pose.position.z,-0.1550466725602746
76.084689424,1782806701.123946381,/gps/odometry.pose.pose.position.z,-0.155233321711421
76.129197225,1782806701.168454182,/gps/odometry.pose.pose.position.z,-0.15541503485292196
76.164533696,1782806701.203790653,/gps/odometry.pose.pose.position.z,-0.15559182036668062
76.215267595,1782806701.254524552,/gps/odometry.pose.pose.position.z,-0.15576368011534214
76.261903791,1782806701.301160748,/gps/odometry.pose.pose.position.z,-0.15593061968684196
76.293679335,1782806701.332936292,/gps/odometry.pose.pose.position.z,-0.15609264746308327
76.336106192,1782806701.375363149,/gps/odometry.pose.pose.position.z,-0.15624976810067892
76.37713845,1782806701.416395407,/gps/odometry.pose.pose.position.z,-0.1564019862562418
76.409666157,1782806701.448923114,/gps/odometry.pose.pose.position.z,-0.15654930658638477
76.457257569,1782806701.496514526,/gps/odometry.pose.pose.position.z,-0.15669173561036587
76.498010689,1782806701.537267646,/gps/odometry.pose.pose.position.z,-0.15682927705347538
76.531073025,1782806701.570329982,/gps/odometry.pose.pose.position.z,-0.15696193650364876
76.576141895,1782806701.615398852,/gps/odometry.pose.pose.position.z,-0.15708971954882145
76.607902871,1782806701.647159828,/gps/odometry.pose.pose.position.z,-0.15721262991428375
76.643836878,1782806701.683093835,/gps/odometry.pose.pose.position.z,-0.1573306741192937
76.684310328,1782806701.723567285,/gps/odometry.pose.pose.position.z,-0.15744385216385126
76.720512588,1782806701.759769545,/gps/odometry.pose.pose.position.z,-0.15755217242985964
76.752556819,1782806701.791813776,/gps/odometry.pose.pose.position.z,-0.15765564050525427
76.791631997,1782806701.830888954,/gps/odometry.pose.pose.position.z,-0.15775425545871258
76.825099685,1782806701.864356642,/gps/odometry.pose.pose.position.z,-0.15784802474081516
76.859595186,1782806701.898852143,/gps/odometry.pose.pose.position.z,-0.1579369530081749
76.893064135,1782806701.932321092,/gps/odometry.pose.pose.position.z,-0.15802104398608208
76.928180284,1782806701.967437241,/gps/odometry.pose.pose.position.z,-0.15810030046850443
76.961123544,1782806702.000380501,/gps/odometry.pose.pose.position.z,-0.15817472618073225
77.005820771,1782806702.045077728,/gps/odometry.pose.pose.position.z,-0.15824432484805584
77.051298737,1782806702.090555694,/gps/odometry.pose.pose.position.z,-0.15830910205841064
77.085729434,1782806702.124986391,/gps/odometry.pose.pose.position.z,-0.15836905781179667
77.13115231,1782806702.170409267,/gps/odometry.pose.pose.position.z,-0.15842419862747192
77.16794663,1782806702.207203587,/gps/odometry.pose.pose.position.z,-0.158474525436759
77.200228131,1782806702.239485088,/gps/odometry.pose.pose.position.z,-0.15852004289627075
77.239641002,1782806702.278897959,/gps/odometry.pose.pose.position.z,-0.15856075379997492
77.278535944,1782806702.317792901,/gps/odometry.pose.pose.position.z,-0.15859666094183922
77.309881654,1782806702.349138611,/gps/odometry.pose.pose.position.z,-0.15862776897847652
77.349921153,1782806702.389178110,/gps/odometry.pose.pose.position.z,-0.158654079772532
77.39175585,1782806702.431012807,/gps/odometry.pose.pose.position.z,-0.1586755970492959
77.429564161,1782806702.468821118,/gps/odometry.pose.pose.position.z,-0.15869232639670372
77.474343738,1782806702.513600695,/gps/odometry.pose.pose.position.z,-0.1587042696774006
77.507602488,1782806702.546859445,/gps/odometry.pose.pose.position.z,-0.15871143154799938
77.552006825,1782806702.591263782,/gps/odometry.pose.pose.position.z,-0.1587138157337904
77.601254664,1782806702.640511621,/gps/odometry.pose.pose.position.z,-0.15871142596006393
77.633986996,1782806702.673243953,/gps/odometry.pose.pose.position.z,-0.1587042659521103
77.670387524,1782806702.709644481,/gps/odometry.pose.pose.position.z,-0.1586923422291875
77.703388201,1782806702.742645158,/gps/odometry.pose.pose.position.z,-0.15867565665394068
77.736362551,1782806702.775619508,/gps/odometry.pose.pose.position.z,-0.1586542148143053
77.779185614,1782806702.818442571,/gps/odometry.pose.pose.position.z,-0.15862802136689425
77.815579715,1782806702.854836672,/gps/odometry.pose.pose.position.z,-0.1585970800369978
77.848641796,1782806702.887898753,/gps/odometry.pose.pose.position.z,-0.1585613964125514
77.888704119,1782806702.927961076,/gps/odometry.pose.pose.position.z,-0.15852097421884537
77.923711902,1782806702.962968859,/gps/odometry.pose.pose.position.z,-0.15847581904381514
77.956661211,1782806702.995918168,/gps/odometry.pose.pose.position.z,-0.15842593740671873
77.999864599,1782806703.039121556,/gps/odometry.pose.pose.position.z,-0.15837133210152388
78.042800356,1782806703.082057313,/gps/odometry.pose.pose.position.z,-0.15831200871616602
78.076108788,1782806703.115365745,/gps/odometry.pose.pose.position.z,-0.15824797376990318
78.121219813,1782806703.160476770,/gps/odometry.pose.pose.position.z,-0.15817923191934824
78.161376497,1782806703.200633454,/gps/odometry.pose.pose.position.z,-0.15810578782111406
78.194460972,1782806703.233717929,/gps/odometry.pose.pose.position.z,-0.15802764799445868
78.230289607,1782806703.269546564,/gps/odometry.pose.pose.position.z,-0.15794481709599495
78.267615961,1782806703.306872918,/gps/odometry.pose.pose.position.z,-0.1578573016449809
78.300864908,1782806703.340121865,/gps/odometry.pose.pose.position.z,-0.15776510816067457
78.340575812,1782806703.379832769,/gps/odometry.pose.pose.position.z,-0.15766824036836624
78.381890162,1782806703.421147119,/gps/odometry.pose.pose.position.z,-0.1575667066499591
78.414750793,1782806703.454007750,/gps/odometry.pose.pose.position.z,-0.15746051166206598
78.451950604,1782806703.491207561,/gps/odometry.pose.pose.position.z,-0.1573496600612998
78.490194081,1782806703.529451038,/gps/odometry.pose.pose.position.z,-0.1572341611608863
78.523192766,1782806703.562449723,/gps/odometry.pose.pose.position.z,-0.1571140205487609
78.570372643,1782806703.609629600,/gps/odometry.pose.pose.position.z,-0.1569892419502139
78.616911702,1782806703.656168659,/gps/odometry.pose.pose.position.z,-0.1568598337471485
78.652859348,1782806703.692116305,/gps/odometry.pose.pose.position.z,-0.15672580432146788
78.694089028,1782806703.733345985,/gps/odometry.pose.pose.position.z,-0.15658715646713972
78.735706135,1782806703.774963092,/gps/odometry.pose.pose.position.z,-0.15644390136003494
78.768654366,1782806703.807911323,/gps/odometry.pose.pose.position.z,-0.1562960408627987
78.804241026,1782806703.843497983,/gps/odometry.pose.pose.position.z,-0.1561435852199793
78.845078495,1782806703.884335452,/gps/odometry.pose.pose.position.z,-0.15598654001951218
78.87639086,1782806703.915647817,/gps/odometry.pose.pose.position.z,-0.15582491271197796
78.918003126,1782806703.957260083,/gps/odometry.pose.pose.position.z,-0.1556587116792798
78.958336417,1782806703.997593374,/gps/odometry.pose.pose.position.z,-0.155487940646708
78.990825743,1782806704.030082700,/gps/odometry.pose.pose.position.z,-0.1553126098588109
79.024973538,1782806704.064230495,/gps/odometry.pose.pose.position.z,-0.1551327258348465
79.065393763,1782806704.104650720,/gps/odometry.pose.pose.position.z,-0.1549482960253954
79.096596451,1782806704.135853408,/gps/odometry.pose.pose.position.z,-0.15475932694971561
79.136886159,1782806704.176143116,/gps/odometry.pose.pose.position.z,-0.1545658279210329
79.179740865,1782806704.218997822,/gps/odometry.pose.pose.position.z,-0.15436780452728271
79.211345864,1782806704.250602821,/gps/odometry.pose.pose.position.z,-0.1541652651503682
79.248411402,1782806704.287668359,/gps/odometry.pose.pose.position.z,-0.15395821910351515
79.289446677,1782806704.328703634,/gps/odometry.pose.pose.position.z,-0.15374667197465897
79.321836163,1782806704.361093120,/gps/odometry.pose.pose.position.z,-0.153530634008348
79.363515835,1782806704.402772792,/gps/odometry.pose.pose.position.z,-0.15331011172384024
79.397780786,1782806704.437037743,/gps/odometry.pose.pose.position.z,-0.1530851125717163
79.440405569,1782806704.479662526,/gps/odometry.pose.pose.position.z,-0.15285564493387938
79.481231837,1782806704.520488794,/gps/odometry.pose.pose.position.z,-0.15262171905487776
79.514195734,1782806704.553452691,/gps/odometry.pose.pose.position.z,-0.1523833405226469
79.548263336,1782806704.587520293,/gps/odometry.pose.pose.position.z,-0.15214051958173513
79.587455689,1782806704.626712646,/gps/odometry.pose.pose.position.z,-0.15189326275140047
79.620292002,1782806704.659548959,/gps/odometry.pose.pose.position.z,-0.15164158027619123
79.659159685,1782806704.698416642,/gps/odometry.pose.pose.position.z,-0.15138547960668802
79.706024621,1782806704.745281578,/gps/odometry.pose.pose.position.z,-0.15112497005611658
79.739101975,1782806704.778358932,/gps/odometry.pose.pose.position.z,-0.1508600590750575
79.781412426,1782806704.820669383,/gps/odometry.pose.pose.position.z,-0.15059075690805912
79.817141481,1782806704.856398438,/gps/odometry.pose.pose.position.z,-0.1503170719370246
79.849731371,1782806704.888988328,/gps/odometry.pose.pose.position.z,-0.15003901161253452
79.8903937,1782806704.929650657,/gps/odometry.pose.pose.position.z,-0.14975658804178238
79.935159498,1782806704.974416455,/gps/odometry.pose.pose.position.z,-0.14946980495005846
79.968914099,1782806705.008171056,/gps/odometry.pose.pose.position.z,-0.1491786753758788
80.010350378,1782806705.049607335,/gps/odometry.pose.pose.position.z,-0.14888321049511433
80.050362638,1782806705.089619595,/gps/odometry.pose.pose.position.z,-0.14858341310173273
80.083593222,1782806705.122850179,/gps/odometry.pose.pose.position.z,-0.14827929716557264
80.11668152,1782806705.155938477,/gps/odometry.pose.pose.position.z,-0.14797087106853724
80.156284554,1782806705.195541511,/gps/odometry.pose.pose.position.z,-0.14765814319252968
80.189080243,1782806705.228337200,/gps/odometry.pose.pose.position.z,-0.1473411237820983
80.22969579,1782806705.268952747,/gps/odometry.pose.pose.position.z,-0.14701982215046883
80.2637627,1782806705.303019657,/gps/odometry.pose.pose.position.z,-0.14669424667954445
80.296875912,1782806705.336132869,/gps/odometry.pose.pose.position.z,-0.14636440854519606
80.333644237,1782806705.372901194,/gps/odometry.pose.pose.position.z,-0.14603031519800425
80.37673061,1782806705.415987567,/gps/odometry.pose.pose.position.z,-0.14569198060780764
80.409524448,1782806705.448781405,/gps/odometry.pose.pose.position.z,-0.1453494094312191
80.448503531,1782806705.487760488,/gps/odometry.pose.pose.position.z,-0.1450026137754321
80.48811818,1782806705.527375137,/gps/odometry.pose.pose.position.z,-0.14465160574764013
80.521153543,1782806705.560410500,/gps/odometry.pose.pose.position.z,-0.14429639093577862
80.559531354,1782806705.598788311,/gps/odometry.pose.pose.position.z,-0.1439369823783636
80.621679567,1782806705.660936524,/gps/odometry.pose.pose.position.z,-0.14357338845729828
80.654304334,1782806705.693561291,/gps/odometry.pose.pose.position.z,-0.14320561941713095
80.705473731,1782806705.744730688,/gps/odometry.pose.pose.position.z,-0.14283368457108736
80.759240546,1782806705.798497503,/gps/odometry.pose.pose.position.z,-0.14248770475387573
80.7939042,1782806705.833161157,/gps/odometry.pose.pose.position.z,-0.14227182790637016
80.84363498,1782806705.882891937,/gps/odometry.pose.pose.position.z,-0.1421786742284894
80.889399757,1782806705.928656714,/gps/odometry.pose.pose.position.z,-0.14229423087090254
80.925593453,1782806705.964850410,/gps/odometry.pose.pose.position.z,-0.14261659979820251
80.968297153,1782806706.007554110,/gps/odometry.pose.pose.position.z,-0.14304547291249037
81.009935006,1782806706.049191963,/gps/odometry.pose.pose.position.z,-0.14347673952579498
81.043839941,1782806706.083096898,/gps/odometry.pose.pose.position.z,-0.14390265755355358
81.091608628,1782806706.130865585,/gps/odometry.pose.pose.position.z,-0.1443232400342822
81.134023316,1782806706.173280273,/gps/odometry.pose.pose.position.z,-0.14473849814385176
81.165968135,1782806706.205225092,/gps/odometry.pose.pose.position.z,-0.14514844305813313
81.206306856,1782806706.245563813,/gps/odometry.pose.pose.position.z,-0.14555308688431978
81.248845065,1782806706.288102022,/gps/odometry.pose.pose.position.z,-0.14595244079828262
81.280098176,1782806706.319355133,/gps/odometry.pose.pose.position.z,-0.14634651690721512
81.315341424,1782806706.354598381,/gps/odometry.pose.pose.position.z,-0.14673532359302044
81.350510165,1782806706.389767122,/gps/odometry.pose.pose.position.z,-0.14711887389421463
81.390487023,1782806706.429743980,/gps/odometry.pose.pose.position.z,-0.147497178055346
81.432147464,1782806706.471404421,/gps/odometry.pose.pose.position.z,-0.1478702463209629
81.465155696,1782806706.504412653,/gps/odometry.pose.pose.position.z,-0.1482380898669362
81.508413498,1782806706.547670455,/gps/odometry.pose.pose.position.z,-0.1486007198691368
81.541417151,1782806706.580674108,/gps/odometry.pose.pose.position.z,-0.1489581437781453
81.574405201,1782806706.613662158,/gps/odometry.pose.pose.position.z,-0.14931037463247776
81.617958519,1782806706.657215476,/gps/odometry.pose.pose.position.z,-0.1496574217453599
81.659755167,1782806706.699012124,/gps/odometry.pose.pose.position.z,-0.14999929256737232
81.692499529,1782806706.731756486,/gps/odometry.pose.pose.position.z,-0.15033599827438593
81.735619146,1782806706.774876103,/gps/odometry.pose.pose.position.z,-0.15066755004227161
81.772078537,1782806706.811335494,/gps/odometry.pose.pose.position.z,-0.15099395625293255
81.80512166,1782806706.844378617,/gps/odometry.pose.pose.position.z,-0.1513152252882719
81.842119767,1782806706.881376724,/gps/odometry.pose.pose.position.z,-0.151631367392838
81.879216743,1782806706.918473700,/gps/odometry.pose.pose.position.z,-0.15194239281117916
81.911616188,1782806706.950873145,/gps/odometry.pose.pose.position.z,-0.1522483080625534
81.944761188,1782806706.984018145,/gps/odometry.pose.pose.position.z,-0.15254912618547678
81.980986761,1782806707.020243718,/gps/odometry.pose.pose.position.z,-0.152844849973917
82.013912836,1782806707.053169793,/gps/odometry.pose.pose.position.z,-0.15313549246639013
82.054093519,1782806707.093350476,/gps/odometry.pose.pose.position.z,-0.15342106111347675
82.093354017,1782806707.132610974,/gps/odometry.pose.pose.position.z,-0.15370156429708004
82.126847326,1782806707.166104283,/gps/odometry.pose.pose.position.z,-0.15397701133042574
82.163071167,1782806707.202328124,/gps/odometry.pose.pose.position.z,-0.15424740966409445
82.204149185,1782806707.243406142,/gps/odometry.pose.pose.position.z,-0.1545127658173442
82.237294783,1782806707.276551740,/gps/odometry.pose.pose.position.z,-0.1547730891034007
82.279196316,1782806707.318453273,/gps/odometry.pose.pose.position.z,-0.15502838883548975
82.321157609,1782806707.360414566,/gps/odometry.pose.pose.position.z,-0.15527867153286934
82.353417124,1782806707.392674081,/gps/odometry.pose.pose.position.z,-0.15552394464612007
82.39869156500001,1782806707.437948522,/gps/odometry.pose.pose.position.z,-0.15576421562582254
82.430467531,1782806707.469724488,/gps/odometry.pose.pose.position.z,-0.1559994900599122
82.464031856,1782806707.503288813,/gps/odometry.pose.pose.position.z,-0.1562297809869051
82.510452606,1782806707.549709563,/gps/odometry.pose.pose.position.z,-0.15645509026944637
82.553805337,1782806707.593062294,/gps/odometry.pose.pose.position.z,-0.15667542722076178
82.586383065,1782806707.625640022,/gps/odometry.pose.pose.position.z,-0.1568907992914319
82.631121798,1782806707.670378755,/gps/odometry.pose.pose.position.z,-0.15710121020674706
82.677582433,1782806707.716839390,/gps/odometry.pose.pose.position.z,-0.15730667114257812
82.713457511,1782806707.752714468,/gps/odometry.pose.pose.position.z,-0.157507186755538
82.747749625,1782806707.787006582,/gps/odometry.pose.pose.position.z,-0.15770276449620724
82.781929587,1782806707.821186544,/gps/odometry.pose.pose.position.z,-0.15789340902119875
82.815012711,1782806707.854269668,/gps/odometry.pose.pose.position.z,-0.15807912778109312
82.856365255,1782806707.895622212,/gps/odometry.pose.pose.position.z,-0.1582599263638258
82.897810778,1782806707.937067735,/gps/odometry.pose.pose.position.z,-0.15843581221997738
82.933904924,1782806707.973161881,/gps/odometry.pose.pose.position.z,-0.15860679000616074
82.977330698,1782806708.016587655,/gps/odometry.pose.pose.position.z,-0.15877286717295647
83.017054985,1782806708.056311942,/gps/odometry.pose.pose.position.z,-0.15893404930830002
83.048711992,1782806708.087968949,/gps/odometry.pose.pose.position.z,-0.15909033920615911
83.083400677,1782806708.122657634,/gps/odometry.pose.pose.position.z,-0.15924174711108208
83.122547778,1782806708.161804735,/gps/odometry.pose.pose.position.z,-0.1593882767483592
83.153344169,1782806708.192601126,/gps/odometry.pose.pose.position.z,-0.1595299318432808
83.194497989,1782806708.233754946,/gps/odometry.pose.pose.position.z,-0.15966671891510487
83.229630927,1782806708.268887884,/gps/odometry.pose.pose.position.z,-0.15979864355176687
83.260777077,1782806708.300034034,/gps/odometry.pose.pose.position.z,-0.1599257132038474
83.301274979,1782806708.340531936,/gps/odometry.pose.pose.position.z,-0.16004792787134647
83.334095015,1782806708.373351972,/gps/odometry.pose.pose.position.z,-0.16016529500484467
83.374366327,1782806708.413623284,/gps/odometry.pose.pose.position.z,-0.16027782019227743
83.412548627,1782806708.451805584,/gps/odometry.pose.pose.position.z,-0.16038550715893507
83.445533676,1782806708.484790633,/gps/odometry.pose.pose.position.z,-0.16048836056143045
83.483982613,1782806708.523239570,/gps/odometry.pose.pose.position.z,-0.1605863831937313
83.521860569,1782806708.561117526,/gps/odometry.pose.pose.position.z,-0.16067958436906338
83.555391575,1782806708.594648532,/gps/odometry.pose.pose.position.z,-0.16076796129345894
83.598281496,1782806708.637538453,/gps/odometry.pose.pose.position.z,-0.1608515251427889
83.632972784,1782806708.672229741,/gps/odometry.pose.pose.position.z,-0.16093027777969837
83.666041615,1782806708.705298572,/gps/odometry.pose.pose.position.z,-0.16100422013550997
83.702583411,1782806708.741840368,/gps/odometry.pose.pose.position.z,-0.16107335966080427
83.737775416,1782806708.777032373,/gps/odometry.pose.pose.position.z,-0.16113769821822643
83.771897824,1782806708.811154781,/gps/odometry.pose.pose.position.z,-0.16119724046438932
83.810766284,1782806708.850023241,/gps/odometry.pose.pose.position.z,-0.1612519882619381
83.848469619,1782806708.887726576,/gps/odometry.pose.pose.position.z,-0.16130194906145334
83.881436758,1782806708.920693715,/gps/odometry.pose.pose.position.z,-0.16134712100028992
83.919115469,1782806708.958372426,/gps/odometry.pose.pose.position.z,-0.16138751059770584
83.960688244,1782806708.999945201,/gps/odometry.pose.pose.position.z,-0.1614231215789914
83.993181168,1782806709.032438125,/gps/odometry.pose.pose.position.z,-0.16145395580679178
84.034158168,1782806709.073415125,/gps/odometry.pose.pose.position.z,-0.16148001421242952
84.06835294,1782806709.107609897,/gps/odometry.pose.pose.position.z,-0.16150130424648523
84.101495768,1782806709.140752725,/gps/odometry.pose.pose.position.z,-0.1615178259089589
84.142643185,1782806709.181900142,/gps/odometry.pose.pose.position.z,-0.16152958292514086
84.191101863,1782806709.230358820,/gps/odometry.pose.pose.position.z,-0.1615365818142891
84.222550105,1782806709.261807062,/gps/odometry.pose.pose.position.z,-0.16153882071375847
84.267191877,1782806709.306448834,/gps/odometry.pose.pose.position.z,-0.16153630893677473
84.307350707,1782806709.346607664,/gps/odometry.pose.pose.position.z,-0.16152904648333788
84.340016114,1782806709.379273071,/gps/odometry.pose.pose.position.z,-0.16151703614741564
84.385301376,1782806709.424558333,/gps/odometry.pose.pose.position.z,-0.16150028724223375
84.420578333,1782806709.459835290,/gps/odometry.pose.pose.position.z,-0.16147879883646965
84.453304125,1782806709.492561082,/gps/odometry.pose.pose.position.z,-0.16145257651805878
84.49279159,1782806709.532048547,/gps/odometry.pose.pose.position.z,-0.161421624943614
84.533782635,1782806709.573039592,/gps/odometry.pose.pose.position.z,-0.16138594690710306
84.5657592,1782806709.605016157,/gps/odometry.pose.pose.position.z,-0.16134554892778397
84.608362264,1782806709.647619221,/gps/odometry.pose.pose.position.z,-0.16130043473094702
84.645283725,1782806709.684540682,/gps/odometry.pose.pose.position.z,-0.16125060711055994
84.677420551,1782806709.716677508,/gps/odometry.pose.pose.position.z,-0.1611960744485259
84.71401714,1782806709.753274097,/gps/odometry.pose.pose.position.z,-0.1611368376761675
84.753373726,1782806709.792630683,/gps/odometry.pose.pose.position.z,-0.1610729033127427
84.786214014,1782806709.825470971,/gps/odometry.pose.pose.position.z,-0.16100427601486444
84.820604446,1782806709.859861403,/gps/odometry.pose.pose.position.z,-0.16093096043914557
84.854104055,1782806709.893361012,/gps/odometry.pose.pose.position.z,-0.1608529631048441
84.887245963,1782806709.926502920,/gps/odometry.pose.pose.position.z,-0.16077028680592775
84.929854324,1782806709.969111281,/gps/odometry.pose.pose.position.z,-0.16068293899297714
84.972283644,1782806710.011540601,/gps/odometry.pose.pose.position.z,-0.16059092432260513
85.003521722,1782806710.042778679,/gps/odometry.pose.pose.position.z,-0.1604942474514246
85.036606178,1782806710.075863135,/gps/odometry.pose.pose.position.z,-0.160392913967371
85.069710695,1782806710.108967652,/gps/odometry.pose.pose.position.z,-0.1602869313210249
85.109207851,1782806710.148464808,/gps/odometry.pose.pose.position.z,-0.16017630323767662
85.1529745,1782806710.192231457,/gps/odometry.pose.pose.position.z,-0.1600610362365842
85.18566147,1782806710.224918427,/gps/odometry.pose.pose.position.z,-0.15994113590568304
85.226825474,1782806710.266082431,/gps/odometry.pose.pose.position.z,-0.1598166087642312
85.264198257,1782806710.303455214,/gps/odometry.pose.pose.position.z,-0.15968746040016413
85.297673601,1782806710.336930558,/gps/odometry.pose.pose.position.z,-0.15955369547009468
85.352462613,1782806710.391719570,/gps/odometry.pose.pose.position.z,-0.15941532235592604
85.416627812,1782806710.455884769,/gps/odometry.pose.pose.position.z,-0.15927234664559364
85.449341407,1782806710.488598364,/gps/odometry.pose.pose.position.z,-0.15912477392703295
85.498026447,1782806710.537283404,/gps/odometry.pose.pose.position.z,-0.15897261165082455
85.537512494,1782806710.576769451,/gps/odometry.pose.pose.position.z,-0.15881586726754904
85.57039757,1782806710.609654527,/gps/odometry.pose.pose.position.z,-0.1586545454338193
85.622408196,1782806710.661665153,/gps/odometry.pose.pose.position.z,-0.15848865266889334
85.672379616,1782806710.711636573,/gps/odometry.pose.pose.position.z,-0.15831819735467434
85.705851892,1782806710.745108849,/gps/odometry.pose.pose.position.z,-0.1581431832164526
85.771626545,1782806710.810883502,/gps/odometry.pose.pose.position.z,-0.15796362049877644
85.821685158,1782806710.860942115,/gps/odometry.pose.pose.position.z,-0.15777951665222645
85.854914117,1782806710.894171074,/gps/odometry.pose.pose.position.z,-0.1575908763334155
85.905364442,1782806710.944621399,/gps/odometry.pose.pose.position.z,-0.15739770606160164
85.956589404,1782806710.995846361,/gps/odometry.pose.pose.position.z,-0.15720001515001059
85.989649604,1782806711.028906561,/gps/odometry.pose.pose.position.z,-0.15699781011790037
86.032313575,1782806711.071570532,/gps/odometry.pose.pose.position.z,-0.1567910984158516
86.077943457,1782806711.117200414,/gps/odometry.pose.pose.position.z,-0.15657988842576742
86.11015007,1782806711.149407027,/gps/odometry.pose.pose.position.z,-0.15636418666690588
86.158946408,1782806711.198203365,/gps/odometry.pose.pose.position.z,-0.15614399872720242
86.208926275,1782806711.248183232,/gps/odometry.pose.pose.position.z,-0.15591933578252792
86.242697965,1782806711.281954922,/gps/odometry.pose.pose.position.z,-0.15569020435214043
86.291428076,1782806711.330685033,/gps/odometry.pose.pose.position.z,-0.15545661095529795
86.345781465,1782806711.385038422,/gps/odometry.pose.pose.position.z,-0.15521856397390366
86.379181553,1782806711.418438510,/gps/odometry.pose.pose.position.z,-0.15497607365250587
86.441107995,1782806711.480364952,/gps/odometry.pose.pose.position.z,-0.1547291474416852
86.489750536,1782806711.529007493,/gps/odometry.pose.pose.position.z,-0.15447778906673193
86.523106459,1782806711.562363416,/gps/odometry.pose.pose.position.z,-0.15422201063483953
86.591961012,1782806711.631217969,/gps/odometry.pose.pose.position.z,-0.1539618205279112
86.65166259,1782806711.690919547,/gps/odometry.pose.pose.position.z,-0.15369722340255976
86.684377175,1782806711.723634132,/gps/odometry.pose.pose.position.z,-0.15342823322862387
86.753003649,1782806711.792260606,/gps/odometry.pose.pose.position.z,-0.1531548546627164
86.813931039,1782806711.853187996,/gps/odometry.pose.pose.position.z,-0.1528770960867405
86.847699392,1782806711.886956349,/gps/odometry.pose.pose.position.z,-0.1525949677452445
86.890669409,1782806711.929926366,/gps/odometry.pose.pose.position.z,-0.15230847895145416
86.930144277,1782806711.969401234,/gps/odometry.pose.pose.position.z,-0.15201763436198235
86.96386327,1782806712.003120227,/gps/odometry.pose.pose.position.z,-0.15172244794666767
87.006830924,1782806712.046087881,/gps/odometry.pose.pose.position.z,-0.15142292715609074
87.04015613,1782806712.079413087,/gps/odometry.pose.pose.position.z,-0.15111907571554184
87.072974001,1782806712.112230958,/gps/odometry.pose.pose.position.z,-0.15081090945750475
87.109582892,1782806712.148839849,/gps/odometry.pose.pose.position.z,-0.1504984349012375
87.156287356,1782806712.195544313,/gps/odometry.pose.pose.position.z,-0.15018165856599808
87.189297069,1782806712.228554026,/gps/odometry.pose.pose.position.z,-0.14986059442162514
87.22812423,1782806712.267381187,/gps/odometry.pose.pose.position.z,-0.14953524805605412
87.260805736,1782806712.300062693,/gps/odometry.pose.pose.position.z,-0.14920562971383333
87.304670193,1782806712.343927150,/gps/odometry.pose.pose.position.z,-0.14887174870818853
87.339213374,1782806712.378470331,/gps/odometry.pose.pose.position.z,-0.14853361528366804
87.371992931,1782806712.411249888,/gps/odometry.pose.pose.position.z,-0.14819123782217503
87.414609034,1782806712.453865991,/gps/odometry.pose.pose.position.z,-0.14784462563693523
87.458513437,1782806712.497770394,/gps/odometry.pose.pose.position.z,-0.14749378990381956
87.491352086,1782806712.530609043,/gps/odometry.pose.pose.position.z,-0.14713873900473118
87.536783288,1782806712.576040245,/gps/odometry.pose.pose.position.z,-0.14677948411554098
87.574597022,1782806712.613853979,/gps/odometry.pose.pose.position.z,-0.14641603361815214
87.607764912,1782806712.647021869,/gps/odometry.pose.pose.position.z,-0.14604839496314526
87.645841779,1782806712.685098736,/gps/odometry.pose.pose.position.z,-0.14567658118903637
87.685440315,1782806712.724697272,/gps/odometry.pose.pose.position.z,-0.14530060440301895
87.718459311,1782806712.757716268,/gps/odometry.pose.pose.position.z,-0.14492047019302845
87.758934736,1782806712.798191693,/gps/odometry.pose.pose.position.z,-0.14453618973493576
87.802634924,1782806712.841891881,/gps/odometry.pose.pose.position.z,-0.14414777420461178
87.834858465,1782806712.874115422,/gps/odometry.pose.pose.position.z,-0.14375523198395967
87.877305049,1782806712.916562006,/gps/odometry.pose.pose.position.z,-0.14335857424885035
87.910482323,1782806712.949739280,/gps/odometry.pose.pose.position.z,-0.14295781217515469
87.943595366,1782806712.982852323,/gps/odometry.pose.pose.position.z,-0.14257561601698399
87.984453499,1782806713.023710456,/gps/odometry.pose.pose.position.z,-0.14237122610211372
88.022727292,1782806713.061984249,/gps/odometry.pose.pose.position.z,-0.14229421503841877
88.054461378,1782806713.093718335,/gps/odometry.pose.pose.position.z,-0.14235651306807995
88.095158006,1782806713.134414963,/gps/odometry.pose.pose.position.z,-0.1426897132769227
88.127843535,1782806713.167100492,/gps/odometry.pose.pose.position.z,-0.14318660087883472
88.160849555,1782806713.200106512,/gps/odometry.pose.pose.position.z,-0.14367914851754904
88.20412267,1782806713.243379627,/gps/odometry.pose.pose.position.z,-0.14416618458926678
88.240253007,1782806713.279509964,/gps/odometry.pose.pose.position.z,-0.1446477212011814
88.273199415,1782806713.312456372,/gps/odometry.pose.pose.position.z,-0.1451237741857767
88.307971036,1782806713.347227993,/gps/odometry.pose.pose.position.z,-0.145594353787601
88.347290402,1782806713.386547359,/gps/odometry.pose.pose.position.z,-0.14605947956442833
88.3804228,1782806713.419679757,/gps/odometry.pose.pose.position.z,-0.1465191598981619
88.417989172,1782806713.457246129,/gps/odometry.pose.pose.position.z,-0.14697340968996286
88.452303504,1782806713.491560461,/gps/odometry.pose.pose.position.z,-0.14742224477231503
88.485244663,1782806713.524501620,/gps/odometry.pose.pose.position.z,-0.14786567445844412
88.518201324,1782806713.557458281,/gps/odometry.pose.pose.position.z,-0.14830371364951134
88.560158593,1782806713.599415550,/gps/odometry.pose.pose.position.z,-0.14873637538403273
88.594146946,1782806713.633403903,/gps/odometry.pose.pose.position.z,-0.14916367083787918
88.633081997,1782806713.672338954,/gps/odometry.pose.pose.position.z,-0.1495856149122119
88.670592495,1782806713.709849452,/gps/odometry.pose.pose.position.z,-0.1500022178515792
88.702290901,1782806713.741547858,/gps/odometry.pose.pose.position.z,-0.15041349176317453
88.742142786,1782806713.781399743,/gps/odometry.pose.pose.position.z,-0.15081945061683655
88.786050141,1782806713.825307098,/gps/odometry.pose.pose.position.z,-0.15122010558843613
88.824408145,1782806713.863665102,/gps/odometry.pose.pose.position.z,-0.15161546785384417
88.867079163,1782806713.906336120,/gps/odometry.pose.pose.position.z,-0.15200554952025414
88.912011498,1782806713.951268455,/gps/odometry.pose.pose.position.z,-0.15239036083221436
88.949703984,1782806713.988960941,/gps/odometry.pose.pose.position.z,-0.15276991669088602
88.988002399,1782806714.027259356,/gps/odometry.pose.pose.position.z,-0.15314422454684973
89.031079053,1782806714.070336010,/gps/odometry.pose.pose.position.z,-0.15351329743862152
89.062136569,1782806714.101393526,/gps/odometry.pose.pose.position.z,-0.1538771465420723
89.096860867,1782806714.136117824,/gps/odometry.pose.pose.position.z,-0.1542357811704278
89.129940005,1782806714.169196962,/gps/odometry.pose.pose.position.z,-0.1545892134308815
89.175043876,1782806714.214300833,/gps/odometry.pose.pose.position.z,-0.15493745356798172
89.228385872,1782806714.267642829,/gps/odometry.pose.pose.position.z,-0.15528051368892193
89.261202088,1782806714.300459045,/gps/odometry.pose.pose.position.z,-0.15561840031296015
89.302371663,1782806714.341628620,/gps/odometry.pose.pose.position.z,-0.15595112647861242
89.341228999,1782806714.380485956,/gps/odometry.pose.pose.position.z,-0.1562787014991045
89.373923404,1782806714.413180361,/gps/odometry.pose.pose.position.z,-0.15660113468766212
89.415959234,1782806714.455216191,/gps/odometry.pose.pose.position.z,-0.15691843815147877
89.462276995,1782806714.501533952,/gps/odometry.pose.pose.position.z,-0.15723061934113503
89.495391423,1782806714.534648380,/gps/odometry.pose.pose.position.z,-0.15753768850117922
89.533160448,1782806714.572417405,/gps/odometry.pose.pose.position.z,-0.15783965587615967
89.570205193,1782806714.609462150,/gps/odometry.pose.pose.position.z,-0.15813652891665697
89.604342679,1782806714.643599636,/gps/odometry.pose.pose.position.z,-0.15842831786721945
89.658860023,1782806714.698116980,/gps/odometry.pose.pose.position.z,-0.158715033903718
89.696536204,1782806714.735793161,/gps/odometry.pose.pose.position.z,-0.15899668168276548
89.729693233,1782806714.768950190,/gps/odometry.pose.pose.position.z,-0.15927327331155539
89.772496642,1782806714.811753599,/gps/odometry.pose.pose.position.z,-0.1595448162406683
89.815326447,1782806714.854583404,/gps/odometry.pose.pose.position.z,-0.15981132071465254
89.848386921,1782806714.887643878,/gps/odometry.pose.pose.position.z,-0.16007279325276613
89.887034091,1782806714.926291048,/gps/odometry.pose.pose.position.z,-0.16032924223691225
89.923562852,1782806714.962819809,/gps/odometry.pose.pose.position.z,-0.1605806779116392
89.955616044,1782806714.994873001,/gps/odometry.pose.pose.position.z,-0.16082710586488247
90.011392609,1782806715.050649566,/gps/odometry.pose.pose.position.z,-0.16106853354722261
90.052134333,1782806715.091391290,/gps/odometry.pose.pose.position.z,-0.16130497492849827
90.088198731,1782806715.127455688,/gps/odometry.pose.pose.position.z,-0.16153643000870943
90.124511889,1782806715.163768846,/gps/odometry.pose.pose.position.z,-0.16176291275769472
90.16631212,1782806715.205569077,/gps/odometry.pose.pose.position.z,-0.16198442410677671
90.199229961,1782806715.238486918,/gps/odometry.pose.pose.position.z,-0.16220097709447145
90.252143374,1782806715.291400331,/gps/odometry.pose.pose.position.z,-0.16241257824003696
90.298814266,1782806715.338071223,/gps/odometry.pose.pose.position.z,-0.16261923220008612
90.333908724,1782806715.373165681,/gps/odometry.pose.pose.position.z,-0.16282094828784466
90.37289111,1782806715.412148067,/gps/odometry.pose.pose.position.z,-0.16301773209124804
90.415774305,1782806715.455031262,/gps/odometry.pose.pose.position.z,-0.16320959106087685
90.447479072,1782806715.486736029,/gps/odometry.pose.pose.position.z,-0.1633965317159891
90.495235587,1782806715.534492544,/gps/odometry.pose.pose.position.z,-0.163578562438488
90.537248169,1782806715.576505126,/gps/odometry.pose.pose.position.z,-0.16375568695366383
90.568602149,1782806715.607859106,/gps/odometry.pose.pose.position.z,-0.1639279117807746
90.60800379,1782806715.647260747,/gps/odometry.pose.pose.position.z,-0.16409524716436863
90.650681181,1782806715.689938138,/gps/odometry.pose.pose.position.z,-0.1642576940357685
90.685068895,1782806715.724325852,/gps/odometry.pose.pose.position.z,-0.16441526357084513
90.734698232,1782806715.773955189,/gps/odometry.pose.pose.position.z,-0.1645679548382759
90.785146665,1782806715.824403622,/gps/odometry.pose.pose.position.z,-0.16471578180789948
90.819707789,1782806715.858964746,/gps/odometry.pose.pose.position.z,-0.16485874354839325
90.861873066,1782806715.901130023,/gps/odometry.pose.pose.position.z,-0.16499684937298298
90.903607261,1782806715.942864218,/gps/odometry.pose.pose.position.z,-0.16513010393828154
90.935622108,1782806715.974879065,/gps/odometry.pose.pose.position.z,-0.1652585119009018
90.983200837,1782806716.022457794,/gps/odometry.pose.pose.position.z,-0.16538208071142435
91.033909243,1782806716.073166200,/gps/odometry.pose.pose.position.z,-0.1655008140951395
91.071291662,1782806716.110548619,/gps/odometry.pose.pose.position.z,-0.1656147139146924
91.111683673,1782806716.150940630,/gps/odometry.pose.pose.position.z,-0.16572379041463137
91.145898031,1782806716.185154988,/gps/odometry.pose.pose.position.z,-0.16582804638892412
91.19466427,1782806716.233921227,/gps/odometry.pose.pose.position.z,-0.16592748556286097
91.246445886,1782806716.285702843,/gps/odometry.pose.pose.position.z,-0.16602211445569992
91.280245263,1782806716.319502220,/gps/odometry.pose.pose.position.z,-0.16611193493008614
91.325551743,1782806716.364808700,/gps/odometry.pose.pose.position.z,-0.1661969544366002
91.373035123,1782806716.412292080,/gps/odometry.pose.pose.position.z,-0.1662771748378873
91.405662204,1782806716.444919161,/gps/odometry.pose.pose.position.z,-0.16635260172188282
91.448538459,1782806716.487795416,/gps/odometry.pose.pose.position.z,-0.16642323974519968
91.495206119,1782806716.534463076,/gps/odometry.pose.pose.position.z,-0.16648909077048302
91.528068475,1782806716.567325432,/gps/odometry.pose.pose.position.z,-0.16655016131699085
91.576382319,1782806716.615639276,/gps/odometry.pose.pose.position.z,-0.1666064513847232
91.622353772,1782806716.661610729,/gps/odometry.pose.pose.position.z,-0.16665796749293804
91.655047864,1782806716.694304821,/gps/odometry.pose.pose.position.z,-0.16670471336692572
91.708307456,1782806716.747564413,/gps/odometry.pose.pose.position.z,-0.16674669180065393
91.764912831,1782806716.804169788,/gps/odometry.pose.pose.position.z,-0.16678390558809042
91.798122557,1782806716.837379514,/gps/odometry.pose.pose.position.z,-0.16681635845452547
91.853888387,1782806716.893145344,/gps/odometry.pose.pose.position.z,-0.1668440531939268
91.918882727,1782806716.958139684,/gps/odometry.pose.pose.position.z,-0.16686699353158474
91.953730703,1782806716.992987660,/gps/odometry.pose.pose.position.z,-0.1668851813301444
92.015865075,1782806717.055122032,/gps/odometry.pose.pose.position.z,-0.1668986203148961
92.065211424,1782806717.104468381,/gps/odometry.pose.pose.position.z,-0.16690731327980757
92.097150217,1782806717.136407174,/gps/odometry.pose.pose.position.z,-0.16691126488149166
92.146587927,1782806717.185844884,/gps/odometry.pose.pose.position.z,-0.16691047605127096
92.196475935,1782806717.235732892,/gps/odometry.pose.pose.position.z,-0.16690495051443577
92.232093385,1782806717.271350342,/gps/odometry.pose.pose.position.z,-0.16689469199627638
92.282157088,1782806717.321414045,/gps/odometry.pose.pose.position.z,-0.1668797042220831
92.331183116,1782806717.370440073,/gps/odometry.pose.pose.position.z,-0.1668599909171462
92.364975319,1782806717.404232276,/gps/odometry.pose.pose.position.z,-0.16683555580675602
92.416847172,1782806717.456104129,/gps/odometry.pose.pose.position.z,-0.1668064035475254
92.473953149,1782806717.513210106,/gps/odometry.pose.pose.position.z,-0.16677253413945436
92.508284221,1782806717.547541178,/gps/odometry.pose.pose.position.z,-0.1667339550331235
92.564883185,1782806717.604140142,/gps/odometry.pose.pose.position.z,-0.1666906727477908
92.615072898,1782806717.654329855,/gps/odometry.pose.pose.position.z,-0.16664268542081118
92.648470874,1782806717.687727831,/gps/odometry.pose.pose.position.z,-0.16659000050276518
92.708840881,1782806717.748097838,/gps/odometry.pose.pose.position.z,-0.16653262171894312
92.76107896,1782806717.800335917,/gps/odometry.pose.pose.position.z,-0.16647055372595787
92.796377499,1782806717.835634456,/gps/odometry.pose.pose.position.z,-0.16640380211174488
92.84721615,1782806717.886473107,/gps/odometry.pose.pose.position.z,-0.1663323687389493
92.899332378,1782806717.938589335,/gps/odometry.pose.pose.position.z,-0.1662562619894743
92.935907106,1782806717.975164063,/gps/odometry.pose.pose.position.z,-0.16617548279464245
92.98644954,1782806718.025706497,/gps/odometry.pose.pose.position.z,-0.16609003860503435
93.047255008,1782806718.086511965,/gps/odometry.pose.pose.position.z,-0.16599993407726288
93.080025974,1782806718.119282931,/gps/odometry.pose.pose.position.z,-0.16590517200529575
93.139416205,1782806718.178673162,/gps/odometry.pose.pose.position.z,-0.16580576077103615
93.202357819,1782806718.241614776,/gps/odometry.pose.pose.position.z,-0.16570170316845179
93.238686444,1782806718.277943401,/gps/odometry.pose.pose.position.z,-0.16559300664812326
93.295977841,1782806718.335234798,/gps/odometry.pose.pose.position.z,-0.1654796740040183
93.351928477,1782806718.391185434,/gps/odometry.pose.pose.position.z,-0.1653617126867175
93.384591582,1782806718.423848539,/gps/odometry.pose.pose.position.z,-0.16523912642151117
93.450790788,1782806718.490047745,/gps/odometry.pose.pose.position.z,-0.1651119226589799
93.483664503,1782806718.522921460,/gps/odometry.pose.pose.position.z,-0.16498010698705912
93.53679048,1782806718.576047437,/gps/odometry.pose.pose.position.z,-0.1648436849936843
93.590125383,1782806718.629382340,/gps/odometry.pose.pose.position.z,-0.16470266226679087
93.622929942,1782806718.662186899,/gps/odometry.pose.pose.position.z,-0.1645570443943143
93.682539785,1782806718.721796742,/gps/odometry.pose.pose.position.z,-0.16440683696419
93.749830141,1782806718.789087098,/gps/odometry.pose.pose.position.z,-0.16425204742699862
93.782664117,1782806718.821921074,/gps/odometry.pose.pose.position.z,-0.16409268137067556
93.835435662,1782806718.874692619,/gps/odometry.pose.pose.position.z,-0.16392874624580145
93.8887916,1782806718.928048557,/gps/odometry.pose.pose.position.z,-0.16376024764031172
93.921653916,1782806718.960910873,/gps/odometry.pose.pose.position.z,-0.16358719114214182
93.985731419,1782806719.024988376,/gps/odometry.pose.pose.position.z,-0.16340958420187235
94.043075827,1782806719.082332784,/gps/odometry.pose.pose.position.z,-0.1632274342700839
94.078055666,1782806719.117312623,/gps/odometry.pose.pose.position.z,-0.16304074600338936
94.139442047,1782806719.178699004,/gps/odometry.pose.pose.position.z,-0.1628495305776596
94.190683476,1782806719.229940433,/gps/odometry.pose.pose.position.z,-0.1626537935808301
94.223823632,1782806719.263080589,/gps/odometry.pose.pose.position.z,-0.16245354153215885
94.267748187,1782806719.307005144,/gps/odometry.pose.pose.position.z,-0.1622487846761942
94.315875228,1782806719.355132185,/gps/odometry.pose.pose.position.z,-0.1620395304635167
94.348883798,1782806719.388140755,/gps/odometry.pose.pose.position.z,-0.16182578541338444
94.407896156,1782806719.447153113,/gps/odometry.pose.pose.position.z,-0.1616075597703457
94.455831827,1782806719.495088784,/gps/odometry.pose.pose.position.z,-0.16138486005365849
94.488834304,1782806719.528091261,/gps/odometry.pose.pose.position.z,-0.16115769278258085
94.550728925,1782806719.589985882,/gps/odometry.pose.pose.position.z,-0.16092606913298368
94.602647535,1782806719.641904492,/gps/odometry.pose.pose.position.z,-0.16068999376147985
94.635675659,1782806719.674932616,/gps/odometry.pose.pose.position.z,-0.16044947784394026
94.68791749,1782806719.727174447,/gps/odometry.pose.pose.position.z,-0.16020452789962292
94.744645034,1782806719.783901991,/gps/odometry.pose.pose.position.z,-0.15995515324175358
94.780013582,1782806719.819270539,/gps/odometry.pose.pose.position.z,-0.15970136038959026
94.830776301,1782806719.870033258,/gps/odometry.pose.pose.position.z,-0.15944316051900387
94.887053693,1782806719.926310650,/gps/odometry.pose.pose.position.z,-0.15918055828660727
94.920652853,1782806719.959909810,/gps/odometry.pose.pose.position.z,-0.15891356393694878
94.972633728,1782806720.011890685,/gps/odometry.pose.pose.position.z,-0.158642184920609
95.02540193,1782806720.064658887,/gps/odometry.pose.pose.position.z,-0.15836643241345882
95.058273203,1782806720.097530160,/gps/odometry.pose.pose.position.z,-0.1580863120034337
95.11064697,1782806720.149903927,/gps/odometry.pose.pose.position.z,-0.1578018357977271
95.169930651,1782806720.209187608,/gps/odometry.pose.pose.position.z,-0.15751300938427448
95.202633571,1782806720.241890528,/gps/odometry.pose.pose.position.z,-0.15721983928233385
95.248209607,1782806720.287466564,/gps/odometry.pose.pose.position.z,-0.15692233946174383
95.306102945,1782806720.345359902,/gps/odometry.pose.pose.position.z,-0.15662051644176245
95.347257358,1782806720.386514315,/gps/odometry.pose.pose.position.z,-0.15631437860429287
95.404830933,1782806720.444087890,/gps/odometry.pose.pose.position.z,-0.1560039333999157
95.457525498,1782806720.496782455,/gps/odometry.pose.pose.position.z,-0.15568919479846954
95.49075459,1782806720.530011547,/gps/odometry.pose.pose.position.z,-0.1553701665252447
95.53981955,1782806720.579076507,/gps/odometry.pose.pose.position.z,-0.15504685882478952
95.603259281,1782806720.642516238,/gps/odometry.pose.pose.position.z,-0.15471928287297487
95.63541162,1782806720.674668577,/gps/odometry.pose.pose.position.z,-0.15438744705170393
95.690997643,1782806720.730254600,/gps/odometry.pose.pose.position.z,-0.1540513588115573
95.75447442,1782806720.793731377,/gps/odometry.pose.pose.position.z,-0.15371102932840586
95.792721931,1782806720.831978888,/gps/odometry.pose.pose.position.z,-0.1533664669841528
95.840983203,1782806720.880240160,/gps/odometry.pose.pose.position.z,-0.15301768016070127
95.873938986,1782806720.913195943,/gps/odometry.pose.pose.position.z,-0.1526646800339222
95.929209711,1782806720.968466668,/gps/odometry.pose.pose.position.z,-0.15230747684836388
95.985080895,1782806721.024337852,/gps/odometry.pose.pose.position.z,-0.15194607805460691
96.017938857,1782806721.057195814,/gps/odometry.pose.pose.position.z,-0.15158049389719963
96.072384157,1782806721.111641114,/gps/odometry.pose.pose.position.z,-0.1512107327580452
96.144377987,1782806721.183634944,/gps/odometry.pose.pose.position.z,-0.1508368058130145
96.17734463,1782806721.216601587,/gps/odometry.pose.pose.position.z,-0.1504587223753333
96.23214016,1782806721.271397117,/gps/odometry.pose.pose.position.z,-0.15007649268954992
96.288245136,1782806721.327502093,/gps/odometry.pose.pose.position.z,-0.14969012700021267
96.319886918,1782806721.359143875,/gps/odometry.pose.pose.position.z,-0.14929963368922472
96.376321775,1782806721.415578732,/gps/odometry.pose.pose.position.z,-0.14890502393245697
96.42742231,1782806721.466679267,/gps/odometry.pose.pose.position.z,-0.14850630518049002
96.460182706,1782806721.499439663,/gps/odometry.pose.pose.position.z,-0.14810349140316248
96.52154499,1782806721.560801947,/gps/odometry.pose.pose.position.z,-0.14769658911973238
96.5692804,1782806721.608537357,/gps/odometry.pose.pose.position.z,-0.14728561136871576
96.602364757,1782806721.641621714,/gps/odometry.pose.pose.position.z,-0.14687056746333838
96.672351936,1782806721.711608893,/gps/odometry.pose.pose.position.z,-0.1464514657855034
96.724268545,1782806721.763525502,/gps/odometry.pose.pose.position.z,-0.14602831844240427
96.758849854,1782806721.798106811,/gps/odometry.pose.pose.position.z,-0.14560113474726677
96.812241626,1782806721.851498583,/gps/odometry.pose.pose.position.z,-0.1451699249446392
96.876633527,1782806721.915890484,/gps/odometry.pose.pose.position.z,-0.14473470207303762
96.910115762,1782806721.949372719,/gps/odometry.pose.pose.position.z,-0.14429547358304262
96.969126683,1782806722.008383640,/gps/odometry.pose.pose.position.z,-0.14385224971920252
97.026322481,1782806722.065579438,/gps/odometry.pose.pose.position.z,-0.14340504352003336
97.062118745,1782806722.101375702,/gps/odometry.pose.pose.position.z,-0.1429538642987609
97.11210354,1782806722.151360497,/gps/odometry.pose.pose.position.z,-0.14253332931548357
97.164989829,1782806722.204246786,/gps/odometry.pose.pose.position.z,-0.14230444561690092
97.197304065,1782806722.236561022,/gps/odometry.pose.pose.position.z,-0.14223258290439844
97.264079955,1782806722.303336912,/gps/odometry.pose.pose.position.z,-0.14239670056849718
97.314139113,1782806722.353396070,/gps/odometry.pose.pose.position.z,-0.142670176923275
97.346252463,1782806722.385509420,/gps/odometry.pose.pose.position.z,-0.14303991943597794
97.400766863,1782806722.440023820,/gps/odometry.pose.pose.position.z,-0.14340682420879602
97.458850398,1782806722.498107355,/gps/odometry.pose.pose.position.z,-0.14376852102577686
97.493901508,1782806722.533158465,/gps/odometry.pose.pose.position.z,-0.14412502013146877
97.536739969,1782806722.575996926,/gps/odometry.pose.pose.position.z,-0.14447633270174265
97.5997209,1782806722.638977857,/gps/odometry.pose.pose.position.z,-0.1448224689811468
97.632319681,1782806722.671576638,/gps/odometry.pose.pose.position.z,-0.1451634420081973
97.677700552,1782806722.716957509,/gps/odometry.pose.pose.position.z,-0.14549925830215216
97.725995091,1782806722.765252048,/gps/odometry.pose.pose.position.z,-0.1458299309015274
97.757290688,1782806722.796547645,/gps/odometry.pose.pose.position.z,-0.14615546632558107
97.814288262,1782806722.853545219,/gps/odometry.pose.pose.position.z,-0.1464758776128292
97.870072622,1782806722.909329579,/gps/odometry.pose.pose.position.z,-0.14679117314517498
97.902432654,1782806722.941689611,/gps/odometry.pose.pose.position.z,-0.14710136502981186
97.960601935,1782806722.999858892,/gps/odometry.pose.pose.position.z,-0.14740645792335272
98.013178452,1782806723.052435409,/gps/odometry.pose.pose.position.z,-0.14770646393299103
98.044581028,1782806723.083837985,/gps/odometry.pose.pose.position.z,-0.1480013933032751
98.099670284,1782806723.138927241,/gps/odometry.pose.pose.position.z,-0.14829125441610813
98.154850365,1782806723.194107322,/gps/odometry.pose.pose.position.z,-0.14857605565339327
98.189137668,1782806723.228394625,/gps/odometry.pose.pose.position.z,-0.14885580446571112
98.246924825,1782806723.286181782,/gps/odometry.pose.pose.position.z,-0.14913051296025515
98.2796856,1782806723.318942557,/gps/odometry.pose.pose.position.z,-0.14940018858760595
98.323160632,1782806723.362417589,/gps/odometry.pose.pose.position.z,-0.14966483879834414
98.385141776,1782806723.424398733,/gps/odometry.pose.pose.position.z,-0.14992447197437286
98.417466101,1782806723.456723058,/gps/odometry.pose.pose.position.z,-0.15017909742891788
98.462360751,1782806723.501617708,/gps/odometry.pose.pose.position.z,-0.15042872447520494
98.50594939,1782806723.545206347,/gps/odometry.pose.pose.position.z,-0.15067335683852434
98.538693921,1782806723.577950878,/gps/odometry.pose.pose.position.z,-0.1509130084887147
98.595442313,1782806723.634699270,/gps/odometry.pose.pose.position.z,-0.1511476831510663
98.628608342,1782806723.667865299,/gps/odometry.pose.pose.position.z,-0.15137738920748234
98.661954577,1782806723.701211534,/gps/odometry.pose.pose.position.z,-0.1516021341085434
98.710969451,1782806723.750226408,/gps/odometry.pose.pose.position.z,-0.15182192716747522
98.756355993,1782806723.795612950,/gps/odometry.pose.pose.position.z,-0.1520367730408907
98.789128113,1782806723.828385070,/gps/odometry.pose.pose.position.z,-0.15224668011069298
98.836206799,1782806723.875463756,/gps/odometry.pose.pose.position.z,-0.1524516548961401
98.886655231,1782806723.925912188,/gps/odometry.pose.pose.position.z,-0.15265170764178038
98.919368453,1782806723.958625410,/gps/odometry.pose.pose.position.z,-0.1528468420729041
98.964678592,1782806724.003935549,/gps/odometry.pose.pose.position.z,-0.15303706470876932
99.010055522,1782806724.049312479,/gps/odometry.pose.pose.position.z,-0.15322238486260176
99.042327046,1782806724.081584003,/gps/odometry.pose.pose.position.z,-0.1534028071910143
99.086919258,1782806724.126176215,/gps/odometry.pose.pose.position.z,-0.15357833821326494
99.13424545,1782806724.173502407,/gps/odometry.pose.pose.position.z,-0.1537489853799343
99.167499643,1782806724.206756600,/gps/odometry.pose.pose.position.z,-0.15391475521028042
99.218167263,1782806724.257424220,/gps/odometry.pose.pose.position.z,-0.154075650498271
99.266348447,1782806724.305605404,/gps/odometry.pose.pose.position.z,-0.15423168241977692
99.300394623,1782806724.339651580,/gps/odometry.pose.pose.position.z,-0.15438285190612078
99.339277196,1782806724.378534153,/gps/odometry.pose.pose.position.z,-0.1545291692018509
99.383931627,1782806724.423188584,/gps/odometry.pose.pose.position.z,-0.1546706361696124
99.416724495,1782806724.455981452,/gps/odometry.pose.pose.position.z,-0.1548072611913085
99.461372543,1782806724.500629500,/gps/odometry.pose.pose.position.z,-0.15493904892355204
99.506031601,1782806724.545288558,/gps/odometry.pose.pose.position.z,-0.15506600588560104
99.538723191,1782806724.577980148,/gps/odometry.pose.pose.position.z,-0.15518813394010067
99.578916227,1782806724.618173184,/gps/odometry.pose.pose.position.z,-0.1553054414689541
99.614623233,1782806724.653880190,/gps/odometry.pose.pose.position.z,-0.15541793312877417
99.647658141,1782806724.686915098,/gps/odometry.pose.pose.position.z,-0.15552561357617378
99.69026357,1782806724.729520527,/gps/odometry.pose.pose.position.z,-0.15562848467379808
99.735206055,1782806724.774463012,/gps/odometry.pose.pose.position.z,-0.1557265566661954
99.767852066,1782806724.807109023,/gps/odometry.pose.pose.position.z,-0.15581983141601086
99.812413993,1782806724.851670950,/gps/odometry.pose.pose.position.z,-0.15590831264853477
99.860273362,1782806724.899530319,/gps/odometry.pose.pose.position.z,-0.15599200781434774
99.893181045,1782806724.932438002,/gps/odometry.pose.pose.position.z,-0.15607091784477234
99.934976997,1782806724.974233954,/gps/odometry.pose.pose.position.z,-0.156145048327744
99.973916793,1782806725.013173750,/gps/odometry.pose.pose.position.z,-0.15621440205723047
100.006664976,1782806725.045921933,/gps/odometry.pose.pose.position.z,-0.15627898555248976
100.042086695,1782806725.081343652,/gps/odometry.pose.pose.position.z,-0.15633880253881216
100.088572662,1782806725.127829619,/gps/odometry.pose.pose.position.z,-0.1563938558101654
100.120969545,1782806725.160226502,/gps/odometry.pose.pose.position.z,-0.15644414816051722
100.16240452,1782806725.201661477,/gps/odometry.pose.pose.position.z,-0.15648968424648046
100.209654496,1782806725.248911453,/gps/odometry.pose.pose.position.z,-0.15653046686202288
100.242845581,1782806725.282102538,/gps/odometry.pose.pose.position.z,-0.15656650066375732
100.287737719,1782806725.326994676,/gps/odometry.pose.pose.position.z,-0.15659778844565153
100.320633549,1782806725.359890506,/gps/odometry.pose.pose.position.z,-0.15662433486431837
100.369114889,1782806725.408371846,/gps/odometry.pose.pose.position.z,-0.1566461380571127
100.412929389,1782806725.452186346,/gps/odometry.pose.pose.position.z,-0.15666320733726025
100.44584671,1782806725.485103667,/gps/odometry.pose.pose.position.z,-0.1566755399107933
100.489736922,1782806725.528993879,/gps/odometry.pose.pose.position.z,-0.15668314322829247
100.52999421,1782806725.569251167,/gps/odometry.pose.pose.position.z,-0.15668601915240288
100.562921406,1782806725.602178363,/gps/odometry.pose.pose.position.z,-0.15668416768312454
100.602925058,1782806725.642182015,/gps/odometry.pose.pose.position.z,-0.15667759627103806
100.645481688,1782806725.684738645,/gps/odometry.pose.pose.position.z,-0.156666305847466
100.678569046,1782806725.717826003,/gps/odometry.pose.pose.position.z,-0.15665030106902122
100.717363659,1782806725.756620616,/gps/odometry.pose.pose.position.z,-0.15662958659231663
100.765045566,1782806725.804302523,/gps/odometry.pose.pose.position.z,-0.15660416427999735
100.798094161,1782806725.837351118,/gps/odometry.pose.pose.position.z,-0.15657403599470854
100.836182678,1782806725.875439635,/gps/odometry.pose.pose.position.z,-0.15653921011835337
100.876803075,1782806725.916060032,/gps/odometry.pose.pose.position.z,-0.15649968665093184
100.911027667,1782806725.950284624,/gps/odometry.pose.pose.position.z,-0.15645547211170197
100.948878901,1782806725.988135858,/gps/odometry.pose.pose.position.z,-0.15640657022595406
100.992697574,1782806726.031954531,/gps/odometry.pose.pose.position.z,-0.15635298378765583
101.02593094,1782806726.065187897,/gps/odometry.pose.pose.position.z,-0.1562947165220976
101.068359056,1782806726.107616013,/gps/odometry.pose.pose.position.z,-0.15623177587985992
101.110618976,1782806726.149875933,/gps/odometry.pose.pose.position.z,-0.156164163723588
101.143927068,1782806726.183184025,/gps/odometry.pose.pose.position.z,-0.1560918865725398
101.180712882,1782806726.219969839,/gps/odometry.pose.pose.position.z,-0.1560149472206831
101.216188285,1782806726.255445242,/gps/odometry.pose.pose.position.z,-0.1559333512559533
101.25099354,1782806726.290250497,/gps/odometry.pose.pose.position.z,-0.15584710333496332
101.295304927,1782806726.334561884,/gps/odometry.pose.pose.position.z,-0.155756208114326
101.335844597,1782806726.375101554,/gps/odometry.pose.pose.position.z,-0.1556606711819768
101.369073177,1782806726.408330134,/gps/odometry.pose.pose.position.z,-0.15556049812585115
101.415075606,1782806726.454332563,/gps/odometry.pose.pose.position.z,-0.15545569267123938
101.459457065,1782806726.498714022,/gps/odometry.pose.pose.position.z,-0.1553462604060769
101.493228291,1782806726.532485248,/gps/odometry.pose.pose.position.z,-0.15523220784962177
101.538072094,1782806726.577329051,/gps/odometry.pose.pose.position.z,-0.15511353872716427
101.584271235,1782806726.623528192,/gps/odometry.pose.pose.position.z,-0.15499025955796242
101.621329059,1782806726.660586016,/gps/odometry.pose.pose.position.z,-0.1548623749986291
101.666466345,1782806726.705723302,/gps/odometry.pose.pose.position.z,-0.1547298924997449
101.706341156,1782806726.745598113,/gps/odometry.pose.pose.position.z,-0.1545928167179227
101.73968968,1782806726.778946637,/gps/odometry.pose.pose.position.z,-0.15445115324109793
101.776382421,1782806726.815639378,/gps/odometry.pose.pose.position.z,-0.15430490765720606
101.815356231,1782806726.854613188,/gps/odometry.pose.pose.position.z,-0.15415408927947283
101.847601296,1782806726.886858253,/gps/odometry.pose.pose.position.z,-0.1539986990392208
101.892678319,1782806726.931935276,/gps/odometry.pose.pose.position.z,-0.15383874624967575
101.937205696,1782806726.976462653,/gps/odometry.pose.pose.position.z,-0.1536742364987731
101.969565196,1782806727.008822153,/gps/odometry.pose.pose.position.z,-0.15350517630577087
102.006356336,1782806727.045613293,/gps/odometry.pose.pose.position.z,-0.15333157125860453
102.040904633,1782806727.080161590,/gps/odometry.pose.pose.position.z,-0.15315342880785465
102.07291948,1782806727.112176437,/gps/odometry.pose.pose.position.z,-0.15297075640410185
102.111648843,1782806727.150905800,/gps/odometry.pose.pose.position.z,-0.1527835577726364
102.154346888,1782806727.193603845,/gps/odometry.pose.pose.position.z,-0.15259184315800667
102.18716055,1782806727.226417507,/gps/odometry.pose.pose.position.z,-0.1523956162855029
102.219750432,1782806727.259007389,/gps/odometry.pose.pose.position.z,-0.15219488460570574
102.25319547,1782806727.292452427,/gps/odometry.pose.pose.position.z,-0.1519896574318409
102.292937243,1782806727.332194200,/gps/odometry.pose.pose.position.z,-0.15177993942052126
102.331476574,1782806727.370733531,/gps/odometry.pose.pose.position.z,-0.15156573895365
102.364453068,1782806727.403710025,/gps/odometry.pose.pose.position.z,-0.1513470634818077
102.407534993,1782806727.446791950,/gps/odometry.pose.pose.position.z,-0.15112391859292984
102.442133783,1782806727.481390740,/gps/odometry.pose.pose.position.z,-0.150896311737597
102.475095067,1782806727.514352024,/gps/odometry.pose.pose.position.z,-0.15066425316035748
102.513774572,1782806727.553031529,/gps/odometry.pose.pose.position.z,-0.1504277465865016
102.55626773,1782806727.595524687,/gps/odometry.pose.pose.position.z,-0.1501868013292551
102.58913001,1782806727.628386967,/gps/odometry.pose.pose.position.z,-0.14994142670184374
102.627786586,1782806727.667043543,/gps/odometry.pose.pose.position.z,-0.14969162922352552
102.661890898,1782806727.701147855,/gps/odometry.pose.pose.position.z,-0.1494374144822359
102.694748975,1782806727.734005932,/gps/odometry.pose.pose.position.z,-0.1491787927225232
102.730588644,1782806727.769845601,/gps/odometry.pose.pose.position.z,-0.14891577139496803
102.772950282,1782806727.812207239,/gps/odometry.pose.pose.position.z,-0.14864835888147354
102.806017397,1782806727.845274354,/gps/odometry.pose.pose.position.z,-0.1483765635639429
102.849255233,1782806727.888512190,/gps/odometry.pose.pose.position.z,-0.14810039103031158
102.880070235,1782806727.919327192,/gps/odometry.pose.pose.position.z,-0.14781985245645046
102.913070093,1782806727.952327050,/gps/odometry.pose.pose.position.z,-0.14753495436161757
102.957880254,1782806727.997137211,/gps/odometry.pose.pose.position.z,-0.1472457069903612
102.997973209,1782806728.037230166,/gps/odometry.pose.pose.position.z,-0.14695211686193943
103.032257665,1782806728.071514622,/gps/odometry.pose.pose.position.z,-0.1466541923582554
103.06703958,1782806728.106296537,/gps/odometry.pose.pose.position.z,-0.1463519437238574
103.102310515,1782806728.141567472,/gps/odometry.pose.pose.position.z,-0.14604537934064865
103.135453909,1782806728.174710866,/gps/odometry.pose.pose.position.z,-0.1457345075905323
103.175424711,1782806728.214681668,/gps/odometry.pose.pose.position.z,-0.14541933592408895
103.2146959,1782806728.253952857,/gps/odometry.pose.pose.position.z,-0.14509987365454435
103.247734871,1782806728.286991828,/gps/odometry.pose.pose.position.z,-0.1447761319577694
103.280726164,1782806728.319983121,/gps/odometry.pose.pose.position.z,-0.1444481173530221
103.320813858,1782806728.360070815,/gps/odometry.pose.pose.position.z,-0.1441158400848508
103.353739021,1782806728.392995978,/gps/odometry.pose.pose.position.z,-0.14377930853515863
103.396356094,1782806728.435613051,/gps/odometry.pose.pose.position.z,-0.14343853294849396
103.433433348,1782806728.472690305,/gps/odometry.pose.pose.position.z,-0.14309352077543736
103.465486282,1782806728.504743239,/gps/odometry.pose.pose.position.z,-0.14274428226053715
103.502780245,1782806728.542037202,/gps/odometry.pose.pose.position.z,-0.14245700929313898
103.545309516,1782806728.584566473,/gps/odometry.pose.pose.position.z,-0.14230032730847597
103.57863613,1782806728.617893087,/gps/odometry.pose.pose.position.z,-0.14225751534104347
103.618304602,1782806728.657561559,/gps/odometry.pose.pose.position.z,-0.14236767124384642
103.654829521,1782806728.694086478,/gps/odometry.pose.pose.position.z,-0.14263271819800138
103.687758665,1782806728.727015622,/gps/odometry.pose.pose.position.z,-0.14298858400434256
103.720770066,1782806728.760027023,/gps/odometry.pose.pose.position.z,-0.14334284607321024
103.765033667,1782806728.804290624,/gps/odometry.pose.pose.position.z,-0.1436919244006276
103.806642096,1782806728.845899053,/gps/odometry.pose.pose.position.z,-0.14403583016246557
103.839957482,1782806728.879214439,/gps/odometry.pose.pose.position.z,-0.144374574534595
103.884165316,1782806728.923422273,/gps/odometry.pose.pose.position.z,-0.14470816683024168
103.91603703,1782806728.955293987,/gps/odometry.pose.pose.position.z,-0.14503661915659904
103.948754819,1782806728.988011776,/gps/odometry.pose.pose.position.z,-0.1453599389642477
103.988551095,1782806729.027808052,/gps/odometry.pose.pose.position.z,-0.14567813742905855
104.01909509,1782806729.058352047,/gps/odometry.pose.pose.position.z,-0.1459912247955799
104.057738975,1782806729.096995932,/gps/odometry.pose.pose.position.z,-0.14629920851439238
104.091469095,1782806729.130726052,/gps/odometry.pose.pose.position.z,-0.146602101624012
104.125286396,1782806729.164543353,/gps/odometry.pose.pose.position.z,-0.14689991157501936
104.161854559,1782806729.201111516,/gps/odometry.pose.pose.position.z,-0.14719264674931765
104.194982715,1782806729.234239672,/gps/odometry.pose.pose.position.z,-0.14748031739145517
104.234511804,1782806729.273768761,/gps/odometry.pose.pose.position.z,-0.14776293374598026
104.26973146,1782806729.308988417,/gps/odometry.pose.pose.position.z,-0.14804050140082836
104.302273439,1782806729.341530396,/gps/odometry.pose.pose.position.z,-0.14831303153187037
104.338996969,1782806729.378253926,/gps/odometry.pose.pose.position.z,-0.14858053345233202
104.387020919,1782806729.426277876,/gps/odometry.pose.pose.position.z,-0.14884301461279392
104.421346488,1782806729.460603445,/gps/odometry.pose.pose.position.z,-0.14910048246383667
104.454207638,1782806729.493464595,/gps/odometry.pose.pose.position.z,-0.149352946318686
104.487583702,1782806729.526840659,/gps/odometry.pose.pose.position.z,-0.14960041549056768
104.520286108,1782806729.559543065,/gps/odometry.pose.pose.position.z,-0.14984289556741714
104.56792673,1782806729.607183687,/gps/odometry.pose.pose.position.z,-0.15008039586246014
104.608421198,1782806729.647678155,/gps/odometry.pose.pose.position.z,-0.15031292475759983
104.641538949,1782806729.680795906,/gps/odometry.pose.pose.position.z,-0.15054048784077168
104.688598032,1782806729.727854989,/gps/odometry.pose.pose.position.z,-0.15076309628784657
104.72634861,1782806729.765605567,/gps/odometry.pose.pose.position.z,-0.1509807538241148
104.758705732,1782806729.797962689,/gps/odometry.pose.pose.position.z,-0.1511934706941247
104.797421703,1782806729.836678660,/gps/odometry.pose.pose.position.z,-0.15140125155448914
104.833092346,1782806729.872349303,/gps/odometry.pose.pose.position.z,-0.15160410571843386
104.865547006,1782806729.904803963,/gps/odometry.pose.pose.position.z,-0.15180204063653946
104.908814685,1782806729.948071642,/gps/odometry.pose.pose.position.z,-0.15199506096541882
104.952919868,1782806729.992176825,/gps/odometry.pose.pose.position.z,-0.15218317322432995
104.985863629,1782806730.025120586,/gps/odometry.pose.pose.position.z,-0.1523663867264986
105.026545098,1782806730.065802055,/gps/odometry.pose.pose.position.z,-0.15254470612853765
105.0744329,1782806730.113689857,/gps/odometry.pose.pose.position.z,-0.1527181388810277
105.111024959,1782806730.150281916,/gps/odometry.pose.pose.position.z,-0.15288669057190418
105.144281836,1782806730.183538793,/gps/odometry.pose.pose.position.z,-0.15305036678910255
105.184299119,1782806730.223556076,/gps/odometry.pose.pose.position.z,-0.15320917591452599
105.2168892,1782806730.256146157,/gps/odometry.pose.pose.position.z,-0.1533631207421422
105.261387385,1782806730.300644342,/gps/odometry.pose.pose.position.z,-0.15351221337914467
105.300023598,1782806730.339280555,/gps/odometry.pose.pose.position.z,-0.15365645103156567
105.332493203,1782806730.371750160,/gps/odometry.pose.pose.position.z,-0.15379584394395351
105.372617579,1782806730.411874536,/gps/odometry.pose.pose.position.z,-0.15393039863556623
105.405867354,1782806730.445124311,/gps/odometry.pose.pose.position.z,-0.1540601197630167
105.43893336,1782806730.478190317,/gps/odometry.pose.pose.position.z,-0.15418501012027264
105.476404257,1782806730.515661214,/gps/odometry.pose.pose.position.z,-0.15430507995188236
105.515281196,1782806730.554538153,/gps/odometry.pose.pose.position.z,-0.15442032925784588
105.547566703,1782806730.586823660,/gps/odometry.pose.pose.position.z,-0.1545307682827115
105.586600823,1782806730.625857780,/gps/odometry.pose.pose.position.z,-0.15463639702647924
105.623128752,1782806730.662385709,/gps/odometry.pose.pose.position.z,-0.15473722480237484
105.65458106,1782806730.693838017,/gps/odometry.pose.pose.position.z,-0.15483324974775314
105.698161887,1782806730.737418844,/gps/odometry.pose.pose.position.z,-0.15492448396980762
105.739566133,1782806730.778823090,/gps/odometry.pose.pose.position.z,-0.1550109265372157
105.770860053,1782806730.810117010,/gps/odometry.pose.pose.position.z,-0.15509258583188057
105.804041219,1782806730.843298176,/gps/odometry.pose.pose.position.z,-0.15516946464776993
105.848434297,1782806730.887691254,/gps/odometry.pose.pose.position.z,-0.15524156484752893
105.878998036,1782806730.918254993,/gps/odometry.pose.pose.position.z,-0.15530889481306076
105.917543827,1782806730.956800784,/gps/odometry.pose.pose.position.z,-0.15537145268172026
105.950724557,1782806730.989981514,/gps/odometry.pose.pose.position.z,-0.15542924869805574
105.988656938,1782806731.027913895,/gps/odometry.pose.pose.position.z,-0.1554822837933898
106.021647263,1782806731.060904220,/gps/odometry.pose.pose.position.z,-0.15553056169301271
106.054878799,1782806731.094135756,/gps/odometry.pose.pose.position.z,-0.1555740861222148
106.094130801,1782806731.133387758,/gps/odometry.pose.pose.position.z,-0.15561285894364119
106.129412786,1782806731.168669743,/gps/odometry.pose.pose.position.z,-0.15564688574522734
106.161739186,1782806731.200996143,/gps/odometry.pose.pose.position.z,-0.15567616932094097
106.196658376,1782806731.235915333,/gps/odometry.pose.pose.position.z,-0.1557007124647498
106.241876721,1782806731.281133678,/gps/odometry.pose.pose.position.z,-0.15572051797062159
106.276009859,1782806731.315266816,/gps/odometry.pose.pose.position.z,-0.155735588632524
106.317857031,1782806731.357113988,/gps/odometry.pose.pose.position.z,-0.15574592724442482
106.352573619,1782806731.391830576,/gps/odometry.pose.pose.position.z,-0.15575153660029173
106.386407425,1782806731.425664382,/gps/odometry.pose.pose.position.z,-0.1557524222880602
106.422692909,1782806731.461949866,/gps/odometry.pose.pose.position.z,-0.15574858523905277
106.463041689,1782806731.502298646,/gps/odometry.pose.pose.position.z,-0.15574002917855978
106.496275152,1782806731.535532109,/gps/odometry.pose.pose.position.z,-0.15572675690054893
106.533022706,1782806731.572279663,/gps/odometry.pose.pose.position.z,-0.15570877213031054
106.567984907,1782806731.607241864,/gps/odometry.pose.pose.position.z,-0.15568607859313488
106.600813488,1782806731.640070445,/gps/odometry.pose.pose.position.z,-0.15565868001431227
106.638071374,1782806731.677328331,/gps/odometry.pose.pose.position.z,-0.15562657825648785
106.679707389,1782806731.718964346,/gps/odometry.pose.pose.position.z,-0.15558978263288736
106.712739611,1782806731.751996568,/gps/odometry.pose.pose.position.z,-0.15554828848689795
106.747468977,1782806731.786725934,/gps/odometry.pose.pose.position.z,-0.1555021069943905
106.782379134,1782806731.821636091,/gps/odometry.pose.pose.position.z,-0.155451238155365
106.815478097,1782806731.854735054,/gps/odometry.pose.pose.position.z,-0.15539568942040205
106.854935767,1782806731.894192724,/gps/odometry.pose.pose.position.z,-0.15533546265214682
106.89647145,1782806731.935728407,/gps/odometry.pose.pose.position.z,-0.1552705643698573
106.929873859,1782806731.969130816,/gps/odometry.pose.pose.position.z,-0.15520099457353354
106.967922672,1782806732.007179629,/gps/odometry.pose.pose.position.z,-0.1551267635077238
107.002988933,1782806732.042245890,/gps/odometry.pose.pose.position.z,-0.15504787117242813
107.035939545,1782806732.075196502,/gps/odometry.pose.pose.position.z,-0.15496432594954967
107.075119257,1782806732.114376214,/gps/odometry.pose.pose.position.z,-0.15487613063305616
107.108112956,1782806732.147369913,/gps/odometry.pose.pose.position.z,-0.15478328987956047
107.14111055,1782806732.180367507,/gps/odometry.pose.pose.position.z,-0.15468580834567547
107.177990312,1782806732.217247269,/gps/odometry.pose.pose.position.z,-0.15458369441330433
107.214771929,1782806732.254028886,/gps/odometry.pose.pose.position.z,-0.15447694901376963
107.247759106,1782806732.287016063,/gps/odometry.pose.pose.position.z,-0.15436557866632938
107.285519576,1782806732.324776533,/gps/odometry.pose.pose.position.z,-0.15424958989024162
107.321343634,1782806732.360600591,/gps/odometry.pose.pose.position.z,-0.1541289882734418
107.35377317,1782806732.393030127,/gps/odometry.pose.pose.position.z,-0.15400377847254276
107.396145067,1782806732.435402024,/gps/odometry.pose.pose.position.z,-0.15387396607547998
107.439016513,1782806732.478273470,/gps/odometry.pose.pose.position.z,-0.1537395566701889
107.473147378,1782806732.512404335,/gps/odometry.pose.pose.position.z,-0.15360055584460497
107.513825417,1782806732.553082374,/gps/odometry.pose.pose.position.z,-0.1534569701179862
107.549318397,1782806732.588575354,/gps/odometry.pose.pose.position.z,-0.15330880507826805
107.581305961,1782806732.620562918,/gps/odometry.pose.pose.position.z,-0.15315606631338596
107.618220579,1782806732.657477536,/gps/odometry.pose.pose.position.z,-0.15299876127392054
107.662359152,1782806732.701616109,/gps/odometry.pose.pose.position.z,-0.15283689461648464
107.69233565,1782806732.731592607,/gps/odometry.pose.pose.position.z,-0.15267047379165888
107.730413559,1782806732.769670516,/gps/odometry.pose.pose.position.z,-0.1524995043873787
107.763742843,1782806732.802999800,/gps/odometry.pose.pose.position.z,-0.15232399385422468
107.799928205,1782806732.839185162,/gps/odometry.pose.pose.position.z,-0.15214394498616457
107.838828516,1782806732.878085473,/gps/odometry.pose.pose.position.z,-0.15195936989039183
107.872052787,1782806732.911309744,/gps/odometry.pose.pose.position.z,-0.15177027322351933
107.910778661,1782806732.950035618,/gps/odometry.pose.pose.position.z,-0.15157665964215994
107.948827431,1782806732.988084388,/gps/odometry.pose.pose.position.z,-0.15137853752821684
107.981622459,1782806733.020879416,/gps/odometry.pose.pose.position.z,-0.15117591433227062
108.017422308,1782806733.056679265,/gps/odometry.pose.pose.position.z,-0.15096879750490189
108.058161099,1782806733.097418056,/gps/odometry.pose.pose.position.z,-0.15075719263404608
108.091633224,1782806733.130890181,/gps/odometry.pose.pose.position.z,-0.15054110437631607
108.127092364,1782806733.166349321,/gps/odometry.pose.pose.position.z,-0.15032054763287306
108.163649619,1782806733.202906576,/gps/odometry.pose.pose.position.z,-0.15009552240371704
108.196705537,1782806733.235962494,/gps/odometry.pose.pose.position.z,-0.1498660370707512
108.236281576,1782806733.275538533,/gps/odometry.pose.pose.position.z,-0.14963210187852383
108.276887184,1782806733.316144141,/gps/odometry.pose.pose.position.z,-0.1493937224149704
108.3097872,1782806733.349044157,/gps/odometry.pose.pose.position.z,-0.14915090799331665
108.345039296,1782806733.384296253,/gps/odometry.pose.pose.position.z,-0.14890366699546576
108.381588981,1782806733.420845938,/gps/odometry.pose.pose.position.z,-0.148652003146708
108.41455589,1782806733.453812847,/gps/odometry.pose.pose.position.z,-0.14839592576026917
108.453756204,1782806733.493013161,/gps/odometry.pose.pose.position.z,-0.1481354460120201
108.494068531,1782806733.533325488,/gps/odometry.pose.pose.position.z,-0.14787056669592857
108.526828614,1782806733.566085571,/gps/odometry.pose.pose.position.z,-0.14760129898786545
108.561345541,1782806733.600602498,/gps/odometry.pose.pose.position.z,-0.1473276512697339
108.600800619,1782806733.640057576,/gps/odometry.pose.pose.position.z,-0.1470496328547597
108.635446155,1782806733.674703112,/gps/odometry.pose.pose.position.z,-0.14676724839955568
108.68115831,1782806733.720415267,/gps/odometry.pose.pose.position.z,-0.14648050535470247
108.71834817,1782806733.757605127,/gps/odometry.pose.pose.position.z,-0.14618941769003868
108.752064817,1782806733.791321774,/gps/odometry.pose.pose.position.z,-0.14589399006217718
108.809957573,1782806733.849214530,/gps/odometry.pose.pose.position.z,-0.14559423085302114
108.863889937,1782806733.903146894,/gps/odometry.pose.pose.position.z,-0.1452901503071189
108.895917755,1782806733.935174712,/gps/odometry.pose.pose.position.z,-0.1449817568063736
108.939523221,1782806733.978780178,/gps/odometry.pose.pose.position.z,-0.14466905873268843
108.989980462,1782806734.029237419,/gps/odometry.pose.pose.position.z,-0.14435206446796656
109.022049606,1782806734.061306563,/gps/odometry.pose.pose.position.z,-0.14403078146278858
109.072585082,1782806734.111842039,/gps/odometry.pose.pose.position.z,-0.14370522182434797
109.112978721,1782806734.152235678,/gps/odometry.pose.pose.position.z,-0.14337539207190275
109.145994958,1782806734.185251915,/gps/odometry.pose.pose.position.z,-0.14304130338132381
109.190204949,1782806734.229461906,/gps/odometry.pose.pose.position.z,-0.1427035564556718
109.245946637,1782806734.285203594,/gps/odometry.pose.pose.position.z,-0.1424316456541419
109.278319275,1782806734.317576232,/gps/odometry.pose.pose.position.z,-0.14226240664720535
109.328297532,1782806734.367554489,/gps/odometry.pose.pose.position.z,-0.14225789811462164
109.368994637,1782806734.408251594,/gps/odometry.pose.pose.position.z,-0.14236440509557724
109.404580172,1782806734.443837129,/gps/odometry.pose.pose.position.z,-0.1425739610567689
109.446383923,1782806734.485640880,/gps/odometry.pose.pose.position.z,-0.14296000078320503
109.498817356,1782806734.538074313,/gps/odometry.pose.pose.position.z,-0.14336697291582823
109.530488892,1782806734.569745849,/gps/odometry.pose.pose.position.z,-0.14376864302903414
109.590751313,1782806734.630008270,/gps/odometry.pose.pose.position.z,-0.14416502602398396
109.641013307,1782806734.680270264,/gps/odometry.pose.pose.position.z,-0.14455613400787115
109.670445659,1782806734.709702616,/gps/odometry.pose.pose.position.z,-0.1449419753625989
109.742077487,1782806734.781334444,/gps/odometry.pose.pose.position.z,-0.14532256592065096
109.775072994,1782806734.814329951,/gps/odometry.pose.pose.position.z,-0.1456979140639305
109.819266485,1782806734.858523442,/gps/odometry.pose.pose.position.z,-0.1460680328309536
109.869516788,1782806734.908773745,/gps/odometry.pose.pose.position.z,-0.14643293339759111
109.901378522,1782806734.940635479,/gps/odometry.pose.pose.position.z,-0.1467926250770688
109.940702208,1782806734.979959165,/gps/odometry.pose.pose.position.z,-0.1471471218392253
109.980512812,1782806735.019769769,/gps/odometry.pose.pose.position.z,-0.14749643113464117
110.013413042,1782806735.052669999,/gps/odometry.pose.pose.position.z,-0.14784056786447763
110.051437504,1782806735.090694461,/gps/odometry.pose.pose.position.z,-0.1481795385479927
110.086088696,1782806735.125345653,/gps/odometry.pose.pose.position.z,-0.14851335622370243
110.119909715,1782806735.159166672,/gps/odometry.pose.pose.position.z,-0.14884202927350998
110.157399359,1782806735.196656316,/gps/odometry.pose.pose.position.z,-0.1491655707359314
110.198721733,1782806735.237978690,/gps/odometry.pose.pose.position.z,-0.1494839871302247
110.231611353,1782806735.270868310,/gps/odometry.pose.pose.position.z,-0.14979729056358337
110.270757928,1782806735.310014885,/gps/odometry.pose.pose.position.z,-0.15010548941791058
110.306126596,1782806735.345383553,/gps/odometry.pose.pose.position.z,-0.15040859580039978
110.339116604,1782806735.378373561,/gps/odometry.pose.pose.position.z,-0.150706616230309
110.38510014,1782806735.424357097,/gps/odometry.pose.pose.position.z,-0.15099956467747688
110.427408876,1782806735.466665833,/gps/odometry.pose.pose.position.z,-0.15128744393587112
110.460147639,1782806735.499404596,/gps/odometry.pose.pose.position.z,-0.15157026704400778
110.50631273,1782806735.545569687,/gps/odometry.pose.pose.position.z,-0.15184804238379002
110.549345447,1782806735.588602404,/gps/odometry.pose.pose.position.z,-0.15212077926844358
110.582465292,1782806735.621722249,/gps/odometry.pose.pose.position.z,-0.15238848607987165
110.619228293,1782806735.658485250,/gps/odometry.pose.pose.position.z,-0.1526511711999774
110.656083122,1782806735.695340079,/gps/odometry.pose.pose.position.z,-0.15290884394198656
110.690864512,1782806735.730121469,/gps/odometry.pose.pose.position.z,-0.15316151175647974
110.728683442,1782806735.767940399,/gps/odometry.pose.pose.position.z,-0.15340918209403753
110.770138222,1782806735.809395179,/gps/odometry.pose.pose.position.z,-0.15365186426788568
110.802974822,1782806735.842231779,/gps/odometry.pose.pose.position.z,-0.1538895694538951
110.839656094,1782806735.878913051,/gps/odometry.pose.pose.position.z,-0.15412229858338833
110.877277147,1782806735.916534104,/gps/odometry.pose.pose.position.z,-0.154350065626204
110.910457085,1782806735.949714042,/gps/odometry.pose.pose.position.z,-0.1545728761702776
110.959976225,1782806735.999233182,/gps/odometry.pose.pose.position.z,-0.15479073580354452
111.006454453,1782806736.045711410,/gps/odometry.pose.pose.position.z,-0.1550036557018757
111.03988448,1782806736.079141437,/gps/odometry.pose.pose.position.z,-0.15521163865923882
111.083775586,1782806736.123032543,/gps/odometry.pose.pose.position.z,-0.15541469492018223
111.12672719,1782806736.165984147,/gps/odometry.pose.pose.position.z,-0.15561283100396395
111.161084506,1782806736.200341463,/gps/odometry.pose.pose.position.z,-0.15580605622380972
111.205452531,1782806736.244709488,/gps/odometry.pose.pose.position.z,-0.15599437151104212
111.251115964,1782806736.290372921,/gps/odometry.pose.pose.position.z,-0.1561777899041772
111.283511861,1782806736.322768818,/gps/odometry.pose.pose.position.z,-0.15635631326586008
111.320357136,1782806736.359614093,/gps/odometry.pose.pose.position.z,-0.1565299527719617
111.35602576,1782806736.395282717,/gps/odometry.pose.pose.position.z,-0.156698708422482
111.388763808,1782806736.428020765,/gps/odometry.pose.pose.position.z,-0.15686259232461452
111.423938269,1782806736.463195226,/gps/odometry.pose.pose.position.z,-0.1570216091349721
111.458849086,1782806736.498106043,/gps/odometry.pose.pose.position.z,-0.1571757635101676
111.489674064,1782806736.528931021,/gps/odometry.pose.pose.position.z,-0.15732506196945906
111.525692617,1782806736.564949574,/gps/odometry.pose.pose.position.z,-0.1574695110321045
111.571969262,1782806736.611226219,/gps/odometry.pose.pose.position.z,-0.15760911721736193
111.601647057,1782806736.640904014,/gps/odometry.pose.pose.position.z,-0.1577438861131668
111.6404689,1782806736.679725857,/gps/odometry.pose.pose.position.z,-0.1578738186508417
111.673104325,1782806736.712361282,/gps/odometry.pose.pose.position.z,-0.15799892414361238
111.707940693,1782806736.747197650,/gps/odometry.pose.pose.position.z,-0.15811920911073685
111.744932093,1782806736.784189050,/gps/odometry.pose.pose.position.z,-0.1582346772775054
111.778099463,1782806736.817356420,/gps/odometry.pose.pose.position.z,-0.1583453305065632
111.818397735,1782806736.857654692,/gps/odometry.pose.pose.position.z,-0.1584511799737811
111.853961435,1782806736.893218392,/gps/odometry.pose.pose.position.z,-0.15855222567915916
111.8870598,1782806736.926316757,/gps/odometry.pose.pose.position.z,-0.15864847414195538
111.922204213,1782806736.961461170,/gps/odometry.pose.pose.position.z,-0.15873993001878262
111.959582249,1782806736.998839206,/gps/odometry.pose.pose.position.z,-0.15882659796625376
111.9926164,1782806737.031873357,/gps/odometry.pose.pose.position.z,-0.15890848077833652
112.030980445,1782806737.070237402,/gps/odometry.pose.pose.position.z,-0.1589855868369341
112.0692155,1782806737.108472457,/gps/odometry.pose.pose.position.z,-0.15905791334807873
112.102331904,1782806737.141588861,/gps/odometry.pose.pose.position.z,-0.1591254724189639
112.144095451,1782806737.183352408,/gps/odometry.pose.pose.position.z,-0.15918826311826706
112.194202989,1782806737.233459946,/gps/odometry.pose.pose.position.z,-0.15924629103392363
112.226946128,1782806737.266203085,/gps/odometry.pose.pose.position.z,-0.15929955802857876
112.271042092,1782806737.310299049,/gps/odometry.pose.pose.position.z,-0.15934807155281305
112.309900477,1782806737.349157434,/gps/odometry.pose.pose.position.z,-0.1593918316066265
112.342955032,1782806737.382211989,/gps/odometry.pose.pose.position.z,-0.159430842846632
112.387679147,1782806737.426936104,/gps/odometry.pose.pose.position.z,-0.15946510806679726
112.423073854,1782806737.462330811,/gps/odometry.pose.pose.position.z,-0.15949463099241257
112.456007935,1782806737.495264892,/gps/odometry.pose.pose.position.z,-0.15951941721141338
112.493961596,1782806737.533218553,/gps/odometry.pose.pose.position.z,-0.15953946486115456
112.534789428,1782806737.574046385,/gps/odometry.pose.pose.position.z,-0.15955478139221668
112.567757747,1782806737.607014704,/gps/odometry.pose.pose.position.z,-0.15956536680459976
112.608164792,1782806737.647421749,/gps/odometry.pose.pose.position.z,-0.15957122389227152
112.641093238,1782806737.680350195,/gps/odometry.pose.pose.position.z,-0.1595723582431674
112.674009433,1782806737.713266390,/gps/odometry.pose.pose.position.z,-0.15956877171993256
112.710736744,1782806737.749993701,/gps/odometry.pose.pose.position.z,-0.1595604671165347
112.751886013,1782806737.791142970,/gps/odometry.pose.pose.position.z,-0.15954744722694159
112.784888632,1782806737.824145589,/gps/odometry.pose.pose.position.z,-0.15952971670776606
112.818006293,1782806737.857263250,/gps/odometry.pose.pose.position.z,-0.15950727555900812
112.857291864,1782806737.896548821,/gps/odometry.pose.pose.position.z,-0.15948013216257095
112.890230878,1782806737.929487835,/gps/odometry.pose.pose.position.z,-0.15944828744977713
112.927384732,1782806737.966641689,/gps/odometry.pose.pose.position.z,-0.1594117470085621
112.964247551,1782806738.003504508,/gps/odometry.pose.pose.position.z,-0.15937051083892584
112.996579182,1782806738.035836139,/gps/odometry.pose.pose.position.z,-0.15932458639144897
113.033073639,1782806738.072330596,/gps/odometry.pose.pose.position.z,-0.15927397552877665
113.0770836,1782806738.116340557,/gps/odometry.pose.pose.position.z,-0.1592186838388443
113.109955261,1782806738.149212218,/gps/odometry.pose.pose.position.z,-0.15915871690958738
113.14653453,1782806738.185791487,/gps/odometry.pose.pose.position.z,-0.1590940747410059
113.179564948,1782806738.218821905,/gps/odometry.pose.pose.position.z,-0.15902476757764816
113.212596825,1782806738.251853782,/gps/odometry.pose.pose.position.z,-0.15895079355686903
113.253937509,1782806738.293194466,/gps/odometry.pose.pose.position.z,-0.1588721601292491
113.291456109,1782806738.330713066,/gps/odometry.pose.pose.position.z,-0.1587888728827238
113.323312609,1782806738.362569566,/gps/odometry.pose.pose.position.z,-0.1587009346112609
113.356477266,1782806738.395734223,/gps/odometry.pose.pose.position.z,-0.15860835369676352
113.393839266,1782806738.433096223,/gps/odometry.pose.pose.position.z,-0.15851113107055426
113.42470455,1782806738.463961507,/gps/odometry.pose.pose.position.z,-0.15840927325189114
113.465699237,1782806738.504956194,/gps/odometry.pose.pose.position.z,-0.15830278489738703
113.499009375,1782806738.538266332,/gps/odometry.pose.pose.position.z,-0.15819167159497738
113.531786334,1782806738.571043291,/gps/odometry.pose.pose.position.z,-0.1580759407952428
113.571068575,1782806738.610325532,/gps/odometry.pose.pose.position.z,-0.15795559342950583
113.604078542,1782806738.643335499,/gps/odometry.pose.pose.position.z,-0.1578306369483471
113.648308667,1782806738.687565624,/gps/odometry.pose.pose.position.z,-0.15770107880234718
113.694517749,1782806738.733774706,/gps/odometry.pose.pose.position.z,-0.15756692178547382
113.728427985,1782806738.767684942,/gps/odometry.pose.pose.position.z,-0.1574281733483076
113.761604231,1782806738.800861188,/gps/odometry.pose.pose.position.z,-0.157284839078784
113.797135931,1782806738.836392888,/gps/odometry.pose.pose.position.z,-0.1571369245648384
113.831135062,1782806738.870392019,/gps/odometry.pose.pose.position.z,-0.15698443446308374
113.876536656,1782806738.915793613,/gps/odometry.pose.pose.position.z,-0.15682737715542316
113.917149647,1782806738.956406604,/gps/odometry.pose.pose.position.z,-0.15666575636714697
113.950142814,1782806738.989399771,/gps/odometry.pose.pose.position.z,-0.15649958327412605
113.997118725,1782806739.036375682,/gps/odometry.pose.pose.position.z,-0.15632885787636042
114.030452768,1782806739.069709725,/gps/odometry.pose.pose.position.z,-0.15615358762443066
114.063251945,1782806739.102508902,/gps/odometry.pose.pose.position.z,-0.15597378369420767
114.102873718,1782806739.142130675,/gps/odometry.pose.pose.position.z,-0.15578944887965918
114.138387935,1782806739.177644892,/gps/odometry.pose.pose.position.z,-0.15560058876872063
114.171430704,1782806739.210687661,/gps/odometry.pose.pose.position.z,-0.15540721267461777
114.210777909,1782806739.250034866,/gps/odometry.pose.pose.position.z,-0.15520932711660862
114.24565334,1782806739.284910297,/gps/odometry.pose.pose.position.z,-0.1550069386139512
114.28005963,1782806739.319316587,/gps/odometry.pose.pose.position.z,-0.15480005275458097
114.314386167,1782806739.353643124,/gps/odometry.pose.pose.position.z,-0.1545886779204011
114.359650042,1782806739.398906999,/gps/odometry.pose.pose.position.z,-0.15437282156199217
114.392920052,1782806739.432177009,/gps/odometry.pose.pose.position.z,-0.15415248926728964
114.429896081,1782806739.469153038,/gps/odometry.pose.pose.position.z,-0.15392769034951925
114.466134037,1782806739.505390994,/gps/odometry.pose.pose.position.z,-0.15369843039661646
114.498677099,1782806739.537934056,/gps/odometry.pose.pose.position.z,-0.15346471685916185
114.539269506,1782806739.578526463,/gps/odometry.pose.pose.position.z,-0.1532265581190586
114.57993247,1782806739.619189427,/gps/odometry.pose.pose.position.z,-0.15298396348953247
114.61394357,1782806739.653200527,/gps/odometry.pose.pose.position.z,-0.15273693576455116
114.649603888,1782806739.688860845,/gps/odometry.pose.pose.position.z,-0.15248548705130816
114.686506303,1782806739.725763260,/gps/odometry.pose.pose.position.z,-0.15222962386906147
114.719859892,1782806739.759116849,/gps/odometry.pose.pose.position.z,-0.15196935180574656
114.761517092,1782806739.800774049,/gps/odometry.pose.pose.position.z,-0.15170468296855688
114.802491714,1782806739.841748671,/gps/odometry.pose.pose.position.z,-0.1514356229454279
114.83483574,1782806739.874092697,/gps/odometry.pose.pose.position.z,-0.1511621791869402
114.882685238,1782806739.921942195,/gps/odometry.pose.pose.position.z,-0.1508843619376421
114.923802239,1782806739.963059196,/gps/odometry.pose.pose.position.z,-0.15060217678546906
114.956000342,1782806739.995257299,/gps/odometry.pose.pose.position.z,-0.15031563490629196
114.994758226,1782806740.034015183,/gps/odometry.pose.pose.position.z,-0.15002474188804626
115.029548684,1782806740.068805641,/gps/odometry.pose.pose.position.z,-0.14972950890660286
115.062305949,1782806740.101562906,/gps/odometry.pose.pose.position.z,-0.1494299415498972
115.102234311,1782806740.141491268,/gps/odometry.pose.pose.position.z,-0.14912605099380016
115.137058329,1782806740.176315286,/gps/odometry.pose.pose.position.z,-0.14881784468889236
115.168200352,1782806740.207457309,/gps/odometry.pose.pose.position.z,-0.14850533101707697
115.212176724,1782806740.251433681,/gps/odometry.pose.pose.position.z,-0.14818851929157972
115.256650005,1782806740.295906962,/gps/odometry.pose.pose.position.z,-0.14786741882562637
115.28613638,1782806740.325393337,/gps/odometry.pose.pose.position.z,-0.1475420380011201
115.324299243,1782806740.363556200,/gps/odometry.pose.pose.position.z,-0.14721238426864147
115.357106281,1782806740.396363238,/gps/odometry.pose.pose.position.z,-0.1468784688040614
115.400228593,1782806740.439485550,/gps/odometry.pose.pose.position.z,-0.14654029998928308
115.433426732,1782806740.472683689,/gps/odometry.pose.pose.position.z,-0.14619788713753223
115.466395528,1782806740.505652485,/gps/odometry.pose.pose.position.z,-0.14585123863071203
115.50694938,1782806740.546206337,/gps/odometry.pose.pose.position.z,-0.14550036657601595
115.559318739,1782806740.598575696,/gps/odometry.pose.pose.position.z,-0.14514527842402458
115.592209443,1782806740.631466400,/gps/odometry.pose.pose.position.z,-0.14478598069399595
115.631557209,1782806740.670814166,/gps/odometry.pose.pose.position.z,-0.14442248735576868
115.672858955,1782806740.712115912,/gps/odometry.pose.pose.position.z,-0.1440548039972782
115.705596879,1782806740.744853836,/gps/odometry.pose.pose.position.z,-0.14368294458836317
115.7388774,1782806740.778134357,/gps/odometry.pose.pose.position.z,-0.14330691657960415
115.775446841,1782806740.814703798,/gps/odometry.pose.pose.position.z,-0.14292672835290432
115.808685214,1782806740.847942171,/gps/odometry.pose.pose.position.z,-0.14256805274635553
115.851607892,1782806740.890864849,/gps/odometry.pose.pose.position.z,-0.14229260757565498
115.894529681,1782806740.933786638,/gps/odometry.pose.pose.position.z,-0.14214428514242172
115.927243914,1782806740.966500871,/gps/odometry.pose.pose.position.z,-0.1421923404559493
115.968916775,1782806741.008173732,/gps/odometry.pose.pose.position.z,-0.142429880797863
115.999535891,1782806741.038792848,/gps/odometry.pose.pose.position.z,-0.14287347253412008
116.032531708,1782806741.071788665,/gps/odometry.pose.pose.position.z,-0.14335959777235985
116.089665638,1782806741.128922595,/gps/odometry.pose.pose.position.z,-0.1438402198255062
116.123984795,1782806741.163241752,/gps/odometry.pose.pose.position.z,-0.14431535452604294
116.156955313,1782806741.196212270,/gps/odometry.pose.pose.position.z,-0.14478501491248608
116.197408497,1782806741.236665454,/gps/odometry.pose.pose.position.z,-0.14524921588599682
116.228587344,1782806741.267844301,/gps/odometry.pose.pose.position.z,-0.1457079742103815
116.261026795,1782806741.300283752,/gps/odometry.pose.pose.position.z,-0.14616130013018847
116.298651271,1782806741.337908228,/gps/odometry.pose.pose.position.z,-0.14660920854657888
116.3429369,1782806741.382193857,/gps/odometry.pose.pose.position.z,-0.14705171342939138
116.375817678,1782806741.415074635,/gps/odometry.pose.pose.position.z,-0.14748882967978716
116.412141049,1782806741.451398006,/gps/odometry.pose.pose.position.z,-0.14792057033628225
116.447948304,1782806741.487205261,/gps/odometry.pose.pose.position.z,-0.148346945643425
116.485382196,1782806741.524639153,/gps/odometry.pose.pose.position.z,-0.14876797050237656
116.526304686,1782806741.565561643,/gps/odometry.pose.pose.position.z,-0.14918365981429815
116.568161768,1782806741.607418725,/gps/odometry.pose.pose.position.z,-0.14959402289241552
116.6008622,1782806741.640119157,/gps/odometry.pose.pose.position.z,-0.1499990737065673
116.652940267,1782806741.692197224,/gps/odometry.pose.pose.position.z,-0.15039882622659206
116.693815995,1782806741.733072952,/gps/odometry.pose.pose.position.z,-0.15079329069703817
116.728672591,1782806741.767929548,/gps/odometry.pose.pose.position.z,-0.1511824792250991
116.773588311,1782806741.812845268,/gps/odometry.pose.pose.position.z,-0.15156640391796827
116.816445421,1782806741.855702378,/gps/odometry.pose.pose.position.z,-0.15194507874548435
116.848818745,1782806741.888075702,/gps/odometry.pose.pose.position.z,-0.1523185120895505
116.891019239,1782806741.930276196,/gps/odometry.pose.pose.position.z,-0.15268671698868275
116.925165642,1782806741.964422599,/gps/odometry.pose.pose.position.z,-0.15304970648139715
116.956879053,1782806741.996136010,/gps/odometry.pose.pose.position.z,-0.1534074880182743
116.995798394,1782806742.035055351,/gps/odometry.pose.pose.position.z,-0.1537600765004754
117.037108884,1782806742.076365841,/gps/odometry.pose.pose.position.z,-0.15410747937858105
117.068170394,1782806742.107427351,/gps/odometry.pose.pose.position.z,-0.15444971155375242
117.101628412,1782806742.140885369,/gps/odometry.pose.pose.position.z,-0.15478677954524755
117.138376108,1782806742.177633065,/gps/odometry.pose.pose.position.z,-0.1551186963915825
117.172355421,1782806742.211612378,/gps/odometry.pose.pose.position.z,-0.15544547233730555
117.243844495,1782806742.283101452,/gps/odometry.pose.pose.position.z,-0.15576711669564247
117.278356384,1782806742.317613341,/gps/odometry.pose.pose.position.z,-0.15608364064246416
117.322803594,1782806742.362060551,/gps/odometry.pose.pose.position.z,-0.1563950525596738
117.362615704,1782806742.401872661,/gps/odometry.pose.pose.position.z,-0.1567013654857874
117.401243456,1782806742.440500413,/gps/odometry.pose.pose.position.z,-0.15700258500874043
117.44169402,1782806742.480950977,/gps/odometry.pose.pose.position.z,-0.15729872416704893
117.480610504,1782806742.519867461,/gps/odometry.pose.pose.position.z,-0.1575897904112935
117.514477457,1782806742.553734414,/gps/odometry.pose.pose.position.z,-0.1578757930546999
117.553571258,1782806742.592828215,/gps/odometry.pose.pose.position.z,-0.158156743273139
117.600493816,1782806742.639750773,/gps/odometry.pose.pose.position.z,-0.15843264758586884
117.634668964,1782806742.673925921,/gps/odometry.pose.pose.position.z,-0.15870351623743773
117.673418488,1782806742.712675445,/gps/odometry.pose.pose.position.z,-0.15896935854107141
117.706020474,1782806742.745277431,/gps/odometry.pose.pose.position.z,-0.15923018287867308
117.743333223,1782806742.782590180,/gps/odometry.pose.pose.position.z,-0.1594859967008233
117.777376662,1782806742.816633619,/gps/odometry.pose.pose.position.z,-0.15973680932074785
117.814642199,1782806742.853899156,/gps/odometry.pose.pose.position.z,-0.15998262912034988
117.847851517,1782806742.887108474,/gps/odometry.pose.pose.position.z,-0.16022346355021
117.882888932,1782806742.922145889,/gps/odometry.pose.pose.position.z,-0.16045932285487652
117.916465966,1782806742.955722923,/gps/odometry.pose.pose.position.z,-0.1606902126222849
117.950521262,1782806742.989778219,/gps/odometry.pose.pose.position.z,-0.1609161403030157
118.000028421,1782806743.039285378,/gps/odometry.pose.pose.position.z,-0.16113711707293987
118.034864004,1782806743.074120961,/gps/odometry.pose.pose.position.z,-0.16135314851999283
118.067703817,1782806743.106960774,/gps/odometry.pose.pose.position.z,-0.16156423836946487
118.103441834,1782806743.142698791,/gps/odometry.pose.pose.position.z,-0.16177039872854948
118.145439777,1782806743.184696734,/gps/odometry.pose.pose.position.z,-0.16197163704782724
118.178311863,1782806743.217568820,/gps/odometry.pose.pose.position.z,-0.1621679589152336
118.218284118,1782806743.257541075,/gps/odometry.pose.pose.position.z,-0.16235936898738146
118.256090688,1782806743.295347645,/gps/odometry.pose.pose.position.z,-0.16254587937146425
118.289214567,1782806743.328471524,/gps/odometry.pose.pose.position.z,-0.16272749099880457
118.322018778,1782806743.361275735,/gps/odometry.pose.pose.position.z,-0.16290421411395073
118.359672436,1782806743.398929393,/gps/odometry.pose.pose.position.z,-0.16307605523616076
118.39201272,1782806743.431269677,/gps/odometry.pose.pose.position.z,-0.1632430199533701
118.431705225,1782806743.470962182,/gps/odometry.pose.pose.position.z,-0.16340511571615934
118.465756005,1782806743.505012962,/gps/odometry.pose.pose.position.z,-0.16356234438717365
118.49862909,1782806743.537886047,/gps/odometry.pose.pose.position.z,-0.16371471714228392
118.531928492,1782806743.571185449,/gps/odometry.pose.pose.position.z,-0.163862238638103
118.572097496,1782806743.611354453,/gps/odometry.pose.pose.position.z,-0.16400491446256638
118.604093983,1782806743.643350940,/gps/odometry.pose.pose.position.z,-0.1641427492722869
118.637885869,1782806743.677142826,/gps/odometry.pose.pose.position.z,-0.16427574772387743
118.673766019,1782806743.713022976,/gps/odometry.pose.pose.position.z,-0.16440391819924116
118.706496516,1782806743.745753473,/gps/odometry.pose.pose.position.z,-0.16452726535499096
118.743532233,1782806743.782789190,/gps/odometry.pose.pose.position.z,-0.16464579198509455
118.7767782,1782806743.816035157,/gps/odometry.pose.pose.position.z,-0.1647595064714551
118.81008739,1782806743.849344347,/gps/odometry.pose.pose.position.z,-0.16486841347068548
118.843769064,1782806743.883026021,/gps/odometry.pose.pose.position.z,-0.16497251484543085
118.877546449,1782806743.916803406,/gps/odometry.pose.pose.position.z,-0.16507181897759438
118.909592625,1782806743.948849582,/gps/odometry.pose.pose.position.z,-0.16516632866114378
118.943841324,1782806743.983098281,/gps/odometry.pose.pose.position.z,-0.16525605041533709
118.983497099,1782806744.022754056,/gps/odometry.pose.pose.position.z,-0.1653409842401743
119.014131939,1782806744.053388896,/gps/odometry.pose.pose.position.z,-0.16542113851755857
119.0469646,1782806744.086221557,/gps/odometry.pose.pose.position.z,-0.16549651883542538
119.080127118,1782806744.119384075,/gps/odometry.pose.pose.position.z,-0.1655671251937747
119.11761522,1782806744.156872177,/gps/odometry.pose.pose.position.z,-0.16563296411186457
119.150542694,1782806744.189799651,/gps/odometry.pose.pose.position.z,-0.16569403652101755
119.183742145,1782806744.222999102,/gps/odometry.pose.pose.position.z,-0.16575034987181425
119.216452718,1782806744.255709675,/gps/odometry.pose.pose.position.z,-0.16580190416425467
119.253396625,1782806744.292653582,/gps/odometry.pose.pose.position.z,-0.16584870405495167
119.288169402,1782806744.327426359,/gps/odometry.pose.pose.position.z,-0.16589075326919556
119.320009843,1782806744.359266800,/gps/odometry.pose.pose.position.z,-0.1659280564635992
119.357618715,1782806744.396875672,/gps/odometry.pose.pose.position.z,-0.1659606136381626
119.39051438,1782806744.429771337,/gps/odometry.pose.pose.position.z,-0.16598842944949865
119.423867869,1782806744.463124826,/gps/odometry.pose.pose.position.z,-0.16601150762289762
119.458445804,1782806744.497702761,/gps/odometry.pose.pose.position.z,-0.1660298490896821
119.491288858,1782806744.530545815,/gps/odometry.pose.pose.position.z,-0.16604345850646496
119.527641214,1782806744.566898171,/gps/odometry.pose.pose.position.z,-0.16605233680456877
119.56030506,1782806744.599562017,/gps/odometry.pose.pose.position.z,-0.16605648957192898
119.593569989,1782806744.632826946,/gps/odometry.pose.pose.position.z,-0.1660559168085456
119.626767074,1782806744.666024031,/gps/odometry.pose.pose.position.z,-0.16605062317103148
119.668436859,1782806744.707693816,/gps/odometry.pose.pose.position.z,-0.16604060865938663
119.702741292,1782806744.741998249,/gps/odometry.pose.pose.position.z,-0.16602588072419167
119.736591701,1782806744.775848658,/gps/odometry.pose.pose.position.z,-0.16600643936544657
119.768963914,1782806744.808220871,/gps/odometry.pose.pose.position.z,-0.1659822901710868
119.801676504,1782806744.840933461,/gps/odometry.pose.pose.position.z,-0.16595343500375748
119.838160985,1782806744.877417942,/gps/odometry.pose.pose.position.z,-0.1659198785200715
119.871707331,1782806744.910964288,/gps/odometry.pose.pose.position.z,-0.16588162258267403
119.904313217,1782806744.943570174,/gps/odometry.pose.pose.position.z,-0.16583867091685534
119.941409667,1782806744.980666624,/gps/odometry.pose.pose.position.z,-0.1657910319045186
119.975965667,1782806745.015222624,/gps/odometry.pose.pose.position.z,-0.16573870368301868
120.008560503,1782806745.047817460,/gps/odometry.pose.pose.position.z,-0.16568169556558132
120.043004935,1782806745.082261892,/gps/odometry.pose.pose.position.z,-0.1656200047582388
120.080558926,1782806745.119815883,/gps/odometry.pose.pose.position.z,-0.16555364150553942
120.113264523,1782806745.152521480,/gps/odometry.pose.pose.position.z,-0.16548260860145092
120.146453852,1782806745.185710809,/gps/odometry.pose.pose.position.z,-0.1654069097712636
120.183044567,1782806745.222301524,/gps/odometry.pose.pose.position.z,-0.16532654874026775
120.21521006,1782806745.254467017,/gps/odometry.pose.pose.position.z,-0.16524153295904398
120.24799846,1782806745.287255417,/gps/odometry.pose.pose.position.z,-0.16515186335891485
120.282758656,1782806745.322015613,/gps/odometry.pose.pose.position.z,-0.16505754832178354
120.315748982,1782806745.355005939,/gps/odometry.pose.pose.position.z,-0.16495859064161777
120.352406154,1782806745.391663111,/gps/odometry.pose.pose.position.z,-0.16485499683767557
120.39012915,1782806745.429386107,/gps/odometry.pose.pose.position.z,-0.16474676970392466
120.423645272,1782806745.462902229,/gps/odometry.pose.pose.position.z,-0.16463391575962305
120.457667167,1782806745.496924124,/gps/odometry.pose.pose.position.z,-0.1645164405927062
120.494818136,1782806745.534075093,/gps/odometry.pose.pose.position.z,-0.16439435072243214
120.526665021,1782806745.565921978,/gps/odometry.pose.pose.position.z,-0.16426764614880085
120.559909134,1782806745.599166091,/gps/odometry.pose.pose.position.z,-0.1641363399103284
120.592940176,1782806745.632197133,/gps/odometry.pose.pose.position.z,-0.16400043200701475
120.626998412,1782806745.666255369,/gps/odometry.pose.pose.position.z,-0.1638599308207631
120.665913068,1782806745.705170025,/gps/odometry.pose.pose.position.z,-0.16371484100818634
120.701333322,1782806745.740590279,/gps/odometry.pose.pose.position.z,-0.16356517001986504
120.731982141,1782806745.771239098,/gps/odometry.pose.pose.position.z,-0.16341092344373465
120.768801408,1782806745.808058365,/gps/odometry.pose.pose.position.z,-0.1632521040737629
120.801786983,1782806745.841043940,/gps/odometry.pose.pose.position.z,-0.16308872308582067
120.839452297,1782806745.878709254,/gps/odometry.pose.pose.position.z,-0.1629207842051983
120.873401557,1782806745.912658514,/gps/odometry.pose.pose.position.z,-0.1627482920885086
120.912846697,1782806745.952103654,/gps/odometry.pose.pose.position.z,-0.1625712551176548
120.944235508,1782806745.983492465,/gps/odometry.pose.pose.position.z,-0.16238968074321747
120.98039149,1782806746.019648447,/gps/odometry.pose.pose.position.z,-0.16220357548445463
121.013332588,1782806746.052589545,/gps/odometry.pose.pose.position.z,-0.1620129430666566
121.046515308,1782806746.085772265,/gps/odometry.pose.pose.position.z,-0.16181779094040394
121.087244192,1782806746.126501149,/gps/odometry.pose.pose.position.z,-0.16161812841892242
121.12023646,1782806746.159493417,/gps/odometry.pose.pose.position.z,-0.16141396015882492
121.15360063,1782806746.192857587,/gps/odometry.pose.pose.position.z,-0.16120529547333717
121.186307405,1782806746.225564362,/gps/odometry.pose.pose.position.z,-0.16099213901907206
121.219189374,1782806746.258446331,/gps/odometry.pose.pose.position.z,-0.1607744973152876
121.267700788,1782806746.306957745,/gps/odometry.pose.pose.position.z,-0.16055238153785467
121.30358159,1782806746.342838547,/gps/odometry.pose.pose.position.z,-0.16032579448074102
121.342623004,1782806746.381879961,/gps/odometry.pose.pose.position.z,-0.16009474825114012
121.375778892,1782806746.415035849,/gps/odometry.pose.pose.position.z,-0.15985924564301968
121.408754362,1782806746.448011319,/gps/odometry.pose.pose.position.z,-0.15961929690092802
121.441401116,1782806746.480658073,/gps/odometry.pose.pose.position.z,-0.1593749076128006
121.479199538,1782806746.518456495,/gps/odometry.pose.pose.position.z,-0.1591260889545083
121.516188318,1782806746.555445275,/gps/odometry.pose.pose.position.z,-0.15887284465134144
121.549095303,1782806746.588352260,/gps/odometry.pose.pose.position.z,-0.15861518494784832
121.582108356,1782806746.621365313,/gps/odometry.pose.pose.position.z,-0.15835311729460955
121.619226005,1782806746.658482962,/gps/odometry.pose.pose.position.z,-0.1580866500735283
121.652228003,1782806746.691484960,/gps/odometry.pose.pose.position.z,-0.15781578887254
121.69114743,1782806746.730404387,/gps/odometry.pose.pose.position.z,-0.15754054579883814
121.720245042,1782806746.759501999,/gps/odometry.pose.pose.position.z,-0.1572609255090356
121.753170631,1782806746.792427588,/gps/odometry.pose.pose.position.z,-0.15697693917900324
121.795826269,1782806746.835083226,/gps/odometry.pose.pose.position.z,-0.15668859146535397
121.828917482,1782806746.868174439,/gps/odometry.pose.pose.position.z,-0.15639589447528124
121.862054501,1782806746.901311458,/gps/odometry.pose.pose.position.z,-0.15609885472804308
121.900830548,1782806746.940087505,/gps/odometry.pose.pose.position.z,-0.1557974824681878
121.940160433,1782806746.979417390,/gps/odometry.pose.pose.position.z,-0.15549178328365088
121.97291018600001,1782806747.012167143,/gps/odometry.pose.pose.position.z,-0.15518176835030317
122.007973866,1782806747.047230823,/gps/odometry.pose.pose.position.z,-0.15486744698137045
122.044397828,1782806747.083654785,/gps/odometry.pose.pose.position.z,-0.15454882476478815
122.076721165,1782806747.115978122,/gps/odometry.pose.pose.position.z,-0.15422591287642717
122.115998075,1782806747.155255032,/gps/odometry.pose.pose.position.z,-0.15389872062951326
122.16160235,1782806747.200859307,/gps/odometry.pose.pose.position.z,-0.15356725361198187
122.207542586,1782806747.246799543,/gps/odometry.pose.pose.position.z,-0.15323152486234903
122.241784663,1782806747.281041620,/gps/odometry.pose.pose.position.z,-0.15289154276251793
122.28279027,1782806747.322047227,/gps/odometry.pose.pose.position.z,-0.15254731569439173
122.314703222,1782806747.353960179,/gps/odometry.pose.pose.position.z,-0.15219885297119617
122.34795022,1782806747.387207177,/gps/odometry.pose.pose.position.z,-0.15184616390615702
122.392069267,1782806747.431326224,/gps/odometry.pose.pose.position.z,-0.1514892578125
122.425263142,1782806747.464520099,/gps/odometry.pose.pose.position.z,-0.15112814493477345
122.465524754,1782806747.504781711,/gps/odometry.pose.pose.position.z,-0.15076283272355795
122.500880704,1782806747.540137661,/gps/odometry.pose.pose.position.z,-0.15039333328604698
122.531475195,1782806747.570732152,/gps/odometry.pose.pose.position.z,-0.15001965407282114
122.566858518,1782806747.606115475,/gps/odometry.pose.pose.position.z,-0.14964180625975132
122.599730437,1782806747.638987394,/gps/odometry.pose.pose.position.z,-0.1492597982287407
122.642048953,1782806747.681305910,/gps/odometry.pose.pose.position.z,-0.148873639293015
122.674565335,1782806747.713822292,/gps/odometry.pose.pose.position.z,-0.14848334342241287
122.708206363,1782806747.747463320,/gps/odometry.pose.pose.position.z,-0.14808891527354717
122.744204237,1782806747.783461194,/gps/odometry.pose.pose.position.z,-0.14769036788493395
122.778534153,1782806747.817791110,/gps/odometry.pose.pose.position.z,-0.1472877087071538
122.814059477,1782806747.853316434,/gps/odometry.pose.pose.position.z,-0.14688095077872276
122.846871056,1782806747.886128013,/gps/odometry.pose.pose.position.z,-0.14647010155022144
122.882746575,1782806747.922003532,/gps/odometry.pose.pose.position.z,-0.1460551731288433
122.920563012,1782806747.959819969,/gps/odometry.pose.pose.position.z,-0.14563617389649153
122.96597677,1782806748.005233727,/gps/odometry.pose.pose.position.z,-0.14521311596035957
123.022695671,1782806748.061952628,/gps/odometry.pose.pose.position.z,-0.14478600956499577
123.055822575,1782806748.095079532,/gps/odometry.pose.pose.position.z,-0.1443548621609807
123.105361284,1782806748.144618241,/gps/odometry.pose.pose.position.z,-0.14391968678683043
123.144639033,1782806748.183895990,/gps/odometry.pose.pose.position.z,-0.14348049461841583
123.177265124,1782806748.216522081,/gps/odometry.pose.pose.position.z,-0.14303729310631752
123.228552956,1782806748.267809913,/gps/odometry.pose.pose.position.z,-0.14259488601237535
123.263867349,1782806748.303124306,/gps/odometry.pose.pose.position.z,-0.14224272686988115
123.296606633,1782806748.335863590,/gps/odometry.pose.pose.position.z,-0.1420948887243867
123.335582293,1782806748.374839250,/gps/odometry.pose.pose.position.z,-0.1421325635164976
123.368696801,1782806748.407953758,/gps/odometry.pose.pose.position.z,-0.14226654823869467
123.401703225,1782806748.440960182,/gps/odometry.pose.pose.position.z,-0.14255318883806467
123.436972119,1782806748.476229076,/gps/odometry.pose.pose.position.z,-0.14299227762967348
123.474444681,1782806748.513701638,/gps/odometry.pose.pose.position.z,-0.14343970827758312
123.508162693,1782806748.547419650,/gps/odometry.pose.pose.position.z,-0.14388173073530197
123.540681129,1782806748.579938086,/gps/odometry.pose.pose.position.z,-0.14431836176663637
123.575572553,1782806748.614829510,/gps/odometry.pose.pose.position.z,-0.14474961441010237
123.608646122,1782806748.647903079,/gps/odometry.pose.pose.position.z,-0.1451754979789257
123.641849198,1782806748.681106155,/gps/odometry.pose.pose.position.z,-0.1455960301682353
123.676190518,1782806748.715447475,/gps/odometry.pose.pose.position.z,-0.1460112202912569
123.709238673,1782806748.748495630,/gps/odometry.pose.pose.position.z,-0.14642108418047428
123.744503447,1782806748.783760404,/gps/odometry.pose.pose.position.z,-0.14682563114911318
123.77743939,1782806748.816696347,/gps/odometry.pose.pose.position.z,-0.14722487423568964
123.810622304,1782806748.849879261,/gps/odometry.pose.pose.position.z,-0.14761882927268744
123.85169181,1782806748.890948767,/gps/odometry.pose.pose.position.z,-0.14800750650465488
123.88821641,1782806748.927473367,/gps/odometry.pose.pose.position.z,-0.14839091524481773
123.921692156,1782806748.960949113,/gps/odometry.pose.pose.position.z,-0.14876907039433718
123.953406732,1782806748.992663689,/gps/odometry.pose.pose.position.z,-0.1491419803351164
123.989905072,1782806749.029162029,/gps/odometry.pose.pose.position.z,-0.1495096618309617
124.023400662,1782806749.062657619,/gps/odometry.pose.pose.position.z,-0.1498721232637763
124.063381118,1782806749.102638075,/gps/odometry.pose.pose.position.z,-0.15022937580943108
124.096982223,1782806749.136239180,/gps/odometry.pose.pose.position.z,-0.1505814315751195
124.1294861,1782806749.168743057,/gps/odometry.pose.pose.position.z,-0.15092829894274473
124.170351646,1782806749.209608603,/gps/odometry.pose.pose.position.z,-0.15126999281346798
124.206237613,1782806749.245494570,/gps/odometry.pose.pose.position.z,-0.1516065215691924
124.237920176,1782806749.277177133,/gps/odometry.pose.pose.position.z,-0.1519378935918212
124.272467901,1782806749.311724858,/gps/odometry.pose.pose.position.z,-0.15226412191987038
124.3111567,1782806749.350413657,/gps/odometry.pose.pose.position.z,-0.15258521772921085
124.342838965,1782806749.382095922,/gps/odometry.pose.pose.position.z,-0.1529011894017458
124.378549076,1782806749.417806033,/gps/odometry.pose.pose.position.z,-0.15321204904466867
124.413266615,1782806749.452523572,/gps/odometry.pose.pose.position.z,-0.15351780410856009
124.447429854,1782806749.486686811,/gps/odometry.pose.pose.position.z,-0.15381846390664577
124.480504337,1782806749.519761294,/gps/odometry.pose.pose.position.z,-0.1541140414774418
124.513580022,1782806749.552836979,/gps/odometry.pose.pose.position.z,-0.15440454240888357
124.551224723,1782806749.590481680,/gps/odometry.pose.pose.position.z,-0.15468997787684202
124.592567787,1782806749.631824744,/gps/odometry.pose.pose.position.z,-0.1549703599885106
124.627029457,1782806749.666286414,/gps/odometry.pose.pose.position.z,-0.15524569060653448
124.662031774,1782806749.701288731,/gps/odometry.pose.pose.position.z,-0.1555159855633974
124.695974718,1782806749.735231675,/gps/odometry.pose.pose.position.z,-0.15578125044703484
124.72899411,1782806749.768251067,/gps/odometry.pose.pose.position.z,-0.1560414945706725
124.770392529,1782806749.809649486,/gps/odometry.pose.pose.position.z,-0.1562967263162136
124.803308751,1782806749.842565708,/gps/odometry.pose.pose.position.z,-0.15654695499688387
124.836446744,1782806749.875703701,/gps/odometry.pose.pose.position.z,-0.1567921880632639
124.880349035,1782806749.919605992,/gps/odometry.pose.pose.position.z,-0.15703243296593428
124.908968156,1782806749.948225113,/gps/odometry.pose.pose.position.z,-0.15726769994944334
124.943334115,1782806749.982591072,/gps/odometry.pose.pose.position.z,-0.15749799460172653
124.985931497,1782806750.025188454,/gps/odometry.pose.pose.position.z,-0.15772332716733217
125.022026553,1782806750.061283510,/gps/odometry.pose.pose.position.z,-0.1579437032341957
125.054661818,1782806750.093918775,/gps/odometry.pose.pose.position.z,-0.15815913304686546
125.099466157,1782806750.138723114,/gps/odometry.pose.pose.position.z,-0.15836961939930916
125.130393028,1782806750.169649985,/gps/odometry.pose.pose.position.z,-0.15857517439872026
125.164156031,1782806750.203412988,/gps/odometry.pose.pose.position.z,-0.15877580363303423
125.199573014,1782806750.238829971,/gps/odometry.pose.pose.position.z,-0.15897151455283165
125.236659312,1782806750.275916269,/gps/odometry.pose.pose.position.z,-0.15916231274604797
125.269438483,1782806750.308695440,/gps/odometry.pose.pose.position.z,-0.1593482056632638
125.302913867,1782806750.342170824,/gps/odometry.pose.pose.position.z,-0.15952920075505972
125.336190695,1782806750.375447652,/gps/odometry.pose.pose.position.z,-0.15970530733466148
125.369488109,1782806750.408745066,/gps/odometry.pose.pose.position.z,-0.15987652447074652
125.41241081,1782806750.451667767,/gps/odometry.pose.pose.position.z,-0.16004286613315344
125.445384334,1782806750.484641291,/gps/odometry.pose.pose.position.z,-0.16020433325320482
125.479436729,1782806750.518693686,/gps/odometry.pose.pose.position.z,-0.160360936075449
125.514336302,1782806750.553593259,/gps/odometry.pose.pose.position.z,-0.1605126792564988
