timestamp,vx_sp_ma,vy_sp_ma,vz_sp_ma,vx_sp_lp,vy_sp_lp,vz_sp_lp,vx_sift_ma,vy_sift_ma,vz_sift_ma,vx_sift_lp,vy_sift_lp,vz_sift_lp
0.060716,0.000000,0.000000,0.000000,0.000000,0.000000,0.000000,-0.000861,0.000362,0.000853,-0.000861,0.000362,0.000853
0.121433,0.000000,0.000000,0.000000,0.000000,0.000000,0.000000,-0.000839,0.000285,0.000411,-0.000852,0.000331,0.000676
0.182149,0.000000,0.000000,0.000000,0.000000,0.000000,0.000000,0.001535,-0.000342,-0.001229,0.000575,-0.000054,-0.000361
0.242866,0.000000,0.000000,0.000000,0.000000,0.000000,0.000000,0.000883,0.000194,-0.000342,0.000246,0.000317,0.000175
0.303582,-0.001569,-0.004047,0.000000,-0.001569,-0.004047,0.000000,0.003504,-0.001699,-0.000191,0.002994,-0.001600,0.000222
0.364299,-0.001307,-0.003373,0.000000,-0.001255,-0.003238,0.000000,0.005668,-0.002921,-0.000165,0.005693,-0.003087,0.000171
0.425015,-0.001830,0.000896,0.000000,-0.001997,0.002712,0.000000,0.005886,-0.002653,-0.000523,0.005992,-0.002679,-0.000397
0.485732,-0.000387,-0.000284,0.000000,0.000423,0.000517,0.000000,0.006193,-0.003604,-0.002529,0.005052,-0.003402,-0.002955
0.546448,-0.000387,-0.000284,0.000000,0.000338,0.000413,0.000000,0.005738,-0.001897,-0.004408,0.003241,-0.000289,-0.005002
0.607165,-0.000387,-0.000284,0.000000,0.000271,0.000331,0.000000,0.004939,-0.001543,-0.003990,0.002732,-0.000055,-0.004318
0.667881,-0.000197,-0.001644,0.000000,0.000482,-0.001639,0.000000,0.003094,0.000591,-0.001347,-0.000612,0.003304,0.000710
0.728597,0.000923,0.001247,0.000000,0.000385,-0.001311,0.000000,-0.000119,0.003322,-0.000308,-0.002191,0.004613,0.002105
0.789314,0.003170,0.002696,0.000000,0.003453,0.000979,0.000000,-0.004360,0.006772,0.003211,-0.004392,0.006714,0.006604
0.850030,0.001821,-0.000885,0.000000,-0.000119,0.001072,0.000000,-0.007411,0.008595,0.004642,-0.006347,0.007713,0.006753
0.910747,0.001475,0.002205,0.004575,0.001441,0.003531,0.006405,-0.009704,0.012896,0.011007,-0.008030,0.010933,0.011675
0.971463,0.001475,0.002205,0.004575,0.001153,0.002825,0.005124,-0.007188,0.010639,0.015866,-0.003702,0.008019,0.013504
1.032180,0.002692,0.000745,0.004167,0.002626,0.000216,0.003528,-0.008564,0.011168,0.016806,-0.004749,0.007332,0.011803
1.092896,0.003694,0.001065,0.004167,0.003769,-0.001283,0.002823,-0.006649,0.009488,0.013947,-0.003915,0.006862,0.009605
1.153613,0.003694,0.001065,0.004167,0.003015,-0.001026,0.002258,-0.004922,0.007741,0.011790,-0.002416,0.005013,0.006202
1.214329,0.001448,-0.000384,0.004167,0.002412,-0.000821,0.001806,-0.007448,0.009337,0.008392,-0.008110,0.009269,0.005124
1.275046,0.003506,-0.000590,0.004167,0.001930,-0.000657,0.001445,-0.007694,0.009563,0.009909,-0.009665,0.010074,0.007692
1.335762,0.002408,-0.002500,-0.000408,0.001544,-0.000525,0.001156,-0.008145,0.007173,0.006059,-0.011315,0.009475,0.007036
1.396478,0.002408,-0.002500,-0.000408,0.001235,-0.000420,0.000925,-0.009453,0.008724,0.004706,-0.008162,0.009025,0.007899
1.457195,0.001192,-0.001040,0.000000,0.000988,-0.000336,0.000740,-0.007561,0.008098,0.005613,-0.005668,0.007259,0.008589
1.517911,0.000000,0.000000,0.000000,0.000790,-0.000269,0.000592,-0.009432,0.008243,0.007665,-0.007269,0.007007,0.009907
1.578628,0.000061,-0.002604,0.000000,0.000717,-0.003860,0.000474,-0.008827,0.008948,0.010346,-0.004253,0.006116,0.010196
1.639344,0.000061,-0.002604,0.000000,0.000574,-0.003088,0.000379,-0.004628,0.005001,0.008984,-0.003700,0.004625,0.006413
1.700061,0.000061,-0.002604,0.000000,0.000459,-0.002470,0.000303,-0.001853,0.003573,0.006469,-0.002253,0.004360,0.005202
1.760777,0.000061,-0.002604,0.000000,0.000367,-0.001976,0.000242,0.001816,0.002965,0.005551,-0.000248,0.004052,0.003759
1.821494,0.000061,-0.002604,0.000000,0.000294,-0.001581,0.000194,0.001176,0.001785,0.003249,-0.000204,0.003035,0.002055
1.882210,0.000061,-0.002604,0.000000,0.000235,-0.001265,0.000155,0.002360,0.000890,-0.000636,0.002356,0.001214,-0.001527
1.942927,0.000061,-0.002604,0.000000,0.000188,-0.001012,0.000124,0.004880,-0.000523,-0.004303,0.002676,0.000193,-0.003318
2.003643,0.004369,-0.000525,0.000000,0.006268,-0.001545,0.000099,0.003676,-0.001610,-0.006329,0.002019,-0.000856,-0.003221
2.064359,0.003047,0.000820,0.000000,0.003162,0.000648,0.000079,0.002478,-0.000217,-0.005764,-0.000359,0.000996,-0.003529
2.125076,0.003047,0.000820,0.000000,0.002530,0.000518,0.000064,0.004224,-0.001682,-0.008075,0.002863,-0.000594,-0.005987
2.185792,0.003047,0.000820,0.000000,0.002024,0.000415,0.000051,0.002848,-0.001951,-0.007612,0.001918,-0.000288,-0.004545
2.246509,0.003047,0.000820,0.000000,0.001619,0.000332,0.000041,0.001920,-0.001677,-0.006873,0.000231,-0.000053,-0.003554
2.307225,-0.000821,0.001204,0.000000,-0.004120,0.000802,0.000033,0.000647,-0.000777,-0.004981,0.000921,0.000003,-0.003365
2.367942,-0.000821,0.001204,0.000000,-0.003296,0.000642,0.000026,-0.000310,-0.000250,-0.003834,0.000189,-0.000037,-0.003181
2.428658,-0.005191,0.001729,0.000000,-0.002637,0.000513,0.000021,0.000003,0.000560,-0.003847,0.000466,0.000094,-0.003130
2.489375,-0.003868,0.000383,0.000000,-0.002109,0.000411,0.000017,0.001644,-0.000425,-0.003517,0.000696,0.000377,-0.002994
2.550091,-0.003868,0.000383,0.000000,-0.001688,0.000329,0.000013,0.000277,0.000198,-0.001607,0.001793,-0.000217,-0.002885
2.610808,-0.003868,0.000383,0.000000,-0.001350,0.000263,0.000011,0.001413,-0.000476,-0.002154,0.002654,-0.000930,-0.002830
2.671524,-0.003868,0.000383,0.000000,-0.001080,0.000210,0.000009,0.001836,-0.000478,-0.001950,0.001411,-0.000570,-0.001896
2.732240,0.000000,0.000000,0.000000,-0.000864,0.000168,0.000007,0.000919,-0.000768,-0.002347,0.000582,-0.000816,-0.002595
2.792957,0.002365,0.000201,0.000000,0.002620,0.000415,0.000005,0.001450,-0.000649,-0.002152,0.000661,-0.000525,-0.002293
2.853673,0.002365,0.000201,0.000000,0.002096,0.000332,0.000004,0.001672,-0.000368,-0.002145,0.001154,0.000095,-0.002409
2.914390,0.002365,0.000201,0.000000,0.001677,0.000266,0.000003,0.001853,-0.000749,-0.001928,0.001501,-0.000155,-0.002113
2.975106,0.002365,0.000201,0.000000,0.001341,0.000213,0.000003,0.000962,0.000530,-0.001201,0.001188,0.001148,-0.001162
3.035823,0.000311,0.001360,0.000000,-0.001803,0.001793,0.000002,-0.001271,0.002275,-0.000983,-0.000956,0.002605,-0.001147
3.096539,0.000311,0.001360,0.000000,-0.001442,0.001435,0.000002,0.000553,0.001536,-0.001378,0.001077,0.001224,-0.001103
3.157256,0.000311,0.001360,0.000000,-0.001154,0.001148,0.000001,0.001237,0.001396,-0.001487,0.001272,0.000423,-0.002112
3.217972,-0.002054,0.001160,0.000000,-0.000923,0.000918,0.000001,0.001049,0.001352,-0.001564,0.000949,0.000405,-0.002015
3.278689,-0.002054,0.001160,0.000000,-0.000738,0.000735,0.000001,0.002027,-0.000333,-0.001386,0.002756,-0.001520,-0.001938
3.339405,-0.002054,0.001160,0.000000,-0.000591,0.000588,0.000001,0.001905,-0.000054,-0.001467,0.002610,-0.001057,-0.001849
3.400121,-0.002054,0.001160,0.000000,-0.000473,0.000470,0.000001,0.001539,-0.000587,-0.001574,0.001564,-0.000320,-0.001101
3.460838,0.000000,0.000000,0.000000,-0.000378,0.000376,0.000000,0.002739,-0.001451,-0.000985,0.001025,0.000221,-0.000273
3.521554,0.000000,0.000000,0.000000,-0.000302,0.000301,0.000000,0.001773,-0.001187,-0.001195,0.001309,-0.000314,-0.000698
3.582271,0.000000,0.000000,0.000000,-0.000242,0.000241,0.000000,0.001919,-0.000836,-0.000580,0.001662,-0.000315,-0.000927
3.642987,0.000000,0.000000,0.000000,-0.000194,0.000193,0.000000,0.002197,-0.000967,-0.000465,0.001650,-0.000370,-0.000906
3.703704,0.000000,0.000000,0.000000,-0.000155,0.000154,0.000000,0.000834,0.000314,-0.000045,0.001409,-0.000345,-0.000463
3.764420,0.000000,0.000000,0.000000,-0.000124,0.000123,0.000000,0.000404,0.000455,0.000437,0.000930,0.000080,0.000006
3.825137,0.000000,0.000000,0.000000,-0.000099,0.000099,0.000000,0.000437,0.000272,0.000370,0.000266,0.000334,0.000289
3.885853,0.000000,0.000000,0.000000,-0.000079,0.000079,0.000000,0.000334,0.000147,0.000123,-0.000158,0.000569,0.000493
3.946570,0.000000,0.000000,0.000000,-0.000063,0.000063,0.000000,-0.000111,0.000408,0.000669,-0.000261,0.000330,0.000679
4.007286,0.000000,0.000000,0.000000,-0.000051,0.000050,0.000000,-0.001087,0.000928,0.001135,-0.000960,0.000928,0.000827
4.068002,0.000000,0.000000,0.000000,-0.000041,0.000040,0.000000,-0.001650,0.001302,0.001411,-0.001235,0.001148,0.000884
4.128719,0.000000,0.000000,0.000000,-0.000032,0.000032,0.000000,-0.001733,0.001320,0.001200,-0.001015,0.000895,0.000673
4.189435,0.000000,0.000000,0.000000,-0.000026,0.000026,0.000000,-0.001975,0.001314,0.001125,-0.001348,0.001062,0.000811
4.250152,0.000000,0.000000,0.000000,-0.000021,0.000021,0.000000,-0.001697,0.001163,0.001037,-0.001168,0.000909,0.000809
4.310868,0.000000,0.000000,0.000000,-0.000017,0.000017,0.000000,-0.001423,0.000958,0.001008,-0.000921,0.000742,0.000869
4.371585,0.000000,0.000000,0.000000,-0.000013,0.000013,0.000000,-0.001195,0.000980,0.000920,-0.000553,0.000500,0.000856
4.432301,0.000000,0.000000,0.000000,-0.000011,0.000011,0.000000,-0.000598,0.000472,0.000611,-0.000357,0.000352,0.000537
4.493018,0.000000,0.000000,0.000000,-0.000009,0.000008,0.000000,-0.000239,0.000157,0.000455,-0.000250,0.000246,0.000433
4.553734,0.000000,0.000000,0.000000,-0.000007,0.000007,0.000000,-0.000214,0.000159,0.000452,-0.000192,0.000177,0.000308
4.614451,0.000000,0.000000,0.000000,-0.000005,0.000005,0.000000,0.000177,-0.000099,0.000228,-0.000142,0.000125,0.000205
4.675167,0.000000,0.000000,0.000000,-0.000004,0.000004,0.000000,0.000208,-0.000141,0.000123,-0.000160,0.000102,0.000178
4.735883,0.000000,0.000000,0.000000,-0.000003,0.000003,0.000000,0.000207,-0.000160,-0.000030,-0.000115,0.000070,0.000149
4.796600,0.000000,0.000000,0.000000,-0.000003,0.000003,0.000000,0.000082,-0.000102,-0.000164,-0.000084,0.000043,0.000093
4.857316,0.000000,0.000000,0.000000,-0.000002,0.000002,0.000000,0.000021,-0.000068,-0.000059,-0.000067,0.000035,0.000074
4.918033,0.000000,0.000000,0.000000,-0.000002,0.000002,0.000000,-0.000002,-0.000030,-0.000038,-0.000051,0.000044,0.000091
4.978749,0.000000,0.000000,0.000000,-0.000001,0.000001,0.000000,-0.000105,0.000036,-0.000006,-0.000176,0.000108,0.000080
5.039466,0.000000,0.000000,0.000000,-0.000001,0.000001,0.000000,-0.000022,0.000036,0.000017,-0.000014,0.000070,0.000055
5.100182,0.000000,0.000000,0.000000,-0.000001,0.000001,0.000000,-0.000013,0.000049,0.000062,-0.000045,0.000077,0.000120
5.160899,0.000000,0.000000,0.000000,-0.000001,0.000001,0.000000,0.000099,0.000050,0.000079,0.000134,0.000051,0.000128
5.221615,0.000000,0.000000,0.000000,-0.000001,0.000001,0.000000,-0.000945,0.000803,0.000121,-0.001345,0.001082,0.000134
5.282332,0.000000,0.000000,0.000000,-0.000000,0.000000,0.000000,-0.001363,0.000939,0.000175,-0.001662,0.001056,0.000183
5.343048,0.000000,0.000000,0.000000,-0.000000,0.000000,0.000000,-0.001482,0.000978,0.000409,-0.001494,0.000917,0.000505
5.403764,0.000000,0.000000,0.000000,-0.000000,0.000000,0.000000,-0.002360,0.001488,0.000659,-0.002560,0.001519,0.000762
5.464481,0.000000,0.000000,0.000000,-0.000000,0.000000,0.000000,-0.002617,0.001147,-0.000024,-0.002281,0.000722,-0.000357
5.525197,0.000000,0.000000,0.000000,-0.000000,0.000000,0.000000,-0.002992,0.001021,0.000343,-0.002383,0.000422,0.000306
5.585914,0.000000,0.000000,0.000000,-0.000000,0.000000,0.000000,-0.003081,0.000883,0.000695,-0.001862,0.000134,0.000769
5.646630,0.000000,0.000000,0.000000,-0.000000,0.000000,0.000000,-0.002180,0.000709,0.001995,-0.001680,0.000905,0.002466
5.707347,0.000000,0.000000,0.000000,-0.000000,0.000000,0.000000,-0.002006,0.000667,0.002476,-0.001687,0.000855,0.002723
5.768063,0.000000,0.000000,0.000000,-0.000000,0.000000,0.000000,-0.002235,0.000743,0.002641,-0.001834,0.000863,0.002768
5.828780,0.000000,0.000000,0.000000,-0.000000,0.000000,0.000000,-0.002062,0.000807,0.002807,-0.002590,0.001565,0.002805
5.889496,0.003633,-0.003041,0.000000,0.005086,-0.004257,0.000000,-0.003134,0.001854,0.005181,-0.003805,0.002224,0.004601
5.950213,0.003633,-0.003041,0.000000,0.004069,-0.003406,0.000000,-0.002716,0.001705,0.006081,-0.003017,0.001416,0.005532
6.010929,0.001731,-0.002459,0.000000,0.000593,-0.001909,0.000000,-0.002707,0.001884,0.005951,-0.002357,0.001180,0.004768
6.071645,0.001731,-0.002459,0.000000,0.000475,-0.001528,0.000000,-0.002612,0.001378,0.005179,-0.001943,0.001033,0.004584
6.132362,0.001731,-0.002459,0.000000,0.000380,-0.001222,0.000000,-0.002982,0.001799,0.006085,-0.002415,0.001546,0.005685
6.193078,0.001731,-0.002459,0.000000,0.000304,-0.000978,0.000000,-0.003081,0.001555,0.005826,-0.002555,0.001075,0.004776
6.253795,0.001731,-0.002459,0.000000,0.000243,-0.000782,0.000000,-0.002152,0.000925,0.005329,-0.001866,0.000852,0.003715
6.314511,-0.001901,0.000582,0.000000,0.000194,-0.000626,0.000000,-0.001518,0.000586,0.004780,-0.002338,0.001179,0.004561
6.375228,-0.004056,0.002199,0.000000,-0.002861,0.001763,0.000000,-0.003686,0.001997,0.004007,-0.004879,0.002555,0.004418
6.435944,-0.003752,0.000498,0.000000,-0.004525,-0.000156,0.000000,-0.004472,0.002307,0.004935,-0.004948,0.002526,0.005176
6.496661,-0.003752,0.000498,0.000000,-0.003620,-0.000125,0.000000,-0.004075,0.001855,0.003596,-0.003459,0.001477,0.003035
6.557377,-0.006315,0.002393,0.000000,-0.006485,0.002553,0.000000,-0.004439,0.001676,0.003201,-0.004138,0.001651,0.003894
6.618094,-0.006315,0.002393,0.000000,-0.005188,0.002043,0.000000,-0.003564,0.001280,0.004173,-0.002708,0.000604,0.004703
6.678810,-0.006315,0.002393,0.000000,-0.004150,0.001634,0.000000,-0.004673,0.001877,0.005702,-0.003541,0.001311,0.005798
6.739526,-0.006315,0.002393,0.000000,-0.003320,0.001307,0.000000,-0.006954,0.003553,0.005614,-0.006872,0.003893,0.006104
6.800243,-0.004161,0.000776,0.000000,-0.002656,0.001046,0.000000,-0.004738,0.002484,0.004986,-0.005403,0.003229,0.004773
6.860959,-0.006355,0.002793,0.000000,-0.007433,0.002094,0.000000,-0.003681,0.001125,0.002171,-0.003887,0.001163,0.001518
6.921676,-0.004937,0.001053,0.000000,-0.003961,-0.000761,0.000000,-0.005618,0.002434,0.005561,-0.005323,0.002219,0.004856
6.982392,-0.002374,-0.000842,0.000000,-0.003169,-0.000608,0.000000,-0.003719,0.000092,0.005968,-0.002970,-0.001034,0.005920
7.043109,-0.002768,-0.001793,0.000000,-0.003087,-0.001819,0.000000,-0.004690,0.001014,0.006680,-0.003133,-0.000254,0.007321
7.103825,-0.004382,0.002698,0.000000,-0.004729,0.004833,0.000000,-0.004875,0.000630,0.006882,-0.004140,0.000088,0.008174
7.164542,-0.004073,0.001921,0.001717,-0.003350,0.002779,0.002404,-0.001306,-0.002025,0.006157,-0.002355,-0.000803,0.006990
7.225258,-0.006702,0.004095,0.007767,-0.006362,0.005265,0.010393,-0.001036,-0.001641,0.008009,-0.001411,0.000009,0.008076
7.285974,-0.003626,0.002890,0.010393,-0.006091,0.003784,0.011991,-0.002780,-0.000092,0.011428,-0.003136,0.000756,0.008946
7.346691,-0.005044,0.004630,0.010393,-0.004873,0.003027,0.009593,-0.001171,-0.001094,0.010601,-0.002468,0.000492,0.009641
7.407407,-0.005044,0.004630,0.010393,-0.003898,0.002421,0.007674,-0.001394,0.000994,0.010803,-0.000998,0.000507,0.010030
7.468124,-0.004649,0.005581,0.010393,-0.003119,0.001937,0.006139,-0.001603,0.000562,0.010233,-0.001849,0.000374,0.009812
7.528840,-0.003036,0.001090,0.010393,-0.002495,0.001550,0.004912,0.000687,-0.001242,0.009855,0.000094,-0.001936,0.009637
7.589557,-0.003345,0.001867,0.008676,-0.001996,0.001240,0.003929,-0.001402,0.000021,0.011502,-0.001894,-0.000654,0.010467
7.650273,-0.000715,-0.000306,0.002626,-0.001597,0.000992,0.003143,-0.001874,0.000007,0.011258,-0.001702,0.000109,0.010515
7.710990,0.000000,0.000000,0.000000,-0.001277,0.000793,0.002515,-0.000814,-0.000520,0.010810,-0.001885,0.000098,0.010271
7.771706,0.000000,0.000000,0.000000,-0.001022,0.000635,0.002012,-0.002664,0.000256,0.010364,-0.004057,0.001052,0.010076
7.832423,-0.003009,0.001583,0.000000,-0.005030,0.002724,0.001609,-0.010663,0.003814,0.010239,-0.013468,0.005936,0.010203
7.893139,-0.003009,0.001583,0.000000,-0.004024,0.002179,0.001288,-0.013564,0.004940,0.010931,-0.015887,0.006294,0.010919
7.953855,-0.003009,0.001583,0.000000,-0.003219,0.001743,0.001030,-0.015025,0.006523,0.009089,-0.013182,0.005016,0.007945
8.014572,-0.003009,0.001583,0.000000,-0.002575,0.001394,0.000824,-0.014535,0.006049,0.008140,-0.011828,0.004245,0.007783
8.075288,-0.003938,0.002320,0.000000,-0.003361,0.002148,0.000659,-0.011884,0.003947,0.005108,-0.005938,0.001084,0.004124
8.136005,-0.003058,0.001761,0.000000,-0.001456,0.000936,0.000527,-0.012057,0.004395,0.005414,-0.005516,0.001506,0.005587
8.196721,-0.003058,0.001761,0.000000,-0.001165,0.000749,0.000422,-0.011861,0.004471,0.005597,-0.006688,0.002284,0.006585
8.257438,-0.000049,0.000179,0.000000,-0.000932,0.000599,0.000338,-0.009715,0.002707,0.005087,-0.012567,0.004453,0.006695
8.318154,-0.001525,0.000949,0.000000,-0.002812,0.001558,0.000270,-0.006171,0.001460,0.004788,-0.010205,0.003362,0.007694
8.378871,-0.001013,0.001632,-0.001377,-0.001533,0.002202,-0.001712,-0.001171,-0.002403,0.006986,-0.001636,-0.002738,0.008443
8.439587,-0.001013,0.001632,-0.001377,-0.001226,0.001762,-0.001370,-0.003867,-0.001947,0.007728,-0.006366,-0.001320,0.009220
8.500304,0.006933,-0.004359,-0.001377,0.008842,-0.005946,-0.001096,-0.002642,-0.003517,0.010899,0.000147,-0.005566,0.009714
8.561020,0.006594,-0.004679,-0.001377,0.007832,-0.005987,-0.000876,-0.009052,-0.001514,0.014783,-0.009623,-0.001010,0.015495
8.621736,0.006594,-0.004679,-0.001377,0.006265,-0.004789,-0.000701,-0.006536,-0.002812,0.012508,-0.006450,-0.001545,0.011327
8.682453,0.006594,-0.004679,-0.001377,0.005012,-0.003831,-0.000561,-0.001327,-0.004580,0.011724,-0.005085,-0.001087,0.009391
8.743169,0.008070,-0.005450,-0.001377,0.004010,-0.003065,-0.000449,-0.001090,-0.004419,0.010150,-0.003888,-0.000844,0.007648
8.803886,0.000707,-0.001084,0.000000,-0.006383,0.004615,-0.000359,-0.007671,0.000423,0.010403,-0.005796,0.000677,0.008760
8.864602,-0.003203,-0.001290,0.000000,-0.010581,0.003404,-0.000287,-0.005422,0.001489,0.011129,-0.006544,0.002904,0.010489
8.925319,-0.010219,0.003964,0.000000,-0.008465,0.002723,-0.000230,-0.009059,0.005067,0.009439,-0.005088,0.002821,0.008363
8.986035,-0.010761,0.004842,0.000000,-0.006772,0.002179,-0.000184,-0.001864,0.003048,0.004551,-0.003738,0.002874,0.007572
9.046752,-0.010761,0.004842,0.000000,-0.005418,0.001743,-0.000147,-0.003392,0.003891,0.005873,-0.003881,0.002742,0.006839
9.107468,-0.008008,0.001545,0.000000,-0.000479,-0.003222,-0.000118,-0.002615,0.002944,0.006267,-0.001942,0.001017,0.006353
9.168185,-0.008008,0.001545,0.000000,-0.000383,-0.002578,-0.000094,-0.004407,0.003139,0.005718,-0.003883,0.001113,0.004448
9.228901,-0.000031,-0.006740,0.000000,0.001270,-0.006594,-0.000075,0.002521,0.000593,0.003811,0.003908,-0.001323,0.003530
9.289617,0.003878,-0.002879,0.000000,0.001013,-0.000157,-0.000060,0.002878,-0.000765,0.001694,0.001718,-0.000596,0.003342
9.350334,0.003878,-0.002879,0.000000,0.000811,-0.000126,-0.000048,0.005147,-0.001807,-0.000737,0.004699,-0.001438,-0.000759
9.411050,0.008872,-0.001948,0.000000,0.007640,0.001202,-0.000039,0.005377,-0.002010,-0.001294,0.004414,-0.000818,-0.000505
9.471767,0.009966,-0.003406,0.000000,0.007644,-0.001079,-0.000031,0.006480,-0.002502,-0.002243,0.004184,-0.000901,-0.000950
9.532483,0.010349,-0.000460,-0.005051,0.010507,-0.001355,-0.007097,0.003899,-0.000158,-0.001571,0.000897,0.001385,0.001062
9.593200,0.010349,-0.000460,-0.005051,0.008405,-0.001084,-0.005677,0.003869,0.001247,-0.001045,-0.001654,0.003374,0.000952
9.653916,0.009223,0.002777,-0.005051,0.006724,-0.000867,-0.004542,-0.002568,0.003844,-0.000391,-0.003320,0.004122,0.001649
9.714633,0.007668,-0.001015,-0.004041,0.003200,-0.000885,-0.002219,-0.002077,0.003594,-0.000649,-0.003377,0.003410,0.001475
9.775349,0.007668,-0.001015,-0.004041,0.002560,-0.000708,-0.001775,-0.004089,0.004691,0.001689,-0.002194,0.003302,0.001021
9.836066,0.002674,-0.001946,-0.004041,0.002048,-0.000566,-0.001420,-0.002755,0.003305,0.002250,0.000767,0.001035,0.001704
9.896782,0.001580,-0.000488,-0.004041,0.001638,-0.000453,-0.001136,-0.001616,0.002604,0.002752,0.002861,-0.000400,0.001520
9.957498,-0.001557,-0.000137,0.001010,0.001311,-0.000362,-0.000909,0.000139,0.001321,0.000810,0.002296,-0.000011,0.000319
10.018215,-0.003162,-0.002404,0.001010,-0.001198,-0.003464,-0.000727,0.001387,0.000237,0.000957,0.001212,0.000740,0.000563
10.078931,-0.003162,-0.002404,0.001010,-0.000958,-0.002771,-0.000582,0.003851,-0.001164,-0.000982,0.002422,0.000053,-0.001376
10.139648,-0.001605,-0.002267,0.000000,-0.000767,-0.002217,-0.000465,0.005769,-0.002051,-0.002845,0.003902,-0.001088,-0.003554
10.200364,-0.001650,-0.002695,0.000000,-0.000677,-0.002373,-0.000372,0.006060,-0.003150,-0.004391,0.004037,-0.001834,-0.005166
10.261081,-0.001883,0.000102,0.000000,-0.000868,0.002018,-0.000298,0.006649,-0.003096,-0.006330,0.006576,-0.002999,-0.005959
10.321797,-0.001883,0.000102,0.000000,-0.000694,0.001615,-0.000238,0.004208,-0.002085,-0.008101,0.004092,-0.002211,-0.007091
10.382514,-0.001883,0.000102,0.000000,-0.000556,0.001292,-0.000191,0.003991,-0.002555,-0.009119,0.002977,-0.002117,-0.007996
10.443230,-0.002389,0.002211,0.000000,-0.003399,0.000811,-0.000153,0.004198,-0.003048,-0.009167,0.002046,-0.001636,-0.006155
10.503947,0.000182,0.001042,0.000288,0.000881,-0.000987,0.000281,0.003885,-0.002891,-0.008742,0.002650,-0.001628,-0.006155
10.564663,0.000182,0.001042,0.000288,0.000705,-0.000790,0.000225,0.002798,-0.001741,-0.005597,0.002563,-0.000822,-0.002975
10.625379,0.000228,0.001470,0.000288,0.000564,-0.000632,0.000180,0.003845,-0.002132,-0.003765,0.004432,-0.002170,-0.002138
10.686096,0.000461,-0.001327,0.000288,0.000451,-0.000505,0.000144,0.001632,-0.001492,-0.003363,0.003794,-0.002372,-0.002973
10.746812,0.000461,-0.001327,0.000288,0.000361,-0.000404,0.000115,0.003015,-0.001936,-0.002559,0.003803,-0.002331,-0.003577
10.807529,-0.002439,-0.002712,0.000288,-0.003771,-0.002262,0.000092,0.002816,-0.000543,-0.001779,0.002465,-0.000263,-0.004093
10.868245,-0.000328,-0.002553,0.000288,-0.003017,-0.001809,0.000074,0.002990,-0.000350,-0.001355,0.001882,0.000117,-0.002439
10.928962,-0.002900,-0.001385,0.000000,-0.002414,-0.001448,0.000059,0.002332,-0.000023,-0.000370,0.001597,0.000234,-0.001802
10.989678,-0.002900,-0.001385,0.000000,-0.001931,-0.001158,0.000047,0.002830,-0.000867,-0.002764,0.002418,-0.000515,-0.002845
11.050395,-0.002900,-0.001385,0.000000,-0.001545,-0.000926,0.000038,0.000139,0.001340,-0.001611,0.000549,0.001166,-0.000420
11.111111,-0.002900,-0.001385,0.000000,-0.001236,-0.000741,0.000030,0.000473,0.001339,-0.001707,0.001155,0.000296,-0.001734
11.171828,-0.002900,-0.001385,0.000000,-0.000989,-0.000593,0.000024,-0.000443,0.001690,-0.000737,0.000409,0.000294,-0.001227
11.232544,0.000000,0.000000,0.000000,-0.000791,-0.000474,0.000019,-0.000128,0.000641,-0.000122,0.000191,0.000369,-0.001351
11.293260,0.000000,0.000000,0.000000,-0.000633,-0.000379,0.000015,-0.000002,0.001046,-0.000498,0.000238,0.001190,-0.000773
11.353977,0.000000,0.000000,0.000000,-0.000506,-0.000304,0.000012,-0.000157,0.001242,-0.000388,0.000066,0.001365,-0.000315
11.414693,0.000000,0.000000,0.000000,-0.000405,-0.000243,0.000010,-0.000737,0.001672,0.000415,0.000382,0.000993,-0.000531
11.475410,0.000000,0.000000,0.000000,-0.000324,-0.000194,0.000008,-0.000359,0.000980,-0.000796,-0.000552,0.001404,-0.000264
11.536126,0.000000,0.000000,0.000000,-0.000259,-0.000155,0.000006,-0.000925,0.001808,0.000075,-0.000517,0.001644,-0.000390
11.596843,0.000000,0.000000,0.000000,-0.000207,-0.000124,0.000005,-0.000511,0.001786,-0.000056,-0.000350,0.001342,-0.000335
11.657559,0.000000,0.000000,0.000000,-0.000166,-0.000099,0.000004,-0.000577,0.001811,0.000364,-0.000509,0.001244,-0.000049
11.718276,0.000000,0.000000,0.000000,-0.000133,-0.000080,0.000003,-0.001085,0.001703,0.000128,-0.001033,0.001737,-0.000063
11.778992,0.000000,0.000000,0.000000,-0.000106,-0.000064,0.000003,-0.000710,0.001426,-0.000295,-0.000425,0.001416,-0.000339
11.839709,0.000000,0.000000,0.000000,-0.000085,-0.000051,0.000002,-0.000670,0.001297,-0.000347,0.000044,0.000853,-0.000622
11.900425,0.000000,0.000000,0.000000,-0.000068,-0.000041,0.000002,0.000129,0.000743,-0.000709,0.000296,0.000516,-0.000844
11.961141,0.000000,0.000000,0.000000,-0.000054,-0.000033,0.000001,0.000555,0.000135,-0.000788,0.000758,0.000083,-0.000964
12.021858,0.000000,0.000000,0.000000,-0.000043,-0.000026,0.000001,0.000660,-0.000015,-0.000953,0.000818,-0.000116,-0.001026
12.082574,0.000000,0.000000,0.000000,-0.000035,-0.000021,0.000001,0.000846,-0.000147,-0.001357,0.000685,-0.000109,-0.001167
12.143291,0.000000,0.000000,0.000000,-0.000028,-0.000017,0.000001,0.001251,-0.000673,-0.001588,0.000489,-0.000080,-0.001281
12.204007,0.000000,0.000000,0.000000,-0.000022,-0.000013,0.000001,0.000825,-0.000616,-0.001563,0.000196,0.000041,-0.001279
12.264724,0.000000,0.000000,0.000000,-0.000018,-0.000011,0.000000,0.000520,-0.000410,-0.001234,0.000115,0.000042,-0.000912
12.325440,0.000000,0.000000,0.000000,-0.000014,-0.000009,0.000000,0.000334,-0.000292,-0.000979,0.000092,0.000032,-0.000720
12.386157,0.000000,0.000000,0.000000,-0.000011,-0.000007,0.000000,-0.000017,-0.000075,-0.000790,0.000103,-0.000001,-0.000600
12.446873,0.000000,0.000000,0.000000,-0.000009,-0.000005,0.000000,-0.000212,0.000087,-0.000530,0.000021,0.000044,-0.000370
12.507590,0.000000,0.000000,0.000000,-0.000007,-0.000004,0.000000,-0.000238,0.000109,-0.000201,0.000011,0.000050,-0.000183
12.568306,0.000000,0.000000,0.000000,-0.000006,-0.000003,0.000000,-0.000233,0.000125,0.000123,-0.000043,0.000068,-0.000040
12.629022,0.000000,0.000000,0.000000,-0.000005,-0.000003,0.000000,-0.000089,0.000047,0.000380,-0.000028,0.000051,0.000075
12.689739,0.000000,0.000000,0.000000,-0.000004,-0.000002,0.000000,-0.000046,0.000048,0.000375,-0.000003,0.000052,0.000162
12.750455,0.000000,0.000000,0.000000,-0.000003,-0.000002,0.000000,-0.000316,0.000199,0.000444,-0.000382,0.000250,0.000236
12.811172,0.000000,0.000000,0.000000,-0.000002,-0.000001,0.000000,-0.000130,0.000111,0.000537,-0.000015,0.000051,0.000296
12.871888,0.000000,0.000000,0.000000,-0.000002,-0.000001,0.000000,-0.000320,0.000200,0.000532,-0.000339,0.000210,0.000339
12.932605,0.000000,0.000000,0.000000,-0.000002,-0.000001,0.000000,-0.000269,0.000300,0.000487,-0.000205,0.000324,0.000322
12.993321,0.000000,0.000000,0.000000,-0.000001,-0.000001,0.000000,0.000187,0.000160,0.000182,0.000421,0.000090,-0.000064
13.054038,0.000000,0.000000,0.000000,-0.000001,-0.000001,0.000000,0.000456,0.000148,0.000055,0.000721,0.000052,-0.000121
13.114754,0.000000,0.000000,0.000000,-0.000001,-0.000000,0.000000,0.001167,0.000051,0.000066,0.001592,-0.000082,0.000021
13.175471,0.000000,0.000000,0.000000,-0.000001,-0.000000,0.000000,0.001866,-0.000278,0.000026,0.001872,-0.000318,0.000067
13.236187,0.000000,0.000000,0.000000,-0.000001,-0.000000,0.000000,0.001647,-0.001147,-0.000100,0.001482,-0.001621,-0.000017
13.296903,0.000000,0.000000,0.000000,-0.000000,-0.000000,0.000000,0.002196,-0.001980,-0.000403,0.001626,-0.002293,-0.000334
13.357620,0.000000,0.000000,0.000000,-0.000000,-0.000000,0.000000,0.002240,-0.002506,-0.000576,0.001429,-0.002415,-0.000459
13.418336,0.000000,0.000000,0.000000,-0.000000,-0.000000,0.000000,0.002260,-0.003087,-0.001440,0.001757,-0.002914,-0.001898
13.479053,0.001014,-0.000787,0.000000,0.001420,-0.001102,0.000000,-0.000202,-0.002516,-0.002483,-0.001658,-0.001552,-0.003049
13.539769,0.001014,-0.000787,0.000000,0.001136,-0.000882,0.000000,-0.001211,-0.002213,-0.002247,-0.001723,-0.000941,-0.001991
13.600486,0.001014,-0.000787,0.000000,0.000909,-0.000705,0.000000,-0.001460,-0.002345,-0.002889,-0.001128,-0.001191,-0.002442
13.661202,0.001014,-0.000787,0.000000,0.000727,-0.000564,0.000000,-0.001419,-0.001521,-0.003356,-0.000861,-0.001165,-0.002677
13.721919,0.001014,-0.000787,0.000000,0.000582,-0.000451,0.000000,-0.002129,-0.000745,-0.002505,-0.001243,-0.000842,-0.001272
13.782635,0.001014,-0.000787,0.000000,0.000465,-0.000361,0.000000,-0.000777,-0.000617,-0.002962,0.001026,-0.001074,-0.001848
13.843352,0.001014,-0.000787,0.000000,0.000372,-0.000289,0.000000,-0.003388,0.001111,-0.002385,-0.002220,0.000576,-0.002202
13.904068,0.000000,0.000000,0.000000,0.000298,-0.000231,0.000000,-0.001899,0.001404,-0.001809,-0.002755,0.001651,-0.002486
13.964784,0.000000,0.000000,0.000000,0.000238,-0.000185,0.000000,-0.001443,0.001508,-0.000994,-0.001963,0.001768,-0.000399
14.025501,0.002208,-0.003043,0.000000,0.003281,-0.004408,0.000000,-0.002219,0.001992,0.000048,-0.002406,0.001654,0.000291
14.086217,0.002208,-0.003043,0.000000,0.002625,-0.003526,0.000000,-0.002583,0.001744,0.000617,-0.002393,0.000763,0.000305
14.146934,0.002208,-0.003043,0.000000,0.002100,-0.002821,0.000000,-0.001517,0.001467,-0.000543,-0.000975,0.000312,-0.000510
14.207650,0.002208,-0.003043,0.000000,0.001680,-0.002257,0.000000,-0.002847,0.001337,0.000296,-0.000622,-0.000332,-0.000064
14.268367,0.002208,-0.003043,0.000000,0.001344,-0.001805,0.000000,0.001107,-0.000989,0.001059,0.001997,-0.002087,0.000293
14.329083,0.002208,-0.003043,0.000000,0.001075,-0.001444,0.000000,0.001767,-0.001762,0.001915,0.001542,-0.001561,0.000709
14.389800,0.002208,-0.003043,0.000000,0.000860,-0.001156,0.000000,0.001232,-0.001781,0.000831,0.000726,-0.000829,0.000639
14.450516,0.000000,0.000000,0.000000,0.000688,-0.000924,0.000000,0.000924,-0.002719,0.001076,-0.000686,-0.001737,0.001465
14.511233,0.000000,0.000000,0.000000,0.000551,-0.000740,0.000000,0.000603,-0.001633,0.001363,-0.001466,-0.000429,0.001646
14.571949,0.000725,0.001444,0.000000,0.001456,0.001431,0.000000,0.005404,-0.003096,0.002583,0.006488,-0.002689,0.002270
14.632665,0.000725,0.001444,0.000000,0.001165,0.001144,0.000000,0.007095,-0.004078,0.003018,0.007716,-0.004109,0.002769
14.693382,0.000725,0.001444,0.000000,0.000932,0.000916,0.000000,0.004046,-0.003801,0.001212,0.004398,-0.004719,0.000032
14.754098,0.000725,0.001444,0.000000,0.000745,0.000732,0.000000,0.004355,-0.003549,0.000623,0.003895,-0.003315,-0.000325
14.814815,-0.000259,0.002130,0.000000,-0.000781,0.001546,0.000000,0.004241,-0.003793,0.000142,0.002450,-0.002573,-0.000861
14.875531,-0.000259,0.002130,0.000000,-0.000625,0.001237,0.000000,0.004295,-0.002964,0.000509,0.000768,-0.001972,0.000778
14.936248,-0.001660,0.002978,0.000000,-0.002462,0.002176,0.000000,0.003136,-0.002882,0.002261,-0.001926,-0.000503,0.003549
14.996964,-0.003709,0.002793,0.000000,-0.003823,0.003505,0.000000,-0.001916,-0.001821,0.001464,-0.000952,-0.001263,0.002677
15.057681,-0.003709,0.002793,0.000000,-0.003059,0.002804,0.000000,-0.000720,-0.002065,0.000668,0.003437,-0.003310,0.001980
15.118397,-0.003709,0.002793,0.000000,-0.002447,0.002243,0.000000,-0.000480,-0.000531,0.004413,0.001311,-0.001932,0.004643
15.179114,-0.002989,0.002006,0.000000,-0.000949,0.000692,0.000000,0.002387,-0.008150,0.005711,0.005440,-0.011752,0.005182
15.239830,-0.002005,0.001320,0.000000,-0.000759,0.000554,0.000000,0.002387,-0.008360,0.006659,0.003685,-0.009616,0.004872
15.300546,-0.002005,0.001320,0.000000,-0.000607,0.000443,0.000000,0.002071,-0.008071,0.006737,0.001315,-0.007202,0.005474
15.361263,-0.000588,0.001135,0.000000,-0.000464,0.001281,0.000000,0.002769,-0.008575,0.005238,-0.000511,-0.005392,0.005207
15.421979,0.000465,-0.000131,0.000000,-0.000751,0.001017,0.000000,0.000853,-0.007212,0.007397,-0.002502,-0.003266,0.007026
15.482696,0.000465,-0.000131,0.000000,-0.000601,0.000813,0.000000,-0.001489,-0.005752,0.007608,-0.001082,-0.002869,0.005755
15.543412,0.000465,-0.000131,0.000000,-0.000481,0.000651,0.000000,0.000016,-0.006534,0.005178,-0.000198,-0.002674,0.004261
15.604129,-0.000256,0.000656,0.000000,-0.000385,0.000520,0.000000,-0.004062,0.001270,0.005059,-0.001476,-0.001421,0.004709
15.664845,-0.000256,0.000656,0.000000,-0.000308,0.000416,0.000000,-0.004472,0.001776,0.005345,-0.002421,-0.000641,0.004893
15.725562,-0.000569,0.000555,0.000000,-0.000684,0.000192,0.000000,-0.001762,0.000477,0.005023,0.000224,-0.001840,0.005040
15.786278,-0.000584,-0.000107,0.000000,-0.000547,0.000153,0.000000,-0.000646,0.000383,0.004674,0.000178,-0.001235,0.004372
15.846995,-0.000313,-0.000101,0.000000,-0.000438,0.000123,0.000000,0.001689,-0.000905,0.001251,0.001318,-0.001744,0.001566
15.907711,-0.000313,-0.000101,0.000000,-0.000350,0.000098,0.000000,0.001831,-0.000912,0.000287,0.002172,-0.001662,0.000037
15.968427,-0.000313,-0.000101,0.000000,-0.000280,0.000079,0.000000,0.001760,0.000271,0.001879,0.002307,-0.000052,0.001917
16.029144,-0.000313,-0.000101,0.000000,-0.000224,0.000063,0.000000,0.002756,0.000280,0.000972,0.001922,0.000690,0.001564
16.089860,-0.000313,-0.000101,0.000000,-0.000179,0.000050,0.000000,0.003950,-0.000270,-0.000192,0.001968,0.000278,0.000746
16.150577,0.000000,0.000000,0.000000,-0.000143,0.000040,0.000000,0.002504,0.000684,-0.001153,0.001712,0.000230,0.000377
16.211293,0.000978,0.000005,0.000000,0.001255,0.000039,0.000000,0.003570,0.000826,-0.001553,0.002860,0.000621,0.000082
16.272010,0.000978,0.000005,0.000000,0.001004,0.000031,0.000000,0.003407,0.001139,-0.000404,0.003236,0.000178,-0.000257
16.332726,0.000978,0.000005,0.000000,0.000803,0.000025,0.000000,0.001950,0.002056,0.000308,0.001667,0.001160,-0.000425
16.393443,0.000978,0.000005,0.000000,0.000642,0.000020,0.000000,0.001389,0.001204,-0.000655,0.001118,0.001012,0.000199
16.454159,0.000978,0.000005,0.000000,0.000514,0.000016,0.000000,0.000712,0.001320,0.000629,0.000022,0.001704,0.001987
16.514876,0.000978,0.000005,0.000000,0.000411,0.000013,0.000000,0.000261,0.001752,0.001297,-0.000183,0.001694,0.002019
16.575592,0.000978,0.000005,0.000000,0.000329,0.000010,0.000000,-0.000349,0.002230,0.002372,-0.000863,0.002032,0.002901
16.636308,0.000000,0.000000,0.000000,0.000263,0.000008,0.000000,-0.001708,0.002120,0.003136,-0.001104,0.001909,0.003172
16.697025,0.000000,0.000000,0.000000,0.000210,0.000006,0.000000,0.001054,0.001225,0.003974,0.003933,-0.000045,0.003388
16.757741,0.000000,0.000000,0.000000,0.000168,0.000005,0.000000,0.001949,0.000254,0.004739,0.003478,-0.000379,0.003562
16.818458,0.000000,0.000000,0.000000,0.000135,0.000004,0.000000,0.002049,0.000214,0.004122,0.002705,-0.000273,0.002525
16.879174,0.000000,0.000000,0.000000,0.000108,0.000003,0.000000,0.002333,0.000144,0.003605,0.001691,0.000577,0.003124
16.939891,0.000000,0.000000,0.000000,0.000086,0.000003,0.000000,0.002217,0.000529,0.004547,0.000990,0.001331,0.004247
17.000607,0.000000,0.000000,0.000000,0.000069,0.000002,0.000000,0.002754,0.000287,0.003722,0.000826,0.001403,0.003528
17.061324,0.000000,0.000000,0.000000,0.000055,0.000002,0.000000,0.003052,0.000072,0.003019,0.000665,0.001106,0.002689
17.122040,0.000000,0.000000,0.000000,0.000044,0.000001,0.000000,-0.000946,0.001591,0.003146,-0.000249,0.001439,0.003180
17.182757,0.000000,0.000000,0.000000,0.000035,0.000001,0.000000,-0.000845,0.001874,0.002543,0.000273,0.001204,0.002551
17.243473,0.000000,0.000000,0.000000,0.000028,0.000001,0.000000,-0.000675,0.001769,0.002681,0.000379,0.000845,0.001909
17.304189,0.000000,0.000000,0.000000,0.000023,0.000001,0.000000,-0.000327,0.001231,0.001884,0.000318,0.000719,0.001516
17.364906,0.000000,0.000000,0.000000,0.000018,0.000001,0.000000,-0.000125,0.000710,0.000762,0.000175,0.000716,0.001389
17.425622,0.000000,0.000000,0.000000,0.000014,0.000000,0.000000,-0.000039,0.000401,0.000660,0.000294,0.000477,0.001099
17.486339,0.000000,0.000000,0.000000,0.000012,0.000000,0.000000,-0.000120,0.000451,0.000747,0.000127,0.000436,0.000868
17.547055,0.000000,0.000000,0.000000,0.000009,0.000000,0.000000,0.000429,0.000187,0.000003,0.000089,0.000534,0.000683
17.607772,0.001123,0.000460,0.000000,0.001580,0.000644,0.000000,0.000122,0.000277,0.000265,0.000113,0.000605,0.000919
17.668488,0.000444,0.000060,0.000000,0.000313,-0.000045,0.000000,0.000302,0.000207,0.000516,0.000503,0.000269,0.000955
17.729205,0.000444,0.000060,0.000000,0.000250,-0.000036,0.000000,-0.000533,0.000576,0.000790,-0.000752,0.000774,0.001137
17.789921,0.006703,0.008701,0.000000,0.008962,0.012068,0.000000,-0.001372,0.002108,0.000933,-0.001855,0.002905,0.001285
17.850638,0.006703,0.008701,0.000000,0.007170,0.009655,0.000000,-0.000279,0.001987,0.001210,0.000200,0.002059,0.001403
17.911354,0.006703,0.008701,0.000000,0.005736,0.007724,0.000000,0.000455,0.001540,0.001297,0.001079,0.001076,0.001234
17.972070,0.006313,0.012579,0.000000,0.004043,0.011608,0.000000,0.001169,0.000826,0.001502,0.001849,0.000046,0.001262
18.032787,0.006613,0.012842,0.000000,0.005228,0.010300,0.000000,0.000855,0.001294,0.002674,0.001083,0.000871,0.003023
18.093503,0.007292,0.013243,0.000000,0.004182,0.008240,0.000000,0.000956,0.001296,0.002233,0.001419,0.000483,0.002021
18.154220,0.007292,0.013243,0.000000,0.003346,0.006592,0.000000,0.002800,0.000345,0.002046,0.002564,-0.000385,0.001729
18.214936,0.001664,0.007270,0.000000,0.003559,0.009009,0.000000,0.004995,-0.001873,0.001858,0.003870,-0.001128,0.001494
18.275653,0.002765,0.008932,0.000000,0.004388,0.009535,0.000000,0.003567,-0.000879,0.003311,0.002781,0.000224,0.003606
18.336369,0.002765,0.008932,0.000000,0.003510,0.007628,0.000000,0.005871,-0.001997,0.000235,0.006369,-0.001957,-0.001311
18.397086,0.003155,0.005054,0.000000,0.002808,0.006102,0.000000,0.004850,-0.001380,0.000752,0.004652,-0.001517,-0.000049
18.457802,0.002306,-0.004354,0.000000,0.003053,-0.007277,0.000000,0.005366,-0.001636,-0.000077,0.004048,-0.000738,0.000814
18.518519,-0.001133,-0.002655,0.003677,-0.002373,-0.003442,0.005148,0.005040,-0.001125,0.002726,0.003334,-0.000088,0.004177
18.579235,-0.000922,-0.003139,0.002033,-0.001604,-0.003432,0.001817,0.003600,-0.000027,0.003929,0.002080,0.000696,0.005137
18.639951,-0.001553,-0.005807,0.002033,-0.001283,-0.002746,0.001454,0.001420,0.000002,0.003330,0.000431,-0.000224,0.003382
18.700668,-0.010128,-0.001607,0.002033,-0.011491,0.006011,0.001163,0.002895,-0.000822,0.001199,0.002095,-0.000207,0.002132
18.761384,-0.008189,-0.003323,-0.001314,-0.006478,0.002407,-0.003755,-0.002252,0.002337,0.007563,-0.001385,0.002122,0.006421
18.822101,-0.006849,-0.002458,-0.000633,-0.003307,0.003136,-0.002051,-0.000811,0.001316,0.006081,0.000466,0.000316,0.004061
18.882817,-0.004394,0.003360,0.003906,0.001597,-0.001504,0.004714,-0.000614,0.000887,0.005062,0.000974,0.000129,0.002676
18.943534,-0.000955,0.001661,0.000229,0.001278,-0.001203,0.003771,-0.000304,0.001258,0.002134,0.001309,0.001124,0.001567
19.004250,-0.000110,0.009340,0.002554,0.002500,0.009111,0.003970,0.000963,0.001198,0.004036,0.002234,0.001581,0.005712
19.064967,-0.002397,0.009521,0.001338,-0.001202,0.007541,0.001474,-0.000859,0.004435,0.006373,-0.001997,0.005018,0.007115
19.125683,0.005078,0.003658,0.001338,-0.000961,0.006033,0.001180,-0.000819,0.004418,0.006806,0.000209,0.003962,0.005724
19.186400,0.003139,0.005374,0.004685,-0.000769,0.004826,0.000944,0.002557,0.002319,0.002443,0.001833,0.002518,0.003186
19.247116,0.000521,0.006324,0.004004,-0.002404,0.006402,0.000755,0.000970,0.003949,0.006094,0.000819,0.002916,0.006584
19.307832,-0.002509,0.009191,-0.000534,-0.001923,0.005122,0.000604,0.002356,0.002631,0.004731,0.003196,0.000363,0.002786
19.368549,-0.004627,0.011164,-0.000534,-0.004504,0.006861,0.000483,0.002801,0.001547,0.006429,0.003710,-0.000207,0.004033
19.429265,-0.004083,0.004002,-0.001215,-0.001364,0.005534,0.000387,0.003424,0.000352,0.002143,0.005027,-0.001156,0.001684
19.489982,-0.004127,0.006748,0.000000,-0.004354,0.008524,0.000309,0.005573,-0.001797,-0.000671,0.003247,-0.000181,-0.000047
19.550698,-0.001170,0.006808,0.002800,0.000656,0.006904,0.004167,0.003922,-0.001118,0.002341,0.002092,0.000754,0.004212
19.611415,0.000610,0.002232,-0.000397,0.003017,-0.000884,-0.001143,0.004656,-0.001519,0.004857,0.004367,-0.000610,0.005498
19.672131,0.004262,-0.000033,-0.001620,0.005738,-0.001336,-0.002625,0.006221,-0.003951,0.001323,0.005036,-0.002991,0.003486
19.732848,0.005868,0.002293,-0.002842,0.006839,0.002187,-0.003812,0.013057,-0.016979,0.004615,0.016141,-0.022603,0.004917
19.793564,0.006700,0.003154,-0.001688,0.003671,0.005718,-0.001433,0.010081,-0.015442,0.006216,0.009899,-0.016427,0.007979
19.854281,0.003980,0.004852,0.000516,0.001368,0.006998,0.001939,0.009694,-0.015839,0.006937,0.009437,-0.014688,0.005849
19.914997,0.006440,0.000424,-0.002364,0.001275,0.003496,-0.002481,0.011561,-0.016519,0.009322,0.009388,-0.011958,0.006626
19.975713,0.003483,0.000364,-0.005164,0.001020,0.002797,-0.001985,0.014119,-0.018365,0.006325,0.010587,-0.011253,0.005354
20.036430,0.003387,0.005133,-0.000992,0.003173,0.002506,-0.000223,0.015678,-0.020657,0.004843,0.013345,-0.013423,0.004336
20.097146,-0.000602,0.007441,0.001205,0.000278,0.004608,0.001186,0.018945,-0.021383,0.005572,0.016793,-0.014260,0.003577
20.157863,-0.001086,0.007415,0.005241,0.001794,0.006905,0.004888,0.015999,-0.010094,0.004090,0.021422,-0.015812,0.002915
20.218579,0.006496,-0.001992,0.005062,0.010250,-0.003676,0.005275,0.020027,-0.012443,0.000099,0.019763,-0.014284,0.000791
20.279296,0.007244,-0.003710,0.005410,0.007679,-0.002923,0.007793,0.020473,-0.012639,0.002571,0.017953,-0.013247,0.003560
20.340012,0.008925,-0.001234,0.009779,0.008677,-0.000974,0.008319,0.019511,-0.011886,0.003006,0.014854,-0.009752,0.005402
20.400729,0.010722,-0.000988,0.012331,0.009457,-0.000434,0.010228,0.018653,-0.011969,0.001952,0.013757,-0.009604,0.002900
20.461445,0.007197,0.001390,0.015287,0.004987,0.003250,0.013685,0.016016,-0.009524,0.001815,0.012190,-0.008680,0.002181
20.522162,0.010725,0.000406,0.013913,0.006670,0.003825,0.010390,0.011835,-0.007368,0.001638,0.010016,-0.007448,0.001605
20.582878,0.010716,-0.001607,0.014276,0.006893,0.003461,0.012759,0.002011,-0.000679,0.003425,0.002246,-0.000998,0.003839
20.643594,0.003381,0.007990,0.019230,0.004061,0.007005,0.018507,0.000160,-0.000324,0.005942,0.001832,-0.001935,0.005055
20.704311,0.003300,0.007100,0.018119,0.002614,0.004376,0.016824,-0.002186,0.000905,0.004837,0.000322,-0.001647,0.005423
20.765027,0.001490,0.006126,0.016630,0.002091,0.003501,0.013459,-0.002065,-0.000181,0.004799,0.000920,-0.001993,0.006839
20.825744,-0.002159,0.012410,0.019770,-0.000920,0.011943,0.018736,-0.004863,0.002263,0.007600,-0.001307,0.000025,0.007971
20.886460,-0.004400,0.011839,0.020564,-0.006452,0.012353,0.021603,-0.002987,0.001481,0.008248,0.002765,-0.002072,0.007145
20.947177,-0.010354,0.015163,0.025687,-0.010817,0.015760,0.023896,-0.000792,0.000728,0.009764,0.005548,-0.003216,0.007700
21.007893,-0.007571,0.012861,0.023385,-0.003201,0.009787,0.020341,0.005224,-0.003578,0.007571,0.007095,-0.003640,0.005644
21.068610,-0.006410,0.011109,0.017667,-0.002388,0.009612,0.016567,0.007414,-0.004223,0.006059,0.008777,-0.004952,0.004383
21.129326,-0.005792,0.012622,0.017570,-0.001679,0.008580,0.015136,0.009878,-0.006025,0.004979,0.009328,-0.006584,0.003373
21.190043,-0.008456,0.014729,0.022076,-0.005073,0.009814,0.018418,0.007913,-0.003518,0.003098,0.005372,-0.002432,0.002566
21.250759,-0.007872,0.012018,0.018499,-0.005835,0.013199,0.017696,0.009497,-0.005142,0.001776,0.004473,-0.002600,0.002702
21.311475,-0.003789,0.010019,0.013775,-0.004668,0.010559,0.014157,0.006799,-0.001663,0.001692,0.003612,0.000699,0.002811
21.372192,-0.003800,0.006303,0.012077,-0.009404,0.009122,0.015562,0.005314,0.000989,0.003371,0.004146,0.002713,0.006584
21.432908,-0.008581,0.009275,0.013318,-0.008765,0.008638,0.015411,0.007922,-0.002427,0.006836,0.009625,-0.003680,0.009602
21.493625,-0.001872,0.003944,0.016134,0.002553,0.001230,0.016565,0.000546,0.002710,0.016675,0.000474,0.002210,0.021324
21.554341,0.000202,-0.000644,0.017593,0.005177,-0.004550,0.017178,0.000111,0.004134,0.016597,0.002077,0.001139,0.016817
21.615058,0.004267,-0.002061,0.012632,0.006104,-0.002674,0.013107,-0.001038,0.005624,0.028685,-0.002037,0.005832,0.030243
21.675774,0.005536,-0.005881,0.010517,0.004883,-0.002139,0.010485,-0.000597,0.005570,0.026633,-0.000837,0.003936,0.021972
21.736491,0.002835,-0.004167,0.016816,0.000126,0.000688,0.017206,-0.000615,0.003560,0.026026,-0.000661,0.003112,0.017377
21.797207,0.005537,-0.003655,0.016733,-0.001788,0.001942,0.017885,-0.001876,0.002977,0.025419,-0.001037,0.003828,0.017387
21.857923,0.006914,-0.004729,0.014702,-0.000743,0.001389,0.014426,-0.007098,0.008217,0.025516,-0.001833,0.004548,0.018380
21.918640,0.000082,-0.000672,0.011676,-0.000595,0.001112,0.011541,-0.003681,0.006236,0.021284,-0.003909,0.006019,0.022422
21.979356,-0.002049,0.004146,0.008956,-0.000324,0.002101,0.009350,-0.005286,0.007389,0.023509,-0.003676,0.005800,0.020810
22.040073,-0.003450,0.003456,0.009409,-0.000259,0.001681,0.007480,-0.002843,0.004026,0.012353,-0.003219,0.004854,0.017818
22.100789,-0.003450,0.003456,0.009409,-0.000207,0.001345,0.005984,-0.003075,0.004871,0.015808,-0.002107,0.004335,0.016870
22.161506,-0.000750,0.001742,0.003111,-0.000166,0.001076,0.004787,-0.002865,0.005176,0.017034,-0.001383,0.003859,0.015012
22.222222,-0.000444,0.002775,0.000168,-0.001593,0.003698,0.003830,-0.003690,0.006261,0.016412,-0.002770,0.005945,0.014625
22.282939,-0.006422,0.005149,0.000084,-0.008956,0.006117,0.003064,-0.001939,0.005447,0.014891,-0.000768,0.005102,0.014040
22.343655,-0.008446,0.009730,0.000084,-0.009998,0.011308,0.002451,0.000251,0.003505,0.010367,0.000009,0.003743,0.012616
22.404372,-0.008873,0.010625,0.002321,-0.008445,0.011511,0.005211,0.001032,0.002412,0.008708,0.000552,0.002449,0.010643
22.465088,-0.010671,0.011983,0.011773,-0.009274,0.011110,0.017401,0.001918,0.002275,0.010094,0.001403,0.001982,0.011626
22.525804,-0.011392,0.012603,0.014593,-0.008428,0.009755,0.017868,0.000901,0.002963,0.011418,0.000167,0.003000,0.013769
22.586521,-0.011392,0.012603,0.014593,-0.006742,0.007804,0.014295,-0.001194,0.004975,0.012007,-0.002497,0.005608,0.013355
22.647237,-0.010770,0.012657,0.021634,-0.005984,0.009157,0.021293,-0.002186,0.005131,0.015451,-0.005051,0.007562,0.018122
22.707954,-0.006186,0.013840,0.028349,-0.006051,0.012141,0.026436,0.000416,0.002759,0.013292,0.001052,0.003075,0.013815
22.768670,-0.007063,0.009777,0.034662,-0.008902,0.010439,0.029986,0.000468,0.002834,0.015473,0.001537,0.002227,0.015489
22.829387,-0.012834,0.010342,0.038641,-0.015647,0.011607,0.032810,0.001213,0.002858,0.017104,0.002817,0.001269,0.015225
22.890103,-0.005809,0.010173,0.035502,-0.005200,0.010949,0.035085,0.003034,0.001651,0.014971,0.005765,-0.000652,0.012305
22.950820,-0.010249,0.011309,0.038994,-0.011386,0.011217,0.036905,0.000425,0.002377,0.015808,0.000004,0.001911,0.015484
23.011536,-0.009388,0.009158,0.045307,-0.007903,0.005963,0.038362,0.004957,-0.001528,0.015284,0.003717,-0.000731,0.013993
23.072253,-0.009198,0.008169,0.045663,-0.006647,0.006300,0.041045,0.005426,-0.002377,0.014903,0.000577,0.001302,0.018099
23.132969,-0.009023,0.004669,0.046393,-0.006336,0.004954,0.043261,0.001799,-0.000223,0.015952,0.000477,0.001083,0.015266
23.193685,-0.011805,0.007787,0.051340,-0.013025,0.009056,0.050371,0.004966,-0.002533,0.013931,0.005510,-0.002601,0.013819
23.254402,-0.006506,0.009381,0.049887,-0.011527,0.012730,0.047084,0.006971,-0.005356,0.010015,0.008804,-0.006545,0.008408
23.315118,-0.011487,0.009651,0.046273,-0.008878,0.012227,0.041445,0.002456,-0.000879,0.010488,0.004233,-0.000635,0.007513
23.375835,-0.005845,0.005192,0.047358,-0.006428,0.005996,0.043512,0.006723,-0.003672,0.006173,0.004751,-0.001986,0.005610
23.436551,-0.008658,0.012423,0.045161,-0.007876,0.011910,0.040571,0.006727,-0.003053,0.004059,0.007521,-0.002983,0.003135
23.497268,-0.007000,0.011401,0.040822,-0.004303,0.009627,0.036738,0.011644,-0.006980,0.000344,0.010505,-0.005997,0.004211
23.557984,-0.001808,0.016224,0.038428,0.002808,0.014368,0.036463,0.013724,-0.009860,-0.002617,0.011331,-0.008788,0.000011
23.618701,0.006329,0.009559,0.030227,0.005682,0.007255,0.033452,0.011619,-0.006681,-0.001046,0.011246,-0.006048,0.003814
23.679417,-0.002764,0.007157,0.033719,-0.009292,0.007928,0.038437,0.011495,-0.005239,-0.000569,0.013219,-0.007283,0.001070
23.740134,-0.003372,0.005781,0.035136,-0.007941,0.006459,0.036512,0.015939,-0.010828,-0.001633,0.013987,-0.009050,0.000154
23.800850,-0.000502,0.008017,0.026486,-0.001661,0.004512,0.027456,0.014418,-0.007681,-0.001848,0.010425,-0.004313,-0.000579
23.861566,-0.001027,0.004469,0.022208,-0.004797,0.005756,0.021737,0.012407,-0.006080,0.002104,0.009244,-0.002602,0.003717
23.922283,-0.004371,0.003051,0.019526,-0.006521,0.002718,0.017916,0.011165,-0.003340,0.002663,0.010145,-0.001856,0.005460
23.982999,-0.011900,-0.002286,0.011736,-0.009508,0.001370,0.010499,0.011058,-0.001569,0.008624,0.010893,-0.002997,0.009355
24.043716,-0.010805,0.002677,0.008515,-0.002637,0.003804,0.008171,0.012279,-0.003671,0.005845,0.012605,-0.004357,0.007399
24.104432,-0.003164,0.006448,0.000552,-0.005250,0.010446,0.007064,0.005403,0.000002,0.012601,0.004679,-0.000789,0.013396
24.165149,-0.004089,0.005135,-0.006047,-0.006003,0.006636,0.002176,0.001319,0.004345,0.018539,0.001438,0.002225,0.018328
24.225865,-0.008140,0.010824,-0.004418,-0.005782,0.012618,0.002267,0.004025,0.003564,0.025990,0.004174,0.003615,0.024392
24.286582,-0.004773,0.009111,-0.003027,-0.003380,0.009842,0.003533,0.006637,0.000359,0.028344,0.007900,-0.000748,0.026990
24.347298,0.000597,0.010247,-0.011122,0.002130,0.007577,-0.007980,0.010723,-0.002906,0.031909,0.014791,-0.004943,0.029068
24.408015,-0.005716,0.010973,-0.002610,-0.011425,0.006274,0.001699,0.006000,0.000610,0.033761,0.007997,-0.000544,0.030835
24.468731,-0.009225,0.010184,0.002041,-0.009083,0.006621,0.007643,0.006534,-0.001136,0.039236,0.011036,-0.004839,0.032248
24.529447,-0.008186,0.004198,0.009303,-0.008952,0.004321,0.016807,0.008929,-0.000615,0.033690,0.006776,-0.000445,0.025510
24.590164,0.000700,0.001523,0.016273,0.003476,-0.002010,0.019729,0.012256,-0.003264,0.027362,0.007774,-0.001209,0.019160
24.650880,0.002620,-0.002922,0.013402,0.004488,-0.000522,0.012291,0.014397,-0.007792,0.018983,0.012240,-0.005471,0.013328
24.711597,0.001047,-0.001659,0.015220,0.002635,0.001099,0.014097,0.017977,-0.010018,0.012752,0.019365,-0.011133,0.009414
24.772313,-0.000335,-0.003138,0.024712,0.005007,-0.001488,0.013760,0.017066,-0.010275,0.005982,0.022687,-0.013612,0.005530
24.833030,0.007517,-0.001698,0.017427,0.001870,0.001037,0.008891,0.029662,-0.018126,-0.000324,0.031948,-0.018470,0.003176
24.893746,0.006011,-0.001382,0.016678,-0.000556,0.002875,0.012348,0.023708,-0.009976,-0.007168,0.021861,-0.007770,0.000540
24.954463,0.007279,-0.003106,0.007582,-0.000355,-0.001090,0.007837,0.023488,-0.010485,-0.008391,0.015129,-0.003502,-0.001569
25.015179,-0.001773,0.007486,0.004866,-0.002319,0.008490,0.008751,0.019263,-0.005695,0.003360,0.008542,0.003051,0.013948
25.075896,-0.000180,0.006287,0.008112,0.002083,0.006199,0.008053,0.015572,-0.002682,0.005602,0.007686,0.002156,0.012297
25.136612,0.003656,0.003858,0.008569,0.006081,0.003075,0.011347,0.011157,0.001982,0.007248,0.009541,0.001498,0.010894
25.197328,0.000536,0.011735,0.015443,0.003395,0.011122,0.021183,0.015144,-0.001631,0.015031,0.020409,-0.008565,0.017610
25.258045,0.011140,0.001689,0.009206,0.015426,-0.002940,0.006098,0.005705,0.002084,0.016039,0.016912,-0.009232,0.014252
25.318761,0.015717,0.000619,0.007334,0.016697,-0.001805,0.007492,0.004347,-0.001775,0.018224,0.007931,-0.005782,0.012459
25.379478,0.017440,0.004732,0.010660,0.015861,0.000925,0.008608,0.008779,-0.005791,0.019944,0.010190,-0.007535,0.010375
25.440194,0.023623,-0.004212,0.006318,0.019309,-0.002420,0.003290,0.012699,-0.010294,0.010035,0.010079,-0.006479,0.009630
25.500911,0.023649,-0.005448,0.009476,0.019421,-0.004259,0.008105,0.009622,-0.011267,0.009513,0.004607,-0.006830,0.008111
25.561627,0.026872,-0.010789,0.005360,0.024464,-0.012769,0.005626,0.007598,-0.010248,0.009708,0.004244,-0.004264,0.007819
25.622344,0.022744,-0.011405,0.004723,0.012322,-0.002415,0.015715,-0.000575,-0.003603,0.006283,0.004730,-0.003871,0.010355
25.683060,0.013139,-0.000710,0.017708,0.009121,0.001203,0.019902,0.001918,-0.003148,0.008544,0.007859,-0.004841,0.011614
25.743777,0.011608,-0.006318,0.009645,0.009508,-0.006343,0.007248,0.003065,-0.001748,0.010717,0.002294,-0.000308,0.013391
25.804493,0.020161,-0.013955,0.007786,0.022085,-0.013396,0.005809,0.001874,-0.000048,0.013501,0.004013,-0.000777,0.015018
25.865209,0.012510,-0.010244,0.013187,0.013577,-0.008683,0.008612,-0.000493,0.001308,0.014764,0.001823,0.000827,0.015112
25.925926,0.009285,-0.005456,0.017855,0.010320,-0.002565,0.018898,0.000852,0.002465,0.017902,-0.000114,0.000633,0.016890
25.986642,0.001027,-0.001346,0.021299,0.005623,-0.005660,0.019083,0.000960,0.001526,0.021300,0.000618,0.000392,0.019599
26.047359,0.005273,-0.001894,0.021343,0.003193,0.002505,0.026542,-0.002395,0.002525,0.021302,-0.002868,0.001253,0.019782
26.108075,0.007475,-0.000659,0.026316,0.004900,0.006868,0.035525,-0.005438,0.007640,0.021854,-0.002479,0.006419,0.019928
26.168792,0.006587,0.002383,0.034256,0.004888,0.002449,0.030863,-0.010556,0.011745,0.022354,-0.013142,0.014447,0.020743
26.229508,-0.006713,0.007098,0.042302,-0.000230,0.000237,0.035966,-0.008866,0.013262,0.025633,-0.005969,0.013151,0.025489
26.290225,-0.007599,0.007131,0.046801,-0.005516,0.002271,0.039035,-0.001663,0.008848,0.028866,0.003920,0.005789,0.028016
26.350941,-0.004238,0.004942,0.041664,-0.000249,0.003133,0.036045,-0.001033,0.010587,0.029839,0.002446,0.007038,0.028575
26.411658,-0.007804,0.010905,0.041127,-0.007824,0.007247,0.032050,0.005442,0.003496,0.030937,0.011732,-0.004411,0.030485
26.472374,-0.002797,0.005116,0.035021,-0.000555,0.004725,0.028366,0.006226,0.005064,0.036458,0.007120,-0.000396,0.036220
26.533090,-0.002458,0.001358,0.027108,0.002376,0.003383,0.025906,0.007008,-0.000524,0.032663,0.006607,-0.002722,0.027766
26.593807,-0.002332,0.002240,0.029980,0.003046,0.000895,0.027189,0.015369,-0.006839,0.033095,0.005831,-0.001706,0.027617
26.654523,0.003677,0.009440,0.027415,0.006708,0.009074,0.029435,0.006888,-0.002374,0.043525,-0.002664,0.006479,0.045591
26.715240,0.001288,0.016856,0.024702,-0.003310,0.019723,0.030012,-0.005267,0.003937,0.048256,-0.010452,0.009287,0.050721
26.775956,0.003404,0.020767,0.026750,0.004479,0.022570,0.031694,-0.010488,0.005239,0.050593,-0.016362,0.011659,0.050009
26.836673,0.008674,0.019104,0.031559,0.003336,0.020469,0.035302,-0.016013,0.012880,0.048851,-0.011049,0.009984,0.045195
26.897389,0.007117,0.020776,0.032797,0.006193,0.017643,0.032701,-0.020785,0.014329,0.049721,-0.017785,0.013149,0.049206
26.958106,0.011496,0.017296,0.032490,0.013906,0.008845,0.028945,-0.034870,0.017618,0.052772,-0.033036,0.012716,0.042426
27.018822,0.009578,0.016551,0.026394,0.009584,0.004223,0.021085,-0.033223,0.015266,0.055650,-0.023577,0.007352,0.043374
27.079539,0.011120,0.013235,0.025177,0.014097,0.007093,0.022848,-0.025236,0.009352,0.043331,-0.015009,0.005446,0.040950
27.140255,0.013683,0.009409,0.023744,0.006189,0.012781,0.022737,-0.016836,0.003844,0.036859,-0.008568,0.000751,0.037947
27.200971,0.009217,0.004220,0.021761,0.005826,0.009753,0.023097,-0.011130,0.001218,0.031297,-0.006867,0.001152,0.032004
27.261688,0.008398,0.003962,0.015966,0.003267,0.009855,0.020312,-0.011231,-0.000439,0.026201,-0.003594,-0.000742,0.023656
27.322404,0.007395,0.002482,0.014180,0.004734,0.007078,0.018208,-0.007598,-0.004125,0.019590,-0.006735,-0.000591,0.022719
27.383121,0.002653,0.007023,0.013466,0.006099,0.006752,0.016350,0.004566,-0.005167,0.022334,-0.007167,0.000266,0.025078
27.443837,0.004777,0.011267,0.016344,0.006313,0.008490,0.015038,0.000461,-0.001315,0.020237,-0.008629,0.002784,0.026559
27.504554,0.000936,0.010521,0.013471,0.006102,0.009462,0.013989,-0.001893,-0.001391,0.017977,-0.006345,0.001686,0.024335
27.565270,0.007776,0.002515,0.011684,0.009370,0.003468,0.013149,-0.005977,0.001535,0.019121,-0.007355,0.001838,0.026256
27.625987,0.011255,0.005417,0.010061,0.013241,0.006365,0.013153,-0.004900,0.000848,0.022585,-0.004388,0.001062,0.027502
27.686703,0.014863,0.003539,0.010172,0.014250,0.004515,0.012513,-0.007957,0.004776,0.027902,-0.005891,0.004685,0.027499
27.747420,0.012213,0.003327,0.010216,0.009811,0.002510,0.012030,-0.003760,0.003621,0.029119,-0.002697,0.002132,0.027496
27.808136,0.010289,0.000535,0.010823,0.007466,-0.000811,0.012258,-0.004679,0.002508,0.026622,-0.005223,0.000887,0.025405
27.868852,0.012301,-0.000792,0.011960,0.010224,0.000581,0.013356,-0.004877,0.003186,0.029909,-0.007351,0.004230,0.031422
27.929569,0.010457,0.000070,0.014416,0.006649,0.004342,0.016081,-0.001246,0.001425,0.031673,-0.000240,0.000377,0.030694
27.990285,0.006567,0.005164,0.017145,0.004361,0.006503,0.018644,0.001219,0.000858,0.031401,0.000981,-0.000004,0.030963
28.051002,0.001188,0.002132,0.018858,0.001703,0.004549,0.019948,-0.001766,0.002221,0.032164,-0.001898,0.001497,0.032336
28.111718,0.001237,-0.000580,0.021495,0.005089,-0.000735,0.021639,-0.003444,0.002836,0.034290,-0.006248,0.005894,0.034342
28.172435,-0.001220,0.003035,0.023906,-0.000958,0.003371,0.022708,-0.002041,0.004281,0.035768,-0.001018,0.005124,0.035040
28.233151,0.000151,0.003021,0.026082,0.000770,-0.000142,0.023847,-0.001853,0.005394,0.038557,-0.003618,0.004838,0.035344
28.293868,-0.002257,0.002382,0.026766,0.001497,0.000222,0.023584,0.001473,0.002701,0.035853,-0.001410,0.003619,0.035588
28.354584,-0.003067,-0.003775,0.026507,-0.001466,-0.004565,0.023900,0.007024,0.001929,0.037107,0.012284,-0.001191,0.035783
28.415301,0.001766,-0.005395,0.025598,0.004635,-0.002891,0.023627,0.002292,0.001109,0.035072,0.004375,-0.002407,0.032185
28.476017,0.001813,-0.000319,0.024332,0.001988,0.004141,0.022163,0.004155,0.000020,0.031832,0.003425,-0.001950,0.028777
28.536733,0.000018,0.002947,0.020417,0.002803,0.003511,0.017930,0.007039,-0.004002,0.030021,0.002049,-0.002494,0.028961
28.597450,0.004461,0.000803,0.020536,0.003434,0.003766,0.019907,0.005693,-0.004875,0.029036,0.003735,-0.002810,0.029355
28.658166,0.002091,0.004215,0.016747,0.000966,0.004950,0.016301,0.017469,-0.010683,0.026355,0.016671,-0.009640,0.027043
28.718883,0.002157,0.004601,0.017590,0.001746,0.004837,0.018727,0.021976,-0.014314,0.023674,0.021130,-0.013046,0.025193
28.779599,0.004173,0.007141,0.014686,0.001555,0.002683,0.015950,0.011833,-0.011093,0.021791,0.016116,-0.010014,0.024831
28.840316,0.002290,0.005058,0.012159,0.004416,-0.000009,0.013729,0.019959,-0.013874,0.022590,0.018817,-0.013359,0.024542
28.901032,0.000475,-0.003681,0.014093,-0.000729,-0.005788,0.016952,0.019658,-0.016416,0.014572,0.014558,-0.014270,0.011437
28.961749,0.000996,-0.005812,0.018012,0.001359,-0.007416,0.019248,0.018823,-0.016313,0.006573,0.009786,-0.012205,0.003891
29.022465,-0.000603,-0.004941,0.018101,0.000041,-0.003755,0.021085,0.021671,-0.018572,-0.000501,0.013912,-0.013742,-0.000605
29.083182,0.000469,-0.002639,0.021954,-0.000248,0.002155,0.022638,0.015865,-0.013097,0.001996,0.016684,-0.010720,0.006571
29.143898,0.001699,0.002330,0.022156,0.002497,0.009557,0.024079,0.006504,-0.041225,-0.001973,0.008035,-0.053291,0.003258
29.204614,0.000937,0.007055,0.024177,0.001089,0.013074,0.023062,0.003232,-0.040240,-0.002293,0.001059,-0.040830,0.006835
29.265331,-0.001855,0.011312,0.027607,0.000134,0.014265,0.024220,-0.002438,-0.036328,-0.000143,-0.001166,-0.032534,0.013155
29.326047,0.011596,0.014461,0.035362,0.014677,0.010039,0.036202,-0.002526,-0.028264,0.008732,-0.001552,-0.018322,0.014753
29.386764,0.010857,0.016024,0.043319,0.012649,0.007434,0.045788,-0.005054,-0.026067,0.015508,-0.006641,-0.012370,0.016030
29.447480,0.007993,0.019978,0.051588,0.005063,0.013661,0.053894,-0.011410,-0.020312,0.026748,-0.008128,-0.005817,0.024844
29.508197,0.006389,0.016575,0.059485,0.001524,0.011323,0.059941,-0.016894,-0.021329,0.020026,-0.008625,-0.005804,0.017519
29.568913,0.007484,0.013529,0.066544,0.005448,0.012628,0.063804,0.000338,0.002506,0.020851,0.011911,-0.015988,0.013171
29.629630,0.012704,0.009938,0.075153,0.010757,0.010502,0.066894,0.018228,0.007329,0.011309,0.029206,-0.004236,0.001407
29.690346,0.017800,0.008170,0.074256,0.015003,0.009733,0.058030,0.025363,0.004724,0.001970,0.031341,-0.006906,-0.004263
29.751063,0.006950,0.007008,0.067652,0.011383,0.004786,0.054004,0.024786,0.000559,0.002752,0.023646,-0.003651,0.001914
29.811779,0.006835,0.003814,0.055266,0.009853,-0.001240,0.042689,0.027896,-0.000301,0.003564,0.017872,-0.001837,0.006895
29.872495,0.005190,-0.001068,0.048349,0.000523,-0.000112,0.041732,0.030842,-0.004422,-0.003428,0.015606,-0.003159,0.007747
29.933212,0.000485,0.006704,0.046968,-0.008695,0.011185,0.048278,0.031341,-0.001190,0.005841,0.011061,0.000847,0.016819
29.993928,-0.006547,0.008699,0.045929,-0.012573,0.015310,0.053018,0.022242,0.004134,0.008407,0.014922,-0.003214,0.016203
30.054645,-0.002067,0.005380,0.037567,0.002613,0.008001,0.046558,0.008435,-0.001454,0.023275,0.012284,-0.001840,0.024648
30.115361,-0.010649,0.008539,0.041968,-0.003527,0.012154,0.047923,0.000890,0.003914,0.036375,0.007240,0.002526,0.032670
30.176078,-0.005375,0.011804,0.046309,0.003943,0.011295,0.051997,0.002567,0.004354,0.036491,0.006713,0.004510,0.031622
30.236794,-0.005699,0.018903,0.056432,0.003447,0.013905,0.055255,0.004326,0.003011,0.040246,0.006788,0.002812,0.035919
30.297511,0.000461,0.019999,0.054827,0.004022,0.013538,0.049538,0.006358,0.002904,0.034712,0.009584,0.000410,0.023218
30.358227,0.015187,0.007300,0.049894,0.014721,0.004327,0.047615,0.010176,-0.001343,0.029223,0.011589,-0.002244,0.021511
30.418944,0.021973,0.002593,0.046610,0.015660,0.003233,0.047891,0.003917,0.001813,0.028229,0.006582,-0.001267,0.018566
30.479660,0.004336,0.013251,0.049354,0.000508,0.013261,0.046298,0.010692,-0.002250,0.018482,0.015097,-0.005971,0.012892
30.540376,0.010493,0.008943,0.045532,0.003409,0.010332,0.042364,0.012880,-0.007149,0.008893,0.012553,-0.007638,0.009840
30.601093,0.003739,0.008199,0.038968,0.000035,0.008795,0.038359,0.008605,-0.007663,0.009140,0.004980,-0.004341,0.013705
30.661809,0.000839,0.013600,0.033016,-0.003739,0.019467,0.036013,0.005652,-0.004408,0.008039,0.001266,0.000288,0.020043
30.722526,0.001227,0.009825,0.025274,-0.001184,0.012703,0.023305,0.004392,-0.002899,0.016396,0.003402,0.000503,0.022217
30.783242,-0.002562,0.010468,0.011598,0.005252,0.004559,0.007483,0.001973,0.002367,0.018465,0.003257,0.005204,0.023607
30.843959,-0.003005,0.009597,0.007918,0.007465,0.002199,0.010633,-0.002866,0.003897,0.021911,-0.006858,0.006832,0.025068
30.904675,0.001658,0.008212,0.019364,0.000480,0.010494,0.032517,-0.010240,0.005751,0.024469,-0.005979,0.003104,0.021674
30.965392,0.004779,0.007174,0.008756,0.007756,0.006665,0.016487,-0.002810,0.001477,0.020406,0.006095,-0.006362,0.011177
31.026108,0.010518,0.005475,0.007469,0.011547,0.003484,0.015856,0.001994,0.000654,0.021683,0.006538,-0.004472,0.016563
31.086825,0.015038,-0.003718,0.007163,0.011798,0.002348,0.017583,0.011100,-0.006803,0.010795,0.015262,-0.010256,0.007086
31.147541,0.015804,0.001938,0.012826,0.012319,0.006925,0.016488,0.008874,-0.005663,0.011298,0.011482,-0.006336,0.012556
31.208257,0.015461,0.012373,0.022703,0.015574,0.014546,0.015858,0.006963,-0.008847,0.010348,0.007046,-0.004725,0.014547
31.268974,0.017470,0.016584,0.021113,0.018535,0.016085,0.015108,0.020733,-0.010900,0.014254,0.015452,-0.003985,0.023288
31.329690,0.023326,0.017484,0.009935,0.017534,0.022862,0.020446,0.021443,-0.009645,0.016507,0.012862,-0.003793,0.023406
31.390407,0.016442,0.023298,0.020238,0.011763,0.024700,0.021255,0.014221,-0.001956,0.024320,0.011057,-0.001115,0.023501
31.451123,0.015617,0.025228,0.018186,0.013597,0.020614,0.016798,0.015588,-0.004124,0.020594,0.012422,-0.003309,0.021205
31.511840,0.015721,0.025813,0.018786,0.013583,0.016870,0.019177,0.007269,0.001665,0.030202,0.008322,-0.001221,0.024251
31.572556,0.013972,0.026423,0.030533,0.011299,0.019398,0.034209,0.002108,0.003466,0.033599,-0.001296,0.003413,0.031044
31.633273,0.013481,0.017908,0.031168,0.014070,0.012603,0.030923,0.004446,0.002815,0.033313,0.000097,0.002162,0.028937
31.693989,0.007110,0.021561,0.033419,0.008413,0.019643,0.030311,0.001796,-0.001096,0.030197,0.006183,-0.003950,0.030437
31.754706,0.006391,0.015521,0.031428,0.008429,0.017253,0.029822,0.000769,0.003249,0.029715,0.004010,0.002318,0.028452
31.815422,0.014558,0.010619,0.031911,0.015913,0.013350,0.029430,0.003460,0.001349,0.030270,0.007741,0.001114,0.028314
31.876138,0.007074,0.019948,0.045528,0.006440,0.024595,0.042403,-0.000783,0.004358,0.033315,0.003829,0.002686,0.029318
31.936855,0.006602,0.018310,0.044192,0.007197,0.017761,0.037790,0.003317,0.001318,0.029946,0.007189,-0.000680,0.026026
31.997571,0.002801,0.007830,0.035742,0.000868,0.005438,0.037270,0.028240,-0.028071,0.025596,0.032689,-0.037299,0.026373
32.058288,0.000511,0.006994,0.033469,0.002520,0.000266,0.030190,0.025860,-0.027424,0.024310,0.023954,-0.029501,0.023400
32.119004,0.007110,0.004644,0.033133,0.008411,0.006484,0.029254,0.023580,-0.025595,0.020691,0.022076,-0.026720,0.020941
32.179721,0.004648,0.003885,0.030755,0.004981,0.005663,0.025647,0.043304,-0.061680,0.019405,0.044338,-0.066417,0.019055
32.240437,0.004120,-0.002437,0.026840,0.012415,-0.004773,0.020609,0.042885,-0.061654,0.017026,0.039417,-0.053839,0.017465
32.301154,0.007927,-0.012229,0.016635,0.008970,-0.003613,0.021059,0.043525,-0.060299,0.013851,0.030066,-0.039378,0.016194
32.361870,0.010116,-0.009075,0.015475,0.012287,-0.000389,0.019091,0.045507,-0.061673,0.013658,0.030952,-0.036256,0.015256
32.422587,0.013920,-0.002455,0.012286,0.010267,0.000186,0.017846,0.036573,-0.043915,-0.000592,0.039193,-0.040898,-0.002192
32.483303,0.013226,-0.002471,0.011683,0.009066,-0.003958,0.013807,0.033251,-0.039215,0.012002,0.024506,-0.025801,0.018179
32.544019,0.001645,-0.004293,0.009876,-0.002565,0.000553,0.013618,0.028665,-0.033758,0.022416,0.016098,-0.016120,0.031345
32.604736,-0.001082,0.007147,0.011539,-0.007618,0.016934,0.015467,0.010254,0.000039,0.028116,0.013779,-0.010621,0.035356
32.665452,-0.006563,0.015275,0.007826,-0.005338,0.015624,0.007266,0.007703,0.001301,0.032143,0.011398,-0.007436,0.036145
32.726169,-0.005835,0.019108,0.016155,-0.004213,0.018070,0.022046,0.014268,-0.004293,0.029192,0.016842,-0.010087,0.027006
32.786885,-0.011274,0.011518,0.015689,-0.005874,0.006332,0.019228,0.027623,-0.001235,0.029498,0.039070,-0.008542,0.024334
32.847602,-0.013909,0.014711,0.032775,-0.007951,0.010033,0.041876,0.017359,0.007280,0.039884,0.031319,-0.006806,0.019610
32.908318,-0.016965,0.026376,0.054373,-0.009786,0.020250,0.063267,0.018162,0.005485,0.027596,0.019330,-0.001040,0.018418
32.969035,-0.012353,0.023918,0.053450,-0.011190,0.016480,0.051894,0.020323,-0.008708,0.026768,0.014982,-0.016180,0.030377
33.029751,-0.009042,0.012786,0.047822,-0.009883,0.014091,0.038209,0.023713,-0.010271,0.026859,0.017633,-0.012858,0.034710
33.090468,-0.007299,0.009475,0.048875,-0.004710,0.008713,0.026934,0.025932,-0.011221,0.024812,0.017588,-0.010555,0.032762
33.151184,0.008353,0.000738,0.038195,0.018203,0.000310,0.022828,0.018723,-0.004638,0.038812,0.011701,-0.003366,0.043899
33.211900,0.010245,0.011990,0.043906,0.014707,0.007876,0.027850,-0.001472,-0.002913,0.048036,0.006685,-0.000751,0.050762
33.272617,0.014520,0.009470,0.028445,0.014499,0.007742,0.027127,-0.004486,-0.001351,0.051700,0.001192,0.001614,0.045883
33.333333,0.011815,0.007896,0.012976,0.004387,0.016212,0.029812,-0.005334,0.001282,0.054437,-0.005960,0.009382,0.043268
33.394050,0.011952,0.009018,0.017218,0.000340,0.014821,0.031069,-0.000738,0.008186,0.047950,0.001185,0.001822,0.041175
33.454766,0.006940,0.013365,0.024894,-0.007676,0.018849,0.032295,0.000839,0.002326,0.033479,0.008802,-0.006659,0.023089
33.515483,0.006999,0.017596,0.032803,-0.002862,0.018443,0.033275,0.001489,0.000711,0.027009,0.011433,-0.007857,0.014407
33.576199,-0.008092,0.023327,0.037045,-0.001446,0.016117,0.033839,-0.003500,0.002065,0.022370,-0.000207,0.000689,0.022719
33.636916,-0.007613,0.017460,0.035353,-0.000341,0.012308,0.034290,-0.007058,0.006129,0.008293,-0.007823,0.008182,0.014111
33.697632,-0.000889,0.014988,0.032732,0.011874,0.007826,0.028610,-0.004297,0.004986,0.013521,-0.006548,0.007160,0.023882
33.758349,0.003693,0.007134,0.028205,0.008702,0.005284,0.024662,0.001325,0.005724,0.006951,-0.004281,0.014851,0.016469
33.819065,0.007356,0.009116,0.023890,0.008921,0.008853,0.020908,-0.003893,0.012969,0.008010,-0.004777,0.016341,0.021219
33.879781,0.014602,0.003094,0.019418,0.009332,0.005644,0.017904,-0.013683,0.023740,0.028506,-0.009673,0.020035,0.035818
33.940498,0.011009,-0.003622,0.012668,0.005715,-0.001523,0.012312,-0.020749,0.029673,0.038966,-0.013240,0.021806,0.039234
34.001214,0.009722,-0.001202,0.008353,0.003614,0.003532,0.011028,-0.017153,0.028289,0.038528,-0.014911,0.022481,0.041968
34.061931,0.010984,-0.000896,0.002674,0.005474,0.002669,0.008090,-0.010742,0.022814,0.044503,-0.010611,0.017950,0.037874
34.122647,-0.000697,0.001963,0.007271,0.000171,0.004118,0.014087,0.021652,0.001437,0.041253,0.036573,-0.014953,0.038344
34.183364,0.000032,0.003994,0.007073,0.000361,0.005161,0.012765,0.022577,0.001665,0.057300,0.031511,-0.002520,0.050503
34.244080,-0.000982,0.001559,0.009830,0.000828,0.005345,0.015251,0.020201,-0.000411,0.052251,0.020530,-0.000463,0.041378
34.304797,-0.001778,0.004145,0.015356,0.001745,0.006459,0.021116,0.023303,-0.005655,0.038588,0.014916,-0.000749,0.032817
34.365513,0.003135,0.009246,0.019568,0.006522,0.006269,0.020778,0.024828,-0.006743,0.031727,0.008566,0.003655,0.027229
34.426230,0.003722,0.008503,0.023253,0.005082,0.008727,0.022959,0.022119,-0.005361,0.033899,-0.001259,0.009895,0.035404
34.486946,0.007275,0.007312,0.027375,0.011622,0.005157,0.023406,0.024350,-0.005631,0.030991,0.003434,0.007504,0.028552
34.547662,0.010519,0.006417,0.025535,0.009632,0.004854,0.023763,-0.008032,0.015842,0.024945,0.002474,0.006752,0.022421
34.608379,0.003899,0.012449,0.028992,-0.001340,0.014196,0.025347,-0.026508,0.016278,0.010945,-0.021634,0.015454,0.018165
34.669095,0.005127,0.011994,0.029156,0.001188,0.011935,0.025545,-0.021653,0.018097,0.019018,-0.015190,0.016464,0.026809
34.729812,0.007450,0.011037,0.025044,0.005285,0.010391,0.023595,-0.019751,0.020007,0.021973,-0.010997,0.015466,0.025300
34.790528,-0.001016,0.015219,0.029902,-0.002499,0.015270,0.029562,-0.016844,0.016891,0.021742,-0.008094,0.012264,0.020891
34.851245,-0.000436,0.013697,0.035717,-0.001322,0.013796,0.038127,-0.006518,0.011508,0.013110,-0.000131,0.009246,0.018250
34.911961,-0.004126,0.014282,0.035971,0.001333,0.010032,0.035896,-0.010658,0.012465,0.014845,-0.001459,0.008325,0.017257
34.972678,-0.010746,0.025299,0.036225,-0.007867,0.024178,0.034110,-0.011544,0.015467,0.017043,-0.002681,0.011612,0.016463
35.033394,-0.003089,0.020619,0.032820,-0.004620,0.023102,0.028859,-0.002339,0.014832,0.018778,-0.012871,0.018452,0.015828
35.094111,-0.001562,0.020451,0.033808,0.000701,0.018826,0.029737,-0.011426,0.018747,0.011907,-0.020901,0.024344,0.015319
35.154827,-0.002615,0.015726,0.032618,0.003422,0.009289,0.025283,-0.011307,0.016952,0.010372,-0.015400,0.019257,0.013959
35.215543,0.007726,0.011051,0.030257,0.010487,0.007842,0.027607,-0.013560,0.022245,0.029298,-0.014771,0.022707,0.038315
35.276260,0.013693,0.008485,0.022846,0.017422,0.004263,0.026188,-0.017641,0.027075,0.044889,-0.011186,0.024363,0.054016
35.336976,0.006623,0.011875,0.024237,0.006430,0.007151,0.028291,-0.016260,0.026045,0.046492,-0.008369,0.018976,0.048114
35.397693,0.016064,0.003816,0.024182,0.009427,0.010591,0.027950,-0.012172,0.021035,0.047069,-0.002486,0.013119,0.041957
35.458409,0.012243,0.000992,0.023870,0.003866,0.008278,0.023494,-0.004811,0.014701,0.045721,-0.002410,0.010791,0.034336
35.519126,0.008686,0.002335,0.020702,0.002510,0.008847,0.021009,0.003886,0.007072,0.043373,-0.000356,0.007533,0.026839
35.579842,0.004591,0.011306,0.022565,-0.000863,0.013865,0.020909,-0.044521,0.028277,0.044632,-0.066734,0.035495,0.024936
35.640559,-0.006970,0.019793,0.021091,-0.009127,0.023385,0.022045,-0.047470,0.028414,0.027715,-0.059966,0.035890,0.023414
35.701275,-0.010450,0.024858,0.020900,-0.003141,0.023789,0.021471,-0.119355,0.055807,0.013502,-0.147982,0.073259,0.022196
35.761991,0.002618,0.019793,0.018396,0.008274,0.015681,0.021011,-0.118750,0.054474,0.004922,-0.116959,0.056226,0.010646
35.822708,0.002551,0.018476,0.007430,0.010810,0.015570,0.006775,-0.131010,0.054810,-0.008358,-0.106522,0.043391,-0.006609
35.883424,0.004024,0.021369,0.013374,0.007034,0.016312,0.014874,-0.153056,0.067427,0.023983,-0.116503,0.052672,0.040760
35.944141,0.004578,0.021952,0.020596,0.005821,0.016090,0.024224,-0.155030,0.066723,0.023690,-0.094393,0.040052,0.031568
36.004857,0.011769,0.013455,0.007936,0.011853,0.007764,0.005758,-0.105491,0.047087,0.028580,-0.072610,0.034019,0.035566
36.065574,0.011635,0.014372,-0.000222,0.000857,0.019788,-0.001497,-0.104848,0.050111,0.048584,-0.063766,0.038943,0.059923
36.126290,0.013020,0.012175,0.002448,0.006786,0.017834,0.006374,-0.032416,0.018399,0.046145,-0.049617,0.031305,0.047989
36.187007,0.008715,0.015445,0.006462,0.010188,0.015496,0.014554,-0.033730,0.024788,0.069531,-0.040107,0.031609,0.064021
36.247723,0.002715,0.015695,0.017994,0.003942,0.015773,0.017754,-0.026669,0.029328,0.087317,-0.035155,0.030051,0.060991
36.308440,0.004548,0.015399,0.016772,0.004105,0.016059,0.021947,-0.007465,0.018655,0.055201,-0.032524,0.027059,0.049878
36.369156,0.007258,0.018063,0.016062,0.007272,0.019616,0.028887,-0.009964,0.022278,0.062309,-0.030708,0.024634,0.048814
36.429872,0.004800,0.024028,0.029821,0.009572,0.018937,0.028752,-0.021109,0.030843,0.061309,-0.037266,0.033676,0.047963
36.490589,0.006567,0.019914,0.038546,0.001508,0.022966,0.029113,-0.016775,0.019847,0.029973,-0.029422,0.023273,0.025970
36.551305,0.000629,0.021522,0.035416,-0.001008,0.022629,0.026480,-0.030468,0.029151,0.036302,-0.041312,0.031795,0.029687
36.612022,-0.005478,0.028660,0.037027,-0.004596,0.029325,0.032894,-0.023856,0.030538,0.043499,-0.024207,0.033942,0.059454
36.672738,-0.007615,0.033267,0.046075,-0.010878,0.033286,0.045093,-0.025996,0.027672,0.062020,-0.025430,0.027906,0.083268
36.733455,-0.010065,0.033603,0.045244,-0.011181,0.030539,0.042655,-0.020400,0.026656,0.069470,-0.016910,0.023920,0.078129
36.794171,-0.007442,0.032329,0.034552,-0.001284,0.029417,0.030485,-0.012451,0.020347,0.058869,-0.007089,0.013290,0.056573
36.854888,-0.007077,0.033976,0.040602,0.003238,0.029084,0.038501,-0.003604,0.010637,0.054545,-0.005984,0.011008,0.048117
36.915604,0.000260,0.027675,0.034852,0.006712,0.022261,0.028862,-0.040179,0.033145,0.065445,-0.055602,0.036650,0.041353
36.976321,0.007585,0.023348,0.031557,0.013411,0.016007,0.021666,-0.028815,0.022330,0.057071,-0.046346,0.027355,0.030270
37.037037,0.011762,0.020269,0.022176,0.012786,0.019718,0.015909,-0.018778,-0.001083,0.033610,-0.014183,-0.002388,0.027076
37.097753,0.021487,0.012093,0.006646,0.016643,0.014154,0.009763,-0.003591,-0.002595,0.006099,0.003851,-0.003276,0.018848
37.158470,0.021815,0.011132,0.000928,0.011295,0.013887,0.006387,-0.008089,0.002288,0.021648,0.000218,0.005811,0.048364
37.219186,0.010073,0.012138,0.002511,0.000258,0.017505,0.003686,-0.009353,0.004310,0.025807,0.004844,0.001634,0.038582
37.279903,0.010792,0.008215,-0.003141,0.005478,0.014061,0.009149,-0.003813,-0.000089,0.016076,0.011319,-0.004476,0.020101
37.340619,0.008234,0.011048,0.004632,0.004923,0.014210,0.016262,0.024951,-0.009903,0.045666,-0.001491,0.010523,0.060367
37.401336,0.002212,0.014345,0.010442,0.003550,0.014181,0.019720,0.021979,-0.005469,0.053656,-0.007218,0.012662,0.056667
37.462052,0.003410,0.006752,0.016252,0.006574,0.007627,0.022486,0.000273,0.015025,0.061418,-0.013268,0.014549,0.059059
37.522769,-0.003796,0.014255,0.023162,0.001584,0.014985,0.024699,-0.010838,0.016792,0.072576,-0.010973,0.012748,0.060057
37.583485,0.000171,0.013465,0.025510,0.004802,0.013447,0.021622,-0.015929,0.018262,0.057951,-0.018768,0.020687,0.060855
37.644202,0.009814,0.008129,0.029717,0.008563,0.009682,0.021764,-0.021631,0.021196,0.062730,-0.018328,0.017643,0.055266
37.704918,0.005435,0.011100,0.028899,0.005992,0.011963,0.022468,-0.020649,0.021076,0.079569,-0.005845,0.008163,0.057023
37.765634,0.008116,0.010753,0.020365,0.009087,0.012045,0.014969,-0.030745,0.021310,0.057249,-0.029356,0.020963,0.058656
37.826351,0.012735,0.009847,0.018762,0.013349,0.011181,0.016441,-0.038526,0.027671,0.070255,-0.040403,0.029918,0.073507
37.887067,0.004557,0.019083,0.020720,0.002963,0.018157,0.022604,-0.039196,0.033755,0.086951,-0.040754,0.036872,0.095906
37.947784,0.008233,0.016179,0.015388,0.003843,0.019343,0.017328,-0.036787,0.032755,0.082735,-0.029589,0.029206,0.083632
38.008500,0.008197,0.021973,0.013518,0.006558,0.025047,0.013108,-0.045069,0.044868,0.082898,-0.045256,0.050812,0.079943
38.069217,0.009713,0.020737,0.009422,0.012090,0.017230,0.009219,-0.043865,0.046324,0.081107,-0.037833,0.043781,0.068030
38.129933,0.016215,0.022297,0.005271,0.017916,0.020186,0.006620,-0.049156,0.051347,0.077061,-0.028856,0.036105,0.061568
38.190650,0.014919,0.019558,0.008285,0.016812,0.014789,0.006511,-0.033931,0.041837,0.072851,-0.026449,0.030004,0.056399
38.251366,0.010193,0.018864,0.009965,0.012912,0.012404,0.012027,-0.026771,0.036024,0.059876,-0.028055,0.029012,0.053536
38.312083,0.019009,0.008811,0.006757,0.014956,0.005061,0.014580,-0.025480,0.028463,0.040905,-0.029068,0.025561,0.053370
38.372799,0.016967,0.005056,0.012322,0.010579,0.003610,0.018701,-0.035658,0.032217,0.041075,-0.034490,0.025414,0.049841
38.433515,0.008260,0.004849,0.017731,-0.000243,0.012170,0.021779,-0.000861,0.014982,0.040910,-0.000460,0.023650,0.052680
38.494232,0.002468,0.014919,0.023507,-0.001459,0.021027,0.024241,-0.005362,0.018571,0.045529,-0.008298,0.027076,0.052686
38.554948,-0.006745,0.014013,0.033168,-0.005822,0.021955,0.032164,-0.003192,0.016013,0.041755,-0.002189,0.019159,0.044009
38.615665,-0.010898,0.017788,0.038136,-0.007991,0.021489,0.033900,-0.002851,0.016476,0.042360,-0.004639,0.017094,0.043200
38.676381,-0.013297,0.017166,0.033665,-0.010290,0.016894,0.027679,-0.001345,0.016604,0.046581,-0.008498,0.018865,0.048885
38.737098,-0.021539,0.027328,0.032385,-0.015145,0.022879,0.025311,0.001445,0.014861,0.040926,-0.009516,0.015003,0.041733
38.797814,-0.024313,0.031228,0.037301,-0.017385,0.023324,0.034167,0.009709,0.012282,0.040926,-0.007279,0.013357,0.040531
38.858531,-0.018533,0.023198,0.038546,-0.014522,0.016700,0.035895,-0.012918,0.012234,0.038112,-0.010369,0.013937,0.041293
38.919247,-0.021088,0.017528,0.041168,-0.016460,0.016713,0.039205,-0.011732,0.012403,0.036292,-0.014566,0.019541,0.041027
38.979964,-0.016173,0.015546,0.035529,-0.010941,0.015729,0.036241,-0.021928,0.018477,0.042112,-0.021477,0.021635,0.042830
39.040680,-0.015206,0.013180,0.034895,-0.010733,0.013196,0.036273,-0.020580,0.019055,0.042053,-0.018181,0.019886,0.042174
39.101396,-0.005883,0.012179,0.040611,0.000568,0.008858,0.037580,-0.020873,0.018023,0.038634,-0.019743,0.019652,0.043279
39.162113,-0.004939,0.010706,0.047707,-0.005135,0.014387,0.043166,-0.022344,0.021135,0.043573,-0.020571,0.019990,0.044162
39.222829,-0.000538,0.008453,0.043570,-0.003217,0.013377,0.042660,-0.025029,0.021913,0.045284,-0.019882,0.018436,0.044869
39.283546,-0.002107,0.014356,0.046565,-0.005384,0.017007,0.046882,-0.023792,0.022360,0.044599,-0.018719,0.018625,0.043805
39.344262,-0.000089,0.012830,0.042857,-0.006324,0.014822,0.042804,-0.021138,0.019185,0.045869,-0.017531,0.018847,0.044815
39.404979,-0.002997,0.012652,0.045041,-0.006904,0.013966,0.042176,-0.016994,0.019029,0.048567,-0.018048,0.020861,0.049637
39.465695,-0.003172,0.019459,0.049263,-0.007749,0.021316,0.046934,-0.020921,0.021624,0.049896,-0.020936,0.022899,0.049481
39.526412,-0.015726,0.022638,0.053082,-0.014618,0.019804,0.051454,-0.016887,0.020217,0.050755,-0.016298,0.020094,0.050326
39.587128,-0.010288,0.020822,0.052833,-0.009672,0.020602,0.053918,-0.016970,0.018967,0.050015,-0.017932,0.018592,0.048764
39.647845,-0.009148,0.021070,0.044705,-0.005251,0.018697,0.039881,-0.012879,0.017301,0.052152,-0.012043,0.014987,0.051542
39.708561,-0.008141,0.019703,0.043656,-0.005602,0.019349,0.043191,-0.012704,0.016133,0.050303,-0.012203,0.014230,0.046555
39.769277,-0.005466,0.020886,0.043357,-0.002752,0.018351,0.039433,-0.006294,0.009702,0.049398,-0.003344,0.006328,0.045748
39.829994,-0.000786,0.020292,0.038744,0.002505,0.015958,0.033021,-0.005403,0.009944,0.045625,-0.005451,0.011184,0.045102
39.890710,0.001314,0.015162,0.029070,0.002718,0.015728,0.026066,0.000395,0.005191,0.040186,-0.002742,0.008504,0.038238
39.951427,0.006251,0.017747,0.024007,0.000668,0.018951,0.027671,0.000576,0.004763,0.038815,-0.001490,0.007978,0.039412
40.012143,0.003970,0.015298,0.021196,-0.000637,0.016492,0.030957,0.012141,0.119094,0.036543,0.010107,0.168963,0.036852
40.072860,0.004368,0.013295,0.023162,0.002535,0.012604,0.024263,0.007018,0.123031,0.038576,0.003215,0.140795,0.044859
40.133576,-0.000811,0.021382,0.016153,-0.006624,0.025797,0.020885,0.003647,0.126836,0.047261,-0.004715,0.120205,0.053368
40.194293,-0.001690,0.021818,0.011997,-0.004800,0.024120,0.015769,-0.001220,0.131892,0.052171,-0.004168,0.098186,0.058072
40.255009,-0.005968,0.021357,0.016070,-0.005123,0.019927,0.019793,0.011698,0.122239,0.057081,0.011975,0.071156,0.061835
40.315726,-0.012282,0.026748,0.028110,-0.012223,0.026452,0.032339,0.010553,0.123085,0.057858,0.009595,0.057666,0.052712
40.376442,-0.004961,0.021167,0.024894,-0.001036,0.019717,0.028188,0.006989,0.125037,0.057115,0.003390,0.050040,0.049951
40.437158,-0.002300,0.020662,0.022504,0.001724,0.016397,0.028024,0.002669,0.008203,0.058477,0.007964,0.039045,0.047190
40.497875,-0.004241,0.023613,0.028492,0.001706,0.016659,0.030299,0.006733,0.002967,0.048086,0.007191,0.029531,0.038582
40.558591,0.003941,0.012771,0.031526,0.004169,0.013862,0.029963,0.014564,-0.004008,0.037918,0.009429,0.021427,0.034110
40.619308,-0.006003,0.020975,0.036285,-0.010088,0.026058,0.029693,0.008699,0.001141,0.036606,-0.001064,0.026372,0.040829
40.680024,-0.003275,0.023290,0.036735,-0.005534,0.024719,0.031562,0.000818,0.003927,0.023773,0.003424,0.017606,0.030075
40.740741,0.004335,0.014945,0.030522,-0.001898,0.018602,0.033057,-0.000590,0.008015,0.035198,0.000783,0.020549,0.043300
40.801457,0.004635,0.017274,0.030377,0.007645,0.016698,0.028558,0.006053,0.003562,0.027444,0.005641,0.014113,0.031565
40.862174,-0.001871,0.021661,0.030583,-0.000440,0.020124,0.028609,0.001397,0.006052,0.028004,0.003247,0.013789,0.033265
40.922890,0.000963,0.019734,0.026570,0.003942,0.016942,0.025150,0.000098,0.010507,0.037619,0.001599,0.015564,0.040904
40.983607,-0.001718,0.023427,0.024098,0.002205,0.019259,0.022382,0.000679,0.009912,0.036031,0.005768,0.009420,0.033744
41.044323,0.013996,0.012373,0.021626,0.010339,0.014901,0.020168,0.006457,0.004727,0.030308,0.004096,0.009507,0.032524
41.105039,0.015176,0.007174,0.012158,0.012461,0.008514,0.010686,-0.013552,0.023366,0.036105,-0.020460,0.030209,0.031547
41.165756,0.009102,0.013708,0.016159,0.003994,0.014785,0.021957,-0.020709,0.025930,0.038264,-0.028344,0.034221,0.047500
41.226472,0.003004,0.016504,0.017508,0.003822,0.017559,0.021568,-0.016734,0.022894,0.040527,-0.012097,0.020800,0.038093
41.287189,0.011094,0.011670,0.011540,0.007827,0.014045,0.014662,-0.015800,0.024611,0.045148,-0.009634,0.021543,0.044957
41.347905,0.008404,0.007946,0.007748,0.006789,0.006865,0.008683,-0.013481,0.020863,0.035497,-0.005460,0.016519,0.036746
41.408622,0.006353,0.008090,0.004281,0.001611,0.011400,0.004354,-0.028547,0.036062,0.063406,-0.020972,0.031463,0.069491
41.469338,0.003144,0.006297,0.005348,0.005372,0.006102,0.007240,-0.032910,0.039841,0.073298,-0.023404,0.032432,0.074969
41.530055,0.000487,0.006150,0.007220,0.004767,0.001270,0.002964,-0.025998,0.034182,0.092176,-0.032783,0.040626,0.091932
41.590771,0.001046,0.000591,-0.004209,-0.001378,0.001208,-0.000221,-0.022937,0.031178,0.084668,-0.033918,0.038349,0.085298
41.651488,0.001346,-0.000431,0.000024,-0.000056,0.005266,0.009751,-0.046673,0.049498,0.115979,-0.049785,0.049751,0.112166
41.712204,-0.002479,-0.000189,0.006089,-0.000630,0.004549,0.013700,-0.045760,0.048427,0.117444,-0.038506,0.043203,0.106267
41.772920,-0.001117,0.002337,0.006746,0.001931,0.002804,0.008833,-0.049158,0.051012,0.120895,-0.033316,0.037468,0.090626
41.833637,-0.001018,0.000238,0.018792,-0.002138,0.005214,0.021339,-0.033943,0.035413,0.087238,-0.021956,0.026382,0.065474
41.894353,-0.000464,0.002577,0.014707,0.003149,0.004428,0.015109,-0.030122,0.030821,0.075891,-0.018841,0.021939,0.055870
41.955070,0.003997,0.003939,0.012993,0.009234,0.001837,0.006860,-0.023216,0.026275,0.069892,-0.019464,0.025868,0.068255
42.015786,0.008895,0.004851,0.013443,0.009053,0.002938,0.003526,-0.023540,0.029194,0.077607,-0.023717,0.030629,0.077157
42.076503,0.000143,0.010629,0.004950,-0.003965,0.014739,0.000858,-0.016560,0.022725,0.061537,-0.031851,0.034518,0.083154
42.137219,0.001271,0.010380,-0.000448,-0.002178,0.011780,-0.000973,-0.016566,0.018921,0.065032,-0.024168,0.025691,0.087952
42.197936,0.002275,0.012805,-0.000114,0.002099,0.011983,-0.002437,-0.027482,0.029302,0.076330,-0.037128,0.037991,0.091790
42.258652,0.002951,0.013142,-0.005990,-0.001057,0.013029,0.004097,-0.031511,0.035331,0.097458,-0.030647,0.035242,0.095985
42.319369,0.000324,0.016666,0.000429,0.000336,0.015613,0.010301,-0.033327,0.035753,0.098862,-0.028335,0.029618,0.082245
42.380085,-0.000233,0.019490,0.014806,0.006203,0.014739,0.023141,-0.028043,0.031284,0.090812,-0.019662,0.025755,0.078084
42.440801,-0.002685,0.024887,0.022858,0.003195,0.020816,0.027824,-0.022246,0.028481,0.086507,-0.015759,0.026613,0.078993
42.501518,0.002704,0.016989,0.028592,-0.001105,0.017984,0.028324,-0.016731,0.025022,0.080021,-0.017765,0.026463,0.075544
42.562234,0.004162,0.016861,0.034794,0.002150,0.014196,0.029683,-0.023290,0.033227,0.073536,-0.022081,0.030735,0.072784
42.622951,0.002107,0.018108,0.036374,0.002685,0.015662,0.024299,-0.008068,0.024348,0.064718,-0.014147,0.029596,0.067310
42.683667,-0.007653,0.026060,0.036387,-0.014252,0.027106,0.025504,-0.008061,0.022434,0.059129,-0.012253,0.025845,0.068577
42.744384,-0.005965,0.018910,0.028859,-0.007857,0.016863,0.016888,-0.011296,0.026844,0.062514,-0.018149,0.028274,0.065058
42.805100,-0.010111,0.019083,0.019215,-0.006156,0.015983,0.014909,-0.018213,0.031776,0.062558,-0.021197,0.031585,0.064395
42.865817,-0.009633,0.016603,0.015475,-0.006024,0.018338,0.016003,-0.017230,0.027947,0.060694,-0.015610,0.025917,0.065433
42.926533,-0.005997,0.017572,0.010121,-0.003389,0.017358,0.011371,-0.021317,0.035407,0.061814,-0.023368,0.036350,0.066263
42.987250,-0.009262,0.022639,0.006103,-0.004248,0.020789,0.010496,-0.018328,0.031243,0.058059,-0.022380,0.032814,0.060103
43.047966,-0.001865,0.015422,0.006707,0.007922,0.010833,0.009795,-0.023395,0.031104,0.060486,-0.021480,0.031065,0.060563
43.108682,0.013701,0.003529,0.007395,0.011731,0.006593,0.014865,-0.019540,0.027207,0.049083,-0.012721,0.021564,0.047215
43.169399,0.012561,0.005277,0.007531,0.011332,0.002900,0.008565,-0.010925,0.021722,0.047927,-0.006463,0.017171,0.046350
43.230115,0.012543,0.012097,0.017757,0.009171,0.014359,0.022567,-0.007044,0.020200,0.045427,-0.006414,0.020572,0.045929
43.290832,0.005407,0.017652,0.035957,-0.003753,0.024816,0.047610,-0.010217,0.022698,0.044056,-0.008228,0.020604,0.048740
43.351548,0.003994,0.019534,0.044513,-0.003550,0.025176,0.048635,0.009933,-0.002792,0.040436,0.010749,-0.003587,0.047841
43.412265,0.005875,0.017096,0.044236,-0.001745,0.023630,0.039919,0.013592,-0.005084,0.041894,0.010037,-0.002344,0.047406
43.472981,0.005842,0.018988,0.041377,0.009880,0.015755,0.029332,0.019143,-0.011080,0.039300,0.012225,-0.005456,0.046774
43.533698,0.003091,0.022878,0.041620,0.009445,0.015976,0.030835,0.012538,-0.005280,0.049025,0.004995,0.000467,0.049799
43.594414,-0.000553,0.030137,0.053902,0.004401,0.020569,0.038535,0.024031,0.002737,0.049422,0.023799,0.011517,0.048972
43.655131,-0.000186,0.025568,0.049803,0.004141,0.022098,0.040805,0.024956,0.000724,0.053657,0.019092,0.013232,0.053956
43.715847,0.008762,0.017325,0.031728,0.004750,0.019467,0.036894,0.026906,-0.001628,0.051439,0.014907,0.011438,0.052057
43.776563,0.014529,0.011535,0.029457,0.011326,0.012790,0.036885,0.011080,0.014460,0.048536,0.007101,0.011604,0.046430
43.837280,0.012551,0.010729,0.031200,0.007387,0.012593,0.032958,0.007895,0.017442,0.052006,0.002658,0.013984,0.051135
43.897996,0.009858,0.014020,0.035824,0.013415,0.011534,0.030237,0.008134,0.017482,0.047115,0.006656,0.007662,0.042911
43.958713,0.005935,0.016803,0.033325,0.006781,0.016495,0.028059,0.009102,0.016012,0.042981,0.001896,0.008903,0.040921
44.019429,0.004071,0.014323,0.026184,-0.000339,0.017511,0.026318,-0.007969,0.010492,0.043042,-0.002579,0.010538,0.041954
44.080146,0.015807,0.007436,0.021822,0.016780,0.010011,0.024924,-0.004965,0.005525,0.034921,0.002195,0.005495,0.036972
44.140862,0.013642,0.009738,0.024910,0.011829,0.013020,0.028513,-0.002817,0.007378,0.039770,0.004396,0.007842,0.045259
44.201579,0.007776,0.012176,0.025769,0.008777,0.011046,0.031383,-0.007513,0.013996,0.041062,-0.007882,0.017993,0.042800
44.262295,0.008568,0.012530,0.026896,0.006457,0.011694,0.030135,-0.013270,0.017900,0.043869,-0.017387,0.024560,0.052161
44.323012,0.003595,0.010772,0.028014,0.005708,0.008353,0.029542,-0.016630,0.021912,0.049964,-0.014085,0.021740,0.052264
44.383728,-0.000783,0.016283,0.028841,-0.005513,0.021665,0.028662,-0.019045,0.025239,0.056708,-0.018078,0.024823,0.057845
44.444444,0.008821,0.011576,0.024486,0.003271,0.015058,0.020702,-0.009010,0.019950,0.061576,-0.004510,0.015870,0.062310
44.505161,-0.007835,0.019019,0.030702,-0.003651,0.018469,0.029134,-0.011376,0.022807,0.070594,-0.002661,0.013759,0.065882
44.565877,-0.010742,0.022822,0.028640,-0.008585,0.025110,0.028994,-0.013888,0.022275,0.065963,-0.003006,0.013710,0.061903
44.626594,-0.009884,0.024288,0.018296,-0.006354,0.022771,0.017287,-0.012387,0.020161,0.075671,-0.011703,0.019728,0.069707
44.687310,-0.008709,0.023357,0.019034,-0.004002,0.019770,0.019891,-0.003769,0.013377,0.065146,-0.008378,0.016450,0.058951
44.748027,-0.001965,0.022997,0.015711,0.006782,0.014310,0.016695,-0.004175,0.013204,0.061795,-0.007446,0.015009,0.053004
44.808743,0.002632,0.015531,0.017366,0.001783,0.015978,0.020701,-0.000791,0.009371,0.051734,-0.008029,0.014072,0.044352
44.869460,0.000835,0.015390,0.023019,0.006591,0.010311,0.022248,-0.009071,0.014878,0.050308,-0.008062,0.014979,0.049520
44.930176,0.003269,0.013859,0.019608,0.002413,0.012528,0.025596,-0.012321,0.017191,0.045837,-0.010054,0.016286,0.049390
44.990893,0.003389,0.010534,0.019875,-0.003565,0.015702,0.026538,-0.011095,0.015894,0.043127,-0.007203,0.013914,0.044915
45.051609,0.007967,0.010367,0.022593,0.004071,0.015010,0.019126,-0.004626,0.010524,0.034253,-0.006004,0.012374,0.043694
45.112325,0.009505,0.010541,0.023601,0.006490,0.013807,0.022773,-0.010377,0.016463,0.037522,-0.011871,0.018881,0.042716
45.173042,0.002188,0.011847,0.019592,0.004933,0.011367,0.013388,-0.007975,0.013089,0.040330,-0.006878,0.012230,0.043948
45.233758,0.005219,0.012319,0.017976,0.004547,0.014284,0.015794,-0.006449,0.013002,0.044986,-0.005438,0.011727,0.043625
45.294475,0.004392,0.012533,0.016460,0.007644,0.009256,0.016199,-0.008707,0.014081,0.044131,-0.009151,0.014614,0.047741
45.355191,0.004953,0.013652,0.018006,0.004041,0.013250,0.022922,-0.007065,0.013262,0.046066,-0.008625,0.014847,0.050676
45.415908,0.012883,0.008876,0.017308,0.008839,0.009594,0.023420,-0.007613,0.013755,0.048340,-0.006827,0.013454,0.049128
45.476624,0.008876,0.009751,0.022041,0.008385,0.011348,0.023258,-0.008347,0.013383,0.044468,-0.006732,0.011485,0.041644
45.537341,0.008783,0.012435,0.019933,0.009810,0.014634,0.023128,-0.005145,0.011785,0.045058,-0.007969,0.015933,0.041902
45.598057,0.005882,0.021987,0.032227,0.003528,0.025402,0.030885,-0.011820,0.020071,0.051491,-0.013101,0.021471,0.052302
45.658774,0.004430,0.016759,0.031962,0.001389,0.018193,0.029419,-0.010096,0.017785,0.048335,-0.008003,0.015920,0.045890
45.719490,0.000028,0.022638,0.033576,-0.001044,0.020613,0.029359,-0.006186,0.015429,0.045979,-0.005729,0.014670,0.046255
45.780206,-0.000651,0.021534,0.030620,-0.003860,0.020790,0.029311,-0.004995,0.014641,0.043497,-0.004220,0.013788,0.046012
45.840923,-0.006169,0.027839,0.031673,-0.005207,0.024453,0.030006,-0.011284,0.019183,0.049569,-0.012108,0.018967,0.053898
45.901639,-0.007879,0.027297,0.031769,-0.005246,0.022477,0.028661,-0.008225,0.018922,0.053947,-0.006673,0.015530,0.051590
45.962356,-0.012460,0.028441,0.032699,-0.007508,0.025138,0.028753,-0.009120,0.019813,0.054249,-0.009176,0.020415,0.050280
46.023072,-0.013897,0.023514,0.028539,-0.012339,0.026908,0.029560,-0.002111,0.010802,0.047650,-0.004254,0.012441,0.049767
46.083789,-0.009192,0.024163,0.025122,-0.004717,0.020307,0.023576,-0.007307,0.013762,0.052652,-0.008200,0.012841,0.050865
46.144505,-0.007447,0.022916,0.030666,-0.003486,0.020558,0.032446,-0.012703,0.018221,0.062768,-0.013440,0.018450,0.064396
46.205222,-0.004043,0.023323,0.036211,-0.001047,0.021316,0.039543,-0.013313,0.019550,0.066281,-0.011244,0.018671,0.065444
46.265938,-0.001943,0.017715,0.041231,-0.000017,0.017022,0.045220,-0.010734,0.019144,0.066038,-0.014117,0.022306,0.069103
46.326655,-0.002473,0.016996,0.043727,-0.001836,0.015526,0.044327,-0.014904,0.023530,0.072932,-0.014119,0.024341,0.073405
46.387371,0.001158,0.017739,0.042095,0.000303,0.020617,0.039001,-0.015921,0.018646,0.079160,-0.016556,0.020626,0.076453
46.448087,0.010806,0.012383,0.036524,0.007417,0.015793,0.029958,-0.021894,0.024107,0.085007,-0.018519,0.020256,0.078890
46.508804,0.006812,0.016626,0.044443,0.005496,0.017356,0.034981,-0.017545,0.022176,0.089076,-0.013523,0.016390,0.079860
46.569520,0.002807,0.017344,0.039226,-0.000922,0.019202,0.034267,-0.011748,0.015768,0.084107,-0.009583,0.012317,0.080635
46.630237,0.005102,0.013531,0.029272,0.004216,0.014894,0.027064,-0.016221,0.017971,0.085992,-0.014421,0.016849,0.081076
46.690953,0.008960,0.012285,0.028051,0.009596,0.010139,0.033529,-0.012608,0.014841,0.081423,-0.011600,0.016467,0.075210
46.751670,0.013006,0.013682,0.024207,0.011519,0.011975,0.029591,-0.016113,0.020968,0.075871,-0.017012,0.028247,0.070518
46.812386,0.011470,0.011942,0.024010,0.008836,0.015341,0.026937,-0.009141,0.016839,0.060163,-0.009110,0.017970,0.052153
46.873103,0.009082,0.013580,0.023904,0.010900,0.013865,0.020159,-0.001193,0.009274,0.048661,-0.001436,0.007541,0.043347
46.933819,0.011480,0.011724,0.023917,0.011640,0.013214,0.027160,-0.012310,0.020489,0.061820,-0.015420,0.021918,0.069848
46.994536,0.013368,0.011414,0.027208,0.006637,0.015454,0.032617,-0.012829,0.023166,0.058736,-0.011827,0.020488,0.068308
47.055252,0.009863,0.009166,0.026468,0.005355,0.008750,0.024707,-0.009811,0.020446,0.053521,-0.011991,0.019577,0.063913
47.115968,0.001321,0.012493,0.025684,-0.001451,0.009881,0.030546,-0.010182,0.020509,0.055010,-0.010176,0.018737,0.063565
47.176685,-0.006021,0.013817,0.031407,-0.007598,0.013623,0.035218,-0.002129,0.009240,0.051292,-0.004598,0.014288,0.055996
47.237401,-0.010714,0.014972,0.036776,-0.013027,0.018276,0.038955,-0.002732,0.012802,0.059516,-0.000023,0.011789,0.052050
47.298118,-0.004934,0.010371,0.045470,0.001501,0.009771,0.041944,-0.010183,0.018835,0.062792,-0.004598,0.011043,0.047850
47.358834,-0.009692,0.010716,0.045253,-0.002541,0.010423,0.044284,-0.000695,0.010083,0.042851,-0.004667,0.012467,0.045533
47.419551,-0.005682,0.007284,0.044447,0.000906,0.008416,0.045190,0.000294,0.008809,0.041622,-0.001839,0.011143,0.047135
47.480267,-0.001043,0.010671,0.052476,0.007266,0.007861,0.046004,0.000659,0.007721,0.041456,-0.003490,0.010579,0.046743
47.540984,-0.004934,0.014210,0.056255,-0.005370,0.014125,0.052875,-0.000102,0.005837,0.038889,-0.004441,0.008900,0.046234
47.601700,0.002757,0.013793,0.058465,0.000034,0.016434,0.056174,-0.001453,0.007698,0.041776,-0.001901,0.009023,0.046175
47.662417,0.007613,0.007214,0.054838,-0.000123,0.011314,0.050642,0.002243,0.001335,0.043158,0.007309,-0.001331,0.046127
47.723133,-0.008085,0.016502,0.060215,-0.010153,0.017205,0.058823,0.000635,0.003591,0.045175,-0.000984,0.003706,0.045936
47.783849,-0.008209,0.018597,0.055876,-0.012038,0.019303,0.051712,0.004534,-0.000710,0.046448,0.003682,0.000576,0.045783
47.844566,-0.010913,0.017980,0.052688,-0.010476,0.014656,0.046669,0.005219,-0.001064,0.044686,0.005799,0.001135,0.044869
47.905282,-0.014237,0.016058,0.051629,-0.006494,0.010162,0.045706,0.004149,0.000275,0.047467,0.001124,0.004446,0.048822
47.965999,-0.006333,0.012165,0.044280,-0.005313,0.010516,0.042348,0.000494,0.008560,0.047040,-0.005866,0.015594,0.047301
48.026715,-0.013807,0.012993,0.039675,-0.010383,0.014706,0.041305,-0.001492,0.008840,0.047848,-0.005823,0.014769,0.048159
48.087432,-0.014913,0.016753,0.041728,-0.010006,0.015195,0.041621,-0.005714,0.015357,0.047327,-0.001739,0.012389,0.046985
48.148148,-0.009839,0.012606,0.033955,-0.010954,0.014504,0.040723,-0.003260,0.014610,0.048337,-0.004787,0.013636,0.048037
48.208865,-0.010872,0.013017,0.038261,-0.014126,0.017718,0.043261,-0.002477,0.016715,0.046453,0.001736,0.011468,0.044826
48.269581,-0.010190,0.014750,0.041538,-0.011191,0.015815,0.044495,-0.005035,0.017952,0.050236,0.000661,0.011581,0.049399
48.330298,-0.009284,0.015781,0.042620,-0.005797,0.012532,0.045483,-0.003292,0.017327,0.045572,-0.000547,0.011927,0.045918
48.391014,-0.013975,0.019370,0.045551,-0.011324,0.017437,0.046273,0.004166,0.008806,0.045773,0.003239,0.009649,0.045258
48.451730,-0.007414,0.013752,0.047877,-0.006006,0.012378,0.047700,0.006842,0.005328,0.040567,0.005208,0.005144,0.039237
48.512447,-0.007945,0.014874,0.046577,-0.007248,0.014904,0.044917,0.002426,0.005950,0.038805,0.000904,0.005561,0.037380
48.573163,-0.005279,0.013207,0.047398,-0.005015,0.011937,0.044510,0.006809,0.003640,0.038497,0.003463,0.004939,0.039922
48.633880,-0.006894,0.016473,0.046509,-0.011637,0.020236,0.045046,0.000341,0.006979,0.038499,-0.000719,0.009184,0.038336
48.694596,-0.003260,0.013696,0.043768,-0.004111,0.013942,0.042085,0.001212,0.005734,0.030858,-0.000084,0.008011,0.033511
48.755313,-0.014937,0.021564,0.044645,-0.016481,0.022049,0.044783,-0.000817,0.004562,0.029204,-0.003983,0.007430,0.030891
48.816029,-0.012129,0.022745,0.041255,-0.015941,0.026703,0.040967,-0.003949,0.008286,0.027395,-0.003896,0.011266,0.030704
48.876746,-0.010190,0.026215,0.043999,-0.006984,0.024649,0.047298,-0.011970,0.021960,0.032386,-0.011727,0.025581,0.034581
48.937462,-0.007053,0.022436,0.045914,-0.003639,0.019430,0.047275,-0.010951,0.022264,0.030190,-0.011220,0.022336,0.030581
48.998179,-0.006912,0.024921,0.042776,-0.001931,0.019036,0.042004,-0.014598,0.024008,0.027002,-0.011341,0.020801,0.030019
49.058895,-0.005180,0.024006,0.044296,-0.006744,0.024635,0.045168,-0.008623,0.019140,0.030565,-0.004198,0.015058,0.035402
49.119611,-0.010876,0.025244,0.046680,-0.008172,0.019195,0.045521,-0.011263,0.017382,0.032022,-0.006562,0.010249,0.033204
49.180328,-0.004256,0.018803,0.046253,-0.010461,0.017233,0.046935,-0.015159,0.022356,0.033073,-0.014621,0.016184,0.032118
49.241044,0.003201,0.013811,0.047338,-0.000684,0.015863,0.044206,-0.017369,0.021259,0.033940,-0.015499,0.016733,0.032898
49.301761,-0.003768,0.017831,0.043837,-0.004536,0.021604,0.044988,-0.015540,0.012329,0.031302,-0.018450,0.017453,0.032643
49.362477,-0.005087,0.017759,0.043969,-0.003527,0.016894,0.045613,-0.014691,0.012190,0.034566,-0.015409,0.015640,0.033600
49.423194,-0.002517,0.015683,0.048334,0.001756,0.014101,0.046784,-0.015769,0.012607,0.035569,-0.016202,0.016026,0.033840
49.483910,0.010395,0.005378,0.046947,0.014283,0.006260,0.047050,-0.019649,0.014875,0.032582,-0.013519,0.014415,0.034276
49.544627,0.013340,0.007217,0.044332,0.012772,0.007069,0.043366,-0.013806,0.015917,0.034812,-0.005837,0.011193,0.035425
49.605343,0.015464,0.003366,0.042733,0.009268,0.002140,0.042972,-0.002450,0.009120,0.037284,0.001856,0.007423,0.037355
49.666060,0.004612,0.009149,0.042726,-0.000094,0.011885,0.041027,-0.004295,0.008579,0.038182,-0.004900,0.008967,0.038345
49.726776,0.007429,0.005230,0.038825,-0.000119,0.012936,0.036983,0.001516,0.007203,0.039701,-0.001835,0.009314,0.039128
49.787492,0.012461,0.005562,0.038726,0.007051,0.010423,0.039070,-0.000870,0.007861,0.040035,-0.005458,0.010049,0.039255
49.848209,0.014385,0.006034,0.037248,0.012911,0.009586,0.039480,0.000482,0.007043,0.041101,-0.006348,0.010409,0.039856
49.908925,-0.000879,0.012190,0.036686,0.001838,0.011267,0.040421,0.002721,0.006233,0.041999,-0.002501,0.008787,0.040346
49.969642,-0.005736,0.012553,0.038908,-0.003984,0.011583,0.041173,-0.000748,0.007549,0.042319,-0.001880,0.008532,0.040729
50.030358,-0.008585,0.019329,0.037071,-0.008125,0.015237,0.038646,-0.007084,0.010721,0.041683,-0.003848,0.009736,0.040708
50.091075,-0.006835,0.014487,0.038196,-0.011558,0.015584,0.039141,-0.000795,0.008937,0.040082,-0.000659,0.008320,0.038787
50.151791,-0.005549,0.017786,0.044215,-0.007490,0.020513,0.043902,-0.000056,0.007443,0.039944,0.002593,0.006705,0.039289
50.212508,-0.017268,0.021550,0.041518,-0.015253,0.021755,0.040828,0.005577,0.005376,0.037543,0.005971,0.005068,0.036020
50.273224,-0.019960,0.024315,0.037675,-0.008701,0.022522,0.035507,0.003517,0.005440,0.037448,-0.000090,0.006513,0.037136
50.333940,-0.022788,0.026677,0.042825,-0.019410,0.024923,0.044452,0.001635,0.008029,0.037207,-0.000129,0.009296,0.037833
50.394657,-0.014057,0.022760,0.045505,-0.008760,0.017023,0.048151,-0.001009,0.008619,0.037020,-0.003684,0.009765,0.038456
50.455373,-0.014207,0.018974,0.042512,-0.012156,0.014289,0.040037,0.002903,0.007580,0.037116,0.000186,0.009267,0.039024
50.516090,-0.013069,0.020443,0.041285,-0.013189,0.016882,0.038536,-0.001617,0.009919,0.041141,-0.003760,0.011220,0.043075
50.576806,-0.010910,0.017470,0.040703,-0.005772,0.017389,0.042603,-0.006018,0.013771,0.044168,-0.006049,0.014417,0.046957
50.637523,0.005774,0.009214,0.041274,0.009479,0.007698,0.040589,-0.011139,0.015433,0.049358,-0.008113,0.013564,0.049422
50.698239,0.008417,0.006920,0.036381,0.014784,0.008064,0.028465,-0.003845,0.014805,0.048440,-0.001145,0.012431,0.046570
50.758956,0.021872,0.005885,0.026322,0.018216,0.011909,0.024737,-0.005099,0.013961,0.050819,-0.002730,0.012848,0.048712
50.819672,0.021755,0.006932,0.023257,0.021177,0.008077,0.028088,0.000100,0.011994,0.053152,0.001515,0.009854,0.050425
50.880389,0.022595,0.012526,0.027616,0.012970,0.014963,0.030089,-0.000090,0.011778,0.053892,0.004079,0.009036,0.049636
50.941105,0.023590,0.013113,0.026776,0.008304,0.018244,0.029401,-0.003061,0.013606,0.053612,-0.004805,0.013593,0.051173
51.001821,0.014071,0.015950,0.022173,-0.001904,0.022450,0.028851,-0.006729,0.013432,0.054996,-0.012021,0.016074,0.055373
51.062538,0.005456,0.019031,0.021650,0.000512,0.016061,0.028855,-0.007716,0.015801,0.055471,-0.014272,0.018206,0.056819
51.123254,-0.005366,0.021922,0.028933,-0.007540,0.018801,0.029273,-0.011379,0.014434,0.058636,-0.011200,0.014231,0.056919
51.183971,-0.017731,0.026106,0.031949,-0.016954,0.026357,0.029608,-0.010365,0.011867,0.058642,-0.009354,0.010694,0.057000
51.244687,-0.025538,0.028294,0.030267,-0.017890,0.022699,0.029628,-0.009150,0.012867,0.059748,-0.002083,0.009530,0.058604
51.305404,-0.019096,0.023056,0.029246,-0.009264,0.019327,0.029892,-0.006153,0.014243,0.065623,0.005397,0.010704,0.064402
51.366120,-0.020322,0.020387,0.029859,-0.011200,0.017998,0.030102,-0.006695,0.016547,0.071319,-0.004510,0.018152,0.070961
51.426837,-0.021987,0.019022,0.030489,-0.019837,0.020342,0.030293,0.000447,0.012800,0.064940,-0.001786,0.014475,0.062274
51.487553,-0.027783,0.020109,0.030801,-0.021950,0.015897,0.030446,0.006617,0.010484,0.065822,0.002553,0.013684,0.063574
51.548270,-0.017822,0.015332,0.029232,-0.011563,0.011982,0.028349,0.009288,0.016413,0.067458,0.005999,0.018916,0.064614
51.608986,-0.011011,0.009478,0.028923,-0.010639,0.012705,0.028436,0.006275,0.019518,0.064594,0.000189,0.018788,0.059146
51.669702,-0.009977,0.010046,0.030005,-0.011389,0.012574,0.030206,-0.000369,0.021673,0.062596,-0.003752,0.019023,0.057523
51.730419,-0.014680,0.008160,0.030020,-0.010647,0.008586,0.030376,0.013725,0.001050,0.057373,0.023794,-0.010575,0.056225
51.791135,-0.012264,0.013570,0.031797,-0.008925,0.016980,0.032977,0.023990,-0.006149,0.044840,0.024579,-0.008949,0.046873
51.851852,-0.006961,0.010494,0.031472,-0.010592,0.015221,0.032138,0.018534,0.002942,0.046232,0.013847,0.005522,0.044953
51.912568,-0.007019,0.018247,0.032362,-0.014636,0.022654,0.033167,0.014567,0.002873,0.041202,0.009505,0.006425,0.042675
51.973285,-0.005134,0.017947,0.030542,-0.003073,0.016968,0.027979,0.008319,0.000463,0.039243,0.002814,0.009734,0.045153
52.034001,-0.006210,0.019768,0.031600,-0.005353,0.019243,0.029621,0.010932,0.003864,0.038713,0.001299,0.016205,0.042835
52.094718,-0.003836,0.020324,0.031271,-0.003837,0.018583,0.030693,0.016428,0.000559,0.036537,0.004830,0.012328,0.041428
52.155434,-0.006280,0.024130,0.034698,-0.008027,0.018721,0.035563,-0.004541,0.021074,0.038165,0.001303,0.012791,0.045629
52.216151,-0.006511,0.017404,0.033670,-0.007152,0.015672,0.035688,-0.006033,0.022214,0.043024,0.004498,0.011339,0.045198
52.276867,-0.003139,0.016927,0.029436,-0.004453,0.013506,0.028378,-0.006903,0.020756,0.045566,-0.003436,0.019711,0.047171
52.337583,-0.003516,0.011905,0.024636,-0.010252,0.014253,0.023439,-0.005335,0.023024,0.055101,-0.002126,0.020951,0.057798
52.398300,-0.014357,0.017289,0.028309,-0.014743,0.017783,0.025340,-0.002877,0.022875,0.058703,-0.003050,0.021147,0.062295
52.459016,-0.013624,0.019352,0.027658,-0.013663,0.022784,0.026597,-0.011719,0.020658,0.057742,-0.015771,0.022232,0.055203
52.519733,-0.010174,0.016538,0.030978,-0.005655,0.017476,0.032923,-0.014062,0.025121,0.064559,-0.012107,0.023398,0.060866
52.580449,-0.009010,0.017973,0.024745,-0.007851,0.019845,0.028620,-0.015007,0.025764,0.065620,-0.013569,0.022547,0.062665
52.641166,-0.014347,0.016679,0.016543,-0.014484,0.014759,0.018651,-0.013535,0.025167,0.070651,-0.005339,0.018308,0.065869
52.701882,-0.016357,0.020281,0.018538,-0.013133,0.017818,0.017541,-0.012494,0.021267,0.073168,-0.009848,0.019825,0.067233
52.762599,-0.002840,0.017190,0.012252,0.001728,0.013375,0.005970,-0.013386,0.024791,0.069222,-0.008504,0.025977,0.068323
52.823315,0.000394,0.013841,0.016754,-0.000631,0.012392,0.017667,-0.010893,0.022629,0.068994,-0.004662,0.022141,0.070396
52.884032,0.001216,0.010876,0.018121,-0.001222,0.014321,0.022373,-0.004404,0.021063,0.075544,-0.007977,0.020834,0.070854
52.944748,-0.007978,0.013849,0.016705,-0.008575,0.014868,0.027561,-0.010960,0.019889,0.071024,-0.015050,0.020636,0.067058
53.005464,-0.006427,0.011283,0.020413,-0.008015,0.014166,0.029522,-0.008521,0.020736,0.075179,-0.012508,0.021524,0.073436
53.066181,-0.001810,0.011046,0.029331,-0.008152,0.009883,0.031857,-0.013105,0.021855,0.067063,-0.010908,0.019056,0.063123
53.126897,-0.001700,0.006469,0.033344,-0.007913,0.007509,0.033725,-0.005494,0.018448,0.062277,-0.003649,0.015654,0.058336
53.187614,-0.006418,0.009624,0.049095,-0.000702,0.009546,0.040968,-0.003959,0.016061,0.058641,-0.001395,0.019298,0.056115
53.248330,-0.001449,0.008434,0.041453,0.004383,0.007663,0.034966,-0.012550,0.022626,0.054810,-0.011003,0.025989,0.055267
53.309047,0.002481,0.004712,0.036924,0.008291,0.005326,0.029872,-0.005974,0.020204,0.048753,-0.003842,0.020521,0.050271
53.369763,0.018287,0.001176,0.035478,0.021164,0.002722,0.031536,0.000003,0.016820,0.044810,-0.003374,0.015648,0.045070
53.430480,0.022541,0.002636,0.028894,0.021732,0.006494,0.023485,-0.004203,0.017165,0.034180,-0.009057,0.018016,0.040964
53.491196,0.021664,0.003784,0.023903,0.014418,0.005352,0.020039,-0.003589,0.017417,0.036435,-0.007288,0.016603,0.040304
53.551913,0.021122,0.008347,0.019374,0.009383,0.010273,0.017930,-0.004406,0.019962,0.035164,-0.001895,0.017255,0.038300
53.612629,0.017694,0.007054,0.010738,0.008337,0.009947,0.016242,-0.006132,0.018202,0.032744,-0.002409,0.018115,0.036698
53.673345,0.008196,0.011690,0.020423,-0.001684,0.014474,0.028744,-0.008672,0.017564,0.030713,-0.015371,0.024149,0.036891
53.734062,0.007201,0.011116,0.026750,0.002045,0.009972,0.033752,-0.009473,0.018840,0.030991,-0.008457,0.020836,0.035958
53.794778,-0.007824,0.018560,0.026915,-0.004868,0.016859,0.034872,-0.014287,0.022979,0.036797,-0.013805,0.021694,0.041748
53.855495,-0.007806,0.012591,0.036388,0.000931,0.009447,0.039416,-0.013129,0.021582,0.041195,-0.015781,0.020897,0.044464
53.916211,-0.006602,0.012927,0.034633,-0.000537,0.008185,0.030326,-0.018227,0.022564,0.041614,-0.019804,0.020283,0.043691
53.976928,-0.011198,0.010850,0.039014,-0.009016,0.009631,0.032293,-0.026512,0.024034,0.044929,-0.023507,0.022257,0.045651
54.037644,-0.010459,0.012134,0.040013,-0.005347,0.011231,0.029131,-0.029035,0.024216,0.051130,-0.023231,0.022372,0.051260
54.098361,-0.004830,0.010161,0.036143,-0.004751,0.012739,0.033638,-0.024867,0.021893,0.053365,-0.026192,0.024302,0.051670
54.159077,-0.002004,0.008651,0.030815,0.003548,0.006469,0.030207,-0.028585,0.026356,0.056403,-0.022320,0.027207,0.052034
54.219794,-0.001394,0.005233,0.031701,-0.002812,0.009273,0.033276,-0.026044,0.028300,0.060247,-0.021339,0.029513,0.059991
54.280510,-0.010575,0.013533,0.028961,-0.010277,0.014998,0.034304,-0.024757,0.028225,0.058007,-0.020006,0.027046,0.055922
54.341226,-0.009883,0.013201,0.031630,-0.008535,0.012161,0.029973,-0.020170,0.027997,0.059387,-0.016762,0.024883,0.054789
54.401943,-0.000948,0.012886,0.029469,-0.002904,0.012372,0.028984,-0.015437,0.026557,0.059628,-0.014448,0.023920,0.054867
54.462659,0.004510,0.011742,0.032708,0.007182,0.011821,0.031020,-0.011155,0.025765,0.057025,-0.009989,0.022594,0.054988
54.523376,0.007346,0.010061,0.031939,0.009244,0.010857,0.034072,-0.009778,0.025008,0.058302,-0.013670,0.023420,0.056440
54.584092,0.000548,0.013655,0.036043,0.005226,0.009996,0.036301,-0.009486,0.021927,0.057655,-0.011894,0.022188,0.054944
54.644809,0.004067,0.014692,0.033803,0.003457,0.013546,0.035015,-0.007692,0.018749,0.053623,-0.010486,0.021049,0.056675
54.705525,0.010901,0.010998,0.033929,0.004306,0.013244,0.035871,-0.005508,0.019300,0.057882,-0.008266,0.021045,0.059232
54.766242,0.008140,0.012586,0.036357,-0.000734,0.012982,0.034626,-0.003865,0.017658,0.059595,-0.005070,0.017785,0.059835
54.826958,0.007967,0.009765,0.038395,0.003094,0.009079,0.035560,-0.001654,0.014914,0.060605,-0.001999,0.014400,0.060318
54.887675,0.002633,0.013535,0.039220,0.004514,0.014464,0.037435,-0.001773,0.013318,0.057552,-0.000196,0.012743,0.055074
54.948391,-0.003293,0.014011,0.036311,-0.001187,0.013639,0.035132,0.004659,0.010634,0.053530,0.003169,0.011781,0.050878
55.009107,0.003135,0.012124,0.034087,0.005880,0.009579,0.034035,0.005710,0.009675,0.052027,0.003049,0.011534,0.048391
55.069824,0.006550,0.012533,0.032892,0.008761,0.013785,0.031529,0.008953,0.008643,0.048557,0.006008,0.011082,0.046575
55.130540,0.004006,0.017622,0.031746,0.004988,0.020560,0.031477,0.009083,0.006717,0.044387,0.005110,0.010374,0.045313
55.191257,0.008609,0.017175,0.031212,0.006256,0.018210,0.030365,0.006895,0.009258,0.041109,0.002569,0.012806,0.044112
55.251973,0.002880,0.020934,0.027496,0.000664,0.018523,0.026948,0.007974,0.009745,0.037968,0.005622,0.011099,0.043342
55.312690,0.004303,0.016171,0.024149,0.004563,0.015352,0.025860,0.003281,0.009932,0.038850,-0.000670,0.010364,0.042727
55.373406,0.009159,0.015285,0.023836,0.005650,0.013109,0.025433,0.000674,0.009776,0.039732,-0.000860,0.009660,0.042234
55.434123,0.003114,0.017275,0.025025,0.002887,0.011940,0.027942,0.003913,0.009530,0.039649,0.004361,0.009493,0.041361
55.494839,-0.001033,0.016933,0.028292,0.000562,0.015196,0.031228,0.001047,0.009057,0.040060,0.003046,0.008786,0.041526
55.555556,-0.001605,0.012106,0.029026,-0.002373,0.014931,0.032262,0.000027,0.009250,0.037761,0.001312,0.008808,0.038055
55.616272,-0.000722,0.013298,0.030485,0.001604,0.015375,0.033036,0.002558,0.007458,0.039356,0.003074,0.009044,0.040539
55.676988,-0.000239,0.014392,0.033787,-0.002381,0.017787,0.033709,-0.001279,0.009814,0.044269,0.000654,0.011388,0.047363
55.737705,-0.005492,0.014840,0.036141,-0.005229,0.015390,0.034563,0.001330,0.011874,0.044544,-0.000992,0.013478,0.046327
55.798421,-0.017018,0.014455,0.037951,-0.018319,0.012600,0.034930,0.000953,0.011478,0.042009,-0.001644,0.011598,0.041566
55.859138,-0.016354,0.015507,0.037688,-0.015359,0.013006,0.035170,-0.006333,0.014693,0.047294,-0.006467,0.015545,0.048225
55.919854,-0.010091,0.014637,0.036385,-0.005267,0.014831,0.035186,-0.004567,0.015416,0.051494,-0.003144,0.014640,0.052898
55.980571,-0.005691,0.015036,0.038293,-0.000875,0.015198,0.038101,-0.006676,0.018757,0.057793,-0.006593,0.018168,0.055970
56.041287,-0.009870,0.008037,0.038167,-0.003050,0.005789,0.037531,-0.011308,0.020206,0.060334,-0.009734,0.018561,0.058428
56.102004,-0.006303,0.006768,0.036792,-0.001109,0.008343,0.035380,-0.008840,0.020225,0.060655,-0.006139,0.019028,0.062124
56.162720,0.001297,0.015225,0.036403,0.006429,0.019673,0.035354,-0.007751,0.019786,0.062253,-0.004901,0.018975,0.060373
56.223437,0.020301,0.012257,0.036239,0.017613,0.011872,0.035334,-0.005782,0.021141,0.067509,-0.002015,0.017892,0.060161
56.284153,0.021183,0.018323,0.049234,0.014621,0.020916,0.053687,-0.002108,0.018569,0.063562,-0.001620,0.016980,0.057576
56.344869,0.008695,0.014468,0.052904,0.001233,0.015762,0.055137,-0.004262,0.019925,0.060959,-0.002282,0.017686,0.056735
56.405586,0.004831,0.016459,0.045307,-0.001085,0.018730,0.043427,-0.001354,0.016895,0.055832,-0.001832,0.016363,0.051861
56.466302,0.011096,0.021439,0.049452,0.005555,0.015587,0.047594,0.002784,0.015418,0.051730,-0.000132,0.015049,0.049399
56.527019,0.012869,0.023162,0.046128,0.008256,0.018593,0.038777,0.001999,0.013539,0.044571,0.000444,0.013587,0.044878
56.587735,0.010770,0.013584,0.040064,0.010983,0.014464,0.029583,0.001374,0.012080,0.042058,-0.000510,0.012580,0.043058
56.648452,0.003037,0.020075,0.035530,0.010430,0.016792,0.024368,0.003526,0.012315,0.038697,0.004510,0.013105,0.041603
56.709168,-0.002886,0.014239,0.017875,0.000581,0.016681,0.020197,0.003509,0.011300,0.036620,0.003577,0.011730,0.039822
56.769885,0.004642,0.015178,0.013350,0.000541,0.013689,0.022010,0.005717,0.009477,0.033530,0.004967,0.010934,0.038206
56.830601,0.006919,0.014175,0.021182,0.001550,0.015668,0.027890,0.003401,0.011228,0.033578,0.000725,0.013412,0.037105
56.891318,-0.001999,0.018190,0.016964,-0.004824,0.018758,0.029260,0.007428,0.010930,0.033039,0.007552,0.012272,0.036840
56.952034,-0.008241,0.015026,0.020191,-0.008784,0.016701,0.028627,0.007386,0.010986,0.033695,0.006532,0.011444,0.035748
57.012750,-0.016061,0.019673,0.026181,-0.013598,0.019455,0.029849,0.009939,0.009801,0.033255,0.007935,0.009206,0.035139
57.073467,-0.015227,0.014286,0.031290,-0.008068,0.013243,0.031735,0.006853,0.010786,0.032677,0.006945,0.011784,0.034459
57.134183,-0.008641,0.015521,0.037221,-0.004996,0.015571,0.034393,0.006197,0.013847,0.040607,0.004606,0.014959,0.045208
57.194900,-0.010030,0.015481,0.037723,-0.005865,0.012745,0.034069,-0.002757,0.017446,0.043306,-0.006746,0.018556,0.046294
57.255616,-0.004140,0.012604,0.033591,0.004671,0.010886,0.031753,0.002077,0.014936,0.043922,-0.001876,0.015995,0.044437
57.316333,0.001058,0.006738,0.034239,0.004951,0.006719,0.033258,-0.008774,0.019094,0.051939,-0.009721,0.020159,0.053930
57.377049,0.008925,0.004861,0.036991,0.010049,0.004442,0.035677,-0.004691,0.019336,0.055176,-0.001570,0.018093,0.053953
57.437766,0.007911,-0.000969,0.036710,0.000048,0.001486,0.035097,-0.004131,0.020523,0.054782,0.002237,0.016188,0.049151
57.498482,0.006559,-0.001248,0.027217,0.000957,-0.001522,0.022643,-0.004577,0.018609,0.054660,0.001762,0.014690,0.045497
57.559199,0.014372,-0.004529,0.019700,0.013162,-0.000835,0.016595,-0.004534,0.016228,0.046027,0.000520,0.013950,0.041953
57.619915,0.014484,-0.000207,0.016149,0.008818,0.005672,0.014859,0.003875,0.015238,0.043206,0.001758,0.016363,0.039739
57.680631,0.012124,0.001336,0.019735,0.013114,0.007387,0.021406,-0.002444,0.019466,0.042331,-0.003920,0.020159,0.037968
57.741348,0.010645,0.004239,0.015987,0.009634,0.007983,0.019732,0.006568,0.014014,0.033614,0.001260,0.015859,0.036551
57.802064,0.008649,0.003595,0.011588,0.011002,0.004553,0.018699,0.004110,0.013657,0.033462,0.003775,0.014152,0.039838
57.862781,0.017054,0.008600,0.009810,0.012576,0.008580,0.019024,0.003810,0.013015,0.031010,0.006093,0.012136,0.034425
57.923497,0.014524,0.014677,0.015773,0.007438,0.012661,0.018133,0.002176,0.015353,0.036868,0.002559,0.014723,0.041918
57.984214,0.006374,0.012400,0.018490,0.006937,0.007325,0.016792,0.001656,0.015547,0.039793,0.000429,0.014247,0.043184
58.044930,0.005060,0.010990,0.019440,0.001999,0.010226,0.016347,-0.002101,0.015859,0.047243,-0.003574,0.017039,0.051155
58.105647,-0.003853,0.012828,0.017836,-0.004820,0.013602,0.020350,0.012815,0.010899,0.054714,0.012696,0.013755,0.057560
58.166363,-0.004405,0.013462,0.019046,-0.005486,0.013844,0.020581,0.011866,0.012215,0.060572,0.013224,0.012578,0.060426
58.227080,-0.007520,0.016063,0.020647,-0.005456,0.012883,0.021620,0.008995,0.011348,0.063273,0.009328,0.010314,0.062719
58.287796,-0.002700,0.014719,0.021425,0.006158,0.013363,0.022451,0.004921,0.011441,0.062536,0.004832,0.009195,0.051699
58.348512,0.001361,0.013896,0.022649,0.007990,0.015335,0.022587,0.011174,0.009072,0.061003,0.010303,0.009053,0.053590
58.409229,0.004729,0.021164,0.024162,0.012093,0.019639,0.022473,0.016108,0.008429,0.062803,0.013533,0.008811,0.055042
58.469945,0.013376,0.019028,0.025226,0.018230,0.017087,0.022382,0.021752,0.004184,0.052541,0.014811,0.006747,0.046274
58.530662,0.014338,0.021030,0.023177,0.009511,0.021893,0.022309,0.014777,0.003787,0.041985,0.017639,0.004966,0.038878
58.591378,0.020123,0.014457,0.023250,0.014077,0.011275,0.022251,0.008953,0.009969,0.033315,0.009024,0.014201,0.033342
58.652095,0.020808,0.016230,0.022713,0.011155,0.013309,0.022204,0.010281,0.012837,0.033168,0.007826,0.015628,0.040846
58.712811,0.012958,0.016310,0.017920,0.008456,0.013816,0.016207,0.013368,0.013990,0.036091,0.007953,0.015061,0.038292
58.773528,0.013168,0.012776,0.017296,0.010123,0.010751,0.016719,0.007588,0.017788,0.031366,0.004709,0.019063,0.036250
58.834244,0.010536,0.011818,0.020014,0.010114,0.014631,0.021583,0.005817,0.018909,0.030699,0.006578,0.018389,0.040236
58.894961,0.008412,0.010841,0.021609,0.013673,0.011711,0.023903,0.003394,0.020816,0.034479,0.005855,0.017078,0.039721
58.955677,0.010794,0.002902,0.022275,0.009201,0.006479,0.024459,-0.000021,0.022288,0.037857,0.005693,0.015291,0.038364
59.016393,0.005115,0.015797,0.025465,0.005879,0.016997,0.028436,0.006016,0.020317,0.041637,0.007920,0.019703,0.038223
59.077110,0.004072,0.010822,0.027060,0.003136,0.010922,0.029385,0.006621,0.021069,0.045408,0.007790,0.021083,0.050030
59.137826,0.004778,0.012353,0.031639,0.003029,0.014049,0.028363,0.000911,0.024525,0.050609,-0.000072,0.024263,0.052921
59.198543,0.006048,0.017785,0.032770,0.007560,0.018542,0.028027,0.000414,0.021925,0.053591,-0.002405,0.022784,0.052129
59.259259,0.000257,0.021442,0.030719,-0.000044,0.025983,0.027758,0.000065,0.025503,0.060377,0.000397,0.026376,0.062439
59.319976,-0.004930,0.022731,0.030611,-0.001715,0.022598,0.028692,-0.001666,0.025165,0.068891,-0.001512,0.022994,0.069403
59.380692,-0.004951,0.030094,0.041121,-0.003140,0.025497,0.043004,-0.001602,0.027071,0.075535,-0.000113,0.022692,0.071411
59.441409,-0.003698,0.021375,0.037778,-0.002239,0.020004,0.038592,-0.002837,0.024286,0.078594,0.001547,0.021724,0.068944
59.502125,0.002790,0.023454,0.034668,0.005724,0.016239,0.033156,-0.004483,0.023852,0.070661,0.000387,0.022093,0.063501
59.562842,0.009109,0.017742,0.032923,0.013947,0.010305,0.028938,-0.001834,0.022976,0.074832,-0.002286,0.023844,0.069537
59.623558,0.007963,0.018106,0.032104,0.014689,0.016057,0.027339,0.000976,0.021042,0.070133,-0.000243,0.019742,0.058843
59.684274,0.012199,0.011086,0.026514,0.011590,0.014167,0.019382,-0.001641,0.017941,0.062667,-0.001536,0.019600,0.057357
59.744991,0.006662,0.014659,0.023511,-0.000159,0.018147,0.017787,0.002315,0.017130,0.055020,0.002480,0.016439,0.054632
59.805707,0.003885,0.014809,0.014809,-0.005783,0.022147,0.022096,0.001738,0.017192,0.053088,0.002274,0.017533,0.056890
59.866424,0.008419,0.015889,0.020893,0.001994,0.018836,0.030385,0.000428,0.017169,0.053236,0.001622,0.017566,0.057533
59.927140,0.010781,0.014169,0.024882,0.012416,0.012895,0.032174,0.001935,0.013778,0.050982,0.002557,0.014019,0.051217
59.987857,0.004019,0.017558,0.029192,0.009835,0.012375,0.034186,0.005281,0.010779,0.044258,0.004134,0.013186,0.050297
60.048573,-0.004362,0.014513,0.032233,-0.000334,0.013451,0.035795,0.002542,0.015620,0.048623,0.001059,0.017993,0.049561
60.109290,-0.008405,0.016675,0.041332,-0.006088,0.015109,0.038886,0.003715,0.014694,0.046574,0.001147,0.016905,0.047064
60.170006,-0.003076,0.017327,0.049641,-0.006842,0.019813,0.045023,0.001807,0.017895,0.046986,0.001956,0.018764,0.046974
60.230723,-0.003486,0.013292,0.048338,-0.011703,0.017831,0.042060,0.002131,0.017688,0.047566,0.002307,0.019104,0.051575
60.291439,-0.008437,0.016695,0.041420,-0.009674,0.020146,0.036672,0.000513,0.020509,0.054898,-0.000616,0.022771,0.063547
60.352155,-0.015376,0.019156,0.035941,-0.006631,0.017390,0.029532,-0.001757,0.024363,0.059600,-0.002411,0.023578,0.062610
60.412872,-0.010336,0.019755,0.034124,0.001652,0.016809,0.029530,-0.001528,0.029153,0.070879,0.000480,0.027541,0.075202
60.473588,-0.007453,0.021600,0.032308,-0.002845,0.019581,0.029528,-0.003375,0.026004,0.068365,-0.004450,0.025067,0.065965
60.534305,-0.001981,0.021746,0.029047,-0.000436,0.020218,0.029306,-0.002087,0.025378,0.068530,-0.001457,0.021688,0.060419
60.595021,0.000550,0.016142,0.023168,0.001225,0.016055,0.029129,-0.008830,0.017171,0.070280,-0.009568,0.011101,0.060108
60.655738,0.004031,0.014827,0.021479,-0.000377,0.012983,0.026980,-0.006432,0.018499,0.073439,-0.003554,0.014832,0.066503
60.716454,0.000604,0.022466,0.023379,-0.005411,0.026963,0.027268,-0.005320,0.017114,0.071240,-0.003749,0.017416,0.072411
60.777171,0.004704,0.025124,0.024215,0.002519,0.026564,0.023179,-0.000375,0.017667,0.078461,0.002005,0.020068,0.079811
60.837887,-0.001343,0.025397,0.022624,0.000506,0.024530,0.022220,-0.004814,0.015181,0.067003,-0.002201,0.021251,0.072923
60.898604,-0.002920,0.025718,0.023531,-0.005969,0.026208,0.024949,0.000543,0.015219,0.073665,0.000905,0.020089,0.073468
60.959320,-0.001695,0.024237,0.022798,-0.001220,0.023446,0.024618,-0.000153,0.016762,0.077653,0.001852,0.019865,0.072005
61.020036,-0.005843,0.020911,0.023862,-0.005211,0.013980,0.026867,0.006375,0.023980,0.076699,0.002219,0.019748,0.068040
61.080753,-0.003826,0.025037,0.021101,-0.002702,0.017100,0.021305,0.002174,0.022291,0.070561,-0.000007,0.019385,0.064256
61.141469,0.002314,0.014468,0.020280,0.001326,0.015461,0.021578,0.003633,0.020269,0.063719,0.001132,0.018228,0.061035
61.202186,-0.000689,0.015197,0.022543,0.003705,0.018382,0.021797,0.001380,0.017525,0.056885,0.002756,0.016876,0.061143
61.262902,0.007404,0.012919,0.015802,0.012784,0.014796,0.011676,0.004591,0.017253,0.058451,0.002895,0.018318,0.060181
61.323619,0.006876,0.011669,0.019534,0.003115,0.016670,0.021739,-0.007049,0.019396,0.055099,-0.011315,0.020742,0.058581
61.384335,0.007251,0.015687,0.029124,0.006573,0.021440,0.035475,-0.008715,0.021056,0.052666,-0.010255,0.022711,0.056689
61.445052,0.011338,0.018500,0.032856,0.006744,0.016315,0.040779,-0.006905,0.021055,0.056484,-0.004933,0.022023,0.061134
61.505768,0.014225,0.016074,0.031852,0.010905,0.015571,0.031027,-0.007471,0.020896,0.053227,-0.006521,0.020982,0.054171
61.566485,0.013035,0.019032,0.035504,0.010544,0.018379,0.034469,-0.009798,0.021902,0.052650,-0.007336,0.020915,0.052159
61.627201,0.011331,0.020322,0.035175,0.008694,0.022522,0.031649,-0.010862,0.022615,0.051334,-0.005509,0.020023,0.052199
61.687917,-0.005887,0.029773,0.042200,-0.007330,0.031340,0.029393,-0.011006,0.020297,0.047038,-0.003919,0.017591,0.047012
61.748634,0.004449,0.032339,0.036254,0.001494,0.033497,0.027588,0.001417,0.017334,0.044748,0.000627,0.016012,0.044840
61.809350,0.006522,0.026202,0.022741,0.008178,0.026310,0.021237,-0.001389,0.018738,0.042896,-0.004631,0.020893,0.043102
61.870067,0.007015,0.028199,0.015525,0.008718,0.023007,0.019285,-0.007467,0.019059,0.039242,-0.008942,0.021018,0.045149
61.930783,0.002535,0.029522,0.025114,0.006213,0.022777,0.027257,-0.011228,0.021279,0.047246,-0.014994,0.023286,0.052589
61.991500,0.006537,0.027592,0.029052,0.012394,0.021441,0.036967,-0.007977,0.018836,0.044161,-0.009563,0.019338,0.046574
62.052216,0.010299,0.019592,0.026773,0.015441,0.013772,0.030456,-0.008919,0.017827,0.040024,-0.008609,0.017348,0.041939
62.112933,0.026344,0.016077,0.025503,0.020530,0.019419,0.026660,-0.013513,0.024558,0.053922,-0.012831,0.024874,0.058261
62.173649,0.021389,0.013656,0.026015,0.016846,0.020571,0.026119,-0.016276,0.022277,0.047824,-0.010370,0.018646,0.045303
62.234366,0.012693,0.014720,0.028705,0.008284,0.017458,0.023827,-0.011096,0.017384,0.044612,-0.006177,0.016149,0.038976
62.295082,0.014304,0.014824,0.025973,0.011059,0.016072,0.017533,-0.008257,0.021247,0.040210,-0.006205,0.022633,0.035684
62.355798,0.025152,0.008832,0.017527,0.023273,0.008839,0.014031,-0.006640,0.022442,0.039570,-0.010541,0.026250,0.044122
62.416515,0.020886,0.009791,0.012375,0.020069,0.011634,0.019173,-0.011867,0.022804,0.039719,-0.013318,0.022216,0.040009
62.477231,0.011502,0.015822,0.019334,0.008443,0.014370,0.025963,-0.010274,0.024334,0.046167,-0.009382,0.021792,0.045714
62.537948,0.005763,0.013956,0.026748,0.006897,0.017284,0.033446,-0.004610,0.019780,0.041226,-0.005520,0.022054,0.054363
62.598664,0.005798,0.011610,0.028341,0.005989,0.015580,0.033778,-0.004937,0.022076,0.053284,-0.004979,0.019604,0.059066
62.659381,0.012815,0.012715,0.030943,0.009422,0.015011,0.033598,-0.004571,0.022470,0.056006,-0.001352,0.017467,0.053798
62.720097,0.006172,0.018333,0.037713,0.002669,0.021979,0.034827,-0.005713,0.017842,0.059223,-0.003944,0.017208,0.052046
62.780814,0.000300,0.026371,0.046704,0.008341,0.024820,0.040453,-0.001851,0.014669,0.055471,-0.003325,0.017468,0.051959
62.841530,-0.000823,0.027252,0.049255,0.006551,0.025651,0.043883,-0.002093,0.018761,0.058540,-0.007885,0.020920,0.050575
62.902247,0.005869,0.026299,0.049895,0.006997,0.024249,0.046627,-0.001832,0.018770,0.055147,-0.004670,0.020768,0.049416
62.962963,0.003502,0.025530,0.046219,0.002427,0.024111,0.044831,-0.006021,0.018744,0.048872,-0.007615,0.021199,0.048540
63.023679,0.005280,0.027059,0.054537,0.004902,0.023182,0.054531,-0.006961,0.020067,0.046514,-0.007970,0.020771,0.051106
63.084396,0.007322,0.027032,0.055465,0.011411,0.021056,0.051500,-0.008804,0.021422,0.051378,-0.006325,0.020298,0.054238
63.145112,0.009738,0.021012,0.049044,0.007643,0.018387,0.040159,-0.006758,0.023140,0.052864,-0.005058,0.021878,0.054480
63.205829,0.002934,0.020398,0.047577,0.002794,0.021086,0.042664,-0.004520,0.021785,0.053989,-0.001082,0.019308,0.055480
63.266545,0.005889,0.018797,0.045822,0.006251,0.020423,0.043194,-0.002965,0.019575,0.056052,-0.003914,0.019297,0.056280
63.327262,0.003543,0.017326,0.044066,0.003472,0.018007,0.043619,-0.006904,0.023123,0.058152,-0.007008,0.024436,0.056920
63.387978,0.006127,0.017090,0.044186,0.003226,0.018787,0.042592,-0.003210,0.022943,0.059106,-0.004314,0.023882,0.055880
63.448695,0.002492,0.018047,0.036351,0.000451,0.020262,0.041770,-0.004653,0.021727,0.058260,-0.007351,0.021216,0.055793
63.509411,0.000333,0.024157,0.036224,0.004827,0.027274,0.041113,-0.006727,0.024907,0.056110,-0.008732,0.025105,0.054978
63.570128,0.004968,0.024148,0.029220,0.008865,0.023349,0.022044,-0.009190,0.032546,0.055577,-0.010432,0.036419,0.054326
63.630844,0.009154,0.020681,0.028613,0.009632,0.020202,0.027323,-0.016869,0.034644,0.054243,-0.016132,0.033876,0.053488
63.691560,0.011791,0.017512,0.013790,0.015414,0.015279,0.010170,-0.018973,0.035253,0.046600,-0.018900,0.031805,0.043987
63.752277,0.008501,0.015341,-0.003266,0.006196,0.010853,-0.006679,-0.018401,0.034245,0.052457,-0.018195,0.033031,0.055285
63.812993,0.007669,0.016773,-0.016511,0.004240,0.015068,-0.016190,-0.023033,0.035444,0.057399,-0.019749,0.032437,0.061491
63.873710,0.007763,0.015695,-0.029756,0.001394,0.015777,-0.023798,-0.021151,0.037390,0.059385,-0.017064,0.030784,0.063062
63.934426,0.004216,0.010492,-0.031837,0.000616,0.016403,-0.014255,-0.021069,0.034362,0.060385,-0.016388,0.028521,0.062194
63.995143,0.002529,0.011242,-0.019321,0.003135,0.015702,-0.004728,-0.020811,0.026279,0.062844,-0.016195,0.027834,0.063541
64.055859,0.000522,0.015672,-0.020049,0.002237,0.020287,0.004885,-0.018503,0.031420,0.065588,-0.017512,0.034206,0.064702
64.116576,-0.006308,0.017700,-0.010974,-0.000064,0.018185,0.004925,-0.021366,0.037244,0.074640,-0.024011,0.040222,0.065630
64.177292,0.005110,0.019396,0.004377,0.009799,0.015553,0.010617,-0.019427,0.032637,0.070192,-0.019570,0.033315,0.066373
64.238009,0.005969,0.019679,0.015541,0.008324,0.019223,0.013277,-0.022399,0.037854,0.082346,-0.025010,0.039969,0.087377
64.298725,0.008274,0.019270,0.024211,0.007890,0.018529,0.011913,-0.027375,0.041131,0.089550,-0.028239,0.041397,0.093856
64.359441,0.012631,0.016447,0.013398,0.011912,0.014652,-0.000825,-0.026535,0.041511,0.099916,-0.024151,0.037543,0.101342
64.420158,0.014163,0.021262,0.028662,0.014316,0.021042,0.027386,-0.024524,0.040639,0.097988,-0.019592,0.033832,0.092160
64.480874,0.013816,0.017291,0.025786,0.010696,0.018999,0.026550,-0.025076,0.037593,0.101450,-0.021002,0.034740,0.092443
64.541591,0.014723,0.020009,0.033767,0.007974,0.020961,0.033430,-0.019172,0.034192,0.106955,-0.018537,0.035887,0.095532
64.602307,0.008913,0.021412,0.030268,0.008096,0.019738,0.028523,-0.022970,0.037787,0.108031,-0.020509,0.034881,0.091800
64.663024,0.010015,0.019257,0.026505,0.008504,0.019554,0.022333,-0.014404,0.032400,0.097189,-0.013768,0.033678,0.092540
64.723740,0.008192,0.015955,0.022144,0.005481,0.014171,0.013052,-0.009031,0.027113,0.087613,-0.011723,0.028963,0.084579
64.784457,0.007692,0.022329,0.030583,0.009284,0.020089,0.011901,-0.009192,0.028282,0.078856,-0.011164,0.029233,0.081661
64.845173,0.000933,0.018771,0.012552,0.002752,0.020411,0.012323,-0.008572,0.028100,0.078227,-0.008333,0.026929,0.075535
64.905889,0.008117,0.018580,0.010279,0.011502,0.018226,0.011318,-0.005108,0.026769,0.073153,-0.007145,0.027354,0.072039
64.966606,0.010946,0.016562,0.000377,0.012580,0.017518,0.007383,-0.007033,0.023643,0.065132,-0.010148,0.025603,0.067980
65.027322,0.010560,0.021447,-0.002087,0.011240,0.023822,0.004235,-0.001951,0.022510,0.061684,-0.006683,0.025067,0.064931
65.088039,0.015380,0.017425,-0.004536,0.017768,0.017192,-0.000526,-0.003644,0.023256,0.056335,-0.005077,0.026871,0.063556
65.148755,0.012513,0.027049,-0.002291,0.008878,0.025755,-0.002092,-0.002736,0.025950,0.058129,-0.003499,0.027289,0.063904
65.209472,0.009452,0.024551,-0.004527,0.007717,0.025858,-0.003345,-0.006972,0.027337,0.061653,-0.010514,0.029836,0.070054
65.270188,0.012936,0.026684,-0.000502,0.006376,0.028011,0.005762,-0.009836,0.026413,0.065232,-0.011824,0.026118,0.071260
65.330905,0.004702,0.028324,0.003150,0.002873,0.026603,0.011181,-0.009579,0.023991,0.067807,-0.009578,0.023314,0.072224
65.391621,0.004496,0.024265,0.008628,0.005388,0.018538,0.014942,-0.002402,0.020783,0.059563,-0.002047,0.017879,0.056586
65.452338,0.008297,0.019136,0.014105,0.010808,0.017457,0.017951,-0.007998,0.022309,0.061315,-0.008035,0.021026,0.058269
65.513054,0.004555,0.021915,0.026761,0.012183,0.015991,0.028164,-0.012075,0.022435,0.061425,-0.011867,0.023813,0.058380
65.573770,0.009143,0.017237,0.027733,0.010834,0.018244,0.022221,-0.015966,0.019089,0.059786,-0.014378,0.020159,0.057469
65.634487,0.011500,0.016890,0.029939,0.012582,0.019364,0.019195,-0.014956,0.018765,0.053952,-0.017804,0.023678,0.056739
65.695203,0.009024,0.013396,0.024335,0.006801,0.017924,0.015947,-0.013557,0.021842,0.050525,-0.015697,0.025499,0.055809
65.755920,0.010523,0.011404,0.021990,0.005311,0.015745,0.016047,-0.012857,0.023470,0.050038,-0.011696,0.025098,0.059182
65.816636,0.018222,0.014825,0.019223,0.018116,0.014640,0.014961,-0.016120,0.025976,0.058008,-0.008309,0.022816,0.057311
65.877353,0.014387,0.019553,0.016456,0.015622,0.020958,0.014092,-0.016082,0.024200,0.058095,-0.012992,0.022488,0.058971
65.938069,0.012112,0.023430,0.014205,0.012850,0.024219,0.021926,-0.012757,0.023275,0.060630,-0.011178,0.023688,0.062490
65.998786,0.016145,0.019781,0.018928,0.017013,0.019719,0.023842,-0.013304,0.027632,0.065325,-0.014593,0.026159,0.067330
66.059502,0.013587,0.018878,0.025602,0.013944,0.019280,0.029835,-0.014062,0.029025,0.068018,-0.019036,0.030429,0.068398
66.120219,0.017046,0.019164,0.031446,0.012733,0.018257,0.032641,-0.014394,0.027045,0.071516,-0.017148,0.028127,0.070033
66.180935,0.017422,0.021616,0.034072,0.010584,0.019444,0.033078,-0.015468,0.026112,0.072072,-0.014360,0.025894,0.071340
66.241651,0.009882,0.022228,0.034524,0.011778,0.018456,0.029220,-0.030108,0.034733,0.075893,-0.030937,0.035522,0.072386
66.302368,0.007893,0.017845,0.036892,0.007768,0.017874,0.028815,-0.026602,0.033727,0.072442,-0.026185,0.031245,0.066200
66.363084,0.008279,0.015402,0.032199,0.007106,0.018332,0.027134,-0.033635,0.037486,0.080720,-0.031579,0.035956,0.079864
66.423801,0.004919,0.019632,0.031267,0.007715,0.020932,0.026702,-0.034480,0.037900,0.078818,-0.032097,0.036552,0.078565
66.484517,0.002521,0.019845,0.026998,0.003148,0.020548,0.026147,-0.041675,0.043705,0.078917,-0.043113,0.046871,0.077526
66.545234,0.001352,0.020392,0.024150,0.002460,0.020037,0.025703,-0.049451,0.050211,0.087091,-0.047295,0.050389,0.088777
66.605950,0.002884,0.020269,0.022469,0.004510,0.020697,0.025175,-0.052953,0.052543,0.086009,-0.043381,0.046968,0.084821
66.666667,0.001260,0.019683,0.023918,0.004646,0.018638,0.024926,-0.036925,0.041993,0.094182,-0.031715,0.037612,0.094613
66.727383,0.002485,0.018281,0.023451,0.003776,0.016056,0.024726,-0.034332,0.040918,0.097813,-0.023176,0.031411,0.089066
66.788100,0.006108,0.018847,0.027095,0.008985,0.017671,0.028965,-0.037932,0.041004,0.093613,-0.034213,0.036210,0.092276
66.848816,-0.001858,0.021704,0.025228,-0.001935,0.024401,0.025553,-0.033768,0.036014,0.084214,-0.028374,0.029769,0.075336
66.909532,0.002799,0.021420,0.025089,0.001949,0.022927,0.025033,-0.028455,0.027750,0.084034,-0.032696,0.029875,0.074690
66.970249,0.007499,0.021502,0.030075,0.008080,0.022055,0.031792,-0.019223,0.021392,0.073918,-0.026038,0.027890,0.072346
67.030965,0.000289,0.021071,0.028926,-0.001088,0.021707,0.028438,-0.023037,0.021624,0.073121,-0.031714,0.029295,0.070560
67.091682,0.000711,0.021854,0.028507,0.000759,0.020542,0.026949,-0.024445,0.021098,0.063069,-0.024354,0.022737,0.069132
67.152398,0.004945,0.020278,0.028089,0.006594,0.015373,0.025759,-0.028669,0.021749,0.062511,-0.023200,0.020422,0.067899
67.213115,0.002297,0.020604,0.024528,0.007532,0.017581,0.024806,-0.018823,0.016816,0.056795,-0.020447,0.020513,0.067340
67.273831,0.012819,0.020910,0.028808,0.011633,0.024758,0.028218,-0.017933,0.019872,0.064708,-0.016115,0.021490,0.066466
67.334548,0.010339,0.022500,0.030563,0.009332,0.025439,0.029622,-0.013130,0.018380,0.063466,-0.016165,0.021163,0.065856
67.395264,0.008368,0.022084,0.026484,0.011227,0.023482,0.029752,-0.015413,0.020042,0.061905,-0.016009,0.023248,0.063093
67.455981,0.018664,0.019982,0.029371,0.015844,0.019905,0.030849,-0.007417,0.017549,0.061660,-0.012497,0.022090,0.062814
67.516697,0.016652,0.020933,0.030322,0.011487,0.020431,0.030209,-0.011028,0.019335,0.061414,-0.014035,0.019474,0.062591
67.577413,0.018982,0.023672,0.030398,0.018439,0.019120,0.028473,-0.005453,0.017996,0.055562,-0.007141,0.015937,0.054474
67.638130,0.015543,0.023964,0.031349,0.012194,0.020988,0.028308,-0.010685,0.020890,0.050933,-0.014925,0.020976,0.050119
67.698846,0.015471,0.018404,0.027766,0.015261,0.019699,0.026005,-0.017739,0.023071,0.051554,-0.021572,0.024913,0.053559
67.759563,0.017959,0.015846,0.025183,0.015718,0.017811,0.024234,-0.018233,0.021506,0.045272,-0.021223,0.021711,0.046736
67.820279,0.015986,0.016338,0.023934,0.013574,0.018068,0.023694,-0.015172,0.019735,0.040982,-0.015769,0.021208,0.041790
67.880996,0.012060,0.017605,0.021317,0.012225,0.017348,0.022338,-0.020571,0.020251,0.032411,-0.019865,0.021179,0.033773
67.941712,0.012316,0.017593,0.019784,0.008951,0.018368,0.021254,-0.019958,0.019457,0.024929,-0.019071,0.017634,0.028883
68.002429,0.004268,0.013897,0.019125,0.005142,0.012295,0.020387,-0.030628,0.025644,0.031453,-0.026107,0.023128,0.036641
68.063145,0.004371,0.014574,0.017626,0.001701,0.016476,0.019740,-0.027867,0.020741,0.024263,-0.026233,0.019864,0.025787
68.123862,0.001374,0.014711,0.018537,0.002670,0.016282,0.020426,-0.025301,0.018117,0.018018,-0.027026,0.020350,0.025351
68.184578,0.001074,0.014517,0.019152,0.005225,0.014806,0.020632,-0.025835,0.020516,0.022522,-0.026333,0.021418,0.030474
68.245294,0.002560,0.015261,0.019141,0.007260,0.016704,0.020797,-0.032348,0.021816,0.023894,-0.028976,0.022793,0.030702
68.306011,0.001944,0.019223,0.018604,0.006312,0.021804,0.019269,-0.030418,0.023023,0.031331,-0.027728,0.024138,0.035315
68.366727,0.008721,0.012550,0.018067,0.013708,0.012591,0.018048,-0.032865,0.028336,0.039525,-0.028787,0.027439,0.041588
68.427444,0.005981,0.016817,0.022015,0.005112,0.013647,0.023348,-0.030399,0.029871,0.037138,-0.030428,0.033121,0.043463
68.488160,0.009974,0.019450,0.030223,0.007268,0.021244,0.033601,-0.027297,0.031634,0.048809,-0.025346,0.030327,0.047584
68.548877,0.007634,0.018246,0.034315,0.003847,0.018411,0.037242,-0.025828,0.028726,0.054588,-0.024259,0.024649,0.050880
68.609593,0.004565,0.019060,0.038651,0.001870,0.017648,0.040156,-0.025810,0.027442,0.053330,-0.024096,0.023059,0.049136
68.670310,0.003977,0.012757,0.033251,0.003752,0.010154,0.028856,-0.003686,0.039435,0.057966,0.003787,0.040896,0.052121
68.731026,0.008956,0.012846,0.034222,0.010477,0.016689,0.027077,-0.010108,0.041985,0.061240,-0.010508,0.042191,0.057033
68.791743,0.000855,0.017659,0.043448,0.005699,0.015236,0.037209,-0.015180,0.044053,0.068221,-0.022112,0.044777,0.068736
68.852459,0.004472,0.022141,0.040515,0.003767,0.022038,0.034571,-0.024576,0.046315,0.081513,-0.038243,0.050157,0.083791
68.913175,0.004235,0.013343,0.032708,0.005862,0.015640,0.031649,-0.024373,0.046491,0.081908,-0.031313,0.044203,0.080399
68.973892,0.005641,0.012332,0.025307,0.004689,0.012512,0.025320,-0.022534,0.049226,0.076147,-0.026459,0.039580,0.069067
69.034608,0.004472,0.013135,0.019389,0.000907,0.014054,0.022333,-0.018356,0.049614,0.074031,-0.020007,0.035546,0.060723
69.095325,0.004592,0.024492,0.023700,0.003151,0.023178,0.020632,-0.030241,0.029158,0.060529,-0.009580,0.022248,0.042488
69.156041,0.002528,0.020865,0.023354,0.007105,0.022030,0.020014,-0.022580,0.023990,0.056398,-0.010476,0.020037,0.043543
69.216758,0.007258,0.015629,0.014096,0.009625,0.012180,0.018598,-0.013002,0.017669,0.042465,-0.008677,0.018203,0.038437
69.277474,0.004968,0.017177,0.013404,0.003701,0.021760,0.018714,0.001190,0.007260,0.025283,-0.007626,0.014327,0.035497
69.338191,0.001356,0.023199,0.013057,0.000752,0.023848,0.018477,0.000339,0.004607,0.017316,-0.008011,0.011824,0.030611
69.398907,0.002779,0.022322,0.015561,0.002594,0.017850,0.018287,0.001935,0.005767,0.027761,-0.005582,0.015300,0.043859
69.459624,0.009511,0.019818,0.016581,0.008655,0.014820,0.018136,0.002273,0.005292,0.033346,-0.002833,0.015458,0.048375
69.520340,0.008679,0.012119,0.016801,0.008184,0.013011,0.017582,0.000316,0.009571,0.035808,0.001419,0.012168,0.036057
69.581056,0.008920,0.011529,0.016491,0.011470,0.013071,0.017139,-0.009069,0.018328,0.046032,-0.014816,0.024233,0.052712
69.641773,0.005732,0.014247,0.016839,0.008653,0.008817,0.016785,-0.012284,0.019646,0.047900,-0.016650,0.023405,0.048388
69.702489,0.013635,0.005805,0.014633,0.013989,0.007251,0.014175,-0.009409,0.019619,0.044534,-0.009978,0.018450,0.038745
69.763206,0.007376,0.003749,0.012452,0.000219,0.009363,0.011793,-0.005861,0.020162,0.041870,-0.004927,0.015883,0.029480
69.823922,0.009485,0.009543,0.010481,0.005120,0.014374,0.010181,-0.018583,0.027417,0.028058,-0.020925,0.028704,0.023618
69.884639,0.000681,0.014443,0.014238,-0.001650,0.018899,0.016911,-0.026239,0.030786,0.029391,-0.025825,0.030898,0.034047
69.945355,0.003002,0.011879,0.015238,0.003190,0.012684,0.018003,-0.031074,0.036077,0.037930,-0.023745,0.031928,0.036550
70.006072,-0.000830,0.010305,0.011774,0.002109,0.010606,0.012626,-0.018558,0.027302,0.024859,-0.017424,0.027756,0.034807
70.066788,0.005074,0.010942,0.016723,0.009430,0.007737,0.020103,-0.014234,0.025589,0.014701,-0.012683,0.023824,0.019842
70.127505,-0.000704,0.014165,0.022451,0.006521,0.010899,0.024848,-0.025410,0.031588,0.027814,-0.022450,0.027185,0.034267
70.188221,0.008553,0.013629,0.019873,0.007206,0.011531,0.016722,-0.025489,0.032311,0.032364,-0.015015,0.023882,0.032267
70.248937,0.010274,0.005402,0.014032,0.013119,0.004590,0.005947,-0.013316,0.021136,0.030134,-0.011955,0.019459,0.022726
70.309654,0.014680,0.007337,0.016505,0.010918,0.013782,0.016986,-0.006408,0.014870,0.018526,-0.008978,0.014730,0.017082
70.370370,0.010067,0.008246,0.011082,0.006786,0.009862,0.010470,-0.007131,0.011156,0.009810,-0.011279,0.013794,0.010775
70.431087,0.007556,0.012254,0.014445,0.001470,0.013960,0.011308,-0.006899,0.012495,0.005049,-0.007126,0.015123,0.007522
70.491803,0.002198,0.015850,0.008931,0.001417,0.015454,0.011329,-0.007917,0.013069,0.013731,-0.005869,0.014522,0.010169
70.552520,0.003896,0.014168,0.006787,0.002488,0.014719,0.014827,-0.007124,0.011665,-0.000192,-0.015890,0.017777,0.007037
70.613236,0.005924,0.015295,0.011180,0.006819,0.016165,0.014855,-0.013420,0.015780,-0.000693,-0.018581,0.022116,0.009781
70.673953,0.000248,0.021137,0.017247,0.004863,0.016475,0.012949,-0.012248,0.015959,0.000806,-0.013167,0.018297,0.006835
70.734669,-0.000343,0.013503,0.010607,0.003486,0.012604,0.013291,-0.009275,0.016368,-0.000327,-0.005785,0.014372,0.002785
70.795386,0.000577,0.019363,0.014973,0.002129,0.017123,0.013626,-0.006085,0.015414,-0.002434,-0.004259,0.012173,-0.003613
70.856102,0.002472,0.021816,0.016631,0.000396,0.023202,0.016154,-0.012833,0.017003,0.004664,-0.010957,0.016051,0.005948
70.916818,0.000421,0.022332,0.018708,-0.002314,0.023570,0.018115,-0.007439,0.014596,-0.000425,-0.001381,0.011894,0.001786
70.977535,0.000317,0.021336,0.014300,-0.000642,0.019818,0.014084,-0.001998,0.011975,0.000175,-0.004683,0.012005,0.001169
71.038251,-0.002867,0.021249,0.014071,-0.000142,0.020122,0.013940,-0.001444,0.009901,-0.004708,-0.008840,0.014596,-0.001748
71.098968,-0.007587,0.019370,0.017019,-0.007314,0.017011,0.016344,-0.010888,0.018376,0.007092,-0.018596,0.024146,0.014131
71.159684,-0.003920,0.022929,0.019882,-0.001122,0.018014,0.020015,-0.010906,0.017703,0.007326,-0.010152,0.018110,0.008949
71.220401,-0.001647,0.019127,0.025336,0.001624,0.016128,0.026640,-0.011340,0.023656,0.011312,-0.008362,0.023497,0.006899
71.281117,0.003783,0.011667,0.022544,0.007595,0.011963,0.022658,-0.013959,0.023118,0.013649,-0.017906,0.024356,0.017629
71.341834,0.005662,0.008090,0.018836,0.006076,0.009571,0.018126,-0.026970,0.030927,0.030122,-0.025155,0.029471,0.034194
71.402550,0.002451,0.009406,0.026576,0.001574,0.010461,0.024929,-0.025237,0.032927,0.036531,-0.021276,0.028866,0.036068
71.463267,0.002277,0.005070,0.029623,0.001388,0.006566,0.026883,-0.027593,0.033539,0.044874,-0.025413,0.028942,0.037850
71.523983,0.010236,0.004957,0.024680,0.005053,0.006007,0.019776,-0.032827,0.035511,0.042431,-0.039182,0.038384,0.042390
71.584699,0.002812,0.003283,0.019723,-0.001622,0.006868,0.015821,-0.035764,0.037693,0.047781,-0.030732,0.032554,0.039046
71.645416,-0.001457,0.001739,0.011539,-0.004754,0.005050,0.011828,-0.040419,0.035854,0.059378,-0.031343,0.032478,0.047214
71.706132,-0.008143,0.004930,0.012268,-0.006867,0.007568,0.011829,-0.032850,0.033648,0.055877,-0.025695,0.028453,0.044979
71.766849,-0.006768,0.006026,0.014474,-0.003569,0.007588,0.012552,-0.041939,0.038345,0.047952,-0.044110,0.039324,0.044979
71.827565,-0.000916,0.003478,0.006475,0.002051,0.005309,0.009270,-0.040838,0.033282,0.039319,-0.034898,0.029661,0.032609
71.888282,-0.000060,0.008723,0.006505,0.002968,0.009787,0.014398,-0.038978,0.032248,0.037902,-0.033709,0.028130,0.033100
71.948998,-0.004061,0.010244,0.009431,0.000715,0.010713,0.013884,-0.031400,0.025891,0.039320,-0.035207,0.028834,0.040576
72.009715,0.000292,0.011548,0.013437,0.001002,0.012459,0.016716,-0.034861,0.026594,0.038252,-0.032399,0.025898,0.036098
72.070431,0.000577,0.012825,0.014264,-0.002256,0.011310,0.013703,-0.031681,0.025258,0.030206,-0.028223,0.025283,0.033591
72.131148,0.002473,0.012759,0.020480,-0.002214,0.012484,0.022030,-0.032487,0.025488,0.030601,-0.024329,0.023020,0.034634
72.191864,-0.002450,0.013473,0.020713,-0.006738,0.012521,0.021040,-0.019059,0.017534,0.032804,-0.024218,0.023842,0.039788
72.252580,-0.004819,0.019141,0.028088,-0.003801,0.017190,0.026386,-0.025167,0.022757,0.043988,-0.027536,0.024587,0.044113
72.313297,-0.004954,0.012824,0.020206,-0.001903,0.010448,0.017054,-0.023251,0.019910,0.041880,-0.025135,0.020085,0.039352
72.374013,-0.005675,0.015361,0.030957,-0.004191,0.014793,0.031062,-0.018851,0.017952,0.037205,-0.022190,0.019657,0.039032
72.434730,-0.003382,0.018570,0.039370,0.000287,0.020216,0.042236,-0.019198,0.016213,0.035075,-0.022471,0.016123,0.031882
72.495446,-0.003239,0.020025,0.040576,-0.002628,0.019553,0.035807,-0.022202,0.014438,0.034435,-0.024486,0.014977,0.029321
72.556163,-0.004425,0.020344,0.038438,-0.004171,0.019524,0.036720,-0.027230,0.017571,0.031792,-0.028378,0.019161,0.027518
72.616879,0.003089,0.020974,0.040732,0.002215,0.019036,0.036004,-0.022021,0.012431,0.020947,-0.020164,0.013559,0.018913
72.677596,0.000228,0.017928,0.038181,-0.000644,0.018137,0.034786,-0.017326,0.007585,0.011769,-0.017720,0.009576,0.014563
72.738312,-0.003432,0.023345,0.047700,-0.004501,0.018790,0.037101,-0.023745,0.013745,0.009337,-0.026270,0.016701,0.012307
72.799029,-0.001819,0.024410,0.039993,-0.004011,0.022958,0.036309,-0.029231,0.020046,0.020046,-0.030778,0.025771,0.032389
72.859745,-0.007873,0.026544,0.033341,-0.008045,0.029735,0.037121,-0.034134,0.022529,0.031473,-0.036206,0.024490,0.042566
72.920461,0.000657,0.020101,0.038522,0.002649,0.018148,0.038969,-0.034786,0.024522,0.037925,-0.036386,0.024461,0.046900
72.981178,-0.000480,0.019721,0.040450,-0.001541,0.017868,0.041948,-0.028955,0.019976,0.045227,-0.029734,0.020384,0.051804
73.041894,-0.005034,0.017131,0.043410,-0.002058,0.014085,0.044331,-0.034364,0.023317,0.057645,-0.028822,0.019215,0.055727
73.102611,-0.002492,0.017273,0.048019,-0.000502,0.014375,0.047900,-0.035110,0.029499,0.068185,-0.025692,0.022755,0.058771
73.163327,0.009633,0.014142,0.056464,0.012587,0.011397,0.059415,-0.028147,0.024474,0.076893,-0.022898,0.020208,0.059864
73.224044,0.008863,0.012126,0.063924,0.008582,0.014221,0.064604,-0.027050,0.020487,0.070558,-0.026544,0.022995,0.061566
73.284760,0.015356,0.007791,0.066251,0.011119,0.016677,0.063015,-0.021116,0.020381,0.064169,-0.024511,0.022121,0.056963
73.345477,0.008991,0.014863,0.066424,0.009069,0.017601,0.059926,-0.019378,0.019428,0.058311,-0.024598,0.021232,0.050216
73.406193,0.014607,0.011037,0.062118,0.011458,0.012075,0.052685,-0.019546,0.020090,0.048430,-0.020539,0.018728,0.040623
73.466910,0.016576,0.012464,0.050564,0.011097,0.011448,0.036746,-0.016919,0.017859,0.036825,-0.017788,0.014766,0.030535
73.527626,0.016553,0.011186,0.046832,0.009990,0.010477,0.036607,-0.026751,0.020095,0.030008,-0.030629,0.022327,0.029074
73.588342,0.004341,0.015105,0.039209,0.003884,0.013764,0.039708,-0.028735,0.022605,0.029342,-0.029626,0.023379,0.035174
73.649059,0.002188,0.013717,0.033858,-0.001395,0.014172,0.041348,-0.025695,0.020271,0.026507,-0.027671,0.022266,0.037846
73.709775,0.000623,0.013314,0.029477,0.000947,0.016074,0.038276,-0.024700,0.019602,0.023119,-0.024019,0.020599,0.033242
73.770492,0.001344,0.011537,0.025352,0.001941,0.014631,0.034360,-0.025103,0.020668,0.025766,-0.024769,0.021508,0.034947
73.831208,-0.003633,0.016049,0.027113,-0.001212,0.016015,0.034698,-0.026341,0.022819,0.031817,-0.022408,0.021960,0.036879
73.891925,-0.001502,0.016053,0.032717,0.003944,0.014606,0.030202,-0.025691,0.024049,0.039592,-0.018373,0.019073,0.038425
73.952641,-0.004542,0.017177,0.025639,0.000012,0.014576,0.021462,-0.015819,0.020667,0.044796,-0.017276,0.021038,0.042671
74.013358,-0.000778,0.016595,0.020865,0.001171,0.016229,0.020908,-0.014481,0.020820,0.044353,-0.017070,0.022563,0.045432
74.074074,0.006256,0.021972,0.016692,0.006282,0.023672,0.020465,-0.016731,0.023427,0.047372,-0.020777,0.025263,0.050278
74.134791,0.003330,0.020646,0.015404,0.002993,0.021818,0.019767,-0.019246,0.024174,0.049073,-0.022024,0.024042,0.045570
74.195507,0.004300,0.021055,0.013325,0.004934,0.019798,0.016642,-0.014903,0.021124,0.046542,-0.017094,0.019992,0.041266
74.256223,0.004128,0.020194,0.013674,0.000943,0.018943,0.021013,-0.014866,0.018714,0.043986,-0.016216,0.017374,0.038356
74.316940,-0.001963,0.018064,0.003506,-0.002860,0.013968,0.005019,-0.015754,0.020116,0.041433,-0.014663,0.017367,0.036032
74.377656,-0.003219,0.018955,0.007859,-0.007189,0.015312,0.007410,-0.012824,0.014406,0.036731,-0.010206,0.011678,0.034173
74.438373,-0.004318,0.017503,0.006910,-0.006128,0.014785,0.008338,-0.009577,0.006986,0.032479,-0.006869,0.004688,0.032681
74.499089,-0.005476,0.011980,0.010632,-0.001180,0.014785,0.015620,-0.006316,0.003236,0.026176,-0.008050,0.005713,0.031253
74.559806,-0.005063,0.012166,0.012024,-0.002398,0.014968,0.017839,-0.002108,-0.000181,0.022331,-0.005951,0.003618,0.024967
74.620522,-0.008871,0.012778,0.007862,-0.004710,0.015175,0.009272,-0.003999,0.000755,0.022832,-0.006883,0.004964,0.025485
74.681239,-0.006926,0.013398,0.005640,-0.004049,0.016113,0.012007,-0.000993,-0.002092,0.017006,-0.003839,0.001365,0.017574
74.741955,-0.003667,0.014311,0.014992,-0.002291,0.012983,0.010906,0.002917,0.003521,0.013161,0.000714,0.012418,0.014024
74.802672,0.000347,0.011951,0.012914,-0.001115,0.011219,0.009211,-0.000567,0.017451,0.012990,-0.002783,0.027220,0.016327
74.863388,0.000616,0.003669,0.012122,-0.000892,-0.000084,0.008670,-0.000257,0.019357,0.005427,-0.000496,0.019791,0.007816
74.924104,-0.003329,0.003341,0.008713,-0.002514,0.002431,0.011113,-0.003007,0.021033,0.009914,-0.006802,0.020141,0.017644
74.984821,-0.002697,0.003616,0.009986,-0.002579,0.005470,0.016017,-0.007209,0.024828,0.013913,-0.010836,0.020474,0.019678
75.045537,-0.000920,0.003809,0.018083,-0.002368,0.007846,0.019150,-0.009478,0.025455,0.016910,-0.013967,0.019327,0.025450
75.106254,0.000897,0.000377,0.017789,0.000368,0.005446,0.019497,-0.011578,0.027791,0.020262,-0.012447,0.016125,0.022238
75.166970,-0.000963,0.001094,0.017791,-0.001361,0.005451,0.016901,-0.016988,0.022327,0.025387,-0.013747,0.016576,0.024931
75.227687,-0.006705,0.003652,0.025874,-0.008410,0.008777,0.025323,-0.019656,0.012580,0.027001,-0.018086,0.016902,0.027311
75.288403,-0.001492,0.011619,0.031800,0.000571,0.009114,0.029856,-0.020930,0.015538,0.038544,-0.014521,0.015677,0.032764
75.349120,0.001023,0.009243,0.029964,0.002177,0.006464,0.025491,-0.019864,0.014167,0.036359,-0.016531,0.014931,0.034543
75.409836,-0.000928,0.010860,0.029473,-0.001559,0.010961,0.026832,-0.015428,0.008723,0.037648,-0.012408,0.008684,0.035001
75.470553,-0.001144,0.012787,0.035547,-0.001853,0.014936,0.036306,-0.013916,0.008745,0.035858,-0.013108,0.009926,0.035204
75.531269,-0.001243,0.015892,0.039913,0.000641,0.015464,0.039333,-0.019789,0.012814,0.039779,-0.019982,0.014301,0.035530
75.591985,0.000638,0.014441,0.041524,0.001491,0.011436,0.035026,-0.018139,0.010090,0.035868,-0.017466,0.011302,0.030088
75.652702,0.003566,0.014582,0.039346,-0.002029,0.013760,0.036773,-0.015108,0.009345,0.033948,-0.016817,0.011640,0.028751
75.713418,-0.002075,0.013755,0.038742,-0.002221,0.011943,0.038171,-0.014063,0.005492,0.029494,-0.012043,0.006074,0.027680
75.774135,-0.005286,0.014569,0.045334,-0.004552,0.009868,0.041372,-0.011280,0.005162,0.030490,-0.010652,0.006785,0.031870
75.834851,-0.002862,0.011735,0.043355,-0.003548,0.009716,0.036767,-0.013584,0.015403,0.028571,-0.010930,0.016506,0.030176
75.895568,-0.010850,0.018933,0.035376,-0.014629,0.024018,0.033082,-0.007645,0.015377,0.035579,-0.003612,0.016147,0.041154
75.956284,-0.011737,0.019616,0.030422,-0.010821,0.023685,0.029819,-0.002202,0.011401,0.032784,-0.004764,0.013711,0.036377
76.017001,-0.013416,0.021819,0.028864,-0.010029,0.021097,0.025234,-0.001815,0.012886,0.036684,-0.004749,0.012910,0.036227
76.077717,-0.006875,0.020016,0.030024,-0.002089,0.018966,0.030563,-0.003465,0.013451,0.038854,-0.008955,0.013717,0.036700
76.138434,-0.006192,0.019563,0.022939,-0.001311,0.015473,0.023285,-0.005447,0.016115,0.039517,-0.008528,0.011465,0.034967
76.199150,-0.004278,0.019784,0.017577,-0.001146,0.013001,0.021956,-0.007726,0.016386,0.038464,-0.011030,0.011478,0.036225
76.259866,-0.007608,0.021193,0.015599,-0.005485,0.014196,0.018464,-0.009293,0.010923,0.041903,-0.013427,0.012611,0.038475
76.320583,0.001775,0.009659,0.013963,-0.003042,0.011453,0.016150,-0.012568,0.009097,0.035264,-0.010194,0.010476,0.038498
76.381299,-0.004922,0.008559,0.012961,-0.010928,0.012094,0.014870,-0.015343,0.010904,0.037972,-0.013914,0.011703,0.038044
76.442016,-0.010713,0.012968,0.013369,-0.018221,0.017996,0.013846,-0.016402,0.010620,0.036372,-0.013552,0.010906,0.035321
76.502732,-0.011410,0.011966,0.012516,-0.009618,0.015082,0.020258,-0.015690,0.010100,0.037349,-0.015001,0.011386,0.037342
76.563449,-0.010855,0.013945,0.013562,-0.006558,0.015137,0.016506,-0.015284,0.009327,0.033990,-0.012796,0.008518,0.030778
76.624165,-0.011657,0.020234,0.020387,-0.006466,0.021536,0.026088,-0.015145,0.009802,0.033946,-0.014250,0.009785,0.032813
76.684882,-0.013093,0.021950,0.027908,-0.011752,0.023426,0.032299,-0.012425,0.007217,0.032339,-0.012196,0.007637,0.033496
76.745598,-0.015600,0.023289,0.030429,-0.011565,0.020713,0.030747,-0.014633,0.008925,0.030070,-0.012300,0.008888,0.031338
76.806315,-0.009277,0.024229,0.033360,-0.008895,0.020817,0.030652,-0.015456,0.009834,0.030544,-0.016752,0.011706,0.032980
76.867031,-0.007364,0.022839,0.035670,-0.013916,0.023030,0.029705,-0.016726,0.012082,0.037050,-0.017600,0.014056,0.040378
76.927747,-0.007219,0.021615,0.033436,-0.005971,0.017395,0.029818,-0.016500,0.011723,0.035305,-0.017922,0.013402,0.038945
76.988464,-0.000384,0.022514,0.036924,0.005929,0.018246,0.029038,-0.016386,0.012068,0.036455,-0.014974,0.010615,0.033669
77.049180,0.000256,0.015108,0.031425,0.004419,0.013655,0.028414,-0.015694,0.011933,0.036534,-0.015022,0.011274,0.035237
77.109897,0.006445,0.011118,0.021569,0.005621,0.011535,0.020361,-0.016350,0.012908,0.035803,-0.013733,0.010193,0.034412
77.170613,0.004622,0.010964,0.017681,-0.000219,0.010984,0.015754,-0.015481,0.011204,0.037304,-0.012312,0.008547,0.034172
77.231330,0.005470,0.006909,0.013826,0.001369,0.007357,0.013260,-0.012481,0.010047,0.039304,-0.012562,0.009813,0.038048
77.292046,0.012752,0.001641,0.011612,0.004490,0.004887,0.012691,-0.010646,0.006706,0.032026,-0.011680,0.007865,0.034243
77.352763,0.008776,0.004535,0.007944,0.003187,0.006932,0.011073,-0.011652,0.009069,0.031727,-0.014593,0.011757,0.033617
77.413479,0.005589,0.000289,0.004899,0.008794,0.003932,0.009778,-0.014713,0.009397,0.031112,-0.016596,0.009758,0.028546
77.474196,-0.000894,0.005134,0.001806,-0.002364,0.008986,0.008677,-0.013397,0.008105,0.028731,-0.014478,0.008779,0.027806
77.534912,-0.006927,0.010231,0.004987,-0.008252,0.014936,0.009025,-0.014456,0.008630,0.029850,-0.014781,0.008933,0.030034
77.595628,-0.004948,0.011944,0.008107,-0.008548,0.016104,0.011053,-0.014859,0.011058,0.034155,-0.013715,0.010939,0.036695
77.656345,-0.006656,0.009979,0.007851,-0.007685,0.008702,0.009141,-0.013553,0.007471,0.024180,-0.011855,0.006704,0.026102
77.717061,-0.016145,0.017640,0.009101,-0.016038,0.016687,0.011145,-0.011902,0.007090,0.023395,-0.008803,0.004844,0.023587
77.777778,-0.016460,0.018155,0.011810,-0.013676,0.017093,0.013628,-0.008775,0.002611,0.020093,-0.007914,0.003069,0.020470
77.838494,-0.020802,0.019627,0.010182,-0.010775,0.014122,0.009543,-0.007571,0.005051,0.027390,-0.009567,0.006224,0.028244
77.899211,-0.012319,0.017065,0.015207,-0.006143,0.013551,0.015524,-0.010973,0.006497,0.028641,-0.013618,0.007977,0.029316
77.959927,-0.009450,0.013777,0.020854,-0.007260,0.013985,0.022408,-0.008545,0.005029,0.025263,-0.010693,0.006236,0.026512
78.020644,-0.007741,0.012789,0.020601,-0.005360,0.013960,0.021405,-0.008080,0.003330,0.019928,-0.009793,0.006403,0.026409
78.081360,-0.012700,0.019094,0.023753,-0.012078,0.015814,0.021836,-0.006299,0.005149,0.027247,-0.006224,0.005622,0.028121
78.142077,-0.008004,0.017219,0.027653,-0.012977,0.019752,0.026762,-0.009756,0.005918,0.027010,-0.009140,0.005054,0.024870
78.202793,-0.011826,0.018026,0.030926,-0.016579,0.020674,0.030702,-0.011912,0.007861,0.030946,-0.011200,0.005957,0.027006
78.263509,-0.013582,0.023364,0.034867,-0.015556,0.024460,0.028721,-0.013529,0.010804,0.026183,-0.014460,0.012655,0.026804
78.324226,-0.015594,0.024582,0.029954,-0.012784,0.023526,0.023988,-0.010340,0.009020,0.023626,-0.013068,0.010625,0.024584
78.384942,-0.014109,0.020785,0.021657,-0.010494,0.016649,0.017563,-0.012280,0.008019,0.020477,-0.012970,0.006953,0.018319
78.445659,-0.014150,0.018232,0.020832,-0.008005,0.012518,0.016374,-0.012581,0.008211,0.021572,-0.012036,0.007245,0.021386
78.506375,-0.002131,0.017768,0.019126,0.002633,0.014010,0.015423,-0.014532,0.010408,0.020671,-0.010750,0.009370,0.022842
78.567092,0.001013,0.014859,0.014148,0.003194,0.014237,0.014662,-0.012352,0.009467,0.020066,-0.009707,0.006736,0.019799
78.627808,0.003057,0.011623,0.008831,-0.000781,0.011732,0.013579,-0.010265,0.009342,0.021509,-0.008733,0.007128,0.024970
78.688525,0.004554,0.008103,0.010846,-0.000822,0.012377,0.017843,-0.010404,0.005034,0.015555,-0.012682,0.007560,0.016839
78.749241,-0.000739,0.010806,0.015485,-0.008407,0.017645,0.021780,-0.012533,0.007468,0.019027,-0.014625,0.009956,0.021474
78.809957,-0.004388,0.017162,0.027728,-0.012101,0.020842,0.032937,-0.013053,0.011538,0.026378,-0.014944,0.012117,0.026122
78.870674,-0.001183,0.016967,0.027240,-0.004803,0.015599,0.027991,-0.014581,0.011911,0.025027,-0.015755,0.011898,0.025737
78.931390,-0.001291,0.010371,0.030567,0.005044,0.007241,0.029373,-0.017411,0.013996,0.026648,-0.017686,0.016012,0.028592
78.992107,-0.006108,0.013691,0.037535,-0.001621,0.013470,0.035577,-0.015326,0.014862,0.025760,-0.012337,0.013261,0.023156
79.052823,-0.013910,0.017324,0.051638,-0.015556,0.016203,0.050055,-0.015912,0.013869,0.020428,-0.011657,0.010959,0.020191
79.113540,-0.012189,0.022209,0.053234,-0.010233,0.022794,0.049260,-0.012979,0.013613,0.024702,-0.010916,0.010265,0.019000
79.174256,-0.009288,0.019326,0.056838,-0.011875,0.021943,0.051958,-0.010565,0.011777,0.022906,-0.009832,0.009551,0.020688
79.234973,-0.009002,0.016952,0.049802,-0.014474,0.020956,0.047229,-0.007973,0.007675,0.014861,-0.007481,0.006049,0.014230
79.295689,-0.016516,0.021802,0.057387,-0.017221,0.022480,0.050043,-0.007719,0.007096,0.012594,-0.009429,0.006233,0.013050
79.356406,-0.022863,0.025543,0.061158,-0.013777,0.017984,0.052295,-0.004344,0.001393,0.005965,-0.007899,0.003497,0.009162
79.417122,-0.020959,0.023059,0.064352,-0.014013,0.018586,0.058386,-0.004950,-0.001256,0.001301,-0.005358,-0.000460,0.001082
79.477838,-0.006836,0.018850,0.051922,-0.005696,0.014403,0.050901,-0.006735,-0.000424,0.006411,-0.008572,0.001147,0.009685
79.538555,-0.005841,0.013141,0.052895,-0.000953,0.013362,0.051299,-0.003617,-0.005060,-0.002360,-0.004082,-0.004076,-0.001684
79.599271,-0.002513,0.014801,0.052380,0.000208,0.016722,0.052868,-0.003349,-0.007165,-0.008438,-0.003990,-0.004868,-0.004369
79.659988,0.001171,0.014040,0.046914,0.000350,0.015713,0.040304,-0.003675,-0.007380,-0.008157,-0.003264,-0.005787,-0.005422
79.720704,0.007907,0.013412,0.045664,0.004068,0.017407,0.042753,-0.001680,-0.007111,-0.011506,-0.003262,-0.002860,-0.007359
79.781421,0.008048,0.011340,0.044413,0.003453,0.011025,0.044713,-0.001687,-0.005923,-0.006147,-0.002976,-0.002114,0.000337
79.842137,0.016511,0.011066,0.040099,0.011620,0.012635,0.046280,-0.002133,-0.003360,0.002368,-0.002043,-0.001362,0.005944
79.902854,0.013027,0.011098,0.042971,0.009932,0.009687,0.045236,0.002124,-0.004169,-0.000260,0.000040,-0.000706,0.009895
79.963570,0.008513,0.016845,0.047307,0.005230,0.017635,0.052838,-0.000835,0.000582,0.010631,-0.001336,0.001094,0.013732
80.024287,0.013479,0.007823,0.044723,0.012107,0.007510,0.050482,-0.002333,0.002677,0.016944,-0.003889,0.002201,0.016801
80.085003,0.016564,0.006250,0.042714,0.014187,0.006140,0.035582,-0.005035,0.005518,0.022243,-0.006966,0.003845,0.018933
80.145719,0.015748,0.002505,0.029856,0.013996,0.004506,0.020975,-0.001956,0.003318,0.028325,-0.001914,0.001766,0.020639
80.206436,0.015826,0.000774,0.012127,0.011504,-0.001719,0.002469,-0.003940,0.005955,0.027550,-0.004675,0.005279,0.021651
80.267152,0.006032,-0.002302,0.008901,0.004349,-0.001866,0.007968,-0.009482,0.010192,0.027420,-0.011161,0.010484,0.022813
80.327869,0.002216,0.002900,-0.002316,-0.001227,0.005368,-0.001116,-0.012237,0.010274,0.026138,-0.011111,0.008885,0.021595
80.388585,0.006036,-0.006134,-0.018278,0.001651,0.001533,-0.006591,-0.013574,0.010530,0.027021,-0.012129,0.009126,0.024329
80.449302,-0.002025,0.001350,-0.024419,-0.002041,0.005106,-0.005658,-0.013076,0.011714,0.031429,-0.011827,0.010284,0.031450
80.510018,-0.004219,0.004229,-0.010271,-0.000203,0.008247,0.010477,-0.012224,0.011338,0.031726,-0.012122,0.009785,0.031067
80.570735,-0.006046,0.004881,-0.004624,-0.000074,0.007105,0.008797,-0.019892,0.014853,0.033803,-0.016776,0.011438,0.033255
80.631451,-0.010285,0.008604,0.003223,-0.005687,0.005572,0.003712,-0.018599,0.012949,0.033119,-0.014753,0.010351,0.030785
80.692168,-0.001814,0.009310,-0.002469,0.002456,0.004954,0.000994,-0.013284,0.008051,0.034233,-0.011782,0.007684,0.031681
80.752884,-0.001616,0.010788,0.002607,-0.002465,0.012894,0.000410,-0.013643,0.008675,0.034659,-0.012112,0.007520,0.029286
80.813600,-0.002114,0.013280,0.007685,-0.000036,0.011043,0.001740,-0.013155,0.009289,0.035077,-0.012245,0.008893,0.031066
80.874317,-0.003302,0.012453,0.008257,-0.005054,0.011556,0.001807,-0.013575,0.009152,0.032693,-0.012509,0.009906,0.033501
80.935033,-0.003200,0.009460,-0.002458,-0.002471,0.009217,0.001448,-0.013998,0.010044,0.034424,-0.013260,0.010731,0.035132
80.995750,-0.003375,0.010495,-0.000329,-0.002132,0.009329,0.004554,-0.010227,0.008742,0.033878,-0.012407,0.010372,0.035743
81.056466,0.001249,0.011072,0.005111,-0.000861,0.008159,0.007934,-0.010378,0.008947,0.036347,-0.011469,0.009786,0.036232
81.117183,-0.008086,0.014141,0.011037,-0.006752,0.011321,0.012668,-0.011201,0.009492,0.036765,-0.010307,0.007994,0.036623
81.177899,-0.008856,0.011841,0.014377,-0.010910,0.014768,0.014425,-0.008623,0.009213,0.038208,-0.007322,0.007378,0.035260
81.238616,-0.007818,0.009432,0.016433,-0.005339,0.009169,0.015831,-0.011263,0.012025,0.035961,-0.012110,0.012716,0.032700
81.299332,-0.006057,0.009402,0.021881,-0.006829,0.010015,0.020707,-0.011554,0.010571,0.030777,-0.012808,0.010929,0.027551
81.360049,-0.012499,0.017944,0.026394,-0.012911,0.019943,0.022886,-0.011390,0.010494,0.031236,-0.013269,0.011442,0.031015
81.420765,-0.012388,0.016547,0.023969,-0.010329,0.015955,0.018309,-0.010411,0.011337,0.032006,-0.011044,0.012120,0.033526
81.481481,-0.009095,0.017113,0.024365,-0.002808,0.014251,0.019493,-0.012763,0.013547,0.037180,-0.013671,0.014279,0.041703
81.542198,-0.004764,0.013689,0.019850,-0.002246,0.011401,0.015595,-0.013284,0.013037,0.031310,-0.012798,0.010875,0.032782
81.602914,-0.003971,0.013621,0.022469,-0.006195,0.014737,0.020432,-0.015362,0.013953,0.033179,-0.012225,0.010965,0.034803
81.663631,-0.001907,0.011213,0.022865,0.001323,0.005774,0.021192,-0.010856,0.011061,0.036641,-0.009723,0.011537,0.037181
81.724347,-0.000915,0.010922,0.018414,-0.000112,0.006891,0.018764,-0.009166,0.009987,0.041872,-0.008533,0.008481,0.038459
81.785064,-0.001569,0.007356,0.017946,-0.008453,0.012452,0.020677,-0.008086,0.008807,0.038376,-0.008337,0.007832,0.034847
81.845780,-0.001446,0.007163,0.017267,-0.006590,0.009691,0.015591,-0.011308,0.008963,0.037982,-0.011609,0.009451,0.036040
81.906497,-0.013983,0.014216,0.015099,-0.017368,0.019114,0.014283,-0.014189,0.012451,0.033183,-0.018157,0.017026,0.036995
81.967213,-0.011045,0.018423,0.019776,-0.009781,0.021181,0.017974,-0.014143,0.014924,0.040048,-0.016322,0.016535,0.038628
82.027930,-0.004496,0.018619,0.019514,-0.003054,0.022836,0.021969,-0.015037,0.014377,0.037202,-0.016296,0.014728,0.035495
82.088646,-0.011621,0.028085,0.022356,-0.006139,0.025505,0.026401,-0.015346,0.012570,0.032142,-0.013413,0.012017,0.030651
82.149362,-0.007862,0.025726,0.026485,-0.000819,0.019373,0.028711,-0.015518,0.013201,0.028285,-0.011725,0.009748,0.027835
82.210079,-0.004592,0.021610,0.028148,-0.004441,0.016675,0.030963,-0.017462,0.015765,0.028652,-0.013612,0.012436,0.026861
82.270795,-0.002586,0.022683,0.034248,-0.000572,0.014572,0.032360,-0.014917,0.014121,0.024542,-0.012265,0.010832,0.023898
82.331512,0.014251,0.009349,0.038377,0.011018,0.004351,0.033478,-0.011034,0.012153,0.021078,-0.013247,0.015375,0.022433
82.392228,0.010338,0.003569,0.026969,0.007450,0.001280,0.017360,-0.007860,0.007109,0.016995,-0.007949,0.008154,0.021260
82.452945,0.006930,-0.000638,0.021548,0.005960,0.001024,0.013888,-0.006200,0.007817,0.019116,-0.007274,0.009015,0.024571
82.513661,0.010262,-0.004937,0.013237,0.005736,0.002037,0.008300,-0.012705,0.014776,0.022908,-0.015302,0.017189,0.027220
82.574378,0.001067,-0.001131,0.005808,-0.004191,0.005927,0.003831,-0.012573,0.015387,0.024728,-0.013052,0.014740,0.027639
82.635094,0.007983,-0.000138,0.006230,0.002543,0.007309,0.011649,-0.010814,0.012877,0.026709,-0.012212,0.012916,0.029477
82.695811,0.010272,-0.001816,0.004540,0.008220,0.004730,0.014543,-0.013355,0.016139,0.030250,-0.014701,0.015783,0.030949
82.756527,0.003421,0.002585,-0.002942,0.008460,0.002639,0.008749,-0.011407,0.010181,0.033285,-0.012470,0.010995,0.032322
82.817243,0.006005,0.005010,0.005092,0.009021,0.003305,0.008825,-0.015277,0.014150,0.035555,-0.012744,0.010205,0.032350
82.877960,0.015810,-0.001908,0.008823,0.020944,-0.007041,0.012283,-0.013972,0.014314,0.034790,-0.009283,0.010886,0.032372
82.938676,0.015141,-0.003872,0.012134,0.016787,-0.007164,0.011652,-0.007266,0.007038,0.031978,-0.007522,0.008500,0.029523
82.999393,0.025177,-0.000077,0.012080,0.018700,0.003878,0.006437,-0.010255,0.008814,0.034576,-0.011012,0.010275,0.033119
83.060109,0.018224,-0.002580,-0.000639,0.011122,0.002165,-0.004073,-0.009743,0.010170,0.037814,-0.009863,0.011242,0.038394
83.120826,0.015721,0.000430,-0.000325,0.011579,0.004829,0.002405,-0.004136,0.006434,0.037327,-0.004973,0.009213,0.037400
83.181542,0.017363,0.002513,0.003574,0.013446,0.005635,0.004498,-0.008284,0.010281,0.041626,-0.010494,0.011124,0.043503
83.242259,0.019152,0.002424,0.002540,0.015514,0.005578,0.003976,-0.008150,0.009811,0.039287,-0.010975,0.009652,0.038020
83.302975,0.016607,0.007972,-0.005088,0.022576,0.002544,-0.002276,-0.012458,0.011018,0.044669,-0.013901,0.012132,0.044442
83.363692,0.011512,0.011720,-0.006123,0.010958,0.005751,-0.001443,-0.012277,0.012381,0.048372,-0.010962,0.011406,0.044364
83.424408,0.007162,0.009233,-0.002223,0.007947,0.010729,0.001420,-0.009201,0.010848,0.046220,-0.009458,0.010454,0.041979
83.485124,0.006172,0.008945,0.006495,0.001134,0.007242,0.004118,-0.008790,0.008843,0.040141,-0.008043,0.008578,0.036971
83.545841,-0.001374,0.011234,0.012161,-0.006975,0.012096,0.016890,-0.011527,0.009680,0.039997,-0.007349,0.008253,0.036061
83.606557,-0.003423,0.011313,0.014618,-0.004265,0.011558,0.019527,-0.006354,0.006059,0.032848,-0.005154,0.005287,0.032422
83.667274,-0.006529,0.009321,0.024060,-0.003005,0.007527,0.029218,-0.002134,0.004218,0.030434,-0.000795,0.002405,0.025776
83.727990,-0.017071,0.017447,0.040345,-0.006997,0.015481,0.040716,-0.001788,0.003886,0.028181,-0.005271,0.005870,0.031492
83.788707,-0.010352,0.010063,0.035134,-0.003294,0.005763,0.025655,-0.001876,0.003235,0.028090,-0.004182,0.005483,0.033877
83.849423,-0.010521,0.005313,0.041377,-0.003692,0.004088,0.031839,0.001920,-0.000918,0.028087,0.001281,-0.000098,0.033585
83.910140,-0.011942,0.007579,0.039533,-0.010166,0.005103,0.025872,0.000959,0.005070,0.028219,-0.000798,0.008520,0.030442
83.970856,-0.007057,0.003759,0.029559,-0.009176,0.005035,0.020330,-0.000488,0.006252,0.029092,-0.003579,0.009862,0.032059
84.031573,-0.010202,0.011437,0.025549,-0.010429,0.016659,0.016665,-0.005411,0.010767,0.036575,-0.009030,0.012895,0.039697
84.092289,-0.011880,0.015753,0.020443,-0.010285,0.017651,0.019779,-0.008374,0.012798,0.040923,-0.008043,0.011334,0.037683
84.153005,-0.014251,0.008521,0.002969,-0.016141,0.013454,0.008701,-0.007680,0.010679,0.037655,-0.010099,0.010048,0.036442
84.213722,-0.016154,0.019330,0.018964,-0.013273,0.019275,0.022436,-0.011551,0.012503,0.037343,-0.013463,0.011379,0.037401
84.274438,-0.017789,0.023592,0.014167,-0.013964,0.020865,0.022548,-0.014824,0.016200,0.038768,-0.010727,0.009794,0.038399
84.335155,-0.020955,0.028970,0.020550,-0.022815,0.026053,0.027376,-0.012227,0.010099,0.040055,-0.006769,0.007892,0.036095
84.395871,-0.020937,0.032074,0.026070,-0.019271,0.026140,0.029260,-0.011622,0.010225,0.039048,-0.007507,0.009536,0.035171
84.456588,-0.017816,0.021515,0.031040,-0.014136,0.018761,0.030768,-0.006349,0.006240,0.032304,-0.004790,0.007055,0.032745
84.517304,-0.019488,0.018629,0.030515,-0.015592,0.015292,0.030326,-0.008845,0.007302,0.036284,-0.008147,0.008149,0.037693
84.578021,-0.016615,0.019190,0.039681,-0.016364,0.012352,0.029972,-0.004370,0.002969,0.037843,-0.003917,0.001433,0.038632
84.638737,-0.016358,0.013111,0.028628,-0.013091,0.009882,0.023978,-0.003527,0.002252,0.037608,-0.007336,0.003484,0.038825
84.699454,-0.011915,0.011352,0.027841,-0.007599,0.010888,0.022680,-0.002837,0.002535,0.036054,-0.004860,0.003874,0.037362
84.760170,-0.000977,0.005437,0.026209,-0.002410,0.009791,0.025196,-0.005086,0.003566,0.037812,-0.005224,0.004600,0.037727
84.820886,0.002647,-0.001314,0.021290,0.002128,0.003679,0.020630,-0.004781,0.003189,0.040495,-0.005844,0.006374,0.040233
84.881603,0.001733,0.000223,0.016033,0.001703,0.002944,0.016504,-0.005762,0.004447,0.041220,-0.004834,0.006287,0.037810
84.942319,-0.004380,0.005892,0.012291,-0.011479,0.010574,0.013676,-0.004303,0.004164,0.038311,-0.006139,0.007139,0.037671
85.003036,-0.001602,0.005807,0.008211,-0.009183,0.008460,0.010941,-0.004855,0.007390,0.037557,-0.003083,0.005141,0.037561
85.063752,-0.001602,0.005807,0.008211,-0.007347,0.006768,0.008753,-0.002747,0.006335,0.035795,-0.003718,0.004973,0.035501
85.124469,-0.006402,0.007007,0.005713,-0.009725,0.010076,0.007002,-0.004641,0.006687,0.036066,-0.004616,0.005559,0.035082
85.185185,-0.012745,0.010640,0.000676,-0.012990,0.014229,0.005602,-0.014982,0.012519,0.034484,-0.019507,0.014112,0.033689
85.245902,-0.012621,0.014780,0.004234,-0.006162,0.013026,0.009936,-0.013880,0.011264,0.032259,-0.015727,0.012226,0.033887
85.306618,-0.016188,0.017423,0.007293,-0.009924,0.014121,0.012232,-0.014082,0.010873,0.032213,-0.013024,0.010422,0.032667
85.367335,-0.007656,0.012862,0.010539,-0.008836,0.013131,0.014803,-0.015400,0.011518,0.031682,-0.014537,0.011349,0.032815
85.428051,-0.010528,0.016574,0.014123,-0.011089,0.015701,0.016859,-0.017831,0.013717,0.032933,-0.013203,0.011589,0.035427
85.488767,-0.016094,0.017731,0.017706,-0.016664,0.014181,0.018504,-0.015711,0.011451,0.030542,-0.008847,0.006958,0.030446
85.549484,-0.014257,0.014128,0.020953,-0.014606,0.010962,0.019348,-0.011363,0.009089,0.031155,-0.002633,0.003841,0.031897
85.610200,-0.014901,0.011634,0.034559,-0.017798,0.011446,0.034528,-0.001857,0.003847,0.034965,-0.004612,0.005398,0.036474
85.670917,-0.018103,0.011942,0.033714,-0.014491,0.011231,0.031893,-0.002268,0.002929,0.032996,-0.004386,0.003970,0.033359
85.731633,-0.017348,0.009545,0.032700,-0.015530,0.009329,0.028378,-0.000118,0.000153,0.029572,-0.000941,-0.000069,0.027452
85.792350,-0.014583,0.008832,0.034116,-0.009449,0.008300,0.029702,-0.001986,0.001051,0.032665,-0.007486,0.004213,0.032972
85.853066,-0.009792,0.008372,0.033779,-0.004872,0.011192,0.028307,-0.004821,0.000196,0.028317,-0.011532,0.004683,0.029465
85.913783,-0.006579,0.006336,0.031371,-0.007192,0.007724,0.024292,-0.005378,0.001910,0.030412,-0.008289,0.003833,0.028610
85.974499,-0.002706,0.008540,0.031175,-0.001608,0.008882,0.023704,-0.006882,0.002355,0.027112,-0.004292,0.001965,0.025808
86.035216,0.004120,0.003737,0.018238,0.002158,0.003058,0.019900,-0.003841,0.003979,0.021491,-0.001682,0.006170,0.023733
86.095932,-0.002454,0.001778,0.013378,-0.007730,0.001778,0.013387,-0.004094,0.006541,0.022104,-0.002396,0.008175,0.024025
86.156648,-0.004141,0.005921,0.011963,-0.012483,0.007566,0.011592,-0.010190,0.009876,0.022228,-0.007884,0.007963,0.020157
86.217365,-0.002134,0.006023,0.007593,-0.004201,0.007033,0.010156,-0.003361,0.005608,0.016030,-0.003479,0.004665,0.018460
86.278081,-0.004435,0.002814,0.007800,-0.003896,0.005685,0.012958,0.001771,0.005121,0.018992,-0.001142,0.004362,0.022002
86.338798,-0.000396,0.003433,0.007667,-0.000755,0.004185,0.011828,0.002325,0.004900,0.018329,0.000799,0.003267,0.021712
86.399514,-0.001221,0.004713,0.011669,0.002386,0.007843,0.019336,-0.001527,0.007477,0.021732,-0.002415,0.005119,0.025053
86.460231,0.002283,0.006361,0.013096,0.010258,0.004534,0.018404,-0.003145,0.006302,0.027039,-0.002445,0.007048,0.030559
86.520947,0.004871,0.003098,0.018359,0.002374,-0.001610,0.019557,-0.005016,0.007187,0.033360,-0.005625,0.010117,0.038335
86.581664,0.006376,0.003116,0.020532,-0.002294,0.004882,0.019571,-0.000655,0.007925,0.039726,-0.004363,0.010550,0.040518
86.642380,-0.000116,0.000345,0.022516,-0.005138,0.001006,0.019316,-0.004653,0.009956,0.043163,-0.006260,0.009577,0.039560
86.703097,-0.001653,0.008381,0.021677,-0.006798,0.012114,0.019113,-0.006655,0.010470,0.043545,-0.006169,0.009012,0.039417
86.763813,-0.007780,0.006847,0.023247,-0.011654,0.007180,0.018950,-0.007077,0.011650,0.047204,-0.003813,0.008639,0.040766
86.824529,-0.014046,0.008308,0.028728,-0.015106,0.012285,0.032707,-0.004608,0.011548,0.049405,-0.002647,0.009274,0.043379
86.885246,-0.020804,0.013067,0.027248,-0.013197,0.014750,0.027028,-0.008318,0.010258,0.045703,-0.007826,0.008567,0.040036
86.945962,-0.012088,0.017648,0.030754,-0.004186,0.012975,0.031364,-0.006830,0.007309,0.040316,-0.007847,0.007203,0.038376
87.006679,-0.008017,0.016107,0.037457,-0.001843,0.014393,0.038401,-0.005799,0.008702,0.038830,-0.004697,0.010168,0.038469
87.067395,-0.013245,0.020650,0.042552,-0.012097,0.014976,0.041514,-0.006250,0.009049,0.038012,-0.007158,0.009758,0.036776
87.128112,-0.004745,0.011525,0.047648,-0.000465,0.010514,0.044004,-0.005961,0.008775,0.036005,-0.006483,0.008773,0.034380
87.188828,0.000030,0.015248,0.051992,0.000097,0.011113,0.044945,-0.005760,0.008973,0.033696,-0.003783,0.008725,0.033504
87.249545,0.001586,0.012076,0.053202,-0.003526,0.010990,0.055196,-0.001482,0.006162,0.031294,0.003366,0.005407,0.034207
87.310261,-0.001795,0.012889,0.058510,-0.008667,0.014852,0.052451,0.002034,0.007681,0.035382,0.001908,0.007601,0.038422
87.370978,-0.007336,0.009971,0.048162,-0.008319,0.008973,0.037216,0.002401,0.008693,0.037381,0.000453,0.007846,0.039882
87.431694,-0.005566,0.009912,0.042613,-0.002672,0.011108,0.035314,0.001245,0.007577,0.039443,0.000326,0.009120,0.042561
87.492410,-0.000850,0.009490,0.040073,-0.006157,0.011757,0.035488,0.002732,0.009979,0.041848,-0.001058,0.012282,0.043416
87.553127,-0.012315,0.015664,0.037532,-0.011764,0.016582,0.035627,0.004811,0.006730,0.045916,0.001307,0.006245,0.045388
87.613843,-0.014883,0.014078,0.035743,-0.012537,0.013747,0.035738,0.001249,0.008177,0.047727,-0.002539,0.008728,0.044846
87.674560,-0.009733,0.016309,0.026811,-0.006425,0.016220,0.035326,-0.002913,0.010661,0.049555,-0.001465,0.008887,0.045839
87.735276,-0.010896,0.017735,0.025698,-0.012613,0.021033,0.034996,-0.004581,0.014269,0.048774,-0.004292,0.015435,0.046634
87.795993,-0.019310,0.025373,0.037233,-0.023256,0.024610,0.039401,-0.004351,0.013372,0.046712,-0.004184,0.012858,0.043565
87.856709,-0.019603,0.018838,0.032342,-0.015031,0.014470,0.030215,-0.005423,0.009224,0.045197,-0.004886,0.007323,0.043388
87.917426,-0.020992,0.017492,0.036007,-0.017990,0.012561,0.036540,-0.006676,0.007979,0.048166,-0.006981,0.009101,0.048233
87.978142,-0.020551,0.017324,0.040202,-0.020612,0.016991,0.042342,-0.007077,0.013368,0.052058,-0.003992,0.011245,0.054690
88.038859,-0.020609,0.019060,0.043526,-0.019697,0.016505,0.045763,-0.005669,0.012381,0.050840,-0.004808,0.011345,0.050583
88.099575,-0.023054,0.014140,0.047208,-0.015575,0.011538,0.048500,-0.006979,0.011944,0.046976,-0.005114,0.010370,0.045019
88.160291,-0.020558,0.009225,0.050889,-0.016439,0.010407,0.050690,-0.005264,0.007485,0.046726,-0.004810,0.010379,0.045628
88.221008,-0.013094,0.002117,0.051236,-0.015867,0.006157,0.052441,-0.001961,0.005392,0.045599,0.000025,0.005883,0.041182
88.281724,-0.015291,0.009199,0.054925,-0.012197,0.009622,0.045812,-0.002792,0.009809,0.045946,-0.002681,0.007926,0.041968
88.342441,-0.011110,0.006580,0.045034,-0.009869,0.005017,0.035170,-0.002822,0.009454,0.042981,-0.005259,0.009087,0.042946
88.403157,-0.002797,0.001858,0.035721,-0.002476,0.004345,0.028207,-0.002115,0.005514,0.037923,-0.001625,0.005718,0.043379
88.463874,0.000579,0.001447,0.029307,-0.000463,0.005813,0.025476,-0.004080,0.006776,0.039488,-0.005665,0.008690,0.043725
88.524590,-0.000676,-0.000710,0.016894,-0.001945,-0.000036,0.014892,-0.006117,0.007344,0.043644,-0.008652,0.009041,0.045351
88.585307,-0.004627,-0.000254,0.011332,-0.011066,0.001786,0.016017,-0.004650,0.010326,0.043776,-0.005586,0.013490,0.046078
88.646023,-0.000293,0.005855,0.007933,-0.005500,0.007813,0.019945,-0.005615,0.011084,0.047431,-0.001947,0.009434,0.046660
88.706740,-0.003187,0.005225,0.012411,-0.007956,0.010066,0.026084,-0.004705,0.008562,0.044846,-0.002986,0.007235,0.042731
88.767456,-0.005996,0.008986,0.014314,-0.010408,0.010636,0.022052,-0.004845,0.008290,0.044273,-0.005699,0.008154,0.042754
88.828172,-0.011651,0.010779,0.012299,-0.010825,0.011352,0.014891,-0.008727,0.010453,0.041097,-0.007410,0.008000,0.038780
88.888889,-0.016651,0.009824,0.011151,-0.014141,0.010080,0.013216,-0.004196,0.007678,0.038513,-0.003950,0.006630,0.036427
88.949605,-0.015272,0.012537,0.013638,-0.010957,0.007177,0.008566,-0.001414,0.005433,0.034964,-0.003386,0.004251,0.034544
89.010322,-0.008479,0.011241,0.010707,-0.008766,0.005741,0.006853,-0.001258,0.002123,0.035149,-0.001155,0.005023,0.037692
89.071038,-0.012515,0.005564,0.005613,-0.009311,0.003030,0.005482,-0.006461,0.005498,0.034149,-0.005686,0.007386,0.038550
89.131755,-0.015331,0.005949,-0.001621,-0.014946,0.006778,0.004386,-0.004660,0.005495,0.035440,-0.003455,0.005592,0.038051
89.192471,-0.010020,0.008029,-0.001536,-0.008565,0.010918,0.004812,-0.002926,0.009461,0.035316,-0.003647,0.012391,0.038838
89.253188,-0.010550,0.007797,0.005821,-0.010093,0.011252,0.011400,-0.003098,0.008633,0.035251,-0.006010,0.010231,0.035554
89.313904,-0.012985,0.012689,0.010593,-0.016964,0.016849,0.017103,-0.005045,0.009409,0.037395,-0.005555,0.009501,0.036848
89.374621,-0.020132,0.018409,0.017419,-0.023222,0.020601,0.021233,-0.005340,0.008353,0.039533,-0.005083,0.005070,0.037876
89.435337,-0.022878,0.020318,0.021749,-0.022422,0.019152,0.023048,-0.008153,0.009633,0.042452,-0.006452,0.007470,0.044442
89.496053,-0.022248,0.022364,0.024238,-0.019353,0.016623,0.021922,-0.001295,0.010171,0.046254,-0.000321,0.010098,0.049274
89.556770,-0.020083,0.019076,0.029631,-0.019949,0.013050,0.025088,-0.004874,0.011509,0.044375,-0.004174,0.009634,0.044000
89.617486,-0.019750,0.017599,0.030944,-0.012102,0.013867,0.023212,-0.004248,0.009914,0.052863,-0.003345,0.013392,0.055480
89.678203,-0.018499,0.016963,0.025886,-0.011171,0.012722,0.019039,0.000478,0.008484,0.052887,0.000847,0.009029,0.048901
89.738919,-0.013808,0.013182,0.019598,-0.011259,0.012731,0.014411,0.003865,0.018018,0.056683,0.004672,0.021887,0.052841
89.799636,-0.004026,0.010988,0.017362,-0.004963,0.014235,0.015949,0.001878,0.021763,0.055721,0.000318,0.020223,0.049323
89.860352,0.003017,0.011166,0.013518,0.002045,0.014309,0.013440,0.002598,0.017148,0.050655,-0.001123,0.013130,0.046508
89.921069,0.006344,0.010430,0.017588,0.004879,0.011718,0.019934,0.001416,0.015117,0.048564,0.002287,0.011783,0.047998
89.981785,0.007187,0.011285,0.011389,0.000617,0.010323,0.014819,0.003816,0.014672,0.050187,0.001273,0.010359,0.045251
90.042502,0.000899,0.008748,0.010863,-0.004452,0.008134,0.014260,0.002830,0.011399,0.040728,-0.000370,0.009389,0.043239
90.103218,-0.001744,0.007121,0.006229,-0.008752,0.005857,0.005389,-0.000703,0.013250,0.042529,-0.001717,0.008419,0.041629
90.163934,0.000080,0.008012,0.007735,-0.006769,0.008486,0.005600,0.001516,0.002820,0.037624,0.005726,0.006798,0.040156
90.224651,0.000245,0.007116,0.009704,-0.001141,0.009585,0.011656,0.000049,0.003437,0.039848,-0.000893,0.009014,0.042288
90.285367,-0.003698,0.005663,0.007232,-0.000418,0.008554,0.006545,0.000195,0.005608,0.038086,-0.001886,0.007203,0.038414
90.346084,0.003417,0.007768,0.001594,0.012870,0.010062,0.006524,-0.002733,0.005130,0.034692,-0.002423,0.006372,0.036771
90.406800,0.010759,0.006946,0.001819,0.017289,0.007847,0.004406,-0.000200,0.003570,0.031947,0.001050,0.003846,0.032427
90.467517,0.014192,0.006284,0.008403,0.013692,0.005227,0.015148,-0.002070,0.006071,0.035841,-0.003165,0.007681,0.038432
90.528233,0.019453,0.009108,0.009913,0.013128,0.007485,0.008214,-0.001179,0.006203,0.035770,-0.002706,0.007236,0.037684
90.588950,0.016585,0.005372,0.008263,0.006720,0.004558,0.005549,-0.007111,0.006803,0.034195,-0.003370,0.006692,0.034794
90.649666,0.019785,0.005229,0.006582,0.014129,0.006243,0.009262,-0.002603,0.005343,0.031249,-0.001858,0.006885,0.033876
90.710383,0.016825,0.004844,0.009928,0.007655,0.005340,0.009314,-0.003697,0.006846,0.033886,-0.004191,0.007604,0.035374
90.771099,0.005179,0.004036,0.008109,0.003024,0.006359,0.006194,-0.005136,0.008423,0.035281,-0.006281,0.008900,0.036293
90.831815,-0.002281,0.006495,0.002586,-0.001031,0.008329,-0.003592,-0.007646,0.009599,0.037984,-0.005549,0.007515,0.035828
90.892532,-0.004004,0.007077,-0.001479,-0.003376,0.006426,0.003060,-0.003406,0.007511,0.034979,-0.002510,0.007694,0.036947
90.953248,-0.003791,0.008335,0.006381,-0.000229,0.010205,0.009547,-0.002174,0.006610,0.035933,-0.000456,0.005985,0.037831
91.013965,-0.000836,0.010592,0.009971,0.000171,0.009894,0.011641,-0.004295,0.007605,0.038323,-0.004540,0.007084,0.038258
91.074681,-0.002692,0.007633,0.009385,0.006292,0.006370,0.013316,-0.004953,0.006434,0.036635,-0.003715,0.005560,0.034283
91.135398,-0.000277,0.007344,0.012572,0.004766,0.005037,0.017019,-0.003971,0.005918,0.035310,-0.004302,0.005822,0.033845
91.196114,0.000679,0.007423,0.017709,0.002052,0.006228,0.019549,-0.000810,0.003711,0.032960,-0.001944,0.004384,0.031780
91.256831,0.003071,0.006960,0.028361,0.001539,0.007575,0.022006,0.000219,0.002987,0.031810,-0.000639,0.002888,0.030607
91.317547,0.002561,0.006006,0.022731,-0.002034,0.004488,0.015656,-0.003875,0.004098,0.029252,-0.004313,0.005547,0.029189
91.378264,-0.000200,0.005504,0.019741,-0.003020,0.007952,0.015437,-0.006080,0.004432,0.026049,-0.004986,0.004735,0.027142
91.438980,-0.001471,0.007880,0.013660,-0.003841,0.011417,0.007840,-0.004904,0.002450,0.020567,-0.006518,0.003310,0.022031
91.499696,-0.003197,0.011961,0.010883,0.000665,0.013303,0.006388,-0.003648,0.002448,0.021083,-0.003539,0.002537,0.022024
91.560413,-0.003964,0.014736,0.006418,-0.000809,0.014467,0.005226,-0.007714,0.004784,0.019205,-0.009854,0.006674,0.021409
91.621129,-0.003880,0.009497,0.002885,-0.002291,0.006438,0.005168,-0.010844,0.006729,0.022147,-0.010767,0.007790,0.025948
91.681846,-0.007608,0.010199,0.002531,-0.007154,0.008726,0.010005,-0.012994,0.008492,0.023141,-0.010707,0.008080,0.027335
91.742562,-0.007059,0.016731,0.011185,-0.008221,0.014553,0.018172,-0.010931,0.006448,0.023693,-0.009479,0.006840,0.027344
91.803279,-0.003828,0.012714,0.006876,-0.003446,0.010381,0.011417,-0.009013,0.005796,0.023064,-0.006435,0.004856,0.024784
91.863995,-0.003508,0.014043,0.018759,-0.003734,0.015220,0.021260,-0.012913,0.009600,0.031868,-0.013136,0.008732,0.032471
91.924712,-0.011415,0.016767,0.022319,-0.010318,0.020159,0.022108,-0.014382,0.013521,0.033423,-0.010890,0.012365,0.032553
91.985428,-0.011318,0.017270,0.033455,-0.009459,0.020655,0.033391,-0.008086,0.009754,0.033541,-0.006921,0.009263,0.029997
92.046145,-0.009488,0.020775,0.030181,-0.006650,0.016296,0.023116,-0.006180,0.009581,0.032265,-0.005752,0.009619,0.031033
92.106861,-0.003299,0.020447,0.025920,-0.001976,0.016154,0.018399,-0.007301,0.010223,0.033542,-0.008265,0.010442,0.033190
92.167577,-0.002807,0.017266,0.025916,-0.003389,0.016042,0.024882,-0.008730,0.011138,0.033705,-0.009525,0.010009,0.032257
92.228294,-0.004167,0.019614,0.035637,-0.001485,0.014859,0.030395,-0.008496,0.012829,0.036652,-0.006145,0.009760,0.032840
92.289010,-0.007348,0.015109,0.032947,-0.006619,0.012496,0.032676,-0.005698,0.012268,0.035053,-0.008986,0.011870,0.036677
92.349727,0.002565,0.008180,0.035276,0.001252,0.008279,0.034501,-0.006941,0.008065,0.036330,-0.009310,0.008991,0.037705
92.410443,0.006124,0.005985,0.025607,0.004780,0.008078,0.029769,-0.013286,0.014868,0.039479,-0.014540,0.016087,0.038528
92.471160,0.002165,0.008212,0.034147,-0.000802,0.009352,0.032175,-0.012065,0.014410,0.041269,-0.010138,0.014438,0.040363
92.531876,0.002728,0.007471,0.035260,0.003491,0.009562,0.027204,-0.008542,0.012532,0.042727,-0.006842,0.011667,0.042695
92.592593,0.010079,0.006090,0.026455,0.011276,0.008834,0.019599,-0.006757,0.011460,0.041085,-0.005888,0.009489,0.037563
92.653309,0.007474,0.003633,0.016877,0.006600,0.005653,0.012759,-0.005243,0.008217,0.033594,-0.001114,0.004804,0.026598
92.714026,0.010087,0.007294,0.012643,0.003507,0.010256,0.012639,-0.001465,0.006218,0.031758,0.000327,0.005107,0.029112
92.774742,0.003092,0.008034,0.005431,-0.000440,0.007523,0.008375,-0.001383,0.007003,0.028660,-0.001746,0.004679,0.027316
92.835458,0.004051,0.009549,0.002642,0.004769,0.009595,0.004964,0.002982,0.001152,0.025687,-0.002376,0.004446,0.026055
92.896175,0.003133,0.010633,-0.004569,-0.002095,0.012084,0.002235,0.001611,0.001027,0.021749,-0.002327,0.004949,0.024871
92.956891,-0.004789,0.011562,0.000794,-0.008634,0.013047,0.010761,0.000815,0.001431,0.020792,-0.001709,0.004642,0.028962
93.017608,-0.010906,0.007049,0.006151,-0.006989,0.005305,0.013944,0.000314,0.002889,0.023085,-0.002483,0.005911,0.029787
93.078324,-0.006116,0.005864,0.011226,-0.001306,0.001170,0.015340,-0.002053,0.005699,0.030792,-0.001703,0.005875,0.031167
93.139041,-0.007871,-0.001095,0.011131,-0.005275,-0.003073,0.014571,-0.003216,0.006781,0.030091,-0.001772,0.007479,0.031786
93.199757,-0.005780,-0.000389,0.010308,-0.004538,-0.002151,0.008768,-0.000722,0.006821,0.032630,0.000066,0.006632,0.033010
93.260474,-0.010024,-0.001273,0.015755,-0.004451,0.000617,0.012905,-0.001003,0.007506,0.035060,-0.001319,0.006968,0.034011
93.321190,-0.005240,-0.002857,0.017458,-0.002774,0.002684,0.010971,-0.002451,0.006391,0.037599,-0.003509,0.005405,0.034790
93.381906,-0.006885,-0.000647,0.012674,-0.011480,0.008621,0.011052,-0.003902,0.009116,0.036539,-0.004685,0.008822,0.035413
93.442623,-0.009306,0.003700,0.010348,-0.012655,0.007850,0.010922,-0.000869,0.008713,0.038311,-0.000619,0.008691,0.037429
93.503339,-0.011966,0.006472,0.006024,-0.009563,0.007087,0.006868,0.000867,0.006999,0.037324,0.002219,0.005699,0.035899
93.564056,-0.004588,0.011233,0.008873,-0.001551,0.008327,0.011782,-0.001307,0.007217,0.037749,-0.001678,0.007643,0.036167
93.624772,-0.004537,0.011861,0.014261,-0.001487,0.007847,0.014079,-0.001767,0.007147,0.036383,-0.000503,0.006665,0.034603
93.685489,-0.005748,0.011495,0.011490,-0.003706,0.008103,0.013275,-0.001168,0.005686,0.033745,-0.000935,0.004949,0.031592
93.746205,-0.005492,0.009497,0.010208,-0.001820,0.005876,0.009472,0.002458,0.005971,0.032107,0.001874,0.004190,0.030562
93.806922,0.001126,0.002290,0.006987,-0.001451,0.001085,0.005344,-0.001771,0.007093,0.030742,-0.006299,0.009420,0.030119
93.867638,0.002455,0.002286,0.007018,-0.002772,0.001816,0.006399,-0.005248,0.006731,0.027765,-0.006777,0.008663,0.029026
93.928355,-0.001844,0.004762,0.013953,-0.007675,0.005726,0.012959,-0.005140,0.006648,0.026681,-0.002557,0.005560,0.027660
93.989071,-0.006212,0.005065,0.013448,-0.006155,0.007662,0.015947,-0.001261,0.004194,0.025155,-0.000068,0.004097,0.027438
94.049787,-0.005882,0.006034,0.013950,-0.004709,0.008672,0.018114,-0.004238,0.004078,0.024883,-0.003383,0.003665,0.027240
94.110504,-0.007110,0.006207,0.019438,-0.008002,0.009005,0.024187,-0.004080,0.004742,0.025682,-0.003018,0.003479,0.026818
94.171220,-0.007036,0.005828,0.020640,-0.005154,0.006066,0.019883,-0.006547,0.006238,0.025426,-0.003247,0.005109,0.026386
94.231937,-0.007619,0.008236,0.026221,-0.004935,0.004609,0.021486,0.000474,0.002383,0.024967,-0.000566,0.004758,0.026135
94.292653,-0.006651,0.007150,0.024443,-0.004203,0.003114,0.016825,-0.000526,0.002656,0.024021,-0.003590,0.005315,0.024515
94.353370,-0.000675,0.003515,0.021365,-0.000453,0.001676,0.016989,-0.001615,0.004852,0.026605,-0.001532,0.005956,0.027668
94.414086,0.003986,-0.000041,0.019570,0.006148,-0.000555,0.016658,-0.002013,0.009155,0.028270,0.000194,0.010438,0.029776
94.474803,-0.000217,-0.004455,0.016595,-0.000752,-0.004082,0.014519,-0.001351,0.011070,0.029950,-0.002247,0.011418,0.031462
94.535519,-0.003401,-0.000779,0.010522,-0.009294,0.003948,0.012808,-0.005604,0.013689,0.032404,-0.008062,0.013349,0.033632
94.596236,-0.005092,-0.001621,0.012331,-0.008554,0.000843,0.013313,-0.004444,0.010843,0.030079,-0.005658,0.009020,0.028581
94.656952,-0.005038,-0.000673,0.012161,-0.007580,0.001756,0.015992,-0.004956,0.011124,0.031882,-0.003212,0.008281,0.030417
94.717668,-0.005630,0.002251,0.014897,-0.007148,0.004925,0.016259,-0.001150,0.008704,0.029792,-0.000378,0.004745,0.025014
94.778385,-0.005881,0.002293,0.014851,-0.003160,0.003185,0.016473,-0.004937,0.008383,0.025682,-0.004265,0.005051,0.022313
94.839101,-0.010531,0.003648,0.012660,-0.002528,0.002548,0.013178,-0.006786,0.004446,0.022251,-0.004580,0.004202,0.020688
94.899818,-0.009084,0.004203,0.007447,-0.005667,-0.000823,0.004437,-0.004344,0.001686,0.018236,-0.002648,0.002565,0.018571
94.960534,-0.004773,-0.000056,0.009898,-0.007190,0.000593,0.008174,0.001587,-0.001741,0.013836,-0.000080,0.001469,0.017159
95.021251,-0.005380,0.002564,0.012580,-0.007721,0.001827,0.013360,0.000430,-0.000728,0.014283,-0.000892,0.000935,0.016029
95.081967,-0.005519,0.003765,0.012908,-0.007108,0.004225,0.016488,-0.000415,-0.001253,0.010533,-0.000582,0.001077,0.015126
95.142684,-0.007975,0.001631,0.010238,-0.010209,0.003913,0.012919,-0.001194,0.001177,0.012074,0.000636,0.002384,0.014938
95.203400,-0.009803,0.002171,0.007763,-0.008167,0.003130,0.010335,0.001645,-0.000088,0.011053,0.000521,0.001391,0.012823
95.264117,-0.009121,0.004637,0.010512,-0.005580,0.005957,0.012117,0.001180,0.000603,0.012566,-0.001403,0.002241,0.015214
95.324833,-0.003500,0.005984,0.019052,-0.000238,0.003790,0.015543,0.000017,0.001222,0.014502,-0.001735,0.001863,0.016902
95.385549,-0.000025,0.006213,0.016418,0.002017,0.004604,0.013372,0.000332,0.001997,0.016237,0.001093,0.001993,0.018253
95.446266,-0.001500,0.006443,0.011704,-0.002419,0.005358,0.010918,0.000599,0.001645,0.016721,0.000419,0.000860,0.017581
95.506982,-0.002312,0.003703,0.008230,-0.004004,0.003214,0.009672,-0.003573,0.006223,0.018456,-0.005373,0.007428,0.018796
95.567699,-0.001890,0.004606,0.011914,-0.007134,0.004368,0.012624,-0.001455,0.002694,0.017436,-0.000233,0.002524,0.016446
95.628415,0.002069,0.002881,0.015198,-0.000165,0.001079,0.014695,-0.000261,0.002566,0.018267,0.001497,0.001323,0.015194
95.689132,0.003656,0.004100,0.016558,0.003043,0.006024,0.017511,-0.000790,0.003120,0.016856,-0.001362,0.002963,0.015134
95.749848,-0.000922,0.006195,0.015663,0.000252,0.006775,0.018605,-0.001599,0.004082,0.016716,-0.002835,0.003787,0.016643
95.810565,-0.004846,0.005019,0.018484,-0.003085,0.005346,0.019770,-0.004549,0.005440,0.018971,-0.003917,0.005433,0.021203
95.871281,-0.003198,0.005165,0.021816,-0.004193,0.006156,0.020702,-0.003895,0.009484,0.020083,-0.002672,0.009275,0.021498
95.931998,-0.005380,0.009347,0.025877,-0.008478,0.009708,0.023183,0.000722,0.005461,0.020698,-0.001383,0.008527,0.022791
95.992714,-0.004236,0.008747,0.023228,-0.009112,0.008722,0.019725,-0.003309,0.009288,0.024029,-0.002684,0.008760,0.024305
96.053430,-0.007963,0.011221,0.019046,-0.006965,0.008027,0.014521,-0.003481,0.009964,0.026030,-0.000706,0.007259,0.024282
96.114147,-0.008467,0.007396,0.015566,-0.003103,0.006227,0.012499,0.000818,0.008577,0.027936,0.002895,0.005770,0.025073
96.174863,-0.009592,0.006830,0.016180,-0.006239,0.006145,0.015456,0.001168,0.009032,0.028729,0.001061,0.006670,0.025705
96.235580,-0.007244,0.006883,0.012690,-0.004991,0.004916,0.012365,0.000315,0.007735,0.027129,-0.001995,0.005924,0.026211
96.296296,-0.006011,0.005540,0.009200,-0.003993,0.003933,0.009892,-0.000018,0.005210,0.027922,-0.001600,0.006131,0.026616
96.357013,-0.003025,0.001823,0.006168,-0.004136,0.002724,0.010290,0.001551,0.004591,0.029002,0.001670,0.005145,0.028397
96.417729,-0.003830,0.002183,0.008969,-0.006766,0.003640,0.013332,0.001003,0.004146,0.028514,-0.001008,0.005433,0.028107
96.478446,-0.004011,0.001112,0.011176,-0.005342,0.002461,0.012496,-0.000099,0.004712,0.028206,-0.000908,0.005389,0.026892
96.539162,-0.009188,0.004210,0.011853,-0.009053,0.006112,0.011828,-0.003974,0.006349,0.029312,-0.002692,0.006566,0.028709
96.599879,-0.004610,0.003244,0.011080,-0.004589,0.004700,0.013837,-0.001315,0.005568,0.029205,0.000314,0.006214,0.028465
96.660595,-0.004610,0.003244,0.011080,-0.003671,0.003760,0.011069,0.000729,0.005258,0.028521,0.000269,0.005125,0.027461
96.721311,-0.003100,0.005871,0.014205,-0.000823,0.006686,0.013230,-0.001400,0.006828,0.028337,-0.002769,0.007690,0.027358
96.782028,-0.003798,0.007453,0.013699,-0.002578,0.007141,0.012252,-0.003853,0.007608,0.027370,-0.002700,0.007483,0.027637
96.842744,-0.005999,0.008834,0.015059,-0.008601,0.009108,0.016805,-0.004242,0.008562,0.029422,-0.005048,0.008640,0.030372
96.903461,-0.006033,0.008785,0.013158,-0.006857,0.006766,0.012614,-0.004401,0.007537,0.030383,-0.004363,0.006519,0.030048
96.964177,-0.005407,0.005872,0.011834,-0.009388,0.005478,0.010069,-0.005002,0.007724,0.028595,-0.006297,0.007733,0.028732
97.024894,-0.009218,0.007230,0.011247,-0.010193,0.006095,0.011608,-0.005272,0.006174,0.026765,-0.002949,0.004976,0.025922
97.085610,-0.009956,0.011769,0.012439,-0.009187,0.011230,0.010955,-0.004319,0.007945,0.026768,-0.001006,0.006615,0.025431
97.146327,-0.011794,0.008629,0.008775,-0.007809,0.008266,0.008009,-0.003347,0.008284,0.031519,-0.002428,0.009356,0.032384
97.207043,-0.012699,0.006435,0.007568,-0.009433,0.005333,0.006384,-0.005175,0.009112,0.032418,-0.004987,0.009976,0.032918
97.267760,-0.008917,0.000627,0.000337,-0.008791,-0.000470,0.001988,-0.003717,0.008681,0.032130,-0.004836,0.010031,0.034193
97.328476,-0.013420,0.003833,0.000391,-0.013313,0.003592,0.000836,-0.002517,0.009264,0.032132,-0.002514,0.008447,0.033107
97.389192,-0.012060,0.005101,0.003697,-0.012649,0.004714,0.005275,-0.001721,0.009197,0.034356,-0.003703,0.009183,0.034293
97.449909,-0.009533,0.005006,0.002430,-0.009264,0.005351,0.005998,-0.005585,0.011911,0.036916,-0.006284,0.009934,0.033954
97.510625,-0.012192,0.005404,0.010000,-0.012167,0.011193,0.017065,-0.005261,0.009312,0.038571,-0.003219,0.006943,0.034174
97.571342,-0.011864,0.005917,0.010539,-0.009733,0.008954,0.013652,-0.002672,0.005622,0.033187,-0.000574,0.004452,0.031841
97.632058,-0.009588,0.006831,0.010555,-0.007787,0.007163,0.010922,-0.002633,0.006458,0.032289,-0.003450,0.007224,0.031226
97.692775,-0.010319,0.011772,0.014206,-0.008496,0.007911,0.010729,-0.004304,0.006068,0.028521,-0.005946,0.007284,0.027565
97.753491,-0.003168,0.007675,0.018387,-0.003067,0.004562,0.013681,-0.005391,0.008105,0.027627,-0.004923,0.009101,0.026553
97.814208,-0.004320,0.008202,0.018140,-0.006065,0.006227,0.015206,-0.003997,0.007309,0.026641,-0.003679,0.008591,0.027669
97.874924,-0.003209,0.007455,0.018293,-0.002441,0.005516,0.014157,-0.002435,0.006878,0.027486,-0.004078,0.008858,0.029838
97.935641,0.000077,0.002755,0.009350,-0.002107,0.004744,0.011073,-0.002790,0.007340,0.024631,-0.001952,0.006729,0.026885
97.996357,0.004128,0.004126,0.012394,0.003986,0.005715,0.013120,-0.004672,0.009121,0.025412,-0.002194,0.006773,0.027103
98.057073,0.004871,0.002262,0.009347,0.004229,0.001963,0.006230,-0.001598,0.006904,0.026065,-0.000443,0.005977,0.028349
98.117790,0.004065,0.001672,0.010225,-0.000013,0.002924,0.008204,0.000510,0.006710,0.029423,-0.000589,0.006015,0.029965
98.178506,0.001401,0.002933,0.006583,-0.000010,0.002339,0.006563,-0.000152,0.005296,0.030631,-0.001565,0.006105,0.030165
98.239223,0.004429,0.001655,0.004958,0.000621,0.002659,0.007236,-0.001527,0.005792,0.031257,-0.002917,0.006890,0.031434
98.299939,0.000671,0.001012,0.004607,-0.002354,0.001761,0.007291,-0.001459,0.006188,0.030518,-0.003374,0.008051,0.031815
98.360656,0.000622,0.003116,0.005860,-0.002106,0.004686,0.007334,-0.002734,0.008541,0.034225,-0.003173,0.009379,0.033656
98.421372,-0.003429,0.001745,0.002816,-0.001685,0.003748,0.005867,-0.004312,0.010035,0.036653,-0.005380,0.010985,0.035919
98.482089,-0.005907,0.005508,0.009548,-0.003778,0.005659,0.009852,-0.005521,0.010775,0.037043,-0.004684,0.010381,0.035949
98.542805,-0.003482,0.004542,0.007248,-0.003022,0.004527,0.007882,-0.003558,0.009436,0.037699,-0.001233,0.007664,0.036963
98.603522,-0.006997,0.011818,0.008320,-0.007339,0.013809,0.007807,-0.005117,0.010811,0.040788,-0.004263,0.009350,0.040088
98.664238,-0.006755,0.011001,0.008036,-0.004903,0.010690,0.007833,-0.005027,0.009949,0.041432,-0.004950,0.008279,0.040275
98.724954,-0.006484,0.010765,0.008085,-0.006394,0.007856,0.007837,-0.005949,0.010341,0.042890,-0.006291,0.009710,0.040927
98.785671,-0.004226,0.008546,0.008628,-0.002177,0.006455,0.008530,-0.006776,0.010273,0.043398,-0.006664,0.010612,0.041658
98.846387,-0.002611,0.009714,0.009762,0.000519,0.006799,0.008412,-0.006000,0.008662,0.040707,-0.007086,0.009716,0.038552
98.907104,-0.002396,0.009541,0.007692,-0.001714,0.007857,0.008991,-0.005999,0.009090,0.040061,-0.006049,0.009964,0.037152
98.967820,-0.001773,0.011881,0.009307,-0.000498,0.009562,0.009454,-0.007955,0.010589,0.039750,-0.005063,0.009431,0.037490
99.028537,0.004043,-0.001209,0.010482,0.002822,-0.000489,0.010708,-0.008538,0.010957,0.039708,-0.008144,0.011278,0.040451
99.089253,0.002495,-0.002737,0.013506,0.001059,-0.002887,0.014388,-0.007578,0.013711,0.039397,-0.006710,0.013676,0.040130
99.149970,0.002186,0.000617,0.020515,-0.002057,0.001689,0.022893,-0.007078,0.012183,0.036334,-0.006999,0.011889,0.036522
99.210686,-0.001653,0.000668,0.020704,-0.004083,0.001592,0.020840,-0.007180,0.011207,0.033977,-0.007374,0.010988,0.034835
99.271403,-0.002017,0.001974,0.022589,-0.001515,0.004738,0.020900,-0.006538,0.012856,0.038223,-0.006754,0.012326,0.039037
99.332119,0.000000,-0.001037,0.023221,-0.000516,0.001992,0.019865,-0.006279,0.011757,0.037597,-0.005421,0.010514,0.036664
99.392835,-0.001483,-0.003671,0.023583,-0.001617,0.001182,0.018660,-0.007322,0.012211,0.036763,-0.006021,0.010506,0.035933
99.453552,-0.004034,0.002928,0.021813,-0.001644,0.002047,0.015596,-0.003847,0.009408,0.032263,-0.004045,0.008213,0.032905
99.514268,-0.005212,0.004848,0.022249,-0.004163,0.001828,0.018908,-0.005277,0.008197,0.030726,-0.005433,0.009529,0.031941
99.574985,-0.004588,0.007506,0.016096,-0.005361,0.009184,0.017895,-0.005455,0.010298,0.037120,-0.006227,0.011513,0.038923
99.635701,-0.003231,0.005566,0.009857,-0.004827,0.004871,0.008107,-0.004976,0.011130,0.038165,-0.006085,0.011852,0.038218
99.696418,-0.005723,0.005710,0.015949,-0.005599,0.007563,0.019242,-0.005514,0.009362,0.032255,-0.006477,0.010542,0.033469
99.757134,-0.008635,0.008872,0.017055,-0.007859,0.008679,0.020088,-0.006512,0.010716,0.033293,-0.006596,0.010983,0.033664
99.817851,-0.007881,0.008868,0.016220,-0.006436,0.006527,0.017669,-0.005919,0.010049,0.033207,-0.006131,0.009947,0.033412
99.878567,-0.010018,0.011821,0.026099,-0.008491,0.010457,0.028633,-0.006911,0.010208,0.035157,-0.005522,0.007988,0.033618
99.939284,-0.011995,0.008942,0.020054,-0.012409,0.004526,0.020876,-0.004993,0.010071,0.035774,-0.003929,0.009158,0.033376
100.000000,-0.008392,0.002857,0.016553,-0.006912,0.002823,0.014567,-0.003979,0.007636,0.029103,-0.003604,0.007807,0.030731
100.060716,-0.010217,0.007279,0.023448,-0.008624,0.005973,0.015098,-0.003209,0.006444,0.027558,-0.002908,0.007217,0.029502
100.121433,-0.011516,0.002015,0.014707,-0.010455,0.001074,0.012597,-0.003585,0.006708,0.028587,-0.004462,0.007205,0.027936
100.182149,-0.008315,0.002541,0.015559,-0.007263,0.004226,0.015965,-0.004932,0.006980,0.027494,-0.006870,0.008693,0.027709
100.242866,-0.006387,0.006083,0.014788,-0.003260,0.007922,0.013291,-0.003268,0.005710,0.026377,-0.004021,0.006339,0.027083
100.303582,-0.005418,0.003088,0.003217,-0.004593,0.007380,0.008931,-0.003250,0.006636,0.024553,-0.003809,0.006398,0.026002
100.364299,-0.000112,0.007179,0.003015,-0.001863,0.007792,0.004831,-0.005176,0.005890,0.023103,-0.005255,0.006840,0.025252
100.425015,-0.004741,0.013073,0.004909,-0.004956,0.013687,0.004383,-0.006385,0.007021,0.024090,-0.006357,0.007537,0.025614
100.485732,-0.002481,0.011724,0.003571,-0.003895,0.012776,0.005078,-0.006711,0.007186,0.026083,-0.005567,0.007232,0.028198
100.546448,0.002224,0.013672,0.007391,-0.000084,0.009243,0.009929,-0.005416,0.007331,0.027230,-0.004777,0.007420,0.028499
100.607165,0.000222,0.009584,-0.001249,-0.001770,0.005037,0.001735,-0.004665,0.007151,0.029357,-0.006069,0.008614,0.031137
100.667881,-0.002228,0.007735,0.001221,-0.002294,0.005983,0.005364,-0.004854,0.009896,0.031581,-0.003645,0.010118,0.032940
100.728597,-0.000063,0.008432,0.003223,-0.000791,0.006805,0.005393,-0.005725,0.012092,0.033990,-0.004728,0.012494,0.034059
100.789314,-0.001057,0.008242,0.009337,-0.000212,0.007066,0.010560,-0.004576,0.011888,0.036547,-0.004381,0.011432,0.035278
100.850030,0.000208,0.002718,0.008895,-0.001864,0.005372,0.008347,-0.005129,0.012391,0.037746,-0.006432,0.011915,0.035314
100.910747,-0.002367,0.003352,0.014151,-0.005026,0.007012,0.015608,-0.007014,0.013468,0.036661,-0.008266,0.012241,0.034439
100.971463,-0.006804,0.009121,0.015660,-0.007202,0.012709,0.020466,-0.008891,0.015437,0.037483,-0.009565,0.014185,0.034643
101.032180,-0.006380,0.011765,0.022151,-0.006870,0.011511,0.019252,-0.009532,0.015518,0.036277,-0.010797,0.014139,0.034363
101.092896,-0.007711,0.010962,0.023095,-0.008238,0.010038,0.020699,-0.013934,0.016230,0.035290,-0.013590,0.015535,0.034138
101.153613,-0.006098,0.008717,0.026092,-0.003287,0.006907,0.021856,-0.014847,0.014613,0.034422,-0.013962,0.014565,0.033803
101.214329,-0.003409,0.009107,0.027690,0.001555,0.007692,0.025968,-0.014398,0.014529,0.033438,-0.011139,0.012970,0.033695
101.275046,-0.003798,0.008480,0.028583,-0.000994,0.004996,0.021924,-0.013003,0.014649,0.033124,-0.009886,0.013314,0.033608
101.335762,-0.001080,0.005444,0.021517,-0.000526,0.002461,0.016576,-0.012194,0.015075,0.033455,-0.009897,0.013957,0.033539
101.396478,0.000285,0.000999,0.017747,-0.001690,0.002845,0.015963,-0.012294,0.014504,0.034335,-0.011010,0.014758,0.035154
101.457195,0.001877,0.003370,0.016511,-0.000232,0.006939,0.013920,-0.012662,0.016683,0.035531,-0.012467,0.017647,0.036446
101.517911,0.003298,0.002561,0.012437,-0.000938,0.005248,0.010729,-0.010550,0.015636,0.036109,-0.011970,0.016877,0.036614
101.578628,0.001076,0.003592,0.007044,-0.000557,0.004519,0.006330,-0.011342,0.017035,0.037757,-0.013774,0.017597,0.038091
101.639344,-0.001381,0.004496,0.000693,0.000298,0.007046,0.004657,-0.012170,0.018378,0.040930,-0.012149,0.017276,0.041568
101.700061,-0.002137,0.006170,0.001615,-0.003058,0.006823,0.006165,-0.012031,0.019062,0.044744,-0.010499,0.017715,0.045245
101.760777,-0.002162,0.006505,0.003383,-0.002213,0.004391,0.006445,-0.011787,0.018652,0.048557,-0.010045,0.016904,0.048187
101.821494,-0.003195,0.007330,0.004448,-0.004485,0.005544,0.009349,-0.009025,0.015593,0.050538,-0.007262,0.012834,0.049645
101.882210,0.000394,0.000990,0.005370,0.002556,0.000223,0.009919,-0.005329,0.010803,0.052518,-0.004294,0.009402,0.050812
101.942927,0.001709,-0.000148,0.007403,0.003135,-0.001718,0.010375,-0.006554,0.012588,0.058390,-0.007147,0.012779,0.056328
102.003643,-0.002291,0.005473,0.010093,-0.002899,0.006816,0.009812,-0.002677,0.011589,0.056406,-0.004488,0.012920,0.051084
102.064359,-0.001239,0.002050,0.009878,-0.000104,0.004091,0.007142,-0.000497,0.009002,0.047654,-0.001668,0.009913,0.039710
102.125076,0.000211,0.002048,0.011538,-0.001349,0.004457,0.010476,-0.000940,0.007171,0.038835,-0.002735,0.009261,0.031412
102.185792,-0.000488,0.001972,0.012311,-0.001824,0.002391,0.010976,-0.002543,0.007869,0.036441,-0.006078,0.011119,0.033768
102.246509,0.003117,0.001808,0.013134,0.000873,0.003715,0.014127,-0.005139,0.011468,0.036484,-0.007722,0.013244,0.038171
102.307225,0.001366,0.004886,0.014793,0.004391,0.003068,0.016064,-0.006678,0.013059,0.031649,-0.006817,0.011956,0.034863
102.367942,0.000135,0.006673,0.016453,0.002879,0.003061,0.017614,-0.005661,0.011070,0.024277,-0.007741,0.012039,0.033249
102.428658,0.003047,0.001503,0.023363,0.000974,0.003401,0.025278,-0.008328,0.011417,0.027370,-0.008698,0.012814,0.036950
102.489375,0.000121,0.005779,0.034085,-0.001102,0.007345,0.034526,-0.011020,0.014332,0.033692,-0.008804,0.013908,0.037254
102.550091,-0.002363,0.008216,0.034687,-0.005625,0.010471,0.033226,-0.012749,0.015661,0.038193,-0.010865,0.014318,0.035750
102.610808,-0.001808,0.015179,0.041788,-0.004468,0.016952,0.039118,-0.012877,0.016166,0.036270,-0.012761,0.015872,0.034546
102.671524,-0.002404,0.010689,0.045961,-0.002077,0.009078,0.042481,-0.014516,0.017424,0.038220,-0.015363,0.018808,0.041522
102.732240,-0.008785,0.014164,0.052537,-0.006902,0.012223,0.047954,-0.016088,0.018991,0.040713,-0.015130,0.018600,0.041034
102.792957,-0.011107,0.016912,0.058090,-0.009407,0.014231,0.050900,-0.016209,0.019363,0.042938,-0.014562,0.017875,0.041301
102.853673,-0.008694,0.018103,0.052462,-0.005476,0.014005,0.044029,-0.015145,0.019114,0.041998,-0.012664,0.017135,0.042077
102.914390,-0.005583,0.016613,0.048055,-0.001907,0.013742,0.043356,-0.016778,0.020155,0.042957,-0.014263,0.018822,0.042697
102.975106,-0.000580,0.014317,0.050650,0.000735,0.012374,0.043922,-0.015111,0.019863,0.043403,-0.012899,0.017840,0.040728
103.035823,0.004958,0.009535,0.043394,0.008373,0.011779,0.037518,-0.013058,0.017021,0.045208,-0.011513,0.014711,0.041056
103.096539,-0.003607,0.017164,0.041527,-0.003795,0.015621,0.038588,-0.012343,0.016089,0.044692,-0.013364,0.016574,0.046007
103.157256,0.000766,0.010551,0.036969,-0.002154,0.008199,0.038457,-0.014567,0.019221,0.053937,-0.016644,0.021198,0.057566
103.217972,0.002162,0.010211,0.033823,-0.003654,0.010536,0.038899,-0.012273,0.017989,0.051171,-0.012562,0.018228,0.050655
103.278689,-0.000827,0.008249,0.036879,-0.005058,0.008302,0.038705,-0.011832,0.016453,0.046355,-0.010446,0.015268,0.042816
103.339405,-0.001170,0.004266,0.029072,-0.002054,0.003604,0.028168,-0.009406,0.015213,0.045669,-0.009094,0.015592,0.042329
103.400121,0.000006,0.001853,0.023549,0.002265,0.000886,0.024039,-0.010191,0.015227,0.046736,-0.009862,0.015275,0.041927
103.460838,-0.007278,0.000295,0.025770,-0.000600,0.000407,0.024721,-0.011080,0.017618,0.047532,-0.010328,0.016007,0.043130
103.521554,0.003269,-0.004675,0.020721,0.003791,-0.000435,0.021281,-0.008570,0.015310,0.040877,-0.008901,0.014379,0.038349
103.582271,-0.002048,0.004081,0.023935,-0.003529,0.007613,0.029111,-0.008571,0.013239,0.033741,-0.013077,0.016544,0.041449
103.642987,-0.004252,0.004398,0.022767,-0.007838,0.010510,0.029788,-0.012999,0.016509,0.036222,-0.015907,0.019082,0.041235
103.703704,-0.006405,0.007853,0.019504,-0.011421,0.013120,0.026848,-0.015114,0.019457,0.041720,-0.016083,0.020079,0.042978
103.764420,-0.003199,0.012651,0.025097,-0.002655,0.014174,0.026513,-0.015374,0.018365,0.043088,-0.013967,0.017912,0.044372
103.825137,-0.008899,0.018004,0.030690,-0.006195,0.016837,0.030546,-0.015891,0.019053,0.044626,-0.014485,0.018095,0.045716
103.885853,-0.006528,0.020791,0.033201,-0.004050,0.017069,0.033440,-0.016339,0.019464,0.045076,-0.014653,0.018836,0.046791
103.946570,-0.010966,0.017633,0.036768,-0.005182,0.008474,0.033250,-0.017750,0.019797,0.046933,-0.014337,0.017109,0.043878
104.007286,-0.005925,0.014291,0.034522,-0.003650,0.010061,0.035544,-0.014548,0.017538,0.042845,-0.012942,0.015566,0.040148
104.068002,-0.000752,0.011688,0.036269,-0.000693,0.008824,0.037378,-0.010569,0.012212,0.041680,-0.010228,0.010843,0.038563
104.128719,-0.001365,0.010976,0.040501,-0.006563,0.010775,0.038846,-0.010928,0.012522,0.043201,-0.012043,0.013922,0.042971
104.189435,-0.006324,0.008641,0.043293,-0.005711,0.009029,0.040020,-0.010410,0.010743,0.034764,-0.010010,0.010496,0.032554
104.250152,-0.004444,0.007761,0.042494,-0.006008,0.011488,0.040232,-0.007213,0.010147,0.032233,-0.006843,0.011328,0.032718
104.310868,-0.004034,0.005004,0.041783,-0.003326,0.008931,0.040194,-0.004840,0.007458,0.025835,-0.005218,0.009658,0.027435
104.371585,-0.002295,0.007031,0.039832,-0.002168,0.004801,0.035923,-0.006088,0.010500,0.022131,-0.008535,0.014024,0.023208
104.432301,-0.002648,0.004687,0.039165,-0.001734,0.003841,0.036747,-0.006096,0.010065,0.022452,-0.008313,0.012490,0.024061
104.493018,-0.002090,0.000386,0.035468,0.001621,-0.002174,0.033165,-0.006353,0.011889,0.019641,-0.006884,0.010936,0.021759
104.553734,-0.002642,-0.001960,0.029918,-0.005484,-0.001307,0.027705,-0.004007,0.011291,0.016648,-0.006084,0.013158,0.025337
104.614451,-0.000372,-0.002769,0.022321,-0.001669,-0.001770,0.020473,-0.006739,0.014702,0.021930,-0.009067,0.014660,0.025841
104.675167,0.000962,-0.004864,0.016453,-0.000909,-0.000084,0.016378,-0.011224,0.015529,0.021953,-0.012367,0.015817,0.027380
104.735883,0.001118,-0.003180,0.010732,0.000973,0.002031,0.013103,-0.013051,0.017234,0.026476,-0.012196,0.015637,0.029497
104.796600,-0.002002,-0.001234,0.006614,-0.003096,0.002006,0.008484,-0.011394,0.014668,0.029631,-0.011798,0.015215,0.029275
104.857316,0.002559,-0.000303,0.006722,0.003908,0.002908,0.014947,-0.012133,0.015507,0.029425,-0.011957,0.014616,0.028626
104.918033,-0.000421,0.004451,0.006037,0.001962,0.003735,0.014766,-0.013610,0.017644,0.031688,-0.011868,0.015629,0.028578
104.978749,0.004162,0.005763,0.007124,0.001206,0.005257,0.014508,-0.014137,0.016245,0.030461,-0.010808,0.014955,0.029076
105.039466,0.004099,0.005193,0.014034,0.003594,0.002684,0.019588,-0.011457,0.014867,0.031809,-0.009095,0.014169,0.030719
105.100182,0.002347,0.004187,0.016003,0.000850,0.002070,0.018427,-0.010169,0.014625,0.031457,-0.010586,0.015084,0.030789
105.160899,-0.001365,0.003136,0.018009,-0.002818,0.002283,0.017551,-0.010778,0.013774,0.030584,-0.011624,0.013859,0.031002
105.221615,0.003971,0.004538,0.021443,0.001341,0.004171,0.016850,-0.010371,0.013662,0.033135,-0.010771,0.013637,0.034052
105.282332,-0.001369,0.004439,0.017584,-0.000017,0.004500,0.016236,-0.009139,0.013839,0.034514,-0.009410,0.013601,0.034376
105.343048,-0.000537,0.003432,0.015577,-0.000014,0.003600,0.012989,-0.009692,0.013362,0.035200,-0.010604,0.014150,0.034140
105.403764,-0.001611,0.004004,0.015621,-0.001878,0.005949,0.013148,-0.010230,0.012616,0.034221,-0.010550,0.012725,0.032155
105.464481,-0.003904,0.009480,0.014492,-0.002084,0.010904,0.016919,-0.010220,0.012507,0.033684,-0.008875,0.012233,0.032430
105.525197,-0.001038,0.008095,0.016682,0.000321,0.006707,0.019358,-0.011863,0.013394,0.034036,-0.012711,0.014777,0.032650
105.585914,-0.001510,0.007885,0.019247,-0.003902,0.005699,0.021886,-0.015396,0.016442,0.034275,-0.018269,0.017881,0.032826
105.646630,-0.004078,0.006210,0.017240,-0.003121,0.004559,0.017509,-0.016142,0.016127,0.029348,-0.017132,0.016414,0.028613
105.707347,-0.000442,0.006968,0.020998,0.001503,0.005871,0.022024,-0.018136,0.016438,0.030021,-0.017290,0.016257,0.030968
105.768063,-0.003343,0.007692,0.026467,-0.002858,0.005711,0.025277,-0.015748,0.015114,0.031496,-0.013565,0.014421,0.033478
105.828780,-0.003584,0.006480,0.031237,-0.004491,0.005942,0.029656,-0.016237,0.016233,0.034109,-0.013603,0.014510,0.035283
105.889496,-0.005473,0.001412,0.032135,-0.006819,0.003802,0.031382,-0.018622,0.016278,0.033911,-0.014657,0.013723,0.034656
105.950213,-0.007272,0.001107,0.033446,-0.005987,0.000599,0.032763,-0.014422,0.013790,0.032384,-0.011456,0.012487,0.032292
106.010929,-0.004818,0.005727,0.031815,-0.005512,0.007280,0.030327,-0.009617,0.011819,0.030532,-0.010539,0.013289,0.029947
106.071645,-0.003478,0.006596,0.040780,-0.002533,0.007040,0.036814,-0.009277,0.011650,0.033427,-0.010471,0.012504,0.030363
106.132362,-0.005863,0.004516,0.034152,-0.001366,0.004945,0.028188,-0.005729,0.009934,0.030857,-0.006995,0.010726,0.028770
106.193078,-0.002962,0.003792,0.028682,-0.001093,0.003956,0.022550,-0.005942,0.009088,0.027902,-0.005627,0.008812,0.027583
106.253795,-0.005892,0.011032,0.021943,-0.007180,0.014673,0.018040,-0.006314,0.008760,0.024434,-0.007773,0.009564,0.025711
106.314511,-0.007070,0.013336,0.018317,-0.010619,0.014014,0.017013,-0.004611,0.008988,0.022779,-0.007610,0.010085,0.024682
106.375228,-0.012615,0.016513,0.015908,-0.016790,0.013216,0.017895,-0.006439,0.009830,0.024501,-0.008377,0.010755,0.026724
106.435944,-0.012481,0.012976,0.013373,-0.013967,0.012421,0.014884,-0.007697,0.009758,0.027099,-0.009836,0.011803,0.029129
106.496661,-0.014030,0.010803,0.008042,-0.011465,0.008112,0.016996,-0.005658,0.008516,0.025564,-0.007054,0.009576,0.027560
106.557377,-0.014724,0.015660,0.010654,-0.009483,0.012601,0.015990,-0.007676,0.009520,0.026973,-0.007087,0.009789,0.028500
106.618094,-0.015891,0.014335,0.011799,-0.009221,0.008227,0.014396,-0.008691,0.010255,0.028214,-0.007122,0.009091,0.029105
106.678810,-0.014931,0.011297,0.013508,-0.012339,0.013836,0.013909,-0.011516,0.013422,0.030219,-0.012923,0.014222,0.029736
106.739526,-0.011770,0.008009,0.013374,-0.010320,0.008741,0.013520,-0.013820,0.015794,0.031889,-0.014956,0.017131,0.030240
106.800243,-0.004825,0.006240,0.010946,-0.006828,0.006520,0.011702,-0.015355,0.017157,0.034714,-0.016403,0.018301,0.035126
106.860959,-0.003135,0.006066,0.011686,-0.003631,0.006822,0.010966,-0.016223,0.017203,0.033633,-0.017472,0.017904,0.034337
106.921676,-0.003381,0.008995,0.008685,-0.003542,0.007733,0.009659,-0.018818,0.018962,0.034840,-0.016796,0.016921,0.033416
106.982392,-0.005688,0.005493,0.007841,-0.006374,0.007395,0.008939,-0.025219,0.023037,0.042707,-0.023842,0.021369,0.044198
107.043109,-0.000459,0.010440,0.007329,0.000587,0.010988,0.008038,-0.024092,0.023238,0.041162,-0.018948,0.018637,0.039500
107.103825,0.000020,0.003986,0.006486,-0.003822,0.007009,0.007642,-0.018668,0.020112,0.040910,-0.014790,0.017482,0.037699
107.164542,0.000418,0.005905,0.010950,-0.002949,0.005967,0.014756,-0.016458,0.018537,0.040658,-0.013355,0.017534,0.036258
107.225258,0.000084,0.007068,0.017936,-0.001398,0.005929,0.022473,-0.013071,0.017114,0.038580,-0.010382,0.016631,0.037031
107.285974,0.000433,0.006704,0.028002,0.001201,0.005839,0.033673,-0.010269,0.015961,0.038167,-0.008732,0.014954,0.035283
107.346691,0.005740,0.008441,0.031921,0.007754,0.009378,0.033312,-0.006987,0.014648,0.036580,-0.005208,0.012723,0.031951
107.407407,0.007151,0.008367,0.034489,0.004637,0.008607,0.031457,-0.002891,0.012132,0.028716,-0.008838,0.014488,0.032016
107.468124,0.008520,0.006202,0.038356,0.011313,0.008928,0.031466,-0.004234,0.012009,0.029224,-0.008826,0.012960,0.030466
107.528840,0.010103,0.009255,0.039766,0.006974,0.009635,0.028359,-0.002030,0.010324,0.027536,-0.003606,0.010582,0.028108
107.589557,0.007542,0.012070,0.039580,0.002104,0.012008,0.031069,-0.004947,0.010909,0.026646,-0.008491,0.012832,0.027340
107.650273,0.005386,0.015386,0.035503,-0.000376,0.015405,0.029815,-0.011679,0.015569,0.024380,-0.015915,0.019395,0.026724
107.710990,0.003097,0.016189,0.029229,-0.001185,0.014544,0.030764,-0.014222,0.017845,0.030287,-0.016720,0.020350,0.035307
107.771706,-0.004168,0.015409,0.029177,-0.004325,0.015250,0.030912,-0.017258,0.019178,0.033226,-0.015848,0.018906,0.036084
107.832423,-0.001152,0.018183,0.029286,-0.000804,0.017188,0.029689,-0.014696,0.017891,0.032625,-0.013764,0.017633,0.034483
107.893139,-0.009260,0.016516,0.029722,-0.004391,0.013460,0.030663,-0.015665,0.018918,0.031816,-0.014122,0.016914,0.031305
107.953855,-0.006397,0.014601,0.031741,-0.001581,0.010579,0.030542,-0.019733,0.021189,0.035358,-0.013538,0.016924,0.033739
108.014572,-0.006574,0.012920,0.030170,-0.004988,0.010410,0.030616,-0.016432,0.019019,0.035570,-0.011816,0.014869,0.032141
108.075288,-0.009024,0.011198,0.027926,-0.009479,0.011715,0.026312,-0.011327,0.014600,0.037007,-0.011428,0.014837,0.032578
108.136005,-0.004316,0.009607,0.027283,-0.001877,0.009365,0.027061,-0.009959,0.012557,0.030556,-0.011215,0.013843,0.030958
108.196721,-0.001937,0.006463,0.022985,-0.001549,0.006704,0.021932,-0.009309,0.012310,0.029227,-0.010534,0.013355,0.030745
108.257438,-0.002197,0.006196,0.027786,0.001053,0.009978,0.029227,-0.009459,0.012344,0.030620,-0.009723,0.013240,0.032161
108.318154,0.001113,0.009042,0.032080,0.001729,0.011676,0.036304,-0.007838,0.012282,0.032234,-0.008621,0.013312,0.031707
108.378871,0.002008,0.013061,0.037633,0.004569,0.014779,0.042829,-0.010782,0.015741,0.030927,-0.013258,0.018885,0.032231
108.439587,0.005481,0.011271,0.042447,0.004794,0.011263,0.047186,-0.011573,0.016853,0.032040,-0.012699,0.017995,0.032492
108.500304,0.006583,0.010808,0.050787,-0.000111,0.011749,0.051243,-0.010259,0.015330,0.032540,-0.010295,0.015206,0.033559
108.561020,0.003361,0.009792,0.055723,0.001106,0.007972,0.053917,-0.009963,0.016212,0.035508,-0.009894,0.015373,0.035898
108.621736,0.004433,0.012702,0.066082,0.002339,0.009663,0.057918,-0.011717,0.018083,0.036349,-0.011933,0.017199,0.035874
108.682453,0.001852,0.011407,0.067376,0.000550,0.010531,0.059829,-0.013743,0.019694,0.036056,-0.013679,0.018570,0.035855
108.743169,0.001219,0.008769,0.058146,0.000440,0.008425,0.047863,-0.013586,0.018942,0.036146,-0.011565,0.016523,0.034787
108.803886,0.001939,0.005633,0.056715,0.004546,0.007788,0.050074,-0.010462,0.014641,0.034646,-0.011240,0.015431,0.032595
108.864602,0.001126,0.006032,0.047485,0.003637,0.006230,0.040059,-0.008775,0.013784,0.033003,-0.008723,0.014034,0.030485
108.925319,0.001897,0.007859,0.048836,0.000042,0.010280,0.047433,-0.011476,0.014594,0.030743,-0.010895,0.013171,0.028788
108.986035,-0.003080,0.008168,0.038665,-0.005738,0.007229,0.036630,-0.010257,0.014465,0.027682,-0.008668,0.013564,0.027796
109.046752,-0.002771,0.006067,0.029741,-0.002704,0.006127,0.031595,-0.011339,0.012492,0.026278,-0.012467,0.012990,0.027426
109.107468,-0.001583,0.005739,0.022657,-0.001821,0.007243,0.028852,-0.011567,0.010860,0.024570,-0.014425,0.012918,0.026707
109.168185,-0.001583,0.005739,0.022657,-0.001457,0.005795,0.023081,-0.012683,0.011342,0.023672,-0.013725,0.012675,0.026212
109.228901,-0.001736,0.004826,0.015877,0.002815,0.004406,0.020756,-0.012539,0.011783,0.023730,-0.012765,0.012972,0.025816
109.289617,-0.002311,0.004579,0.020000,0.001447,0.003179,0.022377,-0.016909,0.014181,0.028826,-0.016062,0.015423,0.032196
109.350334,-0.000155,0.000898,0.009526,0.001309,0.002685,0.018624,-0.016940,0.015024,0.029296,-0.016810,0.015462,0.030814
109.411050,0.003841,0.002950,0.012298,0.000868,0.004025,0.017464,-0.018430,0.014178,0.029874,-0.015486,0.014213,0.030227
109.471767,0.003577,0.004856,0.014887,0.002213,0.006233,0.019887,-0.014981,0.014412,0.030782,-0.013092,0.013836,0.030642
109.532483,0.002532,0.004452,0.014246,0.000648,0.006763,0.018588,-0.012475,0.014476,0.032911,-0.011416,0.013685,0.032259
109.593200,0.000701,0.009035,0.017052,-0.002045,0.011827,0.018798,-0.013173,0.014398,0.033086,-0.012295,0.013179,0.030898
109.653916,-0.002515,0.011079,0.017328,-0.002157,0.012094,0.017717,-0.013645,0.014795,0.033268,-0.012284,0.013932,0.029820
109.714633,-0.002962,0.013155,0.016602,-0.003157,0.012235,0.018928,-0.009995,0.013120,0.029005,-0.010567,0.013845,0.029432
109.775349,-0.004153,0.013360,0.017578,-0.004041,0.010216,0.017232,-0.009271,0.013142,0.030283,-0.011400,0.014230,0.030392
109.836066,-0.003473,0.013650,0.018552,-0.002460,0.010456,0.017713,-0.010174,0.013136,0.031190,-0.012421,0.013219,0.031159
109.896782,-0.004447,0.008231,0.013135,-0.001813,0.003792,0.012503,-0.011505,0.013521,0.030131,-0.012503,0.013581,0.029905
109.957498,-0.004411,0.009758,0.016461,-0.002523,0.006948,0.017337,-0.011799,0.013573,0.029788,-0.011357,0.013553,0.031189
110.018215,-0.004165,0.005396,0.015233,-0.004237,0.005868,0.016079,-0.011484,0.014026,0.030919,-0.011808,0.013708,0.031626
110.078931,0.002098,0.003982,0.014857,0.004857,0.005347,0.015015,-0.011443,0.013738,0.032457,-0.011836,0.013951,0.032555
110.139648,0.003120,0.002153,0.011461,0.003885,0.004277,0.012012,-0.011281,0.012728,0.032826,-0.009982,0.012447,0.032137
110.200364,0.007141,0.001485,0.011506,0.007223,0.002914,0.011762,-0.010031,0.012407,0.033048,-0.009182,0.012662,0.032865
110.261081,0.006453,-0.001056,0.010008,0.005587,0.001058,0.011240,-0.009237,0.013297,0.033269,-0.009534,0.013211,0.033448
110.321797,0.004641,0.008059,0.012506,0.002089,0.009034,0.010822,-0.008483,0.014087,0.034824,-0.009139,0.014679,0.033914
110.382514,0.006862,0.005100,0.009258,0.003707,0.007000,0.011445,-0.009516,0.014550,0.034817,-0.010113,0.015080,0.034386
110.443230,0.010133,0.007054,0.008988,0.005326,0.008644,0.010986,-0.010690,0.015985,0.035651,-0.012455,0.016939,0.035350
110.503947,-0.000375,0.009438,0.007763,-0.002203,0.010906,0.009227,-0.011250,0.016470,0.036905,-0.013137,0.017215,0.037291
110.564663,0.003635,0.010428,0.011885,0.003851,0.010110,0.013152,-0.014215,0.019261,0.041385,-0.015174,0.018965,0.042198
110.625379,0.000513,0.012892,0.018330,0.002825,0.011030,0.021697,-0.014571,0.018784,0.045106,-0.013834,0.017210,0.046123
110.686096,-0.001150,0.015544,0.019892,-0.000259,0.011263,0.021374,-0.013965,0.018594,0.044922,-0.012408,0.016583,0.043796
110.746812,-0.001310,0.009760,0.017378,-0.002812,0.009101,0.015411,-0.014053,0.018541,0.045683,-0.011562,0.017302,0.043258
110.807529,0.000509,0.014182,0.021588,0.002333,0.013244,0.021010,-0.010918,0.016764,0.046373,-0.007661,0.014691,0.042828
110.868245,0.001261,0.014368,0.026123,0.005279,0.013899,0.024987,-0.010724,0.015818,0.046676,-0.010223,0.015303,0.042528
110.928962,0.001171,0.012798,0.028324,-0.002365,0.012912,0.023509,-0.009067,0.014198,0.043429,-0.009031,0.013639,0.038487
110.989678,-0.005049,0.012954,0.026486,-0.004988,0.011934,0.022004,-0.006998,0.012077,0.038535,-0.008993,0.013134,0.036303
111.050395,-0.006840,0.013661,0.024043,-0.006753,0.013479,0.025359,-0.008081,0.012423,0.033405,-0.010405,0.013031,0.034225
111.111111,-0.005040,0.011918,0.026714,-0.005402,0.010783,0.028043,-0.007545,0.010826,0.032168,-0.008915,0.011003,0.032546
111.171828,0.000067,0.014412,0.035273,0.000224,0.012207,0.032728,-0.009536,0.011148,0.029997,-0.011554,0.013289,0.031220
111.232544,-0.001968,0.011818,0.034367,0.001912,0.012097,0.033595,-0.013357,0.011726,0.027500,-0.013004,0.012289,0.029701
111.293260,-0.005517,0.013255,0.034465,-0.000026,0.014994,0.035194,-0.010588,0.010150,0.025298,-0.010621,0.011175,0.028943
111.353977,-0.002522,0.011664,0.036495,-0.002416,0.011561,0.034515,-0.011235,0.010332,0.026207,-0.010255,0.010592,0.028892
111.414693,0.002761,0.008664,0.039506,0.002367,0.006652,0.035025,-0.011635,0.009977,0.026248,-0.010532,0.010200,0.028685
111.475410,0.007450,0.008203,0.039261,0.005695,0.008608,0.035433,-0.010486,0.009239,0.027000,-0.010028,0.009650,0.029182
111.536126,0.004658,0.010161,0.038264,0.000648,0.009628,0.034707,-0.012963,0.010811,0.027864,-0.012081,0.010498,0.029722
111.596843,0.003283,0.006558,0.032765,0.003140,0.006239,0.030359,-0.011697,0.009201,0.028615,-0.012314,0.010632,0.030012
111.657559,-0.000852,0.007536,0.030221,-0.001545,0.008691,0.028139,-0.010404,0.010224,0.029338,-0.011803,0.011595,0.029747
111.718276,-0.000047,0.006638,0.027669,-0.001665,0.011012,0.027257,-0.013684,0.012182,0.030180,-0.014252,0.013362,0.030158
111.778992,0.000050,0.007096,0.025878,-0.003591,0.009016,0.025657,-0.014115,0.013156,0.030625,-0.013762,0.013705,0.030487
111.839709,-0.002707,0.011355,0.025656,-0.002433,0.010580,0.027628,-0.014289,0.013120,0.031189,-0.013583,0.012640,0.030751
111.900425,-0.005423,0.009008,0.020361,-0.001946,0.008464,0.022102,-0.015708,0.015686,0.030928,-0.014455,0.015193,0.030470
111.961141,-0.004995,0.008635,0.016458,-0.004867,0.008991,0.018577,-0.013360,0.014717,0.027376,-0.012335,0.013577,0.025778
112.021858,-0.006554,0.009605,0.022044,-0.003455,0.007087,0.025277,-0.012904,0.014420,0.026239,-0.011879,0.012679,0.025265
112.082574,-0.003656,0.006962,0.019293,-0.002764,0.005670,0.020221,-0.013765,0.014331,0.025457,-0.012660,0.013109,0.024855
112.143291,-0.005380,0.006945,0.016543,-0.005053,0.008572,0.017073,-0.011339,0.012606,0.025617,-0.011541,0.012158,0.026469
112.204007,-0.000530,0.007363,0.014431,0.000489,0.007648,0.014554,-0.011310,0.011611,0.026771,-0.011553,0.011348,0.029152
112.264724,0.003596,0.007548,0.013974,0.006607,0.009746,0.018105,-0.010223,0.012249,0.026577,-0.010293,0.011647,0.029411
112.325440,0.001959,0.006893,0.014227,0.002994,0.006880,0.014839,-0.008224,0.010225,0.027942,-0.009026,0.011565,0.031310
112.386157,0.003570,0.003655,0.013256,0.001341,0.003190,0.011407,-0.010526,0.012811,0.032499,-0.011213,0.014296,0.032828
112.446873,0.002372,0.004259,0.003817,-0.000167,0.003292,0.006325,-0.011441,0.014414,0.034032,-0.012264,0.015498,0.033053
112.507590,0.001695,0.005747,0.010627,-0.001081,0.004716,0.014595,-0.013095,0.016930,0.036274,-0.015283,0.018886,0.034223
112.568306,0.005550,0.009794,0.010241,0.001690,0.013475,0.012031,-0.015503,0.017749,0.037128,-0.017010,0.017927,0.035159
