timestamp,vx_sp_ma,vy_sp_ma,vz_sp_ma,vx_sp_lp,vy_sp_lp,vz_sp_lp,vx_sift_ma,vy_sift_ma,vz_sift_ma,vx_sift_lp,vy_sift_lp,vz_sift_lp
0.054407,0.012647,-0.022933,-0.061658,0.012647,-0.022933,-0.061658,-0.007299,0.001934,0.006796,-0.007299,0.001934,0.006796
0.108814,0.006323,-0.011467,-0.030829,0.010118,-0.018346,-0.049327,-0.001341,-0.001105,0.000048,-0.004916,0.000718,0.004097
0.163221,0.004216,-0.007644,-0.020553,0.008094,-0.014677,-0.039461,0.000387,-0.001681,-0.001486,-0.003164,0.000008,0.002367
0.217628,0.003103,-0.013042,-0.015415,0.006428,-0.017589,-0.031569,-0.000304,-0.001265,-0.002253,-0.003006,0.000003,0.000982
0.272035,0.002482,-0.010433,-0.012332,0.005142,-0.014071,-0.025255,0.001088,-0.002661,-0.001578,-0.001074,-0.001647,0.001010
0.326442,0.002069,-0.008695,-0.010276,0.004114,-0.011257,-0.020204,-0.002033,-0.000466,0.002222,-0.004388,0.000784,0.005052
0.380849,0.001773,-0.007452,-0.008808,0.003291,-0.009005,-0.016163,-0.002462,0.000158,0.002916,-0.004516,0.001409,0.005458
0.435256,-0.000034,-0.004176,0.000000,0.002633,-0.007204,-0.012931,-0.002445,0.000066,0.002659,-0.005049,0.001384,0.005365
0.489663,-0.000034,-0.004176,0.000000,0.002106,-0.005763,-0.010345,-0.002801,-0.000135,0.003292,-0.003615,-0.000003,0.003840
0.544070,-0.000034,-0.004176,0.000000,0.001685,-0.004611,-0.008276,-0.003951,0.001164,0.005594,-0.003733,0.001249,0.005383
0.598477,0.000000,0.000000,0.000000,0.001348,-0.003689,-0.006621,-0.003228,0.000794,0.006084,-0.002450,0.000478,0.004082
0.652884,0.000000,0.000000,0.000000,0.001078,-0.002951,-0.005296,-0.003618,0.001630,0.005411,-0.001175,-0.000095,0.002547
0.707291,0.000000,0.000000,0.000000,0.000863,-0.002361,-0.004237,-0.001254,0.000200,0.002561,-0.001158,0.000023,0.002293
0.761697,0.000000,0.000000,0.000000,0.000690,-0.001889,-0.003390,-0.001318,-0.000007,0.001389,-0.002022,0.000510,0.001609
0.816104,0.000000,0.000000,0.000000,0.000552,-0.001511,-0.002712,-0.000059,-0.000510,-0.000073,-0.001292,-0.000039,0.000240
0.870511,0.000000,0.000000,0.000000,0.000442,-0.001209,-0.002169,0.000595,-0.000545,0.000090,0.000307,-0.001191,-0.000033
0.924918,0.000000,0.000000,0.000000,0.000353,-0.000967,-0.001736,0.000388,-0.001095,-0.001045,-0.000885,-0.000471,0.000696
0.979325,0.000000,0.000000,0.000000,0.000283,-0.000774,-0.001388,-0.000547,-0.000423,-0.000643,-0.001480,0.000043,0.000894
1.033732,0.000000,0.000000,0.000000,0.000226,-0.000619,-0.001111,-0.000925,0.000296,0.000464,-0.000929,0.000563,0.001548
1.088139,-0.000834,0.000854,0.000000,-0.000987,0.000700,-0.000889,0.000671,-0.000573,0.000523,0.001274,-0.000667,0.001576
1.142546,-0.000834,0.000854,0.000000,-0.000789,0.000560,-0.000711,0.001211,-0.000428,0.001660,0.000679,0.000161,0.002627
1.196953,-0.000834,0.000854,0.000000,-0.000632,0.000448,-0.000569,0.002332,-0.001141,0.002924,0.002439,-0.001316,0.002824
1.251360,-0.000834,0.000854,0.000000,-0.000505,0.000358,-0.000455,0.002572,-0.000824,0.001966,0.003627,-0.001769,0.000693
1.305767,-0.001437,-0.000969,0.000000,-0.001248,-0.002265,-0.000364,0.004515,-0.001467,0.000047,0.004491,-0.001833,-0.001410
1.360174,-0.001437,-0.000969,0.000000,-0.000999,-0.001812,-0.000291,0.004367,-0.000926,-0.001597,0.002613,-0.000290,-0.003092
1.414581,-0.001437,-0.000969,0.000000,-0.000799,-0.001450,-0.000233,0.004115,-0.001125,-0.002553,0.001994,0.000019,-0.002980
1.468988,-0.000603,-0.001823,0.000000,-0.000639,-0.001160,-0.000186,0.002493,0.000142,-0.002624,0.001341,0.000671,-0.002145
1.523395,-0.000564,-0.002186,0.000000,-0.000456,-0.001436,-0.000149,0.003816,-0.001084,-0.005704,0.002585,-0.000485,-0.004661
1.577802,-0.000564,-0.002186,0.000000,-0.000365,-0.001149,-0.000119,0.002961,-0.000086,-0.006163,0.002766,-0.000436,-0.003649
1.632209,-0.000564,-0.002186,0.000000,-0.000292,-0.000919,-0.000095,0.001606,0.000699,-0.004511,0.001991,0.000035,-0.002173
1.686616,0.000039,-0.000363,0.000000,-0.000234,-0.000735,-0.000076,0.000166,0.001527,-0.002031,0.001168,0.000768,-0.000231
1.741023,0.000039,-0.000363,0.000000,-0.000187,-0.000588,-0.000061,0.001160,0.000296,-0.001196,0.001346,0.000068,-0.000980
1.795430,0.000039,-0.000363,0.000000,-0.000150,-0.000471,-0.000049,0.001594,-0.000073,-0.001104,0.001587,-0.000211,-0.001161
1.849837,0.000039,-0.000363,0.000000,-0.000120,-0.000377,-0.000039,0.002062,-0.000726,-0.001653,0.001671,-0.000427,-0.001459
1.904244,0.000000,0.000000,0.000000,-0.000096,-0.000301,-0.000031,0.001249,0.000170,0.000114,0.001712,-0.000109,-0.001638
1.958651,0.000000,0.000000,0.000000,-0.000077,-0.000241,-0.000025,0.000396,0.000473,-0.000078,0.000872,0.000289,-0.001501
2.013058,0.000000,0.000000,0.000000,-0.000061,-0.000193,-0.000020,0.000080,0.000501,-0.000948,0.000034,0.000654,-0.001671
2.067465,0.000000,0.000000,0.000000,-0.000049,-0.000154,-0.000016,0.000241,0.000007,-0.001978,-0.000172,0.000572,-0.001271
2.121872,0.000000,0.000000,0.000000,-0.000039,-0.000123,-0.000013,0.000003,0.000500,-0.001081,-0.000060,0.000601,-0.000557
2.176279,0.000000,0.000000,0.000000,-0.000031,-0.000099,-0.000010,0.000212,0.000650,-0.001250,0.000756,0.000426,-0.001059
2.230686,0.000000,0.000000,0.000000,-0.000025,-0.000079,-0.000008,-0.000094,0.000799,-0.000861,0.000577,0.000290,-0.000833
2.285092,0.000000,0.000000,0.000000,-0.000020,-0.000063,-0.000007,0.000023,0.000261,-0.000477,0.001000,-0.000288,-0.000600
2.339499,0.000000,0.000000,0.000000,-0.000016,-0.000051,-0.000005,0.000466,0.000009,-0.000347,0.000924,-0.000208,-0.000488
2.393906,0.000000,0.000000,0.000000,-0.000013,-0.000040,-0.000004,0.000647,0.000137,0.000824,0.000328,0.000436,0.000778
2.448313,0.000000,0.000000,0.000000,-0.000010,-0.000032,-0.000003,0.000709,0.000253,0.001070,0.000150,0.000560,0.001033
2.502720,0.000000,0.000000,0.000000,-0.000008,-0.000026,-0.000003,0.000633,0.000256,0.000890,0.000091,0.000597,0.001034
2.557127,0.000000,0.000000,0.000000,-0.000007,-0.000021,-0.000002,0.000274,0.000121,0.001477,0.000374,0.000232,0.001035
2.611534,0.000000,0.000000,0.000000,-0.000005,-0.000017,-0.000002,0.000221,0.000195,0.001631,0.000198,0.000239,0.001058
2.665941,0.000000,0.000000,0.000000,-0.000004,-0.000013,-0.000001,-0.000335,0.000679,0.001876,-0.000082,0.000348,0.001256
2.720348,0.000000,0.000000,0.000000,-0.000003,-0.000011,-0.000001,-0.000269,0.000562,0.002045,0.000150,0.000139,0.001234
2.774755,0.000000,0.000000,0.000000,-0.000003,-0.000008,-0.000001,0.000124,0.000105,0.001093,0.000260,0.000073,0.000822
2.829162,0.000000,0.000000,0.000000,-0.000002,-0.000007,-0.000001,0.000104,0.000020,0.000954,0.000066,0.000151,0.000874
2.883569,0.000000,0.000000,0.000000,-0.000002,-0.000005,-0.000001,-0.000029,-0.000001,0.001068,-0.000161,0.000239,0.001067
2.937976,0.000000,0.000000,0.000000,-0.000001,-0.000004,-0.000000,-0.000144,0.000150,0.000799,0.000012,0.000158,0.000684
2.992383,0.000000,0.000000,0.000000,-0.000001,-0.000003,-0.000000,0.000023,0.000051,0.000484,0.000141,0.000041,0.000337
3.046790,0.000000,0.000000,0.000000,-0.000001,-0.000003,-0.000000,0.000148,-0.000195,0.000074,0.000048,-0.000154,0.000104
3.101197,0.000000,0.000000,0.000000,-0.000001,-0.000002,-0.000000,-0.000195,0.000037,-0.000212,-0.000226,0.000062,-0.000086
3.155604,0.000000,0.000000,0.000000,-0.000001,-0.000002,-0.000000,0.000071,-0.000461,-0.000214,0.000331,-0.000686,-0.000238
3.210011,0.000000,0.000000,0.000000,-0.000000,-0.000001,-0.000000,0.000636,-0.001158,-0.000519,0.000914,-0.001433,-0.000401
3.264418,0.000000,0.000000,0.000000,-0.000000,-0.000001,-0.000000,-0.001069,-0.000601,0.000708,-0.001869,-0.000248,0.001765
3.318825,0.000000,0.000000,0.000000,-0.000000,-0.000001,-0.000000,-0.002085,-0.000065,0.002027,-0.002777,0.000519,0.003090
3.373232,0.000000,0.000000,0.000000,-0.000000,-0.000001,-0.000000,-0.001995,0.000071,0.002420,-0.001964,0.000520,0.002811
3.427639,0.000000,0.000000,0.000000,-0.000000,-0.000001,-0.000000,-0.001462,-0.000294,0.001102,-0.000890,-0.000282,0.000238
3.482046,0.000000,0.000000,0.000000,-0.000000,-0.000000,-0.000000,-0.001992,-0.000232,0.002016,-0.001719,0.000046,0.001301
3.536453,0.000000,0.000000,0.000000,-0.000000,-0.000000,-0.000000,-0.000646,0.000438,0.002781,0.001021,0.000240,0.001942
3.590860,0.000000,0.000000,0.000000,-0.000000,-0.000000,-0.000000,-0.001428,0.001163,0.003207,0.000372,0.000323,0.001940
3.645267,0.000000,0.000000,0.000000,-0.000000,-0.000000,-0.000000,-0.000633,0.001143,0.003037,-0.001189,0.001129,0.003399
3.699674,-0.001788,0.001215,0.000000,-0.002503,0.001700,-0.000000,-0.000362,0.000339,0.001559,-0.001855,0.000495,0.002328
3.754081,-0.001788,0.001215,0.000000,-0.002002,0.001360,-0.000000,-0.000721,0.000010,0.001453,-0.001729,0.000041,0.002054
3.808487,-0.001788,0.001215,0.000000,-0.001602,0.001088,-0.000000,-0.000930,0.000668,0.003224,-0.000994,0.000254,0.002112
3.862894,-0.001788,0.001215,0.000000,-0.001281,0.000871,-0.000000,0.000192,0.000617,0.003053,-0.000232,0.000405,0.002560
3.917301,-0.001788,0.001215,0.000000,-0.001025,0.000696,-0.000000,0.000290,-0.000839,0.002744,0.002349,-0.001512,0.002517
3.971708,-0.001788,0.001215,0.000000,-0.000820,0.000557,-0.000000,0.001780,-0.002052,0.002605,0.003519,-0.002777,0.002205
4.026115,-0.001788,0.001215,0.000000,-0.000656,0.000446,-0.000000,0.002509,-0.002868,0.001443,0.002349,-0.002493,0.001983
4.080522,0.000000,0.000000,0.000000,-0.000525,0.000357,-0.000000,0.002355,-0.001929,0.001879,0.000760,-0.001088,0.001806
4.134929,-0.005795,0.006076,0.000000,-0.008533,0.008791,-0.000000,0.000414,-0.001157,0.003336,-0.002354,-0.000145,0.003676
4.189336,-0.004264,0.005874,0.000000,-0.004683,0.006751,-0.000000,-0.001389,-0.000688,0.005434,-0.004017,0.000762,0.006348
4.243743,-0.004264,0.005874,0.000000,-0.003747,0.005401,-0.000000,-0.001485,-0.000580,0.004740,-0.002786,0.000963,0.004977
4.298150,-0.004264,0.005874,0.000000,-0.002997,0.004321,-0.000000,-0.003788,0.000949,0.005046,-0.002919,0.001074,0.004879
4.352557,-0.004264,0.005874,0.000000,-0.002398,0.003457,-0.000000,-0.005290,0.002380,0.005554,-0.002798,0.001296,0.004806
4.406964,-0.004264,0.005874,0.000000,-0.001918,0.002765,-0.000000,-0.005407,0.002940,0.006249,-0.002867,0.001549,0.005037
4.461371,-0.004264,0.005874,0.000000,-0.001535,0.002212,-0.000000,-0.004663,0.002296,0.006122,-0.002372,0.001244,0.004072
4.515778,0.001531,-0.000201,0.000000,-0.001228,0.001770,-0.000000,-0.002484,0.001681,0.005169,-0.001809,0.000860,0.004155
4.570185,0.000000,0.000000,0.000000,-0.000982,0.001416,-0.000000,-0.000973,0.001361,0.003289,-0.001465,0.001117,0.004098
4.624592,0.000000,0.000000,0.000000,-0.000786,0.001133,-0.000000,-0.000875,0.000699,0.003915,-0.000608,0.000321,0.004053
4.678999,0.000000,0.000000,0.000000,-0.000629,0.000906,-0.000000,0.000560,-0.000440,0.003304,0.000833,-0.001035,0.003284
4.733406,-0.001573,-0.001559,0.000000,-0.002704,-0.001458,-0.000000,0.000063,-0.000404,0.002414,-0.000492,-0.000340,0.002284
4.787813,-0.001573,-0.001559,0.000000,-0.002163,-0.001166,-0.000000,0.003133,-0.001239,0.000449,0.003276,-0.000928,0.000269
4.842220,-0.001573,-0.001559,0.000000,-0.001731,-0.000933,-0.000000,0.003658,-0.001490,-0.000587,0.003277,-0.001090,-0.001193
4.896627,-0.001573,-0.001559,0.000000,-0.001385,-0.000746,-0.000000,0.004591,-0.002281,-0.002705,0.004016,-0.002115,-0.003023
4.951034,-0.001573,-0.001559,0.000000,-0.001108,-0.000597,-0.000000,0.005104,-0.002488,-0.003899,0.003913,-0.001552,-0.003315
5.005441,-0.001573,-0.001559,0.000000,-0.000886,-0.000478,-0.000000,0.004845,-0.001901,-0.004407,0.003332,-0.000993,-0.002588
5.059848,-0.001573,-0.001559,0.000000,-0.000709,-0.000382,-0.000000,0.005058,-0.001550,-0.006396,0.004283,-0.001594,-0.004814
5.114255,0.000000,0.000000,0.000000,-0.000567,-0.000306,-0.000000,0.005622,-0.000624,-0.007157,0.003058,0.000510,-0.005260
5.168662,0.000000,0.000000,0.000000,-0.000454,-0.000245,-0.000000,0.004158,-0.001338,-0.007655,0.004066,-0.001249,-0.006463
5.223069,0.000000,0.000000,0.000000,-0.000363,-0.000196,-0.000000,0.003582,-0.000663,-0.005535,0.003103,-0.000401,-0.003611
5.277476,0.000000,0.000000,0.000000,-0.000290,-0.000157,-0.000000,0.002816,0.000089,-0.004162,0.002805,-0.000512,-0.003035
5.331882,0.000000,0.000000,0.000000,-0.000232,-0.000125,-0.000000,0.002682,-0.000310,-0.003356,0.002756,-0.000828,-0.002196
5.386289,0.000000,0.000000,0.000000,-0.000186,-0.000100,-0.000000,0.002635,-0.000866,-0.003883,0.002340,-0.001191,-0.002431
5.440696,-0.002045,0.002430,0.000000,-0.003012,0.003322,-0.000000,0.001276,-0.000277,-0.002112,0.001587,-0.000929,-0.002209
5.495103,-0.002045,0.002430,0.000000,-0.002410,0.002657,-0.000000,0.002479,-0.001612,-0.001415,0.002587,-0.000828,-0.002201
5.549510,-0.002045,0.002430,0.000000,-0.001928,0.002126,-0.000000,0.000014,0.002835,0.000006,0.000236,0.003908,-0.002025
5.603917,-0.002045,0.002430,0.000000,-0.001542,0.001701,-0.000000,0.004110,0.001971,-0.001296,0.005774,0.002515,-0.001885
5.658324,0.001382,0.001611,0.000000,0.003565,0.000215,-0.000000,0.002940,0.002903,-0.001502,0.003304,0.003126,-0.001941
5.712731,0.001382,0.001611,0.000000,0.002852,0.000172,-0.000000,0.002729,0.002722,-0.001850,0.002860,0.001827,-0.001809
5.767138,0.001382,0.001611,0.000000,0.002281,0.000137,-0.000000,0.003406,0.002690,-0.002055,0.003371,0.000889,-0.002408
5.821545,0.003427,-0.000819,0.000000,0.001825,0.000110,-0.000000,0.006236,0.001823,-0.004204,0.006373,-0.000478,-0.005200
5.875952,0.003427,-0.000819,0.000000,0.001460,0.000088,-0.000000,0.005184,0.001749,-0.004258,0.004943,-0.000570,-0.004668
5.930359,0.003427,-0.000819,0.000000,0.001168,0.000070,-0.000000,0.006437,-0.001629,-0.004240,0.003875,-0.000616,-0.003975
5.984766,0.003427,-0.000819,0.000000,0.000934,0.000056,-0.000000,0.002292,-0.001068,-0.004415,0.002882,-0.000320,-0.003688
6.039173,0.000000,0.000000,0.000000,0.000748,0.000045,-0.000000,0.002839,-0.001766,-0.004012,0.001756,-0.000118,-0.002820
6.093580,0.000000,0.000000,0.000000,0.000598,0.000036,-0.000000,0.003305,-0.001288,-0.004009,0.002274,-0.000098,-0.002509
6.147987,0.000000,0.000000,0.000000,0.000478,0.000029,-0.000000,0.002401,-0.000836,-0.003321,0.001637,-0.000020,-0.002004
6.202394,0.000000,0.000000,0.000000,0.000383,0.000023,-0.000000,-0.000293,0.000036,-0.000952,0.001215,0.000017,-0.001559
6.256801,0.000000,0.000000,0.000000,0.000306,0.000018,-0.000000,-0.000218,0.000225,-0.000433,0.000920,0.000090,-0.001029
6.311208,0.000000,0.000000,0.000000,0.000245,0.000015,-0.000000,-0.000114,0.000277,-0.000294,0.000804,-0.000015,-0.000869
6.365615,0.000000,0.000000,0.000000,0.000196,0.000012,-0.000000,-0.000001,0.000283,0.000071,0.000584,0.000170,-0.000693
6.420022,0.000000,0.000000,0.000000,0.000157,0.000009,-0.000000,0.000376,0.000200,-0.000003,0.000444,0.000157,-0.000528
6.474429,0.000000,0.000000,0.000000,0.000125,0.000008,-0.000000,0.000467,-0.000186,0.000209,0.001352,-0.000418,-0.000378
6.528836,0.000000,0.000000,0.000000,0.000100,0.000006,-0.000000,0.000514,-0.000200,0.000312,0.000966,-0.000296,-0.000156
6.583243,0.000000,0.000000,0.000000,0.000080,0.000005,-0.000000,0.000505,-0.000160,0.000407,0.000665,-0.000148,0.000053
6.637650,0.000000,0.000000,0.000000,0.000064,0.000004,-0.000000,0.000547,-0.000265,0.000193,0.000539,-0.000189,-0.000039
6.692057,0.000000,0.000000,0.000000,0.000051,0.000003,-0.000000,0.000574,-0.000286,0.000105,0.000536,-0.000268,-0.000201
6.746464,0.000000,0.000000,0.000000,0.000041,0.000002,-0.000000,0.000751,-0.000477,-0.000043,0.000618,-0.000300,-0.000364
6.800871,0.000000,0.000000,0.000000,0.000033,0.000002,-0.000000,0.000743,-0.000482,-0.000057,0.000460,-0.000225,-0.000285
6.855277,0.000000,0.000000,0.000000,0.000026,0.000002,-0.000000,0.000022,-0.000086,-0.000075,0.000355,-0.000170,-0.000209
6.909684,0.000000,0.000000,0.000000,0.000021,0.000001,-0.000000,0.000218,-0.000143,-0.000205,0.000444,-0.000177,-0.000203
6.964091,0.000000,0.000000,0.000000,0.000017,0.000001,-0.000000,0.000263,-0.000144,-0.000241,0.000309,-0.000055,-0.000036
7.018498,0.000000,0.000000,0.000000,0.000013,0.000001,-0.000000,0.000257,-0.000086,-0.000163,0.000246,-0.000033,-0.000001
7.072905,0.000000,0.000000,0.000000,0.000011,0.000001,-0.000000,0.000167,0.000003,-0.000029,0.000176,-0.000018,0.000018
7.127312,0.000000,0.000000,0.000000,0.000009,0.000001,-0.000000,-0.000033,0.000106,0.000129,0.000050,0.000044,0.000033
7.181719,0.000000,0.000000,0.000000,0.000007,0.000000,-0.000000,-0.001838,0.000913,0.000144,-0.002521,0.001180,0.000054
7.236126,0.000000,0.000000,0.000000,0.000006,0.000000,-0.000000,-0.001468,0.000795,0.000200,-0.001511,0.000789,0.000140
7.290533,0.000000,0.000000,0.000000,0.000004,0.000000,-0.000000,-0.001516,0.000663,0.000246,-0.001118,0.000406,0.000140
7.344940,0.000000,0.000000,0.000000,0.000004,0.000000,-0.000000,-0.001528,0.000260,0.000168,-0.000956,-0.000154,0.000130
7.399347,0.000000,0.000000,0.000000,0.000003,0.000000,-0.000000,-0.002300,0.000340,-0.000054,-0.001847,0.000001,-0.000180
7.453754,0.000000,0.000000,0.000000,0.000002,0.000000,-0.000000,-0.002800,0.000739,0.000833,-0.002198,0.000567,0.001117
7.508161,0.000000,0.000000,0.000000,0.000002,0.000000,-0.000000,-0.002526,0.000762,0.001032,-0.001465,0.000544,0.001191
7.562568,0.000000,0.000000,0.000000,0.000001,0.000000,-0.000000,-0.000743,0.000254,0.001754,-0.001239,0.000870,0.001991
7.616975,0.000000,0.000000,0.000000,0.000001,0.000000,-0.000000,0.000163,-0.000796,0.002365,0.000784,-0.000930,0.002546
7.671382,0.000000,0.000000,0.000000,0.000001,0.000000,-0.000000,0.000178,-0.000192,0.003294,0.000739,-0.000124,0.003364
7.725789,0.000000,0.000000,0.000000,0.000001,0.000000,-0.000000,0.000430,0.000262,0.003588,0.000882,0.000059,0.003121
7.780196,0.000000,0.000000,0.000000,0.000001,0.000000,-0.000000,0.002340,-0.000757,0.004097,0.002298,-0.001256,0.002926
7.834603,0.000000,0.000000,0.000000,0.000000,0.000000,-0.000000,0.002123,-0.003268,0.003504,0.000815,-0.003953,0.002770
7.889010,0.000000,0.000000,0.000000,0.000000,0.000000,-0.000000,0.004265,-0.004933,0.002333,0.003944,-0.005404,0.000875
7.943417,0.000000,0.000000,0.000000,0.000000,0.000000,-0.000000,0.005348,-0.006635,-0.000136,0.004605,-0.006271,-0.001718
7.997824,-0.000542,0.000540,0.000000,-0.000759,0.000755,-0.000000,0.004316,-0.005781,-0.001565,0.004013,-0.005448,-0.002422
8.052231,0.001509,-0.000871,0.000000,0.002265,-0.001371,-0.000000,0.004620,-0.006529,-0.002570,0.003748,-0.004785,-0.002017
8.106638,0.001509,-0.000871,0.000000,0.001812,-0.001097,-0.000000,0.002324,-0.005844,-0.003835,0.000075,-0.002711,-0.002956
8.161045,0.001509,-0.000871,0.000000,0.001449,-0.000877,-0.000000,0.000924,-0.005067,-0.004000,-0.000307,-0.002383,-0.002166
8.215452,0.001509,-0.000871,0.000000,0.001160,-0.000702,-0.000000,0.001943,-0.004285,-0.004364,0.000157,-0.003762,-0.001812
8.269859,0.001509,-0.000871,0.000000,0.000928,-0.000561,-0.000000,-0.000734,-0.002745,-0.002855,-0.000331,-0.003093,-0.000679
8.324266,0.001277,0.000898,0.000000,0.000418,0.002028,-0.000000,-0.003490,-0.001225,-0.000154,-0.002673,-0.002295,0.000820
8.378672,0.001820,0.000358,0.000000,0.000334,0.001622,-0.000000,-0.005502,-0.001341,0.000663,-0.004625,-0.002430,0.000753
8.433079,-0.000232,0.001769,0.000000,0.000267,0.001298,-0.000000,-0.005480,-0.001923,0.000862,-0.003133,-0.003186,0.000801
8.487486,-0.000715,0.002053,0.000000,-0.000462,0.001435,-0.000000,-0.003586,-0.003491,0.001005,-0.002778,-0.003626,-0.000501
8.541893,-0.000715,0.002053,0.000000,-0.000370,0.001148,-0.000000,-0.003231,-0.004082,-0.000798,-0.002093,-0.003943,-0.002726
8.596300,-0.000715,0.002053,0.000000,-0.000296,0.000918,-0.000000,-0.003529,-0.002766,-0.000750,-0.001688,-0.003167,-0.002194
8.650707,-0.000715,0.002053,0.000000,-0.000237,0.000735,-0.000000,-0.003172,-0.002747,-0.001396,-0.001307,-0.002590,-0.001888
8.705114,-0.000483,0.000283,0.000000,-0.000189,0.000588,-0.000000,0.000142,-0.004047,-0.004709,0.001185,-0.003714,-0.004786
8.759521,-0.000483,0.000283,0.000000,-0.000151,0.000470,-0.000000,0.001940,-0.003435,-0.004481,0.000979,-0.002707,-0.003412
8.813928,-0.000483,0.000283,0.000000,-0.000121,0.000376,-0.000000,0.001834,-0.002543,-0.004504,0.001202,-0.002159,-0.002563
8.868335,0.000109,0.000292,0.000000,0.000056,0.000710,-0.000000,0.002119,-0.001581,-0.003493,0.001088,-0.001458,-0.001777
8.922742,0.000109,0.000292,0.000000,0.000045,0.000568,-0.000000,0.001994,-0.000867,-0.002026,0.000826,-0.001210,-0.001693
8.977149,0.000109,0.000292,0.000000,0.000036,0.000454,-0.000000,0.001793,-0.000737,-0.001626,0.000365,-0.000798,-0.000807
9.031556,0.000109,0.000292,0.000000,0.000029,0.000363,-0.000000,0.002972,-0.001055,-0.001335,0.001986,-0.001140,-0.000372
9.085963,0.000109,0.000292,0.000000,0.000023,0.000291,-0.000000,0.002120,-0.000122,0.000511,0.002626,-0.001247,-0.000988
9.140370,0.000109,0.000292,0.000000,0.000018,0.000233,-0.000000,0.002490,-0.000132,-0.000027,0.002650,-0.000748,-0.001127
9.194777,0.000109,0.000292,0.000000,0.000015,0.000186,-0.000000,0.002181,-0.000399,-0.001015,0.002106,-0.000966,-0.002119
9.249184,0.000000,0.000000,0.000000,0.000012,0.000149,-0.000000,0.001919,0.000193,-0.001705,0.001446,0.000325,-0.002386
9.303591,0.000000,0.000000,0.000000,0.000009,0.000119,-0.000000,0.002455,-0.000061,-0.002482,0.001861,-0.000138,-0.003269
9.357998,0.000000,0.000000,0.000000,0.000007,0.000095,-0.000000,0.002572,0.000018,-0.002358,0.001359,0.000169,-0.001894
9.412405,0.000000,0.000000,0.000000,0.000006,0.000076,-0.000000,0.001097,0.000759,-0.001993,0.000715,0.000671,-0.000731
9.466812,0.000000,0.000000,0.000000,0.000005,0.000061,-0.000000,0.000324,0.001100,-0.001181,0.000528,0.000680,-0.000139
9.521219,0.000000,0.000000,0.000000,0.000004,0.000049,-0.000000,-0.000293,0.001097,-0.000552,0.000107,0.000789,0.000434
9.575626,0.000000,0.000000,0.000000,0.000003,0.000039,-0.000000,0.000501,0.001082,0.000707,0.001182,0.000243,0.000892
9.630033,0.000000,0.000000,0.000000,0.000002,0.000031,-0.000000,0.001015,0.000324,0.001590,0.001427,0.000231,0.001258
9.684440,0.000000,0.000000,0.000000,0.000002,0.000025,-0.000000,0.000809,0.000670,0.002595,0.001557,0.000271,0.001055
9.738847,0.000000,0.000000,0.000000,0.000002,0.000020,-0.000000,0.001124,0.000598,0.002015,0.001557,0.000396,0.000752
9.793254,0.000000,0.000000,0.000000,0.000001,0.000016,-0.000000,0.001432,0.000284,0.001389,0.001305,0.000412,0.000509
9.847661,0.000000,0.000000,0.000000,0.000001,0.000013,-0.000000,0.001498,0.000142,0.001017,0.001092,0.000274,0.000334
9.902067,0.000000,0.000000,0.000000,0.000001,0.000010,-0.000000,0.001727,-0.000063,0.000554,0.000880,0.000178,0.000163
9.956474,0.000000,0.000000,0.000000,0.000001,0.000008,-0.000000,0.001005,0.000129,0.000112,0.000789,0.000022,0.000057
10.010881,0.000000,0.000000,0.000000,0.000001,0.000007,-0.000000,0.000684,0.000082,-0.000343,0.000662,-0.000011,-0.000047
10.065288,0.000000,0.000000,0.000000,0.000000,0.000005,-0.000000,0.000387,0.000020,-0.000378,0.000531,-0.000009,-0.000039
10.119695,0.000000,0.000000,0.000000,0.000000,0.000004,-0.000000,0.000165,-0.000108,-0.000312,0.000425,-0.000008,-0.000031
10.174102,0.000000,0.000000,0.000000,0.000000,0.000003,-0.000000,0.000126,-0.000177,-0.000259,0.000344,-0.000008,-0.000043
10.228509,0.000000,0.000000,0.000000,0.000000,0.000003,-0.000000,0.000067,-0.000129,-0.000211,0.000241,0.000005,-0.000041
10.282916,0.000000,0.000000,0.000000,0.000000,0.000002,-0.000000,0.000062,-0.000099,-0.000137,0.000193,0.000004,-0.000033
10.337323,0.000000,0.000000,0.000000,0.000000,0.000002,-0.000000,0.000002,-0.000015,-0.000086,0.000154,0.000003,-0.000028
10.391730,0.000000,0.000000,0.000000,0.000000,0.000001,-0.000000,-0.000063,0.000074,-0.000020,0.000064,0.000098,-0.000023
10.446137,0.000000,0.000000,0.000000,0.000000,0.000001,-0.000000,-0.000643,-0.000231,-0.000019,-0.000759,-0.000350,-0.000018
10.500544,0.000000,0.000000,0.000000,0.000000,0.000001,-0.000000,-0.000765,-0.000333,-0.000019,-0.000778,-0.000423,-0.000014
10.554951,0.000000,0.000000,0.000000,0.000000,0.000001,-0.000000,-0.000831,-0.000341,0.000010,-0.000711,-0.000351,0.000011
10.609358,0.000000,0.000000,0.000000,0.000000,0.000001,-0.000000,-0.001615,-0.000351,-0.000020,-0.001701,-0.000283,-0.000040
10.663765,0.000000,0.000000,0.000000,0.000000,0.000000,-0.000000,-0.001287,-0.000373,0.000065,-0.000901,-0.000257,0.000087
10.718172,0.000000,0.000000,0.000000,0.000000,0.000000,-0.000000,-0.001207,-0.000436,-0.000121,-0.000609,-0.000295,-0.000193
10.772579,0.000000,0.000000,0.000000,0.000000,0.000000,-0.000000,-0.001044,-0.000839,-0.000156,-0.000318,-0.000705,-0.000203
10.826986,0.000000,0.000000,0.000000,0.000000,0.000000,-0.000000,-0.000904,-0.000468,-0.000211,-0.000869,-0.000472,-0.000240
10.881393,0.000000,0.000000,0.000000,0.000000,0.000000,-0.000000,-0.001236,-0.000097,-0.000267,-0.001331,-0.000001,-0.000269
10.935800,0.000000,0.000000,0.000000,0.000000,0.000000,-0.000000,-0.001337,-0.000117,-0.000229,-0.001296,-0.000042,-0.000140
10.990207,0.000000,0.000000,0.000000,0.000000,0.000000,-0.000000,-0.000517,-0.000345,-0.000224,-0.001020,-0.000356,-0.000153
11.044614,0.000000,0.000000,0.000000,0.000000,0.000000,-0.000000,-0.000514,-0.000529,-0.000207,-0.000351,-0.000572,0.000019
11.099021,0.000000,0.000000,0.000000,0.000000,0.000000,-0.000000,-0.000741,-0.000396,0.000142,-0.000489,-0.000360,0.000242
11.153428,0.000000,0.000000,0.000000,0.000000,0.000000,-0.000000,-0.001190,0.000042,0.000446,-0.000850,-0.000145,0.000571
11.207835,0.000000,0.000000,0.000000,0.000000,0.000000,-0.000000,-0.000734,-0.000046,0.000509,-0.000655,-0.000147,0.000467
11.262242,0.000000,0.000000,0.000000,0.000000,0.000000,-0.000000,-0.000196,-0.000349,0.000671,-0.000407,-0.000165,0.000523
11.316649,0.000000,0.000000,0.000000,0.000000,0.000000,-0.000000,-0.000184,-0.000187,0.000856,-0.000540,0.000054,0.000752
11.371055,0.000000,0.000000,0.000000,0.000000,0.000000,-0.000000,-0.000485,0.000239,0.001246,-0.000836,0.000316,0.001107
11.425462,0.000000,0.000000,0.000000,0.000000,0.000000,-0.000000,-0.000312,0.000576,0.001523,0.000038,0.000439,0.001415
11.479869,0.000000,0.000000,0.000000,0.000000,0.000000,-0.000000,-0.000154,0.000982,0.001991,0.000044,0.001016,0.002014
11.534276,0.000000,0.000000,0.000000,0.000000,0.000000,-0.000000,0.000628,0.000908,0.001869,0.000672,0.000853,0.001818
11.588683,0.000000,0.000000,0.000000,0.000000,0.000000,-0.000000,0.002546,-0.000047,0.002223,0.003246,-0.000686,0.001959
11.643090,0.000000,0.000000,0.000000,0.000000,0.000000,-0.000000,0.002199,-0.000000,0.001937,0.002228,-0.000530,0.001317
11.697497,0.000000,0.000000,0.000000,0.000000,0.000000,-0.000000,0.002157,0.000240,0.002535,0.001509,0.000097,0.002225
11.751904,0.000000,0.000000,0.000000,0.000000,0.000000,-0.000000,0.002692,-0.000387,0.001005,0.001552,-0.000526,0.000143
11.806311,0.000000,0.000000,0.000000,0.000000,0.000000,-0.000000,0.001925,-0.000435,0.000837,0.000875,-0.000302,0.000409
11.860718,0.000000,0.000000,0.000000,0.000000,0.000000,-0.000000,0.002183,-0.001249,-0.000539,0.001075,-0.000717,-0.000717
11.915125,0.000000,0.000000,0.000000,0.000000,0.000000,-0.000000,0.001596,-0.001034,-0.000300,0.000675,-0.000232,-0.000033
11.969532,0.000000,0.000000,0.000000,0.000000,0.000000,-0.000000,-0.000058,-0.000341,-0.001250,0.000933,-0.000585,-0.000851
12.023939,0.000000,0.000000,0.000000,0.000000,0.000000,-0.000000,0.000450,-0.000392,-0.001341,0.001089,-0.000520,-0.001059
12.078346,0.000000,0.000000,0.000000,0.000000,0.000000,-0.000000,0.000683,-0.000703,-0.002112,0.000923,-0.000330,-0.000755
12.132753,0.000000,0.000000,0.000000,0.000000,0.000000,-0.000000,0.000582,-0.000104,-0.001027,0.000943,-0.000030,-0.000722
12.187160,0.000000,0.000000,0.000000,0.000000,0.000000,-0.000000,0.000827,-0.000192,-0.001269,0.000731,-0.000028,-0.000622
12.241567,0.000000,0.000000,0.000000,0.000000,0.000000,-0.000000,0.000418,0.000361,-0.000607,0.000386,0.000276,-0.000615
12.295974,0.000000,0.000000,0.000000,0.000000,0.000000,-0.000000,0.000494,0.000202,-0.000810,0.000231,0.000340,-0.000235
12.350381,0.000000,0.000000,0.000000,0.000000,0.000000,-0.000000,0.000150,0.000574,0.000018,0.000095,0.000394,0.000146
12.404788,0.000000,0.000000,0.000000,0.000000,0.000000,-0.000000,-0.000117,0.000614,0.000359,0.000046,0.000319,0.000216
12.459195,0.000000,0.000000,0.000000,0.000000,0.000000,-0.000000,-0.000216,0.000538,0.000295,-0.000051,0.000235,0.000176
12.513602,0.000000,0.000000,0.000000,0.000000,0.000000,-0.000000,-0.000482,0.000455,0.000604,-0.000208,0.000306,0.000456
12.568009,0.000000,0.000000,0.000000,0.000000,0.000000,-0.000000,-0.000626,0.000550,0.000826,-0.000391,0.000373,0.000629
12.622416,0.000000,0.000000,0.000000,0.000000,0.000000,-0.000000,-0.000486,0.000354,0.001098,-0.000316,0.000323,0.000768
12.676823,0.000000,0.000000,0.000000,0.000000,0.000000,-0.000000,-0.000413,0.000335,0.001102,-0.000229,0.000351,0.000876
12.731230,0.000000,0.000000,0.000000,0.000000,0.000000,-0.000000,-0.000355,0.000239,0.001050,-0.000191,0.000268,0.000963
12.785637,0.000000,0.000000,0.000000,0.000000,0.000000,-0.000000,-0.000304,0.000295,0.001201,-0.000111,0.000297,0.001081
12.840044,0.000000,0.000000,0.000000,0.000000,0.000000,-0.000000,-0.001086,0.001094,0.001386,-0.001272,0.001336,0.001127
12.894450,0.000000,0.000000,0.000000,0.000000,0.000000,-0.000000,-0.001151,0.001462,0.001348,-0.001276,0.001703,0.001163
12.948857,0.000000,0.000000,0.000000,0.000000,0.000000,-0.000000,-0.001046,0.001578,0.001644,-0.001098,0.001652,0.001609
13.003264,0.000000,0.000000,0.000000,0.000000,0.000000,-0.000000,-0.000286,0.002577,0.001940,0.000182,0.002745,0.001966
13.057671,0.002559,-0.000242,0.000000,0.003582,-0.000339,-0.000000,-0.001124,0.003312,0.003723,-0.001003,0.003317,0.004331
13.112078,0.002559,-0.000242,0.000000,0.002866,-0.000271,-0.000000,-0.001964,0.003879,0.004826,-0.001987,0.003435,0.005272
13.166485,0.002559,-0.000242,0.000000,0.002293,-0.000217,-0.000000,-0.003131,0.004258,0.006085,-0.003182,0.003361,0.006291
13.220892,0.002559,-0.000242,0.000000,0.001834,-0.000174,-0.000000,-0.002670,0.001824,0.007379,-0.003083,0.000380,0.007106
13.275299,0.006655,-0.002087,0.000000,0.007202,-0.002721,-0.000000,-0.002544,0.000760,0.008674,-0.002548,-0.000552,0.007759
13.329706,0.006655,-0.002087,0.000000,0.005761,-0.002177,-0.000000,-0.002661,0.000107,0.007484,-0.002279,-0.001066,0.005220
13.384113,0.006987,-0.001079,0.000000,0.005075,-0.000331,-0.000000,-0.003670,-0.000545,0.006298,-0.002176,-0.000342,0.003194
13.438520,0.004429,-0.000837,0.000000,0.004060,-0.000264,-0.000000,-0.002473,-0.001457,0.003626,-0.001215,-0.000430,0.001573
13.492927,0.004429,-0.000837,0.000000,0.003248,-0.000212,-0.000000,-0.001624,-0.002036,0.001634,-0.000967,-0.000372,0.000277
13.547334,0.004429,-0.000837,0.000000,0.002598,-0.000169,-0.000000,-0.000487,-0.002474,0.000153,-0.000774,-0.000297,0.000221
13.601741,0.011013,0.017766,0.000000,0.011297,0.025908,-0.000000,0.001210,-0.002405,-0.001468,0.001220,-0.002451,-0.000019
13.656148,0.006917,0.019610,0.000000,0.009038,0.020726,-0.000000,0.001234,-0.001712,-0.002924,0.000927,-0.001847,0.000019
13.710555,0.006917,0.019610,0.000000,0.007230,0.016581,-0.000000,0.001368,-0.001254,-0.002210,0.000688,-0.001461,0.000028
13.764962,0.006585,0.018602,0.000000,0.005784,0.013265,-0.000000,0.001276,-0.001403,-0.001509,0.000070,-0.000866,0.000023
13.819369,0.006585,0.018602,0.000000,0.004627,0.010612,-0.000000,0.000738,-0.001242,-0.000798,-0.000171,-0.000623,0.000031
13.873776,0.006585,0.018602,0.000000,0.003702,0.008489,-0.000000,0.000043,-0.001132,-0.000072,-0.001105,-0.000373,0.000059
13.928183,0.006585,0.018602,0.000000,0.002961,0.006792,-0.000000,-0.000309,-0.000944,0.000062,-0.001377,-0.000035,0.000235
13.982590,0.000000,0.000000,0.000000,0.002369,0.005433,-0.000000,-0.002113,0.000870,0.000730,-0.001789,0.000298,0.000927
14.036997,0.000000,0.000000,0.000000,0.001895,0.004347,-0.000000,-0.004440,0.002017,0.001234,-0.004737,0.001958,0.001482
14.091404,-0.000202,-0.001031,0.000000,0.001233,0.002033,-0.000000,-0.004305,0.002198,0.001658,-0.003654,0.001836,0.001792
14.145811,-0.000202,-0.001031,0.000000,0.000986,0.001627,-0.000000,-0.004103,0.002100,0.002208,-0.003121,0.001635,0.002204
14.200218,-0.000202,-0.001031,0.000000,0.000789,0.001301,-0.000000,-0.003873,0.002097,0.002727,-0.002402,0.001374,0.002503
14.254625,-0.000202,-0.001031,0.000000,0.000631,0.001041,-0.000000,-0.003124,0.002003,0.002712,-0.001841,0.001092,0.002016
14.309032,-0.000202,-0.001031,0.000000,0.000505,0.000833,-0.000000,-0.003289,0.002382,0.002772,-0.002197,0.001668,0.001883
14.363439,-0.000202,-0.001031,0.000000,0.000404,0.000666,-0.000000,-0.002729,0.002441,0.002831,-0.001661,0.001743,0.002329
14.417845,-0.000202,-0.001031,0.000000,0.000323,0.000533,-0.000000,-0.000376,0.001255,0.002382,-0.001342,0.001454,0.001975
14.472252,0.000000,0.000000,0.000000,0.000259,0.000426,-0.000000,-0.000286,0.001186,0.002035,-0.000811,0.001335,0.001701
14.526659,0.000192,0.002173,0.000000,0.000476,0.003384,-0.000000,-0.003174,0.002496,0.001884,-0.004889,0.003069,0.001919
14.581066,0.000192,0.002173,0.000000,0.000381,0.002707,-0.000000,-0.005246,0.003671,0.001943,-0.006719,0.004166,0.002358
14.635473,0.000192,0.002173,0.000000,0.000304,0.002166,-0.000000,-0.006368,0.004250,0.003354,-0.006865,0.004136,0.003874
14.689880,0.000205,0.001068,0.000000,0.000261,0.000184,-0.000000,-0.008604,0.005363,0.006580,-0.009345,0.005662,0.007888
14.744287,-0.001811,-0.000202,0.000000,-0.002613,-0.001629,-0.000000,-0.007686,0.011164,0.005879,-0.006095,0.013060,0.006151
14.798694,-0.001811,-0.000202,0.000000,-0.002090,-0.001303,-0.000000,-0.007297,0.009128,0.008435,-0.004345,0.007656,0.008611
14.853101,-0.001890,0.000641,0.000000,-0.001782,0.000137,-0.000000,-0.008757,0.009440,0.009289,-0.005257,0.006735,0.008205
14.907508,-0.002081,-0.001532,0.000000,-0.001426,0.000110,-0.000000,-0.006461,0.008610,0.009957,-0.005232,0.006226,0.008058
14.961915,-0.006166,0.001612,0.000119,-0.006859,0.004490,0.000167,-0.004091,0.005381,0.010842,-0.003675,0.002172,0.008508
15.016322,-0.008212,0.000158,0.000238,-0.008352,0.001555,0.000300,-0.004380,0.006123,0.010362,-0.004834,0.003579,0.008123
15.070729,-0.005503,0.001608,0.000238,-0.002870,0.001728,0.000240,-0.004286,0.006385,0.008009,-0.007590,0.005583,0.007992
15.125136,-0.003487,0.002878,0.000238,-0.002296,0.001382,0.000192,-0.005947,0.001360,0.009595,-0.007016,0.005961,0.008455
15.179543,-0.004719,0.001291,0.000397,-0.003562,-0.001116,0.000377,-0.006800,0.003851,0.007948,-0.006275,0.005465,0.008148
15.233950,-0.004641,0.000448,0.000397,-0.002850,-0.000893,0.000301,-0.007360,0.004797,0.011076,-0.007585,0.006306,0.012213
15.288357,-0.004641,0.000448,0.000397,-0.002280,-0.000714,0.000241,-0.007889,0.005426,0.013914,-0.007835,0.006763,0.015238
15.342764,0.000279,-0.004153,0.000278,-0.000654,-0.002610,0.000193,-0.008555,0.007962,0.016509,-0.006690,0.006153,0.017885
15.397171,0.002326,-0.002698,0.000159,-0.000523,-0.002088,0.000154,-0.006061,0.005824,0.019474,-0.003754,0.003771,0.019775
15.451578,-0.000397,-0.003043,0.000159,-0.000419,-0.001671,0.000123,-0.002580,0.002932,0.018560,-0.001852,0.001688,0.016034
15.505985,-0.002356,-0.000297,0.000159,-0.003078,0.002508,0.000099,-0.002383,0.001874,0.018506,-0.002150,0.001364,0.014814
15.560392,-0.001124,0.001290,0.000000,-0.002463,0.002006,0.000079,-0.002089,0.001787,0.019117,-0.001971,0.001665,0.014090
15.614799,0.001983,-0.000371,0.000000,0.002380,-0.000720,0.000063,0.000206,-0.000431,0.015322,-0.000929,0.000161,0.011654
15.669206,0.001983,-0.000371,0.000000,0.001904,-0.000576,0.000051,0.001863,-0.001643,0.011690,-0.000191,0.000150,0.009705
15.723613,-0.000247,0.008010,0.000000,-0.000430,0.009233,0.000040,-0.001102,-0.000479,0.008485,-0.004726,0.002493,0.008973
15.778020,-0.000247,0.008010,0.000000,-0.000344,0.007386,0.000032,-0.002539,0.000252,0.005096,-0.004194,0.001866,0.007901
15.832427,0.000141,0.008310,0.000000,0.000269,0.006330,0.000026,-0.003421,0.001028,0.005979,-0.003439,0.001250,0.007771
15.886834,0.002101,0.005564,0.000000,0.000215,0.005064,0.000021,-0.002034,0.000704,0.005019,-0.001477,0.000560,0.006859
15.941240,0.001454,0.005472,0.000000,-0.000733,0.003922,0.000017,-0.002486,0.000775,0.004283,-0.002066,0.001120,0.006696
15.995647,-0.001653,0.007133,0.000000,-0.000586,0.003138,0.000013,-0.004173,0.002671,0.005046,-0.003367,0.002380,0.006806
16.050054,-0.001653,0.007133,0.000000,-0.000469,0.002510,0.000011,-0.004307,0.002622,0.004944,-0.002329,0.001858,0.005685
16.104461,-0.000258,0.000209,0.000000,-0.000375,0.002008,0.000008,-0.001801,0.002035,0.006990,-0.002928,0.003037,0.008621
16.158868,-0.000258,0.000209,0.000000,-0.000300,0.001607,0.000007,-0.001899,0.002620,0.007643,-0.002893,0.003119,0.008534
16.213275,-0.000646,-0.000092,0.000000,-0.000240,0.001285,0.000005,-0.006245,0.002404,0.008564,-0.008482,0.001952,0.009565
16.267682,-0.000646,-0.000092,0.000000,-0.000192,0.001028,0.000004,-0.005711,0.002188,0.007738,-0.004765,0.000818,0.007139
16.322089,0.000000,0.000000,0.000000,-0.000154,0.000823,0.000003,-0.004615,0.001335,0.006267,-0.003162,0.000133,0.004861
16.376496,0.001472,0.001778,0.000000,0.001938,0.003148,0.000003,-0.003541,0.000418,0.005616,-0.002739,0.000306,0.004426
16.430903,0.002140,0.001328,0.000000,0.002486,0.001887,0.000002,-0.000013,-0.002024,0.005829,0.003112,-0.003220,0.004079
16.485310,0.002140,0.001328,0.000000,0.001989,0.001510,0.000002,0.001143,-0.003140,0.004082,0.003043,-0.002587,0.004890
16.539717,0.002140,0.001328,0.000000,0.001591,0.001208,0.000001,0.002827,-0.004092,0.002906,0.004242,-0.002714,0.003904
16.594124,0.000187,0.004059,0.000000,-0.001462,0.004790,0.000001,0.008765,-0.004687,0.000479,0.005539,-0.003548,0.002463
16.648531,0.002081,0.004504,0.000000,0.001482,0.004455,0.000001,0.002671,-0.000587,0.000841,-0.002080,0.002159,0.001963
16.702938,0.002081,0.004504,0.000000,0.001185,0.003564,0.000001,0.002790,-0.000162,0.002999,-0.000846,0.001799,0.003742
16.757345,0.000539,0.004651,0.000000,0.000850,0.005547,0.000001,0.002815,-0.000075,0.003530,-0.000853,0.001762,0.004275
16.811752,-0.000130,0.005102,0.000000,0.000680,0.004438,0.000000,0.000856,0.002069,0.002915,0.001879,0.000947,0.003097
16.866159,-0.000130,0.005102,0.000000,0.000544,0.003550,0.000000,-0.001092,0.003504,0.005753,-0.000671,0.002754,0.008077
16.920566,0.001739,0.001878,0.000000,0.003051,-0.001673,0.000000,-0.003852,0.005367,0.009334,-0.002593,0.004169,0.011468
16.974973,0.002645,-0.000005,0.000000,0.000975,-0.000151,0.000000,-0.005155,0.006528,0.012233,-0.001753,0.003583,0.012573
17.029380,0.001575,0.001505,-0.000183,0.001933,0.002616,-0.000256,-0.000283,0.003191,0.015114,-0.001093,0.003191,0.014083
17.083787,0.002624,0.002630,-0.000183,0.003016,0.003668,-0.000205,0.000181,0.001051,0.016438,0.000594,-0.000370,0.015292
17.138194,0.005884,-0.000339,0.000852,0.006878,0.001473,0.001286,0.001628,0.001155,0.018398,0.002325,0.000172,0.016259
17.192601,0.003661,0.000443,0.002079,0.002391,0.002274,0.002746,-0.005076,0.004778,0.021056,-0.004965,0.004747,0.016405
17.247008,0.000977,0.004571,0.003305,-0.001846,0.007598,0.003913,-0.006290,0.007222,0.019484,-0.007846,0.009216,0.016522
17.301415,-0.000892,0.007795,0.003305,-0.001477,0.006079,0.003131,0.000138,0.001255,0.018782,0.000666,0.000984,0.017243
17.355822,0.004212,0.004261,0.004531,0.004498,0.001103,0.004221,0.001401,0.001452,0.018976,0.002622,0.001310,0.017463
17.410229,0.004825,0.004043,0.005675,0.005610,0.003313,0.004721,0.001213,-0.000071,0.017140,0.002145,-0.000758,0.015426
17.464635,0.004471,0.002011,0.005300,0.005462,0.001383,0.003253,-0.003241,0.004609,0.022999,-0.003053,0.003023,0.024568
17.519042,0.001282,0.003055,0.004264,0.004369,0.001106,0.002602,-0.004856,0.006476,0.027266,-0.002853,0.005499,0.029653
17.573449,0.000446,0.005155,0.003038,-0.000787,0.004920,0.002082,0.003992,0.000073,0.021123,0.003281,0.000045,0.018522
17.627856,0.005827,0.000259,0.003397,0.003146,0.002860,0.003885,-0.003342,0.002790,0.034446,-0.011518,0.009259,0.036867
17.682263,0.008993,0.001518,0.006062,0.006950,0.004051,0.006838,-0.012224,0.009566,0.036917,-0.014706,0.010504,0.036978
17.736670,0.004937,0.004204,0.004835,0.005560,0.003241,0.005471,-0.014890,0.011838,0.040960,-0.013408,0.012107,0.038912
17.791077,0.004230,0.003409,0.005461,0.005470,0.003911,0.006596,-0.006719,0.006249,0.046585,0.000761,0.000054,0.040460
17.845484,0.006407,0.005114,0.009082,0.008398,0.004248,0.009822,-0.001807,0.002402,0.035508,0.002718,-0.001713,0.029087
17.899891,0.010107,0.003926,0.011025,0.011898,0.001734,0.010578,-0.002114,-0.000052,0.029574,0.001333,-0.001725,0.024961
17.954298,0.011333,0.001200,0.013689,0.006953,0.001607,0.012192,-0.003993,0.000731,0.034308,0.003999,-0.004637,0.021395
18.008705,0.008489,0.000930,0.011542,0.005356,-0.000169,0.008967,0.009119,-0.007457,0.018156,0.007413,-0.005950,0.016553
18.063112,-0.003692,0.007280,0.012124,-0.008336,0.010518,0.011719,0.017169,-0.010769,0.009415,0.011709,-0.006301,0.008490
18.117519,-0.003692,0.007280,0.012124,-0.006669,0.008415,0.009375,0.021124,-0.016161,-0.002459,0.013260,-0.008886,-0.000502
18.171926,-0.001052,0.007671,0.012212,-0.000617,0.008597,0.009843,0.013225,-0.009716,-0.006328,0.011037,-0.007717,0.003512
18.226333,-0.004284,0.008834,0.014153,-0.000996,0.009626,0.015137,0.010930,-0.007190,-0.000537,0.007726,-0.004392,0.007636
18.280740,-0.003393,0.011000,0.014692,0.005630,0.009069,0.015584,0.012914,-0.005764,0.004353,0.008118,-0.001873,0.014645
18.335147,-0.004409,0.014288,0.019011,0.000516,0.012078,0.022245,0.009892,-0.002829,0.010589,0.005195,-0.000646,0.021873
18.389554,0.001581,0.012238,0.018777,0.008592,0.005338,0.016680,0.008897,-0.002014,0.011124,0.006977,-0.001616,0.017685
18.443961,0.005709,0.006699,0.017280,0.000033,0.007169,0.015795,0.003475,0.001151,0.022891,0.003769,0.001597,0.025870
18.498368,0.003793,0.005693,0.020309,-0.002657,0.004327,0.016876,-0.002345,0.006282,0.035265,-0.001240,0.004616,0.030725
18.552775,-0.005924,0.012676,0.021117,-0.011011,0.015102,0.016975,-0.007726,0.009870,0.041018,-0.008096,0.008107,0.036548
18.607182,-0.002249,0.008846,0.014899,-0.004166,0.009469,0.012137,-0.000640,0.009748,0.044826,0.002340,0.008096,0.039396
18.661589,-0.004675,0.007808,0.013040,-0.000303,0.007490,0.010582,-0.003856,0.009925,0.042823,-0.000694,0.008366,0.037249
18.715996,-0.000562,0.005181,0.009033,0.001528,0.007137,0.012632,-0.004420,0.011244,0.041693,-0.002644,0.009391,0.038374
18.770403,-0.005008,0.008034,0.008777,0.003178,0.005379,0.008632,-0.007149,0.012421,0.042912,-0.003114,0.008062,0.032592
18.824810,0.000747,0.006153,0.007320,0.003758,0.004569,0.007316,-0.007991,0.011576,0.038157,-0.005482,0.008156,0.031138
18.879217,-0.002272,0.013906,0.004583,-0.003903,0.013100,0.006263,-0.007576,0.011174,0.036837,-0.008060,0.009301,0.033092
18.933624,0.004080,0.007888,0.001997,-0.003115,0.013697,0.004864,-0.001158,0.007635,0.027328,-0.004567,0.006900,0.025130
18.988030,-0.002539,0.013098,0.003321,-0.007116,0.015638,0.004301,-0.010044,0.008232,0.024819,-0.007277,0.007967,0.026748
19.042437,-0.000710,0.010695,0.002991,-0.000103,0.009062,0.003851,-0.007329,0.005283,0.021127,-0.004587,0.004134,0.021963
19.096844,-0.001975,0.009878,0.000014,-0.000082,0.007249,0.003081,-0.005370,0.002665,0.015199,-0.003015,0.002340,0.017845
19.151251,-0.001311,0.011051,0.002311,0.002819,0.007111,0.004206,-0.002450,0.000418,0.012724,0.000676,-0.000724,0.012703
19.205658,-0.004394,0.012760,0.002018,-0.000845,0.008347,0.003365,-0.000226,-0.001563,0.009102,0.000663,-0.001647,0.010157
19.260065,0.004980,0.004204,-0.001713,0.005538,0.004144,-0.002121,0.003080,-0.003060,0.003454,0.001485,-0.000636,0.008401
19.314472,0.004598,0.002475,0.000220,0.003902,0.004112,0.000862,0.001235,-0.003611,0.005057,0.000486,-0.001822,0.007620
19.368879,0.009577,-0.002142,0.001316,0.005469,0.001507,0.002635,0.002287,-0.005831,0.001684,-0.001762,-0.002118,0.008018
19.423286,0.006042,-0.001377,0.002413,0.005016,-0.001173,0.004053,0.002596,-0.004218,0.002397,0.000257,-0.001677,0.007978
19.477693,0.003465,0.000288,0.006693,0.000406,0.001394,0.009234,0.006561,-0.005010,0.003318,0.006411,-0.003418,0.007946
19.532100,-0.003998,-0.003037,0.011514,-0.007239,-0.002229,0.015878,0.003007,-0.003134,0.005558,0.003243,-0.002703,0.007921
19.586507,0.002231,-0.009191,0.013341,-0.000171,-0.007740,0.015261,0.002535,-0.002211,0.006679,0.002055,-0.001938,0.007900
19.640914,-0.003051,-0.005118,0.023659,-0.001319,-0.003024,0.021841,0.001718,-0.002768,0.007856,0.001454,-0.001649,0.008242
19.695321,-0.002329,-0.005313,0.026845,-0.000571,-0.001895,0.024493,0.001585,-0.000114,0.011821,0.000277,0.001083,0.013045
19.749728,-0.003273,-0.002322,0.027362,0.000569,0.000888,0.022263,0.003995,-0.000562,0.010911,0.001444,-0.000421,0.011084
19.804135,-0.002239,-0.000939,0.027437,0.002543,0.000269,0.019860,0.004201,-0.000629,0.008949,0.003111,-0.000412,0.007684
19.858542,-0.000787,0.001893,0.025064,0.000460,0.006511,0.018557,-0.000653,0.000915,0.013782,0.001898,-0.000245,0.014476
19.912949,0.007128,0.004031,0.017726,0.003886,0.004859,0.013064,0.001250,0.001223,0.016098,0.002296,0.000266,0.016387
19.967356,0.003114,0.008286,0.015898,0.003109,0.003887,0.010451,0.004433,-0.001529,0.014300,0.005755,-0.003416,0.012156
20.021763,0.001091,0.012348,0.010482,-0.001527,0.011965,0.010410,0.004290,-0.000441,0.015214,0.004214,-0.001308,0.012927
20.076170,0.006624,0.014594,0.007541,0.007009,0.013240,0.011230,0.009725,-0.007325,0.004168,0.010093,-0.008281,0.001328
20.130577,0.006048,0.014014,0.007816,0.005826,0.012184,0.012038,0.009403,-0.008085,0.002807,0.008846,-0.008976,-0.000194
20.184984,0.007851,0.016667,0.006363,0.009274,0.013019,0.009646,0.008753,-0.008242,0.007416,0.008122,-0.007477,0.005114
20.239391,0.011047,0.008450,0.005519,0.010318,0.005208,0.009204,0.008167,-0.007770,0.002342,0.005087,-0.005236,0.005317
20.293798,0.010281,0.013528,0.008865,0.010700,0.010926,0.010265,0.010915,-0.009112,-0.002391,0.008695,-0.005605,0.002433
20.348205,0.010455,0.015263,0.013268,0.008804,0.011169,0.014377,0.008151,-0.006554,-0.002607,0.007004,-0.004531,0.000690
20.402612,0.016191,0.008924,0.008566,0.011060,0.008917,0.006968,0.011229,-0.009106,-0.002117,0.009522,-0.005774,0.004441
20.457018,0.000429,0.007230,0.016656,-0.004989,0.008430,0.019803,0.008880,-0.003756,0.007975,0.011052,-0.004364,0.008668
20.511425,0.005188,0.001827,0.011153,0.002891,0.000772,0.011193,0.006157,0.000280,0.015097,0.005800,-0.000191,0.015649
20.565832,-0.000718,0.001284,0.020686,-0.001342,0.003129,0.022316,0.019713,-0.002283,0.014988,0.024664,-0.004038,0.017635
20.620239,-0.003238,0.001370,0.012489,-0.001703,-0.002583,0.007864,0.006372,0.007335,0.017766,-0.000357,0.010981,0.019223
20.674646,-0.023156,0.008834,0.007178,-0.026802,0.015141,0.001758,0.004314,0.018560,0.022720,0.001458,0.023084,0.020494
20.729053,-0.029004,0.014229,0.021603,-0.029386,0.022095,0.027766,0.007802,0.019357,0.025346,0.006098,0.019535,0.018814
20.783460,-0.027756,0.016945,0.034098,-0.017744,0.021459,0.035172,0.001549,0.023807,0.031457,0.000043,0.019709,0.027495
20.837867,-0.019120,0.018623,0.029281,-0.015941,0.020814,0.035623,-0.002860,0.023479,0.027522,-0.002704,0.015563,0.021603
20.892274,-0.024036,0.022889,0.032603,-0.012753,0.016651,0.028499,0.001509,0.021747,0.021429,0.000913,0.013326,0.017467
20.946681,-0.022259,0.023917,0.029353,-0.011370,0.017271,0.031611,-0.010682,0.026143,0.024985,0.003687,0.012930,0.024067
21.001088,-0.025630,0.030106,0.046922,-0.014445,0.017396,0.039896,0.000965,0.018143,0.026163,-0.000833,0.013355,0.026018
21.055495,-0.015352,0.028175,0.063740,-0.022606,0.028421,0.050929,0.001373,0.008008,0.024704,0.001648,0.010795,0.023888
21.109902,-0.005476,0.019251,0.049041,-0.012203,0.020225,0.046524,-0.004205,0.008303,0.028973,-0.001560,0.010117,0.027505
21.164309,-0.008836,0.013013,0.042106,-0.008702,0.011231,0.040470,-0.003416,0.005879,0.024812,-0.004977,0.008781,0.028623
21.218716,-0.006344,0.010560,0.036056,-0.005218,0.009196,0.031391,0.001880,0.005712,0.029925,0.000694,0.006586,0.029664
21.273123,-0.011372,0.016934,0.048054,-0.011215,0.016280,0.041910,0.007225,0.002356,0.036516,0.011113,0.001446,0.033142
21.327530,-0.008577,0.015397,0.047922,-0.006226,0.014824,0.042156,0.008025,-0.001344,0.034034,0.012967,-0.001753,0.033133
21.381937,-0.003765,0.013826,0.037072,-0.003593,0.013238,0.033141,0.013161,-0.005339,0.033930,0.013781,-0.003985,0.033125
21.436344,0.005782,0.007475,0.022962,-0.000559,0.016203,0.025772,0.016133,-0.008558,0.026531,0.017501,-0.007584,0.019216
21.490751,0.009199,0.006690,0.018416,0.010218,0.009351,0.020034,0.018628,-0.009234,0.024005,0.014615,-0.005532,0.020231
21.545158,0.007610,0.015317,0.019843,0.007011,0.014610,0.021276,0.018497,-0.007213,0.028144,0.007779,-0.000909,0.028598
21.599565,0.007784,0.014270,0.019478,0.007595,0.010435,0.015525,0.016217,-0.007736,0.022725,0.007707,-0.001898,0.022057
21.653972,0.013560,0.010939,0.006951,0.007123,0.012607,0.011679,0.009109,-0.003811,0.019016,0.006774,0.000154,0.021865
21.708379,0.008705,0.010076,-0.000466,0.001648,0.010677,0.007587,0.005901,0.000203,0.020871,0.005004,0.002833,0.026707
21.762786,0.008005,0.011473,0.010284,0.001725,0.011875,0.020536,0.004405,0.001163,0.018401,0.005316,0.001028,0.024527
21.817193,0.002268,0.010910,0.019587,-0.004336,0.014326,0.028713,0.002760,0.001773,0.023574,0.008425,-0.002721,0.019579
21.871600,-0.012503,0.023593,0.035600,-0.013483,0.025605,0.044803,0.006156,-0.001063,0.018026,0.012109,-0.005611,0.012755
21.926007,-0.011876,0.016727,0.032304,-0.011073,0.018001,0.036478,0.014621,-0.006540,0.008809,0.017626,-0.008640,0.009713
21.980413,-0.008006,0.011266,0.042147,-0.001453,0.005502,0.041466,0.014374,-0.004468,0.014819,0.015238,-0.005182,0.015363
22.034820,-0.011617,0.019600,0.051450,-0.005171,0.020328,0.045457,0.010671,-0.003764,0.017848,0.007614,-0.001487,0.020751
22.089227,-0.006218,0.023539,0.059426,-0.000629,0.022369,0.045775,0.008768,-0.003620,0.016637,0.003013,0.001721,0.024121
22.143634,-0.003946,0.024543,0.055880,0.003085,0.022634,0.046122,0.009438,-0.003705,0.019751,0.004661,0.000020,0.026816
22.198041,-0.003195,0.021052,0.046816,-0.002197,0.018046,0.036493,0.009052,-0.002572,0.025153,0.007361,-0.001941,0.028973
22.252448,0.005183,0.010203,0.033084,-0.000043,0.013392,0.031802,0.010640,-0.003492,0.032602,0.013481,-0.006276,0.030698
22.306855,0.005486,0.016382,0.036388,0.000104,0.016882,0.030702,0.005576,-0.000270,0.035567,0.011633,-0.004661,0.028219
22.361262,0.000475,0.021413,0.029244,0.000472,0.011650,0.026845,0.002260,-0.000362,0.034187,0.005801,-0.002127,0.028236
22.415669,0.004123,0.010335,0.026189,0.001477,0.009736,0.029483,0.007601,-0.003918,0.029346,0.007543,-0.004023,0.024272
22.470076,0.004860,0.008137,0.021331,0.005722,0.010819,0.026194,0.005550,-0.002571,0.025176,0.000085,0.001579,0.021100
22.524483,0.003595,0.003819,0.014297,0.006394,0.007349,0.020610,0.006577,-0.001147,0.020920,0.003756,0.001900,0.018442
22.578890,0.010701,0.007104,0.017422,0.010399,0.010416,0.020458,0.004730,-0.001274,0.016901,0.004051,-0.000615,0.016647
22.633297,0.004905,0.009903,0.026618,0.001919,0.011207,0.031848,0.004460,-0.000805,0.009697,0.010455,-0.004558,0.010751
22.687704,0.007094,0.006811,0.020721,0.004738,0.010806,0.022484,0.006953,-0.000271,0.010926,0.012703,-0.002540,0.013982
22.742111,0.003540,0.013036,0.029675,-0.000796,0.015503,0.032805,0.008460,-0.000724,0.009429,0.008766,-0.001064,0.014751
22.796518,0.005600,0.012137,0.027320,0.003346,0.011561,0.030955,0.007749,-0.000981,0.007160,0.008920,-0.003532,0.010306
22.850925,-0.003422,0.016881,0.039592,-0.005413,0.018920,0.044552,0.015110,-0.006820,0.003864,0.011491,-0.006202,0.005313
22.905332,-0.003772,0.014307,0.049632,-0.003004,0.010226,0.049353,0.011679,-0.004553,0.001681,0.008078,-0.001152,0.002756
22.959739,-0.012446,0.016717,0.060542,-0.009264,0.016092,0.058725,0.011940,-0.003623,-0.000349,0.007874,-0.001755,0.001257
23.014146,-0.007532,0.012913,0.060067,-0.006930,0.010422,0.061798,0.007541,-0.001230,0.003543,0.007355,-0.002119,0.003888
23.068553,-0.005687,0.009443,0.063990,0.000241,0.005320,0.051935,0.003229,-0.001367,0.003172,0.004186,-0.000780,0.007972
23.122960,-0.002604,0.003459,0.060106,-0.000078,0.002737,0.050928,-0.001470,-0.000799,0.005182,-0.004626,0.001138,0.012758
23.177367,-0.005785,0.007368,0.068025,-0.000533,0.006821,0.056541,-0.003263,0.000086,0.009722,-0.004303,-0.000531,0.015068
23.231774,-0.002642,0.003600,0.052039,-0.004116,0.009853,0.042641,-0.014788,0.006356,0.020626,-0.015223,0.004977,0.024387
23.286181,0.001073,0.002271,0.040782,0.003235,0.001112,0.032064,-0.016177,0.005378,0.027575,-0.015238,0.006422,0.027745
23.340588,0.004094,-0.001387,0.037436,-0.000043,0.003679,0.040210,-0.008440,0.003130,0.032810,0.000053,0.001157,0.028576
23.394995,0.007450,-0.000257,0.026508,0.005144,0.002073,0.031686,-0.008071,0.001957,0.024512,0.001614,-0.001433,0.014126
23.449402,0.001998,0.004820,0.024381,0.002268,0.005750,0.024868,-0.011530,0.003806,0.017999,-0.005249,0.002358,0.007045
23.503808,0.003888,0.004966,0.017338,0.004190,0.003284,0.019413,-0.002616,0.000419,0.013333,0.000305,-0.001093,0.005483
23.558215,0.002369,0.004684,0.017137,0.000755,0.006864,0.031048,-0.002351,0.000696,0.011249,0.000013,-0.001928,0.006330
23.612622,0.006412,0.000491,0.020556,0.002574,0.004017,0.027034,0.010137,-0.006079,0.000810,0.005714,-0.005626,0.002783
23.667029,0.002421,0.007614,0.023472,0.003000,0.006416,0.023660,0.014968,-0.008941,-0.004593,0.008275,-0.006067,0.002896
23.721436,0.004892,0.005252,0.012463,0.003229,0.004615,0.018074,0.005708,-0.006726,-0.008672,0.005899,-0.005732,0.002987
23.775843,-0.001675,0.007104,0.014375,-0.001433,0.005415,0.016655,0.014751,-0.008106,-0.001955,0.018952,-0.008877,0.003060
23.830250,-0.000139,0.000890,0.013393,-0.000843,-0.000276,0.011467,0.024652,-0.014101,0.001564,0.022482,-0.011990,0.003118
23.884657,-0.005936,0.003227,0.015189,-0.006414,0.001735,0.011207,0.025742,-0.012892,0.000374,0.024016,-0.010879,0.000674
23.939064,-0.002212,0.002593,0.005762,-0.002515,0.004737,0.011285,0.025260,-0.011293,0.005015,0.018307,-0.007518,0.008982
23.993471,-0.006826,0.010875,0.005851,-0.006502,0.013910,0.011348,0.015994,-0.005055,0.018863,0.007376,-0.001366,0.024291
24.047878,-0.010620,0.012831,0.010098,-0.009572,0.017070,0.017058,0.018191,-0.005277,0.021140,0.012681,-0.002969,0.023291
24.102285,-0.013679,0.015047,0.020198,-0.011112,0.016240,0.026933,0.016267,-0.003496,0.024609,0.006730,-0.000760,0.024160
24.156692,-0.011928,0.016285,0.029183,-0.010454,0.016448,0.036320,0.009031,-0.003356,0.028079,0.009487,-0.004703,0.024855
24.211099,-0.012936,0.022855,0.032929,-0.009472,0.017749,0.032444,0.000409,0.000883,0.028326,0.002839,-0.002716,0.020899
24.265506,-0.009761,0.021767,0.040967,-0.008872,0.014630,0.039242,-0.015323,0.010408,0.036423,-0.013722,0.009874,0.026237
24.319913,-0.013916,0.028848,0.045010,-0.010298,0.024968,0.039373,-0.019183,0.013064,0.037700,-0.017289,0.012804,0.031218
24.374320,-0.007865,0.016874,0.047896,-0.004257,0.013330,0.037859,-0.009434,0.007447,0.026673,-0.007453,0.007027,0.026643
24.428727,-0.003202,0.013882,0.045014,-0.001248,0.012418,0.034232,-0.014025,0.008912,0.026922,-0.005609,0.005796,0.025522
24.483134,-0.003394,0.016204,0.038342,-0.004721,0.015769,0.031331,-0.008936,0.004860,0.020216,-0.000776,0.000579,0.016556
24.537541,0.002089,0.015165,0.030667,0.002335,0.014616,0.029094,-0.009229,0.007311,0.022332,0.003071,-0.000199,0.021733
24.591948,0.010559,0.017931,0.032791,0.012617,0.020155,0.029636,-0.008991,0.008033,0.022840,-0.001961,0.001897,0.019113
24.646355,0.014395,0.017556,0.026593,0.014169,0.016031,0.028318,0.002355,-0.000328,0.017879,-0.001678,0.001860,0.017863
24.700762,0.016425,0.002855,0.024186,0.010977,0.005508,0.027264,0.005788,-0.003559,0.014487,-0.002847,0.001868,0.019771
24.755169,0.015199,0.010104,0.024749,0.011046,0.007910,0.028961,-0.003117,0.000309,0.017264,-0.008365,0.003695,0.021373
24.809576,0.015782,0.009945,0.028916,0.011811,0.007860,0.032948,-0.005406,0.000170,0.017746,-0.009543,0.002935,0.021980
24.863983,0.022973,0.007706,0.032144,0.015794,0.008988,0.034822,-0.009890,0.002872,0.024965,-0.010202,0.002072,0.023829
24.918390,0.016263,0.008444,0.034191,0.009353,0.010224,0.034752,-0.016347,0.001076,0.022816,-0.013509,-0.001518,0.024543
24.972797,0.009346,0.000945,0.034754,0.008548,0.006143,0.034951,-0.016225,-0.001356,0.024651,-0.015055,-0.002564,0.023931
25.027203,0.005146,-0.000434,0.036325,0.005034,0.002891,0.034770,-0.013169,-0.001423,0.025235,-0.007875,-0.001802,0.022535
25.081610,0.007291,0.007130,0.038895,0.006672,0.005585,0.036024,-0.012094,-0.001675,0.022483,-0.006299,-0.001414,0.019654
25.136017,0.006004,0.000921,0.036116,0.005800,-0.000720,0.032077,-0.007408,-0.003051,0.020876,-0.004566,-0.000857,0.019030
25.190424,0.010188,-0.000798,0.032677,0.013472,-0.001451,0.030626,-0.004905,-0.004638,0.019750,-0.003000,-0.002929,0.018530
25.244831,-0.001143,0.004831,0.030177,0.001259,0.009419,0.029465,-0.002885,-0.003936,0.017652,-0.002141,-0.001636,0.018131
25.299238,0.003815,0.005377,0.030116,0.004666,0.011334,0.030381,0.005032,-0.002678,0.019234,0.004025,-0.002724,0.022200
25.353645,0.006271,0.009541,0.028147,0.008237,0.012860,0.028698,0.010417,-0.001619,0.019496,0.006511,-0.002046,0.022423
25.408052,0.012276,0.013958,0.026168,0.013193,0.014449,0.026997,0.009298,-0.000202,0.022552,0.007812,0.000596,0.025608
25.462459,0.014374,0.012843,0.023967,0.016135,0.013270,0.026723,0.019969,-0.002279,0.025017,0.021190,-0.002403,0.025562
25.516866,0.015948,0.015209,0.024777,0.015575,0.008740,0.025771,0.018201,-0.000551,0.029349,0.014948,0.000771,0.029822
25.571273,0.010961,0.017965,0.024116,0.014310,0.009976,0.024656,0.020450,-0.001044,0.032466,0.015761,-0.002316,0.031527
25.625680,0.022894,0.011756,0.023454,0.018636,0.009867,0.023763,0.018247,-0.000468,0.034075,0.009784,-0.000339,0.030781
25.680087,0.017773,0.010900,0.018362,0.011398,0.010495,0.018691,0.010855,0.005193,0.032549,0.003215,0.006238,0.030185
25.734494,0.021589,0.013245,0.014997,0.018965,0.015472,0.014633,0.008559,0.007050,0.033190,0.002649,0.007724,0.029707
25.788901,0.021655,0.012950,0.009290,0.021868,0.016125,0.007756,0.006300,0.008704,0.036195,0.001560,0.010728,0.035643
25.843308,0.020718,0.008811,0.012415,0.021763,0.008816,0.015706,-0.007439,0.008540,0.040576,-0.003047,0.005472,0.039723
25.897715,0.019354,0.008794,0.008589,0.018168,0.005153,0.011600,-0.008898,0.008036,0.038352,-0.006483,0.006366,0.038038
25.952122,0.022717,0.000023,-0.002683,0.021092,-0.005173,-0.002461,-0.010117,0.009572,0.030599,-0.003090,0.004311,0.027245
26.006529,0.020503,-0.000368,-0.003314,0.020962,-0.002799,0.001186,-0.005929,0.007089,0.034634,0.000566,0.001486,0.033005
26.060936,0.017814,0.009659,-0.003774,0.009494,0.014400,-0.000015,0.000110,0.001098,0.031758,0.004294,-0.000689,0.027937
26.115343,0.013386,0.001904,-0.003767,0.011243,0.007739,-0.000322,-0.015435,0.003188,0.028882,-0.018250,0.005108,0.023883
26.169750,0.007628,0.002226,0.001670,0.007628,0.010390,0.003404,-0.018910,0.005039,0.021494,-0.020024,0.011226,0.020639
26.224157,0.005786,0.002317,-0.004476,0.007794,0.004355,0.003620,-0.007851,0.002199,0.012041,-0.004832,0.001894,0.014487
26.278564,0.013145,0.002666,-0.001533,0.017295,0.002073,0.006051,-0.002697,0.000847,0.010563,-0.000695,0.001612,0.015779
26.332971,0.009600,0.010565,0.007494,0.015430,0.003421,0.005738,-0.001782,0.000487,0.016547,0.002822,0.000003,0.017816
26.387378,0.006026,0.016458,0.005881,0.011429,0.012326,0.005487,-0.004023,0.004264,0.016419,0.002158,0.003327,0.025282
26.441785,0.015205,0.005053,0.011111,0.014719,0.010534,0.010747,0.000256,0.004937,0.013683,0.011558,0.001726,0.017928
26.496192,0.014484,0.008896,0.014252,0.014413,0.010026,0.012686,0.019569,-0.001873,0.009715,0.014599,-0.002495,0.010321
26.550598,0.014542,0.007778,0.019332,0.010245,0.010655,0.020922,0.026348,-0.008052,0.012489,0.015746,-0.003506,0.013673
26.605005,0.015588,0.012468,0.026386,0.011352,0.011133,0.027510,0.019715,-0.002779,0.017922,0.014498,-0.002509,0.016520
26.659412,0.009636,0.013120,0.029739,0.011808,0.008408,0.029857,0.017708,-0.000837,0.024133,0.011958,0.000808,0.026100
26.713819,0.007757,0.013238,0.029115,0.008410,0.008654,0.023909,0.007474,0.005674,0.036049,-0.001382,0.008476,0.042756
26.768226,0.009935,0.004215,0.030846,0.008863,0.003880,0.022448,0.010107,0.001407,0.029169,0.002481,0.004132,0.035603
26.822633,0.010693,0.003025,0.023400,0.013726,0.002111,0.013891,0.005372,0.003117,0.038533,0.005187,0.004764,0.039294
26.877040,0.009323,0.004604,0.026190,0.011702,0.005498,0.019108,-0.003061,0.008526,0.049711,-0.002304,0.007507,0.043063
26.931447,0.007125,0.004418,0.022072,0.004999,0.006773,0.020294,-0.005671,0.010105,0.054147,-0.001430,0.006707,0.046078
26.985854,0.001543,0.004047,0.021546,-0.000659,0.007507,0.026271,-0.003747,0.007739,0.047140,0.003450,0.002349,0.032634
27.040261,-0.003688,0.009880,0.019516,-0.005125,0.013674,0.026024,-0.009106,0.010193,0.052390,-0.004382,0.008130,0.046340
27.094668,-0.001336,0.015185,0.026769,-0.001843,0.020294,0.030996,-0.002646,0.004761,0.037641,-0.005411,0.006729,0.038300
27.149075,0.000176,0.017995,0.031566,0.002777,0.017125,0.034833,-0.005431,0.006747,0.036794,-0.004641,0.005514,0.030851
27.203482,-0.011906,0.021254,0.040559,-0.008058,0.017270,0.036390,-0.009660,0.006236,0.036796,-0.006431,0.005154,0.035497
27.257889,-0.010211,0.020388,0.042017,-0.003351,0.016414,0.039148,-0.006282,0.007669,0.029367,-0.006870,0.009826,0.029624
27.312296,-0.006466,0.021048,0.044278,-0.001802,0.016429,0.039492,-0.003341,0.004802,0.021666,-0.000965,0.004549,0.024546
27.366703,-0.000692,0.021313,0.042948,0.001984,0.015603,0.039767,-0.007375,0.007549,0.025563,-0.001825,0.004468,0.020864
27.421110,0.002742,0.014461,0.040315,0.001798,0.010557,0.033136,-0.002885,0.004131,0.015507,-0.002316,0.005040,0.022845
27.475517,0.001806,0.013286,0.038376,0.002385,0.016155,0.033970,-0.001945,0.006377,0.023096,-0.002443,0.007401,0.030128
27.529924,0.000581,0.015612,0.034584,0.004444,0.017070,0.031904,0.001619,0.004496,0.024368,0.002724,0.003418,0.026095
27.584331,0.001178,0.021904,0.038813,-0.005888,0.026035,0.039967,0.002608,0.006021,0.026224,0.000845,0.005613,0.034290
27.638738,-0.000753,0.019051,0.036722,-0.004319,0.019432,0.039082,0.004211,0.001505,0.026877,0.001195,0.003870,0.029574
27.693145,0.001294,0.017043,0.027547,0.000289,0.016033,0.026595,0.002213,0.003802,0.029324,0.002690,0.003000,0.027931
27.747552,0.003435,0.016594,0.028964,0.006654,0.014658,0.031433,0.002073,0.003349,0.031367,0.000903,0.002596,0.026432
27.801959,0.007830,0.023190,0.038097,0.011687,0.019036,0.039255,-0.001927,0.002566,0.028912,-0.005734,0.002445,0.023862
27.856366,0.007738,0.019221,0.037735,0.010167,0.017381,0.038358,-0.001861,0.000400,0.021358,-0.005084,0.002292,0.020367
27.910773,0.011829,0.012247,0.034230,0.016398,0.008288,0.030508,-0.007056,0.003128,0.024305,-0.006663,0.003150,0.022412
27.965180,0.022422,0.003371,0.027916,0.018505,0.006582,0.030009,-0.005108,0.000880,0.017592,-0.003936,0.002251,0.021944
28.019587,0.025822,0.009746,0.024788,0.019956,0.012795,0.026738,-0.010741,0.008226,0.018929,-0.010517,0.011466,0.021570
28.073993,0.022388,0.007790,0.029925,0.014901,0.007985,0.023910,-0.014882,0.011878,0.018746,-0.012476,0.014188,0.021271
28.128400,0.015135,0.008966,0.024620,0.008189,0.009865,0.021859,-0.014250,0.010969,0.016183,-0.010345,0.010275,0.017516
28.182807,0.015161,0.005919,0.018776,0.012952,0.010936,0.023414,-0.004942,0.008571,0.015636,-0.001701,0.005230,0.015964
28.237214,0.013691,0.003775,0.015215,0.009121,0.007900,0.020700,-0.003982,0.010065,0.023994,-0.000515,0.006613,0.025750
28.291621,0.008807,0.011017,0.017293,0.008724,0.010842,0.019291,-0.002524,0.011941,0.028506,-0.000966,0.009233,0.033035
28.346028,0.007486,0.010755,0.020307,0.010516,0.008257,0.025255,-0.008284,0.016566,0.038019,-0.007443,0.013592,0.043761
28.400435,0.002707,0.004232,0.017074,0.006875,0.005004,0.018408,-0.006461,0.014662,0.051305,-0.010769,0.017874,0.057623
28.454842,0.003979,0.006604,0.012320,0.006216,0.005073,0.010591,-0.009054,0.017352,0.057708,-0.016309,0.023080,0.059078
28.509249,0.001145,0.007639,0.024056,-0.002726,0.008984,0.027633,-0.010447,0.020301,0.067695,-0.015361,0.021517,0.061744
28.563656,0.001367,0.005609,0.022928,0.004531,0.007390,0.026455,-0.013488,0.022479,0.071648,-0.009970,0.017272,0.056880
28.618063,0.004221,0.001967,0.023957,0.006379,-0.000036,0.024573,-0.013704,0.021912,0.072967,-0.007434,0.015453,0.060330
28.672470,0.002496,0.002355,0.027697,0.004115,0.005036,0.027624,-0.004480,0.011507,0.074676,0.006412,0.001738,0.063091
28.726877,0.002544,0.001116,0.019837,0.006896,0.001878,0.020919,0.003736,0.004844,0.062610,0.009962,-0.001731,0.050914
28.781284,0.001488,0.001179,0.025478,0.002501,-0.000011,0.022836,0.009435,-0.002198,0.045890,0.011133,-0.004244,0.039937
28.835691,0.001248,0.001733,0.028934,0.002380,0.001836,0.018972,0.021035,-0.009529,0.042512,0.017453,-0.004877,0.040200
28.890098,0.005395,0.000585,0.016172,0.000012,0.004788,0.016471,0.016672,-0.005223,0.046495,0.005540,0.005179,0.052218
28.944505,-0.001879,0.001114,0.013989,-0.003463,0.004773,0.014470,0.009548,-0.000327,0.057072,-0.003222,0.011057,0.064067
28.998912,-0.003211,0.007987,0.014707,-0.001881,0.007493,0.015990,0.008818,0.000097,0.052538,-0.003058,0.011075,0.059733
29.053319,0.002379,0.007763,0.012169,0.005334,0.010746,0.017205,0.012657,-0.003831,0.037700,0.015288,-0.007264,0.041839
29.107726,-0.013202,0.026636,0.013937,-0.013943,0.032869,0.015058,0.009177,-0.004545,0.028469,0.012191,-0.009934,0.020990
29.162133,-0.014598,0.031437,0.020904,-0.016124,0.031502,0.027901,0.005264,0.000374,0.038991,0.007437,-0.003920,0.030727
29.216540,-0.012675,0.029801,0.020027,-0.009828,0.024757,0.021796,-0.004116,0.004139,0.041766,0.001364,0.000654,0.036717
29.270947,-0.009070,0.030388,0.031774,-0.004707,0.023946,0.035176,0.003953,-0.003333,0.028875,0.003966,-0.000857,0.031384
29.325354,-0.003701,0.031069,0.033133,0.000278,0.021052,0.031337,0.011265,-0.009556,0.012572,0.005756,-0.002484,0.024576
29.379761,-0.007992,0.031974,0.038295,-0.004896,0.021783,0.036710,0.017841,-0.012814,0.005004,0.013330,-0.004319,0.017545
29.434168,-0.014356,0.031757,0.038309,-0.005987,0.021876,0.033802,0.006456,-0.000059,0.014043,0.012460,-0.001723,0.020744
29.488575,0.002824,0.012331,0.038449,0.001052,0.014575,0.028530,0.000253,0.001099,0.024395,0.001245,-0.003879,0.018606
29.542982,0.006942,0.012579,0.030291,0.001637,0.017215,0.027258,-0.005822,0.006044,0.014061,-0.009825,0.007847,0.014353
29.597388,0.002286,0.016594,0.032041,-0.002137,0.018947,0.023732,-0.002882,0.002221,0.001851,-0.008329,0.004715,0.006523
29.651795,0.003015,0.011543,0.028395,0.002466,0.012228,0.031620,-0.007870,0.008348,-0.001097,-0.010773,0.010970,0.003103
29.706202,-0.003569,0.011077,0.032587,-0.003202,0.011024,0.034362,-0.025849,0.020149,0.017305,-0.031205,0.023499,0.027713
29.760609,0.002796,0.006862,0.022685,0.001233,0.007860,0.025266,-0.026006,0.021313,0.036838,-0.016459,0.018097,0.047401
29.815016,0.002058,0.001806,0.023961,-0.002118,0.003659,0.026433,-0.028900,0.020153,0.050069,-0.015423,0.014586,0.063152
29.869423,-0.002100,0.010717,0.034347,-0.001674,0.012477,0.037176,-0.022870,0.023054,0.052664,-0.012619,0.013229,0.056165
29.923830,-0.002834,0.005141,0.036300,-0.001572,0.007730,0.036909,-0.049485,0.027732,0.057074,-0.058178,0.028083,0.050575
29.978237,0.004790,0.002396,0.043519,0.005970,0.007517,0.041559,-0.047213,0.028418,0.063049,-0.043831,0.021864,0.043865
30.032644,0.002142,0.004035,0.032692,0.005245,0.005377,0.030724,-0.041535,0.022974,0.063671,-0.031224,0.017068,0.033848
30.087051,0.005530,0.003732,0.032486,0.003764,0.005121,0.033356,-0.029344,0.014428,0.048081,-0.030498,0.016413,0.030483
30.141458,0.009440,0.002670,0.037279,0.012279,0.001650,0.031172,-0.035791,0.015826,0.034675,-0.024920,0.014386,0.030849
30.195865,0.011479,0.010915,0.037956,0.009574,0.010234,0.032106,-0.044868,0.026289,0.021270,-0.034900,0.026265,0.031142
30.250272,0.013082,0.004026,0.027115,0.009924,0.008092,0.026536,-0.042983,0.024116,0.015993,-0.025561,0.019529,0.023170
30.304679,0.010336,0.010189,0.028076,0.003862,0.012850,0.029743,-0.005797,0.007135,0.000404,-0.016471,0.009351,0.002354
30.359086,0.007817,0.005635,0.017615,0.006790,0.005238,0.021181,-0.020106,0.010441,0.013757,-0.030498,0.011506,0.023982
30.413493,0.011578,0.007806,0.026320,0.011166,0.006593,0.026608,-0.011968,0.007062,0.012099,-0.009164,0.004052,0.015621
30.467900,0.012861,0.007875,0.028512,0.010298,0.006190,0.033132,-0.004576,0.007573,0.019746,-0.002502,0.006715,0.026607
30.522307,0.005751,0.017522,0.031033,0.007551,0.016011,0.034523,-0.005638,0.009740,0.024271,-0.004010,0.009662,0.034083
30.576714,0.002478,0.012508,0.033668,0.001210,0.014704,0.038475,0.001933,0.002861,0.029516,-0.007573,0.012854,0.041074
30.631121,0.000472,0.015296,0.041558,0.000424,0.015571,0.042677,0.002753,0.004490,0.040624,-0.002551,0.011082,0.046666
30.685528,0.000026,0.014753,0.042613,-0.004362,0.018072,0.044133,0.000593,0.010231,0.059208,-0.001086,0.010630,0.047168
30.739935,-0.004842,0.016093,0.052234,-0.006605,0.011292,0.046163,0.018726,-0.001773,0.052564,0.007195,-0.004276,0.050532
30.794342,-0.007434,0.015292,0.052469,-0.003179,0.010315,0.046922,0.009875,0.007197,0.062135,0.008599,0.003984,0.050261
30.848749,-0.009856,0.015765,0.048350,-0.004568,0.009830,0.043617,0.006094,0.007628,0.062452,0.006415,0.007265,0.054762
30.903156,-0.005682,0.008922,0.048324,0.001503,0.009342,0.042875,0.005383,0.008671,0.068891,0.002128,0.011561,0.065622
30.957563,-0.006692,0.012293,0.046242,-0.005043,0.014089,0.042241,0.010237,0.008525,0.071775,0.004134,0.014169,0.070342
31.011970,-0.009195,0.012694,0.042087,-0.008083,0.015639,0.039873,0.005918,0.011370,0.071268,0.000767,0.016117,0.069370
31.066376,-0.005586,0.009928,0.041908,-0.006115,0.014255,0.041640,0.007083,0.010003,0.076989,0.003199,0.012745,0.073341
31.120783,-0.003458,0.011395,0.040086,-0.005027,0.010293,0.041618,0.002530,0.021223,0.075883,0.004250,0.013124,0.069922
31.175190,-0.004641,0.014717,0.038882,-0.003573,0.014166,0.041600,0.001383,0.015306,0.069866,0.004637,0.009619,0.057349
31.229597,0.000885,0.015560,0.041498,0.002852,0.014091,0.043022,0.001800,0.011556,0.057789,0.003830,0.006524,0.043525
31.284004,-0.000188,0.017741,0.041279,0.005937,0.015805,0.042092,0.004495,0.009498,0.050427,0.003832,0.008087,0.046326
31.338411,0.008312,0.015979,0.039583,0.010405,0.016791,0.039240,0.011970,0.004733,0.032267,0.015962,0.004718,0.029481
31.392818,0.009855,0.015400,0.039159,0.006435,0.016992,0.036878,0.016385,0.000153,0.024466,0.016410,0.002144,0.025759
31.447225,0.009747,0.012111,0.032660,0.005349,0.010732,0.030145,0.015202,-0.001689,0.010775,0.014057,-0.001011,0.019285
31.501632,0.007691,0.013189,0.031784,0.001264,0.008983,0.031197,0.008711,-0.002856,-0.000224,0.003849,0.000485,0.011279
31.556039,0.002146,0.013785,0.030372,-0.006303,0.013953,0.031287,0.009115,-0.002709,-0.002662,0.004882,-0.000287,0.007022
31.610446,-0.003179,0.010864,0.027562,-0.006787,0.009831,0.030837,0.008803,-0.001488,-0.002409,0.003590,0.000308,0.003617
31.664853,-0.003478,0.008844,0.025908,-0.002192,0.009569,0.030029,0.012582,-0.004456,-0.009268,0.008931,-0.001040,0.004797
31.719260,-0.009716,0.012674,0.026081,-0.004832,0.017164,0.029831,-0.002412,0.004842,-0.004798,-0.000951,0.010433,0.002515
31.773667,-0.011575,0.016602,0.026683,-0.008358,0.022790,0.030194,-0.006286,0.007301,-0.003775,-0.002544,0.010158,0.005619
31.828074,-0.014107,0.023524,0.030745,-0.010030,0.025062,0.030484,-0.004615,0.008075,-0.001753,0.001234,0.006484,0.006004
31.882481,-0.007799,0.028272,0.029356,-0.002207,0.027093,0.029524,-0.007236,0.013727,0.003787,-0.010079,0.014394,0.008410
31.936888,-0.002234,0.028821,0.023257,-0.001289,0.029210,0.021409,-0.010557,0.016773,0.007793,-0.010911,0.015105,0.010335
31.991295,-0.002008,0.031112,0.027078,-0.002459,0.025245,0.028284,-0.000713,0.019406,0.018183,0.004737,0.016307,0.020814
32.045702,-0.004856,0.032894,0.030107,-0.002716,0.024394,0.032227,-0.006409,0.019984,0.014516,0.001875,0.012569,0.013421
32.100109,-0.003439,0.032799,0.038995,-0.003268,0.028892,0.044034,-0.007907,0.022600,0.041071,-0.008693,0.024983,0.046591
32.154516,0.003346,0.027225,0.041331,0.002393,0.024369,0.044827,-0.003375,0.017605,0.034828,-0.002393,0.014805,0.032140
32.208923,0.000984,0.027042,0.043495,-0.004738,0.026068,0.045220,-0.001991,0.018734,0.036465,0.003293,0.011783,0.029512
32.263330,-0.007537,0.024787,0.046440,-0.009902,0.024740,0.045435,0.010227,0.013851,0.045971,0.008673,0.011797,0.040525
32.317737,-0.003364,0.016614,0.054875,-0.001602,0.015886,0.045947,0.015365,0.008036,0.042420,0.011285,0.004885,0.031056
32.372144,-0.010085,0.016260,0.053675,-0.012120,0.014090,0.046235,0.001191,0.009800,0.039757,0.002650,0.010602,0.033661
32.426551,-0.019561,0.022037,0.053503,-0.023711,0.023558,0.046346,0.005893,0.011148,0.046485,0.006787,0.009892,0.033119
32.480958,-0.012983,0.015936,0.047150,-0.010855,0.019682,0.046436,0.013764,0.001414,0.023074,0.006257,0.009213,0.029574
32.535365,-0.025914,0.021076,0.060125,-0.021780,0.024197,0.064913,0.052076,-0.007682,0.031163,0.063203,-0.010546,0.029850
32.589771,-0.017421,0.024696,0.070505,-0.012186,0.030999,0.075820,0.047102,-0.000793,0.030647,0.048806,0.001148,0.026959
32.644178,-0.020564,0.022190,0.080955,-0.020261,0.025176,0.084545,0.046775,-0.002646,0.021622,0.044626,0.000694,0.025848
32.698585,-0.022474,0.024531,0.091162,-0.012563,0.019512,0.091525,0.047373,-0.002114,0.025654,0.040885,-0.003253,0.024959
32.752992,-0.007123,0.018235,0.082923,0.000602,0.008177,0.071163,0.057287,-0.007083,0.023858,0.040209,-0.002865,0.026269
32.807399,-0.008512,0.022078,0.080007,-0.015477,0.024208,0.062206,0.053291,-0.008824,0.017085,0.031240,-0.003319,0.017722
32.861806,-0.016378,0.024647,0.082296,-0.015280,0.023798,0.062328,0.013934,0.012295,0.017943,-0.029281,0.028212,0.018458
32.916213,-0.002070,0.015866,0.066023,-0.005290,0.015196,0.054845,-0.046924,0.035180,0.030745,-0.050428,0.036692,0.038880
32.970620,-0.019244,0.018251,0.052518,-0.023036,0.027137,0.048858,-0.052493,0.028454,0.021296,-0.049896,0.029522,0.020954
33.025027,-0.010800,0.027877,0.052106,-0.017120,0.035562,0.062399,-0.068210,0.035811,0.030470,-0.056340,0.033692,0.033888
33.079434,-0.010720,0.030701,0.035281,-0.009939,0.031776,0.050253,-0.072386,0.041174,0.032405,-0.045733,0.030655,0.034100
33.133841,-0.024950,0.043989,0.049398,-0.017220,0.036591,0.057909,-0.081322,0.046322,0.043870,-0.041596,0.031468,0.049633
33.188248,-0.021572,0.039789,0.055453,-0.025005,0.041059,0.060081,-0.081780,0.047942,0.047878,-0.034846,0.026416,0.042025
33.242655,-0.017673,0.043504,0.065809,-0.017445,0.042480,0.075125,-0.057075,0.035737,0.059957,-0.047561,0.034911,0.054811
33.297062,-0.020410,0.046294,0.065803,-0.010853,0.034048,0.065075,-0.039262,0.025702,0.045233,-0.040115,0.028003,0.047348
33.351469,-0.009389,0.040637,0.066966,-0.012057,0.034298,0.058670,-0.041646,0.036205,0.057475,-0.044983,0.037275,0.044868
33.405876,-0.012466,0.035330,0.058789,-0.012644,0.033861,0.058801,-0.036713,0.037492,0.055013,-0.045504,0.041697,0.049572
33.460283,-0.018083,0.036467,0.064386,-0.014222,0.032007,0.055210,-0.040789,0.038102,0.056670,-0.042770,0.037913,0.048967
33.514690,-0.011818,0.030759,0.059535,-0.011877,0.028785,0.055083,-0.058265,0.048236,0.066297,-0.063691,0.051461,0.075004
33.569097,-0.007165,0.021964,0.059263,-0.014215,0.022501,0.057439,-0.058433,0.048223,0.071152,-0.052758,0.042394,0.069119
33.623504,-0.006506,0.016194,0.044447,-0.007891,0.019556,0.052270,-0.046037,0.039951,0.060878,-0.044537,0.036112,0.062102
33.677911,-0.010415,0.020883,0.048690,-0.008683,0.022273,0.052731,-0.084896,0.062925,0.065028,-0.092098,0.061128,0.058990
33.732318,-0.008617,0.020874,0.048751,-0.007803,0.024865,0.048880,-0.098830,0.066314,0.066684,-0.106076,0.068518,0.056501
33.786725,-0.014579,0.018978,0.051901,-0.017587,0.023661,0.055380,-0.113092,0.077045,0.056774,-0.114346,0.081716,0.045005
33.841132,-0.020982,0.021301,0.058589,-0.027142,0.027099,0.061836,-0.111206,0.076778,0.056064,-0.095203,0.069553,0.044318
33.895539,-0.020642,0.021963,0.062419,-0.021737,0.025786,0.065746,-0.088545,0.060877,0.032795,-0.073912,0.054512,0.038709
33.949946,-0.021114,0.028990,0.062098,-0.022763,0.029939,0.065519,-0.087256,0.060002,0.026284,-0.059130,0.043610,0.030967
34.004353,-0.022727,0.031632,0.059346,-0.016987,0.029206,0.054882,-0.088023,0.057891,0.025469,-0.050709,0.034130,0.030440
34.058760,-0.017947,0.028037,0.055016,-0.009268,0.024959,0.048758,-0.047668,0.034754,0.018877,-0.040538,0.027151,0.024432
34.113166,-0.021415,0.029524,0.053699,-0.013128,0.029095,0.043859,-0.040968,0.032252,0.014552,-0.055449,0.037833,0.022800
34.167573,-0.010187,0.023784,0.045539,-0.006127,0.019010,0.039940,-0.018769,0.014751,0.018726,-0.042765,0.032667,0.023888
34.221980,-0.004427,0.027579,0.046727,-0.009909,0.028691,0.051146,-0.022671,0.017123,0.016791,-0.043400,0.033634,0.024715
34.276387,0.006641,0.016429,0.038567,0.007544,0.011449,0.045770,-0.019583,0.012662,0.018501,-0.028148,0.019532,0.025420
34.330794,0.011485,0.013921,0.040279,0.007444,0.014959,0.051935,-0.026978,0.017018,0.024230,-0.032871,0.021725,0.028356
34.385201,0.013337,0.009319,0.049459,0.009771,0.010778,0.056867,-0.030433,0.022870,0.024216,-0.034540,0.024814,0.028333
34.439608,0.016092,0.007381,0.043504,0.015995,0.007505,0.042009,-0.031986,0.021108,0.028194,-0.029776,0.017231,0.028314
34.494015,0.017273,0.004372,0.049946,0.008737,0.010918,0.047478,-0.033101,0.024246,0.047086,-0.048400,0.034290,0.052355
34.548422,0.009722,0.015275,0.061138,0.000793,0.019734,0.058503,-0.060686,0.040860,0.048780,-0.075746,0.053092,0.049904
34.602829,0.010202,0.011175,0.057012,-0.003701,0.023529,0.060222,-0.068826,0.053453,0.056552,-0.081180,0.067604,0.056408
34.657236,0.002872,0.020362,0.054521,0.002249,0.020182,0.049542,-0.064159,0.052194,0.035238,-0.051838,0.044947,0.020935
34.711643,0.010954,0.013333,0.044257,0.014522,0.012104,0.040583,-0.080568,0.064548,0.065727,-0.074796,0.059351,0.067453
34.766050,0.004751,0.012080,0.038471,0.006749,0.006740,0.039686,-0.116573,0.090701,0.126794,-0.118487,0.091530,0.145104
34.820457,-0.007032,0.017751,0.052744,-0.002920,0.012214,0.048246,-0.117516,0.093832,0.166766,-0.098254,0.074987,0.177692
34.874864,-0.001687,0.013836,0.041766,0.001090,0.009204,0.037098,-0.105712,0.082976,0.154965,-0.086656,0.065296,0.155335
34.929271,-0.001627,0.017173,0.028083,-0.005241,0.023034,0.031043,-0.084454,0.073076,0.170370,-0.076591,0.064037,0.153855
34.983678,-0.003753,0.013206,0.026757,-0.011505,0.020616,0.036398,-0.074345,0.061619,0.170508,-0.067702,0.060320,0.139763
35.038085,-0.003612,0.011448,0.028824,-0.003796,0.015390,0.033376,-0.102905,0.078090,0.197466,-0.081039,0.062180,0.125359
35.092492,-0.012947,0.015967,0.034345,-0.003383,0.014597,0.035379,-0.087427,0.070324,0.170926,-0.076490,0.062265,0.113837
35.146899,-0.014267,0.027861,0.035387,-0.009423,0.025385,0.036982,-0.050493,0.042300,0.116818,-0.068133,0.054626,0.106460
35.201306,-0.006668,0.020831,0.024231,-0.005218,0.017289,0.030466,-0.050927,0.044791,0.086123,-0.058578,0.048953,0.103804
35.255713,0.002715,0.022324,0.024876,0.012387,0.015355,0.023776,-0.046549,0.043760,0.086595,-0.048787,0.043024,0.096885
35.310120,0.001582,0.017918,0.034917,0.002210,0.021786,0.034443,-0.042028,0.037180,0.074420,-0.039966,0.037008,0.090050
35.364527,0.010654,0.020325,0.034673,0.007157,0.022988,0.038777,-0.039526,0.034891,0.074314,-0.034900,0.035493,0.088570
35.418934,0.011887,0.020408,0.025856,0.012859,0.017404,0.022936,-0.018713,0.022104,0.072473,-0.025659,0.024416,0.081828
35.473341,0.007236,0.022325,0.033017,0.003430,0.018892,0.037052,-0.012600,0.016538,0.073069,-0.023627,0.024261,0.079846
35.527748,0.010266,0.019089,0.036380,0.000270,0.024291,0.043027,-0.015889,0.020470,0.071962,-0.030448,0.029728,0.077719
35.582155,0.015509,0.017801,0.045312,0.009876,0.014610,0.047807,-0.020315,0.023723,0.068925,-0.034627,0.033589,0.076559
35.636561,0.005556,0.018840,0.056230,0.010528,0.014666,0.052934,-0.017822,0.020541,0.064599,-0.026135,0.026277,0.069033
35.690968,0.009238,0.015561,0.053516,0.005877,0.016645,0.053971,-0.016639,0.022769,0.061193,-0.020188,0.026729,0.063000
35.745375,0.011517,0.009447,0.055062,0.013281,0.010316,0.056562,-0.019318,0.023696,0.060957,-0.022828,0.028569,0.066599
35.799782,0.009757,0.013294,0.064503,0.015294,0.012650,0.050382,-0.021632,0.029006,0.061489,-0.019241,0.026311,0.064996
35.854189,0.016940,0.011466,0.049874,0.015435,0.012531,0.038529,-0.023755,0.029713,0.063116,-0.021465,0.026767,0.068658
35.908596,0.022068,0.004666,0.043454,0.017053,0.009681,0.035220,-0.017007,0.024420,0.062519,-0.019272,0.024321,0.067933
35.963003,0.015990,0.007335,0.030848,0.014793,0.006658,0.023913,-0.011315,0.019349,0.057047,-0.017716,0.022165,0.061069
36.017410,0.005702,0.013207,0.019087,0.000059,0.016527,0.017353,-0.021009,0.025961,0.062712,-0.026179,0.026395,0.064572
36.071817,0.012802,0.011287,0.018029,0.007441,0.015445,0.024025,-0.021131,0.026458,0.066450,-0.020394,0.027520,0.064664
36.126224,0.014244,0.012758,0.005700,0.016551,0.011416,0.015345,-0.018255,0.020522,0.066105,-0.018967,0.020890,0.067448
36.180631,0.012732,0.007811,0.002282,0.015794,0.006603,0.012623,-0.017862,0.024320,0.067027,-0.015600,0.025485,0.066965
36.235038,0.008006,0.012897,0.003799,0.009218,0.014815,0.010446,-0.017340,0.021927,0.064793,-0.017821,0.022756,0.067106
36.289445,0.003622,0.022850,0.011804,0.005942,0.025443,0.023961,-0.021293,0.025531,0.071819,-0.021892,0.026158,0.076529
36.343852,-0.001396,0.031656,0.024163,-0.001121,0.031596,0.032208,-0.019342,0.023403,0.072627,-0.017081,0.020655,0.069075
36.398259,0.009052,0.022470,0.030239,0.001955,0.023616,0.032495,-0.018936,0.020744,0.070389,-0.025103,0.021465,0.067845
36.452666,0.001682,0.025840,0.034809,-0.001360,0.025834,0.042537,-0.058242,0.040610,0.070766,-0.074562,0.051388,0.067810
36.507073,-0.009674,0.028623,0.048723,-0.006389,0.023623,0.049634,-0.058943,0.037902,0.069207,-0.063282,0.036194,0.067782
36.561480,-0.014145,0.031807,0.054479,-0.008818,0.020826,0.048113,-0.064224,0.034850,0.067366,-0.058446,0.033455,0.064655
36.615887,-0.006713,0.023295,0.060235,-0.000066,0.014277,0.046897,-0.058537,0.030806,0.065149,-0.044136,0.023470,0.062154
36.670294,-0.002877,0.013448,0.054669,0.003886,0.011227,0.045329,-0.046978,0.023385,0.053213,-0.026761,0.016341,0.055857
36.724701,-0.003456,0.015745,0.050935,-0.003577,0.023438,0.044075,-0.044701,0.024536,0.050057,-0.017789,0.014413,0.048119
36.779108,-0.007018,0.019642,0.056267,-0.004997,0.022546,0.049453,-0.037851,0.023164,0.051916,-0.016078,0.014549,0.053683
36.833515,-0.004324,0.013789,0.047414,-0.003149,0.016784,0.043709,0.003659,-0.003045,0.044126,-0.009229,0.009164,0.045574
36.887922,-0.002424,0.012649,0.038717,-0.005161,0.014787,0.038396,0.008782,0.001730,0.041337,-0.003843,0.009099,0.046088
36.942329,0.009249,0.009796,0.035674,0.008507,0.009764,0.034863,0.021844,-0.004735,0.040999,0.007392,0.002728,0.046828
36.996736,0.005040,0.012751,0.031237,0.007901,0.009564,0.030084,0.021650,-0.003940,0.035217,0.008263,0.000001,0.039796
37.051143,0.006101,0.011406,0.028106,0.011745,0.005574,0.027496,0.017355,-0.002911,0.034108,0.009144,-0.000993,0.036419
37.105550,0.015968,-0.001714,0.025107,0.016525,0.000547,0.025609,0.016520,-0.004632,0.030326,0.009767,-0.001864,0.027273
37.159956,0.018082,-0.000660,0.017934,0.014043,0.005709,0.024640,0.016145,-0.001569,0.022750,0.005443,0.005817,0.026401
37.214363,0.014893,0.000062,0.017920,0.007619,0.004324,0.023838,0.018625,-0.004221,0.014694,0.011460,-0.001536,0.012470
37.268770,0.018597,-0.001023,0.018567,0.008638,0.003301,0.023406,0.020679,-0.008383,0.004713,0.015583,-0.005288,0.005631
37.323177,0.005196,0.006556,0.018553,0.000786,0.011186,0.022850,0.017552,-0.006034,0.001948,0.018554,-0.005492,0.010591
37.377584,-0.001175,0.012988,0.019953,-0.007196,0.019706,0.022433,0.017456,-0.003193,0.008659,0.017058,-0.002599,0.020203
37.431991,-0.003433,0.013933,0.020600,-0.003493,0.015011,0.022282,0.015354,0.001014,0.010847,0.013238,0.002818,0.023807
37.486398,-0.005135,0.014324,0.018020,0.001951,0.008644,0.017825,0.007006,0.005848,0.023114,0.001354,0.007952,0.034358
37.540805,-0.015175,0.029755,0.018151,-0.011671,0.033790,0.018596,0.013049,-0.001684,0.021803,0.007174,0.003124,0.030233
37.595212,-0.004412,0.026910,0.013855,0.002116,0.022807,0.012989,0.007433,0.006735,0.041084,0.004981,0.008097,0.042529
37.649619,-0.000185,0.028176,0.005779,0.010153,0.019859,0.003420,-0.000247,0.013633,0.057968,-0.000352,0.012076,0.053316
37.704026,0.001398,0.026148,0.001483,0.004214,0.021593,0.000848,-0.003482,0.014296,0.064558,0.001278,0.009326,0.057965
37.758433,0.002655,0.020458,0.005591,-0.002694,0.020066,0.010582,-0.007418,0.018696,0.071190,-0.002273,0.015417,0.067387
37.812840,0.002999,0.022740,0.005788,0.000590,0.018494,0.013076,-0.007676,0.015625,0.078832,-0.002589,0.012931,0.072252
37.867247,0.000553,0.023500,0.005529,0.001794,0.012493,0.010098,-0.002638,0.011929,0.080996,-0.004254,0.010867,0.076145
37.921654,0.014426,0.001095,-0.005217,0.007625,0.005502,-0.002630,-0.004054,0.010634,0.081466,0.000705,0.003644,0.064320
37.976061,0.008165,0.004344,-0.002382,0.008786,0.004725,-0.000023,-0.023912,0.019235,0.070627,-0.027994,0.020554,0.054625
38.030468,0.009753,0.000582,0.004084,0.017713,0.000127,0.002063,-0.025408,0.023523,0.059279,-0.028827,0.028045,0.047104
38.084875,0.015447,0.001055,0.004975,0.018233,0.006470,0.001010,-0.032349,0.029220,0.064232,-0.031220,0.030077,0.059930
38.139282,0.024028,-0.003379,-0.004568,0.020535,0.001760,-0.002649,-0.032225,0.025461,0.056850,-0.028098,0.026755,0.058624
38.193689,0.021862,0.000233,0.000467,0.016142,0.008906,0.009541,-0.036350,0.029160,0.056043,-0.029023,0.027181,0.064113
38.248096,0.029025,0.000200,-0.002465,0.024263,0.004777,0.003165,-0.037478,0.030812,0.054233,-0.026981,0.024579,0.067099
38.302503,0.027649,0.002308,0.003080,0.023674,0.002280,-0.000414,-0.036714,0.033806,0.064097,-0.016407,0.018806,0.070893
38.356910,0.023295,0.006577,-0.000511,0.015530,0.008124,-0.003277,-0.017065,0.020963,0.065819,-0.014175,0.014703,0.062294
38.411317,0.018441,0.011733,-0.004102,0.016312,0.010065,-0.005567,-0.014768,0.016193,0.073852,-0.014557,0.016686,0.064486
38.465724,0.009123,0.014004,0.004685,0.004067,0.017599,0.007207,-0.008843,0.011895,0.067592,-0.011508,0.014972,0.065072
38.520131,0.003379,0.021272,0.017979,0.001162,0.020838,0.020920,-0.008316,0.011724,0.069595,-0.011590,0.014433,0.065541
38.574538,0.000176,0.019958,0.013200,-0.003841,0.022329,0.021706,-0.014513,0.014687,0.061285,-0.024493,0.021471,0.058013
38.628945,-0.006939,0.022838,0.025323,-0.001685,0.019547,0.029869,-0.013394,0.015543,0.057379,-0.021790,0.021209,0.056750
38.683351,-0.010235,0.028676,0.039325,-0.001699,0.022270,0.040553,-0.017158,0.019504,0.058388,-0.017524,0.021656,0.064026
38.737758,-0.006008,0.024803,0.052254,0.001150,0.018694,0.047596,-0.013780,0.019429,0.062166,-0.010339,0.016877,0.062090
38.792165,-0.009968,0.021104,0.058766,-0.000736,0.013342,0.044249,-0.008427,0.012966,0.048335,-0.003994,0.009379,0.044958
38.846572,-0.011726,0.025234,0.059745,-0.012033,0.026003,0.048430,-0.009119,0.010041,0.038809,-0.004026,0.005030,0.036114
38.900979,-0.005603,0.019683,0.051875,-0.003147,0.019789,0.042880,-0.016741,0.015854,0.050068,-0.016276,0.014618,0.058138
38.955386,0.000524,0.014017,0.049659,0.001291,0.013558,0.036172,-0.001897,0.008173,0.049773,-0.007461,0.010865,0.051677
39.009793,0.001504,0.012401,0.042462,0.003793,0.010268,0.031366,0.000697,0.003031,0.039941,-0.004533,0.005526,0.037917
39.064200,-0.004439,0.015532,0.033518,-0.005637,0.019230,0.029229,-0.005294,0.004047,0.026742,-0.012105,0.010531,0.030481
39.118607,-0.001707,0.016339,0.024267,0.001823,0.017391,0.025586,-0.005979,0.004084,0.024598,-0.006963,0.008029,0.032253
39.173014,0.003956,0.018278,0.021594,0.007731,0.015016,0.022897,-0.010493,0.009982,0.037743,-0.007612,0.010558,0.039491
39.227421,0.021779,0.003105,0.014020,0.019693,0.006099,0.020747,-0.010748,0.011561,0.040520,-0.007279,0.008184,0.035628
39.281828,0.010604,0.011543,0.026245,0.006590,0.015678,0.037848,-0.001469,0.005218,0.026414,-0.005887,0.008261,0.038000
39.336235,0.008746,0.016201,0.030685,0.006478,0.016791,0.038362,-0.009752,0.011799,0.029507,-0.010746,0.014993,0.039898
39.390642,0.011535,0.017707,0.025578,0.011847,0.014963,0.025969,-0.008453,0.015084,0.038494,-0.005342,0.013428,0.041075
39.445049,0.014363,0.016893,0.029168,0.004766,0.021846,0.029936,-0.003378,0.010237,0.039091,-0.005648,0.010066,0.033843
39.499456,0.001909,0.023530,0.047561,-0.007290,0.028777,0.051902,-0.009560,0.011416,0.043811,-0.010451,0.009308,0.041550
39.553863,0.007019,0.019511,0.046742,0.007594,0.018497,0.042805,-0.005073,0.008808,0.039126,-0.004121,0.007930,0.040370
39.608270,-0.010261,0.030055,0.062921,-0.004608,0.023646,0.059322,-0.003135,0.009032,0.039533,-0.001773,0.006395,0.036901
39.662677,-0.001611,0.024588,0.049385,-0.000741,0.022062,0.049758,-0.005534,0.009773,0.036822,-0.004840,0.007867,0.035224
39.717084,-0.011099,0.027604,0.058905,-0.012669,0.026120,0.061217,-0.002100,0.006005,0.034112,-0.005102,0.009402,0.033882
39.771491,-0.009585,0.024654,0.064181,-0.001352,0.018296,0.051641,0.000001,0.002309,0.029743,0.002114,0.003781,0.030146
39.825898,-0.006220,0.017600,0.057638,-0.001082,0.014637,0.041313,0.002340,0.001737,0.032202,0.003593,0.001548,0.028543
39.880305,-0.001590,0.014358,0.043273,-0.005487,0.018472,0.040893,0.004897,0.002212,0.026476,0.000521,0.003159,0.029293
39.934712,-0.011832,0.022116,0.046721,-0.005302,0.021112,0.038824,-0.000535,0.005641,0.025457,-0.002948,0.007810,0.029138
39.989119,-0.010163,0.023733,0.033171,-0.012588,0.028003,0.037168,-0.009088,0.014836,0.026781,-0.012808,0.019173,0.029769
40.043526,-0.011281,0.025540,0.036500,-0.008690,0.028078,0.036696,-0.005348,0.011673,0.023347,-0.008433,0.013661,0.024711
40.097933,-0.004630,0.020975,0.026180,-0.009717,0.024542,0.036318,-0.004497,0.010219,0.023489,-0.006785,0.012002,0.025671
40.152339,-0.012360,0.025629,0.030923,-0.009813,0.023549,0.038363,-0.008718,0.008666,0.021939,-0.005141,0.003687,0.021407
40.206746,-0.009613,0.026713,0.037571,-0.004004,0.020357,0.039998,-0.011122,0.011173,0.023993,-0.005578,0.004982,0.024427
40.261153,-0.008904,0.026531,0.040322,-0.006833,0.022792,0.043692,-0.007551,0.009688,0.024685,-0.001817,0.003827,0.026970
40.315560,-0.001505,0.017521,0.042607,0.003981,0.011955,0.044262,-0.004027,0.004829,0.024827,0.000116,0.001543,0.027478
40.369967,0.000092,0.015243,0.046268,-0.002927,0.017489,0.046644,-0.001248,0.001296,0.024430,-0.006466,0.009212,0.027884
40.424374,-0.003263,0.013641,0.044998,-0.005657,0.017423,0.042499,-0.006805,0.006533,0.037148,-0.011140,0.013025,0.041008
40.478781,-0.001326,0.013904,0.041883,-0.004580,0.016387,0.036599,-0.006458,0.007332,0.037145,-0.008464,0.012612,0.038705
40.533188,0.004171,0.013730,0.036070,0.001993,0.016781,0.030449,-0.003180,0.007997,0.032648,-0.001895,0.005105,0.025538
40.587595,0.004432,0.012567,0.031334,0.005805,0.013314,0.027037,0.002653,0.002132,0.023764,0.005185,-0.002095,0.015295
40.642002,0.010925,0.007820,0.024894,0.010106,0.010512,0.024307,0.000328,0.003741,0.024549,0.003538,0.000418,0.020762
40.696409,0.004748,0.014466,0.022815,0.008883,0.011435,0.025843,-0.000471,0.006553,0.026683,0.003282,0.002754,0.025499
40.750816,0.010328,0.010171,0.014714,0.008808,0.011060,0.020568,0.004216,0.000843,0.022451,0.002628,0.002186,0.020377
40.805223,0.014657,0.013218,0.011847,0.009791,0.016546,0.017624,0.004418,-0.001987,0.012910,-0.003581,0.003442,0.021645
40.859630,0.018751,0.009237,0.011185,0.013510,0.010111,0.015772,0.005492,-0.003309,0.011597,-0.000913,0.003095,0.021377
40.914037,0.012580,0.008857,0.010273,0.007825,0.011229,0.012511,0.003721,0.002975,0.024469,0.001665,0.006289,0.029695
40.968444,0.005797,0.014316,0.014528,0.000975,0.016516,0.018644,-0.000288,0.007471,0.031080,0.002422,0.005146,0.027877
41.022851,0.009868,0.011288,0.010385,0.011942,0.008833,0.011792,0.001927,0.005166,0.027195,0.004428,0.002984,0.025389
41.077258,0.003112,0.017026,0.014942,0.000894,0.018126,0.022211,-0.001716,0.006731,0.023788,-0.001106,0.006998,0.024431
41.131665,0.005052,0.013512,0.013887,0.005131,0.011492,0.016186,-0.003141,0.008848,0.026747,-0.002878,0.008546,0.023665
41.186072,0.006404,0.006846,0.019220,0.008742,0.007561,0.021584,0.002383,0.008677,0.026033,-0.000251,0.008290,0.023275
41.240479,0.007084,0.006939,0.017836,0.013624,0.003053,0.017002,-0.000125,0.011606,0.026234,-0.001761,0.011073,0.022963
41.294886,0.005664,0.002383,0.017569,0.005928,-0.000796,0.013122,-0.006535,0.013192,0.024635,-0.007988,0.014892,0.028726
41.349293,0.005913,0.001203,0.011059,-0.000194,0.005242,0.010018,-0.003193,0.010850,0.029089,-0.000621,0.008751,0.033336
41.403700,-0.004907,0.007469,0.012947,-0.004142,0.008587,0.007535,-0.000297,0.013806,0.038321,0.006048,0.010006,0.042682
41.458107,-0.002381,0.002096,0.009694,-0.008437,0.010407,0.014251,0.003861,0.009772,0.035572,0.006012,0.006969,0.034417
41.512514,-0.004542,0.006561,0.014115,-0.005358,0.011568,0.016008,0.002856,0.013009,0.041992,0.001409,0.013054,0.040642
41.566921,-0.009298,0.014443,0.008883,-0.006308,0.018656,0.014116,-0.002761,0.017263,0.050647,-0.004686,0.017852,0.048973
41.621328,-0.016403,0.025163,0.012363,-0.008363,0.026937,0.015900,-0.001055,0.014879,0.051026,-0.002920,0.015385,0.044051
41.675734,-0.010012,0.029571,0.022017,-0.002715,0.024483,0.025756,0.002976,0.011342,0.047130,-0.003272,0.013389,0.040143
41.730141,-0.015082,0.033350,0.037678,-0.014205,0.030756,0.042051,-0.004417,0.015971,0.047069,-0.007198,0.014029,0.042384
41.784548,-0.013956,0.034147,0.048536,-0.013774,0.030114,0.048362,-0.009230,0.015120,0.041222,-0.005953,0.013037,0.041735
41.838955,-0.016657,0.038473,0.051422,-0.019925,0.033685,0.050952,-0.013306,0.017584,0.050963,-0.009295,0.012844,0.047296
41.893362,-0.012669,0.034425,0.058646,-0.008965,0.024522,0.055484,-0.011252,0.015104,0.050609,-0.007960,0.014282,0.050450
41.947769,-0.008893,0.026189,0.067022,-0.003907,0.017491,0.057422,-0.010221,0.011848,0.042190,-0.010738,0.014276,0.045033
42.002176,-0.007391,0.018882,0.065244,-0.004339,0.015775,0.048057,-0.010051,0.011751,0.044530,-0.007524,0.012387,0.044175
42.056583,0.000506,0.012708,0.048084,0.011560,0.006909,0.027456,-0.016072,0.021317,0.046849,-0.015385,0.024384,0.043489
42.110990,0.007260,0.005538,0.034897,0.006670,0.006659,0.024949,-0.013324,0.020120,0.046576,-0.013042,0.021149,0.044678
42.165397,0.009617,0.004273,0.025894,0.006225,0.009065,0.022078,-0.015522,0.023747,0.049427,-0.013705,0.023811,0.047561
42.219804,0.018497,-0.002422,0.021421,0.008507,0.007473,0.023662,-0.011851,0.022115,0.046554,-0.010357,0.019179,0.047936
42.274211,0.017744,-0.000567,0.014001,0.012726,0.006150,0.023263,-0.012474,0.021673,0.045717,-0.009682,0.018731,0.049789
42.328618,0.015411,0.000953,0.004690,0.010181,0.004920,0.018611,-0.008270,0.020348,0.050550,-0.006230,0.015980,0.051271
42.383025,0.016736,0.003466,0.004598,0.008785,0.009236,0.016879,-0.009627,0.020380,0.048516,-0.005817,0.013795,0.046317
42.437432,0.005999,0.007545,0.012447,0.007028,0.007389,0.013503,-0.001225,0.008171,0.043908,-0.002256,0.008417,0.038752
42.491839,0.011069,0.007724,0.015026,0.010142,0.007293,0.017396,0.003759,0.004564,0.040749,0.004438,0.003326,0.036466
42.546246,0.008867,0.006928,0.017454,0.005920,0.008459,0.019435,0.004417,0.003268,0.036094,0.001201,0.007738,0.034474
42.600653,0.009441,0.005135,0.012765,0.009067,0.004477,0.014983,0.002495,0.003205,0.030635,-0.001124,0.006233,0.029824
42.655060,0.005212,0.005012,0.009669,0.007253,0.003582,0.011986,0.002822,0.001146,0.025352,-0.001838,0.005491,0.027904
42.709467,0.004334,0.005575,0.010210,0.004573,0.003654,0.010346,0.001350,0.001334,0.021968,-0.002014,0.005652,0.029025
42.763874,0.005020,0.006537,0.009329,0.005260,0.009570,0.009034,0.003012,0.000332,0.019281,-0.000118,0.004129,0.024759
42.818281,0.004335,0.006641,0.010217,0.003248,0.007801,0.008470,0.003159,0.002231,0.020761,0.002509,0.003344,0.023576
42.872688,0.007704,0.000810,0.006048,0.011835,-0.000539,0.007533,-0.000961,0.005537,0.021318,0.002482,0.003896,0.025107
42.927095,0.004015,0.004421,0.002994,0.002110,0.007247,0.007270,0.000433,0.002722,0.020147,0.001588,0.004253,0.023746
42.981502,-0.001951,0.005833,0.007513,-0.002335,0.005485,0.011577,0.001697,0.003370,0.021997,0.000955,0.004352,0.023832
43.035909,-0.002899,0.012162,0.011528,-0.003194,0.013248,0.014882,0.003677,0.002970,0.020447,0.002597,0.003426,0.020941
43.090316,-0.002955,0.015456,0.016120,-0.003863,0.015999,0.019092,0.004353,0.001783,0.016313,0.002480,0.002337,0.017665
43.144723,-0.002445,0.008176,0.019856,-0.000776,0.009254,0.021261,0.001388,0.005060,0.021453,-0.000673,0.006066,0.022868
43.199129,-0.002348,0.008192,0.023245,-0.001445,0.007571,0.022997,-0.000225,0.005082,0.018881,-0.000193,0.004924,0.018462
43.253536,-0.009890,0.014148,0.024056,-0.002477,0.007614,0.020289,-0.001175,0.006277,0.015759,-0.001010,0.006833,0.016645
43.307943,-0.004799,0.007873,0.024520,-0.002213,0.004986,0.018124,-0.002882,0.008231,0.014483,-0.003596,0.009337,0.015191
43.362350,-0.006953,0.012914,0.021203,-0.008808,0.010733,0.015617,-0.003150,0.008286,0.014521,-0.003567,0.008497,0.017040
43.416757,-0.007198,0.006088,0.017987,-0.008716,0.007890,0.013611,-0.005825,0.009801,0.016193,-0.004765,0.008863,0.017849
43.471164,-0.003215,-0.000084,0.012285,-0.002705,0.003071,0.010093,-0.002638,0.004336,0.009267,0.001051,-0.000964,0.005495
43.525571,-0.003939,0.002402,0.007297,-0.000863,0.002393,0.007078,0.000402,0.000038,0.002901,0.002441,-0.002592,0.004219
43.579978,-0.001459,0.002883,0.003583,0.001957,0.002755,0.006451,0.000793,0.000365,0.006290,0.002844,-0.001544,0.008289
43.634385,-0.000516,0.001770,0.002232,0.001566,0.002204,0.005161,0.000140,-0.000310,0.007175,0.000507,0.000712,0.009744
43.688792,-0.004067,0.003592,0.000880,-0.003950,0.003209,0.004129,0.002518,-0.001678,0.010128,0.000945,0.002526,0.013804
43.743199,-0.000941,0.000066,0.000082,-0.005821,0.004374,0.003303,0.004882,-0.002785,0.010340,0.003378,0.001498,0.016228
43.797606,0.001463,-0.001795,-0.001773,-0.002962,0.000198,0.001163,0.005767,-0.004267,0.010838,0.002029,0.001189,0.017896
43.852013,-0.001586,0.000520,-0.001205,-0.002370,0.000158,0.000931,0.001506,0.002259,0.018811,0.000521,0.002033,0.016696
43.906420,0.000487,-0.000888,-0.000493,0.002308,-0.001908,0.000744,0.002569,0.001992,0.017802,0.003504,-0.000567,0.011766
43.960827,-0.003350,-0.001079,-0.000574,-0.000878,-0.000954,0.001271,0.000855,0.002573,0.017078,0.001295,0.000889,0.013313
44.015234,-0.003350,-0.001079,-0.000574,-0.000702,-0.000763,0.001017,0.001878,0.002321,0.017849,0.000701,0.002306,0.014843
44.069641,0.000140,-0.001792,0.000631,-0.000879,-0.000163,0.002500,0.001010,0.002732,0.016235,-0.000115,0.004376,0.015624
44.124048,0.002041,-0.003083,0.000631,-0.000703,-0.000130,0.002000,0.000101,0.003100,0.015209,0.001257,0.003493,0.016248
44.178455,0.000830,-0.000725,0.001687,-0.000563,-0.000104,0.001600,-0.000564,0.003647,0.015253,-0.000600,0.003551,0.017974
44.232862,0.000830,-0.000725,0.001687,-0.000450,-0.000083,0.001280,0.002100,0.002416,0.016340,0.002148,0.002200,0.018279
44.287269,-0.002173,0.000728,0.001687,-0.000360,-0.000067,0.001024,-0.000943,0.004854,0.020780,0.000545,0.002979,0.019249
44.341676,0.004157,0.000368,0.001205,0.005849,0.000014,0.000819,-0.002829,0.008025,0.020672,-0.003712,0.008165,0.019148
44.396083,0.004157,0.000368,0.001205,0.004679,0.000011,0.000655,-0.001426,0.006695,0.019184,-0.001341,0.006265,0.017427
44.450490,0.006390,-0.000104,0.000000,0.006552,-0.000205,0.000524,0.000783,0.003863,0.016082,0.001345,0.003578,0.013348
44.504897,0.005208,0.000712,0.000000,0.003587,0.000979,0.000419,-0.000660,0.003867,0.015027,0.000405,0.002860,0.012952
44.559304,0.004179,0.003498,0.000000,0.001429,0.004684,0.000336,0.000566,0.002924,0.011482,0.000435,0.001725,0.010373
44.613711,0.007619,0.001133,-0.003155,0.005959,0.000435,-0.004148,-0.000656,0.003339,0.009349,0.001265,0.001321,0.009213
44.668118,0.007619,0.001133,-0.003155,0.004768,0.000348,-0.003319,0.000715,0.002150,0.005467,0.001758,0.000610,0.006561
44.722524,0.003235,0.001084,-0.003155,0.003814,0.000279,-0.002655,0.003741,-0.001940,0.003137,0.001495,0.000545,0.005736
44.776931,0.003235,0.001084,-0.003155,0.003051,0.000223,-0.002124,0.002716,-0.001554,0.002539,0.001389,0.000710,0.005860
44.831338,0.000883,0.002314,-0.003155,0.001955,0.001687,-0.001699,0.000793,-0.000459,0.003152,0.000836,0.000665,0.004953
44.885745,0.002064,0.001498,-0.003155,0.001564,0.001349,-0.001359,0.000576,0.000176,0.002680,-0.000305,0.001420,0.005574
44.940152,0.003093,-0.001288,-0.003155,0.001251,0.001079,-0.001087,0.000513,0.000402,0.002447,-0.000222,0.000888,0.004145
44.994559,-0.000347,0.001077,0.000000,0.001001,0.000864,-0.000870,0.000725,-0.000064,0.002143,0.001036,-0.000001,0.003804
45.048966,-0.000347,0.001077,0.000000,0.000801,0.000691,-0.000696,0.001377,0.000048,0.003126,0.002488,-0.000290,0.003610
45.103373,-0.000347,0.001077,0.000000,0.000641,0.000553,-0.000557,0.003578,-0.000619,0.002966,0.005160,-0.001110,0.003153
45.157780,-0.000347,0.001077,0.000000,0.000513,0.000442,-0.000445,0.003296,-0.000892,0.001788,0.003927,-0.000995,0.002144
45.212187,0.000000,0.000000,0.000000,0.000410,0.000354,-0.000356,0.003591,-0.001157,0.001045,0.003279,-0.001069,0.000940
45.266594,0.000000,0.000000,0.000000,0.000328,0.000283,-0.000285,0.004327,-0.002154,-0.000195,0.002681,-0.001364,0.000628
45.321001,0.000000,0.000000,0.000000,0.000262,0.000226,-0.000228,0.004513,-0.002012,-0.000240,0.002426,-0.001140,0.000124
45.375408,0.000000,0.000000,0.000000,0.000210,0.000181,-0.000182,0.003744,-0.001788,-0.001087,0.002079,-0.001311,-0.000598
45.429815,0.000000,0.000000,0.000000,0.000168,0.000145,-0.000146,0.002370,-0.001581,-0.001631,0.001398,-0.001048,-0.000674
45.484222,0.000692,-0.000911,0.000000,0.001103,-0.001159,-0.000117,0.001590,-0.001342,-0.002300,0.003196,-0.001381,-0.001211
45.538629,0.000692,-0.000911,0.000000,0.000882,-0.000927,-0.000093,0.002048,-0.000911,-0.001658,0.002998,-0.000610,-0.000447
45.593036,0.000692,-0.000911,0.000000,0.000706,-0.000742,-0.000075,0.002083,-0.000890,-0.001393,0.002584,-0.000732,-0.000763
45.647443,-0.000762,-0.000284,0.000000,-0.001470,0.000284,-0.000060,0.001933,-0.000465,-0.001216,0.001915,-0.000498,-0.000487
45.701850,0.005203,-0.000440,0.000000,0.007174,0.000009,-0.000048,0.001946,-0.000032,-0.000989,0.001831,0.000158,-0.000450
45.756257,0.005203,-0.000440,0.000000,0.005739,0.000007,-0.000038,0.001847,0.000060,-0.001007,0.001465,-0.000142,-0.001082
45.810664,0.005203,-0.000440,0.000000,0.004591,0.000006,-0.000031,0.002097,-0.000068,-0.001143,0.001257,-0.000294,-0.001252
45.865071,0.004511,0.000471,0.000000,0.003673,0.000004,-0.000024,0.000731,0.000126,-0.001156,0.001170,-0.000505,-0.001691
45.919478,0.006202,0.001682,0.000000,0.005306,0.001700,-0.000020,0.000093,-0.000168,-0.001575,0.000484,-0.000320,-0.001417
45.973885,0.004296,0.003194,0.000000,0.001576,0.003476,-0.000016,-0.000766,0.000425,-0.001561,-0.000629,0.000330,-0.001520
46.028292,0.005749,0.002567,0.000000,0.001261,0.002781,-0.000013,-0.000878,0.000506,-0.001431,-0.000813,0.000465,-0.000911
46.082699,-0.000215,0.002723,0.000000,0.001009,0.002224,-0.000010,-0.001134,-0.000125,-0.001898,-0.000709,0.000045,-0.001442
46.137106,-0.002960,0.005359,0.000000,-0.003036,0.005470,-0.000008,-0.001416,0.000417,-0.000474,-0.000962,0.000526,0.000117
46.191513,-0.002960,0.005359,0.000000,-0.002428,0.004376,-0.000006,-0.001745,0.000766,0.000194,-0.001146,0.000729,0.000644
46.245919,-0.002960,0.005359,0.000000,-0.001943,0.003501,-0.000005,-0.002076,0.001196,0.001143,-0.001216,0.000915,0.001153
46.300326,-0.004650,0.004148,0.000000,-0.001554,0.002801,-0.000004,-0.001835,0.001159,0.001252,-0.001087,0.000764,0.001011
46.354733,-0.002745,0.002636,0.000000,-0.001243,0.002241,-0.000003,-0.001739,0.001561,0.001921,-0.001752,0.001761,0.001359
46.409140,-0.002745,0.002636,0.000000,-0.000995,0.001793,-0.000003,-0.001707,0.001606,0.002027,-0.001666,0.001672,0.001542
46.463547,-0.002745,0.002636,0.000000,-0.000796,0.001434,-0.000002,-0.001719,0.001870,0.002930,-0.001409,0.001380,0.001783
46.517954,0.000000,0.000000,0.000000,-0.000637,0.001147,-0.000002,-0.001403,0.001480,0.002018,-0.001079,0.001048,0.001420
46.572361,0.001415,0.001237,0.000000,0.001472,0.002650,-0.000001,-0.000320,0.001376,0.001753,0.000277,0.001002,0.001315
46.626768,-0.001766,0.002042,0.000000,-0.003276,0.003247,-0.000001,0.000202,0.001233,0.001564,0.000652,0.000932,0.001425
46.681175,-0.001766,0.002042,0.000000,-0.002621,0.002598,-0.000001,0.000638,0.001206,0.001767,0.001019,0.000740,0.001514
46.735582,-0.001766,0.002042,0.000000,-0.002097,0.002078,-0.000001,0.001092,0.000507,0.001839,0.000568,0.000763,0.001861
46.789989,0.000038,0.002576,0.000000,0.000848,0.002410,-0.000001,0.001495,-0.000002,0.000982,0.000755,0.000162,0.000745
46.844396,0.000038,0.002576,0.000000,0.000679,0.001928,-0.000000,0.001523,0.000130,0.000949,0.000567,0.000356,0.001099
46.898803,0.000038,0.002576,0.000000,0.000543,0.001542,-0.000000,0.001445,0.000179,0.001312,0.000392,0.000298,0.001382
46.953210,-0.001377,0.001339,0.000000,0.000434,0.001234,-0.000000,0.000930,-0.000037,0.000966,0.000734,0.000100,0.000800
47.007617,0.001804,0.000534,0.000000,0.000347,0.000987,-0.000000,0.000662,0.000237,0.001670,0.000642,0.000593,0.001998
47.062024,0.001804,0.000534,0.000000,0.000278,0.000790,-0.000000,0.000503,0.000271,0.002070,0.000788,0.000517,0.002533
47.116431,0.001804,0.000534,0.000000,0.000222,0.000632,-0.000000,0.000674,0.000232,0.001782,0.000622,0.000529,0.002273
47.170838,0.000000,0.000000,0.000000,0.000178,0.000505,-0.000000,0.000551,0.000462,0.002175,0.000626,0.000297,0.001625
47.225245,0.000000,0.000000,0.000000,0.000142,0.000404,-0.000000,0.000326,0.000437,0.001935,0.000149,0.000430,0.001466
47.279652,0.000000,0.000000,0.000000,0.000114,0.000323,-0.000000,0.000238,0.000658,0.001899,-0.000065,0.000666,0.001625
47.334059,0.000000,0.000000,0.000000,0.000091,0.000259,-0.000000,-0.000174,0.000877,0.002367,-0.000209,0.000701,0.001650
47.388466,0.000000,0.000000,0.000000,0.000073,0.000207,-0.000000,-0.000523,0.000814,0.001573,-0.000602,0.000986,0.001567
47.442873,0.000000,0.000000,0.000000,0.000058,0.000166,-0.000000,-0.000773,0.000894,0.001246,-0.000556,0.000943,0.001729
47.497280,0.000000,0.000000,0.000000,0.000047,0.000132,-0.000000,-0.001106,0.001185,0.001392,-0.000919,0.001277,0.001835
47.551687,0.000000,0.000000,0.000000,0.000037,0.000106,-0.000000,-0.001133,0.001292,0.001660,-0.000645,0.001045,0.001650
47.606094,0.000000,0.000000,0.000000,0.000030,0.000085,-0.000000,-0.001181,0.001444,0.002110,-0.000934,0.001242,0.002116
47.660501,0.000000,0.000000,0.000000,0.000024,0.000068,-0.000000,-0.001241,0.001537,0.002032,-0.001017,0.001446,0.002035
47.714908,0.000000,0.000000,0.000000,0.000019,0.000054,-0.000000,-0.000379,0.001148,0.002121,0.000237,0.000780,0.002103
47.769314,0.000000,0.000000,0.000000,0.000015,0.000043,-0.000000,-0.000243,0.001030,0.002184,-0.000055,0.000884,0.002018
47.823721,0.000000,0.000000,0.000000,0.000012,0.000035,-0.000000,-0.000179,0.001106,0.002200,-0.000028,0.000968,0.002112
47.878128,0.000000,0.000000,0.000000,0.000010,0.000028,-0.000000,0.000263,0.001000,0.002258,0.000121,0.001148,0.002222
47.932535,0.000000,0.000000,0.000000,0.000008,0.000022,-0.000000,0.000432,0.000927,0.002615,0.000425,0.000840,0.002460
47.986942,0.000000,0.000000,0.000000,0.000006,0.000018,-0.000000,0.000599,0.000805,0.002419,0.000154,0.000907,0.002489
48.041349,0.000000,0.000000,0.000000,0.000005,0.000014,-0.000000,0.000541,0.000869,0.002546,-0.000227,0.001267,0.002512
48.095756,-0.002470,0.001150,0.000000,-0.003455,0.001621,-0.000000,-0.000547,0.001324,0.002531,-0.000654,0.001275,0.002463
48.150163,-0.002470,0.001150,0.000000,-0.002764,0.001297,-0.000000,-0.000128,0.001199,0.002771,-0.000181,0.001105,0.002643
48.204570,-0.002470,0.001150,0.000000,-0.002211,0.001037,-0.000000,-0.000182,0.001078,0.002721,-0.000204,0.000975,0.002541
48.258977,-0.002470,0.001150,0.000000,-0.001769,0.000830,-0.000000,-0.000421,0.001353,0.002713,-0.000356,0.001539,0.002554
48.313384,-0.003725,0.000964,0.000000,-0.003172,0.000405,-0.000000,-0.001258,0.001568,0.002705,-0.001128,0.001454,0.002715
48.367791,-0.003725,0.000964,0.000000,-0.002537,0.000324,-0.000000,-0.001811,0.001696,0.003026,-0.001863,0.001577,0.003143
48.422198,-0.003725,0.000964,0.000000,-0.002030,0.000259,-0.000000,-0.001656,0.001389,0.002891,-0.001622,0.001374,0.002846
48.476605,-0.001255,-0.000185,0.000000,-0.001624,0.000207,-0.000000,-0.001425,0.001488,0.003395,-0.001447,0.001499,0.003435
48.531012,-0.001255,-0.000185,0.000000,-0.001299,0.000166,-0.000000,-0.000936,0.000782,0.003608,-0.000131,0.000295,0.003718
48.585419,-0.001255,-0.000185,0.000000,-0.001039,0.000133,-0.000000,-0.000873,0.000732,0.003307,-0.000077,0.000257,0.002981
48.639826,-0.001255,-0.000185,0.000000,-0.000831,0.000106,-0.000000,-0.000853,0.000591,0.003924,-0.000225,0.000767,0.003769
48.694233,0.000000,0.000000,0.000000,-0.000665,0.000085,-0.000000,-0.000178,0.000719,0.004298,-0.000079,0.001016,0.004211
48.748640,0.000000,0.000000,0.000000,-0.000532,0.000068,-0.000000,0.001084,0.000348,0.004432,0.000744,0.000707,0.004527
48.803047,0.000000,0.000000,0.000000,-0.000426,0.000054,-0.000000,0.001308,0.000830,0.005135,0.000777,0.001353,0.004937
48.857454,0.000000,0.000000,0.000000,-0.000341,0.000043,-0.000000,0.001637,0.000814,0.004800,0.000932,0.001459,0.004639
48.911861,0.000000,0.000000,0.000000,-0.000272,0.000035,-0.000000,0.001037,0.001680,0.004961,0.000933,0.001476,0.004907
48.966268,-0.000713,0.000704,0.000000,-0.001216,0.001014,-0.000000,0.000890,0.001761,0.005090,0.000568,0.001315,0.004113
49.020675,-0.000713,0.000704,0.000000,-0.000973,0.000811,-0.000000,0.000780,0.001440,0.004845,0.000136,0.001164,0.004332
49.075082,-0.000713,0.000704,0.000000,-0.000778,0.000649,-0.000000,0.000680,0.001089,0.004071,0.000071,0.000842,0.003577
49.129489,-0.000713,0.000704,0.000000,-0.000622,0.000519,-0.000000,-0.000081,0.001368,0.003888,-0.000203,0.000959,0.003764
49.183896,-0.000713,0.000704,0.000000,-0.000498,0.000415,-0.000000,0.000309,0.000735,0.003427,0.000567,0.000668,0.003681
49.238303,-0.000713,0.000704,0.000000,-0.000398,0.000332,-0.000000,0.000077,0.000474,0.003027,0.000439,0.000546,0.003074
49.292709,-0.000713,0.000704,0.000000,-0.000319,0.000266,-0.000000,0.000246,0.000378,0.002260,0.000775,0.000611,0.002580
49.347116,0.000000,0.000000,0.000000,-0.000255,0.000213,-0.000000,0.000761,0.000138,0.002217,0.001163,0.000288,0.002193
49.401523,0.000000,0.000000,0.000000,-0.000204,0.000170,-0.000000,0.000063,0.000715,0.001566,-0.000365,0.001150,0.001883
49.455930,0.000000,0.000000,0.000000,-0.000163,0.000136,-0.000000,0.000152,0.000921,0.001867,-0.000205,0.001119,0.002041
49.510337,0.000000,0.000000,0.000000,-0.000131,0.000109,-0.000000,0.000340,0.000964,0.001991,-0.000160,0.001240,0.002709
49.564744,0.000000,0.000000,0.000000,-0.000104,0.000087,-0.000000,-0.000666,0.001263,0.001719,-0.000808,0.001312,0.002456
49.619151,0.000000,0.000000,0.000000,-0.000084,0.000070,-0.000000,-0.000713,0.000868,0.002009,-0.000727,0.000508,0.002499
49.673558,0.000000,0.000000,0.000000,-0.000067,0.000056,-0.000000,-0.001077,0.000675,0.001501,-0.000667,0.000311,0.001410
49.727965,0.000000,0.000000,0.000000,-0.000053,0.000045,-0.000000,-0.001609,0.001056,0.001875,-0.000736,0.000581,0.001780
49.782372,0.000000,0.000000,0.000000,-0.000043,0.000036,-0.000000,-0.001069,0.000641,0.001881,-0.001128,0.000803,0.001561
49.836779,0.000261,0.001207,0.000000,0.000331,0.001718,-0.000000,-0.000805,0.001006,0.001597,-0.000446,0.001353,0.001386
49.891186,0.000918,0.000669,0.000000,0.001184,0.000622,-0.000000,0.000617,-0.001706,0.000927,0.001638,-0.002369,0.001246
49.945593,0.001065,0.000105,0.000000,0.001154,-0.000293,-0.000000,0.001306,-0.001111,0.000818,0.001595,-0.000744,0.001134
50.000000,0.001065,0.000105,0.000000,0.000923,-0.000234,-0.000000,0.000059,-0.000252,-0.000026,-0.000550,0.000068,0.000259
50.054407,0.001066,-0.000276,0.000000,0.000739,-0.000721,-0.000000,0.001310,-0.001373,0.000493,0.001226,-0.001612,0.000345
50.108814,0.000532,-0.000586,-0.001571,-0.000155,-0.001010,-0.002200,0.001954,-0.002579,-0.002674,0.001680,-0.002646,-0.003506
50.163221,-0.003074,0.000443,-0.004492,-0.005173,0.000633,-0.005849,0.002664,-0.003050,-0.003484,0.001798,-0.002438,-0.003802
50.217628,-0.001508,0.000664,-0.003019,-0.001581,0.002504,-0.002616,0.002627,-0.003713,-0.004846,0.001843,-0.002168,-0.004811
50.272035,-0.002594,0.000324,-0.003484,-0.001865,0.000775,-0.002744,0.000710,-0.001767,-0.006824,0.000786,-0.002461,-0.006481
50.326442,-0.002741,0.000889,-0.003484,-0.001492,0.000620,-0.002196,0.001408,-0.004360,-0.008803,0.001891,-0.004447,-0.007818
50.380849,-0.005020,0.003781,-0.002218,-0.004384,0.004545,0.000016,0.003832,-0.006083,-0.010467,0.003079,-0.005307,-0.009231
50.435256,-0.005020,0.004162,-0.002218,-0.003507,0.003636,0.000013,0.003423,-0.005933,-0.011998,0.003558,-0.005702,-0.009391
50.489663,-0.002803,0.001641,-0.000647,-0.000447,-0.001054,0.000010,0.003829,-0.006588,-0.012156,0.004113,-0.006836,-0.011515
50.544070,-0.001308,-0.000952,0.002275,-0.003315,-0.003033,0.000008,0.001977,-0.006155,-0.013570,0.001152,-0.005183,-0.012190
50.598477,-0.005607,-0.001579,0.002913,-0.006112,-0.001306,0.002963,0.002189,-0.006415,-0.013561,0.001624,-0.004728,-0.011509
50.652884,-0.005907,-0.000010,0.001644,-0.005911,-0.000076,-0.000057,0.003241,-0.007408,-0.013114,0.002083,-0.005900,-0.011214
50.707291,-0.006965,-0.002308,0.000676,-0.006209,-0.003278,-0.001401,0.003761,-0.007559,-0.015013,0.003657,-0.007409,-0.014263
50.761697,-0.006268,-0.003163,0.003068,-0.007182,0.000229,0.004001,0.002686,-0.005197,-0.012793,0.002986,-0.004370,-0.011279
50.816104,-0.005028,-0.004550,-0.001048,-0.004010,-0.001757,-0.002563,0.001360,-0.004324,-0.011925,0.001627,-0.003730,-0.009815
50.870511,-0.008750,-0.003876,-0.003200,-0.006060,-0.004426,-0.005062,0.001033,-0.003924,-0.013238,0.002110,-0.004698,-0.013692
50.924918,-0.009620,0.003451,-0.004934,-0.009023,0.004528,-0.006477,0.003681,-0.003982,-0.011050,0.003257,-0.003554,-0.010867
50.979325,-0.004812,0.001582,-0.010228,-0.003947,0.002126,-0.009637,0.003607,-0.004823,-0.012113,0.003204,-0.004602,-0.011940
51.033732,0.000331,0.001430,-0.006352,0.003022,0.002457,-0.004711,0.004019,-0.004498,-0.011246,0.003925,-0.005344,-0.010344
51.088139,0.000358,0.003176,-0.006577,0.000973,0.001193,-0.005438,0.003408,-0.004068,-0.011453,0.004274,-0.006362,-0.013857
51.142546,0.004583,-0.001478,-0.013906,0.004479,-0.002709,-0.009491,0.002999,-0.005157,-0.012607,0.002909,-0.005058,-0.012570
51.196953,0.003343,-0.000091,-0.009790,0.003584,-0.002168,-0.007593,0.002900,-0.004300,-0.011149,0.001425,-0.003080,-0.008806
51.251360,0.005380,0.002066,-0.007639,0.002867,-0.001734,-0.006074,0.000738,-0.002945,-0.006723,-0.001077,-0.002282,-0.006689
51.305767,0.007819,-0.001855,-0.005090,0.001532,0.001192,-0.003719,0.000105,-0.003545,-0.007730,-0.000180,-0.002461,-0.006675
51.360174,0.004008,-0.001637,-0.001908,-0.000838,-0.000238,-0.002975,0.000990,-0.004364,-0.006357,0.001693,-0.004874,-0.006664
51.414581,-0.002139,-0.000062,-0.002674,-0.003096,0.002772,-0.000455,-0.001370,-0.002184,-0.003666,-0.000587,-0.002510,-0.002355
51.468988,-0.001107,0.000490,-0.001482,-0.002477,0.002218,-0.000364,-0.000569,-0.002125,0.000575,0.001787,-0.004012,-0.001528
51.523395,-0.003751,0.003107,0.002190,-0.001982,0.001774,-0.000291,0.000568,-0.003578,-0.002173,0.002510,-0.005212,-0.006555
51.577802,-0.003751,0.003107,0.002190,-0.001585,0.001419,-0.000233,0.003084,-0.004513,-0.002791,0.004628,-0.004512,-0.004859
51.632209,-0.004538,0.002073,0.002190,-0.002370,-0.000312,-0.000186,0.005212,-0.004909,-0.004688,0.004464,-0.003982,-0.006188
51.686616,-0.004122,-0.001752,0.001375,-0.002076,-0.003026,-0.000149,0.004933,-0.005006,-0.005400,0.003863,-0.003957,-0.007270
51.741023,-0.001303,0.000765,0.001375,0.000223,-0.000089,-0.000119,0.005050,-0.004119,-0.006876,0.005091,-0.004829,-0.009207
51.795430,-0.000987,-0.001123,-0.000739,-0.001806,0.000249,-0.001129,0.006903,-0.006601,-0.010659,0.004726,-0.005948,-0.009685
51.849837,-0.001169,-0.000168,-0.000306,-0.001699,0.001535,-0.000298,0.005023,-0.005039,-0.010739,0.003405,-0.004576,-0.007505
51.904244,-0.005484,0.002100,0.003620,-0.007400,0.004404,0.005258,0.004012,-0.003623,-0.006971,0.002389,-0.003681,-0.006061
51.958651,-0.006066,0.001481,0.002286,-0.006736,0.002657,0.002339,0.003113,-0.003782,-0.009374,0.003273,-0.003509,-0.007827
52.013058,-0.008486,0.002559,-0.000792,-0.009878,0.002186,-0.002438,0.001712,-0.003748,-0.007832,0.001418,-0.003133,-0.006404
52.067465,-0.008358,0.004541,-0.000792,-0.007903,0.001749,-0.001951,0.004220,-0.004922,-0.006277,0.004938,-0.004921,-0.005266
52.121872,-0.009703,0.002876,-0.000792,-0.006322,0.001399,-0.001561,0.001760,-0.003765,-0.004613,0.002507,-0.003981,-0.005274
52.176279,-0.013365,0.003494,0.000968,-0.012168,0.002305,0.000181,-0.007059,0.002463,-0.003714,-0.009688,0.003450,-0.005280
52.230686,-0.014419,0.003712,-0.001429,-0.011465,0.003485,-0.002604,-0.005012,0.001079,-0.007463,-0.005261,0.001004,-0.009229
52.285092,-0.013750,0.002766,-0.005354,-0.014275,0.004640,-0.002083,-0.003524,0.000007,-0.010609,-0.002459,-0.000717,-0.011845
52.339499,-0.013167,0.003385,-0.004021,-0.011420,0.003712,-0.001667,-0.005320,0.001066,-0.011668,-0.003121,0.000344,-0.013938
52.393906,-0.008018,0.004247,-0.000943,-0.006417,0.004236,-0.001333,-0.004706,0.000735,-0.013945,-0.002836,-0.000513,-0.014480
52.448313,-0.002913,0.002110,-0.002929,0.002013,0.000398,-0.003848,-0.006101,0.001751,-0.015588,-0.000419,-0.001403,-0.014026
52.502720,-0.006561,0.004030,-0.009336,-0.003497,0.003006,-0.012048,-0.005162,0.001538,-0.015600,-0.000464,-0.001464,-0.012300
52.557127,-0.003975,0.005973,-0.013276,-0.006287,0.006312,-0.013725,0.002468,-0.003123,-0.015067,-0.001382,-0.001063,-0.010155
52.611534,0.000878,0.000073,-0.013159,0.000035,-0.001570,-0.013566,0.000536,-0.001633,-0.012250,-0.001322,-0.000519,-0.009185
52.665941,0.002329,-0.000418,-0.016078,-0.003044,-0.000093,-0.014939,-0.002228,0.000157,-0.008987,-0.003178,0.000569,-0.007241
52.720348,0.002329,-0.000418,-0.016078,-0.002435,-0.000074,-0.011951,-0.000052,-0.002220,-0.006558,-0.000649,-0.001954,-0.006854
52.774755,0.000387,-0.001323,-0.016078,-0.001948,-0.000059,-0.009561,0.000535,-0.000857,-0.004474,-0.000037,-0.000444,-0.005895
52.829162,-0.001557,-0.001721,-0.014091,0.002866,-0.003596,-0.007649,-0.000969,-0.000545,-0.003921,-0.000286,-0.000911,-0.006385
52.883569,-0.001086,-0.001386,-0.007684,-0.002155,0.000280,-0.006119,0.000756,-0.002405,-0.003908,0.002058,-0.003674,-0.006169
52.937976,0.005513,-0.008685,-0.004766,0.004024,-0.006087,-0.004895,0.000540,-0.002818,-0.004875,0.000333,-0.003409,-0.006604
52.992383,0.001730,-0.007981,-0.005677,0.002988,-0.010504,-0.007778,0.001137,-0.003716,-0.005306,0.000885,-0.003654,-0.006948
53.046790,0.003924,-0.008813,-0.002758,0.002390,-0.008403,-0.006222,0.003590,-0.005202,-0.008069,0.002022,-0.004018,-0.009319
53.101197,0.002233,-0.008569,-0.002117,-0.000455,-0.006382,-0.004080,0.001404,-0.003292,-0.007393,0.000451,-0.002950,-0.007569
53.155604,0.002655,-0.009173,-0.000974,0.000226,-0.005951,-0.001663,-0.000929,-0.002932,-0.004506,-0.002423,-0.000737,-0.002426
53.210011,-0.001384,-0.005937,-0.000974,-0.001048,-0.003778,-0.001330,0.000658,-0.003686,-0.007836,0.000027,-0.002201,-0.008271
53.264418,0.001275,-0.007788,-0.000711,-0.001565,-0.002457,-0.000697,-0.001810,-0.001335,-0.007094,-0.001146,-0.001415,-0.006640
53.318825,-0.002831,-0.003280,-0.000711,-0.001252,-0.001966,-0.000558,-0.001413,-0.001180,-0.005791,-0.001675,-0.001383,-0.005155
53.373232,-0.002462,-0.000537,0.001917,-0.000716,-0.003368,-0.000629,-0.003074,-0.000650,-0.004534,-0.003046,-0.001292,-0.004029
53.427639,-0.006908,-0.002388,0.001917,-0.006797,-0.005286,-0.000503,-0.003796,-0.000270,-0.001780,-0.002134,-0.001597,-0.003128
53.482046,-0.005217,-0.002631,0.001276,-0.005437,-0.004229,-0.000402,-0.002667,-0.001136,-0.001715,-0.001294,-0.002226,-0.002526
53.536453,-0.005639,-0.002028,0.000132,-0.004350,-0.003383,-0.000322,-0.001139,-0.001988,-0.004675,-0.001679,-0.001349,-0.002536
53.590860,-0.004760,-0.002730,0.000132,-0.003480,-0.002706,-0.000257,-0.002862,-0.001044,-0.001036,-0.001790,-0.001370,-0.003265
53.645267,-0.004242,-0.003133,-0.000130,-0.002784,-0.002165,-0.000206,-0.001453,-0.001596,-0.002920,-0.000627,-0.001522,-0.005272
53.699674,-0.006903,-0.002964,-0.000130,-0.005953,-0.001495,-0.000165,-0.001810,-0.000830,-0.003884,-0.001760,-0.000397,-0.005411
53.754081,-0.003915,-0.003953,0.000000,-0.000293,-0.004376,-0.000132,-0.000353,-0.000762,-0.004712,-0.001075,-0.000408,-0.005393
53.808487,0.000531,-0.002102,0.000000,-0.000235,-0.003500,-0.000105,-0.001499,-0.000309,-0.005633,-0.002161,-0.000256,-0.005508
53.862894,0.000531,-0.002102,0.000000,-0.000188,-0.002800,-0.000084,-0.000620,-0.000324,-0.006499,-0.000085,-0.001174,-0.005643
53.917301,0.003493,-0.007152,0.000000,0.003996,-0.009310,-0.000067,-0.003348,0.000213,-0.007797,-0.004531,0.000244,-0.006845
53.971708,0.003493,-0.007152,0.000000,0.003197,-0.007448,-0.000054,-0.002752,-0.000136,-0.008866,-0.003237,-0.000583,-0.008210
54.026115,0.003493,-0.007152,0.000000,0.002558,-0.005959,-0.000043,-0.002841,-0.000313,-0.008051,-0.001910,-0.001140,-0.008087
54.080522,0.006154,-0.007321,0.000000,0.002046,-0.004767,-0.000035,-0.001880,-0.001284,-0.007827,-0.001440,-0.001452,-0.007348
54.134929,0.002962,-0.005050,0.000000,0.001637,-0.003813,-0.000028,-0.003178,-0.000514,-0.007922,-0.002636,-0.000173,-0.007078
54.189336,0.003402,-0.007928,0.000000,0.001925,-0.007080,-0.000022,-0.002229,-0.000899,-0.009029,-0.002081,-0.000608,-0.008405
54.243743,0.003402,-0.007928,0.000000,0.001540,-0.005664,-0.000018,-0.003243,-0.000350,-0.009859,-0.001441,-0.000687,-0.009122
54.298150,0.002487,-0.005589,0.000000,0.004098,-0.008326,-0.000014,-0.000534,-0.001518,-0.009344,-0.001823,-0.001001,-0.008909
54.352557,0.002487,-0.005589,0.000000,0.003279,-0.006661,-0.000011,-0.000823,-0.000948,-0.007366,-0.001475,-0.000781,-0.007090
54.406964,0.001420,-0.003775,0.000000,0.001129,-0.002789,-0.000009,-0.000169,-0.002606,-0.007431,0.000415,-0.003620,-0.007283
54.461371,0.000048,-0.004691,0.000128,-0.001018,-0.003514,0.000172,-0.000402,-0.002372,-0.007393,0.000093,-0.003109,-0.006651
54.515778,0.000048,-0.004691,0.000128,-0.000815,-0.002811,0.000138,0.000516,-0.003045,-0.006950,-0.000124,-0.002440,-0.005900
54.570185,-0.000392,-0.001812,0.000128,-0.000652,-0.002249,0.000110,0.000576,-0.002892,-0.005579,0.000012,-0.002208,-0.005543
54.624592,-0.000392,-0.001812,0.000128,-0.000521,-0.001799,0.000088,0.000636,-0.003226,-0.004681,0.000318,-0.002434,-0.005576
54.678999,-0.007811,0.002123,0.000128,-0.007937,0.000276,0.000071,0.002260,-0.004988,-0.004120,0.001858,-0.004865,-0.005285
54.733406,-0.010510,0.001162,0.000128,-0.010128,-0.001125,0.000056,0.002792,-0.006185,-0.004735,0.002215,-0.005548,-0.005053
54.787813,-0.009443,-0.000653,0.000128,-0.008102,-0.000900,0.000045,0.001961,-0.004530,-0.004324,0.002202,-0.005118,-0.005079
54.842220,-0.005462,-0.001600,0.000000,-0.002830,-0.003329,0.000036,0.002298,-0.004575,-0.004123,0.001995,-0.004370,-0.004606
54.896627,-0.009533,0.002339,-0.001061,-0.007963,0.002851,-0.001456,0.002323,-0.004599,-0.005210,0.001433,-0.003483,-0.005786
54.951034,-0.009533,0.002339,-0.001061,-0.006371,0.002281,-0.001165,0.002779,-0.004733,-0.005306,0.001896,-0.003229,-0.005586
55.005441,-0.007254,0.000164,-0.004858,-0.001906,-0.001220,-0.006247,0.002693,-0.004337,-0.004787,0.001705,-0.002696,-0.004883
55.059848,-0.001882,-0.001061,-0.004858,-0.001525,-0.000976,-0.004998,0.001915,-0.002554,-0.004889,0.001878,-0.002579,-0.004874
55.114255,-0.003204,0.002927,-0.001969,-0.006848,0.003456,0.000046,0.002631,-0.003082,-0.004984,0.003234,-0.004459,-0.004857
55.168662,-0.005062,0.004162,-0.001385,-0.008079,0.004494,0.000854,0.002524,-0.002693,-0.004615,0.002868,-0.003702,-0.004405
55.223069,-0.009144,0.005012,-0.002566,-0.008528,0.002176,-0.000970,0.002401,-0.002596,-0.004640,0.002354,-0.003101,-0.004103
55.277476,-0.005884,-0.002221,-0.002295,-0.007957,-0.002870,-0.001883,0.003535,-0.002973,-0.003828,0.003309,-0.002995,-0.004246
55.331882,-0.007366,-0.004420,-0.002295,-0.008440,-0.005375,-0.001506,0.005510,-0.005088,-0.003832,0.006161,-0.005800,-0.004360
55.386289,-0.009645,-0.002245,0.001501,-0.006752,-0.004300,-0.001205,0.006782,-0.006496,-0.004224,0.006898,-0.006724,-0.004451
55.440696,-0.009645,-0.002245,0.001501,-0.005402,-0.003440,-0.000964,0.006762,-0.006488,-0.004385,0.006004,-0.005790,-0.004754
55.495103,-0.005625,-0.005271,-0.001388,-0.004321,-0.002752,-0.000771,0.005443,-0.004617,-0.003791,0.004688,-0.004408,-0.003930
55.549510,-0.007870,-0.004604,-0.001971,-0.009202,0.000462,-0.000617,0.003867,-0.003850,-0.004718,0.001825,-0.002587,-0.004960
55.603917,-0.010335,-0.003409,-0.000791,-0.012877,0.000624,-0.000494,0.004201,-0.003831,-0.006537,0.001988,-0.002183,-0.007095
55.658324,-0.009530,-0.001135,0.000000,-0.010309,-0.000929,-0.000395,0.004393,-0.004330,-0.009758,0.003285,-0.002960,-0.011148
55.712731,-0.004798,0.000260,0.000000,-0.003697,-0.001869,-0.000316,0.002914,-0.001984,-0.011669,0.004070,-0.002487,-0.012557
55.767138,-0.010554,0.001288,0.000000,-0.011015,-0.000056,-0.000253,-0.002022,0.003129,-0.013214,-0.001684,0.003084,-0.013172
55.821545,-0.010554,0.001288,0.000000,-0.008812,-0.000045,-0.000202,-0.000657,0.000765,-0.014595,0.001050,-0.001253,-0.013664
55.875952,-0.011437,-0.002809,-0.000237,-0.008287,-0.005772,-0.000493,-0.001255,-0.000370,-0.017104,-0.000113,-0.002367,-0.014570
55.930359,-0.000263,-0.012229,-0.002654,0.003270,-0.015141,-0.003778,0.000637,-0.001819,-0.019406,0.000633,-0.002984,-0.016695
55.984766,0.006223,-0.011458,-0.003075,0.006181,-0.010779,-0.003612,-0.002070,0.000772,-0.014427,-0.002756,0.001128,-0.009513
56.039173,0.009082,-0.014059,-0.008899,0.008940,-0.013694,-0.011043,0.000039,-0.001353,-0.018239,0.002443,-0.003287,-0.018419
56.093580,0.004844,-0.015022,-0.014514,0.005769,-0.013428,-0.016696,0.004053,-0.006980,-0.022570,0.009016,-0.010626,-0.024436
56.147987,0.009656,-0.018023,-0.021120,0.003294,-0.013505,-0.022605,0.006715,-0.009018,-0.020036,0.006000,-0.006280,-0.019129
56.202394,0.013660,-0.021926,-0.026944,0.008241,-0.016268,-0.026238,0.006883,-0.006707,-0.019671,0.007431,-0.005508,-0.017919
56.256801,0.007594,-0.014163,-0.032323,-0.003137,-0.007883,-0.028852,0.006279,-0.007332,-0.026687,0.004146,-0.006648,-0.027796
56.311208,-0.002131,-0.006879,-0.035521,-0.006225,-0.006631,-0.030943,0.006902,-0.007771,-0.028101,0.004913,-0.007022,-0.029255
56.365615,-0.000944,-0.014475,-0.036251,0.000247,-0.014607,-0.026366,0.012256,-0.013336,-0.040292,0.008163,-0.009893,-0.036629
56.420022,-0.009522,-0.003256,-0.031578,-0.007816,-0.001049,-0.022704,0.006907,-0.009427,-0.034324,0.003690,-0.006631,-0.031755
56.474429,-0.009213,-0.002465,-0.025030,-0.007204,-0.002204,-0.016857,0.001824,-0.005090,-0.032543,0.002897,-0.007230,-0.032613
56.528836,-0.008765,-0.004854,-0.024320,-0.006457,-0.007871,-0.021740,0.009385,-0.013156,-0.037992,0.011691,-0.014856,-0.033299
56.583243,-0.014322,0.000526,-0.018267,-0.007340,-0.004229,-0.017071,0.016233,-0.026820,-0.041273,0.021571,-0.031499,-0.033848
56.637650,-0.006039,-0.003300,-0.018380,-0.004005,-0.003608,-0.021678,0.019546,-0.027292,-0.035606,0.020097,-0.028101,-0.032605
56.692057,-0.006392,-0.001799,-0.018276,-0.007414,-0.001110,-0.025058,0.018880,-0.027953,-0.036891,0.016741,-0.025110,-0.034902
56.746464,-0.004862,0.001394,-0.022636,0.001438,-0.005719,-0.027762,0.021269,-0.032638,-0.033743,0.020969,-0.030922,-0.036739
56.800871,0.000542,-0.008852,-0.026868,0.000702,-0.008283,-0.029745,0.026433,-0.036362,-0.038452,0.021165,-0.028668,-0.038435
56.855277,-0.001171,-0.008125,-0.028145,-0.002787,-0.006974,-0.024278,0.023340,-0.033361,-0.039763,0.012547,-0.020657,-0.039792
56.909684,-0.006582,0.001198,-0.027632,-0.010499,0.001366,-0.026958,0.013958,-0.025326,-0.035239,0.006276,-0.014350,-0.032710
56.964091,-0.008767,0.002031,-0.026534,-0.013632,0.004325,-0.019709,0.007748,-0.013951,-0.036967,0.008545,-0.015169,-0.035795
57.018498,-0.013029,0.002892,-0.018931,-0.015006,0.004442,-0.013143,0.005944,-0.010583,-0.033419,0.007150,-0.010322,-0.029197
57.072905,-0.006634,-0.000131,-0.015785,-0.007262,0.001098,-0.013826,0.010703,-0.014091,-0.027747,0.013046,-0.015798,-0.024233
57.127312,-0.014679,-0.000070,-0.008947,-0.009703,-0.003869,-0.009203,0.008060,-0.009812,-0.022074,0.014314,-0.017482,-0.020263
57.181719,-0.019626,0.004480,-0.003239,-0.015137,-0.000432,-0.006907,0.000554,-0.004635,-0.017777,0.005331,-0.010668,-0.019237
57.236126,-0.012929,0.004236,-0.002569,-0.006083,-0.001035,-0.005071,0.006360,-0.009896,-0.018712,0.008009,-0.013622,-0.025744
57.290533,-0.005680,-0.003146,-0.000976,-0.002986,-0.004217,-0.009361,0.007747,-0.010677,-0.019136,0.004588,-0.009815,-0.022065
57.344940,-0.005895,-0.005509,-0.006518,-0.007924,-0.003450,-0.013390,0.005026,-0.009132,-0.018226,0.003384,-0.009378,-0.026005
57.399347,-0.004209,-0.005031,-0.012607,-0.008079,-0.001109,-0.016613,0.008328,-0.012728,-0.026920,0.007645,-0.010723,-0.033536
57.453754,-0.004911,-0.004407,-0.015709,-0.002702,-0.002469,-0.020945,0.006377,-0.011117,-0.035578,0.010710,-0.013865,-0.039826
57.508161,-0.007931,0.000458,-0.021251,-0.010284,0.000089,-0.022657,0.003750,-0.008335,-0.039424,0.008768,-0.012039,-0.038122
57.562568,-0.002778,-0.004100,-0.020662,-0.008387,-0.003647,-0.016846,0.009335,-0.012623,-0.042908,0.008713,-0.012319,-0.038401
57.616975,-0.010533,-0.002258,-0.018706,-0.011541,-0.001028,-0.010283,0.006797,-0.011036,-0.041925,0.007162,-0.012721,-0.039700
57.671382,-0.013609,0.000422,-0.014004,-0.011658,-0.000459,-0.006947,0.009516,-0.013628,-0.046612,0.007717,-0.012722,-0.039790
57.725789,-0.010503,0.003640,-0.008749,-0.010513,0.004061,-0.004103,0.010780,-0.014516,-0.046381,0.007656,-0.012947,-0.039863
57.780196,-0.007263,-0.000711,-0.003495,-0.005615,-0.001192,-0.001827,0.008031,-0.013865,-0.043023,0.007215,-0.012667,-0.039921
57.834603,-0.007522,-0.000870,0.002886,-0.001093,-0.002758,-0.000182,0.003594,-0.011089,-0.039476,0.004154,-0.011534,-0.039967
57.889010,-0.001225,-0.002830,0.005437,-0.000181,-0.002886,-0.002476,0.005018,-0.012679,-0.041449,0.005516,-0.012400,-0.040997
57.943417,0.000476,-0.000662,0.002162,0.002077,-0.002992,-0.005286,0.004160,-0.012225,-0.040687,0.004911,-0.011971,-0.039636
57.997824,0.001587,-0.000298,0.003538,-0.001614,0.000006,0.000890,0.002292,-0.008923,-0.039158,0.001504,-0.007821,-0.038547
58.052231,-0.000516,0.001268,0.003925,-0.006661,0.002559,0.002534,0.002766,-0.012471,-0.036676,0.003854,-0.013769,-0.035393
58.106638,0.002407,-0.007095,-0.004785,-0.002423,-0.005232,-0.008712,0.003184,-0.013128,-0.037110,0.005152,-0.014704,-0.036953
58.161045,-0.002479,-0.006227,-0.006712,-0.005983,-0.007411,-0.008212,0.003591,-0.013269,-0.035842,0.005781,-0.014270,-0.035817
58.215452,-0.001321,-0.008228,-0.009881,0.000234,-0.010535,-0.009727,0.004927,-0.013156,-0.035365,0.004878,-0.012658,-0.036017
58.269859,-0.002992,-0.011828,-0.012454,-0.001459,-0.014147,-0.013713,0.003308,-0.013096,-0.034179,0.003828,-0.013216,-0.036177
58.324266,-0.006015,-0.007986,-0.009377,-0.003179,-0.006623,-0.009969,0.004062,-0.012401,-0.032445,0.004617,-0.011650,-0.033351
58.378672,-0.003648,-0.010278,-0.012296,-0.002504,-0.006107,-0.006942,0.006803,-0.013286,-0.032820,0.005106,-0.008803,-0.034044
58.433079,0.005712,-0.018355,-0.014484,0.005731,-0.013638,-0.006796,0.005054,-0.009655,-0.036225,0.004287,-0.009472,-0.036557
58.487486,-0.000814,-0.013799,-0.012025,-0.001646,-0.011812,-0.012733,0.003735,-0.005739,-0.035314,0.003652,-0.005784,-0.036609
58.541893,-0.001186,-0.011738,-0.014203,-0.005883,-0.009790,-0.014477,0.013181,-0.011619,-0.033996,0.017805,-0.015366,-0.033697
58.596300,-0.005485,-0.008312,-0.011386,-0.005705,-0.007641,-0.010796,0.012299,-0.010662,-0.031017,0.013263,-0.012194,-0.030149
58.650707,-0.009036,-0.003136,-0.010214,-0.011181,-0.004585,-0.012927,0.011326,-0.009336,-0.028203,0.009173,-0.010989,-0.027545
58.705114,-0.008280,-0.006137,-0.014856,-0.009897,-0.003176,-0.015839,0.012128,-0.011749,-0.034547,0.010016,-0.013247,-0.035327
58.759521,-0.007117,-0.010505,-0.022093,-0.006251,-0.009465,-0.021770,0.012362,-0.015345,-0.037483,0.009752,-0.015114,-0.039735
58.813928,-0.013206,-0.003317,-0.024843,-0.005791,-0.006260,-0.022508,0.013281,-0.012864,-0.029023,0.009291,-0.011049,-0.029265
58.868335,-0.001829,-0.005858,-0.029731,0.005064,-0.009468,-0.032146,0.014857,-0.016472,-0.029222,0.009861,-0.012097,-0.031055
58.922742,0.003579,-0.008599,-0.030592,0.007056,-0.011751,-0.031214,0.005580,-0.011061,-0.035007,0.009785,-0.012840,-0.037352
58.977149,0.003186,-0.009458,-0.032856,0.004097,-0.010413,-0.027354,0.009866,-0.015201,-0.042052,0.012847,-0.015970,-0.042936
59.031556,0.013805,-0.012334,-0.037686,0.011527,-0.010829,-0.032936,0.011029,-0.015117,-0.047800,0.010468,-0.013892,-0.045822
59.085963,0.012868,-0.014103,-0.034632,0.006957,-0.010647,-0.027570,0.012615,-0.014661,-0.046440,0.013273,-0.014930,-0.048044
59.140370,0.010544,-0.012827,-0.034010,0.003980,-0.013655,-0.030285,0.012162,-0.013476,-0.045286,0.011724,-0.014802,-0.048293
59.194777,0.010041,-0.014525,-0.040009,0.001689,-0.011990,-0.037718,0.013755,-0.018137,-0.056765,0.013098,-0.017324,-0.052183
59.249184,0.000924,-0.011066,-0.036962,-0.001715,-0.009209,-0.040048,0.005061,-0.010634,-0.059439,0.000736,-0.006614,-0.053133
59.303591,-0.001665,-0.009589,-0.039309,-0.001993,-0.009477,-0.040821,0.005294,-0.009262,-0.054066,0.002810,-0.006532,-0.047491
59.357998,0.001598,-0.010870,-0.045031,0.001426,-0.010387,-0.043051,0.004665,-0.009377,-0.057637,0.006387,-0.011085,-0.056048
59.412405,0.001055,-0.009242,-0.043339,0.008630,-0.008528,-0.043125,0.008256,-0.011138,-0.054866,0.010328,-0.012450,-0.052432
59.466812,0.004509,-0.009400,-0.049519,0.009475,-0.009028,-0.044374,0.005837,-0.009987,-0.051926,0.009774,-0.012164,-0.049216
59.521219,0.005642,-0.005730,-0.049915,0.007580,-0.007222,-0.044281,0.004202,-0.007227,-0.050077,0.006636,-0.008726,-0.046642
59.575626,0.012009,-0.009390,-0.046482,0.013484,-0.011968,-0.044109,0.004053,-0.005587,-0.044568,0.008818,-0.010167,-0.043149
59.630033,0.015968,-0.012355,-0.048542,0.013263,-0.013342,-0.048046,0.013072,-0.013630,-0.040947,0.009939,-0.012149,-0.040837
59.684440,0.013889,-0.009529,-0.041959,0.007078,-0.008828,-0.038002,0.010351,-0.014087,-0.040438,0.006364,-0.011600,-0.036942
59.738847,0.008341,-0.007978,-0.034777,0.000917,-0.007695,-0.030741,0.006189,-0.009757,-0.030757,0.003402,-0.009078,-0.034054
59.793254,0.007647,-0.011749,-0.028817,0.007250,-0.011655,-0.024933,0.002839,-0.008458,-0.030839,0.003250,-0.009024,-0.034953
59.847661,0.006495,-0.010838,-0.021433,0.006758,-0.010254,-0.019482,0.001011,-0.006936,-0.028341,0.001552,-0.007293,-0.031734
59.902067,0.000135,-0.008748,-0.015402,-0.003496,-0.005277,-0.015925,0.002166,-0.007876,-0.024834,0.001677,-0.006145,-0.027748
59.956474,-0.010600,-0.007066,-0.008889,-0.010407,-0.008056,-0.012306,0.001051,-0.007256,-0.023718,0.003289,-0.007234,-0.026471
60.010881,-0.011880,-0.008363,-0.007244,-0.007641,-0.012029,-0.020301,0.000415,-0.007086,-0.026832,0.004626,-0.009565,-0.031855
60.065288,-0.011929,-0.009692,-0.015023,-0.009715,-0.009637,-0.026696,0.002570,-0.007715,-0.028189,0.005129,-0.010413,-0.031655
60.119695,-0.011907,-0.005540,-0.009372,-0.012486,-0.002530,-0.013785,0.004984,-0.009151,-0.029904,0.005794,-0.010138,-0.032225
60.174102,-0.006123,-0.009418,-0.007750,0.004625,-0.012953,-0.009098,0.004393,-0.008228,-0.028349,0.004337,-0.008581,-0.031313
60.228509,-0.011644,-0.005158,-0.008028,-0.003071,-0.005329,-0.007203,0.002596,-0.008486,-0.029357,-0.000095,-0.007299,-0.030233
60.282916,-0.007971,-0.005454,-0.007221,-0.006217,-0.001751,-0.004973,0.002101,-0.009758,-0.030952,-0.000333,-0.007930,-0.028780
60.337323,-0.000959,-0.002825,-0.006968,-0.002767,-0.001555,-0.003189,0.000752,-0.007909,-0.031852,-0.000208,-0.006074,-0.028557
60.391730,-0.001873,-0.003831,-0.003340,-0.002809,-0.008236,-0.007928,-0.002446,-0.004146,-0.027927,-0.002649,-0.003369,-0.028028
60.446137,0.001257,-0.005956,0.001630,-0.001466,-0.009578,-0.009840,-0.004087,-0.002210,-0.024965,-0.002988,-0.002746,-0.024448
60.500544,-0.001378,-0.007776,-0.001928,-0.009577,-0.005030,-0.005281,-0.005982,-0.001535,-0.021911,-0.003352,-0.003059,-0.022183
60.554951,-0.010045,-0.005244,-0.005805,-0.005182,-0.011409,-0.007722,-0.004971,-0.002271,-0.019406,-0.001565,-0.003949,-0.019772
60.609358,-0.006018,-0.011584,-0.009236,-0.005278,-0.012969,-0.010907,-0.007462,0.003215,-0.017150,-0.008304,0.004087,-0.017843
60.663765,-0.005448,-0.014772,-0.015475,-0.007186,-0.012326,-0.016669,-0.007495,0.004502,-0.015316,-0.006946,0.002980,-0.016300
60.718172,-0.008401,-0.014558,-0.022685,-0.007676,-0.009715,-0.022641,-0.006042,0.003176,-0.017863,-0.003465,0.000798,-0.022139
60.772579,-0.010355,-0.010823,-0.019907,-0.009471,-0.009536,-0.019600,-0.001213,-0.000227,-0.018813,0.001507,-0.002635,-0.024223
60.826986,-0.009695,-0.011524,-0.021679,-0.005872,-0.011600,-0.021659,-0.002624,-0.000090,-0.022017,-0.001640,-0.001968,-0.025891
60.881393,-0.001879,-0.018398,-0.027801,-0.002159,-0.016270,-0.023307,-0.007293,-0.000635,-0.024402,-0.008809,-0.003199,-0.026675
60.935800,-0.010991,-0.005983,-0.030977,-0.012005,-0.003021,-0.026589,-0.008479,-0.000487,-0.024436,-0.007590,-0.003853,-0.023414
60.990207,-0.016319,-0.000821,-0.027227,-0.018195,0.000968,-0.020750,-0.001805,-0.007134,-0.026183,-0.003781,-0.005142,-0.023202
61.044614,-0.019702,0.004753,-0.014836,-0.022256,0.006628,-0.007197,-0.000593,-0.007452,-0.027885,-0.001632,-0.004849,-0.022970
61.099021,-0.022155,0.006530,-0.013100,-0.023166,0.007936,-0.012632,-0.002039,-0.007167,-0.024534,-0.001238,-0.005065,-0.022784
61.153428,-0.019819,0.007365,-0.015814,-0.018593,0.005754,-0.015393,-0.006604,-0.004485,-0.021149,-0.003102,-0.003572,-0.020000
61.207835,-0.016000,0.007450,-0.018443,-0.007823,0.000751,-0.021974,-0.002128,-0.006950,-0.022175,0.000940,-0.006168,-0.023948
61.262242,-0.019990,0.012392,-0.017064,-0.009306,0.000530,-0.021627,0.002740,-0.006189,-0.022575,0.000069,-0.005494,-0.025682
61.316649,-0.013510,0.003502,-0.012605,-0.008650,-0.002028,-0.019004,0.003106,-0.005787,-0.023626,0.000025,-0.005127,-0.024090
61.371055,-0.006788,0.001265,-0.018907,-0.006101,-0.001369,-0.023504,0.000805,-0.005818,-0.024976,-0.000910,-0.006203,-0.025634
61.425462,0.004922,-0.009530,-0.029400,0.003815,-0.010355,-0.024090,0.001779,-0.008907,-0.026371,0.002028,-0.010023,-0.026868
61.479869,0.007214,-0.009685,-0.029406,0.000899,-0.005866,-0.026156,0.003539,-0.009475,-0.028771,0.004154,-0.010000,-0.029262
61.534276,0.010957,-0.015728,-0.034410,0.005899,-0.013748,-0.033217,0.005018,-0.010582,-0.030163,0.003283,-0.009068,-0.027131
61.588683,0.005564,-0.011011,-0.028144,0.004219,-0.008248,-0.027461,0.005681,-0.011575,-0.030607,0.006975,-0.011956,-0.030275
61.643090,0.003869,-0.011872,-0.027460,-0.002044,-0.007874,-0.025060,0.008072,-0.012657,-0.029754,0.008245,-0.011639,-0.029549
61.697497,0.007801,-0.013370,-0.031657,0.002663,-0.010848,-0.027625,0.006902,-0.010802,-0.032771,0.004927,-0.007446,-0.031407
61.751904,0.007215,-0.013551,-0.025727,0.002131,-0.008679,-0.022100,0.005957,-0.008577,-0.028153,0.001689,-0.004945,-0.025022
61.806311,-0.001481,-0.002565,-0.018474,-0.001775,-0.000822,-0.012812,0.005564,-0.006770,-0.027454,0.003557,-0.006485,-0.025400
61.860718,-0.000931,-0.004743,-0.014190,-0.002804,-0.001289,-0.011137,0.003419,-0.006726,-0.027980,0.002375,-0.007109,-0.028825
61.915125,-0.000980,-0.001629,-0.010886,0.002869,-0.005727,-0.016576,0.004880,-0.009036,-0.031624,0.003905,-0.009989,-0.031883
61.969532,0.005320,-0.009071,-0.015665,0.010615,-0.012250,-0.020838,0.003784,-0.008015,-0.031837,0.005938,-0.011263,-0.034374
62.023939,0.011637,-0.010948,-0.018361,0.011916,-0.013703,-0.023536,0.002741,-0.007363,-0.034105,0.005954,-0.010172,-0.036004
62.078346,0.014411,-0.015610,-0.018425,0.017716,-0.022039,-0.026495,0.003763,-0.008574,-0.034631,0.004526,-0.007968,-0.037308
62.132753,0.015019,-0.016085,-0.021218,0.015024,-0.018296,-0.025106,0.006431,-0.011181,-0.040944,0.005104,-0.009012,-0.038580
62.187160,0.016790,-0.022695,-0.026871,0.011018,-0.017770,-0.023131,0.004690,-0.009487,-0.043338,0.003850,-0.007368,-0.039598
62.241567,0.021175,-0.026320,-0.037829,0.013570,-0.019923,-0.034733,0.006022,-0.009083,-0.040312,0.004476,-0.007249,-0.035948
62.295974,0.018573,-0.029414,-0.040521,0.012325,-0.024965,-0.039222,0.004035,-0.006317,-0.037208,0.002803,-0.006229,-0.033235
62.350381,0.016165,-0.030089,-0.045349,0.014809,-0.028585,-0.045713,0.000632,-0.003982,-0.032772,0.000292,-0.004986,-0.029246
62.404788,0.017568,-0.029208,-0.049630,0.017235,-0.025538,-0.049431,-0.001042,-0.002749,-0.026603,-0.000905,-0.003424,-0.023264
62.459195,0.016686,-0.025744,-0.053518,0.020736,-0.026658,-0.052654,-0.002944,-0.001672,-0.022427,-0.003625,-0.001061,-0.021269
62.513602,0.021865,-0.032453,-0.060090,0.024691,-0.031384,-0.055233,-0.001157,-0.003768,-0.018086,0.001086,-0.006421,-0.019673
62.568009,0.024655,-0.033722,-0.065316,0.022658,-0.030016,-0.054550,-0.000487,-0.004597,-0.016360,0.001573,-0.006455,-0.022056
62.622416,0.021853,-0.030466,-0.063088,0.018960,-0.025161,-0.056749,-0.005772,-0.001459,-0.013115,-0.004746,-0.002127,-0.017371
62.676823,0.020236,-0.024829,-0.064106,0.014372,-0.021265,-0.058260,-0.006420,-0.000793,-0.012637,-0.005480,-0.001198,-0.017705
62.731230,0.011962,-0.016110,-0.050794,0.004864,-0.013417,-0.042307,-0.011126,0.002166,-0.012110,-0.012923,0.003181,-0.016084
62.785637,0.003290,-0.011730,-0.040926,-0.002861,-0.007271,-0.032891,-0.003589,-0.005367,-0.014925,-0.000926,-0.007437,-0.016675
62.840044,-0.007509,-0.002118,-0.027828,-0.010461,0.001412,-0.021084,0.004795,-0.012143,-0.015747,0.008096,-0.013758,-0.017148
62.894450,-0.015765,-0.000637,-0.019318,-0.011824,-0.006855,-0.018063,0.003088,-0.011565,-0.024307,0.008073,-0.015769,-0.028361
62.948857,-0.018026,0.003540,-0.011666,-0.009719,-0.004546,-0.014101,0.005919,-0.013633,-0.021687,0.011126,-0.016828,-0.025338
63.003264,-0.015808,0.004409,-0.001620,-0.003837,-0.003568,-0.010326,0.015547,-0.020367,-0.030376,0.016376,-0.019854,-0.032161
63.057671,-0.014766,0.000976,0.007815,-0.002407,-0.008797,-0.007912,0.018618,-0.022494,-0.036572,0.015717,-0.018358,-0.038211
63.112078,-0.012732,0.000815,0.005932,-0.005712,-0.003668,-0.004665,0.032824,-0.033227,-0.044075,0.023923,-0.025572,-0.042994
63.166485,-0.008993,-0.003700,0.000404,-0.006087,-0.005792,-0.010516,0.031225,-0.032275,-0.050271,0.026312,-0.029106,-0.046877
63.220892,0.007030,-0.019211,-0.008176,0.009391,-0.019120,-0.015197,0.027547,-0.031752,-0.057964,0.024737,-0.030362,-0.052080
63.275299,0.017810,-0.019405,-0.018523,0.019150,-0.023553,-0.027839,0.034030,-0.037090,-0.063505,0.030462,-0.036525,-0.064063
63.329706,0.014244,-0.021287,-0.024528,0.010068,-0.020539,-0.030328,0.028935,-0.034359,-0.075780,0.021904,-0.029609,-0.071086
63.384113,0.011406,-0.023186,-0.021209,0.008018,-0.019021,-0.018662,0.023645,-0.031656,-0.081455,0.017592,-0.026294,-0.076704
63.438520,0.009509,-0.021439,-0.032851,0.004422,-0.018714,-0.030879,0.035616,-0.041314,-0.082952,0.033450,-0.037032,-0.075941
63.492927,0.013521,-0.026749,-0.042118,0.005368,-0.019035,-0.036013,0.033474,-0.039036,-0.080494,0.035110,-0.037322,-0.069736
63.547334,0.012453,-0.022246,-0.045351,0.001281,-0.011781,-0.040121,0.035586,-0.039466,-0.084536,0.038219,-0.039108,-0.073930
63.601741,0.005931,-0.012328,-0.038474,0.006154,-0.010027,-0.029253,0.035297,-0.034070,-0.080921,0.033858,-0.030809,-0.068661
63.656148,0.003838,-0.011059,-0.025241,0.013631,-0.014502,-0.020558,0.033840,-0.031253,-0.072204,0.035718,-0.032939,-0.065124
63.710555,0.010152,-0.021166,-0.025963,0.014492,-0.027448,-0.025513,0.045355,-0.037701,-0.066056,0.042231,-0.035768,-0.063327
63.764962,0.015045,-0.030573,-0.044411,0.018407,-0.037718,-0.040638,0.049944,-0.040929,-0.059170,0.040277,-0.035740,-0.060857
63.819369,0.013148,-0.027546,-0.031874,0.010078,-0.029433,-0.030908,0.040776,-0.034414,-0.056311,0.038763,-0.035467,-0.059262
63.873776,0.014051,-0.027559,-0.026397,0.011157,-0.027630,-0.028368,0.040211,-0.034464,-0.057450,0.038571,-0.036141,-0.057986
63.928183,0.013963,-0.030706,-0.020707,0.005789,-0.023062,-0.026039,0.031818,-0.028864,-0.053864,0.029238,-0.030323,-0.059511
63.982590,0.004742,-0.033139,-0.021561,-0.003149,-0.022457,-0.019183,0.039428,-0.038316,-0.056439,0.037326,-0.037013,-0.060731
64.036997,-0.001030,-0.027273,-0.035354,-0.001892,-0.016234,-0.031813,0.042249,-0.039102,-0.060993,0.042443,-0.039003,-0.065155
64.091404,0.000254,-0.024575,-0.031267,0.003871,-0.025056,-0.028795,0.047025,-0.046906,-0.064809,0.054296,-0.051545,-0.068694
64.145811,-0.000679,-0.017211,-0.027960,0.008604,-0.025495,-0.038633,0.041617,-0.043503,-0.067259,0.042358,-0.043598,-0.068580
64.200218,-0.000424,-0.024607,-0.039139,0.002593,-0.030009,-0.044954,0.043135,-0.045674,-0.074780,0.042554,-0.044793,-0.075970
64.254625,-0.006335,-0.024376,-0.047678,-0.003106,-0.027767,-0.051560,0.037824,-0.040491,-0.082300,0.034168,-0.036345,-0.081881
64.309032,-0.000065,-0.031968,-0.056187,0.003155,-0.033801,-0.056505,0.050535,-0.051240,-0.084763,0.043510,-0.045535,-0.082075
64.363439,-0.000737,-0.027327,-0.068261,-0.006196,-0.024552,-0.060460,0.048287,-0.050462,-0.091954,0.045597,-0.048094,-0.088850
64.417845,-0.000537,-0.033559,-0.065577,-0.004050,-0.026634,-0.061077,0.049483,-0.053942,-0.101991,0.050734,-0.052740,-0.101701
64.472252,0.000787,-0.034892,-0.076029,0.003998,-0.035242,-0.066839,0.035564,-0.040941,-0.092463,0.041443,-0.044333,-0.084592
64.526659,-0.003190,-0.029616,-0.069040,0.003139,-0.026258,-0.059283,0.043524,-0.045563,-0.091669,0.043219,-0.044298,-0.080187
64.581066,0.000045,-0.030740,-0.067689,0.002750,-0.032192,-0.059584,0.046879,-0.045300,-0.089488,0.047939,-0.044985,-0.082202
64.635473,0.005229,-0.027758,-0.061963,0.004276,-0.025339,-0.055247,0.054525,-0.050851,-0.083775,0.049181,-0.044270,-0.078869
64.689880,-0.000473,-0.023797,-0.056574,0.001079,-0.026313,-0.051909,0.045368,-0.040967,-0.074970,0.042700,-0.038038,-0.067338
64.744287,0.001156,-0.027511,-0.053641,-0.005577,-0.023761,-0.052678,0.044039,-0.038187,-0.070388,0.043089,-0.038204,-0.070645
64.798694,-0.005340,-0.023299,-0.050072,-0.012649,-0.020105,-0.049854,0.058598,-0.047472,-0.057878,0.069109,-0.057826,-0.069623
64.853101,-0.016424,-0.012095,-0.042739,-0.018399,-0.014333,-0.047594,0.065359,-0.054432,-0.074675,0.065610,-0.058147,-0.082446
64.907508,-0.017142,-0.015296,-0.044002,-0.015784,-0.014011,-0.045656,0.062069,-0.050831,-0.069137,0.057946,-0.050308,-0.070717
64.961915,-0.017075,-0.008438,-0.038789,-0.012295,-0.012794,-0.041383,0.055269,-0.045068,-0.061686,0.050201,-0.041725,-0.064195
65.016322,-0.021258,-0.009918,-0.046470,-0.013616,-0.011894,-0.051441,0.051532,-0.043070,-0.065820,0.045758,-0.038864,-0.070250
65.070729,-0.013407,-0.015676,-0.042392,-0.002243,-0.023617,-0.043155,0.050894,-0.043229,-0.070716,0.039069,-0.033936,-0.067298
65.125136,-0.010483,-0.016720,-0.037287,-0.004141,-0.023066,-0.038527,0.043833,-0.039793,-0.058598,0.030299,-0.030113,-0.053647
65.179543,-0.001387,-0.016972,-0.034169,0.001234,-0.019902,-0.034169,0.034276,-0.022475,-0.054679,0.045497,-0.027108,-0.050539
65.233950,-0.000275,-0.018871,-0.032132,-0.005736,-0.016829,-0.032193,0.030949,-0.020099,-0.049780,0.042062,-0.030245,-0.060319
65.288357,0.009755,-0.028756,-0.046478,0.008390,-0.029847,-0.053420,0.042364,-0.028279,-0.067066,0.055089,-0.039439,-0.077216
65.342764,0.011631,-0.029210,-0.046082,0.009669,-0.026099,-0.047041,0.052075,-0.036371,-0.075189,0.061510,-0.044359,-0.080766
65.397171,0.008846,-0.033261,-0.036062,0.000058,-0.028208,-0.041938,0.046101,-0.037741,-0.078183,0.046443,-0.042889,-0.087699
65.451578,-0.001765,-0.019430,-0.027029,-0.006159,-0.017306,-0.022907,0.048280,-0.047537,-0.083546,0.042667,-0.050870,-0.088765
65.505985,-0.000977,-0.014950,-0.021692,-0.006171,-0.011745,-0.014857,0.049045,-0.046415,-0.097888,0.034249,-0.042089,-0.090900
65.560392,0.001859,-0.019130,-0.024118,0.003579,-0.016697,-0.018628,0.039348,-0.048584,-0.099942,0.035080,-0.039726,-0.083217
65.614799,0.000641,-0.014394,-0.019010,-0.005565,-0.007635,-0.012610,0.032483,-0.043995,-0.094753,0.024118,-0.033915,-0.079197
65.669206,-0.008386,-0.007047,0.002663,-0.004111,-0.012205,-0.007411,0.006071,-0.027874,-0.083084,0.003758,-0.019805,-0.075981
65.723613,-0.008204,-0.011314,0.009161,-0.000076,-0.017959,-0.001137,0.007068,-0.033406,-0.077015,0.021840,-0.036397,-0.071282
65.778020,0.008325,-0.011829,0.013873,0.015402,-0.022418,0.001383,-0.018347,-0.004448,-0.068022,-0.020874,0.004023,-0.067523
65.832427,0.020124,-0.024066,-0.011438,0.022635,-0.029806,-0.023687,-0.031049,0.006621,-0.062174,-0.028969,0.002155,-0.064435
65.886834,0.019421,-0.027264,-0.021233,0.015880,-0.026221,-0.029194,-0.030859,0.002272,-0.065410,-0.022794,-0.005757,-0.075967
65.941240,0.019556,-0.026979,-0.031091,0.021410,-0.027880,-0.043899,-0.032741,-0.000279,-0.077169,-0.013189,-0.014232,-0.087732
65.995647,0.023987,-0.032421,-0.032722,0.014902,-0.024200,-0.035109,-0.026635,0.000225,-0.073652,-0.005949,-0.012814,-0.077887
66.050054,0.028415,-0.034610,-0.046265,0.018462,-0.028521,-0.044372,-0.013170,-0.005809,-0.071361,-0.001445,-0.011373,-0.071725
66.104461,0.018829,-0.021595,-0.061319,0.004562,-0.012792,-0.051781,-0.009509,-0.001562,-0.071304,0.022803,-0.023705,-0.067797
66.158868,0.013151,-0.018130,-0.076495,0.011163,-0.013432,-0.060379,0.020787,-0.027879,-0.080670,0.022310,-0.022666,-0.077847
66.213275,0.007886,-0.015158,-0.064550,0.011872,-0.018456,-0.056372,0.028548,-0.025224,-0.079954,0.016444,-0.015480,-0.071693
66.267682,0.009823,-0.013014,-0.056796,0.009983,-0.014140,-0.044487,0.037406,-0.025679,-0.068013,0.025939,-0.020502,-0.065055
66.322089,-0.015890,-0.000999,-0.047885,-0.019308,-0.001394,-0.043658,0.040120,-0.026434,-0.062247,0.029596,-0.027085,-0.070931
66.376496,-0.009867,-0.005617,-0.055601,-0.009239,-0.009477,-0.045719,0.039380,-0.027482,-0.061889,0.027243,-0.024564,-0.063944
66.430903,-0.006432,-0.010851,-0.049733,0.003959,-0.024070,-0.044644,0.039075,-0.029468,-0.062368,0.024682,-0.023552,-0.061242
66.485310,0.000056,-0.020320,-0.040706,0.002042,-0.022488,-0.039363,0.024507,-0.019654,-0.059661,0.023309,-0.019710,-0.055621
66.539717,0.001355,-0.026993,-0.029774,0.010966,-0.030531,-0.035138,0.020974,-0.020723,-0.050002,0.017769,-0.020966,-0.054583
66.594124,0.002405,-0.025087,-0.033739,0.013184,-0.029466,-0.041730,0.024201,-0.027427,-0.050482,0.017329,-0.023506,-0.053753
66.648531,0.004038,-0.024047,-0.037548,0.013319,-0.021493,-0.038106,0.018153,-0.022261,-0.050356,0.018180,-0.019691,-0.050527
66.702938,0.022453,-0.030995,-0.031637,0.009142,-0.017003,-0.030279,0.047424,-0.040000,-0.044070,0.064369,-0.051269,-0.050509
66.757345,0.022518,-0.034207,-0.027301,0.013611,-0.026461,-0.028945,0.048507,-0.041296,-0.045759,0.056577,-0.045726,-0.049971
66.811752,0.025186,-0.032342,-0.037568,0.025975,-0.035046,-0.045598,0.050591,-0.042017,-0.048160,0.051067,-0.041492,-0.053425
66.866159,0.025586,-0.032973,-0.041136,0.020215,-0.032152,-0.045121,0.049906,-0.044072,-0.052224,0.043458,-0.036939,-0.055057
66.920566,0.014760,-0.027107,-0.042737,0.010348,-0.030050,-0.041987,0.051488,-0.044202,-0.053818,0.036102,-0.034931,-0.056363
66.974973,0.015870,-0.028720,-0.042844,0.014244,-0.031340,-0.047359,0.051904,-0.047492,-0.056219,0.032578,-0.039283,-0.058538
67.029380,0.017723,-0.032019,-0.048430,0.016760,-0.027611,-0.050429,0.049905,-0.053366,-0.060449,0.027581,-0.040537,-0.060278
67.083787,0.014907,-0.034530,-0.052035,0.007953,-0.025413,-0.045184,0.015013,-0.030014,-0.062111,0.023041,-0.035253,-0.060635
67.138194,0.010610,-0.028053,-0.058494,0.006644,-0.024121,-0.049911,0.010225,-0.031091,-0.071787,0.016811,-0.034421,-0.071620
67.192601,-0.004567,-0.014438,-0.051422,-0.000846,-0.014112,-0.052471,0.011040,-0.032445,-0.076453,0.020395,-0.034344,-0.077275
67.247008,-0.001412,-0.015912,-0.053425,0.003175,-0.017469,-0.053424,0.012651,-0.033041,-0.079027,0.021176,-0.032055,-0.077741
67.301415,0.003391,-0.012692,-0.057394,0.003439,-0.013796,-0.054186,0.018193,-0.036135,-0.089625,0.026036,-0.035356,-0.089347
67.355822,-0.002345,-0.012444,-0.053612,0.000687,-0.017990,-0.051824,0.020922,-0.036467,-0.094290,0.028345,-0.040086,-0.091457
67.410229,-0.007663,-0.014603,-0.056336,-0.001530,-0.019953,-0.057814,0.021359,-0.034259,-0.098398,0.024807,-0.038090,-0.092365
67.464635,-0.004353,-0.010553,-0.058406,-0.002045,-0.013617,-0.053989,0.023571,-0.038219,-0.108803,0.023917,-0.038839,-0.100871
67.519042,-0.001795,-0.011038,-0.051803,0.002226,-0.015363,-0.047712,0.027302,-0.035256,-0.096761,0.022737,-0.033141,-0.086950
67.573449,-0.002077,-0.016226,-0.050710,-0.004775,-0.014368,-0.049181,0.022096,-0.029165,-0.101761,0.017847,-0.024793,-0.096539
67.627856,-0.005689,-0.014548,-0.050078,-0.005026,-0.015325,-0.049907,0.019483,-0.027623,-0.096650,0.015479,-0.022255,-0.085997
67.682263,-0.003108,-0.023823,-0.055012,0.000493,-0.025066,-0.058280,0.017467,-0.027943,-0.100221,0.018656,-0.027963,-0.100951
67.736670,0.002615,-0.018359,-0.056503,0.006342,-0.019356,-0.057187,0.014927,-0.023721,-0.100494,0.018885,-0.028262,-0.101122
67.791077,-0.004877,-0.014010,-0.052366,-0.007494,-0.014958,-0.056312,0.017184,-0.026396,-0.103746,0.020399,-0.032376,-0.104650
67.845484,0.002926,-0.019490,-0.059222,0.004106,-0.017293,-0.062386,0.017098,-0.023924,-0.095506,0.020271,-0.030806,-0.099163
67.899891,-0.006269,-0.020437,-0.061784,-0.005725,-0.019629,-0.058016,0.018071,-0.026219,-0.102266,0.021180,-0.029928,-0.095048
67.954298,-0.007683,-0.019860,-0.056218,-0.013115,-0.016974,-0.049632,0.025813,-0.032312,-0.096860,0.027442,-0.030753,-0.095449
68.008705,-0.007061,-0.009800,-0.051467,-0.010828,-0.003325,-0.043616,0.022511,-0.031474,-0.104463,0.018531,-0.025850,-0.095769
68.063112,-0.008660,-0.005142,-0.047943,-0.006387,-0.008944,-0.048314,0.021557,-0.027090,-0.090179,0.019763,-0.024702,-0.088771
68.117519,-0.012636,-0.007559,-0.048222,-0.004728,-0.009843,-0.049605,0.022262,-0.025495,-0.081715,0.020757,-0.023420,-0.079528
68.171926,-0.000575,-0.013081,-0.046600,0.000535,-0.015078,-0.047976,0.018250,-0.023235,-0.073432,0.016281,-0.025337,-0.075778
68.226333,-0.015434,-0.006557,-0.034370,-0.010272,-0.008256,-0.038595,0.014833,-0.021628,-0.067925,0.012192,-0.022926,-0.068357
68.280740,-0.004384,-0.007443,-0.034789,-0.001759,-0.013639,-0.039571,0.017065,-0.020804,-0.068133,0.017843,-0.022470,-0.070694
68.335147,0.002779,-0.011750,-0.038466,0.000087,-0.018211,-0.040024,0.024796,-0.035398,-0.062951,0.035594,-0.045219,-0.068711
68.389554,0.001655,-0.020142,-0.041650,-0.001840,-0.016065,-0.040386,0.028961,-0.035764,-0.052466,0.030885,-0.037935,-0.059699
68.443961,0.000390,-0.016218,-0.037987,-0.000968,-0.013641,-0.040602,0.034120,-0.036668,-0.054077,0.036868,-0.035636,-0.062171
68.498368,0.004506,-0.015705,-0.039075,0.005369,-0.012883,-0.044957,0.036630,-0.043752,-0.058291,0.037955,-0.042084,-0.064148
68.552775,0.005701,-0.012354,-0.041356,0.010286,-0.012819,-0.047453,0.038917,-0.039028,-0.051937,0.033241,-0.033655,-0.054579
68.607182,0.012110,-0.016206,-0.046912,0.006501,-0.011841,-0.045954,0.043513,-0.038969,-0.053498,0.032195,-0.029498,-0.053583
68.661589,0.006496,-0.014546,-0.048371,0.003800,-0.014184,-0.047501,0.040477,-0.038082,-0.048785,0.029595,-0.026485,-0.052276
68.715996,0.001794,-0.004368,-0.050065,-0.002048,-0.004397,-0.048739,0.028474,-0.021481,-0.048265,0.028191,-0.025189,-0.053248
68.770403,-0.000279,-0.007564,-0.053853,-0.006451,-0.009489,-0.052661,0.028934,-0.024543,-0.051971,0.025607,-0.026198,-0.052519
68.824810,0.001850,-0.014756,-0.055990,-0.001676,-0.018449,-0.053414,0.023006,-0.022414,-0.048021,0.024345,-0.023266,-0.050895
68.879217,-0.001017,-0.013673,-0.050730,0.000790,-0.015213,-0.047844,0.014607,-0.010270,-0.044813,0.016179,-0.015186,-0.050636
68.933624,0.000992,-0.023901,-0.050195,0.009435,-0.029002,-0.049013,0.015363,-0.012199,-0.050226,0.016878,-0.014838,-0.051348
68.988030,-0.001320,-0.027265,-0.054705,0.002584,-0.029498,-0.053516,0.012111,-0.012313,-0.051097,0.014552,-0.014604,-0.052217
69.042437,-0.000187,-0.024292,-0.055249,0.002251,-0.024147,-0.054312,0.011754,-0.011381,-0.048774,0.014981,-0.013265,-0.047931
69.096844,0.009646,-0.033678,-0.057332,0.010479,-0.025507,-0.057104,0.013576,-0.012889,-0.046954,0.019051,-0.016724,-0.047225
69.151251,0.014675,-0.035009,-0.052792,0.010612,-0.028241,-0.052997,0.014289,-0.011232,-0.049886,0.019293,-0.017107,-0.051806
69.205658,0.009418,-0.030650,-0.051928,0.004614,-0.027348,-0.052474,0.014130,-0.012213,-0.051514,0.019072,-0.017366,-0.052603
69.260065,0.012124,-0.034241,-0.055132,0.009611,-0.027360,-0.051576,0.020655,-0.016510,-0.051113,0.021095,-0.016482,-0.051441
69.314472,0.005469,-0.029881,-0.054800,0.007174,-0.032615,-0.051535,0.021479,-0.017643,-0.050748,0.021964,-0.017461,-0.051481
69.368879,0.008534,-0.024091,-0.051779,0.005066,-0.024282,-0.051304,0.025830,-0.018869,-0.053491,0.024712,-0.018418,-0.056164
69.423286,0.012568,-0.023295,-0.050763,0.009885,-0.018860,-0.051119,0.027638,-0.020333,-0.057098,0.025641,-0.018367,-0.056137
69.477693,0.009967,-0.024009,-0.048207,0.012945,-0.022277,-0.050971,0.024422,-0.017316,-0.058725,0.023075,-0.016582,-0.056068
69.532100,0.006617,-0.019191,-0.050321,0.007895,-0.018912,-0.051051,0.023415,-0.017063,-0.055078,0.021104,-0.016639,-0.053775
69.586507,0.010370,-0.017701,-0.051382,0.007694,-0.017798,-0.052403,0.020298,-0.014271,-0.051514,0.016156,-0.013082,-0.049188
69.640914,0.014740,-0.020081,-0.046201,0.018193,-0.023052,-0.044266,0.019076,-0.014837,-0.052413,0.017052,-0.013848,-0.049968
69.695321,-0.005216,-0.007217,-0.043490,-0.013898,-0.011159,-0.041892,0.016892,-0.013418,-0.051407,0.015673,-0.013367,-0.048895
69.749728,-0.001181,-0.012189,-0.042122,-0.006144,-0.014079,-0.041673,0.007416,-0.007404,-0.045995,0.006412,-0.006724,-0.046518
69.804135,-0.004392,-0.012886,-0.042570,-0.003578,-0.011672,-0.044043,0.005556,-0.007345,-0.048060,0.008397,-0.008929,-0.051311
69.858542,-0.010469,-0.010314,-0.048203,-0.006333,-0.012926,-0.053195,0.008502,-0.009350,-0.049626,0.013404,-0.011837,-0.054400
69.912949,-0.004877,-0.012302,-0.046137,0.000302,-0.014216,-0.049938,0.010610,-0.009145,-0.049884,0.016318,-0.012557,-0.052802
69.967356,-0.004707,-0.021130,-0.043707,0.001858,-0.026400,-0.048110,0.013635,-0.011977,-0.053101,0.016562,-0.013780,-0.052914
70.021763,-0.015706,-0.012584,-0.049678,-0.001875,-0.017969,-0.049192,0.014293,-0.011786,-0.054474,0.018298,-0.014140,-0.054869
70.076170,0.002267,-0.017766,-0.049233,-0.004790,-0.014347,-0.045210,0.017144,-0.012470,-0.055396,0.020661,-0.014559,-0.054107
70.130577,-0.005825,-0.010889,-0.038605,-0.010187,-0.007002,-0.029448,0.026622,-0.018424,-0.059400,0.023673,-0.016012,-0.056294
70.184984,-0.010175,-0.015705,-0.034691,-0.012903,-0.012753,-0.028783,0.026021,-0.017724,-0.054880,0.021364,-0.015379,-0.052803
70.239391,-0.007387,-0.016598,-0.026145,-0.009890,-0.015042,-0.029023,0.022093,-0.014577,-0.049288,0.018279,-0.012592,-0.047765
70.293798,-0.006045,-0.020374,-0.024604,-0.000664,-0.021194,-0.028443,0.020823,-0.014944,-0.050204,0.018439,-0.013675,-0.048777
70.348205,-0.013603,-0.007777,-0.022959,-0.009496,-0.014346,-0.028611,0.018982,-0.012429,-0.049875,0.015682,-0.011153,-0.049233
70.402612,-0.012537,-0.010241,-0.022008,-0.009466,-0.011777,-0.032262,0.021583,-0.013829,-0.049203,0.021235,-0.013999,-0.050984
70.457018,-0.008935,-0.012194,-0.023962,-0.005820,-0.012126,-0.034400,0.017282,-0.012165,-0.045854,0.016990,-0.012116,-0.046309
70.511425,-0.001939,-0.025479,-0.034898,-0.001217,-0.023825,-0.036111,0.016413,-0.012204,-0.045453,0.019519,-0.014113,-0.049495
70.565832,-0.005499,-0.017997,-0.037861,-0.010710,-0.015736,-0.038262,0.017195,-0.011675,-0.043733,0.019136,-0.013118,-0.044956
70.620239,-0.016081,-0.011828,-0.032626,-0.022950,-0.008792,-0.029277,0.019503,-0.014349,-0.047005,0.019726,-0.014528,-0.046068
70.674646,-0.022794,-0.007290,-0.029046,-0.020511,-0.009840,-0.023634,0.020566,-0.014556,-0.048466,0.021086,-0.015513,-0.049465
70.729053,-0.011440,-0.009140,-0.032489,-0.009478,-0.007853,-0.029583,0.023002,-0.017403,-0.049876,0.021209,-0.016609,-0.051757
70.783460,-0.007397,-0.012702,-0.032027,-0.003791,-0.011570,-0.032393,0.022065,-0.017067,-0.050269,0.024345,-0.017893,-0.053553
70.837867,-0.007585,-0.014074,-0.033870,-0.001543,-0.013880,-0.037086,0.024734,-0.018823,-0.055001,0.023215,-0.017690,-0.054990
70.892274,-0.008119,-0.001915,-0.033167,0.001457,-0.008207,-0.037275,0.025802,-0.018178,-0.054786,0.025995,-0.017669,-0.056139
70.946681,0.002458,-0.007408,-0.031738,0.006237,-0.010932,-0.037193,0.027194,-0.020255,-0.059853,0.026265,-0.018872,-0.057365
71.001088,0.015689,-0.006186,-0.038924,0.009131,-0.003238,-0.038481,0.028196,-0.020311,-0.061313,0.026833,-0.019208,-0.058040
71.055495,0.006240,-0.000744,-0.044204,-0.008075,0.002222,-0.038391,0.024612,-0.018298,-0.059584,0.021753,-0.016439,-0.056620
71.109902,0.012621,-0.012838,-0.041845,0.009404,-0.015135,-0.038086,0.023272,-0.017421,-0.058225,0.019867,-0.016122,-0.055579
71.164309,0.005501,-0.007031,-0.042269,0.001346,-0.009265,-0.039788,0.019479,-0.015315,-0.053541,0.017961,-0.014555,-0.050053
71.218716,0.011528,-0.009480,-0.039862,0.011004,-0.015465,-0.039633,0.017603,-0.014220,-0.049188,0.015482,-0.013488,-0.046096
71.273123,0.013205,-0.018061,-0.050384,0.013843,-0.021488,-0.054043,0.015371,-0.013783,-0.045953,0.016683,-0.013695,-0.044494
71.327530,0.006792,-0.019423,-0.049138,0.007169,-0.023464,-0.048864,0.011040,-0.010828,-0.041193,0.012752,-0.011555,-0.041386
71.381937,0.008509,-0.025411,-0.051956,0.012279,-0.021647,-0.051762,0.009014,-0.010156,-0.036840,0.013186,-0.012414,-0.039162
71.436344,0.028053,-0.036860,-0.053180,0.021805,-0.028534,-0.050729,0.000533,-0.003838,-0.033886,-0.001037,-0.002159,-0.037383
71.490751,0.028138,-0.026934,-0.052843,0.033427,-0.025843,-0.047485,0.007181,-0.006350,-0.030866,0.010941,-0.008215,-0.035960
71.545158,0.034636,-0.033074,-0.053181,0.029661,-0.026428,-0.047781,0.007052,-0.007665,-0.035996,0.010640,-0.010070,-0.041540
71.599565,0.038481,-0.033505,-0.060635,0.039041,-0.029798,-0.056463,0.009640,-0.007740,-0.035080,0.013249,-0.010005,-0.038004
71.653972,0.037463,-0.032711,-0.059215,0.034846,-0.031843,-0.065519,0.007854,-0.006365,-0.032621,0.012396,-0.008984,-0.034578
71.708379,0.055209,-0.039816,-0.076763,0.048815,-0.041695,-0.082612,0.013090,-0.010094,-0.037861,0.016653,-0.013006,-0.040789
71.762786,0.050242,-0.036301,-0.069166,0.038643,-0.031311,-0.068124,0.012847,-0.010018,-0.038953,0.015966,-0.013469,-0.040213
71.817193,0.049429,-0.030331,-0.066549,0.041758,-0.027907,-0.060155,0.024412,-0.017294,-0.038111,0.017379,-0.013189,-0.037046
71.871600,0.039876,-0.033295,-0.071324,0.036015,-0.029492,-0.061711,0.020348,-0.018216,-0.037269,0.019984,-0.018330,-0.034512
71.926007,0.039113,-0.032642,-0.068146,0.030663,-0.028431,-0.054712,0.023981,-0.018078,-0.033192,0.022960,-0.017969,-0.034672
71.980413,0.035936,-0.035540,-0.059158,0.035394,-0.035459,-0.049425,0.024077,-0.018535,-0.033965,0.023240,-0.016963,-0.033592
72.034820,0.028625,-0.028949,-0.045409,0.021695,-0.027144,-0.040640,0.027743,-0.021699,-0.036028,0.025521,-0.018981,-0.033936
72.089227,0.016253,-0.023026,-0.024356,0.020972,-0.029643,-0.033234,0.024144,-0.019188,-0.031186,0.022114,-0.017488,-0.033497
72.143634,0.018634,-0.027390,-0.033240,0.019702,-0.027780,-0.041060,0.029336,-0.020254,-0.030815,0.027604,-0.018547,-0.033860
72.198041,0.017344,-0.032252,-0.033017,0.024800,-0.031889,-0.038191,0.028056,-0.020085,-0.032376,0.024896,-0.017014,-0.034149
72.252448,0.009485,-0.030691,-0.027191,0.011445,-0.030492,-0.035983,0.028143,-0.017214,-0.036347,0.026120,-0.017372,-0.037753
72.306855,0.021747,-0.038114,-0.027252,0.028175,-0.039624,-0.034216,0.023464,-0.016009,-0.036917,0.021319,-0.015515,-0.038064
72.361262,0.016448,-0.031168,-0.024526,0.025984,-0.034689,-0.029211,0.022515,-0.016356,-0.038670,0.020598,-0.015485,-0.038760
72.415669,0.020407,-0.036246,-0.032296,0.019710,-0.033636,-0.035348,0.013144,-0.012040,-0.039561,0.010289,-0.011757,-0.039317
72.470076,0.015101,-0.030848,-0.037339,0.011957,-0.027279,-0.036060,0.016240,-0.013309,-0.040641,0.014262,-0.013485,-0.039315
72.524483,0.014393,-0.031912,-0.035510,0.011498,-0.027378,-0.040760,0.004297,-0.009842,-0.041532,0.004602,-0.010491,-0.039761
72.578890,0.021118,-0.035748,-0.040202,0.027651,-0.036938,-0.044520,0.004301,-0.009823,-0.041899,0.006500,-0.010543,-0.039383
72.633297,0.022608,-0.034898,-0.044832,0.015813,-0.033342,-0.047528,0.006740,-0.011112,-0.041752,0.014818,-0.013998,-0.041736
72.687704,0.015428,-0.026500,-0.052582,0.021616,-0.030147,-0.054302,0.003742,-0.010903,-0.038270,0.008080,-0.012524,-0.036375
72.742111,0.008071,-0.022384,-0.053094,0.010438,-0.021345,-0.045997,0.000459,-0.009457,-0.036677,0.005411,-0.011068,-0.035178
72.796518,0.010892,-0.021532,-0.052887,0.011222,-0.021768,-0.048487,0.004297,-0.009695,-0.033078,0.003511,-0.008556,-0.031414
72.850925,0.013397,-0.024637,-0.050283,0.008674,-0.022132,-0.042925,0.002608,-0.006881,-0.030626,0.006476,-0.006985,-0.029559
72.905332,0.010289,-0.021954,-0.042749,0.004520,-0.019503,-0.035705,0.010503,-0.008590,-0.027854,0.009426,-0.007683,-0.028076
72.959739,-0.005713,-0.009075,-0.031938,-0.000333,-0.012609,-0.025341,0.012441,-0.008775,-0.025607,0.013073,-0.008556,-0.026889
73.014146,0.003298,-0.010173,-0.025255,0.006040,-0.015415,-0.022828,0.009361,-0.007863,-0.025053,0.015764,-0.011133,-0.030965
73.068553,0.003760,-0.009663,-0.020585,0.014444,-0.015092,-0.028003,0.017193,-0.008759,-0.029381,0.019801,-0.011485,-0.033817
73.122960,0.005003,-0.016223,-0.021781,0.006441,-0.018484,-0.026633,0.018354,-0.008300,-0.031501,0.016414,-0.009595,-0.036100
73.177367,0.004632,-0.018313,-0.022326,0.007505,-0.022405,-0.033759,0.018641,-0.009218,-0.035625,0.012716,-0.008663,-0.037926
73.231774,-0.000236,-0.016782,-0.017929,-0.001114,-0.020498,-0.024987,0.019960,-0.011110,-0.038240,0.015686,-0.009719,-0.038429
73.286181,-0.005277,-0.012792,-0.013896,-0.010369,-0.012611,-0.015709,0.017438,-0.010646,-0.039692,0.013264,-0.009220,-0.037205
73.340588,0.002326,-0.017099,-0.023164,-0.001599,-0.013124,-0.022318,0.012833,-0.009454,-0.039858,0.009695,-0.008117,-0.034424
73.394995,-0.008160,-0.020972,-0.017784,-0.009653,-0.021249,-0.012878,0.009011,-0.003831,-0.036434,0.007711,-0.002910,-0.032199
73.449402,-0.021678,-0.020433,-0.005193,-0.017036,-0.019006,-0.002417,0.002736,-0.002182,-0.032595,0.004574,-0.002599,-0.029431
73.503808,-0.014766,-0.017831,0.000885,-0.009066,-0.017972,0.002347,0.004602,-0.003080,-0.032296,0.006845,-0.003742,-0.032171
73.558215,-0.009903,-0.017738,0.012838,0.001907,-0.021865,0.006157,0.006535,-0.003314,-0.029163,0.007766,-0.004309,-0.030397
73.612622,-0.009343,-0.012776,0.020445,-0.004808,-0.013119,0.017598,0.006151,-0.002633,-0.027999,0.011190,-0.005281,-0.030776
73.667029,-0.007057,-0.014592,0.016101,-0.010124,-0.009250,0.012276,0.008649,-0.005548,-0.033025,0.013163,-0.009751,-0.038119
73.721436,-0.013673,-0.015349,0.016847,-0.010666,-0.011495,0.001115,0.009905,-0.005342,-0.035330,0.011373,-0.008255,-0.038382
73.775843,-0.004683,-0.009385,0.004152,-0.004320,-0.011597,-0.011904,0.016282,-0.011622,-0.041946,0.017981,-0.011812,-0.044628
73.830250,0.010908,-0.015385,-0.018621,0.009058,-0.019684,-0.033521,0.018404,-0.013204,-0.045846,0.015760,-0.011934,-0.044835
73.884657,0.013070,-0.017857,-0.038589,0.014837,-0.021976,-0.050491,0.020562,-0.014159,-0.048582,0.018816,-0.012548,-0.048324
73.939064,0.007256,-0.018195,-0.047206,0.012888,-0.025541,-0.048177,0.021998,-0.015286,-0.052876,0.019354,-0.012931,-0.049331
73.993471,0.016331,-0.028365,-0.070749,0.016682,-0.030298,-0.058830,0.023691,-0.016777,-0.058569,0.022830,-0.014266,-0.053894
74.047878,0.012703,-0.030657,-0.083954,0.001990,-0.026202,-0.067353,0.022332,-0.014108,-0.054525,0.020573,-0.013203,-0.050952
74.102285,0.013011,-0.025509,-0.092228,-0.000545,-0.017849,-0.074171,0.022191,-0.014645,-0.052856,0.017102,-0.011768,-0.046311
74.156692,0.017671,-0.034853,-0.093204,0.010302,-0.029762,-0.073501,0.015887,-0.010795,-0.048619,0.013740,-0.009234,-0.045040
74.211099,0.015461,-0.033452,-0.088802,0.017661,-0.032255,-0.076635,0.021989,-0.012153,-0.051900,0.020910,-0.011772,-0.049757
74.265506,0.006120,-0.029832,-0.076204,0.008641,-0.026964,-0.067345,0.017667,-0.010303,-0.047318,0.016885,-0.009828,-0.045848
74.319913,0.007236,-0.026663,-0.080201,0.009495,-0.025095,-0.067255,0.015666,-0.009165,-0.045192,0.015008,-0.009161,-0.044374
74.374320,-0.002752,-0.015771,-0.075266,-0.000017,-0.014692,-0.067184,0.008391,-0.006521,-0.038078,0.009168,-0.007548,-0.039969
74.428727,0.000510,-0.016126,-0.066010,-0.006802,-0.014215,-0.061078,0.011534,-0.007951,-0.040211,0.014043,-0.009831,-0.042797
74.483134,0.007781,-0.023603,-0.055829,0.002601,-0.018726,-0.054898,0.008746,-0.006213,-0.037254,0.007975,-0.006637,-0.035647
74.537541,0.001815,-0.015203,-0.052669,0.004467,-0.018705,-0.053659,0.012057,-0.010036,-0.035862,0.011073,-0.010482,-0.034560
74.591948,-0.008720,-0.009703,-0.045167,-0.001757,-0.015709,-0.050258,0.007755,-0.008909,-0.033202,0.012755,-0.011192,-0.037651
74.646355,-0.005055,-0.008021,-0.044384,-0.001762,-0.011373,-0.045147,0.007563,-0.008645,-0.035444,0.010091,-0.008995,-0.039300
74.700762,-0.007871,-0.004539,-0.040103,-0.002769,-0.007746,-0.043504,0.003958,-0.006658,-0.037092,0.004526,-0.005714,-0.041443
74.755169,0.006685,-0.015062,-0.034858,0.010550,-0.015545,-0.040838,0.006104,-0.006948,-0.037587,0.003787,-0.005196,-0.038318
74.809576,0.006429,-0.015183,-0.034219,0.001293,-0.015067,-0.039109,0.005343,-0.007125,-0.037876,0.008673,-0.008196,-0.041881
74.863983,0.009785,-0.022072,-0.034507,0.013776,-0.029053,-0.037725,0.015011,-0.012146,-0.043426,0.017215,-0.012359,-0.042684
74.918390,0.012190,-0.023716,-0.033521,0.016773,-0.029268,-0.038540,0.010852,-0.006762,-0.039983,0.012642,-0.007522,-0.035368
74.972797,0.027795,-0.029217,-0.034256,0.029935,-0.031861,-0.039193,0.014145,-0.010061,-0.036526,0.018620,-0.013442,-0.033458
75.027203,0.022586,-0.030904,-0.033580,0.016299,-0.026656,-0.035348,0.016068,-0.011158,-0.038201,0.017476,-0.012331,-0.038291
75.081610,0.025247,-0.032782,-0.030781,0.015404,-0.022602,-0.031747,0.020546,-0.013321,-0.035854,0.016703,-0.011411,-0.037350
75.136017,0.017426,-0.030918,-0.038937,0.014140,-0.024820,-0.042851,0.023606,-0.017316,-0.047768,0.017813,-0.015347,-0.051723
75.190424,0.023239,-0.030558,-0.040262,0.012304,-0.021983,-0.042573,0.029376,-0.021677,-0.062512,0.027972,-0.022422,-0.073246
75.244831,0.019103,-0.024011,-0.047637,0.016794,-0.025420,-0.050822,0.026345,-0.020616,-0.066796,0.028410,-0.022255,-0.073775
75.299238,0.020918,-0.027816,-0.047589,0.021728,-0.031688,-0.048951,0.024615,-0.022964,-0.068023,0.019176,-0.018726,-0.061958
75.353645,0.004723,-0.020501,-0.043263,0.011226,-0.023556,-0.041463,0.021789,-0.019191,-0.070857,0.019891,-0.017123,-0.058698
75.408052,0.024059,-0.027349,-0.062007,0.028402,-0.029599,-0.063407,0.020889,-0.020306,-0.070780,0.017232,-0.016837,-0.058374
75.462459,0.026388,-0.028346,-0.067098,0.028348,-0.026352,-0.061321,0.024562,-0.023255,-0.078449,0.021651,-0.019144,-0.064154
75.516866,0.040119,-0.033500,-0.077372,0.043719,-0.035037,-0.080893,0.024012,-0.019725,-0.069119,0.021001,-0.016591,-0.060103
75.571273,0.042918,-0.032209,-0.089324,0.039884,-0.028348,-0.089741,0.015237,-0.012536,-0.052152,0.018237,-0.013352,-0.056198
75.625680,0.044043,-0.031561,-0.079323,0.040433,-0.029606,-0.074555,0.019820,-0.013253,-0.047834,0.027039,-0.016004,-0.054090
75.680087,0.039896,-0.025984,-0.079134,0.034835,-0.027228,-0.067672,0.021949,-0.011400,-0.053889,0.021060,-0.011131,-0.054688
75.734494,0.047388,-0.028952,-0.089335,0.032200,-0.024144,-0.070722,0.020915,-0.010898,-0.053781,0.019950,-0.010344,-0.052731
75.788901,0.034701,-0.022484,-0.069264,0.027419,-0.021014,-0.058714,0.024050,-0.012200,-0.051899,0.021669,-0.013236,-0.050965
75.843308,0.041478,-0.032362,-0.063668,0.037049,-0.033314,-0.049733,0.023941,-0.014752,-0.052626,0.025047,-0.019836,-0.059244
75.897715,0.014526,-0.020147,-0.046662,0.012947,-0.023505,-0.047815,0.024106,-0.016277,-0.055172,0.023949,-0.019280,-0.059741
75.952122,0.010872,-0.022056,-0.032812,0.010151,-0.021795,-0.043888,0.022493,-0.016909,-0.051660,0.018337,-0.016387,-0.050991
76.006529,0.017570,-0.025136,-0.054473,0.026024,-0.028675,-0.068197,0.018218,-0.014779,-0.053755,0.021133,-0.015450,-0.052857
76.060936,0.018279,-0.023629,-0.055786,0.024301,-0.024374,-0.064425,0.019171,-0.016256,-0.048951,0.017670,-0.012756,-0.046977
76.115343,0.019205,-0.017648,-0.043372,0.025069,-0.013488,-0.050744,0.017255,-0.015981,-0.046878,0.014555,-0.011260,-0.043659
76.169750,0.023853,-0.029034,-0.057907,0.028221,-0.028428,-0.063080,0.015192,-0.016270,-0.044948,0.014465,-0.014373,-0.041005
76.224157,0.018389,-0.023509,-0.066128,0.030041,-0.031510,-0.064735,0.003087,-0.007637,-0.031536,0.002337,-0.008659,-0.032499
76.278564,0.027168,-0.028041,-0.065889,0.019632,-0.028407,-0.059483,0.005032,-0.007056,-0.028472,0.008505,-0.009525,-0.034056
76.332971,0.031082,-0.031320,-0.068911,0.020979,-0.030308,-0.057454,0.003876,-0.005072,-0.027619,0.004363,-0.005807,-0.029249
76.387378,0.026365,-0.030184,-0.066590,0.028082,-0.033894,-0.075799,0.002443,-0.008448,-0.023343,0.007948,-0.011712,-0.029477
76.441785,0.021848,-0.029206,-0.064511,0.019623,-0.027180,-0.067596,0.006986,-0.010187,-0.024795,0.013481,-0.012199,-0.030306
76.496192,0.024344,-0.042443,-0.078879,0.024820,-0.034265,-0.073396,0.009716,-0.012101,-0.030045,0.015028,-0.013495,-0.037672
76.550598,0.028314,-0.039966,-0.084596,0.033582,-0.041582,-0.089205,0.016900,-0.013426,-0.031458,0.024899,-0.018015,-0.038194
76.605005,0.030311,-0.043350,-0.095414,0.037125,-0.046771,-0.100781,0.028080,-0.017405,-0.037664,0.026337,-0.017144,-0.038939
76.659412,0.044437,-0.048038,-0.110930,0.045076,-0.047178,-0.110042,0.028688,-0.017469,-0.040920,0.028556,-0.016403,-0.043765
76.713819,0.042651,-0.045514,-0.115439,0.038833,-0.041792,-0.104213,0.032079,-0.020228,-0.046100,0.025150,-0.015171,-0.044269
76.768226,0.038787,-0.041926,-0.101895,0.036956,-0.038058,-0.094245,0.036736,-0.018693,-0.054655,0.031098,-0.017054,-0.053470
76.822633,0.036425,-0.034182,-0.115054,0.023414,-0.019670,-0.100775,0.031249,-0.018613,-0.058327,0.024321,-0.016362,-0.054641
76.877040,0.033222,-0.026931,-0.103047,0.023370,-0.018106,-0.083130,0.025818,-0.014092,-0.057211,0.016095,-0.010495,-0.055577
76.931447,0.021037,-0.018845,-0.084776,0.015363,-0.017333,-0.071414,0.021562,-0.011854,-0.058695,0.019795,-0.012481,-0.054596
76.985854,0.019314,-0.013818,-0.069346,0.020136,-0.020334,-0.064945,0.023493,-0.013787,-0.059946,0.024957,-0.015425,-0.053811
77.040261,0.009005,-0.012343,-0.056887,0.017053,-0.023964,-0.063930,0.017081,-0.011139,-0.050472,0.018475,-0.011319,-0.042401
77.094668,0.003118,-0.010826,-0.047017,0.008172,-0.021096,-0.053507,0.016693,-0.011655,-0.052307,0.016543,-0.011827,-0.045747
77.149075,0.001297,-0.012848,-0.042756,0.009878,-0.024334,-0.047715,0.010242,-0.009911,-0.045263,0.015180,-0.011937,-0.044789
77.203482,0.004698,-0.019600,-0.031059,0.006514,-0.018143,-0.047175,0.013071,-0.009092,-0.040757,0.015548,-0.011122,-0.041388
77.257889,0.009398,-0.026149,-0.037412,0.016430,-0.026052,-0.049145,0.012445,-0.011063,-0.032581,0.008199,-0.009062,-0.033529
77.312296,0.015144,-0.024576,-0.046619,0.017856,-0.021488,-0.057114,0.013653,-0.010953,-0.032386,0.015170,-0.011181,-0.036684
77.366703,0.017949,-0.025879,-0.053845,0.026057,-0.025483,-0.063622,0.002143,-0.003675,-0.030999,0.005143,-0.004196,-0.037540
77.421110,0.018458,-0.016982,-0.049999,0.022501,-0.015627,-0.057488,0.004043,-0.005566,-0.036138,0.005283,-0.004983,-0.036579
77.475517,0.024612,-0.019465,-0.053855,0.021147,-0.017903,-0.053751,0.004333,-0.003293,-0.028630,0.006396,-0.003576,-0.030577
77.529924,0.018909,-0.012429,-0.050490,0.012275,-0.011929,-0.043198,-0.001357,0.000608,-0.020689,-0.000904,0.000125,-0.021537
77.584331,0.029963,-0.025618,-0.049602,0.023906,-0.026683,-0.042319,-0.003696,0.003306,-0.015022,-0.000593,0.002306,-0.014851
77.638738,0.019449,-0.016954,-0.043162,0.015625,-0.020755,-0.036245,-0.000043,0.003014,-0.017315,0.000400,0.001271,-0.015511
77.693145,0.021682,-0.031814,-0.035156,0.020337,-0.038055,-0.035586,-0.004119,0.005558,-0.011616,0.003225,0.000648,-0.014291
77.747552,0.014697,-0.029847,-0.031428,0.018262,-0.035982,-0.041179,-0.002441,0.003358,-0.005034,-0.002063,0.002187,-0.010410
77.801959,0.015999,-0.035536,-0.030548,0.018089,-0.031990,-0.038302,-0.003470,0.004322,-0.003303,-0.001923,0.001473,-0.012452
77.856366,0.020257,-0.032806,-0.026393,0.023578,-0.027172,-0.032585,-0.001608,0.002093,-0.003708,0.003238,-0.001533,-0.011843
77.910773,0.027671,-0.036876,-0.030080,0.024599,-0.025042,-0.031427,0.002591,0.000635,-0.005036,0.002448,-0.000280,-0.008408
77.965180,0.017283,-0.022846,-0.021940,0.019223,-0.017531,-0.021507,0.005076,-0.002062,-0.010145,0.005567,-0.001795,-0.011502
78.019587,0.016593,-0.021337,-0.019506,0.010912,-0.011321,-0.016187,0.005621,-0.004165,-0.015059,0.006091,-0.004954,-0.019710
78.073993,0.007401,-0.006931,-0.017045,0.003699,-0.010339,-0.016094,0.003858,-0.003876,-0.013903,0.005309,-0.003927,-0.016032
78.128400,0.005177,-0.005514,-0.011137,0.001838,-0.011827,-0.017314,0.005306,-0.003709,-0.012752,0.001632,-0.001239,-0.010191
78.182807,0.001732,-0.008481,-0.016476,0.000126,-0.016819,-0.026685,0.002439,-0.006017,-0.009995,-0.002981,-0.004500,-0.008417
78.237214,-0.003200,-0.006527,-0.014287,0.002303,-0.012300,-0.020227,-0.002241,-0.004882,-0.012583,-0.004161,-0.004722,-0.012239
78.291621,-0.009825,-0.012158,-0.016162,-0.001695,-0.021028,-0.024165,0.007204,-0.010769,-0.027763,0.009753,-0.011074,-0.029976
78.346028,0.009854,-0.034103,-0.021928,0.025738,-0.045042,-0.023770,0.010242,-0.014388,-0.028284,0.015664,-0.015496,-0.029486
78.400435,0.007997,-0.035017,-0.020547,0.013524,-0.034609,-0.016063,0.011179,-0.013620,-0.027818,0.015481,-0.014840,-0.033445
78.454842,0.018647,-0.044400,-0.024002,0.020698,-0.042106,-0.020833,0.014170,-0.018270,-0.038141,0.017008,-0.018346,-0.041472
78.509249,0.028262,-0.049801,-0.044989,0.028899,-0.044802,-0.050487,0.018236,-0.022477,-0.051543,0.016684,-0.018665,-0.049306
78.563656,0.026583,-0.042861,-0.024799,0.019423,-0.033483,-0.024958,0.029263,-0.025232,-0.070578,0.024497,-0.022296,-0.066357
78.618063,0.033823,-0.049283,-0.039337,0.027878,-0.034622,-0.039198,0.035453,-0.027183,-0.074665,0.026488,-0.021690,-0.064313
78.672470,0.037996,-0.041777,-0.046154,0.024606,-0.028377,-0.048886,0.030391,-0.025628,-0.073952,0.027185,-0.022472,-0.070637
78.726877,0.025223,-0.032652,-0.071698,0.028896,-0.038147,-0.079308,0.029777,-0.023681,-0.077219,0.028750,-0.021889,-0.066589
78.781284,0.035413,-0.040097,-0.082730,0.030318,-0.039516,-0.075939,0.029134,-0.022879,-0.073975,0.025050,-0.018831,-0.058587
78.835691,0.020942,-0.029903,-0.089548,0.013874,-0.031759,-0.078279,0.025400,-0.018003,-0.063147,0.019436,-0.014713,-0.046426
78.890098,0.009030,-0.024751,-0.085997,0.006763,-0.029313,-0.091472,0.026788,-0.017565,-0.059799,0.020568,-0.015144,-0.048581
78.944505,0.010334,-0.026758,-0.103360,0.003539,-0.023900,-0.082054,0.024440,-0.015719,-0.051791,0.024318,-0.016896,-0.054567
78.998912,-0.008929,-0.005493,-0.065753,-0.011798,0.002815,-0.032225,0.029623,-0.019759,-0.050971,0.033602,-0.023025,-0.053732
79.053319,-0.005441,-0.005481,-0.052356,-0.002251,0.001590,-0.024551,0.031966,-0.020923,-0.053157,0.036155,-0.025171,-0.065233
79.107726,-0.012068,0.005479,-0.028114,-0.001867,0.001170,-0.025902,0.034317,-0.022071,-0.060312,0.039218,-0.025654,-0.072282
79.162133,-0.012602,0.008517,-0.026487,0.004959,-0.003810,-0.030936,0.038348,-0.023557,-0.065819,0.039068,-0.023923,-0.070852
79.216540,-0.003863,0.008422,-0.019905,0.005821,-0.003327,-0.033062,0.045572,-0.028000,-0.079435,0.040764,-0.025008,-0.075300
79.270947,0.004055,0.001547,-0.003771,0.011407,-0.016191,-0.032711,0.042648,-0.027651,-0.085617,0.033537,-0.022892,-0.080336
79.325354,0.016902,-0.007120,-0.003369,0.025239,-0.025537,-0.034482,0.041769,-0.027796,-0.084814,0.033463,-0.023297,-0.078846
79.379761,0.014992,-0.019719,-0.034535,0.002889,-0.016134,-0.037800,0.033770,-0.021968,-0.088027,0.029719,-0.019987,-0.077654
79.434168,0.005184,-0.024053,-0.049673,-0.004232,-0.019637,-0.050204,0.027579,-0.017876,-0.081440,0.024381,-0.017011,-0.075149
79.488575,0.004798,-0.024691,-0.053402,-0.003993,-0.016704,-0.051645,0.027047,-0.017387,-0.082226,0.029055,-0.018441,-0.081315
79.542982,0.001545,-0.025782,-0.062585,-0.001296,-0.019636,-0.064387,0.030615,-0.022560,-0.092296,0.035932,-0.025396,-0.092176
79.597388,0.004831,-0.026167,-0.060341,0.005418,-0.016528,-0.056682,0.023159,-0.017424,-0.082397,0.027816,-0.018994,-0.078501
79.651795,0.005147,-0.023374,-0.061201,0.011527,-0.022842,-0.052810,0.025338,-0.016356,-0.072178,0.026229,-0.016586,-0.068589
79.706202,-0.009786,-0.006254,-0.063464,0.004429,-0.006889,-0.053729,0.013489,-0.013690,-0.065900,0.011029,-0.014521,-0.060659
79.760609,0.003271,-0.008087,-0.063097,0.004520,-0.003783,-0.052685,0.015522,-0.016539,-0.065911,0.014618,-0.016955,-0.063120
79.815016,0.015119,-0.005091,-0.051312,0.013660,-0.005562,-0.045612,0.017972,-0.017850,-0.065168,0.015730,-0.016421,-0.062482
79.869423,0.019198,-0.005363,-0.046805,0.016031,-0.005824,-0.041662,0.012404,-0.015593,-0.053921,0.014339,-0.014808,-0.055436
79.923830,0.014513,-0.002772,-0.032251,0.008165,-0.007305,-0.036026,0.002953,-0.008200,-0.038895,0.010927,-0.012139,-0.050437
79.978237,0.014922,-0.003198,-0.032998,0.013559,-0.007259,-0.035037,0.005885,-0.009972,-0.038860,0.011917,-0.010870,-0.045060
80.032644,0.014488,-0.002461,-0.032106,0.017431,-0.014395,-0.034247,-0.000106,-0.006953,-0.039074,0.005123,-0.005861,-0.042135
80.087051,0.014980,-0.010608,-0.028346,0.009843,-0.011537,-0.033614,0.018336,-0.010822,-0.038833,0.019962,-0.011356,-0.039159
80.141458,0.001815,-0.013068,-0.025123,-0.009580,-0.010946,-0.032080,0.018040,-0.009482,-0.032302,0.021350,-0.012548,-0.036778
80.195865,-0.012823,-0.013296,-0.022539,-0.018114,-0.011611,-0.025511,0.016320,-0.008347,-0.028596,0.018709,-0.011306,-0.036219
80.250272,-0.015449,-0.010771,-0.017082,-0.013064,-0.007128,-0.017941,0.017640,-0.008999,-0.032824,0.018570,-0.011630,-0.040346
80.304679,-0.014760,-0.008447,-0.011891,-0.014148,-0.005094,-0.009782,0.015355,-0.009346,-0.032771,0.011113,-0.010081,-0.038289
80.359086,-0.024662,-0.006204,-0.007046,-0.018154,-0.002350,-0.007260,0.016402,-0.010584,-0.038675,0.013532,-0.010957,-0.043608
80.413493,-0.032989,-0.003386,-0.003034,-0.019597,-0.006522,-0.006408,0.015201,-0.017536,-0.040476,0.004733,-0.015664,-0.043495
80.467900,-0.033403,-0.003658,0.001810,-0.020359,-0.005621,-0.004561,0.006099,-0.013473,-0.038841,0.006907,-0.013510,-0.037958
80.522307,-0.013017,-0.005449,0.007279,-0.005201,-0.008720,-0.001181,0.002662,-0.011858,-0.040025,0.006095,-0.012009,-0.037474
80.576714,-0.015242,0.001375,0.007573,-0.017725,-0.000277,-0.000380,0.006648,-0.014451,-0.040246,0.012084,-0.014505,-0.037086
80.631121,-0.027384,0.000182,0.001628,-0.029752,0.000269,-0.006160,0.002451,-0.012821,-0.037292,0.007395,-0.011909,-0.036903
80.685528,-0.023874,-0.010079,-0.014279,-0.022585,-0.013542,-0.022626,0.014438,-0.015975,-0.038165,0.018955,-0.014719,-0.036757
80.739935,-0.016966,-0.012889,-0.022924,-0.015232,-0.013043,-0.029639,0.014675,-0.016804,-0.039581,0.020137,-0.015828,-0.044365
80.794342,-0.004141,-0.018441,-0.021028,0.000696,-0.022850,-0.021656,0.022914,-0.013472,-0.037853,0.021551,-0.014896,-0.041682
80.848749,-0.007402,-0.016819,-0.024937,-0.008691,-0.016411,-0.022232,0.018106,-0.014173,-0.042825,0.013631,-0.013877,-0.043468
80.903156,-0.008056,-0.021824,-0.030882,0.003219,-0.024359,-0.023642,0.021933,-0.015269,-0.042836,0.016831,-0.013836,-0.041898
80.957563,0.005540,-0.028557,-0.038787,0.008044,-0.022215,-0.029415,0.014011,-0.012057,-0.038958,0.009583,-0.011471,-0.035196
81.011970,0.014869,-0.029715,-0.042708,0.003925,-0.018902,-0.034877,0.019318,-0.014668,-0.044816,0.012823,-0.013136,-0.043592
81.066376,0.010699,-0.019465,-0.034923,-0.001482,-0.014528,-0.034702,0.014788,-0.013763,-0.044737,0.016956,-0.014434,-0.041997
81.120783,0.006816,-0.026405,-0.041950,-0.003786,-0.023548,-0.049136,0.011774,-0.014631,-0.045917,0.014318,-0.016816,-0.050210
81.175190,-0.008586,-0.017286,-0.044579,-0.011709,-0.018487,-0.040934,0.005581,-0.012929,-0.052522,0.008226,-0.013303,-0.055603
81.229597,-0.002843,-0.021838,-0.048575,-0.010576,-0.019294,-0.043250,0.013848,-0.014565,-0.056534,0.014544,-0.014893,-0.060223
81.284004,0.002290,-0.015652,-0.056394,0.008898,-0.018005,-0.051402,0.009009,-0.012821,-0.062689,0.010787,-0.012207,-0.063919
81.338411,-0.012644,-0.014238,-0.054870,-0.008320,-0.015152,-0.049490,0.014079,-0.013653,-0.072734,0.011846,-0.011334,-0.066876
81.392818,0.003922,-0.023296,-0.071082,0.014026,-0.025934,-0.073634,0.013168,-0.013068,-0.070363,0.013357,-0.012207,-0.065616
81.447225,0.004442,-0.022099,-0.064192,0.007327,-0.018477,-0.056061,0.018221,-0.015058,-0.073599,0.024458,-0.016477,-0.064146
81.501632,0.015953,-0.025957,-0.070273,0.019377,-0.032108,-0.074736,0.023205,-0.018430,-0.070387,0.027297,-0.023170,-0.063433
81.556039,0.027039,-0.034907,-0.088848,0.022341,-0.037865,-0.087420,0.039828,-0.027169,-0.068016,0.041882,-0.030622,-0.062862
81.610446,0.034703,-0.046683,-0.105628,0.027395,-0.051283,-0.103930,0.039349,-0.022626,-0.060838,0.040799,-0.022387,-0.055981
81.664853,0.010349,-0.041735,-0.114974,0.005179,-0.036669,-0.113032,0.045237,-0.024978,-0.060026,0.040034,-0.021496,-0.059389
81.719260,0.025116,-0.038154,-0.128733,0.009378,-0.025070,-0.118056,0.034998,-0.024794,-0.048016,0.020909,-0.018507,-0.046437
81.773667,0.021866,-0.035101,-0.117856,0.023634,-0.029595,-0.113258,0.036286,-0.023626,-0.046896,0.022410,-0.016310,-0.047697
81.828074,0.028091,-0.037245,-0.126889,0.023728,-0.024406,-0.100408,0.033951,-0.023779,-0.052148,0.028431,-0.019974,-0.057165
81.882481,0.020635,-0.028020,-0.117173,0.022060,-0.023938,-0.096610,0.024216,-0.017788,-0.044085,0.016847,-0.017580,-0.046559
81.936888,0.017779,-0.024357,-0.104240,0.020488,-0.026199,-0.086813,0.009931,-0.010013,-0.038397,0.013523,-0.015266,-0.041400
81.991295,0.011876,-0.007626,-0.076011,0.017649,-0.018528,-0.063924,0.004834,-0.012406,-0.040180,0.010976,-0.013452,-0.041307
82.045702,0.023252,-0.013545,-0.060738,0.013308,-0.018752,-0.059645,0.004610,-0.012993,-0.040153,0.015862,-0.015170,-0.047613
82.100109,0.014592,-0.019489,-0.047806,0.003758,-0.019057,-0.057241,0.007887,-0.012882,-0.039991,0.006160,-0.013290,-0.036788
82.154516,-0.006906,-0.010045,-0.027105,-0.010959,-0.011563,-0.035625,-0.000920,-0.008735,-0.032057,-0.001720,-0.006331,-0.028871
82.208923,0.000116,-0.008593,-0.034992,0.005884,-0.007947,-0.049344,-0.006604,-0.005312,-0.024668,0.001170,-0.007199,-0.031759
82.263330,-0.005324,-0.010056,-0.032402,0.000169,-0.012819,-0.052132,-0.003229,-0.005030,-0.023025,-0.000236,-0.006964,-0.023935
82.317737,-0.020865,-0.005424,-0.016021,-0.018783,-0.010819,-0.028298,0.000526,-0.005983,-0.019659,0.005113,-0.008108,-0.018589
82.372144,-0.021003,-0.009905,-0.024808,-0.013961,-0.012498,-0.029413,-0.003641,-0.004177,-0.013412,-0.001586,-0.005197,-0.014311
82.426551,-0.007346,-0.001454,-0.021023,0.007141,-0.002097,-0.026737,-0.007869,-0.002507,-0.009100,-0.000107,-0.006227,-0.019980
82.480958,-0.009714,-0.001305,-0.017376,-0.004492,-0.005525,-0.025810,0.000062,-0.005736,-0.018065,0.004488,-0.010658,-0.027233
82.535365,-0.000854,-0.004007,-0.028896,-0.005155,-0.004520,-0.026608,0.009202,-0.013522,-0.024323,0.009738,-0.015125,-0.029987
82.589771,-0.016756,0.000169,-0.017165,-0.011735,0.003535,-0.025706,0.012630,-0.022822,-0.024228,0.015136,-0.027254,-0.032520
82.644178,-0.006335,0.004051,-0.011281,0.000663,0.001801,-0.024985,0.016835,-0.027922,-0.034909,0.016824,-0.030148,-0.039497
82.698585,0.004480,0.004465,-0.024876,-0.003247,0.001457,-0.025613,0.015810,-0.029541,-0.042806,0.017326,-0.028922,-0.042093
82.752992,0.006011,0.005456,-0.022998,0.000612,-0.001290,-0.024637,0.018855,-0.033376,-0.047245,0.012447,-0.027217,-0.039330
82.807399,-0.010126,0.000873,-0.023670,-0.003793,0.000454,-0.023856,0.020579,-0.033017,-0.049731,0.013533,-0.023340,-0.043475
82.861806,0.000059,0.001241,-0.023851,0.001020,-0.002970,-0.023759,0.020839,-0.031367,-0.051229,0.015764,-0.022039,-0.048126
82.916213,0.001015,0.003656,-0.022556,0.000593,0.000905,-0.023153,0.018683,-0.029089,-0.054272,0.015742,-0.021040,-0.050962
82.970620,0.001171,0.005272,-0.022361,-0.006918,0.010137,-0.022669,0.019292,-0.021022,-0.056758,0.020790,-0.020693,-0.052781
83.025027,-0.000261,-0.000195,-0.017501,0.002511,-0.000572,-0.015752,0.018928,-0.016003,-0.056030,0.020838,-0.017873,-0.054686
83.079434,0.001026,0.002606,-0.012525,0.000034,0.003481,-0.011260,0.018934,-0.014849,-0.058205,0.020546,-0.017486,-0.057290
83.133841,-0.003471,-0.002689,-0.015841,-0.003059,-0.007084,-0.017796,0.023940,-0.015298,-0.065489,0.022031,-0.018696,-0.061685
83.188248,-0.003468,-0.000714,-0.004499,-0.006726,-0.001415,-0.002506,0.024000,-0.015768,-0.062944,0.021285,-0.017182,-0.057796
83.242655,-0.014087,0.004044,0.003050,-0.016194,0.002195,0.003890,0.024307,-0.016477,-0.063727,0.022395,-0.018105,-0.060679
83.297062,-0.011959,0.003012,0.008837,-0.010198,0.003592,0.007067,0.025627,-0.017612,-0.069287,0.022894,-0.019482,-0.068789
83.351469,-0.010050,-0.008284,0.014623,-0.012879,-0.003528,0.009609,0.026903,-0.020085,-0.071023,0.028299,-0.022908,-0.069473
83.405876,-0.021528,0.002554,0.011835,-0.018327,0.003670,0.006167,0.028163,-0.024337,-0.080114,0.028608,-0.025599,-0.080766
83.460283,-0.021679,-0.009003,0.013702,-0.016846,-0.009305,0.008888,0.027362,-0.024998,-0.081348,0.025642,-0.024592,-0.079881
83.514690,-0.010867,0.003926,0.033444,-0.001427,0.000787,0.025962,0.029184,-0.025133,-0.080650,0.028658,-0.024570,-0.078781
83.569097,-0.007072,-0.005052,0.017305,-0.000108,-0.007687,0.009906,0.028992,-0.027752,-0.088996,0.026318,-0.025547,-0.083158
83.623504,0.000692,-0.005273,0.006967,-0.000030,-0.003132,-0.000654,0.022354,-0.025565,-0.093026,0.017128,-0.021735,-0.086610
83.677911,-0.005732,-0.006362,0.000703,-0.006260,-0.002195,-0.005338,0.023719,-0.024630,-0.089442,0.020592,-0.021077,-0.084516
83.732318,0.002972,0.000230,-0.008250,0.002457,0.001072,-0.012849,0.016495,-0.022140,-0.090003,0.016343,-0.020699,-0.082840
83.786725,0.011606,-0.008596,-0.013997,0.006030,-0.005007,-0.019845,0.015164,-0.020559,-0.082891,0.017180,-0.021618,-0.081502
83.841132,0.001804,0.010563,-0.022949,-0.011083,0.010576,-0.024455,0.016279,-0.021594,-0.084887,0.018060,-0.022856,-0.083265
83.895539,-0.002247,-0.001527,-0.045204,-0.002489,-0.000233,-0.031869,0.011208,-0.020414,-0.085138,0.015494,-0.021529,-0.081839
83.949946,-0.003860,0.010922,-0.027229,-0.003215,0.008924,-0.011194,0.009454,-0.017875,-0.081634,0.013330,-0.019560,-0.080699
84.004353,-0.000300,0.001263,-0.042031,0.002468,-0.003365,-0.038257,0.016131,-0.022731,-0.082480,0.016087,-0.023743,-0.085829
84.058760,0.008647,-0.003149,-0.046541,0.008264,-0.008558,-0.041733,0.017895,-0.025251,-0.085848,0.022228,-0.026212,-0.088605
84.113166,0.002436,-0.002344,-0.035479,0.005380,-0.002891,-0.026479,0.024169,-0.028022,-0.089744,0.026436,-0.028686,-0.091566
84.167573,0.001883,0.001143,-0.029839,0.007595,-0.003296,-0.022854,0.026253,-0.029739,-0.094824,0.028171,-0.030413,-0.095594
84.221980,0.010181,-0.012589,-0.031868,0.001787,-0.007280,-0.029703,0.025035,-0.027099,-0.096695,0.025147,-0.026195,-0.097158
84.276387,0.007732,-0.006555,-0.025250,0.004379,-0.006070,-0.026801,0.027190,-0.028897,-0.100591,0.024180,-0.026717,-0.098409
84.330794,0.007884,-0.013506,-0.029497,0.002491,-0.005478,-0.013086,0.031120,-0.030920,-0.101801,0.025781,-0.026542,-0.095649
84.385201,0.000978,-0.010562,-0.017751,-0.002636,-0.010764,-0.023326,0.037274,-0.031834,-0.099259,0.034665,-0.030609,-0.094230
84.439608,-0.002274,-0.015685,-0.017257,-0.000371,-0.021650,-0.029097,0.040225,-0.031512,-0.102149,0.041221,-0.031255,-0.099371
84.494015,0.001143,-0.013178,-0.029646,0.003256,-0.009854,-0.033713,0.035888,-0.028593,-0.096620,0.035559,-0.028633,-0.092439
84.548422,0.002436,-0.010429,-0.026202,0.007705,-0.005019,-0.023821,0.033344,-0.029473,-0.100528,0.031907,-0.031602,-0.101763
84.602829,0.003967,-0.005906,-0.018495,0.004019,-0.002325,-0.019686,0.039527,-0.031898,-0.097323,0.036793,-0.030542,-0.097606
84.657236,-0.003056,-0.004062,-0.008312,-0.003668,0.000475,-0.004532,0.041986,-0.030619,-0.090428,0.036939,-0.028404,-0.089114
84.711643,-0.000972,0.000111,-0.016783,-0.001029,0.005600,-0.007129,0.045383,-0.033573,-0.097721,0.040745,-0.032027,-0.098423
84.766050,-0.002397,0.002896,-0.005313,-0.007446,0.001998,-0.002504,0.037108,-0.028397,-0.090322,0.035051,-0.027750,-0.086091
84.820457,-0.003584,0.019263,0.005644,-0.005883,0.011474,0.002902,0.037438,-0.030469,-0.094751,0.041992,-0.031869,-0.099061
84.874864,-0.003156,0.009552,0.015384,-0.000553,0.003050,0.005521,0.036480,-0.028426,-0.087099,0.034834,-0.026264,-0.081478
84.929271,-0.016714,0.007526,0.019914,-0.014323,0.002467,0.013909,0.025926,-0.016502,-0.058583,0.016552,-0.013013,-0.053072
84.983678,-0.013290,-0.002211,0.022650,-0.008810,-0.009969,0.014327,0.026931,-0.014495,-0.051477,0.025916,-0.012861,-0.048705
85.038085,-0.011398,-0.005413,0.008526,-0.011282,-0.010123,0.002906,0.032655,-0.016158,-0.048062,0.036250,-0.016587,-0.045211
85.092492,-0.012076,-0.003355,0.010638,-0.008069,0.000004,0.001777,0.030208,-0.013712,-0.042822,0.036768,-0.019149,-0.055965
85.146899,-0.012446,-0.008199,0.003158,-0.013597,-0.009261,-0.005850,0.033415,-0.014635,-0.049840,0.036360,-0.018741,-0.061950
85.201306,-0.012130,-0.017818,0.000768,-0.010361,-0.010999,-0.003122,0.028566,-0.013844,-0.045846,0.036250,-0.023555,-0.074158
85.255713,-0.018098,-0.010770,0.003141,-0.012492,-0.005063,0.004025,0.028453,-0.014232,-0.062612,0.030081,-0.020155,-0.085028
85.310120,-0.006985,-0.008927,-0.009123,-0.008315,-0.001442,-0.004458,0.044440,-0.026782,-0.086306,0.035132,-0.025695,-0.089083
85.364527,0.006887,-0.010392,-0.023614,0.015417,-0.015147,-0.020654,0.033614,-0.023420,-0.096887,0.025624,-0.018301,-0.092327
85.418934,0.019537,-0.011701,-0.022698,0.025809,-0.016098,-0.023795,0.024396,-0.024787,-0.104612,0.023111,-0.022852,-0.090923
85.473341,0.026328,-0.023839,-0.023040,0.031112,-0.021769,-0.020063,0.023701,-0.023953,-0.102814,0.025285,-0.022993,-0.090018
85.527748,0.026206,-0.015586,-0.020185,0.017577,-0.015126,-0.019326,0.029514,-0.026499,-0.110481,0.035310,-0.025381,-0.099926
85.582155,0.025302,-0.016779,-0.030870,0.013313,-0.017361,-0.028861,0.025571,-0.021388,-0.105254,0.029890,-0.021711,-0.097220
85.636561,0.018031,-0.017627,-0.024487,-0.003733,-0.011339,-0.007630,0.028605,-0.021755,-0.095878,0.029242,-0.019194,-0.090352
85.690968,0.017216,-0.014791,-0.016846,-0.002449,-0.002493,-0.003085,0.026854,-0.017151,-0.089244,0.032009,-0.018481,-0.084055
85.745375,0.004426,-0.001729,-0.003908,0.002203,0.002299,-0.001442,0.032740,-0.019833,-0.077678,0.031366,-0.016284,-0.072111
85.799782,-0.007076,-0.003328,0.002019,-0.000865,-0.004379,-0.000128,0.023625,-0.008692,-0.073900,0.014944,-0.005641,-0.069462
85.854189,-0.019897,0.009947,0.018609,-0.008176,0.006190,0.022097,0.026261,-0.010414,-0.071373,0.022441,-0.011636,-0.069311
85.908596,-0.013499,0.004273,0.010700,-0.004895,-0.000702,0.003328,0.024371,-0.010253,-0.059845,0.030389,-0.016069,-0.067222
85.963003,-0.015431,0.010508,0.018458,-0.007370,0.002906,0.000124,0.023036,-0.010273,-0.047151,0.024084,-0.014290,-0.053285
86.017410,-0.009654,0.010015,0.012431,-0.012191,0.004185,0.007120,0.023942,-0.010926,-0.045513,0.025866,-0.014171,-0.052911
86.071817,-0.006070,0.004922,0.007841,-0.004198,0.002796,0.002290,0.024572,-0.011466,-0.045687,0.030190,-0.015219,-0.054345
86.126224,-0.016979,-0.004919,0.010058,-0.014468,-0.007246,0.005960,0.028597,-0.015064,-0.050793,0.035547,-0.018711,-0.055492
86.180631,-0.010945,0.007054,0.006746,-0.005755,0.004746,0.001158,0.034506,-0.021382,-0.048949,0.026561,-0.016429,-0.053585
86.235038,0.000816,-0.009664,-0.010925,0.004377,-0.009915,-0.001613,0.025574,-0.015976,-0.046479,0.019229,-0.012697,-0.053151
86.289445,-0.003307,-0.003727,0.005845,-0.000625,-0.005274,0.007838,0.024922,-0.016265,-0.045415,0.026907,-0.017322,-0.052804
86.343852,-0.001572,-0.003788,0.016134,-0.001525,-0.000836,0.018136,0.042634,-0.022039,-0.069484,0.046095,-0.023377,-0.075448
86.398259,-0.001317,-0.007111,0.005611,-0.007157,-0.003461,0.006797,0.037402,-0.023044,-0.072892,0.036149,-0.022848,-0.075413
86.452666,-0.005186,-0.011431,0.004165,-0.005589,-0.009369,0.000008,0.027341,-0.021340,-0.067527,0.024332,-0.019774,-0.064835
86.507073,0.001377,-0.002238,-0.001431,-0.006393,-0.004108,-0.003700,0.025099,-0.018927,-0.066683,0.027721,-0.018978,-0.062703
86.561480,0.000513,-0.010583,0.000656,-0.000504,-0.004427,-0.003649,0.028648,-0.018818,-0.070480,0.025270,-0.016488,-0.064670
86.615887,-0.010113,-0.007548,-0.001608,-0.006298,-0.013004,-0.008628,0.035219,-0.021470,-0.071725,0.027395,-0.016458,-0.063762
86.670294,-0.006408,-0.002633,-0.012006,-0.003978,-0.000864,-0.012332,0.033314,-0.018673,-0.076293,0.030772,-0.016416,-0.067688
86.724701,0.004616,-0.008365,-0.021522,0.011226,-0.005333,-0.011321,0.030915,-0.019610,-0.061166,0.045829,-0.023963,-0.066176
86.779108,0.016962,-0.002126,-0.018662,0.020329,0.001676,-0.012764,0.041871,-0.021947,-0.060775,0.051276,-0.026588,-0.067448
86.833515,0.021682,-0.004818,-0.015823,0.023008,-0.009029,-0.011667,0.052133,-0.024173,-0.069475,0.050799,-0.025883,-0.070644
86.887922,0.006221,-0.000040,-0.005583,-0.005161,0.002854,0.001296,0.052369,-0.025214,-0.074619,0.049225,-0.025322,-0.074552
86.942329,0.005671,0.002449,-0.000333,-0.000289,0.004627,0.007698,0.055895,-0.027745,-0.077658,0.047409,-0.025107,-0.078403
86.996736,0.007122,0.008756,0.004265,-0.004095,0.003070,0.006887,0.059436,-0.029044,-0.081690,0.050065,-0.025171,-0.080394
87.051143,0.015402,-0.004055,0.010391,0.009376,-0.005941,0.008656,0.052774,-0.026076,-0.082660,0.039580,-0.019233,-0.082351
87.105550,-0.004707,-0.001450,0.015466,-0.006242,-0.005748,0.012575,0.041201,-0.020133,-0.086693,0.036674,-0.017896,-0.083553
87.159956,-0.009426,-0.006609,0.024128,-0.000254,-0.005878,0.018479,0.036459,-0.016984,-0.088953,0.037312,-0.017326,-0.084514
87.214363,-0.020593,0.000023,0.029204,-0.009091,-0.005788,0.020434,0.046915,-0.020370,-0.094840,0.054267,-0.023213,-0.092538
87.268770,0.005944,-0.006120,0.026269,0.006312,-0.003154,0.022867,0.047218,-0.019685,-0.093003,0.052423,-0.022227,-0.089495
87.323177,0.000164,-0.006682,0.025547,0.000797,-0.000965,0.023944,0.043818,-0.018061,-0.088055,0.045207,-0.020358,-0.083430
87.377584,0.006047,-0.006280,0.029907,0.005011,-0.000841,0.025988,0.033310,-0.014730,-0.080171,0.033594,-0.016709,-0.073378
87.431991,-0.006839,0.008341,0.032317,-0.001380,0.011399,0.027311,0.040103,-0.021601,-0.075741,0.035913,-0.022083,-0.070537
87.486398,0.013758,0.003489,0.017511,0.013988,0.001332,0.006771,0.037596,-0.020975,-0.068321,0.030231,-0.019298,-0.063714
87.540805,0.011331,-0.003975,0.000818,0.012533,-0.010664,-0.009535,0.045915,-0.026674,-0.064152,0.043804,-0.026427,-0.062806
87.595212,0.022196,-0.003330,-0.010474,0.016350,-0.008714,-0.017786,0.042720,-0.025875,-0.054800,0.054987,-0.029375,-0.062079
87.649619,0.014270,0.000312,-0.022387,0.015567,-0.000396,-0.024387,0.052747,-0.035668,-0.065401,0.067037,-0.040868,-0.079968
87.704026,0.025664,0.000382,-0.036757,0.024153,0.001340,-0.033978,0.050923,-0.035547,-0.079674,0.054345,-0.035101,-0.095792
87.758433,0.031417,-0.002197,-0.053075,0.031750,-0.002608,-0.043194,0.052246,-0.035137,-0.081297,0.042755,-0.027928,-0.085538
87.812840,0.037553,-0.004862,-0.068067,0.028602,0.006255,-0.049023,0.047703,-0.028735,-0.076088,0.036882,-0.022095,-0.072973
87.867247,0.023311,-0.004239,-0.065530,0.018036,-0.001911,-0.050745,0.048002,-0.029067,-0.077759,0.031425,-0.019774,-0.068002
87.921654,0.029447,0.009050,-0.063083,0.024360,0.005345,-0.052122,0.043533,-0.021909,-0.076179,0.038503,-0.016786,-0.064024
87.976061,0.027559,0.005171,-0.063085,0.023169,-0.001337,-0.051858,0.028238,-0.017697,-0.074086,0.029334,-0.015766,-0.060124
88.030468,0.023568,0.004059,-0.052619,0.015435,0.003949,-0.036991,0.014512,-0.003898,-0.052775,0.027298,-0.010661,-0.048568
88.084875,0.018189,0.003112,-0.039721,0.016517,0.003490,-0.026005,0.017083,-0.005017,-0.040348,0.026153,-0.012503,-0.053274
88.139282,0.011176,0.000620,-0.030470,0.015822,-0.004377,-0.023864,0.020316,-0.006247,-0.040245,0.024728,-0.011571,-0.051380
88.193689,0.004782,-0.002143,-0.011425,0.006908,0.000972,-0.006897,0.024563,-0.010310,-0.048391,0.028406,-0.014698,-0.057052
88.248096,0.015801,0.007627,-0.010316,0.016108,0.007540,-0.015491,0.025719,-0.007890,-0.051817,0.026262,-0.010468,-0.060061
88.302503,0.000323,0.004653,0.007298,0.001149,0.008743,0.000740,0.017518,-0.008620,-0.054431,0.022891,-0.010363,-0.061331
88.356910,0.002699,0.007826,0.012279,0.007926,0.005823,-0.002595,0.023912,-0.009361,-0.057092,0.025796,-0.011666,-0.061695
88.411317,0.009161,0.011308,0.018512,0.012287,0.014552,0.011146,0.019821,-0.011101,-0.064768,0.018741,-0.009816,-0.060571
88.465724,-0.001781,0.012043,0.024659,-0.001320,0.013001,0.021111,0.017232,-0.010347,-0.065276,0.015682,-0.010771,-0.063587
88.520131,0.000508,0.016939,0.025611,0.004757,0.010087,0.015161,0.028012,-0.015628,-0.068039,0.031443,-0.017580,-0.063500
88.574538,0.007260,0.013411,0.008027,0.007510,0.007603,-0.000294,0.022924,-0.015026,-0.066135,0.026656,-0.018661,-0.064082
88.628945,0.003530,0.014345,0.022546,0.011366,0.014153,0.010117,0.023347,-0.017154,-0.066643,0.025455,-0.016619,-0.066396
88.683351,0.010664,0.020029,0.021098,0.007344,0.021991,0.019200,0.025025,-0.018259,-0.067699,0.024593,-0.016830,-0.067878
88.737758,0.006856,0.020806,0.021128,0.007550,0.017510,0.012215,0.016337,-0.016527,-0.063994,0.014995,-0.014415,-0.061745
88.792165,0.000774,0.014241,0.016569,0.003471,0.014711,0.016611,0.023388,-0.019811,-0.069909,0.019971,-0.016612,-0.068892
88.846572,0.011934,0.008613,0.008468,0.007252,0.005249,0.014141,0.020863,-0.017687,-0.059864,0.013132,-0.013235,-0.056181
88.900979,-0.000144,0.023727,0.022123,-0.005295,0.025044,0.028704,0.012183,-0.015051,-0.064884,0.017250,-0.015861,-0.064602
88.955386,-0.003038,0.025725,0.027094,-0.004583,0.022366,0.017499,0.009159,-0.010151,-0.065940,0.011068,-0.010426,-0.066443
89.009793,-0.008251,0.022127,0.027858,-0.005607,0.020926,0.025420,0.005873,-0.009981,-0.060117,0.008384,-0.009792,-0.060133
89.064200,-0.010446,0.011017,0.024810,-0.009307,0.011856,0.027175,0.003892,-0.008418,-0.054838,0.008162,-0.009181,-0.055477
89.118607,0.005957,0.000911,0.020811,0.017194,-0.004747,0.012998,0.013247,-0.010808,-0.059656,0.014949,-0.011642,-0.058568
89.173014,0.011003,0.002936,0.021024,0.018250,-0.000259,0.017536,0.010746,-0.010466,-0.060808,0.016432,-0.013914,-0.067965
89.227421,0.011570,0.005604,0.017628,0.019869,-0.002992,0.010126,0.013772,-0.009743,-0.058385,0.014538,-0.010065,-0.052046
89.281828,0.017960,-0.011676,0.005061,0.013744,-0.005741,0.007897,0.013370,-0.008742,-0.052070,0.017812,-0.011924,-0.052453
89.336235,0.016325,-0.008329,0.006177,0.008360,0.002424,0.002416,0.019895,-0.011301,-0.045518,0.020652,-0.010859,-0.047551
89.390642,0.018819,-0.010677,-0.006451,0.008239,0.001685,-0.004324,0.020080,-0.012322,-0.050015,0.016310,-0.011567,-0.051315
89.445049,0.024077,-0.012959,-0.013010,0.009130,-0.006731,-0.005803,0.020134,-0.013940,-0.058433,0.014579,-0.012867,-0.060208
89.499456,0.019876,-0.011009,-0.008439,0.026064,-0.016887,-0.006986,0.012766,-0.011615,-0.050827,0.009766,-0.011335,-0.051706
89.553863,0.016893,-0.010420,-0.015211,0.021168,-0.009146,-0.007933,0.012440,-0.008168,-0.037389,0.011830,-0.008843,-0.043661
89.608270,0.022645,-0.009427,-0.010834,0.030257,-0.008711,-0.004119,0.011349,-0.010512,-0.046611,0.009329,-0.009290,-0.045513
89.662677,0.024058,-0.003706,-0.002705,0.024033,-0.002307,0.007880,0.012757,-0.009910,-0.047179,0.015616,-0.010461,-0.048021
89.717084,0.026131,-0.007888,-0.005868,0.019494,-0.000684,-0.002025,0.005696,-0.008883,-0.045189,0.009010,-0.008250,-0.041221
89.771491,0.038035,-0.023280,0.000192,0.033811,-0.022350,0.000607,0.016623,-0.011160,-0.038235,0.022294,-0.012669,-0.036516
89.825898,0.043025,-0.021973,-0.004395,0.036574,-0.024131,-0.008280,0.009214,-0.010513,-0.040401,0.008995,-0.012842,-0.051400
89.880305,0.033830,-0.014166,0.000879,0.035146,-0.019877,-0.001585,0.013306,-0.012969,-0.047854,0.011026,-0.014754,-0.055094
89.934712,0.038500,-0.007942,0.013046,0.034973,-0.002824,0.013423,0.012969,-0.014063,-0.051526,0.012367,-0.013110,-0.051512
89.989119,0.026111,-0.010100,0.003409,0.023955,-0.006674,-0.000527,0.018072,-0.015713,-0.067016,0.016902,-0.015013,-0.073480
90.043526,0.022278,-0.011571,-0.003518,0.013625,-0.002737,0.001057,0.012018,-0.013844,-0.061535,0.013200,-0.012423,-0.062722
90.097933,0.022002,-0.010235,0.004868,0.010781,0.000843,0.004257,0.008941,-0.013349,-0.063987,0.002769,-0.009127,-0.056413
90.152339,0.014192,0.009721,0.005714,0.015908,0.006809,0.006817,-0.003751,-0.009507,-0.062796,-0.000467,-0.007992,-0.047002
90.206746,0.006605,0.005301,-0.006489,0.011629,-0.006991,-0.020397,0.017703,-0.010575,-0.051401,0.020821,-0.010595,-0.043838
90.261153,0.002056,0.007736,0.001422,0.008821,-0.002756,-0.000203,0.019438,-0.011978,-0.050162,0.022916,-0.014921,-0.047308
90.315560,-0.000449,-0.006907,-0.018235,0.010405,-0.009628,-0.012991,0.017348,-0.013034,-0.055098,0.018953,-0.014722,-0.052194
90.369967,0.000615,-0.003515,-0.006942,0.005792,-0.007368,-0.005847,0.024299,-0.017867,-0.040788,0.031902,-0.023068,-0.053993
90.424374,-0.000609,-0.011202,-0.013994,-0.002620,-0.014054,-0.013073,0.027879,-0.017525,-0.032343,0.030211,-0.018389,-0.035308
90.478781,-0.010164,-0.009258,-0.011699,-0.015592,-0.005490,-0.003834,0.019618,-0.016953,-0.043104,0.004813,-0.013098,-0.049547
90.533188,-0.004759,-0.011009,-0.003139,0.002376,-0.000708,0.012327,0.019510,-0.016224,-0.041828,0.001018,-0.010148,-0.039724
90.587595,0.003079,-0.006029,0.016355,0.011778,-0.006032,0.011303,0.008839,-0.016946,-0.050705,0.007069,-0.013331,-0.050442
90.642002,0.015315,-0.011110,0.008091,0.026069,-0.009103,0.013588,0.008819,-0.013287,-0.042877,0.011886,-0.011988,-0.041633
90.696409,0.022912,-0.012995,0.018284,0.034840,-0.017344,0.012312,0.034838,-0.042621,-0.033543,0.046556,-0.053442,-0.034586
90.750816,0.019736,-0.021326,0.007583,0.020894,-0.025205,-0.000587,0.022759,-0.033871,-0.023289,0.037074,-0.041793,-0.025551
90.805223,0.028172,-0.008288,0.022659,0.021271,-0.010070,0.012243,0.014316,-0.034540,-0.037093,0.022528,-0.034308,-0.031879
90.859630,0.032493,-0.015520,0.014056,0.009571,-0.012427,0.004374,0.037083,-0.042141,-0.043197,0.030541,-0.036474,-0.055350
90.914037,0.023526,-0.023851,-0.001417,0.009953,-0.017922,-0.002768,0.045146,-0.043846,-0.045787,0.032887,-0.031236,-0.047992
90.968444,0.016676,-0.011933,-0.000384,0.008249,-0.003118,0.000673,0.044062,-0.041444,-0.039667,0.031048,-0.026839,-0.048490
91.022851,0.015146,-0.013325,-0.014718,0.021105,-0.008721,-0.014985,0.037314,-0.041368,-0.043055,0.021622,-0.022687,-0.044814
91.077258,0.003118,-0.015388,-0.029498,0.014029,-0.019926,-0.031237,0.012423,-0.012650,-0.054043,0.019497,-0.021797,-0.052513
91.131665,0.008036,-0.013130,-0.035829,0.011130,-0.024109,-0.044290,0.012523,-0.014440,-0.060361,0.015567,-0.018983,-0.048739
91.186072,0.001301,-0.014013,-0.055997,0.004031,-0.010430,-0.050955,0.021546,-0.015446,-0.057563,0.017955,-0.017467,-0.046512
91.240479,0.005881,-0.009380,-0.063213,0.002192,-0.006229,-0.056287,0.009737,-0.009627,-0.041616,0.010350,-0.014856,-0.044730
91.294886,-0.000363,-0.001780,-0.069824,-0.004693,-0.002323,-0.060552,0.006135,-0.012845,-0.043770,0.011691,-0.018445,-0.042512
91.349293,0.005910,-0.017751,-0.081727,0.005314,-0.012999,-0.062218,-0.005685,-0.012291,-0.040256,-0.002457,-0.015832,-0.039186
91.403700,-0.006584,-0.022036,-0.083100,0.001266,-0.022624,-0.067220,-0.000292,-0.012747,-0.038313,0.002369,-0.014520,-0.034652
91.458107,-0.015860,-0.005159,-0.058602,-0.014829,-0.007421,-0.038729,0.003411,-0.012538,-0.034892,0.009278,-0.014971,-0.039594
91.512514,-0.010069,-0.006219,-0.038615,-0.003849,-0.015589,-0.022301,0.004651,-0.012953,-0.039353,0.009128,-0.014103,-0.044649
91.566921,0.002485,-0.007130,-0.032177,0.009623,-0.004889,-0.024350,-0.001868,-0.014677,-0.044625,0.003677,-0.015976,-0.050620
91.621328,0.000813,-0.015543,-0.038732,0.004325,-0.013573,-0.044181,-0.000120,-0.013747,-0.047733,0.001375,-0.012361,-0.052368
91.675734,0.008733,-0.013921,-0.021648,0.008101,-0.005928,-0.026950,-0.004317,-0.010082,-0.049046,-0.001365,-0.011319,-0.050460
91.730141,-0.004199,-0.006938,-0.006863,-0.002555,-0.006107,-0.014636,0.001483,-0.009835,-0.052486,-0.004782,-0.009785,-0.050360
91.784548,0.000507,0.002185,-0.001049,0.001559,-0.004339,-0.021015,0.001336,-0.009990,-0.057911,0.000303,-0.009900,-0.051186
91.838955,0.012880,-0.011701,-0.014812,0.002728,-0.012232,-0.021032,-0.000383,-0.008995,-0.055082,0.005219,-0.009881,-0.048861
91.893362,0.004725,-0.001022,-0.018158,-0.001220,-0.004488,-0.012829,0.000142,-0.007983,-0.051934,0.006616,-0.008615,-0.047655
91.947769,-0.007056,-0.003000,-0.003762,-0.004768,0.001223,0.003382,0.007890,-0.006183,-0.046118,0.012515,-0.009065,-0.044884
92.002176,-0.003542,0.007502,0.022507,-0.002267,0.006018,0.014781,0.010358,-0.008330,-0.045563,0.011900,-0.009838,-0.047002
92.056583,-0.000533,0.002263,0.003842,0.007039,0.002410,-0.005910,0.016776,-0.009297,-0.046924,0.016040,-0.010655,-0.048072
92.110990,0.005373,0.006390,-0.006203,0.004864,0.006342,-0.011868,0.024974,-0.010248,-0.043746,0.020620,-0.010585,-0.044000
92.165397,0.007453,0.002004,-0.011254,0.010406,-0.000520,-0.025872,0.033067,-0.014849,-0.040790,0.031955,-0.016981,-0.041960
92.219804,0.012127,0.003675,-0.026655,0.016349,-0.006838,-0.046479,0.067866,-0.031451,-0.042618,0.079259,-0.038788,-0.044039
92.274211,0.008660,-0.001158,-0.028145,0.004823,-0.006939,-0.035273,0.070684,-0.033334,-0.046988,0.069792,-0.034377,-0.049915
92.328618,0.029430,-0.001878,-0.042831,0.029145,-0.001746,-0.035135,0.071949,-0.033443,-0.046492,0.064827,-0.029827,-0.045997
92.383025,0.032255,-0.009602,-0.064424,0.028819,-0.007171,-0.046261,0.072631,-0.033395,-0.047843,0.054705,-0.026382,-0.049785
92.437432,0.021494,-0.004564,-0.050770,0.016842,-0.001087,-0.035629,0.076801,-0.034481,-0.049039,0.056121,-0.025409,-0.051974
92.491839,0.020960,-0.008945,-0.044689,0.011959,-0.002590,-0.027130,0.077973,-0.035319,-0.054795,0.054326,-0.023561,-0.055179
92.546246,0.022173,-0.004882,-0.032010,0.017780,-0.001978,-0.020331,0.077585,-0.033130,-0.059243,0.058377,-0.024297,-0.057131
92.600653,0.009562,0.003725,-0.013808,0.004592,0.004047,-0.016563,0.045257,-0.016999,-0.061041,0.055137,-0.022059,-0.058692
92.655060,0.022269,-0.000939,-0.014192,0.013209,-0.004760,-0.011877,0.046406,-0.016777,-0.059440,0.052104,-0.020683,-0.059396
92.709467,0.002907,-0.000633,-0.004731,0.008746,0.000425,-0.003173,0.046420,-0.017242,-0.063995,0.050695,-0.019523,-0.059960
92.763874,0.006745,0.007626,0.006837,0.017873,0.006129,-0.004496,0.049306,-0.017261,-0.065203,0.047440,-0.018164,-0.062647
92.818281,0.006568,-0.003452,-0.004540,0.007837,-0.005957,-0.018145,0.045514,-0.014876,-0.058643,0.045000,-0.015497,-0.053078
92.872688,0.011784,0.005771,0.004028,0.012057,0.006427,-0.001148,0.041906,-0.014005,-0.054923,0.040379,-0.014411,-0.050856
92.927095,0.004302,0.001064,-0.001684,0.007384,-0.001354,-0.007541,0.041035,-0.013891,-0.058882,0.046000,-0.016818,-0.059214
92.981502,0.015751,-0.003741,-0.007516,0.012304,-0.002181,-0.014497,0.050363,-0.015707,-0.060473,0.058294,-0.018618,-0.062586
93.035909,0.008795,-0.001553,-0.013228,0.009640,-0.006680,-0.018220,0.050033,-0.016622,-0.069344,0.054168,-0.019210,-0.074930
93.090316,0.011748,0.001250,-0.012757,0.010025,0.002813,-0.007589,0.041016,-0.014706,-0.073490,0.039723,-0.015662,-0.078192
93.144723,0.003960,-0.008362,-0.022380,0.007993,-0.005418,-0.021502,0.058090,-0.021232,-0.076040,0.062565,-0.024214,-0.080802
93.199129,0.012150,0.000980,-0.010500,0.011400,-0.002115,-0.015117,0.055178,-0.021468,-0.087161,0.053024,-0.020666,-0.083171
93.253536,0.012817,-0.016075,-0.035537,0.015840,-0.014376,-0.033776,0.062348,-0.022415,-0.091246,0.056835,-0.019872,-0.080650
93.307943,0.011606,-0.006285,-0.027154,0.008715,-0.004291,-0.021908,0.054164,-0.019004,-0.080335,0.047707,-0.016412,-0.067774
93.362350,0.006022,-0.004472,-0.020507,0.005551,-0.001992,-0.016685,0.043770,-0.017108,-0.077485,0.045109,-0.015638,-0.065444
93.416757,0.007000,0.004115,-0.008957,0.005608,0.005493,-0.003800,0.048269,-0.017369,-0.068542,0.049919,-0.017192,-0.064696
93.471164,0.016155,-0.004464,-0.012459,0.019616,0.000541,-0.000955,0.045655,-0.016618,-0.063525,0.032664,-0.012996,-0.062981
93.525571,0.029027,-0.001894,-0.011328,0.033686,-0.003638,-0.014612,0.024160,-0.008185,-0.058508,0.026824,-0.010275,-0.061610
93.579978,0.026245,0.000001,-0.011294,0.028059,0.001963,-0.009557,0.032501,-0.011545,-0.047597,0.036110,-0.014219,-0.052542
93.634385,0.019433,0.008050,0.000754,0.019632,0.000155,-0.012461,0.026497,-0.010796,-0.042445,0.034896,-0.013666,-0.048933
93.688792,0.032733,0.000200,-0.009759,0.030368,-0.003657,-0.019575,0.028907,-0.011859,-0.057015,0.033531,-0.012935,-0.062799
93.743199,0.043243,0.000828,-0.025252,0.037588,-0.000605,-0.036509,0.030324,-0.012408,-0.057702,0.035751,-0.013625,-0.062425
93.797606,0.054258,-0.011657,-0.038934,0.046657,-0.010877,-0.038813,0.025294,-0.009411,-0.049648,0.035391,-0.011385,-0.051005
93.852013,0.046194,-0.009813,-0.040307,0.041167,-0.009974,-0.030888,0.026609,-0.008908,-0.036576,0.022883,-0.007647,-0.033729
93.906420,0.037609,-0.007410,-0.029533,0.038907,-0.008685,-0.023475,0.033207,-0.010597,-0.032170,0.028237,-0.008361,-0.032040
93.960827,0.035578,-0.006317,-0.024709,0.029393,-0.000545,-0.009893,0.021839,-0.003807,-0.048419,0.021324,-0.003182,-0.051634
94.015234,0.039208,-0.006774,-0.025479,0.025781,-0.002491,-0.013808,0.026177,-0.004182,-0.040059,0.029141,-0.005360,-0.036502
94.069641,0.028299,-0.000083,-0.014461,0.020015,0.003593,-0.005228,0.027361,-0.004337,-0.032848,0.030586,-0.006508,-0.042759
94.124048,0.021425,-0.009409,-0.006439,0.019681,-0.007861,-0.013801,0.024535,-0.003299,-0.023811,0.029437,-0.007030,-0.033742
94.178455,0.010662,-0.002782,0.003382,0.017263,-0.007404,-0.006896,0.027302,-0.006005,-0.029072,0.034214,-0.009898,-0.035425
94.232862,0.007675,-0.003885,0.005419,0.013471,-0.008739,-0.002503,0.033492,-0.005554,-0.040149,0.030607,-0.005826,-0.036771
94.287269,0.021419,-0.014372,0.006689,0.035992,-0.022380,0.001011,0.029177,-0.004684,-0.040270,0.028376,-0.005686,-0.034643
94.341676,0.025331,-0.020432,0.002494,0.032538,-0.019986,0.003822,0.034317,-0.000057,-0.025430,0.028632,0.005436,-0.032941
94.396083,0.028260,-0.012477,0.018572,0.032396,-0.006905,0.019674,0.024985,-0.003081,-0.042815,0.021922,-0.002699,-0.045887
94.450490,0.024930,-0.014284,0.019803,0.020645,-0.002469,0.023281,0.023132,0.008024,-0.012818,0.022216,0.011168,-0.008272
94.504897,0.028659,-0.005156,0.013199,0.025407,0.000069,-0.000240,0.020820,0.009269,-0.010809,0.019504,0.008853,-0.003338
94.559304,0.024781,-0.002461,0.016211,0.016414,0.002713,0.008170,0.023908,0.020823,-0.001836,0.030591,0.018985,0.001461
94.613711,0.030204,0.001949,0.019477,0.020384,0.005529,0.014121,0.024837,0.019903,0.006603,0.029009,0.015993,0.004552
94.668118,0.007622,0.012097,0.023313,0.009907,0.003241,0.019681,0.029296,0.017830,0.012753,0.033340,0.008866,0.007025
94.722524,-0.002646,0.014013,0.026682,-0.002705,0.003194,0.023475,0.027661,0.009581,0.018082,0.030315,0.005530,0.007854
94.776931,-0.004060,0.007503,0.020334,0.002223,0.002524,0.026510,0.024176,0.020492,0.034378,0.018389,0.012651,0.009562
94.831338,-0.001229,0.005031,0.020920,0.000469,0.001614,0.029569,0.023453,0.013508,0.016481,0.018377,0.013669,0.011033
94.885745,-0.007064,0.005361,0.039916,0.001097,0.003797,0.031385,0.016868,0.014303,0.012728,0.007215,0.011967,0.006851
94.940152,-0.004289,0.002523,0.039932,0.000852,0.001723,0.033492,0.008096,0.004171,0.002409,0.008477,0.007291,-0.004834
94.994559,-0.006922,-0.000334,0.038995,0.004248,0.000737,0.033067,0.013016,0.003441,0.002365,0.018207,0.005617,-0.000546
95.048966,-0.000534,0.005169,0.038818,0.005942,0.007112,0.034591,0.002864,0.005525,-0.003483,0.010485,0.003483,-0.005240
95.103373,0.011501,0.003076,0.037778,0.010971,0.003360,0.033946,-0.001880,0.006782,-0.007832,0.005389,0.002983,-0.008046
95.157780,0.003627,0.002745,0.031486,0.002141,0.002194,0.026078,0.001802,0.001382,-0.009240,0.003604,0.003054,-0.005129
95.212187,-0.000937,0.004792,0.009461,-0.005987,0.004216,-0.001612,0.009938,-0.004355,-0.019901,0.017939,-0.002041,-0.015646
95.266594,-0.001233,0.000514,0.005859,-0.004481,-0.000111,0.001398,0.045502,-0.004585,-0.021243,0.056655,-0.000923,-0.016371
95.321001,0.001571,0.001437,-0.001541,0.000314,-0.000112,-0.000858,0.082005,-0.014882,-0.017306,0.099133,-0.017437,-0.017900
95.375408,0.003343,0.003845,-0.005602,0.006299,0.002641,-0.000098,0.066422,-0.018306,-0.030795,0.068915,-0.018959,-0.029884
95.429815,0.007482,-0.004875,-0.012185,0.013377,-0.003573,-0.001157,0.081086,-0.023132,-0.038482,0.071582,-0.022934,-0.039471
95.484222,0.003458,-0.003233,-0.013666,0.011285,-0.002890,0.003274,0.081999,-0.023284,-0.063656,0.055545,-0.018363,-0.070675
95.538629,0.005355,0.001860,-0.012476,0.005049,0.004324,0.003207,0.086348,-0.024134,-0.085969,0.049817,-0.015213,-0.086470
95.593036,0.009273,0.001671,0.001937,0.001823,0.005657,0.000269,0.076608,-0.020368,-0.099103,0.041273,-0.011382,-0.099107
95.647443,0.000680,0.003705,-0.003842,-0.010262,0.003889,-0.005188,0.029997,-0.017037,-0.109391,0.010066,-0.003733,-0.097543
95.701850,0.001658,0.004635,-0.000169,-0.002942,0.004390,-0.000985,0.191004,-0.069557,-0.119001,0.287273,-0.093213,-0.096291
95.756257,0.006405,0.000669,0.000164,0.010339,0.000690,0.000267,0.205377,-0.068052,-0.112001,0.239548,-0.077473,-0.082796
95.810664,-0.000163,0.003401,-0.000858,0.007414,-0.001309,-0.002296,0.228310,-0.064799,-0.101737,0.240196,-0.065191,-0.067432
95.865071,0.001872,0.005262,-0.002793,0.009364,0.001528,-0.000346,0.235771,-0.067897,-0.083012,0.200881,-0.056505,-0.066828
95.919478,0.007421,0.002051,-0.002459,0.011281,0.003362,0.000778,0.288415,-0.073343,-0.065749,0.239786,-0.053352,-0.059226
95.973885,0.015835,0.008390,-0.000066,0.018589,0.013762,0.001678,0.295111,-0.076774,-0.046456,0.202624,-0.046695,-0.050300
96.028292,0.030087,0.005136,0.004548,0.023103,0.005818,0.002397,0.316769,-0.080877,-0.025908,0.169467,-0.037729,-0.029731
96.082699,0.024453,0.003081,0.004916,0.015862,0.003056,0.005599,0.115647,-0.015336,-0.004775,0.133224,-0.028652,-0.012456
96.137106,0.013540,0.003506,0.006778,0.010105,0.000217,0.008141,0.104109,-0.014206,0.031184,0.100155,-0.024242,0.034616
96.191513,0.013722,0.003973,0.005971,0.007481,-0.001033,0.002874,0.071607,-0.012239,0.031818,0.083178,-0.019853,0.027385
96.245919,0.014406,0.001814,0.004943,0.010375,-0.001275,0.002350,0.065386,-0.009124,0.041019,0.066558,-0.015874,0.021906
96.300326,0.011796,0.001095,0.003153,0.008436,0.000114,0.000429,0.052585,-0.024328,0.052642,0.114407,-0.042133,0.028034
96.354733,0.004965,-0.006814,0.002399,0.006749,0.000091,0.000343,0.044023,-0.021429,0.052953,0.090334,-0.033660,0.019944
96.409140,-0.000915,-0.003105,0.001645,0.005399,0.000073,0.000274,0.036133,-0.020955,0.041611,0.068588,-0.026637,0.010586
96.463547,0.000956,-0.001963,-0.000984,0.004319,0.000059,0.000219,0.035352,-0.021604,0.032516,0.051427,-0.020687,0.007064
96.517954,-0.000389,-0.000435,-0.003599,-0.001013,-0.000041,0.000176,0.042487,-0.021603,-0.000330,0.044708,-0.017869,0.004246
96.572361,0.000410,0.000309,-0.001000,-0.000294,-0.000198,0.000140,0.032377,-0.020728,-0.001885,0.024665,-0.013530,0.000913
96.626768,-0.002725,0.000630,-0.001037,-0.000235,-0.000158,0.000112,0.053373,-0.031224,-0.003657,0.049143,-0.025509,-0.001753
96.681175,-0.002823,-0.000181,0.000000,-0.000188,-0.000127,0.000090,0.022813,-0.011540,-0.014999,0.057691,-0.022284,-0.006772
96.735582,-0.006523,-0.000890,0.000000,-0.005331,-0.001094,0.000072,-0.090842,-0.006400,-0.014229,-0.114157,-0.010585,-0.006822
96.789989,-0.009415,-0.001100,-0.000074,-0.008314,-0.001170,-0.000047,-0.107351,-0.006144,-0.025941,-0.118116,-0.007819,-0.027224
96.844396,-0.008863,-0.002642,-0.000149,-0.005878,-0.003094,-0.000141,-0.066899,-0.009122,0.006426,-0.041304,-0.009802,0.022129
96.898803,-0.002888,-0.002924,-0.000208,-0.000806,-0.002958,-0.000196,-0.074189,-0.008372,0.005129,-0.039683,-0.008110,0.014483
96.953210,0.001804,-0.004085,-0.002553,0.006440,-0.004158,-0.003440,-0.066260,-0.008919,0.006903,-0.031746,-0.006488,0.011586
97.007617,-0.002152,-0.003062,-0.003713,-0.000386,-0.001893,-0.004376,-0.083943,0.001205,0.010941,-0.020743,-0.005703,0.012440
97.062024,-0.001005,-0.005268,-0.004873,0.001298,-0.004604,-0.005124,-0.097577,0.002533,0.014841,-0.017305,-0.004579,0.010041
97.116431,-0.000209,-0.007350,-0.006033,-0.003028,-0.007590,-0.005723,0.016900,-0.002641,0.015861,-0.013887,-0.003664,0.008057
97.170838,0.002065,-0.006044,-0.006316,-0.003288,-0.004538,-0.005079,0.035987,-0.003105,0.031403,-0.011178,-0.002932,0.006438
97.225245,-0.001500,-0.004556,-0.008586,-0.006848,-0.003706,-0.007346,-0.002110,-0.000577,0.000099,-0.009088,-0.002353,0.005232
97.279652,-0.005154,-0.005307,-0.005736,-0.006698,-0.004498,-0.001970,0.002681,-0.003621,0.002457,-0.007203,-0.006414,0.004268
97.334059,-0.012112,-0.002754,-0.006321,-0.008014,-0.001815,-0.005677,-0.003257,-0.001708,0.002475,-0.014076,-0.002453,0.003438
97.388466,-0.002834,-0.004175,-0.002078,0.001039,-0.002009,-0.000225,-0.001392,-0.003365,0.000205,-0.003996,-0.004795,0.002743
97.442873,-0.005995,0.002177,0.005233,-0.001988,0.004197,0.008431,-0.003563,-0.001478,0.002889,-0.006946,-0.001210,0.006042
97.497280,-0.008807,0.005530,0.009228,-0.009592,0.004144,0.010714,-0.510362,0.241990,0.001210,-0.715119,0.339886,0.002508
97.551687,-0.007220,0.002767,0.012420,-0.006318,0.000981,0.012540,-0.511924,0.245830,0.005809,-0.574351,0.277284,0.008437
97.606094,-0.012537,0.008030,0.019583,-0.016716,0.008077,0.016777,-0.494739,0.238715,0.008498,-0.435567,0.211859,0.010597
97.660501,-0.008065,0.008469,0.016018,-0.008331,0.005542,0.012337,-0.506491,0.246165,0.024292,-0.364838,0.175386,0.030670
97.714908,-0.009385,0.009829,0.017681,-0.011169,0.008122,0.008097,-0.526601,0.257438,0.059241,-0.328339,0.158769,0.073489
97.769314,-0.011410,0.008732,0.010633,-0.004320,0.004405,0.000928,-0.534307,0.260808,0.071829,-0.266194,0.128901,0.076406
97.823721,-0.004446,0.000823,0.003216,0.003474,-0.001745,-0.001031,-0.521696,0.255090,0.062130,-0.199049,0.097742,0.051394
97.878128,0.003062,0.001126,-0.002717,0.005289,-0.000184,-0.005162,-0.010358,0.007725,0.056344,-0.152929,0.072735,0.030689
97.932535,-0.000981,-0.001843,-0.012167,-0.000074,-0.006639,-0.013391,-0.015719,0.009419,0.068078,-0.132104,0.065935,0.047409
97.986942,-0.001436,-0.009010,-0.019375,-0.012357,-0.008052,-0.014060,-0.038553,0.018835,0.079295,-0.113738,0.055962,0.057479
98.041349,0.004583,-0.009965,-0.021634,0.003583,-0.008698,-0.015494,-0.039503,0.020130,0.086860,-0.108705,0.052482,0.078767
98.095756,0.001424,-0.009601,-0.023465,-0.006061,-0.002761,-0.016732,-0.003999,0.004142,0.043065,-0.073725,0.038062,0.050654
98.150163,-0.003779,-0.005985,-0.022534,-0.007518,0.000760,-0.017632,-0.083983,0.037453,0.044448,-0.174481,0.078971,0.060074
98.204570,-0.010915,-0.001518,-0.025242,-0.009074,0.001595,-0.019669,-0.104344,0.045313,0.073016,-0.154184,0.068801,0.078323
98.258977,-0.017159,-0.004312,-0.022705,-0.013492,-0.001426,-0.016521,-0.098180,0.046707,0.102080,-0.108408,0.051535,0.092922
98.313384,-0.010606,-0.000955,-0.019801,-0.005924,-0.002932,-0.018413,-0.093191,0.045751,0.108468,-0.089502,0.047637,0.106139
98.367791,-0.002458,0.000834,-0.017363,-0.005630,-0.002582,-0.014664,-0.046338,0.026428,0.032400,-0.014063,0.014272,-0.002033
98.422198,-0.014097,0.003833,-0.010890,-0.007330,-0.000123,-0.006915,-0.033074,0.022001,0.016353,-0.010395,0.012932,0.008692
98.476605,-0.008924,0.001017,-0.008863,-0.007548,0.000156,-0.007031,-0.021908,0.030316,-0.000910,0.020556,0.018063,-0.029575
98.531012,-0.006839,0.001467,-0.006391,-0.005790,0.003725,-0.006410,0.062451,-0.004871,-0.017110,0.019046,0.013710,-0.026788
98.585419,-0.003072,-0.001391,-0.006799,-0.002418,-0.000036,-0.011263,0.055412,-0.002579,-0.014911,-0.009217,0.019800,0.011912
98.639826,-0.002391,0.005097,0.000412,-0.007213,0.006353,0.000300,0.032991,0.008565,-0.005148,-0.023823,0.027936,0.053461
98.694233,-0.004801,0.003449,-0.000699,-0.004275,0.000985,-0.006511,0.027591,0.005375,-0.016321,-0.029395,0.024291,0.058928
98.748640,-0.006675,0.007458,-0.003140,-0.006935,0.006163,-0.008561,-0.029841,0.024417,0.045408,-0.046382,0.022255,0.046619
98.803047,-0.007337,0.005559,-0.002269,-0.009301,0.004215,-0.000814,-0.033254,0.026480,0.048556,-0.041028,0.022206,0.052021
98.857454,-0.001308,0.005915,-0.007293,-0.000683,0.004124,-0.009183,-0.046743,0.012833,0.056939,-0.022836,0.006376,0.016824
98.911861,-0.000099,-0.000219,-0.010081,0.001394,-0.001688,-0.012034,-0.045286,0.012348,0.056514,-0.013628,0.003682,0.009736
98.966268,-0.017382,0.010923,-0.009047,-0.020867,0.011233,-0.014316,-0.046227,0.015061,0.032324,-0.036673,0.015575,0.007266
99.020675,-0.015056,0.006822,-0.016693,-0.018715,0.009628,-0.012847,-0.064709,0.022708,0.000570,-0.071662,0.035263,0.005289
99.075082,-0.018701,0.011330,-0.020305,-0.018580,0.009916,-0.022085,-0.060690,0.020724,-0.013036,-0.062040,0.027375,0.001341
99.129489,-0.016891,0.005112,-0.016509,-0.015844,0.004603,-0.015705,-0.035425,0.015905,-0.015786,-0.037127,0.017975,-0.003300
99.183896,-0.022481,0.012187,-0.021816,-0.024255,0.012871,-0.013959,-0.064437,0.025051,-0.028368,-0.074241,0.031587,-0.005530
99.238303,-0.025012,0.011500,-0.016025,-0.016189,0.010087,-0.011593,-0.087732,0.040546,0.033492,-0.082020,0.035574,0.057388
99.292709,-0.024693,0.016632,-0.010411,-0.010565,0.010267,-0.006102,-0.091517,0.042658,0.080303,-0.066273,0.029997,0.107722
99.347116,-0.007431,0.012723,-0.005661,-0.006267,0.015325,-0.002919,-0.073089,0.034617,0.086598,-0.052990,0.025370,0.094468
99.401523,-0.000879,0.009023,-0.004421,0.002138,0.007721,-0.001995,-0.042810,0.017041,0.087107,-0.042325,0.018493,0.075763
99.455930,0.003636,0.009494,0.006278,0.004423,0.009050,0.001576,-0.044973,0.019815,0.099436,-0.041599,0.017842,0.074981
99.510337,0.006631,0.009160,-0.000257,0.006751,0.003442,-0.005926,-0.047839,0.022357,0.109188,-0.024785,0.013907,0.069264
99.564744,0.013133,0.001299,-0.002214,0.002924,0.000937,-0.008875,-0.038675,0.022203,0.117173,-0.051540,0.028117,0.063702
99.619151,0.010129,0.000660,0.003338,0.001348,-0.000355,0.000247,-0.036857,0.023136,0.079650,-0.061312,0.034105,0.060241
99.673558,0.003401,-0.000660,-0.000035,-0.005955,0.000066,-0.001352,-0.034883,0.021774,0.031888,-0.046944,0.026915,0.043138
99.727965,0.001116,-0.007331,0.001094,-0.005777,-0.002175,0.002462,-0.033311,0.020484,0.028255,-0.035326,0.021099,0.037713
99.782372,-0.005374,-0.004182,-0.001581,-0.006556,-0.001870,-0.001435,-0.106670,0.051192,0.034748,-0.130898,0.058065,0.039450
99.836779,0.000506,-0.009323,-0.004954,0.005700,-0.005820,-0.002698,-0.104701,0.051492,0.034338,-0.109699,0.049921,0.045356
99.891186,0.000517,-0.006822,0.000305,0.007788,-0.004953,-0.001983,-0.114383,0.053972,0.031048,-0.092820,0.043042,0.040958
99.945593,0.001576,-0.008071,-0.000423,0.005237,-0.007528,-0.006741,-0.261293,0.109999,0.028465,-0.311642,0.129862,0.037440
100.000000,0.003984,-0.007505,-0.005491,0.006568,-0.006335,-0.005140,-0.226668,0.094224,0.031691,-0.220920,0.093417,0.043748
100.054407,0.007076,-0.007052,-0.008933,0.002551,-0.004083,-0.010480,-0.229885,0.094421,0.031556,-0.179133,0.074640,0.029755
100.108814,0.010838,-0.007252,-0.017648,0.006294,-0.005774,-0.017043,-0.237621,0.097514,0.039917,-0.151907,0.063609,0.038713
100.163221,0.010672,-0.008405,-0.021100,0.002869,-0.006364,-0.021871,-0.156446,0.066620,0.030806,-0.110519,0.048822,0.027494
100.217628,0.002242,-0.005561,-0.024542,0.001438,-0.005434,-0.023865,-0.225780,0.096112,0.018468,-0.190463,0.083815,0.018518
100.272035,-0.001560,-0.007569,-0.030030,-0.000945,-0.007455,-0.026600,-0.226624,0.093797,0.011642,-0.158612,0.066915,0.009932
100.326442,-0.002194,-0.004333,-0.031711,-0.002638,-0.004999,-0.028789,-0.061001,0.027094,0.005820,-0.132404,0.055578,0.004468
100.380849,-0.001646,-0.008535,-0.037255,0.001037,-0.010195,-0.030539,-0.079019,0.033071,-0.008149,-0.102755,0.042356,-0.002186
100.435256,-0.003223,-0.008138,-0.026391,-0.004082,-0.006615,-0.015590,-0.085785,0.037076,-0.006888,-0.094074,0.039398,-0.005226
100.489663,0.000148,-0.007354,-0.016293,0.005707,-0.006703,-0.006994,-0.080663,0.035834,-0.012117,-0.076689,0.033678,0.003407
100.544070,-0.001290,-0.003701,-0.011094,0.000386,-0.001993,-0.006553,-0.090137,0.037607,-0.009021,-0.063608,0.027358,0.003582
100.598477,0.003011,-0.007510,-0.012324,0.005473,-0.007270,-0.013332,-0.012525,0.005598,-0.007046,-0.044278,0.021832,0.002155
100.652884,0.002040,-0.009919,-0.007645,0.000923,-0.012296,-0.011623,-0.004987,0.005857,-0.003064,-0.031111,0.017692,0.002415
100.707291,0.002440,-0.012042,0.002002,-0.000583,-0.011843,-0.003302,-0.002919,0.006339,0.000031,-0.027506,0.016874,0.002789
100.761697,0.003164,-0.010426,0.002222,0.003695,-0.013408,-0.009842,-0.045675,0.024955,0.004758,-0.078695,0.037456,0.003087
100.816104,0.003723,-0.005379,0.001478,-0.001173,-0.002121,-0.000074,-0.037242,0.020414,0.004987,-0.063021,0.029121,-0.000686
100.870511,-0.000720,-0.005395,-0.006986,0.001813,-0.003129,-0.006431,-0.043864,0.022194,0.000061,-0.061116,0.027948,0.000143
100.924918,0.002132,-0.008435,-0.016053,0.001264,-0.003389,-0.018796,-0.037925,0.022292,-0.001380,-0.042836,0.022911,-0.001047
100.979325,0.000219,-0.010584,-0.019492,0.003498,-0.011396,-0.027940,-0.056260,0.026278,0.014967,-0.053329,0.023855,0.021338
101.033732,0.000739,-0.005220,-0.022061,0.000071,-0.008087,-0.026907,-0.078285,0.035769,0.048124,-0.069187,0.032598,0.064181
101.088139,0.007632,-0.008502,-0.034929,0.008385,-0.013071,-0.033544,-0.071969,0.033524,0.048829,-0.049125,0.025655,0.053188
101.142546,-0.002117,-0.000951,-0.038370,-0.002779,-0.003820,-0.038854,-0.031899,0.017620,0.052889,-0.039892,0.022215,0.049091
101.196953,-0.003263,-0.009557,-0.055092,-0.007956,-0.006498,-0.046693,-0.089382,0.041168,0.059815,-0.112454,0.049895,0.045814
101.251360,-0.004693,-0.011248,-0.059765,-0.005616,-0.008998,-0.050269,-0.079336,0.035785,0.056289,-0.086599,0.037031,0.032405
101.305767,-0.001001,-0.014775,-0.058599,0.000489,-0.013022,-0.052234,-0.112985,0.048631,0.061790,-0.110331,0.048162,0.032465
101.360174,-0.004705,-0.009598,-0.052400,-0.002307,-0.011855,-0.046012,-0.112256,0.050648,0.063234,-0.106305,0.046880,0.050168
101.414581,-0.005225,-0.003467,-0.041482,-0.005302,0.000129,-0.026079,-0.091412,0.040932,0.028437,-0.082385,0.037415,0.038531
101.468988,-0.009585,-0.004793,-0.040338,-0.002016,-0.008354,-0.031281,-0.106344,0.045663,0.044615,-0.080588,0.036134,0.055317
101.523395,-0.000097,-0.011800,-0.036120,0.002183,-0.009856,-0.031138,-0.096839,0.041581,0.028501,-0.051756,0.024883,0.028235
101.577802,0.007130,-0.008138,-0.027185,0.006131,-0.006200,-0.028012,-0.113850,0.049333,0.041112,-0.145760,0.062882,0.046784
101.632209,0.007361,-0.009717,-0.022117,0.005977,-0.010972,-0.028227,-4.459361,1.601174,0.061428,-6.196960,2.219997,0.061623
101.686616,0.000515,-0.008309,-0.017688,0.000179,-0.012629,-0.028400,-4.433619,1.591127,0.067969,-4.962580,1.780470,0.064997
101.741023,0.011036,-0.010030,-0.019036,0.012174,-0.013950,-0.028833,-4.508619,1.618541,0.068180,-4.093105,1.471106,0.076489
101.795430,0.011788,-0.021159,-0.031953,0.007337,-0.017127,-0.030419,-4.557646,1.638500,0.139098,-3.340462,1.204738,0.158873
101.849837,0.008475,-0.018420,-0.034887,0.003456,-0.018325,-0.038860,-4.553433,1.636901,0.135891,-2.681152,0.967753,0.147101
101.904244,0.010370,-0.017274,-0.041226,0.009214,-0.016228,-0.046076,-4.567344,1.649950,0.172573,-2.151683,0.788447,0.153017
101.958651,-0.002028,-0.012606,-0.049716,-0.005602,-0.004762,-0.051848,-4.505495,1.625234,0.178844,-1.739112,0.639131,0.155388
102.013058,-0.007956,-0.007537,-0.055935,-0.011708,-0.002724,-0.056004,-0.172716,0.078993,0.175543,-1.405751,0.516258,0.143886
102.067465,-0.004986,-0.008691,-0.055989,-0.009811,-0.007648,-0.050697,-0.151358,0.065808,0.187884,-1.099711,0.399020,0.148084
102.121872,-0.019640,-0.005911,-0.056657,-0.016335,-0.006072,-0.047605,-0.086644,0.043405,0.206163,-0.912212,0.334581,0.168551
102.176279,-0.013341,-0.004215,-0.061496,-0.006651,-0.008450,-0.052211,-0.038422,0.024710,0.143705,-0.728237,0.269346,0.145080
102.230686,-0.007494,-0.003949,-0.060730,0.000451,-0.011011,-0.055222,-0.060765,0.035803,0.143400,-0.622652,0.234969,0.135639
102.285092,-0.014839,-0.002656,-0.048850,-0.003473,-0.008567,-0.042533,-0.044390,0.022502,0.102640,-0.481958,0.183600,0.086784
102.339499,0.001909,-0.011302,-0.036379,0.007696,-0.010738,-0.031555,-0.061878,0.029526,0.125529,-0.427815,0.165087,0.134446
102.393906,0.007538,-0.012857,-0.031812,0.006811,-0.009682,-0.033375,0.142908,-0.048223,0.147321,-0.070012,0.028173,0.157641
102.448313,0.018019,-0.017739,-0.039965,0.019678,-0.020050,-0.044008,0.120810,-0.035616,0.129939,-0.062058,0.026203,0.134753
102.502720,0.020848,-0.020558,-0.036438,0.011218,-0.019940,-0.037316,0.157348,-0.049007,0.084966,-0.030936,0.017579,0.094924
102.557127,0.016516,-0.020740,-0.027960,0.009325,-0.019799,-0.032111,0.147585,-0.047833,0.086547,-0.036885,0.017387,0.088393
102.611534,0.025090,-0.021894,-0.019208,0.025236,-0.021705,-0.026889,0.211116,-0.091205,0.041507,0.019374,-0.027318,0.027234
102.665941,0.022263,-0.025545,-0.021996,0.012398,-0.022233,-0.023770,0.209405,-0.093024,0.036017,0.029268,-0.028776,-0.007627
102.720348,0.012723,-0.020862,-0.025268,0.007036,-0.015116,-0.021125,0.227760,-0.091398,-0.019624,0.006862,-0.002537,-0.018980
102.774755,0.014721,-0.023023,-0.020317,0.009080,-0.016210,-0.018100,0.036504,-0.020769,-0.066933,0.009971,-0.007045,-0.031333
102.829162,0.005914,-0.013662,-0.011733,0.009163,-0.012165,-0.019770,0.047844,-0.057376,-0.123935,0.017804,-0.053221,-0.096229
102.883569,0.011115,-0.016949,-0.011083,0.010088,-0.018235,-0.017016,0.032766,-0.053931,-0.110979,0.011845,-0.041137,-0.071723
102.937976,0.012481,-0.019566,-0.022212,0.010334,-0.022098,-0.031451,0.021113,-0.048837,-0.088222,-0.018975,-0.022454,-0.013064
102.992383,0.002100,-0.018255,-0.026433,0.011509,-0.021709,-0.032271,-0.011088,-0.018511,-0.049978,-0.011378,-0.016736,-0.000391
103.046790,0.008682,-0.014688,-0.028562,0.010631,-0.017243,-0.031056,-0.047740,-0.002970,0.015936,-0.046647,0.001447,0.062553
103.101197,0.012590,-0.025807,-0.032134,0.011094,-0.026690,-0.031955,-0.029490,-0.018174,0.029559,-0.028321,0.000356,0.056236
103.155604,0.012667,-0.025497,-0.029270,0.012434,-0.025035,-0.022754,-0.029843,-0.016148,0.048280,-0.018669,-0.001894,0.055049
103.210011,0.006899,-0.025755,-0.030343,0.003771,-0.019587,-0.024996,-0.709709,0.499941,0.106296,-0.956921,0.673424,0.054099
103.264418,-0.000219,-0.021040,-0.034338,-0.004191,-0.017571,-0.026789,-0.696559,0.501200,0.094016,-0.749525,0.541941,0.031349
103.318825,-0.002768,-0.015492,-0.013180,-0.004658,-0.013800,-0.009648,-0.715767,0.513928,0.066788,-0.654962,0.461828,0.031273
103.373232,-0.007306,-0.009501,-0.012672,-0.006838,-0.006683,-0.014119,-0.740508,0.520234,0.097272,-0.554804,0.379519,0.077756
103.427639,-0.010951,-0.011354,-0.008832,-0.009149,-0.007816,-0.011157,-0.708531,0.510119,0.052527,-0.436621,0.304290,0.062427
103.482046,-0.015091,-0.003418,-0.008857,-0.010526,-0.008039,-0.016072,-0.740929,0.524304,0.097475,-0.385657,0.262489,0.119063
103.536453,-0.018854,-0.006323,-0.012483,-0.010130,-0.014182,-0.015123,-0.740867,0.525661,0.091549,-0.304451,0.209712,0.097014
103.590860,-0.014770,-0.006519,-0.009772,-0.008563,-0.011177,-0.015095,-0.098681,0.057861,0.136676,-0.286487,0.187789,0.150849
103.645267,-0.007847,-0.010891,-0.007060,-0.004367,-0.016965,-0.015073,-0.106808,0.054088,0.140843,-0.224554,0.148151,0.114583
103.699674,-0.010369,-0.011959,-0.014726,-0.008328,-0.014810,-0.011007,-0.073913,0.036313,0.146295,-0.188933,0.121910,0.105493
103.754081,-0.007034,-0.016409,-0.009992,-0.005106,-0.013722,-0.008578,-0.054631,0.030715,0.114281,-0.154986,0.099748,0.092312
103.808487,-0.002921,-0.010563,-0.008612,-0.002005,-0.005262,-0.004794,-0.073836,0.037181,0.119778,-0.143654,0.089526,0.081768
103.862894,0.000862,-0.013730,-0.005904,0.000486,-0.010430,-0.007188,-0.055987,0.027775,0.086549,-0.126295,0.077509,0.088015
103.917301,0.001150,-0.008470,-0.004122,-0.000918,-0.008730,-0.005523,-0.049153,0.021341,0.077023,-0.087394,0.052721,0.058839
103.971708,0.002789,-0.014461,-0.001819,0.001102,-0.015203,-0.004191,-0.045020,0.018074,0.034586,-0.107055,0.057622,0.060898
104.026115,0.005362,-0.008004,-0.002074,0.006967,-0.011146,-0.006706,-0.035040,0.016938,0.055084,-0.067037,0.042427,0.071318
104.080522,0.008332,-0.011682,-0.001461,0.004897,-0.015304,-0.003454,-0.046297,0.022534,0.083849,-0.078678,0.045165,0.111153
104.134929,0.009692,-0.010203,-0.011460,0.007378,-0.012046,-0.016535,-0.042701,0.020922,0.076880,-0.061748,0.036094,0.087084
104.189336,0.002972,-0.009654,-0.017800,-0.001426,-0.003154,-0.020035,-0.029277,0.015419,0.074505,-0.050269,0.030899,0.074260
104.243743,-0.002496,-0.007019,-0.017728,-0.006705,-0.005054,-0.019281,-0.018542,0.011574,0.059308,-0.036559,0.025225,0.060733
104.298150,-0.003256,-0.009443,-0.033481,-0.007735,-0.007822,-0.037251,-0.025556,0.018109,0.067048,-0.025425,0.020043,0.047849
104.352557,-0.004991,-0.002119,-0.037831,-0.006781,-0.004223,-0.035664,-0.004543,0.010156,0.058119,-0.028061,0.020345,0.039605
104.406964,-0.013639,0.002588,-0.028613,-0.011447,0.004228,-0.018979,-0.020790,0.012620,0.041121,-0.026588,0.016055,0.030487
104.461371,-0.009476,0.010725,-0.027892,-0.004005,0.008386,-0.012263,-0.006877,0.005408,0.003221,-0.026839,0.013972,0.025427
104.515778,-0.011499,0.009264,-0.028729,-0.002576,0.004860,-0.024754,-0.013846,0.008007,0.005274,-0.030034,0.014778,0.021379
104.570185,-0.014049,0.002484,-0.019099,-0.012960,0.000880,-0.013128,-0.022253,0.011329,0.002735,-0.036667,0.018497,0.018141
104.624592,-0.008548,0.003202,-0.020011,-0.008231,-0.000822,-0.015032,-0.011110,0.005448,0.011749,-0.010078,0.007068,0.028458
104.678999,-0.008582,0.006287,-0.007075,-0.009002,-0.000118,-0.015742,-0.042928,0.016811,0.013017,-0.048786,0.021428,0.023804
104.733406,-0.012063,0.006557,-0.000095,-0.012669,0.002319,-0.008685,-0.041776,0.016506,0.029493,-0.045137,0.021026,0.043436
104.787813,-0.011896,0.001713,-0.011992,-0.015923,0.002679,-0.014050,-0.043480,0.018834,0.038052,-0.042634,0.019858,0.045534
104.842220,-0.015092,-0.001332,-0.013289,-0.012060,0.002885,-0.010138,-0.047502,0.020734,0.048983,-0.045307,0.019673,0.052768
104.896627,-0.014830,-0.000509,-0.004926,-0.008654,0.001611,-0.011345,-0.011888,0.013840,0.067761,0.005051,0.009689,0.069541
104.951034,-0.001764,0.003028,-0.012005,0.000470,0.003232,-0.012311,-0.006656,0.011539,0.080836,-0.001275,0.011203,0.074975
105.005441,-0.004585,0.003205,-0.013745,-0.001437,0.001308,-0.016815,-0.038402,0.022264,0.095333,-0.026207,0.016250,0.094221
105.059848,-0.003676,0.005385,-0.006325,-0.002293,0.004637,-0.006780,-0.011271,0.012023,0.098783,-0.023707,0.014435,0.081244
105.114255,-0.003471,0.001232,-0.014880,-0.007016,0.000309,-0.013492,-0.036689,0.022813,0.095176,-0.060658,0.030538,0.084338
105.168662,-0.004851,0.001392,-0.003150,-0.013332,0.001295,-0.001474,-0.037444,0.027701,0.098118,-0.056109,0.034309,0.082375
105.223069,-0.004319,-0.001464,-0.005316,-0.009243,-0.002220,-0.003109,-0.029549,0.026115,0.091202,-0.045032,0.029015,0.072558
105.277476,-0.001804,-0.006461,-0.014757,-0.002878,-0.009468,-0.018940,-0.084273,0.042111,0.082329,-0.071344,0.039557,0.072951
105.331882,-0.005866,-0.009612,-0.017131,-0.000596,-0.010044,-0.021709,-0.081444,0.040086,0.070452,-0.058430,0.032263,0.061075
105.386289,-0.006147,-0.008694,-0.014313,-0.002684,-0.008027,-0.020390,-0.061390,0.034535,0.046082,-0.043856,0.025326,0.048984
105.440696,-0.005233,-0.011376,-0.019064,-0.002012,-0.006586,-0.016292,-0.065583,0.036388,0.053639,-0.043696,0.024289,0.055634
105.495103,0.005804,-0.008636,-0.015673,0.008663,-0.004833,-0.016353,-0.031102,0.022470,0.044578,-0.028375,0.018937,0.051164
105.549510,0.016037,-0.011204,-0.024700,0.013536,-0.006413,-0.016401,-0.030998,0.017003,0.044867,-0.030137,0.017374,0.056241
105.603917,0.009942,-0.010660,-0.032305,0.003718,-0.007625,-0.025698,-0.021437,0.013223,0.031465,-0.010869,0.010174,0.032887
105.658324,0.010810,-0.005679,-0.020411,0.008707,-0.006819,-0.020359,0.006000,-0.006414,0.021322,-0.005603,-0.003008,0.027015
105.712731,0.006721,-0.004113,-0.017881,0.002947,-0.005732,-0.019303,0.036918,-0.015305,0.011331,0.037449,-0.014235,0.010338
105.767138,0.012899,-0.004817,-0.022335,0.008800,-0.005564,-0.024700,0.029537,-0.014707,0.003189,0.022514,-0.011035,-0.003004
105.821545,0.018884,-0.004000,-0.022101,0.015554,-0.003471,-0.019412,0.037182,-0.015323,-0.000392,0.020102,-0.005662,0.009029
105.875952,0.003558,-0.005980,-0.021884,0.001259,-0.005114,-0.018545,0.032429,-0.014594,-0.002583,0.016010,-0.004004,0.010815
105.930359,-0.007870,-0.000032,-0.025344,-0.008386,0.001690,-0.023000,0.023814,-0.009479,-0.010952,-0.006690,0.006183,0.012243
105.984766,-0.011741,0.001971,-0.030526,-0.019239,0.001661,-0.038230,0.024381,-0.008120,-0.008584,0.008682,0.003124,0.001005
106.039173,-0.012620,-0.002861,-0.041985,-0.010889,-0.006154,-0.046428,0.015128,0.002445,0.004630,-0.002917,0.006142,0.020010
106.093580,-0.017808,-0.001619,-0.036852,-0.019993,-0.003462,-0.032972,-0.013513,0.010494,0.009736,-0.000499,0.004354,0.011881
106.147987,-0.024785,0.000282,-0.041557,-0.019320,-0.001086,-0.042222,-0.022026,0.017947,0.043061,-0.019762,0.014270,0.044885
106.202394,-0.039249,0.003046,-0.038192,-0.027192,0.003980,-0.028719,-0.039265,0.021027,0.059079,-0.037855,0.018894,0.069766
106.256801,-0.031542,0.002156,-0.043118,-0.022147,-0.000399,-0.032888,-0.037209,0.020271,0.054159,-0.027476,0.014582,0.052516
106.311208,-0.021416,-0.004970,-0.040900,-0.012936,-0.004514,-0.031367,-0.034937,0.020312,0.072741,-0.038299,0.021110,0.071619
106.365615,-0.014956,-0.003735,-0.023501,-0.013835,-0.001573,-0.020566,-0.033186,0.017678,0.100167,-0.014153,0.011377,0.086902
106.420022,-0.019862,-0.003884,-0.022101,-0.013433,-0.008951,-0.030337,-0.046209,0.021754,0.107596,-0.039417,0.018451,0.099128
106.474429,-0.011270,-0.006383,-0.026302,-0.010000,-0.009198,-0.025981,-0.033385,0.017490,0.131691,-0.011746,0.008232,0.108909
106.528836,-0.007128,-0.007595,-0.021545,-0.005528,-0.007371,-0.029969,-0.015537,0.010310,0.108753,-0.003772,0.007321,0.090395
106.583243,0.002340,-0.007873,-0.024379,-0.002901,-0.001437,-0.022884,-0.011961,0.011656,0.106080,-0.020057,0.015219,0.102431
106.637650,0.005528,-0.008987,-0.027559,0.001748,-0.006292,-0.032672,-0.017599,0.011555,0.107139,-0.021131,0.011500,0.080130
106.692057,-0.001688,-0.002215,-0.030507,-0.003923,0.000252,-0.035322,-0.008027,0.006835,0.091856,-0.019822,0.012037,0.072315
106.746464,-0.003081,-0.000291,-0.023122,-0.008573,0.004934,-0.013391,-0.025908,0.013809,0.082905,-0.024405,0.013882,0.074927
106.800871,-0.002043,0.007371,-0.021157,-0.007772,0.006981,-0.021846,-0.023830,0.016255,0.067623,-0.044709,0.023880,0.068153
106.855277,-0.001383,0.001954,-0.029219,-0.004547,-0.004037,-0.030474,-0.052624,0.028110,0.075282,-0.056292,0.029172,0.094852
106.909684,-0.013317,0.007997,-0.030611,-0.017872,0.005219,-0.035513,-0.053674,0.025899,0.065460,-0.040879,0.020977,0.065398
106.964091,-0.006963,0.006302,-0.018614,-0.003882,0.006262,-0.010523,-0.047845,0.022937,0.065645,-0.041581,0.021998,0.082693
107.018498,-0.011707,0.012700,-0.005074,-0.005677,0.008824,-0.003827,-0.063355,0.033491,0.102953,-0.060064,0.031699,0.116571
107.072905,-0.008561,0.008111,0.001824,-0.005459,0.005920,-0.002589,-0.077092,0.037797,0.120083,-0.070200,0.034224,0.125450
107.127312,-0.006297,0.001304,-0.005515,-0.006632,-0.000061,0.002520,-0.075957,0.035591,0.114871,-0.063119,0.028543,0.110138
107.181719,-0.010289,0.000489,0.006817,-0.011809,0.001844,0.008149,-0.046934,0.024265,0.104922,-0.035048,0.019753,0.082393
107.236126,-0.014458,0.007550,0.020287,-0.013613,0.001739,0.012379,-0.036780,0.018036,0.081166,-0.034347,0.017149,0.072986
107.290533,-0.007086,-0.003033,0.031519,-0.014803,-0.004977,0.014495,-0.025544,0.014765,0.072500,-0.007593,0.006780,0.035773
107.344940,-0.014179,-0.001656,0.019273,-0.011358,0.000034,0.012338,-0.038695,0.018166,0.080773,-0.033364,0.015401,0.070575
107.399347,-0.012735,-0.002025,0.025202,-0.009637,0.003325,0.022763,-0.025300,0.010927,0.057160,-0.034737,0.016286,0.073818
107.453754,-0.016437,-0.003170,0.022001,-0.013808,-0.000083,0.014201,-0.024742,0.012499,0.063208,-0.049158,0.024096,0.099715
107.508161,-0.012087,0.000154,0.020782,-0.007222,-0.000209,0.014246,-0.027145,0.015509,0.068487,-0.049649,0.024654,0.096940
107.562568,-0.006310,-0.002661,0.013542,-0.004194,-0.002216,0.007393,-0.035685,0.015976,0.066251,-0.036229,0.017295,0.068704
107.616975,-0.005487,0.002591,0.016903,-0.006367,0.005844,0.016480,-0.030623,0.015280,0.064522,-0.028203,0.014209,0.059615
107.671382,-0.005109,0.003052,0.005215,-0.008479,-0.001047,0.001412,-0.024609,0.010289,0.092939,0.005741,-0.002559,0.064860
107.725789,-0.000440,0.008231,0.001825,0.000240,0.010428,-0.002874,-0.011662,0.006063,0.076642,-0.004570,0.002013,0.071028
107.780196,-0.002976,0.001935,-0.009830,-0.003911,0.002826,-0.005723,-0.009832,0.005716,0.074159,-0.009141,0.005090,0.070704
107.834603,0.005751,-0.000899,-0.000455,0.002990,-0.004450,0.004537,-0.006032,0.003339,0.066900,-0.023361,0.011811,0.087061
107.889010,0.003325,0.003844,0.003653,0.002821,0.002937,0.012267,-0.018566,0.008813,0.064552,-0.046558,0.022490,0.083531
107.943417,0.001084,0.000617,0.000464,0.000704,-0.004216,0.001344,-0.027144,0.014779,0.086127,-0.045766,0.023916,0.088181
107.997824,-0.002168,-0.003364,-0.009216,-0.007003,-0.001329,-0.001911,-0.030951,0.015853,0.088684,-0.041163,0.021009,0.078776
108.052231,0.004722,-0.000603,0.005452,0.000660,-0.002920,0.007234,-0.059180,0.029685,0.092715,-0.044148,0.022247,0.085833
108.106638,-0.000109,-0.012567,0.014481,0.000788,-0.007821,0.014424,-0.077810,0.038572,0.095338,-0.070562,0.034298,0.091479
108.161045,-0.001857,-0.008786,0.009768,-0.005920,-0.006479,0.001518,-0.075561,0.038820,0.090443,-0.058786,0.031265,0.080211
108.215452,0.000475,-0.002504,-0.002673,0.004647,-0.003101,-0.007088,-0.073889,0.036435,0.081484,-0.060737,0.029413,0.082124
108.269859,-0.001042,-0.009966,-0.013667,0.002023,-0.006430,-0.012425,-0.066836,0.033283,0.094711,-0.066584,0.032158,0.098100
108.324266,0.002616,-0.008747,-0.017355,0.005186,-0.010003,-0.023573,-0.073220,0.035672,0.102630,-0.070725,0.034995,0.110922
108.378672,0.016035,-0.008552,-0.019258,0.015369,-0.005686,-0.024508,-0.068565,0.033813,0.097632,-0.054613,0.027269,0.089972
108.433079,0.015448,-0.008156,-0.031121,0.017736,-0.005851,-0.027452,-0.073647,0.036815,0.108024,-0.062023,0.031458,0.109339
108.487486,0.016659,-0.006985,-0.042115,0.016145,-0.008527,-0.028716,-0.069760,0.035102,0.114873,-0.079420,0.039269,0.119872
108.541893,0.024935,-0.018631,-0.039781,0.017952,-0.023347,-0.029727,-0.090850,0.042600,0.133026,-0.095398,0.045739,0.128339
108.596300,0.016553,-0.019264,-0.034433,0.012010,-0.017482,-0.024597,-0.079619,0.039343,0.120923,-0.074304,0.036432,0.103683
108.650707,0.018616,-0.020503,-0.040329,0.010801,-0.019669,-0.034686,-0.072146,0.036628,0.111968,-0.066976,0.033973,0.102809
108.705114,0.015230,-0.020855,-0.035333,0.007468,-0.021087,-0.034388,-0.072368,0.035902,0.110135,-0.071348,0.035431,0.112123
108.759521,0.007589,-0.027424,-0.040084,0.006497,-0.023749,-0.039811,-0.079747,0.040554,0.125089,-0.065443,0.034131,0.111870
108.813928,0.002239,-0.010242,-0.043267,0.003148,0.003753,-0.044150,-0.074272,0.034973,0.105855,-0.063022,0.029134,0.099929
108.868335,-0.000057,0.000998,-0.043184,0.001260,0.014892,-0.041959,-0.053418,0.026169,0.084945,-0.051023,0.025084,0.083070
108.922742,-0.006141,0.010751,-0.045441,-0.002473,0.009043,-0.043481,-0.033322,0.018220,0.070120,-0.044547,0.023262,0.078143
108.977149,-0.001323,0.011113,-0.038858,0.002415,0.008936,-0.026384,-0.047073,0.023815,0.092717,-0.052874,0.026284,0.095161
109.031556,-0.006368,0.009739,-0.039842,-0.003938,-0.000458,-0.037493,-0.045842,0.022099,0.084482,-0.048108,0.023453,0.084463
109.085963,-0.003009,0.013202,-0.034919,0.000379,-0.000870,-0.029742,-0.036346,0.019633,0.070594,-0.042959,0.023562,0.078004
109.140370,-0.006923,0.010276,-0.034825,-0.004653,-0.011672,-0.035961,-0.031915,0.017963,0.060778,-0.036528,0.022297,0.070831
109.194777,-0.007418,-0.005439,-0.026590,-0.006465,-0.008587,-0.029542,-0.031091,0.020783,0.066523,-0.038737,0.023615,0.075141
109.249184,-0.007052,-0.014552,-0.028463,-0.005918,-0.007738,-0.032895,-0.032329,0.021603,0.070673,-0.033329,0.021816,0.069050
109.303591,-0.013342,-0.017188,-0.033236,-0.017021,-0.012751,-0.042912,-0.028036,0.019660,0.068709,-0.024381,0.017928,0.064177
109.357998,-0.012265,-0.021547,-0.047204,-0.007715,-0.014602,-0.045484,-0.020978,0.017624,0.056093,-0.026860,0.019166,0.066325
109.412405,-0.008754,-0.014270,-0.043468,-0.007128,-0.009101,-0.047542,-0.037604,0.025526,0.056523,-0.050573,0.028821,0.061997
109.466812,-0.011399,-0.016405,-0.050234,-0.005875,-0.010773,-0.047253,-0.035337,0.023890,0.056418,-0.041757,0.025566,0.059884
109.521219,-0.013070,-0.007188,-0.047981,-0.011996,-0.006690,-0.046816,-0.043237,0.027085,0.066176,-0.046628,0.028375,0.069997
109.575626,-0.019143,0.001210,-0.054014,-0.020842,0.007156,-0.046673,-0.047972,0.028420,0.074034,-0.053444,0.030346,0.085475
109.630033,-0.013909,0.000685,-0.051665,-0.010092,0.004121,-0.043311,-0.048445,0.027725,0.072700,-0.045758,0.026227,0.075449
109.684440,-0.006999,0.003950,-0.047573,-0.010686,0.001307,-0.045516,-0.050608,0.028586,0.071595,-0.037352,0.022663,0.067748
109.738847,-0.011684,0.007801,-0.042742,-0.009206,0.002036,-0.040804,-0.050775,0.029438,0.072943,-0.037471,0.024146,0.071070
109.793254,-0.007178,0.004584,-0.039061,-0.002012,-0.000294,-0.038644,-0.026243,0.018905,0.063036,-0.024716,0.018059,0.051923
109.847661,-0.009563,0.006559,-0.037676,-0.005121,-0.000963,-0.038197,-0.034553,0.020998,0.070509,-0.032706,0.019886,0.062288
109.902067,-0.010891,0.005542,-0.035524,-0.013252,-0.000266,-0.036559,-0.034716,0.019993,0.071870,-0.039614,0.022425,0.073825
109.956474,0.002696,-0.000202,-0.033226,-0.002825,0.004253,-0.035248,-0.024648,0.013672,0.050752,-0.033738,0.016737,0.058973
110.010881,-0.005852,0.002638,-0.031152,-0.007646,0.005775,-0.031268,-0.023274,0.013958,0.052024,-0.028071,0.015740,0.056028
110.065288,-0.004305,0.005549,-0.023031,-0.006564,0.006707,-0.024513,-0.030157,0.015818,0.058199,-0.032839,0.016877,0.060856
110.119695,-0.009978,0.001495,-0.019999,-0.013849,0.000680,-0.019757,-0.032741,0.015660,0.061034,-0.037477,0.019297,0.069525
110.174102,-0.012287,-0.000471,-0.018692,-0.008960,-0.004132,-0.019976,-0.039538,0.017586,0.065808,-0.034237,0.016876,0.057371
110.228509,-0.009331,-0.001013,-0.016117,-0.006541,-0.004792,-0.019658,-0.034408,0.015996,0.060513,-0.033140,0.016713,0.059232
110.282916,-0.002695,-0.002603,-0.014457,-0.005098,-0.005556,-0.019403,-0.027687,0.013267,0.051513,-0.030552,0.016066,0.058782
110.337323,-0.012645,-0.010594,-0.012796,-0.010232,-0.011166,-0.019199,-0.038190,0.020990,0.061101,-0.041193,0.022462,0.060361
110.391730,-0.005358,-0.010827,-0.012454,-0.003369,-0.006886,-0.017948,-0.046758,0.027235,0.065223,-0.046030,0.029063,0.062909
110.446137,-0.010973,-0.012205,-0.015438,-0.011004,-0.005351,-0.018035,-0.050994,0.029859,0.063296,-0.053137,0.031209,0.063663
110.500544,-0.005500,-0.008639,-0.023413,-0.009739,-0.003973,-0.025740,-0.046517,0.027569,0.054383,-0.047448,0.027556,0.059293
110.554951,-0.011682,-0.007011,-0.026275,-0.014326,-0.005576,-0.028770,-0.054669,0.032402,0.074955,-0.053627,0.030250,0.077986
110.609358,-0.001660,-0.003497,-0.030394,0.003197,-0.001027,-0.032459,-0.042464,0.027264,0.087252,-0.031564,0.020219,0.092940
110.663765,-0.003393,-0.001743,-0.033610,0.000266,-0.000088,-0.034146,-0.036136,0.024615,0.079786,-0.020432,0.015161,0.075296
110.718172,0.002207,0.000941,-0.033257,0.001899,-0.003035,-0.030499,-0.032687,0.021872,0.084106,-0.028269,0.017899,0.079620
110.772579,-0.000416,-0.002767,-0.036711,0.002664,-0.005573,-0.031825,-0.026393,0.015679,0.081969,-0.026879,0.016742,0.075324
110.826986,-0.003535,-0.001599,-0.036464,-0.010544,-0.002664,-0.028790,-0.015070,0.011638,0.077103,-0.021964,0.015694,0.066783
110.881393,-0.003638,-0.001386,-0.030657,-0.009517,-0.001527,-0.026214,-0.015703,0.016294,0.075790,-0.023396,0.021664,0.059950
110.935800,0.002995,-0.004488,-0.027195,-0.004861,-0.007961,-0.024302,-0.014970,0.014242,0.067333,-0.033358,0.022662,0.066672
110.990207,-0.011744,-0.002256,-0.019649,-0.009866,0.000189,-0.018321,-0.043737,0.026651,0.058876,-0.055623,0.031522,0.072049
111.044614,-0.011362,0.000731,-0.003769,-0.009649,0.005067,-0.000602,-0.050020,0.028779,0.062389,-0.048476,0.027183,0.063501
111.099021,-0.014114,-0.000090,-0.010443,-0.009886,-0.000060,-0.013009,-0.043005,0.026730,0.057414,-0.040883,0.024647,0.063220
111.153428,-0.015245,0.004370,0.001447,-0.008347,0.003050,-0.001186,-0.046114,0.027522,0.056459,-0.041322,0.023251,0.060867
111.207835,0.004280,0.000741,-0.000923,0.007983,-0.000846,-0.007598,-0.042575,0.024877,0.047853,-0.028564,0.017197,0.043169
111.262242,0.001670,-0.002750,-0.004421,0.001650,-0.004959,-0.014157,-0.040922,0.019943,0.047092,-0.026363,0.015959,0.039994
111.316649,0.001801,-0.002488,-0.016055,0.004255,-0.010340,-0.030944,-0.032674,0.017144,0.037042,-0.024184,0.014179,0.036636
111.371055,0.008412,-0.007601,-0.017175,0.006683,-0.008872,-0.025203,-0.010468,0.007292,0.022650,-0.017195,0.010943,0.027872
111.425462,0.012328,-0.011095,-0.027237,0.009072,-0.007074,-0.020195,-0.011814,0.008816,0.021310,-0.019618,0.012854,0.026283
111.479869,0.011146,-0.007864,-0.023039,0.003436,-0.005249,-0.022805,-0.012957,0.009518,0.015286,-0.019398,0.014167,0.025013
111.534276,0.007330,-0.014037,-0.038530,-0.003030,-0.009743,-0.030711,-0.008291,0.007608,0.009965,-0.017601,0.012192,0.022852
111.588683,-0.003141,-0.011690,-0.033781,-0.002424,-0.007795,-0.024569,-0.026926,0.016097,0.016758,-0.035675,0.020234,0.022267
111.643090,-0.011244,-0.014301,-0.028330,-0.018020,-0.014174,-0.020103,-0.023878,0.013979,0.010946,-0.027786,0.015423,0.015135
111.697497,-0.015420,-0.011794,-0.020690,-0.017327,-0.014203,-0.025005,-0.029283,0.016882,0.018184,-0.032889,0.017815,0.026882
111.751904,-0.013836,-0.014009,-0.029275,-0.008366,-0.015063,-0.032471,-0.051548,0.025706,0.046355,-0.055330,0.026207,0.059508
111.806311,-0.011433,-0.014089,-0.032986,0.000397,-0.012138,-0.031204,-0.048428,0.024345,0.049734,-0.045758,0.023158,0.056323
111.860718,-0.014726,-0.021146,-0.027341,-0.008113,-0.019180,-0.023709,-0.052258,0.024802,0.057783,-0.045672,0.023051,0.060313
111.915125,-0.014697,-0.020698,-0.020798,-0.012229,-0.020261,-0.022273,-0.055278,0.027251,0.066123,-0.042847,0.022728,0.062768
111.969532,-0.018915,-0.022653,-0.026417,-0.015689,-0.018946,-0.025686,-0.047932,0.023887,0.073830,-0.045589,0.023953,0.064989
112.023939,-0.008550,-0.019441,-0.035839,-0.014121,-0.018598,-0.034186,-0.046967,0.023601,0.086639,-0.034365,0.017998,0.067246
112.078346,-0.007606,-0.016790,-0.033200,-0.012886,-0.014031,-0.032577,-0.043479,0.021812,0.082835,-0.033270,0.017371,0.063245
112.132753,-0.009955,-0.014667,-0.025540,-0.008101,-0.011954,-0.027805,-0.028274,0.016330,0.065377,-0.034348,0.018176,0.064158
112.187160,-0.016632,-0.012542,-0.019272,-0.008738,-0.006675,-0.018697,-0.032128,0.017253,0.067931,-0.034368,0.018026,0.063618
112.241567,-0.009377,-0.008406,-0.017015,-0.005265,-0.009019,-0.010543,-0.046879,0.023142,0.065815,-0.057211,0.027189,0.063186
112.295974,-0.010848,-0.006397,-0.012120,-0.012010,-0.009320,-0.004888,-0.050682,0.023739,0.068581,-0.057403,0.026875,0.068940
112.350381,0.008478,-0.010227,-0.003017,0.011542,-0.015556,0.000967,-0.036705,0.017509,0.067715,-0.037665,0.018548,0.068714
112.404788,0.005731,-0.008788,0.009258,0.003819,-0.013871,0.004321,-0.058200,0.027062,0.066506,-0.058119,0.027047,0.068533
112.459195,0.012143,-0.007387,0.015526,0.010442,-0.008288,0.007004,-0.063545,0.029598,0.075720,-0.059756,0.028161,0.077174
112.513602,0.008156,-0.010018,0.007598,0.004980,-0.011043,-0.007239,-0.073743,0.034237,0.093007,-0.069814,0.033303,0.099503
112.568009,0.008618,-0.013154,0.010658,0.002373,-0.010337,0.002040,-0.090887,0.041314,0.113997,-0.086743,0.040035,0.121280
112.622416,0.009034,-0.012074,0.002388,0.004207,-0.010436,-0.005533,-0.057661,0.027203,0.132191,-0.052594,0.025041,0.134788
112.676823,0.015623,-0.009211,0.006563,0.004792,-0.006445,0.004967,-0.060573,0.029157,0.139472,-0.057787,0.027893,0.136414
112.731230,-0.005935,-0.007380,0.008674,-0.005199,-0.010693,0.011805,-0.068503,0.032556,0.135473,-0.049073,0.024121,0.117094
112.785637,0.001631,-0.001714,0.014981,0.001020,-0.002048,0.021821,-0.067094,0.031335,0.150545,-0.065274,0.029796,0.128339
112.840044,-0.007329,-0.007927,0.018042,-0.004341,-0.007527,0.025289,-0.067122,0.031968,0.148789,-0.065518,0.031246,0.122560
112.894450,-0.006769,-0.006417,0.032816,-0.006063,-0.008322,0.028073,-0.051664,0.025018,0.124715,-0.052784,0.026041,0.102108
112.948857,-0.007564,-0.002710,0.030872,-0.007574,-0.002970,0.027568,-0.035527,0.018804,0.104201,-0.050525,0.025527,0.094645
113.003264,0.000535,0.004170,0.053043,0.007587,0.005090,0.045928,-0.062170,0.030846,0.098510,-0.060921,0.030292,0.105512
113.057671,0.000297,0.003184,0.047286,0.007163,0.004595,0.038077,-0.056988,0.028023,0.086892,-0.057193,0.028142,0.096728
113.112078,0.013683,0.006823,0.045342,0.015440,0.003233,0.035571,-0.065430,0.031626,0.097378,-0.060417,0.029365,0.100026
113.166485,0.010049,0.000567,0.036053,0.012443,0.000335,0.027830,-0.040671,0.022538,0.069177,-0.039687,0.021268,0.075203
113.220892,0.022135,0.006611,0.031412,0.021717,0.002842,0.023598,-0.041657,0.022977,0.073642,-0.046428,0.025038,0.086303
113.275299,0.026266,0.006600,0.020691,0.020567,-0.000042,0.011712,-0.044315,0.024372,0.078254,-0.041234,0.023027,0.079558
113.329706,0.032226,0.005967,0.017413,0.022074,0.002767,0.009889,-0.035709,0.020371,0.067883,-0.029237,0.017515,0.062086
113.384113,0.011185,-0.000038,0.001290,0.001848,0.001273,0.009213,-0.025970,0.015620,0.054882,-0.030256,0.017231,0.061264
113.438520,0.008612,0.000702,-0.000111,-0.001029,0.002577,0.006743,-0.027262,0.016517,0.058307,-0.034469,0.018949,0.066125
113.492927,0.003388,0.002678,-0.007807,0.001571,0.004385,-0.000269,-0.017196,0.012170,0.044823,-0.028145,0.015924,0.056666
113.547334,-0.002211,0.000834,-0.011648,-0.006491,-0.001325,-0.006221,-0.029905,0.017183,0.060511,-0.031663,0.017533,0.062478
113.601741,-0.014535,-0.001697,-0.003363,-0.010684,-0.002030,0.007956,-0.020590,0.010861,0.050122,-0.026968,0.013201,0.061578
113.656148,-0.020024,-0.003660,-0.009576,-0.013037,-0.006687,-0.009500,-0.020690,0.011141,0.046277,-0.025805,0.013949,0.054394
113.710555,-0.030680,0.001947,-0.006562,-0.019729,0.005301,-0.002860,-0.026631,0.015489,0.063640,-0.025211,0.016339,0.066263
113.764962,-0.017528,-0.001591,-0.011267,-0.013181,-0.001652,-0.007573,-0.051895,0.027029,0.059024,-0.062405,0.032446,0.058143
113.819369,-0.014849,0.002940,-0.008533,-0.009302,0.006580,-0.002858,-0.030661,0.015892,0.059046,-0.030461,0.015530,0.063660
113.873776,-0.017194,-0.007195,-0.004133,-0.008330,-0.006602,-0.001790,-0.035686,0.020257,0.075191,-0.031974,0.019299,0.077297
113.928183,-0.013572,-0.001554,0.000055,-0.009341,-0.002218,-0.001574,-0.013793,0.010665,0.043549,-0.004075,0.006805,0.034684
113.982590,-0.013849,-0.001416,-0.009476,-0.013351,-0.002550,-0.001670,-0.006866,0.009345,0.033896,0.004800,0.002770,0.025828
114.036997,-0.010338,0.009269,0.001754,-0.010255,0.007855,-0.001479,-0.006339,0.008486,0.037239,0.000346,0.004402,0.030475
114.091404,-0.007368,0.000682,-0.001277,-0.013346,0.004913,-0.000687,-0.008326,0.007396,0.027085,-0.007072,0.007175,0.032913
114.145811,-0.010079,0.003959,0.002853,-0.011870,0.002625,-0.000053,0.019226,-0.005040,0.029281,-0.009321,0.007704,0.034537
114.200218,-0.009670,-0.004575,0.002528,-0.007681,-0.001945,0.002703,-0.001679,0.005533,0.022896,-0.017261,0.010539,0.035836
114.254625,-0.009343,0.003485,0.001215,-0.006575,-0.002139,0.000821,0.018848,-0.005000,0.010156,0.007325,0.000561,0.037201
114.309032,0.002284,-0.009549,-0.013444,0.008341,-0.016895,-0.020008,0.004458,0.001776,0.035646,0.007217,0.001300,0.038294
114.363439,0.004554,-0.010439,-0.014151,0.003972,-0.015538,-0.017407,0.014195,-0.002922,0.042879,0.027466,-0.008211,0.038842
114.417845,0.003735,-0.021197,-0.012617,0.002457,-0.017597,-0.011920,0.008274,-0.000363,0.048503,0.010189,-0.000801,0.048759
114.472252,0.006738,-0.020851,-0.013769,0.001028,-0.014963,-0.010653,-0.001307,0.005118,0.072770,-0.012610,0.010688,0.081514
114.526659,0.008553,-0.022658,-0.015082,0.002169,-0.015806,-0.009864,-0.004449,0.011131,0.088770,-0.018151,0.018931,0.095819
114.581066,0.009190,-0.021170,-0.017404,0.004443,-0.014607,-0.008397,-0.003742,0.012525,0.098829,-0.023334,0.021472,0.098944
114.635473,0.005603,-0.022483,-0.016807,-0.001897,-0.014107,-0.007224,-0.012461,0.015945,0.108655,-0.009741,0.014096,0.101444
114.689880,-0.005046,-0.005616,0.002583,-0.002826,-0.002855,0.000703,-0.012031,0.014308,0.118481,-0.005833,0.009836,0.103445
114.744287,-0.000313,-0.003239,0.006714,0.001665,-0.000979,0.004944,-0.027654,0.021806,0.116224,-0.004846,0.009115,0.087801
114.798694,-0.007384,-0.000399,0.009526,-0.009288,-0.001972,0.009898,-0.026202,0.021555,0.115206,-0.013628,0.012709,0.086503
114.853101,-0.009563,-0.001789,0.013562,-0.011419,-0.004410,0.012452,-0.005829,0.015285,0.100112,-0.003142,0.012717,0.090576
114.907508,-0.017480,0.006911,0.017758,-0.018873,0.004817,0.014494,-0.006845,0.011064,0.093739,-0.012000,0.014647,0.094147
114.961915,-0.016141,0.004084,0.021954,-0.010516,-0.002066,0.016965,0.001853,0.007359,0.085962,-0.006236,0.012856,0.086719
115.016322,-0.011454,0.010687,0.022186,-0.007302,0.005170,0.013390,0.002699,0.007376,0.081656,0.005123,0.007227,0.085636
115.070729,-0.010382,0.000924,0.018196,-0.005649,-0.001103,0.011608,0.023652,-0.000751,0.077351,0.035391,-0.007037,0.084770
115.125136,-0.012396,-0.004571,0.016622,-0.003413,-0.007270,0.011465,0.008792,0.008119,0.081890,0.007330,0.008035,0.079217
115.179543,-0.002822,-0.006541,0.013933,0.000054,-0.009763,0.011351,0.007669,0.009195,0.086700,-0.005459,0.013352,0.086368
115.233950,0.001416,-0.006514,0.012938,0.001988,-0.010604,0.012219,-0.011691,0.018665,0.110877,-0.023711,0.026488,0.124316
115.288357,0.005551,-0.022478,0.010339,-0.002360,-0.022488,0.010671,-0.005628,0.020211,0.110763,-0.019967,0.027829,0.120980
115.342764,0.000567,-0.004482,0.007144,-0.004282,0.001283,0.009433,-0.010218,0.021588,0.112122,-0.019035,0.025329,0.110088
115.397171,0.001345,-0.016717,-0.011681,-0.001226,-0.009280,-0.018991,-0.039376,0.034027,0.121739,-0.045939,0.034620,0.117796
115.451578,0.003854,-0.014692,-0.016555,0.002723,-0.009827,-0.021120,-0.058926,0.044657,0.127187,-0.032828,0.029760,0.118125
115.505985,-0.002726,-0.012148,-0.030087,-0.005926,-0.010688,-0.033662,-0.050344,0.038887,0.137557,-0.035230,0.029394,0.120419
115.560392,-0.008338,-0.004427,-0.022881,-0.009813,-0.001688,-0.014663,-0.041674,0.034679,0.138196,-0.027369,0.024548,0.120224
115.614799,-0.016005,-0.003620,-0.023507,-0.016640,-0.003014,-0.009468,-0.029454,0.024383,0.103906,-0.024131,0.021030,0.103395
115.669206,-0.018154,0.006904,-0.021885,-0.020270,-0.001681,-0.004407,-0.030211,0.021633,0.095378,-0.021363,0.019613,0.092304
115.723613,-0.018558,-0.005043,-0.018339,-0.019177,0.001202,0.002333,-0.024526,0.020440,0.091668,-0.012192,0.017087,0.081953
115.778020,-0.019926,0.001749,0.001182,-0.015057,0.000164,0.002659,-0.004196,0.012569,0.078078,-0.012002,0.017006,0.076262
115.832427,-0.019918,0.000916,0.007677,-0.008330,-0.003438,0.005294,-0.009761,0.013910,0.065950,-0.013470,0.017545,0.067918
115.886834,-0.012804,-0.002277,0.021270,-0.004809,-0.010048,0.006498,-0.005088,0.010943,0.052155,-0.013202,0.015470,0.060941
115.941240,-0.009936,-0.012091,0.005198,-0.004904,-0.014915,-0.005035,-0.006235,0.010941,0.040884,-0.011353,0.013405,0.056862
115.995647,-0.005257,-0.007861,0.009510,-0.006162,-0.007674,0.004272,-0.004109,0.010531,0.038385,-0.008342,0.011542,0.049207
116.050054,-0.005671,-0.013476,0.005712,-0.012468,-0.013269,0.001266,0.003761,0.008900,0.036255,0.002287,0.009740,0.045972
116.104461,0.007643,-0.023190,-0.021940,0.005704,-0.021669,-0.031840,-0.002474,0.008740,0.035689,-0.002002,0.008964,0.044094
116.158868,0.003510,-0.026534,-0.025815,-0.000938,-0.022813,-0.030104,-0.003715,0.007357,0.031820,-0.005587,0.008572,0.040560
116.213275,-0.007066,-0.022527,-0.024774,-0.011841,-0.016211,-0.019460,0.001750,0.004774,0.028156,-0.000686,0.007181,0.034226
116.267682,-0.007667,-0.023181,-0.023595,-0.008460,-0.021182,-0.011654,0.003924,0.004762,0.026092,0.000068,0.007161,0.031098
116.322089,-0.010373,-0.017481,-0.024372,-0.011612,-0.015842,-0.020645,0.007380,0.005247,0.020658,0.004102,0.007437,0.025379
116.376496,-0.012745,-0.021317,-0.033709,-0.014850,-0.013786,-0.021287,-0.000789,0.007559,0.024869,-0.007415,0.010005,0.029916
116.430903,-0.009493,-0.011918,-0.035652,-0.014866,-0.005000,-0.021901,-0.001367,0.007406,0.019883,0.002220,0.008296,0.023560
116.485310,-0.018528,-0.012909,-0.022701,-0.008862,-0.016441,-0.032243,-0.007055,0.011643,0.015928,-0.010019,0.013741,0.020626
116.539717,-0.021286,-0.009550,-0.020419,-0.016452,-0.013928,-0.027232,-0.001726,0.010770,0.014582,-0.004540,0.011171,0.019901
116.594124,-0.012575,-0.012754,-0.024321,-0.012058,-0.013588,-0.022625,-0.012168,0.014643,0.015740,-0.014468,0.014682,0.019321
116.648531,-0.012103,-0.002482,-0.030525,-0.007972,-0.004703,-0.022872,-0.031297,0.017181,0.019951,-0.037737,0.016716,0.025069
116.702938,-0.028341,0.003106,-0.025654,-0.033955,0.005164,-0.022799,-0.040696,0.021200,0.038086,-0.039302,0.020708,0.045945
116.757345,-0.025715,0.002339,-0.023197,-0.029047,0.001945,-0.019571,-0.042930,0.024189,0.051738,-0.045265,0.024805,0.065481
116.811752,-0.028598,-0.006220,-0.020668,-0.030260,-0.004397,-0.016988,-0.048768,0.024511,0.054473,-0.036233,0.020588,0.055842
116.866159,-0.028314,0.001796,-0.010706,-0.020781,-0.004737,-0.014366,-0.041125,0.023721,0.064660,-0.030081,0.022467,0.060713
116.920566,-0.020430,-0.001458,-0.010630,-0.014950,-0.009120,-0.012824,-0.038890,0.035380,0.077247,-0.017461,0.034475,0.069592
116.974973,-0.024520,-0.000175,-0.014040,-0.016581,-0.007946,-0.015873,-0.036275,0.035997,0.086942,-0.021143,0.034190,0.072647
117.029380,-0.028962,-0.005285,-0.014587,-0.017810,-0.007343,-0.018234,-0.016046,0.034363,0.085102,-0.014758,0.030035,0.065154
117.083787,-0.013227,-0.013068,-0.015325,-0.019796,-0.007844,-0.020124,-0.006117,0.028812,0.078066,-0.007017,0.023591,0.068163
117.138194,-0.010332,-0.010672,-0.013655,-0.013667,-0.005107,-0.015093,-0.008626,0.031128,0.069005,-0.022949,0.030355,0.070570
117.192601,-0.002794,-0.004707,-0.016714,-0.007402,-0.001688,-0.017688,-0.022205,0.040473,0.093468,-0.037391,0.038110,0.094161
117.247008,-0.000215,-0.005155,-0.015467,0.001115,-0.003197,-0.013180,-0.021779,0.037715,0.084379,-0.030412,0.032623,0.078643
117.301415,-0.004255,0.000801,-0.013837,-0.003089,0.000451,-0.009592,-0.021221,0.023983,0.064125,-0.016944,0.023376,0.055580
117.355822,0.004412,-0.000082,-0.009134,0.005042,-0.001526,-0.006704,-0.019298,0.021615,0.061240,-0.018037,0.021994,0.057399
117.410229,0.007049,-0.001878,-0.004461,0.003180,-0.004721,-0.004357,-0.026783,0.022728,0.066043,-0.022752,0.021837,0.059679
117.464635,0.003648,-0.001715,-0.002787,-0.007765,-0.005518,-0.006679,-0.024597,0.021842,0.052901,-0.010353,0.015792,0.045386
117.519042,0.000743,-0.003858,-0.006069,-0.008109,-0.006248,-0.008930,-0.008530,0.013152,0.039347,-0.003124,0.011950,0.033372
117.573449,0.002675,-0.003398,0.003199,-0.000252,-0.001956,0.000217,0.006688,0.005718,0.010731,-0.000226,0.012978,0.024340
117.627856,0.002542,0.002089,0.007433,0.006650,0.004271,0.007071,0.003639,0.007406,0.015619,-0.004948,0.014882,0.029630
117.682263,0.001424,-0.002403,-0.000619,-0.000228,0.000136,-0.004665,-0.013598,0.021392,0.028113,-0.020705,0.028762,0.033862
117.736670,-0.002884,-0.005037,-0.000916,0.001301,-0.005465,-0.003177,-0.014543,0.021416,0.025878,-0.022368,0.026338,0.036895
117.791077,-0.004363,-0.003946,-0.004295,-0.001884,-0.006345,-0.006266,-0.011812,0.022350,0.028270,-0.022394,0.026619,0.046625
117.845484,-0.002220,-0.004291,-0.011675,-0.008817,-0.007300,-0.018538,-0.019305,0.024419,0.032485,-0.020557,0.022515,0.040843
117.899891,-0.002376,0.001897,0.001825,-0.009167,0.000989,0.000482,-0.019561,0.024583,0.034282,-0.011645,0.017558,0.032253
117.954298,-0.006241,-0.000407,-0.003287,-0.006510,0.000608,0.000590,-0.034524,0.028958,0.042970,-0.027991,0.023588,0.035608
118.008705,-0.006969,-0.005059,-0.009738,0.000625,-0.000191,-0.001662,-0.052947,0.045784,0.042719,-0.052952,0.046926,0.038293
118.063112,-0.006984,-0.000252,-0.000976,-0.005069,0.003297,0.000616,-0.039075,0.033897,0.038153,-0.039686,0.037757,0.034401
118.117519,-0.006097,0.004710,0.000814,-0.001331,0.004011,0.003553,-0.043506,0.037247,0.033840,-0.043758,0.038224,0.031287
118.171926,0.002926,0.008422,0.004864,0.008643,0.006431,0.004788,-0.038203,0.032707,0.020479,-0.032082,0.029771,0.023434
118.226333,0.000037,0.012793,0.019185,-0.004440,0.009041,0.010356,-0.041902,0.036083,0.038735,-0.033485,0.029763,0.047849
118.280740,0.000127,0.006327,0.010788,-0.005539,0.005009,0.011840,-0.048010,0.038149,0.043650,-0.030539,0.026249,0.044739
118.335147,-0.000467,0.008148,0.012827,-0.004440,0.006374,0.012532,-0.016630,0.026125,0.041260,0.000827,0.013707,0.042251
118.389554,-0.003462,0.008034,0.016891,-0.001913,0.004262,0.013581,0.005547,0.005915,0.033658,0.001149,0.010727,0.032963
118.443961,-0.001992,0.009188,0.018956,-0.005040,0.008475,0.015701,-0.014704,0.014361,0.030368,-0.024757,0.020623,0.025532
118.498368,-0.001840,0.005587,0.017196,-0.001095,0.003112,0.013158,-0.010799,0.013643,0.060113,-0.026348,0.023511,0.065835
118.552775,-0.012039,0.001082,0.018571,-0.005447,-0.000595,0.014397,-0.007942,0.011052,0.052177,-0.014154,0.014374,0.039961
118.607182,0.000775,-0.000073,0.016675,0.002227,0.001803,0.015388,-0.012016,0.010249,0.034478,-0.024846,0.016321,0.036291
118.661589,-0.003356,0.002674,0.008278,-0.005988,0.003065,0.004110,-0.016701,0.014079,0.053970,-0.030187,0.020857,0.062782
118.715996,0.006350,0.000110,0.003419,0.008789,0.001229,-0.000454,-0.052523,0.028790,0.076550,-0.049043,0.029989,0.088298
118.770403,0.006589,0.004306,0.004279,0.009006,0.006021,0.004395,-0.057307,0.030744,0.082384,-0.045444,0.026489,0.077968
118.824810,0.005544,0.003347,0.007355,0.002231,0.008539,0.012659,-0.036853,0.022233,0.082393,-0.033396,0.021317,0.061549
118.879217,0.003061,0.009819,0.010348,0.001245,0.012224,0.014914,-0.037810,0.019496,0.056299,-0.034598,0.020234,0.058117
118.933624,0.009578,0.010135,0.008006,0.005549,0.007136,0.012523,-0.044025,0.025566,0.071117,-0.029455,0.020250,0.054531
118.988030,0.004957,0.007251,0.003765,0.004555,0.003951,0.007953,-0.046913,0.028414,0.073771,-0.041130,0.025010,0.051663
119.042437,0.011452,0.003152,0.013022,0.004968,-0.000955,0.011121,-0.047305,0.027378,0.055406,-0.043763,0.026357,0.049368
119.096844,-0.000150,0.003621,0.016057,0.001311,-0.001331,0.009404,-0.026550,0.015694,0.022416,-0.030847,0.018031,0.031382
119.151251,0.001268,0.000684,0.015740,0.005008,-0.000139,0.011838,-0.022685,0.014802,0.019782,-0.025476,0.015674,0.028748
119.205658,0.005160,-0.000183,0.013233,0.004481,0.002398,0.015103,-0.023902,0.015040,0.021332,-0.019126,0.012999,0.024342
119.260065,0.005545,-0.004035,0.009814,0.003585,0.001918,0.012082,-0.022302,0.014339,0.019606,-0.020942,0.012597,0.025935
119.314472,0.002293,-0.002147,0.009391,0.002868,0.001535,0.009666,-0.023322,0.012535,0.017316,-0.019958,0.011616,0.025579
119.368879,0.002478,-0.001426,0.011229,0.002669,0.000479,0.008240,-0.014533,0.010121,0.014176,-0.021227,0.014723,0.024106
119.423286,0.001532,0.001514,0.007830,0.002135,0.000384,0.006592,-0.010268,0.007167,0.013446,-0.021871,0.013992,0.026301
119.477693,0.003434,0.001919,0.007468,0.001708,0.000307,0.005274,-0.011215,0.008448,0.023856,-0.014660,0.009932,0.027502
119.532100,0.002777,-0.002552,0.004386,0.004406,-0.005088,0.004219,-0.009760,0.007171,0.025870,-0.010489,0.007406,0.028463
119.586507,0.002438,-0.004344,0.000362,0.003524,-0.004070,0.003375,-0.012833,0.008193,0.028883,-0.011437,0.007816,0.028332
119.640914,0.002438,-0.004344,0.000362,0.002820,-0.003256,0.002700,-0.006230,0.007174,0.023164,-0.005547,0.007024,0.021121
119.695321,0.002438,-0.004344,0.000362,0.002256,-0.002605,0.002160,-0.005208,0.006796,0.021758,-0.006211,0.006629,0.019760
119.749728,0.002171,-0.003810,0.000000,0.001805,-0.002084,0.001728,0.000083,0.002737,0.018305,-0.002823,0.005050,0.014615
119.804135,0.002171,-0.003810,0.000000,0.001444,-0.001667,0.001382,0.003373,0.000920,0.012792,-0.002541,0.003709,0.010990
119.858542,0.002171,-0.003810,0.000000,0.001155,-0.001334,0.001106,0.001071,0.002756,0.007675,-0.002418,0.004276,0.008090
119.912949,0.000000,0.000000,0.000000,0.000924,-0.001067,0.000885,-0.000030,0.003946,0.002559,-0.002238,0.004548,0.005770
119.967356,0.000000,0.000000,0.000000,0.000739,-0.000854,0.000708,0.002494,0.002400,0.000222,-0.001303,0.003365,0.006908
120.021763,0.000000,0.000000,0.000000,0.000591,-0.000683,0.000566,0.000047,0.001789,0.001140,-0.000865,0.002608,0.005266
120.076170,0.000000,0.000000,0.000000,0.000473,-0.000546,0.000453,0.001218,0.001144,-0.000486,-0.000827,0.002193,0.004800
120.130577,0.000000,0.000000,0.000000,0.000378,-0.000437,0.000362,-0.000413,0.001321,0.000120,-0.000798,0.001750,0.003495
120.184984,0.000000,0.000000,0.000000,0.000303,-0.000350,0.000290,-0.000031,0.001269,-0.000695,-0.000386,0.000996,0.000954
120.239391,0.000000,0.000000,0.000000,0.000242,-0.000280,0.000232,0.000851,-0.000140,-0.000439,0.000541,0.000133,0.000419
120.293798,0.000000,0.000000,0.000000,0.000194,-0.000224,0.000186,0.001056,-0.000688,0.000969,0.000416,0.000466,0.001605
120.348205,0.000000,0.000000,0.000000,0.000155,-0.000179,0.000148,0.004224,-0.001795,-0.000914,0.005255,-0.001450,0.000939
120.402612,0.000000,0.000000,0.000000,0.000124,-0.000143,0.000119,0.005677,-0.002093,-0.001520,0.006415,-0.001662,-0.000358
120.457018,0.000000,0.000000,0.000000,0.000099,-0.000115,0.000095,0.007825,-0.002849,-0.003462,0.008005,-0.002282,-0.002418
120.511425,0.000000,0.000000,0.000000,0.000079,-0.000092,0.000076,0.008418,-0.003112,-0.003878,0.007097,-0.002196,-0.002861
120.565832,0.000000,0.000000,0.000000,0.000063,-0.000073,0.000061,0.006525,-0.002056,-0.003354,0.003281,-0.000684,-0.003398
120.620239,0.000000,0.000000,0.000000,0.000051,-0.000059,0.000049,0.006093,-0.001655,-0.003547,0.002870,-0.000650,-0.003333
120.674646,0.000000,0.000000,0.000000,0.000041,-0.000047,0.000039,0.010924,-0.003802,-0.005116,0.009042,-0.003165,-0.003593
120.729053,0.000000,0.000000,0.000000,0.000033,-0.000038,0.000031,0.004278,0.000694,-0.005532,0.002851,0.001939,-0.003801
120.783460,0.000000,0.000000,0.000000,0.000026,-0.000030,0.000025,0.002502,0.001248,-0.004227,0.002006,0.001825,-0.002324
120.837867,0.000000,0.000000,0.000000,0.000021,-0.000024,0.000020,-0.001043,0.002166,-0.002656,-0.000485,0.001794,-0.001791
120.892274,0.001422,-0.001343,0.000000,0.002007,-0.001899,0.000016,-0.002626,0.002976,-0.001946,-0.001912,0.002197,-0.001365
120.946681,0.001422,-0.001343,0.000000,0.001606,-0.001519,0.000013,-0.000240,0.002210,-0.001155,-0.000586,0.001758,-0.001094
121.001088,0.001422,-0.001343,0.000000,0.001285,-0.001215,0.000010,-0.000314,0.002279,-0.000775,-0.000326,0.001400,-0.000957
121.055495,0.001422,-0.001343,0.000000,0.001028,-0.000972,0.000008,-0.004749,0.003976,-0.000358,0.000275,0.000852,-0.001110
121.109902,0.001422,-0.001343,0.000000,0.000822,-0.000778,0.000007,-0.002750,0.001046,0.000303,-0.001364,0.001050,-0.000889
121.164309,0.001422,-0.001343,0.000000,0.000658,-0.000622,0.000005,-0.001953,0.000473,-0.000211,-0.000250,0.000312,-0.000713
121.218716,0.001422,-0.001343,0.000000,0.000526,-0.000498,0.000004,-0.000409,0.000278,-0.000004,-0.000128,0.000310,-0.000213
121.273123,0.000000,0.000000,0.000000,0.000421,-0.000398,0.000003,-0.000238,0.000177,-0.000110,-0.001387,0.000870,-0.000252
121.327530,0.000000,0.000000,0.000000,0.000337,-0.000319,0.000003,-0.002257,0.000394,0.001074,-0.002992,0.000999,0.001455
121.381937,0.000000,0.000000,0.000000,0.000269,-0.000255,0.000002,-0.002221,0.000280,0.001059,-0.002201,0.000634,0.001061
121.436344,0.000000,0.000000,0.000000,0.000216,-0.000204,0.000002,-0.002717,0.000477,0.001550,-0.001920,0.000514,0.001193
121.490751,0.000000,0.000000,0.000000,0.000172,-0.000163,0.000001,-0.001034,-0.000107,0.001807,-0.000764,-0.000037,0.001312
121.545158,0.000000,0.000000,0.000000,0.000138,-0.000131,0.000001,-0.001862,0.000385,0.002074,-0.000928,0.000130,0.001421
121.599565,0.000000,0.000000,0.000000,0.000110,-0.000104,0.000001,-0.000838,-0.000648,0.002064,0.000763,-0.001281,0.001481
121.653972,0.000000,0.000000,0.000000,0.000088,-0.000084,0.000001,0.000867,-0.001936,0.002048,0.001712,-0.002207,0.001082
121.708379,0.000000,0.000000,0.000000,0.000071,-0.000067,0.000001,0.001264,-0.001626,0.002890,0.000043,-0.001027,0.003700
121.762786,-0.004564,0.001986,0.000000,-0.006333,0.002727,0.000000,0.001059,-0.001261,0.004003,-0.000060,-0.000477,0.004415
121.817193,-0.004564,0.001986,0.000000,-0.005066,0.002181,0.000000,0.001231,-0.001392,0.003581,0.000034,-0.000558,0.003285
121.871600,-0.006491,0.003403,0.000000,-0.006752,0.003729,0.000000,0.001899,-0.002110,0.000348,0.001735,-0.001900,-0.001540
121.926007,-0.006491,0.003403,0.000000,-0.005401,0.002983,0.000000,0.002929,-0.002707,-0.001354,0.002513,-0.002196,-0.003243
121.980413,-0.007548,0.002578,0.000000,-0.005800,0.001231,0.000000,0.001154,-0.001374,-0.000097,0.001030,-0.001276,-0.000490
122.034820,-0.007548,0.002578,0.000000,-0.004640,0.000985,0.000000,0.000198,-0.000233,0.001311,0.000588,-0.000606,0.001476
122.089227,-0.007548,0.002578,0.000000,-0.003712,0.000788,0.000000,0.000353,-0.000798,-0.000325,-0.000639,-0.000536,0.001725
122.143634,-0.002984,0.000592,0.000000,-0.002969,0.000630,0.000000,0.001397,-0.001321,-0.002554,0.000856,-0.000816,-0.000286
122.198041,-0.002984,0.000592,0.000000,-0.002376,0.000504,0.000000,0.002532,-0.001994,-0.004436,0.002356,-0.001771,-0.003110
122.252448,-0.001056,-0.000825,0.000000,-0.001900,0.000403,0.000000,-0.001862,-0.000410,0.001015,-0.002559,-0.000653,0.000975
122.306855,-0.001056,-0.000825,0.000000,-0.001520,0.000323,0.000000,-0.003303,0.000057,0.003408,-0.002940,-0.000546,0.002119
122.361262,0.000000,0.000000,0.000000,-0.001216,0.000258,0.000000,-0.008120,0.001133,0.005519,-0.010076,0.001552,0.006756
122.415669,-0.004061,-0.011562,0.000000,-0.006658,-0.015980,0.000000,0.028495,-0.024008,0.005142,0.042964,-0.033542,0.006744
122.470076,-0.001393,-0.014458,0.000000,-0.001592,-0.016838,0.000000,0.032203,-0.026010,-0.001111,0.038453,-0.029687,-0.002815
122.524483,-0.001393,-0.014458,0.000000,-0.001273,-0.013471,0.000000,0.032799,-0.026857,-0.002717,0.032963,-0.025324,-0.006167
122.578890,-0.001393,-0.014458,0.000000,-0.001019,-0.010777,0.000000,0.031389,-0.025814,0.000156,0.026068,-0.019917,-0.003792
122.633297,-0.001393,-0.014458,0.000000,-0.000815,-0.008621,0.000000,0.035108,-0.026965,-0.003985,0.021617,-0.016781,-0.005368
122.687704,-0.001238,-0.013004,0.000000,-0.000434,-0.004862,0.000000,0.033040,-0.025617,-0.000455,0.013507,-0.011560,0.001987
122.742111,-0.001238,-0.013004,0.000000,-0.000347,-0.003889,0.000000,0.039878,-0.027195,-0.004756,0.012654,-0.009469,0.000628
122.796518,0.002823,-0.001442,0.000000,-0.000278,-0.003112,0.000000,0.004882,-0.002868,-0.007374,0.012154,-0.008301,-0.001824
122.850925,-0.002405,0.002117,0.000000,-0.003807,-0.001560,0.000000,-0.007712,0.003428,-0.002197,-0.003827,-0.000681,-0.002421
122.905332,-0.002405,0.002117,0.000000,-0.003046,-0.001248,0.000000,-0.011642,0.005284,-0.000088,-0.006364,0.000480,-0.002898
122.959739,-0.002405,0.002117,0.000000,-0.002436,-0.000998,0.000000,-0.011508,0.005207,-0.000101,-0.005205,0.000619,-0.001196
123.014146,-0.002405,0.002117,0.000000,-0.001949,-0.000799,0.000000,-0.011358,0.005800,0.001590,-0.003191,0.000477,-0.000924
123.068553,-0.002560,0.000664,0.000000,-0.001559,-0.000639,0.000000,-0.008206,0.004323,-0.003445,-0.001927,0.000179,-0.001507
123.122960,-0.002560,0.000664,0.000000,-0.001247,-0.000511,0.000000,-0.009233,0.004357,-0.003159,-0.001131,-0.000030,-0.001766
123.177367,-0.002560,0.000664,0.000000,-0.000998,-0.000409,0.000000,-0.011278,0.005138,-0.000702,-0.001737,0.000343,-0.000299
123.231774,0.000000,0.000000,0.000000,-0.000798,-0.000327,0.000000,-0.002531,0.001233,0.001183,-0.002695,0.000768,0.001438
123.286181,-0.000101,0.002002,0.000000,-0.000780,0.002541,0.000000,-0.003412,0.002073,0.001893,-0.006690,0.002816,0.001183
123.340588,-0.000994,0.002254,0.000000,-0.001874,0.002386,0.000000,-0.004622,0.003015,0.003638,-0.007161,0.003806,0.004512
123.394995,-0.000994,0.002254,0.000000,-0.001499,0.001909,0.000000,-0.002306,0.001526,0.004813,-0.001513,0.000942,0.005287
123.449402,-0.000913,0.002114,0.000000,-0.001086,0.001331,0.000000,0.003064,-0.001758,0.006559,0.006933,-0.004046,0.005907
123.503808,0.000192,0.001611,0.000000,0.000678,0.000360,0.000000,0.003402,-0.002124,0.004773,0.006431,-0.003924,0.001664
123.558215,0.000192,0.001611,0.000000,0.000542,0.000288,0.000000,0.002490,-0.001712,0.006206,0.003035,-0.002194,0.004451
123.612622,0.000192,0.001611,0.000000,0.000434,0.000230,0.000000,-0.000700,0.000246,0.011478,-0.003344,0.001478,0.012619
123.667029,0.000641,-0.001061,0.000000,0.000834,-0.000753,0.000000,-0.005326,0.001325,0.018878,-0.013684,0.004895,0.020487
123.721436,0.001534,-0.001313,0.000000,0.000667,-0.000602,0.000000,-0.004879,0.000698,0.017221,-0.012131,0.004592,0.017636
123.775843,0.002157,-0.000120,0.000000,0.001407,0.001189,0.000000,-0.006771,0.000897,0.011613,-0.008138,0.001849,0.007935
123.830250,0.003772,-0.002158,0.000000,0.003500,-0.002098,0.000000,-0.009741,0.004351,0.009930,-0.002525,0.001515,0.005669
123.884657,0.005029,-0.001205,0.003600,0.006106,-0.001050,0.005041,-0.010265,0.004789,0.012949,-0.001868,0.001139,0.005701
123.939064,0.005236,-0.001956,0.004234,0.005175,-0.001891,0.004919,-0.004326,0.000871,0.011553,0.004709,-0.003630,0.005726
123.993471,0.006768,-0.001852,0.001545,0.006284,-0.001368,0.000171,0.000746,-0.001508,0.004755,0.005096,-0.003002,0.004121
124.047878,0.006420,-0.001183,0.001545,0.005027,-0.001094,0.000137,0.010430,-0.005313,-0.003153,0.006626,-0.004014,0.002618
124.102285,0.006420,-0.001183,0.001545,0.004022,-0.000875,0.000109,0.013606,-0.005676,-0.004343,0.008563,-0.003044,0.001674
124.156692,0.005796,-0.002376,0.001545,0.003217,-0.000700,0.000087,0.012562,-0.004963,-0.002409,0.006956,-0.003261,-0.002127
124.211099,0.002082,-0.000071,0.001545,-0.000252,-0.000382,0.000070,0.009947,-0.004531,-0.001879,0.005889,-0.001969,-0.001638
124.265506,-0.000453,-0.001015,-0.002056,-0.000444,-0.000999,0.000056,0.009965,-0.004728,-0.003040,0.004889,-0.001923,-0.001770
124.319913,-0.000660,-0.000264,-0.002689,-0.000355,-0.000799,0.000045,0.003483,-0.000487,-0.005428,0.001040,-0.000143,-0.003594
124.374320,-0.002192,-0.000368,0.000000,-0.000284,-0.000639,0.000036,0.004758,-0.001797,-0.005400,0.003946,-0.002046,-0.003296
124.428727,0.000374,-0.003131,0.000000,0.003364,-0.004379,0.000029,0.001653,0.000095,-0.003506,0.001358,-0.000601,-0.000664
124.483134,-0.000145,-0.002253,0.000000,0.001965,-0.002275,0.000023,-0.000404,0.000160,-0.001943,0.001469,-0.000222,0.001236
124.537541,-0.000730,-0.002439,0.000000,0.000753,-0.002080,0.000018,0.000436,0.000861,0.001180,0.002457,-0.000023,0.001895
124.591948,0.001288,-0.002566,0.000000,0.000602,-0.001664,0.000015,-0.002649,0.002264,0.002396,-0.002029,0.002586,0.003283
124.646355,0.001332,-0.000945,-0.000362,0.000300,0.000245,-0.000495,-0.002145,0.002577,0.002607,-0.000740,0.002159,0.002461
124.700762,0.002034,0.000862,0.002377,0.001223,0.002727,0.003438,-0.003806,0.003052,0.005425,-0.005788,0.003788,0.003736
124.755169,0.002340,0.001842,0.004981,0.001407,0.003552,0.006396,-0.009673,0.004232,0.004334,-0.009731,0.002750,0.001041
124.809576,-0.000225,0.004605,0.004981,0.001126,0.002842,0.005117,-0.006957,0.003323,0.001553,-0.005780,0.001963,-0.001088
124.863983,0.000293,0.003727,0.004981,0.000901,0.002274,0.004094,-0.009952,0.004164,0.002045,-0.008435,0.003007,0.001587
124.918390,0.000879,0.003913,0.004981,0.000720,0.001819,0.003275,-0.009120,0.003178,-0.002471,-0.004302,0.001180,-0.004148
124.972797,-0.001761,0.002205,0.004981,-0.003119,-0.000936,0.002620,-0.011618,0.004213,-0.005105,-0.010934,0.004998,-0.005239
125.027203,-0.001631,0.001079,0.005343,-0.002495,-0.000749,0.002096,-0.012006,0.003863,-0.006051,-0.008407,0.003598,-0.005681
125.081610,0.000710,-0.000936,0.002604,0.002265,-0.000890,0.001677,-0.010137,0.003104,-0.005784,-0.009304,0.003877,-0.002404
125.136017,0.004310,-0.002267,0.000000,0.007280,-0.001203,0.001341,-0.012144,0.005343,0.001203,-0.015354,0.005956,0.005911
125.190424,0.005147,-0.003945,0.000000,0.006997,-0.003312,0.001073,-0.013455,0.005354,0.002348,-0.012114,0.004543,0.004412
125.244831,-0.000792,-0.000316,0.003441,-0.002718,0.002431,0.005676,-0.012536,0.004606,0.000652,-0.012216,0.004024,0.003612
125.299238,-0.000792,-0.000316,0.003441,-0.002174,0.001945,0.004541,-0.010544,0.005018,0.003191,-0.004538,0.002569,0.001026
125.353645,0.001847,0.001392,0.003441,-0.001740,0.001556,0.003633,-0.002574,0.000375,0.004621,0.000036,-0.000390,0.000903
